submissionName1,submissionName2,averageSimilarity,maxSimilarity
d55c238c-fef4ae3fa35bdcbf,ebce9e39-fef4ae3fa35bdcbf,1.0,1.0
0b27be88-5b928e25c8d357e8,3f4a5b64-5b928e25c8d357e8,1.0,1.0
21123500-86e5fb06db5850e3,fbd26aa0-86e5fb06db5850e3,1.0,1.0
4fd752f7-38e0f848e91fac40,c7239c97-38e0f848e91fac40,1.0,1.0
b728ba1d-bb217c74a7631a90,d04e5afb-d3c6ce5b2840b6f2,0.9819819819819819,0.9819819819819819
5dbd0a07-b35da36c85a639b9,bdc08e6f-cb9d48cd280e575d,0.9692307692307692,1.0
8f31b279-478f8125d733625c,829d2024-2470d914e91e437d,0.8939393939393939,0.921875
bf0df1d5-765ae9a582fb2fce,d1cd194e-343ae0830706f7c5,0.8156862745098039,0.8455284552845529
bf0df1d5-765ae9a582fb2fce,3b5cec19-6a08a847fd5569c6,0.7854251012145749,0.7886178861788617
752ea9a5-664182e6dc451c38,b2ec0eff-87b065f0615224f0,0.7830985915492957,0.792022792022792
bf0df1d5-765ae9a582fb2fce,f7fc2e94-16502022be18b416,0.7470817120622568,0.7804878048780488
8f31b279-478f8125d733625c,ea899386-fe26667b746e7e48,0.7412587412587412,0.828125
bf0df1d5-765ae9a582fb2fce,dbffab11-9c0b8395baa43dd8,0.7368421052631579,0.7967479674796748
829d2024-2470d914e91e437d,ea899386-fe26667b746e7e48,0.7346938775510204,0.7941176470588235
3b5cec19-6a08a847fd5569c6,31f29772-89be71d55d6dcbf3,0.7246376811594203,0.8064516129032258
bf0df1d5-765ae9a582fb2fce,31f29772-89be71d55d6dcbf3,0.72,0.8048780487804879
bf0df1d5-765ae9a582fb2fce,1c4d348d-bb492560940c46c0,0.712,0.7235772357723578
dbffab11-9c0b8395baa43dd8,8a20e743-2e7f8b0754ce9549,0.7035830618892508,0.7552447552447552
1c4d348d-bb492560940c46c0,d1cd194e-343ae0830706f7c5,0.694980694980695,0.7086614173228346
3b5cec19-6a08a847fd5569c6,8a20e743-2e7f8b0754ce9549,0.6944444444444444,0.8064516129032258
bf0df1d5-765ae9a582fb2fce,e435b1ac-fca299e9e6a34128,0.6872586872586872,0.7235772357723578
3b5cec19-6a08a847fd5569c6,eec856c0-2fab8435cf84d33a,0.6829268292682927,0.7903225806451613
3b5cec19-6a08a847fd5569c6,d1cd194e-343ae0830706f7c5,0.6796875,0.7016129032258065
dbffab11-9c0b8395baa43dd8,31f29772-89be71d55d6dcbf3,0.6779661016949152,0.6993006993006993
3b5cec19-6a08a847fd5569c6,4d279121-ac2c1c95194dc4e6,0.6772908366533864,0.6854838709677419
3b5cec19-6a08a847fd5569c6,f7fc2e94-16502022be18b416,0.6744186046511628,0.7016129032258065
d1cd194e-343ae0830706f7c5,eec856c0-2fab8435cf84d33a,0.6711864406779661,0.75
0922b7e7-912c39dc139062c7,8a5fe3d9-93a3dad8f7666a94,0.6710526315789473,0.7083333333333334
8f31b279-478f8125d733625c,3b5cec19-6a08a847fd5569c6,0.6702127659574468,0.984375
bf0df1d5-765ae9a582fb2fce,8a20e743-2e7f8b0754ce9549,0.6689895470383276,0.7804878048780488
829d2024-2470d914e91e437d,6c4ac8d3-2513a7019d585875,0.6623376623376623,0.75
1c4d348d-bb492560940c46c0,31f29772-89be71d55d6dcbf3,0.6523297491039427,0.7165354330708661
d1cd194e-343ae0830706f7c5,31f29772-89be71d55d6dcbf3,0.647887323943662,0.696969696969697
31f29772-89be71d55d6dcbf3,372a4f50-e0440664433d5262,0.6422018348623854,0.6907894736842105
4d279121-ac2c1c95194dc4e6,e435b1ac-fca299e9e6a34128,0.6387832699619772,0.6614173228346457
829d2024-2470d914e91e437d,b2590225-b54d33b1108a0027,0.6375,0.75
bf0df1d5-765ae9a582fb2fce,856a8eda-a77e24e77755edf2,0.6326530612244898,0.7560975609756098
e435b1ac-fca299e9e6a34128,31f29772-89be71d55d6dcbf3,0.6319444444444444,0.6691176470588235
3b5cec19-6a08a847fd5569c6,1c4d348d-bb492560940c46c0,0.6294820717131474,0.6370967741935484
3b5cec19-6a08a847fd5569c6,dbffab11-9c0b8395baa43dd8,0.6292134831460674,0.6774193548387096
1c4d348d-bb492560940c46c0,f7fc2e94-16502022be18b416,0.6283524904214559,0.6456692913385826
bf0df1d5-765ae9a582fb2fce,25151980-ad6b1bb1894b0a4c,0.6277372262773723,0.6991869918699187
aa8091b0-c399c3876af7cd18,eec856c0-2fab8435cf84d33a,0.6270627062706271,0.6785714285714286
bf0df1d5-765ae9a582fb2fce,4212c4b9-2e685cbe4e6c17ea,0.624561403508772,0.7235772357723578
bf0df1d5-765ae9a582fb2fce,4d279121-ac2c1c95194dc4e6,0.624,0.6341463414634146
3b5cec19-6a08a847fd5569c6,856a8eda-a77e24e77755edf2,0.6237288135593221,0.7419354838709677
e435b1ac-fca299e9e6a34128,dbffab11-9c0b8395baa43dd8,0.6236559139784946,0.6397058823529411
31f29772-89be71d55d6dcbf3,b5fbe7a2-2ed9e0e8ec9709f4,0.6227544910179641,0.6842105263157895
bf0df1d5-765ae9a582fb2fce,eec856c0-2fab8435cf84d33a,0.6223776223776224,0.7235772357723578
31f29772-89be71d55d6dcbf3,eec856c0-2fab8435cf84d33a,0.6222222222222222,0.6447368421052632
31f29772-89be71d55d6dcbf3,8a20e743-2e7f8b0754ce9549,0.620253164556962,0.6447368421052632
8a20e743-2e7f8b0754ce9549,b5fbe7a2-2ed9e0e8ec9709f4,0.6184971098265896,0.6524390243902439
eec856c0-2fab8435cf84d33a,8a20e743-2e7f8b0754ce9549,0.617737003058104,0.6196319018404908
3b5cec19-6a08a847fd5569c6,e435b1ac-fca299e9e6a34128,0.6153846153846154,0.6451612903225806
3b5cec19-6a08a847fd5569c6,372a4f50-e0440664433d5262,0.6153846153846154,0.7419354838709677
1c4d348d-bb492560940c46c0,b5fbe7a2-2ed9e0e8ec9709f4,0.6148867313915858,0.7480314960629921
1c4d348d-bb492560940c46c0,dbffab11-9c0b8395baa43dd8,0.6148148148148148,0.6535433070866141
d1cd194e-343ae0830706f7c5,dbffab11-9c0b8395baa43dd8,0.610909090909091,0.6363636363636364
d1cd194e-343ae0830706f7c5,f7fc2e94-16502022be18b416,0.6090225563909775,0.6136363636363636
8f31b279-478f8125d733625c,cd835290-aa04028f29b0b202,0.6037735849056604,0.75
f7fc2e94-16502022be18b416,e435b1ac-fca299e9e6a34128,0.6,0.6044776119402985
3b5cec19-6a08a847fd5569c6,120878da-5686924b01bc5a87,0.5993690851735016,0.7661290322580645
1c4d348d-bb492560940c46c0,8a20e743-2e7f8b0754ce9549,0.5979381443298969,0.6850393700787402
bf0df1d5-765ae9a582fb2fce,24044589-bf970508f7e3f864,0.5977011494252874,0.6341463414634146
bf0df1d5-765ae9a582fb2fce,372a4f50-e0440664433d5262,0.5973154362416108,0.7235772357723578
dbffab11-9c0b8395baa43dd8,eec856c0-2fab8435cf84d33a,0.5947712418300654,0.6363636363636364
4a570de6-7871367c054bc319,4212c4b9-2e685cbe4e6c17ea,0.5894039735099338,0.6357142857142857
dbffab11-9c0b8395baa43dd8,120878da-5686924b01bc5a87,0.5892857142857143,0.6923076923076923
f7fc2e94-16502022be18b416,372a4f50-e0440664433d5262,0.5889967637540453,0.6791044776119403
829d2024-2470d914e91e437d,cd835290-aa04028f29b0b202,0.588957055214724,0.7058823529411765
3b5cec19-6a08a847fd5569c6,b5fbe7a2-2ed9e0e8ec9709f4,0.5882352941176471,0.7258064516129032
f7fc2e94-16502022be18b416,31f29772-89be71d55d6dcbf3,0.5874125874125874,0.6268656716417911
bf0df1d5-765ae9a582fb2fce,120878da-5686924b01bc5a87,0.5822784810126582,0.7479674796747967
372a4f50-e0440664433d5262,120878da-5686924b01bc5a87,0.5815217391304348,0.6114285714285714
b5fbe7a2-2ed9e0e8ec9709f4,120878da-5686924b01bc5a87,0.5813333333333334,0.5989010989010989
4d279121-ac2c1c95194dc4e6,4212c4b9-2e685cbe4e6c17ea,0.5813148788927336,0.6614173228346457
d1cd194e-343ae0830706f7c5,372a4f50-e0440664433d5262,0.5798045602605864,0.6742424242424242
d1cd194e-343ae0830706f7c5,b5fbe7a2-2ed9e0e8ec9709f4,0.5796178343949044,0.6893939393939394
bf0df1d5-765ae9a582fb2fce,b5fbe7a2-2ed9e0e8ec9709f4,0.5770491803278689,0.7154471544715447
ea899386-fe26667b746e7e48,cd835290-aa04028f29b0b202,0.5747126436781609,0.6329113924050633
3b5cec19-6a08a847fd5569c6,25151980-ad6b1bb1894b0a4c,0.5745454545454546,0.6370967741935484
4d279121-ac2c1c95194dc4e6,31f29772-89be71d55d6dcbf3,0.5734767025089605,0.6299212598425197
8a20e743-2e7f8b0754ce9549,856a8eda-a77e24e77755edf2,0.573134328358209,0.5853658536585366
31f29772-89be71d55d6dcbf3,120878da-5686924b01bc5a87,0.5681159420289855,0.6447368421052632
9756f13a-bfd818b52b35503a,e8006510-a942e7de2ea0bfe0,0.5674418604651162,0.5754716981132075
d1cd194e-343ae0830706f7c5,120878da-5686924b01bc5a87,0.5661538461538461,0.696969696969697
1c4d348d-bb492560940c46c0,eec856c0-2fab8435cf84d33a,0.5655172413793104,0.6456692913385826
f7fc2e94-16502022be18b416,dbffab11-9c0b8395baa43dd8,0.5631768953068592,0.582089552238806
829d2024-2470d914e91e437d,3b5cec19-6a08a847fd5569c6,0.5625,0.7941176470588235
1c4d348d-bb492560940c46c0,120878da-5686924b01bc5a87,0.5625,0.7086614173228346
dbffab11-9c0b8395baa43dd8,372a4f50-e0440664433d5262,0.559748427672956,0.6223776223776224
d1cd194e-343ae0830706f7c5,e435b1ac-fca299e9e6a34128,0.5597014925373134,0.5681818181818182
e435b1ac-fca299e9e6a34128,372a4f50-e0440664433d5262,0.5594855305466238,0.6397058823529411
3b5cec19-6a08a847fd5569c6,4212c4b9-2e685cbe4e6c17ea,0.5594405594405595,0.6451612903225806
25151980-ad6b1bb1894b0a4c,856a8eda-a77e24e77755edf2,0.5590062111801242,0.5960264900662252
24044589-bf970508f7e3f864,31f29772-89be71d55d6dcbf3,0.5586206896551724,0.5869565217391305
4d279121-ac2c1c95194dc4e6,dbffab11-9c0b8395baa43dd8,0.5555555555555556,0.5905511811023622
ea899386-fe26667b746e7e48,8a5fe3d9-93a3dad8f7666a94,0.5534591194968553,0.5569620253164557
829d2024-2470d914e91e437d,fbd26aa0-86e5fb06db5850e3,0.5517241379310345,0.5882352941176471
829d2024-2470d914e91e437d,21123500-86e5fb06db5850e3,0.5517241379310345,0.5882352941176471
f7fc2e94-16502022be18b416,8a20e743-2e7f8b0754ce9549,0.5503355704697986,0.6119402985074627
b5fbe7a2-2ed9e0e8ec9709f4,fdcbdf85-577a34379de3a440,0.55,0.6648351648351648
ea899386-fe26667b746e7e48,b1e9f1f6-f1eeb72dfe429ca1,0.55,0.6962025316455697
bf0df1d5-765ae9a582fb2fce,4a570de6-7871367c054bc319,0.5475285171102662,0.5853658536585366
eec856c0-2fab8435cf84d33a,120878da-5686924b01bc5a87,0.5449438202247191,0.5950920245398773
4d279121-ac2c1c95194dc4e6,eec856c0-2fab8435cf84d33a,0.5448275862068965,0.6220472440944882
bf0df1d5-765ae9a582fb2fce,2ff0355e-fae9eee14eaf4605,0.5426356589147286,0.5691056910569106
dbffab11-9c0b8395baa43dd8,856a8eda-a77e24e77755edf2,0.5414012738853503,0.5944055944055944
4a570de6-7871367c054bc319,31f29772-89be71d55d6dcbf3,0.541095890410959,0.5642857142857143
d1cd194e-343ae0830706f7c5,8a20e743-2e7f8b0754ce9549,0.5405405405405406,0.6060606060606061
31f29772-89be71d55d6dcbf3,ac180326-05c887f789f96c6c,0.5396039603960396,0.7171052631578947
4d279121-ac2c1c95194dc4e6,4fd752f7-38e0f848e91fac40,0.5377049180327869,0.6456692913385826
4d279121-ac2c1c95194dc4e6,c7239c97-38e0f848e91fac40,0.5377049180327869,0.6456692913385826
fbd26aa0-86e5fb06db5850e3,86232d21-8a914e0d06f2da9c,0.5376344086021505,0.6493506493506493
21123500-86e5fb06db5850e3,86232d21-8a914e0d06f2da9c,0.5376344086021505,0.6493506493506493
dbffab11-9c0b8395baa43dd8,25151980-ad6b1bb1894b0a4c,0.5374149659863946,0.5524475524475524
1071f735-4d5dba82eb4d30f0,792863db-9ff342754a4ffa38,0.5365853658536586,0.5574324324324325
8a20e743-2e7f8b0754ce9549,fdcbdf85-577a34379de3a440,0.5355450236966824,0.6890243902439024
dbffab11-9c0b8395baa43dd8,b5fbe7a2-2ed9e0e8ec9709f4,0.5353846153846153,0.6083916083916084
e435b1ac-fca299e9e6a34128,120878da-5686924b01bc5a87,0.5349544072948328,0.6470588235294118
086f0f90-7f486c2e200f89e3,aa266c38-da7978e5218b69bb,0.5342019543973942,0.7214076246334311
eec856c0-2fab8435cf84d33a,372a4f50-e0440664433d5262,0.5325443786982249,0.5521472392638037
f7fc2e94-16502022be18b416,856a8eda-a77e24e77755edf2,0.5311475409836065,0.6044776119402985
0922b7e7-912c39dc139062c7,ea899386-fe26667b746e7e48,0.5298013245033113,0.5555555555555556
4d279121-ac2c1c95194dc4e6,8a20e743-2e7f8b0754ce9549,0.5292096219931272,0.6062992125984252
31f29772-89be71d55d6dcbf3,4212c4b9-2e685cbe4e6c17ea,0.5286624203821656,0.5460526315789473
9756f13a-bfd818b52b35503a,b1e9f1f6-f1eeb72dfe429ca1,0.5286343612334802,0.5660377358490566
e435b1ac-fca299e9e6a34128,eec856c0-2fab8435cf84d33a,0.5284280936454849,0.5808823529411765
0922b7e7-912c39dc139062c7,9756f13a-bfd818b52b35503a,0.5280898876404494,0.6527777777777778
bf0df1d5-765ae9a582fb2fce,18e2441c-875179714224f591,0.528,0.5365853658536586
bf0df1d5-765ae9a582fb2fce,ac180326-05c887f789f96c6c,0.528,0.8048780487804879
eec856c0-2fab8435cf84d33a,4fd752f7-38e0f848e91fac40,0.5278592375366569,0.5521472392638037
eec856c0-2fab8435cf84d33a,c7239c97-38e0f848e91fac40,0.5278592375366569,0.5521472392638037
b5fbe7a2-2ed9e0e8ec9709f4,1071f735-4d5dba82eb4d30f0,0.5271966527196653,0.6923076923076923
eec856c0-2fab8435cf84d33a,856a8eda-a77e24e77755edf2,0.5269461077844312,0.5398773006134969
8a20e743-2e7f8b0754ce9549,120878da-5686924b01bc5a87,0.5266106442577031,0.573170731707317
24b20554-a5b1e55952e1ee2b,18e2441c-875179714224f591,0.5263157894736842,0.7936507936507936
8f31b279-478f8125d733625c,fbd26aa0-86e5fb06db5850e3,0.524822695035461,0.578125
8f31b279-478f8125d733625c,21123500-86e5fb06db5850e3,0.524822695035461,0.578125
18e2441c-875179714224f591,e435b1ac-fca299e9e6a34128,0.5247148288973384,0.5433070866141733
372a4f50-e0440664433d5262,ac180326-05c887f789f96c6c,0.5245901639344263,0.64
120878da-5686924b01bc5a87,1071f735-4d5dba82eb4d30f0,0.523517382413088,0.6632124352331606
2ff0355e-fae9eee14eaf4605,31f29772-89be71d55d6dcbf3,0.5226480836236934,0.5555555555555556
24b20554-a5b1e55952e1ee2b,d2f74dfc-a6bc8b6e3b8a5c14,0.5211267605633803,0.5873015873015873
8a20e743-2e7f8b0754ce9549,4fd752f7-38e0f848e91fac40,0.52046783625731,0.5426829268292683
8a20e743-2e7f8b0754ce9549,c7239c97-38e0f848e91fac40,0.52046783625731,0.5426829268292683
bf0df1d5-765ae9a582fb2fce,0017d438-22fe225779931ed1,0.5187713310580204,0.6178861788617886
4d279121-ac2c1c95194dc4e6,120878da-5686924b01bc5a87,0.51875,0.6535433070866141
d1cd194e-343ae0830706f7c5,24044589-bf970508f7e3f864,0.5185185185185185,0.5303030303030303
8a20e743-2e7f8b0754ce9549,1071f735-4d5dba82eb4d30f0,0.5173913043478261,0.725609756097561
4d279121-ac2c1c95194dc4e6,d1cd194e-343ae0830706f7c5,0.5173745173745173,0.5275590551181102
e435b1ac-fca299e9e6a34128,b5fbe7a2-2ed9e0e8ec9709f4,0.5157232704402516,0.6029411764705882
3b5cec19-6a08a847fd5569c6,4a570de6-7871367c054bc319,0.5151515151515151,0.5483870967741935
8f31b279-478f8125d733625c,8a5fe3d9-93a3dad8f7666a94,0.5138888888888888,0.578125
4d279121-ac2c1c95194dc4e6,f7fc2e94-16502022be18b416,0.5134099616858238,0.5275590551181102
e435b1ac-fca299e9e6a34128,8a20e743-2e7f8b0754ce9549,0.5133333333333333,0.5661764705882353
1c4d348d-bb492560940c46c0,4d279121-ac2c1c95194dc4e6,0.5118110236220472,0.5118110236220472
3b5cec19-6a08a847fd5569c6,ac180326-05c887f789f96c6c,0.5106382978723404,0.7741935483870968
120878da-5686924b01bc5a87,fdcbdf85-577a34379de3a440,0.5099778270509978,0.5958549222797928
d1cd194e-343ae0830706f7c5,25151980-ad6b1bb1894b0a4c,0.508833922261484,0.5454545454545454
25151980-ad6b1bb1894b0a4c,31f29772-89be71d55d6dcbf3,0.5082508250825083,0.5099337748344371
8a20e743-2e7f8b0754ce9549,a3e272af-ee39311122c6be70,0.5065963060686016,0.5853658536585366
4212c4b9-2e685cbe4e6c17ea,0017d438-22fe225779931ed1,0.5060240963855421,0.5185185185185185
f7fc2e94-16502022be18b416,2ff0355e-fae9eee14eaf4605,0.5055762081784386,0.5074626865671642
f7fc2e94-16502022be18b416,eec856c0-2fab8435cf84d33a,0.5050505050505051,0.5597014925373134
2ff0355e-fae9eee14eaf4605,dbffab11-9c0b8395baa43dd8,0.5035971223021583,0.5185185185185185
1c4d348d-bb492560940c46c0,372a4f50-e0440664433d5262,0.5033112582781457,0.5984251968503937
829d2024-2470d914e91e437d,4d279121-ac2c1c95194dc4e6,0.5025641025641026,0.7205882352941176
4212c4b9-2e685cbe4e6c17ea,1071f735-4d5dba82eb4d30f0,0.5021834061135371,0.7098765432098766
18e2441c-875179714224f591,31f29772-89be71d55d6dcbf3,0.5017921146953405,0.5511811023622047
f7fc2e94-16502022be18b416,120878da-5686924b01bc5a87,0.5015290519877675,0.6119402985074627
8f31b279-478f8125d733625c,b2590225-b54d33b1108a0027,0.5,0.609375
ac180326-05c887f789f96c6c,1071f735-4d5dba82eb4d30f0,0.5,0.5436507936507936
829d2024-2470d914e91e437d,8a5fe3d9-93a3dad8f7666a94,0.5,0.5441176470588235
4212c4b9-2e685cbe4e6c17ea,a3e272af-ee39311122c6be70,0.4986737400530504,0.5802469135802469
31f29772-89be71d55d6dcbf3,fdcbdf85-577a34379de3a440,0.4975609756097561,0.6710526315789473
8a5fe3d9-93a3dad8f7666a94,bd7281dc-585de5acf99e052f,0.4975124378109453,0.625
4212c4b9-2e685cbe4e6c17ea,8a20e743-2e7f8b0754ce9549,0.49693251533742333,0.5
1c4d348d-bb492560940c46c0,1071f735-4d5dba82eb4d30f0,0.49645390070921985,0.8267716535433071
fdcbdf85-577a34379de3a440,792863db-9ff342754a4ffa38,0.49566724436741766,0.5542635658914729
cd835290-aa04028f29b0b202,4d279121-ac2c1c95194dc4e6,0.4954954954954955,0.5789473684210527
ea899386-fe26667b746e7e48,bf0df1d5-765ae9a582fb2fce,0.49504950495049505,0.6329113924050633
2ff0355e-fae9eee14eaf4605,e435b1ac-fca299e9e6a34128,0.4944649446494465,0.4962962962962963
4d279121-ac2c1c95194dc4e6,4a570de6-7871367c054bc319,0.4943820224719101,0.5196850393700787
eec856c0-2fab8435cf84d33a,fdcbdf85-577a34379de3a440,0.49406175771971494,0.6380368098159509
1071f735-4d5dba82eb4d30f0,086f0f90-7f486c2e200f89e3,0.49293563579277866,0.5304054054054054
4212c4b9-2e685cbe4e6c17ea,5dbd0a07-b35da36c85a639b9,0.4927536231884058,0.6296296296296297
d1cd194e-343ae0830706f7c5,4a570de6-7871367c054bc319,0.49264705882352944,0.5075757575757576
856a8eda-a77e24e77755edf2,1071f735-4d5dba82eb4d30f0,0.4925053533190578,0.672514619883041
25151980-ad6b1bb1894b0a4c,4fd752f7-38e0f848e91fac40,0.49240121580547114,0.5364238410596026
25151980-ad6b1bb1894b0a4c,c7239c97-38e0f848e91fac40,0.49240121580547114,0.5364238410596026
aa266c38-da7978e5218b69bb,307ef2cb-75a3ea19e1df4d14,0.49225753871230643,0.5206896551724138
829d2024-2470d914e91e437d,bf0df1d5-765ae9a582fb2fce,0.49214659685863876,0.6911764705882353
dbffab11-9c0b8395baa43dd8,0017d438-22fe225779931ed1,0.49201277955271566,0.5384615384615384
8f31b279-478f8125d733625c,bf0df1d5-765ae9a582fb2fce,0.4919786096256685,0.71875
25151980-ad6b1bb1894b0a4c,a3e272af-ee39311122c6be70,0.4918032786885246,0.5960264900662252
fbd26aa0-86e5fb06db5850e3,2ff0355e-fae9eee14eaf4605,0.49056603773584906,0.6753246753246753
21123500-86e5fb06db5850e3,2ff0355e-fae9eee14eaf4605,0.49056603773584906,0.6753246753246753
1c4d348d-bb492560940c46c0,856a8eda-a77e24e77755edf2,0.4899328859060403,0.5748031496062992
3b5cec19-6a08a847fd5569c6,24044589-bf970508f7e3f864,0.48854961832061067,0.5161290322580645
086f0f90-7f486c2e200f89e3,9852706b-2f9b84e3a3814827,0.48825065274151436,0.5483870967741935
f7fc2e94-16502022be18b416,b5fbe7a2-2ed9e0e8ec9709f4,0.4873417721518987,0.5746268656716418
ac180326-05c887f789f96c6c,792863db-9ff342754a4ffa38,0.4868651488616462,0.5515873015873016
1c4d348d-bb492560940c46c0,e435b1ac-fca299e9e6a34128,0.4866920152091255,0.5039370078740157
dbffab11-9c0b8395baa43dd8,4fd752f7-38e0f848e91fac40,0.48598130841121495,0.5454545454545454
dbffab11-9c0b8395baa43dd8,c7239c97-38e0f848e91fac40,0.48598130841121495,0.5454545454545454
ea899386-fe26667b746e7e48,2ff0355e-fae9eee14eaf4605,0.48598130841121495,0.6582278481012658
4d279121-ac2c1c95194dc4e6,a3e272af-ee39311122c6be70,0.4853801169590643,0.6535433070866141
24044589-bf970508f7e3f864,eec856c0-2fab8435cf84d33a,0.4850498338870432,0.5289855072463768
24044589-bf970508f7e3f864,dbffab11-9c0b8395baa43dd8,0.48398576512455516,0.4927536231884058
eec856c0-2fab8435cf84d33a,1071f735-4d5dba82eb4d30f0,0.48366013071895425,0.6809815950920245
1c4d348d-bb492560940c46c0,24044589-bf970508f7e3f864,0.4830188679245283,0.5039370078740157
86232d21-8a914e0d06f2da9c,bf0df1d5-765ae9a582fb2fce,0.4827586206896552,0.5137614678899083
31f29772-89be71d55d6dcbf3,1071f735-4d5dba82eb4d30f0,0.48214285714285715,0.7105263157894737
372a4f50-e0440664433d5262,b5fbe7a2-2ed9e0e8ec9709f4,0.48179271708683474,0.49142857142857144
e435b1ac-fca299e9e6a34128,24044589-bf970508f7e3f864,0.48175182481751827,0.4852941176470588
0017d438-22fe225779931ed1,086f0f90-7f486c2e200f89e3,0.48140900195694714,0.7235294117647059
eec856c0-2fab8435cf84d33a,b5fbe7a2-2ed9e0e8ec9709f4,0.4811594202898551,0.50920245398773
3b5cec19-6a08a847fd5569c6,1071f735-4d5dba82eb4d30f0,0.48095238095238096,0.8145161290322581
8f31b279-478f8125d733625c,4a570de6-7871367c054bc319,0.4803921568627451,0.765625
8f31b279-478f8125d733625c,6c4ac8d3-2513a7019d585875,0.48,0.5625
43b10dec-84b11a95ab43485a,307ef2cb-75a3ea19e1df4d14,0.4795539033457249,0.6013986013986014
b5fbe7a2-2ed9e0e8ec9709f4,ac180326-05c887f789f96c6c,0.4792626728110599,0.5714285714285714
24044589-bf970508f7e3f864,372a4f50-e0440664433d5262,0.4792332268370607,0.5434782608695652
4212c4b9-2e685cbe4e6c17ea,bdc08e6f-cb9d48cd280e575d,0.4790697674418605,0.6358024691358025
3b5cec19-6a08a847fd5569c6,2ff0355e-fae9eee14eaf4605,0.47876447876447875,0.5
25151980-ad6b1bb1894b0a4c,372a4f50-e0440664433d5262,0.4785276073619632,0.5165562913907285
4fd752f7-38e0f848e91fac40,a3e272af-ee39311122c6be70,0.47837150127226463,0.5280898876404494
c7239c97-38e0f848e91fac40,a3e272af-ee39311122c6be70,0.47837150127226463,0.5280898876404494
31f29772-89be71d55d6dcbf3,0017d438-22fe225779931ed1,0.4782608695652174,0.506578947368421
3b5cec19-6a08a847fd5569c6,18e2441c-875179714224f591,0.47808764940239046,0.4838709677419355
ea899386-fe26667b746e7e48,dbffab11-9c0b8395baa43dd8,0.4774774774774775,0.6708860759493671
d1cd194e-343ae0830706f7c5,4fd752f7-38e0f848e91fac40,0.4774193548387097,0.5606060606060606
d1cd194e-343ae0830706f7c5,c7239c97-38e0f848e91fac40,0.4774193548387097,0.5606060606060606
24044589-bf970508f7e3f864,8a20e743-2e7f8b0754ce9549,0.4768211920529801,0.5217391304347826
fbd26aa0-86e5fb06db5850e3,cd835290-aa04028f29b0b202,0.47674418604651164,0.5324675324675324
21123500-86e5fb06db5850e3,cd835290-aa04028f29b0b202,0.47674418604651164,0.5324675324675324
0922b7e7-912c39dc139062c7,bd7281dc-585de5acf99e052f,0.47668393782383417,0.6388888888888888
856a8eda-a77e24e77755edf2,b5fbe7a2-2ed9e0e8ec9709f4,0.47592067988668557,0.49122807017543857
ea899386-fe26667b746e7e48,9756f13a-bfd818b52b35503a,0.4756756756756757,0.5569620253164557
a3e272af-ee39311122c6be70,086f0f90-7f486c2e200f89e3,0.4748201438848921,0.6139534883720931
a3e272af-ee39311122c6be70,d55c238c-fef4ae3fa35bdcbf,0.47478991596638653,0.5255813953488372
a3e272af-ee39311122c6be70,ebce9e39-fef4ae3fa35bdcbf,0.47478991596638653,0.5255813953488372
f7fc2e94-16502022be18b416,4a570de6-7871367c054bc319,0.4744525547445255,0.48507462686567165
ea899386-fe26667b746e7e48,e435b1ac-fca299e9e6a34128,0.4744186046511628,0.6455696202531646
fbd26aa0-86e5fb06db5850e3,ea899386-fe26667b746e7e48,0.47435897435897434,0.4805194805194805
21123500-86e5fb06db5850e3,ea899386-fe26667b746e7e48,0.47435897435897434,0.4805194805194805
e435b1ac-fca299e9e6a34128,25151980-ad6b1bb1894b0a4c,0.4738675958188153,0.5
dbffab11-9c0b8395baa43dd8,fdcbdf85-577a34379de3a440,0.47381546134663344,0.6643356643356644
4a570de6-7871367c054bc319,dbffab11-9c0b8395baa43dd8,0.4734982332155477,0.4785714285714286
ea899386-fe26667b746e7e48,3b5cec19-6a08a847fd5569c6,0.4729064039408867,0.6075949367088608
3b5cec19-6a08a847fd5569c6,fdcbdf85-577a34379de3a440,0.4712041884816754,0.7258064516129032
31f29772-89be71d55d6dcbf3,856a8eda-a77e24e77755edf2,0.47058823529411764,0.5
b5fbe7a2-2ed9e0e8ec9709f4,086f0f90-7f486c2e200f89e3,0.47036328871892924,0.6758241758241759
bdc08e6f-cb9d48cd280e575d,086f0f90-7f486c2e200f89e3,0.4696223316912972,0.5335820895522388
3b5cec19-6a08a847fd5569c6,0017d438-22fe225779931ed1,0.46938775510204084,0.5564516129032258
dbffab11-9c0b8395baa43dd8,a3e272af-ee39311122c6be70,0.4692737430167598,0.5874125874125874
4fd752f7-38e0f848e91fac40,120878da-5686924b01bc5a87,0.46900269541778977,0.4887640449438202
c7239c97-38e0f848e91fac40,120878da-5686924b01bc5a87,0.46900269541778977,0.4887640449438202
ea899386-fe26667b746e7e48,565f77b7-23b45b780b50095a,0.4685714285714286,0.5189873417721519
4212c4b9-2e685cbe4e6c17ea,856a8eda-a77e24e77755edf2,0.46846846846846846,0.48148148148148145
d55c238c-fef4ae3fa35bdcbf,086f0f90-7f486c2e200f89e3,0.4684385382059801,0.5402298850574713
ebce9e39-fef4ae3fa35bdcbf,086f0f90-7f486c2e200f89e3,0.4684385382059801,0.5402298850574713
086f0f90-7f486c2e200f89e3,752ea9a5-664182e6dc451c38,0.4682080924855491,0.4750733137829912
18e2441c-875179714224f591,24044589-bf970508f7e3f864,0.4679245283018868,0.4881889763779528
43b10dec-84b11a95ab43485a,aa266c38-da7978e5218b69bb,0.46778989098116946,0.5501165501165501
bf0df1d5-765ae9a582fb2fce,1071f735-4d5dba82eb4d30f0,0.4677804295942721,0.7967479674796748
4212c4b9-2e685cbe4e6c17ea,eec856c0-2fab8435cf84d33a,0.4676923076923077,0.4691358024691358
cd835290-aa04028f29b0b202,9756f13a-bfd818b52b35503a,0.46766169154228854,0.49473684210526314
086f0f90-7f486c2e200f89e3,43b10dec-84b11a95ab43485a,0.4675324675324675,0.5278592375366569
565f77b7-23b45b780b50095a,2ff0355e-fae9eee14eaf4605,0.4675324675324675,0.5625
792863db-9ff342754a4ffa38,aa266c38-da7978e5218b69bb,0.4671857619577308,0.658307210031348
18e2441c-875179714224f591,dbffab11-9c0b8395baa43dd8,0.4666666666666667,0.49606299212598426
792863db-9ff342754a4ffa38,086f0f90-7f486c2e200f89e3,0.4666666666666667,0.4827586206896552
4d279121-ac2c1c95194dc4e6,b5fbe7a2-2ed9e0e8ec9709f4,0.46601941747572817,0.5669291338582677
dbffab11-9c0b8395baa43dd8,4212c4b9-2e685cbe4e6c17ea,0.46557377049180326,0.4965034965034965
829d2024-2470d914e91e437d,8a20e743-2e7f8b0754ce9549,0.46551724137931033,0.7941176470588235
4212c4b9-2e685cbe4e6c17ea,b5fbe7a2-2ed9e0e8ec9709f4,0.46511627906976744,0.49382716049382713
e435b1ac-fca299e9e6a34128,4fd752f7-38e0f848e91fac40,0.46496815286624205,0.5367647058823529
25151980-ad6b1bb1894b0a4c,eec856c0-2fab8435cf84d33a,0.46496815286624205,0.48344370860927155
e435b1ac-fca299e9e6a34128,c7239c97-38e0f848e91fac40,0.46496815286624205,0.5367647058823529
18e2441c-875179714224f591,4d279121-ac2c1c95194dc4e6,0.4645669291338583,0.4645669291338583
d1cd194e-343ae0830706f7c5,2ff0355e-fae9eee14eaf4605,0.46441947565543074,0.4696969696969697
fdcbdf85-577a34379de3a440,086f0f90-7f486c2e200f89e3,0.46410684474123537,0.5387596899224806
24044589-bf970508f7e3f864,25151980-ad6b1bb1894b0a4c,0.46366782006920415,0.4855072463768116
f7fc2e94-16502022be18b416,24044589-bf970508f7e3f864,0.4632352941176471,0.4701492537313433
3b5cec19-6a08a847fd5569c6,5dbd0a07-b35da36c85a639b9,0.4627659574468085,0.7016129032258065
fdcbdf85-577a34379de3a440,1071f735-4d5dba82eb4d30f0,0.4620938628158845,0.49612403100775193
bf0df1d5-765ae9a582fb2fce,fdcbdf85-577a34379de3a440,0.46194225721784776,0.7154471544715447
829d2024-2470d914e91e437d,4a570de6-7871367c054bc319,0.46153846153846156,0.7058823529411765
fbd26aa0-86e5fb06db5850e3,4a570de6-7871367c054bc319,0.4608294930875576,0.6493506493506493
d2f74dfc-a6bc8b6e3b8a5c14,24044589-bf970508f7e3f864,0.4608294930875576,0.6329113924050633
21123500-86e5fb06db5850e3,4a570de6-7871367c054bc319,0.4608294930875576,0.6493506493506493
8a20e743-2e7f8b0754ce9549,372a4f50-e0440664433d5262,0.46017699115044247,0.47560975609756095
31f29772-89be71d55d6dcbf3,d55c238c-fef4ae3fa35bdcbf,0.4600484261501211,0.625
31f29772-89be71d55d6dcbf3,ebce9e39-fef4ae3fa35bdcbf,0.4600484261501211,0.625
fbd26aa0-86e5fb06db5850e3,bf0df1d5-765ae9a582fb2fce,0.46,0.5974025974025974
21123500-86e5fb06db5850e3,bf0df1d5-765ae9a582fb2fce,0.46,0.5974025974025974
8f31b279-478f8125d733625c,9756f13a-bfd818b52b35503a,0.4588235294117647,0.609375
cd835290-aa04028f29b0b202,bf0df1d5-765ae9a582fb2fce,0.45871559633027525,0.5263157894736842
2ff0355e-fae9eee14eaf4605,4212c4b9-2e685cbe4e6c17ea,0.45791245791245794,0.5037037037037037
fbd26aa0-86e5fb06db5850e3,3b5cec19-6a08a847fd5569c6,0.4577114427860697,0.5974025974025974
21123500-86e5fb06db5850e3,3b5cec19-6a08a847fd5569c6,0.4577114427860697,0.5974025974025974
0017d438-22fe225779931ed1,a3e272af-ee39311122c6be70,0.45714285714285713,0.5176470588235295
25151980-ad6b1bb1894b0a4c,8a20e743-2e7f8b0754ce9549,0.45714285714285713,0.4768211920529801
3b5cec19-6a08a847fd5569c6,4fd752f7-38e0f848e91fac40,0.45695364238410596,0.5564516129032258
3b5cec19-6a08a847fd5569c6,c7239c97-38e0f848e91fac40,0.45695364238410596,0.5564516129032258
a3e272af-ee39311122c6be70,fdcbdf85-577a34379de3a440,0.45665961945031713,0.5023255813953489
25151980-ad6b1bb1894b0a4c,b5fbe7a2-2ed9e0e8ec9709f4,0.45645645645645644,0.5033112582781457
9756f13a-bfd818b52b35503a,2ff0355e-fae9eee14eaf4605,0.45643153526970953,0.5188679245283019
8f31b279-478f8125d733625c,b1e9f1f6-f1eeb72dfe429ca1,0.4540540540540541,0.65625
4212c4b9-2e685cbe4e6c17ea,d55c238c-fef4ae3fa35bdcbf,0.45390070921985815,0.5925925925925926
4212c4b9-2e685cbe4e6c17ea,ebce9e39-fef4ae3fa35bdcbf,0.45390070921985815,0.5925925925925926
4d279121-ac2c1c95194dc4e6,24044589-bf970508f7e3f864,0.4528301886792453,0.47244094488188976
e8006510-a942e7de2ea0bfe0,bd7281dc-585de5acf99e052f,0.45217391304347826,0.47706422018348627
8a20e743-2e7f8b0754ce9549,5dbd0a07-b35da36c85a639b9,0.4519230769230769,0.573170731707317
bf0df1d5-765ae9a582fb2fce,4fd752f7-38e0f848e91fac40,0.45182724252491696,0.5528455284552846
bf0df1d5-765ae9a582fb2fce,c7239c97-38e0f848e91fac40,0.45182724252491696,0.5528455284552846
dbffab11-9c0b8395baa43dd8,1071f735-4d5dba82eb4d30f0,0.4510250569476082,0.6923076923076923
cd835290-aa04028f29b0b202,86232d21-8a914e0d06f2da9c,0.45098039215686275,0.4842105263157895
86232d21-8a914e0d06f2da9c,2ff0355e-fae9eee14eaf4605,0.45081967213114754,0.5045871559633027
8f31b279-478f8125d733625c,4d279121-ac2c1c95194dc4e6,0.450261780104712,0.671875
4a570de6-7871367c054bc319,856a8eda-a77e24e77755edf2,0.45016077170418006,0.5
e435b1ac-fca299e9e6a34128,a3e272af-ee39311122c6be70,0.45014245014245013,0.5808823529411765
24044589-bf970508f7e3f864,b5fbe7a2-2ed9e0e8ec9709f4,0.45,0.5217391304347826
bf0df1d5-765ae9a582fb2fce,a3e272af-ee39311122c6be70,0.44970414201183434,0.6178861788617886
4d279121-ac2c1c95194dc4e6,856a8eda-a77e24e77755edf2,0.44966442953020136,0.5275590551181102
e435b1ac-fca299e9e6a34128,4212c4b9-2e685cbe4e6c17ea,0.44966442953020136,0.49264705882352944
9756f13a-bfd818b52b35503a,bd7281dc-585de5acf99e052f,0.44933920704845814,0.4811320754716981
d1cd194e-343ae0830706f7c5,4212c4b9-2e685cbe4e6c17ea,0.4489795918367347,0.5
d1cd194e-343ae0830706f7c5,856a8eda-a77e24e77755edf2,0.44884488448844884,0.5151515151515151
829d2024-2470d914e91e437d,9756f13a-bfd818b52b35503a,0.4482758620689655,0.5735294117647058
4a570de6-7871367c054bc319,8a20e743-2e7f8b0754ce9549,0.4473684210526316,0.4857142857142857
b1e9f1f6-f1eeb72dfe429ca1,bd7281dc-585de5acf99e052f,0.4462809917355372,0.4462809917355372
fdcbdf85-577a34379de3a440,43b10dec-84b11a95ab43485a,0.44541484716157204,0.5930232558139535
cd835290-aa04028f29b0b202,dbffab11-9c0b8395baa43dd8,0.44537815126050423,0.5578947368421052
2ff0355e-fae9eee14eaf4605,120878da-5686924b01bc5a87,0.4451219512195122,0.5407407407407407
e435b1ac-fca299e9e6a34128,0017d438-22fe225779931ed1,0.4444444444444444,0.5
829d2024-2470d914e91e437d,b1e9f1f6-f1eeb72dfe429ca1,0.4444444444444444,0.6176470588235294
3b5cec19-6a08a847fd5569c6,bdc08e6f-cb9d48cd280e575d,0.44387755102040816,0.7016129032258065
31f29772-89be71d55d6dcbf3,d04e5afb-d3c6ce5b2840b6f2,0.44385026737967914,0.5460526315789473
31f29772-89be71d55d6dcbf3,b728ba1d-bb217c74a7631a90,0.44385026737967914,0.5460526315789473
4d279121-ac2c1c95194dc4e6,372a4f50-e0440664433d5262,0.44370860927152317,0.5275590551181102
fbd26aa0-86e5fb06db5850e3,4212c4b9-2e685cbe4e6c17ea,0.4435146443514644,0.6883116883116883
21123500-86e5fb06db5850e3,4212c4b9-2e685cbe4e6c17ea,0.4435146443514644,0.6883116883116883
d04e5afb-d3c6ce5b2840b6f2,752ea9a5-664182e6dc451c38,0.4432809773123909,0.5720720720720721
b728ba1d-bb217c74a7631a90,752ea9a5-664182e6dc451c38,0.4432809773123909,0.5720720720720721
bdc08e6f-cb9d48cd280e575d,792863db-9ff342754a4ffa38,0.44293015332197616,0.48507462686567165
18e2441c-875179714224f591,4212c4b9-2e685cbe4e6c17ea,0.4429065743944637,0.5039370078740157
86232d21-8a914e0d06f2da9c,4212c4b9-2e685cbe4e6c17ea,0.44280442804428044,0.5504587155963303
d1cd194e-343ae0830706f7c5,ac180326-05c887f789f96c6c,0.4427083333333333,0.6439393939393939
4a570de6-7871367c054bc319,eec856c0-2fab8435cf84d33a,0.44224422442244227,0.4785714285714286
e435b1ac-fca299e9e6a34128,4a570de6-7871367c054bc319,0.4420289855072464,0.4485294117647059
24044589-bf970508f7e3f864,a3e272af-ee39311122c6be70,0.44192634560906513,0.5652173913043478
372a4f50-e0440664433d5262,1071f735-4d5dba82eb4d30f0,0.4416135881104034,0.5942857142857143
cd835290-aa04028f29b0b202,e435b1ac-fca299e9e6a34128,0.44155844155844154,0.5368421052631579
120878da-5686924b01bc5a87,a3e272af-ee39311122c6be70,0.4411764705882353,0.46632124352331605
d1cd194e-343ae0830706f7c5,fdcbdf85-577a34379de3a440,0.441025641025641,0.6515151515151515
ea899386-fe26667b746e7e48,bd7281dc-585de5acf99e052f,0.44,0.5569620253164557
cd835290-aa04028f29b0b202,565f77b7-23b45b780b50095a,0.4397905759162304,0.4421052631578947
4a570de6-7871367c054bc319,a3e272af-ee39311122c6be70,0.4394366197183099,0.5571428571428572
5dbd0a07-b35da36c85a639b9,086f0f90-7f486c2e200f89e3,0.43844856661045534,0.5158730158730159
b5fbe7a2-2ed9e0e8ec9709f4,a3e272af-ee39311122c6be70,0.43828715365239296,0.47802197802197804
6c4ac8d3-2513a7019d585875,b2590225-b54d33b1108a0027,0.43820224719101125,0.45348837209302323
5dbd0a07-b35da36c85a639b9,792863db-9ff342754a4ffa38,0.43782837127845886,0.49603174603174605
cd835290-aa04028f29b0b202,31f29772-89be71d55d6dcbf3,0.43724696356275305,0.5684210526315789
d04e5afb-d3c6ce5b2840b6f2,b2ec0eff-87b065f0615224f0,0.43717728055077454,0.5720720720720721
b728ba1d-bb217c74a7631a90,b2ec0eff-87b065f0615224f0,0.43717728055077454,0.5720720720720721
18e2441c-875179714224f591,372a4f50-e0440664433d5262,0.4370860927152318,0.5196850393700787
1c4d348d-bb492560940c46c0,fdcbdf85-577a34379de3a440,0.43636363636363634,0.6614173228346457
2ff0355e-fae9eee14eaf4605,4a570de6-7871367c054bc319,0.43636363636363634,0.4444444444444444
b5fbe7a2-2ed9e0e8ec9709f4,aa266c38-da7978e5218b69bb,0.4356955380577428,0.9120879120879121
6c4ac8d3-2513a7019d585875,4212c4b9-2e685cbe4e6c17ea,0.43548387096774194,0.627906976744186
8a20e743-2e7f8b0754ce9549,bdc08e6f-cb9d48cd280e575d,0.4351851851851852,0.573170731707317
829d2024-2470d914e91e437d,4212c4b9-2e685cbe4e6c17ea,0.43478260869565216,0.7352941176470589
aa266c38-da7978e5218b69bb,c34bb733-06e03f348f699c75,0.43389830508474575,0.4413793103448276
eec856c0-2fab8435cf84d33a,ac180326-05c887f789f96c6c,0.43373493975903615,0.5521472392638037
086f0f90-7f486c2e200f89e3,307ef2cb-75a3ea19e1df4d14,0.4331983805668016,0.6275659824046921
25151980-ad6b1bb1894b0a4c,ac180326-05c887f789f96c6c,0.4317617866004963,0.5761589403973509
fbd26aa0-86e5fb06db5850e3,4d279121-ac2c1c95194dc4e6,0.43137254901960786,0.5714285714285714
21123500-86e5fb06db5850e3,4d279121-ac2c1c95194dc4e6,0.43137254901960786,0.5714285714285714
8f31b279-478f8125d733625c,aa8091b0-c399c3876af7cd18,0.43137254901960786,0.6875
bf0df1d5-765ae9a582fb2fce,792863db-9ff342754a4ffa38,0.4298642533936652,0.7723577235772358
565f77b7-23b45b780b50095a,e8006510-a942e7de2ea0bfe0,0.4292682926829268,0.4583333333333333
cd835290-aa04028f29b0b202,3b5cec19-6a08a847fd5569c6,0.4292237442922374,0.49473684210526314
752ea9a5-664182e6dc451c38,c354b74f-0604e6b4d0d5c6ce,0.42873432155074115,0.5356125356125356
e8006510-a942e7de2ea0bfe0,dbffab11-9c0b8395baa43dd8,0.42857142857142855,0.4954128440366973
2ff0355e-fae9eee14eaf4605,4fd752f7-38e0f848e91fac40,0.4281150159744409,0.4962962962962963
2ff0355e-fae9eee14eaf4605,c7239c97-38e0f848e91fac40,0.4281150159744409,0.4962962962962963
4fd752f7-38e0f848e91fac40,086f0f90-7f486c2e200f89e3,0.4277456647398844,0.6235955056179775
c7239c97-38e0f848e91fac40,086f0f90-7f486c2e200f89e3,0.4277456647398844,0.6235955056179775
fdcbdf85-577a34379de3a440,aa266c38-da7978e5218b69bb,0.42720763723150357,0.6937984496124031
120878da-5686924b01bc5a87,ac180326-05c887f789f96c6c,0.42696629213483145,0.49222797927461137
1c4d348d-bb492560940c46c0,4a570de6-7871367c054bc319,0.42696629213483145,0.44881889763779526
ac180326-05c887f789f96c6c,bdc08e6f-cb9d48cd280e575d,0.4269230769230769,0.44047619047619047
086f0f90-7f486c2e200f89e3,c354b74f-0604e6b4d0d5c6ce,0.42675893886966554,0.5425219941348973
b728ba1d-bb217c74a7631a90,d55c238c-fef4ae3fa35bdcbf,0.42650103519668736,0.46396396396396394
b728ba1d-bb217c74a7631a90,ebce9e39-fef4ae3fa35bdcbf,0.42650103519668736,0.46396396396396394
8f31b279-478f8125d733625c,0922b7e7-912c39dc139062c7,0.4264705882352941,0.453125
0017d438-22fe225779931ed1,b5fbe7a2-2ed9e0e8ec9709f4,0.42613636363636365,0.4411764705882353
18e2441c-875179714224f591,8a20e743-2e7f8b0754ce9549,0.4261168384879725,0.4881889763779528
d2f74dfc-a6bc8b6e3b8a5c14,6e637812-2cf30e4e3de74ead,0.42592592592592593,0.5822784810126582
cd835290-aa04028f29b0b202,b1e9f1f6-f1eeb72dfe429ca1,0.42592592592592593,0.4842105263157895
f7fc2e94-16502022be18b416,4212c4b9-2e685cbe4e6c17ea,0.42567567567567566,0.4701492537313433
24044589-bf970508f7e3f864,ac180326-05c887f789f96c6c,0.4256410256410256,0.6014492753623188
cd835290-aa04028f29b0b202,4a570de6-7871367c054bc319,0.425531914893617,0.5263157894736842
ea899386-fe26667b746e7e48,e8006510-a942e7de2ea0bfe0,0.425531914893617,0.5063291139240507
31f29772-89be71d55d6dcbf3,a3e272af-ee39311122c6be70,0.4250681198910082,0.5131578947368421
3b5cec19-6a08a847fd5569c6,a3e272af-ee39311122c6be70,0.4247787610619469,0.5806451612903226
25151980-ad6b1bb1894b0a4c,120878da-5686924b01bc5a87,0.42441860465116277,0.48344370860927155
24044589-bf970508f7e3f864,4fd752f7-38e0f848e91fac40,0.4240506329113924,0.4855072463768116
24044589-bf970508f7e3f864,c7239c97-38e0f848e91fac40,0.4240506329113924,0.4855072463768116
cd835290-aa04028f29b0b202,5fcbdd19-c6a2bc1575862e8c,0.423963133640553,0.4842105263157895
b5fbe7a2-2ed9e0e8ec9709f4,5dbd0a07-b35da36c85a639b9,0.423963133640553,0.5054945054945055
f7fc2e94-16502022be18b416,1071f735-4d5dba82eb4d30f0,0.4232558139534884,0.6791044776119403
856a8eda-a77e24e77755edf2,120878da-5686924b01bc5a87,0.4230769230769231,0.4502923976608187
2ff0355e-fae9eee14eaf4605,eec856c0-2fab8435cf84d33a,0.4228187919463087,0.4666666666666667
a3e272af-ee39311122c6be70,1071f735-4d5dba82eb4d30f0,0.4227005870841487,0.5023255813953489
8f31b279-478f8125d733625c,2ff0355e-fae9eee14eaf4605,0.4221105527638191,0.65625
4fd752f7-38e0f848e91fac40,fdcbdf85-577a34379de3a440,0.42201834862385323,0.5168539325842697
c7239c97-38e0f848e91fac40,fdcbdf85-577a34379de3a440,0.42201834862385323,0.5168539325842697
6e637812-2cf30e4e3de74ead,24044589-bf970508f7e3f864,0.4218181818181818,0.4233576642335766
cd835290-aa04028f29b0b202,e8006510-a942e7de2ea0bfe0,0.4215686274509804,0.45263157894736844
bf0df1d5-765ae9a582fb2fce,5dbd0a07-b35da36c85a639b9,0.42133333333333334,0.6422764227642277
4d279121-ac2c1c95194dc4e6,1071f735-4d5dba82eb4d30f0,0.42080378250591016,0.7007874015748031
24044589-bf970508f7e3f864,5dbd0a07-b35da36c85a639b9,0.4205128205128205,0.5942028985507246
372a4f50-e0440664433d5262,fdcbdf85-577a34379de3a440,0.42032332563510394,0.52
dbffab11-9c0b8395baa43dd8,ac180326-05c887f789f96c6c,0.42025316455696204,0.5804195804195804
ac180326-05c887f789f96c6c,fdcbdf85-577a34379de3a440,0.4196078431372549,0.4246031746031746
6c4ac8d3-2513a7019d585875,3b5cec19-6a08a847fd5569c6,0.41904761904761906,0.5116279069767442
b2590225-b54d33b1108a0027,bf0df1d5-765ae9a582fb2fce,0.4186046511627907,0.4891304347826087
e435b1ac-fca299e9e6a34128,d55c238c-fef4ae3fa35bdcbf,0.4181360201511335,0.6102941176470589
e435b1ac-fca299e9e6a34128,ebce9e39-fef4ae3fa35bdcbf,0.4181360201511335,0.6102941176470589
b2ec0eff-87b065f0615224f0,c354b74f-0604e6b4d0d5c6ce,0.4180790960451977,0.5153203342618384
2ff0355e-fae9eee14eaf4605,24044589-bf970508f7e3f864,0.4175824175824176,0.4222222222222222
18e2441c-875179714224f591,d55c238c-fef4ae3fa35bdcbf,0.4175257731958763,0.6377952755905512
18e2441c-875179714224f591,ebce9e39-fef4ae3fa35bdcbf,0.4175257731958763,0.6377952755905512
cd835290-aa04028f29b0b202,2ff0355e-fae9eee14eaf4605,0.41739130434782606,0.5052631578947369
18e2441c-875179714224f591,1c4d348d-bb492560940c46c0,0.41732283464566927,0.41732283464566927
1c4d348d-bb492560940c46c0,25151980-ad6b1bb1894b0a4c,0.4172661870503597,0.4566929133858268
b1e9f1f6-f1eeb72dfe429ca1,24044589-bf970508f7e3f864,0.416988416988417,0.4462809917355372
aa8091b0-c399c3876af7cd18,a3e272af-ee39311122c6be70,0.4169014084507042,0.5285714285714286
bf0df1d5-765ae9a582fb2fce,d55c238c-fef4ae3fa35bdcbf,0.4166666666666667,0.6504065040650406
bf0df1d5-765ae9a582fb2fce,ebce9e39-fef4ae3fa35bdcbf,0.4166666666666667,0.6504065040650406
6c4ac8d3-2513a7019d585875,9756f13a-bfd818b52b35503a,0.4166666666666667,0.46511627906976744
e8006510-a942e7de2ea0bfe0,643e22cc-654c92232c44c62f,0.4166666666666667,0.45871559633027525
856a8eda-a77e24e77755edf2,792863db-9ff342754a4ffa38,0.4163265306122449,0.5964912280701754
fdcbdf85-577a34379de3a440,d55c238c-fef4ae3fa35bdcbf,0.4161849710982659,0.4186046511627907
fdcbdf85-577a34379de3a440,ebce9e39-fef4ae3fa35bdcbf,0.4161849710982659,0.4186046511627907
0b27be88-5b928e25c8d357e8,b2ec0eff-87b065f0615224f0,0.4161676646706587,0.44983818770226536
3f4a5b64-5b928e25c8d357e8,b2ec0eff-87b065f0615224f0,0.4161676646706587,0.44983818770226536
31f29772-89be71d55d6dcbf3,5dbd0a07-b35da36c85a639b9,0.4158415841584158,0.5526315789473685
1071f735-4d5dba82eb4d30f0,aa266c38-da7978e5218b69bb,0.4155251141552511,0.6148648648648649
3b5cec19-6a08a847fd5569c6,792863db-9ff342754a4ffa38,0.4153498871331828,0.7419354838709677
b5fbe7a2-2ed9e0e8ec9709f4,d55c238c-fef4ae3fa35bdcbf,0.4153498871331828,0.5054945054945055
b5fbe7a2-2ed9e0e8ec9709f4,ebce9e39-fef4ae3fa35bdcbf,0.4153498871331828,0.5054945054945055
25151980-ad6b1bb1894b0a4c,4212c4b9-2e685cbe4e6c17ea,0.41533546325878595,0.4304635761589404
eec856c0-2fab8435cf84d33a,d55c238c-fef4ae3fa35bdcbf,0.41509433962264153,0.5398773006134969
eec856c0-2fab8435cf84d33a,ebce9e39-fef4ae3fa35bdcbf,0.41509433962264153,0.5398773006134969
856a8eda-a77e24e77755edf2,fdcbdf85-577a34379de3a440,0.4149184149184149,0.52046783625731
0922b7e7-912c39dc139062c7,b1e9f1f6-f1eeb72dfe429ca1,0.41450777202072536,0.5555555555555556
856a8eda-a77e24e77755edf2,a3e272af-ee39311122c6be70,0.41450777202072536,0.4678362573099415
086f0f90-7f486c2e200f89e3,b2ec0eff-87b065f0615224f0,0.4142857142857143,0.4252199413489736
18e2441c-875179714224f591,b5fbe7a2-2ed9e0e8ec9709f4,0.41423948220064727,0.5039370078740157
8f31b279-478f8125d733625c,eec856c0-2fab8435cf84d33a,0.41409691629955947,0.734375
86232d21-8a914e0d06f2da9c,31f29772-89be71d55d6dcbf3,0.41379310344827586,0.4954128440366973
565f77b7-23b45b780b50095a,e435b1ac-fca299e9e6a34128,0.41379310344827586,0.5
829d2024-2470d914e91e437d,2ff0355e-fae9eee14eaf4605,0.41379310344827586,0.6176470588235294
829d2024-2470d914e91e437d,aa8091b0-c399c3876af7cd18,0.41346153846153844,0.6323529411764706
4a570de6-7871367c054bc319,1071f735-4d5dba82eb4d30f0,0.41284403669724773,0.6428571428571429
eec856c0-2fab8435cf84d33a,a3e272af-ee39311122c6be70,0.4126984126984127,0.4785276073619632
5dbd0a07-b35da36c85a639b9,ac180326-05c887f789f96c6c,0.4126984126984127,0.4126984126984127
b1e9f1f6-f1eeb72dfe429ca1,e435b1ac-fca299e9e6a34128,0.41245136186770426,0.4380165289256198
8f31b279-478f8125d733625c,8a20e743-2e7f8b0754ce9549,0.41228070175438597,0.734375
0b27be88-5b928e25c8d357e8,752ea9a5-664182e6dc451c38,0.4121212121212121,0.4401294498381877
ea899386-fe26667b746e7e48,6c4ac8d3-2513a7019d585875,0.4121212121212121,0.43037974683544306
3f4a5b64-5b928e25c8d357e8,752ea9a5-664182e6dc451c38,0.4121212121212121,0.4401294498381877
86232d21-8a914e0d06f2da9c,3b5cec19-6a08a847fd5569c6,0.41201716738197425,0.44036697247706424
5dbd0a07-b35da36c85a639b9,fdcbdf85-577a34379de3a440,0.4117647058823529,0.4166666666666667
6c4ac8d3-2513a7019d585875,bf0df1d5-765ae9a582fb2fce,0.41148325358851673,0.5
ac180326-05c887f789f96c6c,086f0f90-7f486c2e200f89e3,0.4114671163575042,0.48412698412698413
4212c4b9-2e685cbe4e6c17ea,120878da-5686924b01bc5a87,0.4112676056338028,0.4506172839506173
d1cd194e-343ae0830706f7c5,1071f735-4d5dba82eb4d30f0,0.411214953271028,0.6666666666666666
e8006510-a942e7de2ea0bfe0,4fd752f7-38e0f848e91fac40,0.41114982578397213,0.5412844036697247
e8006510-a942e7de2ea0bfe0,c7239c97-38e0f848e91fac40,0.41114982578397213,0.5412844036697247
dbffab11-9c0b8395baa43dd8,5dbd0a07-b35da36c85a639b9,0.41012658227848103,0.5664335664335665
4d279121-ac2c1c95194dc4e6,25151980-ad6b1bb1894b0a4c,0.41007194244604317,0.44881889763779526
8f31b279-478f8125d733625c,e435b1ac-fca299e9e6a34128,0.41,0.640625
829d2024-2470d914e91e437d,d1cd194e-343ae0830706f7c5,0.41,0.6029411764705882
9852706b-2f9b84e3a3814827,aa266c38-da7978e5218b69bb,0.4099502487562189,0.48470588235294115
e8006510-a942e7de2ea0bfe0,2ff0355e-fae9eee14eaf4605,0.4098360655737705,0.45871559633027525
ea899386-fe26667b746e7e48,b2590225-b54d33b1108a0027,0.4093567251461988,0.4430379746835443
d55c238c-fef4ae3fa35bdcbf,1071f735-4d5dba82eb4d30f0,0.40933572710951527,0.4367816091954023
ebce9e39-fef4ae3fa35bdcbf,1071f735-4d5dba82eb4d30f0,0.40933572710951527,0.4367816091954023
d1cd194e-343ae0830706f7c5,a3e272af-ee39311122c6be70,0.4092219020172911,0.5378787878787878
b5fbe7a2-2ed9e0e8ec9709f4,bdc08e6f-cb9d48cd280e575d,0.4088888888888889,0.5054945054945055
e8006510-a942e7de2ea0bfe0,b1e9f1f6-f1eeb72dfe429ca1,0.40869565217391307,0.43119266055045874
792863db-9ff342754a4ffa38,9852706b-2f9b84e3a3814827,0.40860215053763443,0.47648902821316613
cd835290-aa04028f29b0b202,aa8091b0-c399c3876af7cd18,0.4085106382978723,0.5052631578947369
e8006510-a942e7de2ea0bfe0,e435b1ac-fca299e9e6a34128,0.40816326530612246,0.45871559633027525
8f31b279-478f8125d733625c,d1cd194e-343ae0830706f7c5,0.40816326530612246,0.625
0017d438-22fe225779931ed1,4fd752f7-38e0f848e91fac40,0.40804597701149425,0.4176470588235294
0017d438-22fe225779931ed1,c7239c97-38e0f848e91fac40,0.40804597701149425,0.4176470588235294
fbd26aa0-86e5fb06db5850e3,f7fc2e94-16502022be18b416,0.4075829383886256,0.5584415584415584
829d2024-2470d914e91e437d,dbffab11-9c0b8395baa43dd8,0.4075829383886256,0.6323529411764706
21123500-86e5fb06db5850e3,f7fc2e94-16502022be18b416,0.4075829383886256,0.5584415584415584
e435b1ac-fca299e9e6a34128,5dbd0a07-b35da36c85a639b9,0.4072164948453608,0.5808823529411765
8a20e743-2e7f8b0754ce9549,0017d438-22fe225779931ed1,0.40718562874251496,0.4146341463414634
d55c238c-fef4ae3fa35bdcbf,792863db-9ff342754a4ffa38,0.4068965517241379,0.4521072796934866
ebce9e39-fef4ae3fa35bdcbf,792863db-9ff342754a4ffa38,0.4068965517241379,0.4521072796934866
a3e272af-ee39311122c6be70,5dbd0a07-b35da36c85a639b9,0.4068522483940043,0.4418604651162791
a3e272af-ee39311122c6be70,43b10dec-84b11a95ab43485a,0.40683229813664595,0.6093023255813953
829d2024-2470d914e91e437d,86232d21-8a914e0d06f2da9c,0.4067796610169492,0.5294117647058824
24044589-bf970508f7e3f864,4212c4b9-2e685cbe4e6c17ea,0.4066666666666667,0.4420289855072464
25151980-ad6b1bb1894b0a4c,086f0f90-7f486c2e200f89e3,0.4065040650406504,0.6622516556291391
4a570de6-7871367c054bc319,0017d438-22fe225779931ed1,0.4064516129032258,0.45
8a5fe3d9-93a3dad8f7666a94,25597bcb-4fe4173b1428bc89,0.4063745019920319,0.6375
d04e5afb-d3c6ce5b2840b6f2,d55c238c-fef4ae3fa35bdcbf,0.4057971014492754,0.44144144144144143
8a20e743-2e7f8b0754ce9549,792863db-9ff342754a4ffa38,0.4057971014492754,0.5975609756097561
d04e5afb-d3c6ce5b2840b6f2,ebce9e39-fef4ae3fa35bdcbf,0.4057971014492754,0.44144144144144143
4212c4b9-2e685cbe4e6c17ea,086f0f90-7f486c2e200f89e3,0.40556660039761433,0.6296296296296297
5dbd0a07-b35da36c85a639b9,d55c238c-fef4ae3fa35bdcbf,0.40545808966861596,0.4126984126984127
5dbd0a07-b35da36c85a639b9,ebce9e39-fef4ae3fa35bdcbf,0.40545808966861596,0.4126984126984127
3b5cec19-6a08a847fd5569c6,d55c238c-fef4ae3fa35bdcbf,0.4051948051948052,0.6290322580645161
3b5cec19-6a08a847fd5569c6,ebce9e39-fef4ae3fa35bdcbf,0.4051948051948052,0.6290322580645161
25151980-ad6b1bb1894b0a4c,0017d438-22fe225779931ed1,0.40498442367601245,0.4304635761589404
24044589-bf970508f7e3f864,120878da-5686924b01bc5a87,0.40483383685800606,0.4855072463768116
856a8eda-a77e24e77755edf2,372a4f50-e0440664433d5262,0.4046242774566474,0.4093567251461988
bd7281dc-585de5acf99e052f,25597bcb-4fe4173b1428bc89,0.4041095890410959,0.48760330578512395
bf0df1d5-765ae9a582fb2fce,bdc08e6f-cb9d48cd280e575d,0.4040920716112532,0.6422764227642277
aa8091b0-c399c3876af7cd18,4212c4b9-2e685cbe4e6c17ea,0.40397350993377484,0.4357142857142857
24044589-bf970508f7e3f864,bdc08e6f-cb9d48cd280e575d,0.4039408866995074,0.5942028985507246
f7fc2e94-16502022be18b416,4fd752f7-38e0f848e91fac40,0.40384615384615385,0.4701492537313433
8a20e743-2e7f8b0754ce9549,ac180326-05c887f789f96c6c,0.40384615384615385,0.5121951219512195
f7fc2e94-16502022be18b416,c7239c97-38e0f848e91fac40,0.40384615384615385,0.4701492537313433
2ff0355e-fae9eee14eaf4605,b5fbe7a2-2ed9e0e8ec9709f4,0.4037854889589905,0.4740740740740741
b1e9f1f6-f1eeb72dfe429ca1,6e637812-2cf30e4e3de74ead,0.40310077519379844,0.4297520661157025
a3e272af-ee39311122c6be70,ac180326-05c887f789f96c6c,0.4025695931477516,0.4372093023255814
4a570de6-7871367c054bc319,120878da-5686924b01bc5a87,0.4024024024024024,0.4785714285714286
829d2024-2470d914e91e437d,e435b1ac-fca299e9e6a34128,0.4019607843137255,0.6029411764705882
ea899386-fe26667b746e7e48,4a570de6-7871367c054bc319,0.4018264840182648,0.5569620253164557
b1e9f1f6-f1eeb72dfe429ca1,bf0df1d5-765ae9a582fb2fce,0.4016393442622951,0.4049586776859504
aa8091b0-c399c3876af7cd18,8a20e743-2e7f8b0754ce9549,0.40131578947368424,0.4357142857142857
4212c4b9-2e685cbe4e6c17ea,4fd752f7-38e0f848e91fac40,0.4,0.41975308641975306
31f29772-89be71d55d6dcbf3,bdc08e6f-cb9d48cd280e575d,0.4,0.5526315789473685
8f31b279-478f8125d733625c,565f77b7-23b45b780b50095a,0.4,0.5
4212c4b9-2e685cbe4e6c17ea,c7239c97-38e0f848e91fac40,0.4,0.41975308641975306
2ff0355e-fae9eee14eaf4605,a3e272af-ee39311122c6be70,0.4,0.5185185185185185
4a570de6-7871367c054bc319,372a4f50-e0440664433d5262,0.4,0.45
fdcbdf85-577a34379de3a440,bdc08e6f-cb9d48cd280e575d,0.39923954372623577,0.4069767441860465
24044589-bf970508f7e3f864,fdcbdf85-577a34379de3a440,0.398989898989899,0.572463768115942
120878da-5686924b01bc5a87,792863db-9ff342754a4ffa38,0.3984375,0.5284974093264249
792863db-9ff342754a4ffa38,43b10dec-84b11a95ab43485a,0.3983957219251337,0.4670846394984326
0017d438-22fe225779931ed1,5dbd0a07-b35da36c85a639b9,0.3981042654028436,0.49411764705882355
ea899386-fe26667b746e7e48,d1cd194e-343ae0830706f7c5,0.3981042654028436,0.5316455696202531
8a5fe3d9-93a3dad8f7666a94,b1e9f1f6-f1eeb72dfe429ca1,0.39800995024875624,0.5
5dbd0a07-b35da36c85a639b9,1071f735-4d5dba82eb4d30f0,0.3978102189781022,0.43253968253968256
6c4ac8d3-2513a7019d585875,cd835290-aa04028f29b0b202,0.39779005524861877,0.4186046511627907
e435b1ac-fca299e9e6a34128,856a8eda-a77e24e77755edf2,0.3973941368078176,0.4485294117647059
4d279121-ac2c1c95194dc4e6,2ff0355e-fae9eee14eaf4605,0.3969465648854962,0.4094488188976378
86232d21-8a914e0d06f2da9c,dbffab11-9c0b8395baa43dd8,0.3968253968253968,0.45871559633027525
1c4d348d-bb492560940c46c0,ac180326-05c887f789f96c6c,0.39577836411609496,0.5905511811023622
18e2441c-875179714224f591,25151980-ad6b1bb1894b0a4c,0.39568345323741005,0.4330708661417323
18e2441c-875179714224f591,d04e5afb-d3c6ce5b2840b6f2,0.3954154727793696,0.5433070866141733
18e2441c-875179714224f591,b728ba1d-bb217c74a7631a90,0.3954154727793696,0.5433070866141733
4212c4b9-2e685cbe4e6c17ea,fdcbdf85-577a34379de3a440,0.3952380952380952,0.5123456790123457
bd7281dc-585de5acf99e052f,5fcbdd19-c6a2bc1575862e8c,0.3950617283950617,0.39669421487603307
4212c4b9-2e685cbe4e6c17ea,792863db-9ff342754a4ffa38,0.39501039501039503,0.5864197530864198
2ff0355e-fae9eee14eaf4605,8a20e743-2e7f8b0754ce9549,0.39464882943143814,0.43703703703703706
1c4d348d-bb492560940c46c0,792863db-9ff342754a4ffa38,0.39461883408071746,0.6929133858267716
1c4d348d-bb492560940c46c0,4212c4b9-2e685cbe4e6c17ea,0.3944636678200692,0.44881889763779526
9756f13a-bfd818b52b35503a,4fd752f7-38e0f848e91fac40,0.39436619718309857,0.5283018867924528
9756f13a-bfd818b52b35503a,c7239c97-38e0f848e91fac40,0.39436619718309857,0.5283018867924528
dbffab11-9c0b8395baa43dd8,bdc08e6f-cb9d48cd280e575d,0.39416058394160586,0.5664335664335665
2ff0355e-fae9eee14eaf4605,0017d438-22fe225779931ed1,0.39344262295081966,0.4444444444444444
a3e272af-ee39311122c6be70,bdc08e6f-cb9d48cd280e575d,0.39337474120082816,0.4418604651162791
d55c238c-fef4ae3fa35bdcbf,bdc08e6f-cb9d48cd280e575d,0.3931947069943289,0.39846743295019155
ebce9e39-fef4ae3fa35bdcbf,bdc08e6f-cb9d48cd280e575d,0.3931947069943289,0.39846743295019155
856a8eda-a77e24e77755edf2,ac180326-05c887f789f96c6c,0.39243498817966904,0.4853801169590643
4fd752f7-38e0f848e91fac40,d55c238c-fef4ae3fa35bdcbf,0.3917995444191344,0.48314606741573035
c7239c97-38e0f848e91fac40,d55c238c-fef4ae3fa35bdcbf,0.3917995444191344,0.48314606741573035
4fd752f7-38e0f848e91fac40,ebce9e39-fef4ae3fa35bdcbf,0.3917995444191344,0.48314606741573035
c7239c97-38e0f848e91fac40,ebce9e39-fef4ae3fa35bdcbf,0.3917995444191344,0.48314606741573035
e435b1ac-fca299e9e6a34128,ac180326-05c887f789f96c6c,0.3917525773195876,0.5588235294117647
b5fbe7a2-2ed9e0e8ec9709f4,792863db-9ff342754a4ffa38,0.3912175648702595,0.5384615384615384
e435b1ac-fca299e9e6a34128,bdc08e6f-cb9d48cd280e575d,0.3910891089108911,0.5808823529411765
372a4f50-e0440664433d5262,4fd752f7-38e0f848e91fac40,0.3909348441926346,0.3942857142857143
372a4f50-e0440664433d5262,c7239c97-38e0f848e91fac40,0.3909348441926346,0.3942857142857143
fbd26aa0-86e5fb06db5850e3,dbffab11-9c0b8395baa43dd8,0.39090909090909093,0.5584415584415584
21123500-86e5fb06db5850e3,dbffab11-9c0b8395baa43dd8,0.39090909090909093,0.5584415584415584
31f29772-89be71d55d6dcbf3,792863db-9ff342754a4ffa38,0.39065817409766457,0.6052631578947368
a3e272af-ee39311122c6be70,9852706b-2f9b84e3a3814827,0.390625,0.5813953488372093
18e2441c-875179714224f591,0017d438-22fe225779931ed1,0.39057239057239057,0.4566929133858268
829d2024-2470d914e91e437d,565f77b7-23b45b780b50095a,0.3902439024390244,0.47058823529411764
86232d21-8a914e0d06f2da9c,d1cd194e-343ae0830706f7c5,0.3900414937759336,0.43119266055045874
0017d438-22fe225779931ed1,d55c238c-fef4ae3fa35bdcbf,0.38979118329466356,0.49411764705882355
0017d438-22fe225779931ed1,ebce9e39-fef4ae3fa35bdcbf,0.38979118329466356,0.49411764705882355
ea899386-fe26667b746e7e48,31f29772-89be71d55d6dcbf3,0.38961038961038963,0.569620253164557
cd835290-aa04028f29b0b202,4212c4b9-2e685cbe4e6c17ea,0.38910505836575876,0.5263157894736842
f7fc2e94-16502022be18b416,ac180326-05c887f789f96c6c,0.38860103626943004,0.5597014925373134
e8006510-a942e7de2ea0bfe0,bf0df1d5-765ae9a582fb2fce,0.3879310344827586,0.41284403669724773
4a570de6-7871367c054bc319,5dbd0a07-b35da36c85a639b9,0.3877551020408163,0.5428571428571428
25151980-ad6b1bb1894b0a4c,5dbd0a07-b35da36c85a639b9,0.3870967741935484,0.5165562913907285
0922b7e7-912c39dc139062c7,25597bcb-4fe4173b1428bc89,0.3868312757201646,0.6527777777777778
bdc08e6f-cb9d48cd280e575d,1071f735-4d5dba82eb4d30f0,0.38652482269503546,0.40671641791044777
4212c4b9-2e685cbe4e6c17ea,ac180326-05c887f789f96c6c,0.3864734299516908,0.49382716049382713
9852706b-2f9b84e3a3814827,43b10dec-84b11a95ab43485a,0.3864168618266979,0.38823529411764707
18e2441c-875179714224f591,d1cd194e-343ae0830706f7c5,0.3861003861003861,0.3937007874015748
8a20e743-2e7f8b0754ce9549,d55c238c-fef4ae3fa35bdcbf,0.38588235294117645,0.5
8a20e743-2e7f8b0754ce9549,ebce9e39-fef4ae3fa35bdcbf,0.38588235294117645,0.5
4212c4b9-2e685cbe4e6c17ea,372a4f50-e0440664433d5262,0.3857566765578635,0.4012345679012346
ea899386-fe26667b746e7e48,0017d438-22fe225779931ed1,0.3855421686746988,0.6075949367088608
c354b74f-0604e6b4d0d5c6ce,aa266c38-da7978e5218b69bb,0.38517179023508136,0.4049429657794677
6c4ac8d3-2513a7019d585875,4d279121-ac2c1c95194dc4e6,0.38497652582159625,0.47674418604651164
086f0f90-7f486c2e200f89e3,c34bb733-06e03f348f699c75,0.3846971307120085,0.530791788856305
9756f13a-bfd818b52b35503a,372a4f50-e0440664433d5262,0.38434163701067614,0.5094339622641509
9852706b-2f9b84e3a3814827,307ef2cb-75a3ea19e1df4d14,0.3843283582089552,0.48470588235294115
e435b1ac-fca299e9e6a34128,1071f735-4d5dba82eb4d30f0,0.38425925925925924,0.6102941176470589
d1cd194e-343ae0830706f7c5,0017d438-22fe225779931ed1,0.3841059602649007,0.4393939393939394
6c4ac8d3-2513a7019d585875,8a20e743-2e7f8b0754ce9549,0.384,0.5581395348837209
4d279121-ac2c1c95194dc4e6,0017d438-22fe225779931ed1,0.3838383838383838,0.44881889763779526
0017d438-22fe225779931ed1,bdc08e6f-cb9d48cd280e575d,0.3835616438356164,0.49411764705882355
829d2024-2470d914e91e437d,120878da-5686924b01bc5a87,0.3831417624521073,0.7352941176470589
ea899386-fe26667b746e7e48,86232d21-8a914e0d06f2da9c,0.3829787234042553,0.45569620253164556
752ea9a5-664182e6dc451c38,aa266c38-da7978e5218b69bb,0.38238453276047263,0.5071225071225072
8a5fe3d9-93a3dad8f7666a94,3b5cec19-6a08a847fd5569c6,0.38235294117647056,0.4875
ac180326-05c887f789f96c6c,d55c238c-fef4ae3fa35bdcbf,0.3820662768031189,0.3888888888888889
ac180326-05c887f789f96c6c,ebce9e39-fef4ae3fa35bdcbf,0.3820662768031189,0.3888888888888889
a3e272af-ee39311122c6be70,792863db-9ff342754a4ffa38,0.38202247191011235,0.4744186046511628
120878da-5686924b01bc5a87,086f0f90-7f486c2e200f89e3,0.38202247191011235,0.5284974093264249
25151980-ad6b1bb1894b0a4c,9852706b-2f9b84e3a3814827,0.3819444444444444,0.7284768211920529
24b20554-a5b1e55952e1ee2b,829d2024-2470d914e91e437d,0.3816793893129771,0.3968253968253968
8f31b279-478f8125d733625c,e8006510-a942e7de2ea0bfe0,0.3815028901734104,0.515625
25151980-ad6b1bb1894b0a4c,fdcbdf85-577a34379de3a440,0.38141809290953543,0.5165562913907285
18e2441c-875179714224f591,120878da-5686924b01bc5a87,0.38125,0.48031496062992124
dbffab11-9c0b8395baa43dd8,792863db-9ff342754a4ffa38,0.38095238095238093,0.6153846153846154
86232d21-8a914e0d06f2da9c,8a20e743-2e7f8b0754ce9549,0.38095238095238093,0.47706422018348627
fbd26aa0-86e5fb06db5850e3,0017d438-22fe225779931ed1,0.3805668016194332,0.6103896103896104
21123500-86e5fb06db5850e3,0017d438-22fe225779931ed1,0.3805668016194332,0.6103896103896104
372a4f50-e0440664433d5262,792863db-9ff342754a4ffa38,0.3805668016194332,0.5371428571428571
2ff0355e-fae9eee14eaf4605,83935617-f846ec75200c32ba,0.3804034582132565,0.4888888888888889
4d279121-ac2c1c95194dc4e6,ac180326-05c887f789f96c6c,0.37994722955145116,0.5669291338582677
0922b7e7-912c39dc139062c7,6c4ac8d3-2513a7019d585875,0.379746835443038,0.4166666666666667
9756f13a-bfd818b52b35503a,643e22cc-654c92232c44c62f,0.379746835443038,0.42452830188679247
8f31b279-478f8125d733625c,31f29772-89be71d55d6dcbf3,0.37962962962962965,0.640625
6c4ac8d3-2513a7019d585875,e8006510-a942e7de2ea0bfe0,0.37948717948717947,0.43023255813953487
b2ec0eff-87b065f0615224f0,aa266c38-da7978e5218b69bb,0.37912673056443025,0.4958217270194986
4a570de6-7871367c054bc319,792863db-9ff342754a4ffa38,0.3790849673202614,0.6214285714285714
565f77b7-23b45b780b50095a,31f29772-89be71d55d6dcbf3,0.3790322580645161,0.4895833333333333
829d2024-2470d914e91e437d,5fcbdd19-c6a2bc1575862e8c,0.37894736842105264,0.5294117647058824
f7fc2e94-16502022be18b416,25151980-ad6b1bb1894b0a4c,0.37894736842105264,0.40298507462686567
d2f74dfc-a6bc8b6e3b8a5c14,18e2441c-875179714224f591,0.3786407766990291,0.4936708860759494
ea899386-fe26667b746e7e48,4d279121-ac2c1c95194dc4e6,0.3786407766990291,0.4936708860759494
ea899386-fe26667b746e7e48,8a20e743-2e7f8b0754ce9549,0.3786008230452675,0.5822784810126582
b1e9f1f6-f1eeb72dfe429ca1,372a4f50-e0440664433d5262,0.3783783783783784,0.4628099173553719
856a8eda-a77e24e77755edf2,4fd752f7-38e0f848e91fac40,0.37822349570200575,0.38596491228070173
856a8eda-a77e24e77755edf2,c7239c97-38e0f848e91fac40,0.37822349570200575,0.38596491228070173
4212c4b9-2e685cbe4e6c17ea,9852706b-2f9b84e3a3814827,0.3781942078364566,0.6851851851851852
1071f735-4d5dba82eb4d30f0,43b10dec-84b11a95ab43485a,0.3779310344827586,0.46283783783783783
565f77b7-23b45b780b50095a,b1e9f1f6-f1eeb72dfe429ca1,0.3778801843317972,0.4270833333333333
86232d21-8a914e0d06f2da9c,4a570de6-7871367c054bc319,0.37751004016064255,0.43119266055045874
e8006510-a942e7de2ea0bfe0,aa8091b0-c399c3876af7cd18,0.37751004016064255,0.43119266055045874
aa8091b0-c399c3876af7cd18,4fd752f7-38e0f848e91fac40,0.37735849056603776,0.42857142857142855
aa8091b0-c399c3876af7cd18,c7239c97-38e0f848e91fac40,0.37735849056603776,0.42857142857142855
1071f735-4d5dba82eb4d30f0,9852706b-2f9b84e3a3814827,0.37725381414701803,0.4594594594594595
86232d21-8a914e0d06f2da9c,e435b1ac-fca299e9e6a34128,0.37551020408163266,0.42201834862385323
24044589-bf970508f7e3f864,856a8eda-a77e24e77755edf2,0.37540453074433655,0.42028985507246375
cd835290-aa04028f29b0b202,120878da-5686924b01bc5a87,0.375,0.5684210526315789
18e2441c-875179714224f591,ac180326-05c887f789f96c6c,0.37467018469656993,0.5590551181102362
25151980-ad6b1bb1894b0a4c,792863db-9ff342754a4ffa38,0.37446808510638296,0.5827814569536424
b2590225-b54d33b1108a0027,cd835290-aa04028f29b0b202,0.37433155080213903,0.3804347826086957
24b20554-a5b1e55952e1ee2b,b2590225-b54d33b1108a0027,0.3741935483870968,0.4603174603174603
2ff0355e-fae9eee14eaf4605,372a4f50-e0440664433d5262,0.3741935483870968,0.42962962962962964
86232d21-8a914e0d06f2da9c,83935617-f846ec75200c32ba,0.37383177570093457,0.5504587155963303
25151980-ad6b1bb1894b0a4c,d55c238c-fef4ae3fa35bdcbf,0.3737864077669903,0.5099337748344371
25151980-ad6b1bb1894b0a4c,ebce9e39-fef4ae3fa35bdcbf,0.3737864077669903,0.5099337748344371
fbd26aa0-86e5fb06db5850e3,8a20e743-2e7f8b0754ce9549,0.37344398340248963,0.5844155844155844
21123500-86e5fb06db5850e3,8a20e743-2e7f8b0754ce9549,0.37344398340248963,0.5844155844155844
fbd26aa0-86e5fb06db5850e3,d1cd194e-343ae0830706f7c5,0.37320574162679426,0.5064935064935064
21123500-86e5fb06db5850e3,d1cd194e-343ae0830706f7c5,0.37320574162679426,0.5064935064935064
829d2024-2470d914e91e437d,e8006510-a942e7de2ea0bfe0,0.3728813559322034,0.4852941176470588
6c4ac8d3-2513a7019d585875,120878da-5686924b01bc5a87,0.3727598566308244,0.6046511627906976
829d2024-2470d914e91e437d,31f29772-89be71d55d6dcbf3,0.37272727272727274,0.6029411764705882
4a570de6-7871367c054bc319,b5fbe7a2-2ed9e0e8ec9709f4,0.37267080745341613,0.42857142857142855
4a570de6-7871367c054bc319,bdc08e6f-cb9d48cd280e575d,0.37254901960784315,0.5428571428571428
a3e272af-ee39311122c6be70,aa266c38-da7978e5218b69bb,0.3723270440251572,0.6883720930232559
b5fbe7a2-2ed9e0e8ec9709f4,9852706b-2f9b84e3a3814827,0.3723228995057661,0.6208791208791209
25151980-ad6b1bb1894b0a4c,bdc08e6f-cb9d48cd280e575d,0.3723150357995227,0.5165562913907285
829d2024-2470d914e91e437d,eec856c0-2fab8435cf84d33a,0.3722943722943723,0.6323529411764706
9756f13a-bfd818b52b35503a,e435b1ac-fca299e9e6a34128,0.371900826446281,0.42452830188679247
8f31b279-478f8125d733625c,4212c4b9-2e685cbe4e6c17ea,0.37168141592920356,0.65625
2ff0355e-fae9eee14eaf4605,fdcbdf85-577a34379de3a440,0.37150127226463103,0.5407407407407407
829d2024-2470d914e91e437d,0922b7e7-912c39dc139062c7,0.37142857142857144,0.38235294117647056
ea899386-fe26667b746e7e48,643e22cc-654c92232c44c62f,0.37142857142857144,0.4936708860759494
4a570de6-7871367c054bc319,aa8091b0-c399c3876af7cd18,0.37142857142857144,0.37142857142857144
25151980-ad6b1bb1894b0a4c,1071f735-4d5dba82eb4d30f0,0.3713646532438479,0.5496688741721855
dbffab11-9c0b8395baa43dd8,d55c238c-fef4ae3fa35bdcbf,0.3712871287128713,0.5244755244755245
dbffab11-9c0b8395baa43dd8,ebce9e39-fef4ae3fa35bdcbf,0.3712871287128713,0.5244755244755245
6c4ac8d3-2513a7019d585875,4fd752f7-38e0f848e91fac40,0.3712121212121212,0.5697674418604651
6c4ac8d3-2513a7019d585875,c7239c97-38e0f848e91fac40,0.3712121212121212,0.5697674418604651
4d279121-ac2c1c95194dc4e6,d55c238c-fef4ae3fa35bdcbf,0.3711340206185567,0.5669291338582677
4d279121-ac2c1c95194dc4e6,ebce9e39-fef4ae3fa35bdcbf,0.3711340206185567,0.5669291338582677
2ff0355e-fae9eee14eaf4605,aa8091b0-c399c3876af7cd18,0.3709090909090909,0.37777777777777777
e8006510-a942e7de2ea0bfe0,120878da-5686924b01bc5a87,0.3708609271523179,0.5137614678899083
cd835290-aa04028f29b0b202,8a20e743-2e7f8b0754ce9549,0.37065637065637064,0.5052631578947369
2ff0355e-fae9eee14eaf4605,25151980-ad6b1bb1894b0a4c,0.3706293706293706,0.3925925925925926
c34bb733-06e03f348f699c75,307ef2cb-75a3ea19e1df4d14,0.37048917401764236,0.385
8f31b279-478f8125d733625c,86232d21-8a914e0d06f2da9c,0.3699421965317919,0.5
d1cd194e-343ae0830706f7c5,5dbd0a07-b35da36c85a639b9,0.3697916666666667,0.5378787878787878
31f29772-89be71d55d6dcbf3,4fd752f7-38e0f848e91fac40,0.3696969696969697,0.40131578947368424
31f29772-89be71d55d6dcbf3,c7239c97-38e0f848e91fac40,0.3696969696969697,0.40131578947368424
4d279121-ac2c1c95194dc4e6,5dbd0a07-b35da36c85a639b9,0.36939313984168864,0.5511811023622047
6c4ac8d3-2513a7019d585875,86232d21-8a914e0d06f2da9c,0.36923076923076925,0.4186046511627907
0017d438-22fe225779931ed1,fdcbdf85-577a34379de3a440,0.3691588785046729,0.4647058823529412
18e2441c-875179714224f591,f7fc2e94-16502022be18b416,0.367816091954023,0.3779527559055118
565f77b7-23b45b780b50095a,4d279121-ac2c1c95194dc4e6,0.36771300448430494,0.4270833333333333
b1e9f1f6-f1eeb72dfe429ca1,3b5cec19-6a08a847fd5569c6,0.3673469387755102,0.371900826446281
6c4ac8d3-2513a7019d585875,b1e9f1f6-f1eeb72dfe429ca1,0.3671497584541063,0.4418604651162791
8f31b279-478f8125d733625c,dbffab11-9c0b8395baa43dd8,0.3671497584541063,0.59375
86232d21-8a914e0d06f2da9c,e8006510-a942e7de2ea0bfe0,0.3669724770642202,0.3669724770642202
fbd26aa0-86e5fb06db5850e3,b2590225-b54d33b1108a0027,0.3668639053254438,0.4025974025974026
21123500-86e5fb06db5850e3,b2590225-b54d33b1108a0027,0.3668639053254438,0.4025974025974026
4fd752f7-38e0f848e91fac40,b5fbe7a2-2ed9e0e8ec9709f4,0.36666666666666664,0.3707865168539326
c7239c97-38e0f848e91fac40,b5fbe7a2-2ed9e0e8ec9709f4,0.36666666666666664,0.3707865168539326
565f77b7-23b45b780b50095a,a3e272af-ee39311122c6be70,0.3665594855305466,0.59375
792863db-9ff342754a4ffa38,307ef2cb-75a3ea19e1df4d14,0.36645962732919257,0.554858934169279
d2f74dfc-a6bc8b6e3b8a5c14,bf0df1d5-765ae9a582fb2fce,0.36633663366336633,0.46835443037974683
565f77b7-23b45b780b50095a,9756f13a-bfd818b52b35503a,0.36633663366336633,0.3854166666666667
6c4ac8d3-2513a7019d585875,18e2441c-875179714224f591,0.36619718309859156,0.45348837209302323
fbd26aa0-86e5fb06db5850e3,e435b1ac-fca299e9e6a34128,0.36619718309859156,0.5064935064935064
21123500-86e5fb06db5850e3,e435b1ac-fca299e9e6a34128,0.36619718309859156,0.5064935064935064
b2590225-b54d33b1108a0027,d1cd194e-343ae0830706f7c5,0.36607142857142855,0.44565217391304346
b2590225-b54d33b1108a0027,dbffab11-9c0b8395baa43dd8,0.3659574468085106,0.4673913043478261
8f31b279-478f8125d733625c,856a8eda-a77e24e77755edf2,0.3659574468085106,0.671875
829d2024-2470d914e91e437d,4fd752f7-38e0f848e91fac40,0.36585365853658536,0.6617647058823529
829d2024-2470d914e91e437d,c7239c97-38e0f848e91fac40,0.36585365853658536,0.6617647058823529
372a4f50-e0440664433d5262,5dbd0a07-b35da36c85a639b9,0.36533957845433257,0.44571428571428573
0017d438-22fe225779931ed1,1071f735-4d5dba82eb4d30f0,0.3648068669527897,0.5
d2f74dfc-a6bc8b6e3b8a5c14,2ff0355e-fae9eee14eaf4605,0.3644859813084112,0.4936708860759494
cd835290-aa04028f29b0b202,eec856c0-2fab8435cf84d33a,0.3643410852713178,0.49473684210526314
120878da-5686924b01bc5a87,5dbd0a07-b35da36c85a639b9,0.36404494382022473,0.41968911917098445
4d279121-ac2c1c95194dc4e6,fdcbdf85-577a34379de3a440,0.36363636363636365,0.5511811023622047
ac180326-05c887f789f96c6c,9852706b-2f9b84e3a3814827,0.36336779911373707,0.4880952380952381
b5fbe7a2-2ed9e0e8ec9709f4,43b10dec-84b11a95ab43485a,0.36333878887070375,0.6098901098901099
372a4f50-e0440664433d5262,d55c238c-fef4ae3fa35bdcbf,0.3623853211009174,0.4514285714285714
372a4f50-e0440664433d5262,ebce9e39-fef4ae3fa35bdcbf,0.3623853211009174,0.4514285714285714
8a5fe3d9-93a3dad8f7666a94,eec856c0-2fab8435cf84d33a,0.36213991769547327,0.55
f7fc2e94-16502022be18b416,0017d438-22fe225779931ed1,0.3618421052631579,0.41044776119402987
6c4ac8d3-2513a7019d585875,31f29772-89be71d55d6dcbf3,0.36134453781512604,0.5
aa8091b0-c399c3876af7cd18,0017d438-22fe225779931ed1,0.36129032258064514,0.4
eec856c0-2fab8435cf84d33a,792863db-9ff342754a4ffa38,0.36099585062240663,0.5337423312883436
565f77b7-23b45b780b50095a,0017d438-22fe225779931ed1,0.3609022556390977,0.5
752ea9a5-664182e6dc451c38,9852706b-2f9b84e3a3814827,0.36082474226804123,0.39886039886039887
0922b7e7-912c39dc139062c7,5fcbdd19-c6a2bc1575862e8c,0.36082474226804123,0.4861111111111111
e435b1ac-fca299e9e6a34128,fdcbdf85-577a34379de3a440,0.3604060913705584,0.5220588235294118
6c4ac8d3-2513a7019d585875,e435b1ac-fca299e9e6a34128,0.36036036036036034,0.46511627906976744
86232d21-8a914e0d06f2da9c,eec856c0-2fab8435cf84d33a,0.3602941176470588,0.44954128440366975
b1e9f1f6-f1eeb72dfe429ca1,aa8091b0-c399c3876af7cd18,0.36015325670498083,0.3884297520661157
24044589-bf970508f7e3f864,1071f735-4d5dba82eb4d30f0,0.35944700460829493,0.5652173913043478
0922b7e7-912c39dc139062c7,cd835290-aa04028f29b0b202,0.3592814371257485,0.4166666666666667
bd7281dc-585de5acf99e052f,31f29772-89be71d55d6dcbf3,0.358974358974359,0.4049586776859504
18e2441c-875179714224f591,5dbd0a07-b35da36c85a639b9,0.35883905013192613,0.5354330708661418
86232d21-8a914e0d06f2da9c,0017d438-22fe225779931ed1,0.35842293906810035,0.45871559633027525
8f31b279-478f8125d733625c,120878da-5686924b01bc5a87,0.35797665369649806,0.71875
b2590225-b54d33b1108a0027,120878da-5686924b01bc5a87,0.35789473684210527,0.5543478260869565
fdcbdf85-577a34379de3a440,9852706b-2f9b84e3a3814827,0.35724743777452417,0.4728682170542636
fbd26aa0-86e5fb06db5850e3,8a5fe3d9-93a3dad8f7666a94,0.35668789808917195,0.36363636363636365
21123500-86e5fb06db5850e3,8a5fe3d9-93a3dad8f7666a94,0.35668789808917195,0.36363636363636365
8a20e743-2e7f8b0754ce9549,086f0f90-7f486c2e200f89e3,0.3564356435643564,0.5487804878048781
829d2024-2470d914e91e437d,f7fc2e94-16502022be18b416,0.3564356435643564,0.5294117647058824
b1e9f1f6-f1eeb72dfe429ca1,d55c238c-fef4ae3fa35bdcbf,0.35602094240837695,0.5619834710743802
b1e9f1f6-f1eeb72dfe429ca1,ebce9e39-fef4ae3fa35bdcbf,0.35602094240837695,0.5619834710743802
565f77b7-23b45b780b50095a,aa8091b0-c399c3876af7cd18,0.3559322033898305,0.4375
d1cd194e-343ae0830706f7c5,bdc08e6f-cb9d48cd280e575d,0.355,0.5378787878787878
4d279121-ac2c1c95194dc4e6,bdc08e6f-cb9d48cd280e575d,0.35443037974683544,0.5511811023622047
4d279121-ac2c1c95194dc4e6,792863db-9ff342754a4ffa38,0.3542600896860987,0.6220472440944882
1071f735-4d5dba82eb4d30f0,307ef2cb-75a3ea19e1df4d14,0.35418875927889715,0.5641891891891891
86232d21-8a914e0d06f2da9c,f7fc2e94-16502022be18b416,0.35390946502057613,0.3944954128440367
86232d21-8a914e0d06f2da9c,25151980-ad6b1bb1894b0a4c,0.35384615384615387,0.42201834862385323
d55c238c-fef4ae3fa35bdcbf,43b10dec-84b11a95ab43485a,0.3536231884057971,0.4674329501915709
ebce9e39-fef4ae3fa35bdcbf,43b10dec-84b11a95ab43485a,0.3536231884057971,0.4674329501915709
0922b7e7-912c39dc139062c7,86232d21-8a914e0d06f2da9c,0.35359116022099446,0.4444444444444444
4fd752f7-38e0f848e91fac40,ac180326-05c887f789f96c6c,0.35348837209302325,0.42696629213483145
c7239c97-38e0f848e91fac40,ac180326-05c887f789f96c6c,0.35348837209302325,0.42696629213483145
f7fc2e94-16502022be18b416,792863db-9ff342754a4ffa38,0.35320088300220753,0.5970149253731343
d55c238c-fef4ae3fa35bdcbf,9852706b-2f9b84e3a3814827,0.35276967930029157,0.46360153256704983
ebce9e39-fef4ae3fa35bdcbf,9852706b-2f9b84e3a3814827,0.35276967930029157,0.46360153256704983
9756f13a-bfd818b52b35503a,24044589-bf970508f7e3f864,0.3524590163934426,0.4056603773584906
bf0df1d5-765ae9a582fb2fce,83935617-f846ec75200c32ba,0.3522388059701492,0.4796747967479675
372a4f50-e0440664433d5262,bdc08e6f-cb9d48cd280e575d,0.35214446952595935,0.44571428571428573
f7fc2e94-16502022be18b416,fdcbdf85-577a34379de3a440,0.3520408163265306,0.5149253731343284
829d2024-2470d914e91e437d,b5fbe7a2-2ed9e0e8ec9709f4,0.352,0.6470588235294118
0017d438-22fe225779931ed1,856a8eda-a77e24e77755edf2,0.3519061583577713,0.35294117647058826
eec856c0-2fab8435cf84d33a,5dbd0a07-b35da36c85a639b9,0.35180722891566263,0.44785276073619634
565f77b7-23b45b780b50095a,dbffab11-9c0b8395baa43dd8,0.3514644351464435,0.4375
829d2024-2470d914e91e437d,856a8eda-a77e24e77755edf2,0.3514644351464435,0.6176470588235294
2ff0355e-fae9eee14eaf4605,ac180326-05c887f789f96c6c,0.35142118863049093,0.5037037037037037
120878da-5686924b01bc5a87,bdc08e6f-cb9d48cd280e575d,0.351409978308026,0.41968911917098445
5fcbdd19-c6a2bc1575862e8c,aa8091b0-c399c3876af7cd18,0.3511450381679389,0.3770491803278688
18e2441c-875179714224f591,a3e272af-ee39311122c6be70,0.3508771929824561,0.47244094488188976
5fcbdd19-c6a2bc1575862e8c,eec856c0-2fab8435cf84d33a,0.3508771929824561,0.4098360655737705
9756f13a-bfd818b52b35503a,5fcbdd19-c6a2bc1575862e8c,0.3508771929824561,0.37735849056603776
b2590225-b54d33b1108a0027,e435b1ac-fca299e9e6a34128,0.3508771929824561,0.43478260869565216
4212c4b9-2e685cbe4e6c17ea,752ea9a5-664182e6dc451c38,0.3508771929824561,0.5555555555555556
1071f735-4d5dba82eb4d30f0,c34bb733-06e03f348f699c75,0.35044642857142855,0.5304054054054054
792863db-9ff342754a4ffa38,c34bb733-06e03f348f699c75,0.35038084874863984,0.5047021943573667
4fd752f7-38e0f848e91fac40,1071f735-4d5dba82eb4d30f0,0.350210970464135,0.46629213483146065
c7239c97-38e0f848e91fac40,1071f735-4d5dba82eb4d30f0,0.350210970464135,0.46629213483146065
b2ec0eff-87b065f0615224f0,307ef2cb-75a3ea19e1df4d14,0.3499005964214712,0.49025069637883006
eec856c0-2fab8435cf84d33a,086f0f90-7f486c2e200f89e3,0.3492063492063492,0.5398773006134969
18e2441c-875179714224f591,856a8eda-a77e24e77755edf2,0.348993288590604,0.4094488188976378
24b20554-a5b1e55952e1ee2b,6c4ac8d3-2513a7019d585875,0.348993288590604,0.4126984126984127
4212c4b9-2e685cbe4e6c17ea,d04e5afb-d3c6ce5b2840b6f2,0.3489583333333333,0.41358024691358025
4212c4b9-2e685cbe4e6c17ea,b728ba1d-bb217c74a7631a90,0.3489583333333333,0.41358024691358025
829d2024-2470d914e91e437d,1c4d348d-bb492560940c46c0,0.3487179487179487,0.5
372a4f50-e0440664433d5262,a3e272af-ee39311122c6be70,0.3487179487179487,0.38857142857142857
1071f735-4d5dba82eb4d30f0,c354b74f-0604e6b4d0d5c6ce,0.34793187347931875,0.4831081081081081
b1e9f1f6-f1eeb72dfe429ca1,4fd752f7-38e0f848e91fac40,0.34782608695652173,0.4297520661157025
86232d21-8a914e0d06f2da9c,b1e9f1f6-f1eeb72dfe429ca1,0.34782608695652173,0.3669724770642202
b1e9f1f6-f1eeb72dfe429ca1,c7239c97-38e0f848e91fac40,0.34782608695652173,0.4297520661157025
86232d21-8a914e0d06f2da9c,4d279121-ac2c1c95194dc4e6,0.3474576271186441,0.3761467889908257
2ff0355e-fae9eee14eaf4605,5dbd0a07-b35da36c85a639b9,0.3462532299741602,0.4962962962962963
8a5fe3d9-93a3dad8f7666a94,4a570de6-7871367c054bc319,0.34545454545454546,0.475
24044589-bf970508f7e3f864,4a570de6-7871367c054bc319,0.34532374100719426,0.34782608695652173
e8006510-a942e7de2ea0bfe0,372a4f50-e0440664433d5262,0.34507042253521125,0.44954128440366975
18e2441c-875179714224f591,eec856c0-2fab8435cf84d33a,0.3448275862068966,0.3937007874015748
b2590225-b54d33b1108a0027,4a570de6-7871367c054bc319,0.3448275862068966,0.43478260869565216
b1e9f1f6-f1eeb72dfe429ca1,4a570de6-7871367c054bc319,0.3448275862068966,0.371900826446281
c354b74f-0604e6b4d0d5c6ce,c34bb733-06e03f348f699c75,0.34458259325044405,0.3688212927756654
b1e9f1f6-f1eeb72dfe429ca1,31f29772-89be71d55d6dcbf3,0.3443223443223443,0.3884297520661157
18e2441c-875179714224f591,bdc08e6f-cb9d48cd280e575d,0.34430379746835443,0.5354330708661418
8f31b279-478f8125d733625c,5fcbdd19-c6a2bc1575862e8c,0.34408602150537637,0.5
ea899386-fe26667b746e7e48,856a8eda-a77e24e77755edf2,0.344,0.5443037974683544
f7fc2e94-16502022be18b416,a3e272af-ee39311122c6be70,0.3438395415472779,0.44776119402985076
856a8eda-a77e24e77755edf2,086f0f90-7f486c2e200f89e3,0.34375,0.5146198830409356
120878da-5686924b01bc5a87,d55c238c-fef4ae3fa35bdcbf,0.3436123348017621,0.40414507772020725
120878da-5686924b01bc5a87,ebce9e39-fef4ae3fa35bdcbf,0.3436123348017621,0.40414507772020725
cd835290-aa04028f29b0b202,d1cd194e-343ae0830706f7c5,0.3436123348017621,0.4105263157894737
a3e272af-ee39311122c6be70,307ef2cb-75a3ea19e1df4d14,0.3433874709976798,0.6883720930232559
ea899386-fe26667b746e7e48,4fd752f7-38e0f848e91fac40,0.3424124513618677,0.5569620253164557
ea899386-fe26667b746e7e48,c7239c97-38e0f848e91fac40,0.3424124513618677,0.5569620253164557
0017d438-22fe225779931ed1,372a4f50-e0440664433d5262,0.34202898550724636,0.34705882352941175
bd7281dc-585de5acf99e052f,643e22cc-654c92232c44c62f,0.3412698412698413,0.35537190082644626
1c4d348d-bb492560940c46c0,4fd752f7-38e0f848e91fac40,0.34098360655737703,0.4094488188976378
1c4d348d-bb492560940c46c0,c7239c97-38e0f848e91fac40,0.34098360655737703,0.4094488188976378
aa8091b0-c399c3876af7cd18,086f0f90-7f486c2e200f89e3,0.340956340956341,0.5857142857142857
31f29772-89be71d55d6dcbf3,086f0f90-7f486c2e200f89e3,0.3407707910750507,0.5526315789473685
6c4ac8d3-2513a7019d585875,565f77b7-23b45b780b50095a,0.34065934065934067,0.36046511627906974
856a8eda-a77e24e77755edf2,5dbd0a07-b35da36c85a639b9,0.3404255319148936,0.42105263157894735
6e637812-2cf30e4e3de74ead,25151980-ad6b1bb1894b0a4c,0.3402777777777778,0.35766423357664234
d2f74dfc-a6bc8b6e3b8a5c14,b1e9f1f6-f1eeb72dfe429ca1,0.34,0.43037974683544306
3b5cec19-6a08a847fd5569c6,086f0f90-7f486c2e200f89e3,0.33978494623655914,0.6370967741935484
4a570de6-7871367c054bc319,4fd752f7-38e0f848e91fac40,0.33962264150943394,0.38571428571428573
e435b1ac-fca299e9e6a34128,086f0f90-7f486c2e200f89e3,0.33962264150943394,0.5955882352941176
4a570de6-7871367c054bc319,c7239c97-38e0f848e91fac40,0.33962264150943394,0.38571428571428573
9852706b-2f9b84e3a3814827,c34bb733-06e03f348f699c75,0.33951219512195124,0.40941176470588236
565f77b7-23b45b780b50095a,5fcbdd19-c6a2bc1575862e8c,0.3394495412844037,0.3854166666666667
a3e272af-ee39311122c6be70,752ea9a5-664182e6dc451c38,0.3392226148409894,0.44651162790697674
bd7281dc-585de5acf99e052f,4212c4b9-2e685cbe4e6c17ea,0.3392226148409894,0.39669421487603307
9756f13a-bfd818b52b35503a,3b5cec19-6a08a847fd5569c6,0.3391304347826087,0.36792452830188677
eec856c0-2fab8435cf84d33a,bdc08e6f-cb9d48cd280e575d,0.33874709976798145,0.44785276073619634
b2590225-b54d33b1108a0027,4212c4b9-2e685cbe4e6c17ea,0.33858267716535434,0.4673913043478261
fdcbdf85-577a34379de3a440,752ea9a5-664182e6dc451c38,0.33825944170771755,0.3992248062015504
372a4f50-e0440664433d5262,d04e5afb-d3c6ce5b2840b6f2,0.33753148614609574,0.38285714285714284
9756f13a-bfd818b52b35503a,dbffab11-9c0b8395baa43dd8,0.3373493975903614,0.39622641509433965
792863db-9ff342754a4ffa38,752ea9a5-664182e6dc451c38,0.3373134328358209,0.3542319749216301
372a4f50-e0440664433d5262,086f0f90-7f486c2e200f89e3,0.3372093023255814,0.49714285714285716
bd7281dc-585de5acf99e052f,aa8091b0-c399c3876af7cd18,0.3371647509578544,0.36363636363636365
cd835290-aa04028f29b0b202,4fd752f7-38e0f848e91fac40,0.336996336996337,0.4842105263157895
cd835290-aa04028f29b0b202,c7239c97-38e0f848e91fac40,0.336996336996337,0.4842105263157895
b1e9f1f6-f1eeb72dfe429ca1,8a20e743-2e7f8b0754ce9549,0.3368421052631579,0.39669421487603307
f7fc2e94-16502022be18b416,5dbd0a07-b35da36c85a639b9,0.33678756476683935,0.48507462686567165
5fcbdd19-c6a2bc1575862e8c,372a4f50-e0440664433d5262,0.3367003367003367,0.4098360655737705
856a8eda-a77e24e77755edf2,43b10dec-84b11a95ab43485a,0.33666666666666667,0.5906432748538012
0922b7e7-912c39dc139062c7,e435b1ac-fca299e9e6a34128,0.33653846153846156,0.4861111111111111
9852706b-2f9b84e3a3814827,c354b74f-0604e6b4d0d5c6ce,0.33648790746582546,0.3764705882352941
eec856c0-2fab8435cf84d33a,0017d438-22fe225779931ed1,0.33633633633633636,0.34355828220858897
6c4ac8d3-2513a7019d585875,aa8091b0-c399c3876af7cd18,0.336283185840708,0.4418604651162791
792863db-9ff342754a4ffa38,b2ec0eff-87b065f0615224f0,0.336283185840708,0.3573667711598746
b1e9f1f6-f1eeb72dfe429ca1,2ff0355e-fae9eee14eaf4605,0.3359375,0.35537190082644626
bd7281dc-585de5acf99e052f,2ff0355e-fae9eee14eaf4605,0.3359375,0.35537190082644626
fdcbdf85-577a34379de3a440,307ef2cb-75a3ea19e1df4d14,0.33591160220994476,0.5891472868217055
1c4d348d-bb492560940c46c0,2ff0355e-fae9eee14eaf4605,0.33587786259541985,0.3464566929133858
18e2441c-875179714224f591,1071f735-4d5dba82eb4d30f0,0.33569739952718675,0.5590551181102362
0922b7e7-912c39dc139062c7,fbd26aa0-86e5fb06db5850e3,0.33557046979865773,0.3472222222222222
0922b7e7-912c39dc139062c7,21123500-86e5fb06db5850e3,0.33557046979865773,0.3472222222222222
e435b1ac-fca299e9e6a34128,d04e5afb-d3c6ce5b2840b6f2,0.33519553072625696,0.4411764705882353
31f29772-89be71d55d6dcbf3,83935617-f846ec75200c32ba,0.33516483516483514,0.40131578947368424
8f31b279-478f8125d733625c,1c4d348d-bb492560940c46c0,0.33507853403141363,0.5
8a5fe3d9-93a3dad8f7666a94,2ff0355e-fae9eee14eaf4605,0.33488372093023255,0.45
cd835290-aa04028f29b0b202,086f0f90-7f486c2e200f89e3,0.3348623853211009,0.7684210526315789
ac180326-05c887f789f96c6c,43b10dec-84b11a95ab43485a,0.33480176211453744,0.4523809523809524
bdc08e6f-cb9d48cd280e575d,9852706b-2f9b84e3a3814827,0.3347763347763348,0.43283582089552236
dbffab11-9c0b8395baa43dd8,086f0f90-7f486c2e200f89e3,0.3347107438016529,0.5664335664335665
18e2441c-875179714224f591,4fd752f7-38e0f848e91fac40,0.3344262295081967,0.4015748031496063
18e2441c-875179714224f591,c7239c97-38e0f848e91fac40,0.3344262295081967,0.4015748031496063
bdc08e6f-cb9d48cd280e575d,307ef2cb-75a3ea19e1df4d14,0.3344262295081967,0.5708955223880597
e435b1ac-fca299e9e6a34128,792863db-9ff342754a4ffa38,0.33406593406593404,0.5588235294117647
3b5cec19-6a08a847fd5569c6,aa8091b0-c399c3876af7cd18,0.3333333333333333,0.3548387096774194
3b5cec19-6a08a847fd5569c6,83935617-f846ec75200c32ba,0.3333333333333333,0.45161290322580644
5fcbdd19-c6a2bc1575862e8c,e435b1ac-fca299e9e6a34128,0.3333333333333333,0.3524590163934426
fbd26aa0-86e5fb06db5850e3,e8006510-a942e7de2ea0bfe0,0.3333333333333333,0.4025974025974026
d2f74dfc-a6bc8b6e3b8a5c14,cd835290-aa04028f29b0b202,0.3333333333333333,0.3670886075949367
21123500-86e5fb06db5850e3,e8006510-a942e7de2ea0bfe0,0.3333333333333333,0.4025974025974026
bdc08e6f-cb9d48cd280e575d,43b10dec-84b11a95ab43485a,0.3328550932568149,0.43283582089552236
31f29772-89be71d55d6dcbf3,9852706b-2f9b84e3a3814827,0.3327556325823224,0.631578947368421
4a570de6-7871367c054bc319,086f0f90-7f486c2e200f89e3,0.33264033264033266,0.5714285714285714
d1cd194e-343ae0830706f7c5,792863db-9ff342754a4ffa38,0.3325942350332594,0.5681818181818182
2ff0355e-fae9eee14eaf4605,bdc08e6f-cb9d48cd280e575d,0.3325062034739454,0.4962962962962963
372a4f50-e0440664433d5262,b728ba1d-bb217c74a7631a90,0.33249370277078083,0.37714285714285717
c354b74f-0604e6b4d0d5c6ce,307ef2cb-75a3ea19e1df4d14,0.33248081841432225,0.37072243346007605
bd7281dc-585de5acf99e052f,d04e5afb-d3c6ce5b2840b6f2,0.3323615160349854,0.47107438016528924
bd7281dc-585de5acf99e052f,b728ba1d-bb217c74a7631a90,0.3323615160349854,0.47107438016528924
752ea9a5-664182e6dc451c38,c34bb733-06e03f348f699c75,0.3322818086225026,0.45014245014245013
565f77b7-23b45b780b50095a,120878da-5686924b01bc5a87,0.33217993079584773,0.5
829d2024-2470d914e91e437d,a3e272af-ee39311122c6be70,0.3321554770318021,0.6911764705882353
6e637812-2cf30e4e3de74ead,aa8091b0-c399c3876af7cd18,0.33212996389891697,0.3357664233576642
6c4ac8d3-2513a7019d585875,dbffab11-9c0b8395baa43dd8,0.3318777292576419,0.4418604651162791
4212c4b9-2e685cbe4e6c17ea,43b10dec-84b11a95ab43485a,0.3316412859560068,0.6049382716049383
0017d438-22fe225779931ed1,792863db-9ff342754a4ffa38,0.3312883435582822,0.4764705882352941
18e2441c-875179714224f591,43b10dec-84b11a95ab43485a,0.33093525179856115,0.7244094488188977
8f31b279-478f8125d733625c,4fd752f7-38e0f848e91fac40,0.3305785123966942,0.625
8f31b279-478f8125d733625c,c7239c97-38e0f848e91fac40,0.3305785123966942,0.625
8a5fe3d9-93a3dad8f7666a94,4212c4b9-2e685cbe4e6c17ea,0.3305785123966942,0.5
86232d21-8a914e0d06f2da9c,18e2441c-875179714224f591,0.3305084745762712,0.3577981651376147
e8006510-a942e7de2ea0bfe0,4d279121-ac2c1c95194dc4e6,0.3305084745762712,0.3577981651376147
4fd752f7-38e0f848e91fac40,5dbd0a07-b35da36c85a639b9,0.3302325581395349,0.398876404494382
c7239c97-38e0f848e91fac40,5dbd0a07-b35da36c85a639b9,0.3302325581395349,0.398876404494382
4fd752f7-38e0f848e91fac40,792863db-9ff342754a4ffa38,0.3299798792756539,0.4606741573033708
c7239c97-38e0f848e91fac40,792863db-9ff342754a4ffa38,0.3299798792756539,0.4606741573033708
6c4ac8d3-2513a7019d585875,1071f735-4d5dba82eb4d30f0,0.3298429319371728,0.7325581395348837
e435b1ac-fca299e9e6a34128,b728ba1d-bb217c74a7631a90,0.329608938547486,0.4338235294117647
4d279121-ac2c1c95194dc4e6,aa8091b0-c399c3876af7cd18,0.3295880149812734,0.3464566929133858
aa8091b0-c399c3876af7cd18,d55c238c-fef4ae3fa35bdcbf,0.32917705735660846,0.4714285714285714
aa8091b0-c399c3876af7cd18,ebce9e39-fef4ae3fa35bdcbf,0.32917705735660846,0.4714285714285714
24b20554-a5b1e55952e1ee2b,cd835290-aa04028f29b0b202,0.3291139240506329,0.4126984126984127
cd835290-aa04028f29b0b202,a3e272af-ee39311122c6be70,0.32903225806451614,0.5368421052631579
565f77b7-23b45b780b50095a,bf0df1d5-765ae9a582fb2fce,0.3287671232876712,0.375
86232d21-8a914e0d06f2da9c,25597bcb-4fe4173b1428bc89,0.32857142857142857,0.42201834862385323
18e2441c-875179714224f591,2ff0355e-fae9eee14eaf4605,0.3282442748091603,0.33858267716535434
856a8eda-a77e24e77755edf2,bdc08e6f-cb9d48cd280e575d,0.32801822323462415,0.42105263157894735
829d2024-2470d914e91e437d,0017d438-22fe225779931ed1,0.3277310924369748,0.5735294117647058
9756f13a-bfd818b52b35503a,d1cd194e-343ae0830706f7c5,0.3277310924369748,0.36792452830188677
bf0df1d5-765ae9a582fb2fce,086f0f90-7f486c2e200f89e3,0.3275862068965517,0.6178861788617886
8a5fe3d9-93a3dad8f7666a94,31f29772-89be71d55d6dcbf3,0.3275862068965517,0.475
cd835290-aa04028f29b0b202,643e22cc-654c92232c44c62f,0.3274336283185841,0.3894736842105263
4fd752f7-38e0f848e91fac40,aa266c38-da7978e5218b69bb,0.32717678100263853,0.6966292134831461
c7239c97-38e0f848e91fac40,aa266c38-da7978e5218b69bb,0.32717678100263853,0.6966292134831461
6e637812-2cf30e4e3de74ead,372a4f50-e0440664433d5262,0.3269230769230769,0.3722627737226277
6e637812-2cf30e4e3de74ead,eec856c0-2fab8435cf84d33a,0.32666666666666666,0.35766423357664234
24044589-bf970508f7e3f864,d55c238c-fef4ae3fa35bdcbf,0.3258145363408521,0.47101449275362317
24044589-bf970508f7e3f864,ebce9e39-fef4ae3fa35bdcbf,0.3258145363408521,0.47101449275362317
8a20e743-2e7f8b0754ce9549,aa266c38-da7978e5218b69bb,0.32526881720430106,0.7378048780487805
8a5fe3d9-93a3dad8f7666a94,bf0df1d5-765ae9a582fb2fce,0.3251231527093596,0.4125
4d279121-ac2c1c95194dc4e6,086f0f90-7f486c2e200f89e3,0.3247863247863248,0.5984251968503937
752ea9a5-664182e6dc451c38,307ef2cb-75a3ea19e1df4d14,0.3246492985971944,0.46153846153846156
fbd26aa0-86e5fb06db5850e3,b5fbe7a2-2ed9e0e8ec9709f4,0.32432432432432434,0.5454545454545454
21123500-86e5fb06db5850e3,b5fbe7a2-2ed9e0e8ec9709f4,0.32432432432432434,0.5454545454545454
b1e9f1f6-f1eeb72dfe429ca1,eec856c0-2fab8435cf84d33a,0.323943661971831,0.38016528925619836
8a20e743-2e7f8b0754ce9549,43b10dec-84b11a95ab43485a,0.32377740303541314,0.5853658536585366
f7fc2e94-16502022be18b416,bdc08e6f-cb9d48cd280e575d,0.32338308457711445,0.48507462686567165
fbd26aa0-86e5fb06db5850e3,31f29772-89be71d55d6dcbf3,0.3231441048034934,0.4805194805194805
21123500-86e5fb06db5850e3,31f29772-89be71d55d6dcbf3,0.3231441048034934,0.4805194805194805
ea899386-fe26667b746e7e48,83935617-f846ec75200c32ba,0.3230240549828179,0.5949367088607594
4a570de6-7871367c054bc319,25151980-ad6b1bb1894b0a4c,0.3230240549828179,0.3357142857142857
565f77b7-23b45b780b50095a,bd7281dc-585de5acf99e052f,0.3225806451612903,0.3645833333333333
856a8eda-a77e24e77755edf2,aa266c38-da7978e5218b69bb,0.322237017310253,0.7076023391812866
5dbd0a07-b35da36c85a639b9,9852706b-2f9b84e3a3814827,0.32200886262924666,0.43253968253968256
792863db-9ff342754a4ffa38,c354b74f-0604e6b4d0d5c6ce,0.32189349112426036,0.4263322884012539
fbd26aa0-86e5fb06db5850e3,4fd752f7-38e0f848e91fac40,0.3215686274509804,0.5324675324675324
fbd26aa0-86e5fb06db5850e3,c7239c97-38e0f848e91fac40,0.3215686274509804,0.5324675324675324
21123500-86e5fb06db5850e3,4fd752f7-38e0f848e91fac40,0.3215686274509804,0.5324675324675324
21123500-86e5fb06db5850e3,c7239c97-38e0f848e91fac40,0.3215686274509804,0.5324675324675324
b1e9f1f6-f1eeb72dfe429ca1,5fcbdd19-c6a2bc1575862e8c,0.32098765432098764,0.32231404958677684
e8006510-a942e7de2ea0bfe0,f7fc2e94-16502022be18b416,0.32098765432098764,0.3577981651376147
5fcbdd19-c6a2bc1575862e8c,5dbd0a07-b35da36c85a639b9,0.32085561497326204,0.4918032786885246
bdc08e6f-cb9d48cd280e575d,aa266c38-da7978e5218b69bb,0.32075471698113206,0.5074626865671642
8a5fe3d9-93a3dad8f7666a94,d1cd194e-343ae0830706f7c5,0.32075471698113206,0.425
a3e272af-ee39311122c6be70,b2ec0eff-87b065f0615224f0,0.3205574912891986,0.42790697674418604
0922b7e7-912c39dc139062c7,e8006510-a942e7de2ea0bfe0,0.32044198895027626,0.4027777777777778
372a4f50-e0440664433d5262,83935617-f846ec75200c32ba,0.32041343669250644,0.35428571428571426
2ff0355e-fae9eee14eaf4605,856a8eda-a77e24e77755edf2,0.3202614379084967,0.362962962962963
d04e5afb-d3c6ce5b2840b6f2,0b27be88-5b928e25c8d357e8,0.32015065913371,0.38288288288288286
b728ba1d-bb217c74a7631a90,0b27be88-5b928e25c8d357e8,0.32015065913371,0.38288288288288286
d04e5afb-d3c6ce5b2840b6f2,3f4a5b64-5b928e25c8d357e8,0.32015065913371,0.38288288288288286
b728ba1d-bb217c74a7631a90,3f4a5b64-5b928e25c8d357e8,0.32015065913371,0.38288288288288286
d2f74dfc-a6bc8b6e3b8a5c14,bd7281dc-585de5acf99e052f,0.32,0.4050632911392405
8a5fe3d9-93a3dad8f7666a94,cd835290-aa04028f29b0b202,0.32,0.35
b2ec0eff-87b065f0615224f0,43b10dec-84b11a95ab43485a,0.3197969543147208,0.35097493036211697
bd7281dc-585de5acf99e052f,bf0df1d5-765ae9a582fb2fce,0.319672131147541,0.32231404958677684
ea899386-fe26667b746e7e48,aa8091b0-c399c3876af7cd18,0.319634703196347,0.4430379746835443
bf0df1d5-765ae9a582fb2fce,aa8091b0-c399c3876af7cd18,0.3193916349809886,0.34146341463414637
0017d438-22fe225779931ed1,9852706b-2f9b84e3a3814827,0.31932773109243695,0.5588235294117647
fbd26aa0-86e5fb06db5850e3,6c4ac8d3-2513a7019d585875,0.31901840490797545,0.33766233766233766
21123500-86e5fb06db5850e3,6c4ac8d3-2513a7019d585875,0.31901840490797545,0.33766233766233766
86232d21-8a914e0d06f2da9c,d55c238c-fef4ae3fa35bdcbf,0.31891891891891894,0.5412844036697247
86232d21-8a914e0d06f2da9c,ebce9e39-fef4ae3fa35bdcbf,0.31891891891891894,0.5412844036697247
cd835290-aa04028f29b0b202,372a4f50-e0440664433d5262,0.31851851851851853,0.45263157894736844
ea899386-fe26667b746e7e48,5fcbdd19-c6a2bc1575862e8c,0.31840796019900497,0.4050632911392405
4fd752f7-38e0f848e91fac40,bdc08e6f-cb9d48cd280e575d,0.3183856502242152,0.398876404494382
c7239c97-38e0f848e91fac40,bdc08e6f-cb9d48cd280e575d,0.3183856502242152,0.398876404494382
5dbd0a07-b35da36c85a639b9,307ef2cb-75a3ea19e1df4d14,0.3181312569521691,0.5674603174603174
4212c4b9-2e685cbe4e6c17ea,aa266c38-da7978e5218b69bb,0.31805929919137466,0.7283950617283951
e8006510-a942e7de2ea0bfe0,4212c4b9-2e685cbe4e6c17ea,0.3173431734317343,0.3944954128440367
24044589-bf970508f7e3f864,086f0f90-7f486c2e200f89e3,0.3173277661795407,0.5507246376811594
565f77b7-23b45b780b50095a,643e22cc-654c92232c44c62f,0.31718061674008813,0.375
cd835290-aa04028f29b0b202,1071f735-4d5dba82eb4d30f0,0.3171355498721228,0.6526315789473685
1c4d348d-bb492560940c46c0,5dbd0a07-b35da36c85a639b9,0.316622691292876,0.47244094488188976
d2f74dfc-a6bc8b6e3b8a5c14,ea899386-fe26667b746e7e48,0.31645569620253167,0.31645569620253167
4a570de6-7871367c054bc319,ac180326-05c887f789f96c6c,0.3163265306122449,0.44285714285714284
bd7281dc-585de5acf99e052f,0017d438-22fe225779931ed1,0.3161512027491409,0.38016528925619836
e8006510-a942e7de2ea0bfe0,24044589-bf970508f7e3f864,0.3157894736842105,0.3577981651376147
1071f735-4d5dba82eb4d30f0,752ea9a5-664182e6dc451c38,0.31530139103554866,0.34459459459459457
24b20554-a5b1e55952e1ee2b,8f31b279-478f8125d733625c,0.31496062992125984,0.31746031746031744
b2590225-b54d33b1108a0027,3b5cec19-6a08a847fd5569c6,0.3148148148148148,0.3695652173913043
0017d438-22fe225779931ed1,752ea9a5-664182e6dc451c38,0.31477927063339733,0.4823529411764706
3b5cec19-6a08a847fd5569c6,43b10dec-84b11a95ab43485a,0.31464737793851716,0.7016129032258065
643e22cc-654c92232c44c62f,e435b1ac-fca299e9e6a34128,0.3146067415730337,0.32061068702290074
86232d21-8a914e0d06f2da9c,856a8eda-a77e24e77755edf2,0.3142857142857143,0.4036697247706422
0017d438-22fe225779931ed1,83935617-f846ec75200c32ba,0.31413612565445026,0.35294117647058826
ea899386-fe26667b746e7e48,eec856c0-2fab8435cf84d33a,0.3140495867768595,0.4810126582278481
565f77b7-23b45b780b50095a,4fd752f7-38e0f848e91fac40,0.31386861313868614,0.4479166666666667
565f77b7-23b45b780b50095a,c7239c97-38e0f848e91fac40,0.31386861313868614,0.4479166666666667
643e22cc-654c92232c44c62f,372a4f50-e0440664433d5262,0.3137254901960784,0.366412213740458
9756f13a-bfd818b52b35503a,1071f735-4d5dba82eb4d30f0,0.31343283582089554,0.5943396226415094
372a4f50-e0440664433d5262,9852706b-2f9b84e3a3814827,0.31333333333333335,0.5371428571428571
5fcbdd19-c6a2bc1575862e8c,4fd752f7-38e0f848e91fac40,0.31333333333333335,0.38524590163934425
5fcbdd19-c6a2bc1575862e8c,c7239c97-38e0f848e91fac40,0.31333333333333335,0.38524590163934425
856a8eda-a77e24e77755edf2,83935617-f846ec75200c32ba,0.3133159268929504,0.3508771929824561
8a5fe3d9-93a3dad8f7666a94,6c4ac8d3-2513a7019d585875,0.3132530120481928,0.325
8f31b279-478f8125d733625c,f7fc2e94-16502022be18b416,0.31313131313131315,0.484375
24b20554-a5b1e55952e1ee2b,2ff0355e-fae9eee14eaf4605,0.31313131313131315,0.49206349206349204
86232d21-8a914e0d06f2da9c,bd7281dc-585de5acf99e052f,0.3130434782608696,0.3302752293577982
ea899386-fe26667b746e7e48,a3e272af-ee39311122c6be70,0.3129251700680272,0.5822784810126582
d2f74dfc-a6bc8b6e3b8a5c14,d1cd194e-343ae0830706f7c5,0.3127962085308057,0.4177215189873418
5dbd0a07-b35da36c85a639b9,aa266c38-da7978e5218b69bb,0.3125,0.5158730158730159
fbd26aa0-86e5fb06db5850e3,565f77b7-23b45b780b50095a,0.31213872832369943,0.35064935064935066
21123500-86e5fb06db5850e3,565f77b7-23b45b780b50095a,0.31213872832369943,0.35064935064935066
856a8eda-a77e24e77755edf2,9852706b-2f9b84e3a3814827,0.31208053691275167,0.543859649122807
8a5fe3d9-93a3dad8f7666a94,9756f13a-bfd818b52b35503a,0.3118279569892473,0.3625
4fd752f7-38e0f848e91fac40,9852706b-2f9b84e3a3814827,0.3117744610281924,0.5280898876404494
c7239c97-38e0f848e91fac40,9852706b-2f9b84e3a3814827,0.3117744610281924,0.5280898876404494
18e2441c-875179714224f591,fdcbdf85-577a34379de3a440,0.3116883116883117,0.47244094488188976
e8006510-a942e7de2ea0bfe0,5fcbdd19-c6a2bc1575862e8c,0.3116883116883117,0.3302752293577982
4a570de6-7871367c054bc319,fdcbdf85-577a34379de3a440,0.31155778894472363,0.44285714285714284
bd7281dc-585de5acf99e052f,e435b1ac-fca299e9e6a34128,0.311284046692607,0.3305785123966942
86232d21-8a914e0d06f2da9c,120878da-5686924b01bc5a87,0.31125827814569534,0.43119266055045874
dbffab11-9c0b8395baa43dd8,43b10dec-84b11a95ab43485a,0.3111888111888112,0.6223776223776224
fbd26aa0-86e5fb06db5850e3,120878da-5686924b01bc5a87,0.3111111111111111,0.5454545454545454
21123500-86e5fb06db5850e3,120878da-5686924b01bc5a87,0.3111111111111111,0.5454545454545454
b1e9f1f6-f1eeb72dfe429ca1,4212c4b9-2e685cbe4e6c17ea,0.31095406360424027,0.36363636363636365
2ff0355e-fae9eee14eaf4605,1071f735-4d5dba82eb4d30f0,0.3109048723897912,0.4962962962962963
24044589-bf970508f7e3f864,792863db-9ff342754a4ffa38,0.31072210065645517,0.5144927536231884
1c4d348d-bb492560940c46c0,a3e272af-ee39311122c6be70,0.30994152046783624,0.41732283464566927
86232d21-8a914e0d06f2da9c,372a4f50-e0440664433d5262,0.30985915492957744,0.4036697247706422
b1e9f1f6-f1eeb72dfe429ca1,25151980-ad6b1bb1894b0a4c,0.3088235294117647,0.34710743801652894
b2ec0eff-87b065f0615224f0,9852706b-2f9b84e3a3814827,0.3086734693877551,0.3370473537604457
86232d21-8a914e0d06f2da9c,a3e272af-ee39311122c6be70,0.30864197530864196,0.45871559633027525
5dbd0a07-b35da36c85a639b9,43b10dec-84b11a95ab43485a,0.30837004405286345,0.4166666666666667
2ff0355e-fae9eee14eaf4605,d04e5afb-d3c6ce5b2840b6f2,0.3081232492997199,0.4074074074074074
2ff0355e-fae9eee14eaf4605,b728ba1d-bb217c74a7631a90,0.3081232492997199,0.4074074074074074
fdcbdf85-577a34379de3a440,b2ec0eff-87b065f0615224f0,0.3079416531604538,0.3682170542635659
5fcbdd19-c6a2bc1575862e8c,bdc08e6f-cb9d48cd280e575d,0.3076923076923077,0.4918032786885246
bd7281dc-585de5acf99e052f,4fd752f7-38e0f848e91fac40,0.3076923076923077,0.38016528925619836
bd7281dc-585de5acf99e052f,c7239c97-38e0f848e91fac40,0.3076923076923077,0.38016528925619836
0017d438-22fe225779931ed1,43b10dec-84b11a95ab43485a,0.3071786310517529,0.5411764705882353
d55c238c-fef4ae3fa35bdcbf,aa266c38-da7978e5218b69bb,0.30677764565992865,0.4942528735632184
ebce9e39-fef4ae3fa35bdcbf,aa266c38-da7978e5218b69bb,0.30677764565992865,0.4942528735632184
a3e272af-ee39311122c6be70,d04e5afb-d3c6ce5b2840b6f2,0.30663615560640733,0.3116279069767442
a3e272af-ee39311122c6be70,b728ba1d-bb217c74a7631a90,0.30663615560640733,0.3116279069767442
b2ec0eff-87b065f0615224f0,c34bb733-06e03f348f699c75,0.30656934306569344,0.40947075208913647
fbd26aa0-86e5fb06db5850e3,856a8eda-a77e24e77755edf2,0.3064516129032258,0.4935064935064935
21123500-86e5fb06db5850e3,856a8eda-a77e24e77755edf2,0.3064516129032258,0.4935064935064935
31f29772-89be71d55d6dcbf3,43b10dec-84b11a95ab43485a,0.306368330464716,0.5855263157894737
0922b7e7-912c39dc139062c7,643e22cc-654c92232c44c62f,0.3054187192118227,0.4305555555555556
120878da-5686924b01bc5a87,aa266c38-da7978e5218b69bb,0.3053040103492885,0.6113989637305699
e8006510-a942e7de2ea0bfe0,4a570de6-7871367c054bc319,0.30522088353413657,0.3486238532110092
24044589-bf970508f7e3f864,0017d438-22fe225779931ed1,0.3051948051948052,0.34057971014492755
565f77b7-23b45b780b50095a,4a570de6-7871367c054bc319,0.3050847457627119,0.375
d04e5afb-d3c6ce5b2840b6f2,1071f735-4d5dba82eb4d30f0,0.305019305019305,0.35585585585585583
b728ba1d-bb217c74a7631a90,1071f735-4d5dba82eb4d30f0,0.305019305019305,0.35585585585585583
9756f13a-bfd818b52b35503a,eec856c0-2fab8435cf84d33a,0.3048327137546468,0.3867924528301887
86232d21-8a914e0d06f2da9c,5dbd0a07-b35da36c85a639b9,0.3047091412742382,0.5045871559633027
aa8091b0-c399c3876af7cd18,b5fbe7a2-2ed9e0e8ec9709f4,0.30434782608695654,0.35
b2590225-b54d33b1108a0027,856a8eda-a77e24e77755edf2,0.3041825095057034,0.43478260869565216
d2f74dfc-a6bc8b6e3b8a5c14,b2590225-b54d33b1108a0027,0.30409356725146197,0.3291139240506329
ea899386-fe26667b746e7e48,25597bcb-4fe4173b1428bc89,0.304,0.4810126582278481
2ff0355e-fae9eee14eaf4605,792863db-9ff342754a4ffa38,0.3039647577092511,0.5111111111111111
d55c238c-fef4ae3fa35bdcbf,752ea9a5-664182e6dc451c38,0.30392156862745096,0.3563218390804598
ebce9e39-fef4ae3fa35bdcbf,752ea9a5-664182e6dc451c38,0.30392156862745096,0.3563218390804598
1c4d348d-bb492560940c46c0,bdc08e6f-cb9d48cd280e575d,0.3037974683544304,0.47244094488188976
4d279121-ac2c1c95194dc4e6,d04e5afb-d3c6ce5b2840b6f2,0.3037249283667622,0.41732283464566927
b2590225-b54d33b1108a0027,4fd752f7-38e0f848e91fac40,0.3037037037037037,0.44565217391304346
b2590225-b54d33b1108a0027,c7239c97-38e0f848e91fac40,0.3037037037037037,0.44565217391304346
0017d438-22fe225779931ed1,ac180326-05c887f789f96c6c,0.3033175355450237,0.3764705882352941
8a5fe3d9-93a3dad8f7666a94,8a20e743-2e7f8b0754ce9549,0.30327868852459017,0.4625
fbd26aa0-86e5fb06db5850e3,b1e9f1f6-f1eeb72dfe429ca1,0.30303030303030304,0.38961038961038963
21123500-86e5fb06db5850e3,b1e9f1f6-f1eeb72dfe429ca1,0.30303030303030304,0.38961038961038963
6c4ac8d3-2513a7019d585875,d1cd194e-343ae0830706f7c5,0.30275229357798167,0.38372093023255816
aa8091b0-c399c3876af7cd18,1071f735-4d5dba82eb4d30f0,0.30275229357798167,0.4714285714285714
eec856c0-2fab8435cf84d33a,9852706b-2f9b84e3a3814827,0.30272108843537415,0.5460122699386503
8a5fe3d9-93a3dad8f7666a94,b2590225-b54d33b1108a0027,0.3023255813953488,0.325
d1cd194e-343ae0830706f7c5,83935617-f846ec75200c32ba,0.3023255813953488,0.3939393939393939
1071f735-4d5dba82eb4d30f0,b2ec0eff-87b065f0615224f0,0.30229007633587784,0.3344594594594595
6c4ac8d3-2513a7019d585875,ac180326-05c887f789f96c6c,0.30177514792899407,0.5930232558139535
e8006510-a942e7de2ea0bfe0,eec856c0-2fab8435cf84d33a,0.3014705882352941,0.3761467889908257
ea899386-fe26667b746e7e48,120878da-5686924b01bc5a87,0.3014705882352941,0.5189873417721519
4a570de6-7871367c054bc319,752ea9a5-664182e6dc451c38,0.3014256619144603,0.5285714285714286
fdcbdf85-577a34379de3a440,c354b74f-0604e6b4d0d5c6ce,0.3010204081632653,0.4573643410852713
6e637812-2cf30e4e3de74ead,4212c4b9-2e685cbe4e6c17ea,0.3010033444816054,0.3284671532846715
120878da-5686924b01bc5a87,9852706b-2f9b84e3a3814827,0.30097087378640774,0.48186528497409326
25151980-ad6b1bb1894b0a4c,aa266c38-da7978e5218b69bb,0.3009575923392613,0.7284768211920529
aa8091b0-c399c3876af7cd18,9852706b-2f9b84e3a3814827,0.3008849557522124,0.6071428571428571
e8006510-a942e7de2ea0bfe0,6e637812-2cf30e4e3de74ead,0.3008130081300813,0.3394495412844037
9756f13a-bfd818b52b35503a,aa8091b0-c399c3876af7cd18,0.3008130081300813,0.3490566037735849
8f31b279-478f8125d733625c,b5fbe7a2-2ed9e0e8ec9709f4,0.3008130081300813,0.578125
bf0df1d5-765ae9a582fb2fce,43b10dec-84b11a95ab43485a,0.3007246376811594,0.6747967479674797
8a20e743-2e7f8b0754ce9549,d04e5afb-d3c6ce5b2840b6f2,0.3005181347150259,0.35365853658536583
8a20e743-2e7f8b0754ce9549,b728ba1d-bb217c74a7631a90,0.3005181347150259,0.35365853658536583
aa8091b0-c399c3876af7cd18,120878da-5686924b01bc5a87,0.3003003003003003,0.35714285714285715
b1e9f1f6-f1eeb72dfe429ca1,ac180326-05c887f789f96c6c,0.3002680965147453,0.4628099173553719
fbd26aa0-86e5fb06db5850e3,eec856c0-2fab8435cf84d33a,0.3,0.4675324675324675
21123500-86e5fb06db5850e3,eec856c0-2fab8435cf84d33a,0.3,0.4675324675324675
43b10dec-84b11a95ab43485a,c354b74f-0604e6b4d0d5c6ce,0.2994764397905759,0.3333333333333333
5fcbdd19-c6a2bc1575862e8c,31f29772-89be71d55d6dcbf3,0.29927007299270075,0.3360655737704918
8f31b279-478f8125d733625c,0017d438-22fe225779931ed1,0.29914529914529914,0.546875
565f77b7-23b45b780b50095a,5dbd0a07-b35da36c85a639b9,0.2988505747126437,0.5416666666666666
ea899386-fe26667b746e7e48,4212c4b9-2e685cbe4e6c17ea,0.2987551867219917,0.45569620253164556
e8006510-a942e7de2ea0bfe0,d1cd194e-343ae0830706f7c5,0.2987551867219917,0.3302752293577982
d2f74dfc-a6bc8b6e3b8a5c14,5fcbdd19-c6a2bc1575862e8c,0.29850746268656714,0.379746835443038
6c4ac8d3-2513a7019d585875,b5fbe7a2-2ed9e0e8ec9709f4,0.29850746268656714,0.46511627906976744
2ff0355e-fae9eee14eaf4605,086f0f90-7f486c2e200f89e3,0.29831932773109243,0.5259259259259259
0922b7e7-912c39dc139062c7,eec856c0-2fab8435cf84d33a,0.2978723404255319,0.4861111111111111
31f29772-89be71d55d6dcbf3,aa266c38-da7978e5218b69bb,0.2978142076502732,0.7171052631578947
d2f74dfc-a6bc8b6e3b8a5c14,e435b1ac-fca299e9e6a34128,0.29767441860465116,0.4050632911392405
0017d438-22fe225779931ed1,120878da-5686924b01bc5a87,0.2975206611570248,0.3176470588235294
d55c238c-fef4ae3fa35bdcbf,c354b74f-0604e6b4d0d5c6ce,0.29733163913595934,0.4482758620689655
ebce9e39-fef4ae3fa35bdcbf,c354b74f-0604e6b4d0d5c6ce,0.29733163913595934,0.4482758620689655
5fcbdd19-c6a2bc1575862e8c,4d279121-ac2c1c95194dc4e6,0.2971887550200803,0.30327868852459017
e435b1ac-fca299e9e6a34128,aa8091b0-c399c3876af7cd18,0.2971014492753623,0.3014705882352941
b5fbe7a2-2ed9e0e8ec9709f4,d04e5afb-d3c6ce5b2840b6f2,0.297029702970297,0.32967032967032966
b5fbe7a2-2ed9e0e8ec9709f4,b728ba1d-bb217c74a7631a90,0.297029702970297,0.32967032967032966
aa8091b0-c399c3876af7cd18,fdcbdf85-577a34379de3a440,0.2964824120603015,0.42142857142857143
1c4d348d-bb492560940c46c0,0017d438-22fe225779931ed1,0.2962962962962963,0.3464566929133858
9756f13a-bfd818b52b35503a,6e637812-2cf30e4e3de74ead,0.2962962962962963,0.33962264150943394
8a5fe3d9-93a3dad8f7666a94,86232d21-8a914e0d06f2da9c,0.2962962962962963,0.35
fdcbdf85-577a34379de3a440,c34bb733-06e03f348f699c75,0.29603729603729606,0.49224806201550386
0922b7e7-912c39dc139062c7,4fd752f7-38e0f848e91fac40,0.296,0.5138888888888888
0922b7e7-912c39dc139062c7,c7239c97-38e0f848e91fac40,0.296,0.5138888888888888
bf0df1d5-765ae9a582fb2fce,9852706b-2f9b84e3a3814827,0.2956204379562044,0.6585365853658537
24b20554-a5b1e55952e1ee2b,aa8091b0-c399c3876af7cd18,0.2955665024630542,0.47619047619047616
b1e9f1f6-f1eeb72dfe429ca1,dbffab11-9c0b8395baa43dd8,0.29545454545454547,0.32231404958677684
fbd26aa0-86e5fb06db5850e3,9756f13a-bfd818b52b35503a,0.29508196721311475,0.35064935064935066
21123500-86e5fb06db5850e3,9756f13a-bfd818b52b35503a,0.29508196721311475,0.35064935064935066
565f77b7-23b45b780b50095a,4212c4b9-2e685cbe4e6c17ea,0.29457364341085274,0.3958333333333333
86232d21-8a914e0d06f2da9c,5fcbdd19-c6a2bc1575862e8c,0.2943722943722944,0.3119266055045872
a3e272af-ee39311122c6be70,c354b74f-0604e6b4d0d5c6ce,0.2941970310391363,0.5069767441860465
fbd26aa0-86e5fb06db5850e3,1c4d348d-bb492560940c46c0,0.29411764705882354,0.38961038961038963
21123500-86e5fb06db5850e3,1c4d348d-bb492560940c46c0,0.29411764705882354,0.38961038961038963
e8006510-a942e7de2ea0bfe0,0017d438-22fe225779931ed1,0.2939068100358423,0.3761467889908257
8f31b279-478f8125d733625c,d2f74dfc-a6bc8b6e3b8a5c14,0.2937062937062937,0.328125
86232d21-8a914e0d06f2da9c,ac180326-05c887f789f96c6c,0.29362880886426596,0.48623853211009177
6e637812-2cf30e4e3de74ead,ac180326-05c887f789f96c6c,0.2930591259640103,0.41605839416058393
bf0df1d5-765ae9a582fb2fce,aa266c38-da7978e5218b69bb,0.2930298719772404,0.8373983739837398
2ff0355e-fae9eee14eaf4605,d55c238c-fef4ae3fa35bdcbf,0.29292929292929293,0.42962962962962964
2ff0355e-fae9eee14eaf4605,ebce9e39-fef4ae3fa35bdcbf,0.29292929292929293,0.42962962962962964
9756f13a-bfd818b52b35503a,4a570de6-7871367c054bc319,0.2926829268292683,0.33962264150943394
565f77b7-23b45b780b50095a,8a20e743-2e7f8b0754ce9549,0.2923076923076923,0.3958333333333333
b2590225-b54d33b1108a0027,18e2441c-875179714224f591,0.2922374429223744,0.34782608695652173
0b27be88-5b928e25c8d357e8,c354b74f-0604e6b4d0d5c6ce,0.29221556886227545,0.3948220064724919
3f4a5b64-5b928e25c8d357e8,c354b74f-0604e6b4d0d5c6ce,0.29221556886227545,0.3948220064724919
b2590225-b54d33b1108a0027,792863db-9ff342754a4ffa38,0.291970802919708,0.6521739130434783
d2f74dfc-a6bc8b6e3b8a5c14,9756f13a-bfd818b52b35503a,0.2918918918918919,0.34177215189873417
9756f13a-bfd818b52b35503a,4d279121-ac2c1c95194dc4e6,0.2918454935622318,0.32075471698113206
fbd26aa0-86e5fb06db5850e3,5dbd0a07-b35da36c85a639b9,0.2917933130699088,0.6233766233766234
21123500-86e5fb06db5850e3,5dbd0a07-b35da36c85a639b9,0.2917933130699088,0.6233766233766234
86232d21-8a914e0d06f2da9c,bdc08e6f-cb9d48cd280e575d,0.2917771883289125,0.5045871559633027
d1cd194e-343ae0830706f7c5,086f0f90-7f486c2e200f89e3,0.2917547568710359,0.5227272727272727
1c4d348d-bb492560940c46c0,43b10dec-84b11a95ab43485a,0.29136690647482016,0.6377952755905512
120878da-5686924b01bc5a87,83935617-f846ec75200c32ba,0.291358024691358,0.30569948186528495
ac180326-05c887f789f96c6c,c34bb733-06e03f348f699c75,0.29107981220657275,0.49206349206349204
ea899386-fe26667b746e7e48,f7fc2e94-16502022be18b416,0.29107981220657275,0.3924050632911392
31f29772-89be71d55d6dcbf3,25597bcb-4fe4173b1428bc89,0.29102167182662536,0.3092105263157895
565f77b7-23b45b780b50095a,3b5cec19-6a08a847fd5569c6,0.2909090909090909,0.3333333333333333
ac180326-05c887f789f96c6c,aa266c38-da7978e5218b69bb,0.29086538461538464,0.4801587301587302
9756f13a-bfd818b52b35503a,086f0f90-7f486c2e200f89e3,0.29082774049217003,0.6132075471698113
24b20554-a5b1e55952e1ee2b,bf0df1d5-765ae9a582fb2fce,0.2903225806451613,0.42857142857142855
a3e272af-ee39311122c6be70,0b27be88-5b928e25c8d357e8,0.2900763358778626,0.35348837209302325
a3e272af-ee39311122c6be70,3f4a5b64-5b928e25c8d357e8,0.2900763358778626,0.35348837209302325
bdc08e6f-cb9d48cd280e575d,c354b74f-0604e6b4d0d5c6ce,0.28967254408060455,0.4291044776119403
b5fbe7a2-2ed9e0e8ec9709f4,752ea9a5-664182e6dc451c38,0.28893058161350843,0.4230769230769231
86232d21-8a914e0d06f2da9c,fdcbdf85-577a34379de3a440,0.2888283378746594,0.48623853211009177
9756f13a-bfd818b52b35503a,25597bcb-4fe4173b1428bc89,0.2888086642599278,0.37735849056603776
6c4ac8d3-2513a7019d585875,5fcbdd19-c6a2bc1575862e8c,0.28846153846153844,0.3488372093023256
0922b7e7-912c39dc139062c7,8a20e743-2e7f8b0754ce9549,0.288135593220339,0.4722222222222222
3b5cec19-6a08a847fd5569c6,9852706b-2f9b84e3a3814827,0.2877959927140255,0.6370967741935484
e435b1ac-fca299e9e6a34128,83935617-f846ec75200c32ba,0.28735632183908044,0.36764705882352944
dbffab11-9c0b8395baa43dd8,83935617-f846ec75200c32ba,0.28732394366197184,0.35664335664335667
d2f74dfc-a6bc8b6e3b8a5c14,e8006510-a942e7de2ea0bfe0,0.2872340425531915,0.34177215189873417
829d2024-2470d914e91e437d,18e2441c-875179714224f591,0.28717948717948716,0.4117647058823529
8f31b279-478f8125d733625c,643e22cc-654c92232c44c62f,0.28717948717948716,0.4375
856a8eda-a77e24e77755edf2,d55c238c-fef4ae3fa35bdcbf,0.28703703703703703,0.36257309941520466
856a8eda-a77e24e77755edf2,ebce9e39-fef4ae3fa35bdcbf,0.28703703703703703,0.36257309941520466
cd835290-aa04028f29b0b202,bd7281dc-585de5acf99e052f,0.28703703703703703,0.3263157894736842
18e2441c-875179714224f591,792863db-9ff342754a4ffa38,0.28699551569506726,0.5039370078740157
24044589-bf970508f7e3f864,aa266c38-da7978e5218b69bb,0.28690807799442897,0.7463768115942029
8f31b279-478f8125d733625c,a3e272af-ee39311122c6be70,0.2867383512544803,0.625
0922b7e7-912c39dc139062c7,3b5cec19-6a08a847fd5569c6,0.2857142857142857,0.3888888888888889
6c4ac8d3-2513a7019d585875,d04e5afb-d3c6ce5b2840b6f2,0.2857142857142857,0.5116279069767442
6c4ac8d3-2513a7019d585875,b728ba1d-bb217c74a7631a90,0.2857142857142857,0.5116279069767442
86232d21-8a914e0d06f2da9c,4fd752f7-38e0f848e91fac40,0.2857142857142857,0.3761467889908257
d2f74dfc-a6bc8b6e3b8a5c14,31f29772-89be71d55d6dcbf3,0.2857142857142857,0.4177215189873418
0922b7e7-912c39dc139062c7,31f29772-89be71d55d6dcbf3,0.2857142857142857,0.4444444444444444
b1e9f1f6-f1eeb72dfe429ca1,d04e5afb-d3c6ce5b2840b6f2,0.2857142857142857,0.4049586776859504
829d2024-2470d914e91e437d,d2f74dfc-a6bc8b6e3b8a5c14,0.2857142857142857,0.3088235294117647
86232d21-8a914e0d06f2da9c,c7239c97-38e0f848e91fac40,0.2857142857142857,0.3761467889908257
b1e9f1f6-f1eeb72dfe429ca1,a3e272af-ee39311122c6be70,0.2857142857142857,0.39669421487603307
b1e9f1f6-f1eeb72dfe429ca1,b728ba1d-bb217c74a7631a90,0.2857142857142857,0.4049586776859504
565f77b7-23b45b780b50095a,bdc08e6f-cb9d48cd280e575d,0.2857142857142857,0.5416666666666666
643e22cc-654c92232c44c62f,2ff0355e-fae9eee14eaf4605,0.2857142857142857,0.2900763358778626
eec856c0-2fab8435cf84d33a,aa266c38-da7978e5218b69bb,0.2853297442799462,0.6503067484662577
d1cd194e-343ae0830706f7c5,d55c238c-fef4ae3fa35bdcbf,0.28498727735368956,0.42424242424242425
d1cd194e-343ae0830706f7c5,ebce9e39-fef4ae3fa35bdcbf,0.28498727735368956,0.42424242424242425
b2590225-b54d33b1108a0027,b5fbe7a2-2ed9e0e8ec9709f4,0.2846715328467153,0.42391304347826086
752ea9a5-664182e6dc451c38,43b10dec-84b11a95ab43485a,0.2846153846153846,0.3162393162393162
b1e9f1f6-f1eeb72dfe429ca1,d1cd194e-343ae0830706f7c5,0.2845849802371542,0.2975206611570248
bd7281dc-585de5acf99e052f,d1cd194e-343ae0830706f7c5,0.2845849802371542,0.2975206611570248
8f31b279-478f8125d733625c,372a4f50-e0440664433d5262,0.28451882845188287,0.53125
5fcbdd19-c6a2bc1575862e8c,fdcbdf85-577a34379de3a440,0.28421052631578947,0.4426229508196721
4a570de6-7871367c054bc319,83935617-f846ec75200c32ba,0.2840909090909091,0.35714285714285715
6c4ac8d3-2513a7019d585875,5dbd0a07-b35da36c85a639b9,0.28402366863905326,0.5581395348837209
5fcbdd19-c6a2bc1575862e8c,d1cd194e-343ae0830706f7c5,0.28346456692913385,0.29508196721311475
5fcbdd19-c6a2bc1575862e8c,ac180326-05c887f789f96c6c,0.28342245989304815,0.4344262295081967
2ff0355e-fae9eee14eaf4605,b2ec0eff-87b065f0615224f0,0.2834008097165992,0.5185185185185185
d04e5afb-d3c6ce5b2840b6f2,fdcbdf85-577a34379de3a440,0.2833333333333333,0.3063063063063063
b728ba1d-bb217c74a7631a90,fdcbdf85-577a34379de3a440,0.2833333333333333,0.3063063063063063
e8006510-a942e7de2ea0bfe0,3b5cec19-6a08a847fd5569c6,0.2832618025751073,0.30275229357798167
4a570de6-7871367c054bc319,9852706b-2f9b84e3a3814827,0.2831858407079646,0.5714285714285714
b2590225-b54d33b1108a0027,4d279121-ac2c1c95194dc4e6,0.2831050228310502,0.33695652173913043
b2590225-b54d33b1108a0027,1c4d348d-bb492560940c46c0,0.2831050228310502,0.33695652173913043
b1e9f1f6-f1eeb72dfe429ca1,1071f735-4d5dba82eb4d30f0,0.2829736211031175,0.48760330578512395
25151980-ad6b1bb1894b0a4c,752ea9a5-664182e6dc451c38,0.28286852589641437,0.47019867549668876
25151980-ad6b1bb1894b0a4c,43b10dec-84b11a95ab43485a,0.2827586206896552,0.543046357615894
b2590225-b54d33b1108a0027,2ff0355e-fae9eee14eaf4605,0.28193832599118945,0.34782608695652173
86232d21-8a914e0d06f2da9c,b5fbe7a2-2ed9e0e8ec9709f4,0.281786941580756,0.3761467889908257
dbffab11-9c0b8395baa43dd8,9852706b-2f9b84e3a3814827,0.28169014084507044,0.5594405594405595
d1cd194e-343ae0830706f7c5,43b10dec-84b11a95ab43485a,0.2816399286987522,0.5984848484848485
ea899386-fe26667b746e7e48,1c4d348d-bb492560940c46c0,0.2815533980582524,0.3670886075949367
fbd26aa0-86e5fb06db5850e3,5fcbdd19-c6a2bc1575862e8c,0.2814070351758794,0.36363636363636365
21123500-86e5fb06db5850e3,5fcbdd19-c6a2bc1575862e8c,0.2814070351758794,0.36363636363636365
829d2024-2470d914e91e437d,643e22cc-654c92232c44c62f,0.2814070351758794,0.4117647058823529
b1e9f1f6-f1eeb72dfe429ca1,086f0f90-7f486c2e200f89e3,0.2813852813852814,0.5371900826446281
bdc08e6f-cb9d48cd280e575d,752ea9a5-664182e6dc451c38,0.28109854604200324,0.3246268656716418
9756f13a-bfd818b52b35503a,120878da-5686924b01bc5a87,0.2809364548494983,0.39622641509433965
cd835290-aa04028f29b0b202,d55c238c-fef4ae3fa35bdcbf,0.2808988764044944,0.5263157894736842
cd835290-aa04028f29b0b202,ebce9e39-fef4ae3fa35bdcbf,0.2808988764044944,0.5263157894736842
b1e9f1f6-f1eeb72dfe429ca1,856a8eda-a77e24e77755edf2,0.2808219178082192,0.33884297520661155
0b27be88-5b928e25c8d357e8,792863db-9ff342754a4ffa38,0.2802547770700637,0.284789644012945
3f4a5b64-5b928e25c8d357e8,792863db-9ff342754a4ffa38,0.2802547770700637,0.284789644012945
cd835290-aa04028f29b0b202,792863db-9ff342754a4ffa38,0.28019323671497587,0.6105263157894737
d2f74dfc-a6bc8b6e3b8a5c14,4fd752f7-38e0f848e91fac40,0.2801556420233463,0.45569620253164556
d2f74dfc-a6bc8b6e3b8a5c14,c7239c97-38e0f848e91fac40,0.2801556420233463,0.45569620253164556
0017d438-22fe225779931ed1,aa266c38-da7978e5218b69bb,0.28,0.6176470588235294
b5fbe7a2-2ed9e0e8ec9709f4,307ef2cb-75a3ea19e1df4d14,0.2798552472858866,0.6373626373626373
8a20e743-2e7f8b0754ce9549,752ea9a5-664182e6dc451c38,0.2796116504854369,0.43902439024390244
d1cd194e-343ae0830706f7c5,aa8091b0-c399c3876af7cd18,0.27941176470588236,0.2878787878787879
dbffab11-9c0b8395baa43dd8,aa266c38-da7978e5218b69bb,0.2793914246196404,0.7062937062937062
4a570de6-7871367c054bc319,d55c238c-fef4ae3fa35bdcbf,0.2793017456359102,0.4
4a570de6-7871367c054bc319,ebce9e39-fef4ae3fa35bdcbf,0.2793017456359102,0.4
cd835290-aa04028f29b0b202,18e2441c-875179714224f591,0.27927927927927926,0.3263157894736842
5fcbdd19-c6a2bc1575862e8c,dbffab11-9c0b8395baa43dd8,0.2792452830188679,0.30327868852459017
bd7281dc-585de5acf99e052f,6e637812-2cf30e4e3de74ead,0.27906976744186046,0.2975206611570248
4d279121-ac2c1c95194dc4e6,643e22cc-654c92232c44c62f,0.27906976744186046,0.28346456692913385
4d279121-ac2c1c95194dc4e6,9852706b-2f9b84e3a3814827,0.27898550724637683,0.6062992125984252
bdc08e6f-cb9d48cd280e575d,c34bb733-06e03f348f699c75,0.27880184331797236,0.45149253731343286
b2590225-b54d33b1108a0027,31f29772-89be71d55d6dcbf3,0.2786885245901639,0.3695652173913043
d04e5afb-d3c6ce5b2840b6f2,ac180326-05c887f789f96c6c,0.27848101265822783,0.2972972972972973
b728ba1d-bb217c74a7631a90,ac180326-05c887f789f96c6c,0.27848101265822783,0.2972972972972973
fbd26aa0-86e5fb06db5850e3,bdc08e6f-cb9d48cd280e575d,0.2782608695652174,0.6233766233766234
21123500-86e5fb06db5850e3,bdc08e6f-cb9d48cd280e575d,0.2782608695652174,0.6233766233766234
8a5fe3d9-93a3dad8f7666a94,e435b1ac-fca299e9e6a34128,0.2777777777777778,0.375
cd835290-aa04028f29b0b202,fdcbdf85-577a34379de3a440,0.2776203966005666,0.5157894736842106
643e22cc-654c92232c44c62f,d04e5afb-d3c6ce5b2840b6f2,0.2776203966005666,0.37404580152671757
643e22cc-654c92232c44c62f,b728ba1d-bb217c74a7631a90,0.2776203966005666,0.37404580152671757
cd835290-aa04028f29b0b202,d04e5afb-d3c6ce5b2840b6f2,0.277602523659306,0.4631578947368421
cd835290-aa04028f29b0b202,b728ba1d-bb217c74a7631a90,0.277602523659306,0.4631578947368421
eec856c0-2fab8435cf84d33a,83935617-f846ec75200c32ba,0.2773333333333333,0.31901840490797545
b5fbe7a2-2ed9e0e8ec9709f4,b2ec0eff-87b065f0615224f0,0.27726432532347506,0.41208791208791207
6e637812-2cf30e4e3de74ead,1071f735-4d5dba82eb4d30f0,0.27713625866050806,0.43795620437956206
f7fc2e94-16502022be18b416,43b10dec-84b11a95ab43485a,0.27708703374777977,0.582089552238806
0b27be88-5b928e25c8d357e8,086f0f90-7f486c2e200f89e3,0.27692307692307694,0.2912621359223301
3f4a5b64-5b928e25c8d357e8,086f0f90-7f486c2e200f89e3,0.27692307692307694,0.2912621359223301
9756f13a-bfd818b52b35503a,83935617-f846ec75200c32ba,0.27672955974842767,0.41509433962264153
cd835290-aa04028f29b0b202,ac180326-05c887f789f96c6c,0.276657060518732,0.5052631578947369
120878da-5686924b01bc5a87,43b10dec-84b11a95ab43485a,0.2765273311897106,0.44559585492227977
6c4ac8d3-2513a7019d585875,372a4f50-e0440664433d5262,0.27586206896551724,0.4186046511627907
cd835290-aa04028f29b0b202,6e637812-2cf30e4e3de74ead,0.27586206896551724,0.3368421052631579
ea899386-fe26667b746e7e48,b5fbe7a2-2ed9e0e8ec9709f4,0.27586206896551724,0.45569620253164556
bf0df1d5-765ae9a582fb2fce,643e22cc-654c92232c44c62f,0.2755905511811024,0.2845528455284553
ea899386-fe26667b746e7e48,372a4f50-e0440664433d5262,0.2755905511811024,0.4430379746835443
4d279121-ac2c1c95194dc4e6,b728ba1d-bb217c74a7631a90,0.27507163323782235,0.3779527559055118
86232d21-8a914e0d06f2da9c,643e22cc-654c92232c44c62f,0.275,0.30275229357798167
d2f74dfc-a6bc8b6e3b8a5c14,83935617-f846ec75200c32ba,0.27491408934707906,0.5063291139240507
5fcbdd19-c6a2bc1575862e8c,4a570de6-7871367c054bc319,0.2748091603053435,0.29508196721311475
5fcbdd19-c6a2bc1575862e8c,4212c4b9-2e685cbe4e6c17ea,0.2746478873239437,0.319672131147541
bd7281dc-585de5acf99e052f,f7fc2e94-16502022be18b416,0.27450980392156865,0.2892561983471074
1c4d348d-bb492560940c46c0,aa266c38-da7978e5218b69bb,0.2743988684582744,0.7637795275590551
6c4ac8d3-2513a7019d585875,4a570de6-7871367c054bc319,0.2743362831858407,0.36046511627906974
24044589-bf970508f7e3f864,83935617-f846ec75200c32ba,0.2742857142857143,0.34782608695652173
43b10dec-84b11a95ab43485a,c34bb733-06e03f348f699c75,0.27405247813411077,0.32867132867132864
6e637812-2cf30e4e3de74ead,9852706b-2f9b84e3a3814827,0.27402135231316727,0.5620437956204379
dbffab11-9c0b8395baa43dd8,d04e5afb-d3c6ce5b2840b6f2,0.273972602739726,0.34965034965034963
dbffab11-9c0b8395baa43dd8,b728ba1d-bb217c74a7631a90,0.273972602739726,0.34965034965034963
b1e9f1f6-f1eeb72dfe429ca1,25597bcb-4fe4173b1428bc89,0.273972602739726,0.3305785123966942
b1e9f1f6-f1eeb72dfe429ca1,120878da-5686924b01bc5a87,0.27388535031847133,0.35537190082644626
829d2024-2470d914e91e437d,086f0f90-7f486c2e200f89e3,0.27383863080684595,0.8235294117647058
0922b7e7-912c39dc139062c7,aa8091b0-c399c3876af7cd18,0.27358490566037735,0.4027777777777778
86232d21-8a914e0d06f2da9c,aa8091b0-c399c3876af7cd18,0.27309236947791166,0.3119266055045872
643e22cc-654c92232c44c62f,aa8091b0-c399c3876af7cd18,0.2730627306273063,0.2824427480916031
6e637812-2cf30e4e3de74ead,4fd752f7-38e0f848e91fac40,0.273015873015873,0.31386861313868614
6e637812-2cf30e4e3de74ead,c7239c97-38e0f848e91fac40,0.273015873015873,0.31386861313868614
3b5cec19-6a08a847fd5569c6,aa266c38-da7978e5218b69bb,0.2727272727272727,0.7741935483870968
0922b7e7-912c39dc139062c7,0017d438-22fe225779931ed1,0.2727272727272727,0.4583333333333333
8a5fe3d9-93a3dad8f7666a94,aa8091b0-c399c3876af7cd18,0.2727272727272727,0.375
6c4ac8d3-2513a7019d585875,1c4d348d-bb492560940c46c0,0.27230046948356806,0.3372093023255814
8f31b279-478f8125d733625c,18e2441c-875179714224f591,0.27225130890052357,0.40625
5dbd0a07-b35da36c85a639b9,752ea9a5-664182e6dc451c38,0.27197346600331673,0.3253968253968254
829d2024-2470d914e91e437d,24044589-bf970508f7e3f864,0.27184466019417475,0.4117647058823529
8a20e743-2e7f8b0754ce9549,9852706b-2f9b84e3a3814827,0.27164685908319186,0.4878048780487805
829d2024-2470d914e91e437d,372a4f50-e0440664433d5262,0.2716049382716049,0.4852941176470588
643e22cc-654c92232c44c62f,120878da-5686924b01bc5a87,0.2716049382716049,0.33587786259541985
83935617-f846ec75200c32ba,5dbd0a07-b35da36c85a639b9,0.27155172413793105,0.2971698113207547
643e22cc-654c92232c44c62f,5dbd0a07-b35da36c85a639b9,0.27154046997389036,0.3969465648854962
829d2024-2470d914e91e437d,83935617-f846ec75200c32ba,0.2714285714285714,0.5588235294117647
6c4ac8d3-2513a7019d585875,bdc08e6f-cb9d48cd280e575d,0.2711864406779661,0.5581395348837209
bdc08e6f-cb9d48cd280e575d,b2ec0eff-87b065f0615224f0,0.2711323763955343,0.31716417910447764
6c4ac8d3-2513a7019d585875,bd7281dc-585de5acf99e052f,0.27053140096618356,0.32558139534883723
372a4f50-e0440664433d5262,aa266c38-da7978e5218b69bb,0.27019867549668874,0.5828571428571429
eec856c0-2fab8435cf84d33a,d04e5afb-d3c6ce5b2840b6f2,0.2701298701298701,0.31901840490797545
eec856c0-2fab8435cf84d33a,b728ba1d-bb217c74a7631a90,0.2701298701298701,0.31901840490797545
4fd752f7-38e0f848e91fac40,d04e5afb-d3c6ce5b2840b6f2,0.27,0.30337078651685395
4fd752f7-38e0f848e91fac40,b728ba1d-bb217c74a7631a90,0.27,0.30337078651685395
c7239c97-38e0f848e91fac40,d04e5afb-d3c6ce5b2840b6f2,0.27,0.30337078651685395
c7239c97-38e0f848e91fac40,b728ba1d-bb217c74a7631a90,0.27,0.30337078651685395
5dbd0a07-b35da36c85a639b9,c354b74f-0604e6b4d0d5c6ce,0.2699228791773779,0.4166666666666667
b1e9f1f6-f1eeb72dfe429ca1,643e22cc-654c92232c44c62f,0.2698412698412698,0.2809917355371901
4d279121-ac2c1c95194dc4e6,43b10dec-84b11a95ab43485a,0.2697841726618705,0.5905511811023622
24b20554-a5b1e55952e1ee2b,31f29772-89be71d55d6dcbf3,0.26976744186046514,0.4603174603174603
18e2441c-875179714224f591,4a570de6-7871367c054bc319,0.2696629213483146,0.28346456692913385
4212c4b9-2e685cbe4e6c17ea,307ef2cb-75a3ea19e1df4d14,0.2694684796044499,0.6728395061728395
25597bcb-4fe4173b1428bc89,a3e272af-ee39311122c6be70,0.2694300518134715,0.30409356725146197
bf0df1d5-765ae9a582fb2fce,6e637812-2cf30e4e3de74ead,0.2692307692307692,0.2845528455284553
5fcbdd19-c6a2bc1575862e8c,24044589-bf970508f7e3f864,0.2692307692307692,0.28688524590163933
fbd26aa0-86e5fb06db5850e3,643e22cc-654c92232c44c62f,0.2692307692307692,0.36363636363636365
21123500-86e5fb06db5850e3,643e22cc-654c92232c44c62f,0.2692307692307692,0.36363636363636365
829d2024-2470d914e91e437d,1071f735-4d5dba82eb4d30f0,0.2692307692307692,0.7205882352941176
120878da-5686924b01bc5a87,752ea9a5-664182e6dc451c38,0.26838235294117646,0.37823834196891193
b5fbe7a2-2ed9e0e8ec9709f4,c354b74f-0604e6b4d0d5c6ce,0.268361581920904,0.521978021978022
f7fc2e94-16502022be18b416,d55c238c-fef4ae3fa35bdcbf,0.2683544303797468,0.39552238805970147
f7fc2e94-16502022be18b416,ebce9e39-fef4ae3fa35bdcbf,0.2683544303797468,0.39552238805970147
b1e9f1f6-f1eeb72dfe429ca1,0017d438-22fe225779931ed1,0.26804123711340205,0.32231404958677684
9756f13a-bfd818b52b35503a,a3e272af-ee39311122c6be70,0.26791277258566976,0.4056603773584906
24b20554-a5b1e55952e1ee2b,ea899386-fe26667b746e7e48,0.2676056338028169,0.30158730158730157
5dbd0a07-b35da36c85a639b9,c34bb733-06e03f348f699c75,0.2676056338028169,0.4523809523809524
6e637812-2cf30e4e3de74ead,792863db-9ff342754a4ffa38,0.2675438596491228,0.44525547445255476
0017d438-22fe225779931ed1,c354b74f-0604e6b4d0d5c6ce,0.2672413793103448,0.5470588235294118
4a570de6-7871367c054bc319,43b10dec-84b11a95ab43485a,0.2671353251318102,0.5428571428571428
aa8091b0-c399c3876af7cd18,31f29772-89be71d55d6dcbf3,0.2671232876712329,0.2785714285714286
bf0df1d5-765ae9a582fb2fce,d04e5afb-d3c6ce5b2840b6f2,0.26666666666666666,0.37398373983739835
bf0df1d5-765ae9a582fb2fce,b728ba1d-bb217c74a7631a90,0.26666666666666666,0.37398373983739835
86232d21-8a914e0d06f2da9c,1071f735-4d5dba82eb4d30f0,0.26666666666666666,0.4954128440366973
120878da-5686924b01bc5a87,307ef2cb-75a3ea19e1df4d14,0.26666666666666666,0.5803108808290155
aa8091b0-c399c3876af7cd18,372a4f50-e0440664433d5262,0.26666666666666666,0.3
fbd26aa0-86e5fb06db5850e3,25597bcb-4fe4173b1428bc89,0.2661290322580645,0.42857142857142855
21123500-86e5fb06db5850e3,25597bcb-4fe4173b1428bc89,0.2661290322580645,0.42857142857142855
86232d21-8a914e0d06f2da9c,d04e5afb-d3c6ce5b2840b6f2,0.26586102719033233,0.4036697247706422
86232d21-8a914e0d06f2da9c,b728ba1d-bb217c74a7631a90,0.26586102719033233,0.4036697247706422
6c4ac8d3-2513a7019d585875,a3e272af-ee39311122c6be70,0.26578073089701,0.46511627906976744
b2590225-b54d33b1108a0027,8a20e743-2e7f8b0754ce9549,0.265625,0.3695652173913043
aa8091b0-c399c3876af7cd18,5dbd0a07-b35da36c85a639b9,0.2653061224489796,0.37142857142857144
18e2441c-875179714224f591,086f0f90-7f486c2e200f89e3,0.26495726495726496,0.4881889763779528
ac180326-05c887f789f96c6c,307ef2cb-75a3ea19e1df4d14,0.26473859844271413,0.4722222222222222
2ff0355e-fae9eee14eaf4605,6e637812-2cf30e4e3de74ead,0.2647058823529412,0.26666666666666666
0922b7e7-912c39dc139062c7,d1cd194e-343ae0830706f7c5,0.2647058823529412,0.375
d55c238c-fef4ae3fa35bdcbf,b2ec0eff-87b065f0615224f0,0.2645161290322581,0.31417624521072796
ebce9e39-fef4ae3fa35bdcbf,b2ec0eff-87b065f0615224f0,0.2645161290322581,0.31417624521072796
24b20554-a5b1e55952e1ee2b,8a20e743-2e7f8b0754ce9549,0.2643171806167401,0.47619047619047616
e8006510-a942e7de2ea0bfe0,25597bcb-4fe4173b1428bc89,0.2642857142857143,0.3394495412844037
d1cd194e-343ae0830706f7c5,aa266c38-da7978e5218b69bb,0.2640449438202247,0.7121212121212122
d1cd194e-343ae0830706f7c5,25597bcb-4fe4173b1428bc89,0.264026402640264,0.30303030303030304
e8006510-a942e7de2ea0bfe0,8a20e743-2e7f8b0754ce9549,0.26373626373626374,0.3302752293577982
6c4ac8d3-2513a7019d585875,f7fc2e94-16502022be18b416,0.2636363636363636,0.3372093023255814
6e637812-2cf30e4e3de74ead,086f0f90-7f486c2e200f89e3,0.26359832635983266,0.45985401459854014
cd835290-aa04028f29b0b202,856a8eda-a77e24e77755edf2,0.2631578947368421,0.3684210526315789
cd835290-aa04028f29b0b202,25597bcb-4fe4173b1428bc89,0.2631578947368421,0.3684210526315789
25151980-ad6b1bb1894b0a4c,307ef2cb-75a3ea19e1df4d14,0.2631578947368421,0.695364238410596
d2f74dfc-a6bc8b6e3b8a5c14,f7fc2e94-16502022be18b416,0.26291079812206575,0.35443037974683544
b1e9f1f6-f1eeb72dfe429ca1,5dbd0a07-b35da36c85a639b9,0.26273458445040215,0.4049586776859504
bd7281dc-585de5acf99e052f,5dbd0a07-b35da36c85a639b9,0.26273458445040215,0.4049586776859504
86232d21-8a914e0d06f2da9c,1c4d348d-bb492560940c46c0,0.2627118644067797,0.28440366972477066
565f77b7-23b45b780b50095a,eec856c0-2fab8435cf84d33a,0.2625482625482625,0.3541666666666667
83935617-f846ec75200c32ba,bdc08e6f-cb9d48cd280e575d,0.2625,0.2971698113207547
6c4ac8d3-2513a7019d585875,2ff0355e-fae9eee14eaf4605,0.26244343891402716,0.3372093023255814
6e637812-2cf30e4e3de74ead,752ea9a5-664182e6dc451c38,0.26229508196721313,0.46715328467153283
6e637812-2cf30e4e3de74ead,b2ec0eff-87b065f0615224f0,0.2620967741935484,0.4744525547445255
ac180326-05c887f789f96c6c,752ea9a5-664182e6dc451c38,0.2620232172470978,0.3134920634920635
9756f13a-bfd818b52b35503a,bf0df1d5-765ae9a582fb2fce,0.26200873362445415,0.2830188679245283
5dbd0a07-b35da36c85a639b9,b2ec0eff-87b065f0615224f0,0.2618657937806874,0.31746031746031744
8a20e743-2e7f8b0754ce9549,307ef2cb-75a3ea19e1df4d14,0.26140567200986436,0.6463414634146342
0922b7e7-912c39dc139062c7,4d279121-ac2c1c95194dc4e6,0.2613065326633166,0.3611111111111111
24b20554-a5b1e55952e1ee2b,e435b1ac-fca299e9e6a34128,0.2613065326633166,0.4126984126984127
cd835290-aa04028f29b0b202,1c4d348d-bb492560940c46c0,0.26126126126126126,0.30526315789473685
4a570de6-7871367c054bc319,c354b74f-0604e6b4d0d5c6ce,0.26126126126126126,0.6214285714285714
bd7281dc-585de5acf99e052f,3b5cec19-6a08a847fd5569c6,0.2612244897959184,0.2644628099173554
5fcbdd19-c6a2bc1575862e8c,a3e272af-ee39311122c6be70,0.26112759643916916,0.36065573770491804
4a570de6-7871367c054bc319,aa266c38-da7978e5218b69bb,0.2611111111111111,0.6714285714285714
565f77b7-23b45b780b50095a,f7fc2e94-16502022be18b416,0.2608695652173913,0.3125
8f31b279-478f8125d733625c,83935617-f846ec75200c32ba,0.2608695652173913,0.5625
643e22cc-654c92232c44c62f,bdc08e6f-cb9d48cd280e575d,0.2606516290726817,0.3969465648854962
bd7281dc-585de5acf99e052f,4a570de6-7871367c054bc319,0.26053639846743293,0.2809917355371901
fbd26aa0-86e5fb06db5850e3,d55c238c-fef4ae3fa35bdcbf,0.2603550295857988,0.5714285714285714
21123500-86e5fb06db5850e3,d55c238c-fef4ae3fa35bdcbf,0.2603550295857988,0.5714285714285714
fbd26aa0-86e5fb06db5850e3,ebce9e39-fef4ae3fa35bdcbf,0.2603550295857988,0.5714285714285714
21123500-86e5fb06db5850e3,ebce9e39-fef4ae3fa35bdcbf,0.2603550295857988,0.5714285714285714
4fd752f7-38e0f848e91fac40,43b10dec-84b11a95ab43485a,0.2602965403624382,0.4438202247191011
c7239c97-38e0f848e91fac40,43b10dec-84b11a95ab43485a,0.2602965403624382,0.4438202247191011
fbd26aa0-86e5fb06db5850e3,a3e272af-ee39311122c6be70,0.2602739726027397,0.4935064935064935
21123500-86e5fb06db5850e3,a3e272af-ee39311122c6be70,0.2602739726027397,0.4935064935064935
5fcbdd19-c6a2bc1575862e8c,3b5cec19-6a08a847fd5569c6,0.2601626016260163,0.26229508196721313
eec856c0-2fab8435cf84d33a,43b10dec-84b11a95ab43485a,0.26013513513513514,0.4723926380368098
8f31b279-478f8125d733625c,bd7281dc-585de5acf99e052f,0.2594594594594595,0.375
9756f13a-bfd818b52b35503a,8a20e743-2e7f8b0754ce9549,0.25925925925925924,0.330188679245283
eec856c0-2fab8435cf84d33a,0b27be88-5b928e25c8d357e8,0.2584745762711864,0.37423312883435583
eec856c0-2fab8435cf84d33a,3f4a5b64-5b928e25c8d357e8,0.2584745762711864,0.37423312883435583
e435b1ac-fca299e9e6a34128,43b10dec-84b11a95ab43485a,0.2584070796460177,0.5367647058823529
fbd26aa0-86e5fb06db5850e3,aa8091b0-c399c3876af7cd18,0.25806451612903225,0.36363636363636365
6c4ac8d3-2513a7019d585875,643e22cc-654c92232c44c62f,0.25806451612903225,0.32558139534883723
21123500-86e5fb06db5850e3,aa8091b0-c399c3876af7cd18,0.25806451612903225,0.36363636363636365
6c4ac8d3-2513a7019d585875,0017d438-22fe225779931ed1,0.2578125,0.38372093023255816
b2590225-b54d33b1108a0027,1071f735-4d5dba82eb4d30f0,0.25773195876288657,0.5434782608695652
565f77b7-23b45b780b50095a,6e637812-2cf30e4e3de74ead,0.2575107296137339,0.3125
6c4ac8d3-2513a7019d585875,eec856c0-2fab8435cf84d33a,0.2570281124497992,0.37209302325581395
5fcbdd19-c6a2bc1575862e8c,2ff0355e-fae9eee14eaf4605,0.25680933852140075,0.27049180327868855
6c4ac8d3-2513a7019d585875,25597bcb-4fe4173b1428bc89,0.25680933852140075,0.38372093023255816
9756f13a-bfd818b52b35503a,25151980-ad6b1bb1894b0a4c,0.25680933852140075,0.3113207547169811
856a8eda-a77e24e77755edf2,307ef2cb-75a3ea19e1df4d14,0.2567237163814181,0.6140350877192983
d04e5afb-d3c6ce5b2840b6f2,c354b74f-0604e6b4d0d5c6ce,0.25668449197860965,0.43243243243243246
b728ba1d-bb217c74a7631a90,c354b74f-0604e6b4d0d5c6ce,0.25668449197860965,0.43243243243243246
b2590225-b54d33b1108a0027,f7fc2e94-16502022be18b416,0.25663716814159293,0.31521739130434784
643e22cc-654c92232c44c62f,f7fc2e94-16502022be18b416,0.25660377358490566,0.2595419847328244
b2590225-b54d33b1108a0027,83935617-f846ec75200c32ba,0.2565789473684211,0.42391304347826086
4fd752f7-38e0f848e91fac40,83935617-f846ec75200c32ba,0.2564102564102564,0.2808988764044944
0922b7e7-912c39dc139062c7,4212c4b9-2e685cbe4e6c17ea,0.2564102564102564,0.4166666666666667
c7239c97-38e0f848e91fac40,83935617-f846ec75200c32ba,0.2564102564102564,0.2808988764044944
0922b7e7-912c39dc139062c7,b2590225-b54d33b1108a0027,0.25609756097560976,0.2916666666666667
8a5fe3d9-93a3dad8f7666a94,0017d438-22fe225779931ed1,0.256,0.4
ea899386-fe26667b746e7e48,752ea9a5-664182e6dc451c38,0.2558139534883721,0.6962025316455697
829d2024-2470d914e91e437d,25151980-ad6b1bb1894b0a4c,0.2557077625570776,0.4117647058823529
6e637812-2cf30e4e3de74ead,a3e272af-ee39311122c6be70,0.2556818181818182,0.3284671532846715
d55c238c-fef4ae3fa35bdcbf,c34bb733-06e03f348f699c75,0.25551684088269455,0.421455938697318
ebce9e39-fef4ae3fa35bdcbf,c34bb733-06e03f348f699c75,0.25551684088269455,0.421455938697318
83935617-f846ec75200c32ba,fdcbdf85-577a34379de3a440,0.2553191489361702,0.2830188679245283
8a20e743-2e7f8b0754ce9549,83935617-f846ec75200c32ba,0.2553191489361702,0.2926829268292683
d04e5afb-d3c6ce5b2840b6f2,792863db-9ff342754a4ffa38,0.25508317929759705,0.3108108108108108
b728ba1d-bb217c74a7631a90,792863db-9ff342754a4ffa38,0.25508317929759705,0.3108108108108108
8a5fe3d9-93a3dad8f7666a94,856a8eda-a77e24e77755edf2,0.2549800796812749,0.4
fbd26aa0-86e5fb06db5850e3,18e2441c-875179714224f591,0.2549019607843137,0.33766233766233766
21123500-86e5fb06db5850e3,18e2441c-875179714224f591,0.2549019607843137,0.33766233766233766
aa8091b0-c399c3876af7cd18,bdc08e6f-cb9d48cd280e575d,0.2549019607843137,0.37142857142857144
1071f735-4d5dba82eb4d30f0,0b27be88-5b928e25c8d357e8,0.2545454545454545,0.26013513513513514
1071f735-4d5dba82eb4d30f0,3f4a5b64-5b928e25c8d357e8,0.2545454545454545,0.26013513513513514
aa8091b0-c399c3876af7cd18,dbffab11-9c0b8395baa43dd8,0.254416961130742,0.2571428571428571
4a570de6-7871367c054bc319,d04e5afb-d3c6ce5b2840b6f2,0.2541436464088398,0.32857142857142857
4a570de6-7871367c054bc319,b728ba1d-bb217c74a7631a90,0.2541436464088398,0.32857142857142857
fbd26aa0-86e5fb06db5850e3,372a4f50-e0440664433d5262,0.25396825396825395,0.4155844155844156
21123500-86e5fb06db5850e3,372a4f50-e0440664433d5262,0.25396825396825395,0.4155844155844156
829d2024-2470d914e91e437d,bd7281dc-585de5acf99e052f,0.25396825396825395,0.35294117647058826
4d279121-ac2c1c95194dc4e6,83935617-f846ec75200c32ba,0.2536873156342183,0.33858267716535434
cd835290-aa04028f29b0b202,5dbd0a07-b35da36c85a639b9,0.25360230547550433,0.4631578947368421
4212c4b9-2e685cbe4e6c17ea,b2ec0eff-87b065f0615224f0,0.2533589251439539,0.4074074074074074
cd835290-aa04028f29b0b202,f7fc2e94-16502022be18b416,0.25327510917030566,0.30526315789473685
4212c4b9-2e685cbe4e6c17ea,c354b74f-0604e6b4d0d5c6ce,0.25290697674418605,0.5370370370370371
643e22cc-654c92232c44c62f,4212c4b9-2e685cbe4e6c17ea,0.2525597269624573,0.2824427480916031
ea899386-fe26667b746e7e48,18e2441c-875179714224f591,0.2524271844660194,0.3291139240506329
d2f74dfc-a6bc8b6e3b8a5c14,25151980-ad6b1bb1894b0a4c,0.25217391304347825,0.3670886075949367
ea899386-fe26667b746e7e48,25151980-ad6b1bb1894b0a4c,0.25217391304347825,0.3670886075949367
24b20554-a5b1e55952e1ee2b,372a4f50-e0440664433d5262,0.25210084033613445,0.47619047619047616
b1e9f1f6-f1eeb72dfe429ca1,bdc08e6f-cb9d48cd280e575d,0.2519280205655527,0.4049586776859504
bd7281dc-585de5acf99e052f,bdc08e6f-cb9d48cd280e575d,0.2519280205655527,0.4049586776859504
4d279121-ac2c1c95194dc4e6,aa266c38-da7978e5218b69bb,0.25176803394625175,0.7007874015748031
5fcbdd19-c6a2bc1575862e8c,8a20e743-2e7f8b0754ce9549,0.2517482517482518,0.29508196721311475
8a5fe3d9-93a3dad8f7666a94,4d279121-ac2c1c95194dc4e6,0.25120772946859904,0.325
9756f13a-bfd818b52b35503a,86232d21-8a914e0d06f2da9c,0.25116279069767444,0.25471698113207547
8f31b279-478f8125d733625c,25151980-ad6b1bb1894b0a4c,0.25116279069767444,0.421875
cd835290-aa04028f29b0b202,752ea9a5-664182e6dc451c38,0.25112107623318386,0.5894736842105263
829d2024-2470d914e91e437d,25597bcb-4fe4173b1428bc89,0.2510460251046025,0.4411764705882353
372a4f50-e0440664433d5262,752ea9a5-664182e6dc451c38,0.2509505703422053,0.37714285714285717
565f77b7-23b45b780b50095a,372a4f50-e0440664433d5262,0.25092250922509224,0.3541666666666667
3b5cec19-6a08a847fd5569c6,25597bcb-4fe4173b1428bc89,0.25084745762711863,0.29838709677419356
b1e9f1f6-f1eeb72dfe429ca1,b5fbe7a2-2ed9e0e8ec9709f4,0.2508250825082508,0.3140495867768595
aa8091b0-c399c3876af7cd18,856a8eda-a77e24e77755edf2,0.2508038585209003,0.2785714285714286
bd7281dc-585de5acf99e052f,18e2441c-875179714224f591,0.25,0.256198347107438
6c4ac8d3-2513a7019d585875,fdcbdf85-577a34379de3a440,0.25,0.5
24044589-bf970508f7e3f864,d04e5afb-d3c6ce5b2840b6f2,0.25,0.32608695652173914
24044589-bf970508f7e3f864,b728ba1d-bb217c74a7631a90,0.25,0.32608695652173914
83935617-f846ec75200c32ba,ac180326-05c887f789f96c6c,0.25,0.27358490566037735
bd7281dc-585de5acf99e052f,a3e272af-ee39311122c6be70,0.25,0.34710743801652894
6e637812-2cf30e4e3de74ead,31f29772-89be71d55d6dcbf3,0.2491349480968858,0.26277372262773724
2ff0355e-fae9eee14eaf4605,aa266c38-da7978e5218b69bb,0.24895104895104894,0.6592592592592592
d04e5afb-d3c6ce5b2840b6f2,5dbd0a07-b35da36c85a639b9,0.2489451476793249,0.26576576576576577
b728ba1d-bb217c74a7631a90,5dbd0a07-b35da36c85a639b9,0.2489451476793249,0.26576576576576577
fbd26aa0-86e5fb06db5850e3,086f0f90-7f486c2e200f89e3,0.24880382775119617,0.6753246753246753
21123500-86e5fb06db5850e3,086f0f90-7f486c2e200f89e3,0.24880382775119617,0.6753246753246753
b2590225-b54d33b1108a0027,86232d21-8a914e0d06f2da9c,0.24875621890547264,0.2717391304347826
d1cd194e-343ae0830706f7c5,d04e5afb-d3c6ce5b2840b6f2,0.24858757062146894,0.3333333333333333
d1cd194e-343ae0830706f7c5,b728ba1d-bb217c74a7631a90,0.24858757062146894,0.3333333333333333
dbffab11-9c0b8395baa43dd8,25597bcb-4fe4173b1428bc89,0.2484076433121019,0.2727272727272727
372a4f50-e0440664433d5262,43b10dec-84b11a95ab43485a,0.24834437086092714,0.42857142857142855
6c4ac8d3-2513a7019d585875,086f0f90-7f486c2e200f89e3,0.24824355971896955,0.6162790697674418
dbffab11-9c0b8395baa43dd8,307ef2cb-75a3ea19e1df4d14,0.2481012658227848,0.6853146853146853
ea899386-fe26667b746e7e48,ac180326-05c887f789f96c6c,0.24773413897280966,0.5189873417721519
5fcbdd19-c6a2bc1575862e8c,120878da-5686924b01bc5a87,0.24761904761904763,0.319672131147541
ea899386-fe26667b746e7e48,086f0f90-7f486c2e200f89e3,0.24761904761904763,0.6582278481012658
aa8091b0-c399c3876af7cd18,25151980-ad6b1bb1894b0a4c,0.24742268041237114,0.2571428571428571
4fd752f7-38e0f848e91fac40,307ef2cb-75a3ea19e1df4d14,0.24727272727272728,0.5730337078651685
c7239c97-38e0f848e91fac40,307ef2cb-75a3ea19e1df4d14,0.24727272727272728,0.5730337078651685
f7fc2e94-16502022be18b416,d04e5afb-d3c6ce5b2840b6f2,0.24719101123595505,0.3283582089552239
f7fc2e94-16502022be18b416,b728ba1d-bb217c74a7631a90,0.24719101123595505,0.3283582089552239
5fcbdd19-c6a2bc1575862e8c,6e637812-2cf30e4e3de74ead,0.2471042471042471,0.26229508196721313
ea899386-fe26667b746e7e48,d55c238c-fef4ae3fa35bdcbf,0.24705882352941178,0.5316455696202531
ea899386-fe26667b746e7e48,ebce9e39-fef4ae3fa35bdcbf,0.24705882352941178,0.5316455696202531
e8006510-a942e7de2ea0bfe0,a3e272af-ee39311122c6be70,0.24691358024691357,0.3669724770642202
8f31b279-478f8125d733625c,25597bcb-4fe4173b1428bc89,0.24680851063829787,0.453125
643e22cc-654c92232c44c62f,fdcbdf85-577a34379de3a440,0.2467866323907455,0.366412213740458
25151980-ad6b1bb1894b0a4c,d04e5afb-d3c6ce5b2840b6f2,0.24664879356568364,0.304635761589404
25151980-ad6b1bb1894b0a4c,b728ba1d-bb217c74a7631a90,0.24664879356568364,0.304635761589404
e435b1ac-fca299e9e6a34128,752ea9a5-664182e6dc451c38,0.2464065708418891,0.4411764705882353
18e2441c-875179714224f591,9852706b-2f9b84e3a3814827,0.2463768115942029,0.5354330708661418
0017d438-22fe225779931ed1,0b27be88-5b928e25c8d357e8,0.24634655532359082,0.34705882352941175
0017d438-22fe225779931ed1,3f4a5b64-5b928e25c8d357e8,0.24634655532359082,0.34705882352941175
6e637812-2cf30e4e3de74ead,d55c238c-fef4ae3fa35bdcbf,0.24623115577889448,0.35766423357664234
6e637812-2cf30e4e3de74ead,ebce9e39-fef4ae3fa35bdcbf,0.24623115577889448,0.35766423357664234
cd835290-aa04028f29b0b202,9852706b-2f9b84e3a3814827,0.24615384615384617,0.6736842105263158
e435b1ac-fca299e9e6a34128,aa266c38-da7978e5218b69bb,0.24581005586592178,0.6470588235294118
e8006510-a942e7de2ea0bfe0,18e2441c-875179714224f591,0.2457627118644068,0.26605504587155965
565f77b7-23b45b780b50095a,d04e5afb-d3c6ce5b2840b6f2,0.24528301886792453,0.40625
d2f74dfc-a6bc8b6e3b8a5c14,b5fbe7a2-2ed9e0e8ec9709f4,0.24521072796934865,0.4050632911392405
eec856c0-2fab8435cf84d33a,752ea9a5-664182e6dc451c38,0.245136186770428,0.38650306748466257
6e637812-2cf30e4e3de74ead,d04e5afb-d3c6ce5b2840b6f2,0.24512534818941503,0.32116788321167883
6e637812-2cf30e4e3de74ead,b728ba1d-bb217c74a7631a90,0.24512534818941503,0.32116788321167883
24044589-bf970508f7e3f864,9852706b-2f9b84e3a3814827,0.24511545293072823,0.5
643e22cc-654c92232c44c62f,25597bcb-4fe4173b1428bc89,0.24503311258278146,0.2824427480916031
bf0df1d5-765ae9a582fb2fce,25597bcb-4fe4173b1428bc89,0.24489795918367346,0.2926829268292683
fbd26aa0-86e5fb06db5850e3,fdcbdf85-577a34379de3a440,0.24477611940298508,0.5324675324675324
21123500-86e5fb06db5850e3,fdcbdf85-577a34379de3a440,0.24477611940298508,0.5324675324675324
6c4ac8d3-2513a7019d585875,25151980-ad6b1bb1894b0a4c,0.24472573839662448,0.3372093023255814
4a570de6-7871367c054bc319,b2ec0eff-87b065f0615224f0,0.24448897795591182,0.4357142857142857
3b5cec19-6a08a847fd5569c6,752ea9a5-664182e6dc451c38,0.24421052631578946,0.46774193548387094
9756f13a-bfd818b52b35503a,d04e5afb-d3c6ce5b2840b6f2,0.24390243902439024,0.37735849056603776
9756f13a-bfd818b52b35503a,b728ba1d-bb217c74a7631a90,0.24390243902439024,0.37735849056603776
cd835290-aa04028f29b0b202,25151980-ad6b1bb1894b0a4c,0.24390243902439024,0.3157894736842105
1c4d348d-bb492560940c46c0,086f0f90-7f486c2e200f89e3,0.24358974358974358,0.44881889763779526
fbd26aa0-86e5fb06db5850e3,ac180326-05c887f789f96c6c,0.24316109422492402,0.5194805194805194
21123500-86e5fb06db5850e3,ac180326-05c887f789f96c6c,0.24316109422492402,0.5194805194805194
b2590225-b54d33b1108a0027,eec856c0-2fab8435cf84d33a,0.24313725490196078,0.33695652173913043
829d2024-2470d914e91e437d,792863db-9ff342754a4ffa38,0.24289405684754523,0.6911764705882353
24b20554-a5b1e55952e1ee2b,fbd26aa0-86e5fb06db5850e3,0.24285714285714285,0.2698412698412698
24b20554-a5b1e55952e1ee2b,21123500-86e5fb06db5850e3,0.24285714285714285,0.2698412698412698
3b5cec19-6a08a847fd5569c6,d04e5afb-d3c6ce5b2840b6f2,0.24277456647398843,0.3387096774193548
3b5cec19-6a08a847fd5569c6,b728ba1d-bb217c74a7631a90,0.24277456647398843,0.3387096774193548
24b20554-a5b1e55952e1ee2b,dbffab11-9c0b8395baa43dd8,0.24271844660194175,0.3968253968253968
cd835290-aa04028f29b0b202,bdc08e6f-cb9d48cd280e575d,0.24242424242424243,0.4631578947368421
1c4d348d-bb492560940c46c0,d55c238c-fef4ae3fa35bdcbf,0.2422680412371134,0.3700787401574803
1c4d348d-bb492560940c46c0,ebce9e39-fef4ae3fa35bdcbf,0.2422680412371134,0.3700787401574803
6e637812-2cf30e4e3de74ead,0b27be88-5b928e25c8d357e8,0.242152466367713,0.39416058394160586
6e637812-2cf30e4e3de74ead,3f4a5b64-5b928e25c8d357e8,0.242152466367713,0.39416058394160586
24b20554-a5b1e55952e1ee2b,4d279121-ac2c1c95194dc4e6,0.24210526315789474,0.36507936507936506
120878da-5686924b01bc5a87,c354b74f-0604e6b4d0d5c6ce,0.24200278164116829,0.45077720207253885
6c4ac8d3-2513a7019d585875,792863db-9ff342754a4ffa38,0.2419753086419753,0.5697674418604651
b1e9f1f6-f1eeb72dfe429ca1,4d279121-ac2c1c95194dc4e6,0.24193548387096775,0.24793388429752067
18e2441c-875179714224f591,83935617-f846ec75200c32ba,0.24188790560471976,0.3228346456692913
4d279121-ac2c1c95194dc4e6,25597bcb-4fe4173b1428bc89,0.24161073825503357,0.28346456692913385
d04e5afb-d3c6ce5b2840b6f2,086f0f90-7f486c2e200f89e3,0.24156305506216696,0.3063063063063063
b728ba1d-bb217c74a7631a90,086f0f90-7f486c2e200f89e3,0.24156305506216696,0.3063063063063063
b1e9f1f6-f1eeb72dfe429ca1,752ea9a5-664182e6dc451c38,0.24152542372881355,0.47107438016528924
856a8eda-a77e24e77755edf2,752ea9a5-664182e6dc451c38,0.2413793103448276,0.3684210526315789
120878da-5686924b01bc5a87,d04e5afb-d3c6ce5b2840b6f2,0.24096385542168675,0.25906735751295334
120878da-5686924b01bc5a87,b728ba1d-bb217c74a7631a90,0.24096385542168675,0.25906735751295334
d04e5afb-d3c6ce5b2840b6f2,bdc08e6f-cb9d48cd280e575d,0.24081632653061225,0.26576576576576577
b728ba1d-bb217c74a7631a90,bdc08e6f-cb9d48cd280e575d,0.24081632653061225,0.26576576576576577
ea899386-fe26667b746e7e48,6e637812-2cf30e4e3de74ead,0.24074074074074073,0.3291139240506329
e8006510-a942e7de2ea0bfe0,b5fbe7a2-2ed9e0e8ec9709f4,0.24054982817869416,0.3211009174311927
4a570de6-7871367c054bc319,0b27be88-5b928e25c8d357e8,0.24053452115812918,0.38571428571428573
4a570de6-7871367c054bc319,3f4a5b64-5b928e25c8d357e8,0.24053452115812918,0.38571428571428573
9756f13a-bfd818b52b35503a,31f29772-89be71d55d6dcbf3,0.24031007751937986,0.29245283018867924
643e22cc-654c92232c44c62f,31f29772-89be71d55d6dcbf3,0.24028268551236748,0.2595419847328244
d2f74dfc-a6bc8b6e3b8a5c14,565f77b7-23b45b780b50095a,0.24,0.26582278481012656
25597bcb-4fe4173b1428bc89,1071f735-4d5dba82eb4d30f0,0.2398286937901499,0.32748538011695905
bd7281dc-585de5acf99e052f,eec856c0-2fab8435cf84d33a,0.23943661971830985,0.2809917355371901
5fcbdd19-c6a2bc1575862e8c,1071f735-4d5dba82eb4d30f0,0.23923444976076555,0.4098360655737705
5fcbdd19-c6a2bc1575862e8c,25597bcb-4fe4173b1428bc89,0.23890784982935154,0.28688524590163933
e435b1ac-fca299e9e6a34128,9852706b-2f9b84e3a3814827,0.23885918003565063,0.49264705882352944
8f31b279-478f8125d733625c,6e637812-2cf30e4e3de74ead,0.23880597014925373,0.375
bd7281dc-585de5acf99e052f,086f0f90-7f486c2e200f89e3,0.23809523809523808,0.45454545454545453
0922b7e7-912c39dc139062c7,565f77b7-23b45b780b50095a,0.23809523809523808,0.2777777777777778
d55c238c-fef4ae3fa35bdcbf,307ef2cb-75a3ea19e1df4d14,0.23788546255506607,0.41379310344827586
ebce9e39-fef4ae3fa35bdcbf,307ef2cb-75a3ea19e1df4d14,0.23788546255506607,0.41379310344827586
856a8eda-a77e24e77755edf2,0b27be88-5b928e25c8d357e8,0.2375,0.3333333333333333
856a8eda-a77e24e77755edf2,3f4a5b64-5b928e25c8d357e8,0.2375,0.3333333333333333
643e22cc-654c92232c44c62f,a3e272af-ee39311122c6be70,0.23699421965317918,0.31297709923664124
8a5fe3d9-93a3dad8f7666a94,643e22cc-654c92232c44c62f,0.23696682464454977,0.3125
565f77b7-23b45b780b50095a,d1cd194e-343ae0830706f7c5,0.23684210526315788,0.28125
83935617-f846ec75200c32ba,d55c238c-fef4ae3fa35bdcbf,0.23678646934460887,0.2641509433962264
83935617-f846ec75200c32ba,ebce9e39-fef4ae3fa35bdcbf,0.23678646934460887,0.2641509433962264
bf0df1d5-765ae9a582fb2fce,307ef2cb-75a3ea19e1df4d14,0.23636363636363636,0.7398373983739838
9756f13a-bfd818b52b35503a,752ea9a5-664182e6dc451c38,0.2363238512035011,0.5094339622641509
d2f74dfc-a6bc8b6e3b8a5c14,792863db-9ff342754a4ffa38,0.23618090452261306,0.5949367088607594
f7fc2e94-16502022be18b416,9852706b-2f9b84e3a3814827,0.23613595706618962,0.4925373134328358
372a4f50-e0440664433d5262,307ef2cb-75a3ea19e1df4d14,0.2360097323600973,0.5542857142857143
0922b7e7-912c39dc139062c7,4a570de6-7871367c054bc319,0.2358490566037736,0.3472222222222222
b2590225-b54d33b1108a0027,6e637812-2cf30e4e3de74ead,0.23580786026200873,0.29347826086956524
120878da-5686924b01bc5a87,b2ec0eff-87b065f0615224f0,0.23550724637681159,0.33678756476683935
b1e9f1f6-f1eeb72dfe429ca1,f7fc2e94-16502022be18b416,0.23529411764705882,0.24793388429752067
856a8eda-a77e24e77755edf2,c354b74f-0604e6b4d0d5c6ce,0.23529411764705882,0.47953216374269003
0922b7e7-912c39dc139062c7,372a4f50-e0440664433d5262,0.23481781376518218,0.4027777777777778
9756f13a-bfd818b52b35503a,5dbd0a07-b35da36c85a639b9,0.2346368715083799,0.39622641509433965
cd835290-aa04028f29b0b202,83935617-f846ec75200c32ba,0.23452768729641693,0.37894736842105264
9756f13a-bfd818b52b35503a,d55c238c-fef4ae3fa35bdcbf,0.23433242506811988,0.4056603773584906
9756f13a-bfd818b52b35503a,ebce9e39-fef4ae3fa35bdcbf,0.23433242506811988,0.4056603773584906
d2f74dfc-a6bc8b6e3b8a5c14,dbffab11-9c0b8395baa43dd8,0.23423423423423423,0.3291139240506329
83935617-f846ec75200c32ba,a3e272af-ee39311122c6be70,0.234192037470726,0.2358490566037736
8f31b279-478f8125d733625c,5dbd0a07-b35da36c85a639b9,0.23417721518987342,0.578125
829d2024-2470d914e91e437d,6e637812-2cf30e4e3de74ead,0.23414634146341465,0.35294117647058826
25597bcb-4fe4173b1428bc89,d04e5afb-d3c6ce5b2840b6f2,0.2340966921119593,0.26900584795321636
25597bcb-4fe4173b1428bc89,b728ba1d-bb217c74a7631a90,0.2340966921119593,0.26900584795321636
cd835290-aa04028f29b0b202,0017d438-22fe225779931ed1,0.2339622641509434,0.3263157894736842
83935617-f846ec75200c32ba,792863db-9ff342754a4ffa38,0.2335216572504708,0.29245283018867924
fbd26aa0-86e5fb06db5850e3,24044589-bf970508f7e3f864,0.23255813953488372,0.3246753246753247
21123500-86e5fb06db5850e3,24044589-bf970508f7e3f864,0.23255813953488372,0.3246753246753247
aa8091b0-c399c3876af7cd18,d04e5afb-d3c6ce5b2840b6f2,0.23204419889502761,0.3
aa8091b0-c399c3876af7cd18,b728ba1d-bb217c74a7631a90,0.23204419889502761,0.3
0922b7e7-912c39dc139062c7,2ff0355e-fae9eee14eaf4605,0.2318840579710145,0.3333333333333333
8a5fe3d9-93a3dad8f7666a94,d04e5afb-d3c6ce5b2840b6f2,0.23178807947019867,0.4375
8a5fe3d9-93a3dad8f7666a94,b728ba1d-bb217c74a7631a90,0.23178807947019867,0.4375
cd835290-aa04028f29b0b202,24044589-bf970508f7e3f864,0.2317596566523605,0.28421052631578947
25151980-ad6b1bb1894b0a4c,83935617-f846ec75200c32ba,0.23140495867768596,0.2781456953642384
4a570de6-7871367c054bc319,307ef2cb-75a3ea19e1df4d14,0.2312579415501906,0.65
829d2024-2470d914e91e437d,5dbd0a07-b35da36c85a639b9,0.23125,0.5441176470588235
6e637812-2cf30e4e3de74ead,4a570de6-7871367c054bc319,0.23104693140794225,0.23357664233576642
cd835290-aa04028f29b0b202,b5fbe7a2-2ed9e0e8ec9709f4,0.23104693140794225,0.3368421052631579
0b27be88-5b928e25c8d357e8,c34bb733-06e03f348f699c75,0.23102310231023102,0.33980582524271846
3f4a5b64-5b928e25c8d357e8,c34bb733-06e03f348f699c75,0.23102310231023102,0.33980582524271846
fbd26aa0-86e5fb06db5850e3,1071f735-4d5dba82eb4d30f0,0.23056300268096513,0.5584415584415584
21123500-86e5fb06db5850e3,1071f735-4d5dba82eb4d30f0,0.23056300268096513,0.5584415584415584
ea899386-fe26667b746e7e48,24044589-bf970508f7e3f864,0.2304147465437788,0.31645569620253167
d2f74dfc-a6bc8b6e3b8a5c14,6c4ac8d3-2513a7019d585875,0.23030303030303031,0.24050632911392406
5fcbdd19-c6a2bc1575862e8c,b5fbe7a2-2ed9e0e8ec9709f4,0.23026315789473684,0.28688524590163933
24044589-bf970508f7e3f864,aa8091b0-c399c3876af7cd18,0.2302158273381295,0.2318840579710145
bd7281dc-585de5acf99e052f,372a4f50-e0440664433d5262,0.22972972972972974,0.2809917355371901
f7fc2e94-16502022be18b416,aa266c38-da7978e5218b69bb,0.22969187675070027,0.6119402985074627
6e637812-2cf30e4e3de74ead,83935617-f846ec75200c32ba,0.22922636103151864,0.291970802919708
b2590225-b54d33b1108a0027,e8006510-a942e7de2ea0bfe0,0.22885572139303484,0.25
24b20554-a5b1e55952e1ee2b,24044589-bf970508f7e3f864,0.22885572139303484,0.36507936507936506
f7fc2e94-16502022be18b416,6e637812-2cf30e4e3de74ead,0.22878228782287824,0.23134328358208955
643e22cc-654c92232c44c62f,4a570de6-7871367c054bc319,0.22878228782287824,0.2366412213740458
5fcbdd19-c6a2bc1575862e8c,bf0df1d5-765ae9a582fb2fce,0.22857142857142856,0.22950819672131148
24b20554-a5b1e55952e1ee2b,b5fbe7a2-2ed9e0e8ec9709f4,0.22857142857142856,0.4444444444444444
d2f74dfc-a6bc8b6e3b8a5c14,aa8091b0-c399c3876af7cd18,0.228310502283105,0.31645569620253167
1c4d348d-bb492560940c46c0,9852706b-2f9b84e3a3814827,0.22826086956521738,0.49606299212598426
643e22cc-654c92232c44c62f,d1cd194e-343ae0830706f7c5,0.22813688212927757,0.22900763358778625
aa8091b0-c399c3876af7cd18,752ea9a5-664182e6dc451c38,0.22810590631364563,0.4
8f31b279-478f8125d733625c,1071f735-4d5dba82eb4d30f0,0.22777777777777777,0.640625
cd835290-aa04028f29b0b202,0b27be88-5b928e25c8d357e8,0.22772277227722773,0.4842105263157895
8f31b279-478f8125d733625c,24044589-bf970508f7e3f864,0.22772277227722773,0.359375
cd835290-aa04028f29b0b202,3f4a5b64-5b928e25c8d357e8,0.22772277227722773,0.4842105263157895
2ff0355e-fae9eee14eaf4605,307ef2cb-75a3ea19e1df4d14,0.22762148337595908,0.6592592592592592
25151980-ad6b1bb1894b0a4c,b2ec0eff-87b065f0615224f0,0.22745098039215686,0.3841059602649007
f7fc2e94-16502022be18b416,086f0f90-7f486c2e200f89e3,0.22736842105263158,0.40298507462686567
bd7281dc-585de5acf99e052f,dbffab11-9c0b8395baa43dd8,0.22727272727272727,0.24793388429752067
829d2024-2470d914e91e437d,9852706b-2f9b84e3a3814827,0.22718052738336714,0.8235294117647058
aa8091b0-c399c3876af7cd18,0b27be88-5b928e25c8d357e8,0.22717149220489977,0.36428571428571427
aa8091b0-c399c3876af7cd18,3f4a5b64-5b928e25c8d357e8,0.22717149220489977,0.36428571428571427
8f31b279-478f8125d733625c,086f0f90-7f486c2e200f89e3,0.2271604938271605,0.71875
5fcbdd19-c6a2bc1575862e8c,d04e5afb-d3c6ce5b2840b6f2,0.22674418604651161,0.319672131147541
5fcbdd19-c6a2bc1575862e8c,b728ba1d-bb217c74a7631a90,0.22674418604651161,0.319672131147541
b2590225-b54d33b1108a0027,5dbd0a07-b35da36c85a639b9,0.22674418604651161,0.42391304347826086
dbffab11-9c0b8395baa43dd8,752ea9a5-664182e6dc451c38,0.22672064777327935,0.3916083916083916
2ff0355e-fae9eee14eaf4605,752ea9a5-664182e6dc451c38,0.22633744855967078,0.4074074074074074
643e22cc-654c92232c44c62f,dbffab11-9c0b8395baa43dd8,0.22627737226277372,0.2366412213740458
d1cd194e-343ae0830706f7c5,9852706b-2f9b84e3a3814827,0.22621184919210055,0.4772727272727273
6e637812-2cf30e4e3de74ead,8a20e743-2e7f8b0754ce9549,0.22591362126245848,0.24817518248175183
ac180326-05c887f789f96c6c,b2ec0eff-87b065f0615224f0,0.22585924713584288,0.27380952380952384
83935617-f846ec75200c32ba,d04e5afb-d3c6ce5b2840b6f2,0.22580645161290322,0.23113207547169812
b1e9f1f6-f1eeb72dfe429ca1,1c4d348d-bb492560940c46c0,0.22580645161290322,0.23140495867768596
83935617-f846ec75200c32ba,b728ba1d-bb217c74a7631a90,0.22580645161290322,0.23113207547169812
a3e272af-ee39311122c6be70,c34bb733-06e03f348f699c75,0.22576687116564417,0.42790697674418604
24044589-bf970508f7e3f864,43b10dec-84b11a95ab43485a,0.2257495590828924,0.463768115942029
5fcbdd19-c6a2bc1575862e8c,856a8eda-a77e24e77755edf2,0.22525597269624573,0.27049180327868855
bd7281dc-585de5acf99e052f,ac180326-05c887f789f96c6c,0.225201072386059,0.34710743801652894
829d2024-2470d914e91e437d,ac180326-05c887f789f96c6c,0.225,0.5294117647058824
e435b1ac-fca299e9e6a34128,307ef2cb-75a3ea19e1df4d14,0.2247765006385696,0.6470588235294118
9756f13a-bfd818b52b35503a,bdc08e6f-cb9d48cd280e575d,0.22459893048128343,0.39622641509433965
e8006510-a942e7de2ea0bfe0,83935617-f846ec75200c32ba,0.22429906542056074,0.3302752293577982
6e637812-2cf30e4e3de74ead,120878da-5686924b01bc5a87,0.22424242424242424,0.27007299270072993
6c4ac8d3-2513a7019d585875,6e637812-2cf30e4e3de74ead,0.2242152466367713,0.29069767441860467
83935617-f846ec75200c32ba,b2ec0eff-87b065f0615224f0,0.22416812609457093,0.3018867924528302
b2590225-b54d33b1108a0027,aa8091b0-c399c3876af7cd18,0.22413793103448276,0.2826086956521739
b728ba1d-bb217c74a7631a90,c34bb733-06e03f348f699c75,0.22384428223844283,0.4144144144144144
8f31b279-478f8125d733625c,fdcbdf85-577a34379de3a440,0.2236024844720497,0.5625
4212c4b9-2e685cbe4e6c17ea,c34bb733-06e03f348f699c75,0.2230971128608924,0.5246913580246914
3b5cec19-6a08a847fd5569c6,307ef2cb-75a3ea19e1df4d14,0.2230869001297017,0.6935483870967742
643e22cc-654c92232c44c62f,24044589-bf970508f7e3f864,0.22304832713754646,0.22900763358778625
8f31b279-478f8125d733625c,bdc08e6f-cb9d48cd280e575d,0.22289156626506024,0.578125
b2590225-b54d33b1108a0027,fdcbdf85-577a34379de3a440,0.22285714285714286,0.42391304347826086
5fcbdd19-c6a2bc1575862e8c,0b27be88-5b928e25c8d357e8,0.22273781902552203,0.39344262295081966
5fcbdd19-c6a2bc1575862e8c,3f4a5b64-5b928e25c8d357e8,0.22273781902552203,0.39344262295081966
856a8eda-a77e24e77755edf2,b2ec0eff-87b065f0615224f0,0.22264150943396227,0.34502923976608185
3b5cec19-6a08a847fd5569c6,6e637812-2cf30e4e3de74ead,0.2222222222222222,0.23387096774193547
eec856c0-2fab8435cf84d33a,307ef2cb-75a3ea19e1df4d14,0.2222222222222222,0.5521472392638037
565f77b7-23b45b780b50095a,24044589-bf970508f7e3f864,0.2222222222222222,0.2708333333333333
0922b7e7-912c39dc139062c7,856a8eda-a77e24e77755edf2,0.2222222222222222,0.375
5fcbdd19-c6a2bc1575862e8c,83935617-f846ec75200c32ba,0.2215568862275449,0.30327868852459017
6e637812-2cf30e4e3de74ead,0017d438-22fe225779931ed1,0.22149837133550487,0.24817518248175183
d04e5afb-d3c6ce5b2840b6f2,c34bb733-06e03f348f699c75,0.22141119221411193,0.4099099099099099
5fcbdd19-c6a2bc1575862e8c,643e22cc-654c92232c44c62f,0.22134387351778656,0.22950819672131148
d55c238c-fef4ae3fa35bdcbf,0b27be88-5b928e25c8d357e8,0.22105263157894736,0.2413793103448276
d55c238c-fef4ae3fa35bdcbf,3f4a5b64-5b928e25c8d357e8,0.22105263157894736,0.2413793103448276
ebce9e39-fef4ae3fa35bdcbf,0b27be88-5b928e25c8d357e8,0.22105263157894736,0.2413793103448276
ebce9e39-fef4ae3fa35bdcbf,3f4a5b64-5b928e25c8d357e8,0.22105263157894736,0.2413793103448276
ac180326-05c887f789f96c6c,0b27be88-5b928e25c8d357e8,0.22103386809269163,0.24603174603174602
ac180326-05c887f789f96c6c,3f4a5b64-5b928e25c8d357e8,0.22103386809269163,0.24603174603174602
829d2024-2470d914e91e437d,d04e5afb-d3c6ce5b2840b6f2,0.2206896551724138,0.47058823529411764
829d2024-2470d914e91e437d,b728ba1d-bb217c74a7631a90,0.2206896551724138,0.47058823529411764
0b27be88-5b928e25c8d357e8,aa266c38-da7978e5218b69bb,0.2204724409448819,0.31715210355987056
3f4a5b64-5b928e25c8d357e8,aa266c38-da7978e5218b69bb,0.2204724409448819,0.31715210355987056
e8006510-a942e7de2ea0bfe0,1c4d348d-bb492560940c46c0,0.22033898305084745,0.23853211009174313
31f29772-89be71d55d6dcbf3,307ef2cb-75a3ea19e1df4d14,0.2202753441802253,0.5789473684210527
829d2024-2470d914e91e437d,bdc08e6f-cb9d48cd280e575d,0.22023809523809523,0.5441176470588235
8a20e743-2e7f8b0754ce9549,0b27be88-5b928e25c8d357e8,0.21987315010570824,0.3170731707317073
8a20e743-2e7f8b0754ce9549,3f4a5b64-5b928e25c8d357e8,0.21987315010570824,0.3170731707317073
b1e9f1f6-f1eeb72dfe429ca1,9852706b-2f9b84e3a3814827,0.21978021978021978,0.49586776859504134
86232d21-8a914e0d06f2da9c,792863db-9ff342754a4ffa38,0.21962616822429906,0.43119266055045874
3b5cec19-6a08a847fd5569c6,643e22cc-654c92232c44c62f,0.2196078431372549,0.22580645161290322
829d2024-2470d914e91e437d,752ea9a5-664182e6dc451c38,0.21957040572792363,0.6764705882352942
6e637812-2cf30e4e3de74ead,b5fbe7a2-2ed9e0e8ec9709f4,0.219435736677116,0.25547445255474455
0017d438-22fe225779931ed1,d04e5afb-d3c6ce5b2840b6f2,0.2193877551020408,0.2529411764705882
0017d438-22fe225779931ed1,b728ba1d-bb217c74a7631a90,0.2193877551020408,0.2529411764705882
aa8091b0-c399c3876af7cd18,ac180326-05c887f789f96c6c,0.2193877551020408,0.30714285714285716
4fd752f7-38e0f848e91fac40,752ea9a5-664182e6dc451c38,0.21928166351606806,0.3258426966292135
c7239c97-38e0f848e91fac40,752ea9a5-664182e6dc451c38,0.21928166351606806,0.3258426966292135
ea899386-fe26667b746e7e48,d04e5afb-d3c6ce5b2840b6f2,0.21926910299003322,0.4177215189873418
ea899386-fe26667b746e7e48,b728ba1d-bb217c74a7631a90,0.21926910299003322,0.4177215189873418
6c4ac8d3-2513a7019d585875,9852706b-2f9b84e3a3814827,0.2191780821917808,0.6511627906976745
6c4ac8d3-2513a7019d585875,d55c238c-fef4ae3fa35bdcbf,0.21902017291066284,0.4418604651162791
6c4ac8d3-2513a7019d585875,ebce9e39-fef4ae3fa35bdcbf,0.21902017291066284,0.4418604651162791
5fcbdd19-c6a2bc1575862e8c,f7fc2e94-16502022be18b416,0.21875,0.22950819672131148
86232d21-8a914e0d06f2da9c,24044589-bf970508f7e3f864,0.21862348178137653,0.24770642201834864
d04e5afb-d3c6ce5b2840b6f2,43b10dec-84b11a95ab43485a,0.21812596006144394,0.31981981981981983
b728ba1d-bb217c74a7631a90,43b10dec-84b11a95ab43485a,0.21812596006144394,0.31981981981981983
0017d438-22fe225779931ed1,307ef2cb-75a3ea19e1df4d14,0.2178702570379437,0.5235294117647059
25597bcb-4fe4173b1428bc89,4fd752f7-38e0f848e91fac40,0.2177650429799427,0.2222222222222222
25597bcb-4fe4173b1428bc89,c7239c97-38e0f848e91fac40,0.2177650429799427,0.2222222222222222
b1e9f1f6-f1eeb72dfe429ca1,18e2441c-875179714224f591,0.21774193548387097,0.2231404958677686
0922b7e7-912c39dc139062c7,d04e5afb-d3c6ce5b2840b6f2,0.21768707482993196,0.4444444444444444
0922b7e7-912c39dc139062c7,b728ba1d-bb217c74a7631a90,0.21768707482993196,0.4444444444444444
8a5fe3d9-93a3dad8f7666a94,4fd752f7-38e0f848e91fac40,0.21705426356589147,0.35
8a5fe3d9-93a3dad8f7666a94,c7239c97-38e0f848e91fac40,0.21705426356589147,0.35
5fcbdd19-c6a2bc1575862e8c,18e2441c-875179714224f591,0.21686746987951808,0.22131147540983606
5fcbdd19-c6a2bc1575862e8c,1c4d348d-bb492560940c46c0,0.21686746987951808,0.22131147540983606
b2590225-b54d33b1108a0027,bdc08e6f-cb9d48cd280e575d,0.21666666666666667,0.42391304347826086
b1e9f1f6-f1eeb72dfe429ca1,c34bb733-06e03f348f699c75,0.21636615811373092,0.6446280991735537
4212c4b9-2e685cbe4e6c17ea,25597bcb-4fe4173b1428bc89,0.21621621621621623,0.2222222222222222
e8006510-a942e7de2ea0bfe0,5dbd0a07-b35da36c85a639b9,0.21606648199445982,0.3577981651376147
4fd752f7-38e0f848e91fac40,b2ec0eff-87b065f0615224f0,0.21601489757914338,0.3258426966292135
c7239c97-38e0f848e91fac40,b2ec0eff-87b065f0615224f0,0.21601489757914338,0.3258426966292135
bd7281dc-585de5acf99e052f,1071f735-4d5dba82eb4d30f0,0.2158273381294964,0.371900826446281
2ff0355e-fae9eee14eaf4605,25597bcb-4fe4173b1428bc89,0.21568627450980393,0.24444444444444444
0017d438-22fe225779931ed1,b2ec0eff-87b065f0615224f0,0.21550094517958412,0.3352941176470588
0922b7e7-912c39dc139062c7,bf0df1d5-765ae9a582fb2fce,0.2153846153846154,0.2916666666666667
31f29772-89be71d55d6dcbf3,c354b74f-0604e6b4d0d5c6ce,0.2153392330383481,0.48026315789473684
8a5fe3d9-93a3dad8f7666a94,dbffab11-9c0b8395baa43dd8,0.21524663677130046,0.3
8f31b279-478f8125d733625c,ac180326-05c887f789f96c6c,0.21518987341772153,0.53125
dbffab11-9c0b8395baa43dd8,b2ec0eff-87b065f0615224f0,0.2151394422310757,0.3776223776223776
565f77b7-23b45b780b50095a,86232d21-8a914e0d06f2da9c,0.2146341463414634,0.22916666666666666
fbd26aa0-86e5fb06db5850e3,83935617-f846ec75200c32ba,0.21453287197231835,0.4025974025974026
21123500-86e5fb06db5850e3,83935617-f846ec75200c32ba,0.21453287197231835,0.4025974025974026
2ff0355e-fae9eee14eaf4605,9852706b-2f9b84e3a3814827,0.21428571428571427,0.4444444444444444
6c4ac8d3-2513a7019d585875,24044589-bf970508f7e3f864,0.21428571428571427,0.27906976744186046
6e637812-2cf30e4e3de74ead,dbffab11-9c0b8395baa43dd8,0.21428571428571427,0.21897810218978103
24b20554-a5b1e55952e1ee2b,3b5cec19-6a08a847fd5569c6,0.21390374331550802,0.31746031746031744
5dbd0a07-b35da36c85a639b9,0b27be88-5b928e25c8d357e8,0.21390374331550802,0.23809523809523808
4212c4b9-2e685cbe4e6c17ea,83935617-f846ec75200c32ba,0.21390374331550802,0.24691358024691357
5dbd0a07-b35da36c85a639b9,3f4a5b64-5b928e25c8d357e8,0.21390374331550802,0.23809523809523808
565f77b7-23b45b780b50095a,b728ba1d-bb217c74a7631a90,0.2138364779874214,0.3541666666666667
ea899386-fe26667b746e7e48,fdcbdf85-577a34379de3a440,0.21364985163204747,0.45569620253164556
643e22cc-654c92232c44c62f,4fd752f7-38e0f848e91fac40,0.21359223300970873,0.25190839694656486
643e22cc-654c92232c44c62f,c7239c97-38e0f848e91fac40,0.21359223300970873,0.25190839694656486
4a570de6-7871367c054bc319,c34bb733-06e03f348f699c75,0.21351351351351353,0.5642857142857143
24b20554-a5b1e55952e1ee2b,4212c4b9-2e685cbe4e6c17ea,0.21333333333333335,0.38095238095238093
b5fbe7a2-2ed9e0e8ec9709f4,83935617-f846ec75200c32ba,0.2131979695431472,0.23076923076923078
e8006510-a942e7de2ea0bfe0,752ea9a5-664182e6dc451c38,0.21304347826086956,0.44954128440366975
25597bcb-4fe4173b1428bc89,5dbd0a07-b35da36c85a639b9,0.2127659574468085,0.2631578947368421
5fcbdd19-c6a2bc1575862e8c,25151980-ad6b1bb1894b0a4c,0.21245421245421245,0.23770491803278687
24b20554-a5b1e55952e1ee2b,eec856c0-2fab8435cf84d33a,0.21238938053097345,0.38095238095238093
5fcbdd19-c6a2bc1575862e8c,0017d438-22fe225779931ed1,0.21232876712328766,0.2540983606557377
4212c4b9-2e685cbe4e6c17ea,0b27be88-5b928e25c8d357e8,0.21231422505307856,0.30864197530864196
4212c4b9-2e685cbe4e6c17ea,3f4a5b64-5b928e25c8d357e8,0.21231422505307856,0.30864197530864196
25597bcb-4fe4173b1428bc89,792863db-9ff342754a4ffa38,0.21224489795918366,0.30409356725146197
4a570de6-7871367c054bc319,25597bcb-4fe4173b1428bc89,0.21221864951768488,0.2357142857142857
fbd26aa0-86e5fb06db5850e3,792863db-9ff342754a4ffa38,0.21212121212121213,0.5454545454545454
21123500-86e5fb06db5850e3,792863db-9ff342754a4ffa38,0.21212121212121213,0.5454545454545454
d04e5afb-d3c6ce5b2840b6f2,aa266c38-da7978e5218b69bb,0.2119700748129676,0.38288288288288286
b728ba1d-bb217c74a7631a90,aa266c38-da7978e5218b69bb,0.2119700748129676,0.38288288288288286
4d279121-ac2c1c95194dc4e6,307ef2cb-75a3ea19e1df4d14,0.21188630490956073,0.6456692913385826
8a20e743-2e7f8b0754ce9549,c354b74f-0604e6b4d0d5c6ce,0.21159420289855072,0.4451219512195122
bdc08e6f-cb9d48cd280e575d,0b27be88-5b928e25c8d357e8,0.21143847487001732,0.22761194029850745
bdc08e6f-cb9d48cd280e575d,3f4a5b64-5b928e25c8d357e8,0.21143847487001732,0.22761194029850745
b1e9f1f6-f1eeb72dfe429ca1,fdcbdf85-577a34379de3a440,0.21108179419525067,0.3305785123966942
565f77b7-23b45b780b50095a,b2ec0eff-87b065f0615224f0,0.210989010989011,0.5
bf0df1d5-765ae9a582fb2fce,752ea9a5-664182e6dc451c38,0.2109704641350211,0.4065040650406504
24b20554-a5b1e55952e1ee2b,120878da-5686924b01bc5a87,0.2109375,0.42857142857142855
ac180326-05c887f789f96c6c,c354b74f-0604e6b4d0d5c6ce,0.21079691516709512,0.3253968253968254
31f29772-89be71d55d6dcbf3,752ea9a5-664182e6dc451c38,0.21073558648111332,0.34868421052631576
24b20554-a5b1e55952e1ee2b,1c4d348d-bb492560940c46c0,0.21052631578947367,0.31746031746031744
b1e9f1f6-f1eeb72dfe429ca1,83935617-f846ec75200c32ba,0.21021021021021022,0.2892561983471074
d04e5afb-d3c6ce5b2840b6f2,9852706b-2f9b84e3a3814827,0.21020092735703247,0.3063063063063063
b728ba1d-bb217c74a7631a90,9852706b-2f9b84e3a3814827,0.21020092735703247,0.3063063063063063
6c4ac8d3-2513a7019d585875,856a8eda-a77e24e77755edf2,0.21011673151750973,0.313953488372093
24b20554-a5b1e55952e1ee2b,6e637812-2cf30e4e3de74ead,0.21,0.3333333333333333
f7fc2e94-16502022be18b416,25597bcb-4fe4173b1428bc89,0.2098360655737705,0.23880597014925373
565f77b7-23b45b780b50095a,1071f735-4d5dba82eb4d30f0,0.20918367346938777,0.4270833333333333
aa8091b0-c399c3876af7cd18,792863db-9ff342754a4ffa38,0.20915032679738563,0.34285714285714286
9756f13a-bfd818b52b35503a,4212c4b9-2e685cbe4e6c17ea,0.208955223880597,0.2641509433962264
829d2024-2470d914e91e437d,fdcbdf85-577a34379de3a440,0.2085889570552147,0.5
bd7281dc-585de5acf99e052f,24044589-bf970508f7e3f864,0.2084942084942085,0.2231404958677686
b1e9f1f6-f1eeb72dfe429ca1,b2ec0eff-87b065f0615224f0,0.20833333333333334,0.4132231404958678
ea899386-fe26667b746e7e48,1071f735-4d5dba82eb4d30f0,0.208,0.4936708860759494
8a5fe3d9-93a3dad8f7666a94,5fcbdd19-c6a2bc1575862e8c,0.2079207920792079,0.2625
565f77b7-23b45b780b50095a,83935617-f846ec75200c32ba,0.2077922077922078,0.3333333333333333
e8006510-a942e7de2ea0bfe0,25151980-ad6b1bb1894b0a4c,0.2076923076923077,0.24770642201834864
bf0df1d5-765ae9a582fb2fce,b2ec0eff-87b065f0615224f0,0.2074688796680498,0.4065040650406504
8a5fe3d9-93a3dad8f7666a94,1071f735-4d5dba82eb4d30f0,0.2074468085106383,0.4875
e8006510-a942e7de2ea0bfe0,856a8eda-a77e24e77755edf2,0.20714285714285716,0.26605504587155965
83935617-f846ec75200c32ba,aa266c38-da7978e5218b69bb,0.20707070707070707,0.3867924528301887
cd835290-aa04028f29b0b202,b2ec0eff-87b065f0615224f0,0.20704845814977973,0.49473684210526314
d2f74dfc-a6bc8b6e3b8a5c14,3b5cec19-6a08a847fd5569c6,0.20689655172413793,0.26582278481012656
e8006510-a942e7de2ea0bfe0,31f29772-89be71d55d6dcbf3,0.20689655172413793,0.24770642201834864
e8006510-a942e7de2ea0bfe0,bdc08e6f-cb9d48cd280e575d,0.20689655172413793,0.3577981651376147
1c4d348d-bb492560940c46c0,83935617-f846ec75200c32ba,0.20648967551622419,0.2755905511811024
565f77b7-23b45b780b50095a,18e2441c-875179714224f591,0.2062780269058296,0.23958333333333334
b2590225-b54d33b1108a0027,0017d438-22fe225779931ed1,0.20610687022900764,0.29347826086956524
83935617-f846ec75200c32ba,752ea9a5-664182e6dc451c38,0.20603907637655416,0.27358490566037735
ea899386-fe26667b746e7e48,792863db-9ff342754a4ffa38,0.20603015075376885,0.5189873417721519
d2f74dfc-a6bc8b6e3b8a5c14,d04e5afb-d3c6ce5b2840b6f2,0.2059800664451827,0.3924050632911392
d2f74dfc-a6bc8b6e3b8a5c14,b728ba1d-bb217c74a7631a90,0.2059800664451827,0.3924050632911392
bd7281dc-585de5acf99e052f,25151980-ad6b1bb1894b0a4c,0.20588235294117646,0.23140495867768596
24b20554-a5b1e55952e1ee2b,25151980-ad6b1bb1894b0a4c,0.205607476635514,0.3492063492063492
e8006510-a942e7de2ea0bfe0,d04e5afb-d3c6ce5b2840b6f2,0.2054380664652568,0.3119266055045872
e8006510-a942e7de2ea0bfe0,b728ba1d-bb217c74a7631a90,0.2054380664652568,0.3119266055045872
b2590225-b54d33b1108a0027,25597bcb-4fe4173b1428bc89,0.20532319391634982,0.29347826086956524
bd7281dc-585de5acf99e052f,9852706b-2f9b84e3a3814827,0.20512820512820512,0.4628099173553719
e435b1ac-fca299e9e6a34128,6e637812-2cf30e4e3de74ead,0.20512820512820512,0.20588235294117646
24b20554-a5b1e55952e1ee2b,856a8eda-a77e24e77755edf2,0.20512820512820512,0.38095238095238093
25597bcb-4fe4173b1428bc89,bdc08e6f-cb9d48cd280e575d,0.20501138952164008,0.2631578947368421
e8006510-a942e7de2ea0bfe0,ac180326-05c887f789f96c6c,0.20498614958448755,0.3394495412844037
d2f74dfc-a6bc8b6e3b8a5c14,372a4f50-e0440664433d5262,0.2047244094488189,0.3291139240506329
83935617-f846ec75200c32ba,1071f735-4d5dba82eb4d30f0,0.2047244094488189,0.24528301886792453
0922b7e7-912c39dc139062c7,dbffab11-9c0b8395baa43dd8,0.20465116279069767,0.3055555555555556
18e2441c-875179714224f591,6e637812-2cf30e4e3de74ead,0.20454545454545456,0.2125984251968504
e8006510-a942e7de2ea0bfe0,086f0f90-7f486c2e200f89e3,0.20444444444444446,0.42201834862385323
f7fc2e94-16502022be18b416,aa8091b0-c399c3876af7cd18,0.20437956204379562,0.208955223880597
120878da-5686924b01bc5a87,c34bb733-06e03f348f699c75,0.2042875157629256,0.41968911917098445
bd7281dc-585de5acf99e052f,b2ec0eff-87b065f0615224f0,0.20416666666666666,0.4049586776859504
18e2441c-875179714224f591,aa266c38-da7978e5218b69bb,0.2036775106082037,0.5669291338582677
8f31b279-478f8125d733625c,792863db-9ff342754a4ffa38,0.20365535248041775,0.609375
83935617-f846ec75200c32ba,0b27be88-5b928e25c8d357e8,0.2034548944337812,0.25
83935617-f846ec75200c32ba,3f4a5b64-5b928e25c8d357e8,0.2034548944337812,0.25
565f77b7-23b45b780b50095a,fdcbdf85-577a34379de3a440,0.2033898305084746,0.375
dbffab11-9c0b8395baa43dd8,c354b74f-0604e6b4d0d5c6ce,0.20328849028400597,0.4755244755244755
83935617-f846ec75200c32ba,086f0f90-7f486c2e200f89e3,0.20253164556962025,0.2641509433962264
8f31b279-478f8125d733625c,752ea9a5-664182e6dc451c38,0.20240963855421687,0.65625
b2590225-b54d33b1108a0027,372a4f50-e0440664433d5262,0.20224719101123595,0.29347826086956524
2ff0355e-fae9eee14eaf4605,43b10dec-84b11a95ab43485a,0.20212765957446807,0.4222222222222222
b2590225-b54d33b1108a0027,9756f13a-bfd818b52b35503a,0.20202020202020202,0.21739130434782608
e435b1ac-fca299e9e6a34128,b2ec0eff-87b065f0615224f0,0.20202020202020202,0.36764705882352944
8a5fe3d9-93a3dad8f7666a94,24044589-bf970508f7e3f864,0.2018348623853211,0.275
bd7281dc-585de5acf99e052f,4d279121-ac2c1c95194dc4e6,0.20161290322580644,0.2066115702479339
9756f13a-bfd818b52b35503a,b5fbe7a2-2ed9e0e8ec9709f4,0.2013888888888889,0.27358490566037735
6c4ac8d3-2513a7019d585875,752ea9a5-664182e6dc451c38,0.20137299771167047,0.5116279069767442
6e637812-2cf30e4e3de74ead,856a8eda-a77e24e77755edf2,0.2012987012987013,0.22627737226277372
829d2024-2470d914e91e437d,d55c238c-fef4ae3fa35bdcbf,0.2006079027355623,0.4852941176470588
829d2024-2470d914e91e437d,ebce9e39-fef4ae3fa35bdcbf,0.2006079027355623,0.4852941176470588
aa8091b0-c399c3876af7cd18,aa266c38-da7978e5218b69bb,0.2,0.5142857142857142
b2590225-b54d33b1108a0027,24044589-bf970508f7e3f864,0.2,0.25
643e22cc-654c92232c44c62f,086f0f90-7f486c2e200f89e3,0.19915254237288135,0.35877862595419846
8a5fe3d9-93a3dad8f7666a94,25151980-ad6b1bb1894b0a4c,0.19913419913419914,0.2875
0b27be88-5b928e25c8d357e8,9852706b-2f9b84e3a3814827,0.1989100817438692,0.23624595469255663
3f4a5b64-5b928e25c8d357e8,9852706b-2f9b84e3a3814827,0.1989100817438692,0.23624595469255663
b2590225-b54d33b1108a0027,086f0f90-7f486c2e200f89e3,0.19861431870669746,0.4673913043478261
aa8091b0-c399c3876af7cd18,307ef2cb-75a3ea19e1df4d14,0.19822109275730623,0.5571428571428572
25597bcb-4fe4173b1428bc89,120878da-5686924b01bc5a87,0.1978021978021978,0.21052631578947367
24b20554-a5b1e55952e1ee2b,86232d21-8a914e0d06f2da9c,0.19767441860465115,0.2698412698412698
d2f74dfc-a6bc8b6e3b8a5c14,a3e272af-ee39311122c6be70,0.19727891156462585,0.3670886075949367
25597bcb-4fe4173b1428bc89,c34bb733-06e03f348f699c75,0.19714656290531776,0.4444444444444444
24b20554-a5b1e55952e1ee2b,4a570de6-7871367c054bc319,0.19704433497536947,0.31746031746031744
8a5fe3d9-93a3dad8f7666a94,a3e272af-ee39311122c6be70,0.19661016949152543,0.3625
8a5fe3d9-93a3dad8f7666a94,f7fc2e94-16502022be18b416,0.19626168224299065,0.2625
cd835290-aa04028f29b0b202,c34bb733-06e03f348f699c75,0.19568345323741007,0.7157894736842105
9756f13a-bfd818b52b35503a,0017d438-22fe225779931ed1,0.1956521739130435,0.25471698113207547
e435b1ac-fca299e9e6a34128,25597bcb-4fe4173b1428bc89,0.19543973941368079,0.22058823529411764
aa8091b0-c399c3876af7cd18,c354b74f-0604e6b4d0d5c6ce,0.19519519519519518,0.4642857142857143
0b27be88-5b928e25c8d357e8,43b10dec-84b11a95ab43485a,0.1951219512195122,0.23300970873786409
3f4a5b64-5b928e25c8d357e8,43b10dec-84b11a95ab43485a,0.1951219512195122,0.23300970873786409
0922b7e7-912c39dc139062c7,a3e272af-ee39311122c6be70,0.1951219512195122,0.3888888888888889
8a20e743-2e7f8b0754ce9549,b2ec0eff-87b065f0615224f0,0.1950286806883365,0.31097560975609756
d1cd194e-343ae0830706f7c5,0b27be88-5b928e25c8d357e8,0.19501133786848074,0.32575757575757575
d1cd194e-343ae0830706f7c5,3f4a5b64-5b928e25c8d357e8,0.19501133786848074,0.32575757575757575
8a5fe3d9-93a3dad8f7666a94,752ea9a5-664182e6dc451c38,0.19489559164733178,0.525
24b20554-a5b1e55952e1ee2b,d1cd194e-343ae0830706f7c5,0.19487179487179487,0.30158730158730157
18e2441c-875179714224f591,25597bcb-4fe4173b1428bc89,0.19463087248322147,0.2283464566929134
d1cd194e-343ae0830706f7c5,752ea9a5-664182e6dc451c38,0.19461697722567287,0.3560606060606061
372a4f50-e0440664433d5262,c354b74f-0604e6b4d0d5c6ce,0.19400855920114124,0.38857142857142857
3b5cec19-6a08a847fd5569c6,0b27be88-5b928e25c8d357e8,0.19399538106235567,0.3387096774193548
3b5cec19-6a08a847fd5569c6,3f4a5b64-5b928e25c8d357e8,0.19399538106235567,0.3387096774193548
bd7281dc-585de5acf99e052f,d55c238c-fef4ae3fa35bdcbf,0.193717277486911,0.30578512396694213
bd7281dc-585de5acf99e052f,ebce9e39-fef4ae3fa35bdcbf,0.193717277486911,0.30578512396694213
9756f13a-bfd818b52b35503a,b2ec0eff-87b065f0615224f0,0.1935483870967742,0.42452830188679247
ea899386-fe26667b746e7e48,5dbd0a07-b35da36c85a639b9,0.1933534743202417,0.4050632911392405
6e637812-2cf30e4e3de74ead,c354b74f-0604e6b4d0d5c6ce,0.19306184012066366,0.46715328467153283
565f77b7-23b45b780b50095a,792863db-9ff342754a4ffa38,0.1927710843373494,0.4166666666666667
e8006510-a942e7de2ea0bfe0,1071f735-4d5dba82eb4d30f0,0.1925925925925926,0.3577981651376147
565f77b7-23b45b780b50095a,752ea9a5-664182e6dc451c38,0.19239373601789708,0.4479166666666667
0922b7e7-912c39dc139062c7,d55c238c-fef4ae3fa35bdcbf,0.1921921921921922,0.4444444444444444
0922b7e7-912c39dc139062c7,ebce9e39-fef4ae3fa35bdcbf,0.1921921921921922,0.4444444444444444
9756f13a-bfd818b52b35503a,9852706b-2f9b84e3a3814827,0.192090395480226,0.4811320754716981
829d2024-2470d914e91e437d,b2ec0eff-87b065f0615224f0,0.1920374707259953,0.6029411764705882
8a5fe3d9-93a3dad8f7666a94,83935617-f846ec75200c32ba,0.1917808219178082,0.35
643e22cc-654c92232c44c62f,b5fbe7a2-2ed9e0e8ec9709f4,0.19169329073482427,0.22900763358778625
b2590225-b54d33b1108a0027,565f77b7-23b45b780b50095a,0.19148936170212766,0.1956521739130435
bd7281dc-585de5acf99e052f,c34bb733-06e03f348f699c75,0.1914008321775312,0.5702479338842975
8a5fe3d9-93a3dad8f7666a94,c34bb733-06e03f348f699c75,0.19117647058823528,0.8125
bd7281dc-585de5acf99e052f,120878da-5686924b01bc5a87,0.1910828025477707,0.24793388429752067
86232d21-8a914e0d06f2da9c,9852706b-2f9b84e3a3814827,0.19101123595505617,0.46788990825688076
b1e9f1f6-f1eeb72dfe429ca1,792863db-9ff342754a4ffa38,0.19090909090909092,0.34710743801652894
f7fc2e94-16502022be18b416,83935617-f846ec75200c32ba,0.1907514450867052,0.2462686567164179
e8006510-a942e7de2ea0bfe0,fdcbdf85-577a34379de3a440,0.1907356948228883,0.3211009174311927
643e22cc-654c92232c44c62f,eec856c0-2fab8435cf84d33a,0.19047619047619047,0.21374045801526717
8a5fe3d9-93a3dad8f7666a94,120878da-5686924b01bc5a87,0.19047619047619047,0.325
8a5fe3d9-93a3dad8f7666a94,e8006510-a942e7de2ea0bfe0,0.19047619047619047,0.225
dbffab11-9c0b8395baa43dd8,0b27be88-5b928e25c8d357e8,0.1902654867256637,0.3006993006993007
dbffab11-9c0b8395baa43dd8,3f4a5b64-5b928e25c8d357e8,0.1902654867256637,0.3006993006993007
d2f74dfc-a6bc8b6e3b8a5c14,eec856c0-2fab8435cf84d33a,0.19008264462809918,0.2911392405063291
5fcbdd19-c6a2bc1575862e8c,086f0f90-7f486c2e200f89e3,0.1900647948164147,0.36065573770491804
d1cd194e-343ae0830706f7c5,307ef2cb-75a3ea19e1df4d14,0.18998716302952504,0.5606060606060606
856a8eda-a77e24e77755edf2,c34bb733-06e03f348f699c75,0.1893644617380026,0.4269005847953216
b2590225-b54d33b1108a0027,25151980-ad6b1bb1894b0a4c,0.18930041152263374,0.25
25597bcb-4fe4173b1428bc89,ac180326-05c887f789f96c6c,0.18912529550827423,0.23391812865497075
9756f13a-bfd818b52b35503a,18e2441c-875179714224f591,0.1888412017167382,0.20754716981132076
eec856c0-2fab8435cf84d33a,c354b74f-0604e6b4d0d5c6ce,0.18867924528301888,0.3987730061349693
b1e9f1f6-f1eeb72dfe429ca1,aa266c38-da7978e5218b69bb,0.18830242510699002,0.5454545454545454
4d279121-ac2c1c95194dc4e6,752ea9a5-664182e6dc451c38,0.18828451882845187,0.3543307086614173
fbd26aa0-86e5fb06db5850e3,b2ec0eff-87b065f0615224f0,0.18807339449541285,0.5324675324675324
21123500-86e5fb06db5850e3,b2ec0eff-87b065f0615224f0,0.18807339449541285,0.5324675324675324
e8006510-a942e7de2ea0bfe0,b2ec0eff-87b065f0615224f0,0.18803418803418803,0.4036697247706422
4fd752f7-38e0f848e91fac40,c354b74f-0604e6b4d0d5c6ce,0.1875,0.3707865168539326
c7239c97-38e0f848e91fac40,c354b74f-0604e6b4d0d5c6ce,0.1875,0.3707865168539326
0017d438-22fe225779931ed1,c34bb733-06e03f348f699c75,0.18701298701298702,0.4235294117647059
8a5fe3d9-93a3dad8f7666a94,ac180326-05c887f789f96c6c,0.18674698795180722,0.3875
b5fbe7a2-2ed9e0e8ec9709f4,c34bb733-06e03f348f699c75,0.1867007672634271,0.4010989010989011
25597bcb-4fe4173b1428bc89,fdcbdf85-577a34379de3a440,0.1864801864801865,0.23391812865497075
24b20554-a5b1e55952e1ee2b,e8006510-a942e7de2ea0bfe0,0.18604651162790697,0.25396825396825395
25597bcb-4fe4173b1428bc89,d55c238c-fef4ae3fa35bdcbf,0.18518518518518517,0.23391812865497075
25597bcb-4fe4173b1428bc89,ebce9e39-fef4ae3fa35bdcbf,0.18518518518518517,0.23391812865497075
25597bcb-4fe4173b1428bc89,372a4f50-e0440664433d5262,0.18497109826589594,0.1871345029239766
bd7281dc-585de5acf99e052f,856a8eda-a77e24e77755edf2,0.18493150684931506,0.2231404958677686
bd7281dc-585de5acf99e052f,b5fbe7a2-2ed9e0e8ec9709f4,0.1848184818481848,0.23140495867768596
d2f74dfc-a6bc8b6e3b8a5c14,4d279121-ac2c1c95194dc4e6,0.18446601941747573,0.24050632911392406
ea899386-fe26667b746e7e48,bdc08e6f-cb9d48cd280e575d,0.1844380403458213,0.4050632911392405
9756f13a-bfd818b52b35503a,ac180326-05c887f789f96c6c,0.18435754189944134,0.3113207547169811
1c4d348d-bb492560940c46c0,752ea9a5-664182e6dc451c38,0.18410041841004185,0.3464566929133858
8f31b279-478f8125d733625c,9852706b-2f9b84e3a3814827,0.18404907975460122,0.703125
0922b7e7-912c39dc139062c7,086f0f90-7f486c2e200f89e3,0.18401937046004843,0.5277777777777778
d2f74dfc-a6bc8b6e3b8a5c14,120878da-5686924b01bc5a87,0.18382352941176472,0.31645569620253167
24b20554-a5b1e55952e1ee2b,5fcbdd19-c6a2bc1575862e8c,0.1837837837837838,0.2698412698412698
e8006510-a942e7de2ea0bfe0,d55c238c-fef4ae3fa35bdcbf,0.1837837837837838,0.3119266055045872
e8006510-a942e7de2ea0bfe0,ebce9e39-fef4ae3fa35bdcbf,0.1837837837837838,0.3119266055045872
1c4d348d-bb492560940c46c0,d04e5afb-d3c6ce5b2840b6f2,0.1833810888252149,0.25196850393700787
1c4d348d-bb492560940c46c0,b728ba1d-bb217c74a7631a90,0.1833810888252149,0.25196850393700787
565f77b7-23b45b780b50095a,086f0f90-7f486c2e200f89e3,0.18306636155606407,0.4166666666666667
24b20554-a5b1e55952e1ee2b,43b10dec-84b11a95ab43485a,0.18292682926829268,0.7142857142857143
d2f74dfc-a6bc8b6e3b8a5c14,4a570de6-7871367c054bc319,0.182648401826484,0.25316455696202533
d2f74dfc-a6bc8b6e3b8a5c14,4212c4b9-2e685cbe4e6c17ea,0.1825726141078838,0.27848101265822783
fbd26aa0-86e5fb06db5850e3,752ea9a5-664182e6dc451c38,0.1822429906542056,0.5064935064935064
21123500-86e5fb06db5850e3,752ea9a5-664182e6dc451c38,0.1822429906542056,0.5064935064935064
86232d21-8a914e0d06f2da9c,086f0f90-7f486c2e200f89e3,0.18222222222222223,0.3761467889908257
0922b7e7-912c39dc139062c7,fdcbdf85-577a34379de3a440,0.18181818181818182,0.4166666666666667
b2590225-b54d33b1108a0027,aa266c38-da7978e5218b69bb,0.18154761904761904,0.6630434782608695
4d279121-ac2c1c95194dc4e6,b2ec0eff-87b065f0615224f0,0.18106995884773663,0.3464566929133858
d2f74dfc-a6bc8b6e3b8a5c14,8a20e743-2e7f8b0754ce9549,0.18106995884773663,0.27848101265822783
0922b7e7-912c39dc139062c7,24044589-bf970508f7e3f864,0.18095238095238095,0.2638888888888889
24044589-bf970508f7e3f864,307ef2cb-75a3ea19e1df4d14,0.18089171974522292,0.5144927536231884
cd835290-aa04028f29b0b202,aa266c38-da7978e5218b69bb,0.18074074074074073,0.6421052631578947
bf0df1d5-765ae9a582fb2fce,0b27be88-5b928e25c8d357e8,0.18055555555555555,0.3170731707317073
bf0df1d5-765ae9a582fb2fce,3f4a5b64-5b928e25c8d357e8,0.18055555555555555,0.3170731707317073
829d2024-2470d914e91e437d,0b27be88-5b928e25c8d357e8,0.18037135278514588,0.5
829d2024-2470d914e91e437d,3f4a5b64-5b928e25c8d357e8,0.18037135278514588,0.5
aa8091b0-c399c3876af7cd18,b2ec0eff-87b065f0615224f0,0.18036072144288579,0.32142857142857145
9756f13a-bfd818b52b35503a,1c4d348d-bb492560940c46c0,0.18025751072961374,0.19811320754716982
643e22cc-654c92232c44c62f,0017d438-22fe225779931ed1,0.17940199335548174,0.20610687022900764
b1e9f1f6-f1eeb72dfe429ca1,c354b74f-0604e6b4d0d5c6ce,0.17928902627511592,0.4793388429752066
120878da-5686924b01bc5a87,0b27be88-5b928e25c8d357e8,0.17928286852589642,0.23316062176165803
120878da-5686924b01bc5a87,3f4a5b64-5b928e25c8d357e8,0.17928286852589642,0.23316062176165803
643e22cc-654c92232c44c62f,856a8eda-a77e24e77755edf2,0.17880794701986755,0.20610687022900764
d1cd194e-343ae0830706f7c5,6e637812-2cf30e4e3de74ead,0.17843866171003717,0.18181818181818182
b2590225-b54d33b1108a0027,b1e9f1f6-f1eeb72dfe429ca1,0.1784037558685446,0.20652173913043478
1c4d348d-bb492560940c46c0,643e22cc-654c92232c44c62f,0.17829457364341086,0.18110236220472442
565f77b7-23b45b780b50095a,ac180326-05c887f789f96c6c,0.1781609195402299,0.3229166666666667
372a4f50-e0440664433d5262,0b27be88-5b928e25c8d357e8,0.17768595041322313,0.24571428571428572
372a4f50-e0440664433d5262,3f4a5b64-5b928e25c8d357e8,0.17768595041322313,0.24571428571428572
b2590225-b54d33b1108a0027,5fcbdd19-c6a2bc1575862e8c,0.17757009345794392,0.20652173913043478
e8006510-a942e7de2ea0bfe0,792863db-9ff342754a4ffa38,0.17757009345794392,0.3486238532110092
5fcbdd19-c6a2bc1575862e8c,d55c238c-fef4ae3fa35bdcbf,0.17754569190600522,0.2786885245901639
5fcbdd19-c6a2bc1575862e8c,ebce9e39-fef4ae3fa35bdcbf,0.17754569190600522,0.2786885245901639
25597bcb-4fe4173b1428bc89,83935617-f846ec75200c32ba,0.17754569190600522,0.19883040935672514
24044589-bf970508f7e3f864,b2ec0eff-87b065f0615224f0,0.17706237424547283,0.3188405797101449
d1cd194e-343ae0830706f7c5,c354b74f-0604e6b4d0d5c6ce,0.1762917933130699,0.4393939393939394
eec856c0-2fab8435cf84d33a,b2ec0eff-87b065f0615224f0,0.17624521072796934,0.2822085889570552
d2f74dfc-a6bc8b6e3b8a5c14,086f0f90-7f486c2e200f89e3,0.1761904761904762,0.46835443037974683
9756f13a-bfd818b52b35503a,fdcbdf85-577a34379de3a440,0.17582417582417584,0.3018867924528302
25151980-ad6b1bb1894b0a4c,c34bb733-06e03f348f699c75,0.17576564580559254,0.4370860927152318
6e637812-2cf30e4e3de74ead,aa266c38-da7978e5218b69bb,0.17573221757322174,0.45985401459854014
bf0df1d5-765ae9a582fb2fce,c354b74f-0604e6b4d0d5c6ce,0.17565485362095531,0.4634146341463415
8a5fe3d9-93a3dad8f7666a94,b5fbe7a2-2ed9e0e8ec9709f4,0.17557251908396945,0.2875
31f29772-89be71d55d6dcbf3,c34bb733-06e03f348f699c75,0.17553191489361702,0.4342105263157895
2ff0355e-fae9eee14eaf4605,c354b74f-0604e6b4d0d5c6ce,0.17549167927382753,0.42962962962962964
fbd26aa0-86e5fb06db5850e3,25151980-ad6b1bb1894b0a4c,0.17543859649122806,0.2597402597402597
21123500-86e5fb06db5850e3,25151980-ad6b1bb1894b0a4c,0.17543859649122806,0.2597402597402597
bd7281dc-585de5acf99e052f,8a20e743-2e7f8b0754ce9549,0.17543859649122806,0.2066115702479339
6c4ac8d3-2513a7019d585875,b2ec0eff-87b065f0615224f0,0.1752808988764045,0.45348837209302323
d2f74dfc-a6bc8b6e3b8a5c14,ac180326-05c887f789f96c6c,0.17522658610271905,0.3670886075949367
9756f13a-bfd818b52b35503a,f7fc2e94-16502022be18b416,0.175,0.19811320754716982
8a5fe3d9-93a3dad8f7666a94,0b27be88-5b928e25c8d357e8,0.17480719794344474,0.425
8a5fe3d9-93a3dad8f7666a94,3f4a5b64-5b928e25c8d357e8,0.17480719794344474,0.425
b2590225-b54d33b1108a0027,ac180326-05c887f789f96c6c,0.1744186046511628,0.32608695652173914
4d279121-ac2c1c95194dc4e6,6e637812-2cf30e4e3de74ead,0.17424242424242425,0.18110236220472442
0b27be88-5b928e25c8d357e8,307ef2cb-75a3ea19e1df4d14,0.17364016736401675,0.2686084142394822
3f4a5b64-5b928e25c8d357e8,307ef2cb-75a3ea19e1df4d14,0.17364016736401675,0.2686084142394822
31f29772-89be71d55d6dcbf3,0b27be88-5b928e25c8d357e8,0.1735357917570499,0.2631578947368421
31f29772-89be71d55d6dcbf3,3f4a5b64-5b928e25c8d357e8,0.1735357917570499,0.2631578947368421
b2590225-b54d33b1108a0027,b2ec0eff-87b065f0615224f0,0.1729490022172949,0.42391304347826086
b2590225-b54d33b1108a0027,43b10dec-84b11a95ab43485a,0.1727447216890595,0.4891304347826087
d04e5afb-d3c6ce5b2840b6f2,307ef2cb-75a3ea19e1df4d14,0.17261219792865362,0.33783783783783783
b728ba1d-bb217c74a7631a90,307ef2cb-75a3ea19e1df4d14,0.17261219792865362,0.33783783783783783
565f77b7-23b45b780b50095a,25597bcb-4fe4173b1428bc89,0.17228464419475656,0.23958333333333334
1c4d348d-bb492560940c46c0,aa8091b0-c399c3876af7cd18,0.17228464419475656,0.18110236220472442
372a4f50-e0440664433d5262,b2ec0eff-87b065f0615224f0,0.17228464419475656,0.26285714285714284
0922b7e7-912c39dc139062c7,6e637812-2cf30e4e3de74ead,0.1722488038277512,0.25
4fd752f7-38e0f848e91fac40,c34bb733-06e03f348f699c75,0.17223650385604114,0.37640449438202245
c7239c97-38e0f848e91fac40,c34bb733-06e03f348f699c75,0.17223650385604114,0.37640449438202245
6c4ac8d3-2513a7019d585875,c34bb733-06e03f348f699c75,0.17201166180758018,0.686046511627907
24044589-bf970508f7e3f864,752ea9a5-664182e6dc451c38,0.17177914110429449,0.30434782608695654
fbd26aa0-86e5fb06db5850e3,bd7281dc-585de5acf99e052f,0.1717171717171717,0.22077922077922077
21123500-86e5fb06db5850e3,bd7281dc-585de5acf99e052f,0.1717171717171717,0.22077922077922077
8f31b279-478f8125d733625c,0b27be88-5b928e25c8d357e8,0.17158176943699732,0.5
8f31b279-478f8125d733625c,3f4a5b64-5b928e25c8d357e8,0.17158176943699732,0.5
0922b7e7-912c39dc139062c7,18e2441c-875179714224f591,0.1708542713567839,0.2361111111111111
ea899386-fe26667b746e7e48,9852706b-2f9b84e3a3814827,0.17063492063492064,0.5443037974683544
1c4d348d-bb492560940c46c0,307ef2cb-75a3ea19e1df4d14,0.17054263565891473,0.5196850393700787
8a5fe3d9-93a3dad8f7666a94,565f77b7-23b45b780b50095a,0.17045454545454544,0.1875
0922b7e7-912c39dc139062c7,752ea9a5-664182e6dc451c38,0.1702127659574468,0.5
d2f74dfc-a6bc8b6e3b8a5c14,0b27be88-5b928e25c8d357e8,0.17010309278350516,0.4177215189873418
d2f74dfc-a6bc8b6e3b8a5c14,3f4a5b64-5b928e25c8d357e8,0.17010309278350516,0.4177215189873418
ea899386-fe26667b746e7e48,aa266c38-da7978e5218b69bb,0.16995447647951442,0.7088607594936709
b1e9f1f6-f1eeb72dfe429ca1,307ef2cb-75a3ea19e1df4d14,0.16927083333333334,0.5371900826446281
ea899386-fe26667b746e7e48,b2ec0eff-87b065f0615224f0,0.1689497716894977,0.46835443037974683
8a5fe3d9-93a3dad8f7666a94,5dbd0a07-b35da36c85a639b9,0.1686746987951807,0.35
25151980-ad6b1bb1894b0a4c,c354b74f-0604e6b4d0d5c6ce,0.16838995568685378,0.37748344370860926
24044589-bf970508f7e3f864,25597bcb-4fe4173b1428bc89,0.16828478964401294,0.18840579710144928
24b20554-a5b1e55952e1ee2b,8a5fe3d9-93a3dad8f7666a94,0.16783216783216784,0.19047619047619047
eec856c0-2fab8435cf84d33a,c34bb733-06e03f348f699c75,0.16775884665792923,0.39263803680981596
8a20e743-2e7f8b0754ce9549,c34bb733-06e03f348f699c75,0.16753926701570682,0.3902439024390244
fbd26aa0-86e5fb06db5850e3,9852706b-2f9b84e3a3814827,0.16733067729083664,0.5454545454545454
21123500-86e5fb06db5850e3,9852706b-2f9b84e3a3814827,0.16733067729083664,0.5454545454545454
b5fbe7a2-2ed9e0e8ec9709f4,0b27be88-5b928e25c8d357e8,0.1670061099796334,0.22527472527472528
b5fbe7a2-2ed9e0e8ec9709f4,3f4a5b64-5b928e25c8d357e8,0.1670061099796334,0.22527472527472528
e8006510-a942e7de2ea0bfe0,c354b74f-0604e6b4d0d5c6ce,0.16692913385826771,0.48623853211009177
8f31b279-478f8125d733625c,d55c238c-fef4ae3fa35bdcbf,0.16615384615384615,0.421875
8f31b279-478f8125d733625c,ebce9e39-fef4ae3fa35bdcbf,0.16615384615384615,0.421875
9756f13a-bfd818b52b35503a,856a8eda-a77e24e77755edf2,0.16606498194945848,0.2169811320754717
8a5fe3d9-93a3dad8f7666a94,fdcbdf85-577a34379de3a440,0.16568047337278108,0.35
565f77b7-23b45b780b50095a,b5fbe7a2-2ed9e0e8ec9709f4,0.16546762589928057,0.23958333333333334
24b20554-a5b1e55952e1ee2b,a3e272af-ee39311122c6be70,0.16546762589928057,0.36507936507936506
83935617-f846ec75200c32ba,307ef2cb-75a3ea19e1df4d14,0.16530849825378346,0.33490566037735847
24b20554-a5b1e55952e1ee2b,ac180326-05c887f789f96c6c,0.16507936507936508,0.4126984126984127
24b20554-a5b1e55952e1ee2b,643e22cc-654c92232c44c62f,0.16494845360824742,0.25396825396825395
5fcbdd19-c6a2bc1575862e8c,752ea9a5-664182e6dc451c38,0.1649048625792812,0.319672131147541
aa8091b0-c399c3876af7cd18,83935617-f846ec75200c32ba,0.16477272727272727,0.20714285714285716
31f29772-89be71d55d6dcbf3,b2ec0eff-87b065f0615224f0,0.1643835616438356,0.27631578947368424
9756f13a-bfd818b52b35503a,c34bb733-06e03f348f699c75,0.1643059490084986,0.5471698113207547
d1cd194e-343ae0830706f7c5,c34bb733-06e03f348f699c75,0.16393442622950818,0.45454545454545453
24b20554-a5b1e55952e1ee2b,0922b7e7-912c39dc139062c7,0.16296296296296298,0.1746031746031746
b2590225-b54d33b1108a0027,a3e272af-ee39311122c6be70,0.16286644951140064,0.2717391304347826
643e22cc-654c92232c44c62f,8a20e743-2e7f8b0754ce9549,0.16271186440677965,0.183206106870229
86232d21-8a914e0d06f2da9c,6e637812-2cf30e4e3de74ead,0.16260162601626016,0.1834862385321101
b2590225-b54d33b1108a0027,752ea9a5-664182e6dc451c38,0.16252821670428894,0.391304347826087
6c4ac8d3-2513a7019d585875,aa266c38-da7978e5218b69bb,0.16216216216216217,0.627906976744186
5fcbdd19-c6a2bc1575862e8c,b2ec0eff-87b065f0615224f0,0.16216216216216217,0.319672131147541
565f77b7-23b45b780b50095a,25151980-ad6b1bb1894b0a4c,0.16194331983805668,0.20833333333333334
643e22cc-654c92232c44c62f,9852706b-2f9b84e3a3814827,0.1618705035971223,0.3435114503816794
3b5cec19-6a08a847fd5569c6,b2ec0eff-87b065f0615224f0,0.16149068322981366,0.31451612903225806
86232d21-8a914e0d06f2da9c,307ef2cb-75a3ea19e1df4d14,0.16137566137566137,0.5596330275229358
8a5fe3d9-93a3dad8f7666a94,bdc08e6f-cb9d48cd280e575d,0.16091954022988506,0.35
fbd26aa0-86e5fb06db5850e3,0b27be88-5b928e25c8d357e8,0.16062176165803108,0.4025974025974026
21123500-86e5fb06db5850e3,0b27be88-5b928e25c8d357e8,0.16062176165803108,0.4025974025974026
fbd26aa0-86e5fb06db5850e3,3f4a5b64-5b928e25c8d357e8,0.16062176165803108,0.4025974025974026
21123500-86e5fb06db5850e3,3f4a5b64-5b928e25c8d357e8,0.16062176165803108,0.4025974025974026
8a5fe3d9-93a3dad8f7666a94,792863db-9ff342754a4ffa38,0.16040100250626566,0.4
9756f13a-bfd818b52b35503a,aa266c38-da7978e5218b69bb,0.16034985422740525,0.5188679245283019
cd835290-aa04028f29b0b202,43b10dec-84b11a95ab43485a,0.16030534351145037,0.4421052631578947
9756f13a-bfd818b52b35503a,792863db-9ff342754a4ffa38,0.16,0.32075471698113206
24b20554-a5b1e55952e1ee2b,83935617-f846ec75200c32ba,0.16,0.3492063492063492
aa8091b0-c399c3876af7cd18,c34bb733-06e03f348f699c75,0.15945945945945947,0.42142857142857143
9756f13a-bfd818b52b35503a,307ef2cb-75a3ea19e1df4d14,0.1593625498007968,0.5660377358490566
18e2441c-875179714224f591,752ea9a5-664182e6dc451c38,0.1589958158995816,0.2992125984251969
d2f74dfc-a6bc8b6e3b8a5c14,d55c238c-fef4ae3fa35bdcbf,0.1588235294117647,0.34177215189873417
d2f74dfc-a6bc8b6e3b8a5c14,ebce9e39-fef4ae3fa35bdcbf,0.1588235294117647,0.34177215189873417
dbffab11-9c0b8395baa43dd8,c34bb733-06e03f348f699c75,0.15881561238223418,0.4125874125874126
0922b7e7-912c39dc139062c7,120878da-5686924b01bc5a87,0.15849056603773584,0.2916666666666667
aa8091b0-c399c3876af7cd18,43b10dec-84b11a95ab43485a,0.15817223198594024,0.32142857142857145
bf0df1d5-765ae9a582fb2fce,c34bb733-06e03f348f699c75,0.15767634854771784,0.4634146341463415
24b20554-a5b1e55952e1ee2b,4fd752f7-38e0f848e91fac40,0.15767634854771784,0.30158730158730157
24b20554-a5b1e55952e1ee2b,c7239c97-38e0f848e91fac40,0.15767634854771784,0.30158730158730157
18e2441c-875179714224f591,aa8091b0-c399c3876af7cd18,0.15730337078651685,0.16535433070866143
3b5cec19-6a08a847fd5569c6,c354b74f-0604e6b4d0d5c6ce,0.15692307692307692,0.4112903225806452
8a5fe3d9-93a3dad8f7666a94,372a4f50-e0440664433d5262,0.1568627450980392,0.25
643e22cc-654c92232c44c62f,ac180326-05c887f789f96c6c,0.1566579634464752,0.22900763358778625
24044589-bf970508f7e3f864,0b27be88-5b928e25c8d357e8,0.15659955257270694,0.2536231884057971
24044589-bf970508f7e3f864,3f4a5b64-5b928e25c8d357e8,0.15659955257270694,0.2536231884057971
86232d21-8a914e0d06f2da9c,752ea9a5-664182e6dc451c38,0.1565217391304348,0.3302752293577982
1c4d348d-bb492560940c46c0,0b27be88-5b928e25c8d357e8,0.1559633027522936,0.2677165354330709
1c4d348d-bb492560940c46c0,3f4a5b64-5b928e25c8d357e8,0.1559633027522936,0.2677165354330709
6c4ac8d3-2513a7019d585875,307ef2cb-75a3ea19e1df4d14,0.15552523874488403,0.6627906976744186
d2f74dfc-a6bc8b6e3b8a5c14,1c4d348d-bb492560940c46c0,0.1553398058252427,0.20253164556962025
b2590225-b54d33b1108a0027,c354b74f-0604e6b4d0d5c6ce,0.1553398058252427,0.5217391304347826
0922b7e7-912c39dc139062c7,f7fc2e94-16502022be18b416,0.1553398058252427,0.2222222222222222
643e22cc-654c92232c44c62f,c354b74f-0604e6b4d0d5c6ce,0.1552511415525114,0.3893129770992366
fdcbdf85-577a34379de3a440,0b27be88-5b928e25c8d357e8,0.15520282186948853,0.17054263565891473
fdcbdf85-577a34379de3a440,3f4a5b64-5b928e25c8d357e8,0.15520282186948853,0.17054263565891473
2ff0355e-fae9eee14eaf4605,c34bb733-06e03f348f699c75,0.15510204081632653,0.4222222222222222
0922b7e7-912c39dc139062c7,83935617-f846ec75200c32ba,0.15492957746478872,0.3055555555555556
8a5fe3d9-93a3dad8f7666a94,18e2441c-875179714224f591,0.15458937198067632,0.2
cd835290-aa04028f29b0b202,c354b74f-0604e6b4d0d5c6ce,0.15458937198067632,0.5052631578947369
83935617-f846ec75200c32ba,c354b74f-0604e6b4d0d5c6ce,0.15447154471544716,0.2688679245283019
8a5fe3d9-93a3dad8f7666a94,9852706b-2f9b84e3a3814827,0.15445544554455445,0.4875
24b20554-a5b1e55952e1ee2b,d04e5afb-d3c6ce5b2840b6f2,0.1543859649122807,0.3492063492063492
24b20554-a5b1e55952e1ee2b,b728ba1d-bb217c74a7631a90,0.1543859649122807,0.3492063492063492
fbd26aa0-86e5fb06db5850e3,d2f74dfc-a6bc8b6e3b8a5c14,0.15384615384615385,0.15584415584415584
8f31b279-478f8125d733625c,d04e5afb-d3c6ce5b2840b6f2,0.15384615384615385,0.34375
21123500-86e5fb06db5850e3,d2f74dfc-a6bc8b6e3b8a5c14,0.15384615384615385,0.15584415584415584
86232d21-8a914e0d06f2da9c,b2ec0eff-87b065f0615224f0,0.15384615384615385,0.3302752293577982
8f31b279-478f8125d733625c,b728ba1d-bb217c74a7631a90,0.15384615384615385,0.34375
e8006510-a942e7de2ea0bfe0,9852706b-2f9b84e3a3814827,0.15355805243445692,0.3761467889908257
f7fc2e94-16502022be18b416,0b27be88-5b928e25c8d357e8,0.15349887133182843,0.2537313432835821
f7fc2e94-16502022be18b416,3f4a5b64-5b928e25c8d357e8,0.15349887133182843,0.2537313432835821
2ff0355e-fae9eee14eaf4605,0b27be88-5b928e25c8d357e8,0.15315315315315314,0.2518518518518518
2ff0355e-fae9eee14eaf4605,3f4a5b64-5b928e25c8d357e8,0.15315315315315314,0.2518518518518518
643e22cc-654c92232c44c62f,d55c238c-fef4ae3fa35bdcbf,0.15306122448979592,0.22900763358778625
643e22cc-654c92232c44c62f,ebce9e39-fef4ae3fa35bdcbf,0.15306122448979592,0.22900763358778625
856a8eda-a77e24e77755edf2,d04e5afb-d3c6ce5b2840b6f2,0.15267175572519084,0.17543859649122806
856a8eda-a77e24e77755edf2,b728ba1d-bb217c74a7631a90,0.15267175572519084,0.17543859649122806
bd7281dc-585de5acf99e052f,752ea9a5-664182e6dc451c38,0.15254237288135594,0.2975206611570248
565f77b7-23b45b780b50095a,1c4d348d-bb492560940c46c0,0.15246636771300448,0.17708333333333334
18e2441c-875179714224f591,307ef2cb-75a3ea19e1df4d14,0.1524547803617571,0.4645669291338583
24b20554-a5b1e55952e1ee2b,f7fc2e94-16502022be18b416,0.15228426395939088,0.23809523809523808
d2f74dfc-a6bc8b6e3b8a5c14,25597bcb-4fe4173b1428bc89,0.152,0.24050632911392406
3b5cec19-6a08a847fd5569c6,c34bb733-06e03f348f699c75,0.15193370165745856,0.4435483870967742
565f77b7-23b45b780b50095a,d55c238c-fef4ae3fa35bdcbf,0.15126050420168066,0.28125
565f77b7-23b45b780b50095a,ebce9e39-fef4ae3fa35bdcbf,0.15126050420168066,0.28125
f7fc2e94-16502022be18b416,307ef2cb-75a3ea19e1df4d14,0.15108834827144688,0.44029850746268656
24b20554-a5b1e55952e1ee2b,565f77b7-23b45b780b50095a,0.1509433962264151,0.19047619047619047
b2590225-b54d33b1108a0027,9852706b-2f9b84e3a3814827,0.15087040618955513,0.42391304347826086
d1cd194e-343ae0830706f7c5,b2ec0eff-87b065f0615224f0,0.15071283095723015,0.2803030303030303
ea899386-fe26667b746e7e48,c34bb733-06e03f348f699c75,0.15022091310751104,0.6455696202531646
bd7281dc-585de5acf99e052f,792863db-9ff342754a4ffa38,0.15,0.2727272727272727
5fcbdd19-c6a2bc1575862e8c,9852706b-2f9b84e3a3814827,0.14990859232175502,0.3360655737704918
565f77b7-23b45b780b50095a,856a8eda-a77e24e77755edf2,0.149812734082397,0.20833333333333334
24b20554-a5b1e55952e1ee2b,fdcbdf85-577a34379de3a440,0.14953271028037382,0.38095238095238093
6e637812-2cf30e4e3de74ead,5dbd0a07-b35da36c85a639b9,0.14910025706940874,0.2116788321167883
f7fc2e94-16502022be18b416,752ea9a5-664182e6dc451c38,0.14845360824742268,0.26865671641791045
bd7281dc-585de5acf99e052f,c354b74f-0604e6b4d0d5c6ce,0.14837712519319937,0.39669421487603307
cd835290-aa04028f29b0b202,307ef2cb-75a3ea19e1df4d14,0.14824797843665768,0.5789473684210527
829d2024-2470d914e91e437d,aa266c38-da7978e5218b69bb,0.14814814814814814,0.7058823529411765
83935617-f846ec75200c32ba,c34bb733-06e03f348f699c75,0.1477832512315271,0.2830188679245283
bd7281dc-585de5acf99e052f,fdcbdf85-577a34379de3a440,0.14775725593667546,0.23140495867768596
1c4d348d-bb492560940c46c0,25597bcb-4fe4173b1428bc89,0.1476510067114094,0.1732283464566929
6c4ac8d3-2513a7019d585875,43b10dec-84b11a95ab43485a,0.14757281553398058,0.4418604651162791
fbd26aa0-86e5fb06db5850e3,d04e5afb-d3c6ce5b2840b6f2,0.14715719063545152,0.2857142857142857
fbd26aa0-86e5fb06db5850e3,b728ba1d-bb217c74a7631a90,0.14715719063545152,0.2857142857142857
21123500-86e5fb06db5850e3,d04e5afb-d3c6ce5b2840b6f2,0.14715719063545152,0.2857142857142857
21123500-86e5fb06db5850e3,b728ba1d-bb217c74a7631a90,0.14715719063545152,0.2857142857142857
6e637812-2cf30e4e3de74ead,fdcbdf85-577a34379de3a440,0.1468354430379747,0.2116788321167883
0922b7e7-912c39dc139062c7,1071f735-4d5dba82eb4d30f0,0.14673913043478262,0.375
829d2024-2470d914e91e437d,c34bb733-06e03f348f699c75,0.1467065868263473,0.7205882352941176
86232d21-8a914e0d06f2da9c,c34bb733-06e03f348f699c75,0.1466854724964739,0.47706422018348627
8f31b279-478f8125d733625c,b2ec0eff-87b065f0615224f0,0.14657210401891252,0.484375
25597bcb-4fe4173b1428bc89,c354b74f-0604e6b4d0d5c6ce,0.14634146341463414,0.2982456140350877
fbd26aa0-86e5fb06db5850e3,43b10dec-84b11a95ab43485a,0.14624505928853754,0.4805194805194805
21123500-86e5fb06db5850e3,43b10dec-84b11a95ab43485a,0.14624505928853754,0.4805194805194805
d2f74dfc-a6bc8b6e3b8a5c14,b2ec0eff-87b065f0615224f0,0.1461187214611872,0.4050632911392405
0922b7e7-912c39dc139062c7,d2f74dfc-a6bc8b6e3b8a5c14,0.1456953642384106,0.1527777777777778
565f77b7-23b45b780b50095a,307ef2cb-75a3ea19e1df4d14,0.14535666218034993,0.5625
643e22cc-654c92232c44c62f,752ea9a5-664182e6dc451c38,0.14522821576763487,0.26717557251908397
829d2024-2470d914e91e437d,43b10dec-84b11a95ab43485a,0.1448692152917505,0.5294117647058824
24b20554-a5b1e55952e1ee2b,1071f735-4d5dba82eb4d30f0,0.14484679665738162,0.4126984126984127
829d2024-2470d914e91e437d,c354b74f-0604e6b4d0d5c6ce,0.1447811447811448,0.6323529411764706
83935617-f846ec75200c32ba,9852706b-2f9b84e3a3814827,0.14442700156985872,0.2169811320754717
83935617-f846ec75200c32ba,43b10dec-84b11a95ab43485a,0.1435257410296412,0.2169811320754717
b2590225-b54d33b1108a0027,643e22cc-654c92232c44c62f,0.14349775784753363,0.17391304347826086
8a20e743-2e7f8b0754ce9549,25597bcb-4fe4173b1428bc89,0.14328358208955225,0.14634146341463414
ea899386-fe26667b746e7e48,307ef2cb-75a3ea19e1df4d14,0.14325068870523416,0.6582278481012658
6e637812-2cf30e4e3de74ead,bdc08e6f-cb9d48cd280e575d,0.14320987654320988,0.2116788321167883
fbd26aa0-86e5fb06db5850e3,aa266c38-da7978e5218b69bb,0.1430745814307458,0.6103896103896104
21123500-86e5fb06db5850e3,aa266c38-da7978e5218b69bb,0.1430745814307458,0.6103896103896104
d2f74dfc-a6bc8b6e3b8a5c14,643e22cc-654c92232c44c62f,0.14285714285714285,0.189873417721519
0922b7e7-912c39dc139062c7,c34bb733-06e03f348f699c75,0.14285714285714285,0.6666666666666666
d2f74dfc-a6bc8b6e3b8a5c14,aa266c38-da7978e5218b69bb,0.1426403641881639,0.5949367088607594
f7fc2e94-16502022be18b416,b2ec0eff-87b065f0615224f0,0.14198782961460446,0.26119402985074625
372a4f50-e0440664433d5262,c34bb733-06e03f348f699c75,0.14193548387096774,0.3142857142857143
b2590225-b54d33b1108a0027,d55c238c-fef4ae3fa35bdcbf,0.141643059490085,0.2717391304347826
b2590225-b54d33b1108a0027,ebce9e39-fef4ae3fa35bdcbf,0.141643059490085,0.2717391304347826
24b20554-a5b1e55952e1ee2b,b1e9f1f6-f1eeb72dfe429ca1,0.14130434782608695,0.20634920634920634
565f77b7-23b45b780b50095a,43b10dec-84b11a95ab43485a,0.14095238095238094,0.3854166666666667
4d279121-ac2c1c95194dc4e6,c354b74f-0604e6b4d0d5c6ce,0.14088820826952528,0.36220472440944884
8a5fe3d9-93a3dad8f7666a94,d55c238c-fef4ae3fa35bdcbf,0.14076246334310852,0.3
8a5fe3d9-93a3dad8f7666a94,ebce9e39-fef4ae3fa35bdcbf,0.14076246334310852,0.3
643e22cc-654c92232c44c62f,83935617-f846ec75200c32ba,0.13994169096209913,0.183206106870229
1c4d348d-bb492560940c46c0,b2ec0eff-87b065f0615224f0,0.13991769547325103,0.2677165354330709
bd7281dc-585de5acf99e052f,aa266c38-da7978e5218b69bb,0.1398002853067047,0.4049586776859504
4fd752f7-38e0f848e91fac40,0b27be88-5b928e25c8d357e8,0.13963039014373715,0.19101123595505617
c7239c97-38e0f848e91fac40,0b27be88-5b928e25c8d357e8,0.13963039014373715,0.19101123595505617
4fd752f7-38e0f848e91fac40,3f4a5b64-5b928e25c8d357e8,0.13963039014373715,0.19101123595505617
c7239c97-38e0f848e91fac40,3f4a5b64-5b928e25c8d357e8,0.13963039014373715,0.19101123595505617
18e2441c-875179714224f591,643e22cc-654c92232c44c62f,0.13953488372093023,0.14173228346456693
5fcbdd19-c6a2bc1575862e8c,c354b74f-0604e6b4d0d5c6ce,0.1388888888888889,0.36885245901639346
b2590225-b54d33b1108a0027,c34bb733-06e03f348f699c75,0.13872832369942195,0.5217391304347826
565f77b7-23b45b780b50095a,0b27be88-5b928e25c8d357e8,0.1382716049382716,0.2916666666666667
565f77b7-23b45b780b50095a,3f4a5b64-5b928e25c8d357e8,0.1382716049382716,0.2916666666666667
8a5fe3d9-93a3dad8f7666a94,086f0f90-7f486c2e200f89e3,0.1377672209026128,0.3625
eec856c0-2fab8435cf84d33a,25597bcb-4fe4173b1428bc89,0.1377245508982036,0.1411042944785276
1c4d348d-bb492560940c46c0,c34bb733-06e03f348f699c75,0.1375515818431912,0.3937007874015748
6c4ac8d3-2513a7019d585875,0b27be88-5b928e25c8d357e8,0.13670886075949368,0.313953488372093
6c4ac8d3-2513a7019d585875,3f4a5b64-5b928e25c8d357e8,0.13670886075949368,0.313953488372093
25151980-ad6b1bb1894b0a4c,25597bcb-4fe4173b1428bc89,0.13664596273291926,0.1456953642384106
1c4d348d-bb492560940c46c0,6e637812-2cf30e4e3de74ead,0.13636363636363635,0.14173228346456693
6e637812-2cf30e4e3de74ead,25597bcb-4fe4173b1428bc89,0.13636363636363635,0.15328467153284672
565f77b7-23b45b780b50095a,aa266c38-da7978e5218b69bb,0.13609467455621302,0.4791666666666667
d2f74dfc-a6bc8b6e3b8a5c14,856a8eda-a77e24e77755edf2,0.136,0.21518987341772153
fbd26aa0-86e5fb06db5850e3,c354b74f-0604e6b4d0d5c6ce,0.13598673300165837,0.5324675324675324
21123500-86e5fb06db5850e3,c354b74f-0604e6b4d0d5c6ce,0.13598673300165837,0.5324675324675324
25597bcb-4fe4173b1428bc89,b5fbe7a2-2ed9e0e8ec9709f4,0.1359773371104816,0.14035087719298245
6e637812-2cf30e4e3de74ead,c34bb733-06e03f348f699c75,0.13568521031207598,0.36496350364963503
b2590225-b54d33b1108a0027,307ef2cb-75a3ea19e1df4d14,0.13531799729364005,0.5434782608695652
8a5fe3d9-93a3dad8f7666a94,1c4d348d-bb492560940c46c0,0.13526570048309178,0.175
b1e9f1f6-f1eeb72dfe429ca1,0b27be88-5b928e25c8d357e8,0.13488372093023257,0.2396694214876033
b1e9f1f6-f1eeb72dfe429ca1,3f4a5b64-5b928e25c8d357e8,0.13488372093023257,0.2396694214876033
18e2441c-875179714224f591,c34bb733-06e03f348f699c75,0.13480055020632736,0.3858267716535433
25151980-ad6b1bb1894b0a4c,0b27be88-5b928e25c8d357e8,0.13478260869565217,0.2052980132450331
25151980-ad6b1bb1894b0a4c,3f4a5b64-5b928e25c8d357e8,0.13478260869565217,0.2052980132450331
6c4ac8d3-2513a7019d585875,83935617-f846ec75200c32ba,0.1342281879194631,0.23255813953488372
86232d21-8a914e0d06f2da9c,aa266c38-da7978e5218b69bb,0.13352685050798258,0.42201834862385323
d2f74dfc-a6bc8b6e3b8a5c14,1071f735-4d5dba82eb4d30f0,0.13333333333333333,0.31645569620253167
25597bcb-4fe4173b1428bc89,43b10dec-84b11a95ab43485a,0.13333333333333333,0.23391812865497075
5fcbdd19-c6a2bc1575862e8c,307ef2cb-75a3ea19e1df4d14,0.13263979193758127,0.4180327868852459
ea899386-fe26667b746e7e48,c354b74f-0604e6b4d0d5c6ce,0.1322314049586777,0.5063291139240507
1c4d348d-bb492560940c46c0,c354b74f-0604e6b4d0d5c6ce,0.13169984686064318,0.33858267716535434
829d2024-2470d914e91e437d,307ef2cb-75a3ea19e1df4d14,0.13146853146853146,0.6911764705882353
643e22cc-654c92232c44c62f,1071f735-4d5dba82eb4d30f0,0.13114754098360656,0.21374045801526717
b1e9f1f6-f1eeb72dfe429ca1,43b10dec-84b11a95ab43485a,0.13090909090909092,0.2975206611570248
fbd26aa0-86e5fb06db5850e3,6e637812-2cf30e4e3de74ead,0.1308411214953271,0.18181818181818182
21123500-86e5fb06db5850e3,6e637812-2cf30e4e3de74ead,0.1308411214953271,0.18181818181818182
6c4ac8d3-2513a7019d585875,c354b74f-0604e6b4d0d5c6ce,0.13071895424836602,0.46511627906976744
e8006510-a942e7de2ea0bfe0,aa266c38-da7978e5218b69bb,0.13062409288824384,0.41284403669724773
8f31b279-478f8125d733625c,aa266c38-da7978e5218b69bb,0.13043478260869565,0.65625
e435b1ac-fca299e9e6a34128,c34bb733-06e03f348f699c75,0.13043478260869565,0.35294117647058826
e435b1ac-fca299e9e6a34128,0b27be88-5b928e25c8d357e8,0.1303370786516854,0.21323529411764705
e435b1ac-fca299e9e6a34128,3f4a5b64-5b928e25c8d357e8,0.1303370786516854,0.21323529411764705
5fcbdd19-c6a2bc1575862e8c,c34bb733-06e03f348f699c75,0.13019390581717452,0.38524590163934425
24b20554-a5b1e55952e1ee2b,9756f13a-bfd818b52b35503a,0.1301775147928994,0.1746031746031746
0922b7e7-912c39dc139062c7,ac180326-05c887f789f96c6c,0.12962962962962962,0.2916666666666667
86232d21-8a914e0d06f2da9c,c354b74f-0604e6b4d0d5c6ce,0.12913385826771653,0.3761467889908257
0017d438-22fe225779931ed1,25597bcb-4fe4173b1428bc89,0.12903225806451613,0.12941176470588237
24b20554-a5b1e55952e1ee2b,0b27be88-5b928e25c8d357e8,0.12903225806451613,0.38095238095238093
24b20554-a5b1e55952e1ee2b,3f4a5b64-5b928e25c8d357e8,0.12903225806451613,0.38095238095238093
0922b7e7-912c39dc139062c7,9852706b-2f9b84e3a3814827,0.12877263581488935,0.4444444444444444
24b20554-a5b1e55952e1ee2b,0017d438-22fe225779931ed1,0.12875536480686695,0.23809523809523808
8a5fe3d9-93a3dad8f7666a94,c354b74f-0604e6b4d0d5c6ce,0.12871287128712872,0.4875
643e22cc-654c92232c44c62f,c34bb733-06e03f348f699c75,0.12859097127222982,0.35877862595419846
d2f74dfc-a6bc8b6e3b8a5c14,86232d21-8a914e0d06f2da9c,0.1276595744680851,0.1518987341772152
643e22cc-654c92232c44c62f,25151980-ad6b1bb1894b0a4c,0.1276595744680851,0.13740458015267176
18e2441c-875179714224f591,b2ec0eff-87b065f0615224f0,0.12757201646090535,0.2440944881889764
5fcbdd19-c6a2bc1575862e8c,43b10dec-84b11a95ab43485a,0.12704174228675136,0.28688524590163933
e435b1ac-fca299e9e6a34128,c354b74f-0604e6b4d0d5c6ce,0.1268882175226586,0.3088235294117647
643e22cc-654c92232c44c62f,6e637812-2cf30e4e3de74ead,0.12686567164179105,0.1297709923664122
565f77b7-23b45b780b50095a,9852706b-2f9b84e3a3814827,0.12667946257197696,0.34375
86232d21-8a914e0d06f2da9c,43b10dec-84b11a95ab43485a,0.12639405204460966,0.3119266055045872
d2f74dfc-a6bc8b6e3b8a5c14,8a5fe3d9-93a3dad8f7666a94,0.12578616352201258,0.12658227848101267
6e637812-2cf30e4e3de74ead,307ef2cb-75a3ea19e1df4d14,0.125,0.35766423357664234
24b20554-a5b1e55952e1ee2b,aa266c38-da7978e5218b69bb,0.12441679626749612,0.6349206349206349
24b20554-a5b1e55952e1ee2b,086f0f90-7f486c2e200f89e3,0.12376237623762376,0.3968253968253968
bd7281dc-585de5acf99e052f,43b10dec-84b11a95ab43485a,0.12363636363636364,0.2809917355371901
8f31b279-478f8125d733625c,c34bb733-06e03f348f699c75,0.12349397590361445,0.640625
9756f13a-bfd818b52b35503a,c354b74f-0604e6b4d0d5c6ce,0.12341772151898735,0.36792452830188677
d2f74dfc-a6bc8b6e3b8a5c14,9852706b-2f9b84e3a3814827,0.12301587301587301,0.3924050632911392
18e2441c-875179714224f591,c354b74f-0604e6b4d0d5c6ce,0.1225114854517611,0.31496062992125984
bd7281dc-585de5acf99e052f,307ef2cb-75a3ea19e1df4d14,0.12239583333333333,0.3884297520661157
8f31b279-478f8125d733625c,c354b74f-0604e6b4d0d5c6ce,0.12203389830508475,0.5625
f7fc2e94-16502022be18b416,c354b74f-0604e6b4d0d5c6ce,0.12121212121212122,0.29850746268656714
b2590225-b54d33b1108a0027,d04e5afb-d3c6ce5b2840b6f2,0.12101910828025478,0.20652173913043478
b2590225-b54d33b1108a0027,b728ba1d-bb217c74a7631a90,0.12101910828025478,0.20652173913043478
24b20554-a5b1e55952e1ee2b,5dbd0a07-b35da36c85a639b9,0.12063492063492064,0.30158730158730157
d2f74dfc-a6bc8b6e3b8a5c14,0017d438-22fe225779931ed1,0.12048192771084337,0.189873417721519
24044589-bf970508f7e3f864,c354b74f-0604e6b4d0d5c6ce,0.12048192771084337,0.2898550724637681
8a5fe3d9-93a3dad8f7666a94,6e637812-2cf30e4e3de74ead,0.11981566820276497,0.1625
b2590225-b54d33b1108a0027,0b27be88-5b928e25c8d357e8,0.11970074812967581,0.2608695652173913
b2590225-b54d33b1108a0027,3f4a5b64-5b928e25c8d357e8,0.11970074812967581,0.2608695652173913
86232d21-8a914e0d06f2da9c,0b27be88-5b928e25c8d357e8,0.11961722488038277,0.22935779816513763
86232d21-8a914e0d06f2da9c,3f4a5b64-5b928e25c8d357e8,0.11961722488038277,0.22935779816513763
e8006510-a942e7de2ea0bfe0,307ef2cb-75a3ea19e1df4d14,0.11904761904761904,0.41284403669724773
565f77b7-23b45b780b50095a,c354b74f-0604e6b4d0d5c6ce,0.1189710610932476,0.3854166666666667
fbd26aa0-86e5fb06db5850e3,c34bb733-06e03f348f699c75,0.11816838995568685,0.5194805194805194
21123500-86e5fb06db5850e3,c34bb733-06e03f348f699c75,0.11816838995568685,0.5194805194805194
0922b7e7-912c39dc139062c7,5dbd0a07-b35da36c85a639b9,0.11728395061728394,0.2638888888888889
0922b7e7-912c39dc139062c7,25151980-ad6b1bb1894b0a4c,0.11659192825112108,0.18055555555555555
aa8091b0-c399c3876af7cd18,25597bcb-4fe4173b1428bc89,0.1157556270096463,0.12857142857142856
8f31b279-478f8125d733625c,307ef2cb-75a3ea19e1df4d14,0.11533052039381153,0.640625
25597bcb-4fe4173b1428bc89,752ea9a5-664182e6dc451c38,0.11494252873563218,0.17543859649122806
24b20554-a5b1e55952e1ee2b,bdc08e6f-cb9d48cd280e575d,0.1148036253776435,0.30158730158730157
24b20554-a5b1e55952e1ee2b,9852706b-2f9b84e3a3814827,0.11475409836065574,0.4444444444444444
643e22cc-654c92232c44c62f,43b10dec-84b11a95ab43485a,0.11428571428571428,0.24427480916030533
5fcbdd19-c6a2bc1575862e8c,aa266c38-da7978e5218b69bb,0.11396011396011396,0.32786885245901637
ea899386-fe26667b746e7e48,0b27be88-5b928e25c8d357e8,0.1134020618556701,0.27848101265822783
ea899386-fe26667b746e7e48,3f4a5b64-5b928e25c8d357e8,0.1134020618556701,0.27848101265822783
4d279121-ac2c1c95194dc4e6,c34bb733-06e03f348f699c75,0.11279229711141678,0.3228346456692913
643e22cc-654c92232c44c62f,aa266c38-da7978e5218b69bb,0.11251758087201125,0.3053435114503817
0922b7e7-912c39dc139062c7,bdc08e6f-cb9d48cd280e575d,0.11176470588235295,0.2638888888888889
25597bcb-4fe4173b1428bc89,9852706b-2f9b84e3a3814827,0.11073825503355705,0.19298245614035087
18e2441c-875179714224f591,0b27be88-5b928e25c8d357e8,0.11009174311926606,0.1889763779527559
18e2441c-875179714224f591,3f4a5b64-5b928e25c8d357e8,0.11009174311926606,0.1889763779527559
24b20554-a5b1e55952e1ee2b,792863db-9ff342754a4ffa38,0.1099476439790576,0.3333333333333333
5fcbdd19-c6a2bc1575862e8c,792863db-9ff342754a4ffa38,0.10884353741496598,0.19672131147540983
d2f74dfc-a6bc8b6e3b8a5c14,5dbd0a07-b35da36c85a639b9,0.10876132930513595,0.22784810126582278
ea899386-fe26667b746e7e48,43b10dec-84b11a95ab43485a,0.1062992125984252,0.34177215189873417
8a5fe3d9-93a3dad8f7666a94,aa266c38-da7978e5218b69bb,0.10606060606060606,0.4375
d2f74dfc-a6bc8b6e3b8a5c14,c354b74f-0604e6b4d0d5c6ce,0.10578512396694215,0.4050632911392405
25597bcb-4fe4173b1428bc89,856a8eda-a77e24e77755edf2,0.10526315789473684,0.10526315789473684
fbd26aa0-86e5fb06db5850e3,307ef2cb-75a3ea19e1df4d14,0.10497237569060773,0.4935064935064935
21123500-86e5fb06db5850e3,307ef2cb-75a3ea19e1df4d14,0.10497237569060773,0.4935064935064935
24b20554-a5b1e55952e1ee2b,d55c238c-fef4ae3fa35bdcbf,0.10493827160493827,0.2698412698412698
24b20554-a5b1e55952e1ee2b,ebce9e39-fef4ae3fa35bdcbf,0.10493827160493827,0.2698412698412698
d2f74dfc-a6bc8b6e3b8a5c14,bdc08e6f-cb9d48cd280e575d,0.1037463976945245,0.22784810126582278
0922b7e7-912c39dc139062c7,b2ec0eff-87b065f0615224f0,0.10208816705336426,0.3055555555555556
25597bcb-4fe4173b1428bc89,086f0f90-7f486c2e200f89e3,0.1015625,0.15204678362573099
25597bcb-4fe4173b1428bc89,aa266c38-da7978e5218b69bb,0.10119840213049268,0.2222222222222222
4d279121-ac2c1c95194dc4e6,0b27be88-5b928e25c8d357e8,0.10091743119266056,0.1732283464566929
4d279121-ac2c1c95194dc4e6,3f4a5b64-5b928e25c8d357e8,0.10091743119266056,0.1732283464566929
8f31b279-478f8125d733625c,43b10dec-84b11a95ab43485a,0.0973630831643002,0.375
bd7281dc-585de5acf99e052f,1c4d348d-bb492560940c46c0,0.0967741935483871,0.09917355371900827
24b20554-a5b1e55952e1ee2b,752ea9a5-664182e6dc451c38,0.0966183574879227,0.31746031746031744
9756f13a-bfd818b52b35503a,0b27be88-5b928e25c8d357e8,0.0963855421686747,0.18867924528301888
9756f13a-bfd818b52b35503a,3f4a5b64-5b928e25c8d357e8,0.0963855421686747,0.18867924528301888
643e22cc-654c92232c44c62f,307ef2cb-75a3ea19e1df4d14,0.09511568123393316,0.2824427480916031
24b20554-a5b1e55952e1ee2b,c354b74f-0604e6b4d0d5c6ce,0.09507640067911714,0.4444444444444444
24044589-bf970508f7e3f864,c34bb733-06e03f348f699c75,0.0948509485094851,0.2536231884057971
0922b7e7-912c39dc139062c7,307ef2cb-75a3ea19e1df4d14,0.09457579972183588,0.4722222222222222
0922b7e7-912c39dc139062c7,b5fbe7a2-2ed9e0e8ec9709f4,0.09448818897637795,0.16666666666666666
0922b7e7-912c39dc139062c7,c354b74f-0604e6b4d0d5c6ce,0.09364548494983277,0.3888888888888889
8a5fe3d9-93a3dad8f7666a94,307ef2cb-75a3ea19e1df4d14,0.09353507565337002,0.425
e8006510-a942e7de2ea0bfe0,c34bb733-06e03f348f699c75,0.0930888575458392,0.30275229357798167
d2f74dfc-a6bc8b6e3b8a5c14,752ea9a5-664182e6dc451c38,0.09302325581395349,0.25316455696202533
0922b7e7-912c39dc139062c7,1c4d348d-bb492560940c46c0,0.09045226130653267,0.125
bd7281dc-585de5acf99e052f,83935617-f846ec75200c32ba,0.09009009009009009,0.12396694214876033
24b20554-a5b1e55952e1ee2b,b2ec0eff-87b065f0615224f0,0.09004739336492891,0.30158730158730157
e8006510-a942e7de2ea0bfe0,43b10dec-84b11a95ab43485a,0.08921933085501858,0.22018348623853212
565f77b7-23b45b780b50095a,c34bb733-06e03f348f699c75,0.08908045977011494,0.3229166666666667
24b20554-a5b1e55952e1ee2b,bd7281dc-585de5acf99e052f,0.08695652173913043,0.12698412698412698
25597bcb-4fe4173b1428bc89,b2ec0eff-87b065f0615224f0,0.08679245283018867,0.13450292397660818
d2f74dfc-a6bc8b6e3b8a5c14,43b10dec-84b11a95ab43485a,0.08661417322834646,0.27848101265822783
643e22cc-654c92232c44c62f,b2ec0eff-87b065f0615224f0,0.08571428571428572,0.16030534351145037
6e637812-2cf30e4e3de74ead,43b10dec-84b11a95ab43485a,0.08480565371024736,0.17518248175182483
0922b7e7-912c39dc139062c7,0b27be88-5b928e25c8d357e8,0.08398950131233596,0.2222222222222222
0922b7e7-912c39dc139062c7,3f4a5b64-5b928e25c8d357e8,0.08398950131233596,0.2222222222222222
d2f74dfc-a6bc8b6e3b8a5c14,fdcbdf85-577a34379de3a440,0.0830860534124629,0.17721518987341772
f7fc2e94-16502022be18b416,c34bb733-06e03f348f699c75,0.08174386920980926,0.22388059701492538
d2f74dfc-a6bc8b6e3b8a5c14,307ef2cb-75a3ea19e1df4d14,0.07988980716253444,0.3670886075949367
24b20554-a5b1e55952e1ee2b,307ef2cb-75a3ea19e1df4d14,0.07887323943661972,0.4444444444444444
8a5fe3d9-93a3dad8f7666a94,b2ec0eff-87b065f0615224f0,0.0774487471526196,0.2125
0922b7e7-912c39dc139062c7,aa266c38-da7978e5218b69bb,0.0736196319018405,0.3333333333333333
25597bcb-4fe4173b1428bc89,307ef2cb-75a3ea19e1df4d14,0.07334963325183375,0.17543859649122806
25597bcb-4fe4173b1428bc89,0b27be88-5b928e25c8d357e8,0.07083333333333333,0.09941520467836257
25597bcb-4fe4173b1428bc89,3f4a5b64-5b928e25c8d357e8,0.07083333333333333,0.09941520467836257
24b20554-a5b1e55952e1ee2b,25597bcb-4fe4173b1428bc89,0.06837606837606838,0.12698412698412698
9756f13a-bfd818b52b35503a,43b10dec-84b11a95ab43485a,0.06728971962616823,0.16981132075471697
8a5fe3d9-93a3dad8f7666a94,43b10dec-84b11a95ab43485a,0.06679764243614932,0.2125
643e22cc-654c92232c44c62f,792863db-9ff342754a4ffa38,0.06666666666666667,0.11450381679389313
bd7281dc-585de5acf99e052f,0b27be88-5b928e25c8d357e8,0.06511627906976744,0.11570247933884298
bd7281dc-585de5acf99e052f,3f4a5b64-5b928e25c8d357e8,0.06511627906976744,0.11570247933884298
e8006510-a942e7de2ea0bfe0,0b27be88-5b928e25c8d357e8,0.06220095693779904,0.11926605504587157
e8006510-a942e7de2ea0bfe0,3f4a5b64-5b928e25c8d357e8,0.06220095693779904,0.11926605504587157
b2590225-b54d33b1108a0027,bd7281dc-585de5acf99e052f,0.056338028169014086,0.06521739130434782
d2f74dfc-a6bc8b6e3b8a5c14,c34bb733-06e03f348f699c75,0.055964653902798235,0.24050632911392406
0922b7e7-912c39dc139062c7,43b10dec-84b11a95ab43485a,0.05189620758483034,0.18055555555555555
0922b7e7-912c39dc139062c7,792863db-9ff342754a4ffa38,0.05115089514066496,0.1388888888888889
643e22cc-654c92232c44c62f,0b27be88-5b928e25c8d357e8,0.045454545454545456,0.07633587786259542
643e22cc-654c92232c44c62f,3f4a5b64-5b928e25c8d357e8,0.045454545454545456,0.07633587786259542
24b20554-a5b1e55952e1ee2b,c34bb733-06e03f348f699c75,0.0392156862745098,0.20634920634920634
