submissionName1,submissionName2,averageSimilarity,maxSimilarity
77ec956f-adf46fc113a7897c,ac8ef97c-adf46fc113a7897c,1.0,1.0
3ff60986-16a42daeed85665a,d0b4b96c-16a42daeed85665a,1.0,1.0
6db218a2-72e0950e970437e8,90b71536-6872ffbba31bf0e8,1.0,1.0
d82fa7e3-433e9d46a5f89b2b,d82fa7e3-782e1e245ba4914a,1.0,1.0
2bbc6c80-27f3c6b3d16cee39,4e58558c-da8b1d30d372a726,1.0,1.0
5af25bd7-bab814ae1e80f49c,77ec956f-adf46fc113a7897c,0.9,0.9
5af25bd7-bab814ae1e80f49c,ac8ef97c-adf46fc113a7897c,0.9,0.9
810fd282-dd9527d444a6fd24,ec558d69-a235442f66cc6e23,0.896551724137931,0.9069767441860465
3ff60986-16a42daeed85665a,74b5ad88-161f80df7806b869,0.8692307692307693,0.889763779527559
d0b4b96c-16a42daeed85665a,74b5ad88-161f80df7806b869,0.8692307692307693,0.889763779527559
810fd282-dd9527d444a6fd24,0f3a2acf-de8b309828cb25f4,0.8439306358381503,0.8488372093023255
74b5ad88-161f80df7806b869,cc9230d3-b726b8798d51113b,0.8239700374531835,0.8270676691729323
1a31f5cb-39a41eeeccf00058,bf85ab7b-08a1d251b6870a86,0.8166666666666667,0.8868778280542986
3ff60986-16a42daeed85665a,cc9230d3-b726b8798d51113b,0.7739463601532567,0.7952755905511811
d0b4b96c-16a42daeed85665a,cc9230d3-b726b8798d51113b,0.7739463601532567,0.7952755905511811
853acff9-f99b0694fe9e5076,866a2d52-6de18ee6eeb5dc4f,0.7709923664122137,0.7769230769230769
1a31f5cb-39a41eeeccf00058,baa8e497-4da20547f1da0730,0.7627118644067796,0.8144796380090498
c73cd266-b38a218355e7b6b2,74b5ad88-161f80df7806b869,0.7480916030534351,0.7596899224806202
0f3a2acf-de8b309828cb25f4,ec558d69-a235442f66cc6e23,0.7428571428571429,0.7471264367816092
c73cd266-b38a218355e7b6b2,9a20c823-2d486e0263a5fc70,0.7391304347826086,0.7906976744186046
c73cd266-b38a218355e7b6b2,51019113-10b98444e71e1a88,0.7361111111111112,0.8217054263565892
c73cd266-b38a218355e7b6b2,cc9230d3-b726b8798d51113b,0.7300380228136882,0.7441860465116279
853acff9-f99b0694fe9e5076,cc9230d3-b726b8798d51113b,0.7272727272727273,0.7384615384615385
3ff60986-16a42daeed85665a,866a2d52-6de18ee6eeb5dc4f,0.7258687258687259,0.7401574803149606
d0b4b96c-16a42daeed85665a,866a2d52-6de18ee6eeb5dc4f,0.7258687258687259,0.7401574803149606
3ff60986-16a42daeed85665a,c73cd266-b38a218355e7b6b2,0.71875,0.7244094488188977
d0b4b96c-16a42daeed85665a,c73cd266-b38a218355e7b6b2,0.71875,0.7244094488188977
c73cd266-b38a218355e7b6b2,853acff9-f99b0694fe9e5076,0.7104247104247104,0.7131782945736435
0f3a2acf-de8b309828cb25f4,e86eb5b0-1a8cf2ecfad7c1e8,0.6885245901639344,0.7241379310344828
3ff60986-16a42daeed85665a,9a20c823-2d486e0263a5fc70,0.6715328467153284,0.7244094488188977
d0b4b96c-16a42daeed85665a,9a20c823-2d486e0263a5fc70,0.6715328467153284,0.7244094488188977
cc9230d3-b726b8798d51113b,51019113-10b98444e71e1a88,0.6621160409556314,0.7238805970149254
853acff9-f99b0694fe9e5076,74b5ad88-161f80df7806b869,0.6615969581749049,0.6692307692307692
dcf09f37-13ece273e0e27db3,d2eb953e-66ba05ff08de8899,0.6613333333333333,0.6775956284153005
c73cd266-b38a218355e7b6b2,866a2d52-6de18ee6eeb5dc4f,0.6590038314176245,0.6666666666666666
3ff60986-16a42daeed85665a,2c865582-220a82fe684b1508,0.6577181208053692,0.7716535433070866
d0b4b96c-16a42daeed85665a,2c865582-220a82fe684b1508,0.6577181208053692,0.7716535433070866
866a2d52-6de18ee6eeb5dc4f,74b5ad88-161f80df7806b869,0.6566037735849056,0.6590909090909091
baa8e497-4da20547f1da0730,bf85ab7b-08a1d251b6870a86,0.6509803921568628,0.6613545816733067
3ff60986-16a42daeed85665a,853acff9-f99b0694fe9e5076,0.6459143968871596,0.6535433070866141
d0b4b96c-16a42daeed85665a,853acff9-f99b0694fe9e5076,0.6459143968871596,0.6535433070866141
853acff9-f99b0694fe9e5076,51019113-10b98444e71e1a88,0.643598615916955,0.7153846153846154
e48933fa-3aa779d4db1d68cd,279e274a-f704a3e547427e9d,0.6414342629482072,0.6518218623481782
16e6d8bb-907dd6e2f702b4fd,810fd282-dd9527d444a6fd24,0.6395348837209303,0.6395348837209303
3ff60986-16a42daeed85665a,51019113-10b98444e71e1a88,0.6363636363636364,0.7165354330708661
d0b4b96c-16a42daeed85665a,51019113-10b98444e71e1a88,0.6363636363636364,0.7165354330708661
16e6d8bb-907dd6e2f702b4fd,0f3a2acf-de8b309828cb25f4,0.6358381502890174,0.6395348837209303
853acff9-f99b0694fe9e5076,dcf09f37-13ece273e0e27db3,0.6325878594249201,0.7615384615384615
866a2d52-6de18ee6eeb5dc4f,9a20c823-2d486e0263a5fc70,0.6308243727598566,0.6666666666666666
74b5ad88-161f80df7806b869,51019113-10b98444e71e1a88,0.6301369863013698,0.6917293233082706
74b5ad88-161f80df7806b869,9a20c823-2d486e0263a5fc70,0.6285714285714286,0.6616541353383458
810fd282-dd9527d444a6fd24,e86eb5b0-1a8cf2ecfad7c1e8,0.6263736263736264,0.6627906976744186
866a2d52-6de18ee6eeb5dc4f,51019113-10b98444e71e1a88,0.6254295532646048,0.6893939393939394
3ff60986-16a42daeed85665a,4303de0d-f61c80ad0d424346,0.6230529595015576,0.7874015748031497
d0b4b96c-16a42daeed85665a,4303de0d-f61c80ad0d424346,0.6230529595015576,0.7874015748031497
1a31f5cb-39a41eeeccf00058,74f4382e-ad03062b7b759d61,0.6146179401993356,0.8371040723981901
9a20c823-2d486e0263a5fc70,dcf09f37-13ece273e0e27db3,0.6121212121212121,0.6870748299319728
6f037b1d-49bff5b33e2e0b80,ef1117e3-d6f7af74c4d51034,0.6089965397923875,0.7302904564315352
9a20c823-2d486e0263a5fc70,51019113-10b98444e71e1a88,0.6078431372549019,0.6326530612244898
853acff9-f99b0694fe9e5076,9a20c823-2d486e0263a5fc70,0.6064981949458483,0.6461538461538462
866a2d52-6de18ee6eeb5dc4f,dcf09f37-13ece273e0e27db3,0.6031746031746031,0.7196969696969697
9a20c823-2d486e0263a5fc70,d2eb953e-66ba05ff08de8899,0.6017699115044248,0.6938775510204082
d2eb953e-66ba05ff08de8899,24afd00e-844f1b1251b4e118,0.6,0.625
8ad1ad84-13df7ae5296a31a6,fd16f5b0-16ab93a1f417d37f,0.5998433829287392,0.6863799283154122
d2eb953e-66ba05ff08de8899,279e274a-f704a3e547427e9d,0.5995525727069351,0.6979166666666666
cc9230d3-b726b8798d51113b,9a20c823-2d486e0263a5fc70,0.597864768683274,0.6268656716417911
1a31f5cb-39a41eeeccf00058,316c9955-daf3ab7116f8e7e7,0.5974955277280859,0.755656108597285
cc9230d3-b726b8798d51113b,03b3c5af-81df5a7511e5027e,0.5970149253731343,0.746268656716418
bf85ab7b-08a1d251b6870a86,74f4382e-ad03062b7b759d61,0.59375,0.7335907335907336
cc9230d3-b726b8798d51113b,dcf09f37-13ece273e0e27db3,0.5930599369085173,0.7014925373134329
9069684f-fab714a1fbf680fb,4e58558c-da8b1d30d372a726,0.5929203539823009,0.6907216494845361
9069684f-fab714a1fbf680fb,2bbc6c80-27f3c6b3d16cee39,0.5929203539823009,0.6907216494845361
853acff9-f99b0694fe9e5076,dd5fd2a2-70087dfdcda77065,0.5907473309608541,0.6384615384615384
cc9230d3-b726b8798d51113b,24afd00e-844f1b1251b4e118,0.5906432748538012,0.753731343283582
5af25bd7-bab814ae1e80f49c,810fd282-dd9527d444a6fd24,0.5903614457831325,0.6125
51019113-10b98444e71e1a88,279e274a-f704a3e547427e9d,0.5893719806763285,0.7672955974842768
baa8e497-4da20547f1da0730,74f4382e-ad03062b7b759d61,0.5886075949367089,0.7410358565737052
c73cd266-b38a218355e7b6b2,5289e80a-8eb02c811ad43fdf,0.5869565217391305,0.627906976744186
51019113-10b98444e71e1a88,d2eb953e-66ba05ff08de8899,0.5868945868945868,0.6477987421383647
74b5ad88-161f80df7806b869,03b3c5af-81df5a7511e5027e,0.5868263473053892,0.7368421052631579
c73cd266-b38a218355e7b6b2,2c865582-220a82fe684b1508,0.5866666666666667,0.6821705426356589
c73cd266-b38a218355e7b6b2,d2eb953e-66ba05ff08de8899,0.5856697819314641,0.7286821705426356
74b5ad88-161f80df7806b869,2c865582-220a82fe684b1508,0.5855263157894737,0.6691729323308271
853acff9-f99b0694fe9e5076,d2eb953e-66ba05ff08de8899,0.5838509316770186,0.7230769230769231
bf85ab7b-08a1d251b6870a86,316c9955-daf3ab7116f8e7e7,0.5829145728643216,0.6718146718146718
810fd282-dd9527d444a6fd24,3ff60986-16a42daeed85665a,0.5821596244131455,0.7209302325581395
810fd282-dd9527d444a6fd24,d0b4b96c-16a42daeed85665a,0.5821596244131455,0.7209302325581395
9a20c823-2d486e0263a5fc70,d74028ea-b6daf4d3a6e5f734,0.5806451612903226,0.673469387755102
866a2d52-6de18ee6eeb5dc4f,cc9230d3-b726b8798d51113b,0.5789473684210527,0.5833333333333334
4303de0d-f61c80ad0d424346,6255ee79-f5d7770b6e4b664e,0.5786802030456852,0.5876288659793815
9a20c823-2d486e0263a5fc70,2c865582-220a82fe684b1508,0.5786163522012578,0.6258503401360545
866a2d52-6de18ee6eeb5dc4f,03b3c5af-81df5a7511e5027e,0.5765765765765766,0.7272727272727273
74b5ad88-161f80df7806b869,4303de0d-f61c80ad0d424346,0.5749235474006116,0.706766917293233
3ff60986-16a42daeed85665a,03b3c5af-81df5a7511e5027e,0.573170731707317,0.7401574803149606
d0b4b96c-16a42daeed85665a,03b3c5af-81df5a7511e5027e,0.573170731707317,0.7401574803149606
c73cd266-b38a218355e7b6b2,dcf09f37-13ece273e0e27db3,0.5705128205128205,0.689922480620155
0f3a2acf-de8b309828cb25f4,929b98f0-7a7a79ac5dcf8e4f,0.57,0.6551724137931034
e86eb5b0-1a8cf2ecfad7c1e8,9069684f-fab714a1fbf680fb,0.5699481865284974,0.5729166666666666
853acff9-f99b0694fe9e5076,24afd00e-844f1b1251b4e118,0.5680473372781065,0.7384615384615385
866a2d52-6de18ee6eeb5dc4f,2c865582-220a82fe684b1508,0.5676567656765676,0.6515151515151515
51019113-10b98444e71e1a88,03b3c5af-81df5a7511e5027e,0.5666666666666667,0.6415094339622641
dc575a6c-a26ed2a2fc5d4c8b,9a20c823-2d486e0263a5fc70,0.5658914728682171,0.6576576576576577
ec558d69-a235442f66cc6e23,e86eb5b0-1a8cf2ecfad7c1e8,0.5652173913043478,0.5909090909090909
279e274a-f704a3e547427e9d,73f57af1-2e929298364db730,0.5649913344887348,0.6392156862745098
51019113-10b98444e71e1a88,2c865582-220a82fe684b1508,0.5636363636363636,0.5849056603773585
810fd282-dd9527d444a6fd24,929b98f0-7a7a79ac5dcf8e4f,0.5628140703517588,0.6511627906976745
853acff9-f99b0694fe9e5076,e48933fa-3aa779d4db1d68cd,0.5623342175066313,0.8153846153846154
316c9955-daf3ab7116f8e7e7,74f4382e-ad03062b7b759d61,0.5618915159944368,0.5976331360946746
51019113-10b98444e71e1a88,dcf09f37-13ece273e0e27db3,0.5614035087719298,0.6037735849056604
e48933fa-3aa779d4db1d68cd,f652c678-1e5c9b24a8238616,0.5548902195608783,0.562753036437247
2ef4c176-53d44a8520e9df9f,48801d9e-411ad98869dfa258,0.5539714867617108,0.5787234042553191
e48933fa-3aa779d4db1d68cd,c9a316ca-74db6370d8bd06f7,0.5527638190954773,0.6680161943319838
51019113-10b98444e71e1a88,6255ee79-f5d7770b6e4b664e,0.5515320334261838,0.6226415094339622
cc9230d3-b726b8798d51113b,2c865582-220a82fe684b1508,0.5508196721311476,0.6268656716417911
c73cd266-b38a218355e7b6b2,e7370eec-40eca4429a61f44d,0.5502645502645502,0.8062015503875969
e48933fa-3aa779d4db1d68cd,5a81e159-9a433132fc144213,0.5494949494949495,0.5506072874493927
dcf09f37-13ece273e0e27db3,f652c678-1e5c9b24a8238616,0.5491990846681922,0.6557377049180327
810fd282-dd9527d444a6fd24,2af19170-ef485115176f5e0b,0.5490196078431373,0.6511627906976745
5289e80a-8eb02c811ad43fdf,51019113-10b98444e71e1a88,0.5490196078431373,0.5714285714285714
8ad1ad84-13df7ae5296a31a6,34aa6a45-df3c6d1bcb911d9b,0.5488126649076517,0.5591397849462365
5a81e159-9a433132fc144213,c9a316ca-74db6370d8bd06f7,0.5484949832775919,0.6612903225806451
dcf09f37-13ece273e0e27db3,5a81e159-9a433132fc144213,0.5475638051044084,0.644808743169399
c73cd266-b38a218355e7b6b2,279e274a-f704a3e547427e9d,0.546875,0.813953488372093
2ef4c176-53d44a8520e9df9f,5a81e159-9a433132fc144213,0.546583850931677,0.5617021276595745
3ff60986-16a42daeed85665a,6255ee79-f5d7770b6e4b664e,0.5443425076452599,0.7007874015748031
d0b4b96c-16a42daeed85665a,6255ee79-f5d7770b6e4b664e,0.5443425076452599,0.7007874015748031
74b5ad88-161f80df7806b869,dcf09f37-13ece273e0e27db3,0.5443037974683544,0.6466165413533834
2c865582-220a82fe684b1508,dcf09f37-13ece273e0e27db3,0.5423728813559322,0.5614035087719298
5af25bd7-bab814ae1e80f49c,16e6d8bb-907dd6e2f702b4fd,0.5421686746987951,0.5625
77ec956f-adf46fc113a7897c,810fd282-dd9527d444a6fd24,0.5421686746987951,0.5625
ac8ef97c-adf46fc113a7897c,810fd282-dd9527d444a6fd24,0.5421686746987951,0.5625
5a81e159-9a433132fc144213,279e274a-f704a3e547427e9d,0.5407554671968191,0.5483870967741935
e7370eec-40eca4429a61f44d,279e274a-f704a3e547427e9d,0.5396825396825397,0.5461847389558233
3ff60986-16a42daeed85665a,279e274a-f704a3e547427e9d,0.5392670157068062,0.8110236220472441
d0b4b96c-16a42daeed85665a,279e274a-f704a3e547427e9d,0.5392670157068062,0.8110236220472441
51019113-10b98444e71e1a88,4303de0d-f61c80ad0d424346,0.5382436260623229,0.5974842767295597
c73cd266-b38a218355e7b6b2,bd584714-7b3d562837d0f48d,0.5371024734982333,0.5891472868217055
cc9230d3-b726b8798d51113b,4303de0d-f61c80ad0d424346,0.5365853658536586,0.6567164179104478
77ec956f-adf46fc113a7897c,ec558d69-a235442f66cc6e23,0.5357142857142857,0.5625
03b3c5af-81df5a7511e5027e,e48933fa-3aa779d4db1d68cd,0.5357142857142857,0.5970149253731343
ac8ef97c-adf46fc113a7897c,ec558d69-a235442f66cc6e23,0.5357142857142857,0.5625
853acff9-f99b0694fe9e5076,5289e80a-8eb02c811ad43fdf,0.5342960288808665,0.5692307692307692
9069684f-fab714a1fbf680fb,bd584714-7b3d562837d0f48d,0.5338645418326693,0.6907216494845361
cc9230d3-b726b8798d51113b,5289e80a-8eb02c811ad43fdf,0.5338078291814946,0.5597014925373134
9a20c823-2d486e0263a5fc70,4303de0d-f61c80ad0d424346,0.533724340175953,0.6190476190476191
c73cd266-b38a218355e7b6b2,03b3c5af-81df5a7511e5027e,0.5333333333333333,0.6821705426356589
853acff9-f99b0694fe9e5076,e7370eec-40eca4429a61f44d,0.5329815303430079,0.7769230769230769
3ff60986-16a42daeed85665a,d2eb953e-66ba05ff08de8899,0.5329153605015674,0.6692913385826772
d0b4b96c-16a42daeed85665a,d2eb953e-66ba05ff08de8899,0.5329153605015674,0.6692913385826772
c73cd266-b38a218355e7b6b2,4303de0d-f61c80ad0d424346,0.5325077399380805,0.6666666666666666
74b5ad88-161f80df7806b869,d74028ea-b6daf4d3a6e5f734,0.5321100917431193,0.6541353383458647
dcf09f37-13ece273e0e27db3,24afd00e-844f1b1251b4e118,0.5319693094629157,0.5683060109289617
23cb8587-738b57e1ac344648,e48933fa-3aa779d4db1d68cd,0.5318181818181819,0.6062176165803109
74b5ad88-161f80df7806b869,279e274a-f704a3e547427e9d,0.5309278350515464,0.7744360902255639
866a2d52-6de18ee6eeb5dc4f,6255ee79-f5d7770b6e4b664e,0.5301204819277109,0.6666666666666666
baa8e497-4da20547f1da0730,316c9955-daf3ab7116f8e7e7,0.5297113752122241,0.6215139442231076
6255ee79-f5d7770b6e4b664e,24afd00e-844f1b1251b4e118,0.5294117647058824,0.54
5289e80a-8eb02c811ad43fdf,e48933fa-3aa779d4db1d68cd,0.5279187817258884,0.7074829931972789
74b5ad88-161f80df7806b869,24afd00e-844f1b1251b4e118,0.5278592375366569,0.6766917293233082
cc9230d3-b726b8798d51113b,d2eb953e-66ba05ff08de8899,0.5276073619631901,0.6417910447761194
7f42483d-cde48ee17e0e67a9,90b71536-6872ffbba31bf0e8,0.5273972602739726,0.66
7f42483d-cde48ee17e0e67a9,6db218a2-72e0950e970437e8,0.5273972602739726,0.66
9a20c823-2d486e0263a5fc70,279e274a-f704a3e547427e9d,0.527363184079602,0.7210884353741497
73f57af1-2e929298364db730,c9a316ca-74db6370d8bd06f7,0.5267857142857143,0.5496894409937888
f652c678-1e5c9b24a8238616,279e274a-f704a3e547427e9d,0.5265225933202358,0.5275590551181102
23cb8587-738b57e1ac344648,73f57af1-2e929298364db730,0.5242718446601942,0.6994818652849741
866a2d52-6de18ee6eeb5dc4f,5289e80a-8eb02c811ad43fdf,0.5232974910394266,0.553030303030303
9a20c823-2d486e0263a5fc70,03b3c5af-81df5a7511e5027e,0.5229885057471264,0.6190476190476191
866a2d52-6de18ee6eeb5dc4f,dd5fd2a2-70087dfdcda77065,0.5229681978798587,0.5606060606060606
dcf09f37-13ece273e0e27db3,6255ee79-f5d7770b6e4b664e,0.5221932114882507,0.546448087431694
51019113-10b98444e71e1a88,e48933fa-3aa779d4db1d68cd,0.5221674876847291,0.6666666666666666
c73cd266-b38a218355e7b6b2,e48933fa-3aa779d4db1d68cd,0.5212765957446809,0.7596899224806202
853acff9-f99b0694fe9e5076,6255ee79-f5d7770b6e4b664e,0.5212121212121212,0.6615384615384615
51019113-10b98444e71e1a88,5a81e159-9a433132fc144213,0.5208845208845209,0.6666666666666666
e48933fa-3aa779d4db1d68cd,e7370eec-40eca4429a61f44d,0.5201612903225806,0.5222672064777328
16e6d8bb-907dd6e2f702b4fd,2af19170-ef485115176f5e0b,0.5196078431372549,0.6162790697674418
e48933fa-3aa779d4db1d68cd,8ad1ad84-13df7ae5296a31a6,0.5192546583850932,0.8461538461538461
3ff60986-16a42daeed85665a,e48933fa-3aa779d4db1d68cd,0.5187165775401069,0.7637795275590551
d0b4b96c-16a42daeed85665a,e48933fa-3aa779d4db1d68cd,0.5187165775401069,0.7637795275590551
853acff9-f99b0694fe9e5076,4303de0d-f61c80ad0d424346,0.5185185185185185,0.6461538461538462
51019113-10b98444e71e1a88,f652c678-1e5c9b24a8238616,0.5181598062953995,0.6729559748427673
0f3a2acf-de8b309828cb25f4,2af19170-ef485115176f5e0b,0.5170731707317073,0.6091954022988506
dc575a6c-a26ed2a2fc5d4c8b,74b5ad88-161f80df7806b869,0.5163934426229508,0.5675675675675675
dcf09f37-13ece273e0e27db3,e48933fa-3aa779d4db1d68cd,0.5162790697674419,0.6065573770491803
4303de0d-f61c80ad0d424346,d74028ea-b6daf4d3a6e5f734,0.5154639175257731,0.5154639175257731
34aa6a45-df3c6d1bcb911d9b,fd16f5b0-16ab93a1f417d37f,0.514637904468413,0.5768566493955095
dc575a6c-a26ed2a2fc5d4c8b,853acff9-f99b0694fe9e5076,0.5145228215767634,0.5585585585585585
866a2d52-6de18ee6eeb5dc4f,e7370eec-40eca4429a61f44d,0.5144356955380578,0.7424242424242424
c73cd266-b38a218355e7b6b2,d74028ea-b6daf4d3a6e5f734,0.5139318885448917,0.6434108527131783
866a2d52-6de18ee6eeb5dc4f,d2eb953e-66ba05ff08de8899,0.5123456790123457,0.6287878787878788
5af25bd7-bab814ae1e80f49c,ec558d69-a235442f66cc6e23,0.5119047619047619,0.5375
c73cd266-b38a218355e7b6b2,f652c678-1e5c9b24a8238616,0.5117493472584856,0.7596899224806202
2c865582-220a82fe684b1508,279e274a-f704a3e547427e9d,0.5117370892018779,0.6374269005847953
ec558d69-a235442f66cc6e23,3ff60986-16a42daeed85665a,0.5116279069767442,0.625
ec558d69-a235442f66cc6e23,d0b4b96c-16a42daeed85665a,0.5116279069767442,0.625
4303de0d-f61c80ad0d424346,03b3c5af-81df5a7511e5027e,0.5113924050632911,0.520618556701031
3ff60986-16a42daeed85665a,d74028ea-b6daf4d3a6e5f734,0.5109034267912772,0.6456692913385826
d0b4b96c-16a42daeed85665a,d74028ea-b6daf4d3a6e5f734,0.5109034267912772,0.6456692913385826
2c865582-220a82fe684b1508,a5f41b95-157413db377aff65,0.5107398568019093,0.6257309941520468
c73cd266-b38a218355e7b6b2,24afd00e-844f1b1251b4e118,0.5103857566765578,0.6666666666666666
f652c678-1e5c9b24a8238616,424c930b-5d91e2349deb1049,0.5102420856610801,0.5393700787401575
dc575a6c-a26ed2a2fc5d4c8b,dcf09f37-13ece273e0e27db3,0.5102040816326531,0.6756756756756757
5a81e159-9a433132fc144213,f652c678-1e5c9b24a8238616,0.5099601593625498,0.5161290322580645
e7370eec-40eca4429a61f44d,f652c678-1e5c9b24a8238616,0.5089463220675944,0.5140562248995983
5289e80a-8eb02c811ad43fdf,279e274a-f704a3e547427e9d,0.5074626865671642,0.6938775510204082
dcf09f37-13ece273e0e27db3,73f57af1-2e929298364db730,0.5069306930693069,0.6994535519125683
5289e80a-8eb02c811ad43fdf,48801d9e-411ad98869dfa258,0.5062034739454094,0.6938775510204082
bd584714-7b3d562837d0f48d,d74028ea-b6daf4d3a6e5f734,0.5057471264367817,0.5714285714285714
5289e80a-8eb02c811ad43fdf,03b3c5af-81df5a7511e5027e,0.5057471264367817,0.5986394557823129
d74028ea-b6daf4d3a6e5f734,e7370eec-40eca4429a61f44d,0.5056433408577878,0.5773195876288659
16e6d8bb-907dd6e2f702b4fd,e86eb5b0-1a8cf2ecfad7c1e8,0.5054945054945055,0.5348837209302325
74b5ad88-161f80df7806b869,d2eb953e-66ba05ff08de8899,0.5046153846153846,0.6165413533834586
e86eb5b0-1a8cf2ecfad7c1e8,853acff9-f99b0694fe9e5076,0.504424778761062,0.59375
8ad1ad84-13df7ae5296a31a6,54e71b9b-d0923fbd17a74b63,0.5039164490861618,0.6917562724014337
dc575a6c-a26ed2a2fc5d4c8b,5289e80a-8eb02c811ad43fdf,0.5038759689922481,0.5855855855855856
3ff60986-16a42daeed85665a,dcf09f37-13ece273e0e27db3,0.5032258064516129,0.6141732283464567
d0b4b96c-16a42daeed85665a,dcf09f37-13ece273e0e27db3,0.5032258064516129,0.6141732283464567
cc9230d3-b726b8798d51113b,6255ee79-f5d7770b6e4b664e,0.5029940119760479,0.6268656716417911
853acff9-f99b0694fe9e5076,5a81e159-9a433132fc144213,0.5026455026455027,0.7307692307692307
cc9230d3-b726b8798d51113b,5a81e159-9a433132fc144213,0.5026178010471204,0.7164179104477612
9069684f-fab714a1fbf680fb,853acff9-f99b0694fe9e5076,0.5022026431718062,0.5876288659793815
dc575a6c-a26ed2a2fc5d4c8b,866a2d52-6de18ee6eeb5dc4f,0.5020576131687243,0.5495495495495496
853acff9-f99b0694fe9e5076,03b3c5af-81df5a7511e5027e,0.5015105740181269,0.6384615384615384
d2eb953e-66ba05ff08de8899,e48933fa-3aa779d4db1d68cd,0.5011389521640092,0.5729166666666666
c73cd266-b38a218355e7b6b2,dd5fd2a2-70087dfdcda77065,0.5,0.5426356589147286
fd16f5b0-16ab93a1f417d37f,54e71b9b-d0923fbd17a74b63,0.49970466627288834,0.588317107093185
2c865582-220a82fe684b1508,d74028ea-b6daf4d3a6e5f734,0.4986301369863014,0.5321637426900585
74b5ad88-161f80df7806b869,6255ee79-f5d7770b6e4b664e,0.4984984984984985,0.6240601503759399
45561f1f-b7964ea6fbd32466,90b71536-6872ffbba31bf0e8,0.4984924623115578,0.5287846481876333
45561f1f-b7964ea6fbd32466,6db218a2-72e0950e970437e8,0.4984924623115578,0.5287846481876333
c73cd266-b38a218355e7b6b2,6255ee79-f5d7770b6e4b664e,0.49848024316109424,0.6356589147286822
bd584714-7b3d562837d0f48d,2c865582-220a82fe684b1508,0.49846153846153846,0.525974025974026
9a20c823-2d486e0263a5fc70,e48933fa-3aa779d4db1d68cd,0.49746192893401014,0.6666666666666666
77ec956f-adf46fc113a7897c,929b98f0-7a7a79ac5dcf8e4f,0.49740932642487046,0.6
ac8ef97c-adf46fc113a7897c,929b98f0-7a7a79ac5dcf8e4f,0.49740932642487046,0.6
866a2d52-6de18ee6eeb5dc4f,d74028ea-b6daf4d3a6e5f734,0.49693251533742333,0.6136363636363636
24afd00e-844f1b1251b4e118,279e274a-f704a3e547427e9d,0.49676025917926564,0.5528846153846154
03b3c5af-81df5a7511e5027e,f652c678-1e5c9b24a8238616,0.4967032967032967,0.5621890547263682
5289e80a-8eb02c811ad43fdf,9a20c823-2d486e0263a5fc70,0.4965986394557823,0.4965986394557823
5289e80a-8eb02c811ad43fdf,5a81e159-9a433132fc144213,0.4962025316455696,0.6666666666666666
866a2d52-6de18ee6eeb5dc4f,e48933fa-3aa779d4db1d68cd,0.49604221635883905,0.7121212121212122
5a81e159-9a433132fc144213,48801d9e-411ad98869dfa258,0.49603174603174605,0.5040322580645161
d2eb953e-66ba05ff08de8899,5a81e159-9a433132fc144213,0.4954545454545455,0.5677083333333334
e86eb5b0-1a8cf2ecfad7c1e8,2af19170-ef485115176f5e0b,0.4953271028037383,0.5520833333333334
dc575a6c-a26ed2a2fc5d4c8b,d2eb953e-66ba05ff08de8899,0.49504950495049505,0.6756756756756757
9069684f-fab714a1fbf680fb,cbbbed5f-178e7b1f9ffc2019,0.494949494949495,0.5051546391752577
5a81e159-9a433132fc144213,73f57af1-2e929298364db730,0.49473684210526314,0.5685483870967742
853acff9-f99b0694fe9e5076,d74028ea-b6daf4d3a6e5f734,0.49382716049382713,0.6153846153846154
6255ee79-f5d7770b6e4b664e,03b3c5af-81df5a7511e5027e,0.4937655860349127,0.495
cc9230d3-b726b8798d51113b,279e274a-f704a3e547427e9d,0.493573264781491,0.7164179104477612
51019113-10b98444e71e1a88,424c930b-5d91e2349deb1049,0.49321266968325794,0.6855345911949685
74b5ad88-161f80df7806b869,dd5fd2a2-70087dfdcda77065,0.49295774647887325,0.5263157894736842
853acff9-f99b0694fe9e5076,bd584714-7b3d562837d0f48d,0.49295774647887325,0.5384615384615384
bd584714-7b3d562837d0f48d,dcf09f37-13ece273e0e27db3,0.49258160237388726,0.538961038961039
529d9642-6f654ad245282ea1,34aa6a45-df3c6d1bcb911d9b,0.491869918699187,0.5975308641975309
03b3c5af-81df5a7511e5027e,424c930b-5d91e2349deb1049,0.49173553719008267,0.5920398009950248
9a20c823-2d486e0263a5fc70,48801d9e-411ad98869dfa258,0.4913151364764268,0.673469387755102
e48933fa-3aa779d4db1d68cd,424c930b-5d91e2349deb1049,0.49056603773584906,0.5263157894736842
51019113-10b98444e71e1a88,24afd00e-844f1b1251b4e118,0.4904632152588556,0.5660377358490566
dcf09f37-13ece273e0e27db3,03b3c5af-81df5a7511e5027e,0.4895833333333333,0.5136612021857924
2c865582-220a82fe684b1508,03b3c5af-81df5a7511e5027e,0.489247311827957,0.5321637426900585
dcf09f37-13ece273e0e27db3,d74028ea-b6daf4d3a6e5f734,0.4880636604774536,0.5027322404371585
bd584714-7b3d562837d0f48d,a5f41b95-157413db377aff65,0.48756218905472637,0.6363636363636364
dc575a6c-a26ed2a2fc5d4c8b,3ff60986-16a42daeed85665a,0.48739495798319327,0.5225225225225225
dc575a6c-a26ed2a2fc5d4c8b,d0b4b96c-16a42daeed85665a,0.48739495798319327,0.5225225225225225
51019113-10b98444e71e1a88,d74028ea-b6daf4d3a6e5f734,0.48725212464589235,0.5408805031446541
5af25bd7-bab814ae1e80f49c,929b98f0-7a7a79ac5dcf8e4f,0.48704663212435234,0.5875
c9a316ca-74db6370d8bd06f7,8ad1ad84-13df7ae5296a31a6,0.486784140969163,0.6314285714285715
cbbbed5f-178e7b1f9ffc2019,929b98f0-7a7a79ac5dcf8e4f,0.48598130841121495,0.5148514851485149
2c865582-220a82fe684b1508,6255ee79-f5d7770b6e4b664e,0.48517520215633425,0.5263157894736842
e48933fa-3aa779d4db1d68cd,73f57af1-2e929298364db730,0.4850615114235501,0.5587044534412956
5289e80a-8eb02c811ad43fdf,2c865582-220a82fe684b1508,0.48427672955974843,0.5238095238095238
9a20c823-2d486e0263a5fc70,6255ee79-f5d7770b6e4b664e,0.484149855907781,0.5714285714285714
73f57af1-2e929298364db730,8ad1ad84-13df7ae5296a31a6,0.48409090909090907,0.6614906832298136
cbbbed5f-178e7b1f9ffc2019,2af19170-ef485115176f5e0b,0.4840182648401826,0.5247524752475248
529d9642-6f654ad245282ea1,8ad1ad84-13df7ae5296a31a6,0.48390446521287644,0.5753086419753086
f652c678-1e5c9b24a8238616,c9a316ca-74db6370d8bd06f7,0.48344370860927155,0.5748031496062992
dc575a6c-a26ed2a2fc5d4c8b,c73cd266-b38a218355e7b6b2,0.48333333333333334,0.5225225225225225
c73cd266-b38a218355e7b6b2,5a81e159-9a433132fc144213,0.4827586206896552,0.7054263565891473
0f3a2acf-de8b309828cb25f4,74b5ad88-161f80df7806b869,0.4818181818181818,0.6091954022988506
3ff60986-16a42daeed85665a,5289e80a-8eb02c811ad43fdf,0.48175182481751827,0.5196850393700787
d0b4b96c-16a42daeed85665a,5289e80a-8eb02c811ad43fdf,0.48175182481751827,0.5196850393700787
9a20c823-2d486e0263a5fc70,5a81e159-9a433132fc144213,0.4810126582278481,0.6462585034013606
9069684f-fab714a1fbf680fb,dc575a6c-a26ed2a2fc5d4c8b,0.4807692307692308,0.5154639175257731
24afd00e-844f1b1251b4e118,c9a316ca-74db6370d8bd06f7,0.48028673835125446,0.6442307692307693
279e274a-f704a3e547427e9d,c9a316ca-74db6370d8bd06f7,0.4793388429752066,0.5686274509803921
74b5ad88-161f80df7806b869,5289e80a-8eb02c811ad43fdf,0.4785714285714286,0.5037593984962406
866a2d52-6de18ee6eeb5dc4f,4303de0d-f61c80ad0d424346,0.4785276073619632,0.5909090909090909
853acff9-f99b0694fe9e5076,2c865582-220a82fe684b1508,0.47840531561461797,0.5538461538461539
dd5fd2a2-70087dfdcda77065,d2eb953e-66ba05ff08de8899,0.478134110787172,0.543046357615894
24afd00e-844f1b1251b4e118,5a81e159-9a433132fc144213,0.4780701754385965,0.5240384615384616
866a2d52-6de18ee6eeb5dc4f,f652c678-1e5c9b24a8238616,0.47668393782383417,0.696969696969697
810fd282-dd9527d444a6fd24,8535bdf7-6cda2c5de8bf84c6,0.4766355140186916,0.5930232558139535
73f57af1-2e929298364db730,529d9642-6f654ad245282ea1,0.4759284731774415,0.5372670807453416
51019113-10b98444e71e1a88,c9a316ca-74db6370d8bd06f7,0.47544204322200395,0.7610062893081762
5af25bd7-bab814ae1e80f49c,cbbbed5f-178e7b1f9ffc2019,0.47513812154696133,0.5375
77ec956f-adf46fc113a7897c,cbbbed5f-178e7b1f9ffc2019,0.47513812154696133,0.5375
ac8ef97c-adf46fc113a7897c,cbbbed5f-178e7b1f9ffc2019,0.47513812154696133,0.5375
dcf09f37-13ece273e0e27db3,279e274a-f704a3e547427e9d,0.4748858447488584,0.5683060109289617
5289e80a-8eb02c811ad43fdf,e7370eec-40eca4429a61f44d,0.47474747474747475,0.6394557823129252
f652c678-1e5c9b24a8238616,48801d9e-411ad98869dfa258,0.4745098039215686,0.4763779527559055
853acff9-f99b0694fe9e5076,f652c678-1e5c9b24a8238616,0.4739583333333333,0.7
424c930b-5d91e2349deb1049,c9a316ca-74db6370d8bd06f7,0.47393364928909953,0.5300353356890459
5289e80a-8eb02c811ad43fdf,f652c678-1e5c9b24a8238616,0.47381546134663344,0.6462585034013606
dd5fd2a2-70087dfdcda77065,24afd00e-844f1b1251b4e118,0.4735376044568245,0.5629139072847682
f652c678-1e5c9b24a8238616,529d9642-6f654ad245282ea1,0.47344461305007585,0.6141732283464567
9a20c823-2d486e0263a5fc70,73f57af1-2e929298364db730,0.47334754797441364,0.7551020408163265
2af19170-ef485115176f5e0b,3a318b43-5bb701ac24759bf7,0.4732824427480916,0.5254237288135594
e48933fa-3aa779d4db1d68cd,48801d9e-411ad98869dfa258,0.4731610337972167,0.4817813765182186
929b98f0-7a7a79ac5dcf8e4f,8535bdf7-6cda2c5de8bf84c6,0.4730290456431535,0.504424778761062
e48933fa-3aa779d4db1d68cd,a5f41b95-157413db377aff65,0.4727272727272727,0.47368421052631576
810fd282-dd9527d444a6fd24,cc9230d3-b726b8798d51113b,0.4727272727272727,0.6046511627906976
c9a316ca-74db6370d8bd06f7,529d9642-6f654ad245282ea1,0.47152317880794703,0.5085714285714286
0f3a2acf-de8b309828cb25f4,cc9230d3-b726b8798d51113b,0.47058823529411764,0.5977011494252874
866a2d52-6de18ee6eeb5dc4f,279e274a-f704a3e547427e9d,0.4702842377260982,0.6893939393939394
03b3c5af-81df5a7511e5027e,24afd00e-844f1b1251b4e118,0.46943765281173594,0.47761194029850745
f652c678-1e5c9b24a8238616,73f57af1-2e929298364db730,0.46875,0.531496062992126
d2eb953e-66ba05ff08de8899,c9a316ca-74db6370d8bd06f7,0.46863468634686345,0.6614583333333334
d2eb953e-66ba05ff08de8899,2ef4c176-53d44a8520e9df9f,0.468384074941452,0.5208333333333334
74b5ad88-161f80df7806b869,c9a316ca-74db6370d8bd06f7,0.46790890269151136,0.849624060150376
3a318b43-5bb701ac24759bf7,5289e80a-8eb02c811ad43fdf,0.46735395189003437,0.4722222222222222
c9a316ca-74db6370d8bd06f7,34aa6a45-df3c6d1bcb911d9b,0.4671689989235737,0.62
51019113-10b98444e71e1a88,2ef4c176-53d44a8520e9df9f,0.467005076142132,0.5786163522012578
929b98f0-7a7a79ac5dcf8e4f,3a318b43-5bb701ac24759bf7,0.4669260700389105,0.5309734513274337
bd584714-7b3d562837d0f48d,51019113-10b98444e71e1a88,0.46645367412140576,0.474025974025974
d2eb953e-66ba05ff08de8899,4303de0d-f61c80ad0d424346,0.46632124352331605,0.46875
a5f41b95-157413db377aff65,f652c678-1e5c9b24a8238616,0.46613545816733065,0.4717741935483871
24afd00e-844f1b1251b4e118,e48933fa-3aa779d4db1d68cd,0.46593406593406594,0.5096153846153846
3ff60986-16a42daeed85665a,24afd00e-844f1b1251b4e118,0.46567164179104475,0.6141732283464567
d0b4b96c-16a42daeed85665a,24afd00e-844f1b1251b4e118,0.46567164179104475,0.6141732283464567
dc575a6c-a26ed2a2fc5d4c8b,d74028ea-b6daf4d3a6e5f734,0.46557377049180326,0.6396396396396397
4e58558c-da8b1d30d372a726,51019113-10b98444e71e1a88,0.4652777777777778,0.5193798449612403
2bbc6c80-27f3c6b3d16cee39,51019113-10b98444e71e1a88,0.4652777777777778,0.5193798449612403
a5f41b95-157413db377aff65,48801d9e-411ad98869dfa258,0.4642857142857143,0.4717741935483871
dcf09f37-13ece273e0e27db3,2ef4c176-53d44a8520e9df9f,0.46411483253588515,0.5300546448087432
dcf09f37-13ece273e0e27db3,a5f41b95-157413db377aff65,0.46403712296983757,0.546448087431694
2af19170-ef485115176f5e0b,866a2d52-6de18ee6eeb5dc4f,0.464,0.4915254237288136
74b5ad88-161f80df7806b869,e48933fa-3aa779d4db1d68cd,0.4631578947368421,0.6616541353383458
2c865582-220a82fe684b1508,d2eb953e-66ba05ff08de8899,0.4628099173553719,0.49122807017543857
853acff9-f99b0694fe9e5076,279e274a-f704a3e547427e9d,0.4623376623376623,0.6846153846153846
bd584714-7b3d562837d0f48d,03b3c5af-81df5a7511e5027e,0.4619718309859155,0.5324675324675324
74b5ad88-161f80df7806b869,5a81e159-9a433132fc144213,0.46194225721784776,0.6616541353383458
a5f41b95-157413db377aff65,279e274a-f704a3e547427e9d,0.46123260437375746,0.46774193548387094
9a20c823-2d486e0263a5fc70,2ef4c176-53d44a8520e9df9f,0.4607329842931937,0.5986394557823129
dcf09f37-13ece273e0e27db3,48801d9e-411ad98869dfa258,0.4601366742596811,0.5519125683060109
16e6d8bb-907dd6e2f702b4fd,ec558d69-a235442f66cc6e23,0.45977011494252873,0.46511627906976744
03b3c5af-81df5a7511e5027e,48801d9e-411ad98869dfa258,0.45951859956236324,0.5223880597014925
dc575a6c-a26ed2a2fc5d4c8b,51019113-10b98444e71e1a88,0.45925925925925926,0.5585585585585585
d2eb953e-66ba05ff08de8899,6255ee79-f5d7770b6e4b664e,0.45918367346938777,0.46875
9069684f-fab714a1fbf680fb,5289e80a-8eb02c811ad43fdf,0.45901639344262296,0.5773195876288659
866a2d52-6de18ee6eeb5dc4f,24afd00e-844f1b1251b4e118,0.4588235294117647,0.5909090909090909
853acff9-f99b0694fe9e5076,23cb8587-738b57e1ac344648,0.4582043343653251,0.5692307692307692
279e274a-f704a3e547427e9d,8ad1ad84-13df7ae5296a31a6,0.4575645756457565,0.7294117647058823
74b5ad88-161f80df7806b869,73f57af1-2e929298364db730,0.45714285714285713,0.7819548872180451
810fd282-dd9527d444a6fd24,74b5ad88-161f80df7806b869,0.45662100456621,0.5813953488372093
03b3c5af-81df5a7511e5027e,279e274a-f704a3e547427e9d,0.45614035087719296,0.5174129353233831
24afd00e-844f1b1251b4e118,a5f41b95-157413db377aff65,0.45614035087719296,0.5
0f3a2acf-de8b309828cb25f4,8535bdf7-6cda2c5de8bf84c6,0.4558139534883721,0.5632183908045977
a5f41b95-157413db377aff65,424c930b-5d91e2349deb1049,0.455743879472693,0.4879032258064516
5a81e159-9a433132fc144213,e7370eec-40eca4429a61f44d,0.45472837022132795,0.45564516129032256
45561f1f-b7964ea6fbd32466,54e71b9b-d0923fbd17a74b63,0.4546084546084546,0.6993603411513859
03b3c5af-81df5a7511e5027e,a5f41b95-157413db377aff65,0.45434298440979953,0.5074626865671642
279e274a-f704a3e547427e9d,48801d9e-411ad98869dfa258,0.45401174168297453,0.4549019607843137
2c865582-220a82fe684b1508,24afd00e-844f1b1251b4e118,0.45382585751978893,0.5029239766081871
cc9230d3-b726b8798d51113b,f652c678-1e5c9b24a8238616,0.4536082474226804,0.6567164179104478
73f57af1-2e929298364db730,fd16f5b0-16ab93a1f417d37f,0.45341018251681076,0.7329192546583851
3ff60986-16a42daeed85665a,4e58558c-da8b1d30d372a726,0.453125,0.4566929133858268
3ff60986-16a42daeed85665a,2bbc6c80-27f3c6b3d16cee39,0.453125,0.4566929133858268
d0b4b96c-16a42daeed85665a,4e58558c-da8b1d30d372a726,0.453125,0.4566929133858268
d0b4b96c-16a42daeed85665a,2bbc6c80-27f3c6b3d16cee39,0.453125,0.4566929133858268
2c865582-220a82fe684b1508,c9a316ca-74db6370d8bd06f7,0.45297504798464494,0.6900584795321637
5a81e159-9a433132fc144213,a5f41b95-157413db377aff65,0.45161290322580644,0.45161290322580644
2ef4c176-53d44a8520e9df9f,c9a316ca-74db6370d8bd06f7,0.4512820512820513,0.5617021276595745
dcf09f37-13ece273e0e27db3,4303de0d-f61c80ad0d424346,0.4509283819628647,0.4644808743169399
9a20c823-2d486e0263a5fc70,24afd00e-844f1b1251b4e118,0.4507042253521127,0.54421768707483
03b3c5af-81df5a7511e5027e,c9a316ca-74db6370d8bd06f7,0.4500907441016334,0.6169154228855721
2c865582-220a82fe684b1508,e48933fa-3aa779d4db1d68cd,0.44976076555023925,0.5497076023391813
4e58558c-da8b1d30d372a726,c73cd266-b38a218355e7b6b2,0.4496124031007752,0.4496124031007752
2bbc6c80-27f3c6b3d16cee39,c73cd266-b38a218355e7b6b2,0.4496124031007752,0.4496124031007752
03b3c5af-81df5a7511e5027e,2ef4c176-53d44a8520e9df9f,0.44954128440366975,0.48756218905472637
4e58558c-da8b1d30d372a726,5289e80a-8eb02c811ad43fdf,0.4492753623188406,0.4806201550387597
2bbc6c80-27f3c6b3d16cee39,5289e80a-8eb02c811ad43fdf,0.4492753623188406,0.4806201550387597
5af25bd7-bab814ae1e80f49c,4499e3b9-a33dff95453263b5,0.44919786096256686,0.525
16e6d8bb-907dd6e2f702b4fd,cbbbed5f-178e7b1f9ffc2019,0.44919786096256686,0.4883720930232558
d74028ea-b6daf4d3a6e5f734,e48933fa-3aa779d4db1d68cd,0.4489795918367347,0.5103092783505154
cbbbed5f-178e7b1f9ffc2019,3a318b43-5bb701ac24759bf7,0.4489795918367347,0.5445544554455446
2c865582-220a82fe684b1508,5a81e159-9a433132fc144213,0.4486873508353222,0.5497076023391813
4e58558c-da8b1d30d372a726,03b3c5af-81df5a7511e5027e,0.4484848484848485,0.5736434108527132
2bbc6c80-27f3c6b3d16cee39,03b3c5af-81df5a7511e5027e,0.4484848484848485,0.5736434108527132
a5f41b95-157413db377aff65,c9a316ca-74db6370d8bd06f7,0.44816053511705684,0.5403225806451613
4e58558c-da8b1d30d372a726,853acff9-f99b0694fe9e5076,0.44787644787644787,0.4496124031007752
2bbc6c80-27f3c6b3d16cee39,853acff9-f99b0694fe9e5076,0.44787644787644787,0.4496124031007752
ec558d69-a235442f66cc6e23,929b98f0-7a7a79ac5dcf8e4f,0.44776119402985076,0.5113636363636364
6f037b1d-49bff5b33e2e0b80,7f42483d-cde48ee17e0e67a9,0.4467005076142132,0.5477178423236515
ec558d69-a235442f66cc6e23,2af19170-ef485115176f5e0b,0.44660194174757284,0.5227272727272727
dcf09f37-13ece273e0e27db3,c9a316ca-74db6370d8bd06f7,0.44652908067542213,0.6502732240437158
e7370eec-40eca4429a61f44d,529d9642-6f654ad245282ea1,0.44648318042813456,0.5863453815261044
5af25bd7-bab814ae1e80f49c,3a318b43-5bb701ac24759bf7,0.44642857142857145,0.625
d82fa7e3-433e9d46a5f89b2b,6f037b1d-49bff5b33e2e0b80,0.4459770114942529,0.5
d82fa7e3-782e1e245ba4914a,6f037b1d-49bff5b33e2e0b80,0.4459770114942529,0.5
d2eb953e-66ba05ff08de8899,d74028ea-b6daf4d3a6e5f734,0.44559585492227977,0.4479166666666667
d74028ea-b6daf4d3a6e5f734,03b3c5af-81df5a7511e5027e,0.44556962025316454,0.4536082474226804
9a20c823-2d486e0263a5fc70,bd584714-7b3d562837d0f48d,0.44518272425249167,0.4557823129251701
e86eb5b0-1a8cf2ecfad7c1e8,dc575a6c-a26ed2a2fc5d4c8b,0.4444444444444444,0.4791666666666667
03b3c5af-81df5a7511e5027e,e7370eec-40eca4429a61f44d,0.4444444444444444,0.4975124378109453
9a20c823-2d486e0263a5fc70,f652c678-1e5c9b24a8238616,0.44389027431421446,0.6054421768707483
cc9230d3-b726b8798d51113b,e7370eec-40eca4429a61f44d,0.44386422976501305,0.6343283582089553
e86eb5b0-1a8cf2ecfad7c1e8,cc9230d3-b726b8798d51113b,0.4434782608695652,0.53125
16e6d8bb-907dd6e2f702b4fd,3a318b43-5bb701ac24759bf7,0.4434782608695652,0.5930232558139535
77ec956f-adf46fc113a7897c,0f3a2acf-de8b309828cb25f4,0.4431137724550898,0.4625
ac8ef97c-adf46fc113a7897c,0f3a2acf-de8b309828cb25f4,0.4431137724550898,0.4625
d2eb953e-66ba05ff08de8899,03b3c5af-81df5a7511e5027e,0.44274809160305345,0.453125
bd584714-7b3d562837d0f48d,d82fa7e3-433e9d46a5f89b2b,0.4425287356321839,0.5
bd584714-7b3d562837d0f48d,d82fa7e3-782e1e245ba4914a,0.4425287356321839,0.5
dc575a6c-a26ed2a2fc5d4c8b,4e58558c-da8b1d30d372a726,0.44166666666666665,0.4774774774774775
dc575a6c-a26ed2a2fc5d4c8b,2bbc6c80-27f3c6b3d16cee39,0.44166666666666665,0.4774774774774775
2ef4c176-53d44a8520e9df9f,73f57af1-2e929298364db730,0.44165170556552963,0.5234042553191489
1a31f5cb-39a41eeeccf00058,6f037b1d-49bff5b33e2e0b80,0.44155844155844154,0.46153846153846156
0f3a2acf-de8b309828cb25f4,3a318b43-5bb701ac24759bf7,0.44155844155844154,0.5862068965517241
bd584714-7b3d562837d0f48d,f652c678-1e5c9b24a8238616,0.4411764705882353,0.5844155844155844
c73cd266-b38a218355e7b6b2,23cb8587-738b57e1ac344648,0.4409937888198758,0.5503875968992248
f652c678-1e5c9b24a8238616,8ad1ad84-13df7ae5296a31a6,0.4408866995073892,0.7047244094488189
dd5fd2a2-70087dfdcda77065,d74028ea-b6daf4d3a6e5f734,0.4405797101449275,0.5033112582781457
3ff60986-16a42daeed85665a,c9a316ca-74db6370d8bd06f7,0.44025157232704404,0.8267716535433071
d0b4b96c-16a42daeed85665a,c9a316ca-74db6370d8bd06f7,0.44025157232704404,0.8267716535433071
74b5ad88-161f80df7806b869,e7370eec-40eca4429a61f44d,0.4397905759162304,0.631578947368421
d2eb953e-66ba05ff08de8899,73f57af1-2e929298364db730,0.4396887159533074,0.5885416666666666
2ef4c176-53d44a8520e9df9f,a5f41b95-157413db377aff65,0.4389233954451346,0.451063829787234
cc9230d3-b726b8798d51113b,c9a316ca-74db6370d8bd06f7,0.4380165289256198,0.7910447761194029
e7370eec-40eca4429a61f44d,73f57af1-2e929298364db730,0.43782837127845886,0.5020080321285141
2af19170-ef485115176f5e0b,5289e80a-8eb02c811ad43fdf,0.4377358490566038,0.4915254237288136
23cb8587-738b57e1ac344648,03b3c5af-81df5a7511e5027e,0.4365482233502538,0.44559585492227977
4499e3b9-a33dff95453263b5,929b98f0-7a7a79ac5dcf8e4f,0.43636363636363634,0.4485981308411215
dba80ad4-ae4e347ed8aabbed,3a318b43-5bb701ac24759bf7,0.4357142857142857,0.4485294117647059
48801d9e-411ad98869dfa258,c9a316ca-74db6370d8bd06f7,0.43564356435643564,0.515625
e86eb5b0-1a8cf2ecfad7c1e8,c73cd266-b38a218355e7b6b2,0.43555555555555553,0.5104166666666666
9a20c823-2d486e0263a5fc70,23cb8587-738b57e1ac344648,0.43529411764705883,0.5034013605442177
cc9230d3-b726b8798d51113b,dd5fd2a2-70087dfdcda77065,0.43508771929824563,0.4626865671641791
bd584714-7b3d562837d0f48d,424c930b-5d91e2349deb1049,0.43478260869565216,0.6168831168831169
f652c678-1e5c9b24a8238616,34aa6a45-df3c6d1bcb911d9b,0.4345738295318127,0.7125984251968503
6255ee79-f5d7770b6e4b664e,e48933fa-3aa779d4db1d68cd,0.43400447427293065,0.485
d82fa7e3-433e9d46a5f89b2b,7f42483d-cde48ee17e0e67a9,0.4338235294117647,0.6082474226804123
d82fa7e3-782e1e245ba4914a,7f42483d-cde48ee17e0e67a9,0.4338235294117647,0.6082474226804123
853acff9-f99b0694fe9e5076,73f57af1-2e929298364db730,0.4336283185840708,0.7538461538461538
d82fa7e3-433e9d46a5f89b2b,90b71536-6872ffbba31bf0e8,0.43333333333333335,0.8041237113402062
d82fa7e3-782e1e245ba4914a,90b71536-6872ffbba31bf0e8,0.43333333333333335,0.8041237113402062
d82fa7e3-433e9d46a5f89b2b,6db218a2-72e0950e970437e8,0.43333333333333335,0.8041237113402062
d82fa7e3-782e1e245ba4914a,6db218a2-72e0950e970437e8,0.43333333333333335,0.8041237113402062
fa1bf524-17fca9779252364b,4e58558c-da8b1d30d372a726,0.4329004329004329,0.49019607843137253
fa1bf524-17fca9779252364b,2bbc6c80-27f3c6b3d16cee39,0.4329004329004329,0.49019607843137253
2c865582-220a82fe684b1508,4303de0d-f61c80ad0d424346,0.4328767123287671,0.4619883040935672
34aa6a45-df3c6d1bcb911d9b,54e71b9b-d0923fbd17a74b63,0.4327108821635544,0.5803108808290155
dc575a6c-a26ed2a2fc5d4c8b,cc9230d3-b726b8798d51113b,0.4326530612244898,0.4774774774774775
51019113-10b98444e71e1a88,73f57af1-2e929298364db730,0.43243243243243246,0.6540880503144654
dd5fd2a2-70087dfdcda77065,51019113-10b98444e71e1a88,0.432258064516129,0.44370860927152317
03b3c5af-81df5a7511e5027e,5a81e159-9a433132fc144213,0.43207126948775054,0.48258706467661694
74b5ad88-161f80df7806b869,bd584714-7b3d562837d0f48d,0.43205574912891986,0.46616541353383456
3ff60986-16a42daeed85665a,5a81e159-9a433132fc144213,0.432,0.6377952755905512
e86eb5b0-1a8cf2ecfad7c1e8,bd584714-7b3d562837d0f48d,0.432,0.5625
d0b4b96c-16a42daeed85665a,5a81e159-9a433132fc144213,0.432,0.6377952755905512
dd5fd2a2-70087dfdcda77065,03b3c5af-81df5a7511e5027e,0.4318181818181818,0.5033112582781457
51019113-10b98444e71e1a88,e7370eec-40eca4429a61f44d,0.43137254901960786,0.5534591194968553
853acff9-f99b0694fe9e5076,424c930b-5d91e2349deb1049,0.43099273607748184,0.6846153846153846
dcf09f37-13ece273e0e27db3,e7370eec-40eca4429a61f44d,0.4305555555555556,0.5081967213114754
cc9230d3-b726b8798d51113b,bd584714-7b3d562837d0f48d,0.4305555555555556,0.4626865671641791
74b5ad88-161f80df7806b869,a5f41b95-157413db377aff65,0.4304461942257218,0.6165413533834586
cc9230d3-b726b8798d51113b,e48933fa-3aa779d4db1d68cd,0.4304461942257218,0.6119402985074627
0f3a2acf-de8b309828cb25f4,3ff60986-16a42daeed85665a,0.42990654205607476,0.5287356321839081
16e6d8bb-907dd6e2f702b4fd,8535bdf7-6cda2c5de8bf84c6,0.42990654205607476,0.5348837209302325
0f3a2acf-de8b309828cb25f4,d0b4b96c-16a42daeed85665a,0.42990654205607476,0.5287356321839081
9a20c823-2d486e0263a5fc70,dd5fd2a2-70087dfdcda77065,0.42953020134228187,0.43537414965986393
2ef4c176-53d44a8520e9df9f,f652c678-1e5c9b24a8238616,0.4294478527607362,0.44680851063829785
5289e80a-8eb02c811ad43fdf,2ef4c176-53d44a8520e9df9f,0.4293193717277487,0.5578231292517006
279e274a-f704a3e547427e9d,fd16f5b0-16ab93a1f417d37f,0.42915811088295686,0.8196078431372549
929b98f0-7a7a79ac5dcf8e4f,cc9230d3-b726b8798d51113b,0.4291497975708502,0.4690265486725664
6255ee79-f5d7770b6e4b664e,c9a316ca-74db6370d8bd06f7,0.4290909090909091,0.59
24afd00e-844f1b1251b4e118,424c930b-5d91e2349deb1049,0.42769857433808556,0.5048076923076923
d74028ea-b6daf4d3a6e5f734,424c930b-5d91e2349deb1049,0.4276729559748428,0.5257731958762887
7f42483d-cde48ee17e0e67a9,45561f1f-b7964ea6fbd32466,0.42735042735042733,0.5
5a81e159-9a433132fc144213,8ad1ad84-13df7ae5296a31a6,0.4267990074441687,0.6935483870967742
4303de0d-f61c80ad0d424346,e48933fa-3aa779d4db1d68cd,0.42630385487528344,0.4845360824742268
c73cd266-b38a218355e7b6b2,73f57af1-2e929298364db730,0.42572062084257206,0.7441860465116279
cc9230d3-b726b8798d51113b,73f57af1-2e929298364db730,0.42543859649122806,0.7238805970149254
d74028ea-b6daf4d3a6e5f734,5a81e159-9a433132fc144213,0.4253393665158371,0.4845360824742268
23cb8587-738b57e1ac344648,e7370eec-40eca4429a61f44d,0.4253393665158371,0.48704663212435234
9069684f-fab714a1fbf680fb,c73cd266-b38a218355e7b6b2,0.4247787610619469,0.4948453608247423
a5f41b95-157413db377aff65,73f57af1-2e929298364db730,0.4245614035087719,0.4879032258064516
0f3a2acf-de8b309828cb25f4,dc575a6c-a26ed2a2fc5d4c8b,0.42424242424242425,0.4827586206896552
23cb8587-738b57e1ac344648,d74028ea-b6daf4d3a6e5f734,0.42377260981912146,0.42487046632124353
2ef4c176-53d44a8520e9df9f,e48933fa-3aa779d4db1d68cd,0.42323651452282157,0.4340425531914894
866a2d52-6de18ee6eeb5dc4f,73f57af1-2e929298364db730,0.42290748898678415,0.7272727272727273
4303de0d-f61c80ad0d424346,73f57af1-2e929298364db730,0.42248062015503873,0.5618556701030928
6255ee79-f5d7770b6e4b664e,279e274a-f704a3e547427e9d,0.421978021978022,0.48
d82fa7e3-433e9d46a5f89b2b,ef1117e3-d6f7af74c4d51034,0.4218455743879473,0.5773195876288659
d82fa7e3-782e1e245ba4914a,ef1117e3-d6f7af74c4d51034,0.4218455743879473,0.5773195876288659
23cb8587-738b57e1ac344648,a5f41b95-157413db377aff65,0.4217687074829932,0.48186528497409326
529d9642-6f654ad245282ea1,fd16f5b0-16ab93a1f417d37f,0.42170818505338076,0.5851851851851851
866a2d52-6de18ee6eeb5dc4f,5a81e159-9a433132fc144213,0.42105263157894735,0.6060606060606061
cc9230d3-b726b8798d51113b,d74028ea-b6daf4d3a6e5f734,0.42073170731707316,0.5149253731343284
d82fa7e3-433e9d46a5f89b2b,03b3c5af-81df5a7511e5027e,0.42025316455696204,0.42783505154639173
d82fa7e3-782e1e245ba4914a,03b3c5af-81df5a7511e5027e,0.42025316455696204,0.42783505154639173
279e274a-f704a3e547427e9d,424c930b-5d91e2349deb1049,0.4200743494423792,0.44313725490196076
24afd00e-844f1b1251b4e118,2ef4c176-53d44a8520e9df9f,0.4198645598194131,0.44711538461538464
dd5fd2a2-70087dfdcda77065,2ef4c176-53d44a8520e9df9f,0.41968911917098445,0.5364238410596026
23cb8587-738b57e1ac344648,279e274a-f704a3e547427e9d,0.41964285714285715,0.48704663212435234
5a81e159-9a433132fc144213,529d9642-6f654ad245282ea1,0.41960183767228176,0.5524193548387096
51019113-10b98444e71e1a88,48801d9e-411ad98869dfa258,0.41927710843373495,0.5471698113207547
5af25bd7-bab814ae1e80f49c,0f3a2acf-de8b309828cb25f4,0.41916167664670656,0.4375
dd5fd2a2-70087dfdcda77065,dcf09f37-13ece273e0e27db3,0.41916167664670656,0.46357615894039733
d74028ea-b6daf4d3a6e5f734,c9a316ca-74db6370d8bd06f7,0.41911764705882354,0.5876288659793815
24afd00e-844f1b1251b4e118,73f57af1-2e929298364db730,0.4188679245283019,0.5336538461538461
4303de0d-f61c80ad0d424346,279e274a-f704a3e547427e9d,0.41870824053452116,0.4845360824742268
5289e80a-8eb02c811ad43fdf,bd584714-7b3d562837d0f48d,0.4186046511627907,0.42857142857142855
6255ee79-f5d7770b6e4b664e,f652c678-1e5c9b24a8238616,0.4185022026431718,0.475
5289e80a-8eb02c811ad43fdf,dcf09f37-13ece273e0e27db3,0.41818181818181815,0.46938775510204084
d82fa7e3-433e9d46a5f89b2b,45561f1f-b7964ea6fbd32466,0.416289592760181,0.711340206185567
d82fa7e3-782e1e245ba4914a,45561f1f-b7964ea6fbd32466,0.416289592760181,0.711340206185567
e7370eec-40eca4429a61f44d,48801d9e-411ad98869dfa258,0.4158415841584158,0.42168674698795183
51019113-10b98444e71e1a88,1a31f5cb-39a41eeeccf00058,0.41578947368421054,0.4968553459119497
929b98f0-7a7a79ac5dcf8e4f,2af19170-ef485115176f5e0b,0.4155844155844156,0.4247787610619469
424c930b-5d91e2349deb1049,34aa6a45-df3c6d1bcb911d9b,0.41531322505800466,0.6325088339222615
16e6d8bb-907dd6e2f702b4fd,9069684f-fab714a1fbf680fb,0.41530054644808745,0.4418604651162791
dc575a6c-a26ed2a2fc5d4c8b,bd584714-7b3d562837d0f48d,0.41509433962264153,0.4954954954954955
5289e80a-8eb02c811ad43fdf,6255ee79-f5d7770b6e4b664e,0.414985590778098,0.4897959183673469
dcf09f37-13ece273e0e27db3,529d9642-6f654ad245282ea1,0.41496598639455784,0.6666666666666666
ec558d69-a235442f66cc6e23,cc9230d3-b726b8798d51113b,0.4144144144144144,0.5227272727272727
6255ee79-f5d7770b6e4b664e,73f57af1-2e929298364db730,0.41379310344827586,0.54
2af19170-ef485115176f5e0b,c73cd266-b38a218355e7b6b2,0.41295546558704455,0.4322033898305085
23cb8587-738b57e1ac344648,424c930b-5d91e2349deb1049,0.4117647058823529,0.5077720207253886
d74028ea-b6daf4d3a6e5f734,a5f41b95-157413db377aff65,0.4117647058823529,0.4690721649484536
48801d9e-411ad98869dfa258,529d9642-6f654ad245282ea1,0.4114977307110439,0.53125
5289e80a-8eb02c811ad43fdf,24afd00e-844f1b1251b4e118,0.4112676056338028,0.4965986394557823
4e58558c-da8b1d30d372a726,d2eb953e-66ba05ff08de8899,0.411214953271028,0.5116279069767442
2bbc6c80-27f3c6b3d16cee39,d2eb953e-66ba05ff08de8899,0.411214953271028,0.5116279069767442
d74028ea-b6daf4d3a6e5f734,6255ee79-f5d7770b6e4b664e,0.41116751269035534,0.4175257731958763
866a2d52-6de18ee6eeb5dc4f,c9a316ca-74db6370d8bd06f7,0.4107883817427386,0.75
d2eb953e-66ba05ff08de8899,48801d9e-411ad98869dfa258,0.4107142857142857,0.4791666666666667
9a20c823-2d486e0263a5fc70,c9a316ca-74db6370d8bd06f7,0.4104627766599598,0.6938775510204082
2af19170-ef485115176f5e0b,d82fa7e3-433e9d46a5f89b2b,0.41025641025641024,0.5423728813559322
2af19170-ef485115176f5e0b,d82fa7e3-782e1e245ba4914a,0.41025641025641024,0.5423728813559322
3ff60986-16a42daeed85665a,dd5fd2a2-70087dfdcda77065,0.41007194244604317,0.44881889763779526
d0b4b96c-16a42daeed85665a,dd5fd2a2-70087dfdcda77065,0.41007194244604317,0.44881889763779526
4e58558c-da8b1d30d372a726,23cb8587-738b57e1ac344648,0.40993788819875776,0.5116279069767442
2bbc6c80-27f3c6b3d16cee39,23cb8587-738b57e1ac344648,0.40993788819875776,0.5116279069767442
d74028ea-b6daf4d3a6e5f734,279e274a-f704a3e547427e9d,0.40979955456570155,0.4742268041237113
929b98f0-7a7a79ac5dcf8e4f,dba80ad4-ae4e347ed8aabbed,0.40963855421686746,0.45132743362831856
e86eb5b0-1a8cf2ecfad7c1e8,4e58558c-da8b1d30d372a726,0.4088888888888889,0.4791666666666667
e86eb5b0-1a8cf2ecfad7c1e8,2bbc6c80-27f3c6b3d16cee39,0.4088888888888889,0.4791666666666667
853acff9-f99b0694fe9e5076,c9a316ca-74db6370d8bd06f7,0.4083333333333333,0.7538461538461538
74b5ad88-161f80df7806b869,f652c678-1e5c9b24a8238616,0.4082687338501292,0.5939849624060151
4303de0d-f61c80ad0d424346,c9a316ca-74db6370d8bd06f7,0.40808823529411764,0.5721649484536082
bd584714-7b3d562837d0f48d,5a81e159-9a433132fc144213,0.4079601990049751,0.5324675324675324
90b71536-6872ffbba31bf0e8,8ad1ad84-13df7ae5296a31a6,0.4077490774907749,0.42015209125475284
6db218a2-72e0950e970437e8,8ad1ad84-13df7ae5296a31a6,0.4077490774907749,0.42015209125475284
2c865582-220a82fe684b1508,48801d9e-411ad98869dfa258,0.40749414519906324,0.5087719298245614
ec558d69-a235442f66cc6e23,74b5ad88-161f80df7806b869,0.4072398190045249,0.5113636363636364
5289e80a-8eb02c811ad43fdf,d2eb953e-66ba05ff08de8899,0.40707964601769914,0.46938775510204084
24afd00e-844f1b1251b4e118,e7370eec-40eca4429a61f44d,0.40700218818380746,0.44711538461538464
2af19170-ef485115176f5e0b,8535bdf7-6cda2c5de8bf84c6,0.4065040650406504,0.423728813559322
d74028ea-b6daf4d3a6e5f734,f652c678-1e5c9b24a8238616,0.40625,0.4690721649484536
03b3c5af-81df5a7511e5027e,73f57af1-2e929298364db730,0.40535372848948376,0.527363184079602
dd5fd2a2-70087dfdcda77065,e7370eec-40eca4429a61f44d,0.405,0.5364238410596026
e48933fa-3aa779d4db1d68cd,529d9642-6f654ad245282ea1,0.4049079754601227,0.5344129554655871
4e58558c-da8b1d30d372a726,74b5ad88-161f80df7806b869,0.40458015267175573,0.4108527131782946
2bbc6c80-27f3c6b3d16cee39,74b5ad88-161f80df7806b869,0.40458015267175573,0.4108527131782946
c9a316ca-74db6370d8bd06f7,fd16f5b0-16ab93a1f417d37f,0.40411599625818523,0.6171428571428571
5af25bd7-bab814ae1e80f49c,2af19170-ef485115176f5e0b,0.40404040404040403,0.5
cbbbed5f-178e7b1f9ffc2019,fa1bf524-17fca9779252364b,0.4039408866995074,0.40594059405940597
d2eb953e-66ba05ff08de8899,e7370eec-40eca4429a61f44d,0.4036281179138322,0.4635416666666667
bd584714-7b3d562837d0f48d,24afd00e-844f1b1251b4e118,0.40331491712707185,0.474025974025974
2af19170-ef485115176f5e0b,853acff9-f99b0694fe9e5076,0.4032258064516129,0.423728813559322
c73cd266-b38a218355e7b6b2,a5f41b95-157413db377aff65,0.40318302387267907,0.5891472868217055
5289e80a-8eb02c811ad43fdf,dd5fd2a2-70087dfdcda77065,0.40268456375838924,0.40816326530612246
03b3c5af-81df5a7511e5027e,529d9642-6f654ad245282ea1,0.40264026402640263,0.6069651741293532
24afd00e-844f1b1251b4e118,f652c678-1e5c9b24a8238616,0.4025974025974026,0.44711538461538464
16e6d8bb-907dd6e2f702b4fd,929b98f0-7a7a79ac5dcf8e4f,0.4020100502512563,0.46511627906976744
9069684f-fab714a1fbf680fb,3ff60986-16a42daeed85665a,0.4017857142857143,0.4639175257731959
9069684f-fab714a1fbf680fb,d0b4b96c-16a42daeed85665a,0.4017857142857143,0.4639175257731959
e86eb5b0-1a8cf2ecfad7c1e8,74b5ad88-161f80df7806b869,0.4017467248908297,0.4791666666666667
e48933fa-3aa779d4db1d68cd,fd16f5b0-16ab93a1f417d37f,0.40165631469979296,0.7854251012145749
ef1117e3-d6f7af74c4d51034,74f4382e-ad03062b7b759d61,0.4011142061281337,0.42729970326409494
3ff60986-16a42daeed85665a,73f57af1-2e929298364db730,0.40089086859688194,0.7086614173228346
d0b4b96c-16a42daeed85665a,73f57af1-2e929298364db730,0.40089086859688194,0.7086614173228346
45561f1f-b7964ea6fbd32466,fd16f5b0-16ab93a1f417d37f,0.4006734006734007,0.5074626865671642
48801d9e-411ad98869dfa258,8ad1ad84-13df7ae5296a31a6,0.4004914004914005,0.63671875
2c865582-220a82fe684b1508,f652c678-1e5c9b24a8238616,0.4,0.49707602339181284
e48933fa-3aa779d4db1d68cd,34aa6a45-df3c6d1bcb911d9b,0.39951573849878935,0.6680161943319838
dd5fd2a2-70087dfdcda77065,6255ee79-f5d7770b6e4b664e,0.39886039886039887,0.46357615894039733
f652c678-1e5c9b24a8238616,45561f1f-b7964ea6fbd32466,0.3983402489626556,0.5669291338582677
2af19170-ef485115176f5e0b,f652c678-1e5c9b24a8238616,0.3978494623655914,0.6271186440677966
5af25bd7-bab814ae1e80f49c,e86eb5b0-1a8cf2ecfad7c1e8,0.3977272727272727,0.4375
77ec956f-adf46fc113a7897c,16e6d8bb-907dd6e2f702b4fd,0.39759036144578314,0.4125
ac8ef97c-adf46fc113a7897c,16e6d8bb-907dd6e2f702b4fd,0.39759036144578314,0.4125
2c865582-220a82fe684b1508,73f57af1-2e929298364db730,0.3975659229208925,0.5730994152046783
4303de0d-f61c80ad0d424346,f652c678-1e5c9b24a8238616,0.39732142857142855,0.4587628865979381
dd5fd2a2-70087dfdcda77065,e48933fa-3aa779d4db1d68cd,0.3969849246231156,0.5231788079470199
a5f41b95-157413db377aff65,34aa6a45-df3c6d1bcb911d9b,0.3966142684401451,0.6612903225806451
424c930b-5d91e2349deb1049,45561f1f-b7964ea6fbd32466,0.3962765957446808,0.5265017667844523
90b71536-6872ffbba31bf0e8,54e71b9b-d0923fbd17a74b63,0.396,0.564638783269962
6db218a2-72e0950e970437e8,54e71b9b-d0923fbd17a74b63,0.396,0.564638783269962
dd5fd2a2-70087dfdcda77065,a5f41b95-157413db377aff65,0.39598997493734334,0.5231788079470199
866a2d52-6de18ee6eeb5dc4f,424c930b-5d91e2349deb1049,0.39518072289156625,0.6212121212121212
51019113-10b98444e71e1a88,6f037b1d-49bff5b33e2e0b80,0.395,0.4968553459119497
5289e80a-8eb02c811ad43fdf,a5f41b95-157413db377aff65,0.3949367088607595,0.5306122448979592
dcf09f37-13ece273e0e27db3,424c930b-5d91e2349deb1049,0.3948497854077253,0.5027322404371585
23cb8587-738b57e1ac344648,5a81e159-9a433132fc144213,0.3945578231292517,0.45077720207253885
fa1bf524-17fca9779252364b,dc575a6c-a26ed2a2fc5d4c8b,0.39436619718309857,0.4117647058823529
77ec956f-adf46fc113a7897c,2af19170-ef485115176f5e0b,0.3939393939393939,0.4875
ac8ef97c-adf46fc113a7897c,2af19170-ef485115176f5e0b,0.3939393939393939,0.4875
e86eb5b0-1a8cf2ecfad7c1e8,fa1bf524-17fca9779252364b,0.3939393939393939,0.40625
810fd282-dd9527d444a6fd24,4499e3b9-a33dff95453263b5,0.39378238341968913,0.4418604651162791
d82fa7e3-433e9d46a5f89b2b,a5f41b95-157413db377aff65,0.3936651583710407,0.4484536082474227
d82fa7e3-782e1e245ba4914a,a5f41b95-157413db377aff65,0.3936651583710407,0.4484536082474227
0f3a2acf-de8b309828cb25f4,cbbbed5f-178e7b1f9ffc2019,0.39361702127659576,0.42528735632183906
dd5fd2a2-70087dfdcda77065,48801d9e-411ad98869dfa258,0.3931203931203931,0.5298013245033113
d74028ea-b6daf4d3a6e5f734,24afd00e-844f1b1251b4e118,0.39303482587064675,0.4072164948453608
dc575a6c-a26ed2a2fc5d4c8b,2af19170-ef485115176f5e0b,0.3930131004366812,0.40540540540540543
cbbbed5f-178e7b1f9ffc2019,8535bdf7-6cda2c5de8bf84c6,0.3930131004366812,0.44554455445544555
73f57af1-2e929298364db730,34aa6a45-df3c6d1bcb911d9b,0.39289678135405104,0.5496894409937888
6255ee79-f5d7770b6e4b664e,5a81e159-9a433132fc144213,0.39285714285714285,0.44
23cb8587-738b57e1ac344648,2ef4c176-53d44a8520e9df9f,0.3925233644859813,0.43523316062176165
bd584714-7b3d562837d0f48d,23cb8587-738b57e1ac344648,0.3919308357348703,0.44155844155844154
e7370eec-40eca4429a61f44d,316c9955-daf3ab7116f8e7e7,0.39182282793867124,0.46184738955823296
866a2d52-6de18ee6eeb5dc4f,bd584714-7b3d562837d0f48d,0.3916083916083916,0.42424242424242425
d74028ea-b6daf4d3a6e5f734,2ef4c176-53d44a8520e9df9f,0.3916083916083916,0.4329896907216495
853acff9-f99b0694fe9e5076,a5f41b95-157413db377aff65,0.3915343915343915,0.5692307692307692
9069684f-fab714a1fbf680fb,74b5ad88-161f80df7806b869,0.391304347826087,0.4639175257731959
48801d9e-411ad98869dfa258,73f57af1-2e929298364db730,0.39100346020761245,0.44140625
279e274a-f704a3e547427e9d,529d9642-6f654ad245282ea1,0.39090909090909093,0.5058823529411764
48801d9e-411ad98869dfa258,34aa6a45-df3c6d1bcb911d9b,0.3904191616766467,0.63671875
3ff60986-16a42daeed85665a,424c930b-5d91e2349deb1049,0.3902439024390244,0.6299212598425197
d0b4b96c-16a42daeed85665a,424c930b-5d91e2349deb1049,0.3902439024390244,0.6299212598425197
cc9230d3-b726b8798d51113b,2ef4c176-53d44a8520e9df9f,0.3902439024390244,0.5373134328358209
d2eb953e-66ba05ff08de8899,f652c678-1e5c9b24a8238616,0.3901345291479821,0.453125
9a20c823-2d486e0263a5fc70,a5f41b95-157413db377aff65,0.389873417721519,0.5238095238095238
9069684f-fab714a1fbf680fb,cc9230d3-b726b8798d51113b,0.38961038961038963,0.4639175257731959
4303de0d-f61c80ad0d424346,5a81e159-9a433132fc144213,0.3891402714932127,0.44329896907216493
dc575a6c-a26ed2a2fc5d4c8b,f652c678-1e5c9b24a8238616,0.38904109589041097,0.6396396396396397
0f3a2acf-de8b309828cb25f4,03b3c5af-81df5a7511e5027e,0.3888888888888889,0.6436781609195402
4e58558c-da8b1d30d372a726,bd584714-7b3d562837d0f48d,0.38869257950530034,0.4263565891472868
2bbc6c80-27f3c6b3d16cee39,bd584714-7b3d562837d0f48d,0.38869257950530034,0.4263565891472868
f652c678-1e5c9b24a8238616,316c9955-daf3ab7116f8e7e7,0.3885135135135135,0.452755905511811
c73cd266-b38a218355e7b6b2,424c930b-5d91e2349deb1049,0.3883495145631068,0.6201550387596899
4e58558c-da8b1d30d372a726,e48933fa-3aa779d4db1d68cd,0.3882978723404255,0.5658914728682171
2bbc6c80-27f3c6b3d16cee39,e48933fa-3aa779d4db1d68cd,0.3882978723404255,0.5658914728682171
51019113-10b98444e71e1a88,a5f41b95-157413db377aff65,0.3882063882063882,0.4968553459119497
ef1117e3-d6f7af74c4d51034,316c9955-daf3ab7116f8e7e7,0.38814814814814813,0.3887240356083086
4303de0d-f61c80ad0d424346,24afd00e-844f1b1251b4e118,0.3880597014925373,0.4020618556701031
cc9230d3-b726b8798d51113b,a5f41b95-157413db377aff65,0.387434554973822,0.5522388059701493
45561f1f-b7964ea6fbd32466,34aa6a45-df3c6d1bcb911d9b,0.38740458015267176,0.43283582089552236
3a318b43-5bb701ac24759bf7,f652c678-1e5c9b24a8238616,0.3869346733668342,0.5347222222222222
dc575a6c-a26ed2a2fc5d4c8b,4303de0d-f61c80ad0d424346,0.38688524590163936,0.5315315315315315
cbbbed5f-178e7b1f9ffc2019,dc575a6c-a26ed2a2fc5d4c8b,0.3867924528301887,0.40594059405940597
424c930b-5d91e2349deb1049,8ad1ad84-13df7ae5296a31a6,0.38525564803804996,0.5724381625441696
4e58558c-da8b1d30d372a726,dcf09f37-13ece273e0e27db3,0.38461538461538464,0.46511627906976744
2bbc6c80-27f3c6b3d16cee39,dcf09f37-13ece273e0e27db3,0.38461538461538464,0.46511627906976744
279e274a-f704a3e547427e9d,316c9955-daf3ab7116f8e7e7,0.3844856661045531,0.4470588235294118
6255ee79-f5d7770b6e4b664e,a5f41b95-157413db377aff65,0.38392857142857145,0.43
c73cd266-b38a218355e7b6b2,d82fa7e3-433e9d46a5f89b2b,0.38390092879256965,0.4806201550387597
c73cd266-b38a218355e7b6b2,d82fa7e3-782e1e245ba4914a,0.38390092879256965,0.4806201550387597
2ef4c176-53d44a8520e9df9f,279e274a-f704a3e547427e9d,0.3836734693877551,0.4
45561f1f-b7964ea6fbd32466,8ad1ad84-13df7ae5296a31a6,0.38364167478091526,0.4200426439232409
e86eb5b0-1a8cf2ecfad7c1e8,3a318b43-5bb701ac24759bf7,0.38333333333333336,0.4791666666666667
23cb8587-738b57e1ac344648,74f4382e-ad03062b7b759d61,0.3832752613240418,0.5699481865284974
d2eb953e-66ba05ff08de8899,424c930b-5d91e2349deb1049,0.3831578947368421,0.4739583333333333
529d9642-6f654ad245282ea1,54e71b9b-d0923fbd17a74b63,0.3828861493836113,0.6518518518518519
9069684f-fab714a1fbf680fb,51019113-10b98444e71e1a88,0.3828125,0.5051546391752577
929b98f0-7a7a79ac5dcf8e4f,51019113-10b98444e71e1a88,0.38235294117647056,0.46017699115044247
5a81e159-9a433132fc144213,45561f1f-b7964ea6fbd32466,0.3821478382147838,0.5524193548387096
6255ee79-f5d7770b6e4b664e,48801d9e-411ad98869dfa258,0.3815789473684211,0.435
bd584714-7b3d562837d0f48d,d2eb953e-66ba05ff08de8899,0.3815028901734104,0.42857142857142855
9a20c823-2d486e0263a5fc70,424c930b-5d91e2349deb1049,0.3813953488372093,0.5578231292517006
9069684f-fab714a1fbf680fb,2af19170-ef485115176f5e0b,0.3813953488372093,0.422680412371134
dd5fd2a2-70087dfdcda77065,529d9642-6f654ad245282ea1,0.381294964028777,0.7019867549668874
5289e80a-8eb02c811ad43fdf,d74028ea-b6daf4d3a6e5f734,0.3812316715542522,0.4421768707482993
fffc11ee-302e373a0cb33770,5a81e159-9a433132fc144213,0.3811563169164882,0.4063926940639269
d74028ea-b6daf4d3a6e5f734,73f57af1-2e929298364db730,0.3798449612403101,0.5051546391752577
16e6d8bb-907dd6e2f702b4fd,853acff9-f99b0694fe9e5076,0.37962962962962965,0.47674418604651164
5289e80a-8eb02c811ad43fdf,73f57af1-2e929298364db730,0.3795309168443497,0.6054421768707483
e86eb5b0-1a8cf2ecfad7c1e8,d82fa7e3-433e9d46a5f89b2b,0.3793103448275862,0.5729166666666666
e86eb5b0-1a8cf2ecfad7c1e8,d82fa7e3-782e1e245ba4914a,0.3793103448275862,0.5729166666666666
9a20c823-2d486e0263a5fc70,e7370eec-40eca4429a61f44d,0.3787878787878788,0.5102040816326531
2af19170-ef485115176f5e0b,dba80ad4-ae4e347ed8aabbed,0.3779527559055118,0.4067796610169492
dc575a6c-a26ed2a2fc5d4c8b,24afd00e-844f1b1251b4e118,0.3761755485893417,0.5405405405405406
23cb8587-738b57e1ac344648,f652c678-1e5c9b24a8238616,0.37583892617449666,0.43523316062176165
3ff60986-16a42daeed85665a,2ef4c176-53d44a8520e9df9f,0.3756906077348066,0.5354330708661418
d0b4b96c-16a42daeed85665a,2ef4c176-53d44a8520e9df9f,0.3756906077348066,0.5354330708661418
24afd00e-844f1b1251b4e118,48801d9e-411ad98869dfa258,0.375,0.4182692307692308
1a31f5cb-39a41eeeccf00058,f652c678-1e5c9b24a8238616,0.37473684210526315,0.40271493212669685
a5f41b95-157413db377aff65,8ad1ad84-13df7ae5296a31a6,0.3746898263027295,0.6088709677419355
dd5fd2a2-70087dfdcda77065,279e274a-f704a3e547427e9d,0.37438423645320196,0.5033112582781457
e7370eec-40eca4429a61f44d,8ad1ad84-13df7ae5296a31a6,0.3742255266418835,0.606425702811245
cc9230d3-b726b8798d51113b,424c930b-5d91e2349deb1049,0.37410071942446044,0.582089552238806
e7370eec-40eca4429a61f44d,c9a316ca-74db6370d8bd06f7,0.3739565943238731,0.4497991967871486
4e58558c-da8b1d30d372a726,24afd00e-844f1b1251b4e118,0.37388724035608306,0.4883720930232558
2bbc6c80-27f3c6b3d16cee39,24afd00e-844f1b1251b4e118,0.37388724035608306,0.4883720930232558
5af25bd7-bab814ae1e80f49c,fa1bf524-17fca9779252364b,0.37362637362637363,0.425
c73cd266-b38a218355e7b6b2,3a318b43-5bb701ac24759bf7,0.37362637362637363,0.3953488372093023
bd584714-7b3d562837d0f48d,4303de0d-f61c80ad0d424346,0.3735632183908046,0.42207792207792205
e86eb5b0-1a8cf2ecfad7c1e8,929b98f0-7a7a79ac5dcf8e4f,0.37320574162679426,0.40625
d82fa7e3-433e9d46a5f89b2b,424c930b-5d91e2349deb1049,0.3731656184486373,0.4587628865979381
d82fa7e3-782e1e245ba4914a,424c930b-5d91e2349deb1049,0.3731656184486373,0.4587628865979381
74b5ad88-161f80df7806b869,d82fa7e3-433e9d46a5f89b2b,0.3730886850152905,0.45864661654135336
74b5ad88-161f80df7806b869,d82fa7e3-782e1e245ba4914a,0.3730886850152905,0.45864661654135336
16e6d8bb-907dd6e2f702b4fd,4499e3b9-a33dff95453263b5,0.37305699481865284,0.4186046511627907
fa1bf524-17fca9779252364b,2af19170-ef485115176f5e0b,0.37272727272727274,0.4019607843137255
dcf09f37-13ece273e0e27db3,23cb8587-738b57e1ac344648,0.3723404255319149,0.3825136612021858
3ff60986-16a42daeed85665a,e7370eec-40eca4429a61f44d,0.3723404255319149,0.5511811023622047
d0b4b96c-16a42daeed85665a,e7370eec-40eca4429a61f44d,0.3723404255319149,0.5511811023622047
cbbbed5f-178e7b1f9ffc2019,853acff9-f99b0694fe9e5076,0.3722943722943723,0.42574257425742573
ef1117e3-d6f7af74c4d51034,45561f1f-b7964ea6fbd32466,0.37220843672456577,0.44510385756676557
e7370eec-40eca4429a61f44d,fd16f5b0-16ab93a1f417d37f,0.371900826446281,0.7228915662650602
2ef4c176-53d44a8520e9df9f,529d9642-6f654ad245282ea1,0.371875,0.5063829787234042
dc575a6c-a26ed2a2fc5d4c8b,03b3c5af-81df5a7511e5027e,0.3717948717948718,0.5225225225225225
4e58558c-da8b1d30d372a726,4303de0d-f61c80ad0d424346,0.3715170278637771,0.46511627906976744
2bbc6c80-27f3c6b3d16cee39,4303de0d-f61c80ad0d424346,0.3715170278637771,0.46511627906976744
e48933fa-3aa779d4db1d68cd,45561f1f-b7964ea6fbd32466,0.3715083798882682,0.5384615384615384
4e58558c-da8b1d30d372a726,dd5fd2a2-70087dfdcda77065,0.37142857142857144,0.40310077519379844
2bbc6c80-27f3c6b3d16cee39,dd5fd2a2-70087dfdcda77065,0.37142857142857144,0.40310077519379844
ec558d69-a235442f66cc6e23,8535bdf7-6cda2c5de8bf84c6,0.37037037037037035,0.45454545454545453
4499e3b9-a33dff95453263b5,dba80ad4-ae4e347ed8aabbed,0.37037037037037035,0.4205607476635514
6f037b1d-49bff5b33e2e0b80,90b71536-6872ffbba31bf0e8,0.37027379400260757,0.5892116182572614
6f037b1d-49bff5b33e2e0b80,6db218a2-72e0950e970437e8,0.37027379400260757,0.5892116182572614
74b5ad88-161f80df7806b869,424c930b-5d91e2349deb1049,0.3701923076923077,0.5789473684210527
74b5ad88-161f80df7806b869,48801d9e-411ad98869dfa258,0.37017994858611825,0.5413533834586466
3ff60986-16a42daeed85665a,bd584714-7b3d562837d0f48d,0.3701067615658363,0.4094488188976378
d0b4b96c-16a42daeed85665a,bd584714-7b3d562837d0f48d,0.3701067615658363,0.4094488188976378
5af25bd7-bab814ae1e80f49c,5289e80a-8eb02c811ad43fdf,0.3700440528634361,0.525
0f3a2acf-de8b309828cb25f4,9069684f-fab714a1fbf680fb,0.3695652173913043,0.39080459770114945
5289e80a-8eb02c811ad43fdf,4303de0d-f61c80ad0d424346,0.36950146627565983,0.42857142857142855
424c930b-5d91e2349deb1049,529d9642-6f654ad245282ea1,0.3691860465116279,0.44876325088339225
4303de0d-f61c80ad0d424346,424c930b-5d91e2349deb1049,0.3689727463312369,0.4536082474226804
d2eb953e-66ba05ff08de8899,23cb8587-738b57e1ac344648,0.36883116883116884,0.3697916666666667
24afd00e-844f1b1251b4e118,529d9642-6f654ad245282ea1,0.36867862969004894,0.5432692307692307
d2eb953e-66ba05ff08de8899,529d9642-6f654ad245282ea1,0.3685092127303183,0.5729166666666666
ef1117e3-d6f7af74c4d51034,90b71536-6872ffbba31bf0e8,0.3684820393974508,0.47181008902077154
ef1117e3-d6f7af74c4d51034,6db218a2-72e0950e970437e8,0.3684820393974508,0.47181008902077154
ec558d69-a235442f66cc6e23,fa1bf524-17fca9779252364b,0.3684210526315789,0.3977272727272727
d2eb953e-66ba05ff08de8899,a5f41b95-157413db377aff65,0.36818181818181817,0.421875
4e58558c-da8b1d30d372a726,73f57af1-2e929298364db730,0.36807095343680707,0.6434108527131783
2bbc6c80-27f3c6b3d16cee39,73f57af1-2e929298364db730,0.36807095343680707,0.6434108527131783
dd5fd2a2-70087dfdcda77065,bd584714-7b3d562837d0f48d,0.36721311475409835,0.3708609271523179
2af19170-ef485115176f5e0b,74b5ad88-161f80df7806b869,0.3665338645418327,0.3898305084745763
5289e80a-8eb02c811ad43fdf,529d9642-6f654ad245282ea1,0.36594202898550726,0.6870748299319728
dd5fd2a2-70087dfdcda77065,5a81e159-9a433132fc144213,0.3659147869674185,0.48344370860927155
f652c678-1e5c9b24a8238616,fd16f5b0-16ab93a1f417d37f,0.3658787255909558,0.7007874015748031
1a31f5cb-39a41eeeccf00058,279e274a-f704a3e547427e9d,0.36554621848739494,0.3936651583710407
4e58558c-da8b1d30d372a726,f652c678-1e5c9b24a8238616,0.36553524804177545,0.5426356589147286
2bbc6c80-27f3c6b3d16cee39,f652c678-1e5c9b24a8238616,0.36553524804177545,0.5426356589147286
e86eb5b0-1a8cf2ecfad7c1e8,cbbbed5f-178e7b1f9ffc2019,0.36548223350253806,0.375
4e58558c-da8b1d30d372a726,d74028ea-b6daf4d3a6e5f734,0.3653250773993808,0.4573643410852713
2bbc6c80-27f3c6b3d16cee39,d74028ea-b6daf4d3a6e5f734,0.3653250773993808,0.4573643410852713
23cb8587-738b57e1ac344648,48801d9e-411ad98869dfa258,0.36525612472160357,0.42487046632124353
5af25bd7-bab814ae1e80f49c,cc9230d3-b726b8798d51113b,0.3644859813084112,0.4875
dc575a6c-a26ed2a2fc5d4c8b,2ef4c176-53d44a8520e9df9f,0.36416184971098264,0.5675675675675675
74b5ad88-161f80df7806b869,2ef4c176-53d44a8520e9df9f,0.3641304347826087,0.5037593984962406
cc9230d3-b726b8798d51113b,48801d9e-411ad98869dfa258,0.3641025641025641,0.5298507462686567
6f037b1d-49bff5b33e2e0b80,45561f1f-b7964ea6fbd32466,0.36338028169014086,0.5352697095435685
48801d9e-411ad98869dfa258,fd16f5b0-16ab93a1f417d37f,0.3630769230769231,0.69140625
2c865582-220a82fe684b1508,23cb8587-738b57e1ac344648,0.3626373626373626,0.38596491228070173
e48933fa-3aa779d4db1d68cd,316c9955-daf3ab7116f8e7e7,0.3623931623931624,0.4291497975708502
3ff60986-16a42daeed85665a,f652c678-1e5c9b24a8238616,0.36220472440944884,0.5433070866141733
d0b4b96c-16a42daeed85665a,f652c678-1e5c9b24a8238616,0.36220472440944884,0.5433070866141733
4e58558c-da8b1d30d372a726,fffc11ee-302e373a0cb33770,0.3620689655172414,0.4883720930232558
2bbc6c80-27f3c6b3d16cee39,fffc11ee-302e373a0cb33770,0.3620689655172414,0.4883720930232558
d82fa7e3-433e9d46a5f89b2b,bf85ab7b-08a1d251b6870a86,0.3620309050772627,0.422680412371134
d82fa7e3-782e1e245ba4914a,bf85ab7b-08a1d251b6870a86,0.3620309050772627,0.422680412371134
810fd282-dd9527d444a6fd24,fa1bf524-17fca9779252364b,0.3617021276595745,0.3953488372093023
dcf09f37-13ece273e0e27db3,8ad1ad84-13df7ae5296a31a6,0.3616734143049933,0.73224043715847
3a318b43-5bb701ac24759bf7,1a31f5cb-39a41eeeccf00058,0.36164383561643837,0.4583333333333333
5af25bd7-bab814ae1e80f49c,9069684f-fab714a1fbf680fb,0.3615819209039548,0.4
ef1117e3-d6f7af74c4d51034,7f42483d-cde48ee17e0e67a9,0.3609898107714702,0.36795252225519287
e86eb5b0-1a8cf2ecfad7c1e8,51019113-10b98444e71e1a88,0.3607843137254902,0.4791666666666667
dd5fd2a2-70087dfdcda77065,f652c678-1e5c9b24a8238616,0.36049382716049383,0.48344370860927155
316c9955-daf3ab7116f8e7e7,c9a316ca-74db6370d8bd06f7,0.36046511627906974,0.3668639053254438
16e6d8bb-907dd6e2f702b4fd,dba80ad4-ae4e347ed8aabbed,0.36036036036036034,0.46511627906976744
5a81e159-9a433132fc144213,fd16f5b0-16ab93a1f417d37f,0.35987590486039295,0.7016129032258065
4e58558c-da8b1d30d372a726,e7370eec-40eca4429a61f44d,0.35978835978835977,0.5271317829457365
2bbc6c80-27f3c6b3d16cee39,e7370eec-40eca4429a61f44d,0.35978835978835977,0.5271317829457365
dc575a6c-a26ed2a2fc5d4c8b,48801d9e-411ad98869dfa258,0.35967302452316074,0.5945945945945946
c73cd266-b38a218355e7b6b2,529d9642-6f654ad245282ea1,0.3595505617977528,0.7441860465116279
316c9955-daf3ab7116f8e7e7,8ad1ad84-13df7ae5296a31a6,0.359375,0.47633136094674555
fa1bf524-17fca9779252364b,23cb8587-738b57e1ac344648,0.3593220338983051,0.5196078431372549
bd584714-7b3d562837d0f48d,e48933fa-3aa779d4db1d68cd,0.35910224438902744,0.4675324675324675
c73cd266-b38a218355e7b6b2,c9a316ca-74db6370d8bd06f7,0.35908141962421714,0.6666666666666666
0f3a2acf-de8b309828cb25f4,dba80ad4-ae4e347ed8aabbed,0.35874439461883406,0.45977011494252873
853acff9-f99b0694fe9e5076,d82fa7e3-433e9d46a5f89b2b,0.35802469135802467,0.4461538461538462
853acff9-f99b0694fe9e5076,d82fa7e3-782e1e245ba4914a,0.35802469135802467,0.4461538461538462
5a81e159-9a433132fc144213,424c930b-5d91e2349deb1049,0.3578154425612053,0.38306451612903225
4e58558c-da8b1d30d372a726,cc9230d3-b726b8798d51113b,0.3574144486692015,0.3643410852713178
2bbc6c80-27f3c6b3d16cee39,cc9230d3-b726b8798d51113b,0.3574144486692015,0.3643410852713178
bd584714-7b3d562837d0f48d,e7370eec-40eca4429a61f44d,0.3573200992555831,0.4675324675324675
77ec956f-adf46fc113a7897c,3a318b43-5bb701ac24759bf7,0.35714285714285715,0.5
e7370eec-40eca4429a61f44d,424c930b-5d91e2349deb1049,0.35714285714285715,0.3815261044176707
c73cd266-b38a218355e7b6b2,2ef4c176-53d44a8520e9df9f,0.35714285714285715,0.5038759689922481
ac8ef97c-adf46fc113a7897c,3a318b43-5bb701ac24759bf7,0.35714285714285715,0.5
6255ee79-f5d7770b6e4b664e,529d9642-6f654ad245282ea1,0.35702479338842974,0.54
cbbbed5f-178e7b1f9ffc2019,4e58558c-da8b1d30d372a726,0.3565217391304348,0.40594059405940597
cbbbed5f-178e7b1f9ffc2019,2bbc6c80-27f3c6b3d16cee39,0.3565217391304348,0.40594059405940597
16e6d8bb-907dd6e2f702b4fd,74b5ad88-161f80df7806b869,0.3561643835616438,0.45348837209302323
853acff9-f99b0694fe9e5076,2ef4c176-53d44a8520e9df9f,0.3561643835616438,0.5
866a2d52-6de18ee6eeb5dc4f,d82fa7e3-433e9d46a5f89b2b,0.3558282208588957,0.4393939393939394
866a2d52-6de18ee6eeb5dc4f,d82fa7e3-782e1e245ba4914a,0.3558282208588957,0.4393939393939394
5a81e159-9a433132fc144213,34aa6a45-df3c6d1bcb911d9b,0.3555018137847642,0.592741935483871
929b98f0-7a7a79ac5dcf8e4f,c73cd266-b38a218355e7b6b2,0.35537190082644626,0.3805309734513274
810fd282-dd9527d444a6fd24,dc575a6c-a26ed2a2fc5d4c8b,0.3553299492385787,0.4069767441860465
a5f41b95-157413db377aff65,529d9642-6f654ad245282ea1,0.3552833078101072,0.46774193548387094
853acff9-f99b0694fe9e5076,529d9642-6f654ad245282ea1,0.35514018691588783,0.7307692307692307
9a20c823-2d486e0263a5fc70,529d9642-6f654ad245282ea1,0.35507246376811596,0.6666666666666666
5af25bd7-bab814ae1e80f49c,c73cd266-b38a218355e7b6b2,0.35406698564593303,0.4625
6255ee79-f5d7770b6e4b664e,2ef4c176-53d44a8520e9df9f,0.35402298850574715,0.385
cbbbed5f-178e7b1f9ffc2019,51019113-10b98444e71e1a88,0.35384615384615387,0.45544554455445546
fa1bf524-17fca9779252364b,853acff9-f99b0694fe9e5076,0.35344827586206895,0.4019607843137255
fa1bf524-17fca9779252364b,5289e80a-8eb02c811ad43fdf,0.3534136546184739,0.43137254901960786
8535bdf7-6cda2c5de8bf84c6,03b3c5af-81df5a7511e5027e,0.3525835866261398,0.453125
9069684f-fab714a1fbf680fb,9a20c823-2d486e0263a5fc70,0.3524590163934426,0.44329896907216493
424c930b-5d91e2349deb1049,74f4382e-ad03062b7b759d61,0.35240963855421686,0.4134275618374558
2af19170-ef485115176f5e0b,dcf09f37-13ece273e0e27db3,0.3521594684385382,0.4491525423728814
316c9955-daf3ab7116f8e7e7,45561f1f-b7964ea6fbd32466,0.35192069392812886,0.42011834319526625
6255ee79-f5d7770b6e4b664e,e7370eec-40eca4429a61f44d,0.3518930957683742,0.395
2ef4c176-53d44a8520e9df9f,424c930b-5d91e2349deb1049,0.35135135135135137,0.3872340425531915
dd5fd2a2-70087dfdcda77065,c9a316ca-74db6370d8bd06f7,0.35129740518962077,0.5827814569536424
dc575a6c-a26ed2a2fc5d4c8b,dd5fd2a2-70087dfdcda77065,0.3511450381679389,0.4144144144144144
90b71536-6872ffbba31bf0e8,34aa6a45-df3c6d1bcb911d9b,0.351131221719457,0.3688212927756654
6db218a2-72e0950e970437e8,34aa6a45-df3c6d1bcb911d9b,0.351131221719457,0.3688212927756654
dd5fd2a2-70087dfdcda77065,73f57af1-2e929298364db730,0.35095137420718814,0.5496688741721855
fa1bf524-17fca9779252364b,dcf09f37-13ece273e0e27db3,0.3508771929824561,0.49019607843137253
0f3a2acf-de8b309828cb25f4,4499e3b9-a33dff95453263b5,0.35051546391752575,0.39080459770114945
5af25bd7-bab814ae1e80f49c,d82fa7e3-433e9d46a5f89b2b,0.35036496350364965,0.6
5af25bd7-bab814ae1e80f49c,d82fa7e3-782e1e245ba4914a,0.35036496350364965,0.6
dd5fd2a2-70087dfdcda77065,424c930b-5d91e2349deb1049,0.35023041474654376,0.5033112582781457
4e58558c-da8b1d30d372a726,a5f41b95-157413db377aff65,0.35013262599469497,0.5116279069767442
2bbc6c80-27f3c6b3d16cee39,a5f41b95-157413db377aff65,0.35013262599469497,0.5116279069767442
279e274a-f704a3e547427e9d,34aa6a45-df3c6d1bcb911d9b,0.3501199040767386,0.5725490196078431
929b98f0-7a7a79ac5dcf8e4f,74b5ad88-161f80df7806b869,0.34959349593495936,0.3805309734513274
2ef4c176-53d44a8520e9df9f,45561f1f-b7964ea6fbd32466,0.3494318181818182,0.5234042553191489
9069684f-fab714a1fbf680fb,866a2d52-6de18ee6eeb5dc4f,0.34934497816593885,0.41237113402061853
c9a316ca-74db6370d8bd06f7,54e71b9b-d0923fbd17a74b63,0.34894259818731116,0.66
866a2d52-6de18ee6eeb5dc4f,2ef4c176-53d44a8520e9df9f,0.34877384196185285,0.48484848484848486
fffc11ee-302e373a0cb33770,2ef4c176-53d44a8520e9df9f,0.34801762114537443,0.3607305936073059
6f037b1d-49bff5b33e2e0b80,bf85ab7b-08a1d251b6870a86,0.348,0.36099585062240663
3ff60986-16a42daeed85665a,6f037b1d-49bff5b33e2e0b80,0.34782608695652173,0.5039370078740157
d0b4b96c-16a42daeed85665a,6f037b1d-49bff5b33e2e0b80,0.34782608695652173,0.5039370078740157
1a31f5cb-39a41eeeccf00058,ef1117e3-d6f7af74c4d51034,0.34767025089605735,0.43891402714932126
2c865582-220a82fe684b1508,e7370eec-40eca4429a61f44d,0.3476190476190476,0.4269005847953216
d2eb953e-66ba05ff08de8899,34aa6a45-df3c6d1bcb911d9b,0.3476005188067445,0.6979166666666666
dc575a6c-a26ed2a2fc5d4c8b,6255ee79-f5d7770b6e4b664e,0.34726688102893893,0.4864864864864865
5289e80a-8eb02c811ad43fdf,23cb8587-738b57e1ac344648,0.34705882352941175,0.4013605442176871
3ff60986-16a42daeed85665a,a5f41b95-157413db377aff65,0.3466666666666667,0.5118110236220472
d0b4b96c-16a42daeed85665a,a5f41b95-157413db377aff65,0.3466666666666667,0.5118110236220472
51019113-10b98444e71e1a88,23cb8587-738b57e1ac344648,0.3465909090909091,0.3836477987421384
fffc11ee-302e373a0cb33770,529d9642-6f654ad245282ea1,0.34615384615384615,0.4931506849315068
5289e80a-8eb02c811ad43fdf,c9a316ca-74db6370d8bd06f7,0.3460764587525151,0.5850340136054422
6f037b1d-49bff5b33e2e0b80,316c9955-daf3ab7116f8e7e7,0.3454231433506045,0.4149377593360996
279e274a-f704a3e547427e9d,45561f1f-b7964ea6fbd32466,0.3453038674033149,0.49019607843137253
4e58558c-da8b1d30d372a726,866a2d52-6de18ee6eeb5dc4f,0.3448275862068966,0.3488372093023256
2bbc6c80-27f3c6b3d16cee39,866a2d52-6de18ee6eeb5dc4f,0.3448275862068966,0.3488372093023256
3ff60986-16a42daeed85665a,23cb8587-738b57e1ac344648,0.34375,0.4330708661417323
d0b4b96c-16a42daeed85665a,23cb8587-738b57e1ac344648,0.34375,0.4330708661417323
74b5ad88-161f80df7806b869,23cb8587-738b57e1ac344648,0.34355828220858897,0.42105263157894735
e86eb5b0-1a8cf2ecfad7c1e8,03b3c5af-81df5a7511e5027e,0.3434343434343434,0.53125
5af25bd7-bab814ae1e80f49c,51019113-10b98444e71e1a88,0.34309623430962344,0.5125
c73cd266-b38a218355e7b6b2,48801d9e-411ad98869dfa258,0.34285714285714286,0.5116279069767442
810fd282-dd9527d444a6fd24,4303de0d-f61c80ad0d424346,0.34285714285714286,0.5581395348837209
77ec956f-adf46fc113a7897c,dba80ad4-ae4e347ed8aabbed,0.3425925925925926,0.4625
ac8ef97c-adf46fc113a7897c,dba80ad4-ae4e347ed8aabbed,0.3425925925925926,0.4625
5289e80a-8eb02c811ad43fdf,1a31f5cb-39a41eeeccf00058,0.3423913043478261,0.42857142857142855
853acff9-f99b0694fe9e5076,48801d9e-411ad98869dfa258,0.34196891191709844,0.5076923076923077
9069684f-fab714a1fbf680fb,fa1bf524-17fca9779252364b,0.3417085427135678,0.35051546391752575
0f3a2acf-de8b309828cb25f4,6255ee79-f5d7770b6e4b664e,0.34146341463414637,0.5632183908045977
d2eb953e-66ba05ff08de8899,8ad1ad84-13df7ae5296a31a6,0.3413333333333333,0.6666666666666666
5a81e159-9a433132fc144213,316c9955-daf3ab7116f8e7e7,0.3412969283276451,0.4032258064516129
e86eb5b0-1a8cf2ecfad7c1e8,3ff60986-16a42daeed85665a,0.34080717488789236,0.3958333333333333
e86eb5b0-1a8cf2ecfad7c1e8,d0b4b96c-16a42daeed85665a,0.34080717488789236,0.3958333333333333
dc575a6c-a26ed2a2fc5d4c8b,e48933fa-3aa779d4db1d68cd,0.3407821229050279,0.5495495495495496
4e58558c-da8b1d30d372a726,9a20c823-2d486e0263a5fc70,0.34057971014492755,0.3643410852713178
2bbc6c80-27f3c6b3d16cee39,9a20c823-2d486e0263a5fc70,0.34057971014492755,0.3643410852713178
9069684f-fab714a1fbf680fb,3a318b43-5bb701ac24759bf7,0.34024896265560167,0.422680412371134
2c865582-220a82fe684b1508,2ef4c176-53d44a8520e9df9f,0.3399014778325123,0.40350877192982454
2c865582-220a82fe684b1508,6f037b1d-49bff5b33e2e0b80,0.33980582524271846,0.4093567251461988
5289e80a-8eb02c811ad43fdf,424c930b-5d91e2349deb1049,0.3395348837209302,0.4965986394557823
2af19170-ef485115176f5e0b,bf85ab7b-08a1d251b6870a86,0.3395225464190981,0.5423728813559322
3ff60986-16a42daeed85665a,48801d9e-411ad98869dfa258,0.3394255874673629,0.5118110236220472
d0b4b96c-16a42daeed85665a,48801d9e-411ad98869dfa258,0.3394255874673629,0.5118110236220472
dcf09f37-13ece273e0e27db3,fd16f5b0-16ab93a1f417d37f,0.3392461197339246,0.8360655737704918
316c9955-daf3ab7116f8e7e7,529d9642-6f654ad245282ea1,0.3391655450874832,0.3727810650887574
810fd282-dd9527d444a6fd24,3a318b43-5bb701ac24759bf7,0.3391304347826087,0.45348837209302323
4e58558c-da8b1d30d372a726,279e274a-f704a3e547427e9d,0.3385416666666667,0.5038759689922481
2bbc6c80-27f3c6b3d16cee39,279e274a-f704a3e547427e9d,0.3385416666666667,0.5038759689922481
866a2d52-6de18ee6eeb5dc4f,23cb8587-738b57e1ac344648,0.3384615384615385,0.4166666666666667
74b5ad88-161f80df7806b869,529d9642-6f654ad245282ea1,0.3382899628252788,0.6842105263157895
23cb8587-738b57e1ac344648,8ad1ad84-13df7ae5296a31a6,0.3382157123834887,0.6580310880829016
e7370eec-40eca4429a61f44d,34aa6a45-df3c6d1bcb911d9b,0.33816425120772947,0.5622489959839357
fa1bf524-17fca9779252364b,c73cd266-b38a218355e7b6b2,0.33766233766233766,0.38235294117647056
4e58558c-da8b1d30d372a726,48801d9e-411ad98869dfa258,0.33766233766233766,0.5038759689922481
2bbc6c80-27f3c6b3d16cee39,48801d9e-411ad98869dfa258,0.33766233766233766,0.5038759689922481
424c930b-5d91e2349deb1049,73f57af1-2e929298364db730,0.3371900826446281,0.36042402826855124
48801d9e-411ad98869dfa258,316c9955-daf3ab7116f8e7e7,0.3367003367003367,0.390625
e86eb5b0-1a8cf2ecfad7c1e8,fffc11ee-302e373a0cb33770,0.33650793650793653,0.5520833333333334
9069684f-fab714a1fbf680fb,dcf09f37-13ece273e0e27db3,0.3357142857142857,0.4845360824742268
c9a316ca-74db6370d8bd06f7,90b71536-6872ffbba31bf0e8,0.3356164383561644,0.42
c9a316ca-74db6370d8bd06f7,6db218a2-72e0950e970437e8,0.3356164383561644,0.42
e86eb5b0-1a8cf2ecfad7c1e8,24afd00e-844f1b1251b4e118,0.3355263157894737,0.53125
8535bdf7-6cda2c5de8bf84c6,4303de0d-f61c80ad0d424346,0.33540372670807456,0.421875
9a20c823-2d486e0263a5fc70,6f037b1d-49bff5b33e2e0b80,0.33505154639175255,0.4421768707482993
f652c678-1e5c9b24a8238616,ef1117e3-d6f7af74c4d51034,0.3350253807106599,0.38976377952755903
4e58558c-da8b1d30d372a726,424c930b-5d91e2349deb1049,0.33495145631067963,0.5348837209302325
2bbc6c80-27f3c6b3d16cee39,424c930b-5d91e2349deb1049,0.33495145631067963,0.5348837209302325
23cb8587-738b57e1ac344648,fffc11ee-302e373a0cb33770,0.33495145631067963,0.35751295336787564
d82fa7e3-433e9d46a5f89b2b,f652c678-1e5c9b24a8238616,0.33482142857142855,0.3865979381443299
d82fa7e3-782e1e245ba4914a,f652c678-1e5c9b24a8238616,0.33482142857142855,0.3865979381443299
2c865582-220a82fe684b1508,424c930b-5d91e2349deb1049,0.33480176211453744,0.4444444444444444
16e6d8bb-907dd6e2f702b4fd,5289e80a-8eb02c811ad43fdf,0.33476394849785407,0.45348837209302323
2af19170-ef485115176f5e0b,3ff60986-16a42daeed85665a,0.3346938775510204,0.3474576271186441
2af19170-ef485115176f5e0b,d0b4b96c-16a42daeed85665a,0.3346938775510204,0.3474576271186441
4499e3b9-a33dff95453263b5,3a318b43-5bb701ac24759bf7,0.3346613545816733,0.3925233644859813
03b3c5af-81df5a7511e5027e,8ad1ad84-13df7ae5296a31a6,0.3346508563899868,0.6318407960199005
9069684f-fab714a1fbf680fb,24afd00e-844f1b1251b4e118,0.3344262295081967,0.5257731958762887
2ef4c176-53d44a8520e9df9f,34aa6a45-df3c6d1bcb911d9b,0.33415233415233414,0.5787234042553191
d74028ea-b6daf4d3a6e5f734,fffc11ee-302e373a0cb33770,0.3341404358353511,0.3556701030927835
a5f41b95-157413db377aff65,74f4382e-ad03062b7b759d61,0.3338632750397456,0.42338709677419356
e86eb5b0-1a8cf2ecfad7c1e8,866a2d52-6de18ee6eeb5dc4f,0.3333333333333333,0.3958333333333333
dc575a6c-a26ed2a2fc5d4c8b,2c865582-220a82fe684b1508,0.3333333333333333,0.42342342342342343
d74028ea-b6daf4d3a6e5f734,48801d9e-411ad98869dfa258,0.3333333333333333,0.3865979381443299
c9a316ca-74db6370d8bd06f7,45561f1f-b7964ea6fbd32466,0.3321123321123321,0.38857142857142857
6f037b1d-49bff5b33e2e0b80,424c930b-5d91e2349deb1049,0.3320610687022901,0.36099585062240663
9069684f-fab714a1fbf680fb,424c930b-5d91e2349deb1049,0.33157894736842103,0.6494845360824743
810fd282-dd9527d444a6fd24,cbbbed5f-178e7b1f9ffc2019,0.3315508021390374,0.36046511627906974
c73cd266-b38a218355e7b6b2,1a31f5cb-39a41eeeccf00058,0.3314285714285714,0.4496124031007752
9069684f-fab714a1fbf680fb,e48933fa-3aa779d4db1d68cd,0.3313953488372093,0.5876288659793815
929b98f0-7a7a79ac5dcf8e4f,2c865582-220a82fe684b1508,0.33098591549295775,0.415929203539823
cbbbed5f-178e7b1f9ffc2019,9a20c823-2d486e0263a5fc70,0.33064516129032256,0.40594059405940597
d74028ea-b6daf4d3a6e5f734,529d9642-6f654ad245282ea1,0.330550918196995,0.5103092783505154
fa1bf524-17fca9779252364b,cc9230d3-b726b8798d51113b,0.3305084745762712,0.38235294117647056
853acff9-f99b0694fe9e5076,1a31f5cb-39a41eeeccf00058,0.33048433048433046,0.4461538461538462
dd5fd2a2-70087dfdcda77065,4303de0d-f61c80ad0d424346,0.33043478260869563,0.37748344370860926
e86eb5b0-1a8cf2ecfad7c1e8,8535bdf7-6cda2c5de8bf84c6,0.33035714285714285,0.3854166666666667
d82fa7e3-433e9d46a5f89b2b,5a81e159-9a433132fc144213,0.33031674208144796,0.37628865979381443
d82fa7e3-782e1e245ba4914a,5a81e159-9a433132fc144213,0.33031674208144796,0.37628865979381443
cc9230d3-b726b8798d51113b,23cb8587-738b57e1ac344648,0.3302752293577982,0.40298507462686567
866a2d52-6de18ee6eeb5dc4f,48801d9e-411ad98869dfa258,0.32989690721649484,0.48484848484848486
dc575a6c-a26ed2a2fc5d4c8b,23cb8587-738b57e1ac344648,0.32894736842105265,0.45045045045045046
51019113-10b98444e71e1a88,d82fa7e3-433e9d46a5f89b2b,0.3286118980169972,0.36477987421383645
51019113-10b98444e71e1a88,d82fa7e3-782e1e245ba4914a,0.3286118980169972,0.36477987421383645
6f037b1d-49bff5b33e2e0b80,c9a316ca-74db6370d8bd06f7,0.32825719120135366,0.4024896265560166
ec558d69-a235442f66cc6e23,4499e3b9-a33dff95453263b5,0.3282051282051282,0.36363636363636365
dcf09f37-13ece273e0e27db3,34aa6a45-df3c6d1bcb911d9b,0.32808398950131235,0.6830601092896175
0f3a2acf-de8b309828cb25f4,fa1bf524-17fca9779252364b,0.328042328042328,0.3563218390804598
929b98f0-7a7a79ac5dcf8e4f,6f037b1d-49bff5b33e2e0b80,0.327683615819209,0.5132743362831859
929b98f0-7a7a79ac5dcf8e4f,2ef4c176-53d44a8520e9df9f,0.3275862068965517,0.504424778761062
0f3a2acf-de8b309828cb25f4,4303de0d-f61c80ad0d424346,0.3274021352313167,0.5287356321839081
8535bdf7-6cda2c5de8bf84c6,9a20c823-2d486e0263a5fc70,0.32727272727272727,0.3515625
16e6d8bb-907dd6e2f702b4fd,cc9230d3-b726b8798d51113b,0.32727272727272727,0.4186046511627907
73f57af1-2e929298364db730,316c9955-daf3ab7116f8e7e7,0.32727272727272727,0.33540372670807456
74f4382e-ad03062b7b759d61,34aa6a45-df3c6d1bcb911d9b,0.32708333333333334,0.4120734908136483
fffc11ee-302e373a0cb33770,424c930b-5d91e2349deb1049,0.32669322709163345,0.3744292237442922
853acff9-f99b0694fe9e5076,fffc11ee-302e373a0cb33770,0.32664756446991405,0.43846153846153846
03b3c5af-81df5a7511e5027e,316c9955-daf3ab7116f8e7e7,0.32653061224489793,0.43781094527363185
866a2d52-6de18ee6eeb5dc4f,a5f41b95-157413db377aff65,0.3263157894736842,0.4696969696969697
a5f41b95-157413db377aff65,e7370eec-40eca4429a61f44d,0.32595573440643866,0.32661290322580644
74f4382e-ad03062b7b759d61,8ad1ad84-13df7ae5296a31a6,0.3258785942492013,0.4015748031496063
424c930b-5d91e2349deb1049,ef1117e3-d6f7af74c4d51034,0.3258064516129032,0.3568904593639576
23cb8587-738b57e1ac344648,4303de0d-f61c80ad0d424346,0.32558139534883723,0.32642487046632124
3a318b43-5bb701ac24759bf7,d82fa7e3-433e9d46a5f89b2b,0.3254437869822485,0.3819444444444444
3a318b43-5bb701ac24759bf7,d82fa7e3-782e1e245ba4914a,0.3254437869822485,0.3819444444444444
cc9230d3-b726b8798d51113b,6f037b1d-49bff5b33e2e0b80,0.3253333333333333,0.4552238805970149
51019113-10b98444e71e1a88,34aa6a45-df3c6d1bcb911d9b,0.3252032520325203,0.7547169811320755
16e6d8bb-907dd6e2f702b4fd,dc575a6c-a26ed2a2fc5d4c8b,0.3248730964467005,0.37209302325581395
73f57af1-2e929298364db730,74f4382e-ad03062b7b759d61,0.32432432432432434,0.35403726708074534
2af19170-ef485115176f5e0b,424c930b-5d91e2349deb1049,0.32418952618453867,0.5508474576271186
4303de0d-f61c80ad0d424346,529d9642-6f654ad245282ea1,0.32387312186978295,0.5
03b3c5af-81df5a7511e5027e,fffc11ee-302e373a0cb33770,0.3238095238095238,0.3383084577114428
6f037b1d-49bff5b33e2e0b80,e48933fa-3aa779d4db1d68cd,0.3237704918032787,0.3278008298755187
4e58558c-da8b1d30d372a726,5a81e159-9a433132fc144213,0.32360742705570295,0.4728682170542636
2bbc6c80-27f3c6b3d16cee39,5a81e159-9a433132fc144213,0.32360742705570295,0.4728682170542636
51019113-10b98444e71e1a88,8ad1ad84-13df7ae5296a31a6,0.32357043235704325,0.7295597484276729
bf85ab7b-08a1d251b6870a86,90b71536-6872ffbba31bf0e8,0.3235668789808917,0.49034749034749037
bf85ab7b-08a1d251b6870a86,6db218a2-72e0950e970437e8,0.3235668789808917,0.49034749034749037
bd584714-7b3d562837d0f48d,73f57af1-2e929298364db730,0.3235294117647059,0.5
9a20c823-2d486e0263a5fc70,8ad1ad84-13df7ae5296a31a6,0.32340425531914896,0.7755102040816326
dc575a6c-a26ed2a2fc5d4c8b,73f57af1-2e929298364db730,0.3233256351039261,0.6306306306306306
4499e3b9-a33dff95453263b5,51019113-10b98444e71e1a88,0.3233082706766917,0.40186915887850466
cc9230d3-b726b8798d51113b,d82fa7e3-433e9d46a5f89b2b,0.3231707317073171,0.39552238805970147
cc9230d3-b726b8798d51113b,d82fa7e3-782e1e245ba4914a,0.3231707317073171,0.39552238805970147
dcf09f37-13ece273e0e27db3,ef1117e3-d6f7af74c4d51034,0.3230769230769231,0.45901639344262296
48801d9e-411ad98869dfa258,424c930b-5d91e2349deb1049,0.3228200371057514,0.33984375
51019113-10b98444e71e1a88,529d9642-6f654ad245282ea1,0.32269503546099293,0.5723270440251572
cbbbed5f-178e7b1f9ffc2019,5289e80a-8eb02c811ad43fdf,0.3225806451612903,0.39603960396039606
73f57af1-2e929298364db730,54e71b9b-d0923fbd17a74b63,0.32253086419753085,0.6490683229813664
2ef4c176-53d44a8520e9df9f,e7370eec-40eca4429a61f44d,0.32231404958677684,0.33191489361702126
fa1bf524-17fca9779252364b,51019113-10b98444e71e1a88,0.3218390804597701,0.4117647058823529
4303de0d-f61c80ad0d424346,2ef4c176-53d44a8520e9df9f,0.32167832167832167,0.3556701030927835
4303de0d-f61c80ad0d424346,e7370eec-40eca4429a61f44d,0.32054176072234764,0.36597938144329895
03b3c5af-81df5a7511e5027e,34aa6a45-df3c6d1bcb911d9b,0.32051282051282054,0.6218905472636815
2af19170-ef485115176f5e0b,d74028ea-b6daf4d3a6e5f734,0.32051282051282054,0.423728813559322
23cb8587-738b57e1ac344648,c9a316ca-74db6370d8bd06f7,0.32044198895027626,0.45077720207253885
4499e3b9-a33dff95453263b5,2af19170-ef485115176f5e0b,0.32,0.3364485981308411
fa1bf524-17fca9779252364b,d2eb953e-66ba05ff08de8899,0.3197278911564626,0.46078431372549017
fffc11ee-302e373a0cb33770,316c9955-daf3ab7116f8e7e7,0.31956912028725315,0.4063926940639269
6f037b1d-49bff5b33e2e0b80,f652c678-1e5c9b24a8238616,0.3191919191919192,0.3278008298755187
16e6d8bb-907dd6e2f702b4fd,fa1bf524-17fca9779252364b,0.3191489361702128,0.3488372093023256
fa1bf524-17fca9779252364b,e7370eec-40eca4429a61f44d,0.3190883190883191,0.5490196078431373
9069684f-fab714a1fbf680fb,f652c678-1e5c9b24a8238616,0.3190883190883191,0.5773195876288659
77ec956f-adf46fc113a7897c,3ff60986-16a42daeed85665a,0.3188405797101449,0.4125
77ec956f-adf46fc113a7897c,d0b4b96c-16a42daeed85665a,0.3188405797101449,0.4125
ac8ef97c-adf46fc113a7897c,3ff60986-16a42daeed85665a,0.3188405797101449,0.4125
ac8ef97c-adf46fc113a7897c,d0b4b96c-16a42daeed85665a,0.3188405797101449,0.4125
77ec956f-adf46fc113a7897c,fa1bf524-17fca9779252364b,0.31868131868131866,0.3625
bf85ab7b-08a1d251b6870a86,45561f1f-b7964ea6fbd32466,0.31868131868131866,0.44787644787644787
ac8ef97c-adf46fc113a7897c,fa1bf524-17fca9779252364b,0.31868131868131866,0.3625
6f037b1d-49bff5b33e2e0b80,279e274a-f704a3e547427e9d,0.3185483870967742,0.3278008298755187
dcf09f37-13ece273e0e27db3,d82fa7e3-433e9d46a5f89b2b,0.3183023872679045,0.32786885245901637
dcf09f37-13ece273e0e27db3,d82fa7e3-782e1e245ba4914a,0.3183023872679045,0.32786885245901637
77ec956f-adf46fc113a7897c,e86eb5b0-1a8cf2ecfad7c1e8,0.3181818181818182,0.35
ac8ef97c-adf46fc113a7897c,e86eb5b0-1a8cf2ecfad7c1e8,0.3181818181818182,0.35
529d9642-6f654ad245282ea1,45561f1f-b7964ea6fbd32466,0.3180778032036613,0.3432098765432099
dba80ad4-ae4e347ed8aabbed,5289e80a-8eb02c811ad43fdf,0.31802120141342755,0.33088235294117646
23cb8587-738b57e1ac344648,529d9642-6f654ad245282ea1,0.3177257525083612,0.49222797927461137
2af19170-ef485115176f5e0b,cc9230d3-b726b8798d51113b,0.31746031746031744,0.3389830508474576
bd584714-7b3d562837d0f48d,48801d9e-411ad98869dfa258,0.3170731707317073,0.42207792207792205
3a318b43-5bb701ac24759bf7,51019113-10b98444e71e1a88,0.31683168316831684,0.3333333333333333
929b98f0-7a7a79ac5dcf8e4f,3ff60986-16a42daeed85665a,0.31666666666666665,0.336283185840708
929b98f0-7a7a79ac5dcf8e4f,d0b4b96c-16a42daeed85665a,0.31666666666666665,0.336283185840708
3a318b43-5bb701ac24759bf7,5a81e159-9a433132fc144213,0.3163265306122449,0.4305555555555556
cbbbed5f-178e7b1f9ffc2019,74b5ad88-161f80df7806b869,0.3162393162393162,0.36633663366336633
3a318b43-5bb701ac24759bf7,9a20c823-2d486e0263a5fc70,0.3161512027491409,0.3194444444444444
9069684f-fab714a1fbf680fb,d82fa7e3-433e9d46a5f89b2b,0.3161512027491409,0.4742268041237113
9069684f-fab714a1fbf680fb,d82fa7e3-782e1e245ba4914a,0.3161512027491409,0.4742268041237113
4303de0d-f61c80ad0d424346,48801d9e-411ad98869dfa258,0.31555555555555553,0.36597938144329895
3a318b43-5bb701ac24759bf7,e7370eec-40eca4429a61f44d,0.3155216284987277,0.4305555555555556
929b98f0-7a7a79ac5dcf8e4f,5289e80a-8eb02c811ad43fdf,0.3153846153846154,0.36283185840707965
9a20c823-2d486e0263a5fc70,1a31f5cb-39a41eeeccf00058,0.31521739130434784,0.3945578231292517
bd584714-7b3d562837d0f48d,bf85ab7b-08a1d251b6870a86,0.31476997578692495,0.42207792207792205
6255ee79-f5d7770b6e4b664e,424c930b-5d91e2349deb1049,0.3146997929606625,0.38
3a318b43-5bb701ac24759bf7,23cb8587-738b57e1ac344648,0.314540059347181,0.3680555555555556
9069684f-fab714a1fbf680fb,929b98f0-7a7a79ac5dcf8e4f,0.3142857142857143,0.3402061855670103
5af25bd7-bab814ae1e80f49c,dc575a6c-a26ed2a2fc5d4c8b,0.31413612565445026,0.375
3ff60986-16a42daeed85665a,8535bdf7-6cda2c5de8bf84c6,0.3137254901960784,0.31496062992125984
d0b4b96c-16a42daeed85665a,8535bdf7-6cda2c5de8bf84c6,0.3137254901960784,0.31496062992125984
810fd282-dd9527d444a6fd24,03b3c5af-81df5a7511e5027e,0.313588850174216,0.5232558139534884
8535bdf7-6cda2c5de8bf84c6,51019113-10b98444e71e1a88,0.313588850174216,0.3515625
4e58558c-da8b1d30d372a726,2ef4c176-53d44a8520e9df9f,0.3131868131868132,0.4418604651162791
2bbc6c80-27f3c6b3d16cee39,2ef4c176-53d44a8520e9df9f,0.3131868131868132,0.4418604651162791
2c865582-220a82fe684b1508,8ad1ad84-13df7ae5296a31a6,0.31275720164609055,0.6666666666666666
9069684f-fab714a1fbf680fb,279e274a-f704a3e547427e9d,0.3125,0.5670103092783505
e86eb5b0-1a8cf2ecfad7c1e8,d2eb953e-66ba05ff08de8899,0.3125,0.46875
e48933fa-3aa779d4db1d68cd,74f4382e-ad03062b7b759d61,0.31210191082802546,0.3967611336032389
bf85ab7b-08a1d251b6870a86,ef1117e3-d6f7af74c4d51034,0.31208053691275167,0.3590733590733591
2c865582-220a82fe684b1508,34aa6a45-df3c6d1bcb911d9b,0.312,0.6842105263157895
16e6d8bb-907dd6e2f702b4fd,866a2d52-6de18ee6eeb5dc4f,0.3119266055045872,0.3953488372093023
810fd282-dd9527d444a6fd24,866a2d52-6de18ee6eeb5dc4f,0.3119266055045872,0.3953488372093023
48801d9e-411ad98869dfa258,45561f1f-b7964ea6fbd32466,0.3117241379310345,0.44140625
fffc11ee-302e373a0cb33770,48801d9e-411ad98869dfa258,0.31157894736842107,0.3378995433789954
5af25bd7-bab814ae1e80f49c,f652c678-1e5c9b24a8238616,0.31137724550898205,0.65
929b98f0-7a7a79ac5dcf8e4f,1a31f5cb-39a41eeeccf00058,0.31137724550898205,0.46017699115044247
d74028ea-b6daf4d3a6e5f734,34aa6a45-df3c6d1bcb911d9b,0.31047865459249674,0.6185567010309279
9069684f-fab714a1fbf680fb,23cb8587-738b57e1ac344648,0.3103448275862069,0.4639175257731959
16e6d8bb-907dd6e2f702b4fd,51019113-10b98444e71e1a88,0.31020408163265306,0.4418604651162791
5af25bd7-bab814ae1e80f49c,74b5ad88-161f80df7806b869,0.30985915492957744,0.4125
48801d9e-411ad98869dfa258,90b71536-6872ffbba31bf0e8,0.309462915601023,0.47265625
48801d9e-411ad98869dfa258,6db218a2-72e0950e970437e8,0.309462915601023,0.47265625
cbbbed5f-178e7b1f9ffc2019,866a2d52-6de18ee6eeb5dc4f,0.3090128755364807,0.3564356435643564
810fd282-dd9527d444a6fd24,9a20c823-2d486e0263a5fc70,0.3090128755364807,0.4186046511627907
8535bdf7-6cda2c5de8bf84c6,3a318b43-5bb701ac24759bf7,0.3088235294117647,0.328125
fffc11ee-302e373a0cb33770,f652c678-1e5c9b24a8238616,0.3086680761099366,0.3333333333333333
8535bdf7-6cda2c5de8bf84c6,2ef4c176-53d44a8520e9df9f,0.3085399449035813,0.4375
bd584714-7b3d562837d0f48d,2ef4c176-53d44a8520e9df9f,0.30848329048843187,0.38961038961038963
5a81e159-9a433132fc144213,74f4382e-ad03062b7b759d61,0.30842607313195547,0.3911290322580645
d82fa7e3-433e9d46a5f89b2b,e48933fa-3aa779d4db1d68cd,0.30839002267573695,0.35051546391752575
d82fa7e3-782e1e245ba4914a,e48933fa-3aa779d4db1d68cd,0.30839002267573695,0.35051546391752575
d82fa7e3-433e9d46a5f89b2b,316c9955-daf3ab7116f8e7e7,0.3082706766917293,0.422680412371134
d82fa7e3-782e1e245ba4914a,316c9955-daf3ab7116f8e7e7,0.3082706766917293,0.422680412371134
2ef4c176-53d44a8520e9df9f,fd16f5b0-16ab93a1f417d37f,0.3081761006289308,0.625531914893617
dd5fd2a2-70087dfdcda77065,23cb8587-738b57e1ac344648,0.3081395348837209,0.3509933774834437
c73cd266-b38a218355e7b6b2,6f037b1d-49bff5b33e2e0b80,0.3081081081081081,0.4418604651162791
f652c678-1e5c9b24a8238616,bf85ab7b-08a1d251b6870a86,0.3079922027290448,0.3110236220472441
4303de0d-f61c80ad0d424346,a5f41b95-157413db377aff65,0.3076923076923077,0.35051546391752575
3a318b43-5bb701ac24759bf7,e48933fa-3aa779d4db1d68cd,0.3069053708439898,0.4166666666666667
2af19170-ef485115176f5e0b,1a31f5cb-39a41eeeccf00058,0.30678466076696165,0.4406779661016949
5af25bd7-bab814ae1e80f49c,4303de0d-f61c80ad0d424346,0.30656934306569344,0.525
9069684f-fab714a1fbf680fb,e7370eec-40eca4429a61f44d,0.3063583815028902,0.5463917525773195
cbbbed5f-178e7b1f9ffc2019,fffc11ee-302e373a0cb33770,0.30625,0.48514851485148514
5af25bd7-bab814ae1e80f49c,1a31f5cb-39a41eeeccf00058,0.30564784053156147,0.575
bd584714-7b3d562837d0f48d,c9a316ca-74db6370d8bd06f7,0.3055555555555556,0.5
810fd282-dd9527d444a6fd24,853acff9-f99b0694fe9e5076,0.3055555555555556,0.38372093023255816
e86eb5b0-1a8cf2ecfad7c1e8,4499e3b9-a33dff95453263b5,0.3054187192118227,0.3229166666666667
866a2d52-6de18ee6eeb5dc4f,529d9642-6f654ad245282ea1,0.3054003724394786,0.6212121212121212
853acff9-f99b0694fe9e5076,8ad1ad84-13df7ae5296a31a6,0.30523255813953487,0.8076923076923077
5289e80a-8eb02c811ad43fdf,45561f1f-b7964ea6fbd32466,0.3051948051948052,0.6394557823129252
5289e80a-8eb02c811ad43fdf,316c9955-daf3ab7116f8e7e7,0.30515463917525776,0.5034013605442177
cbbbed5f-178e7b1f9ffc2019,d82fa7e3-433e9d46a5f89b2b,0.3050847457627119,0.44554455445544555
cbbbed5f-178e7b1f9ffc2019,d82fa7e3-782e1e245ba4914a,0.3050847457627119,0.44554455445544555
2af19170-ef485115176f5e0b,dd5fd2a2-70087dfdcda77065,0.3048327137546468,0.3474576271186441
74b5ad88-161f80df7806b869,6f037b1d-49bff5b33e2e0b80,0.3048128342245989,0.42857142857142855
4e58558c-da8b1d30d372a726,c9a316ca-74db6370d8bd06f7,0.3048016701461378,0.5658914728682171
2bbc6c80-27f3c6b3d16cee39,c9a316ca-74db6370d8bd06f7,0.3048016701461378,0.5658914728682171
5af25bd7-bab814ae1e80f49c,853acff9-f99b0694fe9e5076,0.3047619047619048,0.4
e86eb5b0-1a8cf2ecfad7c1e8,5289e80a-8eb02c811ad43fdf,0.3045267489711934,0.3854166666666667
866a2d52-6de18ee6eeb5dc4f,3a318b43-5bb701ac24759bf7,0.30434782608695654,0.3181818181818182
4e58558c-da8b1d30d372a726,316c9955-daf3ab7116f8e7e7,0.30406852248394006,0.5503875968992248
2bbc6c80-27f3c6b3d16cee39,316c9955-daf3ab7116f8e7e7,0.30406852248394006,0.5503875968992248
77ec956f-adf46fc113a7897c,dc575a6c-a26ed2a2fc5d4c8b,0.3036649214659686,0.3625
ac8ef97c-adf46fc113a7897c,dc575a6c-a26ed2a2fc5d4c8b,0.3036649214659686,0.3625
d82fa7e3-433e9d46a5f89b2b,1a31f5cb-39a41eeeccf00058,0.3036144578313253,0.3247422680412371
d82fa7e3-782e1e245ba4914a,1a31f5cb-39a41eeeccf00058,0.3036144578313253,0.3247422680412371
4303de0d-f61c80ad0d424346,6f037b1d-49bff5b33e2e0b80,0.30344827586206896,0.3402061855670103
2af19170-ef485115176f5e0b,51019113-10b98444e71e1a88,0.30324909747292417,0.3559322033898305
24afd00e-844f1b1251b4e118,8ad1ad84-13df7ae5296a31a6,0.3028720626631854,0.5576923076923077
cbbbed5f-178e7b1f9ffc2019,dcf09f37-13ece273e0e27db3,0.3028169014084507,0.42574257425742573
0f3a2acf-de8b309828cb25f4,2c865582-220a82fe684b1508,0.3023255813953488,0.4482758620689655
810fd282-dd9527d444a6fd24,51019113-10b98444e71e1a88,0.3020408163265306,0.43023255813953487
3a318b43-5bb701ac24759bf7,bd584714-7b3d562837d0f48d,0.30201342281879195,0.3125
a5f41b95-157413db377aff65,fd16f5b0-16ab93a1f417d37f,0.3019648397104447,0.5887096774193549
2af19170-ef485115176f5e0b,bd584714-7b3d562837d0f48d,0.3014705882352941,0.3474576271186441
9069684f-fab714a1fbf680fb,5a81e159-9a433132fc144213,0.30144927536231886,0.5360824742268041
0f3a2acf-de8b309828cb25f4,866a2d52-6de18ee6eeb5dc4f,0.3013698630136986,0.3793103448275862
8535bdf7-6cda2c5de8bf84c6,2c865582-220a82fe684b1508,0.3010033444816054,0.3515625
0f3a2acf-de8b309828cb25f4,51019113-10b98444e71e1a88,0.3008130081300813,0.42528735632183906
cc9230d3-b726b8798d51113b,529d9642-6f654ad245282ea1,0.300556586270872,0.6044776119402985
dc575a6c-a26ed2a2fc5d4c8b,279e274a-f704a3e547427e9d,0.3005464480874317,0.4954954954954955
74f4382e-ad03062b7b759d61,54e71b9b-d0923fbd17a74b63,0.2996309963099631,0.5328083989501312
dc575a6c-a26ed2a2fc5d4c8b,424c930b-5d91e2349deb1049,0.29949238578680204,0.5315315315315315
929b98f0-7a7a79ac5dcf8e4f,03b3c5af-81df5a7511e5027e,0.29936305732484075,0.415929203539823
51019113-10b98444e71e1a88,45561f1f-b7964ea6fbd32466,0.29936305732484075,0.5911949685534591
853acff9-f99b0694fe9e5076,316c9955-daf3ab7116f8e7e7,0.29914529914529914,0.5384615384615384
853acff9-f99b0694fe9e5076,34aa6a45-df3c6d1bcb911d9b,0.29901269393511987,0.8153846153846154
90b71536-6872ffbba31bf0e8,fd16f5b0-16ab93a1f417d37f,0.2987951807228916,0.35361216730038025
6db218a2-72e0950e970437e8,fd16f5b0-16ab93a1f417d37f,0.2987951807228916,0.35361216730038025
d2eb953e-66ba05ff08de8899,fd16f5b0-16ab93a1f417d37f,0.29857299670691545,0.7083333333333334
6255ee79-f5d7770b6e4b664e,7f42483d-cde48ee17e0e67a9,0.29818181818181816,0.41
4499e3b9-a33dff95453263b5,8535bdf7-6cda2c5de8bf84c6,0.2978723404255319,0.32710280373831774
279e274a-f704a3e547427e9d,ef1117e3-d6f7af74c4d51034,0.2972972972972973,0.34509803921568627
fa1bf524-17fca9779252364b,5a81e159-9a433132fc144213,0.29714285714285715,0.5098039215686274
3ff60986-16a42daeed85665a,529d9642-6f654ad245282ea1,0.29699248120300753,0.6220472440944882
d0b4b96c-16a42daeed85665a,529d9642-6f654ad245282ea1,0.29699248120300753,0.6220472440944882
2af19170-ef485115176f5e0b,d2eb953e-66ba05ff08de8899,0.2967741935483871,0.3898305084745763
6f037b1d-49bff5b33e2e0b80,baa8e497-4da20547f1da0730,0.2967479674796748,0.3029045643153527
51019113-10b98444e71e1a88,fffc11ee-302e373a0cb33770,0.2962962962962963,0.3522012578616352
74b5ad88-161f80df7806b869,bf85ab7b-08a1d251b6870a86,0.29591836734693877,0.43609022556390975
2af19170-ef485115176f5e0b,e48933fa-3aa779d4db1d68cd,0.2958904109589041,0.4576271186440678
cbbbed5f-178e7b1f9ffc2019,c73cd266-b38a218355e7b6b2,0.2956521739130435,0.33663366336633666
5289e80a-8eb02c811ad43fdf,bf85ab7b-08a1d251b6870a86,0.2955665024630542,0.40816326530612246
9069684f-fab714a1fbf680fb,d74028ea-b6daf4d3a6e5f734,0.29553264604810997,0.44329896907216493
3a318b43-5bb701ac24759bf7,2ef4c176-53d44a8520e9df9f,0.2955145118733509,0.3888888888888889
8535bdf7-6cda2c5de8bf84c6,baa8e497-4da20547f1da0730,0.2955145118733509,0.4375
24afd00e-844f1b1251b4e118,74f4382e-ad03062b7b759d61,0.29541595925297115,0.4182692307692308
9069684f-fab714a1fbf680fb,03b3c5af-81df5a7511e5027e,0.2953020134228188,0.4536082474226804
810fd282-dd9527d444a6fd24,9069684f-fab714a1fbf680fb,0.29508196721311475,0.313953488372093
16e6d8bb-907dd6e2f702b4fd,fffc11ee-302e373a0cb33770,0.29508196721311475,0.5232558139534884
0f3a2acf-de8b309828cb25f4,853acff9-f99b0694fe9e5076,0.29493087557603687,0.367816091954023
1a31f5cb-39a41eeeccf00058,e48933fa-3aa779d4db1d68cd,0.2948717948717949,0.31221719457013575
2af19170-ef485115176f5e0b,2ef4c176-53d44a8520e9df9f,0.29461756373937675,0.4406779661016949
23cb8587-738b57e1ac344648,ef1117e3-d6f7af74c4d51034,0.2943396226415094,0.40414507772020725
9069684f-fab714a1fbf680fb,4499e3b9-a33dff95453263b5,0.29411764705882354,0.30927835051546393
5a81e159-9a433132fc144213,ef1117e3-d6f7af74c4d51034,0.294017094017094,0.3467741935483871
929b98f0-7a7a79ac5dcf8e4f,866a2d52-6de18ee6eeb5dc4f,0.2938775510204082,0.3185840707964602
c73cd266-b38a218355e7b6b2,bf85ab7b-08a1d251b6870a86,0.29381443298969073,0.4418604651162791
bd584714-7b3d562837d0f48d,1a31f5cb-39a41eeeccf00058,0.29333333333333333,0.35714285714285715
4e58558c-da8b1d30d372a726,2c865582-220a82fe684b1508,0.29333333333333333,0.34108527131782945
2bbc6c80-27f3c6b3d16cee39,2c865582-220a82fe684b1508,0.29333333333333333,0.34108527131782945
ec558d69-a235442f66cc6e23,3a318b43-5bb701ac24759bf7,0.29310344827586204,0.38636363636363635
424c930b-5d91e2349deb1049,316c9955-daf3ab7116f8e7e7,0.29307568438003223,0.3215547703180212
77ec956f-adf46fc113a7897c,51019113-10b98444e71e1a88,0.2928870292887029,0.4375
8535bdf7-6cda2c5de8bf84c6,c9a316ca-74db6370d8bd06f7,0.2928870292887029,0.546875
ac8ef97c-adf46fc113a7897c,51019113-10b98444e71e1a88,0.2928870292887029,0.4375
d2eb953e-66ba05ff08de8899,90b71536-6872ffbba31bf0e8,0.2924791086350975,0.546875
d2eb953e-66ba05ff08de8899,6db218a2-72e0950e970437e8,0.2924791086350975,0.546875
e7370eec-40eca4429a61f44d,45561f1f-b7964ea6fbd32466,0.2924791086350975,0.42168674698795183
5af25bd7-bab814ae1e80f49c,866a2d52-6de18ee6eeb5dc4f,0.29245283018867924,0.3875
f652c678-1e5c9b24a8238616,90b71536-6872ffbba31bf0e8,0.2923076923076923,0.44881889763779526
f652c678-1e5c9b24a8238616,6db218a2-72e0950e970437e8,0.2923076923076923,0.44881889763779526
4499e3b9-a33dff95453263b5,03b3c5af-81df5a7511e5027e,0.2922077922077922,0.4205607476635514
cbbbed5f-178e7b1f9ffc2019,1a31f5cb-39a41eeeccf00058,0.2919254658385093,0.46534653465346537
5a81e159-9a433132fc144213,bf85ab7b-08a1d251b6870a86,0.29191321499013806,0.29838709677419356
279e274a-f704a3e547427e9d,bf85ab7b-08a1d251b6870a86,0.2918287937743191,0.29411764705882354
4e58558c-da8b1d30d372a726,1a31f5cb-39a41eeeccf00058,0.2914285714285714,0.3953488372093023
2bbc6c80-27f3c6b3d16cee39,1a31f5cb-39a41eeeccf00058,0.2914285714285714,0.3953488372093023
dc575a6c-a26ed2a2fc5d4c8b,fffc11ee-302e373a0cb33770,0.2909090909090909,0.43243243243243246
73f57af1-2e929298364db730,45561f1f-b7964ea6fbd32466,0.29077117572692796,0.35714285714285715
9069684f-fab714a1fbf680fb,d2eb953e-66ba05ff08de8899,0.2906574394463668,0.4329896907216495
e86eb5b0-1a8cf2ecfad7c1e8,424c930b-5d91e2349deb1049,0.29023746701846964,0.5729166666666666
316c9955-daf3ab7116f8e7e7,34aa6a45-df3c6d1bcb911d9b,0.2900763358778626,0.39349112426035504
c9a316ca-74db6370d8bd06f7,74f4382e-ad03062b7b759d61,0.29001367989056087,0.3028571428571429
529d9642-6f654ad245282ea1,90b71536-6872ffbba31bf0e8,0.2900107411385607,0.3333333333333333
529d9642-6f654ad245282ea1,6db218a2-72e0950e970437e8,0.2900107411385607,0.3333333333333333
2ef4c176-53d44a8520e9df9f,316c9955-daf3ab7116f8e7e7,0.28970331588132636,0.35319148936170214
5289e80a-8eb02c811ad43fdf,fffc11ee-302e373a0cb33770,0.2896174863387978,0.36054421768707484
baa8e497-4da20547f1da0730,f652c678-1e5c9b24a8238616,0.2891089108910891,0.2908366533864542
866a2d52-6de18ee6eeb5dc4f,1a31f5cb-39a41eeeccf00058,0.28895184135977336,0.38636363636363635
dc575a6c-a26ed2a2fc5d4c8b,e7370eec-40eca4429a61f44d,0.28888888888888886,0.46846846846846846
48801d9e-411ad98869dfa258,74f4382e-ad03062b7b759d61,0.28885400313971743,0.359375
2af19170-ef485115176f5e0b,e7370eec-40eca4429a61f44d,0.2888283378746594,0.4491525423728814
7f42483d-cde48ee17e0e67a9,529d9642-6f654ad245282ea1,0.28874172185430463,0.31142857142857144
d74028ea-b6daf4d3a6e5f734,d82fa7e3-433e9d46a5f89b2b,0.28865979381443296,0.28865979381443296
d74028ea-b6daf4d3a6e5f734,d82fa7e3-782e1e245ba4914a,0.28865979381443296,0.28865979381443296
e48933fa-3aa779d4db1d68cd,bf85ab7b-08a1d251b6870a86,0.2885375494071146,0.29554655870445345
fffc11ee-302e373a0cb33770,73f57af1-2e929298364db730,0.28835489833641403,0.3561643835616438
810fd282-dd9527d444a6fd24,dba80ad4-ae4e347ed8aabbed,0.2882882882882883,0.37209302325581395
853acff9-f99b0694fe9e5076,bf85ab7b-08a1d251b6870a86,0.2879177377892031,0.4307692307692308
e48933fa-3aa779d4db1d68cd,ef1117e3-d6f7af74c4d51034,0.2876712328767123,0.340080971659919
5289e80a-8eb02c811ad43fdf,d82fa7e3-433e9d46a5f89b2b,0.2873900293255132,0.3333333333333333
5289e80a-8eb02c811ad43fdf,d82fa7e3-782e1e245ba4914a,0.2873900293255132,0.3333333333333333
d2eb953e-66ba05ff08de8899,ef1117e3-d6f7af74c4d51034,0.28733459357277885,0.3958333333333333
77ec956f-adf46fc113a7897c,c73cd266-b38a218355e7b6b2,0.28708133971291866,0.375
ac8ef97c-adf46fc113a7897c,c73cd266-b38a218355e7b6b2,0.28708133971291866,0.375
e86eb5b0-1a8cf2ecfad7c1e8,dcf09f37-13ece273e0e27db3,0.2867383512544803,0.4166666666666667
74f4382e-ad03062b7b759d61,90b71536-6872ffbba31bf0e8,0.2866593164277839,0.34120734908136485
74f4382e-ad03062b7b759d61,6db218a2-72e0950e970437e8,0.2866593164277839,0.34120734908136485
dba80ad4-ae4e347ed8aabbed,2c865582-220a82fe684b1508,0.28664495114006516,0.3235294117647059
9a20c823-2d486e0263a5fc70,fd16f5b0-16ab93a1f417d37f,0.2863741339491917,0.8435374149659864
279e274a-f704a3e547427e9d,74f4382e-ad03062b7b759d61,0.2861635220125786,0.3568627450980392
853acff9-f99b0694fe9e5076,6f037b1d-49bff5b33e2e0b80,0.2857142857142857,0.4076923076923077
810fd282-dd9527d444a6fd24,d82fa7e3-433e9d46a5f89b2b,0.2857142857142857,0.46511627906976744
810fd282-dd9527d444a6fd24,d82fa7e3-782e1e245ba4914a,0.2857142857142857,0.46511627906976744
3a318b43-5bb701ac24759bf7,279e274a-f704a3e547427e9d,0.2857142857142857,0.3958333333333333
866a2d52-6de18ee6eeb5dc4f,316c9955-daf3ab7116f8e7e7,0.2851063829787234,0.5075757575757576
23cb8587-738b57e1ac344648,34aa6a45-df3c6d1bcb911d9b,0.2849740932642487,0.5699481865284974
5af25bd7-bab814ae1e80f49c,03b3c5af-81df5a7511e5027e,0.2846975088967972,0.5
77ec956f-adf46fc113a7897c,d82fa7e3-433e9d46a5f89b2b,0.2846715328467153,0.4875
77ec956f-adf46fc113a7897c,d82fa7e3-782e1e245ba4914a,0.2846715328467153,0.4875
ac8ef97c-adf46fc113a7897c,d82fa7e3-433e9d46a5f89b2b,0.2846715328467153,0.4875
ac8ef97c-adf46fc113a7897c,d82fa7e3-782e1e245ba4914a,0.2846715328467153,0.4875
d74028ea-b6daf4d3a6e5f734,1a31f5cb-39a41eeeccf00058,0.28433734939759037,0.30412371134020616
23cb8587-738b57e1ac344648,d82fa7e3-433e9d46a5f89b2b,0.2842377260981912,0.2849740932642487
23cb8587-738b57e1ac344648,d82fa7e3-782e1e245ba4914a,0.2842377260981912,0.2849740932642487
fa1bf524-17fca9779252364b,d82fa7e3-433e9d46a5f89b2b,0.28378378378378377,0.4117647058823529
fa1bf524-17fca9779252364b,d82fa7e3-782e1e245ba4914a,0.28378378378378377,0.4117647058823529
a5f41b95-157413db377aff65,ef1117e3-d6f7af74c4d51034,0.28376068376068375,0.3346774193548387
9a20c823-2d486e0263a5fc70,34aa6a45-df3c6d1bcb911d9b,0.2837465564738292,0.7006802721088435
bd584714-7b3d562837d0f48d,279e274a-f704a3e547427e9d,0.28361858190709044,0.37662337662337664
2af19170-ef485115176f5e0b,4e58558c-da8b1d30d372a726,0.2834008097165992,0.2966101694915254
2af19170-ef485115176f5e0b,2bbc6c80-27f3c6b3d16cee39,0.2834008097165992,0.2966101694915254
16e6d8bb-907dd6e2f702b4fd,9a20c823-2d486e0263a5fc70,0.2832618025751073,0.38372093023255816
24afd00e-844f1b1251b4e118,7f42483d-cde48ee17e0e67a9,0.2831541218637993,0.3798076923076923
9069684f-fab714a1fbf680fb,1a31f5cb-39a41eeeccf00058,0.2830188679245283,0.4639175257731959
bd584714-7b3d562837d0f48d,529d9642-6f654ad245282ea1,0.2826475849731664,0.512987012987013
6255ee79-f5d7770b6e4b664e,34aa6a45-df3c6d1bcb911d9b,0.28241335044929394,0.55
16e6d8bb-907dd6e2f702b4fd,f652c678-1e5c9b24a8238616,0.2823529411764706,0.5581395348837209
16e6d8bb-907dd6e2f702b4fd,e48933fa-3aa779d4db1d68cd,0.2822822822822823,0.5465116279069767
0f3a2acf-de8b309828cb25f4,5289e80a-8eb02c811ad43fdf,0.28205128205128205,0.3793103448275862
5af25bd7-bab814ae1e80f49c,9a20c823-2d486e0263a5fc70,0.28193832599118945,0.4
9069684f-fab714a1fbf680fb,4303de0d-f61c80ad0d424346,0.281786941580756,0.422680412371134
1a31f5cb-39a41eeeccf00058,424c930b-5d91e2349deb1049,0.28174603174603174,0.3212669683257919
16e6d8bb-907dd6e2f702b4fd,3ff60986-16a42daeed85665a,0.28169014084507044,0.3488372093023256
16e6d8bb-907dd6e2f702b4fd,d0b4b96c-16a42daeed85665a,0.28169014084507044,0.3488372093023256
2ef4c176-53d44a8520e9df9f,6f037b1d-49bff5b33e2e0b80,0.2815126050420168,0.2851063829787234
5af25bd7-bab814ae1e80f49c,e48933fa-3aa779d4db1d68cd,0.28134556574923547,0.575
fa1bf524-17fca9779252364b,bd584714-7b3d562837d0f48d,0.28125,0.35294117647058826
1a31f5cb-39a41eeeccf00058,45561f1f-b7964ea6fbd32466,0.2811594202898551,0.43891402714932126
23cb8587-738b57e1ac344648,fd16f5b0-16ab93a1f417d37f,0.2807017543859649,0.6632124352331606
24afd00e-844f1b1251b4e118,6f037b1d-49bff5b33e2e0b80,0.2806236080178174,0.30288461538461536
16e6d8bb-907dd6e2f702b4fd,d2eb953e-66ba05ff08de8899,0.2805755395683453,0.45348837209302323
0f3a2acf-de8b309828cb25f4,6f037b1d-49bff5b33e2e0b80,0.2804878048780488,0.5287356321839081
d74028ea-b6daf4d3a6e5f734,6f037b1d-49bff5b33e2e0b80,0.28045977011494255,0.31443298969072164
3ff60986-16a42daeed85665a,3a318b43-5bb701ac24759bf7,0.28044280442804426,0.2992125984251969
d0b4b96c-16a42daeed85665a,3a318b43-5bb701ac24759bf7,0.28044280442804426,0.2992125984251969
fa1bf524-17fca9779252364b,fffc11ee-302e373a0cb33770,0.2803738317757009,0.4411764705882353
1a31f5cb-39a41eeeccf00058,c9a316ca-74db6370d8bd06f7,0.28021015761821366,0.36199095022624433
929b98f0-7a7a79ac5dcf8e4f,4303de0d-f61c80ad0d424346,0.28013029315960913,0.3805309734513274
74f4382e-ad03062b7b759d61,45561f1f-b7964ea6fbd32466,0.28,0.3123359580052493
23cb8587-738b57e1ac344648,6255ee79-f5d7770b6e4b664e,0.27989821882951654,0.2849740932642487
d2eb953e-66ba05ff08de8899,d82fa7e3-433e9d46a5f89b2b,0.27979274611398963,0.28125
d2eb953e-66ba05ff08de8899,d82fa7e3-782e1e245ba4914a,0.27979274611398963,0.28125
929b98f0-7a7a79ac5dcf8e4f,bf85ab7b-08a1d251b6870a86,0.27956989247311825,0.46017699115044247
8535bdf7-6cda2c5de8bf84c6,d74028ea-b6daf4d3a6e5f734,0.2795031055900621,0.3515625
7f42483d-cde48ee17e0e67a9,54e71b9b-d0923fbd17a74b63,0.2794561933534743,0.5285714285714286
2c865582-220a82fe684b1508,d82fa7e3-433e9d46a5f89b2b,0.27945205479452057,0.2982456140350877
2c865582-220a82fe684b1508,d82fa7e3-782e1e245ba4914a,0.27945205479452057,0.2982456140350877
2af19170-ef485115176f5e0b,9a20c823-2d486e0263a5fc70,0.2792452830188679,0.3135593220338983
d2eb953e-66ba05ff08de8899,316c9955-daf3ab7116f8e7e7,0.2792452830188679,0.3854166666666667
dc575a6c-a26ed2a2fc5d4c8b,529d9642-6f654ad245282ea1,0.27906976744186046,0.6486486486486487
fa1bf524-17fca9779252364b,929b98f0-7a7a79ac5dcf8e4f,0.27906976744186046,0.29411764705882354
2af19170-ef485115176f5e0b,fffc11ee-302e373a0cb33770,0.2789317507418398,0.3983050847457627
23cb8587-738b57e1ac344648,316c9955-daf3ab7116f8e7e7,0.2787193973634652,0.38341968911917096
16e6d8bb-907dd6e2f702b4fd,d82fa7e3-433e9d46a5f89b2b,0.2785714285714286,0.45348837209302323
16e6d8bb-907dd6e2f702b4fd,d82fa7e3-782e1e245ba4914a,0.2785714285714286,0.45348837209302323
dc575a6c-a26ed2a2fc5d4c8b,5a81e159-9a433132fc144213,0.2785515320334262,0.45045045045045046
316c9955-daf3ab7116f8e7e7,fd16f5b0-16ab93a1f417d37f,0.2781456953642384,0.4349112426035503
77ec956f-adf46fc113a7897c,4499e3b9-a33dff95453263b5,0.27807486631016043,0.325
ac8ef97c-adf46fc113a7897c,4499e3b9-a33dff95453263b5,0.27807486631016043,0.325
929b98f0-7a7a79ac5dcf8e4f,f652c678-1e5c9b24a8238616,0.2779291553133515,0.45132743362831856
5af25bd7-bab814ae1e80f49c,dba80ad4-ae4e347ed8aabbed,0.2777777777777778,0.375
2af19170-ef485115176f5e0b,c9a316ca-74db6370d8bd06f7,0.2777777777777778,0.5508474576271186
dcf09f37-13ece273e0e27db3,7f42483d-cde48ee17e0e67a9,0.2776735459662289,0.40437158469945356
51019113-10b98444e71e1a88,bf85ab7b-08a1d251b6870a86,0.27751196172248804,0.36477987421383645
316c9955-daf3ab7116f8e7e7,54e71b9b-d0923fbd17a74b63,0.2774390243902439,0.5384615384615384
ef1117e3-d6f7af74c4d51034,34aa6a45-df3c6d1bcb911d9b,0.27729257641921395,0.3768545994065282
baa8e497-4da20547f1da0730,424c930b-5d91e2349deb1049,0.27715355805243447,0.2948207171314741
9069684f-fab714a1fbf680fb,2ef4c176-53d44a8520e9df9f,0.27710843373493976,0.4742268041237113
929b98f0-7a7a79ac5dcf8e4f,9a20c823-2d486e0263a5fc70,0.27692307692307694,0.3185840707964602
bd584714-7b3d562837d0f48d,6255ee79-f5d7770b6e4b664e,0.2768361581920904,0.3181818181818182
1a31f5cb-39a41eeeccf00058,48801d9e-411ad98869dfa258,0.27672955974842767,0.2986425339366516
fffc11ee-302e373a0cb33770,74f4382e-ad03062b7b759d61,0.27666666666666667,0.3789954337899543
9069684f-fab714a1fbf680fb,6255ee79-f5d7770b6e4b664e,0.2760942760942761,0.422680412371134
4499e3b9-a33dff95453263b5,5289e80a-8eb02c811ad43fdf,0.2755905511811024,0.32710280373831774
bd584714-7b3d562837d0f48d,34aa6a45-df3c6d1bcb911d9b,0.2755798090040928,0.6558441558441559
3a318b43-5bb701ac24759bf7,fffc11ee-302e373a0cb33770,0.27548209366391185,0.3472222222222222
424c930b-5d91e2349deb1049,54e71b9b-d0923fbd17a74b63,0.2752585521081941,0.6113074204946997
cc9230d3-b726b8798d51113b,34aa6a45-df3c6d1bcb911d9b,0.27489481065918653,0.7313432835820896
ef1117e3-d6f7af74c4d51034,8ad1ad84-13df7ae5296a31a6,0.2748603351955307,0.3649851632047478
810fd282-dd9527d444a6fd24,5289e80a-8eb02c811ad43fdf,0.27467811158798283,0.37209302325581395
ef1117e3-d6f7af74c4d51034,54e71b9b-d0923fbd17a74b63,0.2745995423340961,0.5341246290801187
cbbbed5f-178e7b1f9ffc2019,bd584714-7b3d562837d0f48d,0.27450980392156865,0.3465346534653465
51019113-10b98444e71e1a88,90b71536-6872ffbba31bf0e8,0.27445255474452557,0.5911949685534591
51019113-10b98444e71e1a88,6db218a2-72e0950e970437e8,0.27445255474452557,0.5911949685534591
8535bdf7-6cda2c5de8bf84c6,6255ee79-f5d7770b6e4b664e,0.27439024390243905,0.3515625
23cb8587-738b57e1ac344648,24afd00e-844f1b1251b4e118,0.2743142144638404,0.2849740932642487
5a81e159-9a433132fc144213,7f42483d-cde48ee17e0e67a9,0.27424749163879597,0.33064516129032256
fffc11ee-302e373a0cb33770,c9a316ca-74db6370d8bd06f7,0.2741652021089631,0.3561643835616438
3a318b43-5bb701ac24759bf7,45561f1f-b7964ea6fbd32466,0.2740619902120718,0.5833333333333334
f652c678-1e5c9b24a8238616,74f4382e-ad03062b7b759d61,0.2740157480314961,0.3425196850393701
279e274a-f704a3e547427e9d,90b71536-6872ffbba31bf0e8,0.2740076824583867,0.4196078431372549
279e274a-f704a3e547427e9d,6db218a2-72e0950e970437e8,0.2740076824583867,0.4196078431372549
d74028ea-b6daf4d3a6e5f734,8ad1ad84-13df7ae5296a31a6,0.27393617021276595,0.5309278350515464
4499e3b9-a33dff95453263b5,cc9230d3-b726b8798d51113b,0.27385892116182575,0.308411214953271
0f3a2acf-de8b309828cb25f4,bd584714-7b3d562837d0f48d,0.27385892116182575,0.3793103448275862
cbbbed5f-178e7b1f9ffc2019,2ef4c176-53d44a8520e9df9f,0.27380952380952384,0.45544554455445546
c73cd266-b38a218355e7b6b2,8ad1ad84-13df7ae5296a31a6,0.27365356622998543,0.7286821705426356
ef1117e3-d6f7af74c4d51034,c9a316ca-74db6370d8bd06f7,0.27365356622998543,0.2789317507418398
51019113-10b98444e71e1a88,316c9955-daf3ab7116f8e7e7,0.27364185110663986,0.4276729559748428
dcf09f37-13ece273e0e27db3,fffc11ee-302e373a0cb33770,0.2736318407960199,0.3005464480874317
929b98f0-7a7a79ac5dcf8e4f,d82fa7e3-433e9d46a5f89b2b,0.2736156351791531,0.37168141592920356
929b98f0-7a7a79ac5dcf8e4f,d82fa7e3-782e1e245ba4914a,0.2736156351791531,0.37168141592920356
77ec956f-adf46fc113a7897c,866a2d52-6de18ee6eeb5dc4f,0.27358490566037735,0.3625
ac8ef97c-adf46fc113a7897c,866a2d52-6de18ee6eeb5dc4f,0.27358490566037735,0.3625
dcf09f37-13ece273e0e27db3,6f037b1d-49bff5b33e2e0b80,0.27358490566037735,0.31693989071038253
866a2d52-6de18ee6eeb5dc4f,6f037b1d-49bff5b33e2e0b80,0.2734584450402145,0.38636363636363635
cc9230d3-b726b8798d51113b,3a318b43-5bb701ac24759bf7,0.2733812949640288,0.2835820895522388
a5f41b95-157413db377aff65,45561f1f-b7964ea6fbd32466,0.2733612273361227,0.3951612903225806
316c9955-daf3ab7116f8e7e7,7f42483d-cde48ee17e0e67a9,0.27325581395348836,0.2781065088757396
3a318b43-5bb701ac24759bf7,6255ee79-f5d7770b6e4b664e,0.27325581395348836,0.3263888888888889
5289e80a-8eb02c811ad43fdf,6f037b1d-49bff5b33e2e0b80,0.27319587628865977,0.36054421768707484
bf85ab7b-08a1d251b6870a86,424c930b-5d91e2349deb1049,0.2730627306273063,0.2857142857142857
2af19170-ef485115176f5e0b,6f037b1d-49bff5b33e2e0b80,0.27298050139275765,0.4152542372881356
2ef4c176-53d44a8520e9df9f,ef1117e3-d6f7af74c4d51034,0.2727272727272727,0.33191489361702126
8535bdf7-6cda2c5de8bf84c6,dba80ad4-ae4e347ed8aabbed,0.2727272727272727,0.28125
74f4382e-ad03062b7b759d61,529d9642-6f654ad245282ea1,0.272264631043257,0.28083989501312334
cc9230d3-b726b8798d51113b,fffc11ee-302e373a0cb33770,0.2719546742209632,0.3582089552238806
1a31f5cb-39a41eeeccf00058,2ef4c176-53d44a8520e9df9f,0.2719298245614035,0.28054298642533937
929b98f0-7a7a79ac5dcf8e4f,279e274a-f704a3e547427e9d,0.2717391304347826,0.4424778761061947
d82fa7e3-433e9d46a5f89b2b,279e274a-f704a3e547427e9d,0.2717149220489978,0.31443298969072164
d82fa7e3-782e1e245ba4914a,279e274a-f704a3e547427e9d,0.2717149220489978,0.31443298969072164
e48933fa-3aa779d4db1d68cd,90b71536-6872ffbba31bf0e8,0.2716688227684347,0.4251012145748988
e48933fa-3aa779d4db1d68cd,6db218a2-72e0950e970437e8,0.2716688227684347,0.4251012145748988
3a318b43-5bb701ac24759bf7,424c930b-5d91e2349deb1049,0.2716627634660422,0.4027777777777778
24afd00e-844f1b1251b4e118,fffc11ee-302e373a0cb33770,0.2716627634660422,0.27884615384615385
51019113-10b98444e71e1a88,fd16f5b0-16ab93a1f417d37f,0.27107061503416857,0.7484276729559748
cc9230d3-b726b8798d51113b,1a31f5cb-39a41eeeccf00058,0.2704225352112676,0.3582089552238806
dba80ad4-ae4e347ed8aabbed,fffc11ee-302e373a0cb33770,0.2704225352112676,0.35294117647058826
fffc11ee-302e373a0cb33770,8ad1ad84-13df7ae5296a31a6,0.2702702702702703,0.4794520547945205
51019113-10b98444e71e1a88,ef1117e3-d6f7af74c4d51034,0.2701612903225806,0.42138364779874216
3ff60986-16a42daeed85665a,1a31f5cb-39a41eeeccf00058,0.27011494252873564,0.3700787401574803
d0b4b96c-16a42daeed85665a,1a31f5cb-39a41eeeccf00058,0.27011494252873564,0.3700787401574803
6f037b1d-49bff5b33e2e0b80,5a81e159-9a433132fc144213,0.26993865030674846,0.27385892116182575
23cb8587-738b57e1ac344648,bf85ab7b-08a1d251b6870a86,0.26991150442477874,0.3160621761658031
e86eb5b0-1a8cf2ecfad7c1e8,23cb8587-738b57e1ac344648,0.2698961937716263,0.40625
853acff9-f99b0694fe9e5076,ef1117e3-d6f7af74c4d51034,0.2698072805139186,0.4846153846153846
3a318b43-5bb701ac24759bf7,316c9955-daf3ab7116f8e7e7,0.2697095435684647,0.4513888888888889
fa1bf524-17fca9779252364b,f652c678-1e5c9b24a8238616,0.2696629213483146,0.47058823529411764
03b3c5af-81df5a7511e5027e,90b71536-6872ffbba31bf0e8,0.2696011004126547,0.48756218905472637
03b3c5af-81df5a7511e5027e,6db218a2-72e0950e970437e8,0.2696011004126547,0.48756218905472637
2af19170-ef485115176f5e0b,03b3c5af-81df5a7511e5027e,0.26959247648902823,0.3644067796610169
5289e80a-8eb02c811ad43fdf,8ad1ad84-13df7ae5296a31a6,0.2695035460992908,0.6462585034013606
8535bdf7-6cda2c5de8bf84c6,bd584714-7b3d562837d0f48d,0.2695035460992908,0.296875
424c930b-5d91e2349deb1049,90b71536-6872ffbba31bf0e8,0.2694684796044499,0.38515901060070673
424c930b-5d91e2349deb1049,6db218a2-72e0950e970437e8,0.2694684796044499,0.38515901060070673
424c930b-5d91e2349deb1049,fd16f5b0-16ab93a1f417d37f,0.2694610778443114,0.47703180212014135
bf85ab7b-08a1d251b6870a86,c9a316ca-74db6370d8bd06f7,0.26929392446633826,0.3166023166023166
2af19170-ef485115176f5e0b,4303de0d-f61c80ad0d424346,0.2692307692307692,0.3559322033898305
cbbbed5f-178e7b1f9ffc2019,4499e3b9-a33dff95453263b5,0.2692307692307692,0.27722772277227725
bd584714-7b3d562837d0f48d,74f4382e-ad03062b7b759d61,0.2691588785046729,0.4675324675324675
6255ee79-f5d7770b6e4b664e,8ad1ad84-13df7ae5296a31a6,0.2691292875989446,0.51
810fd282-dd9527d444a6fd24,fffc11ee-302e373a0cb33770,0.26885245901639343,0.47674418604651164
dba80ad4-ae4e347ed8aabbed,baa8e497-4da20547f1da0730,0.268733850129199,0.38235294117647056
d82fa7e3-433e9d46a5f89b2b,24afd00e-844f1b1251b4e118,0.26865671641791045,0.27835051546391754
d82fa7e3-782e1e245ba4914a,24afd00e-844f1b1251b4e118,0.26865671641791045,0.27835051546391754
3ff60986-16a42daeed85665a,8ad1ad84-13df7ae5296a31a6,0.2686131386861314,0.7244094488188977
d0b4b96c-16a42daeed85665a,8ad1ad84-13df7ae5296a31a6,0.2686131386861314,0.7244094488188977
d82fa7e3-433e9d46a5f89b2b,c9a316ca-74db6370d8bd06f7,0.26838235294117646,0.37628865979381443
d82fa7e3-782e1e245ba4914a,c9a316ca-74db6370d8bd06f7,0.26838235294117646,0.37628865979381443
929b98f0-7a7a79ac5dcf8e4f,6255ee79-f5d7770b6e4b664e,0.268370607028754,0.37168141592920356
dba80ad4-ae4e347ed8aabbed,bf85ab7b-08a1d251b6870a86,0.2683544303797468,0.3897058823529412
e86eb5b0-1a8cf2ecfad7c1e8,e48933fa-3aa779d4db1d68cd,0.26822157434402333,0.4791666666666667
e7370eec-40eca4429a61f44d,54e71b9b-d0923fbd17a74b63,0.26819296811120197,0.6586345381526104
2af19170-ef485115176f5e0b,ef1117e3-d6f7af74c4d51034,0.2681318681318681,0.5169491525423728
0f3a2acf-de8b309828cb25f4,fffc11ee-302e373a0cb33770,0.2679738562091503,0.47126436781609193
4499e3b9-a33dff95453263b5,9a20c823-2d486e0263a5fc70,0.2677165354330709,0.3177570093457944
16e6d8bb-907dd6e2f702b4fd,dcf09f37-13ece273e0e27db3,0.26765799256505574,0.4186046511627907
d2eb953e-66ba05ff08de8899,fffc11ee-302e373a0cb33770,0.26763990267639903,0.2864583333333333
dba80ad4-ae4e347ed8aabbed,03b3c5af-81df5a7511e5027e,0.26706231454005935,0.33088235294117646
6f037b1d-49bff5b33e2e0b80,74f4382e-ad03062b7b759d61,0.26688102893890675,0.34439834024896265
24afd00e-844f1b1251b4e118,34aa6a45-df3c6d1bcb911d9b,0.2668360864040661,0.5048076923076923
4303de0d-f61c80ad0d424346,34aa6a45-df3c6d1bcb911d9b,0.2664941785252264,0.5309278350515464
fa1bf524-17fca9779252364b,1a31f5cb-39a41eeeccf00058,0.26625386996904027,0.4215686274509804
4e58558c-da8b1d30d372a726,d82fa7e3-433e9d46a5f89b2b,0.26625386996904027,0.3333333333333333
2bbc6c80-27f3c6b3d16cee39,d82fa7e3-433e9d46a5f89b2b,0.26625386996904027,0.3333333333333333
4e58558c-da8b1d30d372a726,d82fa7e3-782e1e245ba4914a,0.26625386996904027,0.3333333333333333
2bbc6c80-27f3c6b3d16cee39,d82fa7e3-782e1e245ba4914a,0.26625386996904027,0.3333333333333333
9069684f-fab714a1fbf680fb,dd5fd2a2-70087dfdcda77065,0.2661290322580645,0.3402061855670103
4303de0d-f61c80ad0d424346,8ad1ad84-13df7ae5296a31a6,0.26595744680851063,0.5154639175257731
77ec956f-adf46fc113a7897c,1a31f5cb-39a41eeeccf00058,0.26578073089701,0.5
ac8ef97c-adf46fc113a7897c,1a31f5cb-39a41eeeccf00058,0.26578073089701,0.5
8535bdf7-6cda2c5de8bf84c6,6f037b1d-49bff5b33e2e0b80,0.26558265582655827,0.3828125
fa1bf524-17fca9779252364b,9a20c823-2d486e0263a5fc70,0.26506024096385544,0.3235294117647059
1a31f5cb-39a41eeeccf00058,90b71536-6872ffbba31bf0e8,0.26506024096385544,0.4479638009049774
1a31f5cb-39a41eeeccf00058,6db218a2-72e0950e970437e8,0.26506024096385544,0.4479638009049774
e86eb5b0-1a8cf2ecfad7c1e8,1a31f5cb-39a41eeeccf00058,0.26498422712933756,0.4375
03b3c5af-81df5a7511e5027e,7f42483d-cde48ee17e0e67a9,0.26497277676951,0.36318407960199006
4499e3b9-a33dff95453263b5,3ff60986-16a42daeed85665a,0.26495726495726496,0.2897196261682243
0f3a2acf-de8b309828cb25f4,9a20c823-2d486e0263a5fc70,0.26495726495726496,0.3563218390804598
fffc11ee-302e373a0cb33770,e7370eec-40eca4429a61f44d,0.26495726495726496,0.2831050228310502
4499e3b9-a33dff95453263b5,d0b4b96c-16a42daeed85665a,0.26495726495726496,0.2897196261682243
5af25bd7-bab814ae1e80f49c,d2eb953e-66ba05ff08de8899,0.2647058823529412,0.45
d74028ea-b6daf4d3a6e5f734,7f42483d-cde48ee17e0e67a9,0.2647058823529412,0.3711340206185567
77ec956f-adf46fc113a7897c,5289e80a-8eb02c811ad43fdf,0.2643171806167401,0.375
ac8ef97c-adf46fc113a7897c,5289e80a-8eb02c811ad43fdf,0.2643171806167401,0.375
316c9955-daf3ab7116f8e7e7,90b71536-6872ffbba31bf0e8,0.2638888888888889,0.33727810650887574
316c9955-daf3ab7116f8e7e7,6db218a2-72e0950e970437e8,0.2638888888888889,0.33727810650887574
fa1bf524-17fca9779252364b,74b5ad88-161f80df7806b869,0.26382978723404255,0.30392156862745096
e48933fa-3aa779d4db1d68cd,54e71b9b-d0923fbd17a74b63,0.26371826371826373,0.6518218623481782
ec558d69-a235442f66cc6e23,866a2d52-6de18ee6eeb5dc4f,0.2636363636363636,0.32954545454545453
a5f41b95-157413db377aff65,90b71536-6872ffbba31bf0e8,0.26356589147286824,0.4112903225806452
a5f41b95-157413db377aff65,6db218a2-72e0950e970437e8,0.26356589147286824,0.4112903225806452
0f3a2acf-de8b309828cb25f4,d82fa7e3-433e9d46a5f89b2b,0.26334519572953735,0.42528735632183906
0f3a2acf-de8b309828cb25f4,d82fa7e3-782e1e245ba4914a,0.26334519572953735,0.42528735632183906
cbbbed5f-178e7b1f9ffc2019,6f037b1d-49bff5b33e2e0b80,0.2631578947368421,0.44554455445544555
48801d9e-411ad98869dfa258,ef1117e3-d6f7af74c4d51034,0.2630691399662732,0.3046875
ec558d69-a235442f66cc6e23,03b3c5af-81df5a7511e5027e,0.2629757785467128,0.4318181818181818
e86eb5b0-1a8cf2ecfad7c1e8,f652c678-1e5c9b24a8238616,0.26285714285714284,0.4791666666666667
2ef4c176-53d44a8520e9df9f,90b71536-6872ffbba31bf0e8,0.2628120893561104,0.425531914893617
2ef4c176-53d44a8520e9df9f,6db218a2-72e0950e970437e8,0.2628120893561104,0.425531914893617
853acff9-f99b0694fe9e5076,3a318b43-5bb701ac24759bf7,0.26277372262773724,0.27692307692307694
cc9230d3-b726b8798d51113b,316c9955-daf3ab7116f8e7e7,0.2627118644067797,0.4626865671641791
e86eb5b0-1a8cf2ecfad7c1e8,316c9955-daf3ab7116f8e7e7,0.2626728110599078,0.59375
2ef4c176-53d44a8520e9df9f,8ad1ad84-13df7ae5296a31a6,0.26229508196721313,0.4425531914893617
2af19170-ef485115176f5e0b,5a81e159-9a433132fc144213,0.26229508196721313,0.4067796610169492
9069684f-fab714a1fbf680fb,316c9955-daf3ab7116f8e7e7,0.2620689655172414,0.5876288659793815
baa8e497-4da20547f1da0730,ef1117e3-d6f7af74c4d51034,0.2619047619047619,0.30677290836653387
73f57af1-2e929298364db730,90b71536-6872ffbba31bf0e8,0.2617924528301887,0.3447204968944099
73f57af1-2e929298364db730,6db218a2-72e0950e970437e8,0.2617924528301887,0.3447204968944099
16e6d8bb-907dd6e2f702b4fd,2ef4c176-53d44a8520e9df9f,0.2616822429906542,0.4883720930232558
3ff60986-16a42daeed85665a,d82fa7e3-433e9d46a5f89b2b,0.2616822429906542,0.33070866141732286
3ff60986-16a42daeed85665a,d82fa7e3-782e1e245ba4914a,0.2616822429906542,0.33070866141732286
d0b4b96c-16a42daeed85665a,d82fa7e3-433e9d46a5f89b2b,0.2616822429906542,0.33070866141732286
d0b4b96c-16a42daeed85665a,d82fa7e3-782e1e245ba4914a,0.2616822429906542,0.33070866141732286
fffc11ee-302e373a0cb33770,45561f1f-b7964ea6fbd32466,0.2616279069767442,0.410958904109589
853acff9-f99b0694fe9e5076,fd16f5b0-16ab93a1f417d37f,0.26148409893992935,0.8538461538461538
74b5ad88-161f80df7806b869,fffc11ee-302e373a0cb33770,0.26136363636363635,0.3458646616541353
5af25bd7-bab814ae1e80f49c,3ff60986-16a42daeed85665a,0.2608695652173913,0.3375
5af25bd7-bab814ae1e80f49c,d0b4b96c-16a42daeed85665a,0.2608695652173913,0.3375
03b3c5af-81df5a7511e5027e,bf85ab7b-08a1d251b6870a86,0.2608695652173913,0.29850746268656714
03b3c5af-81df5a7511e5027e,fd16f5b0-16ab93a1f417d37f,0.2608695652173913,0.5970149253731343
dd5fd2a2-70087dfdcda77065,2c865582-220a82fe684b1508,0.2608695652173913,0.2781456953642384
e86eb5b0-1a8cf2ecfad7c1e8,e7370eec-40eca4429a61f44d,0.2608695652173913,0.46875
3a318b43-5bb701ac24759bf7,03b3c5af-81df5a7511e5027e,0.2608695652173913,0.3125
16e6d8bb-907dd6e2f702b4fd,c73cd266-b38a218355e7b6b2,0.26046511627906976,0.32558139534883723
2c865582-220a82fe684b1508,529d9642-6f654ad245282ea1,0.2604166666666667,0.43859649122807015
dc575a6c-a26ed2a2fc5d4c8b,c9a316ca-74db6370d8bd06f7,0.2603036876355748,0.5405405405405406
dd5fd2a2-70087dfdcda77065,34aa6a45-df3c6d1bcb911d9b,0.2602739726027397,0.6291390728476821
1a31f5cb-39a41eeeccf00058,5a81e159-9a433132fc144213,0.2601279317697228,0.27601809954751133
4e58558c-da8b1d30d372a726,34aa6a45-df3c6d1bcb911d9b,0.2598870056497175,0.7131782945736435
2bbc6c80-27f3c6b3d16cee39,34aa6a45-df3c6d1bcb911d9b,0.2598870056497175,0.7131782945736435
2ef4c176-53d44a8520e9df9f,74f4382e-ad03062b7b759d61,0.2597402597402597,0.3404255319148936
3a318b43-5bb701ac24759bf7,6f037b1d-49bff5b33e2e0b80,0.2597402597402597,0.3472222222222222
9a20c823-2d486e0263a5fc70,45561f1f-b7964ea6fbd32466,0.2597402597402597,0.54421768707483
dd5fd2a2-70087dfdcda77065,fffc11ee-302e373a0cb33770,0.2594594594594595,0.31788079470198677
4499e3b9-a33dff95453263b5,866a2d52-6de18ee6eeb5dc4f,0.2594142259414226,0.2897196261682243
2ef4c176-53d44a8520e9df9f,bf85ab7b-08a1d251b6870a86,0.2591093117408907,0.2723404255319149
73f57af1-2e929298364db730,7f42483d-cde48ee17e0e67a9,0.25892857142857145,0.2701863354037267
cbbbed5f-178e7b1f9ffc2019,23cb8587-738b57e1ac344648,0.2585034013605442,0.37623762376237624
74b5ad88-161f80df7806b869,34aa6a45-df3c6d1bcb911d9b,0.25842696629213485,0.6917293233082706
4e58558c-da8b1d30d372a726,529d9642-6f654ad245282ea1,0.25842696629213485,0.5348837209302325
2bbc6c80-27f3c6b3d16cee39,529d9642-6f654ad245282ea1,0.25842696629213485,0.5348837209302325
fa1bf524-17fca9779252364b,4499e3b9-a33dff95453263b5,0.2583732057416268,0.2647058823529412
3a318b43-5bb701ac24759bf7,bf85ab7b-08a1d251b6870a86,0.25806451612903225,0.3611111111111111
16e6d8bb-907dd6e2f702b4fd,279e274a-f704a3e547427e9d,0.25806451612903225,0.5116279069767442
866a2d52-6de18ee6eeb5dc4f,8ad1ad84-13df7ae5296a31a6,0.2579710144927536,0.6742424242424242
16e6d8bb-907dd6e2f702b4fd,03b3c5af-81df5a7511e5027e,0.2578397212543554,0.43023255813953487
3ff60986-16a42daeed85665a,34aa6a45-df3c6d1bcb911d9b,0.2577903682719547,0.7165354330708661
d0b4b96c-16a42daeed85665a,34aa6a45-df3c6d1bcb911d9b,0.2577903682719547,0.7165354330708661
0f3a2acf-de8b309828cb25f4,24afd00e-844f1b1251b4e118,0.2576271186440678,0.4367816091954023
4499e3b9-a33dff95453263b5,bf85ab7b-08a1d251b6870a86,0.2568306010928962,0.4392523364485981
dcf09f37-13ece273e0e27db3,90b71536-6872ffbba31bf0e8,0.2566995768688293,0.4972677595628415
dcf09f37-13ece273e0e27db3,6db218a2-72e0950e970437e8,0.2566995768688293,0.4972677595628415
fffc11ee-302e373a0cb33770,6f037b1d-49bff5b33e2e0b80,0.2565217391304348,0.2694063926940639
fa1bf524-17fca9779252364b,866a2d52-6de18ee6eeb5dc4f,0.2564102564102564,0.29411764705882354
dba80ad4-ae4e347ed8aabbed,f652c678-1e5c9b24a8238616,0.2564102564102564,0.36764705882352944
9a20c823-2d486e0263a5fc70,baa8e497-4da20547f1da0730,0.2562814070351759,0.3469387755102041
23cb8587-738b57e1ac344648,1a31f5cb-39a41eeeccf00058,0.2560386473429952,0.27461139896373055
866a2d52-6de18ee6eeb5dc4f,34aa6a45-df3c6d1bcb911d9b,0.2559774964838256,0.6893939393939394
8535bdf7-6cda2c5de8bf84c6,5a81e159-9a433132fc144213,0.2553191489361702,0.375
929b98f0-7a7a79ac5dcf8e4f,5a81e159-9a433132fc144213,0.2548476454293629,0.40707964601769914
2af19170-ef485115176f5e0b,baa8e497-4da20547f1da0730,0.25474254742547425,0.3983050847457627
fffc11ee-302e373a0cb33770,1a31f5cb-39a41eeeccf00058,0.2545454545454545,0.2557077625570776
9069684f-fab714a1fbf680fb,6f037b1d-49bff5b33e2e0b80,0.25443786982248523,0.44329896907216493
279e274a-f704a3e547427e9d,54e71b9b-d0923fbd17a74b63,0.25386493083807976,0.611764705882353
03b3c5af-81df5a7511e5027e,45561f1f-b7964ea6fbd32466,0.2537313432835821,0.4228855721393035
a5f41b95-157413db377aff65,54e71b9b-d0923fbd17a74b63,0.25368248772504093,0.625
cbbbed5f-178e7b1f9ffc2019,f652c678-1e5c9b24a8238616,0.2535211267605634,0.44554455445544555
d82fa7e3-433e9d46a5f89b2b,54e71b9b-d0923fbd17a74b63,0.2534246575342466,0.7628865979381443
d82fa7e3-782e1e245ba4914a,54e71b9b-d0923fbd17a74b63,0.2534246575342466,0.7628865979381443
4e58558c-da8b1d30d372a726,8ad1ad84-13df7ae5296a31a6,0.25327510917030566,0.6744186046511628
2bbc6c80-27f3c6b3d16cee39,8ad1ad84-13df7ae5296a31a6,0.25327510917030566,0.6744186046511628
24afd00e-844f1b1251b4e118,ef1117e3-d6f7af74c4d51034,0.25321100917431194,0.3317307692307692
bd584714-7b3d562837d0f48d,6f037b1d-49bff5b33e2e0b80,0.25316455696202533,0.3246753246753247
dba80ad4-ae4e347ed8aabbed,424c930b-5d91e2349deb1049,0.2529832935560859,0.3897058823529412
866a2d52-6de18ee6eeb5dc4f,45561f1f-b7964ea6fbd32466,0.2529118136439268,0.5757575757575758
baa8e497-4da20547f1da0730,c9a316ca-74db6370d8bd06f7,0.2529118136439268,0.30278884462151395
cbbbed5f-178e7b1f9ffc2019,279e274a-f704a3e547427e9d,0.25280898876404495,0.44554455445544555
24afd00e-844f1b1251b4e118,316c9955-daf3ab7116f8e7e7,0.25274725274725274,0.3317307692307692
fa1bf524-17fca9779252364b,8535bdf7-6cda2c5de8bf84c6,0.25217391304347825,0.28431372549019607
fa1bf524-17fca9779252364b,e48933fa-3aa779d4db1d68cd,0.2521489971346705,0.43137254901960786
bf85ab7b-08a1d251b6870a86,8ad1ad84-13df7ae5296a31a6,0.2521419828641371,0.39768339768339767
bd584714-7b3d562837d0f48d,316c9955-daf3ab7116f8e7e7,0.25203252032520324,0.4025974025974026
8535bdf7-6cda2c5de8bf84c6,cc9230d3-b726b8798d51113b,0.25190839694656486,0.2578125
6255ee79-f5d7770b6e4b664e,1a31f5cb-39a41eeeccf00058,0.2517814726840855,0.265
cc9230d3-b726b8798d51113b,8ad1ad84-13df7ae5296a31a6,0.2514450867052023,0.6492537313432836
7f42483d-cde48ee17e0e67a9,c9a316ca-74db6370d8bd06f7,0.25142857142857145,0.25142857142857145
9a20c823-2d486e0263a5fc70,fffc11ee-302e373a0cb33770,0.25136612021857924,0.3129251700680272
dc575a6c-a26ed2a2fc5d4c8b,3a318b43-5bb701ac24759bf7,0.25098039215686274,0.2882882882882883
866a2d52-6de18ee6eeb5dc4f,fffc11ee-302e373a0cb33770,0.25071225071225073,0.3333333333333333
dc575a6c-a26ed2a2fc5d4c8b,a5f41b95-157413db377aff65,0.25069637883008355,0.40540540540540543
5a81e159-9a433132fc144213,90b71536-6872ffbba31bf0e8,0.25064599483204136,0.3911290322580645
5a81e159-9a433132fc144213,6db218a2-72e0950e970437e8,0.25064599483204136,0.3911290322580645
24afd00e-844f1b1251b4e118,fd16f5b0-16ab93a1f417d37f,0.25026968716289105,0.5576923076923077
929b98f0-7a7a79ac5dcf8e4f,dcf09f37-13ece273e0e27db3,0.25,0.3274336283185841
ef1117e3-d6f7af74c4d51034,fd16f5b0-16ab93a1f417d37f,0.25,0.3916913946587537
fa1bf524-17fca9779252364b,73f57af1-2e929298364db730,0.25,0.5196078431372549
8535bdf7-6cda2c5de8bf84c6,48801d9e-411ad98869dfa258,0.25,0.375
16e6d8bb-907dd6e2f702b4fd,4303de0d-f61c80ad0d424346,0.25,0.4069767441860465
dba80ad4-ae4e347ed8aabbed,5a81e159-9a433132fc144213,0.25,0.35294117647058826
4303de0d-f61c80ad0d424346,fd16f5b0-16ab93a1f417d37f,0.2497261774370208,0.5876288659793815
6255ee79-f5d7770b6e4b664e,6f037b1d-49bff5b33e2e0b80,0.2494331065759637,0.275
cc9230d3-b726b8798d51113b,bf85ab7b-08a1d251b6870a86,0.24936386768447838,0.3656716417910448
4e58558c-da8b1d30d372a726,6255ee79-f5d7770b6e4b664e,0.24924012158054712,0.3178294573643411
2bbc6c80-27f3c6b3d16cee39,6255ee79-f5d7770b6e4b664e,0.24924012158054712,0.3178294573643411
3a318b43-5bb701ac24759bf7,73f57af1-2e929298364db730,0.24892703862660945,0.4027777777777778
03b3c5af-81df5a7511e5027e,6f037b1d-49bff5b33e2e0b80,0.248868778280543,0.2736318407960199
74b5ad88-161f80df7806b869,1a31f5cb-39a41eeeccf00058,0.24858757062146894,0.3308270676691729
48801d9e-411ad98869dfa258,bf85ab7b-08a1d251b6870a86,0.24854368932038834,0.25
9069684f-fab714a1fbf680fb,73f57af1-2e929298364db730,0.24821002386634844,0.5360824742268041
3a318b43-5bb701ac24759bf7,baa8e497-4da20547f1da0730,0.2481012658227848,0.3402777777777778
d82fa7e3-433e9d46a5f89b2b,73f57af1-2e929298364db730,0.24806201550387597,0.32989690721649484
d82fa7e3-782e1e245ba4914a,73f57af1-2e929298364db730,0.24806201550387597,0.32989690721649484
9a20c823-2d486e0263a5fc70,ef1117e3-d6f7af74c4d51034,0.24793388429752067,0.40816326530612246
ec558d69-a235442f66cc6e23,853acff9-f99b0694fe9e5076,0.24770642201834864,0.3068181818181818
3a318b43-5bb701ac24759bf7,74f4382e-ad03062b7b759d61,0.24761904761904763,0.4513888888888889
3a318b43-5bb701ac24759bf7,2c865582-220a82fe684b1508,0.24761904761904763,0.2708333333333333
16e6d8bb-907dd6e2f702b4fd,1a31f5cb-39a41eeeccf00058,0.247557003257329,0.4418604651162791
03b3c5af-81df5a7511e5027e,74f4382e-ad03062b7b759d61,0.24742268041237114,0.3582089552238806
d74028ea-b6daf4d3a6e5f734,90b71536-6872ffbba31bf0e8,0.24722222222222223,0.4587628865979381
d74028ea-b6daf4d3a6e5f734,6db218a2-72e0950e970437e8,0.24722222222222223,0.4587628865979381
bd584714-7b3d562837d0f48d,45561f1f-b7964ea6fbd32466,0.24719101123595505,0.5
d82fa7e3-433e9d46a5f89b2b,74f4382e-ad03062b7b759d61,0.24695652173913044,0.36597938144329895
d82fa7e3-782e1e245ba4914a,74f4382e-ad03062b7b759d61,0.24695652173913044,0.36597938144329895
9069684f-fab714a1fbf680fb,2c865582-220a82fe684b1508,0.2462686567164179,0.3402061855670103
8535bdf7-6cda2c5de8bf84c6,866a2d52-6de18ee6eeb5dc4f,0.24615384615384617,0.25
74b5ad88-161f80df7806b869,8ad1ad84-13df7ae5296a31a6,0.2460202604920405,0.6390977443609023
2af19170-ef485115176f5e0b,a5f41b95-157413db377aff65,0.2459016393442623,0.3813559322033898
4499e3b9-a33dff95453263b5,c73cd266-b38a218355e7b6b2,0.2457627118644068,0.27102803738317754
dcf09f37-13ece273e0e27db3,316c9955-daf3ab7116f8e7e7,0.2456813819577735,0.34972677595628415
2af19170-ef485115176f5e0b,316c9955-daf3ab7116f8e7e7,0.24561403508771928,0.4745762711864407
dd5fd2a2-70087dfdcda77065,8ad1ad84-13df7ae5296a31a6,0.2454160789844852,0.5761589403973509
2af19170-ef485115176f5e0b,24afd00e-844f1b1251b4e118,0.24539877300613497,0.3389830508474576
8535bdf7-6cda2c5de8bf84c6,74b5ad88-161f80df7806b869,0.24521072796934865,0.25
5289e80a-8eb02c811ad43fdf,34aa6a45-df3c6d1bcb911d9b,0.24517906336088155,0.6054421768707483
3a318b43-5bb701ac24759bf7,48801d9e-411ad98869dfa258,0.245,0.3402777777777778
16e6d8bb-907dd6e2f702b4fd,6255ee79-f5d7770b6e4b664e,0.24475524475524477,0.4069767441860465
2af19170-ef485115176f5e0b,529d9642-6f654ad245282ea1,0.2447418738049713,0.5423728813559322
23cb8587-738b57e1ac344648,45561f1f-b7964ea6fbd32466,0.24471299093655588,0.41968911917098445
4499e3b9-a33dff95453263b5,2c865582-220a82fe684b1508,0.2446043165467626,0.3177570093457944
baa8e497-4da20547f1da0730,90b71536-6872ffbba31bf0e8,0.24453024453024452,0.3784860557768924
baa8e497-4da20547f1da0730,6db218a2-72e0950e970437e8,0.24453024453024452,0.3784860557768924
f652c678-1e5c9b24a8238616,54e71b9b-d0923fbd17a74b63,0.24429967426710097,0.5905511811023622
77ec956f-adf46fc113a7897c,74b5ad88-161f80df7806b869,0.24413145539906103,0.325
ac8ef97c-adf46fc113a7897c,74b5ad88-161f80df7806b869,0.24413145539906103,0.325
1a31f5cb-39a41eeeccf00058,8ad1ad84-13df7ae5296a31a6,0.24390243902439024,0.4298642533936652
2c865582-220a82fe684b1508,45561f1f-b7964ea6fbd32466,0.24375,0.45614035087719296
d2eb953e-66ba05ff08de8899,7f42483d-cde48ee17e0e67a9,0.24354243542435425,0.34375
ec558d69-a235442f66cc6e23,cbbbed5f-178e7b1f9ffc2019,0.24338624338624337,0.26136363636363635
5af25bd7-bab814ae1e80f49c,dcf09f37-13ece273e0e27db3,0.24334600760456274,0.4
c73cd266-b38a218355e7b6b2,34aa6a45-df3c6d1bcb911d9b,0.24293785310734464,0.6666666666666666
d82fa7e3-433e9d46a5f89b2b,2ef4c176-53d44a8520e9df9f,0.24242424242424243,0.26804123711340205
d82fa7e3-782e1e245ba4914a,2ef4c176-53d44a8520e9df9f,0.24242424242424243,0.26804123711340205
d2eb953e-66ba05ff08de8899,1a31f5cb-39a41eeeccf00058,0.24213075060532688,0.2604166666666667
0f3a2acf-de8b309828cb25f4,d74028ea-b6daf4d3a6e5f734,0.24199288256227758,0.39080459770114945
5af25bd7-bab814ae1e80f49c,bf85ab7b-08a1d251b6870a86,0.24188790560471976,0.5125
6255ee79-f5d7770b6e4b664e,fd16f5b0-16ab93a1f417d37f,0.24156692056583243,0.555
bd584714-7b3d562837d0f48d,fffc11ee-302e373a0cb33770,0.24128686327077747,0.2922077922077922
ec558d69-a235442f66cc6e23,dc575a6c-a26ed2a2fc5d4c8b,0.24120603015075376,0.2727272727272727
810fd282-dd9527d444a6fd24,f652c678-1e5c9b24a8238616,0.2411764705882353,0.47674418604651164
dc575a6c-a26ed2a2fc5d4c8b,929b98f0-7a7a79ac5dcf8e4f,0.24107142857142858,0.24324324324324326
ec558d69-a235442f66cc6e23,dba80ad4-ae4e347ed8aabbed,0.24107142857142858,0.3068181818181818
2c865582-220a82fe684b1508,fffc11ee-302e373a0cb33770,0.24102564102564103,0.27485380116959063
dc575a6c-a26ed2a2fc5d4c8b,1a31f5cb-39a41eeeccf00058,0.24096385542168675,0.36036036036036034
2af19170-ef485115176f5e0b,48801d9e-411ad98869dfa258,0.24064171122994651,0.3813559322033898
a5f41b95-157413db377aff65,baa8e497-4da20547f1da0730,0.24048096192384769,0.24193548387096775
dba80ad4-ae4e347ed8aabbed,279e274a-f704a3e547427e9d,0.24040920716112532,0.34558823529411764
5af25bd7-bab814ae1e80f49c,8535bdf7-6cda2c5de8bf84c6,0.2403846153846154,0.3125
424c930b-5d91e2349deb1049,7f42483d-cde48ee17e0e67a9,0.2401263823064771,0.26855123674911663
8535bdf7-6cda2c5de8bf84c6,73f57af1-2e929298364db730,0.24,0.421875
fffc11ee-302e373a0cb33770,a5f41b95-157413db377aff65,0.2398286937901499,0.2557077625570776
5289e80a-8eb02c811ad43fdf,ef1117e3-d6f7af74c4d51034,0.2396694214876033,0.3945578231292517
5a81e159-9a433132fc144213,54e71b9b-d0923fbd17a74b63,0.23895253682487724,0.5887096774193549
e7370eec-40eca4429a61f44d,ef1117e3-d6f7af74c4d51034,0.23890784982935154,0.28112449799196787
dc575a6c-a26ed2a2fc5d4c8b,6f037b1d-49bff5b33e2e0b80,0.23863636363636365,0.3783783783783784
d82fa7e3-433e9d46a5f89b2b,6255ee79-f5d7770b6e4b664e,0.23857868020304568,0.2422680412371134
d82fa7e3-782e1e245ba4914a,6255ee79-f5d7770b6e4b664e,0.23857868020304568,0.2422680412371134
929b98f0-7a7a79ac5dcf8e4f,48801d9e-411ad98869dfa258,0.23848238482384823,0.3893805309734513
1a31f5cb-39a41eeeccf00058,e7370eec-40eca4429a61f44d,0.23829787234042554,0.25339366515837103
77ec956f-adf46fc113a7897c,853acff9-f99b0694fe9e5076,0.23809523809523808,0.3125
ac8ef97c-adf46fc113a7897c,853acff9-f99b0694fe9e5076,0.23809523809523808,0.3125
dba80ad4-ae4e347ed8aabbed,6255ee79-f5d7770b6e4b664e,0.23809523809523808,0.29411764705882354
9069684f-fab714a1fbf680fb,48801d9e-411ad98869dfa258,0.23796033994334279,0.4329896907216495
5289e80a-8eb02c811ad43fdf,fd16f5b0-16ab93a1f417d37f,0.23787528868360278,0.7006802721088435
24afd00e-844f1b1251b4e118,1a31f5cb-39a41eeeccf00058,0.23776223776223776,0.24519230769230768
dd5fd2a2-70087dfdcda77065,d82fa7e3-433e9d46a5f89b2b,0.23768115942028986,0.271523178807947
dd5fd2a2-70087dfdcda77065,d82fa7e3-782e1e245ba4914a,0.23768115942028986,0.271523178807947
d82fa7e3-433e9d46a5f89b2b,fffc11ee-302e373a0cb33770,0.23728813559322035,0.25257731958762886
d82fa7e3-782e1e245ba4914a,fffc11ee-302e373a0cb33770,0.23728813559322035,0.25257731958762886
cbbbed5f-178e7b1f9ffc2019,4303de0d-f61c80ad0d424346,0.23728813559322035,0.3465346534653465
0f3a2acf-de8b309828cb25f4,dcf09f37-13ece273e0e27db3,0.23703703703703705,0.367816091954023
6f037b1d-49bff5b33e2e0b80,34aa6a45-df3c6d1bcb911d9b,0.23658536585365852,0.4024896265560166
dba80ad4-ae4e347ed8aabbed,d82fa7e3-433e9d46a5f89b2b,0.23636363636363636,0.2867647058823529
dba80ad4-ae4e347ed8aabbed,d82fa7e3-782e1e245ba4914a,0.23636363636363636,0.2867647058823529
cbbbed5f-178e7b1f9ffc2019,dba80ad4-ae4e347ed8aabbed,0.23628691983122363,0.27722772277227725
4303de0d-f61c80ad0d424346,1a31f5cb-39a41eeeccf00058,0.236144578313253,0.25257731958762886
d2eb953e-66ba05ff08de8899,45561f1f-b7964ea6fbd32466,0.23600605143721634,0.40625
fa1bf524-17fca9779252364b,3ff60986-16a42daeed85665a,0.23580786026200873,0.2647058823529412
fa1bf524-17fca9779252364b,d0b4b96c-16a42daeed85665a,0.23580786026200873,0.2647058823529412
48801d9e-411ad98869dfa258,54e71b9b-d0923fbd17a74b63,0.23577235772357724,0.56640625
24afd00e-844f1b1251b4e118,bf85ab7b-08a1d251b6870a86,0.23554603854389722,0.2644230769230769
a5f41b95-157413db377aff65,316c9955-daf3ab7116f8e7e7,0.2354948805460751,0.2782258064516129
23cb8587-738b57e1ac344648,6f037b1d-49bff5b33e2e0b80,0.2350230414746544,0.26424870466321243
3a318b43-5bb701ac24759bf7,c9a316ca-74db6370d8bd06f7,0.23481781376518218,0.4027777777777778
fffc11ee-302e373a0cb33770,54e71b9b-d0923fbd17a74b63,0.2347024308466052,0.639269406392694
2c865582-220a82fe684b1508,1a31f5cb-39a41eeeccf00058,0.23469387755102042,0.26900584795321636
0f3a2acf-de8b309828cb25f4,f652c678-1e5c9b24a8238616,0.23460410557184752,0.45977011494252873
4499e3b9-a33dff95453263b5,6255ee79-f5d7770b6e4b664e,0.23452768729641693,0.3364485981308411
c73cd266-b38a218355e7b6b2,45561f1f-b7964ea6fbd32466,0.23411371237458195,0.5426356589147286
810fd282-dd9527d444a6fd24,c9a316ca-74db6370d8bd06f7,0.23394495412844038,0.5930232558139535
16e6d8bb-907dd6e2f702b4fd,48801d9e-411ad98869dfa258,0.23391812865497075,0.46511627906976744
fffc11ee-302e373a0cb33770,ef1117e3-d6f7af74c4d51034,0.23381294964028776,0.2968036529680365
73f57af1-2e929298364db730,ef1117e3-d6f7af74c4d51034,0.2336874051593323,0.2391304347826087
77ec956f-adf46fc113a7897c,f652c678-1e5c9b24a8238616,0.23353293413173654,0.4875
ac8ef97c-adf46fc113a7897c,f652c678-1e5c9b24a8238616,0.23353293413173654,0.4875
d74028ea-b6daf4d3a6e5f734,ef1117e3-d6f7af74c4d51034,0.2335216572504708,0.31958762886597936
810fd282-dd9527d444a6fd24,2c865582-220a82fe684b1508,0.23346303501945526,0.3488372093023256
baa8e497-4da20547f1da0730,45561f1f-b7964ea6fbd32466,0.23333333333333334,0.3346613545816733
dba80ad4-ae4e347ed8aabbed,9a20c823-2d486e0263a5fc70,0.2332155477031802,0.2426470588235294
bd584714-7b3d562837d0f48d,8ad1ad84-13df7ae5296a31a6,0.23314606741573032,0.538961038961039
e48933fa-3aa779d4db1d68cd,baa8e497-4da20547f1da0730,0.23293172690763053,0.23481781376518218
3a318b43-5bb701ac24759bf7,ef1117e3-d6f7af74c4d51034,0.23284823284823286,0.3888888888888889
2af19170-ef485115176f5e0b,6255ee79-f5d7770b6e4b664e,0.23270440251572327,0.3135593220338983
dcf09f37-13ece273e0e27db3,1a31f5cb-39a41eeeccf00058,0.23267326732673269,0.2568306010928962
2c865582-220a82fe684b1508,bf85ab7b-08a1d251b6870a86,0.23255813953488372,0.29239766081871343
0f3a2acf-de8b309828cb25f4,424c930b-5d91e2349deb1049,0.23243243243243245,0.4942528735632184
810fd282-dd9527d444a6fd24,6f037b1d-49bff5b33e2e0b80,0.2324159021406728,0.4418604651162791
d74028ea-b6daf4d3a6e5f734,fd16f5b0-16ab93a1f417d37f,0.2322015334063527,0.5463917525773195
cbbbed5f-178e7b1f9ffc2019,d2eb953e-66ba05ff08de8899,0.23208191126279865,0.33663366336633666
dc575a6c-a26ed2a2fc5d4c8b,baa8e497-4da20547f1da0730,0.23204419889502761,0.3783783783783784
dba80ad4-ae4e347ed8aabbed,2ef4c176-53d44a8520e9df9f,0.23180592991913745,0.3161764705882353
cbbbed5f-178e7b1f9ffc2019,03b3c5af-81df5a7511e5027e,0.23178807947019867,0.3465346534653465
fffc11ee-302e373a0cb33770,e48933fa-3aa779d4db1d68cd,0.2317596566523605,0.2465753424657534
2af19170-ef485115176f5e0b,23cb8587-738b57e1ac344648,0.2315112540192926,0.3050847457627119
7f42483d-cde48ee17e0e67a9,8ad1ad84-13df7ae5296a31a6,0.23127753303964757,0.3
d82fa7e3-433e9d46a5f89b2b,48801d9e-411ad98869dfa258,0.2311111111111111,0.26804123711340205
d82fa7e3-782e1e245ba4914a,48801d9e-411ad98869dfa258,0.2311111111111111,0.26804123711340205
d2eb953e-66ba05ff08de8899,6f037b1d-49bff5b33e2e0b80,0.23094688221709006,0.2604166666666667
74f4382e-ad03062b7b759d61,fd16f5b0-16ab93a1f417d37f,0.2309090909090909,0.3333333333333333
6f037b1d-49bff5b33e2e0b80,73f57af1-2e929298364db730,0.23090586145648312,0.2697095435684647
810fd282-dd9527d444a6fd24,6255ee79-f5d7770b6e4b664e,0.23076923076923078,0.38372093023255816
6255ee79-f5d7770b6e4b664e,baa8e497-4da20547f1da0730,0.23059866962305986,0.26
2af19170-ef485115176f5e0b,279e274a-f704a3e547427e9d,0.23056300268096513,0.3644067796610169
8535bdf7-6cda2c5de8bf84c6,fffc11ee-302e373a0cb33770,0.23054755043227665,0.3125
e86eb5b0-1a8cf2ecfad7c1e8,9a20c823-2d486e0263a5fc70,0.23045267489711935,0.2916666666666667
d82fa7e3-433e9d46a5f89b2b,e7370eec-40eca4429a61f44d,0.23024830699774265,0.26288659793814434
d82fa7e3-782e1e245ba4914a,e7370eec-40eca4429a61f44d,0.23024830699774265,0.26288659793814434
bd584714-7b3d562837d0f48d,7f42483d-cde48ee17e0e67a9,0.23015873015873015,0.37662337662337664
77ec956f-adf46fc113a7897c,bf85ab7b-08a1d251b6870a86,0.23008849557522124,0.4875
ac8ef97c-adf46fc113a7897c,bf85ab7b-08a1d251b6870a86,0.23008849557522124,0.4875
2ef4c176-53d44a8520e9df9f,54e71b9b-d0923fbd17a74b63,0.22994210090984285,0.5914893617021276
0f3a2acf-de8b309828cb25f4,2ef4c176-53d44a8520e9df9f,0.22981366459627328,0.42528735632183906
bd584714-7b3d562837d0f48d,90b71536-6872ffbba31bf0e8,0.22941176470588234,0.5064935064935064
bd584714-7b3d562837d0f48d,6db218a2-72e0950e970437e8,0.22941176470588234,0.5064935064935064
0f3a2acf-de8b309828cb25f4,d2eb953e-66ba05ff08de8899,0.22939068100358423,0.367816091954023
dd5fd2a2-70087dfdcda77065,74f4382e-ad03062b7b759d61,0.22932330827067668,0.40397350993377484
cbbbed5f-178e7b1f9ffc2019,424c930b-5d91e2349deb1049,0.22916666666666666,0.43564356435643564
dba80ad4-ae4e347ed8aabbed,a5f41b95-157413db377aff65,0.22916666666666666,0.3235294117647059
bf85ab7b-08a1d251b6870a86,34aa6a45-df3c6d1bcb911d9b,0.22911694510739858,0.37065637065637064
fa1bf524-17fca9779252364b,48801d9e-411ad98869dfa258,0.22905027932960895,0.4019607843137255
dd5fd2a2-70087dfdcda77065,316c9955-daf3ab7116f8e7e7,0.22903885480572597,0.3708609271523179
929b98f0-7a7a79ac5dcf8e4f,c9a316ca-74db6370d8bd06f7,0.22894168466522677,0.4690265486725664
a5f41b95-157413db377aff65,bf85ab7b-08a1d251b6870a86,0.22879684418145957,0.23387096774193547
c73cd266-b38a218355e7b6b2,fd16f5b0-16ab93a1f417d37f,0.22877358490566038,0.751937984496124
2af19170-ef485115176f5e0b,74f4382e-ad03062b7b759d61,0.22845691382765532,0.4830508474576271
3ff60986-16a42daeed85665a,bf85ab7b-08a1d251b6870a86,0.22797927461139897,0.3464566929133858
d0b4b96c-16a42daeed85665a,bf85ab7b-08a1d251b6870a86,0.22797927461139897,0.3464566929133858
9069684f-fab714a1fbf680fb,fffc11ee-302e373a0cb33770,0.22784810126582278,0.3711340206185567
1a31f5cb-39a41eeeccf00058,7f42483d-cde48ee17e0e67a9,0.2276707530647986,0.29411764705882354
4303de0d-f61c80ad0d424346,fffc11ee-302e373a0cb33770,0.22760290556900725,0.2422680412371134
baa8e497-4da20547f1da0730,8ad1ad84-13df7ae5296a31a6,0.22744128553770088,0.3665338645418327
cc9230d3-b726b8798d51113b,fd16f5b0-16ab93a1f417d37f,0.22743259085580306,0.7238805970149254
0f3a2acf-de8b309828cb25f4,48801d9e-411ad98869dfa258,0.22740524781341107,0.4482758620689655
6255ee79-f5d7770b6e4b664e,45561f1f-b7964ea6fbd32466,0.22720478325859492,0.38
4499e3b9-a33dff95453263b5,f652c678-1e5c9b24a8238616,0.22714681440443213,0.38317757009345793
9a20c823-2d486e0263a5fc70,316c9955-daf3ab7116f8e7e7,0.2268041237113402,0.3741496598639456
e86eb5b0-1a8cf2ecfad7c1e8,5a81e159-9a433132fc144213,0.22674418604651161,0.40625
9a20c823-2d486e0263a5fc70,bf85ab7b-08a1d251b6870a86,0.22660098522167488,0.3129251700680272
ef1117e3-d6f7af74c4d51034,529d9642-6f654ad245282ea1,0.22641509433962265,0.24925816023738873
2ef4c176-53d44a8520e9df9f,baa8e497-4da20547f1da0730,0.22633744855967078,0.23404255319148937
16e6d8bb-907dd6e2f702b4fd,6f037b1d-49bff5b33e2e0b80,0.22629969418960244,0.43023255813953487
fa1bf524-17fca9779252364b,24afd00e-844f1b1251b4e118,0.22580645161290322,0.3431372549019608
9069684f-fab714a1fbf680fb,ef1117e3-d6f7af74c4d51034,0.22580645161290322,0.5051546391752577
e86eb5b0-1a8cf2ecfad7c1e8,6f037b1d-49bff5b33e2e0b80,0.22551928783382788,0.3958333333333333
9a20c823-2d486e0263a5fc70,7f42483d-cde48ee17e0e67a9,0.22535211267605634,0.38095238095238093
74b5ad88-161f80df7806b869,316c9955-daf3ab7116f8e7e7,0.22505307855626328,0.39849624060150374
279e274a-f704a3e547427e9d,7f42483d-cde48ee17e0e67a9,0.22479338842975208,0.26666666666666666
9069684f-fab714a1fbf680fb,bf85ab7b-08a1d251b6870a86,0.2247191011235955,0.41237113402061853
e86eb5b0-1a8cf2ecfad7c1e8,2c865582-220a82fe684b1508,0.2247191011235955,0.3125
3a318b43-5bb701ac24759bf7,a5f41b95-157413db377aff65,0.22448979591836735,0.3055555555555556
77ec956f-adf46fc113a7897c,cc9230d3-b726b8798d51113b,0.22429906542056074,0.3
ac8ef97c-adf46fc113a7897c,cc9230d3-b726b8798d51113b,0.22429906542056074,0.3
4303de0d-f61c80ad0d424346,7f42483d-cde48ee17e0e67a9,0.22426470588235295,0.31443298969072164
866a2d52-6de18ee6eeb5dc4f,7f42483d-cde48ee17e0e67a9,0.22406639004149378,0.4090909090909091
74b5ad88-161f80df7806b869,3a318b43-5bb701ac24759bf7,0.22382671480144403,0.23308270676691728
9069684f-fab714a1fbf680fb,c9a316ca-74db6370d8bd06f7,0.22371364653243847,0.5154639175257731
8535bdf7-6cda2c5de8bf84c6,d82fa7e3-433e9d46a5f89b2b,0.2236024844720497,0.28125
8535bdf7-6cda2c5de8bf84c6,d82fa7e3-782e1e245ba4914a,0.2236024844720497,0.28125
fa1bf524-17fca9779252364b,424c930b-5d91e2349deb1049,0.22337662337662337,0.4215686274509804
fa1bf524-17fca9779252364b,ef1117e3-d6f7af74c4d51034,0.22323462414578588,0.4803921568627451
9069684f-fab714a1fbf680fb,dba80ad4-ae4e347ed8aabbed,0.22317596566523606,0.26804123711340205
03b3c5af-81df5a7511e5027e,54e71b9b-d0923fbd17a74b63,0.2229787234042553,0.6517412935323383
c73cd266-b38a218355e7b6b2,316c9955-daf3ab7116f8e7e7,0.22269807280513917,0.40310077519379844
d74028ea-b6daf4d3a6e5f734,74f4382e-ad03062b7b759d61,0.22260869565217392,0.32989690721649484
1a31f5cb-39a41eeeccf00058,34aa6a45-df3c6d1bcb911d9b,0.2225,0.40271493212669685
2c865582-220a82fe684b1508,fd16f5b0-16ab93a1f417d37f,0.22247191011235956,0.5789473684210527
2ef4c176-53d44a8520e9df9f,7f42483d-cde48ee17e0e67a9,0.2222222222222222,0.2765957446808511
3ff60986-16a42daeed85665a,baa8e497-4da20547f1da0730,0.2222222222222222,0.33070866141732286
d0b4b96c-16a42daeed85665a,baa8e497-4da20547f1da0730,0.2222222222222222,0.33070866141732286
16e6d8bb-907dd6e2f702b4fd,23cb8587-738b57e1ac344648,0.2222222222222222,0.36046511627906974
810fd282-dd9527d444a6fd24,1a31f5cb-39a41eeeccf00058,0.22149837133550487,0.3953488372093023
6f037b1d-49bff5b33e2e0b80,48801d9e-411ad98869dfa258,0.22132796780684105,0.22821576763485477
77ec956f-adf46fc113a7897c,8535bdf7-6cda2c5de8bf84c6,0.22115384615384615,0.2875
ac8ef97c-adf46fc113a7897c,8535bdf7-6cda2c5de8bf84c6,0.22115384615384615,0.2875
dcf09f37-13ece273e0e27db3,45561f1f-b7964ea6fbd32466,0.22085889570552147,0.39344262295081966
d82fa7e3-433e9d46a5f89b2b,8ad1ad84-13df7ae5296a31a6,0.22074468085106383,0.42783505154639173
d82fa7e3-782e1e245ba4914a,8ad1ad84-13df7ae5296a31a6,0.22074468085106383,0.42783505154639173
5af25bd7-bab814ae1e80f49c,fffc11ee-302e373a0cb33770,0.22073578595317725,0.4125
5af25bd7-bab814ae1e80f49c,4e58558c-da8b1d30d372a726,0.22009569377990432,0.2875
5af25bd7-bab814ae1e80f49c,2bbc6c80-27f3c6b3d16cee39,0.22009569377990432,0.2875
ec558d69-a235442f66cc6e23,4303de0d-f61c80ad0d424346,0.2198581560283688,0.3522727272727273
e86eb5b0-1a8cf2ecfad7c1e8,bf85ab7b-08a1d251b6870a86,0.21971830985915494,0.40625
fffc11ee-302e373a0cb33770,fd16f5b0-16ab93a1f417d37f,0.21961620469083157,0.4703196347031963
51019113-10b98444e71e1a88,baa8e497-4da20547f1da0730,0.21951219512195122,0.2830188679245283
74b5ad88-161f80df7806b869,7f42483d-cde48ee17e0e67a9,0.2194616977225673,0.39849624060150374
fffc11ee-302e373a0cb33770,279e274a-f704a3e547427e9d,0.21940928270042195,0.2374429223744292
866a2d52-6de18ee6eeb5dc4f,baa8e497-4da20547f1da0730,0.2193211488250653,0.3181818181818182
cbbbed5f-178e7b1f9ffc2019,3ff60986-16a42daeed85665a,0.21929824561403508,0.24752475247524752
cbbbed5f-178e7b1f9ffc2019,d0b4b96c-16a42daeed85665a,0.21929824561403508,0.24752475247524752
cbbbed5f-178e7b1f9ffc2019,6255ee79-f5d7770b6e4b664e,0.21926910299003322,0.32673267326732675
e7370eec-40eca4429a61f44d,74f4382e-ad03062b7b759d61,0.21904761904761905,0.27710843373493976
3a318b43-5bb701ac24759bf7,d74028ea-b6daf4d3a6e5f734,0.21893491124260356,0.2569444444444444
cbbbed5f-178e7b1f9ffc2019,48801d9e-411ad98869dfa258,0.2184873949579832,0.38613861386138615
c73cd266-b38a218355e7b6b2,fffc11ee-302e373a0cb33770,0.21839080459770116,0.29457364341085274
3ff60986-16a42daeed85665a,45561f1f-b7964ea6fbd32466,0.2181208053691275,0.5118110236220472
d0b4b96c-16a42daeed85665a,45561f1f-b7964ea6fbd32466,0.2181208053691275,0.5118110236220472
5af25bd7-bab814ae1e80f49c,6f037b1d-49bff5b33e2e0b80,0.21806853582554517,0.4375
4303de0d-f61c80ad0d424346,316c9955-daf3ab7116f8e7e7,0.21804511278195488,0.29896907216494845
8535bdf7-6cda2c5de8bf84c6,4e58558c-da8b1d30d372a726,0.2178988326848249,0.21875
8535bdf7-6cda2c5de8bf84c6,2bbc6c80-27f3c6b3d16cee39,0.2178988326848249,0.21875
bd584714-7b3d562837d0f48d,baa8e497-4da20547f1da0730,0.21728395061728395,0.2857142857142857
929b98f0-7a7a79ac5dcf8e4f,bd584714-7b3d562837d0f48d,0.21722846441947566,0.25663716814159293
9a20c823-2d486e0263a5fc70,d82fa7e3-433e9d46a5f89b2b,0.21700879765395895,0.25170068027210885
9a20c823-2d486e0263a5fc70,d82fa7e3-782e1e245ba4914a,0.21700879765395895,0.25170068027210885
cbbbed5f-178e7b1f9ffc2019,d74028ea-b6daf4d3a6e5f734,0.21694915254237288,0.31683168316831684
03b3c5af-81df5a7511e5027e,baa8e497-4da20547f1da0730,0.2168141592920354,0.24378109452736318
16e6d8bb-907dd6e2f702b4fd,424c930b-5d91e2349deb1049,0.21680216802168023,0.46511627906976744
16e6d8bb-907dd6e2f702b4fd,bd584714-7b3d562837d0f48d,0.21666666666666667,0.3023255813953488
4303de0d-f61c80ad0d424346,d82fa7e3-433e9d46a5f89b2b,0.21649484536082475,0.21649484536082475
4303de0d-f61c80ad0d424346,d82fa7e3-782e1e245ba4914a,0.21649484536082475,0.21649484536082475
929b98f0-7a7a79ac5dcf8e4f,45561f1f-b7964ea6fbd32466,0.21649484536082475,0.5575221238938053
810fd282-dd9527d444a6fd24,48801d9e-411ad98869dfa258,0.21637426900584794,0.43023255813953487
ec558d69-a235442f66cc6e23,9069684f-fab714a1fbf680fb,0.21621621621621623,0.22727272727272727
d74028ea-b6daf4d3a6e5f734,baa8e497-4da20547f1da0730,0.2157303370786517,0.24742268041237114
6f037b1d-49bff5b33e2e0b80,54e71b9b-d0923fbd17a74b63,0.21563786008230454,0.5435684647302904
ec558d69-a235442f66cc6e23,fffc11ee-302e373a0cb33770,0.21498371335504887,0.375
5af25bd7-bab814ae1e80f49c,424c930b-5d91e2349deb1049,0.21487603305785125,0.4875
dba80ad4-ae4e347ed8aabbed,45561f1f-b7964ea6fbd32466,0.21487603305785125,0.47794117647058826
d82fa7e3-433e9d46a5f89b2b,34aa6a45-df3c6d1bcb911d9b,0.2147477360931436,0.42783505154639173
d82fa7e3-782e1e245ba4914a,34aa6a45-df3c6d1bcb911d9b,0.2147477360931436,0.42783505154639173
77ec956f-adf46fc113a7897c,9069684f-fab714a1fbf680fb,0.21468926553672316,0.2375
ac8ef97c-adf46fc113a7897c,9069684f-fab714a1fbf680fb,0.21468926553672316,0.2375
0f3a2acf-de8b309828cb25f4,1a31f5cb-39a41eeeccf00058,0.21428571428571427,0.3793103448275862
d74028ea-b6daf4d3a6e5f734,316c9955-daf3ab7116f8e7e7,0.21428571428571427,0.29381443298969073
2c865582-220a82fe684b1508,74f4382e-ad03062b7b759d61,0.213768115942029,0.34502923976608185
5af25bd7-bab814ae1e80f49c,bd584714-7b3d562837d0f48d,0.21367521367521367,0.3125
fa1bf524-17fca9779252364b,2ef4c176-53d44a8520e9df9f,0.21364985163204747,0.35294117647058826
baa8e497-4da20547f1da0730,279e274a-f704a3e547427e9d,0.2134387351778656,0.2151394422310757
baa8e497-4da20547f1da0730,48801d9e-411ad98869dfa258,0.21301775147928995,0.2151394422310757
0f3a2acf-de8b309828cb25f4,baa8e497-4da20547f1da0730,0.21301775147928995,0.41379310344827586
0f3a2acf-de8b309828cb25f4,4e58558c-da8b1d30d372a726,0.21296296296296297,0.26436781609195403
0f3a2acf-de8b309828cb25f4,2bbc6c80-27f3c6b3d16cee39,0.21296296296296297,0.26436781609195403
fa1bf524-17fca9779252364b,279e274a-f704a3e547427e9d,0.21288515406162464,0.37254901960784315
cbbbed5f-178e7b1f9ffc2019,cc9230d3-b726b8798d51113b,0.2127659574468085,0.24752475247524752
fffc11ee-302e373a0cb33770,baa8e497-4da20547f1da0730,0.2127659574468085,0.228310502283105
4499e3b9-a33dff95453263b5,d82fa7e3-433e9d46a5f89b2b,0.21262458471760798,0.29906542056074764
4499e3b9-a33dff95453263b5,d82fa7e3-782e1e245ba4914a,0.21262458471760798,0.29906542056074764
5a81e159-9a433132fc144213,baa8e497-4da20547f1da0730,0.2124248496993988,0.21370967741935484
cc9230d3-b726b8798d51113b,ef1117e3-d6f7af74c4d51034,0.21231422505307856,0.373134328358209
4e58558c-da8b1d30d372a726,fd16f5b0-16ab93a1f417d37f,0.21226415094339623,0.6976744186046512
2bbc6c80-27f3c6b3d16cee39,fd16f5b0-16ab93a1f417d37f,0.21226415094339623,0.6976744186046512
d2eb953e-66ba05ff08de8899,baa8e497-4da20547f1da0730,0.21218961625282168,0.24479166666666666
baa8e497-4da20547f1da0730,34aa6a45-df3c6d1bcb911d9b,0.21204819277108433,0.350597609561753
929b98f0-7a7a79ac5dcf8e4f,24afd00e-844f1b1251b4e118,0.2118380062305296,0.3008849557522124
23cb8587-738b57e1ac344648,baa8e497-4da20547f1da0730,0.21171171171171171,0.24352331606217617
fa1bf524-17fca9779252364b,a5f41b95-157413db377aff65,0.21142857142857144,0.3627450980392157
2af19170-ef485115176f5e0b,45561f1f-b7964ea6fbd32466,0.21124361158432708,0.5254237288135594
48801d9e-411ad98869dfa258,7f42483d-cde48ee17e0e67a9,0.21122112211221122,0.25
cbbbed5f-178e7b1f9ffc2019,bf85ab7b-08a1d251b6870a86,0.2111111111111111,0.37623762376237624
1a31f5cb-39a41eeeccf00058,529d9642-6f654ad245282ea1,0.2108626198083067,0.2986425339366516
e86eb5b0-1a8cf2ecfad7c1e8,c9a316ca-74db6370d8bd06f7,0.21076233183856502,0.4895833333333333
4e58558c-da8b1d30d372a726,baa8e497-4da20547f1da0730,0.21052631578947367,0.31007751937984496
2bbc6c80-27f3c6b3d16cee39,baa8e497-4da20547f1da0730,0.21052631578947367,0.31007751937984496
e86eb5b0-1a8cf2ecfad7c1e8,dd5fd2a2-70087dfdcda77065,0.21052631578947367,0.2708333333333333
ec558d69-a235442f66cc6e23,51019113-10b98444e71e1a88,0.21052631578947367,0.29545454545454547
810fd282-dd9527d444a6fd24,e48933fa-3aa779d4db1d68cd,0.21021021021021022,0.4069767441860465
bf85ab7b-08a1d251b6870a86,7f42483d-cde48ee17e0e67a9,0.21018062397372742,0.2471042471042471
ec558d69-a235442f66cc6e23,c9a316ca-74db6370d8bd06f7,0.2100456621004566,0.5227272727272727
1a31f5cb-39a41eeeccf00058,73f57af1-2e929298364db730,0.20994475138121546,0.2579185520361991
dba80ad4-ae4e347ed8aabbed,c9a316ca-74db6370d8bd06f7,0.20987654320987653,0.375
baa8e497-4da20547f1da0730,7f42483d-cde48ee17e0e67a9,0.2096505823627288,0.250996015936255
2c865582-220a82fe684b1508,90b71536-6872ffbba31bf0e8,0.20946915351506457,0.4269005847953216
2c865582-220a82fe684b1508,6db218a2-72e0950e970437e8,0.20946915351506457,0.4269005847953216
74b5ad88-161f80df7806b869,90b71536-6872ffbba31bf0e8,0.2094081942336874,0.518796992481203
74b5ad88-161f80df7806b869,6db218a2-72e0950e970437e8,0.2094081942336874,0.518796992481203
4499e3b9-a33dff95453263b5,e48933fa-3aa779d4db1d68cd,0.20903954802259886,0.34579439252336447
74b5ad88-161f80df7806b869,fd16f5b0-16ab93a1f417d37f,0.20892018779342722,0.6691729323308271
810fd282-dd9527d444a6fd24,d2eb953e-66ba05ff08de8899,0.20863309352517986,0.3372093023255814
77ec956f-adf46fc113a7897c,e48933fa-3aa779d4db1d68cd,0.20795107033639143,0.425
ac8ef97c-adf46fc113a7897c,e48933fa-3aa779d4db1d68cd,0.20795107033639143,0.425
e86eb5b0-1a8cf2ecfad7c1e8,ef1117e3-d6f7af74c4d51034,0.20785219399538107,0.46875
4e58558c-da8b1d30d372a726,74f4382e-ad03062b7b759d61,0.20784313725490197,0.4108527131782946
2bbc6c80-27f3c6b3d16cee39,74f4382e-ad03062b7b759d61,0.20784313725490197,0.4108527131782946
bf85ab7b-08a1d251b6870a86,529d9642-6f654ad245282ea1,0.20783132530120482,0.26640926640926643
bd584714-7b3d562837d0f48d,ef1117e3-d6f7af74c4d51034,0.20773930753564154,0.33116883116883117
3a318b43-5bb701ac24759bf7,529d9642-6f654ad245282ea1,0.20765027322404372,0.3958333333333333
853acff9-f99b0694fe9e5076,90b71536-6872ffbba31bf0e8,0.2073170731707317,0.5230769230769231
4499e3b9-a33dff95453263b5,1a31f5cb-39a41eeeccf00058,0.2073170731707317,0.3177570093457944
853acff9-f99b0694fe9e5076,6db218a2-72e0950e970437e8,0.2073170731707317,0.5230769230769231
24afd00e-844f1b1251b4e118,90b71536-6872ffbba31bf0e8,0.20708446866485014,0.36538461538461536
24afd00e-844f1b1251b4e118,6db218a2-72e0950e970437e8,0.20708446866485014,0.36538461538461536
929b98f0-7a7a79ac5dcf8e4f,424c930b-5d91e2349deb1049,0.20707070707070707,0.36283185840707965
dd5fd2a2-70087dfdcda77065,fd16f5b0-16ab93a1f417d37f,0.20689655172413793,0.5960264900662252
4499e3b9-a33dff95453263b5,bd584714-7b3d562837d0f48d,0.20689655172413793,0.2523364485981308
e86eb5b0-1a8cf2ecfad7c1e8,4303de0d-f61c80ad0d424346,0.20689655172413793,0.3125
d82fa7e3-433e9d46a5f89b2b,baa8e497-4da20547f1da0730,0.20674157303370785,0.23711340206185566
d82fa7e3-782e1e245ba4914a,baa8e497-4da20547f1da0730,0.20674157303370785,0.23711340206185566
8535bdf7-6cda2c5de8bf84c6,bf85ab7b-08a1d251b6870a86,0.20671834625322996,0.3125
77ec956f-adf46fc113a7897c,03b3c5af-81df5a7511e5027e,0.20640569395017794,0.3625
ac8ef97c-adf46fc113a7897c,03b3c5af-81df5a7511e5027e,0.20640569395017794,0.3625
bd584714-7b3d562837d0f48d,fd16f5b0-16ab93a1f417d37f,0.20618556701030927,0.5844155844155844
8535bdf7-6cda2c5de8bf84c6,23cb8587-738b57e1ac344648,0.205607476635514,0.2578125
810fd282-dd9527d444a6fd24,279e274a-f704a3e547427e9d,0.20527859237536658,0.4069767441860465
6f037b1d-49bff5b33e2e0b80,8ad1ad84-13df7ae5296a31a6,0.20525657071339173,0.34024896265560167
3a318b43-5bb701ac24759bf7,8ad1ad84-13df7ae5296a31a6,0.20512820512820512,0.5
fa1bf524-17fca9779252364b,529d9642-6f654ad245282ea1,0.20512820512820512,0.5098039215686274
dd5fd2a2-70087dfdcda77065,ef1117e3-d6f7af74c4d51034,0.20491803278688525,0.33112582781456956
929b98f0-7a7a79ac5dcf8e4f,fffc11ee-302e373a0cb33770,0.20481927710843373,0.3008849557522124
24afd00e-844f1b1251b4e118,54e71b9b-d0923fbd17a74b63,0.20473773265651438,0.5817307692307693
2c865582-220a82fe684b1508,ef1117e3-d6f7af74c4d51034,0.2047244094488189,0.30409356725146197
1a31f5cb-39a41eeeccf00058,a5f41b95-157413db377aff65,0.2046908315565032,0.2171945701357466
810fd282-dd9527d444a6fd24,c73cd266-b38a218355e7b6b2,0.20465116279069767,0.2558139534883721
810fd282-dd9527d444a6fd24,4e58558c-da8b1d30d372a726,0.20465116279069767,0.2558139534883721
810fd282-dd9527d444a6fd24,2bbc6c80-27f3c6b3d16cee39,0.20465116279069767,0.2558139534883721
866a2d52-6de18ee6eeb5dc4f,bf85ab7b-08a1d251b6870a86,0.20460358056265984,0.30303030303030304
2af19170-ef485115176f5e0b,73f57af1-2e929298364db730,0.20454545454545456,0.3813559322033898
9069684f-fab714a1fbf680fb,8535bdf7-6cda2c5de8bf84c6,0.20444444444444446,0.23711340206185566
929b98f0-7a7a79ac5dcf8e4f,e7370eec-40eca4429a61f44d,0.20441988950276244,0.3274336283185841
77ec956f-adf46fc113a7897c,4303de0d-f61c80ad0d424346,0.20437956204379562,0.35
8535bdf7-6cda2c5de8bf84c6,424c930b-5d91e2349deb1049,0.20437956204379562,0.328125
ac8ef97c-adf46fc113a7897c,4303de0d-f61c80ad0d424346,0.20437956204379562,0.35
6f037b1d-49bff5b33e2e0b80,529d9642-6f654ad245282ea1,0.2043343653250774,0.27385892116182575
51019113-10b98444e71e1a88,7f42483d-cde48ee17e0e67a9,0.2043222003929273,0.3270440251572327
ec558d69-a235442f66cc6e23,9a20c823-2d486e0263a5fc70,0.20425531914893616,0.2727272727272727
fffc11ee-302e373a0cb33770,90b71536-6872ffbba31bf0e8,0.2040268456375839,0.3470319634703196
fffc11ee-302e373a0cb33770,6db218a2-72e0950e970437e8,0.2040268456375839,0.3470319634703196
23cb8587-738b57e1ac344648,54e71b9b-d0923fbd17a74b63,0.20394173093401885,0.616580310880829
77ec956f-adf46fc113a7897c,424c930b-5d91e2349deb1049,0.20385674931129477,0.4625
ac8ef97c-adf46fc113a7897c,424c930b-5d91e2349deb1049,0.20385674931129477,0.4625
03b3c5af-81df5a7511e5027e,1a31f5cb-39a41eeeccf00058,0.2037914691943128,0.21393034825870647
0f3a2acf-de8b309828cb25f4,c73cd266-b38a218355e7b6b2,0.2037037037037037,0.25287356321839083
853acff9-f99b0694fe9e5076,45561f1f-b7964ea6fbd32466,0.2036727879799666,0.46923076923076923
dd5fd2a2-70087dfdcda77065,7f42483d-cde48ee17e0e67a9,0.20359281437125748,0.33774834437086093
3ff60986-16a42daeed85665a,fd16f5b0-16ab93a1f417d37f,0.2033096926713948,0.6771653543307087
d0b4b96c-16a42daeed85665a,fd16f5b0-16ab93a1f417d37f,0.2033096926713948,0.6771653543307087
5af25bd7-bab814ae1e80f49c,2ef4c176-53d44a8520e9df9f,0.20317460317460317,0.4
74b5ad88-161f80df7806b869,baa8e497-4da20547f1da0730,0.203125,0.2932330827067669
fa1bf524-17fca9779252364b,8ad1ad84-13df7ae5296a31a6,0.20303030303030303,0.6568627450980392
fffc11ee-302e373a0cb33770,34aa6a45-df3c6d1bcb911d9b,0.20300751879699247,0.3698630136986301
5af25bd7-bab814ae1e80f49c,279e274a-f704a3e547427e9d,0.20298507462686566,0.425
16e6d8bb-907dd6e2f702b4fd,e7370eec-40eca4429a61f44d,0.20298507462686566,0.3953488372093023
cc9230d3-b726b8798d51113b,45561f1f-b7964ea6fbd32466,0.2023217247097844,0.4552238805970149
4303de0d-f61c80ad0d424346,45561f1f-b7964ea6fbd32466,0.20211161387631976,0.34536082474226804
16e6d8bb-907dd6e2f702b4fd,c9a316ca-74db6370d8bd06f7,0.2018348623853211,0.5116279069767442
c73cd266-b38a218355e7b6b2,ef1117e3-d6f7af74c4d51034,0.2017167381974249,0.3643410852713178
866a2d52-6de18ee6eeb5dc4f,dba80ad4-ae4e347ed8aabbed,0.20149253731343283,0.20454545454545456
0f3a2acf-de8b309828cb25f4,c9a316ca-74db6370d8bd06f7,0.20137299771167047,0.5057471264367817
cbbbed5f-178e7b1f9ffc2019,e48933fa-3aa779d4db1d68cd,0.20114942528735633,0.3465346534653465
810fd282-dd9527d444a6fd24,73f57af1-2e929298364db730,0.20098039215686275,0.47674418604651164
e86eb5b0-1a8cf2ecfad7c1e8,73f57af1-2e929298364db730,0.20095693779904306,0.4375
dc575a6c-a26ed2a2fc5d4c8b,8535bdf7-6cda2c5de8bf84c6,0.200836820083682,0.21621621621621623
fffc11ee-302e373a0cb33770,bf85ab7b-08a1d251b6870a86,0.200836820083682,0.2191780821917808
8535bdf7-6cda2c5de8bf84c6,1a31f5cb-39a41eeeccf00058,0.20057306590257878,0.2734375
0f3a2acf-de8b309828cb25f4,73f57af1-2e929298364db730,0.20048899755501223,0.47126436781609193
6f037b1d-49bff5b33e2e0b80,a5f41b95-157413db377aff65,0.20040899795501022,0.2033195020746888
cbbbed5f-178e7b1f9ffc2019,8ad1ad84-13df7ae5296a31a6,0.20030349013657056,0.6534653465346535
4e58558c-da8b1d30d372a726,6f037b1d-49bff5b33e2e0b80,0.2,0.2868217054263566
2bbc6c80-27f3c6b3d16cee39,6f037b1d-49bff5b33e2e0b80,0.2,0.2868217054263566
c73cd266-b38a218355e7b6b2,baa8e497-4da20547f1da0730,0.2,0.29457364341085274
16e6d8bb-907dd6e2f702b4fd,d74028ea-b6daf4d3a6e5f734,0.2,0.32558139534883723
810fd282-dd9527d444a6fd24,d74028ea-b6daf4d3a6e5f734,0.2,0.32558139534883723
e86eb5b0-1a8cf2ecfad7c1e8,d74028ea-b6daf4d3a6e5f734,0.2,0.3020833333333333
cbbbed5f-178e7b1f9ffc2019,45561f1f-b7964ea6fbd32466,0.2,0.5643564356435643
cbbbed5f-178e7b1f9ffc2019,e7370eec-40eca4429a61f44d,0.2,0.3465346534653465
853acff9-f99b0694fe9e5076,74f4382e-ad03062b7b759d61,0.19960861056751467,0.3923076923076923
d2eb953e-66ba05ff08de8899,bf85ab7b-08a1d251b6870a86,0.19955654101995565,0.234375
bf85ab7b-08a1d251b6870a86,54e71b9b-d0923fbd17a74b63,0.19951338199513383,0.4749034749034749
e86eb5b0-1a8cf2ecfad7c1e8,279e274a-f704a3e547427e9d,0.19943019943019943,0.3645833333333333
810fd282-dd9527d444a6fd24,2ef4c176-53d44a8520e9df9f,0.19937694704049844,0.37209302325581395
dcf09f37-13ece273e0e27db3,bf85ab7b-08a1d251b6870a86,0.19909502262443438,0.24043715846994534
dd5fd2a2-70087dfdcda77065,baa8e497-4da20547f1da0730,0.19900497512437812,0.26490066225165565
d2eb953e-66ba05ff08de8899,54e71b9b-d0923fbd17a74b63,0.19897084048027444,0.6041666666666666
8535bdf7-6cda2c5de8bf84c6,f652c678-1e5c9b24a8238616,0.19895287958115182,0.296875
ec558d69-a235442f66cc6e23,d82fa7e3-433e9d46a5f89b2b,0.19858156028368795,0.3181818181818182
ec558d69-a235442f66cc6e23,d82fa7e3-782e1e245ba4914a,0.19858156028368795,0.3181818181818182
8535bdf7-6cda2c5de8bf84c6,279e274a-f704a3e547427e9d,0.19843342036553524,0.296875
dcf09f37-13ece273e0e27db3,baa8e497-4da20547f1da0730,0.19815668202764977,0.23497267759562843
9069684f-fab714a1fbf680fb,45561f1f-b7964ea6fbd32466,0.1978798586572438,0.5773195876288659
4e58558c-da8b1d30d372a726,3a318b43-5bb701ac24759bf7,0.1978021978021978,0.20930232558139536
2bbc6c80-27f3c6b3d16cee39,3a318b43-5bb701ac24759bf7,0.1978021978021978,0.20930232558139536
3ff60986-16a42daeed85665a,dba80ad4-ae4e347ed8aabbed,0.19771863117870722,0.2047244094488189
d0b4b96c-16a42daeed85665a,dba80ad4-ae4e347ed8aabbed,0.19771863117870722,0.2047244094488189
929b98f0-7a7a79ac5dcf8e4f,73f57af1-2e929298364db730,0.19770114942528735,0.3805309734513274
0f3a2acf-de8b309828cb25f4,e48933fa-3aa779d4db1d68cd,0.19760479041916168,0.3793103448275862
23cb8587-738b57e1ac344648,90b71536-6872ffbba31bf0e8,0.19749652294853964,0.36787564766839376
23cb8587-738b57e1ac344648,6db218a2-72e0950e970437e8,0.19749652294853964,0.36787564766839376
866a2d52-6de18ee6eeb5dc4f,fd16f5b0-16ab93a1f417d37f,0.19741480611045828,0.6363636363636364
dc575a6c-a26ed2a2fc5d4c8b,8ad1ad84-13df7ae5296a31a6,0.19730941704035873,0.5945945945945946
03b3c5af-81df5a7511e5027e,ef1117e3-d6f7af74c4d51034,0.1970260223048327,0.263681592039801
9a20c823-2d486e0263a5fc70,74f4382e-ad03062b7b759d61,0.19696969696969696,0.35374149659863946
5289e80a-8eb02c811ad43fdf,74f4382e-ad03062b7b759d61,0.19696969696969696,0.35374149659863946
fffc11ee-302e373a0cb33770,7f42483d-cde48ee17e0e67a9,0.1968365553602812,0.2557077625570776
3ff60986-16a42daeed85665a,fffc11ee-302e373a0cb33770,0.19653179190751446,0.2677165354330709
d0b4b96c-16a42daeed85665a,fffc11ee-302e373a0cb33770,0.19653179190751446,0.2677165354330709
cbbbed5f-178e7b1f9ffc2019,ef1117e3-d6f7af74c4d51034,0.1963470319634703,0.42574257425742573
e86eb5b0-1a8cf2ecfad7c1e8,6255ee79-f5d7770b6e4b664e,0.19594594594594594,0.3020833333333333
6f037b1d-49bff5b33e2e0b80,e7370eec-40eca4429a61f44d,0.19591836734693877,0.1991701244813278
6255ee79-f5d7770b6e4b664e,fffc11ee-302e373a0cb33770,0.1957040572792363,0.205
929b98f0-7a7a79ac5dcf8e4f,ef1117e3-d6f7af74c4d51034,0.19555555555555557,0.3893805309734513
2af19170-ef485115176f5e0b,8ad1ad84-13df7ae5296a31a6,0.1952662721893491,0.559322033898305
7f42483d-cde48ee17e0e67a9,74f4382e-ad03062b7b759d61,0.19425444596443228,0.20285714285714285
16e6d8bb-907dd6e2f702b4fd,dd5fd2a2-70087dfdcda77065,0.1940928270042194,0.26744186046511625
4e58558c-da8b1d30d372a726,45561f1f-b7964ea6fbd32466,0.1939799331103679,0.4496124031007752
2bbc6c80-27f3c6b3d16cee39,45561f1f-b7964ea6fbd32466,0.1939799331103679,0.4496124031007752
810fd282-dd9527d444a6fd24,23cb8587-738b57e1ac344648,0.1935483870967742,0.313953488372093
4499e3b9-a33dff95453263b5,279e274a-f704a3e547427e9d,0.19337016574585636,0.32710280373831774
6255ee79-f5d7770b6e4b664e,316c9955-daf3ab7116f8e7e7,0.19330855018587362,0.26
4303de0d-f61c80ad0d424346,baa8e497-4da20547f1da0730,0.19325842696629214,0.22164948453608246
e86eb5b0-1a8cf2ecfad7c1e8,48801d9e-411ad98869dfa258,0.19318181818181818,0.3541666666666667
cbbbed5f-178e7b1f9ffc2019,baa8e497-4da20547f1da0730,0.19318181818181818,0.33663366336633666
9a20c823-2d486e0263a5fc70,90b71536-6872ffbba31bf0e8,0.19316493313521546,0.4421768707482993
9a20c823-2d486e0263a5fc70,6db218a2-72e0950e970437e8,0.19316493313521546,0.4421768707482993
4e58558c-da8b1d30d372a726,ef1117e3-d6f7af74c4d51034,0.19313304721030042,0.3488372093023256
2bbc6c80-27f3c6b3d16cee39,ef1117e3-d6f7af74c4d51034,0.19313304721030042,0.3488372093023256
ec558d69-a235442f66cc6e23,2c865582-220a82fe684b1508,0.19305019305019305,0.2840909090909091
4499e3b9-a33dff95453263b5,2ef4c176-53d44a8520e9df9f,0.19298245614035087,0.308411214953271
0f3a2acf-de8b309828cb25f4,279e274a-f704a3e547427e9d,0.19298245614035087,0.3793103448275862
74b5ad88-161f80df7806b869,45561f1f-b7964ea6fbd32466,0.19269102990033224,0.43609022556390975
2c865582-220a82fe684b1508,316c9955-daf3ab7116f8e7e7,0.1925343811394892,0.28654970760233917
8535bdf7-6cda2c5de8bf84c6,7f42483d-cde48ee17e0e67a9,0.19246861924686193,0.359375
fa1bf524-17fca9779252364b,6f037b1d-49bff5b33e2e0b80,0.1924198250728863,0.3235294117647059
c73cd266-b38a218355e7b6b2,7f42483d-cde48ee17e0e67a9,0.19206680584551147,0.35658914728682173
24afd00e-844f1b1251b4e118,45561f1f-b7964ea6fbd32466,0.19202363367799113,0.3125
d2eb953e-66ba05ff08de8899,74f4382e-ad03062b7b759d61,0.19197207678883071,0.2864583333333333
fa1bf524-17fca9779252364b,03b3c5af-81df5a7511e5027e,0.19141914191419143,0.28431372549019607
16e6d8bb-907dd6e2f702b4fd,73f57af1-2e929298364db730,0.19117647058823528,0.45348837209302323
baa8e497-4da20547f1da0730,54e71b9b-d0923fbd17a74b63,0.1910204081632653,0.46613545816733065
dba80ad4-ae4e347ed8aabbed,6f037b1d-49bff5b33e2e0b80,0.1909814323607427,0.2647058823529412
8535bdf7-6cda2c5de8bf84c6,45561f1f-b7964ea6fbd32466,0.19095477386934673,0.4453125
cc9230d3-b726b8798d51113b,90b71536-6872ffbba31bf0e8,0.19090909090909092,0.4701492537313433
cc9230d3-b726b8798d51113b,6db218a2-72e0950e970437e8,0.19090909090909092,0.4701492537313433
5af25bd7-bab814ae1e80f49c,48801d9e-411ad98869dfa258,0.19047619047619047,0.4
810fd282-dd9527d444a6fd24,24afd00e-844f1b1251b4e118,0.19047619047619047,0.32558139534883723
cbbbed5f-178e7b1f9ffc2019,dd5fd2a2-70087dfdcda77065,0.19047619047619047,0.2376237623762376
d82fa7e3-433e9d46a5f89b2b,529d9642-6f654ad245282ea1,0.19031719532554256,0.29381443298969073
d82fa7e3-782e1e245ba4914a,529d9642-6f654ad245282ea1,0.19031719532554256,0.29381443298969073
cc9230d3-b726b8798d51113b,7f42483d-cde48ee17e0e67a9,0.19008264462809918,0.34328358208955223
dba80ad4-ae4e347ed8aabbed,51019113-10b98444e71e1a88,0.18983050847457628,0.20588235294117646
fa1bf524-17fca9779252364b,dd5fd2a2-70087dfdcda77065,0.18972332015810275,0.23529411764705882
810fd282-dd9527d444a6fd24,424c930b-5d91e2349deb1049,0.1897018970189702,0.4069767441860465
4499e3b9-a33dff95453263b5,6f037b1d-49bff5b33e2e0b80,0.1896551724137931,0.308411214953271
e86eb5b0-1a8cf2ecfad7c1e8,dba80ad4-ae4e347ed8aabbed,0.1896551724137931,0.22916666666666666
3a318b43-5bb701ac24759bf7,dcf09f37-13ece273e0e27db3,0.18960244648318042,0.2152777777777778
929b98f0-7a7a79ac5dcf8e4f,23cb8587-738b57e1ac344648,0.1895424836601307,0.25663716814159293
5af25bd7-bab814ae1e80f49c,45561f1f-b7964ea6fbd32466,0.1894353369763206,0.65
3a318b43-5bb701ac24759bf7,4303de0d-f61c80ad0d424346,0.1893491124260355,0.2222222222222222
3ff60986-16a42daeed85665a,316c9955-daf3ab7116f8e7e7,0.18924731182795698,0.3464566929133858
d0b4b96c-16a42daeed85665a,316c9955-daf3ab7116f8e7e7,0.18924731182795698,0.3464566929133858
ec558d69-a235442f66cc6e23,24afd00e-844f1b1251b4e118,0.1891891891891892,0.3181818181818182
fa1bf524-17fca9779252364b,4303de0d-f61c80ad0d424346,0.1891891891891892,0.27450980392156865
8535bdf7-6cda2c5de8bf84c6,5289e80a-8eb02c811ad43fdf,0.1890909090909091,0.203125
e7370eec-40eca4429a61f44d,bf85ab7b-08a1d251b6870a86,0.1889763779527559,0.1927710843373494
4303de0d-f61c80ad0d424346,90b71536-6872ffbba31bf0e8,0.18888888888888888,0.35051546391752575
4303de0d-f61c80ad0d424346,6db218a2-72e0950e970437e8,0.18888888888888888,0.35051546391752575
ec558d69-a235442f66cc6e23,6f037b1d-49bff5b33e2e0b80,0.1884498480243161,0.3522727272727273
0f3a2acf-de8b309828cb25f4,316c9955-daf3ab7116f8e7e7,0.18823529411764706,0.45977011494252873
853acff9-f99b0694fe9e5076,7f42483d-cde48ee17e0e67a9,0.1875,0.34615384615384615
810fd282-dd9527d444a6fd24,45561f1f-b7964ea6fbd32466,0.1873873873873874,0.6046511627906976
6255ee79-f5d7770b6e4b664e,90b71536-6872ffbba31bf0e8,0.18732782369146006,0.34
6255ee79-f5d7770b6e4b664e,6db218a2-72e0950e970437e8,0.18732782369146006,0.34
9069684f-fab714a1fbf680fb,529d9642-6f654ad245282ea1,0.18725099601593626,0.4845360824742268
e7370eec-40eca4429a61f44d,7f42483d-cde48ee17e0e67a9,0.18697829716193656,0.2248995983935743
77ec956f-adf46fc113a7897c,6f037b1d-49bff5b33e2e0b80,0.18691588785046728,0.375
ac8ef97c-adf46fc113a7897c,6f037b1d-49bff5b33e2e0b80,0.18691588785046728,0.375
2af19170-ef485115176f5e0b,2c865582-220a82fe684b1508,0.18685121107266436,0.2288135593220339
929b98f0-7a7a79ac5dcf8e4f,baa8e497-4da20547f1da0730,0.18681318681318682,0.3008849557522124
5af25bd7-bab814ae1e80f49c,316c9955-daf3ab7116f8e7e7,0.18660287081339713,0.4875
929b98f0-7a7a79ac5dcf8e4f,316c9955-daf3ab7116f8e7e7,0.18625277161862527,0.37168141592920356
16e6d8bb-907dd6e2f702b4fd,4e58558c-da8b1d30d372a726,0.18604651162790697,0.23255813953488372
16e6d8bb-907dd6e2f702b4fd,2bbc6c80-27f3c6b3d16cee39,0.18604651162790697,0.23255813953488372
4499e3b9-a33dff95453263b5,5a81e159-9a433132fc144213,0.18591549295774648,0.308411214953271
16e6d8bb-907dd6e2f702b4fd,bf85ab7b-08a1d251b6870a86,0.1855072463768116,0.37209302325581395
3ff60986-16a42daeed85665a,ef1117e3-d6f7af74c4d51034,0.1853448275862069,0.33858267716535434
d0b4b96c-16a42daeed85665a,ef1117e3-d6f7af74c4d51034,0.1853448275862069,0.33858267716535434
0f3a2acf-de8b309828cb25f4,5a81e159-9a433132fc144213,0.18507462686567164,0.3563218390804598
fa1bf524-17fca9779252364b,34aa6a45-df3c6d1bcb911d9b,0.18502202643171806,0.6176470588235294
dba80ad4-ae4e347ed8aabbed,1a31f5cb-39a41eeeccf00058,0.18487394957983194,0.2426470588235294
0f3a2acf-de8b309828cb25f4,dd5fd2a2-70087dfdcda77065,0.18487394957983194,0.25287356321839083
2c865582-220a82fe684b1508,baa8e497-4da20547f1da0730,0.1848341232227488,0.22807017543859648
ec558d69-a235442f66cc6e23,c73cd266-b38a218355e7b6b2,0.18433179723502305,0.22727272727272727
d74028ea-b6daf4d3a6e5f734,45561f1f-b7964ea6fbd32466,0.18401206636500755,0.31443298969072164
810fd282-dd9527d444a6fd24,baa8e497-4da20547f1da0730,0.18397626112759644,0.36046511627906974
16e6d8bb-907dd6e2f702b4fd,316c9955-daf3ab7116f8e7e7,0.18396226415094338,0.45348837209302323
8535bdf7-6cda2c5de8bf84c6,529d9642-6f654ad245282ea1,0.18386491557223264,0.3828125
3ff60986-16a42daeed85665a,90b71536-6872ffbba31bf0e8,0.18376722817764166,0.47244094488188976
3ff60986-16a42daeed85665a,6db218a2-72e0950e970437e8,0.18376722817764166,0.47244094488188976
d0b4b96c-16a42daeed85665a,90b71536-6872ffbba31bf0e8,0.18376722817764166,0.47244094488188976
d0b4b96c-16a42daeed85665a,6db218a2-72e0950e970437e8,0.18376722817764166,0.47244094488188976
dba80ad4-ae4e347ed8aabbed,48801d9e-411ad98869dfa258,0.1836734693877551,0.2647058823529412
929b98f0-7a7a79ac5dcf8e4f,e48933fa-3aa779d4db1d68cd,0.18333333333333332,0.2920353982300885
866a2d52-6de18ee6eeb5dc4f,74f4382e-ad03062b7b759d61,0.18323586744639375,0.3560606060606061
9069684f-fab714a1fbf680fb,8ad1ad84-13df7ae5296a31a6,0.183206106870229,0.6185567010309279
5af25bd7-bab814ae1e80f49c,23cb8587-738b57e1ac344648,0.18315018315018314,0.3125
dc575a6c-a26ed2a2fc5d4c8b,ef1117e3-d6f7af74c4d51034,0.18303571428571427,0.36936936936936937
baa8e497-4da20547f1da0730,529d9642-6f654ad245282ea1,0.18292682926829268,0.23904382470119523
929b98f0-7a7a79ac5dcf8e4f,a5f41b95-157413db377aff65,0.18282548476454294,0.2920353982300885
dba80ad4-ae4e347ed8aabbed,e48933fa-3aa779d4db1d68cd,0.18276762402088773,0.25735294117647056
6255ee79-f5d7770b6e4b664e,74f4382e-ad03062b7b759d61,0.18244406196213425,0.265
5af25bd7-bab814ae1e80f49c,e7370eec-40eca4429a61f44d,0.182370820668693,0.375
5af25bd7-bab814ae1e80f49c,dd5fd2a2-70087dfdcda77065,0.18181818181818182,0.2625
929b98f0-7a7a79ac5dcf8e4f,7f42483d-cde48ee17e0e67a9,0.18142548596112312,0.37168141592920356
ec558d69-a235442f66cc6e23,f652c678-1e5c9b24a8238616,0.18128654970760233,0.3522727272727273
8535bdf7-6cda2c5de8bf84c6,d2eb953e-66ba05ff08de8899,0.18125,0.2265625
c73cd266-b38a218355e7b6b2,dba80ad4-ae4e347ed8aabbed,0.1811320754716981,0.18604651162790697
4303de0d-f61c80ad0d424346,bf85ab7b-08a1d251b6870a86,0.18101545253863136,0.211340206185567
e48933fa-3aa779d4db1d68cd,7f42483d-cde48ee17e0e67a9,0.18090452261306533,0.21862348178137653
8535bdf7-6cda2c5de8bf84c6,a5f41b95-157413db377aff65,0.18085106382978725,0.265625
7f42483d-cde48ee17e0e67a9,34aa6a45-df3c6d1bcb911d9b,0.18083961248654468,0.24
8535bdf7-6cda2c5de8bf84c6,74f4382e-ad03062b7b759d61,0.1807465618860511,0.359375
ec558d69-a235442f66cc6e23,6255ee79-f5d7770b6e4b664e,0.18055555555555555,0.29545454545454547
e86eb5b0-1a8cf2ecfad7c1e8,74f4382e-ad03062b7b759d61,0.18029350104821804,0.4479166666666667
2af19170-ef485115176f5e0b,7f42483d-cde48ee17e0e67a9,0.1794871794871795,0.3559322033898305
dc575a6c-a26ed2a2fc5d4c8b,45561f1f-b7964ea6fbd32466,0.1793103448275862,0.46846846846846846
866a2d52-6de18ee6eeb5dc4f,ef1117e3-d6f7af74c4d51034,0.1791044776119403,0.3181818181818182
8535bdf7-6cda2c5de8bf84c6,c73cd266-b38a218355e7b6b2,0.17898832684824903,0.1796875
fa1bf524-17fca9779252364b,3a318b43-5bb701ac24759bf7,0.17886178861788618,0.21568627450980393
4499e3b9-a33dff95453263b5,baa8e497-4da20547f1da0730,0.1787709497206704,0.29906542056074764
0f3a2acf-de8b309828cb25f4,7f42483d-cde48ee17e0e67a9,0.17848970251716248,0.4482758620689655
d74028ea-b6daf4d3a6e5f734,54e71b9b-d0923fbd17a74b63,0.1780821917808219,0.5360824742268041
51019113-10b98444e71e1a88,74f4382e-ad03062b7b759d61,0.17777777777777778,0.3018867924528302
cbbbed5f-178e7b1f9ffc2019,316c9955-daf3ab7116f8e7e7,0.1776765375854214,0.38613861386138615
3a318b43-5bb701ac24759bf7,34aa6a45-df3c6d1bcb911d9b,0.17704011065006917,0.4444444444444444
dc575a6c-a26ed2a2fc5d4c8b,34aa6a45-df3c6d1bcb911d9b,0.17681159420289855,0.5495495495495496
77ec956f-adf46fc113a7897c,d2eb953e-66ba05ff08de8899,0.17647058823529413,0.3
ac8ef97c-adf46fc113a7897c,d2eb953e-66ba05ff08de8899,0.17647058823529413,0.3
77ec956f-adf46fc113a7897c,9a20c823-2d486e0263a5fc70,0.1762114537444934,0.25
ac8ef97c-adf46fc113a7897c,9a20c823-2d486e0263a5fc70,0.1762114537444934,0.25
929b98f0-7a7a79ac5dcf8e4f,d74028ea-b6daf4d3a6e5f734,0.1758957654723127,0.23893805309734514
7f42483d-cde48ee17e0e67a9,fd16f5b0-16ab93a1f417d37f,0.17586529466791395,0.26857142857142857
cbbbed5f-178e7b1f9ffc2019,90b71536-6872ffbba31bf0e8,0.17543859649122806,0.5445544554455446
cbbbed5f-178e7b1f9ffc2019,6db218a2-72e0950e970437e8,0.17543859649122806,0.5445544554455446
810fd282-dd9527d444a6fd24,bd584714-7b3d562837d0f48d,0.175,0.2441860465116279
cbbbed5f-178e7b1f9ffc2019,73f57af1-2e929298364db730,0.17494089834515367,0.36633663366336633
dcf09f37-13ece273e0e27db3,54e71b9b-d0923fbd17a74b63,0.17458945548833188,0.5519125683060109
e86eb5b0-1a8cf2ecfad7c1e8,a5f41b95-157413db377aff65,0.1744186046511628,0.3125
6255ee79-f5d7770b6e4b664e,bf85ab7b-08a1d251b6870a86,0.17429193899782136,0.2
2af19170-ef485115176f5e0b,90b71536-6872ffbba31bf0e8,0.17391304347826086,0.4745762711864407
810fd282-dd9527d444a6fd24,bf85ab7b-08a1d251b6870a86,0.17391304347826086,0.3488372093023256
2af19170-ef485115176f5e0b,6db218a2-72e0950e970437e8,0.17391304347826086,0.4745762711864407
9069684f-fab714a1fbf680fb,a5f41b95-157413db377aff65,0.17391304347826086,0.30927835051546393
3a318b43-5bb701ac24759bf7,fd16f5b0-16ab93a1f417d37f,0.17381228273464658,0.5208333333333334
dcf09f37-13ece273e0e27db3,74f4382e-ad03062b7b759d61,0.17375886524822695,0.2677595628415301
8535bdf7-6cda2c5de8bf84c6,dcf09f37-13ece273e0e27db3,0.17363344051446947,0.2109375
0f3a2acf-de8b309828cb25f4,bf85ab7b-08a1d251b6870a86,0.17341040462427745,0.3448275862068966
866a2d52-6de18ee6eeb5dc4f,90b71536-6872ffbba31bf0e8,0.17325227963525835,0.4318181818181818
866a2d52-6de18ee6eeb5dc4f,6db218a2-72e0950e970437e8,0.17325227963525835,0.4318181818181818
16e6d8bb-907dd6e2f702b4fd,45561f1f-b7964ea6fbd32466,0.17297297297297298,0.5581395348837209
fa1bf524-17fca9779252364b,316c9955-daf3ab7116f8e7e7,0.17272727272727273,0.37254901960784315
8535bdf7-6cda2c5de8bf84c6,24afd00e-844f1b1251b4e118,0.17261904761904762,0.2265625
8535bdf7-6cda2c5de8bf84c6,34aa6a45-df3c6d1bcb911d9b,0.17256011315417255,0.4765625
c73cd266-b38a218355e7b6b2,74f4382e-ad03062b7b759d61,0.17254901960784313,0.34108527131782945
0f3a2acf-de8b309828cb25f4,23cb8587-738b57e1ac344648,0.17142857142857143,0.27586206896551724
6255ee79-f5d7770b6e4b664e,ef1117e3-d6f7af74c4d51034,0.1713221601489758,0.23
4499e3b9-a33dff95453263b5,ef1117e3-d6f7af74c4d51034,0.17117117117117117,0.35514018691588783
dc575a6c-a26ed2a2fc5d4c8b,fd16f5b0-16ab93a1f417d37f,0.1710843373493976,0.6396396396396397
c73cd266-b38a218355e7b6b2,90b71536-6872ffbba31bf0e8,0.17099236641221374,0.43410852713178294
c73cd266-b38a218355e7b6b2,6db218a2-72e0950e970437e8,0.17099236641221374,0.43410852713178294
5289e80a-8eb02c811ad43fdf,baa8e497-4da20547f1da0730,0.1708542713567839,0.23129251700680273
5af25bd7-bab814ae1e80f49c,a5f41b95-157413db377aff65,0.17073170731707318,0.35
74b5ad88-161f80df7806b869,ef1117e3-d6f7af74c4d51034,0.1702127659574468,0.3007518796992481
ec558d69-a235442f66cc6e23,5289e80a-8eb02c811ad43fdf,0.1702127659574468,0.22727272727272727
4e58558c-da8b1d30d372a726,bf85ab7b-08a1d251b6870a86,0.17010309278350516,0.2558139534883721
2bbc6c80-27f3c6b3d16cee39,bf85ab7b-08a1d251b6870a86,0.17010309278350516,0.2558139534883721
dc575a6c-a26ed2a2fc5d4c8b,90b71536-6872ffbba31bf0e8,0.1695447409733124,0.4864864864864865
dc575a6c-a26ed2a2fc5d4c8b,6db218a2-72e0950e970437e8,0.1695447409733124,0.4864864864864865
dc575a6c-a26ed2a2fc5d4c8b,316c9955-daf3ab7116f8e7e7,0.16926503340757237,0.34234234234234234
77ec956f-adf46fc113a7897c,baa8e497-4da20547f1da0730,0.1691842900302115,0.35
e86eb5b0-1a8cf2ecfad7c1e8,2ef4c176-53d44a8520e9df9f,0.1691842900302115,0.2916666666666667
ac8ef97c-adf46fc113a7897c,baa8e497-4da20547f1da0730,0.1691842900302115,0.35
1a31f5cb-39a41eeeccf00058,54e71b9b-d0923fbd17a74b63,0.16903765690376568,0.45701357466063347
4499e3b9-a33dff95453263b5,853acff9-f99b0694fe9e5076,0.16877637130801687,0.18691588785046728
853acff9-f99b0694fe9e5076,baa8e497-4da20547f1da0730,0.1679790026246719,0.24615384615384617
4303de0d-f61c80ad0d424346,54e71b9b-d0923fbd17a74b63,0.1678082191780822,0.5051546391752577
d74028ea-b6daf4d3a6e5f734,bf85ab7b-08a1d251b6870a86,0.16777041942604856,0.1958762886597938
dd5fd2a2-70087dfdcda77065,45561f1f-b7964ea6fbd32466,0.16774193548387098,0.3443708609271523
77ec956f-adf46fc113a7897c,dcf09f37-13ece273e0e27db3,0.16730038022813687,0.275
ac8ef97c-adf46fc113a7897c,dcf09f37-13ece273e0e27db3,0.16730038022813687,0.275
ec558d69-a235442f66cc6e23,2ef4c176-53d44a8520e9df9f,0.16718266253869968,0.3068181818181818
4499e3b9-a33dff95453263b5,23cb8587-738b57e1ac344648,0.16666666666666666,0.2336448598130841
cc9230d3-b726b8798d51113b,baa8e497-4da20547f1da0730,0.16623376623376623,0.23880597014925373
cbbbed5f-178e7b1f9ffc2019,5a81e159-9a433132fc144213,0.166189111747851,0.2871287128712871
cbbbed5f-178e7b1f9ffc2019,74f4382e-ad03062b7b759d61,0.16597510373443983,0.39603960396039606
dba80ad4-ae4e347ed8aabbed,bd584714-7b3d562837d0f48d,0.16551724137931034,0.17647058823529413
bf85ab7b-08a1d251b6870a86,73f57af1-2e929298364db730,0.16523235800344235,0.18532818532818532
4499e3b9-a33dff95453263b5,dc575a6c-a26ed2a2fc5d4c8b,0.1651376146788991,0.16822429906542055
77ec956f-adf46fc113a7897c,2ef4c176-53d44a8520e9df9f,0.16507936507936508,0.325
ac8ef97c-adf46fc113a7897c,2ef4c176-53d44a8520e9df9f,0.16507936507936508,0.325
2c865582-220a82fe684b1508,54e71b9b-d0923fbd17a74b63,0.16419213973799127,0.5497076023391813
4499e3b9-a33dff95453263b5,424c930b-5d91e2349deb1049,0.1641025641025641,0.29906542056074764
e7370eec-40eca4429a61f44d,baa8e497-4da20547f1da0730,0.164,0.1646586345381526
4499e3b9-a33dff95453263b5,74f4382e-ad03062b7b759d61,0.16393442622950818,0.37383177570093457
810fd282-dd9527d444a6fd24,dcf09f37-13ece273e0e27db3,0.16356877323420074,0.2558139534883721
74b5ad88-161f80df7806b869,74f4382e-ad03062b7b759d61,0.16342412451361868,0.3157894736842105
dd5fd2a2-70087dfdcda77065,6f037b1d-49bff5b33e2e0b80,0.16326530612244897,0.2119205298013245
9069684f-fab714a1fbf680fb,74f4382e-ad03062b7b759d61,0.16317991631799164,0.4020618556701031
5af25bd7-bab814ae1e80f49c,ef1117e3-d6f7af74c4d51034,0.1630695443645084,0.425
8535bdf7-6cda2c5de8bf84c6,853acff9-f99b0694fe9e5076,0.16279069767441862,0.1640625
0f3a2acf-de8b309828cb25f4,529d9642-6f654ad245282ea1,0.16260162601626016,0.45977011494252873
4499e3b9-a33dff95453263b5,c9a316ca-74db6370d8bd06f7,0.16192560175054704,0.34579439252336447
4e58558c-da8b1d30d372a726,90b71536-6872ffbba31bf0e8,0.1618320610687023,0.4108527131782946
2bbc6c80-27f3c6b3d16cee39,90b71536-6872ffbba31bf0e8,0.1618320610687023,0.4108527131782946
4e58558c-da8b1d30d372a726,6db218a2-72e0950e970437e8,0.1618320610687023,0.4108527131782946
2bbc6c80-27f3c6b3d16cee39,6db218a2-72e0950e970437e8,0.1618320610687023,0.4108527131782946
810fd282-dd9527d444a6fd24,5a81e159-9a433132fc144213,0.16167664670658682,0.313953488372093
dd5fd2a2-70087dfdcda77065,1a31f5cb-39a41eeeccf00058,0.16129032258064516,0.1986754966887417
77ec956f-adf46fc113a7897c,279e274a-f704a3e547427e9d,0.16119402985074627,0.3375
ac8ef97c-adf46fc113a7897c,279e274a-f704a3e547427e9d,0.16119402985074627,0.3375
fa1bf524-17fca9779252364b,2c865582-220a82fe684b1508,0.16117216117216118,0.21568627450980393
fa1bf524-17fca9779252364b,45561f1f-b7964ea6fbd32466,0.16112084063047286,0.45098039215686275
5289e80a-8eb02c811ad43fdf,7f42483d-cde48ee17e0e67a9,0.16096579476861167,0.272108843537415
77ec956f-adf46fc113a7897c,48801d9e-411ad98869dfa258,0.16071428571428573,0.3375
ac8ef97c-adf46fc113a7897c,48801d9e-411ad98869dfa258,0.16071428571428573,0.3375
a5f41b95-157413db377aff65,7f42483d-cde48ee17e0e67a9,0.1605351170568562,0.1935483870967742
e86eb5b0-1a8cf2ecfad7c1e8,529d9642-6f654ad245282ea1,0.1596806387225549,0.4166666666666667
3ff60986-16a42daeed85665a,7f42483d-cde48ee17e0e67a9,0.15932914046121593,0.2992125984251969
d0b4b96c-16a42daeed85665a,7f42483d-cde48ee17e0e67a9,0.15932914046121593,0.2992125984251969
f652c678-1e5c9b24a8238616,7f42483d-cde48ee17e0e67a9,0.15894039735099338,0.1889763779527559
810fd282-dd9527d444a6fd24,529d9642-6f654ad245282ea1,0.15885947046843177,0.45348837209302323
6f037b1d-49bff5b33e2e0b80,fd16f5b0-16ab93a1f417d37f,0.15833333333333333,0.3153526970954357
4303de0d-f61c80ad0d424346,ef1117e3-d6f7af74c4d51034,0.15819209039548024,0.21649484536082475
853acff9-f99b0694fe9e5076,dba80ad4-ae4e347ed8aabbed,0.15789473684210525,0.16153846153846155
dba80ad4-ae4e347ed8aabbed,4303de0d-f61c80ad0d424346,0.15757575757575756,0.19117647058823528
9069684f-fab714a1fbf680fb,90b71536-6872ffbba31bf0e8,0.15730337078651685,0.5051546391752577
9069684f-fab714a1fbf680fb,6db218a2-72e0950e970437e8,0.15730337078651685,0.5051546391752577
ec558d69-a235442f66cc6e23,d2eb953e-66ba05ff08de8899,0.15714285714285714,0.25
baa8e497-4da20547f1da0730,73f57af1-2e929298364db730,0.15706806282722513,0.17928286852589642
ec558d69-a235442f66cc6e23,48801d9e-411ad98869dfa258,0.1569767441860465,0.3068181818181818
e86eb5b0-1a8cf2ecfad7c1e8,7f42483d-cde48ee17e0e67a9,0.15695067264573992,0.3645833333333333
9069684f-fab714a1fbf680fb,34aa6a45-df3c6d1bcb911d9b,0.15680473372781065,0.5463917525773195
ec558d69-a235442f66cc6e23,4e58558c-da8b1d30d372a726,0.15668202764976957,0.19318181818181818
ec558d69-a235442f66cc6e23,2bbc6c80-27f3c6b3d16cee39,0.15668202764976957,0.19318181818181818
ec558d69-a235442f66cc6e23,424c930b-5d91e2349deb1049,0.15633423180592992,0.32954545454545453
3a318b43-5bb701ac24759bf7,dd5fd2a2-70087dfdcda77065,0.15593220338983052,0.1597222222222222
fa1bf524-17fca9779252364b,d74028ea-b6daf4d3a6e5f734,0.1554054054054054,0.22549019607843138
810fd282-dd9527d444a6fd24,e7370eec-40eca4429a61f44d,0.15522388059701492,0.3023255813953488
2af19170-ef485115176f5e0b,34aa6a45-df3c6d1bcb911d9b,0.15494978479196556,0.4576271186440678
0f3a2acf-de8b309828cb25f4,e7370eec-40eca4429a61f44d,0.15476190476190477,0.2988505747126437
8535bdf7-6cda2c5de8bf84c6,e48933fa-3aa779d4db1d68cd,0.15466666666666667,0.2265625
77ec956f-adf46fc113a7897c,bd584714-7b3d562837d0f48d,0.15384615384615385,0.225
929b98f0-7a7a79ac5dcf8e4f,74f4382e-ad03062b7b759d61,0.15384615384615385,0.336283185840708
ac8ef97c-adf46fc113a7897c,bd584714-7b3d562837d0f48d,0.15384615384615385,0.225
51019113-10b98444e71e1a88,54e71b9b-d0923fbd17a74b63,0.15357458075904679,0.5471698113207547
3ff60986-16a42daeed85665a,74f4382e-ad03062b7b759d61,0.15354330708661418,0.30708661417322836
d0b4b96c-16a42daeed85665a,74f4382e-ad03062b7b759d61,0.15354330708661418,0.30708661417322836
5289e80a-8eb02c811ad43fdf,54e71b9b-d0923fbd17a74b63,0.1534344335414808,0.5850340136054422
ec558d69-a235442f66cc6e23,baa8e497-4da20547f1da0730,0.15339233038348082,0.29545454545454547
fa1bf524-17fca9779252364b,74f4382e-ad03062b7b759d61,0.15320910973084886,0.3627450980392157
1a31f5cb-39a41eeeccf00058,fd16f5b0-16ab93a1f417d37f,0.15319148936170213,0.3257918552036199
24afd00e-844f1b1251b4e118,baa8e497-4da20547f1da0730,0.15250544662309368,0.16826923076923078
5af25bd7-bab814ae1e80f49c,5a81e159-9a433132fc144213,0.1524390243902439,0.3125
dba80ad4-ae4e347ed8aabbed,d2eb953e-66ba05ff08de8899,0.1524390243902439,0.18382352941176472
fa1bf524-17fca9779252364b,6255ee79-f5d7770b6e4b664e,0.152317880794702,0.22549019607843138
9069684f-fab714a1fbf680fb,7f42483d-cde48ee17e0e67a9,0.15212527964205816,0.35051546391752575
5af25bd7-bab814ae1e80f49c,74f4382e-ad03062b7b759d61,0.15184381778741865,0.4375
6255ee79-f5d7770b6e4b664e,54e71b9b-d0923fbd17a74b63,0.151618398637138,0.445
5289e80a-8eb02c811ad43fdf,90b71536-6872ffbba31bf0e8,0.1515601783060921,0.3469387755102041
5289e80a-8eb02c811ad43fdf,6db218a2-72e0950e970437e8,0.1515601783060921,0.3469387755102041
16e6d8bb-907dd6e2f702b4fd,529d9642-6f654ad245282ea1,0.15071283095723015,0.43023255813953487
bd584714-7b3d562837d0f48d,54e71b9b-d0923fbd17a74b63,0.15070921985815602,0.551948051948052
baa8e497-4da20547f1da0730,fd16f5b0-16ab93a1f417d37f,0.15051546391752577,0.2908366533864542
4e58558c-da8b1d30d372a726,7f42483d-cde48ee17e0e67a9,0.15031315240083507,0.27906976744186046
2bbc6c80-27f3c6b3d16cee39,7f42483d-cde48ee17e0e67a9,0.15031315240083507,0.27906976744186046
929b98f0-7a7a79ac5dcf8e4f,34aa6a45-df3c6d1bcb911d9b,0.15028901734104047,0.46017699115044247
5af25bd7-bab814ae1e80f49c,6255ee79-f5d7770b6e4b664e,0.15,0.2625
e86eb5b0-1a8cf2ecfad7c1e8,8ad1ad84-13df7ae5296a31a6,0.14984709480122324,0.5104166666666666
ec558d69-a235442f66cc6e23,90b71536-6872ffbba31bf0e8,0.1498371335504886,0.5227272727272727
ec558d69-a235442f66cc6e23,6db218a2-72e0950e970437e8,0.1498371335504886,0.5227272727272727
2c865582-220a82fe684b1508,7f42483d-cde48ee17e0e67a9,0.14971209213051823,0.22807017543859648
4303de0d-f61c80ad0d424346,74f4382e-ad03062b7b759d61,0.14956521739130435,0.22164948453608246
77ec956f-adf46fc113a7897c,45561f1f-b7964ea6fbd32466,0.1493624772313297,0.5125
ac8ef97c-adf46fc113a7897c,45561f1f-b7964ea6fbd32466,0.1493624772313297,0.5125
3a318b43-5bb701ac24759bf7,90b71536-6872ffbba31bf0e8,0.14925373134328357,0.3472222222222222
3a318b43-5bb701ac24759bf7,6db218a2-72e0950e970437e8,0.14925373134328357,0.3472222222222222
929b98f0-7a7a79ac5dcf8e4f,8ad1ad84-13df7ae5296a31a6,0.14903129657228018,0.4424778761061947
3a318b43-5bb701ac24759bf7,d2eb953e-66ba05ff08de8899,0.1488095238095238,0.1736111111111111
4499e3b9-a33dff95453263b5,48801d9e-411ad98869dfa258,0.1487603305785124,0.2523364485981308
77ec956f-adf46fc113a7897c,316c9955-daf3ab7116f8e7e7,0.14832535885167464,0.3875
ac8ef97c-adf46fc113a7897c,316c9955-daf3ab7116f8e7e7,0.14832535885167464,0.3875
2af19170-ef485115176f5e0b,fd16f5b0-16ab93a1f417d37f,0.14814814814814814,0.5254237288135594
16e6d8bb-907dd6e2f702b4fd,2c865582-220a82fe684b1508,0.14785992217898833,0.22093023255813954
dc575a6c-a26ed2a2fc5d4c8b,7f42483d-cde48ee17e0e67a9,0.1475054229934924,0.3063063063063063
e7370eec-40eca4429a61f44d,90b71536-6872ffbba31bf0e8,0.14709677419354839,0.2289156626506024
e7370eec-40eca4429a61f44d,6db218a2-72e0950e970437e8,0.14709677419354839,0.2289156626506024
8535bdf7-6cda2c5de8bf84c6,54e71b9b-d0923fbd17a74b63,0.147005444646098,0.6328125
810fd282-dd9527d444a6fd24,7f42483d-cde48ee17e0e67a9,0.14678899082568808,0.37209302325581395
810fd282-dd9527d444a6fd24,316c9955-daf3ab7116f8e7e7,0.14622641509433962,0.36046511627906974
0f3a2acf-de8b309828cb25f4,ef1117e3-d6f7af74c4d51034,0.14622641509433962,0.3563218390804598
4499e3b9-a33dff95453263b5,45561f1f-b7964ea6fbd32466,0.14583333333333334,0.3925233644859813
ec558d69-a235442f66cc6e23,316c9955-daf3ab7116f8e7e7,0.14553990610328638,0.3522727272727273
bf85ab7b-08a1d251b6870a86,fd16f5b0-16ab93a1f417d37f,0.14519427402862986,0.27413127413127414
929b98f0-7a7a79ac5dcf8e4f,d2eb953e-66ba05ff08de8899,0.14426229508196722,0.19469026548672566
cbbbed5f-178e7b1f9ffc2019,34aa6a45-df3c6d1bcb911d9b,0.14411764705882352,0.48514851485148514
ec558d69-a235442f66cc6e23,bf85ab7b-08a1d251b6870a86,0.1440922190201729,0.2840909090909091
16e6d8bb-907dd6e2f702b4fd,5a81e159-9a433132fc144213,0.1437125748502994,0.27906976744186046
ec558d69-a235442f66cc6e23,e48933fa-3aa779d4db1d68cd,0.14328358208955225,0.2727272727272727
16e6d8bb-907dd6e2f702b4fd,8ad1ad84-13df7ae5296a31a6,0.14285714285714285,0.5348837209302325
16e6d8bb-907dd6e2f702b4fd,baa8e497-4da20547f1da0730,0.142433234421365,0.27906976744186046
ec558d69-a235442f66cc6e23,1a31f5cb-39a41eeeccf00058,0.1423948220064725,0.25
dd5fd2a2-70087dfdcda77065,54e71b9b-d0923fbd17a74b63,0.14222222222222222,0.5298013245033113
cbbbed5f-178e7b1f9ffc2019,c9a316ca-74db6370d8bd06f7,0.1419068736141907,0.31683168316831684
8535bdf7-6cda2c5de8bf84c6,fd16f5b0-16ab93a1f417d37f,0.14167650531286896,0.46875
2af19170-ef485115176f5e0b,54e71b9b-d0923fbd17a74b63,0.14102564102564102,0.652542372881356
929b98f0-7a7a79ac5dcf8e4f,90b71536-6872ffbba31bf0e8,0.14084507042253522,0.39823008849557523
929b98f0-7a7a79ac5dcf8e4f,6db218a2-72e0950e970437e8,0.14084507042253522,0.39823008849557523
cc9230d3-b726b8798d51113b,dba80ad4-ae4e347ed8aabbed,0.14074074074074075,0.1417910447761194
4499e3b9-a33dff95453263b5,e7370eec-40eca4429a61f44d,0.1404494382022472,0.2336448598130841
0f3a2acf-de8b309828cb25f4,45561f1f-b7964ea6fbd32466,0.14028776978417265,0.4482758620689655
d82fa7e3-433e9d46a5f89b2b,fd16f5b0-16ab93a1f417d37f,0.140197152245345,0.32989690721649484
d82fa7e3-782e1e245ba4914a,fd16f5b0-16ab93a1f417d37f,0.140197152245345,0.32989690721649484
4499e3b9-a33dff95453263b5,73f57af1-2e929298364db730,0.13986013986013987,0.2803738317757009
4499e3b9-a33dff95453263b5,316c9955-daf3ab7116f8e7e7,0.1393258426966292,0.2897196261682243
5af25bd7-bab814ae1e80f49c,73f57af1-2e929298364db730,0.13930348258706468,0.35
cbbbed5f-178e7b1f9ffc2019,fd16f5b0-16ab93a1f417d37f,0.13902439024390245,0.5643564356435643
cc9230d3-b726b8798d51113b,54e71b9b-d0923fbd17a74b63,0.13898916967509026,0.5746268656716418
5af25bd7-bab814ae1e80f49c,d74028ea-b6daf4d3a6e5f734,0.1386861313868613,0.2375
fa1bf524-17fca9779252364b,bf85ab7b-08a1d251b6870a86,0.13850415512465375,0.24509803921568626
cbbbed5f-178e7b1f9ffc2019,529d9642-6f654ad245282ea1,0.1383399209486166,0.3465346534653465
e86eb5b0-1a8cf2ecfad7c1e8,baa8e497-4da20547f1da0730,0.138328530259366,0.25
9069684f-fab714a1fbf680fb,fd16f5b0-16ab93a1f417d37f,0.13725490196078433,0.5773195876288659
16e6d8bb-907dd6e2f702b4fd,ef1117e3-d6f7af74c4d51034,0.13711583924349882,0.3372093023255814
8535bdf7-6cda2c5de8bf84c6,8ad1ad84-13df7ae5296a31a6,0.13702623906705538,0.3671875
fa1bf524-17fca9779252364b,fd16f5b0-16ab93a1f417d37f,0.1364190012180268,0.5490196078431373
4e58558c-da8b1d30d372a726,54e71b9b-d0923fbd17a74b63,0.1359927470534905,0.5813953488372093
2bbc6c80-27f3c6b3d16cee39,54e71b9b-d0923fbd17a74b63,0.1359927470534905,0.5813953488372093
866a2d52-6de18ee6eeb5dc4f,54e71b9b-d0923fbd17a74b63,0.13562386980108498,0.5681818181818182
9a20c823-2d486e0263a5fc70,54e71b9b-d0923fbd17a74b63,0.13559322033898305,0.5170068027210885
dba80ad4-ae4e347ed8aabbed,73f57af1-2e929298364db730,0.13537117903930132,0.22794117647058823
810fd282-dd9527d444a6fd24,34aa6a45-df3c6d1bcb911d9b,0.13533834586466165,0.5232558139534884
929b98f0-7a7a79ac5dcf8e4f,529d9642-6f654ad245282ea1,0.13513513513513514,0.30973451327433627
dba80ad4-ae4e347ed8aabbed,e7370eec-40eca4429a61f44d,0.13506493506493505,0.19117647058823528
810fd282-dd9527d444a6fd24,dd5fd2a2-70087dfdcda77065,0.1350210970464135,0.18604651162790697
8535bdf7-6cda2c5de8bf84c6,90b71536-6872ffbba31bf0e8,0.1345565749235474,0.34375
8535bdf7-6cda2c5de8bf84c6,6db218a2-72e0950e970437e8,0.1345565749235474,0.34375
e86eb5b0-1a8cf2ecfad7c1e8,45561f1f-b7964ea6fbd32466,0.13451327433628318,0.3958333333333333
fa1bf524-17fca9779252364b,dba80ad4-ae4e347ed8aabbed,0.13445378151260504,0.1568627450980392
77ec956f-adf46fc113a7897c,a5f41b95-157413db377aff65,0.13414634146341464,0.275
ac8ef97c-adf46fc113a7897c,a5f41b95-157413db377aff65,0.13414634146341464,0.275
ec558d69-a235442f66cc6e23,279e274a-f704a3e547427e9d,0.13411078717201166,0.26136363636363635
810fd282-dd9527d444a6fd24,90b71536-6872ffbba31bf0e8,0.13398692810457516,0.47674418604651164
810fd282-dd9527d444a6fd24,6db218a2-72e0950e970437e8,0.13398692810457516,0.47674418604651164
77ec956f-adf46fc113a7897c,4e58558c-da8b1d30d372a726,0.1339712918660287,0.175
77ec956f-adf46fc113a7897c,2bbc6c80-27f3c6b3d16cee39,0.1339712918660287,0.175
ac8ef97c-adf46fc113a7897c,4e58558c-da8b1d30d372a726,0.1339712918660287,0.175
ac8ef97c-adf46fc113a7897c,2bbc6c80-27f3c6b3d16cee39,0.1339712918660287,0.175
ec558d69-a235442f66cc6e23,dd5fd2a2-70087dfdcda77065,0.13389121338912133,0.18181818181818182
77ec956f-adf46fc113a7897c,e7370eec-40eca4429a61f44d,0.1337386018237082,0.275
ac8ef97c-adf46fc113a7897c,e7370eec-40eca4429a61f44d,0.1337386018237082,0.275
dba80ad4-ae4e347ed8aabbed,529d9642-6f654ad245282ea1,0.133086876155268,0.2647058823529412
fa1bf524-17fca9779252364b,c9a316ca-74db6370d8bd06f7,0.13274336283185842,0.29411764705882354
9069684f-fab714a1fbf680fb,baa8e497-4da20547f1da0730,0.13218390804597702,0.23711340206185566
5af25bd7-bab814ae1e80f49c,24afd00e-844f1b1251b4e118,0.13194444444444445,0.2375
16e6d8bb-907dd6e2f702b4fd,a5f41b95-157413db377aff65,0.1317365269461078,0.2558139534883721
dba80ad4-ae4e347ed8aabbed,dcf09f37-13ece273e0e27db3,0.13166144200626959,0.15441176470588236
0f3a2acf-de8b309828cb25f4,a5f41b95-157413db377aff65,0.13134328358208955,0.25287356321839083
dba80ad4-ae4e347ed8aabbed,316c9955-daf3ab7116f8e7e7,0.1308016877637131,0.22794117647058823
0f3a2acf-de8b309828cb25f4,90b71536-6872ffbba31bf0e8,0.13050570962479607,0.45977011494252873
0f3a2acf-de8b309828cb25f4,6db218a2-72e0950e970437e8,0.13050570962479607,0.45977011494252873
853acff9-f99b0694fe9e5076,54e71b9b-d0923fbd17a74b63,0.13043478260869565,0.5538461538461539
e86eb5b0-1a8cf2ecfad7c1e8,34aa6a45-df3c6d1bcb911d9b,0.13037037037037036,0.4583333333333333
dd5fd2a2-70087dfdcda77065,90b71536-6872ffbba31bf0e8,0.12998522895125553,0.2913907284768212
dd5fd2a2-70087dfdcda77065,6db218a2-72e0950e970437e8,0.12998522895125553,0.2913907284768212
4499e3b9-a33dff95453263b5,a5f41b95-157413db377aff65,0.1295774647887324,0.21495327102803738
dc575a6c-a26ed2a2fc5d4c8b,dba80ad4-ae4e347ed8aabbed,0.12955465587044535,0.14414414414414414
77ec956f-adf46fc113a7897c,ef1117e3-d6f7af74c4d51034,0.12949640287769784,0.3375
ac8ef97c-adf46fc113a7897c,ef1117e3-d6f7af74c4d51034,0.12949640287769784,0.3375
ec558d69-a235442f66cc6e23,45561f1f-b7964ea6fbd32466,0.12926391382405744,0.4090909090909091
3a318b43-5bb701ac24759bf7,54e71b9b-d0923fbd17a74b63,0.12880143112701253,0.5
cbbbed5f-178e7b1f9ffc2019,7f42483d-cde48ee17e0e67a9,0.1286031042128603,0.2871287128712871
4499e3b9-a33dff95453263b5,4e58558c-da8b1d30d372a726,0.1271186440677966,0.14018691588785046
4499e3b9-a33dff95453263b5,2bbc6c80-27f3c6b3d16cee39,0.1271186440677966,0.14018691588785046
dd5fd2a2-70087dfdcda77065,bf85ab7b-08a1d251b6870a86,0.12682926829268293,0.17218543046357615
4499e3b9-a33dff95453263b5,4303de0d-f61c80ad0d424346,0.12624584717607973,0.17757009345794392
810fd282-dd9527d444a6fd24,a5f41b95-157413db377aff65,0.12574850299401197,0.2441860465116279
3a318b43-5bb701ac24759bf7,7f42483d-cde48ee17e0e67a9,0.12550607287449392,0.2152777777777778
77ec956f-adf46fc113a7897c,90b71536-6872ffbba31bf0e8,0.1254125412541254,0.475
77ec956f-adf46fc113a7897c,6db218a2-72e0950e970437e8,0.1254125412541254,0.475
ac8ef97c-adf46fc113a7897c,90b71536-6872ffbba31bf0e8,0.1254125412541254,0.475
ac8ef97c-adf46fc113a7897c,6db218a2-72e0950e970437e8,0.1254125412541254,0.475
4499e3b9-a33dff95453263b5,74b5ad88-161f80df7806b869,0.125,0.14018691588785046
3a318b43-5bb701ac24759bf7,24afd00e-844f1b1251b4e118,0.125,0.1527777777777778
ec558d69-a235442f66cc6e23,5a81e159-9a433132fc144213,0.125,0.23863636363636365
74b5ad88-161f80df7806b869,54e71b9b-d0923fbd17a74b63,0.12466124661246612,0.518796992481203
ec558d69-a235442f66cc6e23,e7370eec-40eca4429a61f44d,0.12462908011869436,0.23863636363636365
dc575a6c-a26ed2a2fc5d4c8b,d82fa7e3-433e9d46a5f89b2b,0.12459016393442623,0.17117117117117117
dc575a6c-a26ed2a2fc5d4c8b,d82fa7e3-782e1e245ba4914a,0.12459016393442623,0.17117117117117117
77ec956f-adf46fc113a7897c,23cb8587-738b57e1ac344648,0.12454212454212454,0.2125
ac8ef97c-adf46fc113a7897c,23cb8587-738b57e1ac344648,0.12454212454212454,0.2125
16e6d8bb-907dd6e2f702b4fd,74f4382e-ad03062b7b759d61,0.12419700214132762,0.3372093023255814
77ec956f-adf46fc113a7897c,d74028ea-b6daf4d3a6e5f734,0.12408759124087591,0.2125
ac8ef97c-adf46fc113a7897c,d74028ea-b6daf4d3a6e5f734,0.12408759124087591,0.2125
ec558d69-a235442f66cc6e23,bd584714-7b3d562837d0f48d,0.12396694214876033,0.17045454545454544
0f3a2acf-de8b309828cb25f4,74f4382e-ad03062b7b759d61,0.12393162393162394,0.3333333333333333
dba80ad4-ae4e347ed8aabbed,90b71536-6872ffbba31bf0e8,0.12386706948640483,0.3014705882352941
dba80ad4-ae4e347ed8aabbed,6db218a2-72e0950e970437e8,0.12386706948640483,0.3014705882352941
5af25bd7-bab814ae1e80f49c,529d9642-6f654ad245282ea1,0.12371134020618557,0.375
929b98f0-7a7a79ac5dcf8e4f,853acff9-f99b0694fe9e5076,0.12345679012345678,0.13274336283185842
16e6d8bb-907dd6e2f702b4fd,34aa6a45-df3c6d1bcb911d9b,0.12330827067669173,0.47674418604651164
ec558d69-a235442f66cc6e23,7f42483d-cde48ee17e0e67a9,0.1232876712328767,0.3068181818181818
cbbbed5f-178e7b1f9ffc2019,24afd00e-844f1b1251b4e118,0.12297734627831715,0.18811881188118812
16e6d8bb-907dd6e2f702b4fd,24afd00e-844f1b1251b4e118,0.12244897959183673,0.20930232558139536
5af25bd7-bab814ae1e80f49c,8ad1ad84-13df7ae5296a31a6,0.12225705329153605,0.4875
3ff60986-16a42daeed85665a,54e71b9b-d0923fbd17a74b63,0.12170753860127158,0.5275590551181102
d0b4b96c-16a42daeed85665a,54e71b9b-d0923fbd17a74b63,0.12170753860127158,0.5275590551181102
77ec956f-adf46fc113a7897c,74f4382e-ad03062b7b759d61,0.12147505422993492,0.35
ac8ef97c-adf46fc113a7897c,74f4382e-ad03062b7b759d61,0.12147505422993492,0.35
dba80ad4-ae4e347ed8aabbed,d74028ea-b6daf4d3a6e5f734,0.12121212121212122,0.14705882352941177
4499e3b9-a33dff95453263b5,529d9642-6f654ad245282ea1,0.12109375,0.2897196261682243
5af25bd7-bab814ae1e80f49c,7f42483d-cde48ee17e0e67a9,0.12093023255813953,0.325
ec558d69-a235442f66cc6e23,d74028ea-b6daf4d3a6e5f734,0.12056737588652482,0.19318181818181818
0f3a2acf-de8b309828cb25f4,34aa6a45-df3c6d1bcb911d9b,0.12012012012012012,0.45977011494252873
810fd282-dd9527d444a6fd24,74f4382e-ad03062b7b759d61,0.11991434689507495,0.32558139534883723
929b98f0-7a7a79ac5dcf8e4f,54e71b9b-d0923fbd17a74b63,0.11959521619135234,0.5752212389380531
77ec956f-adf46fc113a7897c,2c865582-220a82fe684b1508,0.11952191235059761,0.1875
ac8ef97c-adf46fc113a7897c,2c865582-220a82fe684b1508,0.11952191235059761,0.1875
e86eb5b0-1a8cf2ecfad7c1e8,90b71536-6872ffbba31bf0e8,0.1189710610932476,0.3854166666666667
e86eb5b0-1a8cf2ecfad7c1e8,6db218a2-72e0950e970437e8,0.1189710610932476,0.3854166666666667
74b5ad88-161f80df7806b869,dba80ad4-ae4e347ed8aabbed,0.11895910780669144,0.12030075187969924
dba80ad4-ae4e347ed8aabbed,ef1117e3-d6f7af74c4d51034,0.11839323467230443,0.20588235294117646
810fd282-dd9527d444a6fd24,8ad1ad84-13df7ae5296a31a6,0.11801242236024845,0.4418604651162791
dc575a6c-a26ed2a2fc5d4c8b,74f4382e-ad03062b7b759d61,0.11788617886178862,0.26126126126126126
c73cd266-b38a218355e7b6b2,54e71b9b-d0923fbd17a74b63,0.11786038077969176,0.5038759689922481
ec558d69-a235442f66cc6e23,73f57af1-2e929298364db730,0.11707317073170732,0.2727272727272727
dba80ad4-ae4e347ed8aabbed,24afd00e-844f1b1251b4e118,0.11627906976744186,0.14705882352941177
8535bdf7-6cda2c5de8bf84c6,316c9955-daf3ab7116f8e7e7,0.11587982832618025,0.2109375
cbbbed5f-178e7b1f9ffc2019,54e71b9b-d0923fbd17a74b63,0.11534883720930232,0.6138613861386139
dc575a6c-a26ed2a2fc5d4c8b,54e71b9b-d0923fbd17a74b63,0.11428571428571428,0.5585585585585585
77ec956f-adf46fc113a7897c,6255ee79-f5d7770b6e4b664e,0.11428571428571428,0.2
16e6d8bb-907dd6e2f702b4fd,fd16f5b0-16ab93a1f417d37f,0.11428571428571428,0.5348837209302325
ac8ef97c-adf46fc113a7897c,6255ee79-f5d7770b6e4b664e,0.11428571428571428,0.2
ec558d69-a235442f66cc6e23,529d9642-6f654ad245282ea1,0.11359026369168357,0.3181818181818182
dc575a6c-a26ed2a2fc5d4c8b,bf85ab7b-08a1d251b6870a86,0.11351351351351352,0.1891891891891892
4499e3b9-a33dff95453263b5,d74028ea-b6daf4d3a6e5f734,0.11295681063122924,0.1588785046728972
77ec956f-adf46fc113a7897c,dd5fd2a2-70087dfdcda77065,0.11255411255411256,0.1625
ac8ef97c-adf46fc113a7897c,dd5fd2a2-70087dfdcda77065,0.11255411255411256,0.1625
dba80ad4-ae4e347ed8aabbed,74f4382e-ad03062b7b759d61,0.11218568665377177,0.21323529411764705
8535bdf7-6cda2c5de8bf84c6,e7370eec-40eca4429a61f44d,0.11140583554376658,0.1640625
77ec956f-adf46fc113a7897c,24afd00e-844f1b1251b4e118,0.1111111111111111,0.2
ac8ef97c-adf46fc113a7897c,24afd00e-844f1b1251b4e118,0.1111111111111111,0.2
dba80ad4-ae4e347ed8aabbed,8ad1ad84-13df7ae5296a31a6,0.10951008645533142,0.27941176470588236
16e6d8bb-907dd6e2f702b4fd,54e71b9b-d0923fbd17a74b63,0.10943396226415095,0.6744186046511628
810fd282-dd9527d444a6fd24,54e71b9b-d0923fbd17a74b63,0.10943396226415095,0.6744186046511628
810fd282-dd9527d444a6fd24,fd16f5b0-16ab93a1f417d37f,0.1093167701863354,0.5116279069767442
5af25bd7-bab814ae1e80f49c,34aa6a45-df3c6d1bcb911d9b,0.10925644916540213,0.45
5af25bd7-bab814ae1e80f49c,baa8e497-4da20547f1da0730,0.10876132930513595,0.225
9069684f-fab714a1fbf680fb,54e71b9b-d0923fbd17a74b63,0.10830999066293184,0.5979381443298969
fa1bf524-17fca9779252364b,90b71536-6872ffbba31bf0e8,0.10828025477707007,0.3333333333333333
fa1bf524-17fca9779252364b,6db218a2-72e0950e970437e8,0.10828025477707007,0.3333333333333333
929b98f0-7a7a79ac5dcf8e4f,fd16f5b0-16ab93a1f417d37f,0.10817307692307693,0.39823008849557523
ec558d69-a235442f66cc6e23,34aa6a45-df3c6d1bcb911d9b,0.10794602698650675,0.4090909090909091
fa1bf524-17fca9779252364b,54e71b9b-d0923fbd17a74b63,0.10780669144981413,0.5686274509803921
77ec956f-adf46fc113a7897c,fffc11ee-302e373a0cb33770,0.10702341137123746,0.2
ac8ef97c-adf46fc113a7897c,fffc11ee-302e373a0cb33770,0.10702341137123746,0.2
ec558d69-a235442f66cc6e23,23cb8587-738b57e1ac344648,0.10676156583629894,0.17045454545454544
dba80ad4-ae4e347ed8aabbed,34aa6a45-df3c6d1bcb911d9b,0.1062937062937063,0.27941176470588236
e86eb5b0-1a8cf2ecfad7c1e8,fd16f5b0-16ab93a1f417d37f,0.10552147239263804,0.4479166666666667
dba80ad4-ae4e347ed8aabbed,fd16f5b0-16ab93a1f417d37f,0.10526315789473684,0.33088235294117646
cc9230d3-b726b8798d51113b,74f4382e-ad03062b7b759d61,0.10485436893203884,0.20149253731343283
4499e3b9-a33dff95453263b5,dcf09f37-13ece273e0e27db3,0.10344827586206896,0.14018691588785046
dba80ad4-ae4e347ed8aabbed,23cb8587-738b57e1ac344648,0.1033434650455927,0.125
dba80ad4-ae4e347ed8aabbed,7f42483d-cde48ee17e0e67a9,0.102880658436214,0.18382352941176472
e86eb5b0-1a8cf2ecfad7c1e8,54e71b9b-d0923fbd17a74b63,0.102803738317757,0.5729166666666666
4499e3b9-a33dff95453263b5,8ad1ad84-13df7ae5296a31a6,0.10225563909774436,0.3177570093457944
fa1bf524-17fca9779252364b,7f42483d-cde48ee17e0e67a9,0.10176991150442478,0.22549019607843138
4499e3b9-a33dff95453263b5,d2eb953e-66ba05ff08de8899,0.10033444816053512,0.14018691588785046
77ec956f-adf46fc113a7897c,8ad1ad84-13df7ae5296a31a6,0.10031347962382445,0.4
ac8ef97c-adf46fc113a7897c,8ad1ad84-13df7ae5296a31a6,0.10031347962382445,0.4
23cb8587-738b57e1ac344648,7f42483d-cde48ee17e0e67a9,0.09944751381215469,0.13989637305699482
0f3a2acf-de8b309828cb25f4,8ad1ad84-13df7ae5296a31a6,0.09922480620155039,0.367816091954023
4499e3b9-a33dff95453263b5,34aa6a45-df3c6d1bcb911d9b,0.09912536443148688,0.3177570093457944
8535bdf7-6cda2c5de8bf84c6,ef1117e3-d6f7af74c4d51034,0.0989247311827957,0.1796875
ec558d69-a235442f66cc6e23,74f4382e-ad03062b7b759d61,0.09808102345415778,0.26136363636363635
4499e3b9-a33dff95453263b5,fd16f5b0-16ab93a1f417d37f,0.09685230024213075,0.37383177570093457
ec558d69-a235442f66cc6e23,54e71b9b-d0923fbd17a74b63,0.096045197740113,0.5795454545454546
ec558d69-a235442f66cc6e23,a5f41b95-157413db377aff65,0.09523809523809523,0.18181818181818182
5af25bd7-bab814ae1e80f49c,fd16f5b0-16ab93a1f417d37f,0.09261576971214018,0.4625
5af25bd7-bab814ae1e80f49c,90b71536-6872ffbba31bf0e8,0.0924092409240924,0.35
5af25bd7-bab814ae1e80f49c,6db218a2-72e0950e970437e8,0.0924092409240924,0.35
16e6d8bb-907dd6e2f702b4fd,7f42483d-cde48ee17e0e67a9,0.09174311926605505,0.23255813953488372
cbbbed5f-178e7b1f9ffc2019,a5f41b95-157413db377aff65,0.09169054441260745,0.15841584158415842
fa1bf524-17fca9779252364b,baa8e497-4da20547f1da0730,0.0906515580736544,0.1568627450980392
dba80ad4-ae4e347ed8aabbed,54e71b9b-d0923fbd17a74b63,0.09009009009009009,0.36764705882352944
0f3a2acf-de8b309828cb25f4,54e71b9b-d0923fbd17a74b63,0.0885956644674835,0.5402298850574713
16e6d8bb-907dd6e2f702b4fd,90b71536-6872ffbba31bf0e8,0.08823529411764706,0.313953488372093
16e6d8bb-907dd6e2f702b4fd,6db218a2-72e0950e970437e8,0.08823529411764706,0.313953488372093
0f3a2acf-de8b309828cb25f4,fd16f5b0-16ab93a1f417d37f,0.08684863523573201,0.40229885057471265
ec558d69-a235442f66cc6e23,8ad1ad84-13df7ae5296a31a6,0.08668730650154799,0.3181818181818182
8535bdf7-6cda2c5de8bf84c6,dd5fd2a2-70087dfdcda77065,0.08602150537634409,0.09375
4499e3b9-a33dff95453263b5,dd5fd2a2-70087dfdcda77065,0.08527131782945736,0.102803738317757
77ec956f-adf46fc113a7897c,34aa6a45-df3c6d1bcb911d9b,0.08497723823975721,0.35
ac8ef97c-adf46fc113a7897c,34aa6a45-df3c6d1bcb911d9b,0.08497723823975721,0.35
77ec956f-adf46fc113a7897c,73f57af1-2e929298364db730,0.0845771144278607,0.2125
ac8ef97c-adf46fc113a7897c,73f57af1-2e929298364db730,0.0845771144278607,0.2125
5af25bd7-bab814ae1e80f49c,c9a316ca-74db6370d8bd06f7,0.08372093023255814,0.225
77ec956f-adf46fc113a7897c,c9a316ca-74db6370d8bd06f7,0.08372093023255814,0.225
ac8ef97c-adf46fc113a7897c,c9a316ca-74db6370d8bd06f7,0.08372093023255814,0.225
4499e3b9-a33dff95453263b5,54e71b9b-d0923fbd17a74b63,0.08325624421831637,0.4205607476635514
ec558d69-a235442f66cc6e23,fd16f5b0-16ab93a1f417d37f,0.08178438661710037,0.375
ec558d69-a235442f66cc6e23,dcf09f37-13ece273e0e27db3,0.08118081180811808,0.125
cbbbed5f-178e7b1f9ffc2019,2c865582-220a82fe684b1508,0.08088235294117647,0.10891089108910891
5af25bd7-bab814ae1e80f49c,2c865582-220a82fe684b1508,0.0796812749003984,0.125
77ec956f-adf46fc113a7897c,5a81e159-9a433132fc144213,0.07926829268292683,0.1625
ac8ef97c-adf46fc113a7897c,5a81e159-9a433132fc144213,0.07926829268292683,0.1625
4499e3b9-a33dff95453263b5,7f42483d-cde48ee17e0e67a9,0.0787746170678337,0.16822429906542055
4499e3b9-a33dff95453263b5,24afd00e-844f1b1251b4e118,0.0761904761904762,0.11214953271028037
4499e3b9-a33dff95453263b5,90b71536-6872ffbba31bf0e8,0.07582938388625593,0.22429906542056074
4499e3b9-a33dff95453263b5,6db218a2-72e0950e970437e8,0.07582938388625593,0.22429906542056074
810fd282-dd9527d444a6fd24,ef1117e3-d6f7af74c4d51034,0.07565011820330969,0.18604651162790697
4e58558c-da8b1d30d372a726,dba80ad4-ae4e347ed8aabbed,0.07547169811320754,0.07751937984496124
2bbc6c80-27f3c6b3d16cee39,dba80ad4-ae4e347ed8aabbed,0.07547169811320754,0.07751937984496124
ec558d69-a235442f66cc6e23,ef1117e3-d6f7af74c4d51034,0.07529411764705882,0.18181818181818182
77ec956f-adf46fc113a7897c,7f42483d-cde48ee17e0e67a9,0.07441860465116279,0.2
ac8ef97c-adf46fc113a7897c,7f42483d-cde48ee17e0e67a9,0.07441860465116279,0.2
4499e3b9-a33dff95453263b5,fffc11ee-302e373a0cb33770,0.0736196319018405,0.11214953271028037
5af25bd7-bab814ae1e80f49c,54e71b9b-d0923fbd17a74b63,0.06641366223908918,0.4375
77ec956f-adf46fc113a7897c,fd16f5b0-16ab93a1f417d37f,0.0625782227784731,0.3125
ac8ef97c-adf46fc113a7897c,fd16f5b0-16ab93a1f417d37f,0.0625782227784731,0.3125
77ec956f-adf46fc113a7897c,529d9642-6f654ad245282ea1,0.05360824742268041,0.1625
ac8ef97c-adf46fc113a7897c,529d9642-6f654ad245282ea1,0.05360824742268041,0.1625
77ec956f-adf46fc113a7897c,54e71b9b-d0923fbd17a74b63,0.05313092979127135,0.35
ac8ef97c-adf46fc113a7897c,54e71b9b-d0923fbd17a74b63,0.05313092979127135,0.35
929b98f0-7a7a79ac5dcf8e4f,4e58558c-da8b1d30d372a726,0.049586776859504134,0.05309734513274336
929b98f0-7a7a79ac5dcf8e4f,2bbc6c80-27f3c6b3d16cee39,0.049586776859504134,0.05309734513274336
dba80ad4-ae4e347ed8aabbed,dd5fd2a2-70087dfdcda77065,0.04878048780487805,0.051470588235294115
929b98f0-7a7a79ac5dcf8e4f,dd5fd2a2-70087dfdcda77065,0.045454545454545456,0.05309734513274336
