submissionName1,submissionName2,averageSimilarity,maxSimilarity
0b27be88-8efa749b77f997ee,3f4a5b64-8efa749b77f997ee,1.0,1.0
d55c238c-f30f695825446743,ebce9e39-f30f695825446743,1.0,1.0
21123500-e12930f0257c0bc5,fbd26aa0-e12930f0257c0bc5,1.0,1.0
b728ba1d-3f8b530de1c46258,d04e5afb-69fc7bceb8fdf2d3,1.0,1.0
b728ba1d-3f8b530de1c46258,d04e5afb-bb51c95653192408,1.0,1.0
b728ba1d-3f8b530de1c46258,b728ba1d-fd8a15b0393da057,1.0,1.0
d04e5afb-69fc7bceb8fdf2d3,d04e5afb-bb51c95653192408,1.0,1.0
b728ba1d-fd8a15b0393da057,d04e5afb-69fc7bceb8fdf2d3,1.0,1.0
b728ba1d-fd8a15b0393da057,d04e5afb-bb51c95653192408,1.0,1.0
5dbd0a07-3bfbd898c47b82dd,bdc08e6f-443b55d42ad9cbef,1.0,1.0
4fd752f7-c74c99add65aa484,c7239c97-c74c99add65aa484,1.0,1.0
8f31b279-9d766d429800c2da,3b5cec19-e9e3b340a83c14f3,0.959349593495935,1.0
aa8091b0-1eb4a9b6127c3413,eec856c0-6681d74ff3e3f063,0.9523809523809523,0.9615384615384616
829d2024-34110f49d01b5189,8f31b279-9d766d429800c2da,0.9310344827586207,0.9473684210526315
829d2024-34110f49d01b5189,3b5cec19-e9e3b340a83c14f3,0.8925619834710744,0.9473684210526315
9852706b-dc2846d870c40dd6,3b5cec19-e9e3b340a83c14f3,0.8099173553719008,0.8596491228070176
829d2024-34110f49d01b5189,8a20e743-b9a360f36685b924,0.7874015748031497,0.8771929824561403
9852706b-dc2846d870c40dd6,4212c4b9-8b9abbe7169dae20,0.7874015748031497,0.8771929824561403
829d2024-34110f49d01b5189,ea899386-c146e2b9378cb20e,0.7692307692307693,0.8771929824561403
829d2024-34110f49d01b5189,bf0df1d5-22e0cc7e97c006fd,0.7580645161290323,0.8245614035087719
829d2024-34110f49d01b5189,9852706b-dc2846d870c40dd6,0.7543859649122807,0.7543859649122807
3b5cec19-e9e3b340a83c14f3,4212c4b9-8b9abbe7169dae20,0.746268656716418,0.78125
9852706b-dc2846d870c40dd6,8f31b279-9d766d429800c2da,0.7413793103448276,0.7543859649122807
bf0df1d5-22e0cc7e97c006fd,ea899386-c146e2b9378cb20e,0.7285714285714285,0.7611940298507462
829d2024-34110f49d01b5189,4a570de6-16cc55249fee2574,0.7272727272727273,0.7719298245614035
8f31b279-9d766d429800c2da,ea899386-c146e2b9378cb20e,0.7272727272727273,0.8135593220338984
9852706b-dc2846d870c40dd6,0017d438-960ae693e652c652,0.7241379310344828,0.7368421052631579
9852706b-dc2846d870c40dd6,6c4ac8d3-ce1d5991f80ca11f,0.7230769230769231,0.8245614035087719
3b5cec19-e9e3b340a83c14f3,bf0df1d5-22e0cc7e97c006fd,0.7175572519083969,0.734375
8f31b279-9d766d429800c2da,4a570de6-16cc55249fee2574,0.7154471544715447,0.7457627118644068
829d2024-34110f49d01b5189,cd835290-3f9ba9971df22437,0.7142857142857143,0.7894736842105263
8f31b279-9d766d429800c2da,bf0df1d5-22e0cc7e97c006fd,0.7142857142857143,0.7627118644067796
3b5cec19-e9e3b340a83c14f3,ea899386-c146e2b9378cb20e,0.7007299270072993,0.75
cd835290-3f9ba9971df22437,086f0f90-caf7b89bcda85104,0.6986301369863014,0.7391304347826086
cd835290-3f9ba9971df22437,4d279121-0ff077c1f36379a7,0.6950354609929078,0.7101449275362319
829d2024-34110f49d01b5189,6c4ac8d3-ce1d5991f80ca11f,0.6923076923076923,0.7894736842105263
8f31b279-9d766d429800c2da,cd835290-3f9ba9971df22437,0.6875,0.7457627118644068
3b5cec19-e9e3b340a83c14f3,4a570de6-16cc55249fee2574,0.6875,0.6875
bf0df1d5-22e0cc7e97c006fd,4212c4b9-8b9abbe7169dae20,0.6861313868613139,0.7014925373134329
752ea9a5-4e1704b5a2a2e60e,b2ec0eff-27c52d42cf6ae9c0,0.6855345911949685,0.8014705882352942
cd835290-3f9ba9971df22437,e435b1ac-725ccefba23c4954,0.684931506849315,0.7246376811594203
24b20554-a5b1e55952e1ee2b,43b10dec-7a545eeabb0d7e28,0.6818181818181818,0.7142857142857143
bf0df1d5-22e0cc7e97c006fd,e435b1ac-725ccefba23c4954,0.6805555555555556,0.7313432835820896
24b20554-a5b1e55952e1ee2b,18e2441c-e09a749e7650e525,0.6802721088435374,0.7936507936507936
9852706b-dc2846d870c40dd6,4a570de6-16cc55249fee2574,0.6776859504132231,0.7192982456140351
b5fbe7a2-6d2c84f49bfccf11,1c4d348d-5efc0e31e7b0848c,0.676923076923077,0.7333333333333333
bf0df1d5-22e0cc7e97c006fd,cd835290-3f9ba9971df22437,0.6764705882352942,0.6865671641791045
cd835290-3f9ba9971df22437,ea899386-c146e2b9378cb20e,0.676056338028169,0.6956521739130435
bf0df1d5-22e0cc7e97c006fd,d1cd194e-51c7f119cb492311,0.676056338028169,0.7164179104477612
4212c4b9-8b9abbe7169dae20,1071f735-61e1aff4bf0c237d,0.6746987951807228,0.8
829d2024-34110f49d01b5189,4d279121-0ff077c1f36379a7,0.6666666666666666,0.7543859649122807
9852706b-dc2846d870c40dd6,b5fbe7a2-6d2c84f49bfccf11,0.6666666666666666,0.6842105263157895
43b10dec-7a545eeabb0d7e28,18e2441c-e09a749e7650e525,0.6666666666666666,0.7391304347826086
3b5cec19-e9e3b340a83c14f3,cd835290-3f9ba9971df22437,0.6616541353383458,0.6875
829d2024-34110f49d01b5189,4212c4b9-8b9abbe7169dae20,0.6614173228346457,0.7368421052631579
9852706b-dc2846d870c40dd6,bf0df1d5-22e0cc7e97c006fd,0.6612903225806451,0.7192982456140351
4212c4b9-8b9abbe7169dae20,8a20e743-b9a360f36685b924,0.6571428571428571,0.6571428571428571
3b5cec19-e9e3b340a83c14f3,6c4ac8d3-ce1d5991f80ca11f,0.656934306569343,0.703125
8f31b279-9d766d429800c2da,8a20e743-b9a360f36685b924,0.6511627906976745,0.711864406779661
8f31b279-9d766d429800c2da,4212c4b9-8b9abbe7169dae20,0.6511627906976745,0.711864406779661
cd835290-3f9ba9971df22437,dbffab11-fdab463886beb879,0.6486486486486487,0.6956521739130435
0922b7e7-07b38c3d5335955e,8a5fe3d9-c2dc87d910239371,0.647887323943662,0.6865671641791045
4212c4b9-8b9abbe7169dae20,4d279121-0ff077c1f36379a7,0.647887323943662,0.6571428571428571
ea899386-c146e2b9378cb20e,dbffab11-fdab463886beb879,0.6447368421052632,0.6712328767123288
bf0df1d5-22e0cc7e97c006fd,dbffab11-fdab463886beb879,0.6438356164383562,0.7014925373134329
4212c4b9-8b9abbe7169dae20,6c4ac8d3-ce1d5991f80ca11f,0.6433566433566433,0.6571428571428571
8f31b279-9d766d429800c2da,4d279121-0ff077c1f36379a7,0.6412213740458015,0.711864406779661
a3e272af-da6a1661a8f461cc,565f77b7-ba8553bf0459956f,0.6363636363636364,0.6588235294117647
bf0df1d5-22e0cc7e97c006fd,6c4ac8d3-ce1d5991f80ca11f,0.6285714285714286,0.6567164179104478
829d2024-34110f49d01b5189,086f0f90-caf7b89bcda85104,0.6268656716417911,0.7368421052631579
3b5cec19-e9e3b340a83c14f3,8a20e743-b9a360f36685b924,0.6268656716417911,0.65625
3b5cec19-e9e3b340a83c14f3,1071f735-61e1aff4bf0c237d,0.625,0.78125
31f29772-6d2ce65449951922,b728ba1d-3f8b530de1c46258,0.6217616580310881,0.631578947368421
31f29772-6d2ce65449951922,d04e5afb-69fc7bceb8fdf2d3,0.6217616580310881,0.631578947368421
31f29772-6d2ce65449951922,d04e5afb-bb51c95653192408,0.6217616580310881,0.631578947368421
31f29772-6d2ce65449951922,b728ba1d-fd8a15b0393da057,0.6217616580310881,0.631578947368421
bf0df1d5-22e0cc7e97c006fd,f7fc2e94-c1ac1a09a6ecfec9,0.6197183098591549,0.6567164179104478
3b5cec19-e9e3b340a83c14f3,4d279121-0ff077c1f36379a7,0.6176470588235294,0.65625
829d2024-34110f49d01b5189,b5fbe7a2-6d2c84f49bfccf11,0.6153846153846154,0.631578947368421
b5fbe7a2-6d2c84f49bfccf11,31f29772-6d2ce65449951922,0.6064516129032258,0.7833333333333333
d2f74dfc-c647b91937eabf95,24044589-6525c627e0c34883,0.6060606060606061,0.6329113924050633
9852706b-dc2846d870c40dd6,4d279121-0ff077c1f36379a7,0.6046511627906976,0.6842105263157895
bf0df1d5-22e0cc7e97c006fd,25151980-cde67178d1ce0814,0.60431654676259,0.6268656716417911
4d279121-0ff077c1f36379a7,e435b1ac-725ccefba23c4954,0.6040268456375839,0.625
829d2024-34110f49d01b5189,b2590225-d2dd36b85a46fb10,0.6029411764705882,0.7192982456140351
bf0df1d5-22e0cc7e97c006fd,b2590225-d2dd36b85a46fb10,0.6027397260273972,0.6567164179104478
e435b1ac-725ccefba23c4954,dbffab11-fdab463886beb879,0.6025641025641025,0.6103896103896104
829d2024-34110f49d01b5189,1071f735-61e1aff4bf0c237d,0.6013071895424836,0.8070175438596491
c7239c97-c74c99add65aa484,e8006510-ee67e2b4f9438f06,0.5989847715736041,0.6082474226804123
4fd752f7-c74c99add65aa484,e8006510-ee67e2b4f9438f06,0.5989847715736041,0.6082474226804123
086f0f90-caf7b89bcda85104,e435b1ac-725ccefba23c4954,0.5974025974025974,0.5974025974025974
829d2024-34110f49d01b5189,e435b1ac-725ccefba23c4954,0.5970149253731343,0.7017543859649122
4a570de6-16cc55249fee2574,4212c4b9-8b9abbe7169dae20,0.5970149253731343,0.625
e435b1ac-725ccefba23c4954,a3e272af-da6a1661a8f461cc,0.5925925925925926,0.6233766233766234
829d2024-34110f49d01b5189,d1cd194e-51c7f119cb492311,0.5909090909090909,0.6842105263157895
cd835290-3f9ba9971df22437,4212c4b9-8b9abbe7169dae20,0.5899280575539568,0.5942028985507246
8f31b279-9d766d429800c2da,b5fbe7a2-6d2c84f49bfccf11,0.5882352941176471,0.5932203389830508
8f31b279-9d766d429800c2da,e435b1ac-725ccefba23c4954,0.5882352941176471,0.6779661016949152
ea899386-c146e2b9378cb20e,e435b1ac-725ccefba23c4954,0.5866666666666667,0.6027397260273972
6c4ac8d3-ce1d5991f80ca11f,086f0f90-caf7b89bcda85104,0.5866666666666667,0.6027397260273972
4a570de6-16cc55249fee2574,cd835290-3f9ba9971df22437,0.5864661654135338,0.609375
bf0df1d5-22e0cc7e97c006fd,8a20e743-b9a360f36685b924,0.583941605839416,0.5970149253731343
8f31b279-9d766d429800c2da,1071f735-61e1aff4bf0c237d,0.5806451612903226,0.7627118644067796
8a5fe3d9-c2dc87d910239371,c34bb733-7ef4a114ed602603,0.58,0.7733333333333333
0017d438-960ae693e652c652,dbffab11-fdab463886beb879,0.5797101449275363,0.6779661016949152
8a20e743-b9a360f36685b924,1071f735-61e1aff4bf0c237d,0.5783132530120482,0.6857142857142857
9852706b-dc2846d870c40dd6,25151980-cde67178d1ce0814,0.5736434108527132,0.6491228070175439
0017d438-960ae693e652c652,4212c4b9-8b9abbe7169dae20,0.5736434108527132,0.6271186440677966
8f31b279-9d766d429800c2da,086f0f90-caf7b89bcda85104,0.5735294117647058,0.6610169491525424
8a20e743-b9a360f36685b924,6c4ac8d3-ce1d5991f80ca11f,0.5734265734265734,0.5857142857142857
cd835290-3f9ba9971df22437,31f29772-6d2ce65449951922,0.573170731707317,0.6811594202898551
cd835290-3f9ba9971df22437,a3e272af-da6a1661a8f461cc,0.5714285714285714,0.6376811594202898
ea899386-c146e2b9378cb20e,a3e272af-da6a1661a8f461cc,0.569620253164557,0.6164383561643836
0017d438-960ae693e652c652,3b5cec19-e9e3b340a83c14f3,0.5691056910569106,0.5932203389830508
829d2024-34110f49d01b5189,0017d438-960ae693e652c652,0.5689655172413793,0.5789473684210527
3b5cec19-e9e3b340a83c14f3,e435b1ac-725ccefba23c4954,0.5673758865248227,0.625
8f31b279-9d766d429800c2da,d1cd194e-51c7f119cb492311,0.5671641791044776,0.6440677966101694
b5fbe7a2-6d2c84f49bfccf11,bf0df1d5-22e0cc7e97c006fd,0.5669291338582677,0.6
4212c4b9-8b9abbe7169dae20,8a5fe3d9-c2dc87d910239371,0.5655172413793104,0.5857142857142857
cd835290-3f9ba9971df22437,120878da-8a60d23e91164ee1,0.5652173913043478,0.7536231884057971
8f31b279-9d766d429800c2da,b2590225-d2dd36b85a46fb10,0.5652173913043478,0.6610169491525424
b5fbe7a2-6d2c84f49bfccf11,3b5cec19-e9e3b340a83c14f3,0.5645161290322581,0.5833333333333334
dbffab11-fdab463886beb879,31f29772-6d2ce65449951922,0.5632183908045977,0.620253164556962
3b5cec19-e9e3b340a83c14f3,d1cd194e-51c7f119cb492311,0.5611510791366906,0.609375
8f31b279-9d766d429800c2da,6c4ac8d3-ce1d5991f80ca11f,0.5606060606060606,0.6271186440677966
9756f13a-ba89bee7fec4f211,e8006510-ee67e2b4f9438f06,0.56,0.56
4212c4b9-8b9abbe7169dae20,b728ba1d-3f8b530de1c46258,0.5595238095238095,0.6714285714285714
4212c4b9-8b9abbe7169dae20,d04e5afb-69fc7bceb8fdf2d3,0.5595238095238095,0.6714285714285714
4212c4b9-8b9abbe7169dae20,d04e5afb-bb51c95653192408,0.5595238095238095,0.6714285714285714
4212c4b9-8b9abbe7169dae20,b728ba1d-fd8a15b0393da057,0.5595238095238095,0.6714285714285714
829d2024-34110f49d01b5189,dbffab11-fdab463886beb879,0.5588235294117647,0.6666666666666666
3b5cec19-e9e3b340a83c14f3,25151980-cde67178d1ce0814,0.5588235294117647,0.59375
dbffab11-fdab463886beb879,e8006510-ee67e2b4f9438f06,0.5586592178770949,0.6329113924050633
8a20e743-b9a360f36685b924,31f29772-6d2ce65449951922,0.5575757575757576,0.6571428571428571
9852706b-dc2846d870c40dd6,cd835290-3f9ba9971df22437,0.5555555555555556,0.6140350877192983
bf0df1d5-22e0cc7e97c006fd,086f0f90-caf7b89bcda85104,0.5555555555555556,0.5970149253731343
b5fbe7a2-6d2c84f49bfccf11,e435b1ac-725ccefba23c4954,0.5547445255474452,0.6333333333333333
4a570de6-16cc55249fee2574,ea899386-c146e2b9378cb20e,0.5547445255474452,0.59375
9852706b-dc2846d870c40dd6,ea899386-c146e2b9378cb20e,0.5538461538461539,0.631578947368421
3b5cec19-e9e3b340a83c14f3,31f29772-6d2ce65449951922,0.5534591194968553,0.6875
3b5cec19-e9e3b340a83c14f3,086f0f90-caf7b89bcda85104,0.5531914893617021,0.609375
4a570de6-16cc55249fee2574,e435b1ac-725ccefba23c4954,0.5531914893617021,0.609375
9852706b-dc2846d870c40dd6,086f0f90-caf7b89bcda85104,0.5522388059701493,0.6491228070175439
4212c4b9-8b9abbe7169dae20,aa8091b0-1eb4a9b6127c3413,0.5517241379310345,0.6857142857142857
b728ba1d-3f8b530de1c46258,ebce9e39-f30f695825446743,0.551440329218107,0.6836734693877551
d04e5afb-69fc7bceb8fdf2d3,ebce9e39-f30f695825446743,0.551440329218107,0.6836734693877551
d04e5afb-bb51c95653192408,ebce9e39-f30f695825446743,0.551440329218107,0.6836734693877551
b728ba1d-fd8a15b0393da057,ebce9e39-f30f695825446743,0.551440329218107,0.6836734693877551
b728ba1d-3f8b530de1c46258,d55c238c-f30f695825446743,0.551440329218107,0.6836734693877551
d04e5afb-69fc7bceb8fdf2d3,d55c238c-f30f695825446743,0.551440329218107,0.6836734693877551
d04e5afb-bb51c95653192408,d55c238c-f30f695825446743,0.551440329218107,0.6836734693877551
b728ba1d-fd8a15b0393da057,d55c238c-f30f695825446743,0.551440329218107,0.6836734693877551
4a570de6-16cc55249fee2574,bf0df1d5-22e0cc7e97c006fd,0.549618320610687,0.5625
18e2441c-e09a749e7650e525,b728ba1d-3f8b530de1c46258,0.5494505494505495,0.5952380952380952
18e2441c-e09a749e7650e525,d04e5afb-69fc7bceb8fdf2d3,0.5494505494505495,0.5952380952380952
18e2441c-e09a749e7650e525,d04e5afb-bb51c95653192408,0.5494505494505495,0.5952380952380952
18e2441c-e09a749e7650e525,b728ba1d-fd8a15b0393da057,0.5494505494505495,0.5952380952380952
b5fbe7a2-6d2c84f49bfccf11,aa266c38-a988d514286f7261,0.5490196078431373,0.9333333333333333
dbffab11-fdab463886beb879,a3e272af-da6a1661a8f461cc,0.5487804878048781,0.569620253164557
b5fbe7a2-6d2c84f49bfccf11,d1cd194e-51c7f119cb492311,0.5481481481481482,0.6166666666666667
4d279121-0ff077c1f36379a7,a3e272af-da6a1661a8f461cc,0.5477707006369427,0.5972222222222222
bf0df1d5-22e0cc7e97c006fd,4d279121-0ff077c1f36379a7,0.5467625899280576,0.5671641791044776
cd835290-3f9ba9971df22437,1071f735-61e1aff4bf0c237d,0.5454545454545454,0.6521739130434783
3b5cec19-e9e3b340a83c14f3,b2590225-d2dd36b85a46fb10,0.5454545454545454,0.609375
cd835290-3f9ba9971df22437,2ff0355e-aeadc3b066e10ea6,0.5444444444444444,0.7101449275362319
4d279121-0ff077c1f36379a7,c7239c97-c74c99add65aa484,0.5443786982248521,0.6388888888888888
4d279121-0ff077c1f36379a7,4fd752f7-c74c99add65aa484,0.5443786982248521,0.6388888888888888
9852706b-dc2846d870c40dd6,dbffab11-fdab463886beb879,0.5441176470588235,0.6491228070175439
4212c4b9-8b9abbe7169dae20,a3e272af-da6a1661a8f461cc,0.5419354838709678,0.6
e435b1ac-725ccefba23c4954,120878da-8a60d23e91164ee1,0.5416666666666666,0.6753246753246753
fbd26aa0-e12930f0257c0bc5,86232d21-ce3c1b1217526a2c,0.5411764705882353,0.6571428571428571
21123500-e12930f0257c0bc5,86232d21-ce3c1b1217526a2c,0.5411764705882353,0.6571428571428571
ea899386-c146e2b9378cb20e,d1cd194e-51c7f119cb492311,0.5405405405405406,0.547945205479452
a3e272af-da6a1661a8f461cc,c354b74f-5a94e5a2d97408b1,0.5402298850574713,0.5529411764705883
8f31b279-9d766d429800c2da,aa8091b0-1eb4a9b6127c3413,0.5398773006134969,0.7457627118644068
0017d438-960ae693e652c652,bf0df1d5-22e0cc7e97c006fd,0.5396825396825397,0.576271186440678
0922b7e7-07b38c3d5335955e,9756f13a-ba89bee7fec4f211,0.5389221556886228,0.6716417910447762
e435b1ac-725ccefba23c4954,b1e9f1f6-d12c33b532fda3dc,0.538860103626943,0.6753246753246753
8a20e743-b9a360f36685b924,8a5fe3d9-c2dc87d910239371,0.5379310344827586,0.5571428571428572
cd835290-3f9ba9971df22437,eec856c0-6681d74ff3e3f063,0.5371428571428571,0.6811594202898551
4212c4b9-8b9abbe7169dae20,dbffab11-fdab463886beb879,0.5369127516778524,0.5714285714285714
dbffab11-fdab463886beb879,2ff0355e-aeadc3b066e10ea6,0.5368421052631579,0.6455696202531646
829d2024-34110f49d01b5189,fbd26aa0-e12930f0257c0bc5,0.5354330708661418,0.5964912280701754
829d2024-34110f49d01b5189,21123500-e12930f0257c0bc5,0.5354330708661418,0.5964912280701754
829d2024-34110f49d01b5189,1c4d348d-5efc0e31e7b0848c,0.5354330708661418,0.5964912280701754
e435b1ac-725ccefba23c4954,31f29772-6d2ce65449951922,0.5348837209302325,0.5974025974025974
829d2024-34110f49d01b5189,aa8091b0-1eb4a9b6127c3413,0.5341614906832298,0.7543859649122807
4212c4b9-8b9abbe7169dae20,31f29772-6d2ce65449951922,0.5333333333333333,0.6285714285714286
6c4ac8d3-ce1d5991f80ca11f,e435b1ac-725ccefba23c4954,0.5333333333333333,0.547945205479452
6c4ac8d3-ce1d5991f80ca11f,1071f735-61e1aff4bf0c237d,0.5325443786982249,0.6164383561643836
cd835290-3f9ba9971df22437,fbd26aa0-e12930f0257c0bc5,0.5323741007194245,0.5362318840579711
cd835290-3f9ba9971df22437,21123500-e12930f0257c0bc5,0.5323741007194245,0.5362318840579711
9852706b-dc2846d870c40dd6,d1cd194e-51c7f119cb492311,0.5303030303030303,0.6140350877192983
cd835290-3f9ba9971df22437,c7239c97-c74c99add65aa484,0.5301204819277109,0.6376811594202898
cd835290-3f9ba9971df22437,4fd752f7-c74c99add65aa484,0.5301204819277109,0.6376811594202898
0922b7e7-07b38c3d5335955e,ea899386-c146e2b9378cb20e,0.5285714285714286,0.5522388059701493
bf0df1d5-22e0cc7e97c006fd,2ff0355e-aeadc3b066e10ea6,0.5280898876404494,0.7014925373134329
9756f13a-ba89bee7fec4f211,b1e9f1f6-d12c33b532fda3dc,0.5277777777777778,0.57
8f31b279-9d766d429800c2da,fbd26aa0-e12930f0257c0bc5,0.5271317829457365,0.576271186440678
8f31b279-9d766d429800c2da,21123500-e12930f0257c0bc5,0.5271317829457365,0.576271186440678
ea899386-c146e2b9378cb20e,8a5fe3d9-c2dc87d910239371,0.527027027027027,0.5342465753424658
829d2024-34110f49d01b5189,31f29772-6d2ce65449951922,0.5263157894736842,0.7017543859649122
bf0df1d5-22e0cc7e97c006fd,fbd26aa0-e12930f0257c0bc5,0.5255474452554745,0.5373134328358209
bf0df1d5-22e0cc7e97c006fd,21123500-e12930f0257c0bc5,0.5255474452554745,0.5373134328358209
565f77b7-ba8553bf0459956f,2ff0355e-aeadc3b066e10ea6,0.5247524752475248,0.5824175824175825
4d279121-0ff077c1f36379a7,ea899386-c146e2b9378cb20e,0.5241379310344828,0.5277777777777778
3b5cec19-e9e3b340a83c14f3,aa8091b0-1eb4a9b6127c3413,0.5238095238095238,0.6875
6c4ac8d3-ce1d5991f80ca11f,31f29772-6d2ce65449951922,0.5238095238095238,0.6027397260273972
4d279121-0ff077c1f36379a7,086f0f90-caf7b89bcda85104,0.5234899328859061,0.5416666666666666
9852706b-dc2846d870c40dd6,1071f735-61e1aff4bf0c237d,0.5228758169934641,0.7017543859649122
4212c4b9-8b9abbe7169dae20,eec856c0-6681d74ff3e3f063,0.5227272727272727,0.6571428571428571
ea899386-c146e2b9378cb20e,2ff0355e-aeadc3b066e10ea6,0.5217391304347826,0.6575342465753424
9756f13a-ba89bee7fec4f211,2ff0355e-aeadc3b066e10ea6,0.5213270142180095,0.55
cd835290-3f9ba9971df22437,6c4ac8d3-ce1d5991f80ca11f,0.5211267605633803,0.5362318840579711
24b20554-a5b1e55952e1ee2b,d2f74dfc-c647b91937eabf95,0.5211267605633803,0.5873015873015873
b728ba1d-3f8b530de1c46258,bd7281dc-eb76f08e552cb1b1,0.5209302325581395,0.5714285714285714
d04e5afb-69fc7bceb8fdf2d3,bd7281dc-eb76f08e552cb1b1,0.5209302325581395,0.5714285714285714
d04e5afb-bb51c95653192408,bd7281dc-eb76f08e552cb1b1,0.5209302325581395,0.5714285714285714
b728ba1d-fd8a15b0393da057,bd7281dc-eb76f08e552cb1b1,0.5209302325581395,0.5714285714285714
e8006510-ee67e2b4f9438f06,120878da-8a60d23e91164ee1,0.5209302325581395,0.56
8a5fe3d9-c2dc87d910239371,bd7281dc-eb76f08e552cb1b1,0.5208333333333334,0.6666666666666666
24044589-6525c627e0c34883,6e637812-103dbaca58c72ba9,0.5201793721973094,0.6744186046511628
d1cd194e-51c7f119cb492311,b2590225-d2dd36b85a46fb10,0.5194805194805194,0.5333333333333333
8f31b279-9d766d429800c2da,31f29772-6d2ce65449951922,0.5194805194805194,0.6779661016949152
fbd26aa0-e12930f0257c0bc5,2ff0355e-aeadc3b066e10ea6,0.5193370165745856,0.6714285714285714
21123500-e12930f0257c0bc5,2ff0355e-aeadc3b066e10ea6,0.5193370165745856,0.6714285714285714
4a570de6-16cc55249fee2574,f7fc2e94-c1ac1a09a6ecfec9,0.5179856115107914,0.5625
4a570de6-16cc55249fee2574,d1cd194e-51c7f119cb492311,0.5179856115107914,0.5625
2ff0355e-aeadc3b066e10ea6,aa266c38-a988d514286f7261,0.5176470588235295,0.5945945945945946
dbffab11-fdab463886beb879,565f77b7-ba8553bf0459956f,0.5176470588235295,0.5569620253164557
120878da-8a60d23e91164ee1,372a4f50-a77e969096e4de0c,0.5172413793103449,0.5217391304347826
25151980-cde67178d1ce0814,d1cd194e-51c7f119cb492311,0.5170068027210885,0.5277777777777778
4212c4b9-8b9abbe7169dae20,e435b1ac-725ccefba23c4954,0.5170068027210885,0.5428571428571428
4a570de6-16cc55249fee2574,31f29772-6d2ce65449951922,0.5157232704402516,0.640625
bf0df1d5-22e0cc7e97c006fd,1071f735-61e1aff4bf0c237d,0.5153374233128835,0.6268656716417911
ea899386-c146e2b9378cb20e,c34bb733-7ef4a114ed602603,0.5151515151515151,0.6986301369863014
f7fc2e94-c1ac1a09a6ecfec9,e435b1ac-725ccefba23c4954,0.5131578947368421,0.52
bf0df1d5-22e0cc7e97c006fd,a3e272af-da6a1661a8f461cc,0.5131578947368421,0.582089552238806
ea899386-c146e2b9378cb20e,31f29772-6d2ce65449951922,0.5119047619047619,0.589041095890411
b5fbe7a2-6d2c84f49bfccf11,cd835290-3f9ba9971df22437,0.5116279069767442,0.55
4a570de6-16cc55249fee2574,086f0f90-caf7b89bcda85104,0.5106382978723404,0.5625
8f31b279-9d766d429800c2da,eec856c0-6681d74ff3e3f063,0.509090909090909,0.711864406779661
cd835290-3f9ba9971df22437,aa8091b0-1eb4a9b6127c3413,0.5086705202312138,0.6376811594202898
fdcbdf85-bddbb9b358411936,c354b74f-5a94e5a2d97408b1,0.5084745762711864,0.5113636363636364
ea899386-c146e2b9378cb20e,b1e9f1f6-d12c33b532fda3dc,0.5079365079365079,0.6575342465753424
b5fbe7a2-6d2c84f49bfccf11,8a20e743-b9a360f36685b924,0.5076923076923077,0.55
3b5cec19-e9e3b340a83c14f3,fbd26aa0-e12930f0257c0bc5,0.5074626865671642,0.53125
3b5cec19-e9e3b340a83c14f3,21123500-e12930f0257c0bc5,0.5074626865671642,0.53125
bf0df1d5-22e0cc7e97c006fd,d2f74dfc-c647b91937eabf95,0.5068493150684932,0.5522388059701493
bf0df1d5-22e0cc7e97c006fd,31f29772-6d2ce65449951922,0.5061728395061729,0.6119402985074627
8f31b279-9d766d429800c2da,120878da-8a60d23e91164ee1,0.5057471264367817,0.7457627118644068
fdcbdf85-bddbb9b358411936,eec856c0-6681d74ff3e3f063,0.5051546391752577,0.5568181818181818
8a20e743-b9a360f36685b924,ea899386-c146e2b9378cb20e,0.5034965034965035,0.5142857142857142
829d2024-34110f49d01b5189,eec856c0-6681d74ff3e3f063,0.5030674846625767,0.7192982456140351
4212c4b9-8b9abbe7169dae20,fbd26aa0-e12930f0257c0bc5,0.5,0.5
829d2024-34110f49d01b5189,f7fc2e94-c1ac1a09a6ecfec9,0.5,0.5789473684210527
cd835290-3f9ba9971df22437,565f77b7-ba8553bf0459956f,0.5,0.5797101449275363
1071f735-61e1aff4bf0c237d,aa8091b0-1eb4a9b6127c3413,0.5,0.5208333333333334
d1cd194e-51c7f119cb492311,c7239c97-c74c99add65aa484,0.5,0.5733333333333334
d1cd194e-51c7f119cb492311,4fd752f7-c74c99add65aa484,0.5,0.5733333333333334
9852706b-dc2846d870c40dd6,31f29772-6d2ce65449951922,0.5,0.6666666666666666
e435b1ac-725ccefba23c4954,565f77b7-ba8553bf0459956f,0.5,0.5454545454545454
0922b7e7-07b38c3d5335955e,bd7281dc-eb76f08e552cb1b1,0.5,0.6865671641791045
0017d438-960ae693e652c652,6c4ac8d3-ce1d5991f80ca11f,0.5,0.559322033898305
21123500-e12930f0257c0bc5,4212c4b9-8b9abbe7169dae20,0.5,0.5
4a570de6-16cc55249fee2574,4d279121-0ff077c1f36379a7,0.5,0.53125
c7239c97-c74c99add65aa484,aa8091b0-1eb4a9b6127c3413,0.4975124378109453,0.5154639175257731
4fd752f7-c74c99add65aa484,aa8091b0-1eb4a9b6127c3413,0.4975124378109453,0.5154639175257731
c7239c97-c74c99add65aa484,9756f13a-ba89bee7fec4f211,0.49746192893401014,0.5051546391752577
4fd752f7-c74c99add65aa484,9756f13a-ba89bee7fec4f211,0.49746192893401014,0.5051546391752577
e435b1ac-725ccefba23c4954,9756f13a-ba89bee7fec4f211,0.4971751412429379,0.5714285714285714
cd835290-3f9ba9971df22437,9756f13a-ba89bee7fec4f211,0.4970414201183432,0.6086956521739131
cd835290-3f9ba9971df22437,86232d21-ce3c1b1217526a2c,0.4970414201183432,0.6086956521739131
9852706b-dc2846d870c40dd6,aa8091b0-1eb4a9b6127c3413,0.4968944099378882,0.7017543859649122
8f31b279-9d766d429800c2da,1c4d348d-5efc0e31e7b0848c,0.49612403100775193,0.5423728813559322
bd7281dc-eb76f08e552cb1b1,c34bb733-7ef4a114ed602603,0.49586776859504134,0.5128205128205128
1071f735-61e1aff4bf0c237d,eec856c0-6681d74ff3e3f063,0.49504950495049505,0.5208333333333334
e435b1ac-725ccefba23c4954,c7239c97-c74c99add65aa484,0.4942528735632184,0.5584415584415584
e435b1ac-725ccefba23c4954,4fd752f7-c74c99add65aa484,0.4942528735632184,0.5584415584415584
3b5cec19-e9e3b340a83c14f3,eec856c0-6681d74ff3e3f063,0.49411764705882355,0.65625
8a20e743-b9a360f36685b924,4d279121-0ff077c1f36379a7,0.49295774647887325,0.5
bf0df1d5-22e0cc7e97c006fd,b1e9f1f6-d12c33b532fda3dc,0.4918032786885246,0.6716417910447762
dbffab11-fdab463886beb879,9756f13a-ba89bee7fec4f211,0.49162011173184356,0.5569620253164557
3b5cec19-e9e3b340a83c14f3,120878da-8a60d23e91164ee1,0.49162011173184356,0.6875
0017d438-960ae693e652c652,8f31b279-9d766d429800c2da,0.4915254237288136,0.4915254237288136
b5fbe7a2-6d2c84f49bfccf11,120878da-8a60d23e91164ee1,0.49142857142857144,0.7166666666666667
bf0df1d5-22e0cc7e97c006fd,86232d21-ce3c1b1217526a2c,0.49101796407185627,0.6119402985074627
bf0df1d5-22e0cc7e97c006fd,e8006510-ee67e2b4f9438f06,0.49101796407185627,0.6119402985074627
4d279121-0ff077c1f36379a7,565f77b7-ba8553bf0459956f,0.49079754601226994,0.5555555555555556
0017d438-960ae693e652c652,e8006510-ee67e2b4f9438f06,0.49056603773584906,0.6610169491525424
086f0f90-caf7b89bcda85104,120878da-8a60d23e91164ee1,0.4895833333333333,0.6103896103896104
fbd26aa0-e12930f0257c0bc5,ea899386-c146e2b9378cb20e,0.48951048951048953,0.5
21123500-e12930f0257c0bc5,ea899386-c146e2b9378cb20e,0.48951048951048953,0.5
4212c4b9-8b9abbe7169dae20,ea899386-c146e2b9378cb20e,0.48951048951048953,0.5
4a570de6-16cc55249fee2574,b2590225-d2dd36b85a46fb10,0.48951048951048953,0.546875
e435b1ac-725ccefba23c4954,2ff0355e-aeadc3b066e10ea6,0.48936170212765956,0.5974025974025974
b5fbe7a2-6d2c84f49bfccf11,dbffab11-fdab463886beb879,0.4892086330935252,0.5666666666666667
cd835290-3f9ba9971df22437,8a20e743-b9a360f36685b924,0.4892086330935252,0.4927536231884058
3b5cec19-e9e3b340a83c14f3,8a5fe3d9-c2dc87d910239371,0.4892086330935252,0.53125
856a8eda-47110854840863cd,b2590225-d2dd36b85a46fb10,0.4892086330935252,0.5666666666666667
9852706b-dc2846d870c40dd6,1c4d348d-5efc0e31e7b0848c,0.4881889763779528,0.543859649122807
dbffab11-fdab463886beb879,c354b74f-5a94e5a2d97408b1,0.4880952380952381,0.5189873417721519
4d279121-0ff077c1f36379a7,1071f735-61e1aff4bf0c237d,0.4880952380952381,0.5694444444444444
0017d438-960ae693e652c652,4a570de6-16cc55249fee2574,0.4878048780487805,0.5084745762711864
6c4ac8d3-ce1d5991f80ca11f,dbffab11-fdab463886beb879,0.4868421052631579,0.5068493150684932
cd835290-3f9ba9971df22437,d1cd194e-51c7f119cb492311,0.4861111111111111,0.5072463768115942
e435b1ac-725ccefba23c4954,e8006510-ee67e2b4f9438f06,0.4858757062146893,0.5584415584415584
e435b1ac-725ccefba23c4954,1071f735-61e1aff4bf0c237d,0.48554913294797686,0.5454545454545454
31f29772-6d2ce65449951922,2ff0355e-aeadc3b066e10ea6,0.4854368932038835,0.5263157894736842
829d2024-34110f49d01b5189,8a5fe3d9-c2dc87d910239371,0.48484848484848486,0.5614035087719298
f7fc2e94-c1ac1a09a6ecfec9,2ff0355e-aeadc3b066e10ea6,0.4838709677419355,0.6
25151980-cde67178d1ce0814,e435b1ac-725ccefba23c4954,0.48322147651006714,0.5
8a20e743-b9a360f36685b924,aa8091b0-1eb4a9b6127c3413,0.4827586206896552,0.6
c7239c97-c74c99add65aa484,eec856c0-6681d74ff3e3f063,0.4827586206896552,0.5051546391752577
4fd752f7-c74c99add65aa484,eec856c0-6681d74ff3e3f063,0.4827586206896552,0.5051546391752577
b5fbe7a2-6d2c84f49bfccf11,086f0f90-caf7b89bcda85104,0.48175182481751827,0.55
bf0df1d5-22e0cc7e97c006fd,1c4d348d-5efc0e31e7b0848c,0.48175182481751827,0.4925373134328358
b5fbe7a2-6d2c84f49bfccf11,6c4ac8d3-ce1d5991f80ca11f,0.48120300751879697,0.5333333333333333
829d2024-34110f49d01b5189,c7239c97-c74c99add65aa484,0.4805194805194805,0.6491228070175439
829d2024-34110f49d01b5189,4fd752f7-c74c99add65aa484,0.4805194805194805,0.6491228070175439
6c4ac8d3-ce1d5991f80ca11f,ea899386-c146e2b9378cb20e,0.4794520547945205,0.4794520547945205
9756f13a-ba89bee7fec4f211,372a4f50-a77e969096e4de0c,0.4792626728110599,0.52
fbd26aa0-e12930f0257c0bc5,4d279121-0ff077c1f36379a7,0.4788732394366197,0.4857142857142857
829d2024-34110f49d01b5189,a3e272af-da6a1661a8f461cc,0.4788732394366197,0.5964912280701754
bf0df1d5-22e0cc7e97c006fd,8a5fe3d9-c2dc87d910239371,0.4788732394366197,0.5074626865671642
21123500-e12930f0257c0bc5,4d279121-0ff077c1f36379a7,0.4788732394366197,0.4857142857142857
829d2024-34110f49d01b5189,856a8eda-47110854840863cd,0.47863247863247865,0.49122807017543857
9852706b-dc2846d870c40dd6,eec856c0-6681d74ff3e3f063,0.4785276073619632,0.6842105263157895
d2f74dfc-c647b91937eabf95,18e2441c-e09a749e7650e525,0.4785276073619632,0.4936708860759494
8f31b279-9d766d429800c2da,dbffab11-fdab463886beb879,0.4782608695652174,0.559322033898305
3b5cec19-e9e3b340a83c14f3,b1e9f1f6-d12c33b532fda3dc,0.4777777777777778,0.671875
c354b74f-5a94e5a2d97408b1,565f77b7-ba8553bf0459956f,0.4777777777777778,0.48314606741573035
4a570de6-16cc55249fee2574,8a20e743-b9a360f36685b924,0.47761194029850745,0.5
8f31b279-9d766d429800c2da,8a5fe3d9-c2dc87d910239371,0.47761194029850745,0.5423728813559322
9852706b-dc2846d870c40dd6,e435b1ac-725ccefba23c4954,0.47761194029850745,0.5614035087719298
3b5cec19-e9e3b340a83c14f3,1c4d348d-5efc0e31e7b0848c,0.47761194029850745,0.5
dbffab11-fdab463886beb879,c7239c97-c74c99add65aa484,0.4772727272727273,0.5316455696202531
dbffab11-fdab463886beb879,4fd752f7-c74c99add65aa484,0.4772727272727273,0.5316455696202531
4d279121-0ff077c1f36379a7,aa8091b0-1eb4a9b6127c3413,0.4772727272727273,0.5833333333333334
d2f74dfc-c647b91937eabf95,792863db-47ed36bd66713ca0,0.47715736040609136,0.5949367088607594
856a8eda-47110854840863cd,8a20e743-b9a360f36685b924,0.47692307692307695,0.5166666666666667
4d279121-0ff077c1f36379a7,dbffab11-fdab463886beb879,0.4768211920529801,0.5
829d2024-34110f49d01b5189,120878da-8a60d23e91164ee1,0.47674418604651164,0.7192982456140351
829d2024-34110f49d01b5189,2ff0355e-aeadc3b066e10ea6,0.47619047619047616,0.7017543859649122
4212c4b9-8b9abbe7169dae20,086f0f90-caf7b89bcda85104,0.47619047619047616,0.5
565f77b7-ba8553bf0459956f,120878da-8a60d23e91164ee1,0.47572815533980584,0.5384615384615384
4a570de6-16cc55249fee2574,1071f735-61e1aff4bf0c237d,0.475,0.59375
086f0f90-caf7b89bcda85104,9756f13a-ba89bee7fec4f211,0.4745762711864407,0.5454545454545454
086f0f90-caf7b89bcda85104,dbffab11-fdab463886beb879,0.47435897435897434,0.4805194805194805
8f31b279-9d766d429800c2da,c7239c97-c74c99add65aa484,0.47435897435897434,0.6271186440677966
8f31b279-9d766d429800c2da,4fd752f7-c74c99add65aa484,0.47435897435897434,0.6271186440677966
ea899386-c146e2b9378cb20e,9756f13a-ba89bee7fec4f211,0.47398843930635837,0.5616438356164384
6c4ac8d3-ce1d5991f80ca11f,9756f13a-ba89bee7fec4f211,0.47398843930635837,0.5616438356164384
86232d21-ce3c1b1217526a2c,2ff0355e-aeadc3b066e10ea6,0.47393364928909953,0.5
8f31b279-9d766d429800c2da,25151980-cde67178d1ce0814,0.4732824427480916,0.5254237288135594
4a570de6-16cc55249fee2574,0922b7e7-07b38c3d5335955e,0.4732824427480916,0.484375
d1cd194e-51c7f119cb492311,2ff0355e-aeadc3b066e10ea6,0.4731182795698925,0.5866666666666667
cd835290-3f9ba9971df22437,b2590225-d2dd36b85a46fb10,0.47297297297297297,0.5072463768115942
0922b7e7-07b38c3d5335955e,e435b1ac-725ccefba23c4954,0.4722222222222222,0.5074626865671642
8f31b279-9d766d429800c2da,a3e272af-da6a1661a8f461cc,0.4722222222222222,0.576271186440678
c354b74f-5a94e5a2d97408b1,aa266c38-a988d514286f7261,0.4721030042918455,0.6179775280898876
829d2024-34110f49d01b5189,9756f13a-ba89bee7fec4f211,0.4713375796178344,0.6491228070175439
9852706b-dc2846d870c40dd6,86232d21-ce3c1b1217526a2c,0.4713375796178344,0.6491228070175439
9852706b-dc2846d870c40dd6,e8006510-ee67e2b4f9438f06,0.4713375796178344,0.6491228070175439
086f0f90-caf7b89bcda85104,c7239c97-c74c99add65aa484,0.47126436781609193,0.5324675324675324
086f0f90-caf7b89bcda85104,4fd752f7-c74c99add65aa484,0.47126436781609193,0.5324675324675324
31f29772-6d2ce65449951922,1071f735-61e1aff4bf0c237d,0.4712041884816754,0.47368421052631576
0017d438-960ae693e652c652,086f0f90-caf7b89bcda85104,0.47058823529411764,0.5423728813559322
d1cd194e-51c7f119cb492311,31f29772-6d2ce65449951922,0.47058823529411764,0.5333333333333333
8f31b279-9d766d429800c2da,2ff0355e-aeadc3b066e10ea6,0.47058823529411764,0.6779661016949152
9756f13a-ba89bee7fec4f211,bd7281dc-eb76f08e552cb1b1,0.4700460829493088,0.51
b5fbe7a2-6d2c84f49bfccf11,25151980-cde67178d1ce0814,0.4696969696969697,0.5166666666666667
a3e272af-da6a1661a8f461cc,2ff0355e-aeadc3b066e10ea6,0.46938775510204084,0.5411764705882353
1c4d348d-5efc0e31e7b0848c,d1cd194e-51c7f119cb492311,0.4689655172413793,0.4857142857142857
4212c4b9-8b9abbe7169dae20,d1cd194e-51c7f119cb492311,0.4689655172413793,0.4857142857142857
4d279121-0ff077c1f36379a7,6c4ac8d3-ce1d5991f80ca11f,0.4689655172413793,0.4722222222222222
9852706b-dc2846d870c40dd6,c7239c97-c74c99add65aa484,0.4675324675324675,0.631578947368421
9852706b-dc2846d870c40dd6,4fd752f7-c74c99add65aa484,0.4675324675324675,0.631578947368421
4212c4b9-8b9abbe7169dae20,aa266c38-a988d514286f7261,0.4672897196261682,0.7142857142857143
4a570de6-16cc55249fee2574,6c4ac8d3-ce1d5991f80ca11f,0.46715328467153283,0.5
4a570de6-16cc55249fee2574,b1e9f1f6-d12c33b532fda3dc,0.4666666666666667,0.65625
9756f13a-ba89bee7fec4f211,120878da-8a60d23e91164ee1,0.46511627906976744,0.5
b728ba1d-3f8b530de1c46258,372a4f50-a77e969096e4de0c,0.46511627906976744,0.5102040816326531
d04e5afb-69fc7bceb8fdf2d3,372a4f50-a77e969096e4de0c,0.46511627906976744,0.5102040816326531
d04e5afb-bb51c95653192408,372a4f50-a77e969096e4de0c,0.46511627906976744,0.5102040816326531
b728ba1d-fd8a15b0393da057,372a4f50-a77e969096e4de0c,0.46511627906976744,0.5102040816326531
bf0df1d5-22e0cc7e97c006fd,792863db-47ed36bd66713ca0,0.4648648648648649,0.6417910447761194
b1e9f1f6-d12c33b532fda3dc,c34bb733-7ef4a114ed602603,0.46473029045643155,0.4827586206896552
6c4ac8d3-ce1d5991f80ca11f,c34bb733-7ef4a114ed602603,0.46464646464646464,0.6301369863013698
e8006510-ee67e2b4f9438f06,2ff0355e-aeadc3b066e10ea6,0.46445497630331756,0.49
a3e272af-da6a1661a8f461cc,1071f735-61e1aff4bf0c237d,0.46408839779005523,0.49411764705882355
1071f735-61e1aff4bf0c237d,b728ba1d-3f8b530de1c46258,0.4639175257731959,0.46875
1071f735-61e1aff4bf0c237d,d04e5afb-69fc7bceb8fdf2d3,0.4639175257731959,0.46875
1071f735-61e1aff4bf0c237d,d04e5afb-bb51c95653192408,0.4639175257731959,0.46875
1071f735-61e1aff4bf0c237d,b728ba1d-fd8a15b0393da057,0.4639175257731959,0.46875
25151980-cde67178d1ce0814,dbffab11-fdab463886beb879,0.46357615894039733,0.4861111111111111
b1e9f1f6-d12c33b532fda3dc,bd7281dc-eb76f08e552cb1b1,0.463519313304721,0.46551724137931033
ea899386-c146e2b9378cb20e,bd7281dc-eb76f08e552cb1b1,0.4631578947368421,0.6027397260273972
4a570de6-16cc55249fee2574,fbd26aa0-e12930f0257c0bc5,0.4626865671641791,0.484375
4a570de6-16cc55249fee2574,21123500-e12930f0257c0bc5,0.4626865671641791,0.484375
ea899386-c146e2b9378cb20e,e8006510-ee67e2b4f9438f06,0.4624277456647399,0.547945205479452
cd835290-3f9ba9971df22437,372a4f50-a77e969096e4de0c,0.46236559139784944,0.6231884057971014
3b5cec19-e9e3b340a83c14f3,dbffab11-fdab463886beb879,0.46153846153846156,0.515625
cd835290-3f9ba9971df22437,e8006510-ee67e2b4f9438f06,0.46153846153846156,0.5652173913043478
a3e272af-da6a1661a8f461cc,c7239c97-c74c99add65aa484,0.46153846153846156,0.49411764705882355
a3e272af-da6a1661a8f461cc,4fd752f7-c74c99add65aa484,0.46153846153846156,0.49411764705882355
4d279121-0ff077c1f36379a7,eec856c0-6681d74ff3e3f063,0.4606741573033708,0.5694444444444444
ea899386-c146e2b9378cb20e,b2590225-d2dd36b85a46fb10,0.4605263157894737,0.4794520547945205
d1cd194e-51c7f119cb492311,e435b1ac-725ccefba23c4954,0.4605263157894737,0.4666666666666667
b5fbe7a2-6d2c84f49bfccf11,d2f74dfc-c647b91937eabf95,0.460431654676259,0.5333333333333333
d1cd194e-51c7f119cb492311,c34bb733-7ef4a114ed602603,0.46,0.6133333333333333
3b5cec19-e9e3b340a83c14f3,c7239c97-c74c99add65aa484,0.45962732919254656,0.578125
3b5cec19-e9e3b340a83c14f3,4fd752f7-c74c99add65aa484,0.45962732919254656,0.578125
6c4ac8d3-ce1d5991f80ca11f,d1cd194e-51c7f119cb492311,0.4594594594594595,0.4657534246575342
565f77b7-ba8553bf0459956f,5dbd0a07-3bfbd898c47b82dd,0.4594594594594595,0.5604395604395604
565f77b7-ba8553bf0459956f,bdc08e6f-443b55d42ad9cbef,0.4594594594594595,0.5604395604395604
0922b7e7-07b38c3d5335955e,086f0f90-caf7b89bcda85104,0.4583333333333333,0.4925373134328358
dbffab11-fdab463886beb879,86232d21-ce3c1b1217526a2c,0.4581005586592179,0.5189873417721519
b728ba1d-3f8b530de1c46258,b1e9f1f6-d12c33b532fda3dc,0.45794392523364486,0.5
d04e5afb-69fc7bceb8fdf2d3,b1e9f1f6-d12c33b532fda3dc,0.45794392523364486,0.5
d04e5afb-bb51c95653192408,b1e9f1f6-d12c33b532fda3dc,0.45794392523364486,0.5
b728ba1d-fd8a15b0393da057,b1e9f1f6-d12c33b532fda3dc,0.45794392523364486,0.5
4212c4b9-8b9abbe7169dae20,5dbd0a07-3bfbd898c47b82dd,0.4577114427860697,0.6571428571428571
4212c4b9-8b9abbe7169dae20,bdc08e6f-443b55d42ad9cbef,0.4577114427860697,0.6571428571428571
6c4ac8d3-ce1d5991f80ca11f,120878da-8a60d23e91164ee1,0.4574468085106383,0.589041095890411
3b5cec19-e9e3b340a83c14f3,2ff0355e-aeadc3b066e10ea6,0.45714285714285713,0.625
9852706b-dc2846d870c40dd6,8a20e743-b9a360f36685b924,0.4566929133858268,0.5087719298245614
856a8eda-47110854840863cd,bf0df1d5-22e0cc7e97c006fd,0.4566929133858268,0.48333333333333334
b5fbe7a2-6d2c84f49bfccf11,c354b74f-5a94e5a2d97408b1,0.4563758389261745,0.5666666666666667
8a20e743-b9a360f36685b924,dbffab11-fdab463886beb879,0.4563758389261745,0.4857142857142857
3b5cec19-e9e3b340a83c14f3,a3e272af-da6a1661a8f461cc,0.4563758389261745,0.53125
b5fbe7a2-6d2c84f49bfccf11,2ff0355e-aeadc3b066e10ea6,0.45614035087719296,0.65
b5fbe7a2-6d2c84f49bfccf11,b728ba1d-3f8b530de1c46258,0.45569620253164556,0.6
b5fbe7a2-6d2c84f49bfccf11,d04e5afb-69fc7bceb8fdf2d3,0.45569620253164556,0.6
b5fbe7a2-6d2c84f49bfccf11,d04e5afb-bb51c95653192408,0.45569620253164556,0.6
b5fbe7a2-6d2c84f49bfccf11,b728ba1d-fd8a15b0393da057,0.45569620253164556,0.6
a3e272af-da6a1661a8f461cc,31f29772-6d2ce65449951922,0.45555555555555555,0.4823529411764706
b5fbe7a2-6d2c84f49bfccf11,24b20554-a5b1e55952e1ee2b,0.45528455284552843,0.4666666666666667
4212c4b9-8b9abbe7169dae20,c7239c97-c74c99add65aa484,0.4550898203592814,0.5428571428571428
4212c4b9-8b9abbe7169dae20,4fd752f7-c74c99add65aa484,0.4550898203592814,0.5428571428571428
31f29772-6d2ce65449951922,b1e9f1f6-d12c33b532fda3dc,0.4549763033175355,0.5052631578947369
b1e9f1f6-d12c33b532fda3dc,372a4f50-a77e969096e4de0c,0.45493562231759654,0.45689655172413796
9852706b-dc2846d870c40dd6,f7fc2e94-c1ac1a09a6ecfec9,0.45454545454545453,0.5263157894736842
4212c4b9-8b9abbe7169dae20,18e2441c-e09a749e7650e525,0.45454545454545453,0.5
8f31b279-9d766d429800c2da,856a8eda-47110854840863cd,0.453781512605042,0.4576271186440678
dbffab11-fdab463886beb879,120878da-8a60d23e91164ee1,0.4536082474226804,0.5569620253164557
0017d438-960ae693e652c652,565f77b7-ba8553bf0459956f,0.4533333333333333,0.576271186440678
8f31b279-9d766d429800c2da,9756f13a-ba89bee7fec4f211,0.4528301886792453,0.6101694915254238
31f29772-6d2ce65449951922,372a4f50-a77e969096e4de0c,0.4528301886792453,0.5052631578947369
4212c4b9-8b9abbe7169dae20,c354b74f-5a94e5a2d97408b1,0.4528301886792453,0.5142857142857142
4a570de6-16cc55249fee2574,aa8091b0-1eb4a9b6127c3413,0.4523809523809524,0.59375
31f29772-6d2ce65449951922,aa266c38-a988d514286f7261,0.45188284518828453,0.5684210526315789
8a20e743-b9a360f36685b924,a3e272af-da6a1661a8f461cc,0.45161290322580644,0.5
565f77b7-ba8553bf0459956f,31f29772-6d2ce65449951922,0.45161290322580644,0.46153846153846156
856a8eda-47110854840863cd,ea899386-c146e2b9378cb20e,0.45112781954887216,0.5
a3e272af-da6a1661a8f461cc,fdcbdf85-bddbb9b358411936,0.4508670520231214,0.4588235294117647
6c4ac8d3-ce1d5991f80ca11f,e8006510-ee67e2b4f9438f06,0.4508670520231214,0.5342465753424658
b5fbe7a2-6d2c84f49bfccf11,e8006510-ee67e2b4f9438f06,0.45,0.6
ea899386-c146e2b9378cb20e,1071f735-61e1aff4bf0c237d,0.44970414201183434,0.5205479452054794
8a20e743-b9a360f36685b924,e435b1ac-725ccefba23c4954,0.4489795918367347,0.4714285714285714
e435b1ac-725ccefba23c4954,b2590225-d2dd36b85a46fb10,0.44871794871794873,0.45454545454545453
0922b7e7-07b38c3d5335955e,c34bb733-7ef4a114ed602603,0.4479166666666667,0.6417910447761194
4a570de6-16cc55249fee2574,1c4d348d-5efc0e31e7b0848c,0.44776119402985076,0.46875
4a570de6-16cc55249fee2574,dbffab11-fdab463886beb879,0.44755244755244755,0.5
4212c4b9-8b9abbe7169dae20,565f77b7-ba8553bf0459956f,0.4472049689440994,0.5142857142857142
6c4ac8d3-ce1d5991f80ca11f,c7239c97-c74c99add65aa484,0.4470588235294118,0.5205479452054794
6c4ac8d3-ce1d5991f80ca11f,4fd752f7-c74c99add65aa484,0.4470588235294118,0.5205479452054794
b5fbe7a2-6d2c84f49bfccf11,4212c4b9-8b9abbe7169dae20,0.4461538461538462,0.48333333333333334
9852706b-dc2846d870c40dd6,792863db-47ed36bd66713ca0,0.44571428571428573,0.6842105263157895
dbffab11-fdab463886beb879,1071f735-61e1aff4bf0c237d,0.44571428571428573,0.4936708860759494
e435b1ac-725ccefba23c4954,b728ba1d-3f8b530de1c46258,0.44571428571428573,0.5064935064935064
e435b1ac-725ccefba23c4954,d04e5afb-69fc7bceb8fdf2d3,0.44571428571428573,0.5064935064935064
e435b1ac-725ccefba23c4954,d04e5afb-bb51c95653192408,0.44571428571428573,0.5064935064935064
e435b1ac-725ccefba23c4954,b728ba1d-fd8a15b0393da057,0.44571428571428573,0.5064935064935064
c354b74f-5a94e5a2d97408b1,aa8091b0-1eb4a9b6127c3413,0.44559585492227977,0.48314606741573035
1071f735-61e1aff4bf0c237d,120878da-8a60d23e91164ee1,0.44549763033175355,0.4895833333333333
0017d438-960ae693e652c652,0922b7e7-07b38c3d5335955e,0.4444444444444444,0.4745762711864407
0017d438-960ae693e652c652,a3e272af-da6a1661a8f461cc,0.4444444444444444,0.5423728813559322
c34bb733-7ef4a114ed602603,25597bcb-5d4031295f424a57,0.4444444444444444,0.448
c7239c97-c74c99add65aa484,120878da-8a60d23e91164ee1,0.44339622641509435,0.4845360824742268
4fd752f7-c74c99add65aa484,120878da-8a60d23e91164ee1,0.44339622641509435,0.4845360824742268
fdcbdf85-bddbb9b358411936,120878da-8a60d23e91164ee1,0.4433497536945813,0.5113636363636364
8a20e743-b9a360f36685b924,eec856c0-6681d74ff3e3f063,0.4431818181818182,0.5571428571428572
25151980-cde67178d1ce0814,31f29772-6d2ce65449951922,0.4431137724550898,0.5138888888888888
0922b7e7-07b38c3d5335955e,6c4ac8d3-ce1d5991f80ca11f,0.44285714285714284,0.4626865671641791
31f29772-6d2ce65449951922,5dbd0a07-3bfbd898c47b82dd,0.4424778761061947,0.5263157894736842
31f29772-6d2ce65449951922,bdc08e6f-443b55d42ad9cbef,0.4424778761061947,0.5263157894736842
e8006510-ee67e2b4f9438f06,bd7281dc-eb76f08e552cb1b1,0.4423963133640553,0.48
eec856c0-6681d74ff3e3f063,2ff0355e-aeadc3b066e10ea6,0.4423963133640553,0.4528301886792453
fdcbdf85-bddbb9b358411936,2ff0355e-aeadc3b066e10ea6,0.44221105527638194,0.5
e435b1ac-725ccefba23c4954,aa8091b0-1eb4a9b6127c3413,0.4419889502762431,0.5194805194805194
086f0f90-caf7b89bcda85104,31f29772-6d2ce65449951922,0.4418604651162791,0.4935064935064935
9852706b-dc2846d870c40dd6,120878da-8a60d23e91164ee1,0.4418604651162791,0.6666666666666666
eec856c0-6681d74ff3e3f063,5fcbdd19-913dff7adec25385,0.4413145539906103,0.44339622641509435
3b5cec19-e9e3b340a83c14f3,5dbd0a07-3bfbd898c47b82dd,0.441025641025641,0.671875
3b5cec19-e9e3b340a83c14f3,bdc08e6f-443b55d42ad9cbef,0.441025641025641,0.671875
ea899386-c146e2b9378cb20e,086f0f90-caf7b89bcda85104,0.44,0.4520547945205479
565f77b7-ba8553bf0459956f,e8006510-ee67e2b4f9438f06,0.4397905759162304,0.46153846153846156
3b5cec19-e9e3b340a83c14f3,792863db-47ed36bd66713ca0,0.43956043956043955,0.625
ea899386-c146e2b9378cb20e,86232d21-ce3c1b1217526a2c,0.4393063583815029,0.5205479452054794
792863db-47ed36bd66713ca0,6e637812-103dbaca58c72ba9,0.4392156862745098,0.4745762711864407
3b5cec19-e9e3b340a83c14f3,9756f13a-ba89bee7fec4f211,0.43902439024390244,0.5625
4a570de6-16cc55249fee2574,9756f13a-ba89bee7fec4f211,0.43902439024390244,0.5625
ea899386-c146e2b9378cb20e,565f77b7-ba8553bf0459956f,0.43902439024390244,0.4931506849315068
9852706b-dc2846d870c40dd6,c354b74f-5a94e5a2d97408b1,0.4383561643835616,0.5614035087719298
0922b7e7-07b38c3d5335955e,4212c4b9-8b9abbe7169dae20,0.43795620437956206,0.44776119402985076
c34bb733-7ef4a114ed602603,5dbd0a07-3bfbd898c47b82dd,0.4375,0.448
bf0df1d5-22e0cc7e97c006fd,c34bb733-7ef4a114ed602603,0.4375,0.6268656716417911
c34bb733-7ef4a114ed602603,bdc08e6f-443b55d42ad9cbef,0.4375,0.448
b1e9f1f6-d12c33b532fda3dc,ebce9e39-f30f695825446743,0.4367816091954023,0.49137931034482757
b1e9f1f6-d12c33b532fda3dc,d55c238c-f30f695825446743,0.4367816091954023,0.49137931034482757
31f29772-6d2ce65449951922,c34bb733-7ef4a114ed602603,0.43636363636363634,0.5052631578947369
4212c4b9-8b9abbe7169dae20,792863db-47ed36bd66713ca0,0.43617021276595747,0.5857142857142857
8a5fe3d9-c2dc87d910239371,25597bcb-5d4031295f424a57,0.43564356435643564,0.5866666666666667
9852706b-dc2846d870c40dd6,0922b7e7-07b38c3d5335955e,0.43548387096774194,0.47368421052631576
856a8eda-47110854840863cd,3b5cec19-e9e3b340a83c14f3,0.43548387096774194,0.45
fbd26aa0-e12930f0257c0bc5,086f0f90-caf7b89bcda85104,0.43537414965986393,0.45714285714285713
8a20e743-b9a360f36685b924,086f0f90-caf7b89bcda85104,0.43537414965986393,0.45714285714285713
21123500-e12930f0257c0bc5,086f0f90-caf7b89bcda85104,0.43537414965986393,0.45714285714285713
e8006510-ee67e2b4f9438f06,b1e9f1f6-d12c33b532fda3dc,0.4351851851851852,0.47
b2590225-d2dd36b85a46fb10,1071f735-61e1aff4bf0c237d,0.4342857142857143,0.4810126582278481
829d2024-34110f49d01b5189,25151980-cde67178d1ce0814,0.43410852713178294,0.49122807017543857
3b5cec19-e9e3b340a83c14f3,c34bb733-7ef4a114ed602603,0.43386243386243384,0.640625
2ff0355e-aeadc3b066e10ea6,120878da-8a60d23e91164ee1,0.4336283185840708,0.44144144144144143
cd835290-3f9ba9971df22437,fdcbdf85-bddbb9b358411936,0.43312101910828027,0.4927536231884058
6c4ac8d3-ce1d5991f80ca11f,18e2441c-e09a749e7650e525,0.43312101910828027,0.4657534246575342
086f0f90-caf7b89bcda85104,372a4f50-a77e969096e4de0c,0.4329896907216495,0.5454545454545454
f7fc2e94-c1ac1a09a6ecfec9,1071f735-61e1aff4bf0c237d,0.4327485380116959,0.49333333333333335
4a570de6-16cc55249fee2574,5fcbdd19-913dff7adec25385,0.4327485380116959,0.578125
c7239c97-c74c99add65aa484,2ff0355e-aeadc3b066e10ea6,0.4326923076923077,0.4639175257731959
4fd752f7-c74c99add65aa484,2ff0355e-aeadc3b066e10ea6,0.4326923076923077,0.4639175257731959
829d2024-34110f49d01b5189,565f77b7-ba8553bf0459956f,0.43243243243243246,0.5614035087719298
3b5cec19-e9e3b340a83c14f3,b728ba1d-3f8b530de1c46258,0.43209876543209874,0.546875
3b5cec19-e9e3b340a83c14f3,d04e5afb-69fc7bceb8fdf2d3,0.43209876543209874,0.546875
3b5cec19-e9e3b340a83c14f3,d04e5afb-bb51c95653192408,0.43209876543209874,0.546875
3b5cec19-e9e3b340a83c14f3,b728ba1d-fd8a15b0393da057,0.43209876543209874,0.546875
372a4f50-a77e969096e4de0c,ac180326-356b91ddc720b9a9,0.4316546762589928,0.5128205128205128
c354b74f-5a94e5a2d97408b1,120878da-8a60d23e91164ee1,0.43137254901960786,0.4943820224719101
fdcbdf85-bddbb9b358411936,aa266c38-a988d514286f7261,0.43103448275862066,0.5681818181818182
d1cd194e-51c7f119cb492311,eec856c0-6681d74ff3e3f063,0.430939226519337,0.52
fdcbdf85-bddbb9b358411936,5fcbdd19-913dff7adec25385,0.4307692307692308,0.4772727272727273
c354b74f-5a94e5a2d97408b1,eec856c0-6681d74ff3e3f063,0.4307692307692308,0.47191011235955055
856a8eda-47110854840863cd,4212c4b9-8b9abbe7169dae20,0.4307692307692308,0.4666666666666667
bf0df1d5-22e0cc7e97c006fd,565f77b7-ba8553bf0459956f,0.43037974683544306,0.5074626865671642
086f0f90-caf7b89bcda85104,e8006510-ee67e2b4f9438f06,0.4293785310734463,0.4935064935064935
d1cd194e-51c7f119cb492311,dbffab11-fdab463886beb879,0.42857142857142855,0.44
8a20e743-b9a360f36685b924,b728ba1d-3f8b530de1c46258,0.42857142857142855,0.5142857142857142
8a20e743-b9a360f36685b924,d04e5afb-69fc7bceb8fdf2d3,0.42857142857142855,0.5142857142857142
8a20e743-b9a360f36685b924,d04e5afb-bb51c95653192408,0.42857142857142855,0.5142857142857142
8a20e743-b9a360f36685b924,b728ba1d-fd8a15b0393da057,0.42857142857142855,0.5142857142857142
5fcbdd19-913dff7adec25385,bd7281dc-eb76f08e552cb1b1,0.42857142857142855,0.4485981308411215
d1cd194e-51c7f119cb492311,d2f74dfc-c647b91937eabf95,0.42857142857142855,0.44
31f29772-6d2ce65449951922,eec856c0-6681d74ff3e3f063,0.42786069651741293,0.45263157894736844
829d2024-34110f49d01b5189,b1e9f1f6-d12c33b532fda3dc,0.4277456647398844,0.6491228070175439
6c4ac8d3-ce1d5991f80ca11f,86232d21-ce3c1b1217526a2c,0.4277456647398844,0.5068493150684932
0017d438-960ae693e652c652,86232d21-ce3c1b1217526a2c,0.4276729559748428,0.576271186440678
8a20e743-b9a360f36685b924,f7fc2e94-c1ac1a09a6ecfec9,0.42758620689655175,0.44285714285714284
1c4d348d-5efc0e31e7b0848c,f7fc2e94-c1ac1a09a6ecfec9,0.42758620689655175,0.44285714285714284
8a20e743-b9a360f36685b924,d1cd194e-51c7f119cb492311,0.42758620689655175,0.44285714285714284
752ea9a5-4e1704b5a2a2e60e,3f4a5b64-8efa749b77f997ee,0.427536231884058,0.4338235294117647
752ea9a5-4e1704b5a2a2e60e,0b27be88-8efa749b77f997ee,0.427536231884058,0.4338235294117647
0922b7e7-07b38c3d5335955e,c7239c97-c74c99add65aa484,0.4268292682926829,0.5223880597014925
0922b7e7-07b38c3d5335955e,4fd752f7-c74c99add65aa484,0.4268292682926829,0.5223880597014925
d1cd194e-51c7f119cb492311,f7fc2e94-c1ac1a09a6ecfec9,0.4266666666666667,0.4266666666666667
8f31b279-9d766d429800c2da,565f77b7-ba8553bf0459956f,0.4266666666666667,0.5423728813559322
a3e272af-da6a1661a8f461cc,b728ba1d-3f8b530de1c46258,0.4262295081967213,0.4588235294117647
a3e272af-da6a1661a8f461cc,d04e5afb-69fc7bceb8fdf2d3,0.4262295081967213,0.4588235294117647
a3e272af-da6a1661a8f461cc,d04e5afb-bb51c95653192408,0.4262295081967213,0.4588235294117647
a3e272af-da6a1661a8f461cc,b728ba1d-fd8a15b0393da057,0.4262295081967213,0.4588235294117647
e435b1ac-725ccefba23c4954,eec856c0-6681d74ff3e3f063,0.4262295081967213,0.5064935064935064
d2f74dfc-c647b91937eabf95,6e637812-103dbaca58c72ba9,0.42592592592592593,0.5822784810126582
0017d438-960ae693e652c652,1071f735-61e1aff4bf0c237d,0.4258064516129032,0.559322033898305
9852706b-dc2846d870c40dd6,fbd26aa0-e12930f0257c0bc5,0.4251968503937008,0.47368421052631576
9852706b-dc2846d870c40dd6,21123500-e12930f0257c0bc5,0.4251968503937008,0.47368421052631576
9852706b-dc2846d870c40dd6,8a5fe3d9-c2dc87d910239371,0.42424242424242425,0.49122807017543857
8a5fe3d9-c2dc87d910239371,31f29772-6d2ce65449951922,0.4235294117647059,0.48
ea899386-c146e2b9378cb20e,c7239c97-c74c99add65aa484,0.4235294117647059,0.4931506849315068
ea899386-c146e2b9378cb20e,4fd752f7-c74c99add65aa484,0.4235294117647059,0.4931506849315068
4a570de6-16cc55249fee2574,eec856c0-6681d74ff3e3f063,0.4235294117647059,0.5625
8f31b279-9d766d429800c2da,b1e9f1f6-d12c33b532fda3dc,0.4228571428571429,0.6271186440677966
e435b1ac-725ccefba23c4954,372a4f50-a77e969096e4de0c,0.422680412371134,0.5324675324675324
4212c4b9-8b9abbe7169dae20,25151980-cde67178d1ce0814,0.4225352112676056,0.42857142857142855
8a20e743-b9a360f36685b924,565f77b7-ba8553bf0459956f,0.422360248447205,0.4857142857142857
6c4ac8d3-ce1d5991f80ca11f,fdcbdf85-bddbb9b358411936,0.422360248447205,0.4657534246575342
31f29772-6d2ce65449951922,ac180326-356b91ddc720b9a9,0.421875,0.5684210526315789
0017d438-960ae693e652c652,43b10dec-7a545eeabb0d7e28,0.421875,0.4576271186440678
dbffab11-fdab463886beb879,eec856c0-6681d74ff3e3f063,0.42162162162162165,0.4936708860759494
e8006510-ee67e2b4f9438f06,aa8091b0-1eb4a9b6127c3413,0.4215686274509804,0.43
6c4ac8d3-ce1d5991f80ca11f,5dbd0a07-3bfbd898c47b82dd,0.4215686274509804,0.589041095890411
6c4ac8d3-ce1d5991f80ca11f,bdc08e6f-443b55d42ad9cbef,0.4215686274509804,0.589041095890411
b5fbe7a2-6d2c84f49bfccf11,ea899386-c146e2b9378cb20e,0.42105263157894735,0.4666666666666667
bf0df1d5-22e0cc7e97c006fd,aa8091b0-1eb4a9b6127c3413,0.42105263157894735,0.5373134328358209
31f29772-6d2ce65449951922,86232d21-ce3c1b1217526a2c,0.4205128205128205,0.43157894736842106
829d2024-34110f49d01b5189,86232d21-ce3c1b1217526a2c,0.42038216560509556,0.5789473684210527
829d2024-34110f49d01b5189,e8006510-ee67e2b4f9438f06,0.42038216560509556,0.5789473684210527
1071f735-61e1aff4bf0c237d,ac180326-356b91ddc720b9a9,0.42023346303501946,0.5625
4a570de6-16cc55249fee2574,b728ba1d-3f8b530de1c46258,0.41975308641975306,0.53125
4a570de6-16cc55249fee2574,d04e5afb-69fc7bceb8fdf2d3,0.41975308641975306,0.53125
4a570de6-16cc55249fee2574,d04e5afb-bb51c95653192408,0.41975308641975306,0.53125
4a570de6-16cc55249fee2574,b728ba1d-fd8a15b0393da057,0.41975308641975306,0.53125
c354b74f-5a94e5a2d97408b1,b1e9f1f6-d12c33b532fda3dc,0.4195121951219512,0.48314606741573035
b5fbe7a2-6d2c84f49bfccf11,4a570de6-16cc55249fee2574,0.41935483870967744,0.43333333333333335
4212c4b9-8b9abbe7169dae20,b1e9f1f6-d12c33b532fda3dc,0.41935483870967744,0.5571428571428572
cd835290-3f9ba9971df22437,b728ba1d-3f8b530de1c46258,0.41916167664670656,0.5072463768115942
cd835290-3f9ba9971df22437,d04e5afb-69fc7bceb8fdf2d3,0.41916167664670656,0.5072463768115942
cd835290-3f9ba9971df22437,d04e5afb-bb51c95653192408,0.41916167664670656,0.5072463768115942
cd835290-3f9ba9971df22437,b728ba1d-fd8a15b0393da057,0.41916167664670656,0.5072463768115942
4d279121-0ff077c1f36379a7,31f29772-6d2ce65449951922,0.41916167664670656,0.4861111111111111
a3e272af-da6a1661a8f461cc,eec856c0-6681d74ff3e3f063,0.418848167539267,0.47058823529411764
25151980-cde67178d1ce0814,86232d21-ce3c1b1217526a2c,0.4186046511627907,0.5
aa8091b0-1eb4a9b6127c3413,2ff0355e-aeadc3b066e10ea6,0.4186046511627907,0.4326923076923077
bf0df1d5-22e0cc7e97c006fd,24044589-6525c627e0c34883,0.41830065359477125,0.47761194029850745
8f31b279-9d766d429800c2da,f7fc2e94-c1ac1a09a6ecfec9,0.417910447761194,0.4745762711864407
0017d438-960ae693e652c652,d1cd194e-51c7f119cb492311,0.417910447761194,0.4745762711864407
b2590225-d2dd36b85a46fb10,dbffab11-fdab463886beb879,0.4177215189873418,0.4177215189873418
cd835290-3f9ba9971df22437,c354b74f-5a94e5a2d97408b1,0.4177215189873418,0.4782608695652174
829d2024-34110f49d01b5189,c34bb733-7ef4a114ed602603,0.4175824175824176,0.6666666666666666
b728ba1d-3f8b530de1c46258,ac180326-356b91ddc720b9a9,0.416988416988417,0.5510204081632653
d04e5afb-69fc7bceb8fdf2d3,ac180326-356b91ddc720b9a9,0.416988416988417,0.5510204081632653
d04e5afb-bb51c95653192408,ac180326-356b91ddc720b9a9,0.416988416988417,0.5510204081632653
b728ba1d-fd8a15b0393da057,ac180326-356b91ddc720b9a9,0.416988416988417,0.5510204081632653
31f29772-6d2ce65449951922,ebce9e39-f30f695825446743,0.4166666666666667,0.5263157894736842
829d2024-34110f49d01b5189,24b20554-a5b1e55952e1ee2b,0.4166666666666667,0.43859649122807015
a3e272af-da6a1661a8f461cc,5fcbdd19-913dff7adec25385,0.4166666666666667,0.47058823529411764
31f29772-6d2ce65449951922,d55c238c-f30f695825446743,0.4166666666666667,0.5263157894736842
25151980-cde67178d1ce0814,4d279121-0ff077c1f36379a7,0.4166666666666667,0.4166666666666667
1071f735-61e1aff4bf0c237d,c34bb733-7ef4a114ed602603,0.416289592760181,0.4791666666666667
086f0f90-caf7b89bcda85104,1071f735-61e1aff4bf0c237d,0.4161849710982659,0.4675324675324675
fbd26aa0-e12930f0257c0bc5,b2590225-d2dd36b85a46fb10,0.4161073825503356,0.44285714285714284
21123500-e12930f0257c0bc5,b2590225-d2dd36b85a46fb10,0.4161073825503356,0.44285714285714284
4212c4b9-8b9abbe7169dae20,b2590225-d2dd36b85a46fb10,0.4161073825503356,0.44285714285714284
24b20554-a5b1e55952e1ee2b,bf0df1d5-22e0cc7e97c006fd,0.4153846153846154,0.42857142857142855
fdcbdf85-bddbb9b358411936,31f29772-6d2ce65449951922,0.41530054644808745,0.4318181818181818
8a20e743-b9a360f36685b924,c354b74f-5a94e5a2d97408b1,0.41509433962264153,0.4714285714285714
8f31b279-9d766d429800c2da,e8006510-ee67e2b4f9438f06,0.41509433962264153,0.559322033898305
31f29772-6d2ce65449951922,bd7281dc-eb76f08e552cb1b1,0.41509433962264153,0.4631578947368421
25151980-cde67178d1ce0814,c7239c97-c74c99add65aa484,0.41420118343195267,0.4861111111111111
25151980-cde67178d1ce0814,4fd752f7-c74c99add65aa484,0.41420118343195267,0.4861111111111111
b728ba1d-3f8b530de1c46258,9756f13a-ba89bee7fec4f211,0.41414141414141414,0.41836734693877553
d04e5afb-69fc7bceb8fdf2d3,9756f13a-ba89bee7fec4f211,0.41414141414141414,0.41836734693877553
d04e5afb-bb51c95653192408,9756f13a-ba89bee7fec4f211,0.41414141414141414,0.41836734693877553
b728ba1d-fd8a15b0393da057,9756f13a-ba89bee7fec4f211,0.41414141414141414,0.41836734693877553
1071f735-61e1aff4bf0c237d,5dbd0a07-3bfbd898c47b82dd,0.41409691629955947,0.4895833333333333
1071f735-61e1aff4bf0c237d,bdc08e6f-443b55d42ad9cbef,0.41409691629955947,0.4895833333333333
fbd26aa0-e12930f0257c0bc5,f7fc2e94-c1ac1a09a6ecfec9,0.41379310344827586,0.42857142857142855
fbd26aa0-e12930f0257c0bc5,d1cd194e-51c7f119cb492311,0.41379310344827586,0.42857142857142855
21123500-e12930f0257c0bc5,f7fc2e94-c1ac1a09a6ecfec9,0.41379310344827586,0.42857142857142855
21123500-e12930f0257c0bc5,d1cd194e-51c7f119cb492311,0.41379310344827586,0.42857142857142855
9852706b-dc2846d870c40dd6,372a4f50-a77e969096e4de0c,0.41379310344827586,0.631578947368421
24044589-6525c627e0c34883,b728ba1d-3f8b530de1c46258,0.41304347826086957,0.4418604651162791
24044589-6525c627e0c34883,d04e5afb-69fc7bceb8fdf2d3,0.41304347826086957,0.4418604651162791
24044589-6525c627e0c34883,d04e5afb-bb51c95653192408,0.41304347826086957,0.4418604651162791
24044589-6525c627e0c34883,b728ba1d-fd8a15b0393da057,0.41304347826086957,0.4418604651162791
bf0df1d5-22e0cc7e97c006fd,fdcbdf85-bddbb9b358411936,0.4129032258064516,0.47761194029850745
3b5cec19-e9e3b340a83c14f3,565f77b7-ba8553bf0459956f,0.4129032258064516,0.5
4a570de6-16cc55249fee2574,565f77b7-ba8553bf0459956f,0.4129032258064516,0.5
565f77b7-ba8553bf0459956f,b728ba1d-3f8b530de1c46258,0.4126984126984127,0.42857142857142855
565f77b7-ba8553bf0459956f,d04e5afb-69fc7bceb8fdf2d3,0.4126984126984127,0.42857142857142855
565f77b7-ba8553bf0459956f,d04e5afb-bb51c95653192408,0.4126984126984127,0.42857142857142855
565f77b7-ba8553bf0459956f,b728ba1d-fd8a15b0393da057,0.4126984126984127,0.42857142857142855
a3e272af-da6a1661a8f461cc,aa8091b0-1eb4a9b6127c3413,0.4126984126984127,0.4588235294117647
6c4ac8d3-ce1d5991f80ca11f,b1e9f1f6-d12c33b532fda3dc,0.4126984126984127,0.5342465753424658
792863db-47ed36bd66713ca0,aa266c38-a988d514286f7261,0.4122137404580153,0.4576271186440678
086f0f90-caf7b89bcda85104,fdcbdf85-bddbb9b358411936,0.4121212121212121,0.44155844155844154
4212c4b9-8b9abbe7169dae20,e8006510-ee67e2b4f9438f06,0.4117647058823529,0.5
9852706b-dc2846d870c40dd6,b2590225-d2dd36b85a46fb10,0.4117647058823529,0.49122807017543857
d1cd194e-51c7f119cb492311,9756f13a-ba89bee7fec4f211,0.4114285714285714,0.48
d1cd194e-51c7f119cb492311,e8006510-ee67e2b4f9438f06,0.4114285714285714,0.48
cd835290-3f9ba9971df22437,25151980-cde67178d1ce0814,0.41134751773049644,0.42028985507246375
9852706b-dc2846d870c40dd6,18e2441c-e09a749e7650e525,0.41134751773049644,0.5087719298245614
b1e9f1f6-d12c33b532fda3dc,6e637812-103dbaca58c72ba9,0.41106719367588934,0.4482758620689655
c354b74f-5a94e5a2d97408b1,1071f735-61e1aff4bf0c237d,0.41081081081081083,0.42696629213483145
a3e272af-da6a1661a8f461cc,e8006510-ee67e2b4f9438f06,0.41081081081081083,0.4470588235294118
5fcbdd19-913dff7adec25385,372a4f50-a77e969096e4de0c,0.4107142857142857,0.42990654205607476
d2f74dfc-c647b91937eabf95,2ff0355e-aeadc3b066e10ea6,0.4105263157894737,0.4936708860759494
565f77b7-ba8553bf0459956f,aa8091b0-1eb4a9b6127c3413,0.41025641025641024,0.43956043956043955
e435b1ac-725ccefba23c4954,d2f74dfc-c647b91937eabf95,0.41025641025641024,0.4155844155844156
bf0df1d5-22e0cc7e97c006fd,c354b74f-5a94e5a2d97408b1,0.41025641025641024,0.47761194029850745
e435b1ac-725ccefba23c4954,c354b74f-5a94e5a2d97408b1,0.40963855421686746,0.44155844155844154
31f29772-6d2ce65449951922,120878da-8a60d23e91164ee1,0.4095238095238095,0.45263157894736844
6c4ac8d3-ce1d5991f80ca11f,b728ba1d-3f8b530de1c46258,0.4093567251461988,0.4794520547945205
6c4ac8d3-ce1d5991f80ca11f,d04e5afb-69fc7bceb8fdf2d3,0.4093567251461988,0.4794520547945205
6c4ac8d3-ce1d5991f80ca11f,d04e5afb-bb51c95653192408,0.4093567251461988,0.4794520547945205
6c4ac8d3-ce1d5991f80ca11f,b728ba1d-fd8a15b0393da057,0.4093567251461988,0.4794520547945205
b5fbe7a2-6d2c84f49bfccf11,4d279121-0ff077c1f36379a7,0.4090909090909091,0.45
cd835290-3f9ba9971df22437,5fcbdd19-913dff7adec25385,0.4090909090909091,0.5217391304347826
0017d438-960ae693e652c652,ea899386-c146e2b9378cb20e,0.4090909090909091,0.4576271186440678
24b20554-a5b1e55952e1ee2b,b2590225-d2dd36b85a46fb10,0.4084507042253521,0.4603174603174603
8f31b279-9d766d429800c2da,fdcbdf85-bddbb9b358411936,0.40816326530612246,0.5084745762711864
d1cd194e-51c7f119cb492311,086f0f90-caf7b89bcda85104,0.40789473684210525,0.41333333333333333
fbd26aa0-e12930f0257c0bc5,c7239c97-c74c99add65aa484,0.40718562874251496,0.4857142857142857
fbd26aa0-e12930f0257c0bc5,4fd752f7-c74c99add65aa484,0.40718562874251496,0.4857142857142857
dbffab11-fdab463886beb879,fdcbdf85-bddbb9b358411936,0.40718562874251496,0.43037974683544306
21123500-e12930f0257c0bc5,c7239c97-c74c99add65aa484,0.40718562874251496,0.4857142857142857
21123500-e12930f0257c0bc5,4fd752f7-c74c99add65aa484,0.40718562874251496,0.4857142857142857
bf0df1d5-22e0cc7e97c006fd,120878da-8a60d23e91164ee1,0.4065934065934066,0.5522388059701493
25151980-cde67178d1ce0814,120878da-8a60d23e91164ee1,0.40641711229946526,0.5277777777777778
4d279121-0ff077c1f36379a7,120878da-8a60d23e91164ee1,0.40641711229946526,0.5277777777777778
0017d438-960ae693e652c652,cd835290-3f9ba9971df22437,0.40625,0.4406779661016949
565f77b7-ba8553bf0459956f,eec856c0-6681d74ff3e3f063,0.40609137055837563,0.43956043956043955
856a8eda-47110854840863cd,6c4ac8d3-ce1d5991f80ca11f,0.40601503759398494,0.45
31f29772-6d2ce65449951922,5fcbdd19-913dff7adec25385,0.40594059405940597,0.43157894736842106
24044589-6525c627e0c34883,b1e9f1f6-d12c33b532fda3dc,0.40594059405940597,0.47674418604651164
c34bb733-7ef4a114ed602603,ac180326-356b91ddc720b9a9,0.40559440559440557,0.464
1c4d348d-5efc0e31e7b0848c,ea899386-c146e2b9378cb20e,0.40559440559440557,0.4142857142857143
1c4d348d-5efc0e31e7b0848c,6c4ac8d3-ce1d5991f80ca11f,0.40559440559440557,0.4142857142857143
6c4ac8d3-ce1d5991f80ca11f,f7fc2e94-c1ac1a09a6ecfec9,0.40540540540540543,0.410958904109589
6c4ac8d3-ce1d5991f80ca11f,a3e272af-da6a1661a8f461cc,0.4050632911392405,0.4383561643835616
8a5fe3d9-c2dc87d910239371,b728ba1d-3f8b530de1c46258,0.4046242774566474,0.4666666666666667
8a5fe3d9-c2dc87d910239371,d04e5afb-69fc7bceb8fdf2d3,0.4046242774566474,0.4666666666666667
8a5fe3d9-c2dc87d910239371,d04e5afb-bb51c95653192408,0.4046242774566474,0.4666666666666667
8a5fe3d9-c2dc87d910239371,b728ba1d-fd8a15b0393da057,0.4046242774566474,0.4666666666666667
086f0f90-caf7b89bcda85104,b1e9f1f6-d12c33b532fda3dc,0.40414507772020725,0.5064935064935064
9756f13a-ba89bee7fec4f211,643e22cc-f16a24081f57fd37,0.40358744394618834,0.45
0017d438-960ae693e652c652,8a5fe3d9-c2dc87d910239371,0.40298507462686567,0.4576271186440678
3b5cec19-e9e3b340a83c14f3,f7fc2e94-c1ac1a09a6ecfec9,0.4028776978417266,0.4375
0017d438-960ae693e652c652,31f29772-6d2ce65449951922,0.4025974025974026,0.5254237288135594
3b5cec19-e9e3b340a83c14f3,86232d21-ce3c1b1217526a2c,0.4024390243902439,0.515625
3b5cec19-e9e3b340a83c14f3,e8006510-ee67e2b4f9438f06,0.4024390243902439,0.515625
4a570de6-16cc55249fee2574,e8006510-ee67e2b4f9438f06,0.4024390243902439,0.515625
bf0df1d5-22e0cc7e97c006fd,c7239c97-c74c99add65aa484,0.4024390243902439,0.4925373134328358
bf0df1d5-22e0cc7e97c006fd,4fd752f7-c74c99add65aa484,0.4024390243902439,0.4925373134328358
9852706b-dc2846d870c40dd6,bd7281dc-eb76f08e552cb1b1,0.40229885057471265,0.6140350877192983
4d279121-0ff077c1f36379a7,5fcbdd19-913dff7adec25385,0.4022346368715084,0.5
d1cd194e-51c7f119cb492311,aa8091b0-1eb4a9b6127c3413,0.4022346368715084,0.48
e435b1ac-725ccefba23c4954,5fcbdd19-913dff7adec25385,0.40217391304347827,0.4805194805194805
bf0df1d5-22e0cc7e97c006fd,372a4f50-a77e969096e4de0c,0.40217391304347827,0.5522388059701493
e435b1ac-725ccefba23c4954,bd7281dc-eb76f08e552cb1b1,0.4020618556701031,0.5064935064935064
31f29772-6d2ce65449951922,aa8091b0-1eb4a9b6127c3413,0.4020100502512563,0.42105263157894735
b728ba1d-3f8b530de1c46258,2ff0355e-aeadc3b066e10ea6,0.4019138755980861,0.42857142857142855
d04e5afb-69fc7bceb8fdf2d3,2ff0355e-aeadc3b066e10ea6,0.4019138755980861,0.42857142857142855
d04e5afb-bb51c95653192408,2ff0355e-aeadc3b066e10ea6,0.4019138755980861,0.42857142857142855
b728ba1d-fd8a15b0393da057,2ff0355e-aeadc3b066e10ea6,0.4019138755980861,0.42857142857142855
aa8091b0-1eb4a9b6127c3413,120878da-8a60d23e91164ee1,0.4018264840182648,0.4230769230769231
6c4ac8d3-ce1d5991f80ca11f,ac180326-356b91ddc720b9a9,0.4017094017094017,0.6438356164383562
fbd26aa0-e12930f0257c0bc5,8a5fe3d9-c2dc87d910239371,0.4,0.4142857142857143
856a8eda-47110854840863cd,fbd26aa0-e12930f0257c0bc5,0.4,0.43333333333333335
4212c4b9-8b9abbe7169dae20,f7fc2e94-c1ac1a09a6ecfec9,0.4,0.4142857142857143
1c4d348d-5efc0e31e7b0848c,8a20e743-b9a360f36685b924,0.4,0.4
21123500-e12930f0257c0bc5,8a5fe3d9-c2dc87d910239371,0.4,0.4142857142857143
856a8eda-47110854840863cd,8a5fe3d9-c2dc87d910239371,0.4,0.45
cd835290-3f9ba9971df22437,b1e9f1f6-d12c33b532fda3dc,0.4,0.5362318840579711
0922b7e7-07b38c3d5335955e,b728ba1d-3f8b530de1c46258,0.4,0.4925373134328358
bf0df1d5-22e0cc7e97c006fd,b728ba1d-3f8b530de1c46258,0.4,0.4925373134328358
86232d21-ce3c1b1217526a2c,c34bb733-7ef4a114ed602603,0.4,0.45
0922b7e7-07b38c3d5335955e,d04e5afb-69fc7bceb8fdf2d3,0.4,0.4925373134328358
bf0df1d5-22e0cc7e97c006fd,d04e5afb-69fc7bceb8fdf2d3,0.4,0.4925373134328358
25151980-cde67178d1ce0814,ea899386-c146e2b9378cb20e,0.4,0.4027777777777778
0922b7e7-07b38c3d5335955e,d04e5afb-bb51c95653192408,0.4,0.4925373134328358
bf0df1d5-22e0cc7e97c006fd,d04e5afb-bb51c95653192408,0.4,0.4925373134328358
0922b7e7-07b38c3d5335955e,b728ba1d-fd8a15b0393da057,0.4,0.4925373134328358
bf0df1d5-22e0cc7e97c006fd,b728ba1d-fd8a15b0393da057,0.4,0.4925373134328358
a3e272af-da6a1661a8f461cc,120878da-8a60d23e91164ee1,0.4,0.47058823529411764
856a8eda-47110854840863cd,21123500-e12930f0257c0bc5,0.4,0.43333333333333335
120878da-8a60d23e91164ee1,b1e9f1f6-d12c33b532fda3dc,0.39826839826839827,0.4
bf0df1d5-22e0cc7e97c006fd,aa266c38-a988d514286f7261,0.3981042654028436,0.6268656716417911
fdcbdf85-bddbb9b358411936,643e22cc-f16a24081f57fd37,0.3981042654028436,0.4772727272727273
e8006510-ee67e2b4f9438f06,eec856c0-6681d74ff3e3f063,0.39805825242718446,0.41
ea899386-c146e2b9378cb20e,643e22cc-f16a24081f57fd37,0.3979591836734694,0.5342465753424658
565f77b7-ba8553bf0459956f,9756f13a-ba89bee7fec4f211,0.39790575916230364,0.4175824175824176
086f0f90-caf7b89bcda85104,aa8091b0-1eb4a9b6127c3413,0.39779005524861877,0.4675324675324675
3b5cec19-e9e3b340a83c14f3,372a4f50-a77e969096e4de0c,0.39779005524861877,0.5625
4212c4b9-8b9abbe7169dae20,2ff0355e-aeadc3b066e10ea6,0.39779005524861877,0.5142857142857142
1c4d348d-5efc0e31e7b0848c,1071f735-61e1aff4bf0c237d,0.39759036144578314,0.4714285714285714
ea899386-c146e2b9378cb20e,fdcbdf85-bddbb9b358411936,0.39751552795031053,0.4383561643835616
4a570de6-16cc55249fee2574,c7239c97-c74c99add65aa484,0.39751552795031053,0.5
4a570de6-16cc55249fee2574,4fd752f7-c74c99add65aa484,0.39751552795031053,0.5
856a8eda-47110854840863cd,1071f735-61e1aff4bf0c237d,0.3974358974358974,0.5166666666666667
086f0f90-caf7b89bcda85104,b2590225-d2dd36b85a46fb10,0.3974358974358974,0.4025974025974026
bf0df1d5-22e0cc7e97c006fd,18e2441c-e09a749e7650e525,0.3973509933774834,0.44776119402985076
0017d438-960ae693e652c652,e435b1ac-725ccefba23c4954,0.39705882352941174,0.4576271186440678
0017d438-960ae693e652c652,4d279121-0ff077c1f36379a7,0.3969465648854962,0.4406779661016949
2ff0355e-aeadc3b066e10ea6,b1e9f1f6-d12c33b532fda3dc,0.3964757709251101,0.40540540540540543
e8006510-ee67e2b4f9438f06,372a4f50-a77e969096e4de0c,0.39631336405529954,0.43
bf0df1d5-22e0cc7e97c006fd,ebce9e39-f30f695825446743,0.39622641509433965,0.6268656716417911
bf0df1d5-22e0cc7e97c006fd,d55c238c-f30f695825446743,0.39622641509433965,0.6268656716417911
565f77b7-ba8553bf0459956f,b1e9f1f6-d12c33b532fda3dc,0.3961352657004831,0.45054945054945056
fdcbdf85-bddbb9b358411936,aa8091b0-1eb4a9b6127c3413,0.3958333333333333,0.4318181818181818
4212c4b9-8b9abbe7169dae20,bd7281dc-eb76f08e552cb1b1,0.39572192513368987,0.5285714285714286
0017d438-960ae693e652c652,792863db-47ed36bd66713ca0,0.3954802259887006,0.5932203389830508
b5fbe7a2-6d2c84f49bfccf11,372a4f50-a77e969096e4de0c,0.3954802259887006,0.5833333333333334
dbffab11-fdab463886beb879,b728ba1d-3f8b530de1c46258,0.3954802259887006,0.4430379746835443
dbffab11-fdab463886beb879,d04e5afb-69fc7bceb8fdf2d3,0.3954802259887006,0.4430379746835443
dbffab11-fdab463886beb879,d04e5afb-bb51c95653192408,0.3954802259887006,0.4430379746835443
dbffab11-fdab463886beb879,b728ba1d-fd8a15b0393da057,0.3954802259887006,0.4430379746835443
ea899386-c146e2b9378cb20e,aa8091b0-1eb4a9b6127c3413,0.3954802259887006,0.4794520547945205
f7fc2e94-c1ac1a09a6ecfec9,c7239c97-c74c99add65aa484,0.3953488372093023,0.4533333333333333
f7fc2e94-c1ac1a09a6ecfec9,4fd752f7-c74c99add65aa484,0.3953488372093023,0.4533333333333333
0922b7e7-07b38c3d5335955e,31f29772-6d2ce65449951922,0.3950617283950617,0.47761194029850745
bf0df1d5-22e0cc7e97c006fd,ac180326-356b91ddc720b9a9,0.39473684210526316,0.6716417910447762
3b5cec19-e9e3b340a83c14f3,fdcbdf85-bddbb9b358411936,0.39473684210526316,0.46875
b728ba1d-3f8b530de1c46258,c34bb733-7ef4a114ed602603,0.39461883408071746,0.4489795918367347
d04e5afb-69fc7bceb8fdf2d3,c34bb733-7ef4a114ed602603,0.39461883408071746,0.4489795918367347
d04e5afb-bb51c95653192408,c34bb733-7ef4a114ed602603,0.39461883408071746,0.4489795918367347
b728ba1d-fd8a15b0393da057,c34bb733-7ef4a114ed602603,0.39461883408071746,0.4489795918367347
fbd26aa0-e12930f0257c0bc5,e435b1ac-725ccefba23c4954,0.3945578231292517,0.4142857142857143
21123500-e12930f0257c0bc5,e435b1ac-725ccefba23c4954,0.3945578231292517,0.4142857142857143
31f29772-6d2ce65449951922,792863db-47ed36bd66713ca0,0.39436619718309857,0.4421052631578947
e435b1ac-725ccefba23c4954,5dbd0a07-3bfbd898c47b82dd,0.3942307692307692,0.5324675324675324
e435b1ac-725ccefba23c4954,bdc08e6f-443b55d42ad9cbef,0.3942307692307692,0.5324675324675324
24b20554-a5b1e55952e1ee2b,cd835290-3f9ba9971df22437,0.3939393939393939,0.4126984126984127
bf0df1d5-22e0cc7e97c006fd,5dbd0a07-3bfbd898c47b82dd,0.3939393939393939,0.582089552238806
bf0df1d5-22e0cc7e97c006fd,bdc08e6f-443b55d42ad9cbef,0.3939393939393939,0.582089552238806
1071f735-61e1aff4bf0c237d,c7239c97-c74c99add65aa484,0.39378238341968913,0.3958333333333333
1071f735-61e1aff4bf0c237d,4fd752f7-c74c99add65aa484,0.39378238341968913,0.3958333333333333
dbffab11-fdab463886beb879,aa8091b0-1eb4a9b6127c3413,0.39344262295081966,0.45569620253164556
086f0f90-caf7b89bcda85104,eec856c0-6681d74ff3e3f063,0.39344262295081966,0.4675324675324675
bf0df1d5-22e0cc7e97c006fd,eec856c0-6681d74ff3e3f063,0.3930635838150289,0.5074626865671642
b2590225-d2dd36b85a46fb10,18e2441c-e09a749e7650e525,0.39263803680981596,0.4050632911392405
1c4d348d-5efc0e31e7b0848c,aa266c38-a988d514286f7261,0.3925233644859813,0.6
c7239c97-c74c99add65aa484,5fcbdd19-913dff7adec25385,0.39215686274509803,0.41237113402061853
4fd752f7-c74c99add65aa484,5fcbdd19-913dff7adec25385,0.39215686274509803,0.41237113402061853
ea899386-c146e2b9378cb20e,f7fc2e94-c1ac1a09a6ecfec9,0.3918918918918919,0.3972602739726027
cd835290-3f9ba9971df22437,d2f74dfc-c647b91937eabf95,0.3918918918918919,0.42028985507246375
3b5cec19-e9e3b340a83c14f3,18e2441c-e09a749e7650e525,0.3918918918918919,0.453125
25151980-cde67178d1ce0814,372a4f50-a77e969096e4de0c,0.3915343915343915,0.5138888888888888
c354b74f-5a94e5a2d97408b1,31f29772-6d2ce65449951922,0.391304347826087,0.4044943820224719
0017d438-960ae693e652c652,b2590225-d2dd36b85a46fb10,0.391304347826087,0.4576271186440678
8f31b279-9d766d429800c2da,c34bb733-7ef4a114ed602603,0.391304347826087,0.6101694915254238
ea899386-c146e2b9378cb20e,eec856c0-6681d74ff3e3f063,0.39106145251396646,0.4794520547945205
b728ba1d-3f8b530de1c46258,5fcbdd19-913dff7adec25385,0.3902439024390244,0.40816326530612246
d04e5afb-69fc7bceb8fdf2d3,5fcbdd19-913dff7adec25385,0.3902439024390244,0.40816326530612246
d04e5afb-bb51c95653192408,5fcbdd19-913dff7adec25385,0.3902439024390244,0.40816326530612246
b728ba1d-fd8a15b0393da057,5fcbdd19-913dff7adec25385,0.3902439024390244,0.40816326530612246
6c4ac8d3-ce1d5991f80ca11f,565f77b7-ba8553bf0459956f,0.3902439024390244,0.4383561643835616
856a8eda-47110854840863cd,24b20554-a5b1e55952e1ee2b,0.3902439024390244,0.4
c354b74f-5a94e5a2d97408b1,2ff0355e-aeadc3b066e10ea6,0.39,0.43820224719101125
4212c4b9-8b9abbe7169dae20,c34bb733-7ef4a114ed602603,0.38974358974358975,0.5428571428571428
d1cd194e-51c7f119cb492311,120878da-8a60d23e91164ee1,0.3894736842105263,0.49333333333333335
6c4ac8d3-ce1d5991f80ca11f,372a4f50-a77e969096e4de0c,0.3894736842105263,0.5068493150684932
fbd26aa0-e12930f0257c0bc5,dbffab11-fdab463886beb879,0.38926174496644295,0.4142857142857143
21123500-e12930f0257c0bc5,dbffab11-fdab463886beb879,0.38926174496644295,0.4142857142857143
8a20e743-b9a360f36685b924,b2590225-d2dd36b85a46fb10,0.38926174496644295,0.4142857142857143
4a570de6-16cc55249fee2574,a3e272af-da6a1661a8f461cc,0.38926174496644295,0.453125
e435b1ac-725ccefba23c4954,aa266c38-a988d514286f7261,0.3891402714932127,0.5584415584415584
086f0f90-caf7b89bcda85104,b728ba1d-3f8b530de1c46258,0.38857142857142857,0.44155844155844154
086f0f90-caf7b89bcda85104,d04e5afb-69fc7bceb8fdf2d3,0.38857142857142857,0.44155844155844154
086f0f90-caf7b89bcda85104,d04e5afb-bb51c95653192408,0.38857142857142857,0.44155844155844154
086f0f90-caf7b89bcda85104,b728ba1d-fd8a15b0393da057,0.38857142857142857,0.44155844155844154
4a570de6-16cc55249fee2574,2ff0355e-aeadc3b066e10ea6,0.38857142857142857,0.53125
4a570de6-16cc55249fee2574,8a5fe3d9-c2dc87d910239371,0.38848920863309355,0.421875
b728ba1d-3f8b530de1c46258,aa266c38-a988d514286f7261,0.3884297520661157,0.47959183673469385
d04e5afb-69fc7bceb8fdf2d3,aa266c38-a988d514286f7261,0.3884297520661157,0.47959183673469385
d04e5afb-bb51c95653192408,aa266c38-a988d514286f7261,0.3884297520661157,0.47959183673469385
b728ba1d-fd8a15b0393da057,aa266c38-a988d514286f7261,0.3884297520661157,0.47959183673469385
c354b74f-5a94e5a2d97408b1,372a4f50-a77e969096e4de0c,0.3883495145631068,0.449438202247191
dbffab11-fdab463886beb879,372a4f50-a77e969096e4de0c,0.3877551020408163,0.4810126582278481
1071f735-61e1aff4bf0c237d,86232d21-ce3c1b1217526a2c,0.3877551020408163,0.3958333333333333
5fcbdd19-913dff7adec25385,120878da-8a60d23e91164ee1,0.38738738738738737,0.40186915887850466
829d2024-34110f49d01b5189,0922b7e7-07b38c3d5335955e,0.3870967741935484,0.42105263157894735
24044589-6525c627e0c34883,31f29772-6d2ce65449951922,0.3867403314917127,0.4069767441860465
8a5fe3d9-c2dc87d910239371,d1cd194e-51c7f119cb492311,0.38666666666666666,0.38666666666666666
24b20554-a5b1e55952e1ee2b,aa266c38-a988d514286f7261,0.3864734299516908,0.6349206349206349
9852706b-dc2846d870c40dd6,fdcbdf85-bddbb9b358411936,0.38620689655172413,0.49122807017543857
8a5fe3d9-c2dc87d910239371,1071f735-61e1aff4bf0c237d,0.38596491228070173,0.44
ea899386-c146e2b9378cb20e,b728ba1d-3f8b530de1c46258,0.38596491228070173,0.4520547945205479
ea899386-c146e2b9378cb20e,d04e5afb-69fc7bceb8fdf2d3,0.38596491228070173,0.4520547945205479
ea899386-c146e2b9378cb20e,d04e5afb-bb51c95653192408,0.38596491228070173,0.4520547945205479
ea899386-c146e2b9378cb20e,b728ba1d-fd8a15b0393da057,0.38596491228070173,0.4520547945205479
1c4d348d-5efc0e31e7b0848c,4212c4b9-8b9abbe7169dae20,0.38571428571428573,0.38571428571428573
aa8091b0-1eb4a9b6127c3413,ebce9e39-f30f695825446743,0.3855421686746988,0.46153846153846156
fbd26aa0-e12930f0257c0bc5,1071f735-61e1aff4bf0c237d,0.3855421686746988,0.45714285714285713
21123500-e12930f0257c0bc5,1071f735-61e1aff4bf0c237d,0.3855421686746988,0.45714285714285713
aa8091b0-1eb4a9b6127c3413,d55c238c-f30f695825446743,0.3855421686746988,0.46153846153846156
f7fc2e94-c1ac1a09a6ecfec9,372a4f50-a77e969096e4de0c,0.3854166666666667,0.49333333333333335
2ff0355e-aeadc3b066e10ea6,792863db-47ed36bd66713ca0,0.38427947598253276,0.3963963963963964
4d279121-0ff077c1f36379a7,5dbd0a07-3bfbd898c47b82dd,0.3842364532019704,0.5416666666666666
4d279121-0ff077c1f36379a7,bdc08e6f-443b55d42ad9cbef,0.3842364532019704,0.5416666666666666
25151980-cde67178d1ce0814,d2f74dfc-c647b91937eabf95,0.3841059602649007,0.4027777777777778
565f77b7-ba8553bf0459956f,5fcbdd19-913dff7adec25385,0.3838383838383838,0.4175824175824176
25151980-cde67178d1ce0814,9756f13a-ba89bee7fec4f211,0.38372093023255816,0.4583333333333333
4d279121-0ff077c1f36379a7,9756f13a-ba89bee7fec4f211,0.38372093023255816,0.4583333333333333
0922b7e7-07b38c3d5335955e,86232d21-ce3c1b1217526a2c,0.38323353293413176,0.47761194029850745
fdcbdf85-bddbb9b358411936,86232d21-ce3c1b1217526a2c,0.3829787234042553,0.4090909090909091
ea899386-c146e2b9378cb20e,120878da-8a60d23e91164ee1,0.3829787234042553,0.4931506849315068
086f0f90-caf7b89bcda85104,2ff0355e-aeadc3b066e10ea6,0.3829787234042553,0.4675324675324675
25151980-cde67178d1ce0814,b1e9f1f6-d12c33b532fda3dc,0.3829787234042553,0.5
565f77b7-ba8553bf0459956f,792863db-47ed36bd66713ca0,0.3827751196172249,0.43956043956043955
0922b7e7-07b38c3d5335955e,b1e9f1f6-d12c33b532fda3dc,0.3825136612021858,0.5223880597014925
4a570de6-16cc55249fee2574,25151980-cde67178d1ce0814,0.38235294117647056,0.40625
24b20554-a5b1e55952e1ee2b,6c4ac8d3-ce1d5991f80ca11f,0.38235294117647056,0.4126984126984127
25151980-cde67178d1ce0814,eec856c0-6681d74ff3e3f063,0.38202247191011235,0.4722222222222222
9852706b-dc2846d870c40dd6,b1e9f1f6-d12c33b532fda3dc,0.3815028901734104,0.5789473684210527
0922b7e7-07b38c3d5335955e,25597bcb-5d4031295f424a57,0.38144329896907214,0.5522388059701493
dbffab11-fdab463886beb879,5dbd0a07-3bfbd898c47b82dd,0.38095238095238093,0.5063291139240507
dbffab11-fdab463886beb879,bdc08e6f-443b55d42ad9cbef,0.38095238095238093,0.5063291139240507
8f31b279-9d766d429800c2da,0922b7e7-07b38c3d5335955e,0.38095238095238093,0.4067796610169492
1c4d348d-5efc0e31e7b0848c,4d279121-0ff077c1f36379a7,0.38028169014084506,0.38571428571428573
086f0f90-caf7b89bcda85104,aa266c38-a988d514286f7261,0.38009049773755654,0.5454545454545454
eec856c0-6681d74ff3e3f063,120878da-8a60d23e91164ee1,0.38009049773755654,0.39622641509433965
4a570de6-16cc55249fee2574,752ea9a5-4e1704b5a2a2e60e,0.38,0.59375
c7239c97-c74c99add65aa484,b728ba1d-3f8b530de1c46258,0.37948717948717947,0.38144329896907214
4fd752f7-c74c99add65aa484,b728ba1d-3f8b530de1c46258,0.37948717948717947,0.38144329896907214
c7239c97-c74c99add65aa484,d04e5afb-69fc7bceb8fdf2d3,0.37948717948717947,0.38144329896907214
4fd752f7-c74c99add65aa484,d04e5afb-69fc7bceb8fdf2d3,0.37948717948717947,0.38144329896907214
c7239c97-c74c99add65aa484,d04e5afb-bb51c95653192408,0.37948717948717947,0.38144329896907214
4fd752f7-c74c99add65aa484,d04e5afb-bb51c95653192408,0.37948717948717947,0.38144329896907214
c7239c97-c74c99add65aa484,b728ba1d-fd8a15b0393da057,0.37948717948717947,0.38144329896907214
4fd752f7-c74c99add65aa484,b728ba1d-fd8a15b0393da057,0.37948717948717947,0.38144329896907214
0922b7e7-07b38c3d5335955e,5fcbdd19-913dff7adec25385,0.3793103448275862,0.4925373134328358
b2590225-d2dd36b85a46fb10,31f29772-6d2ce65449951922,0.3793103448275862,0.4177215189873418
d2f74dfc-c647b91937eabf95,31f29772-6d2ce65449951922,0.3793103448275862,0.4177215189873418
bd7281dc-eb76f08e552cb1b1,5dbd0a07-3bfbd898c47b82dd,0.3790322580645161,0.4017094017094017
bd7281dc-eb76f08e552cb1b1,bdc08e6f-443b55d42ad9cbef,0.3790322580645161,0.4017094017094017
b5fbe7a2-6d2c84f49bfccf11,aa8091b0-1eb4a9b6127c3413,0.3780487804878049,0.5166666666666667
fbd26aa0-e12930f0257c0bc5,6c4ac8d3-ce1d5991f80ca11f,0.3776223776223776,0.38571428571428573
0017d438-960ae693e652c652,18e2441c-e09a749e7650e525,0.3776223776223776,0.4576271186440678
21123500-e12930f0257c0bc5,6c4ac8d3-ce1d5991f80ca11f,0.3776223776223776,0.38571428571428573
829d2024-34110f49d01b5189,792863db-47ed36bd66713ca0,0.37714285714285717,0.5789473684210527
86232d21-ce3c1b1217526a2c,83935617-8cb055ca61a0e286,0.3771043771043771,0.56
dbffab11-fdab463886beb879,aa266c38-a988d514286f7261,0.37668161434977576,0.5316455696202531
d2f74dfc-c647b91937eabf95,aa266c38-a988d514286f7261,0.37668161434977576,0.5316455696202531
e8006510-ee67e2b4f9438f06,643e22cc-f16a24081f57fd37,0.37668161434977576,0.42
f7fc2e94-c1ac1a09a6ecfec9,b2590225-d2dd36b85a46fb10,0.37662337662337664,0.38666666666666666
24044589-6525c627e0c34883,9756f13a-ba89bee7fec4f211,0.3763440860215054,0.4069767441860465
24b20554-a5b1e55952e1ee2b,8a20e743-b9a360f36685b924,0.37593984962406013,0.3968253968253968
24b20554-a5b1e55952e1ee2b,4212c4b9-8b9abbe7169dae20,0.37593984962406013,0.3968253968253968
e435b1ac-725ccefba23c4954,fdcbdf85-bddbb9b358411936,0.37575757575757573,0.4025974025974026
b5fbe7a2-6d2c84f49bfccf11,86232d21-ce3c1b1217526a2c,0.375,0.5
b5fbe7a2-6d2c84f49bfccf11,18e2441c-e09a749e7650e525,0.375,0.45
a3e272af-da6a1661a8f461cc,643e22cc-f16a24081f57fd37,0.375,0.4588235294117647
eec856c0-6681d74ff3e3f063,ebce9e39-f30f695825446743,0.3745019920318725,0.44339622641509435
eec856c0-6681d74ff3e3f063,d55c238c-f30f695825446743,0.3745019920318725,0.44339622641509435
b728ba1d-3f8b530de1c46258,6e637812-103dbaca58c72ba9,0.37446808510638296,0.4489795918367347
d04e5afb-69fc7bceb8fdf2d3,6e637812-103dbaca58c72ba9,0.37446808510638296,0.4489795918367347
d04e5afb-bb51c95653192408,6e637812-103dbaca58c72ba9,0.37446808510638296,0.4489795918367347
b728ba1d-fd8a15b0393da057,6e637812-103dbaca58c72ba9,0.37446808510638296,0.4489795918367347
1071f735-61e1aff4bf0c237d,5fcbdd19-913dff7adec25385,0.37438423645320196,0.3958333333333333
cd835290-3f9ba9971df22437,792863db-47ed36bd66713ca0,0.37433155080213903,0.5072463768115942
565f77b7-ba8553bf0459956f,1071f735-61e1aff4bf0c237d,0.37433155080213903,0.38461538461538464
d1cd194e-51c7f119cb492311,1071f735-61e1aff4bf0c237d,0.3742690058479532,0.4266666666666667
0017d438-960ae693e652c652,f7fc2e94-c1ac1a09a6ecfec9,0.373134328358209,0.423728813559322
829d2024-34110f49d01b5189,752ea9a5-4e1704b5a2a2e60e,0.37305699481865284,0.631578947368421
e435b1ac-725ccefba23c4954,86232d21-ce3c1b1217526a2c,0.3728813559322034,0.42857142857142855
6c4ac8d3-ce1d5991f80ca11f,aa8091b0-1eb4a9b6127c3413,0.3728813559322034,0.4520547945205479
2ff0355e-aeadc3b066e10ea6,c34bb733-7ef4a114ed602603,0.3728813559322034,0.3963963963963964
aa8091b0-1eb4a9b6127c3413,b1e9f1f6-d12c33b532fda3dc,0.37272727272727274,0.3942307692307692
dbffab11-fdab463886beb879,c34bb733-7ef4a114ed602603,0.37254901960784315,0.4810126582278481
b2590225-d2dd36b85a46fb10,c34bb733-7ef4a114ed602603,0.37254901960784315,0.4810126582278481
b1e9f1f6-d12c33b532fda3dc,5dbd0a07-3bfbd898c47b82dd,0.3724696356275304,0.39655172413793105
b1e9f1f6-d12c33b532fda3dc,bdc08e6f-443b55d42ad9cbef,0.3724696356275304,0.39655172413793105
25151980-cde67178d1ce0814,6c4ac8d3-ce1d5991f80ca11f,0.3724137931034483,0.375
829d2024-34110f49d01b5189,5dbd0a07-3bfbd898c47b82dd,0.3723404255319149,0.6140350877192983
829d2024-34110f49d01b5189,bdc08e6f-443b55d42ad9cbef,0.3723404255319149,0.6140350877192983
fdcbdf85-bddbb9b358411936,e8006510-ee67e2b4f9438f06,0.3723404255319149,0.3977272727272727
565f77b7-ba8553bf0459956f,c7239c97-c74c99add65aa484,0.3723404255319149,0.38461538461538464
565f77b7-ba8553bf0459956f,4fd752f7-c74c99add65aa484,0.3723404255319149,0.38461538461538464
9852706b-dc2846d870c40dd6,5dbd0a07-3bfbd898c47b82dd,0.3723404255319149,0.6140350877192983
9852706b-dc2846d870c40dd6,bdc08e6f-443b55d42ad9cbef,0.3723404255319149,0.6140350877192983
4212c4b9-8b9abbe7169dae20,ac180326-356b91ddc720b9a9,0.3722943722943723,0.6142857142857143
0017d438-960ae693e652c652,fbd26aa0-e12930f0257c0bc5,0.37209302325581395,0.4067796610169492
4d279121-0ff077c1f36379a7,e8006510-ee67e2b4f9438f06,0.37209302325581395,0.4444444444444444
0017d438-960ae693e652c652,21123500-e12930f0257c0bc5,0.37209302325581395,0.4067796610169492
b5fbe7a2-6d2c84f49bfccf11,1071f735-61e1aff4bf0c237d,0.3717948717948718,0.48333333333333334
4d279121-0ff077c1f36379a7,2ff0355e-aeadc3b066e10ea6,0.37158469945355194,0.4722222222222222
24b20554-a5b1e55952e1ee2b,e435b1ac-725ccefba23c4954,0.37142857142857144,0.4126984126984127
b2590225-d2dd36b85a46fb10,5dbd0a07-3bfbd898c47b82dd,0.37142857142857144,0.4936708860759494
b2590225-d2dd36b85a46fb10,bdc08e6f-443b55d42ad9cbef,0.37142857142857144,0.4936708860759494
5dbd0a07-3bfbd898c47b82dd,aa266c38-a988d514286f7261,0.3709090909090909,0.3893129770992366
bdc08e6f-443b55d42ad9cbef,aa266c38-a988d514286f7261,0.3709090909090909,0.3893129770992366
b5fbe7a2-6d2c84f49bfccf11,f7fc2e94-c1ac1a09a6ecfec9,0.37037037037037035,0.4166666666666667
d1cd194e-51c7f119cb492311,b728ba1d-3f8b530de1c46258,0.3699421965317919,0.4266666666666667
d1cd194e-51c7f119cb492311,d04e5afb-69fc7bceb8fdf2d3,0.3699421965317919,0.4266666666666667
d1cd194e-51c7f119cb492311,d04e5afb-bb51c95653192408,0.3699421965317919,0.4266666666666667
d1cd194e-51c7f119cb492311,b728ba1d-fd8a15b0393da057,0.3699421965317919,0.4266666666666667
829d2024-34110f49d01b5189,c354b74f-5a94e5a2d97408b1,0.3698630136986301,0.47368421052631576
5fcbdd19-913dff7adec25385,5dbd0a07-3bfbd898c47b82dd,0.3697478991596639,0.411214953271028
5fcbdd19-913dff7adec25385,bdc08e6f-443b55d42ad9cbef,0.3697478991596639,0.411214953271028
aa8091b0-1eb4a9b6127c3413,5fcbdd19-913dff7adec25385,0.3696682464454976,0.375
b5fbe7a2-6d2c84f49bfccf11,c7239c97-c74c99add65aa484,0.36942675159235666,0.48333333333333334
b5fbe7a2-6d2c84f49bfccf11,4fd752f7-c74c99add65aa484,0.36942675159235666,0.48333333333333334
eec856c0-6681d74ff3e3f063,b1e9f1f6-d12c33b532fda3dc,0.36936936936936937,0.3867924528301887
4a570de6-16cc55249fee2574,5dbd0a07-3bfbd898c47b82dd,0.36923076923076925,0.5625
4a570de6-16cc55249fee2574,bdc08e6f-443b55d42ad9cbef,0.36923076923076925,0.5625
25151980-cde67178d1ce0814,ac180326-356b91ddc720b9a9,0.36909871244635195,0.5972222222222222
086f0f90-caf7b89bcda85104,565f77b7-ba8553bf0459956f,0.36904761904761907,0.4025974025974026
9756f13a-ba89bee7fec4f211,eec856c0-6681d74ff3e3f063,0.36893203883495146,0.38
bd7281dc-eb76f08e552cb1b1,25597bcb-5d4031295f424a57,0.36885245901639346,0.38461538461538464
6c4ac8d3-ce1d5991f80ca11f,eec856c0-6681d74ff3e3f063,0.3687150837988827,0.4520547945205479
6c4ac8d3-ce1d5991f80ca11f,aa266c38-a988d514286f7261,0.3686635944700461,0.547945205479452
2ff0355e-aeadc3b066e10ea6,bd7281dc-eb76f08e552cb1b1,0.3684210526315789,0.3783783783783784
8f31b279-9d766d429800c2da,5dbd0a07-3bfbd898c47b82dd,0.3684210526315789,0.5932203389830508
8f31b279-9d766d429800c2da,bdc08e6f-443b55d42ad9cbef,0.3684210526315789,0.5932203389830508
829d2024-34110f49d01b5189,aa266c38-a988d514286f7261,0.3681592039800995,0.6491228070175439
086f0f90-caf7b89bcda85104,24044589-6525c627e0c34883,0.36809815950920244,0.38961038961038963
0922b7e7-07b38c3d5335955e,cd835290-3f9ba9971df22437,0.36764705882352944,0.373134328358209
1c4d348d-5efc0e31e7b0848c,120878da-8a60d23e91164ee1,0.3675675675675676,0.4857142857142857
4212c4b9-8b9abbe7169dae20,120878da-8a60d23e91164ee1,0.3675675675675676,0.4857142857142857
4d279121-0ff077c1f36379a7,f7fc2e94-c1ac1a09a6ecfec9,0.3673469387755102,0.375
4d279121-0ff077c1f36379a7,d1cd194e-51c7f119cb492311,0.3673469387755102,0.375
9756f13a-ba89bee7fec4f211,5fcbdd19-913dff7adec25385,0.3671497584541063,0.38
fbd26aa0-e12930f0257c0bc5,fdcbdf85-bddbb9b358411936,0.3670886075949367,0.4142857142857143
21123500-e12930f0257c0bc5,fdcbdf85-bddbb9b358411936,0.3670886075949367,0.4142857142857143
24b20554-a5b1e55952e1ee2b,31f29772-6d2ce65449951922,0.3670886075949367,0.4603174603174603
8a5fe3d9-c2dc87d910239371,b1e9f1f6-d12c33b532fda3dc,0.36649214659685864,0.4666666666666667
3b5cec19-e9e3b340a83c14f3,0922b7e7-07b38c3d5335955e,0.366412213740458,0.375
c7239c97-c74c99add65aa484,b1e9f1f6-d12c33b532fda3dc,0.36619718309859156,0.4020618556701031
4fd752f7-c74c99add65aa484,b1e9f1f6-d12c33b532fda3dc,0.36619718309859156,0.4020618556701031
5fcbdd19-913dff7adec25385,ac180326-356b91ddc720b9a9,0.3656716417910448,0.45794392523364486
dbffab11-fdab463886beb879,5fcbdd19-913dff7adec25385,0.3655913978494624,0.43037974683544306
8a5fe3d9-c2dc87d910239371,2ff0355e-aeadc3b066e10ea6,0.3655913978494624,0.4533333333333333
fdcbdf85-bddbb9b358411936,b728ba1d-3f8b530de1c46258,0.3655913978494624,0.38636363636363635
fdcbdf85-bddbb9b358411936,d04e5afb-69fc7bceb8fdf2d3,0.3655913978494624,0.38636363636363635
fdcbdf85-bddbb9b358411936,d04e5afb-bb51c95653192408,0.3655913978494624,0.38636363636363635
fdcbdf85-bddbb9b358411936,b728ba1d-fd8a15b0393da057,0.3655913978494624,0.38636363636363635
0922b7e7-07b38c3d5335955e,fbd26aa0-e12930f0257c0bc5,0.36496350364963503,0.373134328358209
0922b7e7-07b38c3d5335955e,8a20e743-b9a360f36685b924,0.36496350364963503,0.373134328358209
0922b7e7-07b38c3d5335955e,21123500-e12930f0257c0bc5,0.36496350364963503,0.373134328358209
8f31b279-9d766d429800c2da,c354b74f-5a94e5a2d97408b1,0.36486486486486486,0.4576271186440678
4d279121-0ff077c1f36379a7,b728ba1d-3f8b530de1c46258,0.36470588235294116,0.4305555555555556
4212c4b9-8b9abbe7169dae20,86232d21-ce3c1b1217526a2c,0.36470588235294116,0.44285714285714284
4d279121-0ff077c1f36379a7,d04e5afb-69fc7bceb8fdf2d3,0.36470588235294116,0.4305555555555556
4d279121-0ff077c1f36379a7,d04e5afb-bb51c95653192408,0.36470588235294116,0.4305555555555556
4d279121-0ff077c1f36379a7,b728ba1d-fd8a15b0393da057,0.36470588235294116,0.4305555555555556
8f31b279-9d766d429800c2da,aa266c38-a988d514286f7261,0.3645320197044335,0.6271186440677966
1071f735-61e1aff4bf0c237d,792863db-47ed36bd66713ca0,0.3644859813084112,0.40625
8a20e743-b9a360f36685b924,aa266c38-a988d514286f7261,0.3644859813084112,0.5571428571428572
3b5cec19-e9e3b340a83c14f3,ac180326-356b91ddc720b9a9,0.36444444444444446,0.640625
f7fc2e94-c1ac1a09a6ecfec9,d2f74dfc-c647b91937eabf95,0.36363636363636365,0.37333333333333335
9756f13a-ba89bee7fec4f211,5dbd0a07-3bfbd898c47b82dd,0.36363636363636365,0.42
9756f13a-ba89bee7fec4f211,bdc08e6f-443b55d42ad9cbef,0.36363636363636365,0.42
c354b74f-5a94e5a2d97408b1,b728ba1d-3f8b530de1c46258,0.36363636363636365,0.38202247191011235
c354b74f-5a94e5a2d97408b1,d04e5afb-69fc7bceb8fdf2d3,0.36363636363636365,0.38202247191011235
c354b74f-5a94e5a2d97408b1,d04e5afb-bb51c95653192408,0.36363636363636365,0.38202247191011235
c354b74f-5a94e5a2d97408b1,b728ba1d-fd8a15b0393da057,0.36363636363636365,0.38202247191011235
43b10dec-7a545eeabb0d7e28,a3e272af-da6a1661a8f461cc,0.36363636363636365,0.4057971014492754
9756f13a-ba89bee7fec4f211,aa8091b0-1eb4a9b6127c3413,0.3627450980392157,0.37
d1cd194e-51c7f119cb492311,5fcbdd19-913dff7adec25385,0.3626373626373626,0.44
9852706b-dc2846d870c40dd6,c34bb733-7ef4a114ed602603,0.3626373626373626,0.5789473684210527
b5fbe7a2-6d2c84f49bfccf11,9756f13a-ba89bee7fec4f211,0.3625,0.48333333333333334
d1cd194e-51c7f119cb492311,a3e272af-da6a1661a8f461cc,0.3625,0.38666666666666666
372a4f50-a77e969096e4de0c,6e637812-103dbaca58c72ba9,0.36220472440944884,0.39316239316239315
643e22cc-f16a24081f57fd37,5dbd0a07-3bfbd898c47b82dd,0.36220472440944884,0.37398373983739835
643e22cc-f16a24081f57fd37,bdc08e6f-443b55d42ad9cbef,0.36220472440944884,0.37398373983739835
eec856c0-6681d74ff3e3f063,6e637812-103dbaca58c72ba9,0.36213991769547327,0.41509433962264153
8f31b279-9d766d429800c2da,792863db-47ed36bd66713ca0,0.3615819209039548,0.5423728813559322
4212c4b9-8b9abbe7169dae20,5fcbdd19-913dff7adec25385,0.3615819209039548,0.45714285714285713
086f0f90-caf7b89bcda85104,86232d21-ce3c1b1217526a2c,0.3615819209039548,0.4155844155844156
9852706b-dc2846d870c40dd6,b728ba1d-3f8b530de1c46258,0.36129032258064514,0.49122807017543857
9852706b-dc2846d870c40dd6,d04e5afb-69fc7bceb8fdf2d3,0.36129032258064514,0.49122807017543857
9852706b-dc2846d870c40dd6,d04e5afb-bb51c95653192408,0.36129032258064514,0.49122807017543857
9852706b-dc2846d870c40dd6,b728ba1d-fd8a15b0393da057,0.36129032258064514,0.49122807017543857
86232d21-ce3c1b1217526a2c,e8006510-ee67e2b4f9438f06,0.36,0.36
0922b7e7-07b38c3d5335955e,4d279121-0ff077c1f36379a7,0.3597122302158273,0.373134328358209
b5fbe7a2-6d2c84f49bfccf11,5fcbdd19-913dff7adec25385,0.3592814371257485,0.5
bf0df1d5-22e0cc7e97c006fd,9756f13a-ba89bee7fec4f211,0.3592814371257485,0.44776119402985076
24b20554-a5b1e55952e1ee2b,aa8091b0-1eb4a9b6127c3413,0.3592814371257485,0.47619047619047616
86232d21-ce3c1b1217526a2c,eec856c0-6681d74ff3e3f063,0.3592233009708738,0.37
4212c4b9-8b9abbe7169dae20,752ea9a5-4e1704b5a2a2e60e,0.3592233009708738,0.5285714285714286
4d279121-0ff077c1f36379a7,643e22cc-f16a24081f57fd37,0.358974358974359,0.4861111111111111
829d2024-34110f49d01b5189,fdcbdf85-bddbb9b358411936,0.3586206896551724,0.45614035087719296
b5fbe7a2-6d2c84f49bfccf11,a3e272af-da6a1661a8f461cc,0.3586206896551724,0.43333333333333335
1071f735-61e1aff4bf0c237d,aa266c38-a988d514286f7261,0.35833333333333334,0.4479166666666667
9852706b-dc2846d870c40dd6,ac180326-356b91ddc720b9a9,0.3577981651376147,0.6842105263157895
18e2441c-e09a749e7650e525,31f29772-6d2ce65449951922,0.3575418994413408,0.38095238095238093
4a570de6-16cc55249fee2574,120878da-8a60d23e91164ee1,0.3575418994413408,0.5
8a20e743-b9a360f36685b924,fbd26aa0-e12930f0257c0bc5,0.35714285714285715,0.35714285714285715
21123500-e12930f0257c0bc5,8a20e743-b9a360f36685b924,0.35714285714285715,0.35714285714285715
24b20554-a5b1e55952e1ee2b,086f0f90-caf7b89bcda85104,0.35714285714285715,0.3968253968253968
c7239c97-c74c99add65aa484,aa266c38-a988d514286f7261,0.35684647302904565,0.44329896907216493
4fd752f7-c74c99add65aa484,aa266c38-a988d514286f7261,0.35684647302904565,0.44329896907216493
e435b1ac-725ccefba23c4954,c34bb733-7ef4a114ed602603,0.3564356435643564,0.4675324675324675
829d2024-34110f49d01b5189,372a4f50-a77e969096e4de0c,0.3563218390804598,0.543859649122807
24b20554-a5b1e55952e1ee2b,2ff0355e-aeadc3b066e10ea6,0.3563218390804598,0.49206349206349204
b5fbe7a2-6d2c84f49bfccf11,24044589-6525c627e0c34883,0.3561643835616438,0.43333333333333335
6c4ac8d3-ce1d5991f80ca11f,792863db-47ed36bd66713ca0,0.35602094240837695,0.4657534246575342
d1cd194e-51c7f119cb492311,fdcbdf85-bddbb9b358411936,0.3558282208588957,0.38666666666666666
3b5cec19-e9e3b340a83c14f3,aa266c38-a988d514286f7261,0.3557692307692308,0.578125
6c4ac8d3-ce1d5991f80ca11f,b2590225-d2dd36b85a46fb10,0.35526315789473684,0.3698630136986301
c7239c97-c74c99add65aa484,372a4f50-a77e969096e4de0c,0.35514018691588783,0.3917525773195876
4fd752f7-c74c99add65aa484,372a4f50-a77e969096e4de0c,0.35514018691588783,0.3917525773195876
f7fc2e94-c1ac1a09a6ecfec9,e8006510-ee67e2b4f9438f06,0.35428571428571426,0.41333333333333333
d1cd194e-51c7f119cb492311,372a4f50-a77e969096e4de0c,0.3541666666666667,0.4533333333333333
25151980-cde67178d1ce0814,6e637812-103dbaca58c72ba9,0.35406698564593303,0.5138888888888888
3f4a5b64-8efa749b77f997ee,b2ec0eff-27c52d42cf6ae9c0,0.35403726708074534,0.40714285714285714
0b27be88-8efa749b77f997ee,b2ec0eff-27c52d42cf6ae9c0,0.35403726708074534,0.40714285714285714
4d279121-0ff077c1f36379a7,8a5fe3d9-c2dc87d910239371,0.35374149659863946,0.3611111111111111
829d2024-34110f49d01b5189,5fcbdd19-913dff7adec25385,0.35365853658536583,0.5087719298245614
9852706b-dc2846d870c40dd6,5fcbdd19-913dff7adec25385,0.35365853658536583,0.5087719298245614
8a5fe3d9-c2dc87d910239371,eec856c0-6681d74ff3e3f063,0.35359116022099446,0.4266666666666667
4a570de6-16cc55249fee2574,372a4f50-a77e969096e4de0c,0.35359116022099446,0.5
3b5cec19-e9e3b340a83c14f3,bd7281dc-eb76f08e552cb1b1,0.35359116022099446,0.5
4a570de6-16cc55249fee2574,bd7281dc-eb76f08e552cb1b1,0.35359116022099446,0.5
792863db-47ed36bd66713ca0,5dbd0a07-3bfbd898c47b82dd,0.3534136546184739,0.3728813559322034
792863db-47ed36bd66713ca0,bdc08e6f-443b55d42ad9cbef,0.3534136546184739,0.3728813559322034
fbd26aa0-e12930f0257c0bc5,e8006510-ee67e2b4f9438f06,0.35294117647058826,0.42857142857142855
21123500-e12930f0257c0bc5,e8006510-ee67e2b4f9438f06,0.35294117647058826,0.42857142857142855
4212c4b9-8b9abbe7169dae20,372a4f50-a77e969096e4de0c,0.35294117647058826,0.4714285714285714
0017d438-960ae693e652c652,2ff0355e-aeadc3b066e10ea6,0.35294117647058826,0.5084745762711864
3b5cec19-e9e3b340a83c14f3,c354b74f-5a94e5a2d97408b1,0.35294117647058826,0.421875
4a570de6-16cc55249fee2574,c354b74f-5a94e5a2d97408b1,0.35294117647058826,0.421875
e8006510-ee67e2b4f9438f06,aa266c38-a988d514286f7261,0.3524590163934426,0.43
b5fbe7a2-6d2c84f49bfccf11,b1e9f1f6-d12c33b532fda3dc,0.3522727272727273,0.5166666666666667
25151980-cde67178d1ce0814,aa8091b0-1eb4a9b6127c3413,0.3522727272727273,0.4305555555555556
8f31b279-9d766d429800c2da,372a4f50-a77e969096e4de0c,0.3522727272727273,0.5254237288135594
d2f74dfc-c647b91937eabf95,c7239c97-c74c99add65aa484,0.3522727272727273,0.3924050632911392
d2f74dfc-c647b91937eabf95,4fd752f7-c74c99add65aa484,0.3522727272727273,0.3924050632911392
8f31b279-9d766d429800c2da,86232d21-ce3c1b1217526a2c,0.3522012578616352,0.4745762711864407
24b20554-a5b1e55952e1ee2b,dbffab11-fdab463886beb879,0.352112676056338,0.3968253968253968
4a570de6-16cc55249fee2574,792863db-47ed36bd66713ca0,0.3516483516483517,0.5
1c4d348d-5efc0e31e7b0848c,31f29772-6d2ce65449951922,0.3515151515151515,0.4142857142857143
6c4ac8d3-ce1d5991f80ca11f,8a5fe3d9-c2dc87d910239371,0.35135135135135137,0.3561643835616438
fdcbdf85-bddbb9b358411936,372a4f50-a77e969096e4de0c,0.35121951219512193,0.4090909090909091
0017d438-960ae693e652c652,25151980-cde67178d1ce0814,0.3511450381679389,0.3898305084745763
d2f74dfc-c647b91937eabf95,b728ba1d-3f8b530de1c46258,0.3502824858757062,0.3924050632911392
d2f74dfc-c647b91937eabf95,d04e5afb-69fc7bceb8fdf2d3,0.3502824858757062,0.3924050632911392
d2f74dfc-c647b91937eabf95,d04e5afb-bb51c95653192408,0.3502824858757062,0.3924050632911392
d2f74dfc-c647b91937eabf95,b728ba1d-fd8a15b0393da057,0.3502824858757062,0.3924050632911392
856a8eda-47110854840863cd,3f4a5b64-8efa749b77f997ee,0.35,0.5833333333333334
cd835290-3f9ba9971df22437,5dbd0a07-3bfbd898c47b82dd,0.35,0.5072463768115942
cd835290-3f9ba9971df22437,bdc08e6f-443b55d42ad9cbef,0.35,0.5072463768115942
372a4f50-a77e969096e4de0c,643e22cc-f16a24081f57fd37,0.35,0.358974358974359
e435b1ac-725ccefba23c4954,643e22cc-f16a24081f57fd37,0.35,0.45454545454545453
9852706b-dc2846d870c40dd6,24b20554-a5b1e55952e1ee2b,0.35,0.3684210526315789
856a8eda-47110854840863cd,0b27be88-8efa749b77f997ee,0.35,0.5833333333333334
b5fbe7a2-6d2c84f49bfccf11,eec856c0-6681d74ff3e3f063,0.3493975903614458,0.48333333333333334
8f31b279-9d766d429800c2da,5fcbdd19-913dff7adec25385,0.3493975903614458,0.4915254237288136
086f0f90-caf7b89bcda85104,c354b74f-5a94e5a2d97408b1,0.3493975903614458,0.37662337662337664
6e637812-103dbaca58c72ba9,ac180326-356b91ddc720b9a9,0.348993288590604,0.3795620437956204
1c4d348d-5efc0e31e7b0848c,dbffab11-fdab463886beb879,0.348993288590604,0.37142857142857144
856a8eda-47110854840863cd,c354b74f-5a94e5a2d97408b1,0.348993288590604,0.43333333333333335
c7239c97-c74c99add65aa484,ac180326-356b91ddc720b9a9,0.3488372093023256,0.4639175257731959
4fd752f7-c74c99add65aa484,ac180326-356b91ddc720b9a9,0.3488372093023256,0.4639175257731959
dbffab11-fdab463886beb879,b1e9f1f6-d12c33b532fda3dc,0.3487179487179487,0.43037974683544306
d2f74dfc-c647b91937eabf95,b1e9f1f6-d12c33b532fda3dc,0.3487179487179487,0.43037974683544306
ea899386-c146e2b9378cb20e,ebce9e39-f30f695825446743,0.3486238532110092,0.5205479452054794
e8006510-ee67e2b4f9438f06,792863db-47ed36bd66713ca0,0.3486238532110092,0.38
ea899386-c146e2b9378cb20e,d55c238c-f30f695825446743,0.3486238532110092,0.5205479452054794
829d2024-34110f49d01b5189,b728ba1d-3f8b530de1c46258,0.34838709677419355,0.47368421052631576
829d2024-34110f49d01b5189,d04e5afb-69fc7bceb8fdf2d3,0.34838709677419355,0.47368421052631576
829d2024-34110f49d01b5189,d04e5afb-bb51c95653192408,0.34838709677419355,0.47368421052631576
829d2024-34110f49d01b5189,b728ba1d-fd8a15b0393da057,0.34838709677419355,0.47368421052631576
a3e272af-da6a1661a8f461cc,b1e9f1f6-d12c33b532fda3dc,0.3482587064676617,0.4117647058823529
e8006510-ee67e2b4f9438f06,5fcbdd19-913dff7adec25385,0.34782608695652173,0.36
086f0f90-caf7b89bcda85104,5fcbdd19-913dff7adec25385,0.34782608695652173,0.4155844155844156
1071f735-61e1aff4bf0c237d,2ff0355e-aeadc3b066e10ea6,0.34782608695652173,0.375
086f0f90-caf7b89bcda85104,18e2441c-e09a749e7650e525,0.34782608695652173,0.36363636363636365
bf0df1d5-22e0cc7e97c006fd,bd7281dc-eb76f08e552cb1b1,0.34782608695652173,0.47761194029850745
1071f735-61e1aff4bf0c237d,372a4f50-a77e969096e4de0c,0.3474178403755869,0.3854166666666667
8a20e743-b9a360f36685b924,c7239c97-c74c99add65aa484,0.3473053892215569,0.4142857142857143
8a20e743-b9a360f36685b924,4fd752f7-c74c99add65aa484,0.3473053892215569,0.4142857142857143
0922b7e7-07b38c3d5335955e,e8006510-ee67e2b4f9438f06,0.3473053892215569,0.43283582089552236
cd835290-3f9ba9971df22437,f7fc2e94-c1ac1a09a6ecfec9,0.3472222222222222,0.36231884057971014
dbffab11-fdab463886beb879,bd7281dc-eb76f08e552cb1b1,0.3469387755102041,0.43037974683544306
1071f735-61e1aff4bf0c237d,9756f13a-ba89bee7fec4f211,0.3469387755102041,0.3541666666666667
1071f735-61e1aff4bf0c237d,e8006510-ee67e2b4f9438f06,0.3469387755102041,0.3541666666666667
0922b7e7-07b38c3d5335955e,eec856c0-6681d74ff3e3f063,0.3468208092485549,0.44776119402985076
b728ba1d-3f8b530de1c46258,aa8091b0-1eb4a9b6127c3413,0.3465346534653465,0.35714285714285715
d04e5afb-69fc7bceb8fdf2d3,aa8091b0-1eb4a9b6127c3413,0.3465346534653465,0.35714285714285715
d04e5afb-bb51c95653192408,aa8091b0-1eb4a9b6127c3413,0.3465346534653465,0.35714285714285715
b728ba1d-fd8a15b0393da057,aa8091b0-1eb4a9b6127c3413,0.3465346534653465,0.35714285714285715
086f0f90-caf7b89bcda85104,c34bb733-7ef4a114ed602603,0.3465346534653465,0.45454545454545453
a3e272af-da6a1661a8f461cc,372a4f50-a77e969096e4de0c,0.3465346534653465,0.4117647058823529
ebce9e39-f30f695825446743,ac180326-356b91ddc720b9a9,0.3464052287581699,0.36551724137931035
d55c238c-f30f695825446743,ac180326-356b91ddc720b9a9,0.3464052287581699,0.36551724137931035
fdcbdf85-bddbb9b358411936,565f77b7-ba8553bf0459956f,0.3463687150837989,0.3522727272727273
086f0f90-caf7b89bcda85104,5dbd0a07-3bfbd898c47b82dd,0.34615384615384615,0.4675324675324675
086f0f90-caf7b89bcda85104,d2f74dfc-c647b91937eabf95,0.34615384615384615,0.35064935064935066
086f0f90-caf7b89bcda85104,bdc08e6f-443b55d42ad9cbef,0.34615384615384615,0.4675324675324675
25151980-cde67178d1ce0814,18e2441c-e09a749e7650e525,0.34615384615384615,0.375
0922b7e7-07b38c3d5335955e,c354b74f-5a94e5a2d97408b1,0.34615384615384615,0.40298507462686567
a3e272af-da6a1661a8f461cc,9756f13a-ba89bee7fec4f211,0.34594594594594597,0.3764705882352941
ea899386-c146e2b9378cb20e,c354b74f-5a94e5a2d97408b1,0.345679012345679,0.3835616438356164
086f0f90-caf7b89bcda85104,a3e272af-da6a1661a8f461cc,0.345679012345679,0.36363636363636365
cd835290-3f9ba9971df22437,1c4d348d-5efc0e31e7b0848c,0.34532374100719426,0.34782608695652173
9852706b-dc2846d870c40dd6,2ff0355e-aeadc3b066e10ea6,0.34523809523809523,0.5087719298245614
ea899386-c146e2b9378cb20e,752ea9a5-4e1704b5a2a2e60e,0.3444976076555024,0.4931506849315068
6c4ac8d3-ce1d5991f80ca11f,5fcbdd19-913dff7adec25385,0.34444444444444444,0.4246575342465753
8f31b279-9d766d429800c2da,b728ba1d-3f8b530de1c46258,0.34394904458598724,0.4576271186440678
8f31b279-9d766d429800c2da,d04e5afb-69fc7bceb8fdf2d3,0.34394904458598724,0.4576271186440678
8f31b279-9d766d429800c2da,d04e5afb-bb51c95653192408,0.34394904458598724,0.4576271186440678
8f31b279-9d766d429800c2da,b728ba1d-fd8a15b0393da057,0.34394904458598724,0.4576271186440678
cd835290-3f9ba9971df22437,643e22cc-f16a24081f57fd37,0.34375,0.4782608695652174
d1cd194e-51c7f119cb492311,bd7281dc-eb76f08e552cb1b1,0.34375,0.44
e435b1ac-725ccefba23c4954,24044589-6525c627e0c34883,0.34355828220858897,0.36363636363636365
0017d438-960ae693e652c652,aa8091b0-1eb4a9b6127c3413,0.34355828220858897,0.4745762711864407
24b20554-a5b1e55952e1ee2b,eec856c0-6681d74ff3e3f063,0.3431952662721893,0.4603174603174603
b728ba1d-3f8b530de1c46258,eec856c0-6681d74ff3e3f063,0.3431372549019608,0.35714285714285715
d04e5afb-69fc7bceb8fdf2d3,eec856c0-6681d74ff3e3f063,0.3431372549019608,0.35714285714285715
ea899386-c146e2b9378cb20e,5dbd0a07-3bfbd898c47b82dd,0.3431372549019608,0.4794520547945205
ea899386-c146e2b9378cb20e,bdc08e6f-443b55d42ad9cbef,0.3431372549019608,0.4794520547945205
d04e5afb-bb51c95653192408,eec856c0-6681d74ff3e3f063,0.3431372549019608,0.35714285714285715
b728ba1d-fd8a15b0393da057,eec856c0-6681d74ff3e3f063,0.3431372549019608,0.35714285714285715
f7fc2e94-c1ac1a09a6ecfec9,86232d21-ce3c1b1217526a2c,0.34285714285714286,0.4
d1cd194e-51c7f119cb492311,86232d21-ce3c1b1217526a2c,0.34285714285714286,0.4
4212c4b9-8b9abbe7169dae20,fdcbdf85-bddbb9b358411936,0.34177215189873417,0.38571428571428573
25151980-cde67178d1ce0814,24044589-6525c627e0c34883,0.34177215189873417,0.375
f7fc2e94-c1ac1a09a6ecfec9,31f29772-6d2ce65449951922,0.3411764705882353,0.38666666666666666
8a20e743-b9a360f36685b924,86232d21-ce3c1b1217526a2c,0.3411764705882353,0.4142857142857143
25151980-cde67178d1ce0814,b728ba1d-3f8b530de1c46258,0.3411764705882353,0.4027777777777778
25151980-cde67178d1ce0814,d04e5afb-69fc7bceb8fdf2d3,0.3411764705882353,0.4027777777777778
25151980-cde67178d1ce0814,d04e5afb-bb51c95653192408,0.3411764705882353,0.4027777777777778
25151980-cde67178d1ce0814,b728ba1d-fd8a15b0393da057,0.3411764705882353,0.4027777777777778
0017d438-960ae693e652c652,bd7281dc-eb76f08e552cb1b1,0.3409090909090909,0.5084745762711864
bf0df1d5-22e0cc7e97c006fd,83935617-8cb055ca61a0e286,0.3409090909090909,0.6716417910447762
856a8eda-47110854840863cd,f7fc2e94-c1ac1a09a6ecfec9,0.34074074074074073,0.38333333333333336
24b20554-a5b1e55952e1ee2b,4d279121-0ff077c1f36379a7,0.34074074074074073,0.36507936507936506
aa8091b0-1eb4a9b6127c3413,6e637812-103dbaca58c72ba9,0.34024896265560167,0.3942307692307692
cd835290-3f9ba9971df22437,c34bb733-7ef4a114ed602603,0.3402061855670103,0.4782608695652174
1c4d348d-5efc0e31e7b0848c,086f0f90-caf7b89bcda85104,0.3401360544217687,0.35714285714285715
1c4d348d-5efc0e31e7b0848c,e435b1ac-725ccefba23c4954,0.3401360544217687,0.35714285714285715
1071f735-61e1aff4bf0c237d,b1e9f1f6-d12c33b532fda3dc,0.33962264150943394,0.375
fbd26aa0-e12930f0257c0bc5,31f29772-6d2ce65449951922,0.3393939393939394,0.4
21123500-e12930f0257c0bc5,31f29772-6d2ce65449951922,0.3393939393939394,0.4
3b5cec19-e9e3b340a83c14f3,5fcbdd19-913dff7adec25385,0.3391812865497076,0.453125
0922b7e7-07b38c3d5335955e,aa8091b0-1eb4a9b6127c3413,0.3391812865497076,0.43283582089552236
8a20e743-b9a360f36685b924,5fcbdd19-913dff7adec25385,0.3389830508474576,0.42857142857142855
4a570de6-16cc55249fee2574,c34bb733-7ef4a114ed602603,0.3386243386243386,0.5
b5fbe7a2-6d2c84f49bfccf11,fbd26aa0-e12930f0257c0bc5,0.3384615384615385,0.36666666666666664
b5fbe7a2-6d2c84f49bfccf11,21123500-e12930f0257c0bc5,0.3384615384615385,0.36666666666666664
b728ba1d-3f8b530de1c46258,120878da-8a60d23e91164ee1,0.3380281690140845,0.3673469387755102
d04e5afb-69fc7bceb8fdf2d3,120878da-8a60d23e91164ee1,0.3380281690140845,0.3673469387755102
d04e5afb-bb51c95653192408,120878da-8a60d23e91164ee1,0.3380281690140845,0.3673469387755102
b728ba1d-fd8a15b0393da057,120878da-8a60d23e91164ee1,0.3380281690140845,0.3673469387755102
9852706b-dc2846d870c40dd6,a3e272af-da6a1661a8f461cc,0.3380281690140845,0.42105263157894735
d1cd194e-51c7f119cb492311,aa266c38-a988d514286f7261,0.3378995433789954,0.49333333333333335
b5fbe7a2-6d2c84f49bfccf11,fdcbdf85-bddbb9b358411936,0.33783783783783783,0.4166666666666667
9756f13a-ba89bee7fec4f211,c34bb733-7ef4a114ed602603,0.3377777777777778,0.38
8a20e743-b9a360f36685b924,18e2441c-e09a749e7650e525,0.33766233766233766,0.37142857142857144
8a5fe3d9-c2dc87d910239371,b2590225-d2dd36b85a46fb10,0.33766233766233766,0.3466666666666667
f7fc2e94-c1ac1a09a6ecfec9,565f77b7-ba8553bf0459956f,0.3373493975903614,0.37333333333333335
b2590225-d2dd36b85a46fb10,2ff0355e-aeadc3b066e10ea6,0.3368421052631579,0.4050632911392405
0017d438-960ae693e652c652,5dbd0a07-3bfbd898c47b82dd,0.3368421052631579,0.5423728813559322
0017d438-960ae693e652c652,bdc08e6f-443b55d42ad9cbef,0.3368421052631579,0.5423728813559322
c7239c97-c74c99add65aa484,bd7281dc-eb76f08e552cb1b1,0.3364485981308411,0.3711340206185567
4fd752f7-c74c99add65aa484,bd7281dc-eb76f08e552cb1b1,0.3364485981308411,0.3711340206185567
0017d438-960ae693e652c652,b5fbe7a2-6d2c84f49bfccf11,0.33613445378151263,0.3389830508474576
eec856c0-6681d74ff3e3f063,aa266c38-a988d514286f7261,0.336,0.39622641509433965
25151980-cde67178d1ce0814,086f0f90-caf7b89bcda85104,0.33557046979865773,0.3472222222222222
25151980-cde67178d1ce0814,c354b74f-5a94e5a2d97408b1,0.33540372670807456,0.375
8a5fe3d9-c2dc87d910239371,aa8091b0-1eb4a9b6127c3413,0.33519553072625696,0.4
a3e272af-da6a1661a8f461cc,86232d21-ce3c1b1217526a2c,0.33513513513513515,0.36470588235294116
fdcbdf85-bddbb9b358411936,c7239c97-c74c99add65aa484,0.33513513513513515,0.3522727272727273
fdcbdf85-bddbb9b358411936,4fd752f7-c74c99add65aa484,0.33513513513513515,0.3522727272727273
dbffab11-fdab463886beb879,792863db-47ed36bd66713ca0,0.3350253807106599,0.4177215189873418
b2590225-d2dd36b85a46fb10,792863db-47ed36bd66713ca0,0.3350253807106599,0.4177215189873418
24044589-6525c627e0c34883,2ff0355e-aeadc3b066e10ea6,0.3350253807106599,0.38372093023255816
b5fbe7a2-6d2c84f49bfccf11,ac180326-356b91ddc720b9a9,0.334841628959276,0.6166666666666667
aa8091b0-1eb4a9b6127c3413,372a4f50-a77e969096e4de0c,0.334841628959276,0.3557692307692308
f7fc2e94-c1ac1a09a6ecfec9,bd7281dc-eb76f08e552cb1b1,0.3333333333333333,0.4266666666666667
8a20e743-b9a360f36685b924,b1e9f1f6-d12c33b532fda3dc,0.3333333333333333,0.44285714285714284
cd835290-3f9ba9971df22437,8a5fe3d9-c2dc87d910239371,0.3333333333333333,0.34782608695652173
86232d21-ce3c1b1217526a2c,b1e9f1f6-d12c33b532fda3dc,0.3333333333333333,0.36
18e2441c-e09a749e7650e525,1071f735-61e1aff4bf0c237d,0.3333333333333333,0.35714285714285715
31f29772-6d2ce65449951922,c7239c97-c74c99add65aa484,0.3333333333333333,0.3368421052631579
31f29772-6d2ce65449951922,4fd752f7-c74c99add65aa484,0.3333333333333333,0.3368421052631579
24b20554-a5b1e55952e1ee2b,372a4f50-a77e969096e4de0c,0.3333333333333333,0.47619047619047616
2ff0355e-aeadc3b066e10ea6,372a4f50-a77e969096e4de0c,0.3333333333333333,0.34234234234234234
0017d438-960ae693e652c652,120878da-8a60d23e91164ee1,0.3333333333333333,0.4915254237288136
c7239c97-c74c99add65aa484,5dbd0a07-3bfbd898c47b82dd,0.3333333333333333,0.3917525773195876
4fd752f7-c74c99add65aa484,5dbd0a07-3bfbd898c47b82dd,0.3333333333333333,0.3917525773195876
9852706b-dc2846d870c40dd6,43b10dec-7a545eeabb0d7e28,0.3333333333333333,0.3684210526315789
c7239c97-c74c99add65aa484,bdc08e6f-443b55d42ad9cbef,0.3333333333333333,0.3917525773195876
4fd752f7-c74c99add65aa484,bdc08e6f-443b55d42ad9cbef,0.3333333333333333,0.3917525773195876
b728ba1d-3f8b530de1c46258,5dbd0a07-3bfbd898c47b82dd,0.3318777292576419,0.3877551020408163
b728ba1d-3f8b530de1c46258,bdc08e6f-443b55d42ad9cbef,0.3318777292576419,0.3877551020408163
d04e5afb-69fc7bceb8fdf2d3,5dbd0a07-3bfbd898c47b82dd,0.3318777292576419,0.3877551020408163
d04e5afb-69fc7bceb8fdf2d3,bdc08e6f-443b55d42ad9cbef,0.3318777292576419,0.3877551020408163
d04e5afb-bb51c95653192408,5dbd0a07-3bfbd898c47b82dd,0.3318777292576419,0.3877551020408163
d04e5afb-bb51c95653192408,bdc08e6f-443b55d42ad9cbef,0.3318777292576419,0.3877551020408163
b728ba1d-fd8a15b0393da057,5dbd0a07-3bfbd898c47b82dd,0.3318777292576419,0.3877551020408163
b728ba1d-fd8a15b0393da057,bdc08e6f-443b55d42ad9cbef,0.3318777292576419,0.3877551020408163
8f31b279-9d766d429800c2da,3f4a5b64-8efa749b77f997ee,0.3316582914572864,0.559322033898305
8f31b279-9d766d429800c2da,0b27be88-8efa749b77f997ee,0.3316582914572864,0.559322033898305
8a20e743-b9a360f36685b924,2ff0355e-aeadc3b066e10ea6,0.3314917127071823,0.42857142857142855
2ff0355e-aeadc3b066e10ea6,83935617-8cb055ca61a0e286,0.33116883116883117,0.4594594594594595
b5fbe7a2-6d2c84f49bfccf11,b2590225-d2dd36b85a46fb10,0.33093525179856115,0.38333333333333336
aa8091b0-1eb4a9b6127c3413,aa266c38-a988d514286f7261,0.33064516129032256,0.3942307692307692
372a4f50-a77e969096e4de0c,5dbd0a07-3bfbd898c47b82dd,0.33064516129032256,0.3504273504273504
372a4f50-a77e969096e4de0c,bdc08e6f-443b55d42ad9cbef,0.33064516129032256,0.3504273504273504
b2590225-d2dd36b85a46fb10,120878da-8a60d23e91164ee1,0.32989690721649484,0.4050632911392405
0017d438-960ae693e652c652,372a4f50-a77e969096e4de0c,0.32954545454545453,0.4915254237288136
bd7281dc-eb76f08e552cb1b1,aa266c38-a988d514286f7261,0.32950191570881227,0.36752136752136755
4212c4b9-8b9abbe7169dae20,9756f13a-ba89bee7fec4f211,0.32941176470588235,0.4
d2f74dfc-c647b91937eabf95,dbffab11-fdab463886beb879,0.3291139240506329,0.3291139240506329
b2590225-d2dd36b85a46fb10,d2f74dfc-c647b91937eabf95,0.3291139240506329,0.3291139240506329
f7fc2e94-c1ac1a09a6ecfec9,086f0f90-caf7b89bcda85104,0.32894736842105265,0.3333333333333333
8a5fe3d9-c2dc87d910239371,e435b1ac-725ccefba23c4954,0.32894736842105265,0.3333333333333333
ea899386-c146e2b9378cb20e,d2f74dfc-c647b91937eabf95,0.32894736842105265,0.3424657534246575
0922b7e7-07b38c3d5335955e,dbffab11-fdab463886beb879,0.3287671232876712,0.3582089552238806
86232d21-ce3c1b1217526a2c,5fcbdd19-913dff7adec25385,0.3285024154589372,0.34
e435b1ac-725ccefba23c4954,792863db-47ed36bd66713ca0,0.3282051282051282,0.4155844155844156
0017d438-960ae693e652c652,752ea9a5-4e1704b5a2a2e60e,0.3282051282051282,0.5423728813559322
8f31b279-9d766d429800c2da,24b20554-a5b1e55952e1ee2b,0.32786885245901637,0.3389830508474576
120878da-8a60d23e91164ee1,643e22cc-f16a24081f57fd37,0.3277310924369748,0.3391304347826087
120878da-8a60d23e91164ee1,bd7281dc-eb76f08e552cb1b1,0.3275862068965517,0.33043478260869563
cd835290-3f9ba9971df22437,ebce9e39-f30f695825446743,0.32710280373831774,0.5072463768115942
cd835290-3f9ba9971df22437,d55c238c-f30f695825446743,0.32710280373831774,0.5072463768115942
24b20554-a5b1e55952e1ee2b,1071f735-61e1aff4bf0c237d,0.3270440251572327,0.4126984126984127
1c4d348d-5efc0e31e7b0848c,c354b74f-5a94e5a2d97408b1,0.3270440251572327,0.37142857142857144
d2f74dfc-c647b91937eabf95,bd7281dc-eb76f08e552cb1b1,0.32653061224489793,0.4050632911392405
f7fc2e94-c1ac1a09a6ecfec9,120878da-8a60d23e91164ee1,0.3263157894736842,0.41333333333333333
0922b7e7-07b38c3d5335955e,643e22cc-f16a24081f57fd37,0.3263157894736842,0.4626865671641791
829d2024-34110f49d01b5189,18e2441c-e09a749e7650e525,0.3262411347517731,0.40350877192982454
120878da-8a60d23e91164ee1,ac180326-356b91ddc720b9a9,0.32608695652173914,0.391304347826087
6c4ac8d3-ce1d5991f80ca11f,2ff0355e-aeadc3b066e10ea6,0.32608695652173914,0.410958904109589
24b20554-a5b1e55952e1ee2b,25151980-cde67178d1ce0814,0.32592592592592595,0.3492063492063492
4212c4b9-8b9abbe7169dae20,ebce9e39-f30f695825446743,0.32558139534883723,0.5
4d279121-0ff077c1f36379a7,86232d21-ce3c1b1217526a2c,0.32558139534883723,0.3888888888888889
4212c4b9-8b9abbe7169dae20,d55c238c-f30f695825446743,0.32558139534883723,0.5
18e2441c-e09a749e7650e525,c34bb733-7ef4a114ed602603,0.3253588516746411,0.40476190476190477
d1cd194e-51c7f119cb492311,565f77b7-ba8553bf0459956f,0.3253012048192771,0.36
b1e9f1f6-d12c33b532fda3dc,ac180326-356b91ddc720b9a9,0.3249097472924188,0.3879310344827586
829d2024-34110f49d01b5189,3f4a5b64-8efa749b77f997ee,0.3248730964467005,0.5614035087719298
829d2024-34110f49d01b5189,0b27be88-8efa749b77f997ee,0.3248730964467005,0.5614035087719298
120878da-8a60d23e91164ee1,aa266c38-a988d514286f7261,0.32432432432432434,0.3652173913043478
8a20e743-b9a360f36685b924,25151980-cde67178d1ce0814,0.323943661971831,0.32857142857142857
3b5cec19-e9e3b340a83c14f3,3f4a5b64-8efa749b77f997ee,0.3235294117647059,0.515625
3b5cec19-e9e3b340a83c14f3,0b27be88-8efa749b77f997ee,0.3235294117647059,0.515625
565f77b7-ba8553bf0459956f,aa266c38-a988d514286f7261,0.32340425531914896,0.4175824175824176
856a8eda-47110854840863cd,1c4d348d-5efc0e31e7b0848c,0.3230769230769231,0.35
fbd26aa0-e12930f0257c0bc5,565f77b7-ba8553bf0459956f,0.32298136645962733,0.37142857142857144
21123500-e12930f0257c0bc5,565f77b7-ba8553bf0459956f,0.32298136645962733,0.37142857142857144
e435b1ac-725ccefba23c4954,18e2441c-e09a749e7650e525,0.32298136645962733,0.33766233766233766
4d279121-0ff077c1f36379a7,c354b74f-5a94e5a2d97408b1,0.32298136645962733,0.3611111111111111
5fcbdd19-913dff7adec25385,b1e9f1f6-d12c33b532fda3dc,0.32286995515695066,0.3364485981308411
d2f74dfc-c647b91937eabf95,5fcbdd19-913dff7adec25385,0.3225806451612903,0.379746835443038
cd835290-3f9ba9971df22437,24044589-6525c627e0c34883,0.3225806451612903,0.36231884057971014
c354b74f-5a94e5a2d97408b1,c7239c97-c74c99add65aa484,0.3225806451612903,0.33707865168539325
c354b74f-5a94e5a2d97408b1,4fd752f7-c74c99add65aa484,0.3225806451612903,0.33707865168539325
1c4d348d-5efc0e31e7b0848c,b2590225-d2dd36b85a46fb10,0.3221476510067114,0.34285714285714286
bf0df1d5-22e0cc7e97c006fd,5fcbdd19-913dff7adec25385,0.3218390804597701,0.417910447761194
829d2024-34110f49d01b5189,24044589-6525c627e0c34883,0.32167832167832167,0.40350877192982454
25151980-cde67178d1ce0814,1071f735-61e1aff4bf0c237d,0.32142857142857145,0.375
9852706b-dc2846d870c40dd6,752ea9a5-4e1704b5a2a2e60e,0.32124352331606215,0.543859649122807
0017d438-960ae693e652c652,c7239c97-c74c99add65aa484,0.32051282051282054,0.423728813559322
0017d438-960ae693e652c652,4fd752f7-c74c99add65aa484,0.32051282051282054,0.423728813559322
a3e272af-da6a1661a8f461cc,3f4a5b64-8efa749b77f997ee,0.32,0.4235294117647059
8a5fe3d9-c2dc87d910239371,86232d21-ce3c1b1217526a2c,0.32,0.37333333333333335
a3e272af-da6a1661a8f461cc,0b27be88-8efa749b77f997ee,0.32,0.4235294117647059
e435b1ac-725ccefba23c4954,752ea9a5-4e1704b5a2a2e60e,0.3192488262910798,0.44155844155844154
0922b7e7-07b38c3d5335955e,1071f735-61e1aff4bf0c237d,0.31901840490797545,0.3880597014925373
0922b7e7-07b38c3d5335955e,120878da-8a60d23e91164ee1,0.31868131868131866,0.43283582089552236
8a20e743-b9a360f36685b924,5dbd0a07-3bfbd898c47b82dd,0.31840796019900497,0.45714285714285713
8a20e743-b9a360f36685b924,bdc08e6f-443b55d42ad9cbef,0.31840796019900497,0.45714285714285713
792863db-47ed36bd66713ca0,25597bcb-5d4031295f424a57,0.3183673469387755,0.3305084745762712
31f29772-6d2ce65449951922,9756f13a-ba89bee7fec4f211,0.31794871794871793,0.3263157894736842
8f31b279-9d766d429800c2da,752ea9a5-4e1704b5a2a2e60e,0.31794871794871793,0.5254237288135594
24b20554-a5b1e55952e1ee2b,fdcbdf85-bddbb9b358411936,0.31788079470198677,0.38095238095238093
25151980-cde67178d1ce0814,b2590225-d2dd36b85a46fb10,0.31788079470198677,0.3333333333333333
fbd26aa0-e12930f0257c0bc5,aa266c38-a988d514286f7261,0.3177570093457944,0.4857142857142857
21123500-e12930f0257c0bc5,aa266c38-a988d514286f7261,0.3177570093457944,0.4857142857142857
565f77b7-ba8553bf0459956f,643e22cc-f16a24081f57fd37,0.3177570093457944,0.37362637362637363
fbd26aa0-e12930f0257c0bc5,9756f13a-ba89bee7fec4f211,0.3176470588235294,0.38571428571428573
8a20e743-b9a360f36685b924,e8006510-ee67e2b4f9438f06,0.3176470588235294,0.38571428571428573
21123500-e12930f0257c0bc5,9756f13a-ba89bee7fec4f211,0.3176470588235294,0.38571428571428573
1c4d348d-5efc0e31e7b0848c,e8006510-ee67e2b4f9438f06,0.3176470588235294,0.38571428571428573
565f77b7-ba8553bf0459956f,bd7281dc-eb76f08e552cb1b1,0.3173076923076923,0.3626373626373626
25151980-cde67178d1ce0814,2ff0355e-aeadc3b066e10ea6,0.31693989071038253,0.4027777777777778
bd7281dc-eb76f08e552cb1b1,643e22cc-f16a24081f57fd37,0.31666666666666665,0.3247863247863248
1c4d348d-5efc0e31e7b0848c,fdcbdf85-bddbb9b358411936,0.31645569620253167,0.35714285714285715
1c4d348d-5efc0e31e7b0848c,5fcbdd19-913dff7adec25385,0.3163841807909605,0.4
b1e9f1f6-d12c33b532fda3dc,792863db-47ed36bd66713ca0,0.3162393162393162,0.31896551724137934
c7239c97-c74c99add65aa484,6e637812-103dbaca58c72ba9,0.3162393162393162,0.38144329896907214
4fd752f7-c74c99add65aa484,6e637812-103dbaca58c72ba9,0.3162393162393162,0.38144329896907214
2ff0355e-aeadc3b066e10ea6,643e22cc-f16a24081f57fd37,0.3162393162393162,0.3333333333333333
18e2441c-e09a749e7650e525,aa266c38-a988d514286f7261,0.3157894736842105,0.42857142857142855
fdcbdf85-bddbb9b358411936,1071f735-61e1aff4bf0c237d,0.31521739130434784,0.32954545454545453
0017d438-960ae693e652c652,c34bb733-7ef4a114ed602603,0.31521739130434784,0.4915254237288136
24b20554-a5b1e55952e1ee2b,3b5cec19-e9e3b340a83c14f3,0.31496062992125984,0.31746031746031744
24b20554-a5b1e55952e1ee2b,4a570de6-16cc55249fee2574,0.31496062992125984,0.31746031746031744
8a20e743-b9a360f36685b924,3f4a5b64-8efa749b77f997ee,0.3142857142857143,0.4714285714285714
8a20e743-b9a360f36685b924,0b27be88-8efa749b77f997ee,0.3142857142857143,0.4714285714285714
c7239c97-c74c99add65aa484,ebce9e39-f30f695825446743,0.3140495867768595,0.3917525773195876
4fd752f7-c74c99add65aa484,ebce9e39-f30f695825446743,0.3140495867768595,0.3917525773195876
2ff0355e-aeadc3b066e10ea6,5dbd0a07-3bfbd898c47b82dd,0.3140495867768595,0.34234234234234234
c7239c97-c74c99add65aa484,d55c238c-f30f695825446743,0.3140495867768595,0.3917525773195876
4fd752f7-c74c99add65aa484,d55c238c-f30f695825446743,0.3140495867768595,0.3917525773195876
2ff0355e-aeadc3b066e10ea6,bdc08e6f-443b55d42ad9cbef,0.3140495867768595,0.34234234234234234
25151980-cde67178d1ce0814,e8006510-ee67e2b4f9438f06,0.313953488372093,0.375
eec856c0-6681d74ff3e3f063,372a4f50-a77e969096e4de0c,0.31390134529147984,0.330188679245283
0922b7e7-07b38c3d5335955e,bf0df1d5-22e0cc7e97c006fd,0.31343283582089554,0.31343283582089554
ea899386-c146e2b9378cb20e,aa266c38-a988d514286f7261,0.31336405529953915,0.4657534246575342
0017d438-960ae693e652c652,5fcbdd19-913dff7adec25385,0.3132530120481928,0.4406779661016949
b728ba1d-3f8b530de1c46258,86232d21-ce3c1b1217526a2c,0.31313131313131315,0.3163265306122449
d04e5afb-69fc7bceb8fdf2d3,86232d21-ce3c1b1217526a2c,0.31313131313131315,0.3163265306122449
d04e5afb-bb51c95653192408,86232d21-ce3c1b1217526a2c,0.31313131313131315,0.3163265306122449
b728ba1d-fd8a15b0393da057,86232d21-ce3c1b1217526a2c,0.31313131313131315,0.3163265306122449
cd835290-3f9ba9971df22437,ac180326-356b91ddc720b9a9,0.3130434782608696,0.5217391304347826
a3e272af-da6a1661a8f461cc,ebce9e39-f30f695825446743,0.3130434782608696,0.4235294117647059
a3e272af-da6a1661a8f461cc,d55c238c-f30f695825446743,0.3130434782608696,0.4235294117647059
e8006510-ee67e2b4f9438f06,6e637812-103dbaca58c72ba9,0.31223628691983124,0.37
829d2024-34110f49d01b5189,643e22cc-f16a24081f57fd37,0.3111111111111111,0.49122807017543857
43b10dec-7a545eeabb0d7e28,dbffab11-fdab463886beb879,0.3108108108108108,0.3333333333333333
9852706b-dc2846d870c40dd6,565f77b7-ba8553bf0459956f,0.3108108108108108,0.40350877192982454
0017d438-960ae693e652c652,c354b74f-5a94e5a2d97408b1,0.3108108108108108,0.3898305084745763
4a570de6-16cc55249fee2574,18e2441c-e09a749e7650e525,0.3108108108108108,0.359375
d1cd194e-51c7f119cb492311,5dbd0a07-3bfbd898c47b82dd,0.3106796116504854,0.4266666666666667
d1cd194e-51c7f119cb492311,bdc08e6f-443b55d42ad9cbef,0.3106796116504854,0.4266666666666667
fbd26aa0-e12930f0257c0bc5,aa8091b0-1eb4a9b6127c3413,0.3103448275862069,0.38571428571428573
21123500-e12930f0257c0bc5,aa8091b0-1eb4a9b6127c3413,0.3103448275862069,0.38571428571428573
31f29772-6d2ce65449951922,6e637812-103dbaca58c72ba9,0.3103448275862069,0.37894736842105264
9756f13a-ba89bee7fec4f211,ebce9e39-f30f695825446743,0.31020408163265306,0.38
9756f13a-ba89bee7fec4f211,d55c238c-f30f695825446743,0.31020408163265306,0.38
3b5cec19-e9e3b340a83c14f3,752ea9a5-4e1704b5a2a2e60e,0.31,0.484375
0922b7e7-07b38c3d5335955e,d1cd194e-51c7f119cb492311,0.30985915492957744,0.3283582089552239
b2590225-d2dd36b85a46fb10,c354b74f-5a94e5a2d97408b1,0.30952380952380953,0.3291139240506329
1c4d348d-5efc0e31e7b0848c,2ff0355e-aeadc3b066e10ea6,0.30939226519337015,0.4
120878da-8a60d23e91164ee1,792863db-47ed36bd66713ca0,0.3090128755364807,0.3130434782608696
829d2024-34110f49d01b5189,d2f74dfc-c647b91937eabf95,0.3088235294117647,0.3684210526315789
24b20554-a5b1e55952e1ee2b,24044589-6525c627e0c34883,0.3087248322147651,0.36507936507936506
4d279121-0ff077c1f36379a7,b1e9f1f6-d12c33b532fda3dc,0.30851063829787234,0.4027777777777778
9852706b-dc2846d870c40dd6,aa266c38-a988d514286f7261,0.30845771144278605,0.543859649122807
ea899386-c146e2b9378cb20e,ac180326-356b91ddc720b9a9,0.3076923076923077,0.4931506849315068
f7fc2e94-c1ac1a09a6ecfec9,5fcbdd19-913dff7adec25385,0.3076923076923077,0.37333333333333335
b1e9f1f6-d12c33b532fda3dc,aa266c38-a988d514286f7261,0.3076923076923077,0.3448275862068966
4a570de6-16cc55249fee2574,aa266c38-a988d514286f7261,0.3076923076923077,0.5
8a20e743-b9a360f36685b924,24044589-6525c627e0c34883,0.3076923076923077,0.34285714285714286
8a20e743-b9a360f36685b924,c34bb733-7ef4a114ed602603,0.3076923076923077,0.42857142857142855
31f29772-6d2ce65449951922,e8006510-ee67e2b4f9438f06,0.3076923076923077,0.3157894736842105
8f31b279-9d766d429800c2da,643e22cc-f16a24081f57fd37,0.3076923076923077,0.4745762711864407
9852706b-dc2846d870c40dd6,856a8eda-47110854840863cd,0.3076923076923077,0.3157894736842105
c354b74f-5a94e5a2d97408b1,e8006510-ee67e2b4f9438f06,0.30687830687830686,0.3258426966292135
fbd26aa0-e12930f0257c0bc5,eec856c0-6681d74ff3e3f063,0.3068181818181818,0.38571428571428573
21123500-e12930f0257c0bc5,eec856c0-6681d74ff3e3f063,0.3068181818181818,0.38571428571428573
1c4d348d-5efc0e31e7b0848c,eec856c0-6681d74ff3e3f063,0.3068181818181818,0.38571428571428573
372a4f50-a77e969096e4de0c,792863db-47ed36bd66713ca0,0.30638297872340425,0.3076923076923077
aa8091b0-1eb4a9b6127c3413,5dbd0a07-3bfbd898c47b82dd,0.30638297872340425,0.34615384615384615
aa8091b0-1eb4a9b6127c3413,bdc08e6f-443b55d42ad9cbef,0.30638297872340425,0.34615384615384615
6c4ac8d3-ce1d5991f80ca11f,752ea9a5-4e1704b5a2a2e60e,0.3062200956937799,0.4383561643835616
6c4ac8d3-ce1d5991f80ca11f,643e22cc-f16a24081f57fd37,0.30612244897959184,0.410958904109589
24044589-6525c627e0c34883,c7239c97-c74c99add65aa484,0.30601092896174864,0.32558139534883723
24044589-6525c627e0c34883,4fd752f7-c74c99add65aa484,0.30601092896174864,0.32558139534883723
25151980-cde67178d1ce0814,a3e272af-da6a1661a8f461cc,0.3057324840764331,0.3333333333333333
b728ba1d-3f8b530de1c46258,792863db-47ed36bd66713ca0,0.3055555555555556,0.336734693877551
d04e5afb-69fc7bceb8fdf2d3,792863db-47ed36bd66713ca0,0.3055555555555556,0.336734693877551
d04e5afb-bb51c95653192408,792863db-47ed36bd66713ca0,0.3055555555555556,0.336734693877551
b728ba1d-fd8a15b0393da057,792863db-47ed36bd66713ca0,0.3055555555555556,0.336734693877551
a3e272af-da6a1661a8f461cc,5dbd0a07-3bfbd898c47b82dd,0.3055555555555556,0.38823529411764707
a3e272af-da6a1661a8f461cc,bdc08e6f-443b55d42ad9cbef,0.3055555555555556,0.38823529411764707
25151980-cde67178d1ce0814,792863db-47ed36bd66713ca0,0.30526315789473685,0.4027777777777778
ea899386-c146e2b9378cb20e,372a4f50-a77e969096e4de0c,0.30526315789473685,0.3972602739726027
6c4ac8d3-ce1d5991f80ca11f,bd7281dc-eb76f08e552cb1b1,0.30526315789473685,0.3972602739726027
b2590225-d2dd36b85a46fb10,aa266c38-a988d514286f7261,0.30493273542600896,0.43037974683544306
eec856c0-6681d74ff3e3f063,bd7281dc-eb76f08e552cb1b1,0.30493273542600896,0.32075471698113206
aa266c38-a988d514286f7261,ebce9e39-f30f695825446743,0.3044982698961938,0.3055555555555556
aa266c38-a988d514286f7261,d55c238c-f30f695825446743,0.3044982698961938,0.3055555555555556
18e2441c-e09a749e7650e525,86232d21-ce3c1b1217526a2c,0.30434782608695654,0.3333333333333333
8f31b279-9d766d429800c2da,d2f74dfc-c647b91937eabf95,0.30434782608695654,0.3559322033898305
a3e272af-da6a1661a8f461cc,24044589-6525c627e0c34883,0.30409356725146197,0.3058823529411765
9756f13a-ba89bee7fec4f211,6e637812-103dbaca58c72ba9,0.3037974683544304,0.36
eec856c0-6681d74ff3e3f063,5dbd0a07-3bfbd898c47b82dd,0.3037974683544304,0.33962264150943394
eec856c0-6681d74ff3e3f063,bdc08e6f-443b55d42ad9cbef,0.3037974683544304,0.33962264150943394
ea899386-c146e2b9378cb20e,83935617-8cb055ca61a0e286,0.3037037037037037,0.5616438356164384
24b20554-a5b1e55952e1ee2b,120878da-8a60d23e91164ee1,0.30337078651685395,0.42857142857142855
5fcbdd19-913dff7adec25385,aa266c38-a988d514286f7261,0.30278884462151395,0.35514018691588783
829d2024-34110f49d01b5189,ac180326-356b91ddc720b9a9,0.30275229357798167,0.5789473684210527
9756f13a-ba89bee7fec4f211,792863db-47ed36bd66713ca0,0.30275229357798167,0.33
5fcbdd19-913dff7adec25385,2ff0355e-aeadc3b066e10ea6,0.30275229357798167,0.308411214953271
8a20e743-b9a360f36685b924,120878da-8a60d23e91164ee1,0.3027027027027027,0.4
24b20554-a5b1e55952e1ee2b,c354b74f-5a94e5a2d97408b1,0.3026315789473684,0.36507936507936506
e435b1ac-725ccefba23c4954,ac180326-356b91ddc720b9a9,0.3025210084033613,0.4675324675324675
4a570de6-16cc55249fee2574,ac180326-356b91ddc720b9a9,0.3022222222222222,0.53125
856a8eda-47110854840863cd,dbffab11-fdab463886beb879,0.302158273381295,0.35
d2f74dfc-c647b91937eabf95,9756f13a-ba89bee7fec4f211,0.3016759776536313,0.34177215189873417
d2f74dfc-c647b91937eabf95,e8006510-ee67e2b4f9438f06,0.3016759776536313,0.34177215189873417
aa266c38-a988d514286f7261,ac180326-356b91ddc720b9a9,0.3016393442622951,0.3194444444444444
18e2441c-e09a749e7650e525,120878da-8a60d23e91164ee1,0.3015075376884422,0.35714285714285715
d2f74dfc-c647b91937eabf95,3f4a5b64-8efa749b77f997ee,0.3013698630136986,0.4177215189873418
d2f74dfc-c647b91937eabf95,0b27be88-8efa749b77f997ee,0.3013698630136986,0.4177215189873418
1c4d348d-5efc0e31e7b0848c,b1e9f1f6-d12c33b532fda3dc,0.3010752688172043,0.4
c354b74f-5a94e5a2d97408b1,6e637812-103dbaca58c72ba9,0.3008849557522124,0.38202247191011235
a3e272af-da6a1661a8f461cc,ac180326-356b91ddc720b9a9,0.3008130081300813,0.43529411764705883
24b20554-a5b1e55952e1ee2b,1c4d348d-5efc0e31e7b0848c,0.3007518796992481,0.31746031746031744
24044589-6525c627e0c34883,5fcbdd19-913dff7adec25385,0.3005181347150259,0.3372093023255814
fdcbdf85-bddbb9b358411936,ebce9e39-f30f695825446743,0.30042918454935624,0.3977272727272727
fdcbdf85-bddbb9b358411936,d55c238c-f30f695825446743,0.30042918454935624,0.3977272727272727
8f31b279-9d766d429800c2da,ac180326-356b91ddc720b9a9,0.3,0.559322033898305
1c4d348d-5efc0e31e7b0848c,fbd26aa0-e12930f0257c0bc5,0.3,0.3
ea899386-c146e2b9378cb20e,5fcbdd19-913dff7adec25385,0.3,0.3698630136986301
1c4d348d-5efc0e31e7b0848c,21123500-e12930f0257c0bc5,0.3,0.3
3b5cec19-e9e3b340a83c14f3,643e22cc-f16a24081f57fd37,0.2994652406417112,0.4375
0017d438-960ae693e652c652,fdcbdf85-bddbb9b358411936,0.29931972789115646,0.3728813559322034
086f0f90-caf7b89bcda85104,bd7281dc-eb76f08e552cb1b1,0.29896907216494845,0.37662337662337664
f7fc2e94-c1ac1a09a6ecfec9,dbffab11-fdab463886beb879,0.2987012987012987,0.30666666666666664
b728ba1d-3f8b530de1c46258,643e22cc-f16a24081f57fd37,0.2986425339366516,0.336734693877551
d04e5afb-69fc7bceb8fdf2d3,643e22cc-f16a24081f57fd37,0.2986425339366516,0.336734693877551
d04e5afb-bb51c95653192408,643e22cc-f16a24081f57fd37,0.2986425339366516,0.336734693877551
b728ba1d-fd8a15b0393da057,643e22cc-f16a24081f57fd37,0.2986425339366516,0.336734693877551
aa8091b0-1eb4a9b6127c3413,bd7281dc-eb76f08e552cb1b1,0.2986425339366516,0.3173076923076923
d1cd194e-51c7f119cb492311,24044589-6525c627e0c34883,0.2981366459627329,0.32
372a4f50-a77e969096e4de0c,ebce9e39-f30f695825446743,0.29770992366412213,0.3333333333333333
bd7281dc-eb76f08e552cb1b1,ebce9e39-f30f695825446743,0.29770992366412213,0.3333333333333333
372a4f50-a77e969096e4de0c,d55c238c-f30f695825446743,0.29770992366412213,0.3333333333333333
bd7281dc-eb76f08e552cb1b1,d55c238c-f30f695825446743,0.29770992366412213,0.3333333333333333
dbffab11-fdab463886beb879,752ea9a5-4e1704b5a2a2e60e,0.29767441860465116,0.4050632911392405
43b10dec-7a545eeabb0d7e28,d2f74dfc-c647b91937eabf95,0.2972972972972973,0.3188405797101449
8a5fe3d9-c2dc87d910239371,9756f13a-ba89bee7fec4f211,0.29714285714285715,0.3466666666666667
0017d438-960ae693e652c652,b1e9f1f6-d12c33b532fda3dc,0.29714285714285715,0.4406779661016949
a3e272af-da6a1661a8f461cc,aa266c38-a988d514286f7261,0.29694323144104806,0.4
0922b7e7-07b38c3d5335955e,fdcbdf85-bddbb9b358411936,0.2967741935483871,0.34328358208955223
e8006510-ee67e2b4f9438f06,752ea9a5-4e1704b5a2a2e60e,0.2966101694915254,0.35
6c4ac8d3-ce1d5991f80ca11f,c354b74f-5a94e5a2d97408b1,0.2962962962962963,0.3287671232876712
25151980-cde67178d1ce0814,5dbd0a07-3bfbd898c47b82dd,0.2955665024630542,0.4166666666666667
25151980-cde67178d1ce0814,bdc08e6f-443b55d42ad9cbef,0.2955665024630542,0.4166666666666667
bf0df1d5-22e0cc7e97c006fd,752ea9a5-4e1704b5a2a2e60e,0.2955665024630542,0.44776119402985076
b2590225-d2dd36b85a46fb10,c7239c97-c74c99add65aa484,0.29545454545454547,0.3291139240506329
b2590225-d2dd36b85a46fb10,4fd752f7-c74c99add65aa484,0.29545454545454547,0.3291139240506329
8a20e743-b9a360f36685b924,d2f74dfc-c647b91937eabf95,0.2953020134228188,0.3142857142857143
4212c4b9-8b9abbe7169dae20,d2f74dfc-c647b91937eabf95,0.2953020134228188,0.3142857142857143
9756f13a-ba89bee7fec4f211,aa266c38-a988d514286f7261,0.29508196721311475,0.36
86232d21-ce3c1b1217526a2c,aa266c38-a988d514286f7261,0.29508196721311475,0.36
bd7281dc-eb76f08e552cb1b1,ac180326-356b91ddc720b9a9,0.2949640287769784,0.3504273504273504
86232d21-ce3c1b1217526a2c,372a4f50-a77e969096e4de0c,0.29493087557603687,0.32
86232d21-ce3c1b1217526a2c,bd7281dc-eb76f08e552cb1b1,0.29493087557603687,0.32
4212c4b9-8b9abbe7169dae20,24044589-6525c627e0c34883,0.2948717948717949,0.32857142857142857
bf0df1d5-22e0cc7e97c006fd,643e22cc-f16a24081f57fd37,0.29473684210526313,0.417910447761194
856a8eda-47110854840863cd,cd835290-3f9ba9971df22437,0.29457364341085274,0.31666666666666665
0017d438-960ae693e652c652,1c4d348d-5efc0e31e7b0848c,0.29457364341085274,0.3220338983050847
b5fbe7a2-6d2c84f49bfccf11,6e637812-103dbaca58c72ba9,0.29441624365482233,0.48333333333333334
086f0f90-caf7b89bcda85104,ac180326-356b91ddc720b9a9,0.29411764705882354,0.45454545454545453
24044589-6525c627e0c34883,792863db-47ed36bd66713ca0,0.29411764705882354,0.3488372093023256
86232d21-ce3c1b1217526a2c,aa8091b0-1eb4a9b6127c3413,0.29411764705882354,0.3
fdcbdf85-bddbb9b358411936,b1e9f1f6-d12c33b532fda3dc,0.29411764705882354,0.3409090909090909
bf0df1d5-22e0cc7e97c006fd,6e637812-103dbaca58c72ba9,0.29411764705882354,0.44776119402985076
792863db-47ed36bd66713ca0,ac180326-356b91ddc720b9a9,0.2939068100358423,0.3474576271186441
3b5cec19-e9e3b340a83c14f3,d2f74dfc-c647b91937eabf95,0.2937062937062937,0.328125
8f31b279-9d766d429800c2da,18e2441c-e09a749e7650e525,0.2937062937062937,0.3559322033898305
0922b7e7-07b38c3d5335955e,372a4f50-a77e969096e4de0c,0.29347826086956524,0.40298507462686567
e435b1ac-725ccefba23c4954,b2ec0eff-27c52d42cf6ae9c0,0.29343629343629346,0.4935064935064935
8a5fe3d9-c2dc87d910239371,f7fc2e94-c1ac1a09a6ecfec9,0.29333333333333333,0.29333333333333333
b5fbe7a2-6d2c84f49bfccf11,5dbd0a07-3bfbd898c47b82dd,0.2931937172774869,0.4666666666666667
b5fbe7a2-6d2c84f49bfccf11,bdc08e6f-443b55d42ad9cbef,0.2931937172774869,0.4666666666666667
9852706b-dc2846d870c40dd6,9756f13a-ba89bee7fec4f211,0.2929936305732484,0.40350877192982454
856a8eda-47110854840863cd,aa8091b0-1eb4a9b6127c3413,0.2926829268292683,0.4
43b10dec-7a545eeabb0d7e28,31f29772-6d2ce65449951922,0.2926829268292683,0.34782608695652173
856a8eda-47110854840863cd,086f0f90-caf7b89bcda85104,0.291970802919708,0.3333333333333333
fbd26aa0-e12930f0257c0bc5,120878da-8a60d23e91164ee1,0.2918918918918919,0.38571428571428573
21123500-e12930f0257c0bc5,120878da-8a60d23e91164ee1,0.2918918918918919,0.38571428571428573
4d279121-0ff077c1f36379a7,ac180326-356b91ddc720b9a9,0.2918454935622318,0.4722222222222222
6e637812-103dbaca58c72ba9,aa266c38-a988d514286f7261,0.2918149466192171,0.29927007299270075
856a8eda-47110854840863cd,18e2441c-e09a749e7650e525,0.2916666666666667,0.35
24044589-6525c627e0c34883,ac180326-356b91ddc720b9a9,0.291497975708502,0.4186046511627907
aa8091b0-1eb4a9b6127c3413,307ef2cb-f844c7d4470a9cd7,0.2912621359223301,0.5769230769230769
fdcbdf85-bddbb9b358411936,c34bb733-7ef4a114ed602603,0.29107981220657275,0.3522727272727273
6e637812-103dbaca58c72ba9,ebce9e39-f30f695825446743,0.2907801418439716,0.29927007299270075
6e637812-103dbaca58c72ba9,d55c238c-f30f695825446743,0.2907801418439716,0.29927007299270075
565f77b7-ba8553bf0459956f,752ea9a5-4e1704b5a2a2e60e,0.2907488986784141,0.3626373626373626
372a4f50-a77e969096e4de0c,bd7281dc-eb76f08e552cb1b1,0.2905982905982906,0.2905982905982906
fbd26aa0-e12930f0257c0bc5,b1e9f1f6-d12c33b532fda3dc,0.2903225806451613,0.38571428571428573
21123500-e12930f0257c0bc5,b1e9f1f6-d12c33b532fda3dc,0.2903225806451613,0.38571428571428573
2ff0355e-aeadc3b066e10ea6,6e637812-103dbaca58c72ba9,0.2903225806451613,0.32432432432432434
856a8eda-47110854840863cd,4a570de6-16cc55249fee2574,0.2903225806451613,0.3
f7fc2e94-c1ac1a09a6ecfec9,792863db-47ed36bd66713ca0,0.29015544041450775,0.37333333333333335
bf0df1d5-22e0cc7e97c006fd,3f4a5b64-8efa749b77f997ee,0.2898550724637681,0.44776119402985076
bf0df1d5-22e0cc7e97c006fd,0b27be88-8efa749b77f997ee,0.2898550724637681,0.44776119402985076
d2f74dfc-c647b91937eabf95,83935617-8cb055ca61a0e286,0.2898550724637681,0.5063291139240507
0922b7e7-07b38c3d5335955e,a3e272af-da6a1661a8f461cc,0.2894736842105263,0.3283582089552239
372a4f50-a77e969096e4de0c,c34bb733-7ef4a114ed602603,0.2892561983471074,0.29914529914529914
9756f13a-ba89bee7fec4f211,307ef2cb-f844c7d4470a9cd7,0.28921568627450983,0.59
4a570de6-16cc55249fee2574,643e22cc-f16a24081f57fd37,0.2887700534759358,0.421875
fbd26aa0-e12930f0257c0bc5,5dbd0a07-3bfbd898c47b82dd,0.2885572139303483,0.4142857142857143
fbd26aa0-e12930f0257c0bc5,bdc08e6f-443b55d42ad9cbef,0.2885572139303483,0.4142857142857143
18e2441c-e09a749e7650e525,372a4f50-a77e969096e4de0c,0.2885572139303483,0.34523809523809523
21123500-e12930f0257c0bc5,5dbd0a07-3bfbd898c47b82dd,0.2885572139303483,0.4142857142857143
21123500-e12930f0257c0bc5,bdc08e6f-443b55d42ad9cbef,0.2885572139303483,0.4142857142857143
565f77b7-ba8553bf0459956f,372a4f50-a77e969096e4de0c,0.28846153846153844,0.32967032967032966
c7239c97-c74c99add65aa484,792863db-47ed36bd66713ca0,0.28837209302325584,0.31958762886597936
4fd752f7-c74c99add65aa484,792863db-47ed36bd66713ca0,0.28837209302325584,0.31958762886597936
86232d21-ce3c1b1217526a2c,120878da-8a60d23e91164ee1,0.28837209302325584,0.31
eec856c0-6681d74ff3e3f063,643e22cc-f16a24081f57fd37,0.28820960698689957,0.3113207547169811
1071f735-61e1aff4bf0c237d,3f4a5b64-8efa749b77f997ee,0.288135593220339,0.3541666666666667
1071f735-61e1aff4bf0c237d,0b27be88-8efa749b77f997ee,0.288135593220339,0.3541666666666667
856a8eda-47110854840863cd,25151980-cde67178d1ce0814,0.2878787878787879,0.31666666666666665
43b10dec-7a545eeabb0d7e28,4212c4b9-8b9abbe7169dae20,0.28776978417266186,0.2898550724637681
0922b7e7-07b38c3d5335955e,b2590225-d2dd36b85a46fb10,0.2876712328767123,0.31343283582089554
8a5fe3d9-c2dc87d910239371,a3e272af-da6a1661a8f461cc,0.2875,0.30666666666666664
b2590225-d2dd36b85a46fb10,fdcbdf85-bddbb9b358411936,0.2874251497005988,0.3037974683544304
1c4d348d-5efc0e31e7b0848c,c7239c97-c74c99add65aa484,0.2874251497005988,0.34285714285714286
1c4d348d-5efc0e31e7b0848c,4fd752f7-c74c99add65aa484,0.2874251497005988,0.34285714285714286
24044589-6525c627e0c34883,fdcbdf85-bddbb9b358411936,0.28735632183908044,0.29069767441860467
24b20554-a5b1e55952e1ee2b,792863db-47ed36bd66713ca0,0.287292817679558,0.4126984126984127
dbffab11-fdab463886beb879,643e22cc-f16a24081f57fd37,0.2871287128712871,0.3670886075949367
4d279121-0ff077c1f36379a7,aa266c38-a988d514286f7261,0.28703703703703703,0.4305555555555556
24044589-6525c627e0c34883,aa266c38-a988d514286f7261,0.28695652173913044,0.38372093023255816
18e2441c-e09a749e7650e525,ac180326-356b91ddc720b9a9,0.2857142857142857,0.4166666666666667
25151980-cde67178d1ce0814,ebce9e39-f30f695825446743,0.2857142857142857,0.4305555555555556
c354b74f-5a94e5a2d97408b1,86232d21-ce3c1b1217526a2c,0.2857142857142857,0.30337078651685395
e8006510-ee67e2b4f9438f06,5dbd0a07-3bfbd898c47b82dd,0.2857142857142857,0.33
e8006510-ee67e2b4f9438f06,bdc08e6f-443b55d42ad9cbef,0.2857142857142857,0.33
086f0f90-caf7b89bcda85104,307ef2cb-f844c7d4470a9cd7,0.2857142857142857,0.7142857142857143
25151980-cde67178d1ce0814,d55c238c-f30f695825446743,0.2857142857142857,0.4305555555555556
4d279121-0ff077c1f36379a7,372a4f50-a77e969096e4de0c,0.2857142857142857,0.375
0017d438-960ae693e652c652,856a8eda-47110854840863cd,0.2857142857142857,0.288135593220339
3b5cec19-e9e3b340a83c14f3,43b10dec-7a545eeabb0d7e28,0.2857142857142857,0.296875
a3e272af-da6a1661a8f461cc,307ef2cb-f844c7d4470a9cd7,0.28498727735368956,0.6588235294117647
eec856c0-6681d74ff3e3f063,ac180326-356b91ddc720b9a9,0.2846441947565543,0.3584905660377358
b1e9f1f6-d12c33b532fda3dc,643e22cc-f16a24081f57fd37,0.28451882845188287,0.29310344827586204
b728ba1d-3f8b530de1c46258,25597bcb-5d4031295f424a57,0.28444444444444444,0.32653061224489793
d04e5afb-69fc7bceb8fdf2d3,25597bcb-5d4031295f424a57,0.28444444444444444,0.32653061224489793
d04e5afb-bb51c95653192408,25597bcb-5d4031295f424a57,0.28444444444444444,0.32653061224489793
b728ba1d-fd8a15b0393da057,25597bcb-5d4031295f424a57,0.28444444444444444,0.32653061224489793
c7239c97-c74c99add65aa484,86232d21-ce3c1b1217526a2c,0.28426395939086296,0.28865979381443296
4fd752f7-c74c99add65aa484,86232d21-ce3c1b1217526a2c,0.28426395939086296,0.28865979381443296
4d279121-0ff077c1f36379a7,792863db-47ed36bd66713ca0,0.28421052631578947,0.375
24044589-6525c627e0c34883,aa8091b0-1eb4a9b6127c3413,0.28421052631578947,0.313953488372093
b2590225-d2dd36b85a46fb10,aa8091b0-1eb4a9b6127c3413,0.28415300546448086,0.3291139240506329
3b5cec19-e9e3b340a83c14f3,83935617-8cb055ca61a0e286,0.2835249042145594,0.578125
829d2024-34110f49d01b5189,83935617-8cb055ca61a0e286,0.28346456692913385,0.631578947368421
bd7281dc-eb76f08e552cb1b1,6e637812-103dbaca58c72ba9,0.28346456692913385,0.3076923076923077
856a8eda-47110854840863cd,b5fbe7a2-6d2c84f49bfccf11,0.2833333333333333,0.2833333333333333
b5fbe7a2-6d2c84f49bfccf11,ebce9e39-f30f695825446743,0.28292682926829266,0.48333333333333334
b5fbe7a2-6d2c84f49bfccf11,d55c238c-f30f695825446743,0.28292682926829266,0.48333333333333334
f7fc2e94-c1ac1a09a6ecfec9,b1e9f1f6-d12c33b532fda3dc,0.28272251308900526,0.36
18e2441c-e09a749e7650e525,24044589-6525c627e0c34883,0.2823529411764706,0.2857142857142857
86232d21-ce3c1b1217526a2c,25597bcb-5d4031295f424a57,0.28193832599118945,0.32
cd835290-3f9ba9971df22437,aa266c38-a988d514286f7261,0.28169014084507044,0.43478260869565216
1c4d348d-5efc0e31e7b0848c,25151980-cde67178d1ce0814,0.28169014084507044,0.2857142857142857
24044589-6525c627e0c34883,eec856c0-6681d74ff3e3f063,0.28125,0.313953488372093
8f31b279-9d766d429800c2da,83935617-8cb055ca61a0e286,0.28125,0.6101694915254238
5dbd0a07-3bfbd898c47b82dd,ac180326-356b91ddc720b9a9,0.2808219178082192,0.31297709923664124
bdc08e6f-443b55d42ad9cbef,ac180326-356b91ddc720b9a9,0.2808219178082192,0.31297709923664124
4a570de6-16cc55249fee2574,86232d21-ce3c1b1217526a2c,0.2804878048780488,0.359375
c354b74f-5a94e5a2d97408b1,792863db-47ed36bd66713ca0,0.28019323671497587,0.3258426966292135
b1e9f1f6-d12c33b532fda3dc,25597bcb-5d4031295f424a57,0.27983539094650206,0.29310344827586204
fbd26aa0-e12930f0257c0bc5,643e22cc-f16a24081f57fd37,0.27979274611398963,0.38571428571428573
21123500-e12930f0257c0bc5,643e22cc-f16a24081f57fd37,0.27979274611398963,0.38571428571428573
4a570de6-16cc55249fee2574,d2f74dfc-c647b91937eabf95,0.27972027972027974,0.3125
24044589-6525c627e0c34883,e8006510-ee67e2b4f9438f06,0.27956989247311825,0.3023255813953488
18e2441c-e09a749e7650e525,ebce9e39-f30f695825446743,0.2794759825327511,0.38095238095238093
18e2441c-e09a749e7650e525,d55c238c-f30f695825446743,0.2794759825327511,0.38095238095238093
2ff0355e-aeadc3b066e10ea6,ac180326-356b91ddc720b9a9,0.27941176470588236,0.34234234234234234
24b20554-a5b1e55952e1ee2b,ea899386-c146e2b9378cb20e,0.27941176470588236,0.30158730158730157
f7fc2e94-c1ac1a09a6ecfec9,aa8091b0-1eb4a9b6127c3413,0.27932960893854747,0.3333333333333333
b2590225-d2dd36b85a46fb10,86232d21-ce3c1b1217526a2c,0.27932960893854747,0.31645569620253167
aa8091b0-1eb4a9b6127c3413,792863db-47ed36bd66713ca0,0.27927927927927926,0.2980769230769231
18e2441c-e09a749e7650e525,fdcbdf85-bddbb9b358411936,0.27906976744186046,0.2857142857142857
18e2441c-e09a749e7650e525,5dbd0a07-3bfbd898c47b82dd,0.27906976744186046,0.35714285714285715
18e2441c-e09a749e7650e525,bdc08e6f-443b55d42ad9cbef,0.27906976744186046,0.35714285714285715
b2590225-d2dd36b85a46fb10,24044589-6525c627e0c34883,0.2787878787878788,0.2911392405063291
d2f74dfc-c647b91937eabf95,120878da-8a60d23e91164ee1,0.27835051546391754,0.34177215189873417
8a20e743-b9a360f36685b924,372a4f50-a77e969096e4de0c,0.27807486631016043,0.37142857142857144
b1e9f1f6-d12c33b532fda3dc,752ea9a5-4e1704b5a2a2e60e,0.2777777777777778,0.3017241379310345
120878da-8a60d23e91164ee1,6e637812-103dbaca58c72ba9,0.2777777777777778,0.30434782608695654
3b5cec19-e9e3b340a83c14f3,ebce9e39-f30f695825446743,0.27751196172248804,0.453125
3b5cec19-e9e3b340a83c14f3,d55c238c-f30f695825446743,0.27751196172248804,0.453125
18e2441c-e09a749e7650e525,c354b74f-5a94e5a2d97408b1,0.2774566473988439,0.2857142857142857
18e2441c-e09a749e7650e525,792863db-47ed36bd66713ca0,0.27722772277227725,0.3333333333333333
fbd26aa0-e12930f0257c0bc5,c34bb733-7ef4a114ed602603,0.27692307692307694,0.38571428571428573
21123500-e12930f0257c0bc5,c34bb733-7ef4a114ed602603,0.27692307692307694,0.38571428571428573
0017d438-960ae693e652c652,9756f13a-ba89bee7fec4f211,0.27672955974842767,0.3728813559322034
24044589-6525c627e0c34883,5dbd0a07-3bfbd898c47b82dd,0.2764976958525346,0.3488372093023256
24044589-6525c627e0c34883,bdc08e6f-443b55d42ad9cbef,0.2764976958525346,0.3488372093023256
120878da-8a60d23e91164ee1,5dbd0a07-3bfbd898c47b82dd,0.2764227642276423,0.2956521739130435
120878da-8a60d23e91164ee1,bdc08e6f-443b55d42ad9cbef,0.2764227642276423,0.2956521739130435
4a570de6-16cc55249fee2574,fdcbdf85-bddbb9b358411936,0.27631578947368424,0.328125
e8006510-ee67e2b4f9438f06,ac180326-356b91ddc720b9a9,0.27586206896551724,0.36
829d2024-34110f49d01b5189,bd7281dc-eb76f08e552cb1b1,0.27586206896551724,0.42105263157894735
dbffab11-fdab463886beb879,b2ec0eff-27c52d42cf6ae9c0,0.27586206896551724,0.45569620253164556
5fcbdd19-913dff7adec25385,c34bb733-7ef4a114ed602603,0.27586206896551724,0.29906542056074764
24044589-6525c627e0c34883,372a4f50-a77e969096e4de0c,0.27586206896551724,0.32558139534883723
5dbd0a07-3bfbd898c47b82dd,ebce9e39-f30f695825446743,0.2753623188405797,0.2900763358778626
bdc08e6f-443b55d42ad9cbef,ebce9e39-f30f695825446743,0.2753623188405797,0.2900763358778626
24b20554-a5b1e55952e1ee2b,d1cd194e-51c7f119cb492311,0.2753623188405797,0.30158730158730157
5dbd0a07-3bfbd898c47b82dd,d55c238c-f30f695825446743,0.2753623188405797,0.2900763358778626
bdc08e6f-443b55d42ad9cbef,d55c238c-f30f695825446743,0.2753623188405797,0.2900763358778626
dbffab11-fdab463886beb879,ac180326-356b91ddc720b9a9,0.275,0.4177215189873418
856a8eda-47110854840863cd,86232d21-ce3c1b1217526a2c,0.275,0.36666666666666664
4d279121-0ff077c1f36379a7,fdcbdf85-bddbb9b358411936,0.275,0.3055555555555556
aa266c38-a988d514286f7261,307ef2cb-f844c7d4470a9cd7,0.2743362831858407,0.4305555555555556
c34bb733-7ef4a114ed602603,ebce9e39-f30f695825446743,0.2740740740740741,0.296
c34bb733-7ef4a114ed602603,d55c238c-f30f695825446743,0.2740740740740741,0.296
792863db-47ed36bd66713ca0,ebce9e39-f30f695825446743,0.2737642585551331,0.3050847457627119
792863db-47ed36bd66713ca0,d55c238c-f30f695825446743,0.2737642585551331,0.3050847457627119
c354b74f-5a94e5a2d97408b1,643e22cc-f16a24081f57fd37,0.27358490566037735,0.3258426966292135
24b20554-a5b1e55952e1ee2b,b728ba1d-3f8b530de1c46258,0.2732919254658385,0.3492063492063492
24b20554-a5b1e55952e1ee2b,d04e5afb-69fc7bceb8fdf2d3,0.2732919254658385,0.3492063492063492
24b20554-a5b1e55952e1ee2b,d04e5afb-bb51c95653192408,0.2732919254658385,0.3492063492063492
24b20554-a5b1e55952e1ee2b,b728ba1d-fd8a15b0393da057,0.2732919254658385,0.3492063492063492
d2f74dfc-c647b91937eabf95,aa8091b0-1eb4a9b6127c3413,0.273224043715847,0.31645569620253167
cd835290-3f9ba9971df22437,752ea9a5-4e1704b5a2a2e60e,0.2731707317073171,0.4057971014492754
d1cd194e-51c7f119cb492311,643e22cc-f16a24081f57fd37,0.2727272727272727,0.36
8f31b279-9d766d429800c2da,bd7281dc-eb76f08e552cb1b1,0.2727272727272727,0.4067796610169492
856a8eda-47110854840863cd,4d279121-0ff077c1f36379a7,0.2727272727272727,0.3
1071f735-61e1aff4bf0c237d,bd7281dc-eb76f08e552cb1b1,0.27230046948356806,0.3020833333333333
086f0f90-caf7b89bcda85104,752ea9a5-4e1704b5a2a2e60e,0.27230046948356806,0.37662337662337664
d1cd194e-51c7f119cb492311,b1e9f1f6-d12c33b532fda3dc,0.27225130890052357,0.3466666666666667
3b5cec19-e9e3b340a83c14f3,25597bcb-5d4031295f424a57,0.27225130890052357,0.40625
fdcbdf85-bddbb9b358411936,792863db-47ed36bd66713ca0,0.27184466019417475,0.3181818181818182
a3e272af-da6a1661a8f461cc,752ea9a5-4e1704b5a2a2e60e,0.27149321266968324,0.35294117647058826
0017d438-960ae693e652c652,3f4a5b64-8efa749b77f997ee,0.271356783919598,0.4576271186440678
0017d438-960ae693e652c652,0b27be88-8efa749b77f997ee,0.271356783919598,0.4576271186440678
d1cd194e-51c7f119cb492311,ac180326-356b91ddc720b9a9,0.2711864406779661,0.4266666666666667
fbd26aa0-e12930f0257c0bc5,a3e272af-da6a1661a8f461cc,0.2709677419354839,0.3
856a8eda-47110854840863cd,31f29772-6d2ce65449951922,0.2709677419354839,0.35
21123500-e12930f0257c0bc5,a3e272af-da6a1661a8f461cc,0.2709677419354839,0.3
cd835290-3f9ba9971df22437,83935617-8cb055ca61a0e286,0.2706766917293233,0.5217391304347826
1c4d348d-5efc0e31e7b0848c,86232d21-ce3c1b1217526a2c,0.27058823529411763,0.32857142857142857
b5fbe7a2-6d2c84f49bfccf11,c34bb733-7ef4a114ed602603,0.2702702702702703,0.4166666666666667
43b10dec-7a545eeabb0d7e28,b2590225-d2dd36b85a46fb10,0.2702702702702703,0.2898550724637681
86232d21-ce3c1b1217526a2c,9756f13a-ba89bee7fec4f211,0.27,0.27
ea899386-c146e2b9378cb20e,25597bcb-5d4031295f424a57,0.27,0.3698630136986301
086f0f90-caf7b89bcda85104,643e22cc-f16a24081f57fd37,0.27,0.35064935064935066
8a5fe3d9-c2dc87d910239371,3f4a5b64-8efa749b77f997ee,0.26976744186046514,0.38666666666666666
8a5fe3d9-c2dc87d910239371,0b27be88-8efa749b77f997ee,0.26976744186046514,0.38666666666666666
fbd26aa0-e12930f0257c0bc5,83935617-8cb055ca61a0e286,0.2696629213483146,0.5142857142857142
856a8eda-47110854840863cd,792863db-47ed36bd66713ca0,0.2696629213483146,0.4
0922b7e7-07b38c3d5335955e,2ff0355e-aeadc3b066e10ea6,0.2696629213483146,0.3582089552238806
21123500-e12930f0257c0bc5,83935617-8cb055ca61a0e286,0.2696629213483146,0.5142857142857142
4212c4b9-8b9abbe7169dae20,643e22cc-f16a24081f57fd37,0.2694300518134715,0.37142857142857144
86232d21-ce3c1b1217526a2c,ebce9e39-f30f695825446743,0.2693877551020408,0.33
86232d21-ce3c1b1217526a2c,d55c238c-f30f695825446743,0.2693877551020408,0.33
4d279121-0ff077c1f36379a7,752ea9a5-4e1704b5a2a2e60e,0.2692307692307692,0.3888888888888889
4d279121-0ff077c1f36379a7,18e2441c-e09a749e7650e525,0.2692307692307692,0.2916666666666667
86232d21-ce3c1b1217526a2c,5dbd0a07-3bfbd898c47b82dd,0.2683982683982684,0.31
86232d21-ce3c1b1217526a2c,bdc08e6f-443b55d42ad9cbef,0.2683982683982684,0.31
eec856c0-6681d74ff3e3f063,3f4a5b64-8efa749b77f997ee,0.2682926829268293,0.3113207547169811
eec856c0-6681d74ff3e3f063,0b27be88-8efa749b77f997ee,0.2682926829268293,0.3113207547169811
d2f74dfc-c647b91937eabf95,a3e272af-da6a1661a8f461cc,0.2682926829268293,0.27848101265822783
86232d21-ce3c1b1217526a2c,ac180326-356b91ddc720b9a9,0.2681992337164751,0.35
25151980-cde67178d1ce0814,5fcbdd19-913dff7adec25385,0.2681564245810056,0.3333333333333333
4a570de6-16cc55249fee2574,ebce9e39-f30f695825446743,0.2679425837320574,0.4375
4a570de6-16cc55249fee2574,d55c238c-f30f695825446743,0.2679425837320574,0.4375
c34bb733-7ef4a114ed602603,aa266c38-a988d514286f7261,0.26765799256505574,0.288
ea899386-c146e2b9378cb20e,18e2441c-e09a749e7650e525,0.267515923566879,0.2876712328767123
43b10dec-7a545eeabb0d7e28,fdcbdf85-bddbb9b358411936,0.267515923566879,0.30434782608695654
1c4d348d-5efc0e31e7b0848c,372a4f50-a77e969096e4de0c,0.26737967914438504,0.35714285714285715
4d279121-0ff077c1f36379a7,ebce9e39-f30f695825446743,0.2672811059907834,0.4027777777777778
4d279121-0ff077c1f36379a7,d55c238c-f30f695825446743,0.2672811059907834,0.4027777777777778
4212c4b9-8b9abbe7169dae20,3f4a5b64-8efa749b77f997ee,0.26666666666666666,0.4
792863db-47ed36bd66713ca0,b2ec0eff-27c52d42cf6ae9c0,0.26666666666666666,0.3389830508474576
086f0f90-caf7b89bcda85104,792863db-47ed36bd66713ca0,0.26666666666666666,0.33766233766233766
dbffab11-fdab463886beb879,24044589-6525c627e0c34883,0.26666666666666666,0.27848101265822783
856a8eda-47110854840863cd,d1cd194e-51c7f119cb492311,0.26666666666666666,0.3
a3e272af-da6a1661a8f461cc,c34bb733-7ef4a114ed602603,0.26666666666666666,0.32941176470588235
9852706b-dc2846d870c40dd6,643e22cc-f16a24081f57fd37,0.26666666666666666,0.42105263157894735
4212c4b9-8b9abbe7169dae20,0b27be88-8efa749b77f997ee,0.26666666666666666,0.4
31f29772-6d2ce65449951922,643e22cc-f16a24081f57fd37,0.26605504587155965,0.30526315789473685
fdcbdf85-bddbb9b358411936,9756f13a-ba89bee7fec4f211,0.26595744680851063,0.2840909090909091
4d279121-0ff077c1f36379a7,24044589-6525c627e0c34883,0.26582278481012656,0.2916666666666667
0922b7e7-07b38c3d5335955e,565f77b7-ba8553bf0459956f,0.26582278481012656,0.31343283582089554
d2f74dfc-c647b91937eabf95,372a4f50-a77e969096e4de0c,0.2653061224489796,0.3291139240506329
b5fbe7a2-6d2c84f49bfccf11,565f77b7-ba8553bf0459956f,0.26490066225165565,0.3333333333333333
c354b74f-5a94e5a2d97408b1,9756f13a-ba89bee7fec4f211,0.26455026455026454,0.2808988764044944
1c4d348d-5efc0e31e7b0848c,aa8091b0-1eb4a9b6127c3413,0.26436781609195403,0.32857142857142857
9756f13a-ba89bee7fec4f211,25597bcb-5d4031295f424a57,0.2643171806167401,0.3
c354b74f-5a94e5a2d97408b1,ac180326-356b91ddc720b9a9,0.264,0.3707865168539326
c354b74f-5a94e5a2d97408b1,5dbd0a07-3bfbd898c47b82dd,0.2636363636363636,0.3258426966292135
c354b74f-5a94e5a2d97408b1,bdc08e6f-443b55d42ad9cbef,0.2636363636363636,0.3258426966292135
792863db-47ed36bd66713ca0,3f4a5b64-8efa749b77f997ee,0.26356589147286824,0.288135593220339
792863db-47ed36bd66713ca0,0b27be88-8efa749b77f997ee,0.26356589147286824,0.288135593220339
0017d438-960ae693e652c652,8a20e743-b9a360f36685b924,0.26356589147286824,0.288135593220339
565f77b7-ba8553bf0459956f,6e637812-103dbaca58c72ba9,0.2631578947368421,0.32967032967032966
24044589-6525c627e0c34883,c354b74f-5a94e5a2d97408b1,0.26285714285714284,0.26744186046511625
9756f13a-ba89bee7fec4f211,752ea9a5-4e1704b5a2a2e60e,0.2627118644067797,0.31
f7fc2e94-c1ac1a09a6ecfec9,643e22cc-f16a24081f57fd37,0.26262626262626265,0.3466666666666667
9756f13a-ba89bee7fec4f211,83935617-8cb055ca61a0e286,0.26262626262626265,0.39
b728ba1d-3f8b530de1c46258,e8006510-ee67e2b4f9438f06,0.26262626262626265,0.2653061224489796
d04e5afb-69fc7bceb8fdf2d3,e8006510-ee67e2b4f9438f06,0.26262626262626265,0.2653061224489796
d04e5afb-bb51c95653192408,e8006510-ee67e2b4f9438f06,0.26262626262626265,0.2653061224489796
b728ba1d-fd8a15b0393da057,e8006510-ee67e2b4f9438f06,0.26262626262626265,0.2653061224489796
43b10dec-7a545eeabb0d7e28,565f77b7-ba8553bf0459956f,0.2625,0.30434782608695654
5fcbdd19-913dff7adec25385,6e637812-103dbaca58c72ba9,0.26229508196721313,0.29906542056074764
643e22cc-f16a24081f57fd37,aa266c38-a988d514286f7261,0.26217228464419473,0.2845528455284553
cd835290-3f9ba9971df22437,6e637812-103dbaca58c72ba9,0.2621359223300971,0.391304347826087
aa8091b0-1eb4a9b6127c3413,c34bb733-7ef4a114ed602603,0.26200873362445415,0.28846153846153844
d2f74dfc-c647b91937eabf95,c354b74f-5a94e5a2d97408b1,0.2619047619047619,0.27848101265822783
e435b1ac-725ccefba23c4954,6e637812-103dbaca58c72ba9,0.2616822429906542,0.36363636363636365
9756f13a-ba89bee7fec4f211,ac180326-356b91ddc720b9a9,0.26053639846743293,0.34
86232d21-ce3c1b1217526a2c,643e22cc-f16a24081f57fd37,0.2600896860986547,0.29
fbd26aa0-e12930f0257c0bc5,5fcbdd19-913dff7adec25385,0.2598870056497175,0.32857142857142857
21123500-e12930f0257c0bc5,5fcbdd19-913dff7adec25385,0.2598870056497175,0.32857142857142857
792863db-47ed36bd66713ca0,752ea9a5-4e1704b5a2a2e60e,0.25984251968503935,0.2796610169491525
eec856c0-6681d74ff3e3f063,c34bb733-7ef4a114ed602603,0.2597402597402597,0.2830188679245283
b2590225-d2dd36b85a46fb10,eec856c0-6681d74ff3e3f063,0.2594594594594595,0.3037974683544304
25151980-cde67178d1ce0814,aa266c38-a988d514286f7261,0.25925925925925924,0.3888888888888889
eec856c0-6681d74ff3e3f063,792863db-47ed36bd66713ca0,0.25892857142857145,0.27358490566037735
1c4d348d-5efc0e31e7b0848c,9756f13a-ba89bee7fec4f211,0.25882352941176473,0.3142857142857143
4a570de6-16cc55249fee2574,6e637812-103dbaca58c72ba9,0.25870646766169153,0.40625
3b5cec19-e9e3b340a83c14f3,307ef2cb-f844c7d4470a9cd7,0.25806451612903225,0.75
2ff0355e-aeadc3b066e10ea6,307ef2cb-f844c7d4470a9cd7,0.2577565632458234,0.4864864864864865
dbffab11-fdab463886beb879,18e2441c-e09a749e7650e525,0.25766871165644173,0.26582278481012656
bf0df1d5-22e0cc7e97c006fd,b2ec0eff-27c52d42cf6ae9c0,0.2570281124497992,0.47761194029850745
b2590225-d2dd36b85a46fb10,e8006510-ee67e2b4f9438f06,0.2569832402234637,0.2911392405063291
eec856c0-6681d74ff3e3f063,752ea9a5-4e1704b5a2a2e60e,0.256198347107438,0.29245283018867924
a3e272af-da6a1661a8f461cc,792863db-47ed36bd66713ca0,0.2561576354679803,0.3058823529411765
f7fc2e94-c1ac1a09a6ecfec9,c354b74f-5a94e5a2d97408b1,0.25609756097560976,0.28
8a5fe3d9-c2dc87d910239371,752ea9a5-4e1704b5a2a2e60e,0.2559241706161137,0.36
8a5fe3d9-c2dc87d910239371,aa266c38-a988d514286f7261,0.2557077625570776,0.37333333333333335
fdcbdf85-bddbb9b358411936,5dbd0a07-3bfbd898c47b82dd,0.2557077625570776,0.3181818181818182
fdcbdf85-bddbb9b358411936,bdc08e6f-443b55d42ad9cbef,0.2557077625570776,0.3181818181818182
24b20554-a5b1e55952e1ee2b,fbd26aa0-e12930f0257c0bc5,0.2556390977443609,0.2698412698412698
24b20554-a5b1e55952e1ee2b,21123500-e12930f0257c0bc5,0.2556390977443609,0.2698412698412698
3f4a5b64-8efa749b77f997ee,83935617-8cb055ca61a0e286,0.2551928783382789,0.30714285714285716
0b27be88-8efa749b77f997ee,83935617-8cb055ca61a0e286,0.2551928783382789,0.30714285714285716
c354b74f-5a94e5a2d97408b1,5fcbdd19-913dff7adec25385,0.25510204081632654,0.2808988764044944
0017d438-960ae693e652c652,eec856c0-6681d74ff3e3f063,0.2545454545454545,0.3559322033898305
f7fc2e94-c1ac1a09a6ecfec9,eec856c0-6681d74ff3e3f063,0.2541436464088398,0.30666666666666664
4d279121-0ff077c1f36379a7,bd7281dc-eb76f08e552cb1b1,0.25396825396825395,0.3333333333333333
43b10dec-7a545eeabb0d7e28,6c4ac8d3-ce1d5991f80ca11f,0.2535211267605634,0.2608695652173913
31f29772-6d2ce65449951922,83935617-8cb055ca61a0e286,0.2534246575342466,0.3894736842105263
43b10dec-7a545eeabb0d7e28,c354b74f-5a94e5a2d97408b1,0.25316455696202533,0.2898550724637681
856a8eda-47110854840863cd,eec856c0-6681d74ff3e3f063,0.25301204819277107,0.35
372a4f50-a77e969096e4de0c,aa266c38-a988d514286f7261,0.25287356321839083,0.28205128205128205
2ff0355e-aeadc3b066e10ea6,b2ec0eff-27c52d42cf6ae9c0,0.2525597269624573,0.3333333333333333
8a5fe3d9-c2dc87d910239371,643e22cc-f16a24081f57fd37,0.25252525252525254,0.3333333333333333
8a20e743-b9a360f36685b924,752ea9a5-4e1704b5a2a2e60e,0.2524271844660194,0.37142857142857144
8a5fe3d9-c2dc87d910239371,5dbd0a07-3bfbd898c47b82dd,0.2524271844660194,0.3466666666666667
8a5fe3d9-c2dc87d910239371,bdc08e6f-443b55d42ad9cbef,0.2524271844660194,0.3466666666666667
b2590225-d2dd36b85a46fb10,25597bcb-5d4031295f424a57,0.2524271844660194,0.3291139240506329
c354b74f-5a94e5a2d97408b1,bd7281dc-eb76f08e552cb1b1,0.2524271844660194,0.29213483146067415
e435b1ac-725ccefba23c4954,ebce9e39-f30f695825446743,0.25225225225225223,0.36363636363636365
e435b1ac-725ccefba23c4954,d55c238c-f30f695825446743,0.25225225225225223,0.36363636363636365
aa266c38-a988d514286f7261,83935617-8cb055ca61a0e286,0.25219941348973607,0.2986111111111111
856a8eda-47110854840863cd,0922b7e7-07b38c3d5335955e,0.25196850393700787,0.26666666666666666
4d279121-0ff077c1f36379a7,b2590225-d2dd36b85a46fb10,0.25165562913907286,0.2638888888888889
4d279121-0ff077c1f36379a7,d2f74dfc-c647b91937eabf95,0.25165562913907286,0.2638888888888889
ea899386-c146e2b9378cb20e,24044589-6525c627e0c34883,0.25157232704402516,0.273972602739726
b5fbe7a2-6d2c84f49bfccf11,643e22cc-f16a24081f57fd37,0.25136612021857924,0.38333333333333336
ea899386-c146e2b9378cb20e,792863db-47ed36bd66713ca0,0.2513089005235602,0.3287671232876712
fbd26aa0-e12930f0257c0bc5,ebce9e39-f30f695825446743,0.25116279069767444,0.38571428571428573
21123500-e12930f0257c0bc5,ebce9e39-f30f695825446743,0.25116279069767444,0.38571428571428573
fbd26aa0-e12930f0257c0bc5,d55c238c-f30f695825446743,0.25116279069767444,0.38571428571428573
21123500-e12930f0257c0bc5,d55c238c-f30f695825446743,0.25116279069767444,0.38571428571428573
1071f735-61e1aff4bf0c237d,25597bcb-5d4031295f424a57,0.25112107623318386,0.2916666666666667
31f29772-6d2ce65449951922,752ea9a5-4e1704b5a2a2e60e,0.2510822510822511,0.30526315789473685
ea899386-c146e2b9378cb20e,b2ec0eff-27c52d42cf6ae9c0,0.25098039215686274,0.4383561643835616
8a5fe3d9-c2dc87d910239371,086f0f90-caf7b89bcda85104,0.25,0.25333333333333335
b2590225-d2dd36b85a46fb10,6e637812-103dbaca58c72ba9,0.25,0.34177215189873417
643e22cc-f16a24081f57fd37,c34bb733-7ef4a114ed602603,0.25,0.25203252032520324
bf0df1d5-22e0cc7e97c006fd,43b10dec-7a545eeabb0d7e28,0.25,0.2537313432835821
c7239c97-c74c99add65aa484,25597bcb-5d4031295f424a57,0.25,0.28865979381443296
6c4ac8d3-ce1d5991f80ca11f,d2f74dfc-c647b91937eabf95,0.25,0.2602739726027397
4fd752f7-c74c99add65aa484,25597bcb-5d4031295f424a57,0.25,0.28865979381443296
fdcbdf85-bddbb9b358411936,ac180326-356b91ddc720b9a9,0.24899598393574296,0.3522727272727273
1071f735-61e1aff4bf0c237d,ebce9e39-f30f695825446743,0.24896265560165975,0.3125
1071f735-61e1aff4bf0c237d,d55c238c-f30f695825446743,0.24896265560165975,0.3125
d2f74dfc-c647b91937eabf95,eec856c0-6681d74ff3e3f063,0.24864864864864866,0.2911392405063291
cd835290-3f9ba9971df22437,18e2441c-e09a749e7650e525,0.24836601307189543,0.2753623188405797
8f31b279-9d766d429800c2da,24044589-6525c627e0c34883,0.2482758620689655,0.3050847457627119
6c4ac8d3-ce1d5991f80ca11f,ebce9e39-f30f695825446743,0.24770642201834864,0.3698630136986301
6c4ac8d3-ce1d5991f80ca11f,d55c238c-f30f695825446743,0.24770642201834864,0.3698630136986301
ea899386-c146e2b9378cb20e,6e637812-103dbaca58c72ba9,0.24761904761904763,0.3561643835616438
d1cd194e-51c7f119cb492311,25597bcb-5d4031295f424a57,0.24752475247524752,0.3333333333333333
a3e272af-da6a1661a8f461cc,bd7281dc-eb76f08e552cb1b1,0.24752475247524752,0.29411764705882354
829d2024-34110f49d01b5189,6e637812-103dbaca58c72ba9,0.24742268041237114,0.42105263157894735
9852706b-dc2846d870c40dd6,6e637812-103dbaca58c72ba9,0.24742268041237114,0.42105263157894735
5dbd0a07-3bfbd898c47b82dd,752ea9a5-4e1704b5a2a2e60e,0.24719101123595505,0.25190839694656486
bdc08e6f-443b55d42ad9cbef,752ea9a5-4e1704b5a2a2e60e,0.24719101123595505,0.25190839694656486
d2f74dfc-c647b91937eabf95,565f77b7-ba8553bf0459956f,0.24705882352941178,0.26582278481012656
120878da-8a60d23e91164ee1,752ea9a5-4e1704b5a2a2e60e,0.24701195219123506,0.26956521739130435
5fcbdd19-913dff7adec25385,752ea9a5-4e1704b5a2a2e60e,0.24691358024691357,0.2803738317757009
31f29772-6d2ce65449951922,3f4a5b64-8efa749b77f997ee,0.24680851063829787,0.30526315789473685
31f29772-6d2ce65449951922,0b27be88-8efa749b77f997ee,0.24680851063829787,0.30526315789473685
6c4ac8d3-ce1d5991f80ca11f,307ef2cb-f844c7d4470a9cd7,0.24671916010498687,0.6438356164383562
f7fc2e94-c1ac1a09a6ecfec9,aa266c38-a988d514286f7261,0.2465753424657534,0.36
1071f735-61e1aff4bf0c237d,643e22cc-f16a24081f57fd37,0.2465753424657534,0.28125
0017d438-960ae693e652c652,aa266c38-a988d514286f7261,0.24630541871921183,0.423728813559322
0922b7e7-07b38c3d5335955e,752ea9a5-4e1704b5a2a2e60e,0.24630541871921183,0.373134328358209
120878da-8a60d23e91164ee1,ebce9e39-f30f695825446743,0.24615384615384617,0.2782608695652174
120878da-8a60d23e91164ee1,d55c238c-f30f695825446743,0.24615384615384617,0.2782608695652174
565f77b7-ba8553bf0459956f,ac180326-356b91ddc720b9a9,0.24603174603174602,0.34065934065934067
5dbd0a07-3bfbd898c47b82dd,307ef2cb-f844c7d4470a9cd7,0.2460136674259681,0.4122137404580153
bdc08e6f-443b55d42ad9cbef,307ef2cb-f844c7d4470a9cd7,0.2460136674259681,0.4122137404580153
fbd26aa0-e12930f0257c0bc5,372a4f50-a77e969096e4de0c,0.24598930481283424,0.32857142857142857
21123500-e12930f0257c0bc5,372a4f50-a77e969096e4de0c,0.24598930481283424,0.32857142857142857
0017d438-960ae693e652c652,24b20554-a5b1e55952e1ee2b,0.2459016393442623,0.2542372881355932
c7239c97-c74c99add65aa484,643e22cc-f16a24081f57fd37,0.24545454545454545,0.27835051546391754
4fd752f7-c74c99add65aa484,643e22cc-f16a24081f57fd37,0.24545454545454545,0.27835051546391754
f7fc2e94-c1ac1a09a6ecfec9,fdcbdf85-bddbb9b358411936,0.24539877300613497,0.26666666666666666
f7fc2e94-c1ac1a09a6ecfec9,6e637812-103dbaca58c72ba9,0.24528301886792453,0.3466666666666667
b2590225-d2dd36b85a46fb10,b2ec0eff-27c52d42cf6ae9c0,0.24521072796934865,0.4050632911392405
d2f74dfc-c647b91937eabf95,b2ec0eff-27c52d42cf6ae9c0,0.24521072796934865,0.4050632911392405
372a4f50-a77e969096e4de0c,752ea9a5-4e1704b5a2a2e60e,0.2450592885375494,0.26495726495726496
25151980-cde67178d1ce0814,8a5fe3d9-c2dc87d910239371,0.24489795918367346,0.25
8f31b279-9d766d429800c2da,6e637812-103dbaca58c72ba9,0.24489795918367346,0.4067796610169492
c354b74f-5a94e5a2d97408b1,83935617-8cb055ca61a0e286,0.24475524475524477,0.39325842696629215
43b10dec-7a545eeabb0d7e28,2ff0355e-aeadc3b066e10ea6,0.24444444444444444,0.3188405797101449
18e2441c-e09a749e7650e525,6e637812-103dbaca58c72ba9,0.24434389140271492,0.32142857142857145
8a5fe3d9-c2dc87d910239371,c7239c97-c74c99add65aa484,0.2441860465116279,0.28
8a5fe3d9-c2dc87d910239371,4fd752f7-c74c99add65aa484,0.2441860465116279,0.28
8a5fe3d9-c2dc87d910239371,c354b74f-5a94e5a2d97408b1,0.24390243902439024,0.26666666666666666
25151980-cde67178d1ce0814,c34bb733-7ef4a114ed602603,0.2436548223350254,0.3333333333333333
4212c4b9-8b9abbe7169dae20,25597bcb-5d4031295f424a57,0.2436548223350254,0.34285714285714286
5fcbdd19-913dff7adec25385,643e22cc-f16a24081f57fd37,0.24347826086956523,0.2616822429906542
25151980-cde67178d1ce0814,bd7281dc-eb76f08e552cb1b1,0.24338624338624337,0.3194444444444444
086f0f90-caf7b89bcda85104,ebce9e39-f30f695825446743,0.24324324324324326,0.35064935064935066
856a8eda-47110854840863cd,fdcbdf85-bddbb9b358411936,0.24324324324324326,0.3
086f0f90-caf7b89bcda85104,d55c238c-f30f695825446743,0.24324324324324326,0.35064935064935066
a3e272af-da6a1661a8f461cc,6e637812-103dbaca58c72ba9,0.24324324324324326,0.3176470588235294
24b20554-a5b1e55952e1ee2b,a3e272af-da6a1661a8f461cc,0.24324324324324326,0.2857142857142857
086f0f90-caf7b89bcda85104,6e637812-103dbaca58c72ba9,0.24299065420560748,0.33766233766233766
c354b74f-5a94e5a2d97408b1,c34bb733-7ef4a114ed602603,0.24299065420560748,0.29213483146067415
f7fc2e94-c1ac1a09a6ecfec9,b728ba1d-3f8b530de1c46258,0.24277456647398843,0.28
f7fc2e94-c1ac1a09a6ecfec9,d04e5afb-69fc7bceb8fdf2d3,0.24277456647398843,0.28
f7fc2e94-c1ac1a09a6ecfec9,d04e5afb-bb51c95653192408,0.24277456647398843,0.28
f7fc2e94-c1ac1a09a6ecfec9,b728ba1d-fd8a15b0393da057,0.24277456647398843,0.28
fbd26aa0-e12930f0257c0bc5,752ea9a5-4e1704b5a2a2e60e,0.24271844660194175,0.35714285714285715
f7fc2e94-c1ac1a09a6ecfec9,5dbd0a07-3bfbd898c47b82dd,0.24271844660194175,0.3333333333333333
f7fc2e94-c1ac1a09a6ecfec9,bdc08e6f-443b55d42ad9cbef,0.24271844660194175,0.3333333333333333
21123500-e12930f0257c0bc5,752ea9a5-4e1704b5a2a2e60e,0.24271844660194175,0.35714285714285715
1c4d348d-5efc0e31e7b0848c,752ea9a5-4e1704b5a2a2e60e,0.24271844660194175,0.35714285714285715
e8006510-ee67e2b4f9438f06,83935617-8cb055ca61a0e286,0.24242424242424243,0.36
2ff0355e-aeadc3b066e10ea6,ebce9e39-f30f695825446743,0.2421875,0.27927927927927926
2ff0355e-aeadc3b066e10ea6,d55c238c-f30f695825446743,0.2421875,0.27927927927927926
0017d438-960ae693e652c652,b728ba1d-3f8b530de1c46258,0.24203821656050956,0.3220338983050847
0017d438-960ae693e652c652,d04e5afb-69fc7bceb8fdf2d3,0.24203821656050956,0.3220338983050847
0017d438-960ae693e652c652,d04e5afb-bb51c95653192408,0.24203821656050956,0.3220338983050847
0017d438-960ae693e652c652,b728ba1d-fd8a15b0393da057,0.24203821656050956,0.3220338983050847
372a4f50-a77e969096e4de0c,83935617-8cb055ca61a0e286,0.24203821656050956,0.3247863247863248
565f77b7-ba8553bf0459956f,b2ec0eff-27c52d42cf6ae9c0,0.24175824175824176,0.3626373626373626
d2f74dfc-c647b91937eabf95,ac180326-356b91ddc720b9a9,0.24166666666666667,0.3670886075949367
aa8091b0-1eb4a9b6127c3413,ac180326-356b91ddc720b9a9,0.24150943396226415,0.3076923076923077
9756f13a-ba89bee7fec4f211,b2ec0eff-27c52d42cf6ae9c0,0.24113475177304963,0.34
d2f74dfc-c647b91937eabf95,ebce9e39-f30f695825446743,0.24107142857142858,0.34177215189873417
d2f74dfc-c647b91937eabf95,d55c238c-f30f695825446743,0.24107142857142858,0.34177215189873417
bd7281dc-eb76f08e552cb1b1,b2ec0eff-27c52d42cf6ae9c0,0.2408026755852843,0.3076923076923077
8a20e743-b9a360f36685b924,fdcbdf85-bddbb9b358411936,0.24050632911392406,0.2714285714285714
c7239c97-c74c99add65aa484,752ea9a5-4e1704b5a2a2e60e,0.24034334763948498,0.28865979381443296
4fd752f7-c74c99add65aa484,752ea9a5-4e1704b5a2a2e60e,0.24034334763948498,0.28865979381443296
24044589-6525c627e0c34883,83935617-8cb055ca61a0e286,0.24028268551236748,0.3953488372093023
f7fc2e94-c1ac1a09a6ecfec9,9756f13a-ba89bee7fec4f211,0.24,0.28
3b5cec19-e9e3b340a83c14f3,24044589-6525c627e0c34883,0.24,0.28125
4a570de6-16cc55249fee2574,24044589-6525c627e0c34883,0.24,0.28125
6c4ac8d3-ce1d5991f80ca11f,25597bcb-5d4031295f424a57,0.24,0.3287671232876712
086f0f90-caf7b89bcda85104,3f4a5b64-8efa749b77f997ee,0.23963133640552994,0.33766233766233766
086f0f90-caf7b89bcda85104,0b27be88-8efa749b77f997ee,0.23963133640552994,0.33766233766233766
6e637812-103dbaca58c72ba9,83935617-8cb055ca61a0e286,0.23952095808383234,0.291970802919708
cd835290-3f9ba9971df22437,3f4a5b64-8efa749b77f997ee,0.23923444976076555,0.36231884057971014
cd835290-3f9ba9971df22437,0b27be88-8efa749b77f997ee,0.23923444976076555,0.36231884057971014
b2590225-d2dd36b85a46fb10,83935617-8cb055ca61a0e286,0.2391304347826087,0.4177215189873418
ac180326-356b91ddc720b9a9,307ef2cb-f844c7d4470a9cd7,0.23880597014925373,0.34782608695652173
24044589-6525c627e0c34883,b2ec0eff-27c52d42cf6ae9c0,0.23880597014925373,0.37209302325581395
18e2441c-e09a749e7650e525,bd7281dc-eb76f08e552cb1b1,0.23880597014925373,0.2857142857142857
3b5cec19-e9e3b340a83c14f3,6e637812-103dbaca58c72ba9,0.23880597014925373,0.375
fdcbdf85-bddbb9b358411936,83935617-8cb055ca61a0e286,0.23859649122807017,0.38636363636363635
86232d21-ce3c1b1217526a2c,792863db-47ed36bd66713ca0,0.23853211009174313,0.26
fbd26aa0-e12930f0257c0bc5,3f4a5b64-8efa749b77f997ee,0.23809523809523808,0.35714285714285715
21123500-e12930f0257c0bc5,3f4a5b64-8efa749b77f997ee,0.23809523809523808,0.35714285714285715
fbd26aa0-e12930f0257c0bc5,0b27be88-8efa749b77f997ee,0.23809523809523808,0.35714285714285715
6c4ac8d3-ce1d5991f80ca11f,6e637812-103dbaca58c72ba9,0.23809523809523808,0.3424657534246575
21123500-e12930f0257c0bc5,0b27be88-8efa749b77f997ee,0.23809523809523808,0.35714285714285715
aa8091b0-1eb4a9b6127c3413,643e22cc-f16a24081f57fd37,0.23788546255506607,0.25961538461538464
aa8091b0-1eb4a9b6127c3413,3f4a5b64-8efa749b77f997ee,0.23770491803278687,0.27884615384615385
aa8091b0-1eb4a9b6127c3413,0b27be88-8efa749b77f997ee,0.23770491803278687,0.27884615384615385
1071f735-61e1aff4bf0c237d,307ef2cb-f844c7d4470a9cd7,0.2376237623762376,0.5
25151980-cde67178d1ce0814,fdcbdf85-bddbb9b358411936,0.2375,0.2638888888888889
24b20554-a5b1e55952e1ee2b,c7239c97-c74c99add65aa484,0.2375,0.30158730158730157
24b20554-a5b1e55952e1ee2b,4fd752f7-c74c99add65aa484,0.2375,0.30158730158730157
b2590225-d2dd36b85a46fb10,3f4a5b64-8efa749b77f997ee,0.2374429223744292,0.3291139240506329
b2590225-d2dd36b85a46fb10,0b27be88-8efa749b77f997ee,0.2374429223744292,0.3291139240506329
eec856c0-6681d74ff3e3f063,307ef2cb-f844c7d4470a9cd7,0.23671497584541062,0.46226415094339623
cd835290-3f9ba9971df22437,bd7281dc-eb76f08e552cb1b1,0.23655913978494625,0.3188405797101449
24b20554-a5b1e55952e1ee2b,3f4a5b64-8efa749b77f997ee,0.23645320197044334,0.38095238095238093
24b20554-a5b1e55952e1ee2b,0b27be88-8efa749b77f997ee,0.23645320197044334,0.38095238095238093
b5fbe7a2-6d2c84f49bfccf11,792863db-47ed36bd66713ca0,0.23595505617977527,0.35
120878da-8a60d23e91164ee1,b2ec0eff-27c52d42cf6ae9c0,0.2356902356902357,0.30434782608695654
b728ba1d-3f8b530de1c46258,3f4a5b64-8efa749b77f997ee,0.23529411764705882,0.2857142857142857
d04e5afb-69fc7bceb8fdf2d3,3f4a5b64-8efa749b77f997ee,0.23529411764705882,0.2857142857142857
d04e5afb-bb51c95653192408,3f4a5b64-8efa749b77f997ee,0.23529411764705882,0.2857142857142857
b728ba1d-fd8a15b0393da057,3f4a5b64-8efa749b77f997ee,0.23529411764705882,0.2857142857142857
8a20e743-b9a360f36685b924,9756f13a-ba89bee7fec4f211,0.23529411764705882,0.2857142857142857
b728ba1d-3f8b530de1c46258,0b27be88-8efa749b77f997ee,0.23529411764705882,0.2857142857142857
d04e5afb-69fc7bceb8fdf2d3,0b27be88-8efa749b77f997ee,0.23529411764705882,0.2857142857142857
d04e5afb-bb51c95653192408,0b27be88-8efa749b77f997ee,0.23529411764705882,0.2857142857142857
b728ba1d-fd8a15b0393da057,0b27be88-8efa749b77f997ee,0.23529411764705882,0.2857142857142857
5fcbdd19-913dff7adec25385,3f4a5b64-8efa749b77f997ee,0.23481781376518218,0.27102803738317754
5fcbdd19-913dff7adec25385,0b27be88-8efa749b77f997ee,0.23481781376518218,0.27102803738317754
b5fbe7a2-6d2c84f49bfccf11,752ea9a5-4e1704b5a2a2e60e,0.23469387755102042,0.38333333333333336
cd835290-3f9ba9971df22437,25597bcb-5d4031295f424a57,0.23469387755102042,0.3333333333333333
8a20e743-b9a360f36685b924,792863db-47ed36bd66713ca0,0.23404255319148937,0.3142857142857143
e8006510-ee67e2b4f9438f06,b2ec0eff-27c52d42cf6ae9c0,0.23404255319148937,0.33
8a5fe3d9-c2dc87d910239371,dbffab11-fdab463886beb879,0.23376623376623376,0.24
120878da-8a60d23e91164ee1,c34bb733-7ef4a114ed602603,0.23333333333333334,0.24347826086956523
25151980-cde67178d1ce0814,565f77b7-ba8553bf0459956f,0.2331288343558282,0.2638888888888889
43b10dec-7a545eeabb0d7e28,e435b1ac-725ccefba23c4954,0.2328767123287671,0.2463768115942029
8a20e743-b9a360f36685b924,ebce9e39-f30f695825446743,0.23255813953488372,0.35714285714285715
8a20e743-b9a360f36685b924,d55c238c-f30f695825446743,0.23255813953488372,0.35714285714285715
b2590225-d2dd36b85a46fb10,752ea9a5-4e1704b5a2a2e60e,0.23255813953488372,0.31645569620253167
24b20554-a5b1e55952e1ee2b,ac180326-356b91ddc720b9a9,0.23214285714285715,0.4126984126984127
6e637812-103dbaca58c72ba9,b2ec0eff-27c52d42cf6ae9c0,0.23197492163009403,0.27007299270072993
8a20e743-b9a360f36685b924,6e637812-103dbaca58c72ba9,0.2318840579710145,0.34285714285714286
dbffab11-fdab463886beb879,6e637812-103dbaca58c72ba9,0.23148148148148148,0.31645569620253167
565f77b7-ba8553bf0459956f,c34bb733-7ef4a114ed602603,0.23148148148148148,0.27472527472527475
6e637812-103dbaca58c72ba9,3f4a5b64-8efa749b77f997ee,0.23104693140794225,0.23357664233576642
6e637812-103dbaca58c72ba9,0b27be88-8efa749b77f997ee,0.23104693140794225,0.23357664233576642
1c4d348d-5efc0e31e7b0848c,24044589-6525c627e0c34883,0.23076923076923078,0.2571428571428571
25151980-cde67178d1ce0814,752ea9a5-4e1704b5a2a2e60e,0.23076923076923078,0.3333333333333333
18e2441c-e09a749e7650e525,5fcbdd19-913dff7adec25385,0.23036649214659685,0.2619047619047619
43b10dec-7a545eeabb0d7e28,5dbd0a07-3bfbd898c47b82dd,0.23,0.3333333333333333
43b10dec-7a545eeabb0d7e28,bdc08e6f-443b55d42ad9cbef,0.23,0.3333333333333333
c34bb733-7ef4a114ed602603,752ea9a5-4e1704b5a2a2e60e,0.22988505747126436,0.24
bd7281dc-eb76f08e552cb1b1,792863db-47ed36bd66713ca0,0.2297872340425532,0.23076923076923078
bd7281dc-eb76f08e552cb1b1,752ea9a5-4e1704b5a2a2e60e,0.22924901185770752,0.24786324786324787
24044589-6525c627e0c34883,120878da-8a60d23e91164ee1,0.22885572139303484,0.26744186046511625
d2f74dfc-c647b91937eabf95,1071f735-61e1aff4bf0c237d,0.22857142857142856,0.25316455696202533
856a8eda-47110854840863cd,120878da-8a60d23e91164ee1,0.22857142857142856,0.3333333333333333
18e2441c-e09a749e7650e525,e8006510-ee67e2b4f9438f06,0.22826086956521738,0.25
8a5fe3d9-c2dc87d910239371,792863db-47ed36bd66713ca0,0.22797927461139897,0.29333333333333333
9852706b-dc2846d870c40dd6,ebce9e39-f30f695825446743,0.22772277227722773,0.40350877192982454
9852706b-dc2846d870c40dd6,d55c238c-f30f695825446743,0.22772277227722773,0.40350877192982454
856a8eda-47110854840863cd,5fcbdd19-913dff7adec25385,0.2275449101796407,0.31666666666666665
43b10dec-7a545eeabb0d7e28,b728ba1d-3f8b530de1c46258,0.2275449101796407,0.2753623188405797
43b10dec-7a545eeabb0d7e28,d04e5afb-69fc7bceb8fdf2d3,0.2275449101796407,0.2753623188405797
43b10dec-7a545eeabb0d7e28,d04e5afb-bb51c95653192408,0.2275449101796407,0.2753623188405797
43b10dec-7a545eeabb0d7e28,b728ba1d-fd8a15b0393da057,0.2275449101796407,0.2753623188405797
4212c4b9-8b9abbe7169dae20,307ef2cb-f844c7d4470a9cd7,0.2275132275132275,0.6142857142857143
120878da-8a60d23e91164ee1,307ef2cb-f844c7d4470a9cd7,0.22695035460992907,0.41739130434782606
6c4ac8d3-ce1d5991f80ca11f,24044589-6525c627e0c34883,0.22641509433962265,0.2465753424657534
d1cd194e-51c7f119cb492311,18e2441c-e09a749e7650e525,0.22641509433962265,0.24
e435b1ac-725ccefba23c4954,83935617-8cb055ca61a0e286,0.22627737226277372,0.4025974025974026
b5fbe7a2-6d2c84f49bfccf11,bd7281dc-eb76f08e552cb1b1,0.22598870056497175,0.3333333333333333
856a8eda-47110854840863cd,83935617-8cb055ca61a0e286,0.22568093385214008,0.48333333333333334
565f77b7-ba8553bf0459956f,307ef2cb-f844c7d4470a9cd7,0.22556390977443608,0.4945054945054945
4a570de6-16cc55249fee2574,3f4a5b64-8efa749b77f997ee,0.22549019607843138,0.359375
4a570de6-16cc55249fee2574,0b27be88-8efa749b77f997ee,0.22549019607843138,0.359375
0922b7e7-07b38c3d5335955e,f7fc2e94-c1ac1a09a6ecfec9,0.22535211267605634,0.23880597014925373
43b10dec-7a545eeabb0d7e28,aa266c38-a988d514286f7261,0.22535211267605634,0.34782608695652173
8a20e743-b9a360f36685b924,ac180326-356b91ddc720b9a9,0.22510822510822512,0.37142857142857144
dbffab11-fdab463886beb879,83935617-8cb055ca61a0e286,0.2246376811594203,0.3924050632911392
43b10dec-7a545eeabb0d7e28,792863db-47ed36bd66713ca0,0.22459893048128343,0.30434782608695654
b2590225-d2dd36b85a46fb10,372a4f50-a77e969096e4de0c,0.22448979591836735,0.27848101265822783
fdcbdf85-bddbb9b358411936,bd7281dc-eb76f08e552cb1b1,0.22439024390243903,0.26136363636363635
1071f735-61e1aff4bf0c237d,752ea9a5-4e1704b5a2a2e60e,0.22413793103448276,0.2708333333333333
b1e9f1f6-d12c33b532fda3dc,83935617-8cb055ca61a0e286,0.22364217252396165,0.3017241379310345
1c4d348d-5efc0e31e7b0848c,565f77b7-ba8553bf0459956f,0.2236024844720497,0.2571428571428571
b2590225-d2dd36b85a46fb10,9756f13a-ba89bee7fec4f211,0.22346368715083798,0.25316455696202533
1c4d348d-5efc0e31e7b0848c,792863db-47ed36bd66713ca0,0.22340425531914893,0.3
2ff0355e-aeadc3b066e10ea6,3f4a5b64-8efa749b77f997ee,0.22310756972111553,0.25225225225225223
cd835290-3f9ba9971df22437,b2ec0eff-27c52d42cf6ae9c0,0.22310756972111553,0.4057971014492754
2ff0355e-aeadc3b066e10ea6,0b27be88-8efa749b77f997ee,0.22310756972111553,0.25225225225225223
b5fbe7a2-6d2c84f49bfccf11,8a5fe3d9-c2dc87d910239371,0.2222222222222222,0.25
c7239c97-c74c99add65aa484,b2ec0eff-27c52d42cf6ae9c0,0.2222222222222222,0.31958762886597936
4fd752f7-c74c99add65aa484,b2ec0eff-27c52d42cf6ae9c0,0.2222222222222222,0.31958762886597936
565f77b7-ba8553bf0459956f,83935617-8cb055ca61a0e286,0.2222222222222222,0.3516483516483517
4212c4b9-8b9abbe7169dae20,6e637812-103dbaca58c72ba9,0.2222222222222222,0.32857142857142857
24044589-6525c627e0c34883,3f4a5b64-8efa749b77f997ee,0.22123893805309736,0.29069767441860467
24044589-6525c627e0c34883,0b27be88-8efa749b77f997ee,0.22123893805309736,0.29069767441860467
e435b1ac-725ccefba23c4954,3f4a5b64-8efa749b77f997ee,0.22119815668202766,0.3116883116883117
e435b1ac-725ccefba23c4954,0b27be88-8efa749b77f997ee,0.22119815668202766,0.3116883116883117
18e2441c-e09a749e7650e525,c7239c97-c74c99add65aa484,0.22099447513812154,0.23809523809523808
18e2441c-e09a749e7650e525,4fd752f7-c74c99add65aa484,0.22099447513812154,0.23809523809523808
8a5fe3d9-c2dc87d910239371,fdcbdf85-bddbb9b358411936,0.22085889570552147,0.24
1c4d348d-5efc0e31e7b0848c,18e2441c-e09a749e7650e525,0.22077922077922077,0.24285714285714285
9852706b-dc2846d870c40dd6,d2f74dfc-c647b91937eabf95,0.22058823529411764,0.2631578947368421
24044589-6525c627e0c34883,643e22cc-f16a24081f57fd37,0.22009569377990432,0.26744186046511625
4d279121-0ff077c1f36379a7,6e637812-103dbaca58c72ba9,0.22009569377990432,0.3194444444444444
18e2441c-e09a749e7650e525,b1e9f1f6-d12c33b532fda3dc,0.22,0.2619047619047619
43b10dec-7a545eeabb0d7e28,aa8091b0-1eb4a9b6127c3413,0.21965317919075145,0.2753623188405797
b2590225-d2dd36b85a46fb10,a3e272af-da6a1661a8f461cc,0.21951219512195122,0.22784810126582278
1c4d348d-5efc0e31e7b0848c,a3e272af-da6a1661a8f461cc,0.21935483870967742,0.24285714285714285
856a8eda-47110854840863cd,e435b1ac-725ccefba23c4954,0.21897810218978103,0.25
1c4d348d-5efc0e31e7b0848c,5dbd0a07-3bfbd898c47b82dd,0.21890547263681592,0.3142857142857143
1c4d348d-5efc0e31e7b0848c,bdc08e6f-443b55d42ad9cbef,0.21890547263681592,0.3142857142857143
bf0df1d5-22e0cc7e97c006fd,307ef2cb-f844c7d4470a9cd7,0.21866666666666668,0.6119402985074627
2ff0355e-aeadc3b066e10ea6,752ea9a5-4e1704b5a2a2e60e,0.21862348178137653,0.24324324324324326
0017d438-960ae693e652c652,ac180326-356b91ddc720b9a9,0.21818181818181817,0.4067796610169492
8a5fe3d9-c2dc87d910239371,ebce9e39-f30f695825446743,0.21818181818181817,0.32
8a5fe3d9-c2dc87d910239371,d55c238c-f30f695825446743,0.21818181818181817,0.32
43b10dec-7a545eeabb0d7e28,1071f735-61e1aff4bf0c237d,0.21818181818181817,0.2608695652173913
e435b1ac-725ccefba23c4954,307ef2cb-f844c7d4470a9cd7,0.21818181818181817,0.5454545454545454
f7fc2e94-c1ac1a09a6ecfec9,752ea9a5-4e1704b5a2a2e60e,0.21800947867298578,0.30666666666666664
d1cd194e-51c7f119cb492311,752ea9a5-4e1704b5a2a2e60e,0.21800947867298578,0.30666666666666664
8f31b279-9d766d429800c2da,307ef2cb-f844c7d4470a9cd7,0.21798365122615804,0.6779661016949152
372a4f50-a77e969096e4de0c,3f4a5b64-8efa749b77f997ee,0.2178988326848249,0.23931623931623933
372a4f50-a77e969096e4de0c,0b27be88-8efa749b77f997ee,0.2178988326848249,0.23931623931623933
1c4d348d-5efc0e31e7b0848c,643e22cc-f16a24081f57fd37,0.21761658031088082,0.3
cd835290-3f9ba9971df22437,307ef2cb-f844c7d4470a9cd7,0.21750663129973474,0.5942028985507246
24b20554-a5b1e55952e1ee2b,f7fc2e94-c1ac1a09a6ecfec9,0.21739130434782608,0.23809523809523808
0017d438-960ae693e652c652,d2f74dfc-c647b91937eabf95,0.21739130434782608,0.2542372881355932
43b10dec-7a545eeabb0d7e28,eec856c0-6681d74ff3e3f063,0.21714285714285714,0.2753623188405797
24044589-6525c627e0c34883,bd7281dc-eb76f08e552cb1b1,0.21674876847290642,0.2558139534883721
856a8eda-47110854840863cd,c7239c97-c74c99add65aa484,0.21656050955414013,0.2833333333333333
856a8eda-47110854840863cd,4fd752f7-c74c99add65aa484,0.21656050955414013,0.2833333333333333
bf0df1d5-22e0cc7e97c006fd,25597bcb-5d4031295f424a57,0.21649484536082475,0.31343283582089554
086f0f90-caf7b89bcda85104,b2ec0eff-27c52d42cf6ae9c0,0.21621621621621623,0.36363636363636365
ea899386-c146e2b9378cb20e,3f4a5b64-8efa749b77f997ee,0.215962441314554,0.3150684931506849
ea899386-c146e2b9378cb20e,0b27be88-8efa749b77f997ee,0.215962441314554,0.3150684931506849
e8006510-ee67e2b4f9438f06,307ef2cb-f844c7d4470a9cd7,0.21568627450980393,0.44
1c4d348d-5efc0e31e7b0848c,d2f74dfc-c647b91937eabf95,0.21476510067114093,0.22857142857142856
24044589-6525c627e0c34883,565f77b7-ba8553bf0459956f,0.21468926553672316,0.22093023255813954
dbffab11-fdab463886beb879,ebce9e39-f30f695825446743,0.21428571428571427,0.3037974683544304
dbffab11-fdab463886beb879,d55c238c-f30f695825446743,0.21428571428571427,0.3037974683544304
792863db-47ed36bd66713ca0,c34bb733-7ef4a114ed602603,0.2139917695473251,0.22033898305084745
d1cd194e-51c7f119cb492311,3f4a5b64-8efa749b77f997ee,0.21395348837209302,0.30666666666666664
d1cd194e-51c7f119cb492311,0b27be88-8efa749b77f997ee,0.21395348837209302,0.30666666666666664
8a20e743-b9a360f36685b924,bd7281dc-eb76f08e552cb1b1,0.21390374331550802,0.2857142857142857
fbd26aa0-e12930f0257c0bc5,c354b74f-5a94e5a2d97408b1,0.2138364779874214,0.24285714285714285
21123500-e12930f0257c0bc5,c354b74f-5a94e5a2d97408b1,0.2138364779874214,0.24285714285714285
829d2024-34110f49d01b5189,307ef2cb-f844c7d4470a9cd7,0.2136986301369863,0.6842105263157895
9852706b-dc2846d870c40dd6,307ef2cb-f844c7d4470a9cd7,0.2136986301369863,0.6842105263157895
9852706b-dc2846d870c40dd6,3f4a5b64-8efa749b77f997ee,0.2131979695431472,0.3684210526315789
fbd26aa0-e12930f0257c0bc5,25597bcb-5d4031295f424a57,0.2131979695431472,0.3
9852706b-dc2846d870c40dd6,0b27be88-8efa749b77f997ee,0.2131979695431472,0.3684210526315789
21123500-e12930f0257c0bc5,25597bcb-5d4031295f424a57,0.2131979695431472,0.3
43b10dec-7a545eeabb0d7e28,86232d21-ce3c1b1217526a2c,0.21301775147928995,0.2608695652173913
18e2441c-e09a749e7650e525,a3e272af-da6a1661a8f461cc,0.21301775147928995,0.21428571428571427
856a8eda-47110854840863cd,9756f13a-ba89bee7fec4f211,0.2125,0.2833333333333333
856a8eda-47110854840863cd,e8006510-ee67e2b4f9438f06,0.2125,0.2833333333333333
b1e9f1f6-d12c33b532fda3dc,307ef2cb-f844c7d4470a9cd7,0.21226415094339623,0.3879310344827586
8a5fe3d9-c2dc87d910239371,ac180326-356b91ddc720b9a9,0.211864406779661,0.3333333333333333
565f77b7-ba8553bf0459956f,ebce9e39-f30f695825446743,0.211864406779661,0.27472527472527475
565f77b7-ba8553bf0459956f,d55c238c-f30f695825446743,0.211864406779661,0.27472527472527475
b2590225-d2dd36b85a46fb10,565f77b7-ba8553bf0459956f,0.21176470588235294,0.22784810126582278
086f0f90-caf7b89bcda85104,83935617-8cb055ca61a0e286,0.2116788321167883,0.37662337662337664
120878da-8a60d23e91164ee1,83935617-8cb055ca61a0e286,0.21153846153846154,0.28695652173913044
f7fc2e94-c1ac1a09a6ecfec9,24044589-6525c627e0c34883,0.2111801242236025,0.22666666666666666
8a5fe3d9-c2dc87d910239371,24044589-6525c627e0c34883,0.2111801242236025,0.22666666666666666
c34bb733-7ef4a114ed602603,83935617-8cb055ca61a0e286,0.2111801242236025,0.272
4d279121-0ff077c1f36379a7,307ef2cb-f844c7d4470a9cd7,0.21052631578947367,0.5555555555555556
24b20554-a5b1e55952e1ee2b,6e637812-103dbaca58c72ba9,0.21,0.3333333333333333
25597bcb-5d4031295f424a57,83935617-8cb055ca61a0e286,0.20987654320987653,0.2677165354330709
565f77b7-ba8553bf0459956f,86232d21-ce3c1b1217526a2c,0.2094240837696335,0.21978021978021978
25597bcb-5d4031295f424a57,5dbd0a07-3bfbd898c47b82dd,0.20930232558139536,0.2125984251968504
25597bcb-5d4031295f424a57,bdc08e6f-443b55d42ad9cbef,0.20930232558139536,0.2125984251968504
5dbd0a07-3bfbd898c47b82dd,6e637812-103dbaca58c72ba9,0.208955223880597,0.21374045801526717
bdc08e6f-443b55d42ad9cbef,6e637812-103dbaca58c72ba9,0.208955223880597,0.21374045801526717
24b20554-a5b1e55952e1ee2b,86232d21-ce3c1b1217526a2c,0.2085889570552147,0.2698412698412698
18e2441c-e09a749e7650e525,25597bcb-5d4031295f424a57,0.20853080568720378,0.2619047619047619
31f29772-6d2ce65449951922,307ef2cb-f844c7d4470a9cd7,0.20843672456575682,0.4421052631578947
aa8091b0-1eb4a9b6127c3413,752ea9a5-4e1704b5a2a2e60e,0.20833333333333334,0.2403846153846154
829d2024-34110f49d01b5189,ebce9e39-f30f695825446743,0.2079207920792079,0.3684210526315789
829d2024-34110f49d01b5189,d55c238c-f30f695825446743,0.2079207920792079,0.3684210526315789
1c4d348d-5efc0e31e7b0848c,ac180326-356b91ddc720b9a9,0.2077922077922078,0.34285714285714286
d1cd194e-51c7f119cb492311,c354b74f-5a94e5a2d97408b1,0.2073170731707317,0.22666666666666666
5dbd0a07-3bfbd898c47b82dd,83935617-8cb055ca61a0e286,0.2073170731707317,0.2595419847328244
bdc08e6f-443b55d42ad9cbef,83935617-8cb055ca61a0e286,0.2073170731707317,0.2595419847328244
8a20e743-b9a360f36685b924,643e22cc-f16a24081f57fd37,0.20725388601036268,0.2857142857142857
24044589-6525c627e0c34883,752ea9a5-4e1704b5a2a2e60e,0.2072072072072072,0.26744186046511625
31f29772-6d2ce65449951922,25597bcb-5d4031295f424a57,0.2072072072072072,0.24210526315789474
752ea9a5-4e1704b5a2a2e60e,aa266c38-a988d514286f7261,0.20714285714285716,0.21323529411764705
829d2024-34110f49d01b5189,43b10dec-7a545eeabb0d7e28,0.20634920634920634,0.22807017543859648
8f31b279-9d766d429800c2da,ebce9e39-f30f695825446743,0.20588235294117646,0.3559322033898305
8a5fe3d9-c2dc87d910239371,83935617-8cb055ca61a0e286,0.20588235294117646,0.37333333333333335
d1cd194e-51c7f119cb492311,83935617-8cb055ca61a0e286,0.20588235294117646,0.37333333333333335
8f31b279-9d766d429800c2da,d55c238c-f30f695825446743,0.20588235294117646,0.3559322033898305
8a5fe3d9-c2dc87d910239371,e8006510-ee67e2b4f9438f06,0.2057142857142857,0.24
18e2441c-e09a749e7650e525,565f77b7-ba8553bf0459956f,0.2057142857142857,0.21428571428571427
c354b74f-5a94e5a2d97408b1,ebce9e39-f30f695825446743,0.20512820512820512,0.2696629213483146
1c4d348d-5efc0e31e7b0848c,c34bb733-7ef4a114ed602603,0.20512820512820512,0.2857142857142857
c354b74f-5a94e5a2d97408b1,d55c238c-f30f695825446743,0.20512820512820512,0.2696629213483146
43b10dec-7a545eeabb0d7e28,c7239c97-c74c99add65aa484,0.20481927710843373,0.2463768115942029
43b10dec-7a545eeabb0d7e28,4fd752f7-c74c99add65aa484,0.20481927710843373,0.2463768115942029
25151980-cde67178d1ce0814,b2ec0eff-27c52d42cf6ae9c0,0.2047244094488189,0.3611111111111111
1c4d348d-5efc0e31e7b0848c,ebce9e39-f30f695825446743,0.20465116279069767,0.3142857142857143
1c4d348d-5efc0e31e7b0848c,d55c238c-f30f695825446743,0.20465116279069767,0.3142857142857143
856a8eda-47110854840863cd,b1e9f1f6-d12c33b532fda3dc,0.20454545454545456,0.3
b2590225-d2dd36b85a46fb10,5fcbdd19-913dff7adec25385,0.20430107526881722,0.24050632911392406
643e22cc-f16a24081f57fd37,ac180326-356b91ddc720b9a9,0.20422535211267606,0.23577235772357724
25151980-cde67178d1ce0814,f7fc2e94-c1ac1a09a6ecfec9,0.20408163265306123,0.20833333333333334
dbffab11-fdab463886beb879,25597bcb-5d4031295f424a57,0.20388349514563106,0.26582278481012656
8f31b279-9d766d429800c2da,43b10dec-7a545eeabb0d7e28,0.203125,0.22033898305084745
4d279121-0ff077c1f36379a7,c34bb733-7ef4a114ed602603,0.20304568527918782,0.2777777777777778
fbd26aa0-e12930f0257c0bc5,792863db-47ed36bd66713ca0,0.20212765957446807,0.2714285714285714
21123500-e12930f0257c0bc5,792863db-47ed36bd66713ca0,0.20212765957446807,0.2714285714285714
856a8eda-47110854840863cd,43b10dec-7a545eeabb0d7e28,0.20155038759689922,0.21666666666666667
dbffab11-fdab463886beb879,3f4a5b64-8efa749b77f997ee,0.2009132420091324,0.27848101265822783
dbffab11-fdab463886beb879,0b27be88-8efa749b77f997ee,0.2009132420091324,0.27848101265822783
f7fc2e94-c1ac1a09a6ecfec9,a3e272af-da6a1661a8f461cc,0.2,0.21333333333333335
24b20554-a5b1e55952e1ee2b,5fcbdd19-913dff7adec25385,0.2,0.2698412698412698
565f77b7-ba8553bf0459956f,3f4a5b64-8efa749b77f997ee,0.19913419913419914,0.25274725274725274
24044589-6525c627e0c34883,ebce9e39-f30f695825446743,0.19913419913419914,0.26744186046511625
24044589-6525c627e0c34883,d55c238c-f30f695825446743,0.19913419913419914,0.26744186046511625
565f77b7-ba8553bf0459956f,0b27be88-8efa749b77f997ee,0.19913419913419914,0.25274725274725274
4a570de6-16cc55249fee2574,307ef2cb-f844c7d4470a9cd7,0.1989247311827957,0.578125
a3e272af-da6a1661a8f461cc,83935617-8cb055ca61a0e286,0.19858156028368795,0.32941176470588235
0922b7e7-07b38c3d5335955e,ebce9e39-f30f695825446743,0.19811320754716982,0.31343283582089554
0922b7e7-07b38c3d5335955e,d55c238c-f30f695825446743,0.19811320754716982,0.31343283582089554
8a5fe3d9-c2dc87d910239371,5fcbdd19-913dff7adec25385,0.1978021978021978,0.24
24044589-6525c627e0c34883,1071f735-61e1aff4bf0c237d,0.1978021978021978,0.20930232558139536
24044589-6525c627e0c34883,25597bcb-5d4031295f424a57,0.19718309859154928,0.2441860465116279
d1cd194e-51c7f119cb492311,792863db-47ed36bd66713ca0,0.19689119170984457,0.25333333333333335
b728ba1d-3f8b530de1c46258,752ea9a5-4e1704b5a2a2e60e,0.19658119658119658,0.23469387755102042
d04e5afb-69fc7bceb8fdf2d3,752ea9a5-4e1704b5a2a2e60e,0.19658119658119658,0.23469387755102042
d04e5afb-bb51c95653192408,752ea9a5-4e1704b5a2a2e60e,0.19658119658119658,0.23469387755102042
b728ba1d-fd8a15b0393da057,752ea9a5-4e1704b5a2a2e60e,0.19658119658119658,0.23469387755102042
24b20554-a5b1e55952e1ee2b,e8006510-ee67e2b4f9438f06,0.19631901840490798,0.25396825396825395
24b20554-a5b1e55952e1ee2b,5dbd0a07-3bfbd898c47b82dd,0.1958762886597938,0.30158730158730157
24b20554-a5b1e55952e1ee2b,bdc08e6f-443b55d42ad9cbef,0.1958762886597938,0.30158730158730157
829d2024-34110f49d01b5189,25597bcb-5d4031295f424a57,0.1956521739130435,0.3157894736842105
e8006510-ee67e2b4f9438f06,c34bb733-7ef4a114ed602603,0.19555555555555557,0.22
752ea9a5-4e1704b5a2a2e60e,ac180326-356b91ddc720b9a9,0.19528619528619529,0.21323529411764705
b2ec0eff-27c52d42cf6ae9c0,83935617-8cb055ca61a0e286,0.19525065963060687,0.2032967032967033
31f29772-6d2ce65449951922,b2ec0eff-27c52d42cf6ae9c0,0.19494584837545126,0.28421052631578947
b2590225-d2dd36b85a46fb10,b1e9f1f6-d12c33b532fda3dc,0.19487179487179487,0.24050632911392406
18e2441c-e09a749e7650e525,2ff0355e-aeadc3b066e10ea6,0.19487179487179487,0.2261904761904762
b1e9f1f6-d12c33b532fda3dc,b2ec0eff-27c52d42cf6ae9c0,0.19463087248322147,0.25
e8006510-ee67e2b4f9438f06,25597bcb-5d4031295f424a57,0.19383259911894274,0.22
25151980-cde67178d1ce0814,83935617-8cb055ca61a0e286,0.19330855018587362,0.3611111111111111
1c4d348d-5efc0e31e7b0848c,8a5fe3d9-c2dc87d910239371,0.19310344827586207,0.2
0922b7e7-07b38c3d5335955e,ac180326-356b91ddc720b9a9,0.19298245614035087,0.3283582089552239
372a4f50-a77e969096e4de0c,307ef2cb-f844c7d4470a9cd7,0.19294117647058823,0.3504273504273504
bd7281dc-eb76f08e552cb1b1,307ef2cb-f844c7d4470a9cd7,0.19294117647058823,0.3504273504273504
5fcbdd19-913dff7adec25385,307ef2cb-f844c7d4470a9cd7,0.1927710843373494,0.37383177570093457
b728ba1d-3f8b530de1c46258,307ef2cb-f844c7d4470a9cd7,0.1921182266009852,0.3979591836734694
d04e5afb-69fc7bceb8fdf2d3,307ef2cb-f844c7d4470a9cd7,0.1921182266009852,0.3979591836734694
d04e5afb-bb51c95653192408,307ef2cb-f844c7d4470a9cd7,0.1921182266009852,0.3979591836734694
b728ba1d-fd8a15b0393da057,307ef2cb-f844c7d4470a9cd7,0.1921182266009852,0.3979591836734694
643e22cc-f16a24081f57fd37,25597bcb-5d4031295f424a57,0.192,0.1951219512195122
0922b7e7-07b38c3d5335955e,5dbd0a07-3bfbd898c47b82dd,0.1919191919191919,0.2835820895522388
0922b7e7-07b38c3d5335955e,bdc08e6f-443b55d42ad9cbef,0.1919191919191919,0.2835820895522388
43b10dec-7a545eeabb0d7e28,086f0f90-caf7b89bcda85104,0.1917808219178082,0.2028985507246377
dbffab11-fdab463886beb879,307ef2cb-f844c7d4470a9cd7,0.19121447028423771,0.46835443037974683
fbd26aa0-e12930f0257c0bc5,b728ba1d-3f8b530de1c46258,0.19047619047619047,0.22857142857142856
fbd26aa0-e12930f0257c0bc5,d04e5afb-69fc7bceb8fdf2d3,0.19047619047619047,0.22857142857142856
fbd26aa0-e12930f0257c0bc5,d04e5afb-bb51c95653192408,0.19047619047619047,0.22857142857142856
fbd26aa0-e12930f0257c0bc5,b728ba1d-fd8a15b0393da057,0.19047619047619047,0.22857142857142856
21123500-e12930f0257c0bc5,b728ba1d-3f8b530de1c46258,0.19047619047619047,0.22857142857142856
1c4d348d-5efc0e31e7b0848c,b728ba1d-3f8b530de1c46258,0.19047619047619047,0.22857142857142856
21123500-e12930f0257c0bc5,d04e5afb-69fc7bceb8fdf2d3,0.19047619047619047,0.22857142857142856
1c4d348d-5efc0e31e7b0848c,d04e5afb-69fc7bceb8fdf2d3,0.19047619047619047,0.22857142857142856
21123500-e12930f0257c0bc5,d04e5afb-bb51c95653192408,0.19047619047619047,0.22857142857142856
1c4d348d-5efc0e31e7b0848c,d04e5afb-bb51c95653192408,0.19047619047619047,0.22857142857142856
21123500-e12930f0257c0bc5,b728ba1d-fd8a15b0393da057,0.19047619047619047,0.22857142857142856
1c4d348d-5efc0e31e7b0848c,b728ba1d-fd8a15b0393da057,0.19047619047619047,0.22857142857142856
aa266c38-a988d514286f7261,b2ec0eff-27c52d42cf6ae9c0,0.1901840490797546,0.2152777777777778
ac180326-356b91ddc720b9a9,83935617-8cb055ca61a0e286,0.18994413407821228,0.2111801242236025
c7239c97-c74c99add65aa484,c34bb733-7ef4a114ed602603,0.1891891891891892,0.21649484536082475
4fd752f7-c74c99add65aa484,c34bb733-7ef4a114ed602603,0.1891891891891892,0.21649484536082475
b5fbe7a2-6d2c84f49bfccf11,0922b7e7-07b38c3d5335955e,0.1889763779527559,0.2
120878da-8a60d23e91164ee1,3f4a5b64-8efa749b77f997ee,0.18823529411764706,0.20869565217391303
120878da-8a60d23e91164ee1,0b27be88-8efa749b77f997ee,0.18823529411764706,0.20869565217391303
d1cd194e-51c7f119cb492311,307ef2cb-f844c7d4470a9cd7,0.18798955613577023,0.48
b1e9f1f6-d12c33b532fda3dc,3f4a5b64-8efa749b77f997ee,0.1875,0.20689655172413793
b1e9f1f6-d12c33b532fda3dc,0b27be88-8efa749b77f997ee,0.1875,0.20689655172413793
0922b7e7-07b38c3d5335955e,25151980-cde67178d1ce0814,0.18705035971223022,0.19402985074626866
0017d438-960ae693e652c652,643e22cc-f16a24081f57fd37,0.18681318681318682,0.288135593220339
f7fc2e94-c1ac1a09a6ecfec9,ac180326-356b91ddc720b9a9,0.1864406779661017,0.29333333333333333
f7fc2e94-c1ac1a09a6ecfec9,3f4a5b64-8efa749b77f997ee,0.18604651162790697,0.26666666666666666
f7fc2e94-c1ac1a09a6ecfec9,0b27be88-8efa749b77f997ee,0.18604651162790697,0.26666666666666666
b5fbe7a2-6d2c84f49bfccf11,43b10dec-7a545eeabb0d7e28,0.18604651162790697,0.2
c7239c97-c74c99add65aa484,3f4a5b64-8efa749b77f997ee,0.18565400843881857,0.2268041237113402
4fd752f7-c74c99add65aa484,3f4a5b64-8efa749b77f997ee,0.18565400843881857,0.2268041237113402
c7239c97-c74c99add65aa484,0b27be88-8efa749b77f997ee,0.18565400843881857,0.2268041237113402
4fd752f7-c74c99add65aa484,0b27be88-8efa749b77f997ee,0.18565400843881857,0.2268041237113402
643e22cc-f16a24081f57fd37,752ea9a5-4e1704b5a2a2e60e,0.18532818532818532,0.1951219512195122
c354b74f-5a94e5a2d97408b1,25597bcb-5d4031295f424a57,0.18518518518518517,0.2247191011235955
18e2441c-e09a749e7650e525,9756f13a-ba89bee7fec4f211,0.18478260869565216,0.20238095238095238
d2f74dfc-c647b91937eabf95,25597bcb-5d4031295f424a57,0.18446601941747573,0.24050632911392406
43b10dec-7a545eeabb0d7e28,25151980-cde67178d1ce0814,0.18439716312056736,0.18840579710144928
792863db-47ed36bd66713ca0,307ef2cb-f844c7d4470a9cd7,0.18309859154929578,0.3305084745762712
8f31b279-9d766d429800c2da,25597bcb-5d4031295f424a57,0.1827956989247312,0.288135593220339
c7239c97-c74c99add65aa484,307ef2cb-f844c7d4470a9cd7,0.18271604938271604,0.38144329896907214
4fd752f7-c74c99add65aa484,307ef2cb-f844c7d4470a9cd7,0.18271604938271604,0.38144329896907214
c34bb733-7ef4a114ed602603,b2ec0eff-27c52d42cf6ae9c0,0.18241042345276873,0.224
fbd26aa0-e12930f0257c0bc5,ac180326-356b91ddc720b9a9,0.18181818181818182,0.3
21123500-e12930f0257c0bc5,ac180326-356b91ddc720b9a9,0.18181818181818182,0.3
ebce9e39-f30f695825446743,307ef2cb-f844c7d4470a9cd7,0.18101545253863136,0.2827586206896552
d55c238c-f30f695825446743,307ef2cb-f844c7d4470a9cd7,0.18101545253863136,0.2827586206896552
856a8eda-47110854840863cd,bd7281dc-eb76f08e552cb1b1,0.1807909604519774,0.26666666666666666
8a5fe3d9-c2dc87d910239371,565f77b7-ba8553bf0459956f,0.18072289156626506,0.2
372a4f50-a77e969096e4de0c,b2ec0eff-27c52d42cf6ae9c0,0.1806020066889632,0.23076923076923078
eec856c0-6681d74ff3e3f063,b2ec0eff-27c52d42cf6ae9c0,0.18055555555555555,0.24528301886792453
18e2441c-e09a749e7650e525,b2ec0eff-27c52d42cf6ae9c0,0.18045112781954886,0.2857142857142857
4a570de6-16cc55249fee2574,43b10dec-7a545eeabb0d7e28,0.18045112781954886,0.1875
372a4f50-a77e969096e4de0c,25597bcb-5d4031295f424a57,0.18032786885245902,0.18803418803418803
0017d438-960ae693e652c652,307ef2cb-f844c7d4470a9cd7,0.17983651226158037,0.559322033898305
8a20e743-b9a360f36685b924,83935617-8cb055ca61a0e286,0.1797752808988764,0.34285714285714286
d1cd194e-51c7f119cb492311,6e637812-103dbaca58c72ba9,0.1792452830188679,0.25333333333333335
643e22cc-f16a24081f57fd37,ebce9e39-f30f695825446743,0.1791044776119403,0.1951219512195122
643e22cc-f16a24081f57fd37,d55c238c-f30f695825446743,0.1791044776119403,0.1951219512195122
5dbd0a07-3bfbd898c47b82dd,b2ec0eff-27c52d42cf6ae9c0,0.17891373801916932,0.21374045801526717
bdc08e6f-443b55d42ad9cbef,b2ec0eff-27c52d42cf6ae9c0,0.17891373801916932,0.21374045801526717
4d279121-0ff077c1f36379a7,83935617-8cb055ca61a0e286,0.17843866171003717,0.3333333333333333
eec856c0-6681d74ff3e3f063,83935617-8cb055ca61a0e286,0.1782178217821782,0.25471698113207547
86232d21-ce3c1b1217526a2c,752ea9a5-4e1704b5a2a2e60e,0.17796610169491525,0.21
792863db-47ed36bd66713ca0,83935617-8cb055ca61a0e286,0.17777777777777778,0.23728813559322035
fdcbdf85-bddbb9b358411936,b2ec0eff-27c52d42cf6ae9c0,0.17777777777777778,0.2727272727272727
c354b74f-5a94e5a2d97408b1,752ea9a5-4e1704b5a2a2e60e,0.17777777777777778,0.2247191011235955
5fcbdd19-913dff7adec25385,83935617-8cb055ca61a0e286,0.17763157894736842,0.2523364485981308
1071f735-61e1aff4bf0c237d,83935617-8cb055ca61a0e286,0.17747440273037543,0.2708333333333333
8a5fe3d9-c2dc87d910239371,372a4f50-a77e969096e4de0c,0.17708333333333334,0.22666666666666666
fdcbdf85-bddbb9b358411936,25597bcb-5d4031295f424a57,0.17674418604651163,0.2159090909090909
25597bcb-5d4031295f424a57,ebce9e39-f30f695825446743,0.17647058823529413,0.1889763779527559
86232d21-ce3c1b1217526a2c,307ef2cb-f844c7d4470a9cd7,0.17647058823529413,0.36
0922b7e7-07b38c3d5335955e,6e637812-103dbaca58c72ba9,0.17647058823529413,0.26865671641791045
25597bcb-5d4031295f424a57,d55c238c-f30f695825446743,0.17647058823529413,0.1889763779527559
4a570de6-16cc55249fee2574,83935617-8cb055ca61a0e286,0.17624521072796934,0.359375
3f4a5b64-8efa749b77f997ee,aa266c38-a988d514286f7261,0.176056338028169,0.17857142857142858
0b27be88-8efa749b77f997ee,aa266c38-a988d514286f7261,0.176056338028169,0.17857142857142858
0922b7e7-07b38c3d5335955e,307ef2cb-f844c7d4470a9cd7,0.176,0.4925373134328358
829d2024-34110f49d01b5189,b2ec0eff-27c52d42cf6ae9c0,0.17573221757322174,0.3684210526315789
43b10dec-7a545eeabb0d7e28,b2ec0eff-27c52d42cf6ae9c0,0.1752988047808765,0.3188405797101449
ac180326-356b91ddc720b9a9,b2ec0eff-27c52d42cf6ae9c0,0.1749271137026239,0.18633540372670807
856a8eda-47110854840863cd,643e22cc-f16a24081f57fd37,0.17486338797814208,0.26666666666666666
fbd26aa0-e12930f0257c0bc5,b2ec0eff-27c52d42cf6ae9c0,0.1746031746031746,0.3142857142857143
21123500-e12930f0257c0bc5,b2ec0eff-27c52d42cf6ae9c0,0.1746031746031746,0.3142857142857143
8f31b279-9d766d429800c2da,b2ec0eff-27c52d42cf6ae9c0,0.17427385892116182,0.3559322033898305
752ea9a5-4e1704b5a2a2e60e,83935617-8cb055ca61a0e286,0.17417417417417416,0.21323529411764705
24b20554-a5b1e55952e1ee2b,8a5fe3d9-c2dc87d910239371,0.17391304347826086,0.19047619047619047
43b10dec-7a545eeabb0d7e28,cd835290-3f9ba9971df22437,0.17391304347826086,0.17391304347826086
4d279121-0ff077c1f36379a7,b2ec0eff-27c52d42cf6ae9c0,0.1732283464566929,0.3055555555555556
856a8eda-47110854840863cd,c34bb733-7ef4a114ed602603,0.17297297297297298,0.26666666666666666
d1cd194e-51c7f119cb492311,ebce9e39-f30f695825446743,0.17272727272727273,0.25333333333333335
d1cd194e-51c7f119cb492311,d55c238c-f30f695825446743,0.17272727272727273,0.25333333333333335
43b10dec-7a545eeabb0d7e28,8a20e743-b9a360f36685b924,0.17266187050359713,0.17391304347826086
856a8eda-47110854840863cd,d2f74dfc-c647b91937eabf95,0.17266187050359713,0.2
a3e272af-da6a1661a8f461cc,b2ec0eff-27c52d42cf6ae9c0,0.17228464419475656,0.27058823529411763
43b10dec-7a545eeabb0d7e28,3f4a5b64-8efa749b77f997ee,0.1722488038277512,0.2608695652173913
43b10dec-7a545eeabb0d7e28,0b27be88-8efa749b77f997ee,0.1722488038277512,0.2608695652173913
24b20554-a5b1e55952e1ee2b,643e22cc-f16a24081f57fd37,0.17204301075268819,0.25396825396825395
0017d438-960ae693e652c652,83935617-8cb055ca61a0e286,0.171875,0.3728813559322034
fdcbdf85-bddbb9b358411936,307ef2cb-f844c7d4470a9cd7,0.1717171717171717,0.38636363636363635
e8006510-ee67e2b4f9438f06,ebce9e39-f30f695825446743,0.17142857142857143,0.21
b728ba1d-3f8b530de1c46258,b2ec0eff-27c52d42cf6ae9c0,0.17142857142857143,0.24489795918367346
d04e5afb-69fc7bceb8fdf2d3,b2ec0eff-27c52d42cf6ae9c0,0.17142857142857143,0.24489795918367346
d04e5afb-bb51c95653192408,b2ec0eff-27c52d42cf6ae9c0,0.17142857142857143,0.24489795918367346
b728ba1d-fd8a15b0393da057,b2ec0eff-27c52d42cf6ae9c0,0.17142857142857143,0.24489795918367346
e8006510-ee67e2b4f9438f06,d55c238c-f30f695825446743,0.17142857142857143,0.21
d2f74dfc-c647b91937eabf95,5dbd0a07-3bfbd898c47b82dd,0.17142857142857143,0.22784810126582278
d2f74dfc-c647b91937eabf95,bdc08e6f-443b55d42ad9cbef,0.17142857142857143,0.22784810126582278
c354b74f-5a94e5a2d97408b1,307ef2cb-f844c7d4470a9cd7,0.1712846347607053,0.38202247191011235
ebce9e39-f30f695825446743,b2ec0eff-27c52d42cf6ae9c0,0.1712538226299694,0.19310344827586207
d55c238c-f30f695825446743,b2ec0eff-27c52d42cf6ae9c0,0.1712538226299694,0.19310344827586207
f7fc2e94-c1ac1a09a6ecfec9,b2ec0eff-27c52d42cf6ae9c0,0.17120622568093385,0.29333333333333333
fbd26aa0-e12930f0257c0bc5,bd7281dc-eb76f08e552cb1b1,0.1711229946524064,0.22857142857142856
21123500-e12930f0257c0bc5,bd7281dc-eb76f08e552cb1b1,0.1711229946524064,0.22857142857142856
856a8eda-47110854840863cd,25597bcb-5d4031295f424a57,0.1711229946524064,0.26666666666666666
25151980-cde67178d1ce0814,25597bcb-5d4031295f424a57,0.1708542713567839,0.2361111111111111
4d279121-0ff077c1f36379a7,25597bcb-5d4031295f424a57,0.1708542713567839,0.2361111111111111
3b5cec19-e9e3b340a83c14f3,b2ec0eff-27c52d42cf6ae9c0,0.17073170731707318,0.328125
43b10dec-7a545eeabb0d7e28,4d279121-0ff077c1f36379a7,0.1702127659574468,0.17391304347826086
5dbd0a07-3bfbd898c47b82dd,3f4a5b64-8efa749b77f997ee,0.16974169741697417,0.17557251908396945
bdc08e6f-443b55d42ad9cbef,3f4a5b64-8efa749b77f997ee,0.16974169741697417,0.17557251908396945
5dbd0a07-3bfbd898c47b82dd,0b27be88-8efa749b77f997ee,0.16974169741697417,0.17557251908396945
bdc08e6f-443b55d42ad9cbef,0b27be88-8efa749b77f997ee,0.16974169741697417,0.17557251908396945
18e2441c-e09a749e7650e525,3f4a5b64-8efa749b77f997ee,0.16964285714285715,0.2261904761904762
18e2441c-e09a749e7650e525,0b27be88-8efa749b77f997ee,0.16964285714285715,0.2261904761904762
b728ba1d-3f8b530de1c46258,83935617-8cb055ca61a0e286,0.1694915254237288,0.25510204081632654
d04e5afb-69fc7bceb8fdf2d3,83935617-8cb055ca61a0e286,0.1694915254237288,0.25510204081632654
d04e5afb-bb51c95653192408,83935617-8cb055ca61a0e286,0.1694915254237288,0.25510204081632654
b728ba1d-fd8a15b0393da057,83935617-8cb055ca61a0e286,0.1694915254237288,0.25510204081632654
24b20554-a5b1e55952e1ee2b,0922b7e7-07b38c3d5335955e,0.16923076923076924,0.1746031746031746
24b20554-a5b1e55952e1ee2b,83935617-8cb055ca61a0e286,0.16923076923076924,0.3492063492063492
fbd26aa0-e12930f0257c0bc5,25151980-cde67178d1ce0814,0.16901408450704225,0.17142857142857143
43b10dec-7a545eeabb0d7e28,ea899386-c146e2b9378cb20e,0.16901408450704225,0.17391304347826086
21123500-e12930f0257c0bc5,25151980-cde67178d1ce0814,0.16901408450704225,0.17142857142857143
fdcbdf85-bddbb9b358411936,6e637812-103dbaca58c72ba9,0.1688888888888889,0.2159090909090909
86232d21-ce3c1b1217526a2c,6e637812-103dbaca58c72ba9,0.16877637130801687,0.2
b5fbe7a2-6d2c84f49bfccf11,307ef2cb-f844c7d4470a9cd7,0.16847826086956522,0.5166666666666667
8a5fe3d9-c2dc87d910239371,120878da-8a60d23e91164ee1,0.16842105263157894,0.21333333333333335
9852706b-dc2846d870c40dd6,24044589-6525c627e0c34883,0.16783216783216784,0.21052631578947367
d2f74dfc-c647b91937eabf95,fdcbdf85-bddbb9b358411936,0.16766467065868262,0.17721518987341772
b2590225-d2dd36b85a46fb10,ac180326-356b91ddc720b9a9,0.16666666666666666,0.25316455696202533
25597bcb-5d4031295f424a57,ac180326-356b91ddc720b9a9,0.16666666666666666,0.1889763779527559
9756f13a-ba89bee7fec4f211,3f4a5b64-8efa749b77f997ee,0.16666666666666666,0.2
86232d21-ce3c1b1217526a2c,3f4a5b64-8efa749b77f997ee,0.16666666666666666,0.2
856a8eda-47110854840863cd,aa266c38-a988d514286f7261,0.16666666666666666,0.2833333333333333
9756f13a-ba89bee7fec4f211,0b27be88-8efa749b77f997ee,0.16666666666666666,0.2
86232d21-ce3c1b1217526a2c,0b27be88-8efa749b77f997ee,0.16666666666666666,0.2
4212c4b9-8b9abbe7169dae20,b2ec0eff-27c52d42cf6ae9c0,0.16666666666666666,0.3
e435b1ac-725ccefba23c4954,25597bcb-5d4031295f424a57,0.16666666666666666,0.22077922077922077
c34bb733-7ef4a114ed602603,307ef2cb-f844c7d4470a9cd7,0.16628175519630484,0.288
792863db-47ed36bd66713ca0,643e22cc-f16a24081f57fd37,0.16597510373443983,0.1694915254237288
c354b74f-5a94e5a2d97408b1,3f4a5b64-8efa749b77f997ee,0.16593886462882096,0.21348314606741572
c354b74f-5a94e5a2d97408b1,0b27be88-8efa749b77f997ee,0.16593886462882096,0.21348314606741572
b5fbe7a2-6d2c84f49bfccf11,b2ec0eff-27c52d42cf6ae9c0,0.1652892561983471,0.3333333333333333
8a20e743-b9a360f36685b924,307ef2cb-f844c7d4470a9cd7,0.164021164021164,0.44285714285714284
ebce9e39-f30f695825446743,83935617-8cb055ca61a0e286,0.16374269005847952,0.19310344827586207
d55c238c-f30f695825446743,83935617-8cb055ca61a0e286,0.16374269005847952,0.19310344827586207
856a8eda-47110854840863cd,2ff0355e-aeadc3b066e10ea6,0.16374269005847952,0.23333333333333334
18e2441c-e09a749e7650e525,752ea9a5-4e1704b5a2a2e60e,0.16363636363636364,0.21428571428571427
b2ec0eff-27c52d42cf6ae9c0,307ef2cb-f844c7d4470a9cd7,0.16326530612244897,0.21978021978021978
86232d21-ce3c1b1217526a2c,b2ec0eff-27c52d42cf6ae9c0,0.16312056737588654,0.23
1071f735-61e1aff4bf0c237d,6e637812-103dbaca58c72ba9,0.1630901287553648,0.19791666666666666
ea899386-c146e2b9378cb20e,307ef2cb-f844c7d4470a9cd7,0.16272965879265092,0.4246575342465753
0922b7e7-07b38c3d5335955e,aa266c38-a988d514286f7261,0.16113744075829384,0.2537313432835821
fbd26aa0-e12930f0257c0bc5,d2f74dfc-c647b91937eabf95,0.1610738255033557,0.17142857142857143
21123500-e12930f0257c0bc5,d2f74dfc-c647b91937eabf95,0.1610738255033557,0.17142857142857143
4d279121-0ff077c1f36379a7,3f4a5b64-8efa749b77f997ee,0.16037735849056603,0.2361111111111111
4d279121-0ff077c1f36379a7,0b27be88-8efa749b77f997ee,0.16037735849056603,0.2361111111111111
c34bb733-7ef4a114ed602603,6e637812-103dbaca58c72ba9,0.16030534351145037,0.168
f7fc2e94-c1ac1a09a6ecfec9,c34bb733-7ef4a114ed602603,0.16,0.21333333333333335
6c4ac8d3-ce1d5991f80ca11f,3f4a5b64-8efa749b77f997ee,0.1596244131455399,0.2328767123287671
6c4ac8d3-ce1d5991f80ca11f,0b27be88-8efa749b77f997ee,0.1596244131455399,0.2328767123287671
5fcbdd19-913dff7adec25385,b2ec0eff-27c52d42cf6ae9c0,0.15916955017301038,0.21495327102803738
25597bcb-5d4031295f424a57,6e637812-103dbaca58c72ba9,0.1590909090909091,0.16535433070866143
856a8eda-47110854840863cd,565f77b7-ba8553bf0459956f,0.15894039735099338,0.2
0922b7e7-07b38c3d5335955e,18e2441c-e09a749e7650e525,0.15894039735099338,0.1791044776119403
1c4d348d-5efc0e31e7b0848c,b2ec0eff-27c52d42cf6ae9c0,0.15873015873015872,0.2857142857142857
c34bb733-7ef4a114ed602603,3f4a5b64-8efa749b77f997ee,0.15849056603773584,0.168
c34bb733-7ef4a114ed602603,0b27be88-8efa749b77f997ee,0.15849056603773584,0.168
b2590225-d2dd36b85a46fb10,643e22cc-f16a24081f57fd37,0.15841584158415842,0.20253164556962025
83935617-8cb055ca61a0e286,307ef2cb-f844c7d4470a9cd7,0.15841584158415842,0.20304568527918782
43b10dec-7a545eeabb0d7e28,fbd26aa0-e12930f0257c0bc5,0.15827338129496402,0.15942028985507245
43b10dec-7a545eeabb0d7e28,21123500-e12930f0257c0bc5,0.15827338129496402,0.15942028985507245
b2590225-d2dd36b85a46fb10,b728ba1d-3f8b530de1c46258,0.15819209039548024,0.17721518987341772
b2590225-d2dd36b85a46fb10,d04e5afb-69fc7bceb8fdf2d3,0.15819209039548024,0.17721518987341772
b2590225-d2dd36b85a46fb10,d04e5afb-bb51c95653192408,0.15819209039548024,0.17721518987341772
b2590225-d2dd36b85a46fb10,b728ba1d-fd8a15b0393da057,0.15819209039548024,0.17721518987341772
4212c4b9-8b9abbe7169dae20,83935617-8cb055ca61a0e286,0.15730337078651685,0.3
856a8eda-47110854840863cd,b2ec0eff-27c52d42cf6ae9c0,0.15702479338842976,0.31666666666666665
0922b7e7-07b38c3d5335955e,24044589-6525c627e0c34883,0.1568627450980392,0.1791044776119403
752ea9a5-4e1704b5a2a2e60e,ebce9e39-f30f695825446743,0.15658362989323843,0.16176470588235295
752ea9a5-4e1704b5a2a2e60e,d55c238c-f30f695825446743,0.15658362989323843,0.16176470588235295
18e2441c-e09a749e7650e525,83935617-8cb055ca61a0e286,0.15658362989323843,0.2619047619047619
43b10dec-7a545eeabb0d7e28,643e22cc-f16a24081f57fd37,0.15625,0.21739130434782608
fbd26aa0-e12930f0257c0bc5,18e2441c-e09a749e7650e525,0.15584415584415584,0.17142857142857143
24b20554-a5b1e55952e1ee2b,565f77b7-ba8553bf0459956f,0.15584415584415584,0.19047619047619047
21123500-e12930f0257c0bc5,18e2441c-e09a749e7650e525,0.15584415584415584,0.17142857142857143
24b20554-a5b1e55952e1ee2b,b2ec0eff-27c52d42cf6ae9c0,0.15510204081632653,0.30158730158730157
43b10dec-7a545eeabb0d7e28,24044589-6525c627e0c34883,0.15483870967741936,0.17391304347826086
0922b7e7-07b38c3d5335955e,3f4a5b64-8efa749b77f997ee,0.15458937198067632,0.23880597014925373
0922b7e7-07b38c3d5335955e,0b27be88-8efa749b77f997ee,0.15458937198067632,0.23880597014925373
4a570de6-16cc55249fee2574,b2ec0eff-27c52d42cf6ae9c0,0.15447154471544716,0.296875
6e637812-103dbaca58c72ba9,307ef2cb-f844c7d4470a9cd7,0.15280898876404495,0.24817518248175183
43b10dec-7a545eeabb0d7e28,8a5fe3d9-c2dc87d910239371,0.1527777777777778,0.15942028985507245
25151980-cde67178d1ce0814,307ef2cb-f844c7d4470a9cd7,0.15263157894736842,0.4027777777777778
0017d438-960ae693e652c652,24044589-6525c627e0c34883,0.15172413793103448,0.1864406779661017
8a5fe3d9-c2dc87d910239371,307ef2cb-f844c7d4470a9cd7,0.1514360313315927,0.38666666666666666
2ff0355e-aeadc3b066e10ea6,25597bcb-5d4031295f424a57,0.15126050420168066,0.16216216216216217
1071f735-61e1aff4bf0c237d,b2ec0eff-27c52d42cf6ae9c0,0.1510791366906475,0.21875
a3e272af-da6a1661a8f461cc,25597bcb-5d4031295f424a57,0.1509433962264151,0.18823529411764706
5fcbdd19-913dff7adec25385,ebce9e39-f30f695825446743,0.15079365079365079,0.17757009345794392
5fcbdd19-913dff7adec25385,d55c238c-f30f695825446743,0.15079365079365079,0.17757009345794392
0922b7e7-07b38c3d5335955e,d2f74dfc-c647b91937eabf95,0.1506849315068493,0.16417910447761194
643e22cc-f16a24081f57fd37,83935617-8cb055ca61a0e286,0.15,0.1951219512195122
b2590225-d2dd36b85a46fb10,307ef2cb-f844c7d4470a9cd7,0.14987080103359174,0.3670886075949367
9852706b-dc2846d870c40dd6,83935617-8cb055ca61a0e286,0.14960629921259844,0.3333333333333333
fdcbdf85-bddbb9b358411936,3f4a5b64-8efa749b77f997ee,0.14912280701754385,0.19318181818181818
fdcbdf85-bddbb9b358411936,0b27be88-8efa749b77f997ee,0.14912280701754385,0.19318181818181818
6c4ac8d3-ce1d5991f80ca11f,b2ec0eff-27c52d42cf6ae9c0,0.14901960784313725,0.2602739726027397
18e2441c-e09a749e7650e525,aa8091b0-1eb4a9b6127c3413,0.14893617021276595,0.16666666666666666
f7fc2e94-c1ac1a09a6ecfec9,25597bcb-5d4031295f424a57,0.1485148514851485,0.2
d2f74dfc-c647b91937eabf95,643e22cc-f16a24081f57fd37,0.1485148514851485,0.189873417721519
6c4ac8d3-ce1d5991f80ca11f,83935617-8cb055ca61a0e286,0.14814814814814814,0.273972602739726
c354b74f-5a94e5a2d97408b1,b2ec0eff-27c52d42cf6ae9c0,0.14760147601476015,0.2247191011235955
0922b7e7-07b38c3d5335955e,1c4d348d-5efc0e31e7b0848c,0.145985401459854,0.14925373134328357
5fcbdd19-913dff7adec25385,25597bcb-5d4031295f424a57,0.1452991452991453,0.1588785046728972
24b20554-a5b1e55952e1ee2b,b1e9f1f6-d12c33b532fda3dc,0.1452513966480447,0.20634920634920634
1c4d348d-5efc0e31e7b0848c,3f4a5b64-8efa749b77f997ee,0.14285714285714285,0.21428571428571427
1c4d348d-5efc0e31e7b0848c,0b27be88-8efa749b77f997ee,0.14285714285714285,0.21428571428571427
1c4d348d-5efc0e31e7b0848c,83935617-8cb055ca61a0e286,0.14232209737827714,0.2714285714285714
43b10dec-7a545eeabb0d7e28,9756f13a-ba89bee7fec4f211,0.14201183431952663,0.17391304347826086
43b10dec-7a545eeabb0d7e28,e8006510-ee67e2b4f9438f06,0.14201183431952663,0.17391304347826086
43b10dec-7a545eeabb0d7e28,120878da-8a60d23e91164ee1,0.14130434782608695,0.18840579710144928
fbd26aa0-e12930f0257c0bc5,24044589-6525c627e0c34883,0.14102564102564102,0.15714285714285714
21123500-e12930f0257c0bc5,24044589-6525c627e0c34883,0.14102564102564102,0.15714285714285714
43b10dec-7a545eeabb0d7e28,b1e9f1f6-d12c33b532fda3dc,0.14054054054054055,0.18840579710144928
d1cd194e-51c7f119cb492311,b2ec0eff-27c52d42cf6ae9c0,0.14007782101167315,0.24
aa8091b0-1eb4a9b6127c3413,b2ec0eff-27c52d42cf6ae9c0,0.13986013986013987,0.19230769230769232
43b10dec-7a545eeabb0d7e28,372a4f50-a77e969096e4de0c,0.13978494623655913,0.18840579710144928
f7fc2e94-c1ac1a09a6ecfec9,83935617-8cb055ca61a0e286,0.13970588235294118,0.25333333333333335
752ea9a5-4e1704b5a2a2e60e,6e637812-103dbaca58c72ba9,0.1391941391941392,0.13970588235294118
f7fc2e94-c1ac1a09a6ecfec9,18e2441c-e09a749e7650e525,0.13836477987421383,0.14666666666666667
24b20554-a5b1e55952e1ee2b,c34bb733-7ef4a114ed602603,0.13829787234042554,0.20634920634920634
fbd26aa0-e12930f0257c0bc5,307ef2cb-f844c7d4470a9cd7,0.13756613756613756,0.37142857142857144
21123500-e12930f0257c0bc5,307ef2cb-f844c7d4470a9cd7,0.13756613756613756,0.37142857142857144
d2f74dfc-c647b91937eabf95,c34bb733-7ef4a114ed602603,0.13725490196078433,0.17721518987341772
856a8eda-47110854840863cd,372a4f50-a77e969096e4de0c,0.13559322033898305,0.2
fbd26aa0-e12930f0257c0bc5,6e637812-103dbaca58c72ba9,0.13526570048309178,0.2
21123500-e12930f0257c0bc5,6e637812-103dbaca58c72ba9,0.13526570048309178,0.2
24b20554-a5b1e55952e1ee2b,9756f13a-ba89bee7fec4f211,0.13496932515337423,0.1746031746031746
d2f74dfc-c647b91937eabf95,86232d21-ce3c1b1217526a2c,0.1340782122905028,0.1518987341772152
24044589-6525c627e0c34883,c34bb733-7ef4a114ed602603,0.13270142180094788,0.16279069767441862
856a8eda-47110854840863cd,752ea9a5-4e1704b5a2a2e60e,0.1326530612244898,0.21666666666666667
43b10dec-7a545eeabb0d7e28,307ef2cb-f844c7d4470a9cd7,0.13262599469496023,0.36231884057971014
643e22cc-f16a24081f57fd37,6e637812-103dbaca58c72ba9,0.13076923076923078,0.13821138211382114
d2f74dfc-c647b91937eabf95,752ea9a5-4e1704b5a2a2e60e,0.13023255813953488,0.17721518987341772
b5fbe7a2-6d2c84f49bfccf11,3f4a5b64-8efa749b77f997ee,0.13,0.21666666666666667
b5fbe7a2-6d2c84f49bfccf11,0b27be88-8efa749b77f997ee,0.13,0.21666666666666667
8a5fe3d9-c2dc87d910239371,d2f74dfc-c647b91937eabf95,0.12987012987012986,0.13333333333333333
c7239c97-c74c99add65aa484,83935617-8cb055ca61a0e286,0.1292517006802721,0.1958762886597938
4fd752f7-c74c99add65aa484,83935617-8cb055ca61a0e286,0.1292517006802721,0.1958762886597938
43b10dec-7a545eeabb0d7e28,bd7281dc-eb76f08e552cb1b1,0.12903225806451613,0.17391304347826086
0017d438-960ae693e652c652,25597bcb-5d4031295f424a57,0.12903225806451613,0.2033898305084746
0922b7e7-07b38c3d5335955e,83935617-8cb055ca61a0e286,0.12878787878787878,0.2537313432835821
f7fc2e94-c1ac1a09a6ecfec9,ebce9e39-f30f695825446743,0.12727272727272726,0.18666666666666668
f7fc2e94-c1ac1a09a6ecfec9,d55c238c-f30f695825446743,0.12727272727272726,0.18666666666666668
1c4d348d-5efc0e31e7b0848c,307ef2cb-f844c7d4470a9cd7,0.12698412698412698,0.34285714285714286
24044589-6525c627e0c34883,307ef2cb-f844c7d4470a9cd7,0.12690355329949238,0.29069767441860467
18e2441c-e09a749e7650e525,eec856c0-6681d74ff3e3f063,0.12631578947368421,0.14285714285714285
aa8091b0-1eb4a9b6127c3413,83935617-8cb055ca61a0e286,0.12624584717607973,0.18269230769230768
8a5fe3d9-c2dc87d910239371,18e2441c-e09a749e7650e525,0.12578616352201258,0.13333333333333333
1c4d348d-5efc0e31e7b0848c,6e637812-103dbaca58c72ba9,0.12560386473429952,0.18571428571428572
b2590225-d2dd36b85a46fb10,ebce9e39-f30f695825446743,0.125,0.17721518987341772
b2590225-d2dd36b85a46fb10,d55c238c-f30f695825446743,0.125,0.17721518987341772
856a8eda-47110854840863cd,307ef2cb-f844c7d4470a9cd7,0.125,0.38333333333333336
b5fbe7a2-6d2c84f49bfccf11,83935617-8cb055ca61a0e286,0.1245136186770428,0.26666666666666666
25151980-cde67178d1ce0814,643e22cc-f16a24081f57fd37,0.12307692307692308,0.16666666666666666
25151980-cde67178d1ce0814,3f4a5b64-8efa749b77f997ee,0.12264150943396226,0.18055555555555555
8a5fe3d9-c2dc87d910239371,6e637812-103dbaca58c72ba9,0.12264150943396226,0.17333333333333334
25151980-cde67178d1ce0814,0b27be88-8efa749b77f997ee,0.12264150943396226,0.18055555555555555
18e2441c-e09a749e7650e525,307ef2cb-f844c7d4470a9cd7,0.12244897959183673,0.2857142857142857
8a20e743-b9a360f36685b924,25597bcb-5d4031295f424a57,0.1218274111675127,0.17142857142857143
43b10dec-7a545eeabb0d7e28,ac180326-356b91ddc720b9a9,0.12173913043478261,0.2028985507246377
43b10dec-7a545eeabb0d7e28,83935617-8cb055ca61a0e286,0.12030075187969924,0.2318840579710145
25597bcb-5d4031295f424a57,3f4a5b64-8efa749b77f997ee,0.1198501872659176,0.12598425196850394
25597bcb-5d4031295f424a57,0b27be88-8efa749b77f997ee,0.1198501872659176,0.12598425196850394
9852706b-dc2846d870c40dd6,25597bcb-5d4031295f424a57,0.11956521739130435,0.19298245614035087
565f77b7-ba8553bf0459956f,25597bcb-5d4031295f424a57,0.11926605504587157,0.14285714285714285
d2f74dfc-c647b91937eabf95,307ef2cb-f844c7d4470a9cd7,0.11886304909560723,0.2911392405063291
24b20554-a5b1e55952e1ee2b,307ef2cb-f844c7d4470a9cd7,0.11859838274932614,0.3492063492063492
25597bcb-5d4031295f424a57,aa266c38-a988d514286f7261,0.11808118081180811,0.12598425196850394
1c4d348d-5efc0e31e7b0848c,bd7281dc-eb76f08e552cb1b1,0.11764705882352941,0.15714285714285714
752ea9a5-4e1704b5a2a2e60e,307ef2cb-f844c7d4470a9cd7,0.11711711711711711,0.19117647058823528
3f4a5b64-8efa749b77f997ee,307ef2cb-f844c7d4470a9cd7,0.11607142857142858,0.18571428571428572
fdcbdf85-bddbb9b358411936,752ea9a5-4e1704b5a2a2e60e,0.11607142857142858,0.14772727272727273
0b27be88-8efa749b77f997ee,307ef2cb-f844c7d4470a9cd7,0.11607142857142858,0.18571428571428572
643e22cc-f16a24081f57fd37,307ef2cb-f844c7d4470a9cd7,0.11600928074245939,0.2032520325203252
5fcbdd19-913dff7adec25385,792863db-47ed36bd66713ca0,0.11555555555555555,0.12149532710280374
4a570de6-16cc55249fee2574,25597bcb-5d4031295f424a57,0.11518324607329843,0.171875
43b10dec-7a545eeabb0d7e28,c34bb733-7ef4a114ed602603,0.1134020618556701,0.15942028985507245
3f4a5b64-8efa749b77f997ee,ebce9e39-f30f695825446743,0.11228070175438597,0.11428571428571428
3f4a5b64-8efa749b77f997ee,d55c238c-f30f695825446743,0.11228070175438597,0.11428571428571428
0b27be88-8efa749b77f997ee,ebce9e39-f30f695825446743,0.11228070175438597,0.11428571428571428
0b27be88-8efa749b77f997ee,d55c238c-f30f695825446743,0.11228070175438597,0.11428571428571428
43b10dec-7a545eeabb0d7e28,25597bcb-5d4031295f424a57,0.11224489795918367,0.15942028985507245
8a20e743-b9a360f36685b924,b2ec0eff-27c52d42cf6ae9c0,0.1111111111111111,0.2
f7fc2e94-c1ac1a09a6ecfec9,307ef2cb-f844c7d4470a9cd7,0.10966057441253264,0.28
9852706b-dc2846d870c40dd6,b2ec0eff-27c52d42cf6ae9c0,0.1087866108786611,0.22807017543859648
e8006510-ee67e2b4f9438f06,3f4a5b64-8efa749b77f997ee,0.10833333333333334,0.13
e8006510-ee67e2b4f9438f06,0b27be88-8efa749b77f997ee,0.10833333333333334,0.13
0922b7e7-07b38c3d5335955e,792863db-47ed36bd66713ca0,0.10810810810810811,0.14925373134328357
0017d438-960ae693e652c652,b2ec0eff-27c52d42cf6ae9c0,0.1078838174273859,0.22033898305084745
0017d438-960ae693e652c652,ebce9e39-f30f695825446743,0.10784313725490197,0.1864406779661017
086f0f90-caf7b89bcda85104,25597bcb-5d4031295f424a57,0.10784313725490197,0.14285714285714285
0017d438-960ae693e652c652,d55c238c-f30f695825446743,0.10784313725490197,0.1864406779661017
120878da-8a60d23e91164ee1,25597bcb-5d4031295f424a57,0.10743801652892562,0.11304347826086956
18e2441c-e09a749e7650e525,643e22cc-f16a24081f57fd37,0.10628019323671498,0.13095238095238096
643e22cc-f16a24081f57fd37,b2ec0eff-27c52d42cf6ae9c0,0.10491803278688525,0.13008130081300814
0922b7e7-07b38c3d5335955e,43b10dec-7a545eeabb0d7e28,0.10294117647058823,0.1044776119402985
856a8eda-47110854840863cd,b728ba1d-3f8b530de1c46258,0.10126582278481013,0.13333333333333333
856a8eda-47110854840863cd,d04e5afb-69fc7bceb8fdf2d3,0.10126582278481013,0.13333333333333333
856a8eda-47110854840863cd,d04e5afb-bb51c95653192408,0.10126582278481013,0.13333333333333333
856a8eda-47110854840863cd,b728ba1d-fd8a15b0393da057,0.10126582278481013,0.13333333333333333
43b10dec-7a545eeabb0d7e28,1c4d348d-5efc0e31e7b0848c,0.10071942446043165,0.10144927536231885
43b10dec-7a545eeabb0d7e28,f7fc2e94-c1ac1a09a6ecfec9,0.09722222222222222,0.10144927536231885
856a8eda-47110854840863cd,a3e272af-da6a1661a8f461cc,0.09655172413793103,0.11666666666666667
856a8eda-47110854840863cd,24044589-6525c627e0c34883,0.0958904109589041,0.11666666666666667
bd7281dc-eb76f08e552cb1b1,83935617-8cb055ca61a0e286,0.09554140127388536,0.1282051282051282
eec856c0-6681d74ff3e3f063,25597bcb-5d4031295f424a57,0.0944206008583691,0.10377358490566038
3f4a5b64-8efa749b77f997ee,ac180326-356b91ddc720b9a9,0.09302325581395349,0.1
0b27be88-8efa749b77f997ee,ac180326-356b91ddc720b9a9,0.09302325581395349,0.1
43b10dec-7a545eeabb0d7e28,5fcbdd19-913dff7adec25385,0.09090909090909091,0.11594202898550725
24b20554-a5b1e55952e1ee2b,bd7281dc-eb76f08e552cb1b1,0.08888888888888889,0.12698412698412698
0922b7e7-07b38c3d5335955e,b2ec0eff-27c52d42cf6ae9c0,0.08835341365461848,0.16417910447761194
8a5fe3d9-c2dc87d910239371,b2ec0eff-27c52d42cf6ae9c0,0.08560311284046693,0.14666666666666667
24b20554-a5b1e55952e1ee2b,25597bcb-5d4031295f424a57,0.08421052631578947,0.12698412698412698
25597bcb-5d4031295f424a57,b2ec0eff-27c52d42cf6ae9c0,0.08414239482200647,0.10236220472440945
43b10dec-7a545eeabb0d7e28,d1cd194e-51c7f119cb492311,0.08333333333333333,0.08695652173913043
856a8eda-47110854840863cd,6e637812-103dbaca58c72ba9,0.08121827411167512,0.13333333333333333
24b20554-a5b1e55952e1ee2b,752ea9a5-4e1704b5a2a2e60e,0.08040201005025126,0.12698412698412698
25597bcb-5d4031295f424a57,307ef2cb-f844c7d4470a9cd7,0.07816091954022988,0.13385826771653545
43b10dec-7a545eeabb0d7e28,6e637812-103dbaca58c72ba9,0.07766990291262135,0.11594202898550725
24044589-6525c627e0c34883,86232d21-ce3c1b1217526a2c,0.07526881720430108,0.08139534883720931
856a8eda-47110854840863cd,5dbd0a07-3bfbd898c47b82dd,0.07329842931937172,0.11666666666666667
856a8eda-47110854840863cd,bdc08e6f-443b55d42ad9cbef,0.07329842931937172,0.11666666666666667
856a8eda-47110854840863cd,ac180326-356b91ddc720b9a9,0.07239819004524888,0.13333333333333333
0017d438-960ae693e652c652,6e637812-103dbaca58c72ba9,0.07142857142857142,0.11864406779661017
43b10dec-7a545eeabb0d7e28,752ea9a5-4e1704b5a2a2e60e,0.06829268292682927,0.10144927536231885
24b20554-a5b1e55952e1ee2b,ebce9e39-f30f695825446743,0.0673076923076923,0.1111111111111111
24b20554-a5b1e55952e1ee2b,d55c238c-f30f695825446743,0.0673076923076923,0.1111111111111111
b2590225-d2dd36b85a46fb10,bd7281dc-eb76f08e552cb1b1,0.061224489795918366,0.0759493670886076
1c4d348d-5efc0e31e7b0848c,25597bcb-5d4031295f424a57,0.06091370558375635,0.08571428571428572
43b10dec-7a545eeabb0d7e28,ebce9e39-f30f695825446743,0.056074766355140186,0.08695652173913043
43b10dec-7a545eeabb0d7e28,d55c238c-f30f695825446743,0.056074766355140186,0.08695652173913043
bd7281dc-eb76f08e552cb1b1,3f4a5b64-8efa749b77f997ee,0.054474708171206226,0.05982905982905983
bd7281dc-eb76f08e552cb1b1,0b27be88-8efa749b77f997ee,0.054474708171206226,0.05982905982905983
b5fbe7a2-6d2c84f49bfccf11,25597bcb-5d4031295f424a57,0.053475935828877004,0.08333333333333333
25597bcb-5d4031295f424a57,752ea9a5-4e1704b5a2a2e60e,0.053231939163498096,0.05511811023622047
aa8091b0-1eb4a9b6127c3413,25597bcb-5d4031295f424a57,0.05194805194805195,0.057692307692307696
856a8eda-47110854840863cd,ebce9e39-f30f695825446743,0.04878048780487805,0.08333333333333333
856a8eda-47110854840863cd,d55c238c-f30f695825446743,0.04878048780487805,0.08333333333333333
643e22cc-f16a24081f57fd37,3f4a5b64-8efa749b77f997ee,0.03802281368821293,0.04065040650406504
643e22cc-f16a24081f57fd37,0b27be88-8efa749b77f997ee,0.03802281368821293,0.04065040650406504
