submissionName1,submissionName2,averageSimilarity,maxSimilarity
6f393cfe-f27eb766dce24503,7a9c69d8-25b66767c6bfef75,1.0,1.0
00af3420-6a22b980be3bebb8,bdf7bfb2-dc5f2f3e1ffc8032,1.0,1.0
9e7551da-8b58fac3a9eaef98,f0e13442-3615d4e91a6c5bd9,1.0,1.0
f665e87b-932fba185362154d,f665e87b-f01b7cfb37168ad5,1.0,1.0
b8b08542-ed329a5d344748ed,d783d815-fcfd47fa9b8bb15b,1.0,1.0
b8b08542-ed329a5d344748ed,d783d815-9c6f6853f561f0ed,1.0,1.0
480de7be-17d68f699a8fb117,f4757480-264ce4d0166e480d,1.0,1.0
9399204d-6515f9b4b4661ed8,b434c275-276b6ce441c4669e,1.0,1.0
b434c275-276b6ce441c4669e,fdc4f384-81c2afc418e72aef,1.0,1.0
d783d815-9c6f6853f561f0ed,d783d815-fcfd47fa9b8bb15b,1.0,1.0
9399204d-6515f9b4b4661ed8,fdc4f384-81c2afc418e72aef,1.0,1.0
4eac0eea-433fe35c66f0896a,f4d6d28d-4171a85a7cd99755,1.0,1.0
ccc8ef27-962b4c2d0adf3e00,d6fb3b9e-f5435586daf6a49b,1.0,1.0
732c98a0-0117162249c9d715,732c98a0-5659f20742b2f453,1.0,1.0
7d12d33c-b4c3d5f6730bc23d,0f14b12d-fee145b04c8d2e7d,0.9538461538461539,1.0
55ab9b5d-97aa2decf67ee58c,c6113c06-d4ec0a6afa4cb16c,0.8439306358381503,0.8488372093023255
42fe7dd0-ae8f546af908b5fe,f7a0ea6d-b8e74e9785d59e88,0.8095238095238095,0.8360655737704918
ab7507bf-cfb7470e23cb45dc,00af3420-6a22b980be3bebb8,0.7836734693877551,0.8
ab7507bf-cfb7470e23cb45dc,bdf7bfb2-dc5f2f3e1ffc8032,0.7836734693877551,0.8
8a858867-b9bbeece66de3f0d,26ad111c-6f110a9e517fc801,0.7794117647058824,0.7969924812030075
08cf0478-cf474a42302061bb,a5d5a95f-106627618ba094d2,0.757201646090535,0.7796610169491526
08cf0478-cf474a42302061bb,51151974-bb8053de078aa97d,0.7469879518072289,0.788135593220339
42fe7dd0-ae8f546af908b5fe,9291ca83-b2b16ed7b0bb365a,0.746031746031746,0.7704918032786885
51151974-bb8053de078aa97d,1d43139f-a08be36b098f0971,0.7452471482889734,0.7480916030534351
51151974-bb8053de078aa97d,487c9f62-7eec6fd25ec3903d,0.7360594795539034,0.7557251908396947
3c74c140-a93ee473b71ac072,732c98a0-5659f20742b2f453,0.7338582677165354,0.7740863787375415
3c74c140-a93ee473b71ac072,732c98a0-0117162249c9d715,0.7338582677165354,0.7740863787375415
fdd41565-d026425f11fe71fd,26ad111c-6f110a9e517fc801,0.7252747252747253,0.7388059701492538
51151974-bb8053de078aa97d,86102d81-85b3e078083a5c18,0.7240143369175627,0.7709923664122137
51151974-bb8053de078aa97d,464ad4dd-9978f63cac804e5b,0.7166123778501629,0.8396946564885496
d3a0b8d2-95a57759ca7f4494,42fe7dd0-ae8f546af908b5fe,0.7107438016528925,0.7166666666666667
5449d33c-c3fa056747e67e0b,15941165-e7a0000e57984fda,0.7062937062937062,0.9017857142857143
ed728769-26de3db1e5ddc0f9,9be0602e-2479557b64cb6cbc,0.7054908485856906,0.7412587412587412
26ad111c-6f110a9e517fc801,86102d81-85b3e078083a5c18,0.7038327526132404,0.7266187050359713
9291ca83-b2b16ed7b0bb365a,c4ca2ff3-8002e9fb1de21148,0.6956521739130435,0.7384615384615385
08cf0478-cf474a42302061bb,487c9f62-7eec6fd25ec3903d,0.6953125,0.7542372881355932
a5d5a95f-106627618ba094d2,51151974-bb8053de078aa97d,0.6875,0.704
8a858867-b9bbeece66de3f0d,86102d81-85b3e078083a5c18,0.6832740213523132,0.7218045112781954
b55888de-ca2300bd54fb3fd5,7a9c69d8-25b66767c6bfef75,0.6794871794871795,0.7361111111111112
b55888de-ca2300bd54fb3fd5,6f393cfe-f27eb766dce24503,0.6794871794871795,0.7361111111111112
08cf0478-cf474a42302061bb,86102d81-85b3e078083a5c18,0.6691729323308271,0.7542372881355932
51151974-bb8053de078aa97d,8a858867-b9bbeece66de3f0d,0.6666666666666666,0.6717557251908397
ae4d5b49-62ede50d39b5202a,6be4dcef-d802164d63afa92e,0.6666666666666666,0.7692307692307693
4e5ee0f7-8030183228b7a8d5,35857a5a-8cd2a4bd9f3acd96,0.6636771300448431,0.7014218009478673
c23278ec-650f3957a6da68ca,15941165-e7a0000e57984fda,0.6625,0.726027397260274
ab7507bf-cfb7470e23cb45dc,c23278ec-650f3957a6da68ca,0.6616541353383458,0.7333333333333333
51151974-bb8053de078aa97d,26ad111c-6f110a9e517fc801,0.6592592592592592,0.6793893129770993
8782922d-b6272ba0ec663c70,4241f473-734711fff505529f,0.6590909090909091,0.7837837837837838
ae4d5b49-62ede50d39b5202a,7a9c69d8-25b66767c6bfef75,0.6577181208053692,0.7538461538461538
ae4d5b49-62ede50d39b5202a,6f393cfe-f27eb766dce24503,0.6577181208053692,0.7538461538461538
f7a0ea6d-b8e74e9785d59e88,c4ca2ff3-8002e9fb1de21148,0.6521739130434783,0.6923076923076923
8a858867-b9bbeece66de3f0d,fdd41565-d026425f11fe71fd,0.651685393258427,0.6541353383458647
c4ca2ff3-8002e9fb1de21148,7a9c69d8-25b66767c6bfef75,0.6496815286624203,0.6986301369863014
c4ca2ff3-8002e9fb1de21148,6f393cfe-f27eb766dce24503,0.6496815286624203,0.6986301369863014
8a858867-b9bbeece66de3f0d,487c9f62-7eec6fd25ec3903d,0.6494464944649446,0.6616541353383458
08cf0478-cf474a42302061bb,8a858867-b9bbeece66de3f0d,0.6454183266932271,0.6864406779661016
42fe7dd0-ae8f546af908b5fe,c4ca2ff3-8002e9fb1de21148,0.6417910447761194,0.7049180327868853
51151974-bb8053de078aa97d,4241f473-734711fff505529f,0.6408450704225352,0.6946564885496184
5449d33c-c3fa056747e67e0b,0f09b843-a169d06ba2070f2e,0.6283185840707964,0.6339285714285714
fdd41565-d026425f11fe71fd,86102d81-85b3e078083a5c18,0.624113475177305,0.6567164179104478
0ea5a836-8314c5dfb34c8bab,f665e87b-932fba185362154d,0.6211180124223602,0.6944444444444444
0ea5a836-8314c5dfb34c8bab,f665e87b-f01b7cfb37168ad5,0.6211180124223602,0.6944444444444444
00af3420-6a22b980be3bebb8,8a858867-b9bbeece66de3f0d,0.6201550387596899,0.64
bdf7bfb2-dc5f2f3e1ffc8032,8a858867-b9bbeece66de3f0d,0.6201550387596899,0.64
1d43139f-a08be36b098f0971,8a858867-b9bbeece66de3f0d,0.6188679245283019,0.6212121212121212
c4ca2ff3-8002e9fb1de21148,3088ca9c-f1011bb8e87b3927,0.6174496644295302,0.6301369863013698
d61f51c5-432a54c5bebe32fa,35bb6075-720cdb4a7c64c6cd,0.616600790513834,0.7123287671232876
7a9c69d8-25b66767c6bfef75,6be4dcef-d802164d63afa92e,0.6153846153846154,0.6190476190476191
6f393cfe-f27eb766dce24503,6be4dcef-d802164d63afa92e,0.6153846153846154,0.6190476190476191
ab7507bf-cfb7470e23cb45dc,51151974-bb8053de078aa97d,0.6135458167330677,0.6416666666666667
1d43139f-a08be36b098f0971,26ad111c-6f110a9e517fc801,0.6125461254612546,0.6287878787878788
08cf0478-cf474a42302061bb,464ad4dd-9978f63cac804e5b,0.6122448979591837,0.7627118644067796
08cf0478-cf474a42302061bb,fdd41565-d026425f11fe71fd,0.6111111111111112,0.652542372881356
26ad111c-6f110a9e517fc801,585af783-1941371b4a80bb80,0.6105263157894737,0.6258992805755396
5449d33c-c3fa056747e67e0b,66565156-e830bc6dfc3d34ae,0.6071428571428571,0.6071428571428571
a5d5a95f-106627618ba094d2,1d43139f-a08be36b098f0971,0.6070038910505836,0.624
42fe7dd0-ae8f546af908b5fe,7a9c69d8-25b66767c6bfef75,0.6068965517241379,0.7213114754098361
42fe7dd0-ae8f546af908b5fe,6f393cfe-f27eb766dce24503,0.6068965517241379,0.7213114754098361
656b62de-07e003f6fc62643b,1b372750-4ec55bfec37eb837,0.6065573770491803,0.6462882096069869
487c9f62-7eec6fd25ec3903d,26ad111c-6f110a9e517fc801,0.6064981949458483,0.6086956521739131
4241f473-734711fff505529f,0c9d4def-6a3de0efe209485b,0.6050955414012739,0.6209150326797386
656b62de-07e003f6fc62643b,8a041ef5-22f968305d57262e,0.6041275797373359,0.7030567685589519
9be0602e-2479557b64cb6cbc,dff5ff0a-4c22ff53e6acbc9b,0.6039453717754173,0.6317460317460317
fdd41565-d026425f11fe71fd,8cfe3ee0-900555a974d03516,0.6026490066225165,0.6791044776119403
9e7551da-8b58fac3a9eaef98,8a858867-b9bbeece66de3f0d,0.6023166023166023,0.6190476190476191
f0e13442-3615d4e91a6c5bd9,8a858867-b9bbeece66de3f0d,0.6023166023166023,0.6190476190476191
51151974-bb8053de078aa97d,97a7fab5-c8910bb2ec5c2935,0.6021505376344086,0.6412213740458015
d3a0b8d2-95a57759ca7f4494,c4ca2ff3-8002e9fb1de21148,0.6015037593984962,0.6666666666666666
8a858867-b9bbeece66de3f0d,4241f473-734711fff505529f,0.6013986013986014,0.6466165413533834
08cf0478-cf474a42302061bb,1d43139f-a08be36b098f0971,0.6,0.635593220338983
9291ca83-b2b16ed7b0bb365a,b55888de-ca2300bd54fb3fd5,0.5985401459854015,0.6307692307692307
42fe7dd0-ae8f546af908b5fe,b0a01ee7-a88cb875e376e2ba,0.5984251968503937,0.6229508196721312
8532d5ed-e56d613d9e34734b,1d43139f-a08be36b098f0971,0.5977011494252874,0.6046511627906976
5449d33c-c3fa056747e67e0b,c23278ec-650f3957a6da68ca,0.5968992248062015,0.6875
0c9d4def-6a3de0efe209485b,4e5ee0f7-8030183228b7a8d5,0.5967741935483871,0.6894409937888198
9e7551da-8b58fac3a9eaef98,26ad111c-6f110a9e517fc801,0.5962264150943396,0.626984126984127
f0e13442-3615d4e91a6c5bd9,26ad111c-6f110a9e517fc801,0.5962264150943396,0.626984126984127
9e7551da-8b58fac3a9eaef98,464ad4dd-9978f63cac804e5b,0.5960264900662252,0.7142857142857143
f0e13442-3615d4e91a6c5bd9,464ad4dd-9978f63cac804e5b,0.5960264900662252,0.7142857142857143
0f09b843-a169d06ba2070f2e,00af3420-6a22b980be3bebb8,0.5941422594142259,0.6228070175438597
0f09b843-a169d06ba2070f2e,bdf7bfb2-dc5f2f3e1ffc8032,0.5941422594142259,0.6228070175438597
8532d5ed-e56d613d9e34734b,86102d81-85b3e078083a5c18,0.592057761732852,0.6356589147286822
339fdc7f-08ea3facdbf2e797,40132ebc-0eb4e2e2a14b1fc4,0.5914149443561209,0.6058631921824105
08cf0478-cf474a42302061bb,8532d5ed-e56d613d9e34734b,0.5910931174089069,0.6186440677966102
1f6b81b1-5b2cd71aff307a38,cfba313d-96627cf80535b35d,0.5901639344262295,0.6286764705882353
487c9f62-7eec6fd25ec3903d,175201f9-29a63f3073d1212f,0.5900621118012422,0.6884057971014492
0f09b843-a169d06ba2070f2e,ab7507bf-cfb7470e23cb45dc,0.5897435897435898,0.6052631578947368
35bb6075-720cdb4a7c64c6cd,a2cf5634-50a35a847b217df3,0.5893416927899686,0.6550522648083623
51151974-bb8053de078aa97d,fdd41565-d026425f11fe71fd,0.5886792452830188,0.5954198473282443
08cf0478-cf474a42302061bb,ab7507bf-cfb7470e23cb45dc,0.5882352941176471,0.5932203389830508
4685c420-34caaa19b5555fa4,98950986-d24a1d74ca0bc0c5,0.5870646766169154,0.6145833333333334
8782922d-b6272ba0ec663c70,97a7fab5-c8910bb2ec5c2935,0.5868725868725869,0.6846846846846847
08cf0478-cf474a42302061bb,0ea5a836-8314c5dfb34c8bab,0.5868263473053892,0.8305084745762712
42fe7dd0-ae8f546af908b5fe,b55888de-ca2300bd54fb3fd5,0.5864661654135338,0.639344262295082
1d43139f-a08be36b098f0971,86102d81-85b3e078083a5c18,0.5857142857142857,0.6212121212121212
86102d81-85b3e078083a5c18,4241f473-734711fff505529f,0.584717607973422,0.5945945945945946
8532d5ed-e56d613d9e34734b,487c9f62-7eec6fd25ec3903d,0.5842696629213483,0.6046511627906976
585af783-1941371b4a80bb80,35857a5a-8cd2a4bd9f3acd96,0.5826771653543307,0.7602739726027398
4241f473-734711fff505529f,35857a5a-8cd2a4bd9f3acd96,0.5824742268041238,0.738562091503268
8532d5ed-e56d613d9e34734b,4241f473-734711fff505529f,0.5815602836879432,0.6356589147286822
ae4d5b49-62ede50d39b5202a,c4ca2ff3-8002e9fb1de21148,0.5797101449275363,0.6153846153846154
ccc8ef27-962b4c2d0adf3e00,c4ca2ff3-8002e9fb1de21148,0.5797101449275363,0.6153846153846154
d6fb3b9e-f5435586daf6a49b,c4ca2ff3-8002e9fb1de21148,0.5797101449275363,0.6153846153846154
c23278ec-650f3957a6da68ca,97a7fab5-c8910bb2ec5c2935,0.5782312925170068,0.5821917808219178
1d43139f-a08be36b098f0971,487c9f62-7eec6fd25ec3903d,0.5777777777777777,0.5909090909090909
26ad111c-6f110a9e517fc801,464ad4dd-9978f63cac804e5b,0.5777777777777777,0.6546762589928058
8532d5ed-e56d613d9e34734b,97a7fab5-c8910bb2ec5c2935,0.5776173285198556,0.6201550387596899
8532d5ed-e56d613d9e34734b,51151974-bb8053de078aa97d,0.5769230769230769,0.5813953488372093
f665e87b-932fba185362154d,a2cf5634-50a35a847b217df3,0.5760517799352751,0.6666666666666666
f665e87b-f01b7cfb37168ad5,a2cf5634-50a35a847b217df3,0.5760517799352751,0.6666666666666666
d3a0b8d2-95a57759ca7f4494,ae4d5b49-62ede50d39b5202a,0.576,0.6
00af3420-6a22b980be3bebb8,26ad111c-6f110a9e517fc801,0.5757575757575758,0.608
bdf7bfb2-dc5f2f3e1ffc8032,26ad111c-6f110a9e517fc801,0.5757575757575758,0.608
1d43139f-a08be36b098f0971,4241f473-734711fff505529f,0.5754385964912281,0.6212121212121212
d83f74f7-23bcf7dad899d241,b434c275-276b6ce441c4669e,0.5751173708920188,0.5778301886792453
d83f74f7-23bcf7dad899d241,9399204d-6515f9b4b4661ed8,0.5751173708920188,0.5778301886792453
d83f74f7-23bcf7dad899d241,fdc4f384-81c2afc418e72aef,0.5751173708920188,0.5778301886792453
3088ca9c-f1011bb8e87b3927,7a9c69d8-25b66767c6bfef75,0.575,0.6052631578947368
3088ca9c-f1011bb8e87b3927,6f393cfe-f27eb766dce24503,0.575,0.6052631578947368
ed728769-26de3db1e5ddc0f9,dff5ff0a-4c22ff53e6acbc9b,0.5746031746031746,0.6328671328671329
3c74c140-a93ee473b71ac072,77448a05-1dfe65e51fa688fd,0.5742251223491027,0.584717607973422
f665e87b-932fba185362154d,35bb6075-720cdb4a7c64c6cd,0.5740072202166066,0.5955056179775281
f665e87b-f01b7cfb37168ad5,35bb6075-720cdb4a7c64c6cd,0.5740072202166066,0.5955056179775281
35857a5a-8cd2a4bd9f3acd96,f665e87b-932fba185362154d,0.5737051792828686,0.6127659574468085
35857a5a-8cd2a4bd9f3acd96,f665e87b-f01b7cfb37168ad5,0.5737051792828686,0.6127659574468085
487c9f62-7eec6fd25ec3903d,86102d81-85b3e078083a5c18,0.5734265734265734,0.5942028985507246
51151974-bb8053de078aa97d,585af783-1941371b4a80bb80,0.5703971119133574,0.6030534351145038
c4ca2ff3-8002e9fb1de21148,ab7507bf-cfb7470e23cb45dc,0.5699481865284974,0.7534246575342466
6018974f-796cead4caace323,8782922d-b6272ba0ec663c70,0.5698324022346368,0.75
c4ca2ff3-8002e9fb1de21148,6be4dcef-d802164d63afa92e,0.569620253164557,0.6164383561643836
585af783-1941371b4a80bb80,c23278ec-650f3957a6da68ca,0.5684931506849316,0.5684931506849316
8782922d-b6272ba0ec663c70,585af783-1941371b4a80bb80,0.5680933852140078,0.6576576576576577
00af3420-6a22b980be3bebb8,8532d5ed-e56d613d9e34734b,0.5669291338582677,0.576
bdf7bfb2-dc5f2f3e1ffc8032,8532d5ed-e56d613d9e34734b,0.5669291338582677,0.576
175201f9-29a63f3073d1212f,4da08761-2765de8ab5de2a01,0.5663265306122449,0.6032608695652174
08cf0478-cf474a42302061bb,9e7551da-8b58fac3a9eaef98,0.5655737704918032,0.5847457627118644
08cf0478-cf474a42302061bb,f0e13442-3615d4e91a6c5bd9,0.5655737704918032,0.5847457627118644
4e5ee0f7-8030183228b7a8d5,f665e87b-932fba185362154d,0.5648535564853556,0.6398104265402843
4e5ee0f7-8030183228b7a8d5,f665e87b-f01b7cfb37168ad5,0.5648535564853556,0.6398104265402843
f665e87b-932fba185362154d,77448a05-1dfe65e51fa688fd,0.5630397236614854,0.6104868913857678
f665e87b-f01b7cfb37168ad5,77448a05-1dfe65e51fa688fd,0.5630397236614854,0.6104868913857678
97a7fab5-c8910bb2ec5c2935,4e5ee0f7-8030183228b7a8d5,0.5626740947075209,0.6824324324324325
00af3420-6a22b980be3bebb8,51151974-bb8053de078aa97d,0.5625,0.576
bdf7bfb2-dc5f2f3e1ffc8032,51151974-bb8053de078aa97d,0.5625,0.576
86102d81-85b3e078083a5c18,464ad4dd-9978f63cac804e5b,0.5617283950617284,0.6148648648648649
26ad111c-6f110a9e517fc801,4241f473-734711fff505529f,0.5616438356164384,0.5899280575539568
5449d33c-c3fa056747e67e0b,86102d81-85b3e078083a5c18,0.5615384615384615,0.6517857142857143
08cf0478-cf474a42302061bb,585af783-1941371b4a80bb80,0.5606060606060606,0.6271186440677966
487c9f62-7eec6fd25ec3903d,464ad4dd-9978f63cac804e5b,0.5605095541401274,0.6376811594202898
08cf0478-cf474a42302061bb,26ad111c-6f110a9e517fc801,0.5603112840466926,0.6101694915254238
b0a01ee7-a88cb875e376e2ba,7a9c69d8-25b66767c6bfef75,0.56,0.6363636363636364
b0a01ee7-a88cb875e376e2ba,6f393cfe-f27eb766dce24503,0.56,0.6363636363636364
07043d35-d508fb40e7ba58e1,f665e87b-932fba185362154d,0.5595463137996219,0.5648854961832062
07043d35-d508fb40e7ba58e1,f665e87b-f01b7cfb37168ad5,0.5595463137996219,0.5648854961832062
97a7fab5-c8910bb2ec5c2935,15941165-e7a0000e57984fda,0.5590062111801242,0.6081081081081081
66565156-e830bc6dfc3d34ae,4241f473-734711fff505529f,0.5584905660377358,0.6607142857142857
40132ebc-0eb4e2e2a14b1fc4,732c98a0-5659f20742b2f453,0.5579268292682927,0.5683229813664596
40132ebc-0eb4e2e2a14b1fc4,732c98a0-0117162249c9d715,0.5579268292682927,0.5683229813664596
732c98a0-5659f20742b2f453,a2cf5634-50a35a847b217df3,0.5576642335766423,0.5718562874251497
732c98a0-0117162249c9d715,a2cf5634-50a35a847b217df3,0.5576642335766423,0.5718562874251497
8a041ef5-22f968305d57262e,1f6b81b1-5b2cd71aff307a38,0.5566037735849056,0.7763157894736842
4e5ee0f7-8030183228b7a8d5,40132ebc-0eb4e2e2a14b1fc4,0.5553470919324578,0.7014218009478673
42fe7dd0-ae8f546af908b5fe,3088ca9c-f1011bb8e87b3927,0.5547445255474452,0.6229508196721312
778c91af-ba102667da83f00a,732c98a0-5659f20742b2f453,0.5544217687074829,0.6417322834645669
778c91af-ba102667da83f00a,732c98a0-0117162249c9d715,0.5544217687074829,0.6417322834645669
9291ca83-b2b16ed7b0bb365a,ccc8ef27-962b4c2d0adf3e00,0.5538461538461539,0.5538461538461539
9291ca83-b2b16ed7b0bb365a,f7a0ea6d-b8e74e9785d59e88,0.5538461538461539,0.5538461538461539
9291ca83-b2b16ed7b0bb365a,d6fb3b9e-f5435586daf6a49b,0.5538461538461539,0.5538461538461539
4241f473-734711fff505529f,f665e87b-932fba185362154d,0.5523809523809524,0.7581699346405228
4241f473-734711fff505529f,f665e87b-f01b7cfb37168ad5,0.5523809523809524,0.7581699346405228
26ad111c-6f110a9e517fc801,0ea5a836-8314c5dfb34c8bab,0.5521126760563381,0.7050359712230215
b55888de-ca2300bd54fb3fd5,c4ca2ff3-8002e9fb1de21148,0.5517241379310345,0.5555555555555556
5449d33c-c3fa056747e67e0b,4241f473-734711fff505529f,0.5509433962264151,0.6517857142857143
07043d35-d508fb40e7ba58e1,3c74c140-a93ee473b71ac072,0.5506216696269982,0.5916030534351145
3b10bd6d-cb4bc04c8307b4f8,f2cf6a74-c36cd3e8f935af24,0.55,0.5641025641025641
fdd41565-d026425f11fe71fd,585af783-1941371b4a80bb80,0.55,0.5746268656716418
08cf0478-cf474a42302061bb,175201f9-29a63f3073d1212f,0.5496688741721855,0.7033898305084746
00af3420-6a22b980be3bebb8,86102d81-85b3e078083a5c18,0.5494505494505495,0.6
bdf7bfb2-dc5f2f3e1ffc8032,86102d81-85b3e078083a5c18,0.5494505494505495,0.6
0ea5a836-8314c5dfb34c8bab,778c91af-ba102667da83f00a,0.548936170212766,0.5972222222222222
a5d5a95f-106627618ba094d2,487c9f62-7eec6fd25ec3903d,0.5475285171102662,0.576
f665e87b-932fba185362154d,40132ebc-0eb4e2e2a14b1fc4,0.5466893039049237,0.602996254681648
f665e87b-f01b7cfb37168ad5,40132ebc-0eb4e2e2a14b1fc4,0.5466893039049237,0.602996254681648
ab7507bf-cfb7470e23cb45dc,8532d5ed-e56d613d9e34734b,0.5461847389558233,0.5666666666666667
f665e87b-932fba185362154d,732c98a0-5659f20742b2f453,0.5457570715474209,0.6142322097378277
f665e87b-932fba185362154d,732c98a0-0117162249c9d715,0.5457570715474209,0.6142322097378277
f665e87b-f01b7cfb37168ad5,732c98a0-5659f20742b2f453,0.5457570715474209,0.6142322097378277
f665e87b-f01b7cfb37168ad5,732c98a0-0117162249c9d715,0.5457570715474209,0.6142322097378277
9e7551da-8b58fac3a9eaef98,487c9f62-7eec6fd25ec3903d,0.5454545454545454,0.5714285714285714
3088ca9c-f1011bb8e87b3927,3b10bd6d-cb4bc04c8307b4f8,0.5454545454545454,0.5526315789473685
46bde295-e51fa6bd867e4ba5,8a858867-b9bbeece66de3f0d,0.5454545454545454,0.6428571428571429
f0e13442-3615d4e91a6c5bd9,487c9f62-7eec6fd25ec3903d,0.5454545454545454,0.5714285714285714
08cf0478-cf474a42302061bb,8cfe3ee0-900555a974d03516,0.5454545454545454,0.6610169491525424
d61f51c5-432a54c5bebe32fa,778c91af-ba102667da83f00a,0.5454545454545454,0.589041095890411
86102d81-85b3e078083a5c18,d61f51c5-432a54c5bebe32fa,0.5449591280653951,0.6756756756756757
9e7551da-8b58fac3a9eaef98,51151974-bb8053de078aa97d,0.5447470817120622,0.5555555555555556
f0e13442-3615d4e91a6c5bd9,51151974-bb8053de078aa97d,0.5447470817120622,0.5555555555555556
4e5ee0f7-8030183228b7a8d5,339fdc7f-08ea3facdbf2e797,0.5444015444015444,0.6682464454976303
3b10bd6d-cb4bc04c8307b4f8,17e67976-1c13712beab98d62,0.5443037974683544,0.5512820512820513
86102d81-85b3e078083a5c18,8cfe3ee0-900555a974d03516,0.5443037974683544,0.581081081081081
778c91af-ba102667da83f00a,35bb6075-720cdb4a7c64c6cd,0.5434380776340111,0.5787401574803149
17e67976-1c13712beab98d62,f2cf6a74-c36cd3e8f935af24,0.5432098765432098,0.55
9e7551da-8b58fac3a9eaef98,1d43139f-a08be36b098f0971,0.5426356589147286,0.5555555555555556
f0e13442-3615d4e91a6c5bd9,1d43139f-a08be36b098f0971,0.5426356589147286,0.5555555555555556
8782922d-b6272ba0ec663c70,a5d5a95f-106627618ba094d2,0.5423728813559322,0.5765765765765766
487c9f62-7eec6fd25ec3903d,0ea5a836-8314c5dfb34c8bab,0.5423728813559322,0.6956521739130435
f38ae053-1cc93e66c41ccafa,6e7cd58b-9e00f3e11d7fd578,0.5420875420875421,0.624031007751938
51151974-bb8053de078aa97d,c23278ec-650f3957a6da68ca,0.5415162454873647,0.5725190839694656
8782922d-b6272ba0ec663c70,4e5ee0f7-8030183228b7a8d5,0.5403726708074534,0.7837837837837838
ae4d5b49-62ede50d39b5202a,b55888de-ca2300bd54fb3fd5,0.5401459854014599,0.5692307692307692
42fe7dd0-ae8f546af908b5fe,ae4d5b49-62ede50d39b5202a,0.5396825396825397,0.5573770491803278
8a858867-b9bbeece66de3f0d,585af783-1941371b4a80bb80,0.5376344086021505,0.5639097744360902
5449d33c-c3fa056747e67e0b,fdd41565-d026425f11fe71fd,0.5365853658536586,0.5892857142857143
f665e87b-932fba185362154d,339fdc7f-08ea3facdbf2e797,0.5365853658536586,0.5767790262172284
f665e87b-f01b7cfb37168ad5,339fdc7f-08ea3facdbf2e797,0.5365853658536586,0.5767790262172284
1a6f8b20-46e2136e681f3c6f,4685c420-34caaa19b5555fa4,0.5363128491620112,0.5783132530120482
0ea5a836-8314c5dfb34c8bab,a2cf5634-50a35a847b217df3,0.5361552028218695,0.7037037037037037
00af3420-6a22b980be3bebb8,15941165-e7a0000e57984fda,0.5351170568561873,0.64
585af783-1941371b4a80bb80,4241f473-734711fff505529f,0.5351170568561873,0.547945205479452
bdf7bfb2-dc5f2f3e1ffc8032,15941165-e7a0000e57984fda,0.5351170568561873,0.64
8a858867-b9bbeece66de3f0d,f665e87b-932fba185362154d,0.535,0.8045112781954887
8a858867-b9bbeece66de3f0d,f665e87b-f01b7cfb37168ad5,0.535,0.8045112781954887
175201f9-29a63f3073d1212f,0ea5a836-8314c5dfb34c8bab,0.535,0.5815217391304348
86102d81-85b3e078083a5c18,77448a05-1dfe65e51fa688fd,0.5347826086956522,0.831081081081081
7814575b-d53f200ab383f03f,98950986-d24a1d74ca0bc0c5,0.5347593582887701,0.6097560975609756
3088ca9c-f1011bb8e87b3927,6be4dcef-d802164d63afa92e,0.5341614906832298,0.5657894736842105
35bb6075-720cdb4a7c64c6cd,3c74c140-a93ee473b71ac072,0.5340136054421769,0.5470383275261324
4241f473-734711fff505529f,4e5ee0f7-8030183228b7a8d5,0.532967032967033,0.6339869281045751
0ea5a836-8314c5dfb34c8bab,35bb6075-720cdb4a7c64c6cd,0.532803180914513,0.6203703703703703
fdd41565-d026425f11fe71fd,15941165-e7a0000e57984fda,0.5324675324675324,0.6119402985074627
f665e87b-932fba185362154d,3c74c140-a93ee473b71ac072,0.5316901408450704,0.5655430711610487
f665e87b-f01b7cfb37168ad5,3c74c140-a93ee473b71ac072,0.5316901408450704,0.5655430711610487
8a041ef5-22f968305d57262e,cfba313d-96627cf80535b35d,0.5310119695321001,0.8026315789473685
66565156-e830bc6dfc3d34ae,86102d81-85b3e078083a5c18,0.5307692307692308,0.6160714285714286
35857a5a-8cd2a4bd9f3acd96,f6ed6826-065d31f19f562fcc,0.5305263157894737,0.5361702127659574
07043d35-d508fb40e7ba58e1,732c98a0-5659f20742b2f453,0.5302013422818792,0.6030534351145038
07043d35-d508fb40e7ba58e1,732c98a0-0117162249c9d715,0.5302013422818792,0.6030534351145038
ab7507bf-cfb7470e23cb45dc,97a7fab5-c8910bb2ec5c2935,0.5298507462686567,0.5916666666666667
3c74c140-a93ee473b71ac072,40132ebc-0eb4e2e2a14b1fc4,0.5296950240770465,0.5481727574750831
7a9c69d8-25b66767c6bfef75,55ab9b5d-97aa2decf67ee58c,0.5294117647058824,0.5357142857142857
6f393cfe-f27eb766dce24503,55ab9b5d-97aa2decf67ee58c,0.5294117647058824,0.5357142857142857
487c9f62-7eec6fd25ec3903d,8cfe3ee0-900555a974d03516,0.5294117647058824,0.5869565217391305
b55888de-ca2300bd54fb3fd5,1a6f8b20-46e2136e681f3c6f,0.5290322580645161,0.5694444444444444
8782922d-b6272ba0ec663c70,51151974-bb8053de078aa97d,0.5289256198347108,0.5765765765765766
66565156-e830bc6dfc3d34ae,f6ed6826-065d31f19f562fcc,0.5284090909090909,0.8303571428571429
d3a0b8d2-95a57759ca7f4494,ccc8ef27-962b4c2d0adf3e00,0.528,0.55
d3a0b8d2-95a57759ca7f4494,d6fb3b9e-f5435586daf6a49b,0.528,0.55
35857a5a-8cd2a4bd9f3acd96,339fdc7f-08ea3facdbf2e797,0.5276752767527675,0.6085106382978723
585af783-1941371b4a80bb80,b9595381-1fe2b09ec26b73ed,0.5274151436031331,0.6917808219178082
86102d81-85b3e078083a5c18,97a7fab5-c8910bb2ec5c2935,0.527027027027027,0.527027027027027
ccc8ef27-962b4c2d0adf3e00,1a6f8b20-46e2136e681f3c6f,0.527027027027027,0.6
d6fb3b9e-f5435586daf6a49b,1a6f8b20-46e2136e681f3c6f,0.527027027027027,0.6
ab7507bf-cfb7470e23cb45dc,e5d02e93-9702b854ca246425,0.5266106442577031,0.7833333333333333
9291ca83-b2b16ed7b0bb365a,a5d5a95f-106627618ba094d2,0.5263157894736842,0.7692307692307693
656b62de-07e003f6fc62643b,1f6b81b1-5b2cd71aff307a38,0.5252263906856404,0.8864628820960698
8782922d-b6272ba0ec663c70,8532d5ed-e56d613d9e34734b,0.525,0.5675675675675675
8782922d-b6272ba0ec663c70,8a858867-b9bbeece66de3f0d,0.5245901639344263,0.5765765765765766
51151974-bb8053de078aa97d,0ea5a836-8314c5dfb34c8bab,0.5244956772334294,0.6946564885496184
0f09b843-a169d06ba2070f2e,4241f473-734711fff505529f,0.5243445692883895,0.6140350877192983
8a858867-b9bbeece66de3f0d,464ad4dd-9978f63cac804e5b,0.5242718446601942,0.6090225563909775
9291ca83-b2b16ed7b0bb365a,17e67976-1c13712beab98d62,0.5241379310344828,0.5846153846153846
00af3420-6a22b980be3bebb8,c23278ec-650f3957a6da68ca,0.5239852398523985,0.568
bdf7bfb2-dc5f2f3e1ffc8032,c23278ec-650f3957a6da68ca,0.5239852398523985,0.568
a5d5a95f-106627618ba094d2,585af783-1941371b4a80bb80,0.5239852398523985,0.568
9291ca83-b2b16ed7b0bb365a,7a9c69d8-25b66767c6bfef75,0.5234899328859061,0.6
f7a0ea6d-b8e74e9785d59e88,7a9c69d8-25b66767c6bfef75,0.5234899328859061,0.6
9291ca83-b2b16ed7b0bb365a,6f393cfe-f27eb766dce24503,0.5234899328859061,0.6
f7a0ea6d-b8e74e9785d59e88,6f393cfe-f27eb766dce24503,0.5234899328859061,0.6
7d12d33c-b4c3d5f6730bc23d,2a35cd81-0aeb43004eb108dd,0.5228758169934641,0.5529953917050692
8532d5ed-e56d613d9e34734b,26ad111c-6f110a9e517fc801,0.5223880597014925,0.5426356589147286
26ad111c-6f110a9e517fc801,f665e87b-932fba185362154d,0.5221674876847291,0.762589928057554
26ad111c-6f110a9e517fc801,f665e87b-f01b7cfb37168ad5,0.5221674876847291,0.762589928057554
8782922d-b6272ba0ec663c70,0c9d4def-6a3de0efe209485b,0.5220588235294118,0.6396396396396397
07043d35-d508fb40e7ba58e1,6e7cd58b-9e00f3e11d7fd578,0.5217391304347826,0.5954198473282443
ae4d5b49-62ede50d39b5202a,4685c420-34caaa19b5555fa4,0.5217391304347826,0.6461538461538462
35bb6075-720cdb4a7c64c6cd,732c98a0-5659f20742b2f453,0.5217391304347826,0.5644599303135889
35bb6075-720cdb4a7c64c6cd,732c98a0-0117162249c9d715,0.5217391304347826,0.5644599303135889
c23278ec-650f3957a6da68ca,175201f9-29a63f3073d1212f,0.5212121212121212,0.589041095890411
487c9f62-7eec6fd25ec3903d,c23278ec-650f3957a6da68ca,0.5211267605633803,0.5362318840579711
7814575b-d53f200ab383f03f,c6113c06-d4ec0a6afa4cb16c,0.5207100591715976,0.5365853658536586
6018974f-796cead4caace323,3b10bd6d-cb4bc04c8307b4f8,0.5205479452054794,0.5588235294117647
b0a01ee7-a88cb875e376e2ba,17e67976-1c13712beab98d62,0.5205479452054794,0.5757575757575758
0c9d4def-6a3de0efe209485b,35857a5a-8cd2a4bd9f3acd96,0.5202020202020202,0.639751552795031
a5d5a95f-106627618ba094d2,86102d81-85b3e078083a5c18,0.5201465201465202,0.568
b55888de-ca2300bd54fb3fd5,3b10bd6d-cb4bc04c8307b4f8,0.52,0.5416666666666666
1d43139f-a08be36b098f0971,464ad4dd-9978f63cac804e5b,0.5194805194805194,0.6060606060606061
ab7507bf-cfb7470e23cb45dc,487c9f62-7eec6fd25ec3903d,0.5193798449612403,0.5583333333333333
51151974-bb8053de078aa97d,77448a05-1dfe65e51fa688fd,0.5191873589164786,0.8778625954198473
98950986-d24a1d74ca0bc0c5,8782922d-b6272ba0ec663c70,0.5185185185185185,0.5333333333333333
487c9f62-7eec6fd25ec3903d,a368f345-4f26b824059bf5f9,0.5185185185185185,0.7101449275362319
97a7fab5-c8910bb2ec5c2935,0c9d4def-6a3de0efe209485b,0.517799352750809,0.5405405405405406
26ad111c-6f110a9e517fc801,15941165-e7a0000e57984fda,0.5175718849840255,0.5827338129496403
86102d81-85b3e078083a5c18,778c91af-ba102667da83f00a,0.5174129353233831,0.7027027027027027
a5d5a95f-106627618ba094d2,fdd41565-d026425f11fe71fd,0.5173745173745173,0.536
778c91af-ba102667da83f00a,40132ebc-0eb4e2e2a14b1fc4,0.5173611111111112,0.5866141732283464
35857a5a-8cd2a4bd9f3acd96,40132ebc-0eb4e2e2a14b1fc4,0.5170556552962298,0.6127659574468085
08cf0478-cf474a42302061bb,b8b08542-ed329a5d344748ed,0.5161290322580645,0.6779661016949152
08cf0478-cf474a42302061bb,d783d815-fcfd47fa9b8bb15b,0.5161290322580645,0.6779661016949152
08cf0478-cf474a42302061bb,d783d815-9c6f6853f561f0ed,0.5161290322580645,0.6779661016949152
175201f9-29a63f3073d1212f,778c91af-ba102667da83f00a,0.5159817351598174,0.6141304347826086
778c91af-ba102667da83f00a,3c74c140-a93ee473b71ac072,0.5153153153153153,0.562992125984252
1b372750-4ec55bfec37eb837,8a041ef5-22f968305d57262e,0.5150976909413855,0.5598455598455598
4e5ee0f7-8030183228b7a8d5,f6ed6826-065d31f19f562fcc,0.5144124168514412,0.5497630331753555
6018974f-796cead4caace323,b55888de-ca2300bd54fb3fd5,0.5142857142857142,0.5294117647058824
51151974-bb8053de078aa97d,175201f9-29a63f3073d1212f,0.5142857142857142,0.6183206106870229
8cfe3ee0-900555a974d03516,732c98a0-5659f20742b2f453,0.5139442231075697,0.7678571428571429
8cfe3ee0-900555a974d03516,732c98a0-0117162249c9d715,0.5139442231075697,0.7678571428571429
ab7507bf-cfb7470e23cb45dc,8a858867-b9bbeece66de3f0d,0.5138339920948617,0.5416666666666666
4241f473-734711fff505529f,15941165-e7a0000e57984fda,0.5137614678899083,0.5490196078431373
d92c5342-53771e54c54e60c0,40cc90ae-a1888e38f4a2438d,0.513715710723192,0.5255102040816326
5449d33c-c3fa056747e67e0b,08cf0478-cf474a42302061bb,0.5130434782608696,0.5267857142857143
0f14b12d-fee145b04c8d2e7d,2a35cd81-0aeb43004eb108dd,0.5125,0.5168067226890757
15941165-e7a0000e57984fda,f665e87b-932fba185362154d,0.5124716553287982,0.6494252873563219
15941165-e7a0000e57984fda,f665e87b-f01b7cfb37168ad5,0.5124716553287982,0.6494252873563219
b55888de-ca2300bd54fb3fd5,51151974-bb8053de078aa97d,0.5123152709359606,0.7222222222222222
3c74c140-a93ee473b71ac072,a2cf5634-50a35a847b217df3,0.5122699386503068,0.5548172757475083
7814575b-d53f200ab383f03f,55ab9b5d-97aa2decf67ee58c,0.5119047619047619,0.524390243902439
35857a5a-8cd2a4bd9f3acd96,76a69f5c-5a0e3ae2a5ff1ef0,0.51171875,0.5574468085106383
0c9d4def-6a3de0efe209485b,76a69f5c-5a0e3ae2a5ff1ef0,0.5114155251141552,0.6956521739130435
0c9d4def-6a3de0efe209485b,07043d35-d508fb40e7ba58e1,0.5106382978723404,0.6708074534161491
9291ca83-b2b16ed7b0bb365a,3088ca9c-f1011bb8e87b3927,0.5106382978723404,0.5538461538461539
5449d33c-c3fa056747e67e0b,51151974-bb8053de078aa97d,0.5102880658436214,0.5535714285714286
08cf0478-cf474a42302061bb,00af3420-6a22b980be3bebb8,0.5102880658436214,0.5254237288135594
08cf0478-cf474a42302061bb,bdf7bfb2-dc5f2f3e1ffc8032,0.5102880658436214,0.5254237288135594
f2cf6a74-c36cd3e8f935af24,0f09b843-a169d06ba2070f2e,0.5102040816326531,0.6097560975609756
464ad4dd-9978f63cac804e5b,0ea5a836-8314c5dfb34c8bab,0.5102040816326531,0.5681818181818182
6e7cd58b-9e00f3e11d7fd578,a2cf5634-50a35a847b217df3,0.5094614264919942,0.5208333333333334
e5d02e93-9702b854ca246425,f38ae053-1cc93e66c41ccafa,0.509090909090909,0.5316455696202531
26ad111c-6f110a9e517fc801,d61f51c5-432a54c5bebe32fa,0.5083798882681564,0.6546762589928058
42fe7dd0-ae8f546af908b5fe,ccc8ef27-962b4c2d0adf3e00,0.5079365079365079,0.5245901639344263
42fe7dd0-ae8f546af908b5fe,d6fb3b9e-f5435586daf6a49b,0.5079365079365079,0.5245901639344263
9e7551da-8b58fac3a9eaef98,fdd41565-d026425f11fe71fd,0.5076923076923077,0.5238095238095238
f0e13442-3615d4e91a6c5bd9,fdd41565-d026425f11fe71fd,0.5076923076923077,0.5238095238095238
fdd41565-d026425f11fe71fd,487c9f62-7eec6fd25ec3903d,0.5073529411764706,0.5149253731343284
b0a01ee7-a88cb875e376e2ba,3088ca9c-f1011bb8e87b3927,0.5070422535211268,0.5454545454545454
175201f9-29a63f3073d1212f,f38ae053-1cc93e66c41ccafa,0.5067873303167421,0.6086956521739131
6018974f-796cead4caace323,7814575b-d53f200ab383f03f,0.5066666666666667,0.5588235294117647
45e41c6d-14603621c555c558,f2cf6a74-c36cd3e8f935af24,0.5066666666666667,0.5588235294117647
585af783-1941371b4a80bb80,15941165-e7a0000e57984fda,0.50625,0.5547945205479452
66565156-e830bc6dfc3d34ae,8532d5ed-e56d613d9e34734b,0.5062240663900415,0.5446428571428571
97a7fab5-c8910bb2ec5c2935,464ad4dd-9978f63cac804e5b,0.5061728395061729,0.5540540540540541
778c91af-ba102667da83f00a,a2cf5634-50a35a847b217df3,0.5057851239669422,0.6023622047244095
8cfe3ee0-900555a974d03516,0ea5a836-8314c5dfb34c8bab,0.5052083333333334,0.5773809523809523
97a7fab5-c8910bb2ec5c2935,4241f473-734711fff505529f,0.5049833887043189,0.5135135135135135
30e0cc81-e37591091c959b0f,a2cf5634-50a35a847b217df3,0.504258943781942,0.6271186440677966
585af783-1941371b4a80bb80,4e5ee0f7-8030183228b7a8d5,0.5042016806722689,0.6164383561643836
9291ca83-b2b16ed7b0bb365a,b0a01ee7-a88cb875e376e2ba,0.5038167938931297,0.5076923076923077
9e7551da-8b58fac3a9eaef98,86102d81-85b3e078083a5c18,0.5036496350364964,0.5476190476190477
f0e13442-3615d4e91a6c5bd9,86102d81-85b3e078083a5c18,0.5036496350364964,0.5476190476190477
585af783-1941371b4a80bb80,86102d81-85b3e078083a5c18,0.5034013605442177,0.5068493150684932
ae4d5b49-62ede50d39b5202a,55ab9b5d-97aa2decf67ee58c,0.5033112582781457,0.5846153846153846
d92c5342-53771e54c54e60c0,b434c275-276b6ce441c4669e,0.502770083102493,0.6173469387755102
d92c5342-53771e54c54e60c0,9399204d-6515f9b4b4661ed8,0.502770083102493,0.6173469387755102
d92c5342-53771e54c54e60c0,fdc4f384-81c2afc418e72aef,0.502770083102493,0.6173469387755102
585af783-1941371b4a80bb80,0ea5a836-8314c5dfb34c8bab,0.5027624309392266,0.6232876712328768
3c74c140-a93ee473b71ac072,6e7cd58b-9e00f3e11d7fd578,0.5023547880690737,0.53156146179402
175201f9-29a63f3073d1212f,732c98a0-5659f20742b2f453,0.5019305019305019,0.7065217391304348
175201f9-29a63f3073d1212f,732c98a0-0117162249c9d715,0.5019305019305019,0.7065217391304348
ab7507bf-cfb7470e23cb45dc,26ad111c-6f110a9e517fc801,0.5019305019305019,0.5416666666666666
1d43139f-a08be36b098f0971,97a7fab5-c8910bb2ec5c2935,0.5,0.5303030303030303
d3a0b8d2-95a57759ca7f4494,7a9c69d8-25b66767c6bfef75,0.5,0.6
b0a01ee7-a88cb875e376e2ba,3b10bd6d-cb4bc04c8307b4f8,0.5,0.5454545454545454
487c9f62-7eec6fd25ec3903d,585af783-1941371b4a80bb80,0.5,0.5144927536231884
51151974-bb8053de078aa97d,0c9d4def-6a3de0efe209485b,0.5,0.5572519083969466
d3a0b8d2-95a57759ca7f4494,3088ca9c-f1011bb8e87b3927,0.5,0.5666666666666667
b55888de-ca2300bd54fb3fd5,ab7507bf-cfb7470e23cb45dc,0.5,0.6666666666666666
d3a0b8d2-95a57759ca7f4494,b55888de-ca2300bd54fb3fd5,0.5,0.55
d3a0b8d2-95a57759ca7f4494,6f393cfe-f27eb766dce24503,0.5,0.6
4241f473-734711fff505529f,f6ed6826-065d31f19f562fcc,0.49872773536895676,0.6405228758169934
487c9f62-7eec6fd25ec3903d,d61f51c5-432a54c5bebe32fa,0.49859943977591037,0.644927536231884
8a858867-b9bbeece66de3f0d,0ea5a836-8314c5dfb34c8bab,0.498567335243553,0.6541353383458647
08cf0478-cf474a42302061bb,d61f51c5-432a54c5bebe32fa,0.49851632047477745,0.711864406779661
a5d5a95f-106627618ba094d2,464ad4dd-9978f63cac804e5b,0.4983388704318937,0.6
5449d33c-c3fa056747e67e0b,00af3420-6a22b980be3bebb8,0.4978902953586498,0.5267857142857143
5449d33c-c3fa056747e67e0b,bdf7bfb2-dc5f2f3e1ffc8032,0.4978902953586498,0.5267857142857143
42fe7dd0-ae8f546af908b5fe,66565156-e830bc6dfc3d34ae,0.49710982658959535,0.7049180327868853
9e7551da-8b58fac3a9eaef98,0ea5a836-8314c5dfb34c8bab,0.49707602339181284,0.6746031746031746
f0e13442-3615d4e91a6c5bd9,0ea5a836-8314c5dfb34c8bab,0.49707602339181284,0.6746031746031746
d3a0b8d2-95a57759ca7f4494,6be4dcef-d802164d63afa92e,0.496551724137931,0.6
6018974f-796cead4caace323,c4ca2ff3-8002e9fb1de21148,0.49645390070921985,0.5147058823529411
00af3420-6a22b980be3bebb8,4241f473-734711fff505529f,0.49640287769784175,0.552
a5d5a95f-106627618ba094d2,4241f473-734711fff505529f,0.49640287769784175,0.552
bdf7bfb2-dc5f2f3e1ffc8032,4241f473-734711fff505529f,0.49640287769784175,0.552
ab7507bf-cfb7470e23cb45dc,585af783-1941371b4a80bb80,0.49624060150375937,0.55
ccc8ef27-962b4c2d0adf3e00,45e41c6d-14603621c555c558,0.49624060150375937,0.5076923076923077
d6fb3b9e-f5435586daf6a49b,45e41c6d-14603621c555c558,0.49624060150375937,0.5076923076923077
a5d5a95f-106627618ba094d2,8a858867-b9bbeece66de3f0d,0.49612403100775193,0.512
f38ae053-1cc93e66c41ccafa,a2cf5634-50a35a847b217df3,0.49589490968801314,0.5852713178294574
77448a05-1dfe65e51fa688fd,732c98a0-5659f20742b2f453,0.4953560371517028,0.5128205128205128
77448a05-1dfe65e51fa688fd,732c98a0-0117162249c9d715,0.4953560371517028,0.5128205128205128
487c9f62-7eec6fd25ec3903d,07043d35-d508fb40e7ba58e1,0.495,0.717391304347826
487c9f62-7eec6fd25ec3903d,4241f473-734711fff505529f,0.4948453608247423,0.5217391304347826
1d43139f-a08be36b098f0971,a368f345-4f26b824059bf5f9,0.4946236559139785,0.696969696969697
00af3420-6a22b980be3bebb8,fdd41565-d026425f11fe71fd,0.4942084942084942,0.512
bdf7bfb2-dc5f2f3e1ffc8032,fdd41565-d026425f11fe71fd,0.4942084942084942,0.512
f665e87b-932fba185362154d,6e7cd58b-9e00f3e11d7fd578,0.494195688225539,0.5580524344569289
f665e87b-f01b7cfb37168ad5,6e7cd58b-9e00f3e11d7fd578,0.494195688225539,0.5580524344569289
35bb6075-720cdb4a7c64c6cd,77448a05-1dfe65e51fa688fd,0.4941569282136895,0.5156794425087108
a368f345-4f26b824059bf5f9,f38ae053-1cc93e66c41ccafa,0.4939759036144578,0.5125
8782922d-b6272ba0ec663c70,1d43139f-a08be36b098f0971,0.49382716049382713,0.5405405405405406
f6ed6826-065d31f19f562fcc,339fdc7f-08ea3facdbf2e797,0.4936014625228519,0.5625
8782922d-b6272ba0ec663c70,66565156-e830bc6dfc3d34ae,0.49327354260089684,0.4954954954954955
9291ca83-b2b16ed7b0bb365a,f8c99dd0-af74ef9023de52c3,0.4931506849315068,0.5538461538461539
d92c5342-53771e54c54e60c0,d83f74f7-23bcf7dad899d241,0.49303621169916434,0.6020408163265306
339fdc7f-08ea3facdbf2e797,0b04b41e-0b6cb88d7212030e,0.492845786963434,0.504885993485342
86102d81-85b3e078083a5c18,f38ae053-1cc93e66c41ccafa,0.49261083743842365,0.6756756756756757
ab7507bf-cfb7470e23cb45dc,86102d81-85b3e078083a5c18,0.4925373134328358,0.55
c23278ec-650f3957a6da68ca,f6ed6826-065d31f19f562fcc,0.49222797927461137,0.6506849315068494
ab7507bf-cfb7470e23cb45dc,1d43139f-a08be36b098f0971,0.49206349206349204,0.5166666666666667
86102d81-85b3e078083a5c18,35bb6075-720cdb4a7c64c6cd,0.49195402298850577,0.722972972972973
8532d5ed-e56d613d9e34734b,464ad4dd-9978f63cac804e5b,0.4918032786885246,0.5813953488372093
9291ca83-b2b16ed7b0bb365a,08cf0478-cf474a42302061bb,0.4918032786885246,0.6923076923076923
42fe7dd0-ae8f546af908b5fe,08cf0478-cf474a42302061bb,0.49162011173184356,0.7213114754098361
585af783-1941371b4a80bb80,40132ebc-0eb4e2e2a14b1fc4,0.49145299145299143,0.7876712328767124
1a6f8b20-46e2136e681f3c6f,7a9c69d8-25b66767c6bfef75,0.49101796407185627,0.4939759036144578
1a6f8b20-46e2136e681f3c6f,6f393cfe-f27eb766dce24503,0.49101796407185627,0.4939759036144578
00af3420-6a22b980be3bebb8,97a7fab5-c8910bb2ec5c2935,0.4908424908424908,0.536
bdf7bfb2-dc5f2f3e1ffc8032,97a7fab5-c8910bb2ec5c2935,0.4908424908424908,0.536
15941165-e7a0000e57984fda,f38ae053-1cc93e66c41ccafa,0.49074074074074076,0.6091954022988506
0ea5a836-8314c5dfb34c8bab,40132ebc-0eb4e2e2a14b1fc4,0.49070631970260226,0.6111111111111112
585af783-1941371b4a80bb80,464ad4dd-9978f63cac804e5b,0.4906832298136646,0.541095890410959
fdd41565-d026425f11fe71fd,464ad4dd-9978f63cac804e5b,0.49032258064516127,0.5671641791044776
0ea5a836-8314c5dfb34c8bab,07043d35-d508fb40e7ba58e1,0.4895397489539749,0.5416666666666666
a5d5a95f-106627618ba094d2,0c9d4def-6a3de0efe209485b,0.48951048951048953,0.56
339fdc7f-08ea3facdbf2e797,a2cf5634-50a35a847b217df3,0.48936170212765956,0.5244299674267101
fdd41565-d026425f11fe71fd,35bb6075-720cdb4a7c64c6cd,0.48931116389548696,0.7686567164179104
42fe7dd0-ae8f546af908b5fe,3b10bd6d-cb4bc04c8307b4f8,0.4892086330935252,0.5573770491803278
b0a01ee7-a88cb875e376e2ba,c4ca2ff3-8002e9fb1de21148,0.4892086330935252,0.5151515151515151
8782922d-b6272ba0ec663c70,08cf0478-cf474a42302061bb,0.4890829694323144,0.5045045045045045
9e7551da-8b58fac3a9eaef98,97a7fab5-c8910bb2ec5c2935,0.48905109489051096,0.5317460317460317
f0e13442-3615d4e91a6c5bd9,97a7fab5-c8910bb2ec5c2935,0.48905109489051096,0.5317460317460317
86102d81-85b3e078083a5c18,0ea5a836-8314c5dfb34c8bab,0.489010989010989,0.6013513513513513
b9595381-1fe2b09ec26b73ed,778c91af-ba102667da83f00a,0.48879837067209775,0.5063291139240507
8a858867-b9bbeece66de3f0d,d61f51c5-432a54c5bebe32fa,0.48863636363636365,0.6466165413533834
c23278ec-650f3957a6da68ca,0c9d4def-6a3de0efe209485b,0.48859934853420195,0.5136986301369864
778c91af-ba102667da83f00a,07043d35-d508fb40e7ba58e1,0.4883720930232558,0.49606299212598426
4e5ee0f7-8030183228b7a8d5,d61f51c5-432a54c5bebe32fa,0.4883720930232558,0.4976303317535545
35bb6075-720cdb4a7c64c6cd,339fdc7f-08ea3facdbf2e797,0.4882154882154882,0.5052264808362369
464ad4dd-9978f63cac804e5b,35bb6075-720cdb4a7c64c6cd,0.48812095032397407,0.6420454545454546
86102d81-85b3e078083a5c18,175201f9-29a63f3073d1212f,0.4879518072289157,0.5472972972972973
17e67976-1c13712beab98d62,7a9c69d8-25b66767c6bfef75,0.4878048780487805,0.5
17e67976-1c13712beab98d62,00af3420-6a22b980be3bebb8,0.4878048780487805,0.625
17e67976-1c13712beab98d62,bdf7bfb2-dc5f2f3e1ffc8032,0.4878048780487805,0.625
17e67976-1c13712beab98d62,6f393cfe-f27eb766dce24503,0.4878048780487805,0.5
fdd41565-d026425f11fe71fd,4241f473-734711fff505529f,0.4878048780487805,0.5223880597014925
f6ed6826-065d31f19f562fcc,76a69f5c-5a0e3ae2a5ff1ef0,0.4874274661508704,0.525
1d43139f-a08be36b098f0971,175201f9-29a63f3073d1212f,0.4873417721518987,0.5833333333333334
a368f345-4f26b824059bf5f9,a2cf5634-50a35a847b217df3,0.4873096446700508,0.6
0ea5a836-8314c5dfb34c8bab,732c98a0-5659f20742b2f453,0.48727272727272725,0.6203703703703703
0ea5a836-8314c5dfb34c8bab,732c98a0-0117162249c9d715,0.48727272727272725,0.6203703703703703
c4ca2ff3-8002e9fb1de21148,1a6f8b20-46e2136e681f3c6f,0.48717948717948717,0.5205479452054794
08cf0478-cf474a42302061bb,4241f473-734711fff505529f,0.4870848708487085,0.559322033898305
4241f473-734711fff505529f,175201f9-29a63f3073d1212f,0.486646884272997,0.5359477124183006
8782922d-b6272ba0ec663c70,86102d81-85b3e078083a5c18,0.4864864864864865,0.5675675675675675
c4ca2ff3-8002e9fb1de21148,5449d33c-c3fa056747e67e0b,0.4864864864864865,0.6164383561643836
42fe7dd0-ae8f546af908b5fe,ab7507bf-cfb7470e23cb45dc,0.4861878453038674,0.7213114754098361
15941165-e7a0000e57984fda,778c91af-ba102667da83f00a,0.48598130841121495,0.5977011494252874
8a858867-b9bbeece66de3f0d,175201f9-29a63f3073d1212f,0.48580441640378547,0.5789473684210527
51151974-bb8053de078aa97d,d61f51c5-432a54c5bebe32fa,0.4857142857142857,0.648854961832061
26ad111c-6f110a9e517fc801,a368f345-4f26b824059bf5f9,0.48548812664907653,0.6618705035971223
4da08761-2765de8ab5de2a01,656b62de-07e003f6fc62643b,0.4851258581235698,0.5096153846153846
0b04b41e-0b6cb88d7212030e,732c98a0-5659f20742b2f453,0.4847560975609756,0.4937888198757764
0b04b41e-0b6cb88d7212030e,732c98a0-0117162249c9d715,0.4847560975609756,0.4937888198757764
5449d33c-c3fa056747e67e0b,97a7fab5-c8910bb2ec5c2935,0.4846153846153846,0.5625
e5d02e93-9702b854ca246425,2a35cd81-0aeb43004eb108dd,0.48434237995824636,0.48945147679324896
d61f51c5-432a54c5bebe32fa,a2cf5634-50a35a847b217df3,0.4842105263157895,0.6301369863013698
4e5ee0f7-8030183228b7a8d5,76a69f5c-5a0e3ae2a5ff1ef0,0.48360655737704916,0.5592417061611374
ccc8ef27-962b4c2d0adf3e00,585af783-1941371b4a80bb80,0.4834123222748815,0.7846153846153846
d6fb3b9e-f5435586daf6a49b,585af783-1941371b4a80bb80,0.4834123222748815,0.7846153846153846
8cfe3ee0-900555a974d03516,b8b08542-ed329a5d344748ed,0.48333333333333334,0.5178571428571429
8cfe3ee0-900555a974d03516,d783d815-fcfd47fa9b8bb15b,0.48333333333333334,0.5178571428571429
8cfe3ee0-900555a974d03516,d783d815-9c6f6853f561f0ed,0.48333333333333334,0.5178571428571429
ab7507bf-cfb7470e23cb45dc,15941165-e7a0000e57984fda,0.48299319727891155,0.5916666666666667
40cc90ae-a1888e38f4a2438d,b434c275-276b6ce441c4669e,0.48266485384092456,0.5772357723577236
40cc90ae-a1888e38f4a2438d,9399204d-6515f9b4b4661ed8,0.48266485384092456,0.5772357723577236
40cc90ae-a1888e38f4a2438d,fdc4f384-81c2afc418e72aef,0.48266485384092456,0.5772357723577236
42fe7dd0-ae8f546af908b5fe,17e67976-1c13712beab98d62,0.48226950354609927,0.5573770491803278
1d43139f-a08be36b098f0971,07043d35-d508fb40e7ba58e1,0.48223350253807107,0.7196969696969697
0f09b843-a169d06ba2070f2e,26ad111c-6f110a9e517fc801,0.48221343873517786,0.5350877192982456
585af783-1941371b4a80bb80,0c9d4def-6a3de0efe209485b,0.4820846905537459,0.5068493150684932
15941165-e7a0000e57984fda,0ea5a836-8314c5dfb34c8bab,0.48205128205128206,0.5402298850574713
17e67976-1c13712beab98d62,55ab9b5d-97aa2decf67ee58c,0.4819277108433735,0.5
ccc8ef27-962b4c2d0adf3e00,b55888de-ca2300bd54fb3fd5,0.48175182481751827,0.5076923076923077
d6fb3b9e-f5435586daf6a49b,b55888de-ca2300bd54fb3fd5,0.48175182481751827,0.5076923076923077
8782922d-b6272ba0ec663c70,fdd41565-d026425f11fe71fd,0.4816326530612245,0.5315315315315315
35bb6075-720cdb4a7c64c6cd,6e7cd58b-9e00f3e11d7fd578,0.48154093097913325,0.5226480836236934
40132ebc-0eb4e2e2a14b1fc4,a2cf5634-50a35a847b217df3,0.4814264487369985,0.5031055900621118
0c9d4def-6a3de0efe209485b,f665e87b-932fba185362154d,0.48130841121495327,0.639751552795031
0c9d4def-6a3de0efe209485b,f665e87b-f01b7cfb37168ad5,0.48130841121495327,0.639751552795031
9291ca83-b2b16ed7b0bb365a,6018974f-796cead4caace323,0.48120300751879697,0.49230769230769234
30e0cc81-e37591091c959b0f,f665e87b-932fba185362154d,0.48111332007952284,0.5127118644067796
30e0cc81-e37591091c959b0f,f665e87b-f01b7cfb37168ad5,0.48111332007952284,0.5127118644067796
3f939694-111b597776032895,f665e87b-932fba185362154d,0.48106904231625836,0.5934065934065934
3f939694-111b597776032895,f665e87b-f01b7cfb37168ad5,0.48106904231625836,0.5934065934065934
a5d5a95f-106627618ba094d2,0ea5a836-8314c5dfb34c8bab,0.4809384164222874,0.656
07043d35-d508fb40e7ba58e1,77448a05-1dfe65e51fa688fd,0.4808362369337979,0.5267175572519084
d61f51c5-432a54c5bebe32fa,3c74c140-a93ee473b71ac072,0.4807692307692308,0.5707762557077626
8cfe3ee0-900555a974d03516,6e7cd58b-9e00f3e11d7fd578,0.4801587301587302,0.7202380952380952
51151974-bb8053de078aa97d,a368f345-4f26b824059bf5f9,0.4797843665768194,0.6793893129770993
8782922d-b6272ba0ec663c70,35857a5a-8cd2a4bd9f3acd96,0.4797687861271676,0.7477477477477478
0f09b843-a169d06ba2070f2e,15941165-e7a0000e57984fda,0.4791666666666667,0.6052631578947368
656b62de-07e003f6fc62643b,cfba313d-96627cf80535b35d,0.4786729857819905,0.8820960698689956
b9595381-1fe2b09ec26b73ed,76a69f5c-5a0e3ae2a5ff1ef0,0.4785992217898833,0.5189873417721519
8a858867-b9bbeece66de3f0d,8cfe3ee0-900555a974d03516,0.47840531561461797,0.5413533834586466
9e7551da-8b58fac3a9eaef98,f665e87b-932fba185362154d,0.47837150127226463,0.746031746031746
9e7551da-8b58fac3a9eaef98,f665e87b-f01b7cfb37168ad5,0.47837150127226463,0.746031746031746
f0e13442-3615d4e91a6c5bd9,f665e87b-932fba185362154d,0.47837150127226463,0.746031746031746
f0e13442-3615d4e91a6c5bd9,f665e87b-f01b7cfb37168ad5,0.47837150127226463,0.746031746031746
98950986-d24a1d74ca0bc0c5,7d12d33c-b4c3d5f6730bc23d,0.4782608695652174,0.7333333333333333
66565156-e830bc6dfc3d34ae,08cf0478-cf474a42302061bb,0.4782608695652174,0.49107142857142855
0ea5a836-8314c5dfb34c8bab,d61f51c5-432a54c5bebe32fa,0.4781609195402299,0.48148148148148145
51151974-bb8053de078aa97d,f38ae053-1cc93e66c41ccafa,0.4781491002570694,0.7099236641221374
5449d33c-c3fa056747e67e0b,26ad111c-6f110a9e517fc801,0.47808764940239046,0.5357142857142857
b185d034-a791a4af4c89854c,01c915a2-b134dfb6a3c23cce,0.4780763790664781,0.8941798941798942
4e5ee0f7-8030183228b7a8d5,0ea5a836-8314c5dfb34c8bab,0.477751756440281,0.4834123222748815
0c9d4def-6a3de0efe209485b,15941165-e7a0000e57984fda,0.47761194029850745,0.4968944099378882
c4ca2ff3-8002e9fb1de21148,f2cf6a74-c36cd3e8f935af24,0.4774193548387097,0.5068493150684932
4241f473-734711fff505529f,77448a05-1dfe65e51fa688fd,0.4774193548387097,0.7254901960784313
51151974-bb8053de078aa97d,f665e87b-932fba185362154d,0.47738693467336685,0.7251908396946565
51151974-bb8053de078aa97d,f665e87b-f01b7cfb37168ad5,0.47738693467336685,0.7251908396946565
d61f51c5-432a54c5bebe32fa,f665e87b-932fba185362154d,0.4773662551440329,0.5296803652968036
d61f51c5-432a54c5bebe32fa,f665e87b-f01b7cfb37168ad5,0.4773662551440329,0.5296803652968036
a5d5a95f-106627618ba094d2,26ad111c-6f110a9e517fc801,0.4772727272727273,0.504
f38ae053-1cc93e66c41ccafa,77448a05-1dfe65e51fa688fd,0.47719298245614034,0.5271317829457365
26ad111c-6f110a9e517fc801,175201f9-29a63f3073d1212f,0.47678018575851394,0.5539568345323741
8a858867-b9bbeece66de3f0d,77448a05-1dfe65e51fa688fd,0.4764044943820225,0.7969924812030075
f38ae053-1cc93e66c41ccafa,732c98a0-5659f20742b2f453,0.47635135135135137,0.5465116279069767
f38ae053-1cc93e66c41ccafa,732c98a0-0117162249c9d715,0.47635135135135137,0.5465116279069767
9e7551da-8b58fac3a9eaef98,8cfe3ee0-900555a974d03516,0.47619047619047616,0.5555555555555556
ab7507bf-cfb7470e23cb45dc,0ea5a836-8314c5dfb34c8bab,0.47619047619047616,0.6666666666666666
f0e13442-3615d4e91a6c5bd9,8cfe3ee0-900555a974d03516,0.47619047619047616,0.5555555555555556
7d12d33c-b4c3d5f6730bc23d,778c91af-ba102667da83f00a,0.47558386411889597,0.5161290322580645
00af3420-6a22b980be3bebb8,3f939694-111b597776032895,0.4755700325732899,0.584
bdf7bfb2-dc5f2f3e1ffc8032,3f939694-111b597776032895,0.4755700325732899,0.584
0c9d4def-6a3de0efe209485b,175201f9-29a63f3073d1212f,0.4753623188405797,0.5093167701863354
c23278ec-650f3957a6da68ca,b9595381-1fe2b09ec26b73ed,0.4751958224543081,0.6232876712328768
07043d35-d508fb40e7ba58e1,76a69f5c-5a0e3ae2a5ff1ef0,0.4749536178107607,0.48854961832061067
c4ca2ff3-8002e9fb1de21148,585af783-1941371b4a80bb80,0.4748858447488584,0.7123287671232876
778c91af-ba102667da83f00a,76a69f5c-5a0e3ae2a5ff1ef0,0.4745762711864407,0.49606299212598426
30e0cc81-e37591091c959b0f,35bb6075-720cdb4a7c64c6cd,0.47418738049713194,0.5254237288135594
a368f345-4f26b824059bf5f9,732c98a0-5659f20742b2f453,0.4738675958188153,0.5666666666666667
a368f345-4f26b824059bf5f9,732c98a0-0117162249c9d715,0.4738675958188153,0.5666666666666667
26ad111c-6f110a9e517fc801,97a7fab5-c8910bb2ec5c2935,0.4738675958188153,0.4892086330935252
1d43139f-a08be36b098f0971,fdd41565-d026425f11fe71fd,0.47368421052631576,0.4772727272727273
51151974-bb8053de078aa97d,4e5ee0f7-8030183228b7a8d5,0.47368421052631576,0.6183206106870229
d61f51c5-432a54c5bebe32fa,b9595381-1fe2b09ec26b73ed,0.47368421052631576,0.4931506849315068
08cf0478-cf474a42302061bb,97a7fab5-c8910bb2ec5c2935,0.47368421052631576,0.5338983050847458
f6ed6826-065d31f19f562fcc,f665e87b-932fba185362154d,0.47337278106508873,0.5
f6ed6826-065d31f19f562fcc,f665e87b-f01b7cfb37168ad5,0.47337278106508873,0.5
26ad111c-6f110a9e517fc801,0c9d4def-6a3de0efe209485b,0.47333333333333333,0.5107913669064749
51151974-bb8053de078aa97d,07043d35-d508fb40e7ba58e1,0.4732824427480916,0.7099236641221374
8532d5ed-e56d613d9e34734b,8a858867-b9bbeece66de3f0d,0.4732824427480916,0.4806201550387597
ae4d5b49-62ede50d39b5202a,1a6f8b20-46e2136e681f3c6f,0.47297297297297297,0.5384615384615384
86102d81-85b3e078083a5c18,a2cf5634-50a35a847b217df3,0.4729458917835671,0.7972972972972973
35bb6075-720cdb4a7c64c6cd,40132ebc-0eb4e2e2a14b1fc4,0.4729064039408867,0.5017421602787456
a5d5a95f-106627618ba094d2,8532d5ed-e56d613d9e34734b,0.47244094488188976,0.48
77448a05-1dfe65e51fa688fd,6e7cd58b-9e00f3e11d7fd578,0.4722222222222222,0.49038461538461536
b0a01ee7-a88cb875e376e2ba,5449d33c-c3fa056747e67e0b,0.47191011235955055,0.6363636363636364
4241f473-734711fff505529f,3f939694-111b597776032895,0.4716417910447761,0.5163398692810458
a2cf5634-50a35a847b217df3,d92c5342-53771e54c54e60c0,0.47071352502662406,0.6296296296296297
6be4dcef-d802164d63afa92e,4241f473-734711fff505529f,0.47058823529411764,0.6588235294117647
35857a5a-8cd2a4bd9f3acd96,b9595381-1fe2b09ec26b73ed,0.4703389830508475,0.4723404255319149
a368f345-4f26b824059bf5f9,07043d35-d508fb40e7ba58e1,0.4701195219123506,0.49166666666666664
0ea5a836-8314c5dfb34c8bab,35857a5a-8cd2a4bd9f3acd96,0.4700665188470067,0.49074074074074076
464ad4dd-9978f63cac804e5b,f38ae053-1cc93e66c41ccafa,0.4700460829493088,0.5795454545454546
ccc8ef27-962b4c2d0adf3e00,7a9c69d8-25b66767c6bfef75,0.4697986577181208,0.5384615384615384
d6fb3b9e-f5435586daf6a49b,7a9c69d8-25b66767c6bfef75,0.4697986577181208,0.5384615384615384
ccc8ef27-962b4c2d0adf3e00,6f393cfe-f27eb766dce24503,0.4697986577181208,0.5384615384615384
d6fb3b9e-f5435586daf6a49b,6f393cfe-f27eb766dce24503,0.4697986577181208,0.5384615384615384
8a858867-b9bbeece66de3f0d,97a7fab5-c8910bb2ec5c2935,0.4697508896797153,0.49624060150375937
4e5ee0f7-8030183228b7a8d5,a2cf5634-50a35a847b217df3,0.4697508896797153,0.6255924170616114
487c9f62-7eec6fd25ec3903d,f38ae053-1cc93e66c41ccafa,0.4696969696969697,0.6739130434782609
0ea5a836-8314c5dfb34c8bab,77448a05-1dfe65e51fa688fd,0.4696969696969697,0.5740740740740741
0f09b843-a169d06ba2070f2e,8a858867-b9bbeece66de3f0d,0.46963562753036436,0.5087719298245614
c23278ec-650f3957a6da68ca,0ea5a836-8314c5dfb34c8bab,0.4696132596685083,0.5821917808219178
ab7507bf-cfb7470e23cb45dc,2a35cd81-0aeb43004eb108dd,0.4696132596685083,0.7083333333333334
7a9c69d8-25b66767c6bfef75,5449d33c-c3fa056747e67e0b,0.46938775510204084,0.5476190476190477
6f393cfe-f27eb766dce24503,5449d33c-c3fa056747e67e0b,0.46938775510204084,0.5476190476190477
fdd41565-d026425f11fe71fd,54488276-f24b9e883d548563,0.46938775510204084,0.5149253731343284
35857a5a-8cd2a4bd9f3acd96,6e7cd58b-9e00f3e11d7fd578,0.46935201401050786,0.5702127659574469
3b10bd6d-cb4bc04c8307b4f8,7a9c69d8-25b66767c6bfef75,0.4691358024691358,0.48717948717948717
3b10bd6d-cb4bc04c8307b4f8,6f393cfe-f27eb766dce24503,0.4691358024691358,0.48717948717948717
66565156-e830bc6dfc3d34ae,51151974-bb8053de078aa97d,0.4691358024691358,0.5089285714285714
8532d5ed-e56d613d9e34734b,0c9d4def-6a3de0efe209485b,0.4689655172413793,0.5271317829457365
0c9d4def-6a3de0efe209485b,f6ed6826-065d31f19f562fcc,0.4688279301745636,0.5838509316770186
d3a0b8d2-95a57759ca7f4494,6018974f-796cead4caace323,0.46875,0.5
778c91af-ba102667da83f00a,0b04b41e-0b6cb88d7212030e,0.46875,0.531496062992126
3c74c140-a93ee473b71ac072,0b04b41e-0b6cb88d7212030e,0.46869983948635635,0.4850498338870432
f38ae053-1cc93e66c41ccafa,f665e87b-932fba185362154d,0.4685714285714286,0.47674418604651164
f38ae053-1cc93e66c41ccafa,f665e87b-f01b7cfb37168ad5,0.4685714285714286,0.47674418604651164
26ad111c-6f110a9e517fc801,f38ae053-1cc93e66c41ccafa,0.46851385390428213,0.6690647482014388
4241f473-734711fff505529f,464ad4dd-9978f63cac804e5b,0.46808510638297873,0.5032679738562091
b55888de-ca2300bd54fb3fd5,c23278ec-650f3957a6da68ca,0.46788990825688076,0.7083333333333334
40cc90ae-a1888e38f4a2438d,d83f74f7-23bcf7dad899d241,0.4675324675324675,0.5560975609756098
0c9d4def-6a3de0efe209485b,3c74c140-a93ee473b71ac072,0.4675324675324675,0.6708074534161491
86102d81-85b3e078083a5c18,f665e87b-932fba185362154d,0.4674698795180723,0.6554054054054054
86102d81-85b3e078083a5c18,f665e87b-f01b7cfb37168ad5,0.4674698795180723,0.6554054054054054
f2cf6a74-c36cd3e8f935af24,6be4dcef-d802164d63afa92e,0.46706586826347307,0.47560975609756095
f6ed6826-065d31f19f562fcc,732c98a0-5659f20742b2f453,0.46689895470383275,0.5583333333333333
f6ed6826-065d31f19f562fcc,732c98a0-0117162249c9d715,0.46689895470383275,0.5583333333333333
35857a5a-8cd2a4bd9f3acd96,07043d35-d508fb40e7ba58e1,0.46680080482897385,0.49361702127659574
f6ed6826-065d31f19f562fcc,35bb6075-720cdb4a7c64c6cd,0.4667931688804554,0.5125
30e0cc81-e37591091c959b0f,732c98a0-5659f20742b2f453,0.4666666666666667,0.5635593220338984
30e0cc81-e37591091c959b0f,732c98a0-0117162249c9d715,0.4666666666666667,0.5635593220338984
30e0cc81-e37591091c959b0f,0b04b41e-0b6cb88d7212030e,0.4659498207885305,0.5508474576271186
8cfe3ee0-900555a974d03516,175201f9-29a63f3073d1212f,0.4659090909090909,0.4880952380952381
a2cf5634-50a35a847b217df3,40cc90ae-a1888e38f4a2438d,0.4658385093167702,0.6410256410256411
732c98a0-5659f20742b2f453,40cc90ae-a1888e38f4a2438d,0.4657534246575342,0.6616766467065869
732c98a0-0117162249c9d715,40cc90ae-a1888e38f4a2438d,0.4657534246575342,0.6616766467065869
26ad111c-6f110a9e517fc801,77448a05-1dfe65e51fa688fd,0.4656319290465632,0.7553956834532374
1d43139f-a08be36b098f0971,0ea5a836-8314c5dfb34c8bab,0.46551724137931033,0.6136363636363636
5449d33c-c3fa056747e67e0b,ab7507bf-cfb7470e23cb45dc,0.46551724137931033,0.48214285714285715
ab7507bf-cfb7470e23cb45dc,a5d5a95f-106627618ba094d2,0.46530612244897956,0.475
5449d33c-c3fa056747e67e0b,585af783-1941371b4a80bb80,0.46511627906976744,0.5357142857142857
8cfe3ee0-900555a974d03516,07043d35-d508fb40e7ba58e1,0.46511627906976744,0.5952380952380952
4e5ee0f7-8030183228b7a8d5,07043d35-d508fb40e7ba58e1,0.46511627906976744,0.5213270142180095
97a7fab5-c8910bb2ec5c2935,35857a5a-8cd2a4bd9f3acd96,0.46475195822454307,0.6013513513513513
5449d33c-c3fa056747e67e0b,8532d5ed-e56d613d9e34734b,0.46473029045643155,0.5
f6ed6826-065d31f19f562fcc,2a35cd81-0aeb43004eb108dd,0.46473029045643155,0.4666666666666667
9e7551da-8b58fac3a9eaef98,175201f9-29a63f3073d1212f,0.4645161290322581,0.5714285714285714
f0e13442-3615d4e91a6c5bd9,175201f9-29a63f3073d1212f,0.4645161290322581,0.5714285714285714
66565156-e830bc6dfc3d34ae,4e5ee0f7-8030183228b7a8d5,0.46439628482972134,0.6696428571428571
732c98a0-5659f20742b2f453,d92c5342-53771e54c54e60c0,0.4642082429501085,0.6407185628742516
732c98a0-0117162249c9d715,d92c5342-53771e54c54e60c0,0.4642082429501085,0.6407185628742516
d3a0b8d2-95a57759ca7f4494,9291ca83-b2b16ed7b0bb365a,0.464,0.48333333333333334
d3a0b8d2-95a57759ca7f4494,f7a0ea6d-b8e74e9785d59e88,0.464,0.48333333333333334
08cf0478-cf474a42302061bb,a368f345-4f26b824059bf5f9,0.46368715083798884,0.7033898305084746
585af783-1941371b4a80bb80,339fdc7f-08ea3facdbf2e797,0.46357615894039733,0.7191780821917808
b0a01ee7-a88cb875e376e2ba,6be4dcef-d802164d63afa92e,0.46357615894039733,0.5303030303030303
339fdc7f-08ea3facdbf2e797,6e7cd58b-9e00f3e11d7fd578,0.463452566096423,0.48534201954397393
ab7507bf-cfb7470e23cb45dc,9e7551da-8b58fac3a9eaef98,0.4634146341463415,0.475
0f14b12d-fee145b04c8d2e7d,778c91af-ba102667da83f00a,0.4634146341463415,0.4789915966386555
ab7507bf-cfb7470e23cb45dc,f0e13442-3615d4e91a6c5bd9,0.4634146341463415,0.475
4241f473-734711fff505529f,a368f345-4f26b824059bf5f9,0.4631043256997455,0.5947712418300654
ab7507bf-cfb7470e23cb45dc,0c9d4def-6a3de0efe209485b,0.4626334519572954,0.5416666666666666
8a858867-b9bbeece66de3f0d,15941165-e7a0000e57984fda,0.46254071661237783,0.5338345864661654
07043d35-d508fb40e7ba58e1,40132ebc-0eb4e2e2a14b1fc4,0.4623287671232877,0.5152671755725191
76a69f5c-5a0e3ae2a5ff1ef0,339fdc7f-08ea3facdbf2e797,0.4623287671232877,0.48736462093862815
b55888de-ca2300bd54fb3fd5,4241f473-734711fff505529f,0.4622222222222222,0.7222222222222222
08cf0478-cf474a42302061bb,c23278ec-650f3957a6da68ca,0.4621212121212121,0.5169491525423728
0f09b843-a169d06ba2070f2e,f665e87b-932fba185362154d,0.46194225721784776,0.7719298245614035
0f09b843-a169d06ba2070f2e,f665e87b-f01b7cfb37168ad5,0.46194225721784776,0.7719298245614035
b9595381-1fe2b09ec26b73ed,35bb6075-720cdb4a7c64c6cd,0.4618320610687023,0.510548523206751
30e0cc81-e37591091c959b0f,3c74c140-a93ee473b71ac072,0.4618249534450652,0.5254237288135594
76a69f5c-5a0e3ae2a5ff1ef0,a2cf5634-50a35a847b217df3,0.46178343949044587,0.5234657039711191
c23278ec-650f3957a6da68ca,4241f473-734711fff505529f,0.46153846153846156,0.4726027397260274
9291ca83-b2b16ed7b0bb365a,3b10bd6d-cb4bc04c8307b4f8,0.46153846153846156,0.5076923076923077
ae4d5b49-62ede50d39b5202a,ccc8ef27-962b4c2d0adf3e00,0.46153846153846156,0.46153846153846156
ae4d5b49-62ede50d39b5202a,d6fb3b9e-f5435586daf6a49b,0.46153846153846156,0.46153846153846156
76a69f5c-5a0e3ae2a5ff1ef0,732c98a0-5659f20742b2f453,0.46153846153846156,0.5090252707581228
76a69f5c-5a0e3ae2a5ff1ef0,732c98a0-0117162249c9d715,0.46153846153846156,0.5090252707581228
585af783-1941371b4a80bb80,f6ed6826-065d31f19f562fcc,0.46113989637305697,0.6095890410958904
8a858867-b9bbeece66de3f0d,a368f345-4f26b824059bf5f9,0.46112600536193027,0.6466165413533834
4241f473-734711fff505529f,339fdc7f-08ea3facdbf2e797,0.4608695652173913,0.6928104575163399
15941165-e7a0000e57984fda,3f939694-111b597776032895,0.4606741573033708,0.47126436781609193
0ea5a836-8314c5dfb34c8bab,3c74c140-a93ee473b71ac072,0.46034816247582205,0.5509259259259259
585af783-1941371b4a80bb80,d61f51c5-432a54c5bebe32fa,0.4602739726027397,0.5753424657534246
f6ed6826-065d31f19f562fcc,a2cf5634-50a35a847b217df3,0.4602368866328257,0.5666666666666667
26ad111c-6f110a9e517fc801,35bb6075-720cdb4a7c64c6cd,0.460093896713615,0.7050359712230215
585af783-1941371b4a80bb80,f665e87b-932fba185362154d,0.4600484261501211,0.6506849315068494
585af783-1941371b4a80bb80,f665e87b-f01b7cfb37168ad5,0.4600484261501211,0.6506849315068494
4e5ee0f7-8030183228b7a8d5,b9595381-1fe2b09ec26b73ed,0.45982142857142855,0.4881516587677725
86102d81-85b3e078083a5c18,15941165-e7a0000e57984fda,0.45962732919254656,0.5
0b04b41e-0b6cb88d7212030e,40132ebc-0eb4e2e2a14b1fc4,0.45962732919254656,0.45962732919254656
c23278ec-650f3957a6da68ca,e5d02e93-9702b854ca246425,0.4595300261096606,0.6027397260273972
b0a01ee7-a88cb875e376e2ba,f2cf6a74-c36cd3e8f935af24,0.4594594594594595,0.5151515151515151
c23278ec-650f3957a6da68ca,4e5ee0f7-8030183228b7a8d5,0.45938375350140054,0.5616438356164384
08cf0478-cf474a42302061bb,35bb6075-720cdb4a7c64c6cd,0.45925925925925926,0.788135593220339
ab7507bf-cfb7470e23cb45dc,4e5ee0f7-8030183228b7a8d5,0.459214501510574,0.6333333333333333
7a9c69d8-25b66767c6bfef75,66565156-e830bc6dfc3d34ae,0.45918367346938777,0.5357142857142857
6f393cfe-f27eb766dce24503,66565156-e830bc6dfc3d34ae,0.45918367346938777,0.5357142857142857
0ea5a836-8314c5dfb34c8bab,b9595381-1fe2b09ec26b73ed,0.45916114790286977,0.48148148148148145
8782922d-b6272ba0ec663c70,c23278ec-650f3957a6da68ca,0.4591439688715953,0.5315315315315315
4e5ee0f7-8030183228b7a8d5,77448a05-1dfe65e51fa688fd,0.4588910133843212,0.5687203791469194
26ad111c-6f110a9e517fc801,07043d35-d508fb40e7ba58e1,0.45885286783042395,0.6618705035971223
86102d81-85b3e078083a5c18,a368f345-4f26b824059bf5f9,0.4587628865979381,0.6013513513513513
86102d81-85b3e078083a5c18,6e7cd58b-9e00f3e11d7fd578,0.45867768595041325,0.75
77448a05-1dfe65e51fa688fd,a2cf5634-50a35a847b217df3,0.45852187028657615,0.48717948717948717
d61f51c5-432a54c5bebe32fa,40132ebc-0eb4e2e2a14b1fc4,0.4584103512014787,0.5662100456621004
4241f473-734711fff505529f,3c74c140-a93ee473b71ac072,0.4581497797356828,0.6797385620915033
f7a0ea6d-b8e74e9785d59e88,b0a01ee7-a88cb875e376e2ba,0.4580152671755725,0.46153846153846156
4241f473-734711fff505529f,07043d35-d508fb40e7ba58e1,0.4578313253012048,0.6209150326797386
6018974f-796cead4caace323,6be4dcef-d802164d63afa92e,0.45751633986928103,0.5147058823529411
66565156-e830bc6dfc3d34ae,c23278ec-650f3957a6da68ca,0.4573643410852713,0.5267857142857143
00af3420-6a22b980be3bebb8,0f14b12d-fee145b04c8d2e7d,0.4573002754820937,0.664
bdf7bfb2-dc5f2f3e1ffc8032,0f14b12d-fee145b04c8d2e7d,0.4573002754820937,0.664
40132ebc-0eb4e2e2a14b1fc4,d92c5342-53771e54c54e60c0,0.45714285714285713,0.6459627329192547
f7a0ea6d-b8e74e9785d59e88,7279bcb3-0f86b515ba2bd8dd,0.45714285714285713,0.6153846153846154
30e0cc81-e37591091c959b0f,339fdc7f-08ea3facdbf2e797,0.4567219152854512,0.5254237288135594
f6ed6826-065d31f19f562fcc,77448a05-1dfe65e51fa688fd,0.45652173913043476,0.525
51151974-bb8053de078aa97d,b185d034-a791a4af4c89854c,0.45625,0.5572519083969466
0ea5a836-8314c5dfb34c8bab,f6ed6826-065d31f19f562fcc,0.45614035087719296,0.48148148148148145
9e7551da-8b58fac3a9eaef98,585af783-1941371b4a80bb80,0.45588235294117646,0.49206349206349204
f0e13442-3615d4e91a6c5bd9,585af783-1941371b4a80bb80,0.45588235294117646,0.49206349206349204
d61f51c5-432a54c5bebe32fa,732c98a0-5659f20742b2f453,0.45569620253164556,0.5753424657534246
d61f51c5-432a54c5bebe32fa,732c98a0-0117162249c9d715,0.45569620253164556,0.5753424657534246
f2cf6a74-c36cd3e8f935af24,ab7507bf-cfb7470e23cb45dc,0.45544554455445546,0.5609756097560976
3b10bd6d-cb4bc04c8307b4f8,8782922d-b6272ba0ec663c70,0.455026455026455,0.5512820512820513
7814575b-d53f200ab383f03f,8532d5ed-e56d613d9e34734b,0.4549763033175355,0.5853658536585366
a368f345-4f26b824059bf5f9,6e7cd58b-9e00f3e11d7fd578,0.4548611111111111,0.5458333333333333
15941165-e7a0000e57984fda,35857a5a-8cd2a4bd9f3acd96,0.4547677261613692,0.5344827586206896
f38ae053-1cc93e66c41ccafa,3c74c140-a93ee473b71ac072,0.4543828264758497,0.49224806201550386
86102d81-85b3e078083a5c18,3c74c140-a93ee473b71ac072,0.45434298440979953,0.6891891891891891
487c9f62-7eec6fd25ec3903d,f665e87b-932fba185362154d,0.454320987654321,0.6666666666666666
487c9f62-7eec6fd25ec3903d,f665e87b-f01b7cfb37168ad5,0.454320987654321,0.6666666666666666
23594fdf-bc29e3c145f03caa,585af783-1941371b4a80bb80,0.4542124542124542,0.4881889763779528
a5d5a95f-106627618ba094d2,9e7551da-8b58fac3a9eaef98,0.4541832669322709,0.456
a5d5a95f-106627618ba094d2,f0e13442-3615d4e91a6c5bd9,0.4541832669322709,0.456
f8c99dd0-af74ef9023de52c3,7814575b-d53f200ab383f03f,0.4539877300613497,0.4567901234567901
f7a0ea6d-b8e74e9785d59e88,3088ca9c-f1011bb8e87b3927,0.45390070921985815,0.49230769230769234
778c91af-ba102667da83f00a,f38ae053-1cc93e66c41ccafa,0.453125,0.4566929133858268
8782922d-b6272ba0ec663c70,464ad4dd-9978f63cac804e5b,0.4529616724738676,0.5855855855855856
9e7551da-8b58fac3a9eaef98,0c9d4def-6a3de0efe209485b,0.4529616724738676,0.5158730158730159
f0e13442-3615d4e91a6c5bd9,0c9d4def-6a3de0efe209485b,0.4529616724738676,0.5158730158730159
175201f9-29a63f3073d1212f,a368f345-4f26b824059bf5f9,0.4528301886792453,0.5217391304347826
4da08761-2765de8ab5de2a01,0ea5a836-8314c5dfb34c8bab,0.4528301886792453,0.46153846153846156
778c91af-ba102667da83f00a,339fdc7f-08ea3facdbf2e797,0.45276292335115864,0.5
0f09b843-a169d06ba2070f2e,54488276-f24b9e883d548563,0.45255474452554745,0.543859649122807
0c9d4def-6a3de0efe209485b,e5d02e93-9702b854ca246425,0.45226130653266333,0.5590062111801242
8a858867-b9bbeece66de3f0d,c23278ec-650f3957a6da68ca,0.45161290322580644,0.47368421052631576
9e7551da-8b58fac3a9eaef98,4241f473-734711fff505529f,0.45161290322580644,0.5
08cf0478-cf474a42302061bb,0c9d4def-6a3de0efe209485b,0.45161290322580644,0.5338983050847458
f0e13442-3615d4e91a6c5bd9,4241f473-734711fff505529f,0.45161290322580644,0.5
35857a5a-8cd2a4bd9f3acd96,3c74c140-a93ee473b71ac072,0.45149253731343286,0.5148936170212766
00af3420-6a22b980be3bebb8,1d43139f-a08be36b098f0971,0.45136186770428016,0.464
bdf7bfb2-dc5f2f3e1ffc8032,1d43139f-a08be36b098f0971,0.45136186770428016,0.464
ccc8ef27-962b4c2d0adf3e00,6018974f-796cead4caace323,0.45112781954887216,0.46153846153846156
d6fb3b9e-f5435586daf6a49b,6018974f-796cead4caace323,0.45112781954887216,0.46153846153846156
0c9d4def-6a3de0efe209485b,464ad4dd-9978f63cac804e5b,0.45103857566765576,0.4720496894409938
f6ed6826-065d31f19f562fcc,3c74c140-a93ee473b71ac072,0.4510166358595194,0.5083333333333333
8532d5ed-e56d613d9e34734b,585af783-1941371b4a80bb80,0.4509090909090909,0.4806201550387597
0f09b843-a169d06ba2070f2e,86102d81-85b3e078083a5c18,0.45038167938931295,0.5175438596491229
ccc8ef27-962b4c2d0adf3e00,55ab9b5d-97aa2decf67ee58c,0.4503311258278146,0.5230769230769231
d6fb3b9e-f5435586daf6a49b,55ab9b5d-97aa2decf67ee58c,0.4503311258278146,0.5230769230769231
00af3420-6a22b980be3bebb8,7d12d33c-b4c3d5f6730bc23d,0.4502923976608187,0.616
bdf7bfb2-dc5f2f3e1ffc8032,7d12d33c-b4c3d5f6730bc23d,0.4502923976608187,0.616
8a858867-b9bbeece66de3f0d,f38ae053-1cc93e66c41ccafa,0.45012787723785164,0.6616541353383458
26ad111c-6f110a9e517fc801,8cfe3ee0-900555a974d03516,0.4495114006514658,0.49640287769784175
15941165-e7a0000e57984fda,339fdc7f-08ea3facdbf2e797,0.4490644490644491,0.6206896551724138
5449d33c-c3fa056747e67e0b,8a858867-b9bbeece66de3f0d,0.4489795918367347,0.49107142857142855
9291ca83-b2b16ed7b0bb365a,51151974-bb8053de078aa97d,0.4489795918367347,0.676923076923077
fdd41565-d026425f11fe71fd,f665e87b-932fba185362154d,0.4488778054862843,0.6716417910447762
fdd41565-d026425f11fe71fd,f665e87b-f01b7cfb37168ad5,0.4488778054862843,0.6716417910447762
00af3420-6a22b980be3bebb8,487c9f62-7eec6fd25ec3903d,0.44866920152091255,0.472
bdf7bfb2-dc5f2f3e1ffc8032,487c9f62-7eec6fd25ec3903d,0.44866920152091255,0.472
b9595381-1fe2b09ec26b73ed,f6ed6826-065d31f19f562fcc,0.44863731656184486,0.45147679324894513
b0a01ee7-a88cb875e376e2ba,86102d81-85b3e078083a5c18,0.4485981308411215,0.7272727272727273
46bde295-e51fa6bd867e4ba5,fdd41565-d026425f11fe71fd,0.4482758620689655,0.5306122448979592
6be4dcef-d802164d63afa92e,46bde295-e51fa6bd867e4ba5,0.44808743169398907,0.4823529411764706
f6ed6826-065d31f19f562fcc,6e7cd58b-9e00f3e11d7fd578,0.4479166666666667,0.5375
8a858867-b9bbeece66de3f0d,35bb6075-720cdb4a7c64c6cd,0.44761904761904764,0.706766917293233
464ad4dd-9978f63cac804e5b,07043d35-d508fb40e7ba58e1,0.4474885844748858,0.5568181818181818
76a69f5c-5a0e3ae2a5ff1ef0,40132ebc-0eb4e2e2a14b1fc4,0.44741235392320533,0.48375451263537905
6018974f-796cead4caace323,7a9c69d8-25b66767c6bfef75,0.4473684210526316,0.5
6018974f-796cead4caace323,6f393cfe-f27eb766dce24503,0.4473684210526316,0.5
7a9c69d8-25b66767c6bfef75,4241f473-734711fff505529f,0.4472573839662447,0.6309523809523809
6f393cfe-f27eb766dce24503,4241f473-734711fff505529f,0.4472573839662447,0.6309523809523809
0c9d4def-6a3de0efe209485b,b9595381-1fe2b09ec26b73ed,0.4472361809045226,0.5527950310559007
c23278ec-650f3957a6da68ca,464ad4dd-9978f63cac804e5b,0.4472049689440994,0.4931506849315068
ab7507bf-cfb7470e23cb45dc,4241f473-734711fff505529f,0.4468864468864469,0.5083333333333333
a5d5a95f-106627618ba094d2,175201f9-29a63f3073d1212f,0.44660194174757284,0.552
4e5ee0f7-8030183228b7a8d5,0b04b41e-0b6cb88d7212030e,0.44652908067542213,0.5639810426540285
b55888de-ca2300bd54fb3fd5,0c9d4def-6a3de0efe209485b,0.44635193133047213,0.7222222222222222
08cf0478-cf474a42302061bb,778c91af-ba102667da83f00a,0.44623655913978494,0.7033898305084746
00af3420-6a22b980be3bebb8,9e7551da-8b58fac3a9eaef98,0.44621513944223107,0.448
00af3420-6a22b980be3bebb8,f0e13442-3615d4e91a6c5bd9,0.44621513944223107,0.448
bdf7bfb2-dc5f2f3e1ffc8032,9e7551da-8b58fac3a9eaef98,0.44621513944223107,0.448
bdf7bfb2-dc5f2f3e1ffc8032,f0e13442-3615d4e91a6c5bd9,0.44621513944223107,0.448
8cfe3ee0-900555a974d03516,f665e87b-932fba185362154d,0.4459770114942529,0.5773809523809523
8cfe3ee0-900555a974d03516,f665e87b-f01b7cfb37168ad5,0.4459770114942529,0.5773809523809523
b55888de-ca2300bd54fb3fd5,3088ca9c-f1011bb8e87b3927,0.44594594594594594,0.4583333333333333
51151974-bb8053de078aa97d,15941165-e7a0000e57984fda,0.4459016393442623,0.5190839694656488
97a7fab5-c8910bb2ec5c2935,175201f9-29a63f3073d1212f,0.4457831325301205,0.5
4e5ee0f7-8030183228b7a8d5,35bb6075-720cdb4a7c64c6cd,0.4457831325301205,0.5260663507109005
b55888de-ca2300bd54fb3fd5,66565156-e830bc6dfc3d34ae,0.44565217391304346,0.5694444444444444
f6ed6826-065d31f19f562fcc,40132ebc-0eb4e2e2a14b1fc4,0.44483985765124556,0.5208333333333334
732c98a0-5659f20742b2f453,6e7cd58b-9e00f3e11d7fd578,0.44477611940298506,0.44610778443113774
732c98a0-0117162249c9d715,6e7cd58b-9e00f3e11d7fd578,0.44477611940298506,0.44610778443113774
f2cf6a74-c36cd3e8f935af24,00af3420-6a22b980be3bebb8,0.4444444444444444,0.5609756097560976
f2cf6a74-c36cd3e8f935af24,bdf7bfb2-dc5f2f3e1ffc8032,0.4444444444444444,0.5609756097560976
6be4dcef-d802164d63afa92e,55ab9b5d-97aa2decf67ee58c,0.4444444444444444,0.4470588235294118
30e0cc81-e37591091c959b0f,76a69f5c-5a0e3ae2a5ff1ef0,0.4444444444444444,0.4830508474576271
86102d81-85b3e078083a5c18,732c98a0-5659f20742b2f453,0.44398340248962653,0.722972972972973
86102d81-85b3e078083a5c18,732c98a0-0117162249c9d715,0.44398340248962653,0.722972972972973
175201f9-29a63f3073d1212f,07043d35-d508fb40e7ba58e1,0.4439461883408072,0.5380434782608695
86102d81-85b3e078083a5c18,07043d35-d508fb40e7ba58e1,0.44390243902439025,0.6148648648648649
07043d35-d508fb40e7ba58e1,a2cf5634-50a35a847b217df3,0.4437194127243067,0.5190839694656488
ab7507bf-cfb7470e23cb45dc,3f939694-111b597776032895,0.44370860927152317,0.5583333333333333
f2cf6a74-c36cd3e8f935af24,5449d33c-c3fa056747e67e0b,0.44329896907216493,0.524390243902439
98950986-d24a1d74ca0bc0c5,0f14b12d-fee145b04c8d2e7d,0.44314868804664725,0.7238095238095238
35857a5a-8cd2a4bd9f3acd96,732c98a0-5659f20742b2f453,0.4428822495606327,0.5361702127659574
35857a5a-8cd2a4bd9f3acd96,732c98a0-0117162249c9d715,0.4428822495606327,0.5361702127659574
26ad111c-6f110a9e517fc801,778c91af-ba102667da83f00a,0.44274809160305345,0.6258992805755396
ae4d5b49-62ede50d39b5202a,b0a01ee7-a88cb875e376e2ba,0.44274809160305345,0.4461538461538462
f6ed6826-065d31f19f562fcc,07043d35-d508fb40e7ba58e1,0.44223107569721115,0.4625
3b10bd6d-cb4bc04c8307b4f8,5449d33c-c3fa056747e67e0b,0.4421052631578947,0.5384615384615384
4da08761-2765de8ab5de2a01,f6ed6826-065d31f19f562fcc,0.4419642857142857,0.47596153846153844
487c9f62-7eec6fd25ec3903d,3c74c140-a93ee473b71ac072,0.4419134396355353,0.7028985507246377
8cfe3ee0-900555a974d03516,464ad4dd-9978f63cac804e5b,0.4418604651162791,0.4523809523809524
0b04b41e-0b6cb88d7212030e,40cc90ae-a1888e38f4a2438d,0.4418356456776948,0.6428571428571429
a368f345-4f26b824059bf5f9,f665e87b-932fba185362154d,0.4418145956607495,0.4666666666666667
a368f345-4f26b824059bf5f9,f665e87b-f01b7cfb37168ad5,0.4418145956607495,0.4666666666666667
8782922d-b6272ba0ec663c70,487c9f62-7eec6fd25ec3903d,0.44176706827309237,0.4954954954954955
f8c99dd0-af74ef9023de52c3,f2cf6a74-c36cd3e8f935af24,0.44171779141104295,0.4444444444444444
487c9f62-7eec6fd25ec3903d,0c9d4def-6a3de0efe209485b,0.4414715719063545,0.4782608695652174
1d43139f-a08be36b098f0971,77448a05-1dfe65e51fa688fd,0.44144144144144143,0.7424242424242424
00af3420-6a22b980be3bebb8,2a35cd81-0aeb43004eb108dd,0.44141689373297005,0.648
bdf7bfb2-dc5f2f3e1ffc8032,2a35cd81-0aeb43004eb108dd,0.44141689373297005,0.648
15941165-e7a0000e57984fda,175201f9-29a63f3073d1212f,0.441340782122905,0.4540229885057471
487c9f62-7eec6fd25ec3903d,4e5ee0f7-8030183228b7a8d5,0.44126074498567336,0.5579710144927537
9e7551da-8b58fac3a9eaef98,c23278ec-650f3957a6da68ca,0.4411764705882353,0.47619047619047616
f0e13442-3615d4e91a6c5bd9,c23278ec-650f3957a6da68ca,0.4411764705882353,0.47619047619047616
c4ca2ff3-8002e9fb1de21148,51151974-bb8053de078aa97d,0.4411764705882353,0.6164383561643836
3f939694-111b597776032895,7d12d33c-b4c3d5f6730bc23d,0.44110275689223055,0.4835164835164835
5449d33c-c3fa056747e67e0b,d61f51c5-432a54c5bebe32fa,0.44108761329305135,0.6517857142857143
26ad111c-6f110a9e517fc801,3c74c140-a93ee473b71ac072,0.4409090909090909,0.697841726618705
2a35cd81-0aeb43004eb108dd,339fdc7f-08ea3facdbf2e797,0.4408014571948998,0.5
9291ca83-b2b16ed7b0bb365a,66565156-e830bc6dfc3d34ae,0.4406779661016949,0.6
d61f51c5-432a54c5bebe32fa,35857a5a-8cd2a4bd9f3acd96,0.44052863436123346,0.45662100456621
464ad4dd-9978f63cac804e5b,d61f51c5-432a54c5bebe32fa,0.44050632911392407,0.4943181818181818
0c9d4def-6a3de0efe209485b,0ea5a836-8314c5dfb34c8bab,0.4403183023872679,0.515527950310559
35857a5a-8cd2a4bd9f3acd96,a2cf5634-50a35a847b217df3,0.4402730375426621,0.548936170212766
51151974-bb8053de078aa97d,35bb6075-720cdb4a7c64c6cd,0.44019138755980863,0.7022900763358778
8782922d-b6272ba0ec663c70,26ad111c-6f110a9e517fc801,0.44,0.4954954954954955
66565156-e830bc6dfc3d34ae,487c9f62-7eec6fd25ec3903d,0.44,0.49107142857142855
51151974-bb8053de078aa97d,3c74c140-a93ee473b71ac072,0.4398148148148148,0.7251908396946565
ae4d5b49-62ede50d39b5202a,3088ca9c-f1011bb8e87b3927,0.4397163120567376,0.47692307692307695
66565156-e830bc6dfc3d34ae,ab7507bf-cfb7470e23cb45dc,0.4396551724137931,0.45535714285714285
8782922d-b6272ba0ec663c70,5449d33c-c3fa056747e67e0b,0.43946188340807174,0.44144144144144143
7279bcb3-0f86b515ba2bd8dd,6e7cd58b-9e00f3e11d7fd578,0.43946188340807174,0.8909090909090909
fdd41565-d026425f11fe71fd,77448a05-1dfe65e51fa688fd,0.43946188340807174,0.7313432835820896
ab7507bf-cfb7470e23cb45dc,35857a5a-8cd2a4bd9f3acd96,0.4394366197183099,0.65
339fdc7f-08ea3facdbf2e797,77448a05-1dfe65e51fa688fd,0.4394184168012924,0.44299674267100975
ab7507bf-cfb7470e23cb45dc,464ad4dd-9978f63cac804e5b,0.4391891891891892,0.5416666666666666
98950986-d24a1d74ca0bc0c5,3f939694-111b597776032895,0.43902439024390244,0.6
1d43139f-a08be36b098f0971,c23278ec-650f3957a6da68ca,0.43884892086330934,0.4621212121212121
5449d33c-c3fa056747e67e0b,a5d5a95f-106627618ba094d2,0.4388185654008439,0.4642857142857143
97a7fab5-c8910bb2ec5c2935,f665e87b-932fba185362154d,0.43855421686746987,0.6148648648648649
0c9d4def-6a3de0efe209485b,778c91af-ba102667da83f00a,0.43855421686746987,0.5652173913043478
97a7fab5-c8910bb2ec5c2935,f665e87b-f01b7cfb37168ad5,0.43855421686746987,0.6148648648648649
464ad4dd-9978f63cac804e5b,77448a05-1dfe65e51fa688fd,0.4385245901639344,0.6079545454545454
17e67976-1c13712beab98d62,46bde295-e51fa6bd867e4ba5,0.43820224719101125,0.4875
9e7551da-8b58fac3a9eaef98,07043d35-d508fb40e7ba58e1,0.4381443298969072,0.6746031746031746
f0e13442-3615d4e91a6c5bd9,07043d35-d508fb40e7ba58e1,0.4381443298969072,0.6746031746031746
35857a5a-8cd2a4bd9f3acd96,f38ae053-1cc93e66c41ccafa,0.4381338742393509,0.4595744680851064
0ea5a836-8314c5dfb34c8bab,76a69f5c-5a0e3ae2a5ff1ef0,0.4381338742393509,0.5
6be4dcef-d802164d63afa92e,00af3420-6a22b980be3bebb8,0.4380952380952381,0.5411764705882353
6be4dcef-d802164d63afa92e,bdf7bfb2-dc5f2f3e1ffc8032,0.4380952380952381,0.5411764705882353
9e7551da-8b58fac3a9eaef98,f38ae053-1cc93e66c41ccafa,0.4375,0.6666666666666666
f0e13442-3615d4e91a6c5bd9,f38ae053-1cc93e66c41ccafa,0.4375,0.6666666666666666
3c74c140-a93ee473b71ac072,339fdc7f-08ea3facdbf2e797,0.4375,0.4418604651162791
487c9f62-7eec6fd25ec3903d,b9595381-1fe2b09ec26b73ed,0.43733333333333335,0.5942028985507246
0c9d4def-6a3de0efe209485b,3f939694-111b597776032895,0.43731778425655976,0.4658385093167702
08cf0478-cf474a42302061bb,77448a05-1dfe65e51fa688fd,0.4372093023255814,0.7966101694915254
4241f473-734711fff505529f,76a69f5c-5a0e3ae2a5ff1ef0,0.4372093023255814,0.6143790849673203
1d43139f-a08be36b098f0971,0c9d4def-6a3de0efe209485b,0.43686006825938567,0.48484848484848486
0b04b41e-0b6cb88d7212030e,a2cf5634-50a35a847b217df3,0.43684992570579495,0.45652173913043476
c4ca2ff3-8002e9fb1de21148,4e5ee0f7-8030183228b7a8d5,0.43661971830985913,0.8493150684931506
35bb6075-720cdb4a7c64c6cd,d92c5342-53771e54c54e60c0,0.43657142857142855,0.6655052264808362
6be4dcef-d802164d63afa92e,5449d33c-c3fa056747e67e0b,0.4365482233502538,0.5058823529411764
b9595381-1fe2b09ec26b73ed,40132ebc-0eb4e2e2a14b1fc4,0.4364937388193202,0.5147679324894515
175201f9-29a63f3073d1212f,b8b08542-ed329a5d344748ed,0.43617021276595747,0.44565217391304346
08cf0478-cf474a42302061bb,f38ae053-1cc93e66c41ccafa,0.43617021276595747,0.6949152542372882
175201f9-29a63f3073d1212f,d783d815-fcfd47fa9b8bb15b,0.43617021276595747,0.44565217391304346
175201f9-29a63f3073d1212f,d783d815-9c6f6853f561f0ed,0.43617021276595747,0.44565217391304346
4241f473-734711fff505529f,d61f51c5-432a54c5bebe32fa,0.43548387096774194,0.5294117647058824
51151974-bb8053de078aa97d,e5d02e93-9702b854ca246425,0.43478260869565216,0.6106870229007634
0ea5a836-8314c5dfb34c8bab,f38ae053-1cc93e66c41ccafa,0.4345991561181435,0.47685185185185186
86102d81-85b3e078083a5c18,4e5ee0f7-8030183228b7a8d5,0.43454038997214484,0.527027027027027
8532d5ed-e56d613d9e34734b,175201f9-29a63f3073d1212f,0.43450479233226835,0.5271317829457365
c4ca2ff3-8002e9fb1de21148,a5d5a95f-106627618ba094d2,0.43434343434343436,0.589041095890411
97a7fab5-c8910bb2ec5c2935,07043d35-d508fb40e7ba58e1,0.43414634146341463,0.6013513513513513
8a858867-b9bbeece66de3f0d,ef1d196b-c6903a1f95200b39,0.43400447427293065,0.7293233082706767
339fdc7f-08ea3facdbf2e797,40cc90ae-a1888e38f4a2438d,0.43383947939262474,0.6514657980456026
3b10bd6d-cb4bc04c8307b4f8,86102d81-85b3e078083a5c18,0.4336283185840708,0.6282051282051282
8532d5ed-e56d613d9e34734b,a368f345-4f26b824059bf5f9,0.43360433604336046,0.6201550387596899
4241f473-734711fff505529f,6e7cd58b-9e00f3e11d7fd578,0.4335378323108384,0.6928104575163399
17e67976-1c13712beab98d62,15941165-e7a0000e57984fda,0.4330708661417323,0.6875
ab7507bf-cfb7470e23cb45dc,fdd41565-d026425f11fe71fd,0.4330708661417323,0.4583333333333333
15941165-e7a0000e57984fda,2a35cd81-0aeb43004eb108dd,0.4326923076923077,0.5172413793103449
d61f51c5-432a54c5bebe32fa,6e7cd58b-9e00f3e11d7fd578,0.43243243243243246,0.547945205479452
66565156-e830bc6dfc3d34ae,35857a5a-8cd2a4bd9f3acd96,0.4322766570605187,0.6696428571428571
66565156-e830bc6dfc3d34ae,0c9d4def-6a3de0efe209485b,0.43223443223443225,0.5267857142857143
487c9f62-7eec6fd25ec3903d,732c98a0-5659f20742b2f453,0.4322033898305085,0.7391304347826086
487c9f62-7eec6fd25ec3903d,732c98a0-0117162249c9d715,0.4322033898305085,0.7391304347826086
77448a05-1dfe65e51fa688fd,40132ebc-0eb4e2e2a14b1fc4,0.43217665615141954,0.4391025641025641
08cf0478-cf474a42302061bb,15941165-e7a0000e57984fda,0.4315068493150685,0.5338983050847458
778c91af-ba102667da83f00a,77448a05-1dfe65e51fa688fd,0.43109540636042404,0.48031496062992124
8532d5ed-e56d613d9e34734b,8cfe3ee0-900555a974d03516,0.43097643097643096,0.49612403100775193
00af3420-6a22b980be3bebb8,e5d02e93-9702b854ca246425,0.430939226519337,0.624
bdf7bfb2-dc5f2f3e1ffc8032,e5d02e93-9702b854ca246425,0.430939226519337,0.624
ccc8ef27-962b4c2d0adf3e00,f7a0ea6d-b8e74e9785d59e88,0.4307692307692308,0.4307692307692308
d6fb3b9e-f5435586daf6a49b,f7a0ea6d-b8e74e9785d59e88,0.4307692307692308,0.4307692307692308
66565156-e830bc6dfc3d34ae,97a7fab5-c8910bb2ec5c2935,0.4307692307692308,0.5
42fe7dd0-ae8f546af908b5fe,86102d81-85b3e078083a5c18,0.430622009569378,0.7377049180327869
fdd41565-d026425f11fe71fd,d61f51c5-432a54c5bebe32fa,0.43059490084985835,0.5671641791044776
3088ca9c-f1011bb8e87b3927,f2cf6a74-c36cd3e8f935af24,0.43037974683544306,0.4473684210526316
585af783-1941371b4a80bb80,76a69f5c-5a0e3ae2a5ff1ef0,0.4302600472813239,0.6232876712328768
35bb6075-720cdb4a7c64c6cd,40cc90ae-a1888e38f4a2438d,0.43015521064301554,0.6759581881533101
f665e87b-932fba185362154d,76a69f5c-5a0e3ae2a5ff1ef0,0.43014705882352944,0.43820224719101125
f665e87b-f01b7cfb37168ad5,76a69f5c-5a0e3ae2a5ff1ef0,0.43014705882352944,0.43820224719101125
b55888de-ca2300bd54fb3fd5,0f09b843-a169d06ba2070f2e,0.43010752688172044,0.5555555555555556
c23278ec-650f3957a6da68ca,778c91af-ba102667da83f00a,0.43,0.589041095890411
15941165-e7a0000e57984fda,a368f345-4f26b824059bf5f9,0.42995169082125606,0.5114942528735632
54488276-f24b9e883d548563,7d12d33c-b4c3d5f6730bc23d,0.4297082228116711,0.50625
4e5ee0f7-8030183228b7a8d5,3c74c140-a93ee473b71ac072,0.4296875,0.5213270142180095
c4ca2ff3-8002e9fb1de21148,c23278ec-650f3957a6da68ca,0.4292237442922374,0.6438356164383562
08cf0478-cf474a42302061bb,732c98a0-5659f20742b2f453,0.42920353982300885,0.8220338983050848
08cf0478-cf474a42302061bb,732c98a0-0117162249c9d715,0.42920353982300885,0.8220338983050848
8cfe3ee0-900555a974d03516,77448a05-1dfe65e51fa688fd,0.42916666666666664,0.6130952380952381
0f09b843-a169d06ba2070f2e,0c9d4def-6a3de0efe209485b,0.4290909090909091,0.5175438596491229
0f09b843-a169d06ba2070f2e,7d12d33c-b4c3d5f6730bc23d,0.42900302114803623,0.6228070175438597
40132ebc-0eb4e2e2a14b1fc4,6e7cd58b-9e00f3e11d7fd578,0.42857142857142855,0.43788819875776397
487c9f62-7eec6fd25ec3903d,f6ed6826-065d31f19f562fcc,0.42857142857142855,0.5869565217391305
b55888de-ca2300bd54fb3fd5,4685c420-34caaa19b5555fa4,0.42857142857142855,0.5
d3a0b8d2-95a57759ca7f4494,b0a01ee7-a88cb875e376e2ba,0.42857142857142855,0.45
c4ca2ff3-8002e9fb1de21148,f8c99dd0-af74ef9023de52c3,0.42857142857142855,0.4520547945205479
0ea5a836-8314c5dfb34c8bab,339fdc7f-08ea3facdbf2e797,0.42829827915869984,0.5185185185185185
487c9f62-7eec6fd25ec3903d,35bb6075-720cdb4a7c64c6cd,0.42823529411764705,0.6594202898550725
4241f473-734711fff505529f,f38ae053-1cc93e66c41ccafa,0.4282238442822384,0.5751633986928104
51151974-bb8053de078aa97d,8cfe3ee0-900555a974d03516,0.4280936454849498,0.48854961832061067
4e5ee0f7-8030183228b7a8d5,d92c5342-53771e54c54e60c0,0.42803504380475593,0.8104265402843602
2a35cd81-0aeb43004eb108dd,f38ae053-1cc93e66c41ccafa,0.428,0.44214876033057854
f2cf6a74-c36cd3e8f935af24,8a858867-b9bbeece66de3f0d,0.42790697674418604,0.5609756097560976
86102d81-85b3e078083a5c18,f6ed6826-065d31f19f562fcc,0.42783505154639173,0.5608108108108109
d3a0b8d2-95a57759ca7f4494,23594fdf-bc29e3c145f03caa,0.42780748663101603,0.6666666666666666
ab7507bf-cfb7470e23cb45dc,778c91af-ba102667da83f00a,0.42780748663101603,0.6666666666666666
3f939694-111b597776032895,a2cf5634-50a35a847b217df3,0.4277673545966229,0.6263736263736264
a368f345-4f26b824059bf5f9,77448a05-1dfe65e51fa688fd,0.427536231884058,0.49166666666666664
0f09b843-a169d06ba2070f2e,97a7fab5-c8910bb2ec5c2935,0.42748091603053434,0.49122807017543857
c4ca2ff3-8002e9fb1de21148,b185d034-a791a4af4c89854c,0.42748091603053434,0.7671232876712328
3c74c140-a93ee473b71ac072,d92c5342-53771e54c54e60c0,0.42744656917885265,0.6312292358803987
15941165-e7a0000e57984fda,40132ebc-0eb4e2e2a14b1fc4,0.4274193548387097,0.6091954022988506
86102d81-85b3e078083a5c18,0c9d4def-6a3de0efe209485b,0.42718446601941745,0.44594594594594594
1d43139f-a08be36b098f0971,8cfe3ee0-900555a974d03516,0.4266666666666667,0.48484848484848486
f7a0ea6d-b8e74e9785d59e88,6be4dcef-d802164d63afa92e,0.4266666666666667,0.49230769230769234
8cfe3ee0-900555a974d03516,3c74c140-a93ee473b71ac072,0.42643923240938164,0.5952380952380952
40132ebc-0eb4e2e2a14b1fc4,dff5ff0a-4c22ff53e6acbc9b,0.4264264264264264,0.4409937888198758
0b04b41e-0b6cb88d7212030e,d92c5342-53771e54c54e60c0,0.42637362637362636,0.6024844720496895
8cfe3ee0-900555a974d03516,35bb6075-720cdb4a7c64c6cd,0.42637362637362636,0.5773809523809523
b55888de-ca2300bd54fb3fd5,8782922d-b6272ba0ec663c70,0.4262295081967213,0.5416666666666666
5449d33c-c3fa056747e67e0b,778c91af-ba102667da83f00a,0.4262295081967213,0.6964285714285714
c23278ec-650f3957a6da68ca,f665e87b-932fba185362154d,0.4261501210653753,0.6027397260273972
c23278ec-650f3957a6da68ca,f665e87b-f01b7cfb37168ad5,0.4261501210653753,0.6027397260273972
9e7551da-8b58fac3a9eaef98,35bb6075-720cdb4a7c64c6cd,0.4261501210653753,0.6984126984126984
f0e13442-3615d4e91a6c5bd9,35bb6075-720cdb4a7c64c6cd,0.4261501210653753,0.6984126984126984
1d43139f-a08be36b098f0971,f665e87b-932fba185362154d,0.42606516290726815,0.6439393939393939
1d43139f-a08be36b098f0971,f665e87b-f01b7cfb37168ad5,0.42606516290726815,0.6439393939393939
0c9d4def-6a3de0efe209485b,a2cf5634-50a35a847b217df3,0.42578125,0.6770186335403726
4241f473-734711fff505529f,b9595381-1fe2b09ec26b73ed,0.4256410256410256,0.5424836601307189
6018974f-796cead4caace323,4241f473-734711fff505529f,0.4253393665158371,0.6911764705882353
8782922d-b6272ba0ec663c70,b9595381-1fe2b09ec26b73ed,0.42528735632183906,0.6666666666666666
c23278ec-650f3957a6da68ca,35857a5a-8cd2a4bd9f3acd96,0.4251968503937008,0.5547945205479452
a368f345-4f26b824059bf5f9,3c74c140-a93ee473b71ac072,0.42513863216266173,0.4791666666666667
175201f9-29a63f3073d1212f,3c74c140-a93ee473b71ac072,0.4247422680412371,0.5597826086956522
464ad4dd-9978f63cac804e5b,f665e87b-932fba185362154d,0.42437923250564336,0.5340909090909091
464ad4dd-9978f63cac804e5b,f665e87b-f01b7cfb37168ad5,0.42437923250564336,0.5340909090909091
339fdc7f-08ea3facdbf2e797,732c98a0-5659f20742b2f453,0.4243369734789392,0.44299674267100975
339fdc7f-08ea3facdbf2e797,732c98a0-0117162249c9d715,0.4243369734789392,0.44299674267100975
585af783-1941371b4a80bb80,175201f9-29a63f3073d1212f,0.42424242424242425,0.4794520547945205
8782922d-b6272ba0ec663c70,00af3420-6a22b980be3bebb8,0.423728813559322,0.45045045045045046
8782922d-b6272ba0ec663c70,bdf7bfb2-dc5f2f3e1ffc8032,0.423728813559322,0.45045045045045046
c23278ec-650f3957a6da68ca,4da08761-2765de8ab5de2a01,0.423728813559322,0.5136986301369864
9e7551da-8b58fac3a9eaef98,8532d5ed-e56d613d9e34734b,0.4235294117647059,0.42857142857142855
464ad4dd-9978f63cac804e5b,732c98a0-5659f20742b2f453,0.4235294117647059,0.6136363636363636
464ad4dd-9978f63cac804e5b,732c98a0-0117162249c9d715,0.4235294117647059,0.6136363636363636
f0e13442-3615d4e91a6c5bd9,8532d5ed-e56d613d9e34734b,0.4235294117647059,0.42857142857142855
f7a0ea6d-b8e74e9785d59e88,b55888de-ca2300bd54fb3fd5,0.4233576642335766,0.4461538461538462
15941165-e7a0000e57984fda,a2cf5634-50a35a847b217df3,0.4228571428571429,0.6379310344827587
46bde295-e51fa6bd867e4ba5,86102d81-85b3e078083a5c18,0.42276422764227645,0.5306122448979592
ab7507bf-cfb7470e23cb45dc,480de7be-17d68f699a8fb117,0.4226190476190476,0.5916666666666667
ab7507bf-cfb7470e23cb45dc,f4757480-264ce4d0166e480d,0.4226190476190476,0.5916666666666667
4e5ee0f7-8030183228b7a8d5,732c98a0-5659f20742b2f453,0.42201834862385323,0.5450236966824644
4e5ee0f7-8030183228b7a8d5,732c98a0-0117162249c9d715,0.42201834862385323,0.5450236966824644
4da08761-2765de8ab5de2a01,8a041ef5-22f968305d57262e,0.421875,0.5192307692307693
46bde295-e51fa6bd867e4ba5,a5d5a95f-106627618ba094d2,0.42152466367713004,0.47959183673469385
35857a5a-8cd2a4bd9f3acd96,35bb6075-720cdb4a7c64c6cd,0.421455938697318,0.46808510638297873
26ad111c-6f110a9e517fc801,54488276-f24b9e883d548563,0.4214046822742475,0.45323741007194246
3c74c140-a93ee473b71ac072,40cc90ae-a1888e38f4a2438d,0.42139737991266374,0.6411960132890365
0f09b843-a169d06ba2070f2e,2a35cd81-0aeb43004eb108dd,0.42134831460674155,0.6578947368421053
a368f345-4f26b824059bf5f9,35bb6075-720cdb4a7c64c6cd,0.42125237191650855,0.4625
ae4d5b49-62ede50d39b5202a,6018974f-796cead4caace323,0.42105263157894735,0.4307692307692308
8782922d-b6272ba0ec663c70,15941165-e7a0000e57984fda,0.42105263157894735,0.5405405405405406
08cf0478-cf474a42302061bb,07043d35-d508fb40e7ba58e1,0.42105263157894735,0.6779661016949152
c23278ec-650f3957a6da68ca,f38ae053-1cc93e66c41ccafa,0.4207920792079208,0.5821917808219178
15941165-e7a0000e57984fda,4e5ee0f7-8030183228b7a8d5,0.42077922077922075,0.46551724137931033
a5d5a95f-106627618ba094d2,c23278ec-650f3957a6da68ca,0.42066420664206644,0.456
4da08761-2765de8ab5de2a01,732c98a0-5659f20742b2f453,0.42066420664206644,0.5480769230769231
4da08761-2765de8ab5de2a01,732c98a0-0117162249c9d715,0.42066420664206644,0.5480769230769231
175201f9-29a63f3073d1212f,35bb6075-720cdb4a7c64c6cd,0.42038216560509556,0.5380434782608695
175201f9-29a63f3073d1212f,35857a5a-8cd2a4bd9f3acd96,0.4200477326968974,0.4782608695652174
9e7551da-8b58fac3a9eaef98,15941165-e7a0000e57984fda,0.42,0.5
17e67976-1c13712beab98d62,ab7507bf-cfb7470e23cb45dc,0.42,0.525
f0e13442-3615d4e91a6c5bd9,15941165-e7a0000e57984fda,0.42,0.5
f6ed6826-065d31f19f562fcc,0b04b41e-0b6cb88d7212030e,0.4199288256227758,0.49166666666666664
175201f9-29a63f3073d1212f,f6ed6826-065d31f19f562fcc,0.419811320754717,0.483695652173913
d61f51c5-432a54c5bebe32fa,f38ae053-1cc93e66c41ccafa,0.4192872117400419,0.45662100456621
f38ae053-1cc93e66c41ccafa,07043d35-d508fb40e7ba58e1,0.41923076923076924,0.42248062015503873
5449d33c-c3fa056747e67e0b,175201f9-29a63f3073d1212f,0.4189189189189189,0.5535714285714286
4241f473-734711fff505529f,732c98a0-5659f20742b2f453,0.4188911704312115,0.6666666666666666
4241f473-734711fff505529f,732c98a0-0117162249c9d715,0.4188911704312115,0.6666666666666666
175201f9-29a63f3073d1212f,a2cf5634-50a35a847b217df3,0.41869158878504675,0.6086956521739131
66565156-e830bc6dfc3d34ae,585af783-1941371b4a80bb80,0.4186046511627907,0.48214285714285715
51151974-bb8053de078aa97d,b9595381-1fe2b09ec26b73ed,0.41847826086956524,0.5877862595419847
0f09b843-a169d06ba2070f2e,778c91af-ba102667da83f00a,0.41847826086956524,0.6754385964912281
8a858867-b9bbeece66de3f0d,35857a5a-8cd2a4bd9f3acd96,0.41847826086956524,0.5789473684210527
c4ca2ff3-8002e9fb1de21148,17e67976-1c13712beab98d62,0.41830065359477125,0.4383561643835616
8532d5ed-e56d613d9e34734b,fdd41565-d026425f11fe71fd,0.41825095057034223,0.4263565891472868
b185d034-a791a4af4c89854c,4da08761-2765de8ab5de2a01,0.4181360201511335,0.43915343915343913
d61f51c5-432a54c5bebe32fa,77448a05-1dfe65e51fa688fd,0.4180790960451977,0.5068493150684932
8cfe3ee0-900555a974d03516,f38ae053-1cc93e66c41ccafa,0.41784037558685444,0.5297619047619048
f665e87b-932fba185362154d,0b04b41e-0b6cb88d7212030e,0.41765704584040747,0.4606741573033708
f665e87b-f01b7cfb37168ad5,0b04b41e-0b6cb88d7212030e,0.41765704584040747,0.4606741573033708
8532d5ed-e56d613d9e34734b,4e5ee0f7-8030183228b7a8d5,0.4176470588235294,0.5503875968992248
a5d5a95f-106627618ba094d2,97a7fab5-c8910bb2ec5c2935,0.4175824175824176,0.456
45e41c6d-14603621c555c558,0f09b843-a169d06ba2070f2e,0.4175824175824176,0.5588235294117647
d3a0b8d2-95a57759ca7f4494,c23278ec-650f3957a6da68ca,0.4174757281553398,0.7166666666666667
76a69f5c-5a0e3ae2a5ff1ef0,0b04b41e-0b6cb88d7212030e,0.41736227045075125,0.45126353790613716
fdd41565-d026425f11fe71fd,b8b08542-ed329a5d344748ed,0.4171779141104294,0.5074626865671642
fdd41565-d026425f11fe71fd,d783d815-fcfd47fa9b8bb15b,0.4171779141104294,0.5074626865671642
fdd41565-d026425f11fe71fd,d783d815-9c6f6853f561f0ed,0.4171779141104294,0.5074626865671642
35bb6075-720cdb4a7c64c6cd,0b04b41e-0b6cb88d7212030e,0.41707717569786534,0.4425087108013937
08cf0478-cf474a42302061bb,b9595381-1fe2b09ec26b73ed,0.4169014084507042,0.6271186440677966
35857a5a-8cd2a4bd9f3acd96,77448a05-1dfe65e51fa688fd,0.41681901279707495,0.4851063829787234
f2cf6a74-c36cd3e8f935af24,fdd41565-d026425f11fe71fd,0.4166666666666667,0.5487804878048781
a368f345-4f26b824059bf5f9,f6ed6826-065d31f19f562fcc,0.4166666666666667,0.4166666666666667
a5d5a95f-106627618ba094d2,a368f345-4f26b824059bf5f9,0.41643835616438357,0.608
40132ebc-0eb4e2e2a14b1fc4,40cc90ae-a1888e38f4a2438d,0.41622198505869795,0.6055900621118012
487c9f62-7eec6fd25ec3903d,4da08761-2765de8ab5de2a01,0.4161849710982659,0.5217391304347826
6018974f-796cead4caace323,f8c99dd0-af74ef9023de52c3,0.4161073825503356,0.45588235294117646
4e5ee0f7-8030183228b7a8d5,30e0cc81-e37591091c959b0f,0.4161073825503356,0.44075829383886256
1b372750-4ec55bfec37eb837,1f6b81b1-5b2cd71aff307a38,0.41594022415940224,0.6447876447876448
c4ca2ff3-8002e9fb1de21148,4241f473-734711fff505529f,0.415929203539823,0.6438356164383562
585af783-1941371b4a80bb80,f38ae053-1cc93e66c41ccafa,0.4158415841584158,0.5753424657534246
08cf0478-cf474a42302061bb,f665e87b-932fba185362154d,0.4155844155844156,0.6779661016949152
08cf0478-cf474a42302061bb,f665e87b-f01b7cfb37168ad5,0.4155844155844156,0.6779661016949152
e5d02e93-9702b854ca246425,778c91af-ba102667da83f00a,0.4154786150712831,0.43037974683544306
4da08761-2765de8ab5de2a01,1b372750-4ec55bfec37eb837,0.41541755888650966,0.46634615384615385
0f09b843-a169d06ba2070f2e,585af783-1941371b4a80bb80,0.4153846153846154,0.47368421052631576
e5d02e93-9702b854ca246425,f6ed6826-065d31f19f562fcc,0.41509433962264153,0.4177215189873418
464ad4dd-9978f63cac804e5b,3c74c140-a93ee473b71ac072,0.41509433962264153,0.5625
480de7be-17d68f699a8fb117,e5d02e93-9702b854ca246425,0.41501103752759383,0.4351851851851852
f4757480-264ce4d0166e480d,e5d02e93-9702b854ca246425,0.41501103752759383,0.4351851851851852
585af783-1941371b4a80bb80,97a7fab5-c8910bb2ec5c2935,0.41496598639455784,0.4178082191780822
51151974-bb8053de078aa97d,b8b08542-ed329a5d344748ed,0.4148606811145511,0.5114503816793893
51151974-bb8053de078aa97d,d783d815-fcfd47fa9b8bb15b,0.4148606811145511,0.5114503816793893
51151974-bb8053de078aa97d,d783d815-9c6f6853f561f0ed,0.4148606811145511,0.5114503816793893
07043d35-d508fb40e7ba58e1,0b04b41e-0b6cb88d7212030e,0.4143835616438356,0.4618320610687023
3f939694-111b597776032895,0f14b12d-fee145b04c8d2e7d,0.4142857142857143,0.47802197802197804
a2cf5634-50a35a847b217df3,01c915a2-b134dfb6a3c23cce,0.4142692750287687,0.5128205128205128
ab7507bf-cfb7470e23cb45dc,b185d034-a791a4af4c89854c,0.41423948220064727,0.5333333333333333
ccc8ef27-962b4c2d0adf3e00,17e67976-1c13712beab98d62,0.41379310344827586,0.46153846153846156
d6fb3b9e-f5435586daf6a49b,17e67976-1c13712beab98d62,0.41379310344827586,0.46153846153846156
66565156-e830bc6dfc3d34ae,a5d5a95f-106627618ba094d2,0.41350210970464135,0.4375
4241f473-734711fff505529f,a2cf5634-50a35a847b217df3,0.4126984126984127,0.6797385620915033
35857a5a-8cd2a4bd9f3acd96,a368f345-4f26b824059bf5f9,0.4126315789473684,0.41702127659574467
00af3420-6a22b980be3bebb8,f38ae053-1cc93e66c41ccafa,0.412532637075718,0.632
bdf7bfb2-dc5f2f3e1ffc8032,f38ae053-1cc93e66c41ccafa,0.412532637075718,0.632
e5d02e93-9702b854ca246425,76a69f5c-5a0e3ae2a5ff1ef0,0.41245136186770426,0.4472573839662447
3f939694-111b597776032895,a368f345-4f26b824059bf5f9,0.41232227488151657,0.47802197802197804
6be4dcef-d802164d63afa92e,0f09b843-a169d06ba2070f2e,0.4120603015075377,0.4823529411764706
b55888de-ca2300bd54fb3fd5,23594fdf-bc29e3c145f03caa,0.4120603015075377,0.5694444444444444
30e0cc81-e37591091c959b0f,f6ed6826-065d31f19f562fcc,0.4117647058823529,0.4152542372881356
8cfe3ee0-900555a974d03516,f6ed6826-065d31f19f562fcc,0.4117647058823529,0.5
07043d35-d508fb40e7ba58e1,35bb6075-720cdb4a7c64c6cd,0.4116575591985428,0.4312977099236641
9e7551da-8b58fac3a9eaef98,d61f51c5-432a54c5bebe32fa,0.4115942028985507,0.5634920634920635
f0e13442-3615d4e91a6c5bd9,d61f51c5-432a54c5bebe32fa,0.4115942028985507,0.5634920634920635
dff5ff0a-4c22ff53e6acbc9b,a2cf5634-50a35a847b217df3,0.4115107913669065,0.41569767441860467
17e67976-1c13712beab98d62,fdd41565-d026425f11fe71fd,0.411214953271028,0.55
7a9c69d8-25b66767c6bfef75,4685c420-34caaa19b5555fa4,0.4111111111111111,0.44047619047619047
f2cf6a74-c36cd3e8f935af24,46bde295-e51fa6bd867e4ba5,0.4111111111111111,0.45121951219512196
464ad4dd-9978f63cac804e5b,175201f9-29a63f3073d1212f,0.4111111111111111,0.42045454545454547
6f393cfe-f27eb766dce24503,4685c420-34caaa19b5555fa4,0.4111111111111111,0.44047619047619047
9291ca83-b2b16ed7b0bb365a,ab7507bf-cfb7470e23cb45dc,0.41081081081081083,0.5846153846153846
0c9d4def-6a3de0efe209485b,f38ae053-1cc93e66c41ccafa,0.4105011933174224,0.5341614906832298
08cf0478-cf474a42302061bb,b185d034-a791a4af4c89854c,0.41042345276872966,0.5338983050847458
86102d81-85b3e078083a5c18,e5d02e93-9702b854ca246425,0.4103896103896104,0.5337837837837838
8a858867-b9bbeece66de3f0d,3c74c140-a93ee473b71ac072,0.41013824884792627,0.6691729323308271
26ad111c-6f110a9e517fc801,7d12d33c-b4c3d5f6730bc23d,0.4101123595505618,0.5251798561151079
1d43139f-a08be36b098f0971,585af783-1941371b4a80bb80,0.41007194244604317,0.4318181818181818
55ab9b5d-97aa2decf67ee58c,0f09b843-a169d06ba2070f2e,0.41,0.47674418604651164
5449d33c-c3fa056747e67e0b,1d43139f-a08be36b098f0971,0.4098360655737705,0.44642857142857145
01c915a2-b134dfb6a3c23cce,40cc90ae-a1888e38f4a2438d,0.4095322153574581,0.44787644787644787
8a858867-b9bbeece66de3f0d,6e7cd58b-9e00f3e11d7fd578,0.4093816631130064,0.7218045112781954
35857a5a-8cd2a4bd9f3acd96,778c91af-ba102667da83f00a,0.40899795501022496,0.425531914893617
51151974-bb8053de078aa97d,3f939694-111b597776032895,0.40894568690095845,0.48854961832061067
339fdc7f-08ea3facdbf2e797,d92c5342-53771e54c54e60c0,0.40893854748603353,0.5960912052117264
487c9f62-7eec6fd25ec3903d,77448a05-1dfe65e51fa688fd,0.4088888888888889,0.6666666666666666
01c915a2-b134dfb6a3c23cce,d92c5342-53771e54c54e60c0,0.40867992766726946,0.4362934362934363
b9595381-1fe2b09ec26b73ed,0f14b12d-fee145b04c8d2e7d,0.40842105263157896,0.4092827004219409
c4ca2ff3-8002e9fb1de21148,08cf0478-cf474a42302061bb,0.4083769633507853,0.5342465753424658
76a69f5c-5a0e3ae2a5ff1ef0,3c74c140-a93ee473b71ac072,0.4083044982698962,0.4259927797833935
2a35cd81-0aeb43004eb108dd,a2cf5634-50a35a847b217df3,0.40809443507588533,0.5
0c9d4def-6a3de0efe209485b,732c98a0-5659f20742b2f453,0.4080808080808081,0.6273291925465838
0c9d4def-6a3de0efe209485b,732c98a0-0117162249c9d715,0.4080808080808081,0.6273291925465838
175201f9-29a63f3073d1212f,f665e87b-932fba185362154d,0.4079822616407982,0.5
175201f9-29a63f3073d1212f,f665e87b-f01b7cfb37168ad5,0.4079822616407982,0.5
0ea5a836-8314c5dfb34c8bab,a368f345-4f26b824059bf5f9,0.40789473684210525,0.4305555555555556
ab7507bf-cfb7470e23cb45dc,175201f9-29a63f3073d1212f,0.40789473684210525,0.5166666666666667
e5d02e93-9702b854ca246425,0b04b41e-0b6cb88d7212030e,0.407871198568873,0.4810126582278481
4da08761-2765de8ab5de2a01,f38ae053-1cc93e66c41ccafa,0.40772532188841204,0.4567307692307692
b55888de-ca2300bd54fb3fd5,6be4dcef-d802164d63afa92e,0.40764331210191085,0.4444444444444444
a5d5a95f-106627618ba094d2,f38ae053-1cc93e66c41ccafa,0.4073107049608355,0.624
8532d5ed-e56d613d9e34734b,c23278ec-650f3957a6da68ca,0.4072727272727273,0.43410852713178294
ab7507bf-cfb7470e23cb45dc,54488276-f24b9e883d548563,0.40714285714285714,0.475
ab7507bf-cfb7470e23cb45dc,d61f51c5-432a54c5bebe32fa,0.40707964601769914,0.575
54488276-f24b9e883d548563,0f14b12d-fee145b04c8d2e7d,0.40703517587939697,0.50625
00af3420-6a22b980be3bebb8,54488276-f24b9e883d548563,0.4070175438596491,0.464
bdf7bfb2-dc5f2f3e1ffc8032,54488276-f24b9e883d548563,0.4070175438596491,0.464
3088ca9c-f1011bb8e87b3927,4685c420-34caaa19b5555fa4,0.4069767441860465,0.4605263157894737
175201f9-29a63f3073d1212f,d61f51c5-432a54c5bebe32fa,0.40694789081885857,0.44565217391304346
8a858867-b9bbeece66de3f0d,480de7be-17d68f699a8fb117,0.4068767908309456,0.5338345864661654
8a858867-b9bbeece66de3f0d,f4757480-264ce4d0166e480d,0.4068767908309456,0.5338345864661654
40cc90ae-a1888e38f4a2438d,cfba313d-96627cf80535b35d,0.4065040650406504,0.4065040650406504
fdd41565-d026425f11fe71fd,a368f345-4f26b824059bf5f9,0.40641711229946526,0.5671641791044776
c4ca2ff3-8002e9fb1de21148,0f09b843-a169d06ba2070f2e,0.40641711229946526,0.5205479452054794
17e67976-1c13712beab98d62,5449d33c-c3fa056747e67e0b,0.40625,0.4875
b55888de-ca2300bd54fb3fd5,00af3420-6a22b980be3bebb8,0.40609137055837563,0.5555555555555556
b55888de-ca2300bd54fb3fd5,bdf7bfb2-dc5f2f3e1ffc8032,0.40609137055837563,0.5555555555555556
9291ca83-b2b16ed7b0bb365a,45e41c6d-14603621c555c558,0.40601503759398494,0.4153846153846154
01c915a2-b134dfb6a3c23cce,cfba313d-96627cf80535b35d,0.4060017652250662,0.444015444015444
a2cf5634-50a35a847b217df3,b434c275-276b6ce441c4669e,0.40596520298260147,0.698005698005698
a2cf5634-50a35a847b217df3,9399204d-6515f9b4b4661ed8,0.40596520298260147,0.698005698005698
a2cf5634-50a35a847b217df3,fdc4f384-81c2afc418e72aef,0.40596520298260147,0.698005698005698
00af3420-6a22b980be3bebb8,585af783-1941371b4a80bb80,0.4059040590405904,0.44
bdf7bfb2-dc5f2f3e1ffc8032,585af783-1941371b4a80bb80,0.4059040590405904,0.44
86102d81-85b3e078083a5c18,b8b08542-ed329a5d344748ed,0.40588235294117647,0.46621621621621623
86102d81-85b3e078083a5c18,d783d815-fcfd47fa9b8bb15b,0.40588235294117647,0.46621621621621623
86102d81-85b3e078083a5c18,d783d815-9c6f6853f561f0ed,0.40588235294117647,0.46621621621621623
15941165-e7a0000e57984fda,f6ed6826-065d31f19f562fcc,0.4057971014492754,0.4827586206896552
3088ca9c-f1011bb8e87b3927,51151974-bb8053de078aa97d,0.4057971014492754,0.5526315789473685
b0a01ee7-a88cb875e376e2ba,b55888de-ca2300bd54fb3fd5,0.4057971014492754,0.42424242424242425
42fe7dd0-ae8f546af908b5fe,f2cf6a74-c36cd3e8f935af24,0.40559440559440557,0.47540983606557374
0f09b843-a169d06ba2070f2e,3f939694-111b597776032895,0.40540540540540543,0.5263157894736842
08cf0478-cf474a42302061bb,6e7cd58b-9e00f3e11d7fd578,0.4052863436123348,0.7796610169491526
0c9d4def-6a3de0efe209485b,d61f51c5-432a54c5bebe32fa,0.4052631578947368,0.4782608695652174
1d43139f-a08be36b098f0971,15941165-e7a0000e57984fda,0.40522875816993464,0.4696969696969697
51151974-bb8053de078aa97d,778c91af-ba102667da83f00a,0.4051948051948052,0.5954198473282443
1d43139f-a08be36b098f0971,f38ae053-1cc93e66c41ccafa,0.40512820512820513,0.5984848484848485
0b04b41e-0b6cb88d7212030e,d83f74f7-23bcf7dad899d241,0.40512820512820513,0.7360248447204969
778c91af-ba102667da83f00a,40cc90ae-a1888e38f4a2438d,0.4050632911392405,0.6929133858267716
e5d02e93-9702b854ca246425,f665e87b-932fba185362154d,0.40476190476190477,0.43037974683544306
e5d02e93-9702b854ca246425,f665e87b-f01b7cfb37168ad5,0.40476190476190477,0.43037974683544306
f6ed6826-065d31f19f562fcc,40cc90ae-a1888e38f4a2438d,0.4046783625730994,0.7208333333333333
fdd41565-d026425f11fe71fd,3c74c140-a93ee473b71ac072,0.4045977011494253,0.6567164179104478
b9595381-1fe2b09ec26b73ed,339fdc7f-08ea3facdbf2e797,0.40441176470588236,0.4641350210970464
51151974-bb8053de078aa97d,f6ed6826-065d31f19f562fcc,0.40431266846361186,0.5725190839694656
a2cf5634-50a35a847b217df3,cfba313d-96627cf80535b35d,0.40372670807453415,0.5555555555555556
66565156-e830bc6dfc3d34ae,a368f345-4f26b824059bf5f9,0.4034090909090909,0.6339285714285714
0f09b843-a169d06ba2070f2e,0f14b12d-fee145b04c8d2e7d,0.4034090909090909,0.6228070175438597
5449d33c-c3fa056747e67e0b,9e7551da-8b58fac3a9eaef98,0.40336134453781514,0.42857142857142855
5449d33c-c3fa056747e67e0b,f0e13442-3615d4e91a6c5bd9,0.40336134453781514,0.42857142857142855
30e0cc81-e37591091c959b0f,d92c5342-53771e54c54e60c0,0.4029126213592233,0.7033898305084746
9e7551da-8b58fac3a9eaef98,3c74c140-a93ee473b71ac072,0.4028103044496487,0.6825396825396826
f0e13442-3615d4e91a6c5bd9,3c74c140-a93ee473b71ac072,0.4028103044496487,0.6825396825396826
b55888de-ca2300bd54fb3fd5,7814575b-d53f200ab383f03f,0.4025974025974026,0.4305555555555556
42fe7dd0-ae8f546af908b5fe,46bde295-e51fa6bd867e4ba5,0.4025157232704403,0.5245901639344263
b0a01ee7-a88cb875e376e2ba,46bde295-e51fa6bd867e4ba5,0.4024390243902439,0.5
ab7507bf-cfb7470e23cb45dc,4da08761-2765de8ab5de2a01,0.4024390243902439,0.55
b55888de-ca2300bd54fb3fd5,5449d33c-c3fa056747e67e0b,0.40217391304347827,0.5138888888888888
487c9f62-7eec6fd25ec3903d,35857a5a-8cd2a4bd9f3acd96,0.40214477211796246,0.5434782608695652
585af783-1941371b4a80bb80,e5d02e93-9702b854ca246425,0.402088772845953,0.5273972602739726
b0a01ee7-a88cb875e376e2ba,8a858867-b9bbeece66de3f0d,0.4020100502512563,0.6060606060606061
15941165-e7a0000e57984fda,656b62de-07e003f6fc62643b,0.40198511166253104,0.46551724137931033
c4ca2ff3-8002e9fb1de21148,0c9d4def-6a3de0efe209485b,0.4017094017094017,0.6438356164383562
0c9d4def-6a3de0efe209485b,4da08761-2765de8ab5de2a01,0.4010840108401084,0.45962732919254656
4241f473-734711fff505529f,0ea5a836-8314c5dfb34c8bab,0.4010840108401084,0.48366013071895425
487c9f62-7eec6fd25ec3903d,6e7cd58b-9e00f3e11d7fd578,0.4008438818565401,0.6884057971014492
3f939694-111b597776032895,339fdc7f-08ea3facdbf2e797,0.40081799591002043,0.5384615384615384
f6ed6826-065d31f19f562fcc,778c91af-ba102667da83f00a,0.4008097165991903,0.4125
2a35cd81-0aeb43004eb108dd,0b04b41e-0b6cb88d7212030e,0.40070921985815605,0.4669421487603306
778c91af-ba102667da83f00a,9be0602e-2479557b64cb6cbc,0.4007029876977153,0.44881889763779526
f8c99dd0-af74ef9023de52c3,7a9c69d8-25b66767c6bfef75,0.4,0.4074074074074074
0f09b843-a169d06ba2070f2e,c23278ec-650f3957a6da68ca,0.4,0.45614035087719296
26ad111c-6f110a9e517fc801,c23278ec-650f3957a6da68ca,0.4,0.41007194244604317
00af3420-6a22b980be3bebb8,a5d5a95f-106627618ba094d2,0.4,0.4
26ad111c-6f110a9e517fc801,6e7cd58b-9e00f3e11d7fd578,0.4,0.6834532374100719
9e7551da-8b58fac3a9eaef98,778c91af-ba102667da83f00a,0.4,0.6031746031746031
8a858867-b9bbeece66de3f0d,07043d35-d508fb40e7ba58e1,0.4,0.5939849624060151
a5d5a95f-106627618ba094d2,bdf7bfb2-dc5f2f3e1ffc8032,0.4,0.4
45e41c6d-14603621c555c558,b55888de-ca2300bd54fb3fd5,0.4,0.4117647058823529
b55888de-ca2300bd54fb3fd5,8a858867-b9bbeece66de3f0d,0.4,0.5694444444444444
8a858867-b9bbeece66de3f0d,e5d02e93-9702b854ca246425,0.4,0.556390977443609
b55888de-ca2300bd54fb3fd5,487c9f62-7eec6fd25ec3903d,0.4,0.5833333333333334
4685c420-34caaa19b5555fa4,175201f9-29a63f3073d1212f,0.4,0.5833333333333334
6be4dcef-d802164d63afa92e,ab7507bf-cfb7470e23cb45dc,0.4,0.4823529411764706
4da08761-2765de8ab5de2a01,b9595381-1fe2b09ec26b73ed,0.4,0.42788461538461536
f0e13442-3615d4e91a6c5bd9,778c91af-ba102667da83f00a,0.4,0.6031746031746031
f8c99dd0-af74ef9023de52c3,6f393cfe-f27eb766dce24503,0.4,0.4074074074074074
f665e87b-932fba185362154d,ef1d196b-c6903a1f95200b39,0.3993115318416523,0.4344569288389513
f665e87b-f01b7cfb37168ad5,ef1d196b-c6903a1f95200b39,0.3993115318416523,0.4344569288389513
7d12d33c-b4c3d5f6730bc23d,d61f51c5-432a54c5bebe32fa,0.39908256880733944,0.4009216589861751
d61f51c5-432a54c5bebe32fa,d92c5342-53771e54c54e60c0,0.3990086741016109,0.7351598173515982
51151974-bb8053de078aa97d,35857a5a-8cd2a4bd9f3acd96,0.3989071038251366,0.5572519083969466
0f09b843-a169d06ba2070f2e,e5d02e93-9702b854ca246425,0.39886039886039887,0.6140350877192983
8532d5ed-e56d613d9e34734b,b8b08542-ed329a5d344748ed,0.3987538940809969,0.49612403100775193
26ad111c-6f110a9e517fc801,3f939694-111b597776032895,0.3987538940809969,0.460431654676259
8532d5ed-e56d613d9e34734b,d783d815-fcfd47fa9b8bb15b,0.3987538940809969,0.49612403100775193
8532d5ed-e56d613d9e34734b,d783d815-9c6f6853f561f0ed,0.3987538940809969,0.49612403100775193
66565156-e830bc6dfc3d34ae,15941165-e7a0000e57984fda,0.3986013986013986,0.5089285714285714
0ea5a836-8314c5dfb34c8bab,6e7cd58b-9e00f3e11d7fd578,0.39855072463768115,0.5092592592592593
cfba313d-96627cf80535b35d,b434c275-276b6ce441c4669e,0.398368456832087,0.4764227642276423
cfba313d-96627cf80535b35d,9399204d-6515f9b4b4661ed8,0.398368456832087,0.4764227642276423
cfba313d-96627cf80535b35d,fdc4f384-81c2afc418e72aef,0.398368456832087,0.4764227642276423
8a858867-b9bbeece66de3f0d,732c98a0-5659f20742b2f453,0.39828693790149894,0.6992481203007519
8a858867-b9bbeece66de3f0d,732c98a0-0117162249c9d715,0.39828693790149894,0.6992481203007519
3b10bd6d-cb4bc04c8307b4f8,97a7fab5-c8910bb2ec5c2935,0.39823008849557523,0.5769230769230769
c4ca2ff3-8002e9fb1de21148,86102d81-85b3e078083a5c18,0.39819004524886875,0.6027397260273972
c4ca2ff3-8002e9fb1de21148,487c9f62-7eec6fd25ec3903d,0.3981042654028436,0.5753424657534246
8cfe3ee0-900555a974d03516,778c91af-ba102667da83f00a,0.3981042654028436,0.5
0c9d4def-6a3de0efe209485b,30e0cc81-e37591091c959b0f,0.3979848866498741,0.4906832298136646
3088ca9c-f1011bb8e87b3927,ab7507bf-cfb7470e23cb45dc,0.3979591836734694,0.5131578947368421
8532d5ed-e56d613d9e34734b,f38ae053-1cc93e66c41ccafa,0.3979328165374677,0.5968992248062015
b0a01ee7-a88cb875e376e2ba,ab7507bf-cfb7470e23cb45dc,0.3978494623655914,0.5606060606060606
ab7507bf-cfb7470e23cb45dc,7d12d33c-b4c3d5f6730bc23d,0.39762611275964393,0.5583333333333333
f6ed6826-065d31f19f562fcc,f38ae053-1cc93e66c41ccafa,0.39759036144578314,0.4125
1d43139f-a08be36b098f0971,3c74c140-a93ee473b71ac072,0.3972286374133949,0.6515151515151515
e5d02e93-9702b854ca246425,77448a05-1dfe65e51fa688fd,0.3970856102003643,0.459915611814346
c23278ec-650f3957a6da68ca,07043d35-d508fb40e7ba58e1,0.39705882352941174,0.5547945205479452
c23278ec-650f3957a6da68ca,2a35cd81-0aeb43004eb108dd,0.39690721649484534,0.5273972602739726
3b10bd6d-cb4bc04c8307b4f8,15941165-e7a0000e57984fda,0.3968253968253968,0.6410256410256411
8782922d-b6272ba0ec663c70,9e7551da-8b58fac3a9eaef98,0.39662447257383965,0.42342342342342343
8782922d-b6272ba0ec663c70,f0e13442-3615d4e91a6c5bd9,0.39662447257383965,0.42342342342342343
08cf0478-cf474a42302061bb,a2cf5634-50a35a847b217df3,0.39658848614072495,0.788135593220339
98950986-d24a1d74ca0bc0c5,23594fdf-bc29e3c145f03caa,0.39655172413793105,0.4380952380952381
0ea5a836-8314c5dfb34c8bab,ef1d196b-c6903a1f95200b39,0.39622641509433965,0.4861111111111111
1a6f8b20-46e2136e681f3c6f,0f09b843-a169d06ba2070f2e,0.39593908629441626,0.46987951807228917
b9595381-1fe2b09ec26b73ed,732c98a0-5659f20742b2f453,0.3957968476357268,0.4767932489451477
b9595381-1fe2b09ec26b73ed,732c98a0-0117162249c9d715,0.3957968476357268,0.4767932489451477
00af3420-6a22b980be3bebb8,778c91af-ba102667da83f00a,0.39577836411609496,0.6
bdf7bfb2-dc5f2f3e1ffc8032,778c91af-ba102667da83f00a,0.39577836411609496,0.6
4e5ee0f7-8030183228b7a8d5,778c91af-ba102667da83f00a,0.3956989247311828,0.43601895734597157
8532d5ed-e56d613d9e34734b,35857a5a-8cd2a4bd9f3acd96,0.3956043956043956,0.5581395348837209
4da08761-2765de8ab5de2a01,e5d02e93-9702b854ca246425,0.3955056179775281,0.4230769230769231
f7a0ea6d-b8e74e9785d59e88,66565156-e830bc6dfc3d34ae,0.3954802259887006,0.5384615384615384
464ad4dd-9978f63cac804e5b,778c91af-ba102667da83f00a,0.3953488372093023,0.48295454545454547
40132ebc-0eb4e2e2a14b1fc4,01c915a2-b134dfb6a3c23cce,0.3952380952380952,0.515527950310559
17e67976-1c13712beab98d62,c6113c06-d4ec0a6afa4cb16c,0.39520958083832336,0.4125
7814575b-d53f200ab383f03f,6be4dcef-d802164d63afa92e,0.39520958083832336,0.4024390243902439
339fdc7f-08ea3facdbf2e797,01c915a2-b134dfb6a3c23cce,0.39515151515151514,0.5309446254071661
15941165-e7a0000e57984fda,77448a05-1dfe65e51fa688fd,0.3950617283950617,0.5517241379310345
1d43139f-a08be36b098f0971,3f939694-111b597776032895,0.39490445859872614,0.4696969696969697
17e67976-1c13712beab98d62,4241f473-734711fff505529f,0.3948497854077253,0.575
464ad4dd-9978f63cac804e5b,a2cf5634-50a35a847b217df3,0.3946869070208729,0.5909090909090909
5449d33c-c3fa056747e67e0b,3f939694-111b597776032895,0.3945578231292517,0.5178571428571429
9291ca83-b2b16ed7b0bb365a,f2cf6a74-c36cd3e8f935af24,0.3945578231292517,0.4461538461538462
6be4dcef-d802164d63afa92e,8a858867-b9bbeece66de3f0d,0.3944954128440367,0.5058823529411764
9291ca83-b2b16ed7b0bb365a,4241f473-734711fff505529f,0.3944954128440367,0.6615384615384615
ab7507bf-cfb7470e23cb45dc,a368f345-4f26b824059bf5f9,0.39444444444444443,0.5916666666666667
f7a0ea6d-b8e74e9785d59e88,86102d81-85b3e078083a5c18,0.39436619718309857,0.6461538461538462
98950986-d24a1d74ca0bc0c5,15941165-e7a0000e57984fda,0.3942652329749104,0.5238095238095238
464ad4dd-9978f63cac804e5b,a368f345-4f26b824059bf5f9,0.3942307692307692,0.4659090909090909
b8b08542-ed329a5d344748ed,d61f51c5-432a54c5bebe32fa,0.39416058394160586,0.421875
d783d815-fcfd47fa9b8bb15b,d61f51c5-432a54c5bebe32fa,0.39416058394160586,0.421875
d783d815-9c6f6853f561f0ed,d61f51c5-432a54c5bebe32fa,0.39416058394160586,0.421875
15941165-e7a0000e57984fda,e5d02e93-9702b854ca246425,0.39416058394160586,0.46551724137931033
3088ca9c-f1011bb8e87b3927,23594fdf-bc29e3c145f03caa,0.39408866995073893,0.5263157894736842
d92c5342-53771e54c54e60c0,cfba313d-96627cf80535b35d,0.3940149625935162,0.4030612244897959
55ab9b5d-97aa2decf67ee58c,5449d33c-c3fa056747e67e0b,0.3939393939393939,0.45348837209302323
15941165-e7a0000e57984fda,732c98a0-5659f20742b2f453,0.3937007874015748,0.5747126436781609
15941165-e7a0000e57984fda,732c98a0-0117162249c9d715,0.3937007874015748,0.5747126436781609
8a858867-b9bbeece66de3f0d,3f939694-111b597776032895,0.39365079365079364,0.46616541353383456
3b10bd6d-cb4bc04c8307b4f8,98950986-d24a1d74ca0bc0c5,0.39344262295081966,0.46153846153846156
4241f473-734711fff505529f,4da08761-2765de8ab5de2a01,0.39335180055401664,0.46405228758169936
7814575b-d53f200ab383f03f,4685c420-34caaa19b5555fa4,0.39325842696629215,0.4268292682926829
26ad111c-6f110a9e517fc801,732c98a0-5659f20742b2f453,0.39323467230443976,0.6690647482014388
26ad111c-6f110a9e517fc801,732c98a0-0117162249c9d715,0.39323467230443976,0.6690647482014388
1d43139f-a08be36b098f0971,d61f51c5-432a54c5bebe32fa,0.39316239316239315,0.5227272727272727
8782922d-b6272ba0ec663c70,a368f345-4f26b824059bf5f9,0.39316239316239315,0.6216216216216216
fdd41565-d026425f11fe71fd,732c98a0-5659f20742b2f453,0.39316239316239315,0.6865671641791045
fdd41565-d026425f11fe71fd,732c98a0-0117162249c9d715,0.39316239316239315,0.6865671641791045
4241f473-734711fff505529f,778c91af-ba102667da83f00a,0.3931203931203931,0.5228758169934641
6018974f-796cead4caace323,98950986-d24a1d74ca0bc0c5,0.3930635838150289,0.5
8cfe3ee0-900555a974d03516,a2cf5634-50a35a847b217df3,0.3930635838150289,0.6071428571428571
54488276-f24b9e883d548563,2a35cd81-0aeb43004eb108dd,0.39303482587064675,0.49375
97a7fab5-c8910bb2ec5c2935,778c91af-ba102667da83f00a,0.39303482587064675,0.5337837837837838
585af783-1941371b4a80bb80,77448a05-1dfe65e51fa688fd,0.3930131004366812,0.6164383561643836
01c915a2-b134dfb6a3c23cce,b434c275-276b6ce441c4669e,0.3930131004366812,0.5212355212355212
01c915a2-b134dfb6a3c23cce,9399204d-6515f9b4b4661ed8,0.3930131004366812,0.5212355212355212
01c915a2-b134dfb6a3c23cce,fdc4f384-81c2afc418e72aef,0.3930131004366812,0.5212355212355212
77448a05-1dfe65e51fa688fd,ef1d196b-c6903a1f95200b39,0.3929712460063898,0.3942307692307692
00af3420-6a22b980be3bebb8,480de7be-17d68f699a8fb117,0.39296187683284456,0.536
00af3420-6a22b980be3bebb8,f4757480-264ce4d0166e480d,0.39296187683284456,0.536
bdf7bfb2-dc5f2f3e1ffc8032,480de7be-17d68f699a8fb117,0.39296187683284456,0.536
bdf7bfb2-dc5f2f3e1ffc8032,f4757480-264ce4d0166e480d,0.39296187683284456,0.536
66565156-e830bc6dfc3d34ae,d61f51c5-432a54c5bebe32fa,0.39274924471299094,0.5803571428571429
77448a05-1dfe65e51fa688fd,40cc90ae-a1888e38f4a2438d,0.3926645091693635,0.5833333333333334
8a858867-b9bbeece66de3f0d,a2cf5634-50a35a847b217df3,0.3925619834710744,0.7142857142857143
a5d5a95f-106627618ba094d2,b9595381-1fe2b09ec26b73ed,0.39226519337016574,0.568
8cfe3ee0-900555a974d03516,a368f345-4f26b824059bf5f9,0.39215686274509803,0.47619047619047616
5449d33c-c3fa056747e67e0b,487c9f62-7eec6fd25ec3903d,0.392,0.4375
9291ca83-b2b16ed7b0bb365a,1a6f8b20-46e2136e681f3c6f,0.3918918918918919,0.4461538461538462
26ad111c-6f110a9e517fc801,a2cf5634-50a35a847b217df3,0.39183673469387753,0.6906474820143885
08cf0478-cf474a42302061bb,23594fdf-bc29e3c145f03caa,0.39183673469387753,0.4067796610169492
3088ca9c-f1011bb8e87b3927,08cf0478-cf474a42302061bb,0.3917525773195876,0.5
0f09b843-a169d06ba2070f2e,9e7551da-8b58fac3a9eaef98,0.39166666666666666,0.41228070175438597
0f09b843-a169d06ba2070f2e,f0e13442-3615d4e91a6c5bd9,0.39166666666666666,0.41228070175438597
3c74c140-a93ee473b71ac072,d83f74f7-23bcf7dad899d241,0.391644908616188,0.7475083056478405
4241f473-734711fff505529f,40132ebc-0eb4e2e2a14b1fc4,0.391578947368421,0.6078431372549019
3f939694-111b597776032895,2a35cd81-0aeb43004eb108dd,0.3915094339622642,0.45604395604395603
51151974-bb8053de078aa97d,732c98a0-5659f20742b2f453,0.3913978494623656,0.6946564885496184
51151974-bb8053de078aa97d,732c98a0-0117162249c9d715,0.3913978494623656,0.6946564885496184
97a7fab5-c8910bb2ec5c2935,77448a05-1dfe65e51fa688fd,0.391304347826087,0.6081081081081081
35857a5a-8cd2a4bd9f3acd96,d92c5342-53771e54c54e60c0,0.39125151883353587,0.6851063829787234
6e7cd58b-9e00f3e11d7fd578,cfba313d-96627cf80535b35d,0.3911671924290221,0.5535714285714286
ae4d5b49-62ede50d39b5202a,0f09b843-a169d06ba2070f2e,0.39106145251396646,0.5384615384615384
b8b08542-ed329a5d344748ed,0f14b12d-fee145b04c8d2e7d,0.39069767441860465,0.4375
d783d815-fcfd47fa9b8bb15b,0f14b12d-fee145b04c8d2e7d,0.39069767441860465,0.4375
d783d815-9c6f6853f561f0ed,0f14b12d-fee145b04c8d2e7d,0.39069767441860465,0.4375
30e0cc81-e37591091c959b0f,40132ebc-0eb4e2e2a14b1fc4,0.3906810035842294,0.461864406779661
c4ca2ff3-8002e9fb1de21148,4685c420-34caaa19b5555fa4,0.3905325443786982,0.4520547945205479
26ad111c-6f110a9e517fc801,35857a5a-8cd2a4bd9f3acd96,0.39037433155080214,0.5251798561151079
8532d5ed-e56d613d9e34734b,f6ed6826-065d31f19f562fcc,0.3902439024390244,0.5581395348837209
66565156-e830bc6dfc3d34ae,fdd41565-d026425f11fe71fd,0.3902439024390244,0.42857142857142855
97a7fab5-c8910bb2ec5c2935,0ea5a836-8314c5dfb34c8bab,0.3901098901098901,0.4797297297297297
2a35cd81-0aeb43004eb108dd,40132ebc-0eb4e2e2a14b1fc4,0.3900709219858156,0.45454545454545453
585af783-1941371b4a80bb80,778c91af-ba102667da83f00a,0.39,0.5342465753424658
732c98a0-5659f20742b2f453,b434c275-276b6ce441c4669e,0.3899159663865546,0.6946107784431138
732c98a0-0117162249c9d715,b434c275-276b6ce441c4669e,0.3899159663865546,0.6946107784431138
732c98a0-5659f20742b2f453,9399204d-6515f9b4b4661ed8,0.3899159663865546,0.6946107784431138
732c98a0-0117162249c9d715,9399204d-6515f9b4b4661ed8,0.3899159663865546,0.6946107784431138
732c98a0-5659f20742b2f453,fdc4f384-81c2afc418e72aef,0.3899159663865546,0.6946107784431138
732c98a0-0117162249c9d715,fdc4f384-81c2afc418e72aef,0.3899159663865546,0.6946107784431138
4241f473-734711fff505529f,2a35cd81-0aeb43004eb108dd,0.389873417721519,0.5032679738562091
1a6f8b20-46e2136e681f3c6f,4241f473-734711fff505529f,0.3898305084745763,0.5542168674698795
3b10bd6d-cb4bc04c8307b4f8,4241f473-734711fff505529f,0.38961038961038963,0.5769230769230769
175201f9-29a63f3073d1212f,b9595381-1fe2b09ec26b73ed,0.38954869358669836,0.44565217391304346
778c91af-ba102667da83f00a,d92c5342-53771e54c54e60c0,0.38954869358669836,0.6456692913385826
464ad4dd-9978f63cac804e5b,f6ed6826-065d31f19f562fcc,0.3894230769230769,0.4602272727272727
51151974-bb8053de078aa97d,4da08761-2765de8ab5de2a01,0.3893805309734513,0.5038167938931297
15941165-e7a0000e57984fda,b9595381-1fe2b09ec26b73ed,0.38929440389294406,0.45977011494252873
45e41c6d-14603621c555c558,f8c99dd0-af74ef9023de52c3,0.38926174496644295,0.4264705882352941
732c98a0-5659f20742b2f453,d83f74f7-23bcf7dad899d241,0.38917089678510997,0.688622754491018
732c98a0-0117162249c9d715,d83f74f7-23bcf7dad899d241,0.38917089678510997,0.688622754491018
a5d5a95f-106627618ba094d2,8cfe3ee0-900555a974d03516,0.3890784982935154,0.456
0c9d4def-6a3de0efe209485b,77448a05-1dfe65e51fa688fd,0.3890063424947146,0.5714285714285714
4da08761-2765de8ab5de2a01,3c74c140-a93ee473b71ac072,0.3889980353634578,0.47596153846153844
6018974f-796cead4caace323,5449d33c-c3fa056747e67e0b,0.3888888888888889,0.5147058823529411
5449d33c-c3fa056747e67e0b,464ad4dd-9978f63cac804e5b,0.3888888888888889,0.5
ab7507bf-cfb7470e23cb45dc,f6ed6826-065d31f19f562fcc,0.3888888888888889,0.5833333333333334
0ea5a836-8314c5dfb34c8bab,480de7be-17d68f699a8fb117,0.3888888888888889,0.3888888888888889
0ea5a836-8314c5dfb34c8bab,f4757480-264ce4d0166e480d,0.3888888888888889,0.3888888888888889
0b04b41e-0b6cb88d7212030e,b434c275-276b6ce441c4669e,0.38879456706281834,0.7111801242236024
0b04b41e-0b6cb88d7212030e,9399204d-6515f9b4b4661ed8,0.38879456706281834,0.7111801242236024
0b04b41e-0b6cb88d7212030e,fdc4f384-81c2afc418e72aef,0.38879456706281834,0.7111801242236024
15941165-e7a0000e57984fda,7d12d33c-b4c3d5f6730bc23d,0.3887468030690537,0.4367816091954023
8532d5ed-e56d613d9e34734b,07043d35-d508fb40e7ba58e1,0.3887468030690537,0.5891472868217055
ccc8ef27-962b4c2d0adf3e00,c23278ec-650f3957a6da68ca,0.3886255924170616,0.6307692307692307
d6fb3b9e-f5435586daf6a49b,c23278ec-650f3957a6da68ca,0.3886255924170616,0.6307692307692307
9291ca83-b2b16ed7b0bb365a,7279bcb3-0f86b515ba2bd8dd,0.38857142857142857,0.5230769230769231
26ad111c-6f110a9e517fc801,4e5ee0f7-8030183228b7a8d5,0.38857142857142857,0.4892086330935252
487c9f62-7eec6fd25ec3903d,a2cf5634-50a35a847b217df3,0.3885480572597137,0.6884057971014492
26ad111c-6f110a9e517fc801,2a35cd81-0aeb43004eb108dd,0.3884514435695538,0.5323741007194245
00af3420-6a22b980be3bebb8,175201f9-29a63f3073d1212f,0.3883495145631068,0.48
bdf7bfb2-dc5f2f3e1ffc8032,175201f9-29a63f3073d1212f,0.3883495145631068,0.48
5449d33c-c3fa056747e67e0b,0c9d4def-6a3de0efe209485b,0.3882783882783883,0.4732142857142857
7a9c69d8-25b66767c6bfef75,b185d034-a791a4af4c89854c,0.3882783882783883,0.6309523809523809
6f393cfe-f27eb766dce24503,b185d034-a791a4af4c89854c,0.3882783882783883,0.6309523809523809
15941165-e7a0000e57984fda,6e7cd58b-9e00f3e11d7fd578,0.38823529411764707,0.5689655172413793
b0a01ee7-a88cb875e376e2ba,6018974f-796cead4caace323,0.3880597014925373,0.3939393939393939
487c9f62-7eec6fd25ec3903d,b8b08542-ed329a5d344748ed,0.3878787878787879,0.463768115942029
487c9f62-7eec6fd25ec3903d,d783d815-fcfd47fa9b8bb15b,0.3878787878787879,0.463768115942029
487c9f62-7eec6fd25ec3903d,d783d815-9c6f6853f561f0ed,0.3878787878787879,0.463768115942029
fdd41565-d026425f11fe71fd,f38ae053-1cc93e66c41ccafa,0.3877551020408163,0.5671641791044776
5449d33c-c3fa056747e67e0b,4da08761-2765de8ab5de2a01,0.3875,0.5535714285714286
480de7be-17d68f699a8fb117,778c91af-ba102667da83f00a,0.3872340425531915,0.4212962962962963
f4757480-264ce4d0166e480d,778c91af-ba102667da83f00a,0.3872340425531915,0.4212962962962963
0f09b843-a169d06ba2070f2e,fdd41565-d026425f11fe71fd,0.3870967741935484,0.42105263157894735
3c74c140-a93ee473b71ac072,ef1d196b-c6903a1f95200b39,0.38699186991869916,0.3953488372093023
0f09b843-a169d06ba2070f2e,8532d5ed-e56d613d9e34734b,0.3868312757201646,0.41228070175438597
55ab9b5d-97aa2decf67ee58c,9e7551da-8b58fac3a9eaef98,0.3867924528301887,0.47674418604651164
55ab9b5d-97aa2decf67ee58c,f0e13442-3615d4e91a6c5bd9,0.3867924528301887,0.47674418604651164
6be4dcef-d802164d63afa92e,23594fdf-bc29e3c145f03caa,0.3867924528301887,0.4823529411764706
45e41c6d-14603621c555c558,7814575b-d53f200ab383f03f,0.38666666666666666,0.4264705882352941
9291ca83-b2b16ed7b0bb365a,6be4dcef-d802164d63afa92e,0.38666666666666666,0.4461538461538462
ccc8ef27-962b4c2d0adf3e00,6be4dcef-d802164d63afa92e,0.38666666666666666,0.4461538461538462
d6fb3b9e-f5435586daf6a49b,6be4dcef-d802164d63afa92e,0.38666666666666666,0.4461538461538462
07043d35-d508fb40e7ba58e1,339fdc7f-08ea3facdbf2e797,0.3866432337434095,0.4198473282442748
51151974-bb8053de078aa97d,ef1d196b-c6903a1f95200b39,0.3865168539325843,0.6564885496183206
08cf0478-cf474a42302061bb,4da08761-2765de8ab5de2a01,0.38650306748466257,0.5338983050847458
42fe7dd0-ae8f546af908b5fe,c23278ec-650f3957a6da68ca,0.3864734299516908,0.6557377049180327
51151974-bb8053de078aa97d,480de7be-17d68f699a8fb117,0.3861671469740634,0.5114503816793893
51151974-bb8053de078aa97d,f4757480-264ce4d0166e480d,0.3861671469740634,0.5114503816793893
15941165-e7a0000e57984fda,35bb6075-720cdb4a7c64c6cd,0.38611713665943603,0.5114942528735632
97a7fab5-c8910bb2ec5c2935,8cfe3ee0-900555a974d03516,0.3860759493670886,0.41216216216216217
fdd41565-d026425f11fe71fd,c23278ec-650f3957a6da68ca,0.38571428571428573,0.40298507462686567
35857a5a-8cd2a4bd9f3acd96,e5d02e93-9702b854ca246425,0.3855932203389831,0.3872340425531915
08cf0478-cf474a42302061bb,f6ed6826-065d31f19f562fcc,0.3854748603351955,0.5847457627118644
a2cf5634-50a35a847b217df3,d83f74f7-23bcf7dad899d241,0.3853211009174312,0.6581196581196581
66565156-e830bc6dfc3d34ae,1d43139f-a08be36b098f0971,0.38524590163934425,0.41964285714285715
487c9f62-7eec6fd25ec3903d,ef1d196b-c6903a1f95200b39,0.38495575221238937,0.6304347826086957
7d12d33c-b4c3d5f6730bc23d,35bb6075-720cdb4a7c64c6cd,0.38492063492063494,0.4470046082949309
54488276-f24b9e883d548563,35bb6075-720cdb4a7c64c6cd,0.38478747203579416,0.5375
30e0cc81-e37591091c959b0f,b9595381-1fe2b09ec26b73ed,0.38477801268498946,0.3855932203389831
b9595381-1fe2b09ec26b73ed,ef1d196b-c6903a1f95200b39,0.38475499092558985,0.4472573839662447
f665e87b-932fba185362154d,01c915a2-b134dfb6a3c23cce,0.38471337579617837,0.5655430711610487
f665e87b-f01b7cfb37168ad5,01c915a2-b134dfb6a3c23cce,0.38471337579617837,0.5655430711610487
1d43139f-a08be36b098f0971,6e7cd58b-9e00f3e11d7fd578,0.38461538461538464,0.6818181818181818
f2cf6a74-c36cd3e8f935af24,9e7551da-8b58fac3a9eaef98,0.38461538461538464,0.4878048780487805
f2cf6a74-c36cd3e8f935af24,f0e13442-3615d4e91a6c5bd9,0.38461538461538464,0.4878048780487805
55ab9b5d-97aa2decf67ee58c,4685c420-34caaa19b5555fa4,0.38461538461538464,0.4069767441860465
487c9f62-7eec6fd25ec3903d,97a7fab5-c8910bb2ec5c2935,0.38461538461538464,0.39855072463768115
d3a0b8d2-95a57759ca7f4494,4685c420-34caaa19b5555fa4,0.38461538461538464,0.5
97a7fab5-c8910bb2ec5c2935,b9595381-1fe2b09ec26b73ed,0.38441558441558443,0.5
c4ca2ff3-8002e9fb1de21148,4da08761-2765de8ab5de2a01,0.38434163701067614,0.7397260273972602
45e41c6d-14603621c555c558,0c9d4def-6a3de0efe209485b,0.38427947598253276,0.6470588235294118
3b10bd6d-cb4bc04c8307b4f8,00af3420-6a22b980be3bebb8,0.3842364532019704,0.5
3b10bd6d-cb4bc04c8307b4f8,bdf7bfb2-dc5f2f3e1ffc8032,0.3842364532019704,0.5
6e7cd58b-9e00f3e11d7fd578,b434c275-276b6ce441c4669e,0.38422818791946306,0.6815476190476191
6e7cd58b-9e00f3e11d7fd578,9399204d-6515f9b4b4661ed8,0.38422818791946306,0.6815476190476191
6e7cd58b-9e00f3e11d7fd578,fdc4f384-81c2afc418e72aef,0.38422818791946306,0.6815476190476191
ae4d5b49-62ede50d39b5202a,5449d33c-c3fa056747e67e0b,0.384180790960452,0.5230769230769231
0ea5a836-8314c5dfb34c8bab,e5d02e93-9702b854ca246425,0.3841059602649007,0.4027777777777778
9e7551da-8b58fac3a9eaef98,40132ebc-0eb4e2e2a14b1fc4,0.38392857142857145,0.6825396825396826
f0e13442-3615d4e91a6c5bd9,40132ebc-0eb4e2e2a14b1fc4,0.38392857142857145,0.6825396825396826
c4ca2ff3-8002e9fb1de21148,00af3420-6a22b980be3bebb8,0.3838383838383838,0.5205479452054794
c4ca2ff3-8002e9fb1de21148,bdf7bfb2-dc5f2f3e1ffc8032,0.3838383838383838,0.5205479452054794
d3a0b8d2-95a57759ca7f4494,5449d33c-c3fa056747e67e0b,0.38372093023255816,0.55
8a858867-b9bbeece66de3f0d,4e5ee0f7-8030183228b7a8d5,0.38372093023255816,0.49624060150375937
40132ebc-0eb4e2e2a14b1fc4,b434c275-276b6ce441c4669e,0.3837011884550085,0.7018633540372671
40132ebc-0eb4e2e2a14b1fc4,9399204d-6515f9b4b4661ed8,0.3837011884550085,0.7018633540372671
40132ebc-0eb4e2e2a14b1fc4,fdc4f384-81c2afc418e72aef,0.3837011884550085,0.7018633540372671
66565156-e830bc6dfc3d34ae,8a858867-b9bbeece66de3f0d,0.3836734693877551,0.41964285714285715
30e0cc81-e37591091c959b0f,778c91af-ba102667da83f00a,0.3836734693877551,0.3983050847457627
86102d81-85b3e078083a5c18,7d12d33c-b4c3d5f6730bc23d,0.3835616438356164,0.47297297297297297
d3a0b8d2-95a57759ca7f4494,55ab9b5d-97aa2decf67ee58c,0.3835616438356164,0.4666666666666667
42fe7dd0-ae8f546af908b5fe,6be4dcef-d802164d63afa92e,0.3835616438356164,0.45901639344262296
732c98a0-5659f20742b2f453,dff5ff0a-4c22ff53e6acbc9b,0.3834808259587021,0.38922155688622756
732c98a0-0117162249c9d715,dff5ff0a-4c22ff53e6acbc9b,0.3834808259587021,0.38922155688622756
7814575b-d53f200ab383f03f,8782922d-b6272ba0ec663c70,0.38341968911917096,0.45121951219512196
08cf0478-cf474a42302061bb,480de7be-17d68f699a8fb117,0.38323353293413176,0.5423728813559322
08cf0478-cf474a42302061bb,f4757480-264ce4d0166e480d,0.38323353293413176,0.5423728813559322
4685c420-34caaa19b5555fa4,08cf0478-cf474a42302061bb,0.38317757009345793,0.4270833333333333
26ad111c-6f110a9e517fc801,480de7be-17d68f699a8fb117,0.38309859154929576,0.4892086330935252
26ad111c-6f110a9e517fc801,f4757480-264ce4d0166e480d,0.38309859154929576,0.4892086330935252
3088ca9c-f1011bb8e87b3927,5449d33c-c3fa056747e67e0b,0.3829787234042553,0.47368421052631576
0b04b41e-0b6cb88d7212030e,6e7cd58b-9e00f3e11d7fd578,0.3829787234042553,0.391304347826087
45e41c6d-14603621c555c558,ab7507bf-cfb7470e23cb45dc,0.3829787234042553,0.5294117647058824
fdd41565-d026425f11fe71fd,0ea5a836-8314c5dfb34c8bab,0.38285714285714284,0.5
f2cf6a74-c36cd3e8f935af24,15941165-e7a0000e57984fda,0.3828125,0.5975609756097561
3088ca9c-f1011bb8e87b3927,55ab9b5d-97aa2decf67ee58c,0.38271604938271603,0.40789473684210525
0f09b843-a169d06ba2070f2e,175201f9-29a63f3073d1212f,0.3825503355704698,0.5
86102d81-85b3e078083a5c18,339fdc7f-08ea3facdbf2e797,0.3824175824175824,0.5878378378378378
76a69f5c-5a0e3ae2a5ff1ef0,01c915a2-b134dfb6a3c23cce,0.38238993710691827,0.5487364620938628
7a9c69d8-25b66767c6bfef75,ab7507bf-cfb7470e23cb45dc,0.38235294117647056,0.4642857142857143
6f393cfe-f27eb766dce24503,ab7507bf-cfb7470e23cb45dc,0.38235294117647056,0.4642857142857143
656b62de-07e003f6fc62643b,2a35cd81-0aeb43004eb108dd,0.3821656050955414,0.3930131004366812
ccc8ef27-962b4c2d0adf3e00,b0a01ee7-a88cb875e376e2ba,0.3816793893129771,0.38461538461538464
d6fb3b9e-f5435586daf6a49b,b0a01ee7-a88cb875e376e2ba,0.3816793893129771,0.38461538461538464
b55888de-ca2300bd54fb3fd5,17e67976-1c13712beab98d62,0.3815789473684211,0.4027777777777778
76a69f5c-5a0e3ae2a5ff1ef0,d92c5342-53771e54c54e60c0,0.3815028901734104,0.5956678700361011
17e67976-1c13712beab98d62,0f09b843-a169d06ba2070f2e,0.38144329896907214,0.4625
7a9c69d8-25b66767c6bfef75,51151974-bb8053de078aa97d,0.3813953488372093,0.4880952380952381
6f393cfe-f27eb766dce24503,51151974-bb8053de078aa97d,0.3813953488372093,0.4880952380952381
3c74c140-a93ee473b71ac072,dff5ff0a-4c22ff53e6acbc9b,0.3813953488372093,0.40863787375415284
480de7be-17d68f699a8fb117,35857a5a-8cd2a4bd9f3acd96,0.38137472283813745,0.39814814814814814
f4757480-264ce4d0166e480d,35857a5a-8cd2a4bd9f3acd96,0.38137472283813745,0.39814814814814814
4685c420-34caaa19b5555fa4,3f939694-111b597776032895,0.381294964028777,0.5520833333333334
40132ebc-0eb4e2e2a14b1fc4,d83f74f7-23bcf7dad899d241,0.3811965811965812,0.6925465838509317
51151974-bb8053de078aa97d,6e7cd58b-9e00f3e11d7fd578,0.3811563169164882,0.6793893129770993
4da08761-2765de8ab5de2a01,0b04b41e-0b6cb88d7212030e,0.38113207547169814,0.4855769230769231
8a858867-b9bbeece66de3f0d,0c9d4def-6a3de0efe209485b,0.38095238095238093,0.42105263157894735
0c9d4def-6a3de0efe209485b,40132ebc-0eb4e2e2a14b1fc4,0.38095238095238093,0.5714285714285714
339fdc7f-08ea3facdbf2e797,d83f74f7-23bcf7dad899d241,0.38095238095238093,0.7166123778501629
1a6f8b20-46e2136e681f3c6f,6be4dcef-d802164d63afa92e,0.38095238095238093,0.3855421686746988
e5d02e93-9702b854ca246425,a2cf5634-50a35a847b217df3,0.38095238095238093,0.47257383966244726
175201f9-29a63f3073d1212f,6e7cd58b-9e00f3e11d7fd578,0.38076923076923075,0.5380434782608695
e5d02e93-9702b854ca246425,07043d35-d508fb40e7ba58e1,0.3807615230460922,0.4008438818565401
6e7cd58b-9e00f3e11d7fd578,40cc90ae-a1888e38f4a2438d,0.38065194532071506,0.5386904761904762
35857a5a-8cd2a4bd9f3acd96,0f14b12d-fee145b04c8d2e7d,0.38054968287526425,0.3829787234042553
0ea5a836-8314c5dfb34c8bab,30e0cc81-e37591091c959b0f,0.3805309734513274,0.39814814814814814
55ab9b5d-97aa2decf67ee58c,46bde295-e51fa6bd867e4ba5,0.3804347826086957,0.4069767441860465
5449d33c-c3fa056747e67e0b,35857a5a-8cd2a4bd9f3acd96,0.3804034582132565,0.5892857142857143
778c91af-ba102667da83f00a,f665e87b-932fba185362154d,0.3800383877159309,0.38976377952755903
778c91af-ba102667da83f00a,f665e87b-f01b7cfb37168ad5,0.3800383877159309,0.38976377952755903
175201f9-29a63f3073d1212f,480de7be-17d68f699a8fb117,0.38,0.41304347826086957
175201f9-29a63f3073d1212f,f4757480-264ce4d0166e480d,0.38,0.41304347826086957
5449d33c-c3fa056747e67e0b,f665e87b-932fba185362154d,0.37994722955145116,0.6428571428571429
5449d33c-c3fa056747e67e0b,f665e87b-f01b7cfb37168ad5,0.37994722955145116,0.6428571428571429
ab7507bf-cfb7470e23cb45dc,0f14b12d-fee145b04c8d2e7d,0.37988826815642457,0.5666666666666667
f8c99dd0-af74ef9023de52c3,46bde295-e51fa6bd867e4ba5,0.37988826815642457,0.41975308641975306
a5d5a95f-106627618ba094d2,77448a05-1dfe65e51fa688fd,0.37986270022883295,0.664
1b372750-4ec55bfec37eb837,cfba313d-96627cf80535b35d,0.37986270022883295,0.640926640926641
b55888de-ca2300bd54fb3fd5,55ab9b5d-97aa2decf67ee58c,0.379746835443038,0.4166666666666667
0f09b843-a169d06ba2070f2e,08cf0478-cf474a42302061bb,0.3793103448275862,0.38596491228070173
30e0cc81-e37591091c959b0f,dff5ff0a-4c22ff53e6acbc9b,0.3793103448275862,0.4661016949152542
4da08761-2765de8ab5de2a01,35857a5a-8cd2a4bd9f3acd96,0.3792325056433409,0.40384615384615385
8cfe3ee0-900555a974d03516,7d12d33c-b4c3d5f6730bc23d,0.37922077922077924,0.43452380952380953
8782922d-b6272ba0ec663c70,0ea5a836-8314c5dfb34c8bab,0.37920489296636084,0.5585585585585585
487c9f62-7eec6fd25ec3903d,b185d034-a791a4af4c89854c,0.37920489296636084,0.4492753623188406
f7a0ea6d-b8e74e9785d59e88,585af783-1941371b4a80bb80,0.3791469194312796,0.6153846153846154
86102d81-85b3e078083a5c18,480de7be-17d68f699a8fb117,0.3791208791208791,0.46621621621621623
86102d81-85b3e078083a5c18,f4757480-264ce4d0166e480d,0.3791208791208791,0.46621621621621623
3f939694-111b597776032895,76a69f5c-5a0e3ae2a5ff1ef0,0.3790849673202614,0.47802197802197804
0c9d4def-6a3de0efe209485b,a368f345-4f26b824059bf5f9,0.3790523690773067,0.4720496894409938
15941165-e7a0000e57984fda,0b04b41e-0b6cb88d7212030e,0.3790322580645161,0.5402298850574713
f665e87b-932fba185362154d,d92c5342-53771e54c54e60c0,0.37894736842105264,0.6067415730337079
8cfe3ee0-900555a974d03516,339fdc7f-08ea3facdbf2e797,0.37894736842105264,0.5357142857142857
f665e87b-f01b7cfb37168ad5,d92c5342-53771e54c54e60c0,0.37894736842105264,0.6067415730337079
fdd41565-d026425f11fe71fd,07043d35-d508fb40e7ba58e1,0.3787878787878788,0.5597014925373134
f38ae053-1cc93e66c41ccafa,339fdc7f-08ea3facdbf2e797,0.3787610619469027,0.41472868217054265
8782922d-b6272ba0ec663c70,40132ebc-0eb4e2e2a14b1fc4,0.3787528868360277,0.7387387387387387
00af3420-6a22b980be3bebb8,464ad4dd-9978f63cac804e5b,0.3787375415282392,0.456
bdf7bfb2-dc5f2f3e1ffc8032,464ad4dd-9978f63cac804e5b,0.3787375415282392,0.456
cfba313d-96627cf80535b35d,d83f74f7-23bcf7dad899d241,0.37867395762132605,0.4504065040650406
487c9f62-7eec6fd25ec3903d,480de7be-17d68f699a8fb117,0.3785310734463277,0.4855072463768116
487c9f62-7eec6fd25ec3903d,f4757480-264ce4d0166e480d,0.3785310734463277,0.4855072463768116
d61f51c5-432a54c5bebe32fa,07043d35-d508fb40e7ba58e1,0.3783783783783784,0.4155251141552511
d3a0b8d2-95a57759ca7f4494,a5d5a95f-106627618ba094d2,0.3783783783783784,0.5833333333333334
66565156-e830bc6dfc3d34ae,f38ae053-1cc93e66c41ccafa,0.3783783783783784,0.625
1a6f8b20-46e2136e681f3c6f,26ad111c-6f110a9e517fc801,0.3783783783783784,0.5060240963855421
c4ca2ff3-8002e9fb1de21148,66565156-e830bc6dfc3d34ae,0.3783783783783784,0.4794520547945205
c23278ec-650f3957a6da68ca,76a69f5c-5a0e3ae2a5ff1ef0,0.37825059101654845,0.547945205479452
a5d5a95f-106627618ba094d2,d61f51c5-432a54c5bebe32fa,0.37790697674418605,0.52
0f09b843-a169d06ba2070f2e,07043d35-d508fb40e7ba58e1,0.3776595744680851,0.6228070175438597
00af3420-6a22b980be3bebb8,0c9d4def-6a3de0efe209485b,0.3776223776223776,0.432
bdf7bfb2-dc5f2f3e1ffc8032,0c9d4def-6a3de0efe209485b,0.3776223776223776,0.432
ccc8ef27-962b4c2d0adf3e00,51151974-bb8053de078aa97d,0.37755102040816324,0.5692307692307692
d6fb3b9e-f5435586daf6a49b,51151974-bb8053de078aa97d,0.37755102040816324,0.5692307692307692
175201f9-29a63f3073d1212f,76a69f5c-5a0e3ae2a5ff1ef0,0.3774403470715835,0.47282608695652173
fdd41565-d026425f11fe71fd,175201f9-29a63f3073d1212f,0.37735849056603776,0.44776119402985076
a5d5a95f-106627618ba094d2,07043d35-d508fb40e7ba58e1,0.3772609819121447,0.584
b0a01ee7-a88cb875e376e2ba,00af3420-6a22b980be3bebb8,0.3769633507853403,0.5454545454545454
b0a01ee7-a88cb875e376e2ba,bdf7bfb2-dc5f2f3e1ffc8032,0.3769633507853403,0.5454545454545454
0c9d4def-6a3de0efe209485b,8cfe3ee0-900555a974d03516,0.3768996960486322,0.38509316770186336
76a69f5c-5a0e3ae2a5ff1ef0,dff5ff0a-4c22ff53e6acbc9b,0.37681159420289856,0.4223826714801444
4685c420-34caaa19b5555fa4,23594fdf-bc29e3c145f03caa,0.37668161434977576,0.4375
86102d81-85b3e078083a5c18,76a69f5c-5a0e3ae2a5ff1ef0,0.3764705882352941,0.5405405405405406
8532d5ed-e56d613d9e34734b,77448a05-1dfe65e51fa688fd,0.3764172335600907,0.6434108527131783
fdd41565-d026425f11fe71fd,7d12d33c-b4c3d5f6730bc23d,0.37606837606837606,0.4925373134328358
98950986-d24a1d74ca0bc0c5,8532d5ed-e56d613d9e34734b,0.37606837606837606,0.41904761904761906
86102d81-85b3e078083a5c18,35857a5a-8cd2a4bd9f3acd96,0.37597911227154046,0.4864864864864865
c23278ec-650f3957a6da68ca,8cfe3ee0-900555a974d03516,0.37579617834394907,0.4041095890410959
585af783-1941371b4a80bb80,8cfe3ee0-900555a974d03516,0.37579617834394907,0.4041095890410959
0f09b843-a169d06ba2070f2e,0ea5a836-8314c5dfb34c8bab,0.37575757575757573,0.543859649122807
7814575b-d53f200ab383f03f,1a6f8b20-46e2136e681f3c6f,0.37575757575757573,0.3780487804878049
8532d5ed-e56d613d9e34734b,7d12d33c-b4c3d5f6730bc23d,0.37572254335260113,0.5038759689922481
8782922d-b6272ba0ec663c70,f665e87b-932fba185362154d,0.37566137566137564,0.6396396396396397
8782922d-b6272ba0ec663c70,f665e87b-f01b7cfb37168ad5,0.37566137566137564,0.6396396396396397
6018974f-796cead4caace323,8532d5ed-e56d613d9e34734b,0.3756345177664975,0.5441176470588235
b0a01ee7-a88cb875e376e2ba,51151974-bb8053de078aa97d,0.3756345177664975,0.5606060606060606
0f09b843-a169d06ba2070f2e,51151974-bb8053de078aa97d,0.37551020408163266,0.40350877192982454
e5d02e93-9702b854ca246425,3c74c140-a93ee473b71ac072,0.3754646840148699,0.42616033755274263
9be0602e-2479557b64cb6cbc,a2cf5634-50a35a847b217df3,0.37537537537537535,0.3968253968253968
26ad111c-6f110a9e517fc801,ef1d196b-c6903a1f95200b39,0.37527593818984545,0.6115107913669064
46bde295-e51fa6bd867e4ba5,9e7551da-8b58fac3a9eaef98,0.375,0.42857142857142855
3b10bd6d-cb4bc04c8307b4f8,7814575b-d53f200ab383f03f,0.375,0.38461538461538464
585af783-1941371b4a80bb80,732c98a0-5659f20742b2f453,0.375,0.6164383561643836
585af783-1941371b4a80bb80,732c98a0-0117162249c9d715,0.375,0.6164383561643836
d3a0b8d2-95a57759ca7f4494,45e41c6d-14603621c555c558,0.375,0.4
08cf0478-cf474a42302061bb,ef1d196b-c6903a1f95200b39,0.375,0.6864406779661016
46bde295-e51fa6bd867e4ba5,f0e13442-3615d4e91a6c5bd9,0.375,0.42857142857142855
4e5ee0f7-8030183228b7a8d5,e5d02e93-9702b854ca246425,0.375,0.3981042654028436
e5d02e93-9702b854ca246425,0f14b12d-fee145b04c8d2e7d,0.37473684210526315,0.3755274261603376
b185d034-a791a4af4c89854c,0f14b12d-fee145b04c8d2e7d,0.3747072599531616,0.42328042328042326
9e7551da-8b58fac3a9eaef98,b9595381-1fe2b09ec26b73ed,0.3746556473829201,0.5396825396825397
f0e13442-3615d4e91a6c5bd9,b9595381-1fe2b09ec26b73ed,0.3746556473829201,0.5396825396825397
66565156-e830bc6dfc3d34ae,26ad111c-6f110a9e517fc801,0.3745019920318725,0.41964285714285715
97a7fab5-c8910bb2ec5c2935,40132ebc-0eb4e2e2a14b1fc4,0.37446808510638296,0.5945945945945946
7814575b-d53f200ab383f03f,4241f473-734711fff505529f,0.37446808510638296,0.5365853658536586
17e67976-1c13712beab98d62,26ad111c-6f110a9e517fc801,0.3744292237442922,0.5125
4241f473-734711fff505529f,e5d02e93-9702b854ca246425,0.37435897435897436,0.477124183006536
f38ae053-1cc93e66c41ccafa,35bb6075-720cdb4a7c64c6cd,0.3743119266055046,0.3953488372093023
7a9c69d8-25b66767c6bfef75,c6113c06-d4ec0a6afa4cb16c,0.3742690058479532,0.38095238095238093
6f393cfe-f27eb766dce24503,c6113c06-d4ec0a6afa4cb16c,0.3742690058479532,0.38095238095238093
42fe7dd0-ae8f546af908b5fe,7279bcb3-0f86b515ba2bd8dd,0.3742690058479532,0.5245901639344263
0c9d4def-6a3de0efe209485b,b8b08542-ed329a5d344748ed,0.37393767705382436,0.40993788819875776
0c9d4def-6a3de0efe209485b,d783d815-fcfd47fa9b8bb15b,0.37393767705382436,0.40993788819875776
0c9d4def-6a3de0efe209485b,d783d815-9c6f6853f561f0ed,0.37393767705382436,0.40993788819875776
f2cf6a74-c36cd3e8f935af24,86102d81-85b3e078083a5c18,0.3739130434782609,0.524390243902439
9e7551da-8b58fac3a9eaef98,4e5ee0f7-8030183228b7a8d5,0.37388724035608306,0.5
f0e13442-3615d4e91a6c5bd9,4e5ee0f7-8030183228b7a8d5,0.37388724035608306,0.5
4241f473-734711fff505529f,8cfe3ee0-900555a974d03516,0.37383177570093457,0.39215686274509803
3b10bd6d-cb4bc04c8307b4f8,ab7507bf-cfb7470e23cb45dc,0.37373737373737376,0.47435897435897434
d3a0b8d2-95a57759ca7f4494,487c9f62-7eec6fd25ec3903d,0.37373737373737376,0.6166666666666667
17e67976-1c13712beab98d62,08cf0478-cf474a42302061bb,0.37373737373737376,0.4625
f2cf6a74-c36cd3e8f935af24,7a9c69d8-25b66767c6bfef75,0.37349397590361444,0.3780487804878049
f2cf6a74-c36cd3e8f935af24,6f393cfe-f27eb766dce24503,0.37349397590361444,0.3780487804878049
f8c99dd0-af74ef9023de52c3,6be4dcef-d802164d63afa92e,0.37349397590361444,0.38271604938271603
ef1d196b-c6903a1f95200b39,732c98a0-5659f20742b2f453,0.3734567901234568,0.3853503184713376
ef1d196b-c6903a1f95200b39,732c98a0-0117162249c9d715,0.3734567901234568,0.3853503184713376
35857a5a-8cd2a4bd9f3acd96,0b04b41e-0b6cb88d7212030e,0.3734290843806104,0.4425531914893617
3c74c140-a93ee473b71ac072,b434c275-276b6ce441c4669e,0.37337942955920483,0.717607973421927
3c74c140-a93ee473b71ac072,9399204d-6515f9b4b4661ed8,0.37337942955920483,0.717607973421927
3c74c140-a93ee473b71ac072,fdc4f384-81c2afc418e72aef,0.37337942955920483,0.717607973421927
2a35cd81-0aeb43004eb108dd,f665e87b-932fba185362154d,0.37328094302554027,0.3925619834710744
2a35cd81-0aeb43004eb108dd,f665e87b-f01b7cfb37168ad5,0.37328094302554027,0.3925619834710744
35857a5a-8cd2a4bd9f3acd96,2a35cd81-0aeb43004eb108dd,0.3731656184486373,0.37872340425531914
c23278ec-650f3957a6da68ca,a368f345-4f26b824059bf5f9,0.37305699481865284,0.4931506849315068
3f939694-111b597776032895,40132ebc-0eb4e2e2a14b1fc4,0.373015873015873,0.5164835164835165
ccc8ef27-962b4c2d0adf3e00,4685c420-34caaa19b5555fa4,0.37267080745341613,0.46153846153846156
d6fb3b9e-f5435586daf6a49b,4685c420-34caaa19b5555fa4,0.37267080745341613,0.46153846153846156
00af3420-6a22b980be3bebb8,a368f345-4f26b824059bf5f9,0.3726027397260274,0.544
bdf7bfb2-dc5f2f3e1ffc8032,a368f345-4f26b824059bf5f9,0.3726027397260274,0.544
0f09b843-a169d06ba2070f2e,35857a5a-8cd2a4bd9f3acd96,0.37249283667621774,0.5701754385964912
a368f345-4f26b824059bf5f9,778c91af-ba102667da83f00a,0.3724696356275304,0.38333333333333336
30e0cc81-e37591091c959b0f,f38ae053-1cc93e66c41ccafa,0.3724696356275304,0.3898305084745763
86102d81-85b3e078083a5c18,ef1d196b-c6903a1f95200b39,0.3722943722943723,0.581081081081081
f665e87b-932fba185362154d,b434c275-276b6ce441c4669e,0.3722172751558326,0.7827715355805244
f665e87b-932fba185362154d,9399204d-6515f9b4b4661ed8,0.3722172751558326,0.7827715355805244
f665e87b-932fba185362154d,fdc4f384-81c2afc418e72aef,0.3722172751558326,0.7827715355805244
f665e87b-f01b7cfb37168ad5,b434c275-276b6ce441c4669e,0.3722172751558326,0.7827715355805244
f665e87b-f01b7cfb37168ad5,9399204d-6515f9b4b4661ed8,0.3722172751558326,0.7827715355805244
f665e87b-f01b7cfb37168ad5,fdc4f384-81c2afc418e72aef,0.3722172751558326,0.7827715355805244
b8b08542-ed329a5d344748ed,778c91af-ba102667da83f00a,0.3721973094170404,0.4322916666666667
d783d815-fcfd47fa9b8bb15b,778c91af-ba102667da83f00a,0.3721973094170404,0.4322916666666667
d783d815-9c6f6853f561f0ed,778c91af-ba102667da83f00a,0.3721973094170404,0.4322916666666667
d61f51c5-432a54c5bebe32fa,0f14b12d-fee145b04c8d2e7d,0.37199124726477023,0.3881278538812785
5449d33c-c3fa056747e67e0b,0ea5a836-8314c5dfb34c8bab,0.3719512195121951,0.5446428571428571
17e67976-1c13712beab98d62,c23278ec-650f3957a6da68ca,0.37168141592920356,0.525
30e0cc81-e37591091c959b0f,ed728769-26de3db1e5ddc0f9,0.3716475095785441,0.4110169491525424
9e7551da-8b58fac3a9eaef98,a368f345-4f26b824059bf5f9,0.37158469945355194,0.5396825396825397
f0e13442-3615d4e91a6c5bd9,a368f345-4f26b824059bf5f9,0.37158469945355194,0.5396825396825397
ccc8ef27-962b4c2d0adf3e00,08cf0478-cf474a42302061bb,0.37158469945355194,0.5230769230769231
d6fb3b9e-f5435586daf6a49b,08cf0478-cf474a42302061bb,0.37158469945355194,0.5230769230769231
40132ebc-0eb4e2e2a14b1fc4,cfba313d-96627cf80535b35d,0.37139807897545357,0.5403726708074534
480de7be-17d68f699a8fb117,f38ae053-1cc93e66c41ccafa,0.37130801687763715,0.4074074074074074
f4757480-264ce4d0166e480d,f38ae053-1cc93e66c41ccafa,0.37130801687763715,0.4074074074074074
8782922d-b6272ba0ec663c70,76a69f5c-5a0e3ae2a5ff1ef0,0.3711340206185567,0.6486486486486487
7a9c69d8-25b66767c6bfef75,7279bcb3-0f86b515ba2bd8dd,0.3711340206185567,0.42857142857142855
6f393cfe-f27eb766dce24503,7279bcb3-0f86b515ba2bd8dd,0.3711340206185567,0.42857142857142855
0f14b12d-fee145b04c8d2e7d,f38ae053-1cc93e66c41ccafa,0.3709677419354839,0.3865546218487395
2a35cd81-0aeb43004eb108dd,778c91af-ba102667da83f00a,0.3709677419354839,0.38016528925619836
d61f51c5-432a54c5bebe32fa,76a69f5c-5a0e3ae2a5ff1ef0,0.3709677419354839,0.4200913242009132
b185d034-a791a4af4c89854c,b9595381-1fe2b09ec26b73ed,0.37089201877934275,0.41798941798941797
6018974f-796cead4caace323,1a6f8b20-46e2136e681f3c6f,0.3708609271523179,0.4117647058823529
08cf0478-cf474a42302061bb,4e5ee0f7-8030183228b7a8d5,0.3708206686930091,0.5169491525423728
86102d81-85b3e078083a5c18,4da08761-2765de8ab5de2a01,0.3707865168539326,0.44594594594594594
00af3420-6a22b980be3bebb8,77448a05-1dfe65e51fa688fd,0.3707093821510298,0.648
bdf7bfb2-dc5f2f3e1ffc8032,77448a05-1dfe65e51fa688fd,0.3707093821510298,0.648
ab7507bf-cfb7470e23cb45dc,77448a05-1dfe65e51fa688fd,0.37037037037037035,0.6666666666666666
08cf0478-cf474a42302061bb,7d12d33c-b4c3d5f6730bc23d,0.3701492537313433,0.5254237288135594
76a69f5c-5a0e3ae2a5ff1ef0,77448a05-1dfe65e51fa688fd,0.3701188455008489,0.3935018050541516
a368f345-4f26b824059bf5f9,40132ebc-0eb4e2e2a14b1fc4,0.3701067615658363,0.43333333333333335
7d12d33c-b4c3d5f6730bc23d,b9595381-1fe2b09ec26b73ed,0.3700440528634361,0.3870967741935484
656b62de-07e003f6fc62643b,dff5ff0a-4c22ff53e6acbc9b,0.3699825479930192,0.462882096069869
42fe7dd0-ae8f546af908b5fe,5449d33c-c3fa056747e67e0b,0.3699421965317919,0.5245901639344263
2a35cd81-0aeb43004eb108dd,76a69f5c-5a0e3ae2a5ff1ef0,0.3699421965317919,0.39669421487603307
ae4d5b49-62ede50d39b5202a,f8c99dd0-af74ef9023de52c3,0.3698630136986301,0.4153846153846154
c23278ec-650f3957a6da68ca,0f14b12d-fee145b04c8d2e7d,0.3697916666666667,0.4863013698630137
f665e87b-932fba185362154d,40cc90ae-a1888e38f4a2438d,0.36961451247165533,0.6104868913857678
f665e87b-f01b7cfb37168ad5,40cc90ae-a1888e38f4a2438d,0.36961451247165533,0.6104868913857678
9e7551da-8b58fac3a9eaef98,732c98a0-5659f20742b2f453,0.3695652173913043,0.6746031746031746
9e7551da-8b58fac3a9eaef98,732c98a0-0117162249c9d715,0.3695652173913043,0.6746031746031746
f6ed6826-065d31f19f562fcc,d92c5342-53771e54c54e60c0,0.3695652173913043,0.6375
f0e13442-3615d4e91a6c5bd9,732c98a0-5659f20742b2f453,0.3695652173913043,0.6746031746031746
f0e13442-3615d4e91a6c5bd9,732c98a0-0117162249c9d715,0.3695652173913043,0.6746031746031746
0f14b12d-fee145b04c8d2e7d,35bb6075-720cdb4a7c64c6cd,0.36952380952380953,0.40756302521008403
40132ebc-0eb4e2e2a14b1fc4,1f6b81b1-5b2cd71aff307a38,0.3695150115473441,0.4968944099378882
00af3420-6a22b980be3bebb8,0ea5a836-8314c5dfb34c8bab,0.36950146627565983,0.504
bdf7bfb2-dc5f2f3e1ffc8032,0ea5a836-8314c5dfb34c8bab,0.36950146627565983,0.504
42fe7dd0-ae8f546af908b5fe,4685c420-34caaa19b5555fa4,0.36942675159235666,0.47540983606557374
f6ed6826-065d31f19f562fcc,01c915a2-b134dfb6a3c23cce,0.36939313984168864,0.5833333333333334
35bb6075-720cdb4a7c64c6cd,ef1d196b-c6903a1f95200b39,0.36938435940099834,0.3867595818815331
51151974-bb8053de078aa97d,a2cf5634-50a35a847b217df3,0.36929460580912865,0.6793893129770993
9291ca83-b2b16ed7b0bb365a,ae4d5b49-62ede50d39b5202a,0.36923076923076925,0.36923076923076925
ae4d5b49-62ede50d39b5202a,f7a0ea6d-b8e74e9785d59e88,0.36923076923076925,0.36923076923076925
35bb6075-720cdb4a7c64c6cd,b434c275-276b6ce441c4669e,0.36920384951881013,0.735191637630662
35bb6075-720cdb4a7c64c6cd,9399204d-6515f9b4b4661ed8,0.36920384951881013,0.735191637630662
35bb6075-720cdb4a7c64c6cd,fdc4f384-81c2afc418e72aef,0.36920384951881013,0.735191637630662
1d43139f-a08be36b098f0971,732c98a0-5659f20742b2f453,0.36909871244635195,0.6515151515151515
1d43139f-a08be36b098f0971,732c98a0-0117162249c9d715,0.36909871244635195,0.6515151515151515
dff5ff0a-4c22ff53e6acbc9b,d92c5342-53771e54c54e60c0,0.36909871244635195,0.5
77448a05-1dfe65e51fa688fd,0b04b41e-0b6cb88d7212030e,0.36908517350157727,0.375
175201f9-29a63f3073d1212f,7d12d33c-b4c3d5f6730bc23d,0.3690773067331671,0.40217391304347827
0b04b41e-0b6cb88d7212030e,01c915a2-b134dfb6a3c23cce,0.36904761904761907,0.4813664596273292
23594fdf-bc29e3c145f03caa,3f939694-111b597776032895,0.36893203883495146,0.44881889763779526
ccc8ef27-962b4c2d0adf3e00,3088ca9c-f1011bb8e87b3927,0.36879432624113473,0.4
d6fb3b9e-f5435586daf6a49b,3088ca9c-f1011bb8e87b3927,0.36879432624113473,0.4
26ad111c-6f110a9e517fc801,40132ebc-0eb4e2e2a14b1fc4,0.368763557483731,0.6115107913669064
ccc8ef27-962b4c2d0adf3e00,0f09b843-a169d06ba2070f2e,0.3687150837988827,0.5076923076923077
d6fb3b9e-f5435586daf6a49b,0f09b843-a169d06ba2070f2e,0.3687150837988827,0.5076923076923077
76a69f5c-5a0e3ae2a5ff1ef0,6e7cd58b-9e00f3e11d7fd578,0.36867862969004894,0.40794223826714804
4241f473-734711fff505529f,480de7be-17d68f699a8fb117,0.3685636856368564,0.4444444444444444
4241f473-734711fff505529f,f4757480-264ce4d0166e480d,0.3685636856368564,0.4444444444444444
b0a01ee7-a88cb875e376e2ba,55ab9b5d-97aa2decf67ee58c,0.3684210526315789,0.42424242424242425
b55888de-ca2300bd54fb3fd5,08cf0478-cf474a42302061bb,0.3684210526315789,0.4861111111111111
d61f51c5-432a54c5bebe32fa,e5d02e93-9702b854ca246425,0.3684210526315789,0.3835616438356164
08cf0478-cf474a42302061bb,35857a5a-8cd2a4bd9f3acd96,0.36827195467422097,0.5508474576271186
6018974f-796cead4caace323,8a858867-b9bbeece66de3f0d,0.3681592039800995,0.5441176470588235
3b10bd6d-cb4bc04c8307b4f8,6be4dcef-d802164d63afa92e,0.36809815950920244,0.38461538461538464
c23278ec-650f3957a6da68ca,656b62de-07e003f6fc62643b,0.368,0.4726027397260274
4da08761-2765de8ab5de2a01,480de7be-17d68f699a8fb117,0.36792452830188677,0.375
f8c99dd0-af74ef9023de52c3,51151974-bb8053de078aa97d,0.36792452830188677,0.48148148148148145
4da08761-2765de8ab5de2a01,f4757480-264ce4d0166e480d,0.36792452830188677,0.375
d61f51c5-432a54c5bebe32fa,ef1d196b-c6903a1f95200b39,0.3677298311444653,0.4474885844748858
b8b08542-ed329a5d344748ed,0ea5a836-8314c5dfb34c8bab,0.36764705882352944,0.390625
d783d815-fcfd47fa9b8bb15b,0ea5a836-8314c5dfb34c8bab,0.36764705882352944,0.390625
d783d815-9c6f6853f561f0ed,0ea5a836-8314c5dfb34c8bab,0.36764705882352944,0.390625
1d43139f-a08be36b098f0971,35bb6075-720cdb4a7c64c6cd,0.36754176610978523,0.5833333333333334
c23278ec-650f3957a6da68ca,86102d81-85b3e078083a5c18,0.3673469387755102,0.3698630136986301
f7a0ea6d-b8e74e9785d59e88,f2cf6a74-c36cd3e8f935af24,0.3673469387755102,0.4153846153846154
7814575b-d53f200ab383f03f,0f09b843-a169d06ba2070f2e,0.3673469387755102,0.43902439024390244
42fe7dd0-ae8f546af908b5fe,55ab9b5d-97aa2decf67ee58c,0.3673469387755102,0.4426229508196721
d61f51c5-432a54c5bebe32fa,9be0602e-2479557b64cb6cbc,0.36704119850187267,0.4474885844748858
2a35cd81-0aeb43004eb108dd,6e7cd58b-9e00f3e11d7fd578,0.36678200692041524,0.4380165289256198
08cf0478-cf474a42302061bb,3f939694-111b597776032895,0.36666666666666664,0.4661016949152542
b0a01ee7-a88cb875e376e2ba,15941165-e7a0000e57984fda,0.36666666666666664,0.6666666666666666
d3a0b8d2-95a57759ca7f4494,ab7507bf-cfb7470e23cb45dc,0.36666666666666664,0.55
ab7507bf-cfb7470e23cb45dc,0b04b41e-0b6cb88d7212030e,0.3665158371040724,0.675
ed728769-26de3db1e5ddc0f9,35bb6075-720cdb4a7c64c6cd,0.36649214659685864,0.36713286713286714
55ab9b5d-97aa2decf67ee58c,98950986-d24a1d74ca0bc0c5,0.36649214659685864,0.4069767441860465
f8c99dd0-af74ef9023de52c3,7279bcb3-0f86b515ba2bd8dd,0.36649214659685864,0.43209876543209874
00af3420-6a22b980be3bebb8,d61f51c5-432a54c5bebe32fa,0.36627906976744184,0.504
bdf7bfb2-dc5f2f3e1ffc8032,d61f51c5-432a54c5bebe32fa,0.36627906976744184,0.504
487c9f62-7eec6fd25ec3903d,76a69f5c-5a0e3ae2a5ff1ef0,0.36626506024096384,0.5507246376811594
c23278ec-650f3957a6da68ca,a2cf5634-50a35a847b217df3,0.36619718309859156,0.6232876712328768
17e67976-1c13712beab98d62,8a858867-b9bbeece66de3f0d,0.36619718309859156,0.4875
42fe7dd0-ae8f546af908b5fe,f8c99dd0-af74ef9023de52c3,0.36619718309859156,0.4262295081967213
08cf0478-cf474a42302061bb,e5d02e93-9702b854ca246425,0.36619718309859156,0.5508474576271186
778c91af-ba102667da83f00a,6e7cd58b-9e00f3e11d7fd578,0.36610169491525424,0.4251968503937008
26ad111c-6f110a9e517fc801,0f14b12d-fee145b04c8d2e7d,0.3660477453580902,0.49640287769784175
d61f51c5-432a54c5bebe32fa,a368f345-4f26b824059bf5f9,0.3660130718954248,0.3835616438356164
585af783-1941371b4a80bb80,2a35cd81-0aeb43004eb108dd,0.36597938144329895,0.4863013698630137
f2cf6a74-c36cd3e8f935af24,4241f473-734711fff505529f,0.3659574468085106,0.524390243902439
a5d5a95f-106627618ba094d2,b8b08542-ed329a5d344748ed,0.3659305993690852,0.464
a5d5a95f-106627618ba094d2,d783d815-fcfd47fa9b8bb15b,0.3659305993690852,0.464
a5d5a95f-106627618ba094d2,d783d815-9c6f6853f561f0ed,0.3659305993690852,0.464
15941165-e7a0000e57984fda,30e0cc81-e37591091c959b0f,0.36585365853658536,0.43103448275862066
175201f9-29a63f3073d1212f,e5d02e93-9702b854ca246425,0.3657957244655582,0.41847826086956524
339fdc7f-08ea3facdbf2e797,dff5ff0a-4c22ff53e6acbc9b,0.3655913978494624,0.38762214983713356
ab7507bf-cfb7470e23cb45dc,b8b08542-ed329a5d344748ed,0.36538461538461536,0.475
ab7507bf-cfb7470e23cb45dc,d783d815-fcfd47fa9b8bb15b,0.36538461538461536,0.475
ab7507bf-cfb7470e23cb45dc,d783d815-9c6f6853f561f0ed,0.36538461538461536,0.475
35857a5a-8cd2a4bd9f3acd96,30e0cc81-e37591091c959b0f,0.3651804670912951,0.3659574468085106
8cfe3ee0-900555a974d03516,ef1d196b-c6903a1f95200b39,0.3651452282157676,0.5238095238095238
1d43139f-a08be36b098f0971,35857a5a-8cd2a4bd9f3acd96,0.3651226158038147,0.5075757575757576
b9595381-1fe2b09ec26b73ed,f665e87b-932fba185362154d,0.36507936507936506,0.3881856540084388
0f09b843-a169d06ba2070f2e,487c9f62-7eec6fd25ec3903d,0.36507936507936506,0.40350877192982454
b9595381-1fe2b09ec26b73ed,f665e87b-f01b7cfb37168ad5,0.36507936507936506,0.3881856540084388
585af783-1941371b4a80bb80,35bb6075-720cdb4a7c64c6cd,0.3648960739030023,0.541095890410959
97a7fab5-c8910bb2ec5c2935,a2cf5634-50a35a847b217df3,0.36472945891783565,0.6148648648648649
339fdc7f-08ea3facdbf2e797,b434c275-276b6ce441c4669e,0.3645743766122098,0.6905537459283387
339fdc7f-08ea3facdbf2e797,9399204d-6515f9b4b4661ed8,0.3645743766122098,0.6905537459283387
339fdc7f-08ea3facdbf2e797,fdc4f384-81c2afc418e72aef,0.3645743766122098,0.6905537459283387
01c915a2-b134dfb6a3c23cce,d83f74f7-23bcf7dad899d241,0.3645680819912152,0.4806949806949807
08cf0478-cf474a42302061bb,76a69f5c-5a0e3ae2a5ff1ef0,0.36455696202531646,0.6101694915254238
9291ca83-b2b16ed7b0bb365a,487c9f62-7eec6fd25ec3903d,0.3645320197044335,0.5692307692307692
ccc8ef27-962b4c2d0adf3e00,487c9f62-7eec6fd25ec3903d,0.3645320197044335,0.5692307692307692
d6fb3b9e-f5435586daf6a49b,487c9f62-7eec6fd25ec3903d,0.3645320197044335,0.5692307692307692
3f939694-111b597776032895,35857a5a-8cd2a4bd9f3acd96,0.3645083932853717,0.4175824175824176
3f939694-111b597776032895,77448a05-1dfe65e51fa688fd,0.3643724696356275,0.4945054945054945
ab7507bf-cfb7470e23cb45dc,23594fdf-bc29e3c145f03caa,0.3643724696356275,0.375
66565156-e830bc6dfc3d34ae,8cfe3ee0-900555a974d03516,0.36428571428571427,0.45535714285714285
e5d02e93-9702b854ca246425,732c98a0-5659f20742b2f453,0.36427320490367776,0.4388185654008439
e5d02e93-9702b854ca246425,732c98a0-0117162249c9d715,0.36427320490367776,0.4388185654008439
b9595381-1fe2b09ec26b73ed,a2cf5634-50a35a847b217df3,0.36394557823129253,0.45147679324894513
35857a5a-8cd2a4bd9f3acd96,01c915a2-b134dfb6a3c23cce,0.36387782204515273,0.5829787234042553
8782922d-b6272ba0ec663c70,339fdc7f-08ea3facdbf2e797,0.36363636363636365,0.6846846846846847
3b10bd6d-cb4bc04c8307b4f8,51151974-bb8053de078aa97d,0.36363636363636365,0.48717948717948717
4241f473-734711fff505529f,35bb6075-720cdb4a7c64c6cd,0.36363636363636365,0.5228758169934641
4da08761-2765de8ab5de2a01,0f14b12d-fee145b04c8d2e7d,0.3632286995515695,0.3894230769230769
0ea5a836-8314c5dfb34c8bab,d92c5342-53771e54c54e60c0,0.36318407960199006,0.6759259259259259
26ad111c-6f110a9e517fc801,4da08761-2765de8ab5de2a01,0.3631123919308357,0.45323741007194246
175201f9-29a63f3073d1212f,77448a05-1dfe65e51fa688fd,0.3629032258064516,0.4891304347826087
66565156-e830bc6dfc3d34ae,a2cf5634-50a35a847b217df3,0.36285097192224625,0.75
08cf0478-cf474a42302061bb,3c74c140-a93ee473b71ac072,0.3627684964200477,0.6440677966101694
45e41c6d-14603621c555c558,00af3420-6a22b980be3bebb8,0.3626943005181347,0.5147058823529411
86102d81-85b3e078083a5c18,0f14b12d-fee145b04c8d2e7d,0.3626943005181347,0.47297297297297297
45e41c6d-14603621c555c558,bdf7bfb2-dc5f2f3e1ffc8032,0.3626943005181347,0.5147058823529411
f8c99dd0-af74ef9023de52c3,66565156-e830bc6dfc3d34ae,0.3626943005181347,0.43209876543209874
487c9f62-7eec6fd25ec3903d,e5d02e93-9702b854ca246425,0.3626666666666667,0.4927536231884058
6018974f-796cead4caace323,0f09b843-a169d06ba2070f2e,0.3626373626373626,0.4852941176470588
8cfe3ee0-900555a974d03516,15941165-e7a0000e57984fda,0.36257309941520466,0.36904761904761907
4e5ee0f7-8030183228b7a8d5,f38ae053-1cc93e66c41ccafa,0.3624733475479744,0.4028436018957346
07043d35-d508fb40e7ba58e1,d92c5342-53771e54c54e60c0,0.3623529411764706,0.5877862595419847
8cfe3ee0-900555a974d03516,35857a5a-8cd2a4bd9f3acd96,0.36228287841191065,0.43452380952380953
9291ca83-b2b16ed7b0bb365a,b185d034-a791a4af4c89854c,0.36220472440944884,0.7076923076923077
ccc8ef27-962b4c2d0adf3e00,b185d034-a791a4af4c89854c,0.36220472440944884,0.7076923076923077
d6fb3b9e-f5435586daf6a49b,b185d034-a791a4af4c89854c,0.36220472440944884,0.7076923076923077
15941165-e7a0000e57984fda,3c74c140-a93ee473b71ac072,0.36210526315789476,0.4942528735632184
8532d5ed-e56d613d9e34734b,d61f51c5-432a54c5bebe32fa,0.3620689655172414,0.4883720930232558
46bde295-e51fa6bd867e4ba5,5449d33c-c3fa056747e67e0b,0.3619047619047619,0.3877551020408163
00af3420-6a22b980be3bebb8,8cfe3ee0-900555a974d03516,0.36177474402730375,0.424
bdf7bfb2-dc5f2f3e1ffc8032,8cfe3ee0-900555a974d03516,0.36177474402730375,0.424
464ad4dd-9978f63cac804e5b,4e5ee0f7-8030183228b7a8d5,0.36175710594315247,0.3977272727272727
26ad111c-6f110a9e517fc801,e5d02e93-9702b854ca246425,0.3617021276595745,0.4892086330935252
42fe7dd0-ae8f546af908b5fe,23594fdf-bc29e3c145f03caa,0.3617021276595745,0.5573770491803278
4da08761-2765de8ab5de2a01,a368f345-4f26b824059bf5f9,0.36160714285714285,0.3894230769230769
0c9d4def-6a3de0efe209485b,35bb6075-720cdb4a7c64c6cd,0.36160714285714285,0.5031055900621118
e5d02e93-9702b854ca246425,40cc90ae-a1888e38f4a2438d,0.3615023474178404,0.6497890295358649
7814575b-d53f200ab383f03f,7a9c69d8-25b66767c6bfef75,0.3614457831325301,0.36585365853658536
7814575b-d53f200ab383f03f,6f393cfe-f27eb766dce24503,0.3614457831325301,0.36585365853658536
3c74c140-a93ee473b71ac072,01c915a2-b134dfb6a3c23cce,0.3614163614163614,0.49169435215946844
778c91af-ba102667da83f00a,dff5ff0a-4c22ff53e6acbc9b,0.3612040133779264,0.4251968503937008
6018974f-796cead4caace323,97a7fab5-c8910bb2ec5c2935,0.3611111111111111,0.5735294117647058
00af3420-6a22b980be3bebb8,35857a5a-8cd2a4bd9f3acd96,0.3611111111111111,0.52
45e41c6d-14603621c555c558,3088ca9c-f1011bb8e87b3927,0.3611111111111111,0.38235294117647056
bdf7bfb2-dc5f2f3e1ffc8032,35857a5a-8cd2a4bd9f3acd96,0.3611111111111111,0.52
97a7fab5-c8910bb2ec5c2935,732c98a0-5659f20742b2f453,0.36099585062240663,0.5878378378378378
97a7fab5-c8910bb2ec5c2935,732c98a0-0117162249c9d715,0.36099585062240663,0.5878378378378378
3088ca9c-f1011bb8e87b3927,8532d5ed-e56d613d9e34734b,0.36097560975609755,0.4868421052631579
ab7507bf-cfb7470e23cb45dc,a2cf5634-50a35a847b217df3,0.3609341825902335,0.7083333333333334
5449d33c-c3fa056747e67e0b,35bb6075-720cdb4a7c64c6cd,0.3609022556390977,0.6428571428571429
97a7fab5-c8910bb2ec5c2935,a368f345-4f26b824059bf5f9,0.36082474226804123,0.47297297297297297
97a7fab5-c8910bb2ec5c2935,3c74c140-a93ee473b71ac072,0.36080178173719374,0.5472972972972973
3088ca9c-f1011bb8e87b3927,585af783-1941371b4a80bb80,0.36036036036036034,0.5263157894736842
656b62de-07e003f6fc62643b,778c91af-ba102667da83f00a,0.36024844720496896,0.3799126637554585
0f09b843-a169d06ba2070f2e,f38ae053-1cc93e66c41ccafa,0.3602150537634409,0.5877192982456141
b55888de-ca2300bd54fb3fd5,26ad111c-6f110a9e517fc801,0.36018957345971564,0.5277777777777778
175201f9-29a63f3073d1212f,0f14b12d-fee145b04c8d2e7d,0.36018957345971564,0.41304347826086957
f2cf6a74-c36cd3e8f935af24,08cf0478-cf474a42302061bb,0.36,0.43902439024390244
c4ca2ff3-8002e9fb1de21148,23594fdf-bc29e3c145f03caa,0.36,0.4931506849315068
66565156-e830bc6dfc3d34ae,76a69f5c-5a0e3ae2a5ff1ef0,0.35989717223650386,0.625
30e0cc81-e37591091c959b0f,2a35cd81-0aeb43004eb108dd,0.3598326359832636,0.3644067796610169
7a9c69d8-25b66767c6bfef75,98950986-d24a1d74ca0bc0c5,0.35978835978835977,0.40476190476190477
6f393cfe-f27eb766dce24503,98950986-d24a1d74ca0bc0c5,0.35978835978835977,0.40476190476190477
585af783-1941371b4a80bb80,3f939694-111b597776032895,0.3597560975609756,0.4041095890410959
8cfe3ee0-900555a974d03516,0f14b12d-fee145b04c8d2e7d,0.35960591133004927,0.43452380952380953
8cfe3ee0-900555a974d03516,76a69f5c-5a0e3ae2a5ff1ef0,0.3595505617977528,0.47619047619047616
8532d5ed-e56d613d9e34734b,0ea5a836-8314c5dfb34c8bab,0.35942028985507246,0.4806201550387597
fdd41565-d026425f11fe71fd,4e5ee0f7-8030183228b7a8d5,0.35942028985507246,0.4626865671641791
4e5ee0f7-8030183228b7a8d5,01c915a2-b134dfb6a3c23cce,0.35939643347050754,0.6208530805687204
fdd41565-d026425f11fe71fd,0c9d4def-6a3de0efe209485b,0.3593220338983051,0.39552238805970147
6e7cd58b-9e00f3e11d7fd578,d92c5342-53771e54c54e60c0,0.3593073593073593,0.49404761904761907
4da08761-2765de8ab5de2a01,778c91af-ba102667da83f00a,0.3593073593073593,0.39903846153846156
54488276-f24b9e883d548563,15941165-e7a0000e57984fda,0.3592814371257485,0.375
15941165-e7a0000e57984fda,0f14b12d-fee145b04c8d2e7d,0.3592233009708738,0.42528735632183906
732c98a0-5659f20742b2f453,01c915a2-b134dfb6a3c23cce,0.3591549295774648,0.45808383233532934
732c98a0-0117162249c9d715,01c915a2-b134dfb6a3c23cce,0.3591549295774648,0.45808383233532934
3f939694-111b597776032895,f38ae053-1cc93e66c41ccafa,0.35909090909090907,0.4340659340659341
c23278ec-650f3957a6da68ca,40132ebc-0eb4e2e2a14b1fc4,0.358974358974359,0.5753424657534246
0c9d4def-6a3de0efe209485b,339fdc7f-08ea3facdbf2e797,0.358974358974359,0.5217391304347826
487c9f62-7eec6fd25ec3903d,15941165-e7a0000e57984fda,0.358974358974359,0.4057971014492754
6e7cd58b-9e00f3e11d7fd578,dff5ff0a-4c22ff53e6acbc9b,0.3588235294117647,0.3630952380952381
97a7fab5-c8910bb2ec5c2935,b8b08542-ed329a5d344748ed,0.3588235294117647,0.41216216216216217
97a7fab5-c8910bb2ec5c2935,d783d815-fcfd47fa9b8bb15b,0.3588235294117647,0.41216216216216217
97a7fab5-c8910bb2ec5c2935,d783d815-9c6f6853f561f0ed,0.3588235294117647,0.41216216216216217
5449d33c-c3fa056747e67e0b,7d12d33c-b4c3d5f6730bc23d,0.3586626139817629,0.5267857142857143
656b62de-07e003f6fc62643b,a2cf5634-50a35a847b217df3,0.3586206896551724,0.45414847161572053
98950986-d24a1d74ca0bc0c5,585af783-1941371b4a80bb80,0.35856573705179284,0.42857142857142855
46bde295-e51fa6bd867e4ba5,0f09b843-a169d06ba2070f2e,0.3584905660377358,0.3877551020408163
86102d81-85b3e078083a5c18,b9595381-1fe2b09ec26b73ed,0.35844155844155845,0.46621621621621623
66565156-e830bc6dfc3d34ae,07043d35-d508fb40e7ba58e1,0.3582887700534759,0.5982142857142857
b0a01ee7-a88cb875e376e2ba,45e41c6d-14603621c555c558,0.3582089552238806,0.36363636363636365
76a69f5c-5a0e3ae2a5ff1ef0,35bb6075-720cdb4a7c64c6cd,0.35815602836879434,0.36462093862815886
66565156-e830bc6dfc3d34ae,175201f9-29a63f3073d1212f,0.3581081081081081,0.4732142857142857
1a6f8b20-46e2136e681f3c6f,585af783-1941371b4a80bb80,0.35807860262008734,0.4939759036144578
4685c420-34caaa19b5555fa4,0c9d4def-6a3de0efe209485b,0.35797665369649806,0.4791666666666667
7d12d33c-b4c3d5f6730bc23d,f38ae053-1cc93e66c41ccafa,0.35789473684210527,0.391705069124424
b55888de-ca2300bd54fb3fd5,585af783-1941371b4a80bb80,0.3577981651376147,0.5416666666666666
51151974-bb8053de078aa97d,0f14b12d-fee145b04c8d2e7d,0.35772357723577236,0.5038167938931297
4da08761-2765de8ab5de2a01,77448a05-1dfe65e51fa688fd,0.3576923076923077,0.44711538461538464
86102d81-85b3e078083a5c18,3f939694-111b597776032895,0.3575757575757576,0.39864864864864863
7814575b-d53f200ab383f03f,00af3420-6a22b980be3bebb8,0.357487922705314,0.45121951219512196
7814575b-d53f200ab383f03f,bdf7bfb2-dc5f2f3e1ffc8032,0.357487922705314,0.45121951219512196
464ad4dd-9978f63cac804e5b,40132ebc-0eb4e2e2a14b1fc4,0.357429718875502,0.5056818181818182
00af3420-6a22b980be3bebb8,f665e87b-932fba185362154d,0.35714285714285715,0.56
00af3420-6a22b980be3bebb8,f665e87b-f01b7cfb37168ad5,0.35714285714285715,0.56
bdf7bfb2-dc5f2f3e1ffc8032,f665e87b-932fba185362154d,0.35714285714285715,0.56
86102d81-85b3e078083a5c18,54488276-f24b9e883d548563,0.35714285714285715,0.3716216216216216
a5d5a95f-106627618ba094d2,4e5ee0f7-8030183228b7a8d5,0.35714285714285715,0.48
bdf7bfb2-dc5f2f3e1ffc8032,f665e87b-f01b7cfb37168ad5,0.35714285714285715,0.56
23594fdf-bc29e3c145f03caa,b9595381-1fe2b09ec26b73ed,0.35714285714285715,0.5118110236220472
b8b08542-ed329a5d344748ed,7d12d33c-b4c3d5f6730bc23d,0.3569682151589242,0.3802083333333333
d783d815-fcfd47fa9b8bb15b,7d12d33c-b4c3d5f6730bc23d,0.3569682151589242,0.3802083333333333
d783d815-9c6f6853f561f0ed,7d12d33c-b4c3d5f6730bc23d,0.3569682151589242,0.3802083333333333
0ea5a836-8314c5dfb34c8bab,0b04b41e-0b6cb88d7212030e,0.35687732342007433,0.4444444444444444
175201f9-29a63f3073d1212f,2a35cd81-0aeb43004eb108dd,0.3568075117370892,0.41304347826086957
54488276-f24b9e883d548563,3f939694-111b597776032895,0.3567251461988304,0.38125
0f14b12d-fee145b04c8d2e7d,732c98a0-5659f20742b2f453,0.35664335664335667,0.42857142857142855
0f14b12d-fee145b04c8d2e7d,732c98a0-0117162249c9d715,0.35664335664335667,0.42857142857142855
42fe7dd0-ae8f546af908b5fe,6018974f-796cead4caace323,0.35658914728682173,0.3770491803278688
76a69f5c-5a0e3ae2a5ff1ef0,40cc90ae-a1888e38f4a2438d,0.35650224215246634,0.5740072202166066
26ad111c-6f110a9e517fc801,b8b08542-ed329a5d344748ed,0.3564954682779456,0.4244604316546763
26ad111c-6f110a9e517fc801,d783d815-fcfd47fa9b8bb15b,0.3564954682779456,0.4244604316546763
26ad111c-6f110a9e517fc801,d783d815-9c6f6853f561f0ed,0.3564954682779456,0.4244604316546763
7a9c69d8-25b66767c6bfef75,d61f51c5-432a54c5bebe32fa,0.3564356435643564,0.6428571428571429
07043d35-d508fb40e7ba58e1,dff5ff0a-4c22ff53e6acbc9b,0.3564356435643564,0.4122137404580153
6f393cfe-f27eb766dce24503,d61f51c5-432a54c5bebe32fa,0.3564356435643564,0.6428571428571429
23594fdf-bc29e3c145f03caa,97a7fab5-c8910bb2ec5c2935,0.3563636363636364,0.3858267716535433
ab7507bf-cfb7470e23cb45dc,07043d35-d508fb40e7ba58e1,0.35602094240837695,0.5666666666666667
0f09b843-a169d06ba2070f2e,a368f345-4f26b824059bf5f9,0.3559322033898305,0.5526315789473685
9291ca83-b2b16ed7b0bb365a,46bde295-e51fa6bd867e4ba5,0.3558282208588957,0.4461538461538462
5449d33c-c3fa056747e67e0b,1b372750-4ec55bfec37eb837,0.3557951482479784,0.5892857142857143
464ad4dd-9978f63cac804e5b,6e7cd58b-9e00f3e11d7fd578,0.35546875,0.5170454545454546
30e0cc81-e37591091c959b0f,01c915a2-b134dfb6a3c23cce,0.35543766578249336,0.5677966101694916
5449d33c-c3fa056747e67e0b,b9595381-1fe2b09ec26b73ed,0.3553008595988539,0.5535714285714286
66565156-e830bc6dfc3d34ae,778c91af-ba102667da83f00a,0.3551912568306011,0.5803571428571429
f38ae053-1cc93e66c41ccafa,76a69f5c-5a0e3ae2a5ff1ef0,0.35514018691588783,0.3682170542635659
2a35cd81-0aeb43004eb108dd,dff5ff0a-4c22ff53e6acbc9b,0.35494880546075086,0.4297520661157025
6e7cd58b-9e00f3e11d7fd578,d83f74f7-23bcf7dad899d241,0.3547297297297297,0.625
46bde295-e51fa6bd867e4ba5,98950986-d24a1d74ca0bc0c5,0.35467980295566504,0.3673469387755102
ab7507bf-cfb7470e23cb45dc,f38ae053-1cc93e66c41ccafa,0.3544973544973545,0.5583333333333333
f4d6d28d-4171a85a7cd99755,4da08761-2765de8ab5de2a01,0.3544973544973545,0.3941176470588235
4eac0eea-433fe35c66f0896a,4da08761-2765de8ab5de2a01,0.3544973544973545,0.3941176470588235
66565156-e830bc6dfc3d34ae,00af3420-6a22b980be3bebb8,0.35443037974683544,0.375
fdd41565-d026425f11fe71fd,3f939694-111b597776032895,0.35443037974683544,0.417910447761194
66565156-e830bc6dfc3d34ae,bdf7bfb2-dc5f2f3e1ffc8032,0.35443037974683544,0.375
8a858867-b9bbeece66de3f0d,7d12d33c-b4c3d5f6730bc23d,0.35428571428571426,0.46616541353383456
8cfe3ee0-900555a974d03516,3f939694-111b597776032895,0.35428571428571426,0.36904761904761907
8532d5ed-e56d613d9e34734b,0f14b12d-fee145b04c8d2e7d,0.3542234332425068,0.5038759689922481
8532d5ed-e56d613d9e34734b,732c98a0-5659f20742b2f453,0.3542116630669546,0.6356589147286822
8532d5ed-e56d613d9e34734b,732c98a0-0117162249c9d715,0.3542116630669546,0.6356589147286822
4da08761-2765de8ab5de2a01,a2cf5634-50a35a847b217df3,0.3542039355992844,0.47596153846153844
66565156-e830bc6dfc3d34ae,464ad4dd-9978f63cac804e5b,0.3541666666666667,0.45535714285714285
7a9c69d8-25b66767c6bfef75,00af3420-6a22b980be3bebb8,0.35406698564593303,0.44047619047619047
7a9c69d8-25b66767c6bfef75,bdf7bfb2-dc5f2f3e1ffc8032,0.35406698564593303,0.44047619047619047
6f393cfe-f27eb766dce24503,00af3420-6a22b980be3bebb8,0.35406698564593303,0.44047619047619047
54488276-f24b9e883d548563,f38ae053-1cc93e66c41ccafa,0.35406698564593303,0.4625
6f393cfe-f27eb766dce24503,bdf7bfb2-dc5f2f3e1ffc8032,0.35406698564593303,0.44047619047619047
ccc8ef27-962b4c2d0adf3e00,0c9d4def-6a3de0efe209485b,0.35398230088495575,0.6153846153846154
d6fb3b9e-f5435586daf6a49b,0c9d4def-6a3de0efe209485b,0.35398230088495575,0.6153846153846154
a368f345-4f26b824059bf5f9,ef1d196b-c6903a1f95200b39,0.35379061371841153,0.4083333333333333
ccc8ef27-962b4c2d0adf3e00,f2cf6a74-c36cd3e8f935af24,0.35374149659863946,0.4
d6fb3b9e-f5435586daf6a49b,f2cf6a74-c36cd3e8f935af24,0.35374149659863946,0.4
b8b08542-ed329a5d344748ed,732c98a0-5659f20742b2f453,0.35361216730038025,0.484375
b8b08542-ed329a5d344748ed,732c98a0-0117162249c9d715,0.35361216730038025,0.484375
d783d815-fcfd47fa9b8bb15b,732c98a0-5659f20742b2f453,0.35361216730038025,0.484375
d783d815-fcfd47fa9b8bb15b,732c98a0-0117162249c9d715,0.35361216730038025,0.484375
d783d815-9c6f6853f561f0ed,732c98a0-5659f20742b2f453,0.35361216730038025,0.484375
d783d815-9c6f6853f561f0ed,732c98a0-0117162249c9d715,0.35361216730038025,0.484375
26ad111c-6f110a9e517fc801,f6ed6826-065d31f19f562fcc,0.35356200527704484,0.48201438848920863
55ab9b5d-97aa2decf67ee58c,585af783-1941371b4a80bb80,0.35344827586206895,0.47674418604651164
175201f9-29a63f3073d1212f,ef1d196b-c6903a1f95200b39,0.3534136546184739,0.4782608695652174
77448a05-1dfe65e51fa688fd,d92c5342-53771e54c54e60c0,0.35333333333333333,0.5096153846153846
464ad4dd-9978f63cac804e5b,b8b08542-ed329a5d344748ed,0.3532608695652174,0.3693181818181818
464ad4dd-9978f63cac804e5b,d783d815-fcfd47fa9b8bb15b,0.3532608695652174,0.3693181818181818
464ad4dd-9978f63cac804e5b,d783d815-9c6f6853f561f0ed,0.3532608695652174,0.3693181818181818
778c91af-ba102667da83f00a,b434c275-276b6ce441c4669e,0.35315315315315315,0.7716535433070866
778c91af-ba102667da83f00a,9399204d-6515f9b4b4661ed8,0.35315315315315315,0.7716535433070866
778c91af-ba102667da83f00a,fdc4f384-81c2afc418e72aef,0.35315315315315315,0.7716535433070866
f38ae053-1cc93e66c41ccafa,ef1d196b-c6903a1f95200b39,0.3531468531468531,0.39147286821705424
a2cf5634-50a35a847b217df3,1f6b81b1-5b2cd71aff307a38,0.35307262569832404,0.45014245014245013
f2cf6a74-c36cd3e8f935af24,26ad111c-6f110a9e517fc801,0.35294117647058826,0.47560975609756095
f2cf6a74-c36cd3e8f935af24,98950986-d24a1d74ca0bc0c5,0.35294117647058826,0.4024390243902439
d61f51c5-432a54c5bebe32fa,f6ed6826-065d31f19f562fcc,0.35294117647058826,0.3698630136986301
45e41c6d-14603621c555c558,6be4dcef-d802164d63afa92e,0.35294117647058826,0.39705882352941174
d3415fc5-3d79a0cf6c3df934,e5d02e93-9702b854ca246425,0.35267857142857145,0.3744075829383886
9e7551da-8b58fac3a9eaef98,e5d02e93-9702b854ca246425,0.3526170798898072,0.5079365079365079
f0e13442-3615d4e91a6c5bd9,e5d02e93-9702b854ca246425,0.3526170798898072,0.5079365079365079
9e7551da-8b58fac3a9eaef98,76a69f5c-5a0e3ae2a5ff1ef0,0.3523573200992556,0.5634920634920635
f0e13442-3615d4e91a6c5bd9,76a69f5c-5a0e3ae2a5ff1ef0,0.3523573200992556,0.5634920634920635
8782922d-b6272ba0ec663c70,f38ae053-1cc93e66c41ccafa,0.3523035230352303,0.5855855855855856
c4ca2ff3-8002e9fb1de21148,55ab9b5d-97aa2decf67ee58c,0.3522012578616352,0.3835616438356164
0b04b41e-0b6cb88d7212030e,cfba313d-96627cf80535b35d,0.35218783351120597,0.5124223602484472
7d12d33c-b4c3d5f6730bc23d,732c98a0-5659f20742b2f453,0.35208711433756806,0.4470046082949309
7d12d33c-b4c3d5f6730bc23d,732c98a0-0117162249c9d715,0.35208711433756806,0.4470046082949309
46bde295-e51fa6bd867e4ba5,08cf0478-cf474a42302061bb,0.35185185185185186,0.3877551020408163
d61f51c5-432a54c5bebe32fa,30e0cc81-e37591091c959b0f,0.3516483516483517,0.365296803652968
8782922d-b6272ba0ec663c70,d61f51c5-432a54c5bebe32fa,0.3515151515151515,0.5225225225225225
97a7fab5-c8910bb2ec5c2935,3f939694-111b597776032895,0.3515151515151515,0.3918918918918919
0f14b12d-fee145b04c8d2e7d,ef1d196b-c6903a1f95200b39,0.35144927536231885,0.40756302521008403
0ea5a836-8314c5dfb34c8bab,40cc90ae-a1888e38f4a2438d,0.35138387484957884,0.6759259259259259
6018974f-796cead4caace323,17e67976-1c13712beab98d62,0.35135135135135137,0.38235294117647056
3b10bd6d-cb4bc04c8307b4f8,23594fdf-bc29e3c145f03caa,0.35121951219512193,0.46153846153846156
15941165-e7a0000e57984fda,d61f51c5-432a54c5bebe32fa,0.3511450381679389,0.39655172413793105
487c9f62-7eec6fd25ec3903d,0f14b12d-fee145b04c8d2e7d,0.35106382978723405,0.4782608695652174
fdd41565-d026425f11fe71fd,40132ebc-0eb4e2e2a14b1fc4,0.3508771929824561,0.5970149253731343
0f09b843-a169d06ba2070f2e,4e5ee0f7-8030183228b7a8d5,0.3507692307692308,0.5
35bb6075-720cdb4a7c64c6cd,d83f74f7-23bcf7dad899d241,0.35066079295154184,0.6933797909407665
8cfe3ee0-900555a974d03516,b9595381-1fe2b09ec26b73ed,0.3506172839506173,0.4226190476190476
97a7fab5-c8910bb2ec5c2935,f6ed6826-065d31f19f562fcc,0.35051546391752575,0.4594594594594595
f8c99dd0-af74ef9023de52c3,4241f473-734711fff505529f,0.3504273504273504,0.5061728395061729
f7a0ea6d-b8e74e9785d59e88,5449d33c-c3fa056747e67e0b,0.3502824858757062,0.47692307692307695
b55888de-ca2300bd54fb3fd5,98950986-d24a1d74ca0bc0c5,0.3502824858757062,0.4305555555555556
d61f51c5-432a54c5bebe32fa,40cc90ae-a1888e38f4a2438d,0.3501199040767386,0.6666666666666666
5449d33c-c3fa056747e67e0b,8cfe3ee0-900555a974d03516,0.35,0.4375
9e7551da-8b58fac3a9eaef98,ef1d196b-c6903a1f95200b39,0.35,0.6111111111111112
c4ca2ff3-8002e9fb1de21148,c6113c06-d4ec0a6afa4cb16c,0.35,0.3835616438356164
f0e13442-3615d4e91a6c5bd9,ef1d196b-c6903a1f95200b39,0.35,0.6111111111111112
8532d5ed-e56d613d9e34734b,778c91af-ba102667da83f00a,0.34986945169712796,0.5193798449612403
1d43139f-a08be36b098f0971,4e5ee0f7-8030183228b7a8d5,0.3498542274052478,0.45454545454545453
8532d5ed-e56d613d9e34734b,e5d02e93-9702b854ca246425,0.34972677595628415,0.49612403100775193
9e7551da-8b58fac3a9eaef98,54488276-f24b9e883d548563,0.34965034965034963,0.3968253968253968
f0e13442-3615d4e91a6c5bd9,54488276-f24b9e883d548563,0.34965034965034963,0.3968253968253968
0f09b843-a169d06ba2070f2e,1d43139f-a08be36b098f0971,0.34959349593495936,0.37719298245614036
a5d5a95f-106627618ba094d2,35bb6075-720cdb4a7c64c6cd,0.34951456310679613,0.576
fdd41565-d026425f11fe71fd,0f14b12d-fee145b04c8d2e7d,0.34946236559139787,0.48507462686567165
6018974f-796cead4caace323,46bde295-e51fa6bd867e4ba5,0.3493975903614458,0.4264705882352941
f665e87b-932fba185362154d,cfba313d-96627cf80535b35d,0.3492063492063492,0.5767790262172284
f665e87b-f01b7cfb37168ad5,cfba313d-96627cf80535b35d,0.3492063492063492,0.5767790262172284
c23278ec-650f3957a6da68ca,3c74c140-a93ee473b71ac072,0.348993288590604,0.5342465753424658
86102d81-85b3e078083a5c18,40132ebc-0eb4e2e2a14b1fc4,0.34893617021276596,0.5540540540540541
07043d35-d508fb40e7ba58e1,40cc90ae-a1888e38f4a2438d,0.34891676168757124,0.583969465648855
7279bcb3-0f86b515ba2bd8dd,86102d81-85b3e078083a5c18,0.3488372093023256,0.4090909090909091
97a7fab5-c8910bb2ec5c2935,d61f51c5-432a54c5bebe32fa,0.34877384196185285,0.43243243243243246
7a9c69d8-25b66767c6bfef75,8782922d-b6272ba0ec663c70,0.3487179487179487,0.40476190476190477
6f393cfe-f27eb766dce24503,8782922d-b6272ba0ec663c70,0.3487179487179487,0.40476190476190477
464ad4dd-9978f63cac804e5b,b9595381-1fe2b09ec26b73ed,0.3486682808716707,0.4090909090909091
d61f51c5-432a54c5bebe32fa,ed728769-26de3db1e5ddc0f9,0.3485148514851485,0.4018264840182648
3f939694-111b597776032895,e5d02e93-9702b854ca246425,0.34844868735083534,0.4010989010989011
4da08761-2765de8ab5de2a01,4e5ee0f7-8030183228b7a8d5,0.34844868735083534,0.35096153846153844
00af3420-6a22b980be3bebb8,4da08761-2765de8ab5de2a01,0.3483483483483483,0.464
bdf7bfb2-dc5f2f3e1ffc8032,4da08761-2765de8ab5de2a01,0.3483483483483483,0.464
d3a0b8d2-95a57759ca7f4494,08cf0478-cf474a42302061bb,0.34831460674157305,0.5166666666666667
23594fdf-bc29e3c145f03caa,35857a5a-8cd2a4bd9f3acd96,0.34806629834254144,0.49606299212598426
585af783-1941371b4a80bb80,07043d35-d508fb40e7ba58e1,0.3480392156862745,0.4863013698630137
d3a0b8d2-95a57759ca7f4494,3b10bd6d-cb4bc04c8307b4f8,0.34782608695652173,0.4
a5d5a95f-106627618ba094d2,15941165-e7a0000e57984fda,0.34782608695652173,0.416
f7a0ea6d-b8e74e9785d59e88,f6ed6826-065d31f19f562fcc,0.3475409836065574,0.8153846153846154
d61f51c5-432a54c5bebe32fa,0b04b41e-0b6cb88d7212030e,0.34750462107208874,0.4292237442922374
9291ca83-b2b16ed7b0bb365a,86102d81-85b3e078083a5c18,0.3474178403755869,0.5692307692307692
a5d5a95f-106627618ba094d2,3c74c140-a93ee473b71ac072,0.3474178403755869,0.592
3b10bd6d-cb4bc04c8307b4f8,66565156-e830bc6dfc3d34ae,0.3473684210526316,0.4230769230769231
6be4dcef-d802164d63afa92e,98950986-d24a1d74ca0bc0c5,0.3473684210526316,0.38823529411764707
c23278ec-650f3957a6da68ca,7d12d33c-b4c3d5f6730bc23d,0.34710743801652894,0.4315068493150685
b9595381-1fe2b09ec26b73ed,0b04b41e-0b6cb88d7212030e,0.3470483005366726,0.4092827004219409
9e7551da-8b58fac3a9eaef98,77448a05-1dfe65e51fa688fd,0.3470319634703196,0.6031746031746031
f0e13442-3615d4e91a6c5bd9,77448a05-1dfe65e51fa688fd,0.3470319634703196,0.6031746031746031
464ad4dd-9978f63cac804e5b,ef1d196b-c6903a1f95200b39,0.3469387755102041,0.48295454545454547
8782922d-b6272ba0ec663c70,35bb6075-720cdb4a7c64c6cd,0.34673366834170855,0.6216216216216216
b8b08542-ed329a5d344748ed,35bb6075-720cdb4a7c64c6cd,0.3465553235908142,0.4322916666666667
d783d815-fcfd47fa9b8bb15b,35bb6075-720cdb4a7c64c6cd,0.3465553235908142,0.4322916666666667
d783d815-9c6f6853f561f0ed,35bb6075-720cdb4a7c64c6cd,0.3465553235908142,0.4322916666666667
c4ca2ff3-8002e9fb1de21148,8532d5ed-e56d613d9e34734b,0.3465346534653465,0.4794520547945205
7279bcb3-0f86b515ba2bd8dd,d61f51c5-432a54c5bebe32fa,0.3465045592705167,0.5181818181818182
0ea5a836-8314c5dfb34c8bab,dff5ff0a-4c22ff53e6acbc9b,0.3464285714285714,0.44907407407407407
fdd41565-d026425f11fe71fd,a2cf5634-50a35a847b217df3,0.3463917525773196,0.6268656716417911
f4d6d28d-4171a85a7cd99755,f6ed6826-065d31f19f562fcc,0.3463414634146341,0.4176470588235294
4eac0eea-433fe35c66f0896a,f6ed6826-065d31f19f562fcc,0.3463414634146341,0.4176470588235294
8782922d-b6272ba0ec663c70,ab7507bf-cfb7470e23cb45dc,0.3463203463203463,0.36036036036036034
6be4dcef-d802164d63afa92e,585af783-1941371b4a80bb80,0.3463203463203463,0.47058823529411764
1f6b81b1-5b2cd71aff307a38,d92c5342-53771e54c54e60c0,0.3462897526501767,0.3602941176470588
8a858867-b9bbeece66de3f0d,778c91af-ba102667da83f00a,0.3462532299741602,0.5037593984962406
8cfe3ee0-900555a974d03516,d61f51c5-432a54c5bebe32fa,0.3462532299741602,0.39880952380952384
4685c420-34caaa19b5555fa4,5449d33c-c3fa056747e67e0b,0.34615384615384615,0.375
1a6f8b20-46e2136e681f3c6f,00af3420-6a22b980be3bebb8,0.34615384615384615,0.43373493975903615
55ab9b5d-97aa2decf67ee58c,15941165-e7a0000e57984fda,0.34615384615384615,0.5232558139534884
3088ca9c-f1011bb8e87b3927,17e67976-1c13712beab98d62,0.34615384615384615,0.35526315789473684
1a6f8b20-46e2136e681f3c6f,bdf7bfb2-dc5f2f3e1ffc8032,0.34615384615384615,0.43373493975903615
b9595381-1fe2b09ec26b73ed,77448a05-1dfe65e51fa688fd,0.3460837887067395,0.4008438818565401
d61f51c5-432a54c5bebe32fa,339fdc7f-08ea3facdbf2e797,0.34600760456273766,0.4155251141552511
46bde295-e51fa6bd867e4ba5,26ad111c-6f110a9e517fc801,0.3459915611814346,0.41836734693877553
5449d33c-c3fa056747e67e0b,f38ae053-1cc93e66c41ccafa,0.34594594594594597,0.5714285714285714
ae4d5b49-62ede50d39b5202a,45e41c6d-14603621c555c558,0.3458646616541353,0.35384615384615387
15941165-e7a0000e57984fda,4da08761-2765de8ab5de2a01,0.34554973821989526,0.3793103448275862
b55888de-ca2300bd54fb3fd5,97a7fab5-c8910bb2ec5c2935,0.34545454545454546,0.5277777777777778
b8b08542-ed329a5d344748ed,77448a05-1dfe65e51fa688fd,0.34523809523809523,0.453125
f2cf6a74-c36cd3e8f935af24,55ab9b5d-97aa2decf67ee58c,0.34523809523809523,0.35365853658536583
d783d815-fcfd47fa9b8bb15b,77448a05-1dfe65e51fa688fd,0.34523809523809523,0.453125
d783d815-9c6f6853f561f0ed,77448a05-1dfe65e51fa688fd,0.34523809523809523,0.453125
b55888de-ca2300bd54fb3fd5,a5d5a95f-106627618ba094d2,0.34517766497461927,0.4722222222222222
45e41c6d-14603621c555c558,8532d5ed-e56d613d9e34734b,0.34517766497461927,0.5
9be0602e-2479557b64cb6cbc,732c98a0-5659f20742b2f453,0.34514637904468415,0.35555555555555557
9be0602e-2479557b64cb6cbc,732c98a0-0117162249c9d715,0.34514637904468415,0.35555555555555557
4da08761-2765de8ab5de2a01,cfba313d-96627cf80535b35d,0.3450789793438639,0.6826923076923077
fdd41565-d026425f11fe71fd,b9595381-1fe2b09ec26b73ed,0.3450134770889488,0.47761194029850745
b8b08542-ed329a5d344748ed,4da08761-2765de8ab5de2a01,0.345,0.359375
d783d815-fcfd47fa9b8bb15b,4da08761-2765de8ab5de2a01,0.345,0.359375
d783d815-9c6f6853f561f0ed,4da08761-2765de8ab5de2a01,0.345,0.359375
3f939694-111b597776032895,732c98a0-5659f20742b2f453,0.3449612403100775,0.489010989010989
3f939694-111b597776032895,732c98a0-0117162249c9d715,0.3449612403100775,0.489010989010989
0c9d4def-6a3de0efe209485b,480de7be-17d68f699a8fb117,0.3448275862068966,0.40372670807453415
0c9d4def-6a3de0efe209485b,f4757480-264ce4d0166e480d,0.3448275862068966,0.40372670807453415
97a7fab5-c8910bb2ec5c2935,f38ae053-1cc93e66c41ccafa,0.3448275862068966,0.47297297297297297
f7a0ea6d-b8e74e9785d59e88,487c9f62-7eec6fd25ec3903d,0.3448275862068966,0.5384615384615384
2a35cd81-0aeb43004eb108dd,01c915a2-b134dfb6a3c23cce,0.3447368421052632,0.5413223140495868
a5d5a95f-106627618ba094d2,a2cf5634-50a35a847b217df3,0.3445378151260504,0.656
46bde295-e51fa6bd867e4ba5,8782922d-b6272ba0ec663c70,0.3444976076555024,0.3673469387755102
4241f473-734711fff505529f,30e0cc81-e37591091c959b0f,0.3444730077120823,0.43790849673202614
45e41c6d-14603621c555c558,5449d33c-c3fa056747e67e0b,0.34444444444444444,0.45588235294117646
464ad4dd-9978f63cac804e5b,76a69f5c-5a0e3ae2a5ff1ef0,0.3443708609271523,0.4431818181818182
c4ca2ff3-8002e9fb1de21148,6a47e491-9e58b734b00c40ca,0.3443223443223443,0.6438356164383562
175201f9-29a63f3073d1212f,4e5ee0f7-8030183228b7a8d5,0.34430379746835443,0.3695652173913043
3f939694-111b597776032895,175201f9-29a63f3073d1212f,0.3442622950819672,0.34615384615384615
42fe7dd0-ae8f546af908b5fe,a5d5a95f-106627618ba094d2,0.34408602150537637,0.5245901639344263
464ad4dd-9978f63cac804e5b,e5d02e93-9702b854ca246425,0.34382566585956414,0.4034090909090909
585af783-1941371b4a80bb80,0f14b12d-fee145b04c8d2e7d,0.34375,0.4520547945205479
ccc8ef27-962b4c2d0adf3e00,23594fdf-bc29e3c145f03caa,0.34375,0.5076923076923077
d6fb3b9e-f5435586daf6a49b,23594fdf-bc29e3c145f03caa,0.34375,0.5076923076923077
2a35cd81-0aeb43004eb108dd,732c98a0-5659f20742b2f453,0.34375,0.4090909090909091
2a35cd81-0aeb43004eb108dd,732c98a0-0117162249c9d715,0.34375,0.4090909090909091
7d12d33c-b4c3d5f6730bc23d,e5d02e93-9702b854ca246425,0.3436123348017621,0.35944700460829493
ab7507bf-cfb7470e23cb45dc,732c98a0-5659f20742b2f453,0.3436123348017621,0.65
ab7507bf-cfb7470e23cb45dc,732c98a0-0117162249c9d715,0.3436123348017621,0.65
86102d81-85b3e078083a5c18,2a35cd81-0aeb43004eb108dd,0.3435897435897436,0.4527027027027027
7a9c69d8-25b66767c6bfef75,0f09b843-a169d06ba2070f2e,0.3434343434343434,0.40476190476190477
6f393cfe-f27eb766dce24503,0f09b843-a169d06ba2070f2e,0.3434343434343434,0.40476190476190477
8cfe3ee0-900555a974d03516,f4d6d28d-4171a85a7cd99755,0.3431952662721893,0.34523809523809523
8cfe3ee0-900555a974d03516,4eac0eea-433fe35c66f0896a,0.3431952662721893,0.34523809523809523
51151974-bb8053de078aa97d,2a35cd81-0aeb43004eb108dd,0.34316353887399464,0.48854961832061067
b55888de-ca2300bd54fb3fd5,1d43139f-a08be36b098f0971,0.3431372549019608,0.4861111111111111
480de7be-17d68f699a8fb117,07043d35-d508fb40e7ba58e1,0.34309623430962344,0.37962962962962965
f4757480-264ce4d0166e480d,07043d35-d508fb40e7ba58e1,0.34309623430962344,0.37962962962962965
b55888de-ca2300bd54fb3fd5,e5d02e93-9702b854ca246425,0.343042071197411,0.7361111111111112
778c91af-ba102667da83f00a,cfba313d-96627cf80535b35d,0.3429228998849252,0.5866141732283464
15941165-e7a0000e57984fda,464ad4dd-9978f63cac804e5b,0.34285714285714286,0.3448275862068966
35bb6075-720cdb4a7c64c6cd,01c915a2-b134dfb6a3c23cce,0.34285714285714286,0.4808362369337979
ef1d196b-c6903a1f95200b39,a2cf5634-50a35a847b217df3,0.34285714285714286,0.3630573248407643
656b62de-07e003f6fc62643b,f665e87b-932fba185362154d,0.34274193548387094,0.37117903930131
656b62de-07e003f6fc62643b,f665e87b-f01b7cfb37168ad5,0.34274193548387094,0.37117903930131
97a7fab5-c8910bb2ec5c2935,4da08761-2765de8ab5de2a01,0.34269662921348315,0.41216216216216217
98950986-d24a1d74ca0bc0c5,c23278ec-650f3957a6da68ca,0.3426294820717131,0.4095238095238095
46bde295-e51fa6bd867e4ba5,4241f473-734711fff505529f,0.3426294820717131,0.4387755102040816
6be4dcef-d802164d63afa92e,4685c420-34caaa19b5555fa4,0.3425414364640884,0.36470588235294116
b8b08542-ed329a5d344748ed,40132ebc-0eb4e2e2a14b1fc4,0.3424124513618677,0.4583333333333333
d783d815-fcfd47fa9b8bb15b,40132ebc-0eb4e2e2a14b1fc4,0.3424124513618677,0.4583333333333333
d783d815-9c6f6853f561f0ed,40132ebc-0eb4e2e2a14b1fc4,0.3424124513618677,0.4583333333333333
9e7551da-8b58fac3a9eaef98,2a35cd81-0aeb43004eb108dd,0.3423913043478261,0.5
f0e13442-3615d4e91a6c5bd9,2a35cd81-0aeb43004eb108dd,0.3423913043478261,0.5
35bb6075-720cdb4a7c64c6cd,9be0602e-2479557b64cb6cbc,0.34219269102990035,0.3588850174216028
f2cf6a74-c36cd3e8f935af24,c23278ec-650f3957a6da68ca,0.34210526315789475,0.47560975609756095
fdd41565-d026425f11fe71fd,f4d6d28d-4171a85a7cd99755,0.34210526315789475,0.3880597014925373
fdd41565-d026425f11fe71fd,4eac0eea-433fe35c66f0896a,0.34210526315789475,0.3880597014925373
9e7551da-8b58fac3a9eaef98,6e7cd58b-9e00f3e11d7fd578,0.341991341991342,0.626984126984127
f0e13442-3615d4e91a6c5bd9,6e7cd58b-9e00f3e11d7fd578,0.341991341991342,0.626984126984127
d3415fc5-3d79a0cf6c3df934,480de7be-17d68f699a8fb117,0.34192037470725994,0.3459715639810427
d3415fc5-3d79a0cf6c3df934,f4757480-264ce4d0166e480d,0.34192037470725994,0.3459715639810427
a5d5a95f-106627618ba094d2,f665e87b-932fba185362154d,0.34183673469387754,0.536
a5d5a95f-106627618ba094d2,f665e87b-f01b7cfb37168ad5,0.34183673469387754,0.536
0ea5a836-8314c5dfb34c8bab,7d12d33c-b4c3d5f6730bc23d,0.3418013856812933,0.3425925925925926
b9595381-1fe2b09ec26b73ed,e5d02e93-9702b854ca246425,0.34177215189873417,0.34177215189873417
6018974f-796cead4caace323,51151974-bb8053de078aa97d,0.3417085427135678,0.5
4e5ee0f7-8030183228b7a8d5,a368f345-4f26b824059bf5f9,0.34146341463414637,0.36492890995260663
6be4dcef-d802164d63afa92e,0c9d4def-6a3de0efe209485b,0.34146341463414637,0.49411764705882355
f4d6d28d-4171a85a7cd99755,0b04b41e-0b6cb88d7212030e,0.34146341463414637,0.49411764705882355
4eac0eea-433fe35c66f0896a,0b04b41e-0b6cb88d7212030e,0.34146341463414637,0.49411764705882355
15941165-e7a0000e57984fda,76a69f5c-5a0e3ae2a5ff1ef0,0.34146341463414637,0.4425287356321839
f38ae053-1cc93e66c41ccafa,40132ebc-0eb4e2e2a14b1fc4,0.3413793103448276,0.38372093023255816
0f14b12d-fee145b04c8d2e7d,3c74c140-a93ee473b71ac072,0.34137291280148424,0.3865546218487395
a5d5a95f-106627618ba094d2,23594fdf-bc29e3c145f03caa,0.3412698412698413,0.344
ccc8ef27-962b4c2d0adf3e00,8782922d-b6272ba0ec663c70,0.3409090909090909,0.46153846153846156
d6fb3b9e-f5435586daf6a49b,8782922d-b6272ba0ec663c70,0.3409090909090909,0.46153846153846156
f2cf6a74-c36cd3e8f935af24,3f939694-111b597776032895,0.3409090909090909,0.5487804878048781
8a858867-b9bbeece66de3f0d,339fdc7f-08ea3facdbf2e797,0.3409090909090909,0.5639097744360902
8532d5ed-e56d613d9e34734b,3f939694-111b597776032895,0.3408360128617363,0.4108527131782946
3c74c140-a93ee473b71ac072,1f6b81b1-5b2cd71aff307a38,0.3408284023668639,0.47840531561461797
f665e87b-932fba185362154d,d83f74f7-23bcf7dad899d241,0.34080717488789236,0.7116104868913857
f665e87b-f01b7cfb37168ad5,d83f74f7-23bcf7dad899d241,0.34080717488789236,0.7116104868913857
778c91af-ba102667da83f00a,ed728769-26de3db1e5ddc0f9,0.34074074074074073,0.36220472440944884
0ea5a836-8314c5dfb34c8bab,2a35cd81-0aeb43004eb108dd,0.3406113537117904,0.3611111111111111
fdd41565-d026425f11fe71fd,6e7cd58b-9e00f3e11d7fd578,0.3404255319148936,0.5970149253731343
f665e87b-932fba185362154d,dff5ff0a-4c22ff53e6acbc9b,0.3404255319148936,0.3895131086142322
45e41c6d-14603621c555c558,c4ca2ff3-8002e9fb1de21148,0.3404255319148936,0.35294117647058826
f665e87b-f01b7cfb37168ad5,dff5ff0a-4c22ff53e6acbc9b,0.3404255319148936,0.3895131086142322
4da08761-2765de8ab5de2a01,1f6b81b1-5b2cd71aff307a38,0.3404255319148936,0.6153846153846154
fdd41565-d026425f11fe71fd,97a7fab5-c8910bb2ec5c2935,0.3404255319148936,0.3582089552238806
00af3420-6a22b980be3bebb8,a2cf5634-50a35a847b217df3,0.3403361344537815,0.648
bdf7bfb2-dc5f2f3e1ffc8032,a2cf5634-50a35a847b217df3,0.3403361344537815,0.648
c23278ec-650f3957a6da68ca,b185d034-a791a4af4c89854c,0.3402985074626866,0.3904109589041096
4685c420-34caaa19b5555fa4,b8b08542-ed329a5d344748ed,0.3402777777777778,0.5104166666666666
4685c420-34caaa19b5555fa4,d783d815-fcfd47fa9b8bb15b,0.3402777777777778,0.5104166666666666
ab7507bf-cfb7470e23cb45dc,8cfe3ee0-900555a974d03516,0.3402777777777778,0.4083333333333333
4685c420-34caaa19b5555fa4,d783d815-9c6f6853f561f0ed,0.3402777777777778,0.5104166666666666
7814575b-d53f200ab383f03f,5449d33c-c3fa056747e67e0b,0.3402061855670103,0.4024390243902439
9291ca83-b2b16ed7b0bb365a,8532d5ed-e56d613d9e34734b,0.3402061855670103,0.5076923076923077
ae4d5b49-62ede50d39b5202a,7814575b-d53f200ab383f03f,0.3401360544217687,0.38461538461538464
dff5ff0a-4c22ff53e6acbc9b,1f6b81b1-5b2cd71aff307a38,0.3400900900900901,0.438953488372093
c4ca2ff3-8002e9fb1de21148,15941165-e7a0000e57984fda,0.340080971659919,0.5753424657534246
585af783-1941371b4a80bb80,3c74c140-a93ee473b71ac072,0.3400447427293065,0.5205479452054794
b55888de-ca2300bd54fb3fd5,f8c99dd0-af74ef9023de52c3,0.33986928104575165,0.3611111111111111
3f939694-111b597776032895,30e0cc81-e37591091c959b0f,0.3397129186602871,0.3901098901098901
3b10bd6d-cb4bc04c8307b4f8,f8c99dd0-af74ef9023de52c3,0.33962264150943394,0.34615384615384615
b0a01ee7-a88cb875e376e2ba,585af783-1941371b4a80bb80,0.33962264150943394,0.5454545454545454
b55888de-ca2300bd54fb3fd5,c6113c06-d4ec0a6afa4cb16c,0.33962264150943394,0.375
1d43139f-a08be36b098f0971,b8b08542-ed329a5d344748ed,0.3395061728395062,0.4166666666666667
1d43139f-a08be36b098f0971,d783d815-fcfd47fa9b8bb15b,0.3395061728395062,0.4166666666666667
1d43139f-a08be36b098f0971,d783d815-9c6f6853f561f0ed,0.3395061728395062,0.4166666666666667
17e67976-1c13712beab98d62,6be4dcef-d802164d63afa92e,0.3393939393939394,0.35
b0a01ee7-a88cb875e376e2ba,98950986-d24a1d74ca0bc0c5,0.3391812865497076,0.4393939393939394
ed728769-26de3db1e5ddc0f9,a2cf5634-50a35a847b217df3,0.3390894819466248,0.3776223776223776
585af783-1941371b4a80bb80,4da08761-2765de8ab5de2a01,0.3389830508474576,0.410958904109589
b8b08542-ed329a5d344748ed,a2cf5634-50a35a847b217df3,0.3388581952117864,0.4791666666666667
d783d815-fcfd47fa9b8bb15b,a2cf5634-50a35a847b217df3,0.3388581952117864,0.4791666666666667
d783d815-9c6f6853f561f0ed,a2cf5634-50a35a847b217df3,0.3388581952117864,0.4791666666666667
4685c420-34caaa19b5555fa4,c23278ec-650f3957a6da68ca,0.33884297520661155,0.4270833333333333
8532d5ed-e56d613d9e34734b,b9595381-1fe2b09ec26b73ed,0.33879781420765026,0.4806201550387597
b185d034-a791a4af4c89854c,2a35cd81-0aeb43004eb108dd,0.33874709976798145,0.3862433862433862
1a6f8b20-46e2136e681f3c6f,5449d33c-c3fa056747e67e0b,0.3384615384615385,0.39759036144578314
15941165-e7a0000e57984fda,480de7be-17d68f699a8fb117,0.3384615384615385,0.3793103448275862
45e41c6d-14603621c555c558,23594fdf-bc29e3c145f03caa,0.3384615384615385,0.4852941176470588
15941165-e7a0000e57984fda,f4757480-264ce4d0166e480d,0.3384615384615385,0.3793103448275862
30e0cc81-e37591091c959b0f,cfba313d-96627cf80535b35d,0.3384253819036428,0.6101694915254238
8532d5ed-e56d613d9e34734b,f665e87b-932fba185362154d,0.3383838383838384,0.5193798449612403
8532d5ed-e56d613d9e34734b,f665e87b-f01b7cfb37168ad5,0.3383838383838384,0.5193798449612403
4241f473-734711fff505529f,ef1d196b-c6903a1f95200b39,0.33832976445396146,0.5163398692810458
0f14b12d-fee145b04c8d2e7d,77448a05-1dfe65e51fa688fd,0.3381818181818182,0.3907563025210084
464ad4dd-9978f63cac804e5b,0f14b12d-fee145b04c8d2e7d,0.33816425120772947,0.3977272727272727
f38ae053-1cc93e66c41ccafa,0b04b41e-0b6cb88d7212030e,0.33793103448275863,0.3798449612403101
ab7507bf-cfb7470e23cb45dc,f4d6d28d-4171a85a7cd99755,0.33793103448275863,0.4083333333333333
ab7507bf-cfb7470e23cb45dc,4eac0eea-433fe35c66f0896a,0.33793103448275863,0.4083333333333333
b0a01ee7-a88cb875e376e2ba,4241f473-734711fff505529f,0.3378995433789954,0.5606060606060606
8cfe3ee0-900555a974d03516,4e5ee0f7-8030183228b7a8d5,0.33773087071240104,0.38095238095238093
a5d5a95f-106627618ba094d2,b185d034-a791a4af4c89854c,0.3375796178343949,0.424
54488276-f24b9e883d548563,e5d02e93-9702b854ca246425,0.33753148614609574,0.41875
0c9d4def-6a3de0efe209485b,2a35cd81-0aeb43004eb108dd,0.337468982630273,0.422360248447205
7279bcb3-0f86b515ba2bd8dd,8a858867-b9bbeece66de3f0d,0.3374485596707819,0.37272727272727274
4241f473-734711fff505529f,d92c5342-53771e54c54e60c0,0.33738191632928477,0.8169934640522876
30e0cc81-e37591091c959b0f,07043d35-d508fb40e7ba58e1,0.3373493975903614,0.3559322033898305
5449d33c-c3fa056747e67e0b,0f14b12d-fee145b04c8d2e7d,0.33714285714285713,0.5267857142857143
fdd41565-d026425f11fe71fd,480de7be-17d68f699a8fb117,0.33714285714285713,0.44029850746268656
fdd41565-d026425f11fe71fd,f4757480-264ce4d0166e480d,0.33714285714285713,0.44029850746268656
8782922d-b6272ba0ec663c70,732c98a0-5659f20742b2f453,0.33707865168539325,0.6756756756756757
8782922d-b6272ba0ec663c70,732c98a0-0117162249c9d715,0.33707865168539325,0.6756756756756757
08cf0478-cf474a42302061bb,0f14b12d-fee145b04c8d2e7d,0.33707865168539325,0.5084745762711864
35bb6075-720cdb4a7c64c6cd,cfba313d-96627cf80535b35d,0.3370288248337029,0.5296167247386759
23594fdf-bc29e3c145f03caa,c23278ec-650f3957a6da68ca,0.336996336996337,0.36220472440944884
98950986-d24a1d74ca0bc0c5,8cfe3ee0-900555a974d03516,0.336996336996337,0.4380952380952381
b0a01ee7-a88cb875e376e2ba,08cf0478-cf474a42302061bb,0.33695652173913043,0.4696969696969697
8782922d-b6272ba0ec663c70,8cfe3ee0-900555a974d03516,0.33691756272401435,0.42342342342342343
656b62de-07e003f6fc62643b,f6ed6826-065d31f19f562fcc,0.3368869936034115,0.34497816593886466
55ab9b5d-97aa2decf67ee58c,4e5ee0f7-8030183228b7a8d5,0.3367003367003367,0.5813953488372093
b9595381-1fe2b09ec26b73ed,07043d35-d508fb40e7ba58e1,0.3366733466933868,0.35443037974683544
1f6b81b1-5b2cd71aff307a38,40cc90ae-a1888e38f4a2438d,0.3364969801553063,0.3584558823529412
6018974f-796cead4caace323,c23278ec-650f3957a6da68ca,0.3364485981308411,0.5294117647058824
42fe7dd0-ae8f546af908b5fe,4241f473-734711fff505529f,0.3364485981308411,0.5901639344262295
4e5ee0f7-8030183228b7a8d5,656b62de-07e003f6fc62643b,0.33636363636363636,0.35071090047393366
08cf0478-cf474a42302061bb,40132ebc-0eb4e2e2a14b1fc4,0.33636363636363636,0.6271186440677966
17e67976-1c13712beab98d62,585af783-1941371b4a80bb80,0.336283185840708,0.475
77448a05-1dfe65e51fa688fd,d83f74f7-23bcf7dad899d241,0.33620689655172414,0.625
76a69f5c-5a0e3ae2a5ff1ef0,1f6b81b1-5b2cd71aff307a38,0.33617539585870887,0.4981949458483754
ab7507bf-cfb7470e23cb45dc,b9595381-1fe2b09ec26b73ed,0.33613445378151263,0.5
585af783-1941371b4a80bb80,7d12d33c-b4c3d5f6730bc23d,0.33608815426997246,0.4178082191780822
30e0cc81-e37591091c959b0f,40cc90ae-a1888e38f4a2438d,0.33607520564042304,0.6059322033898306
fdd41565-d026425f11fe71fd,35857a5a-8cd2a4bd9f3acd96,0.33604336043360433,0.4626865671641791
175201f9-29a63f3073d1212f,40132ebc-0eb4e2e2a14b1fc4,0.3359683794466403,0.46195652173913043
3f939694-111b597776032895,6e7cd58b-9e00f3e11d7fd578,0.3359073359073359,0.47802197802197804
17e67976-1c13712beab98d62,3f939694-111b597776032895,0.33587786259541985,0.55
4da08761-2765de8ab5de2a01,40132ebc-0eb4e2e2a14b1fc4,0.33584905660377357,0.42788461538461536
66565156-e830bc6dfc3d34ae,35bb6075-720cdb4a7c64c6cd,0.3358395989974937,0.5982142857142857
8782922d-b6272ba0ec663c70,77448a05-1dfe65e51fa688fd,0.33569739952718675,0.6396396396396397
f7a0ea6d-b8e74e9785d59e88,3b10bd6d-cb4bc04c8307b4f8,0.3356643356643357,0.36923076923076925
d3a0b8d2-95a57759ca7f4494,1a6f8b20-46e2136e681f3c6f,0.3356643356643357,0.4
c4ca2ff3-8002e9fb1de21148,b9595381-1fe2b09ec26b73ed,0.33548387096774196,0.7123287671232876
c23278ec-650f3957a6da68ca,f4d6d28d-4171a85a7cd99755,0.33544303797468356,0.363013698630137
c23278ec-650f3957a6da68ca,4eac0eea-433fe35c66f0896a,0.33544303797468356,0.363013698630137
480de7be-17d68f699a8fb117,f665e87b-932fba185362154d,0.33540372670807456,0.375
f4757480-264ce4d0166e480d,f665e87b-932fba185362154d,0.33540372670807456,0.375
480de7be-17d68f699a8fb117,f665e87b-f01b7cfb37168ad5,0.33540372670807456,0.375
f4757480-264ce4d0166e480d,f665e87b-f01b7cfb37168ad5,0.33540372670807456,0.375
66565156-e830bc6dfc3d34ae,0ea5a836-8314c5dfb34c8bab,0.3353658536585366,0.49107142857142855
01c915a2-b134dfb6a3c23cce,1f6b81b1-5b2cd71aff307a38,0.3352165725047081,0.3436293436293436
ae4d5b49-62ede50d39b5202a,ab7507bf-cfb7470e23cb45dc,0.33513513513513515,0.47692307692307695
f7a0ea6d-b8e74e9785d59e88,ab7507bf-cfb7470e23cb45dc,0.33513513513513515,0.47692307692307695
66565156-e830bc6dfc3d34ae,77448a05-1dfe65e51fa688fd,0.33490566037735847,0.6339285714285714
7814575b-d53f200ab383f03f,26ad111c-6f110a9e517fc801,0.334841628959276,0.45121951219512196
656b62de-07e003f6fc62643b,e5d02e93-9702b854ca246425,0.33476394849785407,0.3406113537117904
c23278ec-650f3957a6da68ca,d61f51c5-432a54c5bebe32fa,0.33424657534246577,0.4178082191780822
97a7fab5-c8910bb2ec5c2935,7d12d33c-b4c3d5f6730bc23d,0.33424657534246577,0.41216216216216217
8a858867-b9bbeece66de3f0d,0f14b12d-fee145b04c8d2e7d,0.33423180592991913,0.46616541353383456
dff5ff0a-4c22ff53e6acbc9b,cfba313d-96627cf80535b35d,0.33368091762252344,0.46511627906976744
f8c99dd0-af74ef9023de52c3,8782922d-b6272ba0ec663c70,0.3333333333333333,0.3950617283950617
c23278ec-650f3957a6da68ca,0b04b41e-0b6cb88d7212030e,0.3333333333333333,0.5342465753424658
c23278ec-650f3957a6da68ca,732c98a0-5659f20742b2f453,0.3333333333333333,0.547945205479452
c23278ec-650f3957a6da68ca,732c98a0-0117162249c9d715,0.3333333333333333,0.547945205479452
00af3420-6a22b980be3bebb8,4e5ee0f7-8030183228b7a8d5,0.3333333333333333,0.448
3b10bd6d-cb4bc04c8307b4f8,4685c420-34caaa19b5555fa4,0.3333333333333333,0.3717948717948718
f2cf6a74-c36cd3e8f935af24,585af783-1941371b4a80bb80,0.3333333333333333,0.4634146341463415
b8b08542-ed329a5d344748ed,a368f345-4f26b824059bf5f9,0.3333333333333333,0.375
d783d815-fcfd47fa9b8bb15b,a368f345-4f26b824059bf5f9,0.3333333333333333,0.375
d783d815-9c6f6853f561f0ed,a368f345-4f26b824059bf5f9,0.3333333333333333,0.375
55ab9b5d-97aa2decf67ee58c,08cf0478-cf474a42302061bb,0.3333333333333333,0.3953488372093023
bdf7bfb2-dc5f2f3e1ffc8032,4e5ee0f7-8030183228b7a8d5,0.3333333333333333,0.448
4da08761-2765de8ab5de2a01,30e0cc81-e37591091c959b0f,0.3333333333333333,0.3557692307692308
98950986-d24a1d74ca0bc0c5,4241f473-734711fff505529f,0.3333333333333333,0.4095238095238095
17e67976-1c13712beab98d62,7814575b-d53f200ab383f03f,0.3333333333333333,0.3375
4685c420-34caaa19b5555fa4,15941165-e7a0000e57984fda,0.3333333333333333,0.46875
a368f345-4f26b824059bf5f9,339fdc7f-08ea3facdbf2e797,0.3327239488117002,0.37916666666666665
7d12d33c-b4c3d5f6730bc23d,77448a05-1dfe65e51fa688fd,0.332703213610586,0.4055299539170507
4241f473-734711fff505529f,0b04b41e-0b6cb88d7212030e,0.33263157894736844,0.5163398692810458
4241f473-734711fff505529f,0f14b12d-fee145b04c8d2e7d,0.33248081841432225,0.42483660130718953
66565156-e830bc6dfc3d34ae,f665e87b-932fba185362154d,0.3324538258575198,0.5625
66565156-e830bc6dfc3d34ae,f665e87b-f01b7cfb37168ad5,0.3324538258575198,0.5625
b55888de-ca2300bd54fb3fd5,35857a5a-8cd2a4bd9f3acd96,0.3322475570032573,0.7083333333333334
3088ca9c-f1011bb8e87b3927,b185d034-a791a4af4c89854c,0.3320754716981132,0.5789473684210527
e5d02e93-9702b854ca246425,35bb6075-720cdb4a7c64c6cd,0.3320610687022901,0.3670886075949367
585af783-1941371b4a80bb80,6e7cd58b-9e00f3e11d7fd578,0.33195020746887965,0.547945205479452
c6113c06-d4ec0a6afa4cb16c,5449d33c-c3fa056747e67e0b,0.3316582914572864,0.3793103448275862
3f939694-111b597776032895,0ea5a836-8314c5dfb34c8bab,0.3316582914572864,0.3626373626373626
487c9f62-7eec6fd25ec3903d,778c91af-ba102667da83f00a,0.33163265306122447,0.47101449275362317
3f939694-111b597776032895,b8b08542-ed329a5d344748ed,0.3315508021390374,0.34065934065934067
3f939694-111b597776032895,d783d815-fcfd47fa9b8bb15b,0.3315508021390374,0.34065934065934067
3f939694-111b597776032895,d783d815-9c6f6853f561f0ed,0.3315508021390374,0.34065934065934067
585af783-1941371b4a80bb80,480de7be-17d68f699a8fb117,0.3314917127071823,0.410958904109589
585af783-1941371b4a80bb80,f4757480-264ce4d0166e480d,0.3314917127071823,0.410958904109589
4e5ee0f7-8030183228b7a8d5,ef1d196b-c6903a1f95200b39,0.3314285714285714,0.41232227488151657
9e7551da-8b58fac3a9eaef98,a2cf5634-50a35a847b217df3,0.3312368972746331,0.626984126984127
f0e13442-3615d4e91a6c5bd9,a2cf5634-50a35a847b217df3,0.3312368972746331,0.626984126984127
0f09b843-a169d06ba2070f2e,a2cf5634-50a35a847b217df3,0.3311827956989247,0.6754385964912281
b9595381-1fe2b09ec26b73ed,01c915a2-b134dfb6a3c23cce,0.33112582781456956,0.5274261603375527
f7a0ea6d-b8e74e9785d59e88,17e67976-1c13712beab98d62,0.3310344827586207,0.36923076923076925
97a7fab5-c8910bb2ec5c2935,35bb6075-720cdb4a7c64c6cd,0.3310344827586207,0.4864864864864865
08cf0478-cf474a42302061bb,54488276-f24b9e883d548563,0.33093525179856115,0.3898305084745763
5449d33c-c3fa056747e67e0b,54488276-f24b9e883d548563,0.33088235294117646,0.4017857142857143
ab7507bf-cfb7470e23cb45dc,f665e87b-932fba185362154d,0.330749354005168,0.5333333333333333
ab7507bf-cfb7470e23cb45dc,f665e87b-f01b7cfb37168ad5,0.330749354005168,0.5333333333333333
1d43139f-a08be36b098f0971,e5d02e93-9702b854ca246425,0.33062330623306235,0.4621212121212121
8cfe3ee0-900555a974d03516,40132ebc-0eb4e2e2a14b1fc4,0.3306122448979592,0.48214285714285715
f2cf6a74-c36cd3e8f935af24,54488276-f24b9e883d548563,0.3305785123966942,0.4878048780487805
8782922d-b6272ba0ec663c70,f6ed6826-065d31f19f562fcc,0.33048433048433046,0.5225225225225225
f665e87b-932fba185362154d,1f6b81b1-5b2cd71aff307a38,0.33045622688039455,0.50187265917603
f665e87b-f01b7cfb37168ad5,1f6b81b1-5b2cd71aff307a38,0.33045622688039455,0.50187265917603
0ea5a836-8314c5dfb34c8bab,0f14b12d-fee145b04c8d2e7d,0.3303964757709251,0.3472222222222222
a5d5a95f-106627618ba094d2,4da08761-2765de8ab5de2a01,0.3303303303303303,0.44
0f09b843-a169d06ba2070f2e,d61f51c5-432a54c5bebe32fa,0.3303303303303303,0.4824561403508772
3f939694-111b597776032895,778c91af-ba102667da83f00a,0.3302752293577982,0.3956043956043956
8532d5ed-e56d613d9e34734b,15941165-e7a0000e57984fda,0.33003300330033003,0.3875968992248062
175201f9-29a63f3073d1212f,339fdc7f-08ea3facdbf2e797,0.329938900203666,0.44021739130434784
b9595381-1fe2b09ec26b73ed,2a35cd81-0aeb43004eb108dd,0.3298538622129436,0.3333333333333333
a5d5a95f-106627618ba094d2,54488276-f24b9e883d548563,0.3298245614035088,0.376
30e0cc81-e37591091c959b0f,e5d02e93-9702b854ca246425,0.3298097251585624,0.3305084745762712
f7a0ea6d-b8e74e9785d59e88,4da08761-2765de8ab5de2a01,0.32967032967032966,0.6923076923076923
35bb6075-720cdb4a7c64c6cd,dff5ff0a-4c22ff53e6acbc9b,0.329635499207607,0.3623693379790941
5449d33c-c3fa056747e67e0b,f6ed6826-065d31f19f562fcc,0.32954545454545453,0.5178571428571429
b0a01ee7-a88cb875e376e2ba,7279bcb3-0f86b515ba2bd8dd,0.32954545454545453,0.4393939393939394
4da08761-2765de8ab5de2a01,ef1d196b-c6903a1f95200b39,0.32950191570881227,0.41346153846153844
ae4d5b49-62ede50d39b5202a,98950986-d24a1d74ca0bc0c5,0.32941176470588235,0.4307692307692308
4e5ee0f7-8030183228b7a8d5,40cc90ae-a1888e38f4a2438d,0.32929782082324455,0.6445497630331753
54488276-f24b9e883d548563,8cfe3ee0-900555a974d03516,0.32926829268292684,0.3375
8532d5ed-e56d613d9e34734b,a2cf5634-50a35a847b217df3,0.32916666666666666,0.6124031007751938
66565156-e830bc6dfc3d34ae,b8b08542-ed329a5d344748ed,0.32894736842105265,0.44642857142857145
66565156-e830bc6dfc3d34ae,d783d815-fcfd47fa9b8bb15b,0.32894736842105265,0.44642857142857145
66565156-e830bc6dfc3d34ae,d783d815-9c6f6853f561f0ed,0.32894736842105265,0.44642857142857145
55ab9b5d-97aa2decf67ee58c,26ad111c-6f110a9e517fc801,0.3288888888888889,0.43023255813953487
00af3420-6a22b980be3bebb8,f6ed6826-065d31f19f562fcc,0.3287671232876712,0.48
bdf7bfb2-dc5f2f3e1ffc8032,f6ed6826-065d31f19f562fcc,0.3287671232876712,0.48
55ab9b5d-97aa2decf67ee58c,8a858867-b9bbeece66de3f0d,0.3287671232876712,0.4186046511627907
f7a0ea6d-b8e74e9785d59e88,f8c99dd0-af74ef9023de52c3,0.3287671232876712,0.36923076923076925
7a9c69d8-25b66767c6bfef75,8532d5ed-e56d613d9e34734b,0.3286384976525822,0.4166666666666667
f2cf6a74-c36cd3e8f935af24,51151974-bb8053de078aa97d,0.3286384976525822,0.4268292682926829
0f09b843-a169d06ba2070f2e,77448a05-1dfe65e51fa688fd,0.3286384976525822,0.6140350877192983
6f393cfe-f27eb766dce24503,8532d5ed-e56d613d9e34734b,0.3286384976525822,0.4166666666666667
480de7be-17d68f699a8fb117,76a69f5c-5a0e3ae2a5ff1ef0,0.3286004056795132,0.375
f4757480-264ce4d0166e480d,76a69f5c-5a0e3ae2a5ff1ef0,0.3286004056795132,0.375
d3a0b8d2-95a57759ca7f4494,17e67976-1c13712beab98d62,0.32857142857142857,0.38333333333333336
585af783-1941371b4a80bb80,b185d034-a791a4af4c89854c,0.3283582089552239,0.3767123287671233
0f14b12d-fee145b04c8d2e7d,01c915a2-b134dfb6a3c23cce,0.328042328042328,0.5210084033613446
42fe7dd0-ae8f546af908b5fe,b185d034-a791a4af4c89854c,0.328,0.6721311475409836
c23278ec-650f3957a6da68ca,35bb6075-720cdb4a7c64c6cd,0.3279445727482679,0.4863013698630137
b8b08542-ed329a5d344748ed,35857a5a-8cd2a4bd9f3acd96,0.32786885245901637,0.3645833333333333
d783d815-fcfd47fa9b8bb15b,35857a5a-8cd2a4bd9f3acd96,0.32786885245901637,0.3645833333333333
d783d815-9c6f6853f561f0ed,35857a5a-8cd2a4bd9f3acd96,0.32786885245901637,0.3645833333333333
8782922d-b6272ba0ec663c70,23594fdf-bc29e3c145f03caa,0.3277310924369748,0.35135135135135137
7d12d33c-b4c3d5f6730bc23d,ef1d196b-c6903a1f95200b39,0.327683615819209,0.4009216589861751
0f09b843-a169d06ba2070f2e,f6ed6826-065d31f19f562fcc,0.327683615819209,0.5087719298245614
4da08761-2765de8ab5de2a01,07043d35-d508fb40e7ba58e1,0.3276595744680851,0.3701923076923077
8a858867-b9bbeece66de3f0d,54488276-f24b9e883d548563,0.32764505119453924,0.3609022556390977
7a9c69d8-25b66767c6bfef75,86102d81-85b3e078083a5c18,0.3275862068965517,0.4523809523809524
6f393cfe-f27eb766dce24503,86102d81-85b3e078083a5c18,0.3275862068965517,0.4523809523809524
7d12d33c-b4c3d5f6730bc23d,35857a5a-8cd2a4bd9f3acd96,0.3274336283185841,0.34101382488479265
66565156-e830bc6dfc3d34ae,732c98a0-5659f20742b2f453,0.3273542600896861,0.6517857142857143
66565156-e830bc6dfc3d34ae,732c98a0-0117162249c9d715,0.3273542600896861,0.6517857142857143
76a69f5c-5a0e3ae2a5ff1ef0,cfba313d-96627cf80535b35d,0.3273542600896861,0.5270758122743683
dff5ff0a-4c22ff53e6acbc9b,01c915a2-b134dfb6a3c23cce,0.3271461716937355,0.40988372093023256
b9595381-1fe2b09ec26b73ed,3c74c140-a93ee473b71ac072,0.3271375464684015,0.37130801687763715
1d43139f-a08be36b098f0971,a2cf5634-50a35a847b217df3,0.32712215320910976,0.5984848484848485
35857a5a-8cd2a4bd9f3acd96,40cc90ae-a1888e38f4a2438d,0.3270588235294118,0.5914893617021276
1a6f8b20-46e2136e681f3c6f,a5d5a95f-106627618ba094d2,0.3269230769230769,0.40963855421686746
46bde295-e51fa6bd867e4ba5,7279bcb3-0f86b515ba2bd8dd,0.3269230769230769,0.3469387755102041
9e7551da-8b58fac3a9eaef98,35857a5a-8cd2a4bd9f3acd96,0.3268698060941828,0.46825396825396826
f0e13442-3615d4e91a6c5bd9,35857a5a-8cd2a4bd9f3acd96,0.3268698060941828,0.46825396825396826
b8b08542-ed329a5d344748ed,f665e87b-932fba185362154d,0.32679738562091504,0.390625
d783d815-fcfd47fa9b8bb15b,f665e87b-932fba185362154d,0.32679738562091504,0.390625
d783d815-9c6f6853f561f0ed,f665e87b-932fba185362154d,0.32679738562091504,0.390625
b8b08542-ed329a5d344748ed,f665e87b-f01b7cfb37168ad5,0.32679738562091504,0.390625
d783d815-fcfd47fa9b8bb15b,f665e87b-f01b7cfb37168ad5,0.32679738562091504,0.390625
d783d815-9c6f6853f561f0ed,f665e87b-f01b7cfb37168ad5,0.32679738562091504,0.390625
c23278ec-650f3957a6da68ca,339fdc7f-08ea3facdbf2e797,0.32671081677704195,0.5068493150684932
732c98a0-5659f20742b2f453,cfba313d-96627cf80535b35d,0.3266596417281349,0.46407185628742514
732c98a0-0117162249c9d715,cfba313d-96627cf80535b35d,0.3266596417281349,0.46407185628742514
66565156-e830bc6dfc3d34ae,b9595381-1fe2b09ec26b73ed,0.32664756446991405,0.5089285714285714
d3415fc5-3d79a0cf6c3df934,0b04b41e-0b6cb88d7212030e,0.32645403377110693,0.41232227488151657
23594fdf-bc29e3c145f03caa,0c9d4def-6a3de0efe209485b,0.3263888888888889,0.3700787401574803
ae4d5b49-62ede50d39b5202a,00af3420-6a22b980be3bebb8,0.3263157894736842,0.47692307692307695
ccc8ef27-962b4c2d0adf3e00,a5d5a95f-106627618ba094d2,0.3263157894736842,0.47692307692307695
d6fb3b9e-f5435586daf6a49b,a5d5a95f-106627618ba094d2,0.3263157894736842,0.47692307692307695
ae4d5b49-62ede50d39b5202a,bdf7bfb2-dc5f2f3e1ffc8032,0.3263157894736842,0.47692307692307695
0f09b843-a169d06ba2070f2e,8cfe3ee0-900555a974d03516,0.3262411347517731,0.40350877192982454
07043d35-d508fb40e7ba58e1,d83f74f7-23bcf7dad899d241,0.3261261261261261,0.6908396946564885
f7a0ea6d-b8e74e9785d59e88,4e5ee0f7-8030183228b7a8d5,0.32608695652173914,0.6923076923076923
0c9d4def-6a3de0efe209485b,6e7cd58b-9e00f3e11d7fd578,0.32595573440643866,0.5031055900621118
4685c420-34caaa19b5555fa4,00af3420-6a22b980be3bebb8,0.3257918552036199,0.375
4685c420-34caaa19b5555fa4,bdf7bfb2-dc5f2f3e1ffc8032,0.3257918552036199,0.375
15941165-e7a0000e57984fda,07043d35-d508fb40e7ba58e1,0.3256880733944954,0.40804597701149425
656b62de-07e003f6fc62643b,6e7cd58b-9e00f3e11d7fd578,0.3256637168141593,0.4017467248908297
f38ae053-1cc93e66c41ccafa,dff5ff0a-4c22ff53e6acbc9b,0.32558139534883723,0.3798449612403101
8532d5ed-e56d613d9e34734b,3c74c140-a93ee473b71ac072,0.32558139534883723,0.5426356589147286
5449d33c-c3fa056747e67e0b,77448a05-1dfe65e51fa688fd,0.32547169811320753,0.6160714285714286
b185d034-a791a4af4c89854c,b8b08542-ed329a5d344748ed,0.32545931758530183,0.328042328042328
b185d034-a791a4af4c89854c,d783d815-fcfd47fa9b8bb15b,0.32545931758530183,0.328042328042328
b185d034-a791a4af4c89854c,d783d815-9c6f6853f561f0ed,0.32545931758530183,0.328042328042328
a5d5a95f-106627618ba094d2,6e7cd58b-9e00f3e11d7fd578,0.32537960954446854,0.6
7279bcb3-0f86b515ba2bd8dd,a2cf5634-50a35a847b217df3,0.32537960954446854,0.6818181818181818
7a9c69d8-25b66767c6bfef75,a5d5a95f-106627618ba094d2,0.3253588516746411,0.40476190476190477
6f393cfe-f27eb766dce24503,a5d5a95f-106627618ba094d2,0.3253588516746411,0.40476190476190477
8782922d-b6272ba0ec663c70,3c74c140-a93ee473b71ac072,0.32524271844660196,0.6036036036036037
30e0cc81-e37591091c959b0f,6e7cd58b-9e00f3e11d7fd578,0.32517482517482516,0.3940677966101695
2a35cd81-0aeb43004eb108dd,35bb6075-720cdb4a7c64c6cd,0.32514177693761814,0.35537190082644626
b185d034-a791a4af4c89854c,7d12d33c-b4c3d5f6730bc23d,0.3251231527093596,0.3492063492063492
f6ed6826-065d31f19f562fcc,ef1d196b-c6903a1f95200b39,0.3249097472924188,0.375
0f09b843-a169d06ba2070f2e,b9595381-1fe2b09ec26b73ed,0.3247863247863248,0.5
97a7fab5-c8910bb2ec5c2935,76a69f5c-5a0e3ae2a5ff1ef0,0.3247058823529412,0.46621621621621623
c4ca2ff3-8002e9fb1de21148,35857a5a-8cd2a4bd9f3acd96,0.3246753246753247,0.684931506849315
4241f473-734711fff505529f,b8b08542-ed329a5d344748ed,0.32463768115942027,0.3660130718954248
98950986-d24a1d74ca0bc0c5,a368f345-4f26b824059bf5f9,0.32463768115942027,0.5333333333333333
4241f473-734711fff505529f,d783d815-fcfd47fa9b8bb15b,0.32463768115942027,0.3660130718954248
4241f473-734711fff505529f,d783d815-9c6f6853f561f0ed,0.32463768115942027,0.3660130718954248
17e67976-1c13712beab98d62,8782922d-b6272ba0ec663c70,0.32460732984293195,0.3875
e5d02e93-9702b854ca246425,6e7cd58b-9e00f3e11d7fd578,0.32460732984293195,0.3924050632911392
7814575b-d53f200ab383f03f,c23278ec-650f3957a6da68ca,0.32456140350877194,0.45121951219512196
656b62de-07e003f6fc62643b,f38ae053-1cc93e66c41ccafa,0.324435318275154,0.34497816593886466
8a858867-b9bbeece66de3f0d,b9595381-1fe2b09ec26b73ed,0.32432432432432434,0.45112781954887216
2a35cd81-0aeb43004eb108dd,3c74c140-a93ee473b71ac072,0.3241252302025783,0.36363636363636365
6be4dcef-d802164d63afa92e,51151974-bb8053de078aa97d,0.32407407407407407,0.4117647058823529
4685c420-34caaa19b5555fa4,ab7507bf-cfb7470e23cb45dc,0.32407407407407407,0.3645833333333333
d3a0b8d2-95a57759ca7f4494,f2cf6a74-c36cd3e8f935af24,0.323943661971831,0.38333333333333336
778c91af-ba102667da83f00a,ef1d196b-c6903a1f95200b39,0.323943661971831,0.36220472440944884
5449d33c-c3fa056747e67e0b,a368f345-4f26b824059bf5f9,0.32386363636363635,0.5089285714285714
c23278ec-650f3957a6da68ca,6e7cd58b-9e00f3e11d7fd578,0.3236514522821577,0.5342465753424658
17e67976-1c13712beab98d62,0c9d4def-6a3de0efe209485b,0.3236514522821577,0.4875
45e41c6d-14603621c555c558,6018974f-796cead4caace323,0.3235294117647059,0.3235294117647059
1a6f8b20-46e2136e681f3c6f,b185d034-a791a4af4c89854c,0.3235294117647059,0.5301204819277109
464ad4dd-9978f63cac804e5b,b185d034-a791a4af4c89854c,0.3232876712328767,0.3352272727272727
ccc8ef27-962b4c2d0adf3e00,8a858867-b9bbeece66de3f0d,0.32323232323232326,0.49230769230769234
d6fb3b9e-f5435586daf6a49b,8a858867-b9bbeece66de3f0d,0.32323232323232326,0.49230769230769234
54488276-f24b9e883d548563,f665e87b-932fba185362154d,0.3231850117096019,0.43125
54488276-f24b9e883d548563,f665e87b-f01b7cfb37168ad5,0.3231850117096019,0.43125
c23278ec-650f3957a6da68ca,77448a05-1dfe65e51fa688fd,0.3231441048034934,0.5068493150684932
97a7fab5-c8910bb2ec5c2935,2a35cd81-0aeb43004eb108dd,0.3230769230769231,0.42567567567567566
0f09b843-a169d06ba2070f2e,339fdc7f-08ea3facdbf2e797,0.32304038004750596,0.5964912280701754
f2cf6a74-c36cd3e8f935af24,a368f345-4f26b824059bf5f9,0.32298136645962733,0.6341463414634146
0f09b843-a169d06ba2070f2e,4da08761-2765de8ab5de2a01,0.32298136645962733,0.45614035087719296
0c9d4def-6a3de0efe209485b,0b04b41e-0b6cb88d7212030e,0.32298136645962733,0.484472049689441
42fe7dd0-ae8f546af908b5fe,51151974-bb8053de078aa97d,0.3229166666666667,0.5081967213114754
9291ca83-b2b16ed7b0bb365a,23594fdf-bc29e3c145f03caa,0.3229166666666667,0.47692307692307695
7d12d33c-b4c3d5f6730bc23d,40132ebc-0eb4e2e2a14b1fc4,0.3228200371057514,0.4009216589861751
42fe7dd0-ae8f546af908b5fe,00af3420-6a22b980be3bebb8,0.3225806451612903,0.4918032786885246
3088ca9c-f1011bb8e87b3927,7279bcb3-0f86b515ba2bd8dd,0.3225806451612903,0.39473684210526316
42fe7dd0-ae8f546af908b5fe,bdf7bfb2-dc5f2f3e1ffc8032,0.3225806451612903,0.4918032786885246
00af3420-6a22b980be3bebb8,732c98a0-5659f20742b2f453,0.3224400871459695,0.592
00af3420-6a22b980be3bebb8,732c98a0-0117162249c9d715,0.3224400871459695,0.592
bdf7bfb2-dc5f2f3e1ffc8032,732c98a0-5659f20742b2f453,0.3224400871459695,0.592
bdf7bfb2-dc5f2f3e1ffc8032,732c98a0-0117162249c9d715,0.3224400871459695,0.592
ae4d5b49-62ede50d39b5202a,c23278ec-650f3957a6da68ca,0.3222748815165877,0.5230769230769231
f7a0ea6d-b8e74e9785d59e88,c23278ec-650f3957a6da68ca,0.3222748815165877,0.5230769230769231
55ab9b5d-97aa2decf67ee58c,00af3420-6a22b980be3bebb8,0.3222748815165877,0.3953488372093023
55ab9b5d-97aa2decf67ee58c,bdf7bfb2-dc5f2f3e1ffc8032,0.3222748815165877,0.3953488372093023
339fdc7f-08ea3facdbf2e797,ef1d196b-c6903a1f95200b39,0.322061191626409,0.3257328990228013
b8b08542-ed329a5d344748ed,6e7cd58b-9e00f3e11d7fd578,0.32196969696969696,0.4427083333333333
d783d815-fcfd47fa9b8bb15b,6e7cd58b-9e00f3e11d7fd578,0.32196969696969696,0.4427083333333333
d783d815-9c6f6853f561f0ed,6e7cd58b-9e00f3e11d7fd578,0.32196969696969696,0.4427083333333333
17e67976-1c13712beab98d62,a5d5a95f-106627618ba094d2,0.32195121951219513,0.4125
b0a01ee7-a88cb875e376e2ba,26ad111c-6f110a9e517fc801,0.32195121951219513,0.5
86102d81-85b3e078083a5c18,6a47e491-9e58b734b00c40ca,0.3218390804597701,0.3783783783783784
b55888de-ca2300bd54fb3fd5,b185d034-a791a4af4c89854c,0.3218390804597701,0.5833333333333334
4685c420-34caaa19b5555fa4,76a69f5c-5a0e3ae2a5ff1ef0,0.32171581769436997,0.625
ccc8ef27-962b4c2d0adf3e00,3b10bd6d-cb4bc04c8307b4f8,0.32167832167832167,0.35384615384615387
d6fb3b9e-f5435586daf6a49b,3b10bd6d-cb4bc04c8307b4f8,0.32167832167832167,0.35384615384615387
9291ca83-b2b16ed7b0bb365a,fdd41565-d026425f11fe71fd,0.32160804020100503,0.49230769230769234
42fe7dd0-ae8f546af908b5fe,487c9f62-7eec6fd25ec3903d,0.32160804020100503,0.5245901639344263
b8b08542-ed329a5d344748ed,07043d35-d508fb40e7ba58e1,0.32158590308370044,0.3802083333333333
d783d815-fcfd47fa9b8bb15b,07043d35-d508fb40e7ba58e1,0.32158590308370044,0.3802083333333333
d783d815-9c6f6853f561f0ed,07043d35-d508fb40e7ba58e1,0.32158590308370044,0.3802083333333333
fdd41565-d026425f11fe71fd,ef1d196b-c6903a1f95200b39,0.32142857142857145,0.5373134328358209
2a35cd81-0aeb43004eb108dd,77448a05-1dfe65e51fa688fd,0.3212996389891697,0.3677685950413223
ccc8ef27-962b4c2d0adf3e00,175201f9-29a63f3073d1212f,0.321285140562249,0.6153846153846154
d6fb3b9e-f5435586daf6a49b,175201f9-29a63f3073d1212f,0.321285140562249,0.6153846153846154
1d43139f-a08be36b098f0971,778c91af-ba102667da83f00a,0.32124352331606215,0.4696969696969697
6018974f-796cead4caace323,00af3420-6a22b980be3bebb8,0.32124352331606215,0.45588235294117646
6018974f-796cead4caace323,bdf7bfb2-dc5f2f3e1ffc8032,0.32124352331606215,0.45588235294117646
f2cf6a74-c36cd3e8f935af24,8782922d-b6272ba0ec663c70,0.32124352331606215,0.3780487804878049
585af783-1941371b4a80bb80,a368f345-4f26b824059bf5f9,0.32124352331606215,0.4246575342465753
97a7fab5-c8910bb2ec5c2935,0f14b12d-fee145b04c8d2e7d,0.32124352331606215,0.4189189189189189
0f14b12d-fee145b04c8d2e7d,40cc90ae-a1888e38f4a2438d,0.3212192262602579,0.5756302521008403
dff5ff0a-4c22ff53e6acbc9b,40cc90ae-a1888e38f4a2438d,0.32116788321167883,0.4476744186046512
b185d034-a791a4af4c89854c,0b04b41e-0b6cb88d7212030e,0.32093933463796476,0.43386243386243384
97a7fab5-c8910bb2ec5c2935,339fdc7f-08ea3facdbf2e797,0.3208791208791209,0.49324324324324326
fdd41565-d026425f11fe71fd,f6ed6826-065d31f19f562fcc,0.32085561497326204,0.44776119402985076
9e7551da-8b58fac3a9eaef98,b8b08542-ed329a5d344748ed,0.32075471698113206,0.40476190476190477
9e7551da-8b58fac3a9eaef98,d783d815-fcfd47fa9b8bb15b,0.32075471698113206,0.40476190476190477
9e7551da-8b58fac3a9eaef98,d783d815-9c6f6853f561f0ed,0.32075471698113206,0.40476190476190477
f0e13442-3615d4e91a6c5bd9,b8b08542-ed329a5d344748ed,0.32075471698113206,0.40476190476190477
f0e13442-3615d4e91a6c5bd9,d783d815-fcfd47fa9b8bb15b,0.32075471698113206,0.40476190476190477
ef1d196b-c6903a1f95200b39,40132ebc-0eb4e2e2a14b1fc4,0.32075471698113206,0.3248407643312102
f0e13442-3615d4e91a6c5bd9,d783d815-9c6f6853f561f0ed,0.32075471698113206,0.40476190476190477
23594fdf-bc29e3c145f03caa,40132ebc-0eb4e2e2a14b1fc4,0.3207126948775056,0.5669291338582677
23594fdf-bc29e3c145f03caa,0ea5a836-8314c5dfb34c8bab,0.3206997084548105,0.4330708661417323
f8c99dd0-af74ef9023de52c3,00af3420-6a22b980be3bebb8,0.32038834951456313,0.4074074074074074
f8c99dd0-af74ef9023de52c3,bdf7bfb2-dc5f2f3e1ffc8032,0.32038834951456313,0.4074074074074074
0f09b843-a169d06ba2070f2e,30e0cc81-e37591091c959b0f,0.32,0.49122807017543857
b9595381-1fe2b09ec26b73ed,d92c5342-53771e54c54e60c0,0.32,0.5569620253164557
08cf0478-cf474a42302061bb,339fdc7f-08ea3facdbf2e797,0.32,0.576271186440678
4da08761-2765de8ab5de2a01,2a35cd81-0aeb43004eb108dd,0.32,0.34615384615384615
3f939694-111b597776032895,35bb6075-720cdb4a7c64c6cd,0.31982942430703626,0.41208791208791207
1d43139f-a08be36b098f0971,b9595381-1fe2b09ec26b73ed,0.31978319783197834,0.44696969696969696
66565156-e830bc6dfc3d34ae,3c74c140-a93ee473b71ac072,0.3196125907990315,0.5892857142857143
4da08761-2765de8ab5de2a01,01c915a2-b134dfb6a3c23cce,0.31955922865013775,0.5576923076923077
1a6f8b20-46e2136e681f3c6f,55ab9b5d-97aa2decf67ee58c,0.31952662721893493,0.3253012048192771
4241f473-734711fff505529f,54488276-f24b9e883d548563,0.3194888178913738,0.32679738562091504
f4d6d28d-4171a85a7cd99755,35bb6075-720cdb4a7c64c6cd,0.31947483588621445,0.4294117647058823
4eac0eea-433fe35c66f0896a,35bb6075-720cdb4a7c64c6cd,0.31947483588621445,0.4294117647058823
778c91af-ba102667da83f00a,d83f74f7-23bcf7dad899d241,0.3194192377495463,0.6929133858267716
7279bcb3-0f86b515ba2bd8dd,4241f473-734711fff505529f,0.3193916349809886,0.38181818181818183
b9595381-1fe2b09ec26b73ed,f38ae053-1cc93e66c41ccafa,0.3191919191919192,0.3333333333333333
1a6f8b20-46e2136e681f3c6f,98950986-d24a1d74ca0bc0c5,0.3191489361702128,0.3614457831325301
8cfe3ee0-900555a974d03516,4da08761-2765de8ab5de2a01,0.3191489361702128,0.35714285714285715
b185d034-a791a4af4c89854c,dff5ff0a-4c22ff53e6acbc9b,0.31894934333958724,0.4497354497354497
480de7be-17d68f699a8fb117,6e7cd58b-9e00f3e11d7fd578,0.3188405797101449,0.4074074074074074
f4757480-264ce4d0166e480d,6e7cd58b-9e00f3e11d7fd578,0.3188405797101449,0.4074074074074074
3b10bd6d-cb4bc04c8307b4f8,8532d5ed-e56d613d9e34734b,0.3188405797101449,0.4230769230769231
f2cf6a74-c36cd3e8f935af24,a5d5a95f-106627618ba094d2,0.3188405797101449,0.4024390243902439
4da08761-2765de8ab5de2a01,dff5ff0a-4c22ff53e6acbc9b,0.3188405797101449,0.4230769230769231
0f09b843-a169d06ba2070f2e,dff5ff0a-4c22ff53e6acbc9b,0.31877729257641924,0.6403508771929824
7a9c69d8-25b66767c6bfef75,46bde295-e51fa6bd867e4ba5,0.31868131868131866,0.34523809523809523
6f393cfe-f27eb766dce24503,46bde295-e51fa6bd867e4ba5,0.31868131868131866,0.34523809523809523
778c91af-ba102667da83f00a,01c915a2-b134dfb6a3c23cce,0.31865284974093266,0.484251968503937
51151974-bb8053de078aa97d,76a69f5c-5a0e3ae2a5ff1ef0,0.31862745098039214,0.4961832061068702
f6ed6826-065d31f19f562fcc,dff5ff0a-4c22ff53e6acbc9b,0.3184931506849315,0.3875
00af3420-6a22b980be3bebb8,b185d034-a791a4af4c89854c,0.3184713375796178,0.4
bdf7bfb2-dc5f2f3e1ffc8032,b185d034-a791a4af4c89854c,0.3184713375796178,0.4
4da08761-2765de8ab5de2a01,339fdc7f-08ea3facdbf2e797,0.31844660194174756,0.3942307692307692
3088ca9c-f1011bb8e87b3927,00af3420-6a22b980be3bebb8,0.31840796019900497,0.42105263157894735
3088ca9c-f1011bb8e87b3927,bdf7bfb2-dc5f2f3e1ffc8032,0.31840796019900497,0.42105263157894735
b55888de-ca2300bd54fb3fd5,8532d5ed-e56d613d9e34734b,0.31840796019900497,0.4444444444444444
8532d5ed-e56d613d9e34734b,6e7cd58b-9e00f3e11d7fd578,0.31827956989247314,0.5736434108527132
0f14b12d-fee145b04c8d2e7d,9be0602e-2479557b64cb6cbc,0.3182640144665461,0.3697478991596639
7d12d33c-b4c3d5f6730bc23d,f665e87b-932fba185362154d,0.3181818181818182,0.3548387096774194
7d12d33c-b4c3d5f6730bc23d,f665e87b-f01b7cfb37168ad5,0.3181818181818182,0.3548387096774194
a5d5a95f-106627618ba094d2,732c98a0-5659f20742b2f453,0.31808278867102396,0.584
a5d5a95f-106627618ba094d2,732c98a0-0117162249c9d715,0.31808278867102396,0.584
54488276-f24b9e883d548563,4e5ee0f7-8030183228b7a8d5,0.31805929919137466,0.36875
ccc8ef27-962b4c2d0adf3e00,15941165-e7a0000e57984fda,0.3179916317991632,0.5846153846153846
d6fb3b9e-f5435586daf6a49b,15941165-e7a0000e57984fda,0.3179916317991632,0.5846153846153846
f8c99dd0-af74ef9023de52c3,0f09b843-a169d06ba2070f2e,0.31794871794871793,0.38271604938271603
585af783-1941371b4a80bb80,a2cf5634-50a35a847b217df3,0.317907444668008,0.541095890410959
c4ca2ff3-8002e9fb1de21148,3b10bd6d-cb4bc04c8307b4f8,0.31788079470198677,0.3287671232876712
51151974-bb8053de078aa97d,40132ebc-0eb4e2e2a14b1fc4,0.31788079470198677,0.549618320610687
ccc8ef27-962b4c2d0adf3e00,e5d02e93-9702b854ca246425,0.31788079470198677,0.7384615384615385
d6fb3b9e-f5435586daf6a49b,e5d02e93-9702b854ca246425,0.31788079470198677,0.7384615384615385
23594fdf-bc29e3c145f03caa,51151974-bb8053de078aa97d,0.3178294573643411,0.3228346456692913
45e41c6d-14603621c555c558,585af783-1941371b4a80bb80,0.3177570093457944,0.5
1a6f8b20-46e2136e681f3c6f,51151974-bb8053de078aa97d,0.3177570093457944,0.40963855421686746
54488276-f24b9e883d548563,0c9d4def-6a3de0efe209485b,0.3177570093457944,0.31875
b8b08542-ed329a5d344748ed,4e5ee0f7-8030183228b7a8d5,0.3176178660049628,0.3333333333333333
d783d815-fcfd47fa9b8bb15b,4e5ee0f7-8030183228b7a8d5,0.3176178660049628,0.3333333333333333
d783d815-9c6f6853f561f0ed,4e5ee0f7-8030183228b7a8d5,0.3176178660049628,0.3333333333333333
6be4dcef-d802164d63afa92e,86102d81-85b3e078083a5c18,0.31759656652360513,0.43529411764705883
76a69f5c-5a0e3ae2a5ff1ef0,9be0602e-2479557b64cb6cbc,0.31756756756756754,0.33935018050541516
2a35cd81-0aeb43004eb108dd,07043d35-d508fb40e7ba58e1,0.31746031746031744,0.3305785123966942
f4d6d28d-4171a85a7cd99755,732c98a0-5659f20742b2f453,0.31746031746031744,0.47058823529411764
f4d6d28d-4171a85a7cd99755,732c98a0-0117162249c9d715,0.31746031746031744,0.47058823529411764
4eac0eea-433fe35c66f0896a,732c98a0-5659f20742b2f453,0.31746031746031744,0.47058823529411764
4eac0eea-433fe35c66f0896a,732c98a0-0117162249c9d715,0.31746031746031744,0.47058823529411764
585af783-1941371b4a80bb80,ef1d196b-c6903a1f95200b39,0.3173913043478261,0.5
480de7be-17d68f699a8fb117,d61f51c5-432a54c5bebe32fa,0.31724137931034485,0.3194444444444444
f4757480-264ce4d0166e480d,d61f51c5-432a54c5bebe32fa,0.31724137931034485,0.3194444444444444
a368f345-4f26b824059bf5f9,76a69f5c-5a0e3ae2a5ff1ef0,0.31721470019342357,0.3416666666666667
c23278ec-650f3957a6da68ca,3f939694-111b597776032895,0.3170731707317073,0.3561643835616438
3b10bd6d-cb4bc04c8307b4f8,55ab9b5d-97aa2decf67ee58c,0.3170731707317073,0.3333333333333333
8cfe3ee0-900555a974d03516,2a35cd81-0aeb43004eb108dd,0.3170731707317073,0.3869047619047619
9be0602e-2479557b64cb6cbc,01c915a2-b134dfb6a3c23cce,0.3169267707082833,0.41904761904761906
7d12d33c-b4c3d5f6730bc23d,a2cf5634-50a35a847b217df3,0.31690140845070425,0.4147465437788018
ae4d5b49-62ede50d39b5202a,d61f51c5-432a54c5bebe32fa,0.31690140845070425,0.6923076923076923
97a7fab5-c8910bb2ec5c2935,e5d02e93-9702b854ca246425,0.3168831168831169,0.41216216216216217
23594fdf-bc29e3c145f03caa,76a69f5c-5a0e3ae2a5ff1ef0,0.31683168316831684,0.5039370078740157
7d12d33c-b4c3d5f6730bc23d,339fdc7f-08ea3facdbf2e797,0.31679389312977096,0.3824884792626728
a5d5a95f-106627618ba094d2,35857a5a-8cd2a4bd9f3acd96,0.31666666666666665,0.456
8a858867-b9bbeece66de3f0d,40132ebc-0eb4e2e2a14b1fc4,0.31648351648351647,0.5413533834586466
23594fdf-bc29e3c145f03caa,b185d034-a791a4af4c89854c,0.31645569620253167,0.3937007874015748
9291ca83-b2b16ed7b0bb365a,5449d33c-c3fa056747e67e0b,0.3163841807909605,0.4307692307692308
ccc8ef27-962b4c2d0adf3e00,5449d33c-c3fa056747e67e0b,0.3163841807909605,0.4307692307692308
d6fb3b9e-f5435586daf6a49b,5449d33c-c3fa056747e67e0b,0.3163841807909605,0.4307692307692308
ae4d5b49-62ede50d39b5202a,51151974-bb8053de078aa97d,0.3163265306122449,0.47692307692307695
464ad4dd-9978f63cac804e5b,35857a5a-8cd2a4bd9f3acd96,0.31630170316301703,0.3693181818181818
9be0602e-2479557b64cb6cbc,40cc90ae-a1888e38f4a2438d,0.3161290322580645,0.4666666666666667
d3a0b8d2-95a57759ca7f4494,8782922d-b6272ba0ec663c70,0.3157894736842105,0.45
3088ca9c-f1011bb8e87b3927,8a858867-b9bbeece66de3f0d,0.3157894736842105,0.4342105263157895
b0a01ee7-a88cb875e376e2ba,6a47e491-9e58b734b00c40ca,0.3157894736842105,0.6363636363636364
fdd41565-d026425f11fe71fd,b185d034-a791a4af4c89854c,0.3157894736842105,0.3805970149253731
00af3420-6a22b980be3bebb8,b8b08542-ed329a5d344748ed,0.31545741324921134,0.4
00af3420-6a22b980be3bebb8,d783d815-fcfd47fa9b8bb15b,0.31545741324921134,0.4
00af3420-6a22b980be3bebb8,d783d815-9c6f6853f561f0ed,0.31545741324921134,0.4
bdf7bfb2-dc5f2f3e1ffc8032,b8b08542-ed329a5d344748ed,0.31545741324921134,0.4
bdf7bfb2-dc5f2f3e1ffc8032,d783d815-fcfd47fa9b8bb15b,0.31545741324921134,0.4
bdf7bfb2-dc5f2f3e1ffc8032,d783d815-9c6f6853f561f0ed,0.31545741324921134,0.4
30e0cc81-e37591091c959b0f,1f6b81b1-5b2cd71aff307a38,0.3153846153846154,0.5211864406779662
5449d33c-c3fa056747e67e0b,a2cf5634-50a35a847b217df3,0.31533477321814257,0.6517857142857143
7a9c69d8-25b66767c6bfef75,487c9f62-7eec6fd25ec3903d,0.3153153153153153,0.4166666666666667
6f393cfe-f27eb766dce24503,487c9f62-7eec6fd25ec3903d,0.3153153153153153,0.4166666666666667
4da08761-2765de8ab5de2a01,7d12d33c-b4c3d5f6730bc23d,0.31529411764705884,0.32211538461538464
ae4d5b49-62ede50d39b5202a,487c9f62-7eec6fd25ec3903d,0.31527093596059114,0.49230769230769234
c4ca2ff3-8002e9fb1de21148,8782922d-b6272ba0ec663c70,0.31521739130434784,0.3972602739726027
23594fdf-bc29e3c145f03caa,175201f9-29a63f3073d1212f,0.31511254019292606,0.3858267716535433
7d12d33c-b4c3d5f6730bc23d,a368f345-4f26b824059bf5f9,0.3150984682713348,0.3317972350230415
45e41c6d-14603621c555c558,3b10bd6d-cb4bc04c8307b4f8,0.3150684931506849,0.3382352941176471
ccc8ef27-962b4c2d0adf3e00,f8c99dd0-af74ef9023de52c3,0.3150684931506849,0.35384615384615387
d6fb3b9e-f5435586daf6a49b,f8c99dd0-af74ef9023de52c3,0.3150684931506849,0.35384615384615387
b185d034-a791a4af4c89854c,4e5ee0f7-8030183228b7a8d5,0.315,0.3333333333333333
b55888de-ca2300bd54fb3fd5,3f939694-111b597776032895,0.31496062992125984,0.5555555555555556
a5d5a95f-106627618ba094d2,e5d02e93-9702b854ca246425,0.3149171270718232,0.456
7279bcb3-0f86b515ba2bd8dd,00af3420-6a22b980be3bebb8,0.3148936170212766,0.33636363636363636
7279bcb3-0f86b515ba2bd8dd,bdf7bfb2-dc5f2f3e1ffc8032,0.3148936170212766,0.33636363636363636
0f09b843-a169d06ba2070f2e,656b62de-07e003f6fc62643b,0.31486880466472306,0.47368421052631576
6018974f-796cead4caace323,86102d81-85b3e078083a5c18,0.3148148148148148,0.5
b8b08542-ed329a5d344748ed,f6ed6826-065d31f19f562fcc,0.3148148148148148,0.3541666666666667
d783d815-fcfd47fa9b8bb15b,f6ed6826-065d31f19f562fcc,0.3148148148148148,0.3541666666666667
d783d815-9c6f6853f561f0ed,f6ed6826-065d31f19f562fcc,0.3148148148148148,0.3541666666666667
55ab9b5d-97aa2decf67ee58c,8782922d-b6272ba0ec663c70,0.3147208121827411,0.36046511627906974
f2cf6a74-c36cd3e8f935af24,77448a05-1dfe65e51fa688fd,0.3147208121827411,0.7560975609756098
585af783-1941371b4a80bb80,656b62de-07e003f6fc62643b,0.31466666666666665,0.4041095890410959
e5d02e93-9702b854ca246425,a368f345-4f26b824059bf5f9,0.31446540880503143,0.31645569620253167
4685c420-34caaa19b5555fa4,0f09b843-a169d06ba2070f2e,0.3142857142857143,0.34375
f4d6d28d-4171a85a7cd99755,3c74c140-a93ee473b71ac072,0.31422505307855625,0.43529411764705883
4eac0eea-433fe35c66f0896a,3c74c140-a93ee473b71ac072,0.31422505307855625,0.43529411764705883
9291ca83-b2b16ed7b0bb365a,9e7551da-8b58fac3a9eaef98,0.31413612565445026,0.46153846153846156
ae4d5b49-62ede50d39b5202a,9e7551da-8b58fac3a9eaef98,0.31413612565445026,0.46153846153846156
ccc8ef27-962b4c2d0adf3e00,9e7551da-8b58fac3a9eaef98,0.31413612565445026,0.46153846153846156
d6fb3b9e-f5435586daf6a49b,9e7551da-8b58fac3a9eaef98,0.31413612565445026,0.46153846153846156
9291ca83-b2b16ed7b0bb365a,f0e13442-3615d4e91a6c5bd9,0.31413612565445026,0.46153846153846156
ae4d5b49-62ede50d39b5202a,f0e13442-3615d4e91a6c5bd9,0.31413612565445026,0.46153846153846156
ccc8ef27-962b4c2d0adf3e00,f0e13442-3615d4e91a6c5bd9,0.31413612565445026,0.46153846153846156
d6fb3b9e-f5435586daf6a49b,f0e13442-3615d4e91a6c5bd9,0.31413612565445026,0.46153846153846156
f2cf6a74-c36cd3e8f935af24,4e5ee0f7-8030183228b7a8d5,0.31399317406143346,0.5609756097560976
480de7be-17d68f699a8fb117,a2cf5634-50a35a847b217df3,0.31393298059964725,0.41203703703703703
f4757480-264ce4d0166e480d,a2cf5634-50a35a847b217df3,0.31393298059964725,0.41203703703703703
1d43139f-a08be36b098f0971,ef1d196b-c6903a1f95200b39,0.31390134529147984,0.5303030303030303
54488276-f24b9e883d548563,0ea5a836-8314c5dfb34c8bab,0.31382978723404253,0.36875
585af783-1941371b4a80bb80,54488276-f24b9e883d548563,0.3137254901960784,0.3287671232876712
c4ca2ff3-8002e9fb1de21148,3f939694-111b597776032895,0.3137254901960784,0.547945205479452
ccc8ef27-962b4c2d0adf3e00,ab7507bf-cfb7470e23cb45dc,0.31351351351351353,0.4461538461538462
17e67976-1c13712beab98d62,98950986-d24a1d74ca0bc0c5,0.31351351351351353,0.3625
d6fb3b9e-f5435586daf6a49b,ab7507bf-cfb7470e23cb45dc,0.31351351351351353,0.4461538461538462
a368f345-4f26b824059bf5f9,40cc90ae-a1888e38f4a2438d,0.3134502923976608,0.5583333333333333
656b62de-07e003f6fc62643b,339fdc7f-08ea3facdbf2e797,0.31343283582089554,0.36681222707423583
ed728769-26de3db1e5ddc0f9,01c915a2-b134dfb6a3c23cce,0.31343283582089554,0.4405594405594406
464ad4dd-9978f63cac804e5b,0b04b41e-0b6cb88d7212030e,0.3132530120481928,0.4431818181818182
7279bcb3-0f86b515ba2bd8dd,26ad111c-6f110a9e517fc801,0.3132530120481928,0.35454545454545455
656b62de-07e003f6fc62643b,3c74c140-a93ee473b71ac072,0.3132075471698113,0.3624454148471616
07043d35-d508fb40e7ba58e1,b434c275-276b6ce441c4669e,0.31305903398926654,0.6679389312977099
07043d35-d508fb40e7ba58e1,9399204d-6515f9b4b4661ed8,0.31305903398926654,0.6679389312977099
07043d35-d508fb40e7ba58e1,fdc4f384-81c2afc418e72aef,0.31305903398926654,0.6679389312977099
7a9c69d8-25b66767c6bfef75,585af783-1941371b4a80bb80,0.3130434782608696,0.42857142857142855
6f393cfe-f27eb766dce24503,585af783-1941371b4a80bb80,0.3130434782608696,0.42857142857142855
7814575b-d53f200ab383f03f,86102d81-85b3e078083a5c18,0.3130434782608696,0.43902439024390244
487c9f62-7eec6fd25ec3903d,40132ebc-0eb4e2e2a14b1fc4,0.3130434782608696,0.5217391304347826
76a69f5c-5a0e3ae2a5ff1ef0,d83f74f7-23bcf7dad899d241,0.3128888888888889,0.6353790613718412
7d12d33c-b4c3d5f6730bc23d,3c74c140-a93ee473b71ac072,0.3127413127413127,0.37327188940092165
480de7be-17d68f699a8fb117,732c98a0-5659f20742b2f453,0.31272727272727274,0.39814814814814814
480de7be-17d68f699a8fb117,732c98a0-0117162249c9d715,0.31272727272727274,0.39814814814814814
f4757480-264ce4d0166e480d,732c98a0-5659f20742b2f453,0.31272727272727274,0.39814814814814814
f4757480-264ce4d0166e480d,732c98a0-0117162249c9d715,0.31272727272727274,0.39814814814814814
54488276-f24b9e883d548563,d3415fc5-3d79a0cf6c3df934,0.31266846361185985,0.3625
e5d02e93-9702b854ca246425,01c915a2-b134dfb6a3c23cce,0.3125827814569536,0.4978902953586498
b0a01ee7-a88cb875e376e2ba,9e7551da-8b58fac3a9eaef98,0.3125,0.45454545454545453
b0a01ee7-a88cb875e376e2ba,f0e13442-3615d4e91a6c5bd9,0.3125,0.45454545454545453
e5d02e93-9702b854ca246425,339fdc7f-08ea3facdbf2e797,0.3125,0.35864978902953587
d61f51c5-432a54c5bebe32fa,2a35cd81-0aeb43004eb108dd,0.3123644251626898,0.3287671232876712
8782922d-b6272ba0ec663c70,778c91af-ba102667da83f00a,0.31232876712328766,0.5135135135135135
5449d33c-c3fa056747e67e0b,b185d034-a791a4af4c89854c,0.3122923588039867,0.41964285714285715
175201f9-29a63f3073d1212f,0b04b41e-0b6cb88d7212030e,0.31225296442687744,0.42934782608695654
98950986-d24a1d74ca0bc0c5,1d43139f-a08be36b098f0971,0.31223628691983124,0.3523809523809524
f2cf6a74-c36cd3e8f935af24,6a47e491-9e58b734b00c40ca,0.3120567375886525,0.5365853658536586
15941165-e7a0000e57984fda,40cc90ae-a1888e38f4a2438d,0.311787072243346,0.7068965517241379
1b372750-4ec55bfec37eb837,77448a05-1dfe65e51fa688fd,0.3117338003502627,0.3436293436293436
6be4dcef-d802164d63afa92e,c23278ec-650f3957a6da68ca,0.3116883116883117,0.4235294117647059
35857a5a-8cd2a4bd9f3acd96,8a041ef5-22f968305d57262e,0.3116883116883117,0.3574468085106383
b55888de-ca2300bd54fb3fd5,f2cf6a74-c36cd3e8f935af24,0.3116883116883117,0.3333333333333333
ccc8ef27-962b4c2d0adf3e00,4e5ee0f7-8030183228b7a8d5,0.3115942028985507,0.6615384615384615
d6fb3b9e-f5435586daf6a49b,4e5ee0f7-8030183228b7a8d5,0.3115942028985507,0.6615384615384615
6e7cd58b-9e00f3e11d7fd578,01c915a2-b134dfb6a3c23cce,0.3114754098360656,0.3958333333333333
8532d5ed-e56d613d9e34734b,54488276-f24b9e883d548563,0.31141868512110726,0.3488372093023256
a5d5a95f-106627618ba094d2,778c91af-ba102667da83f00a,0.3113456464379947,0.472
9291ca83-b2b16ed7b0bb365a,b8b08542-ed329a5d344748ed,0.311284046692607,0.6153846153846154
9291ca83-b2b16ed7b0bb365a,d783d815-fcfd47fa9b8bb15b,0.311284046692607,0.6153846153846154
9291ca83-b2b16ed7b0bb365a,d783d815-9c6f6853f561f0ed,0.311284046692607,0.6153846153846154
9291ca83-b2b16ed7b0bb365a,b9595381-1fe2b09ec26b73ed,0.31125827814569534,0.7230769230769231
464ad4dd-9978f63cac804e5b,480de7be-17d68f699a8fb117,0.3112244897959184,0.3465909090909091
464ad4dd-9978f63cac804e5b,f4757480-264ce4d0166e480d,0.3112244897959184,0.3465909090909091
4da08761-2765de8ab5de2a01,35bb6075-720cdb4a7c64c6cd,0.3111111111111111,0.3701923076923077
175201f9-29a63f3073d1212f,b185d034-a791a4af4c89854c,0.3109919571045576,0.31521739130434784
66565156-e830bc6dfc3d34ae,480de7be-17d68f699a8fb117,0.31097560975609756,0.45535714285714285
66565156-e830bc6dfc3d34ae,f4757480-264ce4d0166e480d,0.31097560975609756,0.45535714285714285
f8c99dd0-af74ef9023de52c3,5449d33c-c3fa056747e67e0b,0.31088082901554404,0.37037037037037035
9be0602e-2479557b64cb6cbc,40132ebc-0eb4e2e2a14b1fc4,0.3108320251177394,0.3142857142857143
4e5ee0f7-8030183228b7a8d5,6e7cd58b-9e00f3e11d7fd578,0.31078610603290674,0.4028436018957346
0c9d4def-6a3de0efe209485b,0f14b12d-fee145b04c8d2e7d,0.3107769423558897,0.38509316770186336
55ab9b5d-97aa2decf67ee58c,ab7507bf-cfb7470e23cb45dc,0.3106796116504854,0.37209302325581395
656b62de-07e003f6fc62643b,01c915a2-b134dfb6a3c23cce,0.31057563587684067,0.5065502183406113
656b62de-07e003f6fc62643b,77448a05-1dfe65e51fa688fd,0.31053604436229204,0.36681222707423583
6be4dcef-d802164d63afa92e,fdd41565-d026425f11fe71fd,0.3105022831050228,0.4
1d43139f-a08be36b098f0971,480de7be-17d68f699a8fb117,0.3103448275862069,0.4090909090909091
1d43139f-a08be36b098f0971,f4757480-264ce4d0166e480d,0.3103448275862069,0.4090909090909091
51151974-bb8053de078aa97d,7d12d33c-b4c3d5f6730bc23d,0.3103448275862069,0.4122137404580153
339fdc7f-08ea3facdbf2e797,1f6b81b1-5b2cd71aff307a38,0.3102232667450059,0.42996742671009774
339fdc7f-08ea3facdbf2e797,cfba313d-96627cf80535b35d,0.31019522776572667,0.46579804560260585
7d12d33c-b4c3d5f6730bc23d,ed728769-26de3db1e5ddc0f9,0.3101391650099404,0.35944700460829493
c23278ec-650f3957a6da68ca,40cc90ae-a1888e38f4a2438d,0.31011826544021026,0.8082191780821918
30e0cc81-e37591091c959b0f,d83f74f7-23bcf7dad899d241,0.30996309963099633,0.711864406779661
487c9f62-7eec6fd25ec3903d,7d12d33c-b4c3d5f6730bc23d,0.30985915492957744,0.39855072463768115
c4ca2ff3-8002e9fb1de21148,e5d02e93-9702b854ca246425,0.3096774193548387,0.6575342465753424
0f09b843-a169d06ba2070f2e,a5d5a95f-106627618ba094d2,0.30962343096234307,0.32456140350877194
55ab9b5d-97aa2decf67ee58c,4241f473-734711fff505529f,0.30962343096234307,0.43023255813953487
5449d33c-c3fa056747e67e0b,4e5ee0f7-8030183228b7a8d5,0.30959752321981426,0.44642857142857145
00af3420-6a22b980be3bebb8,b9595381-1fe2b09ec26b73ed,0.30939226519337015,0.448
9e7551da-8b58fac3a9eaef98,30e0cc81-e37591091c959b0f,0.30939226519337015,0.4444444444444444
bdf7bfb2-dc5f2f3e1ffc8032,b9595381-1fe2b09ec26b73ed,0.30939226519337015,0.448
f0e13442-3615d4e91a6c5bd9,30e0cc81-e37591091c959b0f,0.30939226519337015,0.4444444444444444
8cfe3ee0-900555a974d03516,8a041ef5-22f968305d57262e,0.3093220338983051,0.43452380952380953
f38ae053-1cc93e66c41ccafa,40cc90ae-a1888e38f4a2438d,0.30927835051546393,0.5232558139534884
c4ca2ff3-8002e9fb1de21148,fdd41565-d026425f11fe71fd,0.30917874396135264,0.4383561643835616
0f09b843-a169d06ba2070f2e,480de7be-17d68f699a8fb117,0.3090909090909091,0.4473684210526316
0f09b843-a169d06ba2070f2e,f4757480-264ce4d0166e480d,0.3090909090909091,0.4473684210526316
0f14b12d-fee145b04c8d2e7d,a2cf5634-50a35a847b217df3,0.3089983022071307,0.38235294117647056
76a69f5c-5a0e3ae2a5ff1ef0,b434c275-276b6ce441c4669e,0.3089143865842895,0.631768953068592
76a69f5c-5a0e3ae2a5ff1ef0,9399204d-6515f9b4b4661ed8,0.3089143865842895,0.631768953068592
76a69f5c-5a0e3ae2a5ff1ef0,fdc4f384-81c2afc418e72aef,0.3089143865842895,0.631768953068592
d61f51c5-432a54c5bebe32fa,b434c275-276b6ce441c4669e,0.30883720930232555,0.7579908675799086
d61f51c5-432a54c5bebe32fa,9399204d-6515f9b4b4661ed8,0.30883720930232555,0.7579908675799086
d61f51c5-432a54c5bebe32fa,fdc4f384-81c2afc418e72aef,0.30883720930232555,0.7579908675799086
30e0cc81-e37591091c959b0f,9be0602e-2479557b64cb6cbc,0.308529945553539,0.3601694915254237
54488276-f24b9e883d548563,480de7be-17d68f699a8fb117,0.30851063829787234,0.3625
54488276-f24b9e883d548563,f4757480-264ce4d0166e480d,0.30851063829787234,0.3625
3c74c140-a93ee473b71ac072,9be0602e-2479557b64cb6cbc,0.30844155844155846,0.31561461794019935
3088ca9c-f1011bb8e87b3927,487c9f62-7eec6fd25ec3903d,0.308411214953271,0.4342105263157895
c6113c06-d4ec0a6afa4cb16c,4241f473-734711fff505529f,0.30833333333333335,0.42528735632183906
dff5ff0a-4c22ff53e6acbc9b,b434c275-276b6ce441c4669e,0.30833333333333335,0.5377906976744186
dff5ff0a-4c22ff53e6acbc9b,9399204d-6515f9b4b4661ed8,0.30833333333333335,0.5377906976744186
dff5ff0a-4c22ff53e6acbc9b,fdc4f384-81c2afc418e72aef,0.30833333333333335,0.5377906976744186
b185d034-a791a4af4c89854c,8a041ef5-22f968305d57262e,0.30831643002028397,0.4021164021164021
778c91af-ba102667da83f00a,1f6b81b1-5b2cd71aff307a38,0.3082706766917293,0.484251968503937
0c9d4def-6a3de0efe209485b,f4d6d28d-4171a85a7cd99755,0.3081570996978852,0.3167701863354037
0c9d4def-6a3de0efe209485b,4eac0eea-433fe35c66f0896a,0.3081570996978852,0.3167701863354037
4e5ee0f7-8030183228b7a8d5,d3415fc5-3d79a0cf6c3df934,0.3080568720379147,0.3080568720379147
66565156-e830bc6dfc3d34ae,6e7cd58b-9e00f3e11d7fd578,0.3080357142857143,0.6160714285714286
54488276-f24b9e883d548563,3c74c140-a93ee473b71ac072,0.3080260303687636,0.44375
0ea5a836-8314c5dfb34c8bab,01c915a2-b134dfb6a3c23cce,0.3079019073569482,0.5231481481481481
5449d33c-c3fa056747e67e0b,6a47e491-9e58b734b00c40ca,0.3076923076923077,0.42857142857142855
ae4d5b49-62ede50d39b5202a,3b10bd6d-cb4bc04c8307b4f8,0.3076923076923077,0.3384615384615385
07043d35-d508fb40e7ba58e1,01c915a2-b134dfb6a3c23cce,0.3076923076923077,0.4580152671755725
1a6f8b20-46e2136e681f3c6f,487c9f62-7eec6fd25ec3903d,0.3076923076923077,0.40963855421686746
ab7507bf-cfb7470e23cb45dc,40132ebc-0eb4e2e2a14b1fc4,0.3076923076923077,0.5666666666666667
7279bcb3-0f86b515ba2bd8dd,778c91af-ba102667da83f00a,0.3076923076923077,0.509090909090909
4e5ee0f7-8030183228b7a8d5,0f14b12d-fee145b04c8d2e7d,0.30734966592427615,0.32701421800947866
0f14b12d-fee145b04c8d2e7d,40132ebc-0eb4e2e2a14b1fc4,0.30714285714285716,0.36134453781512604
42fe7dd0-ae8f546af908b5fe,d61f51c5-432a54c5bebe32fa,0.30714285714285716,0.7049180327868853
6a47e491-9e58b734b00c40ca,7d12d33c-b4c3d5f6730bc23d,0.3069544364508393,0.32
7a9c69d8-25b66767c6bfef75,08cf0478-cf474a42302061bb,0.3069306930693069,0.36904761904761907
6f393cfe-f27eb766dce24503,08cf0478-cf474a42302061bb,0.3069306930693069,0.36904761904761907
9291ca83-b2b16ed7b0bb365a,8782922d-b6272ba0ec663c70,0.3068181818181818,0.4153846153846154
17e67976-1c13712beab98d62,4685c420-34caaa19b5555fa4,0.3068181818181818,0.3375
0f14b12d-fee145b04c8d2e7d,76a69f5c-5a0e3ae2a5ff1ef0,0.3067961165048544,0.3319327731092437
a368f345-4f26b824059bf5f9,d92c5342-53771e54c54e60c0,0.30676328502415456,0.5291666666666667
17e67976-1c13712beab98d62,1a6f8b20-46e2136e681f3c6f,0.3067484662576687,0.3125
6be4dcef-d802164d63afa92e,35857a5a-8cd2a4bd9f3acd96,0.30625,0.5764705882352941
b185d034-a791a4af4c89854c,480de7be-17d68f699a8fb117,0.30617283950617286,0.328042328042328
b185d034-a791a4af4c89854c,f4757480-264ce4d0166e480d,0.30617283950617286,0.328042328042328
6be4dcef-d802164d63afa92e,8782922d-b6272ba0ec663c70,0.30612244897959184,0.35294117647058826
c6113c06-d4ec0a6afa4cb16c,4685c420-34caaa19b5555fa4,0.30601092896174864,0.3218390804597701
b0a01ee7-a88cb875e376e2ba,b185d034-a791a4af4c89854c,0.3058823529411765,0.5909090909090909
98950986-d24a1d74ca0bc0c5,35857a5a-8cd2a4bd9f3acd96,0.3058823529411765,0.49523809523809526
4241f473-734711fff505529f,dff5ff0a-4c22ff53e6acbc9b,0.3058350100603622,0.49673202614379086
1f6b81b1-5b2cd71aff307a38,b434c275-276b6ce441c4669e,0.3057142857142857,0.39338235294117646
1f6b81b1-5b2cd71aff307a38,9399204d-6515f9b4b4661ed8,0.3057142857142857,0.39338235294117646
1f6b81b1-5b2cd71aff307a38,fdc4f384-81c2afc418e72aef,0.3057142857142857,0.39338235294117646
f8c99dd0-af74ef9023de52c3,86102d81-85b3e078083a5c18,0.3056768558951965,0.43209876543209874
07043d35-d508fb40e7ba58e1,ef1d196b-c6903a1f95200b39,0.3055555555555556,0.33587786259541985
42fe7dd0-ae8f546af908b5fe,1a6f8b20-46e2136e681f3c6f,0.3055555555555556,0.36065573770491804
08cf0478-cf474a42302061bb,2a35cd81-0aeb43004eb108dd,0.3055555555555556,0.4661016949152542
1a6f8b20-46e2136e681f3c6f,ab7507bf-cfb7470e23cb45dc,0.3054187192118227,0.37349397590361444
17e67976-1c13712beab98d62,778c91af-ba102667da83f00a,0.30538922155688625,0.6375
656b62de-07e003f6fc62643b,30e0cc81-e37591091c959b0f,0.3053763440860215,0.31004366812227074
464ad4dd-9978f63cac804e5b,7d12d33c-b4c3d5f6730bc23d,0.3053435114503817,0.3409090909090909
6be4dcef-d802164d63afa92e,30e0cc81-e37591091c959b0f,0.3052959501557632,0.5764705882352941
9291ca83-b2b16ed7b0bb365a,00af3420-6a22b980be3bebb8,0.30526315789473685,0.4461538461538462
9291ca83-b2b16ed7b0bb365a,bdf7bfb2-dc5f2f3e1ffc8032,0.30526315789473685,0.4461538461538462
732c98a0-5659f20742b2f453,1f6b81b1-5b2cd71aff307a38,0.3052391799544419,0.40119760479041916
732c98a0-0117162249c9d715,1f6b81b1-5b2cd71aff307a38,0.3052391799544419,0.40119760479041916
d3a0b8d2-95a57759ca7f4494,b185d034-a791a4af4c89854c,0.30522088353413657,0.6333333333333333
00af3420-6a22b980be3bebb8,3c74c140-a93ee473b71ac072,0.3051643192488263,0.52
b9595381-1fe2b09ec26b73ed,40cc90ae-a1888e38f4a2438d,0.3051643192488263,0.5485232067510548
bdf7bfb2-dc5f2f3e1ffc8032,3c74c140-a93ee473b71ac072,0.3051643192488263,0.52
66565156-e830bc6dfc3d34ae,2a35cd81-0aeb43004eb108dd,0.3050847457627119,0.48214285714285715
07043d35-d508fb40e7ba58e1,9be0602e-2479557b64cb6cbc,0.3050259965337955,0.33587786259541985
26ad111c-6f110a9e517fc801,339fdc7f-08ea3facdbf2e797,0.30493273542600896,0.4892086330935252
6be4dcef-d802164d63afa92e,487c9f62-7eec6fd25ec3903d,0.30493273542600896,0.4
8782922d-b6272ba0ec663c70,7d12d33c-b4c3d5f6730bc23d,0.3048780487804878,0.45045045045045046
3088ca9c-f1011bb8e87b3927,fdd41565-d026425f11fe71fd,0.3047619047619048,0.42105263157894735
f8c99dd0-af74ef9023de52c3,8532d5ed-e56d613d9e34734b,0.3047619047619048,0.3950617283950617
ccc8ef27-962b4c2d0adf3e00,b9595381-1fe2b09ec26b73ed,0.304635761589404,0.7076923076923077
d6fb3b9e-f5435586daf6a49b,b9595381-1fe2b09ec26b73ed,0.304635761589404,0.7076923076923077
7d12d33c-b4c3d5f6730bc23d,9be0602e-2479557b64cb6cbc,0.30451127819548873,0.37327188940092165
4e5ee0f7-8030183228b7a8d5,480de7be-17d68f699a8fb117,0.3044496487119438,0.3080568720379147
4e5ee0f7-8030183228b7a8d5,f4757480-264ce4d0166e480d,0.3044496487119438,0.3080568720379147
7a9c69d8-25b66767c6bfef75,c23278ec-650f3957a6da68ca,0.30434782608695654,0.4166666666666667
6f393cfe-f27eb766dce24503,c23278ec-650f3957a6da68ca,0.30434782608695654,0.4166666666666667
98950986-d24a1d74ca0bc0c5,00af3420-6a22b980be3bebb8,0.30434782608695654,0.3333333333333333
f2cf6a74-c36cd3e8f935af24,97a7fab5-c8910bb2ec5c2935,0.30434782608695654,0.4268292682926829
8a858867-b9bbeece66de3f0d,b185d034-a791a4af4c89854c,0.30434782608695654,0.3684210526315789
98950986-d24a1d74ca0bc0c5,bdf7bfb2-dc5f2f3e1ffc8032,0.30434782608695654,0.3333333333333333
8782922d-b6272ba0ec663c70,6e7cd58b-9e00f3e11d7fd578,0.3042505592841163,0.6126126126126126
fdd41565-d026425f11fe71fd,339fdc7f-08ea3facdbf2e797,0.30385487528344673,0.5
b0a01ee7-a88cb875e376e2ba,a5d5a95f-106627618ba094d2,0.3036649214659686,0.4393939393939394
480de7be-17d68f699a8fb117,dff5ff0a-4c22ff53e6acbc9b,0.30357142857142855,0.39351851851851855
7279bcb3-0f86b515ba2bd8dd,0f09b843-a169d06ba2070f2e,0.30357142857142855,0.3090909090909091
0f14b12d-fee145b04c8d2e7d,0b04b41e-0b6cb88d7212030e,0.30357142857142855,0.35714285714285715
f4757480-264ce4d0166e480d,dff5ff0a-4c22ff53e6acbc9b,0.30357142857142855,0.39351851851851855
9be0602e-2479557b64cb6cbc,d92c5342-53771e54c54e60c0,0.3034330011074197,0.43492063492063493
5449d33c-c3fa056747e67e0b,76a69f5c-5a0e3ae2a5ff1ef0,0.3033419023136247,0.5267857142857143
9291ca83-b2b16ed7b0bb365a,585af783-1941371b4a80bb80,0.3033175355450237,0.49230769230769234
26ad111c-6f110a9e517fc801,b9595381-1fe2b09ec26b73ed,0.30319148936170215,0.41007194244604317
17e67976-1c13712beab98d62,7d12d33c-b4c3d5f6730bc23d,0.30303030303030304,0.5625
480de7be-17d68f699a8fb117,77448a05-1dfe65e51fa688fd,0.30303030303030304,0.37037037037037035
f4757480-264ce4d0166e480d,77448a05-1dfe65e51fa688fd,0.30303030303030304,0.37037037037037035
0f09b843-a169d06ba2070f2e,f4d6d28d-4171a85a7cd99755,0.3028169014084507,0.37719298245614036
0f09b843-a169d06ba2070f2e,4eac0eea-433fe35c66f0896a,0.3028169014084507,0.37719298245614036
4241f473-734711fff505529f,7d12d33c-b4c3d5f6730bc23d,0.3027027027027027,0.3660130718954248
c6113c06-d4ec0a6afa4cb16c,46bde295-e51fa6bd867e4ba5,0.3027027027027027,0.3218390804597701
ae4d5b49-62ede50d39b5202a,c6113c06-d4ec0a6afa4cb16c,0.3026315789473684,0.35384615384615387
86102d81-85b3e078083a5c18,656b62de-07e003f6fc62643b,0.30238726790450926,0.38513513513513514
97a7fab5-c8910bb2ec5c2935,656b62de-07e003f6fc62643b,0.30238726790450926,0.38513513513513514
8782922d-b6272ba0ec663c70,0f09b843-a169d06ba2070f2e,0.3022222222222222,0.3063063063063063
464ad4dd-9978f63cac804e5b,4da08761-2765de8ab5de2a01,0.3020833333333333,0.32954545454545453
7a9c69d8-25b66767c6bfef75,0c9d4def-6a3de0efe209485b,0.3020408163265306,0.44047619047619047
6f393cfe-f27eb766dce24503,0c9d4def-6a3de0efe209485b,0.3020408163265306,0.44047619047619047
1a6f8b20-46e2136e681f3c6f,35857a5a-8cd2a4bd9f3acd96,0.3018867924528302,0.5783132530120482
c23278ec-650f3957a6da68ca,b8b08542-ed329a5d344748ed,0.30177514792899407,0.3493150684931507
c23278ec-650f3957a6da68ca,d783d815-fcfd47fa9b8bb15b,0.30177514792899407,0.3493150684931507
c23278ec-650f3957a6da68ca,d783d815-9c6f6853f561f0ed,0.30177514792899407,0.3493150684931507
00af3420-6a22b980be3bebb8,23594fdf-bc29e3c145f03caa,0.30158730158730157,0.304
0c9d4def-6a3de0efe209485b,7d12d33c-b4c3d5f6730bc23d,0.30158730158730157,0.35403726708074534
bdf7bfb2-dc5f2f3e1ffc8032,23594fdf-bc29e3c145f03caa,0.30158730158730157,0.304
0f14b12d-fee145b04c8d2e7d,ed728769-26de3db1e5ddc0f9,0.3015267175572519,0.3319327731092437
66565156-e830bc6dfc3d34ae,54488276-f24b9e883d548563,0.3014705882352941,0.36607142857142855
a5d5a95f-106627618ba094d2,f6ed6826-065d31f19f562fcc,0.3013698630136986,0.44
f8c99dd0-af74ef9023de52c3,4e5ee0f7-8030183228b7a8d5,0.3013698630136986,0.5432098765432098
480de7be-17d68f699a8fb117,2a35cd81-0aeb43004eb108dd,0.30131004366812225,0.3194444444444444
f4757480-264ce4d0166e480d,2a35cd81-0aeb43004eb108dd,0.30131004366812225,0.3194444444444444
4685c420-34caaa19b5555fa4,480de7be-17d68f699a8fb117,0.30128205128205127,0.4895833333333333
4685c420-34caaa19b5555fa4,f4757480-264ce4d0166e480d,0.30128205128205127,0.4895833333333333
0f14b12d-fee145b04c8d2e7d,a368f345-4f26b824059bf5f9,0.301255230125523,0.3025210084033613
f7a0ea6d-b8e74e9785d59e88,15941165-e7a0000e57984fda,0.301255230125523,0.5538461538461539
07043d35-d508fb40e7ba58e1,cfba313d-96627cf80535b35d,0.3010262257696693,0.5038167938931297
0f14b12d-fee145b04c8d2e7d,f665e87b-932fba185362154d,0.300990099009901,0.31932773109243695
0f14b12d-fee145b04c8d2e7d,f665e87b-f01b7cfb37168ad5,0.300990099009901,0.31932773109243695
d3a0b8d2-95a57759ca7f4494,585af783-1941371b4a80bb80,0.30097087378640774,0.5166666666666667
f2cf6a74-c36cd3e8f935af24,e5d02e93-9702b854ca246425,0.30094043887147337,0.5853658536585366
66565156-e830bc6dfc3d34ae,0f09b843-a169d06ba2070f2e,0.3008849557522124,0.30357142857142855
ae4d5b49-62ede50d39b5202a,0c9d4def-6a3de0efe209485b,0.3008849557522124,0.5230769230769231
46bde295-e51fa6bd867e4ba5,8cfe3ee0-900555a974d03516,0.3007518796992481,0.40816326530612246
b0a01ee7-a88cb875e376e2ba,23594fdf-bc29e3c145f03caa,0.3005181347150259,0.4393939393939394
7814575b-d53f200ab383f03f,51151974-bb8053de078aa97d,0.3004694835680751,0.3902439024390244
9291ca83-b2b16ed7b0bb365a,97a7fab5-c8910bb2ec5c2935,0.3004694835680751,0.49230769230769234
b185d034-a791a4af4c89854c,e5d02e93-9702b854ca246425,0.3004694835680751,0.3386243386243386
98950986-d24a1d74ca0bc0c5,86102d81-85b3e078083a5c18,0.30039525691699603,0.3619047619047619
f2cf6a74-c36cd3e8f935af24,d3415fc5-3d79a0cf6c3df934,0.3003412969283277,0.5365853658536586
175201f9-29a63f3073d1212f,656b62de-07e003f6fc62643b,0.30024213075060535,0.33695652173913043
b8b08542-ed329a5d344748ed,3c74c140-a93ee473b71ac072,0.3002028397565923,0.3854166666666667
d783d815-fcfd47fa9b8bb15b,3c74c140-a93ee473b71ac072,0.3002028397565923,0.3854166666666667
d783d815-9c6f6853f561f0ed,3c74c140-a93ee473b71ac072,0.3002028397565923,0.3854166666666667
f665e87b-932fba185362154d,ed728769-26de3db1e5ddc0f9,0.30018083182640143,0.31086142322097376
f665e87b-f01b7cfb37168ad5,ed728769-26de3db1e5ddc0f9,0.30018083182640143,0.31086142322097376
b0a01ee7-a88cb875e376e2ba,0f09b843-a169d06ba2070f2e,0.3,0.4090909090909091
ccc8ef27-962b4c2d0adf3e00,35857a5a-8cd2a4bd9f3acd96,0.3,0.6923076923076923
66565156-e830bc6dfc3d34ae,4da08761-2765de8ab5de2a01,0.3,0.42857142857142855
d6fb3b9e-f5435586daf6a49b,35857a5a-8cd2a4bd9f3acd96,0.3,0.6923076923076923
4da08761-2765de8ab5de2a01,d61f51c5-432a54c5bebe32fa,0.2997658079625293,0.3076923076923077
4685c420-34caaa19b5555fa4,51151974-bb8053de078aa97d,0.29955947136563876,0.3541666666666667
e5d02e93-9702b854ca246425,dff5ff0a-4c22ff53e6acbc9b,0.29948364888123924,0.3670886075949367
5449d33c-c3fa056747e67e0b,2a35cd81-0aeb43004eb108dd,0.2994350282485876,0.4732142857142857
0f09b843-a169d06ba2070f2e,6a47e491-9e58b734b00c40ca,0.29936305732484075,0.41228070175438597
ed728769-26de3db1e5ddc0f9,40132ebc-0eb4e2e2a14b1fc4,0.2993421052631579,0.3181818181818182
ae4d5b49-62ede50d39b5202a,f2cf6a74-c36cd3e8f935af24,0.29931972789115646,0.3384615384615385
ab7507bf-cfb7470e23cb45dc,3c74c140-a93ee473b71ac072,0.2992874109263658,0.525
f4d6d28d-4171a85a7cd99755,4e5ee0f7-8030183228b7a8d5,0.2992125984251969,0.3352941176470588
23594fdf-bc29e3c145f03caa,778c91af-ba102667da83f00a,0.2992125984251969,0.44881889763779526
4eac0eea-433fe35c66f0896a,4e5ee0f7-8030183228b7a8d5,0.2992125984251969,0.3352941176470588
585af783-1941371b4a80bb80,0b04b41e-0b6cb88d7212030e,0.29914529914529914,0.4794520547945205
55ab9b5d-97aa2decf67ee58c,86102d81-85b3e078083a5c18,0.29914529914529914,0.4069767441860465
b185d034-a791a4af4c89854c,d61f51c5-432a54c5bebe32fa,0.29901960784313725,0.32275132275132273
fdd41565-d026425f11fe71fd,778c91af-ba102667da83f00a,0.29896907216494845,0.43283582089552236
0ea5a836-8314c5dfb34c8bab,d83f74f7-23bcf7dad899d241,0.29887218045112784,0.7361111111111112
5449d33c-c3fa056747e67e0b,480de7be-17d68f699a8fb117,0.29878048780487804,0.4375
5449d33c-c3fa056747e67e0b,f4757480-264ce4d0166e480d,0.29878048780487804,0.4375
2a35cd81-0aeb43004eb108dd,cfba313d-96627cf80535b35d,0.29871645274212366,0.5289256198347108
6018974f-796cead4caace323,55ab9b5d-97aa2decf67ee58c,0.2987012987012987,0.3382352941176471
f8c99dd0-af74ef9023de52c3,ab7507bf-cfb7470e23cb45dc,0.29850746268656714,0.37037037037037035
d3415fc5-3d79a0cf6c3df934,0f14b12d-fee145b04c8d2e7d,0.2984409799554566,0.3175355450236967
d61f51c5-432a54c5bebe32fa,dff5ff0a-4c22ff53e6acbc9b,0.2984014209591474,0.3835616438356164
b55888de-ca2300bd54fb3fd5,464ad4dd-9978f63cac804e5b,0.29838709677419356,0.5138888888888888
b8b08542-ed329a5d344748ed,b9595381-1fe2b09ec26b73ed,0.29836829836829837,0.3333333333333333
d783d815-fcfd47fa9b8bb15b,b9595381-1fe2b09ec26b73ed,0.29836829836829837,0.3333333333333333
d783d815-9c6f6853f561f0ed,b9595381-1fe2b09ec26b73ed,0.29836829836829837,0.3333333333333333
f2cf6a74-c36cd3e8f935af24,35bb6075-720cdb4a7c64c6cd,0.2981029810298103,0.6707317073170732
15941165-e7a0000e57984fda,1f6b81b1-5b2cd71aff307a38,0.298050139275766,0.6149425287356322
175201f9-29a63f3073d1212f,40cc90ae-a1888e38f4a2438d,0.2978723404255319,0.6467391304347826
3088ca9c-f1011bb8e87b3927,66565156-e830bc6dfc3d34ae,0.2978723404255319,0.3684210526315789
76a69f5c-5a0e3ae2a5ff1ef0,ef1d196b-c6903a1f95200b39,0.29780033840947545,0.3176895306859206
f6ed6826-065d31f19f562fcc,8a041ef5-22f968305d57262e,0.2977941176470588,0.3375
c4ca2ff3-8002e9fb1de21148,0ea5a836-8314c5dfb34c8bab,0.2975778546712803,0.589041095890411
15941165-e7a0000e57984fda,b185d034-a791a4af4c89854c,0.2975206611570248,0.3103448275862069
17e67976-1c13712beab98d62,b185d034-a791a4af4c89854c,0.29739776951672864,0.5
7279bcb3-0f86b515ba2bd8dd,5449d33c-c3fa056747e67e0b,0.2972972972972973,0.3
54488276-f24b9e883d548563,b9595381-1fe2b09ec26b73ed,0.2972292191435768,0.36875
f4d6d28d-4171a85a7cd99755,778c91af-ba102667da83f00a,0.2971698113207547,0.37058823529411766
4eac0eea-433fe35c66f0896a,778c91af-ba102667da83f00a,0.2971698113207547,0.37058823529411766
8cfe3ee0-900555a974d03516,480de7be-17d68f699a8fb117,0.296875,0.3392857142857143
8cfe3ee0-900555a974d03516,f4757480-264ce4d0166e480d,0.296875,0.3392857142857143
7814575b-d53f200ab383f03f,15941165-e7a0000e57984fda,0.296875,0.4634146341463415
b55888de-ca2300bd54fb3fd5,4e5ee0f7-8030183228b7a8d5,0.2968197879858657,0.5833333333333334
98950986-d24a1d74ca0bc0c5,51151974-bb8053de078aa97d,0.2966101694915254,0.3333333333333333
f38ae053-1cc93e66c41ccafa,d83f74f7-23bcf7dad899d241,0.2965641952983725,0.6356589147286822
f2cf6a74-c36cd3e8f935af24,35857a5a-8cd2a4bd9f3acd96,0.29652996845425866,0.573170731707317
3f939694-111b597776032895,480de7be-17d68f699a8fb117,0.2964824120603015,0.3241758241758242
3f939694-111b597776032895,f4757480-264ce4d0166e480d,0.2964824120603015,0.3241758241758242
4da08761-2765de8ab5de2a01,40cc90ae-a1888e38f4a2438d,0.29647630619684084,0.5865384615384616
656b62de-07e003f6fc62643b,76a69f5c-5a0e3ae2a5ff1ef0,0.2964426877470356,0.32751091703056767
f4d6d28d-4171a85a7cd99755,07043d35-d508fb40e7ba58e1,0.2962962962962963,0.3764705882352941
4eac0eea-433fe35c66f0896a,07043d35-d508fb40e7ba58e1,0.2962962962962963,0.3764705882352941
1a6f8b20-46e2136e681f3c6f,8a858867-b9bbeece66de3f0d,0.2962962962962963,0.3855421686746988
8cfe3ee0-900555a974d03516,e5d02e93-9702b854ca246425,0.2962962962962963,0.35714285714285715
46bde295-e51fa6bd867e4ba5,00af3420-6a22b980be3bebb8,0.29596412556053814,0.336734693877551
46bde295-e51fa6bd867e4ba5,bdf7bfb2-dc5f2f3e1ffc8032,0.29596412556053814,0.336734693877551
98950986-d24a1d74ca0bc0c5,08cf0478-cf474a42302061bb,0.29596412556053814,0.3142857142857143
5449d33c-c3fa056747e67e0b,339fdc7f-08ea3facdbf2e797,0.29594272076372313,0.5535714285714286
46bde295-e51fa6bd867e4ba5,f665e87b-932fba185362154d,0.2958904109589041,0.5510204081632653
23594fdf-bc29e3c145f03caa,0f14b12d-fee145b04c8d2e7d,0.2958904109589041,0.4251968503937008
46bde295-e51fa6bd867e4ba5,f665e87b-f01b7cfb37168ad5,0.2958904109589041,0.5510204081632653
4e5ee0f7-8030183228b7a8d5,2a35cd81-0aeb43004eb108dd,0.2958057395143488,0.3175355450236967
c4ca2ff3-8002e9fb1de21148,175201f9-29a63f3073d1212f,0.29571984435797666,0.5205479452054794
7d12d33c-b4c3d5f6730bc23d,40cc90ae-a1888e38f4a2438d,0.2956730769230769,0.5668202764976958
51151974-bb8053de078aa97d,54488276-f24b9e883d548563,0.29553264604810997,0.3282442748091603
3b10bd6d-cb4bc04c8307b4f8,46bde295-e51fa6bd867e4ba5,0.29545454545454547,0.3333333333333333
b185d034-a791a4af4c89854c,77448a05-1dfe65e51fa688fd,0.2954091816367265,0.3915343915343915
9e7551da-8b58fac3a9eaef98,f6ed6826-065d31f19f562fcc,0.29508196721311475,0.42857142857142855
46bde295-e51fa6bd867e4ba5,585af783-1941371b4a80bb80,0.29508196721311475,0.3673469387755102
f0e13442-3615d4e91a6c5bd9,f6ed6826-065d31f19f562fcc,0.29508196721311475,0.42857142857142855
1a6f8b20-46e2136e681f3c6f,0c9d4def-6a3de0efe209485b,0.29508196721311475,0.43373493975903615
35857a5a-8cd2a4bd9f3acd96,ef1d196b-c6903a1f95200b39,0.29508196721311475,0.3446808510638298
54488276-f24b9e883d548563,a368f345-4f26b824059bf5f9,0.295,0.36875
98950986-d24a1d74ca0bc0c5,5449d33c-c3fa056747e67e0b,0.29493087557603687,0.3047619047619048
e5d02e93-9702b854ca246425,d83f74f7-23bcf7dad899d241,0.29493087557603687,0.6751054852320675
8a858867-b9bbeece66de3f0d,f6ed6826-065d31f19f562fcc,0.2949061662198391,0.41353383458646614
30e0cc81-e37591091c959b0f,b434c275-276b6ce441c4669e,0.2948717948717949,0.6822033898305084
4685c420-34caaa19b5555fa4,0ea5a836-8314c5dfb34c8bab,0.2948717948717949,0.4791666666666667
30e0cc81-e37591091c959b0f,9399204d-6515f9b4b4661ed8,0.2948717948717949,0.6822033898305084
30e0cc81-e37591091c959b0f,fdc4f384-81c2afc418e72aef,0.2948717948717949,0.6822033898305084
0ea5a836-8314c5dfb34c8bab,ed728769-26de3db1e5ddc0f9,0.2948207171314741,0.3425925925925926
3c74c140-a93ee473b71ac072,cfba313d-96627cf80535b35d,0.29475982532751094,0.4485049833887043
b0a01ee7-a88cb875e376e2ba,d61f51c5-432a54c5bebe32fa,0.29473684210526313,0.6363636363636364
8a041ef5-22f968305d57262e,732c98a0-5659f20742b2f453,0.2946708463949843,0.3092105263157895
8a041ef5-22f968305d57262e,732c98a0-0117162249c9d715,0.2946708463949843,0.3092105263157895
3088ca9c-f1011bb8e87b3927,86102d81-85b3e078083a5c18,0.29464285714285715,0.4342105263157895
0f09b843-a169d06ba2070f2e,732c98a0-5659f20742b2f453,0.29464285714285715,0.5789473684210527
0f09b843-a169d06ba2070f2e,732c98a0-0117162249c9d715,0.29464285714285715,0.5789473684210527
f2cf6a74-c36cd3e8f935af24,464ad4dd-9978f63cac804e5b,0.29457364341085274,0.4634146341463415
42fe7dd0-ae8f546af908b5fe,45e41c6d-14603621c555c558,0.29457364341085274,0.3114754098360656
3088ca9c-f1011bb8e87b3927,480de7be-17d68f699a8fb117,0.2945205479452055,0.5657894736842105
3088ca9c-f1011bb8e87b3927,f4757480-264ce4d0166e480d,0.2945205479452055,0.5657894736842105
ae4d5b49-62ede50d39b5202a,46bde295-e51fa6bd867e4ba5,0.294478527607362,0.36923076923076925
6be4dcef-d802164d63afa92e,66565156-e830bc6dfc3d34ae,0.29441624365482233,0.3411764705882353
3f939694-111b597776032895,d61f51c5-432a54c5bebe32fa,0.2942643391521197,0.3241758241758242
ccc8ef27-962b4c2d0adf3e00,26ad111c-6f110a9e517fc801,0.29411764705882354,0.46153846153846156
d6fb3b9e-f5435586daf6a49b,26ad111c-6f110a9e517fc801,0.29411764705882354,0.46153846153846156
2a35cd81-0aeb43004eb108dd,40cc90ae-a1888e38f4a2438d,0.294049008168028,0.5206611570247934
2a35cd81-0aeb43004eb108dd,d92c5342-53771e54c54e60c0,0.29397590361445786,0.5041322314049587
3f939694-111b597776032895,f6ed6826-065d31f19f562fcc,0.2938388625592417,0.34065934065934067
487c9f62-7eec6fd25ec3903d,3f939694-111b597776032895,0.29375,0.34057971014492755
00af3420-6a22b980be3bebb8,30e0cc81-e37591091c959b0f,0.29362880886426596,0.424
bdf7bfb2-dc5f2f3e1ffc8032,30e0cc81-e37591091c959b0f,0.29362880886426596,0.424
35857a5a-8cd2a4bd9f3acd96,dff5ff0a-4c22ff53e6acbc9b,0.29360967184801384,0.3617021276595745
0f09b843-a169d06ba2070f2e,40132ebc-0eb4e2e2a14b1fc4,0.29357798165137616,0.5614035087719298
f7a0ea6d-b8e74e9785d59e88,4241f473-734711fff505529f,0.29357798165137616,0.49230769230769234
8532d5ed-e56d613d9e34734b,ef1d196b-c6903a1f95200b39,0.29345372460496616,0.5038759689922481
23594fdf-bc29e3c145f03caa,1d43139f-a08be36b098f0971,0.29343629343629346,0.2992125984251969
e5d02e93-9702b854ca246425,40132ebc-0eb4e2e2a14b1fc4,0.29338103756708406,0.3459915611814346
1a6f8b20-46e2136e681f3c6f,7d12d33c-b4c3d5f6730bc23d,0.29333333333333333,0.5301204819277109
656b62de-07e003f6fc62643b,07043d35-d508fb40e7ba58e1,0.29327902240325865,0.314410480349345
98950986-d24a1d74ca0bc0c5,30e0cc81-e37591091c959b0f,0.2932551319648094,0.47619047619047616
98950986-d24a1d74ca0bc0c5,0c9d4def-6a3de0efe209485b,0.2932330827067669,0.37142857142857144
d61f51c5-432a54c5bebe32fa,01c915a2-b134dfb6a3c23cce,0.2930800542740841,0.4931506849315068
7d12d33c-b4c3d5f6730bc23d,6e7cd58b-9e00f3e11d7fd578,0.29294755877034356,0.37327188940092165
4da08761-2765de8ab5de2a01,76a69f5c-5a0e3ae2a5ff1ef0,0.2927835051546392,0.34134615384615385
f8c99dd0-af74ef9023de52c3,1a6f8b20-46e2136e681f3c6f,0.2926829268292683,0.2962962962962963
9e7551da-8b58fac3a9eaef98,480de7be-17d68f699a8fb117,0.29239766081871343,0.3968253968253968
9e7551da-8b58fac3a9eaef98,f4757480-264ce4d0166e480d,0.29239766081871343,0.3968253968253968
f0e13442-3615d4e91a6c5bd9,480de7be-17d68f699a8fb117,0.29239766081871343,0.3968253968253968
fdd41565-d026425f11fe71fd,4da08761-2765de8ab5de2a01,0.29239766081871343,0.373134328358209
f0e13442-3615d4e91a6c5bd9,f4757480-264ce4d0166e480d,0.29239766081871343,0.3968253968253968
8782922d-b6272ba0ec663c70,0f14b12d-fee145b04c8d2e7d,0.2922636103151863,0.4594594594594595
42fe7dd0-ae8f546af908b5fe,778c91af-ba102667da83f00a,0.2920634920634921,0.7540983606557377
a5d5a95f-106627618ba094d2,0f14b12d-fee145b04c8d2e7d,0.29201101928374656,0.424
f2cf6a74-c36cd3e8f935af24,f6ed6826-065d31f19f562fcc,0.2919254658385093,0.573170731707317
7814575b-d53f200ab383f03f,a368f345-4f26b824059bf5f9,0.2919254658385093,0.573170731707317
ccc8ef27-962b4c2d0adf3e00,0ea5a836-8314c5dfb34c8bab,0.2918149466192171,0.6307692307692307
d6fb3b9e-f5435586daf6a49b,0ea5a836-8314c5dfb34c8bab,0.2918149466192171,0.6307692307692307
3b10bd6d-cb4bc04c8307b4f8,0f09b843-a169d06ba2070f2e,0.2916666666666667,0.358974358974359
f2cf6a74-c36cd3e8f935af24,778c91af-ba102667da83f00a,0.2916666666666667,0.5975609756097561
77448a05-1dfe65e51fa688fd,01c915a2-b134dfb6a3c23cce,0.29156626506024097,0.38782051282051283
7a9c69d8-25b66767c6bfef75,4e5ee0f7-8030183228b7a8d5,0.29152542372881357,0.5119047619047619
6f393cfe-f27eb766dce24503,4e5ee0f7-8030183228b7a8d5,0.29152542372881357,0.5119047619047619
c6113c06-d4ec0a6afa4cb16c,66565156-e830bc6dfc3d34ae,0.2914572864321608,0.3333333333333333
4685c420-34caaa19b5555fa4,778c91af-ba102667da83f00a,0.2914285714285714,0.53125
51151974-bb8053de078aa97d,0b04b41e-0b6cb88d7212030e,0.2913907284768212,0.5038167938931297
45e41c6d-14603621c555c558,1a6f8b20-46e2136e681f3c6f,0.2913907284768212,0.3235294117647059
f7a0ea6d-b8e74e9785d59e88,55ab9b5d-97aa2decf67ee58c,0.2913907284768212,0.3384615384615385
487c9f62-7eec6fd25ec3903d,0b04b41e-0b6cb88d7212030e,0.29130434782608694,0.4855072463768116
00af3420-6a22b980be3bebb8,35bb6075-720cdb4a7c64c6cd,0.2912621359223301,0.48
4e5ee0f7-8030183228b7a8d5,8a041ef5-22f968305d57262e,0.2912621359223301,0.35545023696682465
45e41c6d-14603621c555c558,487c9f62-7eec6fd25ec3903d,0.2912621359223301,0.4411764705882353
b55888de-ca2300bd54fb3fd5,b9595381-1fe2b09ec26b73ed,0.2912621359223301,0.625
bdf7bfb2-dc5f2f3e1ffc8032,35bb6075-720cdb4a7c64c6cd,0.2912621359223301,0.48
66565156-e830bc6dfc3d34ae,339fdc7f-08ea3facdbf2e797,0.2911694510739857,0.5446428571428571
4241f473-734711fff505529f,f4d6d28d-4171a85a7cd99755,0.29102167182662536,0.30718954248366015
4241f473-734711fff505529f,4eac0eea-433fe35c66f0896a,0.29102167182662536,0.30718954248366015
0b04b41e-0b6cb88d7212030e,1f6b81b1-5b2cd71aff307a38,0.2909930715935335,0.391304347826087
6e7cd58b-9e00f3e11d7fd578,1f6b81b1-5b2cd71aff307a38,0.2909090909090909,0.38095238095238093
3b10bd6d-cb4bc04c8307b4f8,c6113c06-d4ec0a6afa4cb16c,0.2909090909090909,0.3076923076923077
15941165-e7a0000e57984fda,d3415fc5-3d79a0cf6c3df934,0.2909090909090909,0.3218390804597701
86102d81-85b3e078083a5c18,b185d034-a791a4af4c89854c,0.29080118694362017,0.3310810810810811
46bde295-e51fa6bd867e4ba5,175201f9-29a63f3073d1212f,0.2907801418439716,0.41836734693877553
f665e87b-932fba185362154d,8a041ef5-22f968305d57262e,0.29071803852889666,0.31086142322097376
f665e87b-f01b7cfb37168ad5,8a041ef5-22f968305d57262e,0.29071803852889666,0.31086142322097376
f4d6d28d-4171a85a7cd99755,15941165-e7a0000e57984fda,0.29069767441860467,0.29411764705882354
4eac0eea-433fe35c66f0896a,15941165-e7a0000e57984fda,0.29069767441860467,0.29411764705882354
c4ca2ff3-8002e9fb1de21148,480de7be-17d68f699a8fb117,0.2906574394463668,0.5753424657534246
f8c99dd0-af74ef9023de52c3,4da08761-2765de8ab5de2a01,0.2906574394463668,0.5185185185185185
c4ca2ff3-8002e9fb1de21148,f4757480-264ce4d0166e480d,0.2906574394463668,0.5753424657534246
23594fdf-bc29e3c145f03caa,464ad4dd-9978f63cac804e5b,0.29042904290429045,0.3464566929133858
656b62de-07e003f6fc62643b,40132ebc-0eb4e2e2a14b1fc4,0.29038112522686027,0.34934497816593885
5449d33c-c3fa056747e67e0b,40132ebc-0eb4e2e2a14b1fc4,0.2903225806451613,0.5625
54488276-f24b9e883d548563,6e7cd58b-9e00f3e11d7fd578,0.2903225806451613,0.45
d3a0b8d2-95a57759ca7f4494,9e7551da-8b58fac3a9eaef98,0.2903225806451613,0.45
45e41c6d-14603621c555c558,08cf0478-cf474a42302061bb,0.2903225806451613,0.39705882352941174
d3a0b8d2-95a57759ca7f4494,f0e13442-3615d4e91a6c5bd9,0.2903225806451613,0.45
54488276-f24b9e883d548563,d61f51c5-432a54c5bebe32fa,0.29023746701846964,0.34375
f2cf6a74-c36cd3e8f935af24,2a35cd81-0aeb43004eb108dd,0.29012345679012347,0.573170731707317
3f939694-111b597776032895,4e5ee0f7-8030183228b7a8d5,0.2900763358778626,0.3131868131868132
2a35cd81-0aeb43004eb108dd,1f6b81b1-5b2cd71aff307a38,0.2900763358778626,0.47107438016528924
8782922d-b6272ba0ec663c70,a2cf5634-50a35a847b217df3,0.29004329004329005,0.6036036036036037
b0a01ee7-a88cb875e376e2ba,fdd41565-d026425f11fe71fd,0.29,0.4393939393939394
480de7be-17d68f699a8fb117,0b04b41e-0b6cb88d7212030e,0.2899628252788104,0.3611111111111111
f4757480-264ce4d0166e480d,0b04b41e-0b6cb88d7212030e,0.2899628252788104,0.3611111111111111
46bde295-e51fa6bd867e4ba5,a368f345-4f26b824059bf5f9,0.28994082840236685,0.5
0f14b12d-fee145b04c8d2e7d,339fdc7f-08ea3facdbf2e797,0.28990825688073396,0.3319327731092437
3088ca9c-f1011bb8e87b3927,6a47e491-9e58b734b00c40ca,0.2898550724637681,0.5263157894736842
45e41c6d-14603621c555c558,c23278ec-650f3957a6da68ca,0.2897196261682243,0.45588235294117646
d3415fc5-3d79a0cf6c3df934,7d12d33c-b4c3d5f6730bc23d,0.2897196261682243,0.2938388625592417
0f09b843-a169d06ba2070f2e,464ad4dd-9978f63cac804e5b,0.2896551724137931,0.3684210526315789
ae4d5b49-62ede50d39b5202a,17e67976-1c13712beab98d62,0.2896551724137931,0.3230769230769231
d3415fc5-3d79a0cf6c3df934,339fdc7f-08ea3facdbf2e797,0.28957528957528955,0.35545023696682465
7814575b-d53f200ab383f03f,585af783-1941371b4a80bb80,0.2894736842105263,0.4024390243902439
6be4dcef-d802164d63afa92e,d61f51c5-432a54c5bebe32fa,0.2894736842105263,0.5176470588235295
17e67976-1c13712beab98d62,0f14b12d-fee145b04c8d2e7d,0.2893081761006289,0.575
00af3420-6a22b980be3bebb8,6a47e491-9e58b734b00c40ca,0.28923076923076924,0.376
bdf7bfb2-dc5f2f3e1ffc8032,6a47e491-9e58b734b00c40ca,0.28923076923076924,0.376
08cf0478-cf474a42302061bb,8a041ef5-22f968305d57262e,0.2890995260663507,0.5169491525423728
6018974f-796cead4caace323,66565156-e830bc6dfc3d34ae,0.28888888888888886,0.38235294117647056
7279bcb3-0f86b515ba2bd8dd,15941165-e7a0000e57984fda,0.2887323943661972,0.37272727272727274
e5d02e93-9702b854ca246425,cfba313d-96627cf80535b35d,0.2887323943661972,0.5189873417721519
45e41c6d-14603621c555c558,9e7551da-8b58fac3a9eaef98,0.28865979381443296,0.4117647058823529
45e41c6d-14603621c555c558,f0e13442-3615d4e91a6c5bd9,0.28865979381443296,0.4117647058823529
45e41c6d-14603621c555c558,b9595381-1fe2b09ec26b73ed,0.28852459016393445,0.6470588235294118
7d12d33c-b4c3d5f6730bc23d,01c915a2-b134dfb6a3c23cce,0.28843537414965986,0.48847926267281105
7a9c69d8-25b66767c6bfef75,35857a5a-8cd2a4bd9f3acd96,0.2884012539184953,0.5476190476190477
6f393cfe-f27eb766dce24503,35857a5a-8cd2a4bd9f3acd96,0.2884012539184953,0.5476190476190477
7814575b-d53f200ab383f03f,8a858867-b9bbeece66de3f0d,0.28837209302325584,0.3780487804878049
f6ed6826-065d31f19f562fcc,b434c275-276b6ce441c4669e,0.28832116788321166,0.6583333333333333
f6ed6826-065d31f19f562fcc,9399204d-6515f9b4b4661ed8,0.28832116788321166,0.6583333333333333
f6ed6826-065d31f19f562fcc,fdc4f384-81c2afc418e72aef,0.28832116788321166,0.6583333333333333
0b04b41e-0b6cb88d7212030e,dff5ff0a-4c22ff53e6acbc9b,0.2882882882882883,0.2981366459627329
3088ca9c-f1011bb8e87b3927,4241f473-734711fff505529f,0.28820960698689957,0.4342105263157895
f4d6d28d-4171a85a7cd99755,175201f9-29a63f3073d1212f,0.288135593220339,0.3
4eac0eea-433fe35c66f0896a,175201f9-29a63f3073d1212f,0.288135593220339,0.3
7814575b-d53f200ab383f03f,0c9d4def-6a3de0efe209485b,0.2880658436213992,0.4268292682926829
45e41c6d-14603621c555c558,3f939694-111b597776032895,0.288,0.5294117647058824
8a858867-b9bbeece66de3f0d,2a35cd81-0aeb43004eb108dd,0.288,0.40601503759398494
f2cf6a74-c36cd3e8f935af24,b185d034-a791a4af4c89854c,0.2878228782287823,0.47560975609756095
a5d5a95f-106627618ba094d2,480de7be-17d68f699a8fb117,0.2873900293255132,0.392
a5d5a95f-106627618ba094d2,f4757480-264ce4d0166e480d,0.2873900293255132,0.392
8a858867-b9bbeece66de3f0d,4da08761-2765de8ab5de2a01,0.2873900293255132,0.3684210526315789
d3a0b8d2-95a57759ca7f4494,0f09b843-a169d06ba2070f2e,0.28735632183908044,0.4166666666666667
c23278ec-650f3957a6da68ca,480de7be-17d68f699a8fb117,0.287292817679558,0.3561643835616438
c23278ec-650f3957a6da68ca,f4757480-264ce4d0166e480d,0.287292817679558,0.3561643835616438
ab7507bf-cfb7470e23cb45dc,76a69f5c-5a0e3ae2a5ff1ef0,0.2871536523929471,0.475
7814575b-d53f200ab383f03f,ab7507bf-cfb7470e23cb45dc,0.2871287128712871,0.35365853658536583
464ad4dd-9978f63cac804e5b,2a35cd81-0aeb43004eb108dd,0.28708133971291866,0.3409090909090909
45e41c6d-14603621c555c558,86102d81-85b3e078083a5c18,0.28703703703703703,0.45588235294117646
5449d33c-c3fa056747e67e0b,732c98a0-5659f20742b2f453,0.28699551569506726,0.5714285714285714
5449d33c-c3fa056747e67e0b,732c98a0-0117162249c9d715,0.28699551569506726,0.5714285714285714
7814575b-d53f200ab383f03f,97a7fab5-c8910bb2ec5c2935,0.28695652173913044,0.4024390243902439
480de7be-17d68f699a8fb117,339fdc7f-08ea3facdbf2e797,0.28680688336520077,0.3472222222222222
f4757480-264ce4d0166e480d,339fdc7f-08ea3facdbf2e797,0.28680688336520077,0.3472222222222222
42fe7dd0-ae8f546af908b5fe,4e5ee0f7-8030183228b7a8d5,0.2867647058823529,0.639344262295082
d3a0b8d2-95a57759ca7f4494,d61f51c5-432a54c5bebe32fa,0.2867383512544803,0.6666666666666666
46bde295-e51fa6bd867e4ba5,0ea5a836-8314c5dfb34c8bab,0.28662420382165604,0.45918367346938777
1a6f8b20-46e2136e681f3c6f,0f14b12d-fee145b04c8d2e7d,0.2866043613707165,0.5542168674698795
9291ca83-b2b16ed7b0bb365a,76a69f5c-5a0e3ae2a5ff1ef0,0.28654970760233917,0.7538461538461538
f2cf6a74-c36cd3e8f935af24,f665e87b-932fba185362154d,0.28653295128939826,0.6097560975609756
7814575b-d53f200ab383f03f,f665e87b-932fba185362154d,0.28653295128939826,0.6097560975609756
f2cf6a74-c36cd3e8f935af24,f665e87b-f01b7cfb37168ad5,0.28653295128939826,0.6097560975609756
7814575b-d53f200ab383f03f,f665e87b-f01b7cfb37168ad5,0.28653295128939826,0.6097560975609756
ab7507bf-cfb7470e23cb45dc,30e0cc81-e37591091c959b0f,0.28651685393258425,0.425
a5d5a95f-106627618ba094d2,40132ebc-0eb4e2e2a14b1fc4,0.28635346756152125,0.512
b185d034-a791a4af4c89854c,ed728769-26de3db1e5ddc0f9,0.2863157894736842,0.35978835978835977
5449d33c-c3fa056747e67e0b,6e7cd58b-9e00f3e11d7fd578,0.2857142857142857,0.5714285714285714
7a9c69d8-25b66767c6bfef75,8a858867-b9bbeece66de3f0d,0.2857142857142857,0.36904761904761907
3b10bd6d-cb4bc04c8307b4f8,c23278ec-650f3957a6da68ca,0.2857142857142857,0.41025641025641024
46bde295-e51fa6bd867e4ba5,6e7cd58b-9e00f3e11d7fd578,0.2857142857142857,0.6326530612244898
3b10bd6d-cb4bc04c8307b4f8,585af783-1941371b4a80bb80,0.2857142857142857,0.41025641025641024
1a6f8b20-46e2136e681f3c6f,86102d81-85b3e078083a5c18,0.2857142857142857,0.39759036144578314
6be4dcef-d802164d63afa92e,480de7be-17d68f699a8fb117,0.2857142857142857,0.5058823529411764
f7a0ea6d-b8e74e9785d59e88,45e41c6d-14603621c555c558,0.2857142857142857,0.2923076923076923
0c9d4def-6a3de0efe209485b,d92c5342-53771e54c54e60c0,0.2857142857142857,0.6645962732919255
6f393cfe-f27eb766dce24503,8a858867-b9bbeece66de3f0d,0.2857142857142857,0.36904761904761907
b55888de-ca2300bd54fb3fd5,7279bcb3-0f86b515ba2bd8dd,0.2857142857142857,0.3611111111111111
175201f9-29a63f3073d1212f,30e0cc81-e37591091c959b0f,0.2857142857142857,0.32608695652173914
42fe7dd0-ae8f546af908b5fe,175201f9-29a63f3073d1212f,0.2857142857142857,0.5737704918032787
26ad111c-6f110a9e517fc801,d3415fc5-3d79a0cf6c3df934,0.2857142857142857,0.3597122302158273
9291ca83-b2b16ed7b0bb365a,4685c420-34caaa19b5555fa4,0.2857142857142857,0.35384615384615387
ab7507bf-cfb7470e23cb45dc,339fdc7f-08ea3facdbf2e797,0.2857142857142857,0.5083333333333333
66565156-e830bc6dfc3d34ae,40132ebc-0eb4e2e2a14b1fc4,0.2857142857142857,0.5535714285714286
f7a0ea6d-b8e74e9785d59e88,4685c420-34caaa19b5555fa4,0.2857142857142857,0.35384615384615387
6be4dcef-d802164d63afa92e,f4757480-264ce4d0166e480d,0.2857142857142857,0.5058823529411764
1a6f8b20-46e2136e681f3c6f,4e5ee0f7-8030183228b7a8d5,0.2857142857142857,0.5060240963855421
0ea5a836-8314c5dfb34c8bab,b434c275-276b6ce441c4669e,0.28544776119402987,0.7083333333333334
0ea5a836-8314c5dfb34c8bab,9399204d-6515f9b4b4661ed8,0.28544776119402987,0.7083333333333334
0ea5a836-8314c5dfb34c8bab,fdc4f384-81c2afc418e72aef,0.28544776119402987,0.7083333333333334
b9595381-1fe2b09ec26b73ed,a368f345-4f26b824059bf5f9,0.2851153039832285,0.2869198312236287
ab7507bf-cfb7470e23cb45dc,35bb6075-720cdb4a7c64c6cd,0.28501228501228504,0.48333333333333334
55ab9b5d-97aa2decf67ee58c,339fdc7f-08ea3facdbf2e797,0.28498727735368956,0.6511627906976745
23594fdf-bc29e3c145f03caa,7d12d33c-b4c3d5f6730bc23d,0.28488372093023256,0.3858267716535433
8a858867-b9bbeece66de3f0d,d3415fc5-3d79a0cf6c3df934,0.28488372093023256,0.3684210526315789
3088ca9c-f1011bb8e87b3927,f6ed6826-065d31f19f562fcc,0.2848101265822785,0.5921052631578947
08cf0478-cf474a42302061bb,f4d6d28d-4171a85a7cd99755,0.2847222222222222,0.3474576271186441
08cf0478-cf474a42302061bb,4eac0eea-433fe35c66f0896a,0.2847222222222222,0.3474576271186441
f6ed6826-065d31f19f562fcc,9be0602e-2479557b64cb6cbc,0.28468468468468466,0.32916666666666666
30e0cc81-e37591091c959b0f,77448a05-1dfe65e51fa688fd,0.2846715328467153,0.3305084745762712
98950986-d24a1d74ca0bc0c5,97a7fab5-c8910bb2ec5c2935,0.2845849802371542,0.34285714285714286
b55888de-ca2300bd54fb3fd5,15941165-e7a0000e57984fda,0.2845528455284553,0.4861111111111111
b8b08542-ed329a5d344748ed,e5d02e93-9702b854ca246425,0.28438228438228436,0.3177083333333333
d783d815-fcfd47fa9b8bb15b,e5d02e93-9702b854ca246425,0.28438228438228436,0.3177083333333333
d783d815-9c6f6853f561f0ed,e5d02e93-9702b854ca246425,0.28438228438228436,0.3177083333333333
3b10bd6d-cb4bc04c8307b4f8,8a858867-b9bbeece66de3f0d,0.2843601895734597,0.38461538461538464
42fe7dd0-ae8f546af908b5fe,8532d5ed-e56d613d9e34734b,0.28421052631578947,0.4426229508196721
15941165-e7a0000e57984fda,b8b08542-ed329a5d344748ed,0.28415300546448086,0.2988505747126437
15941165-e7a0000e57984fda,d783d815-fcfd47fa9b8bb15b,0.28415300546448086,0.2988505747126437
15941165-e7a0000e57984fda,d783d815-9c6f6853f561f0ed,0.28415300546448086,0.2988505747126437
35857a5a-8cd2a4bd9f3acd96,b434c275-276b6ce441c4669e,0.2841429880843263,0.6595744680851063
35857a5a-8cd2a4bd9f3acd96,9399204d-6515f9b4b4661ed8,0.2841429880843263,0.6595744680851063
35857a5a-8cd2a4bd9f3acd96,fdc4f384-81c2afc418e72aef,0.2841429880843263,0.6595744680851063
23594fdf-bc29e3c145f03caa,4e5ee0f7-8030183228b7a8d5,0.28402366863905326,0.3779527559055118
51151974-bb8053de078aa97d,6a47e491-9e58b734b00c40ca,0.283987915407855,0.35877862595419846
7a9c69d8-25b66767c6bfef75,f6ed6826-065d31f19f562fcc,0.2839506172839506,0.5476190476190477
6f393cfe-f27eb766dce24503,f6ed6826-065d31f19f562fcc,0.2839506172839506,0.5476190476190477
b0a01ee7-a88cb875e376e2ba,4685c420-34caaa19b5555fa4,0.2839506172839506,0.3484848484848485
46bde295-e51fa6bd867e4ba5,d61f51c5-432a54c5bebe32fa,0.28391167192429023,0.45918367346938777
15941165-e7a0000e57984fda,cfba313d-96627cf80535b35d,0.28390367553865653,0.6436781609195402
3f939694-111b597776032895,07043d35-d508fb40e7ba58e1,0.28378378378378377,0.34615384615384615
45e41c6d-14603621c555c558,17e67976-1c13712beab98d62,0.28378378378378377,0.3088235294117647
6a47e491-9e58b734b00c40ca,e5d02e93-9702b854ca246425,0.2837528604118993,0.31
8532d5ed-e56d613d9e34734b,35bb6075-720cdb4a7c64c6cd,0.28365384615384615,0.4573643410852713
a5d5a95f-106627618ba094d2,76a69f5c-5a0e3ae2a5ff1ef0,0.2835820895522388,0.456
54488276-f24b9e883d548563,35857a5a-8cd2a4bd9f3acd96,0.28354430379746837,0.35
5449d33c-c3fa056747e67e0b,07043d35-d508fb40e7ba58e1,0.28342245989304815,0.4732142857142857
23594fdf-bc29e3c145f03caa,f6ed6826-065d31f19f562fcc,0.28337874659400547,0.4094488188976378
6a47e491-9e58b734b00c40ca,0f14b12d-fee145b04c8d2e7d,0.2831050228310502,0.31
c4ca2ff3-8002e9fb1de21148,26ad111c-6f110a9e517fc801,0.2830188679245283,0.410958904109589
98950986-d24a1d74ca0bc0c5,b8b08542-ed329a5d344748ed,0.2828282828282828,0.4
55ab9b5d-97aa2decf67ee58c,66565156-e830bc6dfc3d34ae,0.2828282828282828,0.32558139534883723
98950986-d24a1d74ca0bc0c5,d783d815-fcfd47fa9b8bb15b,0.2828282828282828,0.4
98950986-d24a1d74ca0bc0c5,d783d815-9c6f6853f561f0ed,0.2828282828282828,0.4
46bde295-e51fa6bd867e4ba5,b8b08542-ed329a5d344748ed,0.2827586206896552,0.41836734693877553
46bde295-e51fa6bd867e4ba5,d783d815-fcfd47fa9b8bb15b,0.2827586206896552,0.41836734693877553
46bde295-e51fa6bd867e4ba5,d783d815-9c6f6853f561f0ed,0.2827586206896552,0.41836734693877553
d3a0b8d2-95a57759ca7f4494,51151974-bb8053de078aa97d,0.28272251308900526,0.45
3f939694-111b597776032895,6a47e491-9e58b734b00c40ca,0.28272251308900526,0.2967032967032967
9be0602e-2479557b64cb6cbc,0b04b41e-0b6cb88d7212030e,0.282574568288854,0.2857142857142857
35857a5a-8cd2a4bd9f3acd96,d83f74f7-23bcf7dad899d241,0.28254847645429365,0.6510638297872341
42fe7dd0-ae8f546af908b5fe,4da08761-2765de8ab5de2a01,0.2825278810408922,0.6229508196721312
480de7be-17d68f699a8fb117,3c74c140-a93ee473b71ac072,0.28239845261121854,0.33796296296296297
f4757480-264ce4d0166e480d,3c74c140-a93ee473b71ac072,0.28239845261121854,0.33796296296296297
480de7be-17d68f699a8fb117,35bb6075-720cdb4a7c64c6cd,0.2823061630218688,0.3287037037037037
f4757480-264ce4d0166e480d,35bb6075-720cdb4a7c64c6cd,0.2823061630218688,0.3287037037037037
9291ca83-b2b16ed7b0bb365a,464ad4dd-9978f63cac804e5b,0.2821576763485477,0.5230769230769231
23594fdf-bc29e3c145f03caa,b8b08542-ed329a5d344748ed,0.28213166144200624,0.3543307086614173
23594fdf-bc29e3c145f03caa,d783d815-fcfd47fa9b8bb15b,0.28213166144200624,0.3543307086614173
23594fdf-bc29e3c145f03caa,d783d815-9c6f6853f561f0ed,0.28213166144200624,0.3543307086614173
0c9d4def-6a3de0efe209485b,656b62de-07e003f6fc62643b,0.28205128205128205,0.3416149068322981
f2cf6a74-c36cd3e8f935af24,0ea5a836-8314c5dfb34c8bab,0.28187919463087246,0.5121951219512195
b55888de-ca2300bd54fb3fd5,86102d81-85b3e078083a5c18,0.2818181818181818,0.4305555555555556
f38ae053-1cc93e66c41ccafa,1f6b81b1-5b2cd71aff307a38,0.2817955112219451,0.437984496124031
b55888de-ca2300bd54fb3fd5,d61f51c5-432a54c5bebe32fa,0.281786941580756,0.5694444444444444
17e67976-1c13712beab98d62,d3415fc5-3d79a0cf6c3df934,0.281786941580756,0.5125
9e7551da-8b58fac3a9eaef98,339fdc7f-08ea3facdbf2e797,0.2817551963048499,0.48412698412698413
f0e13442-3615d4e91a6c5bd9,339fdc7f-08ea3facdbf2e797,0.2817551963048499,0.48412698412698413
9e7551da-8b58fac3a9eaef98,656b62de-07e003f6fc62643b,0.28169014084507044,0.3968253968253968
ccc8ef27-962b4c2d0adf3e00,86102d81-85b3e078083a5c18,0.28169014084507044,0.46153846153846156
d6fb3b9e-f5435586daf6a49b,86102d81-85b3e078083a5c18,0.28169014084507044,0.46153846153846156
f0e13442-3615d4e91a6c5bd9,656b62de-07e003f6fc62643b,0.28169014084507044,0.3968253968253968
3f939694-111b597776032895,3c74c140-a93ee473b71ac072,0.2815734989648033,0.37362637362637363
c4ca2ff3-8002e9fb1de21148,8a858867-b9bbeece66de3f0d,0.2815533980582524,0.3972602739726027
f7a0ea6d-b8e74e9785d59e88,07043d35-d508fb40e7ba58e1,0.28134556574923547,0.7076923076923077
f2cf6a74-c36cd3e8f935af24,7279bcb3-0f86b515ba2bd8dd,0.28125,0.32926829268292684
d3a0b8d2-95a57759ca7f4494,00af3420-6a22b980be3bebb8,0.2810810810810811,0.43333333333333335
d3a0b8d2-95a57759ca7f4494,bdf7bfb2-dc5f2f3e1ffc8032,0.2810810810810811,0.43333333333333335
4685c420-34caaa19b5555fa4,585af783-1941371b4a80bb80,0.2809917355371901,0.3541666666666667
98950986-d24a1d74ca0bc0c5,9be0602e-2479557b64cb6cbc,0.28095238095238095,0.5619047619047619
1a6f8b20-46e2136e681f3c6f,480de7be-17d68f699a8fb117,0.2809364548494983,0.5060240963855421
17e67976-1c13712beab98d62,d61f51c5-432a54c5bebe32fa,0.2809364548494983,0.525
1a6f8b20-46e2136e681f3c6f,f4757480-264ce4d0166e480d,0.2809364548494983,0.5060240963855421
f4d6d28d-4171a85a7cd99755,339fdc7f-08ea3facdbf2e797,0.2809224318658281,0.3941176470588235
4eac0eea-433fe35c66f0896a,339fdc7f-08ea3facdbf2e797,0.2809224318658281,0.3941176470588235
42fe7dd0-ae8f546af908b5fe,15941165-e7a0000e57984fda,0.28085106382978725,0.5409836065573771
ab7507bf-cfb7470e23cb45dc,656b62de-07e003f6fc62643b,0.2808022922636103,0.4083333333333333
480de7be-17d68f699a8fb117,f6ed6826-065d31f19f562fcc,0.2807017543859649,0.2962962962962963
f4757480-264ce4d0166e480d,f6ed6826-065d31f19f562fcc,0.2807017543859649,0.2962962962962963
4685c420-34caaa19b5555fa4,b185d034-a791a4af4c89854c,0.2807017543859649,0.4166666666666667
6be4dcef-d802164d63afa92e,6a47e491-9e58b734b00c40ca,0.2807017543859649,0.47058823529411764
a368f345-4f26b824059bf5f9,1b372750-4ec55bfec37eb837,0.280561122244489,0.2916666666666667
6018974f-796cead4caace323,4685c420-34caaa19b5555fa4,0.2804878048780488,0.3382352941176471
45e41c6d-14603621c555c558,4685c420-34caaa19b5555fa4,0.2804878048780488,0.3382352941176471
26ad111c-6f110a9e517fc801,b185d034-a791a4af4c89854c,0.2804878048780488,0.33093525179856115
6018974f-796cead4caace323,585af783-1941371b4a80bb80,0.2803738317757009,0.4411764705882353
7a9c69d8-25b66767c6bfef75,e5d02e93-9702b854ca246425,0.2803738317757009,0.5357142857142857
4e5ee0f7-8030183228b7a8d5,7d12d33c-b4c3d5f6730bc23d,0.2803738317757009,0.2843601895734597
f8c99dd0-af74ef9023de52c3,f6ed6826-065d31f19f562fcc,0.2803738317757009,0.5555555555555556
6be4dcef-d802164d63afa92e,8532d5ed-e56d613d9e34734b,0.2803738317757009,0.35294117647058826
6f393cfe-f27eb766dce24503,e5d02e93-9702b854ca246425,0.2803738317757009,0.5357142857142857
4685c420-34caaa19b5555fa4,8cfe3ee0-900555a974d03516,0.2803030303030303,0.3854166666666667
46bde295-e51fa6bd867e4ba5,480de7be-17d68f699a8fb117,0.2802547770700637,0.4489795918367347
46bde295-e51fa6bd867e4ba5,f4757480-264ce4d0166e480d,0.2802547770700637,0.4489795918367347
6018974f-796cead4caace323,26ad111c-6f110a9e517fc801,0.28019323671497587,0.4264705882352941
4685c420-34caaa19b5555fa4,8782922d-b6272ba0ec663c70,0.28019323671497587,0.3020833333333333
42fe7dd0-ae8f546af908b5fe,585af783-1941371b4a80bb80,0.28019323671497587,0.47540983606557374
1a6f8b20-46e2136e681f3c6f,15941165-e7a0000e57984fda,0.2801556420233463,0.43373493975903615
86102d81-85b3e078083a5c18,1b372750-4ec55bfec37eb837,0.2800982800982801,0.38513513513513514
6018974f-796cead4caace323,f2cf6a74-c36cd3e8f935af24,0.28,0.3088235294117647
3f939694-111b597776032895,01c915a2-b134dfb6a3c23cce,0.28,0.5384615384615384
35857a5a-8cd2a4bd9f3acd96,9be0602e-2479557b64cb6cbc,0.28,0.3276595744680851
ed728769-26de3db1e5ddc0f9,0b04b41e-0b6cb88d7212030e,0.27960526315789475,0.2972027972027972
1d43139f-a08be36b098f0971,f6ed6826-065d31f19f562fcc,0.27956989247311825,0.3939393939393939
f8c99dd0-af74ef9023de52c3,98950986-d24a1d74ca0bc0c5,0.27956989247311825,0.32098765432098764
9be0602e-2479557b64cb6cbc,cfba313d-96627cf80535b35d,0.27956989247311825,0.4126984126984127
1a6f8b20-46e2136e681f3c6f,c23278ec-650f3957a6da68ca,0.2794759825327511,0.3855421686746988
7279bcb3-0f86b515ba2bd8dd,66565156-e830bc6dfc3d34ae,0.27927927927927926,0.2818181818181818
1a6f8b20-46e2136e681f3c6f,3f939694-111b597776032895,0.2792452830188679,0.4457831325301205
9e7551da-8b58fac3a9eaef98,3f939694-111b597776032895,0.2792207792207792,0.3412698412698413
f0e13442-3615d4e91a6c5bd9,3f939694-111b597776032895,0.2792207792207792,0.3412698412698413
6be4dcef-d802164d63afa92e,c6113c06-d4ec0a6afa4cb16c,0.27906976744186046,0.2823529411764706
55ab9b5d-97aa2decf67ee58c,dff5ff0a-4c22ff53e6acbc9b,0.27906976744186046,0.6976744186046512
b9595381-1fe2b09ec26b73ed,9be0602e-2479557b64cb6cbc,0.27898550724637683,0.32489451476793246
d3a0b8d2-95a57759ca7f4494,86102d81-85b3e078083a5c18,0.27884615384615385,0.48333333333333334
e5d02e93-9702b854ca246425,d92c5342-53771e54c54e60c0,0.2787878787878788,0.48523206751054854
c6113c06-d4ec0a6afa4cb16c,0f09b843-a169d06ba2070f2e,0.27860696517412936,0.3218390804597701
17e67976-1c13712beab98d62,40132ebc-0eb4e2e2a14b1fc4,0.27860696517412936,0.7
b55888de-ca2300bd54fb3fd5,4da08761-2765de8ab5de2a01,0.2785714285714286,0.5416666666666666
86102d81-85b3e078083a5c18,d3415fc5-3d79a0cf6c3df934,0.2785515320334262,0.33783783783783783
1a6f8b20-46e2136e681f3c6f,8782922d-b6272ba0ec663c70,0.27835051546391754,0.3253012048192771
c23278ec-650f3957a6da68ca,1f6b81b1-5b2cd71aff307a38,0.2782608695652174,0.6575342465753424
8532d5ed-e56d613d9e34734b,480de7be-17d68f699a8fb117,0.2782608695652174,0.37209302325581395
8532d5ed-e56d613d9e34734b,f4757480-264ce4d0166e480d,0.2782608695652174,0.37209302325581395
480de7be-17d68f699a8fb117,b9595381-1fe2b09ec26b73ed,0.2781456953642384,0.2916666666666667
f4757480-264ce4d0166e480d,b9595381-1fe2b09ec26b73ed,0.2781456953642384,0.2916666666666667
585af783-1941371b4a80bb80,b8b08542-ed329a5d344748ed,0.2781065088757396,0.3219178082191781
585af783-1941371b4a80bb80,d783d815-fcfd47fa9b8bb15b,0.2781065088757396,0.3219178082191781
585af783-1941371b4a80bb80,d783d815-9c6f6853f561f0ed,0.2781065088757396,0.3219178082191781
42fe7dd0-ae8f546af908b5fe,9e7551da-8b58fac3a9eaef98,0.27807486631016043,0.4262295081967213
42fe7dd0-ae8f546af908b5fe,f0e13442-3615d4e91a6c5bd9,0.27807486631016043,0.4262295081967213
54488276-f24b9e883d548563,40132ebc-0eb4e2e2a14b1fc4,0.27800829875518673,0.41875
f4d6d28d-4171a85a7cd99755,77448a05-1dfe65e51fa688fd,0.27800829875518673,0.3941176470588235
4eac0eea-433fe35c66f0896a,77448a05-1dfe65e51fa688fd,0.27800829875518673,0.3941176470588235
15941165-e7a0000e57984fda,dff5ff0a-4c22ff53e6acbc9b,0.277992277992278,0.41379310344827586
8782922d-b6272ba0ec663c70,175201f9-29a63f3073d1212f,0.27796610169491526,0.36936936936936937
00af3420-6a22b980be3bebb8,f4d6d28d-4171a85a7cd99755,0.27796610169491526,0.328
00af3420-6a22b980be3bebb8,4eac0eea-433fe35c66f0896a,0.27796610169491526,0.328
3088ca9c-f1011bb8e87b3927,d61f51c5-432a54c5bebe32fa,0.27796610169491526,0.5394736842105263
bdf7bfb2-dc5f2f3e1ffc8032,f4d6d28d-4171a85a7cd99755,0.27796610169491526,0.328
bdf7bfb2-dc5f2f3e1ffc8032,4eac0eea-433fe35c66f0896a,0.27796610169491526,0.328
487c9f62-7eec6fd25ec3903d,656b62de-07e003f6fc62643b,0.2779291553133515,0.3695652173913043
00af3420-6a22b980be3bebb8,ef1d196b-c6903a1f95200b39,0.27790432801822323,0.488
bdf7bfb2-dc5f2f3e1ffc8032,ef1d196b-c6903a1f95200b39,0.27790432801822323,0.488
7814575b-d53f200ab383f03f,46bde295-e51fa6bd867e4ba5,0.2777777777777778,0.3048780487804878
8cfe3ee0-900555a974d03516,0b04b41e-0b6cb88d7212030e,0.27755102040816326,0.40476190476190477
42fe7dd0-ae8f546af908b5fe,97a7fab5-c8910bb2ec5c2935,0.27751196172248804,0.47540983606557374
6a47e491-9e58b734b00c40ca,77448a05-1dfe65e51fa688fd,0.27734375,0.355
66565156-e830bc6dfc3d34ae,9e7551da-8b58fac3a9eaef98,0.2773109243697479,0.29464285714285715
3b10bd6d-cb4bc04c8307b4f8,54488276-f24b9e883d548563,0.2773109243697479,0.4230769230769231
66565156-e830bc6dfc3d34ae,f0e13442-3615d4e91a6c5bd9,0.2773109243697479,0.29464285714285715
35857a5a-8cd2a4bd9f3acd96,1f6b81b1-5b2cd71aff307a38,0.2772785622593068,0.4595744680851064
08cf0478-cf474a42302061bb,0b04b41e-0b6cb88d7212030e,0.2772727272727273,0.5169491525423728
6be4dcef-d802164d63afa92e,3f939694-111b597776032895,0.27715355805243447,0.43529411764705883
45e41c6d-14603621c555c558,46bde295-e51fa6bd867e4ba5,0.27710843373493976,0.3382352941176471
6be4dcef-d802164d63afa92e,7279bcb3-0f86b515ba2bd8dd,0.27692307692307694,0.3176470588235294
3f939694-111b597776032895,b9595381-1fe2b09ec26b73ed,0.27684964200477324,0.31868131868131866
42fe7dd0-ae8f546af908b5fe,b8b08542-ed329a5d344748ed,0.2766798418972332,0.5737704918032787
42fe7dd0-ae8f546af908b5fe,d783d815-fcfd47fa9b8bb15b,0.2766798418972332,0.5737704918032787
42fe7dd0-ae8f546af908b5fe,d783d815-9c6f6853f561f0ed,0.2766798418972332,0.5737704918032787
e5d02e93-9702b854ca246425,1f6b81b1-5b2cd71aff307a38,0.2765685019206146,0.45569620253164556
b185d034-a791a4af4c89854c,0ea5a836-8314c5dfb34c8bab,0.2765432098765432,0.2962962962962963
c4ca2ff3-8002e9fb1de21148,0f14b12d-fee145b04c8d2e7d,0.2765273311897106,0.589041095890411
3b10bd6d-cb4bc04c8307b4f8,26ad111c-6f110a9e517fc801,0.2764976958525346,0.38461538461538464
55ab9b5d-97aa2decf67ee58c,51151974-bb8053de078aa97d,0.2764976958525346,0.3488372093023256
8a041ef5-22f968305d57262e,40cc90ae-a1888e38f4a2438d,0.2763873775843308,0.41776315789473684
5449d33c-c3fa056747e67e0b,b8b08542-ed329a5d344748ed,0.27631578947368424,0.375
5449d33c-c3fa056747e67e0b,d783d815-fcfd47fa9b8bb15b,0.27631578947368424,0.375
5449d33c-c3fa056747e67e0b,d783d815-9c6f6853f561f0ed,0.27631578947368424,0.375
ab7507bf-cfb7470e23cb45dc,6e7cd58b-9e00f3e11d7fd578,0.27631578947368424,0.525
1a6f8b20-46e2136e681f3c6f,23594fdf-bc29e3c145f03caa,0.2761904761904762,0.3493975903614458
46bde295-e51fa6bd867e4ba5,66565156-e830bc6dfc3d34ae,0.2761904761904762,0.29591836734693877
d3a0b8d2-95a57759ca7f4494,4da08761-2765de8ab5de2a01,0.27611940298507465,0.6166666666666667
656b62de-07e003f6fc62643b,0b04b41e-0b6cb88d7212030e,0.27586206896551724,0.3318777292576419
4da08761-2765de8ab5de2a01,6e7cd58b-9e00f3e11d7fd578,0.2757352941176471,0.3605769230769231
0f09b843-a169d06ba2070f2e,6e7cd58b-9e00f3e11d7fd578,0.27555555555555555,0.543859649122807
b8b08542-ed329a5d344748ed,f38ae053-1cc93e66c41ccafa,0.27555555555555555,0.3229166666666667
d783d815-fcfd47fa9b8bb15b,f38ae053-1cc93e66c41ccafa,0.27555555555555555,0.3229166666666667
d783d815-9c6f6853f561f0ed,f38ae053-1cc93e66c41ccafa,0.27555555555555555,0.3229166666666667
98950986-d24a1d74ca0bc0c5,ab7507bf-cfb7470e23cb45dc,0.27555555555555555,0.29523809523809524
f6ed6826-065d31f19f562fcc,1f6b81b1-5b2cd71aff307a38,0.2755102040816326,0.45
f7a0ea6d-b8e74e9785d59e88,51151974-bb8053de078aa97d,0.2755102040816326,0.4153846153846154
9291ca83-b2b16ed7b0bb365a,4e5ee0f7-8030183228b7a8d5,0.2753623188405797,0.5846153846153846
23594fdf-bc29e3c145f03caa,35bb6075-720cdb4a7c64c6cd,0.2753623188405797,0.44881889763779526
c4ca2ff3-8002e9fb1de21148,77448a05-1dfe65e51fa688fd,0.2753246753246753,0.726027397260274
46bde295-e51fa6bd867e4ba5,35bb6075-720cdb4a7c64c6cd,0.2753246753246753,0.5408163265306123
0f14b12d-fee145b04c8d2e7d,6e7cd58b-9e00f3e11d7fd578,0.27526132404181186,0.3319327731092437
0f09b843-a169d06ba2070f2e,0b04b41e-0b6cb88d7212030e,0.27522935779816515,0.5263157894736842
ae4d5b49-62ede50d39b5202a,4241f473-734711fff505529f,0.27522935779816515,0.46153846153846156
487c9f62-7eec6fd25ec3903d,54488276-f24b9e883d548563,0.2751677852348993,0.2971014492753623
42fe7dd0-ae8f546af908b5fe,b9595381-1fe2b09ec26b73ed,0.2751677852348993,0.6721311475409836
b8b08542-ed329a5d344748ed,40cc90ae-a1888e38f4a2438d,0.275092936802974,0.578125
d783d815-fcfd47fa9b8bb15b,40cc90ae-a1888e38f4a2438d,0.275092936802974,0.578125
d783d815-9c6f6853f561f0ed,40cc90ae-a1888e38f4a2438d,0.275092936802974,0.578125
54488276-f24b9e883d548563,f6ed6826-065d31f19f562fcc,0.275,0.34375
ab7507bf-cfb7470e23cb45dc,6a47e491-9e58b734b00c40ca,0.275,0.36666666666666664
8a041ef5-22f968305d57262e,339fdc7f-08ea3facdbf2e797,0.27495908346972175,0.27631578947368424
66565156-e830bc6dfc3d34ae,1b372750-4ec55bfec37eb837,0.2749326145552561,0.45535714285714285
17e67976-1c13712beab98d62,4e5ee0f7-8030183228b7a8d5,0.27491408934707906,0.5
1a6f8b20-46e2136e681f3c6f,4da08761-2765de8ab5de2a01,0.27491408934707906,0.4819277108433735
9e7551da-8b58fac3a9eaef98,0f14b12d-fee145b04c8d2e7d,0.27472527472527475,0.3968253968253968
f0e13442-3615d4e91a6c5bd9,0f14b12d-fee145b04c8d2e7d,0.27472527472527475,0.3968253968253968
0f09b843-a169d06ba2070f2e,3c74c140-a93ee473b71ac072,0.2746987951807229,0.5
3088ca9c-f1011bb8e87b3927,4da08761-2765de8ab5de2a01,0.2746478873239437,0.5131578947368421
45e41c6d-14603621c555c558,f665e87b-932fba185362154d,0.2746268656716418,0.6764705882352942
45e41c6d-14603621c555c558,f665e87b-f01b7cfb37168ad5,0.2746268656716418,0.6764705882352942
55ab9b5d-97aa2decf67ee58c,40132ebc-0eb4e2e2a14b1fc4,0.27450980392156865,0.6511627906976745
9291ca83-b2b16ed7b0bb365a,0c9d4def-6a3de0efe209485b,0.2743362831858407,0.47692307692307695
77448a05-1dfe65e51fa688fd,9be0602e-2479557b64cb6cbc,0.2743221690590112,0.27564102564102566
ae4d5b49-62ede50d39b5202a,7279bcb3-0f86b515ba2bd8dd,0.2742857142857143,0.36923076923076925
7814575b-d53f200ab383f03f,7d12d33c-b4c3d5f6730bc23d,0.27424749163879597,0.5
7279bcb3-0f86b515ba2bd8dd,b185d034-a791a4af4c89854c,0.27424749163879597,0.37272727272727274
487c9f62-7eec6fd25ec3903d,339fdc7f-08ea3facdbf2e797,0.27415730337078653,0.4420289855072464
7a9c69d8-25b66767c6bfef75,b9595381-1fe2b09ec26b73ed,0.27414330218068533,0.5238095238095238
6f393cfe-f27eb766dce24503,b9595381-1fe2b09ec26b73ed,0.27414330218068533,0.5238095238095238
a368f345-4f26b824059bf5f9,0b04b41e-0b6cb88d7212030e,0.27402135231316727,0.32083333333333336
f6ed6826-065d31f19f562fcc,d83f74f7-23bcf7dad899d241,0.27389705882352944,0.6208333333333333
ccc8ef27-962b4c2d0adf3e00,464ad4dd-9978f63cac804e5b,0.27385892116182575,0.5076923076923077
d6fb3b9e-f5435586daf6a49b,464ad4dd-9978f63cac804e5b,0.27385892116182575,0.5076923076923077
4e5ee0f7-8030183228b7a8d5,d83f74f7-23bcf7dad899d241,0.2738432483474976,0.6872037914691943
1d43139f-a08be36b098f0971,76a69f5c-5a0e3ae2a5ff1ef0,0.27383863080684595,0.42424242424242425
3088ca9c-f1011bb8e87b3927,0f09b843-a169d06ba2070f2e,0.2736842105263158,0.34210526315789475
487c9f62-7eec6fd25ec3903d,2a35cd81-0aeb43004eb108dd,0.2736842105263158,0.37681159420289856
1a6f8b20-46e2136e681f3c6f,8532d5ed-e56d613d9e34734b,0.27358490566037735,0.3493975903614458
8782922d-b6272ba0ec663c70,07043d35-d508fb40e7ba58e1,0.2734584450402145,0.4594594594594595
a5d5a95f-106627618ba094d2,ef1d196b-c6903a1f95200b39,0.2733485193621868,0.48
8cfe3ee0-900555a974d03516,40cc90ae-a1888e38f4a2438d,0.27330779054916987,0.6369047619047619
7d12d33c-b4c3d5f6730bc23d,d92c5342-53771e54c54e60c0,0.2732919254658385,0.5069124423963134
ae4d5b49-62ede50d39b5202a,08cf0478-cf474a42302061bb,0.273224043715847,0.38461538461538464
1d43139f-a08be36b098f0971,40132ebc-0eb4e2e2a14b1fc4,0.27312775330396477,0.4696969696969697
4685c420-34caaa19b5555fa4,4241f473-734711fff505529f,0.27309236947791166,0.3541666666666667
175201f9-29a63f3073d1212f,b434c275-276b6ce441c4669e,0.27307692307692305,0.7717391304347826
175201f9-29a63f3073d1212f,9399204d-6515f9b4b4661ed8,0.27307692307692305,0.7717391304347826
175201f9-29a63f3073d1212f,fdc4f384-81c2afc418e72aef,0.27307692307692305,0.7717391304347826
8782922d-b6272ba0ec663c70,3f939694-111b597776032895,0.27303754266211605,0.36036036036036034
a5d5a95f-106627618ba094d2,0b04b41e-0b6cb88d7212030e,0.27293064876957496,0.488
b185d034-a791a4af4c89854c,f38ae053-1cc93e66c41ccafa,0.27293064876957496,0.32275132275132273
f4d6d28d-4171a85a7cd99755,76a69f5c-5a0e3ae2a5ff1ef0,0.27293064876957496,0.3588235294117647
4eac0eea-433fe35c66f0896a,76a69f5c-5a0e3ae2a5ff1ef0,0.27293064876957496,0.3588235294117647
97a7fab5-c8910bb2ec5c2935,40cc90ae-a1888e38f4a2438d,0.272608125819135,0.7027027027027027
656b62de-07e003f6fc62643b,40cc90ae-a1888e38f4a2438d,0.2725118483412322,0.5021834061135371
f4d6d28d-4171a85a7cd99755,d61f51c5-432a54c5bebe32fa,0.27249357326478146,0.31176470588235294
4eac0eea-433fe35c66f0896a,d61f51c5-432a54c5bebe32fa,0.27249357326478146,0.31176470588235294
42fe7dd0-ae8f546af908b5fe,f6ed6826-065d31f19f562fcc,0.2724252491694352,0.6721311475409836
45e41c6d-14603621c555c558,b185d034-a791a4af4c89854c,0.2723735408560311,0.5147058823529411
4685c420-34caaa19b5555fa4,26ad111c-6f110a9e517fc801,0.2723404255319149,0.3333333333333333
b185d034-a791a4af4c89854c,1b372750-4ec55bfec37eb837,0.27232142857142855,0.32275132275132273
d3a0b8d2-95a57759ca7f4494,4241f473-734711fff505529f,0.27230046948356806,0.48333333333333334
b9595381-1fe2b09ec26b73ed,6e7cd58b-9e00f3e11d7fd578,0.27225130890052357,0.3291139240506329
54488276-f24b9e883d548563,6a47e491-9e58b734b00c40ca,0.2722222222222222,0.30625
7a9c69d8-25b66767c6bfef75,778c91af-ba102667da83f00a,0.27218934911242604,0.5476190476190477
6f393cfe-f27eb766dce24503,778c91af-ba102667da83f00a,0.27218934911242604,0.5476190476190477
0f14b12d-fee145b04c8d2e7d,f6ed6826-065d31f19f562fcc,0.2719665271966527,0.27310924369747897
55ab9b5d-97aa2decf67ee58c,f665e87b-932fba185362154d,0.2719546742209632,0.5581395348837209
55ab9b5d-97aa2decf67ee58c,f665e87b-f01b7cfb37168ad5,0.2719546742209632,0.5581395348837209
17e67976-1c13712beab98d62,86102d81-85b3e078083a5c18,0.2719298245614035,0.3875
ab7507bf-cfb7470e23cb45dc,d3415fc5-3d79a0cf6c3df934,0.2719033232628399,0.375
4685c420-34caaa19b5555fa4,7279bcb3-0f86b515ba2bd8dd,0.27184466019417475,0.2916666666666667
8a041ef5-22f968305d57262e,a2cf5634-50a35a847b217df3,0.2717557251908397,0.29276315789473684
98950986-d24a1d74ca0bc0c5,40132ebc-0eb4e2e2a14b1fc4,0.2716627634660422,0.5523809523809524
f4d6d28d-4171a85a7cd99755,35857a5a-8cd2a4bd9f3acd96,0.2716049382716049,0.3235294117647059
4eac0eea-433fe35c66f0896a,35857a5a-8cd2a4bd9f3acd96,0.2716049382716049,0.3235294117647059
656b62de-07e003f6fc62643b,35857a5a-8cd2a4bd9f3acd96,0.27155172413793105,0.27510917030567683
d61f51c5-432a54c5bebe32fa,8a041ef5-22f968305d57262e,0.27151051625239003,0.3242009132420091
c4ca2ff3-8002e9fb1de21148,9e7551da-8b58fac3a9eaef98,0.271356783919598,0.3698630136986301
c4ca2ff3-8002e9fb1de21148,f0e13442-3615d4e91a6c5bd9,0.271356783919598,0.3698630136986301
175201f9-29a63f3073d1212f,d83f74f7-23bcf7dad899d241,0.2713178294573643,0.7608695652173914
0f09b843-a169d06ba2070f2e,76a69f5c-5a0e3ae2a5ff1ef0,0.2710997442455243,0.4649122807017544
f38ae053-1cc93e66c41ccafa,b434c275-276b6ce441c4669e,0.2710951526032316,0.5852713178294574
f38ae053-1cc93e66c41ccafa,9399204d-6515f9b4b4661ed8,0.2710951526032316,0.5852713178294574
f38ae053-1cc93e66c41ccafa,fdc4f384-81c2afc418e72aef,0.2710951526032316,0.5852713178294574
3b10bd6d-cb4bc04c8307b4f8,778c91af-ba102667da83f00a,0.2710843373493976,0.5769230769230769
8a858867-b9bbeece66de3f0d,30e0cc81-e37591091c959b0f,0.27100271002710025,0.37593984962406013
00af3420-6a22b980be3bebb8,1b372750-4ec55bfec37eb837,0.2708333333333333,0.416
bdf7bfb2-dc5f2f3e1ffc8032,1b372750-4ec55bfec37eb837,0.2708333333333333,0.416
8a858867-b9bbeece66de3f0d,b8b08542-ed329a5d344748ed,0.27076923076923076,0.3308270676691729
8a858867-b9bbeece66de3f0d,d783d815-fcfd47fa9b8bb15b,0.27076923076923076,0.3308270676691729
8a858867-b9bbeece66de3f0d,d783d815-9c6f6853f561f0ed,0.27076923076923076,0.3308270676691729
46bde295-e51fa6bd867e4ba5,51151974-bb8053de078aa97d,0.27074235807860264,0.3163265306122449
f8c99dd0-af74ef9023de52c3,97a7fab5-c8910bb2ec5c2935,0.27074235807860264,0.38271604938271603
0f09b843-a169d06ba2070f2e,b185d034-a791a4af4c89854c,0.2706270627062706,0.35964912280701755
f2cf6a74-c36cd3e8f935af24,f38ae053-1cc93e66c41ccafa,0.27058823529411763,0.5609756097560976
1a6f8b20-46e2136e681f3c6f,c6113c06-d4ec0a6afa4cb16c,0.27058823529411763,0.27710843373493976
ccc8ef27-962b4c2d0adf3e00,98950986-d24a1d74ca0bc0c5,0.27058823529411763,0.35384615384615387
d6fb3b9e-f5435586daf6a49b,98950986-d24a1d74ca0bc0c5,0.27058823529411763,0.35384615384615387
9291ca83-b2b16ed7b0bb365a,77448a05-1dfe65e51fa688fd,0.27055702917771884,0.7846153846153846
c6113c06-d4ec0a6afa4cb16c,ab7507bf-cfb7470e23cb45dc,0.27053140096618356,0.3218390804597701
17e67976-1c13712beab98d62,23594fdf-bc29e3c145f03caa,0.27053140096618356,0.35
f2cf6a74-c36cd3e8f935af24,30e0cc81-e37591091c959b0f,0.27044025157232704,0.524390243902439
8a858867-b9bbeece66de3f0d,6a47e491-9e58b734b00c40ca,0.2702702702702703,0.3383458646616541
6be4dcef-d802164d63afa92e,15941165-e7a0000e57984fda,0.2702702702702703,0.4117647058823529
55ab9b5d-97aa2decf67ee58c,07043d35-d508fb40e7ba58e1,0.27011494252873564,0.5465116279069767
339fdc7f-08ea3facdbf2e797,9be0602e-2479557b64cb6cbc,0.27009646302250806,0.2736156351791531
8a041ef5-22f968305d57262e,01c915a2-b134dfb6a3c23cce,0.27007299270072993,0.3651315789473684
ed728769-26de3db1e5ddc0f9,d92c5342-53771e54c54e60c0,0.2700228832951945,0.4125874125874126
b9595381-1fe2b09ec26b73ed,cfba313d-96627cf80535b35d,0.2699530516431925,0.48523206751054854
54488276-f24b9e883d548563,339fdc7f-08ea3facdbf2e797,0.2698072805139186,0.39375
98950986-d24a1d74ca0bc0c5,7279bcb3-0f86b515ba2bd8dd,0.26976744186046514,0.2761904761904762
b0a01ee7-a88cb875e376e2ba,66565156-e830bc6dfc3d34ae,0.2696629213483146,0.36363636363636365
0ea5a836-8314c5dfb34c8bab,cfba313d-96627cf80535b35d,0.2695547533092659,0.5185185185185185
f38ae053-1cc93e66c41ccafa,d92c5342-53771e54c54e60c0,0.2695035460992908,0.4418604651162791
9e7551da-8b58fac3a9eaef98,4da08761-2765de8ab5de2a01,0.2694610778443114,0.35714285714285715
f0e13442-3615d4e91a6c5bd9,4da08761-2765de8ab5de2a01,0.2694610778443114,0.35714285714285715
d3a0b8d2-95a57759ca7f4494,8a858867-b9bbeece66de3f0d,0.2694300518134715,0.43333333333333335
f4d6d28d-4171a85a7cd99755,0ea5a836-8314c5dfb34c8bab,0.2694300518134715,0.3058823529411765
4eac0eea-433fe35c66f0896a,0ea5a836-8314c5dfb34c8bab,0.2694300518134715,0.3058823529411765
c23278ec-650f3957a6da68ca,dff5ff0a-4c22ff53e6acbc9b,0.2693877551020408,0.4520547945205479
1d43139f-a08be36b098f0971,7d12d33c-b4c3d5f6730bc23d,0.2693409742120344,0.3560606060606061
5449d33c-c3fa056747e67e0b,e5d02e93-9702b854ca246425,0.2693409742120344,0.41964285714285715
b55888de-ca2300bd54fb3fd5,f6ed6826-065d31f19f562fcc,0.2692307692307692,0.5833333333333334
8cfe3ee0-900555a974d03516,d3415fc5-3d79a0cf6c3df934,0.2691292875989446,0.30357142857142855
8782922d-b6272ba0ec663c70,480de7be-17d68f699a8fb117,0.2691131498470948,0.3963963963963964
8782922d-b6272ba0ec663c70,f4757480-264ce4d0166e480d,0.2691131498470948,0.3963963963963964
ef1d196b-c6903a1f95200b39,40cc90ae-a1888e38f4a2438d,0.2691065662002153,0.3980891719745223
f6ed6826-065d31f19f562fcc,cfba313d-96627cf80535b35d,0.26900584795321636,0.4791666666666667
98950986-d24a1d74ca0bc0c5,b9595381-1fe2b09ec26b73ed,0.26900584795321636,0.4380952380952381
98950986-d24a1d74ca0bc0c5,8a858867-b9bbeece66de3f0d,0.2689075630252101,0.3047619047619048
9291ca83-b2b16ed7b0bb365a,f6ed6826-065d31f19f562fcc,0.26885245901639343,0.6307692307692307
98950986-d24a1d74ca0bc0c5,6a47e491-9e58b734b00c40ca,0.26885245901639343,0.3904761904761905
f4d6d28d-4171a85a7cd99755,6e7cd58b-9e00f3e11d7fd578,0.26877470355731226,0.4
4eac0eea-433fe35c66f0896a,6e7cd58b-9e00f3e11d7fd578,0.26877470355731226,0.4
00af3420-6a22b980be3bebb8,07043d35-d508fb40e7ba58e1,0.268733850129199,0.416
bdf7bfb2-dc5f2f3e1ffc8032,07043d35-d508fb40e7ba58e1,0.268733850129199,0.416
9291ca83-b2b16ed7b0bb365a,0b04b41e-0b6cb88d7212030e,0.268733850129199,0.8
3088ca9c-f1011bb8e87b3927,a5d5a95f-106627618ba094d2,0.26865671641791045,0.35526315789473684
8a858867-b9bbeece66de3f0d,dff5ff0a-4c22ff53e6acbc9b,0.26834381551362685,0.48120300751879697
9e7551da-8b58fac3a9eaef98,7d12d33c-b4c3d5f6730bc23d,0.26822157434402333,0.36507936507936506
f0e13442-3615d4e91a6c5bd9,7d12d33c-b4c3d5f6730bc23d,0.26822157434402333,0.36507936507936506
45e41c6d-14603621c555c558,8782922d-b6272ba0ec663c70,0.2681564245810056,0.35294117647058826
9291ca83-b2b16ed7b0bb365a,0f09b843-a169d06ba2070f2e,0.2681564245810056,0.36923076923076925
464ad4dd-9978f63cac804e5b,3f939694-111b597776032895,0.2681564245810056,0.2727272727272727
86102d81-85b3e078083a5c18,0b04b41e-0b6cb88d7212030e,0.2680851063829787,0.42567567567567566
97a7fab5-c8910bb2ec5c2935,0b04b41e-0b6cb88d7212030e,0.2680851063829787,0.42567567567567566
585af783-1941371b4a80bb80,40cc90ae-a1888e38f4a2438d,0.2680683311432326,0.6986301369863014
f38ae053-1cc93e66c41ccafa,01c915a2-b134dfb6a3c23cce,0.26804123711340205,0.40310077519379844
464ad4dd-9978f63cac804e5b,40cc90ae-a1888e38f4a2438d,0.26801517067003794,0.6022727272727273
07043d35-d508fb40e7ba58e1,1f6b81b1-5b2cd71aff307a38,0.2679900744416873,0.4122137404580153
55ab9b5d-97aa2decf67ee58c,35857a5a-8cd2a4bd9f3acd96,0.26791277258566976,0.5
98950986-d24a1d74ca0bc0c5,0ea5a836-8314c5dfb34c8bab,0.26791277258566976,0.4095238095238095
480de7be-17d68f699a8fb117,7d12d33c-b4c3d5f6730bc23d,0.2678983833718245,0.26851851851851855
f4757480-264ce4d0166e480d,7d12d33c-b4c3d5f6730bc23d,0.2678983833718245,0.26851851851851855
00af3420-6a22b980be3bebb8,d3415fc5-3d79a0cf6c3df934,0.26785714285714285,0.36
4685c420-34caaa19b5555fa4,f6ed6826-065d31f19f562fcc,0.26785714285714285,0.46875
bdf7bfb2-dc5f2f3e1ffc8032,d3415fc5-3d79a0cf6c3df934,0.26785714285714285,0.36
f7a0ea6d-b8e74e9785d59e88,b185d034-a791a4af4c89854c,0.2677165354330709,0.5230769230769231
15941165-e7a0000e57984fda,d92c5342-53771e54c54e60c0,0.2677165354330709,0.5862068965517241
42fe7dd0-ae8f546af908b5fe,8782922d-b6272ba0ec663c70,0.26744186046511625,0.3770491803278688
98950986-d24a1d74ca0bc0c5,778c91af-ba102667da83f00a,0.26740947075208915,0.45714285714285713
55ab9b5d-97aa2decf67ee58c,c23278ec-650f3957a6da68ca,0.2672413793103448,0.36046511627906974
1f6b81b1-5b2cd71aff307a38,d83f74f7-23bcf7dad899d241,0.2672413793103448,0.34191176470588236
7d12d33c-b4c3d5f6730bc23d,76a69f5c-5a0e3ae2a5ff1ef0,0.26720647773279355,0.30414746543778803
ccc8ef27-962b4c2d0adf3e00,3f939694-111b597776032895,0.26720647773279355,0.5076923076923077
d6fb3b9e-f5435586daf6a49b,3f939694-111b597776032895,0.26720647773279355,0.5076923076923077
7a9c69d8-25b66767c6bfef75,4da08761-2765de8ab5de2a01,0.2671232876712329,0.4642857142857143
6f393cfe-f27eb766dce24503,4da08761-2765de8ab5de2a01,0.2671232876712329,0.4642857142857143
a5d5a95f-106627618ba094d2,3f939694-111b597776032895,0.2671009771986971,0.328
6be4dcef-d802164d63afa92e,e5d02e93-9702b854ca246425,0.2670807453416149,0.5058823529411764
4241f473-734711fff505529f,1b372750-4ec55bfec37eb837,0.2669902912621359,0.35947712418300654
54488276-f24b9e883d548563,77448a05-1dfe65e51fa688fd,0.2669491525423729,0.39375
3b10bd6d-cb4bc04c8307b4f8,1d43139f-a08be36b098f0971,0.26666666666666666,0.358974358974359
f2cf6a74-c36cd3e8f935af24,1a6f8b20-46e2136e681f3c6f,0.26666666666666666,0.2682926829268293
4e5ee0f7-8030183228b7a8d5,dff5ff0a-4c22ff53e6acbc9b,0.26666666666666666,0.35071090047393366
7279bcb3-0f86b515ba2bd8dd,35857a5a-8cd2a4bd9f3acd96,0.26666666666666666,0.41818181818181815
0f14b12d-fee145b04c8d2e7d,d92c5342-53771e54c54e60c0,0.26634382566585957,0.46218487394957986
b0a01ee7-a88cb875e376e2ba,35bb6075-720cdb4a7c64c6cd,0.26628895184135976,0.7121212121212122
7814575b-d53f200ab383f03f,4e5ee0f7-8030183228b7a8d5,0.26621160409556316,0.47560975609756095
b9595381-1fe2b09ec26b73ed,8a041ef5-22f968305d57262e,0.266173752310536,0.3037974683544304
4e5ee0f7-8030183228b7a8d5,9be0602e-2479557b64cb6cbc,0.2661596958174905,0.33175355450236965
b0a01ee7-a88cb875e376e2ba,3f939694-111b597776032895,0.2661290322580645,0.5
17e67976-1c13712beab98d62,487c9f62-7eec6fd25ec3903d,0.26605504587155965,0.3625
8532d5ed-e56d613d9e34734b,76a69f5c-5a0e3ae2a5ff1ef0,0.2660098522167488,0.4186046511627907
3f939694-111b597776032895,40cc90ae-a1888e38f4a2438d,0.2659974905897114,0.5824175824175825
4685c420-34caaa19b5555fa4,35857a5a-8cd2a4bd9f3acd96,0.26586102719033233,0.4583333333333333
d3a0b8d2-95a57759ca7f4494,46bde295-e51fa6bd867e4ba5,0.26582278481012656,0.35
f2cf6a74-c36cd3e8f935af24,d61f51c5-432a54c5bebe32fa,0.26578073089701,0.4878048780487805
55ab9b5d-97aa2decf67ee58c,6a47e491-9e58b734b00c40ca,0.26573426573426573,0.4418604651162791
d3a0b8d2-95a57759ca7f4494,4e5ee0f7-8030183228b7a8d5,0.2656826568265683,0.6
23594fdf-bc29e3c145f03caa,8532d5ed-e56d613d9e34734b,0.265625,0.2677165354330709
a368f345-4f26b824059bf5f9,2a35cd81-0aeb43004eb108dd,0.26556016597510373,0.26666666666666666
8a041ef5-22f968305d57262e,40132ebc-0eb4e2e2a14b1fc4,0.26517571884984026,0.2730263157894737
0ea5a836-8314c5dfb34c8bab,656b62de-07e003f6fc62643b,0.2651685393258427,0.27314814814814814
7814575b-d53f200ab383f03f,3f939694-111b597776032895,0.26515151515151514,0.4268292682926829
ccc8ef27-962b4c2d0adf3e00,f665e87b-932fba185362154d,0.26506024096385544,0.676923076923077
d6fb3b9e-f5435586daf6a49b,f665e87b-932fba185362154d,0.26506024096385544,0.676923076923077
ccc8ef27-962b4c2d0adf3e00,f665e87b-f01b7cfb37168ad5,0.26506024096385544,0.676923076923077
b9595381-1fe2b09ec26b73ed,dff5ff0a-4c22ff53e6acbc9b,0.26506024096385544,0.32489451476793246
d6fb3b9e-f5435586daf6a49b,f665e87b-f01b7cfb37168ad5,0.26506024096385544,0.676923076923077
d3415fc5-3d79a0cf6c3df934,2a35cd81-0aeb43004eb108dd,0.26490066225165565,0.2843601895734597
b55888de-ca2300bd54fb3fd5,6a47e491-9e58b734b00c40ca,0.2647058823529412,0.5
00af3420-6a22b980be3bebb8,6e7cd58b-9e00f3e11d7fd578,0.2646420824295011,0.488
bdf7bfb2-dc5f2f3e1ffc8032,6e7cd58b-9e00f3e11d7fd578,0.2646420824295011,0.488
ed728769-26de3db1e5ddc0f9,732c98a0-5659f20742b2f453,0.2645161290322581,0.2867132867132867
ed728769-26de3db1e5ddc0f9,732c98a0-0117162249c9d715,0.2645161290322581,0.2867132867132867
98950986-d24a1d74ca0bc0c5,f38ae053-1cc93e66c41ccafa,0.2644628099173554,0.45714285714285713
23594fdf-bc29e3c145f03caa,77448a05-1dfe65e51fa688fd,0.2642369020501139,0.4566929133858268
2a35cd81-0aeb43004eb108dd,d83f74f7-23bcf7dad899d241,0.26422018348623855,0.5950413223140496
3b10bd6d-cb4bc04c8307b4f8,fdd41565-d026425f11fe71fd,0.2641509433962264,0.358974358974359
26ad111c-6f110a9e517fc801,d92c5342-53771e54c54e60c0,0.2640990371389271,0.6906474820143885
46bde295-e51fa6bd867e4ba5,f38ae053-1cc93e66c41ccafa,0.2640449438202247,0.47959183673469385
00af3420-6a22b980be3bebb8,40132ebc-0eb4e2e2a14b1fc4,0.2639821029082774,0.472
bdf7bfb2-dc5f2f3e1ffc8032,40132ebc-0eb4e2e2a14b1fc4,0.2639821029082774,0.472
d61f51c5-432a54c5bebe32fa,cfba313d-96627cf80535b35d,0.2637889688249401,0.502283105022831
9291ca83-b2b16ed7b0bb365a,4da08761-2765de8ab5de2a01,0.26373626373626374,0.5538461538461539
0ea5a836-8314c5dfb34c8bab,9be0602e-2479557b64cb6cbc,0.263653483992467,0.32407407407407407
c6113c06-d4ec0a6afa4cb16c,8a858867-b9bbeece66de3f0d,0.2636363636363636,0.3333333333333333
f8c99dd0-af74ef9023de52c3,26ad111c-6f110a9e517fc801,0.2636363636363636,0.35802469135802467
3088ca9c-f1011bb8e87b3927,3f939694-111b597776032895,0.26356589147286824,0.4473684210526316
f7a0ea6d-b8e74e9785d59e88,0b04b41e-0b6cb88d7212030e,0.26356589147286824,0.7846153846153846
6be4dcef-d802164d63afa92e,4e5ee0f7-8030183228b7a8d5,0.2635135135135135,0.4588235294117647
46bde295-e51fa6bd867e4ba5,77448a05-1dfe65e51fa688fd,0.2634146341463415,0.5510204081632653
98950986-d24a1d74ca0bc0c5,464ad4dd-9978f63cac804e5b,0.26334519572953735,0.3523809523809524
15941165-e7a0000e57984fda,1b372750-4ec55bfec37eb837,0.2632794457274827,0.3275862068965517
8782922d-b6272ba0ec663c70,d92c5342-53771e54c54e60c0,0.2632331902718169,0.8288288288288288
f7a0ea6d-b8e74e9785d59e88,00af3420-6a22b980be3bebb8,0.2631578947368421,0.38461538461538464
b185d034-a791a4af4c89854c,f665e87b-932fba185362154d,0.2631578947368421,0.31746031746031744
f7a0ea6d-b8e74e9785d59e88,a5d5a95f-106627618ba094d2,0.2631578947368421,0.38461538461538464
480de7be-17d68f699a8fb117,1f6b81b1-5b2cd71aff307a38,0.2631578947368421,0.46296296296296297
f7a0ea6d-b8e74e9785d59e88,bdf7bfb2-dc5f2f3e1ffc8032,0.2631578947368421,0.38461538461538464
b185d034-a791a4af4c89854c,f665e87b-f01b7cfb37168ad5,0.2631578947368421,0.31746031746031744
4241f473-734711fff505529f,b185d034-a791a4af4c89854c,0.2631578947368421,0.29411764705882354
98950986-d24a1d74ca0bc0c5,a2cf5634-50a35a847b217df3,0.2631578947368421,0.5714285714285714
17e67976-1c13712beab98d62,97a7fab5-c8910bb2ec5c2935,0.2631578947368421,0.375
f4757480-264ce4d0166e480d,1f6b81b1-5b2cd71aff307a38,0.2631578947368421,0.46296296296296297
f8c99dd0-af74ef9023de52c3,1d43139f-a08be36b098f0971,0.26291079812206575,0.345679012345679
ae4d5b49-62ede50d39b5202a,86102d81-85b3e078083a5c18,0.26291079812206575,0.4307692307692308
3088ca9c-f1011bb8e87b3927,77448a05-1dfe65e51fa688fd,0.26288659793814434,0.6710526315789473
7279bcb3-0f86b515ba2bd8dd,a368f345-4f26b824059bf5f9,0.26285714285714284,0.41818181818181815
46bde295-e51fa6bd867e4ba5,464ad4dd-9978f63cac804e5b,0.26277372262773724,0.3673469387755102
1a6f8b20-46e2136e681f3c6f,b9595381-1fe2b09ec26b73ed,0.2625,0.5060240963855421
4e5ee0f7-8030183228b7a8d5,b434c275-276b6ce441c4669e,0.2624179943767573,0.6635071090047393
4e5ee0f7-8030183228b7a8d5,9399204d-6515f9b4b4661ed8,0.2624179943767573,0.6635071090047393
4e5ee0f7-8030183228b7a8d5,fdc4f384-81c2afc418e72aef,0.2624179943767573,0.6635071090047393
23594fdf-bc29e3c145f03caa,480de7be-17d68f699a8fb117,0.26239067055393583,0.3543307086614173
23594fdf-bc29e3c145f03caa,f4757480-264ce4d0166e480d,0.26239067055393583,0.3543307086614173
175201f9-29a63f3073d1212f,8a041ef5-22f968305d57262e,0.26229508196721313,0.34782608695652173
2a35cd81-0aeb43004eb108dd,b434c275-276b6ce441c4669e,0.26229508196721313,0.5950413223140496
2a35cd81-0aeb43004eb108dd,9399204d-6515f9b4b4661ed8,0.26229508196721313,0.5950413223140496
2a35cd81-0aeb43004eb108dd,fdc4f384-81c2afc418e72aef,0.26229508196721313,0.5950413223140496
0c9d4def-6a3de0efe209485b,01c915a2-b134dfb6a3c23cce,0.2621502209131075,0.5527950310559007
464ad4dd-9978f63cac804e5b,1b372750-4ec55bfec37eb837,0.2620689655172414,0.32386363636363635
1b372750-4ec55bfec37eb837,dff5ff0a-4c22ff53e6acbc9b,0.2620232172470978,0.305019305019305
6018974f-796cead4caace323,0c9d4def-6a3de0efe209485b,0.26200873362445415,0.4411764705882353
c4ca2ff3-8002e9fb1de21148,f6ed6826-065d31f19f562fcc,0.26198083067092653,0.5616438356164384
7814575b-d53f200ab383f03f,9be0602e-2479557b64cb6cbc,0.2619647355163728,0.6341463414634146
54488276-f24b9e883d548563,464ad4dd-9978f63cac804e5b,0.2619047619047619,0.275
55ab9b5d-97aa2decf67ee58c,b185d034-a791a4af4c89854c,0.26181818181818184,0.4186046511627907
b9595381-1fe2b09ec26b73ed,d83f74f7-23bcf7dad899d241,0.26175115207373273,0.5991561181434599
1d43139f-a08be36b098f0971,b185d034-a791a4af4c89854c,0.2616822429906542,0.3181818181818182
f8c99dd0-af74ef9023de52c3,8a858867-b9bbeece66de3f0d,0.2616822429906542,0.345679012345679
7814575b-d53f200ab383f03f,07043d35-d508fb40e7ba58e1,0.2616279069767442,0.5487804878048781
a5d5a95f-106627618ba094d2,2a35cd81-0aeb43004eb108dd,0.2615803814713896,0.384
51151974-bb8053de078aa97d,1b372750-4ec55bfec37eb837,0.26153846153846155,0.3893129770992366
26ad111c-6f110a9e517fc801,30e0cc81-e37591091c959b0f,0.2613333333333333,0.35251798561151076
ccc8ef27-962b4c2d0adf3e00,fdd41565-d026425f11fe71fd,0.2613065326633166,0.4
d6fb3b9e-f5435586daf6a49b,fdd41565-d026425f11fe71fd,0.2613065326633166,0.4
a368f345-4f26b824059bf5f9,01c915a2-b134dfb6a3c23cce,0.2612137203166227,0.4125
b185d034-a791a4af4c89854c,40cc90ae-a1888e38f4a2438d,0.26119402985074625,0.5555555555555556
45e41c6d-14603621c555c558,6a47e491-9e58b734b00c40ca,0.26119402985074625,0.5147058823529411
8532d5ed-e56d613d9e34734b,4da08761-2765de8ab5de2a01,0.26112759643916916,0.34108527131782945
9e7551da-8b58fac3a9eaef98,23594fdf-bc29e3c145f03caa,0.2608695652173913,0.2619047619047619
ae4d5b49-62ede50d39b5202a,4e5ee0f7-8030183228b7a8d5,0.2608695652173913,0.5538461538461539
f0e13442-3615d4e91a6c5bd9,23594fdf-bc29e3c145f03caa,0.2608695652173913,0.2619047619047619
4241f473-734711fff505529f,9be0602e-2479557b64cb6cbc,0.2606837606837607,0.39869281045751637
fdd41565-d026425f11fe71fd,2a35cd81-0aeb43004eb108dd,0.26063829787234044,0.3656716417910448
4241f473-734711fff505529f,6a47e491-9e58b734b00c40ca,0.26062322946175637,0.3006535947712418
54488276-f24b9e883d548563,f4d6d28d-4171a85a7cd99755,0.2606060606060606,0.26875
54488276-f24b9e883d548563,4eac0eea-433fe35c66f0896a,0.2606060606060606,0.26875
86102d81-85b3e078083a5c18,30e0cc81-e37591091c959b0f,0.2604166666666667,0.33783783783783783
f7a0ea6d-b8e74e9785d59e88,23594fdf-bc29e3c145f03caa,0.2604166666666667,0.38461538461538464
17e67976-1c13712beab98d62,35857a5a-8cd2a4bd9f3acd96,0.26031746031746034,0.5125
51151974-bb8053de078aa97d,339fdc7f-08ea3facdbf2e797,0.2602739726027397,0.4351145038167939
17e67976-1c13712beab98d62,77448a05-1dfe65e51fa688fd,0.2602040816326531,0.6375
656b62de-07e003f6fc62643b,a368f345-4f26b824059bf5f9,0.2601279317697228,0.2663755458515284
7a9c69d8-25b66767c6bfef75,26ad111c-6f110a9e517fc801,0.2600896860986547,0.34523809523809523
d3415fc5-3d79a0cf6c3df934,35857a5a-8cd2a4bd9f3acd96,0.2600896860986547,0.27488151658767773
6f393cfe-f27eb766dce24503,26ad111c-6f110a9e517fc801,0.2600896860986547,0.34523809523809523
0f09b843-a169d06ba2070f2e,ed728769-26de3db1e5ddc0f9,0.26,0.45614035087719296
b0a01ee7-a88cb875e376e2ba,8782922d-b6272ba0ec663c70,0.2598870056497175,0.3484848484848485
ae4d5b49-62ede50d39b5202a,b185d034-a791a4af4c89854c,0.25984251968503935,0.5076923076923077
7d12d33c-b4c3d5f6730bc23d,0b04b41e-0b6cb88d7212030e,0.2597402597402597,0.3225806451612903
fdd41565-d026425f11fe71fd,1b372750-4ec55bfec37eb837,0.2595419847328244,0.3805970149253731
3b10bd6d-cb4bc04c8307b4f8,0c9d4def-6a3de0efe209485b,0.2594142259414226,0.3974358974358974
d61f51c5-432a54c5bebe32fa,1b372750-4ec55bfec37eb837,0.2594142259414226,0.2831050228310502
656b62de-07e003f6fc62643b,732c98a0-5659f20742b2f453,0.25932504440497334,0.31877729257641924
656b62de-07e003f6fc62643b,732c98a0-0117162249c9d715,0.25932504440497334,0.31877729257641924
76a69f5c-5a0e3ae2a5ff1ef0,ed728769-26de3db1e5ddc0f9,0.25932504440497334,0.26353790613718414
8a041ef5-22f968305d57262e,dff5ff0a-4c22ff53e6acbc9b,0.25925925925925924,0.27631578947368424
f38ae053-1cc93e66c41ccafa,1b372750-4ec55bfec37eb837,0.25918762088974856,0.2596899224806202
54488276-f24b9e883d548563,732c98a0-5659f20742b2f453,0.2591093117408907,0.4
54488276-f24b9e883d548563,732c98a0-0117162249c9d715,0.2591093117408907,0.4
4685c420-34caaa19b5555fa4,30e0cc81-e37591091c959b0f,0.25903614457831325,0.4479166666666667
3b10bd6d-cb4bc04c8307b4f8,6a47e491-9e58b734b00c40ca,0.2589928057553957,0.46153846153846156
6be4dcef-d802164d63afa92e,26ad111c-6f110a9e517fc801,0.25892857142857145,0.3411764705882353
77448a05-1dfe65e51fa688fd,cfba313d-96627cf80535b35d,0.2588996763754045,0.38461538461538464
3f939694-111b597776032895,b185d034-a791a4af4c89854c,0.2587601078167116,0.26373626373626374
7a9c69d8-25b66767c6bfef75,97a7fab5-c8910bb2ec5c2935,0.25862068965517243,0.35714285714285715
6f393cfe-f27eb766dce24503,97a7fab5-c8910bb2ec5c2935,0.25862068965517243,0.35714285714285715
ab7507bf-cfb7470e23cb45dc,1b372750-4ec55bfec37eb837,0.25857519788918204,0.4083333333333333
6018974f-796cead4caace323,7279bcb3-0f86b515ba2bd8dd,0.25842696629213485,0.3382352941176471
464ad4dd-9978f63cac804e5b,d3415fc5-3d79a0cf6c3df934,0.25839793281653745,0.2840909090909091
17e67976-1c13712beab98d62,54488276-f24b9e883d548563,0.25833333333333336,0.3875
4685c420-34caaa19b5555fa4,b9595381-1fe2b09ec26b73ed,0.25825825825825827,0.4479166666666667
c4ca2ff3-8002e9fb1de21148,0b04b41e-0b6cb88d7212030e,0.2582278481012658,0.6986301369863014
5449d33c-c3fa056747e67e0b,656b62de-07e003f6fc62643b,0.25806451612903225,0.39285714285714285
5449d33c-c3fa056747e67e0b,0b04b41e-0b6cb88d7212030e,0.25806451612903225,0.5
b8b08542-ed329a5d344748ed,2a35cd81-0aeb43004eb108dd,0.25806451612903225,0.2916666666666667
d783d815-fcfd47fa9b8bb15b,2a35cd81-0aeb43004eb108dd,0.25806451612903225,0.2916666666666667
d783d815-9c6f6853f561f0ed,2a35cd81-0aeb43004eb108dd,0.25806451612903225,0.2916666666666667
3f939694-111b597776032895,0b04b41e-0b6cb88d7212030e,0.25793650793650796,0.35714285714285715
f7a0ea6d-b8e74e9785d59e88,9be0602e-2479557b64cb6cbc,0.2578947368421053,0.7538461538461538
b55888de-ca2300bd54fb3fd5,76a69f5c-5a0e3ae2a5ff1ef0,0.25787965616045844,0.625
3b10bd6d-cb4bc04c8307b4f8,a368f345-4f26b824059bf5f9,0.2578616352201258,0.5256410256410257
8532d5ed-e56d613d9e34734b,b185d034-a791a4af4c89854c,0.2578616352201258,0.3178294573643411
42fe7dd0-ae8f546af908b5fe,8a858867-b9bbeece66de3f0d,0.25773195876288657,0.4098360655737705
e5d02e93-9702b854ca246425,ef1d196b-c6903a1f95200b39,0.2577132486388385,0.29957805907172996
b185d034-a791a4af4c89854c,76a69f5c-5a0e3ae2a5ff1ef0,0.2575107296137339,0.31746031746031744
6018974f-796cead4caace323,fdd41565-d026425f11fe71fd,0.25742574257425743,0.38235294117647056
8782922d-b6272ba0ec663c70,b8b08542-ed329a5d344748ed,0.25742574257425743,0.35135135135135137
8782922d-b6272ba0ec663c70,d783d815-fcfd47fa9b8bb15b,0.25742574257425743,0.35135135135135137
8782922d-b6272ba0ec663c70,d783d815-9c6f6853f561f0ed,0.25742574257425743,0.35135135135135137
51151974-bb8053de078aa97d,40cc90ae-a1888e38f4a2438d,0.257372654155496,0.732824427480916
46bde295-e51fa6bd867e4ba5,15941165-e7a0000e57984fda,0.25735294117647056,0.35714285714285715
a5d5a95f-106627618ba094d2,7d12d33c-b4c3d5f6730bc23d,0.2573099415204678,0.352
26ad111c-6f110a9e517fc801,40cc90ae-a1888e38f4a2438d,0.2572944297082228,0.697841726618705
3f939694-111b597776032895,d92c5342-53771e54c54e60c0,0.2571428571428571,0.5439560439560439
23594fdf-bc29e3c145f03caa,4241f473-734711fff505529f,0.2571428571428571,0.28346456692913385
c4ca2ff3-8002e9fb1de21148,464ad4dd-9978f63cac804e5b,0.2570281124497992,0.4383561643835616
7279bcb3-0f86b515ba2bd8dd,35bb6075-720cdb4a7c64c6cd,0.25692695214105793,0.4636363636363636
c6113c06-d4ec0a6afa4cb16c,51151974-bb8053de078aa97d,0.25688073394495414,0.3218390804597701
ccc8ef27-962b4c2d0adf3e00,4241f473-734711fff505529f,0.25688073394495414,0.4307692307692308
d61f51c5-432a54c5bebe32fa,1f6b81b1-5b2cd71aff307a38,0.25688073394495414,0.4474885844748858
d6fb3b9e-f5435586daf6a49b,4241f473-734711fff505529f,0.25688073394495414,0.4307692307692308
d61f51c5-432a54c5bebe32fa,d83f74f7-23bcf7dad899d241,0.25679475164011245,0.6255707762557078
35857a5a-8cd2a4bd9f3acd96,cfba313d-96627cf80535b35d,0.2564705882352941,0.46382978723404256
6018974f-796cead4caace323,23594fdf-bc29e3c145f03caa,0.2564102564102564,0.36764705882352944
b185d034-a791a4af4c89854c,f6ed6826-065d31f19f562fcc,0.2564102564102564,0.291005291005291
0c9d4def-6a3de0efe209485b,9be0602e-2479557b64cb6cbc,0.25630252100840334,0.37888198757763975
ccc8ef27-962b4c2d0adf3e00,480de7be-17d68f699a8fb117,0.25622775800711745,0.5538461538461539
d6fb3b9e-f5435586daf6a49b,480de7be-17d68f699a8fb117,0.25622775800711745,0.5538461538461539
ccc8ef27-962b4c2d0adf3e00,f4757480-264ce4d0166e480d,0.25622775800711745,0.5538461538461539
d6fb3b9e-f5435586daf6a49b,f4757480-264ce4d0166e480d,0.25622775800711745,0.5538461538461539
97a7fab5-c8910bb2ec5c2935,6e7cd58b-9e00f3e11d7fd578,0.256198347107438,0.4189189189189189
585af783-1941371b4a80bb80,d92c5342-53771e54c54e60c0,0.2561307901907357,0.6438356164383562
f4d6d28d-4171a85a7cd99755,40132ebc-0eb4e2e2a14b1fc4,0.25609756097560976,0.37058823529411766
77448a05-1dfe65e51fa688fd,dff5ff0a-4c22ff53e6acbc9b,0.25609756097560976,0.2692307692307692
4eac0eea-433fe35c66f0896a,40132ebc-0eb4e2e2a14b1fc4,0.25609756097560976,0.37058823529411766
54488276-f24b9e883d548563,778c91af-ba102667da83f00a,0.2560386473429952,0.33125
17e67976-1c13712beab98d62,51151974-bb8053de078aa97d,0.2559241706161137,0.3375
6be4dcef-d802164d63afa92e,f665e87b-932fba185362154d,0.2556818181818182,0.5294117647058824
6be4dcef-d802164d63afa92e,f665e87b-f01b7cfb37168ad5,0.2556818181818182,0.5294117647058824
8a041ef5-22f968305d57262e,d92c5342-53771e54c54e60c0,0.2556053811659193,0.375
4685c420-34caaa19b5555fa4,7d12d33c-b4c3d5f6730bc23d,0.25559105431309903,0.4166666666666667
45e41c6d-14603621c555c558,66565156-e830bc6dfc3d34ae,0.25555555555555554,0.3382352941176471
1a6f8b20-46e2136e681f3c6f,76a69f5c-5a0e3ae2a5ff1ef0,0.25555555555555554,0.5542168674698795
480de7be-17d68f699a8fb117,0f14b12d-fee145b04c8d2e7d,0.2555066079295154,0.26851851851851855
f4757480-264ce4d0166e480d,0f14b12d-fee145b04c8d2e7d,0.2555066079295154,0.26851851851851855
f2cf6a74-c36cd3e8f935af24,b8b08542-ed329a5d344748ed,0.25547445255474455,0.4268292682926829
f2cf6a74-c36cd3e8f935af24,d783d815-fcfd47fa9b8bb15b,0.25547445255474455,0.4268292682926829
f2cf6a74-c36cd3e8f935af24,d783d815-9c6f6853f561f0ed,0.25547445255474455,0.4268292682926829
f8c99dd0-af74ef9023de52c3,a368f345-4f26b824059bf5f9,0.2554517133956386,0.5061728395061729
9e7551da-8b58fac3a9eaef98,dff5ff0a-4c22ff53e6acbc9b,0.2553191489361702,0.47619047619047616
9291ca83-b2b16ed7b0bb365a,f4d6d28d-4171a85a7cd99755,0.2553191489361702,0.46153846153846156
9291ca83-b2b16ed7b0bb365a,4eac0eea-433fe35c66f0896a,0.2553191489361702,0.46153846153846156
f0e13442-3615d4e91a6c5bd9,dff5ff0a-4c22ff53e6acbc9b,0.2553191489361702,0.47619047619047616
0ea5a836-8314c5dfb34c8bab,1f6b81b1-5b2cd71aff307a38,0.25526315789473686,0.44907407407407407
f2cf6a74-c36cd3e8f935af24,4da08761-2765de8ab5de2a01,0.25517241379310346,0.45121951219512196
77448a05-1dfe65e51fa688fd,b434c275-276b6ce441c4669e,0.2551369863013699,0.4775641025641026
77448a05-1dfe65e51fa688fd,9399204d-6515f9b4b4661ed8,0.2551369863013699,0.4775641025641026
77448a05-1dfe65e51fa688fd,fdc4f384-81c2afc418e72aef,0.2551369863013699,0.4775641025641026
7a9c69d8-25b66767c6bfef75,76a69f5c-5a0e3ae2a5ff1ef0,0.2548476454293629,0.5476190476190477
6f393cfe-f27eb766dce24503,76a69f5c-5a0e3ae2a5ff1ef0,0.2548476454293629,0.5476190476190477
17e67976-1c13712beab98d62,1d43139f-a08be36b098f0971,0.25471698113207547,0.3375
45e41c6d-14603621c555c558,778c91af-ba102667da83f00a,0.2546583850931677,0.6029411764705882
17e67976-1c13712beab98d62,2a35cd81-0aeb43004eb108dd,0.2546583850931677,0.5125
6be4dcef-d802164d63afa92e,b9595381-1fe2b09ec26b73ed,0.2546583850931677,0.4823529411764706
08cf0478-cf474a42302061bb,1b372750-4ec55bfec37eb837,0.2546419098143236,0.4067796610169492
7814575b-d53f200ab383f03f,487c9f62-7eec6fd25ec3903d,0.2545454545454545,0.34146341463414637
42fe7dd0-ae8f546af908b5fe,76a69f5c-5a0e3ae2a5ff1ef0,0.25443786982248523,0.7049180327868853
0f09b843-a169d06ba2070f2e,35bb6075-720cdb4a7c64c6cd,0.2543640897755611,0.4473684210526316
45e41c6d-14603621c555c558,98950986-d24a1d74ca0bc0c5,0.2543352601156069,0.3235294117647059
ab7507bf-cfb7470e23cb45dc,dff5ff0a-4c22ff53e6acbc9b,0.2543103448275862,0.49166666666666664
86102d81-85b3e078083a5c18,40cc90ae-a1888e38f4a2438d,0.254259501965924,0.6554054054054054
f2cf6a74-c36cd3e8f935af24,7d12d33c-b4c3d5f6730bc23d,0.25418060200668896,0.4634146341463415
9e7551da-8b58fac3a9eaef98,b185d034-a791a4af4c89854c,0.25396825396825395,0.31746031746031744
f0e13442-3615d4e91a6c5bd9,b185d034-a791a4af4c89854c,0.25396825396825395,0.31746031746031744
7d12d33c-b4c3d5f6730bc23d,f6ed6826-065d31f19f562fcc,0.2538293216630197,0.2672811059907834
35bb6075-720cdb4a7c64c6cd,8a041ef5-22f968305d57262e,0.25380710659898476,0.2613240418118467
2a35cd81-0aeb43004eb108dd,ed728769-26de3db1e5ddc0f9,0.2537878787878788,0.2768595041322314
f4d6d28d-4171a85a7cd99755,a368f345-4f26b824059bf5f9,0.25365853658536586,0.3058823529411765
4eac0eea-433fe35c66f0896a,a368f345-4f26b824059bf5f9,0.25365853658536586,0.3058823529411765
c6113c06-d4ec0a6afa4cb16c,08cf0478-cf474a42302061bb,0.25365853658536586,0.2988505747126437
8782922d-b6272ba0ec663c70,30e0cc81-e37591091c959b0f,0.25360230547550433,0.3963963963963964
b185d034-a791a4af4c89854c,656b62de-07e003f6fc62643b,0.2535885167464115,0.2804232804232804
1d43139f-a08be36b098f0971,54488276-f24b9e883d548563,0.2534246575342466,0.2803030303030303
c4ca2ff3-8002e9fb1de21148,d61f51c5-432a54c5bebe32fa,0.2534246575342466,0.5068493150684932
d3a0b8d2-95a57759ca7f4494,0c9d4def-6a3de0efe209485b,0.25339366515837103,0.4666666666666667
8532d5ed-e56d613d9e34734b,2a35cd81-0aeb43004eb108dd,0.25336927223719674,0.3643410852713178
98950986-d24a1d74ca0bc0c5,4e5ee0f7-8030183228b7a8d5,0.25316455696202533,0.38095238095238093
8a041ef5-22f968305d57262e,6e7cd58b-9e00f3e11d7fd578,0.253125,0.26644736842105265
7d12d33c-b4c3d5f6730bc23d,dff5ff0a-4c22ff53e6acbc9b,0.2531194295900178,0.3271889400921659
3f939694-111b597776032895,656b62de-07e003f6fc62643b,0.25304136253041365,0.2857142857142857
7814575b-d53f200ab383f03f,f38ae053-1cc93e66c41ccafa,0.2529411764705882,0.524390243902439
55ab9b5d-97aa2decf67ee58c,778c91af-ba102667da83f00a,0.2529411764705882,0.5
66565156-e830bc6dfc3d34ae,9be0602e-2479557b64cb6cbc,0.2529274004683841,0.48214285714285715
23594fdf-bc29e3c145f03caa,fdd41565-d026425f11fe71fd,0.25287356321839083,0.25984251968503935
b185d034-a791a4af4c89854c,778c91af-ba102667da83f00a,0.2528216704288939,0.2962962962962963
480de7be-17d68f699a8fb117,40132ebc-0eb4e2e2a14b1fc4,0.2527881040892193,0.3148148148148148
f4757480-264ce4d0166e480d,40132ebc-0eb4e2e2a14b1fc4,0.2527881040892193,0.3148148148148148
97a7fab5-c8910bb2ec5c2935,480de7be-17d68f699a8fb117,0.25274725274725274,0.3108108108108108
1b372750-4ec55bfec37eb837,35bb6075-720cdb4a7c64c6cd,0.25274725274725274,0.26640926640926643
97a7fab5-c8910bb2ec5c2935,f4757480-264ce4d0166e480d,0.25274725274725274,0.3108108108108108
ccc8ef27-962b4c2d0adf3e00,00af3420-6a22b980be3bebb8,0.25263157894736843,0.36923076923076925
d6fb3b9e-f5435586daf6a49b,00af3420-6a22b980be3bebb8,0.25263157894736843,0.36923076923076925
4da08761-2765de8ab5de2a01,f665e87b-932fba185362154d,0.25263157894736843,0.28846153846153844
ccc8ef27-962b4c2d0adf3e00,bdf7bfb2-dc5f2f3e1ffc8032,0.25263157894736843,0.36923076923076925
d6fb3b9e-f5435586daf6a49b,bdf7bfb2-dc5f2f3e1ffc8032,0.25263157894736843,0.36923076923076925
4da08761-2765de8ab5de2a01,f665e87b-f01b7cfb37168ad5,0.25263157894736843,0.28846153846153844
6be4dcef-d802164d63afa92e,4da08761-2765de8ab5de2a01,0.2525597269624573,0.43529411764705883
b55888de-ca2300bd54fb3fd5,9e7551da-8b58fac3a9eaef98,0.25252525252525254,0.3472222222222222
ae4d5b49-62ede50d39b5202a,8a858867-b9bbeece66de3f0d,0.25252525252525254,0.38461538461538464
b55888de-ca2300bd54fb3fd5,f0e13442-3615d4e91a6c5bd9,0.25252525252525254,0.3472222222222222
ae4d5b49-62ede50d39b5202a,30e0cc81-e37591091c959b0f,0.25249169435215946,0.5846153846153846
23594fdf-bc29e3c145f03caa,15941165-e7a0000e57984fda,0.25249169435215946,0.2992125984251969
b9595381-1fe2b09ec26b73ed,ed728769-26de3db1e5ddc0f9,0.25239005736137665,0.27848101265822783
7814575b-d53f200ab383f03f,1d43139f-a08be36b098f0971,0.2523364485981308,0.32926829268292684
77448a05-1dfe65e51fa688fd,1f6b81b1-5b2cd71aff307a38,0.2523364485981308,0.34615384615384615
ef1d196b-c6903a1f95200b39,6e7cd58b-9e00f3e11d7fd578,0.2523076923076923,0.2611464968152866
66565156-e830bc6dfc3d34ae,656b62de-07e003f6fc62643b,0.25219941348973607,0.38392857142857145
c23278ec-650f3957a6da68ca,ef1d196b-c6903a1f95200b39,0.25217391304347825,0.3972602739726027
30e0cc81-e37591091c959b0f,a368f345-4f26b824059bf5f9,0.25210084033613445,0.2542372881355932
b185d034-a791a4af4c89854c,35bb6075-720cdb4a7c64c6cd,0.25210084033613445,0.31746031746031744
86102d81-85b3e078083a5c18,dff5ff0a-4c22ff53e6acbc9b,0.25203252032520324,0.4189189189189189
0f09b843-a169d06ba2070f2e,1b372750-4ec55bfec37eb837,0.2520107238605898,0.41228070175438597
f38ae053-1cc93e66c41ccafa,cfba313d-96627cf80535b35d,0.2520045819014891,0.4263565891472868
3b10bd6d-cb4bc04c8307b4f8,464ad4dd-9978f63cac804e5b,0.25196850393700787,0.41025641025641024
55ab9b5d-97aa2decf67ee58c,464ad4dd-9978f63cac804e5b,0.25190839694656486,0.38372093023255816
54488276-f24b9e883d548563,76a69f5c-5a0e3ae2a5ff1ef0,0.2517162471395881,0.34375
ae4d5b49-62ede50d39b5202a,e5d02e93-9702b854ca246425,0.25165562913907286,0.5846153846153846
23594fdf-bc29e3c145f03caa,732c98a0-5659f20742b2f453,0.25162689804772237,0.4566929133858268
23594fdf-bc29e3c145f03caa,732c98a0-0117162249c9d715,0.25162689804772237,0.4566929133858268
7814575b-d53f200ab383f03f,30e0cc81-e37591091c959b0f,0.25157232704402516,0.4878048780487805
7a9c69d8-25b66767c6bfef75,f38ae053-1cc93e66c41ccafa,0.25146198830409355,0.5119047619047619
6f393cfe-f27eb766dce24503,f38ae053-1cc93e66c41ccafa,0.25146198830409355,0.5119047619047619
ccc8ef27-962b4c2d0adf3e00,76a69f5c-5a0e3ae2a5ff1ef0,0.25146198830409355,0.6615384615384615
f7a0ea6d-b8e74e9785d59e88,76a69f5c-5a0e3ae2a5ff1ef0,0.25146198830409355,0.6615384615384615
d6fb3b9e-f5435586daf6a49b,76a69f5c-5a0e3ae2a5ff1ef0,0.25146198830409355,0.6615384615384615
42fe7dd0-ae8f546af908b5fe,0f09b843-a169d06ba2070f2e,0.25142857142857145,0.36065573770491804
c4ca2ff3-8002e9fb1de21148,76a69f5c-5a0e3ae2a5ff1ef0,0.25142857142857145,0.6027397260273972
f7a0ea6d-b8e74e9785d59e88,08cf0478-cf474a42302061bb,0.25136612021857924,0.35384615384615387
c4ca2ff3-8002e9fb1de21148,7279bcb3-0f86b515ba2bd8dd,0.25136612021857924,0.3150684931506849
c23278ec-650f3957a6da68ca,30e0cc81-e37591091c959b0f,0.2513089005235602,0.3287671232876712
4241f473-734711fff505529f,656b62de-07e003f6fc62643b,0.2513089005235602,0.3137254901960784
f38ae053-1cc93e66c41ccafa,9be0602e-2479557b64cb6cbc,0.2513089005235602,0.27906976744186046
175201f9-29a63f3073d1212f,d92c5342-53771e54c54e60c0,0.25129533678756477,0.5271739130434783
3b10bd6d-cb4bc04c8307b4f8,77448a05-1dfe65e51fa688fd,0.2512820512820513,0.6282051282051282
3f939694-111b597776032895,4da08761-2765de8ab5de2a01,0.2512820512820513,0.2692307692307692
45e41c6d-14603621c555c558,40132ebc-0eb4e2e2a14b1fc4,0.2512820512820513,0.7205882352941176
5449d33c-c3fa056747e67e0b,23594fdf-bc29e3c145f03caa,0.2510460251046025,0.26785714285714285
f8c99dd0-af74ef9023de52c3,15941165-e7a0000e57984fda,0.25098039215686274,0.3950617283950617
45e41c6d-14603621c555c558,d61f51c5-432a54c5bebe32fa,0.2508710801393728,0.5294117647058824
3088ca9c-f1011bb8e87b3927,4e5ee0f7-8030183228b7a8d5,0.2508710801393728,0.47368421052631576
f665e87b-932fba185362154d,9be0602e-2479557b64cb6cbc,0.2508591065292096,0.27340823970037453
f665e87b-f01b7cfb37168ad5,9be0602e-2479557b64cb6cbc,0.2508591065292096,0.27340823970037453
8782922d-b6272ba0ec663c70,4da08761-2765de8ab5de2a01,0.2507836990595611,0.36036036036036034
7279bcb3-0f86b515ba2bd8dd,7d12d33c-b4c3d5f6730bc23d,0.25076452599388377,0.37272727272727274
f2cf6a74-c36cd3e8f935af24,76a69f5c-5a0e3ae2a5ff1ef0,0.25069637883008355,0.5487804878048781
1d43139f-a08be36b098f0971,339fdc7f-08ea3facdbf2e797,0.2505694760820046,0.4166666666666667
00af3420-6a22b980be3bebb8,0b04b41e-0b6cb88d7212030e,0.2505592841163311,0.448
bdf7bfb2-dc5f2f3e1ffc8032,0b04b41e-0b6cb88d7212030e,0.2505592841163311,0.448
54488276-f24b9e883d548563,a2cf5634-50a35a847b217df3,0.25048923679060664,0.4
4241f473-734711fff505529f,01c915a2-b134dfb6a3c23cce,0.2503725782414307,0.5490196078431373
8cfe3ee0-900555a974d03516,cfba313d-96627cf80535b35d,0.2503192848020434,0.5833333333333334
3088ca9c-f1011bb8e87b3927,1d43139f-a08be36b098f0971,0.25,0.34210526315789475
00af3420-6a22b980be3bebb8,339fdc7f-08ea3facdbf2e797,0.25,0.432
3b10bd6d-cb4bc04c8307b4f8,487c9f62-7eec6fd25ec3903d,0.25,0.34615384615384615
54488276-f24b9e883d548563,b8b08542-ed329a5d344748ed,0.25,0.275
480de7be-17d68f699a8fb117,a368f345-4f26b824059bf5f9,0.25,0.2638888888888889
f4757480-264ce4d0166e480d,a368f345-4f26b824059bf5f9,0.25,0.2638888888888889
ccc8ef27-962b4c2d0adf3e00,c6113c06-d4ec0a6afa4cb16c,0.25,0.2923076923076923
d6fb3b9e-f5435586daf6a49b,c6113c06-d4ec0a6afa4cb16c,0.25,0.2923076923076923
55ab9b5d-97aa2decf67ee58c,2a35cd81-0aeb43004eb108dd,0.25,0.47674418604651164
3088ca9c-f1011bb8e87b3927,97a7fab5-c8910bb2ec5c2935,0.25,0.3684210526315789
54488276-f24b9e883d548563,d783d815-fcfd47fa9b8bb15b,0.25,0.275
54488276-f24b9e883d548563,d783d815-9c6f6853f561f0ed,0.25,0.275
b55888de-ca2300bd54fb3fd5,0ea5a836-8314c5dfb34c8bab,0.25,0.5
b55888de-ca2300bd54fb3fd5,175201f9-29a63f3073d1212f,0.25,0.4444444444444444
b55888de-ca2300bd54fb3fd5,77448a05-1dfe65e51fa688fd,0.25,0.6666666666666666
ae4d5b49-62ede50d39b5202a,23594fdf-bc29e3c145f03caa,0.25,0.36923076923076925
bdf7bfb2-dc5f2f3e1ffc8032,339fdc7f-08ea3facdbf2e797,0.25,0.432
7279bcb3-0f86b515ba2bd8dd,487c9f62-7eec6fd25ec3903d,0.25,0.2818181818181818
f8c99dd0-af74ef9023de52c3,23594fdf-bc29e3c145f03caa,0.25,0.32098765432098764
7814575b-d53f200ab383f03f,0f14b12d-fee145b04c8d2e7d,0.25,0.4878048780487805
17e67976-1c13712beab98d62,66565156-e830bc6dfc3d34ae,0.25,0.3
7814575b-d53f200ab383f03f,7279bcb3-0f86b515ba2bd8dd,0.25,0.2926829268292683
f2cf6a74-c36cd3e8f935af24,a2cf5634-50a35a847b217df3,0.24942263279445728,0.6585365853658537
55ab9b5d-97aa2decf67ee58c,9be0602e-2479557b64cb6cbc,0.24937655860349128,0.5813953488372093
3f939694-111b597776032895,d3415fc5-3d79a0cf6c3df934,0.24936386768447838,0.2692307692307692
98950986-d24a1d74ca0bc0c5,f6ed6826-065d31f19f562fcc,0.2492753623188406,0.4095238095238095
1b372750-4ec55bfec37eb837,a2cf5634-50a35a847b217df3,0.24918032786885247,0.29343629343629346
ae4d5b49-62ede50d39b5202a,6a47e491-9e58b734b00c40ca,0.2490566037735849,0.5076923076923077
23594fdf-bc29e3c145f03caa,487c9f62-7eec6fd25ec3903d,0.2490566037735849,0.25984251968503935
f7a0ea6d-b8e74e9785d59e88,6a47e491-9e58b734b00c40ca,0.2490566037735849,0.5076923076923077
ccc8ef27-962b4c2d0adf3e00,54488276-f24b9e883d548563,0.24888888888888888,0.4307692307692308
d6fb3b9e-f5435586daf6a49b,54488276-f24b9e883d548563,0.24888888888888888,0.4307692307692308
17e67976-1c13712beab98d62,0b04b41e-0b6cb88d7212030e,0.24875621890547264,0.625
c6113c06-d4ec0a6afa4cb16c,339fdc7f-08ea3facdbf2e797,0.24873096446700507,0.5632183908045977
6018974f-796cead4caace323,a5d5a95f-106627618ba094d2,0.24870466321243523,0.35294117647058826
1a6f8b20-46e2136e681f3c6f,7279bcb3-0f86b515ba2bd8dd,0.24870466321243523,0.2891566265060241
1d43139f-a08be36b098f0971,0f14b12d-fee145b04c8d2e7d,0.24864864864864866,0.3484848484848485
ae4d5b49-62ede50d39b5202a,66565156-e830bc6dfc3d34ae,0.24858757062146894,0.3384615384615385
f2cf6a74-c36cd3e8f935af24,c6113c06-d4ec0a6afa4cb16c,0.2485207100591716,0.25609756097560976
55ab9b5d-97aa2decf67ee58c,30e0cc81-e37591091c959b0f,0.2484472049689441,0.46511627906976744
c23278ec-650f3957a6da68ca,54488276-f24b9e883d548563,0.24836601307189543,0.2602739726027397
dff5ff0a-4c22ff53e6acbc9b,d83f74f7-23bcf7dad899d241,0.2483221476510067,0.43023255813953487
b0a01ee7-a88cb875e376e2ba,480de7be-17d68f699a8fb117,0.24822695035460993,0.5303030303030303
b0a01ee7-a88cb875e376e2ba,f4757480-264ce4d0166e480d,0.24822695035460993,0.5303030303030303
b185d034-a791a4af4c89854c,a2cf5634-50a35a847b217df3,0.24814814814814815,0.3544973544973545
7814575b-d53f200ab383f03f,464ad4dd-9978f63cac804e5b,0.24806201550387597,0.3902439024390244
46bde295-e51fa6bd867e4ba5,54488276-f24b9e883d548563,0.24806201550387597,0.32653061224489793
17e67976-1c13712beab98d62,339fdc7f-08ea3facdbf2e797,0.24806201550387597,0.6
6018974f-796cead4caace323,3f939694-111b597776032895,0.248,0.45588235294117646
c23278ec-650f3957a6da68ca,d92c5342-53771e54c54e60c0,0.24795640326975477,0.6232876712328768
35bb6075-720cdb4a7c64c6cd,1f6b81b1-5b2cd71aff307a38,0.24789410348977137,0.3588850174216028
b55888de-ca2300bd54fb3fd5,f665e87b-932fba185362154d,0.24778761061946902,0.5833333333333334
f7a0ea6d-b8e74e9785d59e88,0c9d4def-6a3de0efe209485b,0.24778761061946902,0.4307692307692308
b55888de-ca2300bd54fb3fd5,f665e87b-f01b7cfb37168ad5,0.24778761061946902,0.5833333333333334
8532d5ed-e56d613d9e34734b,339fdc7f-08ea3facdbf2e797,0.24770642201834864,0.4186046511627907
55ab9b5d-97aa2decf67ee58c,e5d02e93-9702b854ca246425,0.2476780185758514,0.46511627906976744
9be0602e-2479557b64cb6cbc,b434c275-276b6ce441c4669e,0.24765157984628522,0.4603174603174603
9be0602e-2479557b64cb6cbc,9399204d-6515f9b4b4661ed8,0.24765157984628522,0.4603174603174603
9be0602e-2479557b64cb6cbc,fdc4f384-81c2afc418e72aef,0.24765157984628522,0.4603174603174603
ab7507bf-cfb7470e23cb45dc,40cc90ae-a1888e38f4a2438d,0.24761904761904763,0.7583333333333333
3088ca9c-f1011bb8e87b3927,9e7551da-8b58fac3a9eaef98,0.24752475247524752,0.32894736842105265
f2cf6a74-c36cd3e8f935af24,40132ebc-0eb4e2e2a14b1fc4,0.24752475247524752,0.6097560975609756
45e41c6d-14603621c555c558,fdd41565-d026425f11fe71fd,0.24752475247524752,0.36764705882352944
3088ca9c-f1011bb8e87b3927,f0e13442-3615d4e91a6c5bd9,0.24752475247524752,0.32894736842105265
ae4d5b49-62ede50d39b5202a,8532d5ed-e56d613d9e34734b,0.24742268041237114,0.36923076923076925
ccc8ef27-962b4c2d0adf3e00,8532d5ed-e56d613d9e34734b,0.24742268041237114,0.36923076923076925
7814575b-d53f200ab383f03f,66565156-e830bc6dfc3d34ae,0.24742268041237114,0.2926829268292683
d6fb3b9e-f5435586daf6a49b,8532d5ed-e56d613d9e34734b,0.24742268041237114,0.36923076923076925
c23278ec-650f3957a6da68ca,9be0602e-2479557b64cb6cbc,0.2472885032537961,0.3904109589041096
23594fdf-bc29e3c145f03caa,86102d81-85b3e078083a5c18,0.24727272727272728,0.2677165354330709
98950986-d24a1d74ca0bc0c5,1b372750-4ec55bfec37eb837,0.24725274725274726,0.42857142857142855
f6ed6826-065d31f19f562fcc,ed728769-26de3db1e5ddc0f9,0.24714828897338403,0.2708333333333333
f4d6d28d-4171a85a7cd99755,f665e87b-932fba185362154d,0.2471395881006865,0.3176470588235294
4eac0eea-433fe35c66f0896a,f665e87b-932fba185362154d,0.2471395881006865,0.3176470588235294
f4d6d28d-4171a85a7cd99755,f665e87b-f01b7cfb37168ad5,0.2471395881006865,0.3176470588235294
4eac0eea-433fe35c66f0896a,f665e87b-f01b7cfb37168ad5,0.2471395881006865,0.3176470588235294
b185d034-a791a4af4c89854c,a368f345-4f26b824059bf5f9,0.24708624708624707,0.2804232804232804
1d43139f-a08be36b098f0971,4da08761-2765de8ab5de2a01,0.24705882352941178,0.3181818181818182
f8c99dd0-af74ef9023de52c3,1b372750-4ec55bfec37eb837,0.24705882352941178,0.5185185185185185
9291ca83-b2b16ed7b0bb365a,98950986-d24a1d74ca0bc0c5,0.24705882352941178,0.3230769230769231
f2cf6a74-c36cd3e8f935af24,0c9d4def-6a3de0efe209485b,0.24691358024691357,0.36585365853658536
46bde295-e51fa6bd867e4ba5,339fdc7f-08ea3facdbf2e797,0.24691358024691357,0.5102040816326531
8a041ef5-22f968305d57262e,77448a05-1dfe65e51fa688fd,0.24675324675324675,0.25
45e41c6d-14603621c555c558,f6ed6826-065d31f19f562fcc,0.24675324675324675,0.5588235294117647
f7a0ea6d-b8e74e9785d59e88,35857a5a-8cd2a4bd9f3acd96,0.24666666666666667,0.5692307692307692
3b10bd6d-cb4bc04c8307b4f8,35bb6075-720cdb4a7c64c6cd,0.2465753424657534,0.5769230769230769
f8c99dd0-af74ef9023de52c3,487c9f62-7eec6fd25ec3903d,0.2465753424657534,0.3333333333333333
54488276-f24b9e883d548563,07043d35-d508fb40e7ba58e1,0.24644549763033174,0.325
a368f345-4f26b824059bf5f9,b434c275-276b6ce441c4669e,0.24635036496350365,0.5625
a368f345-4f26b824059bf5f9,9399204d-6515f9b4b4661ed8,0.24635036496350365,0.5625
a368f345-4f26b824059bf5f9,fdc4f384-81c2afc418e72aef,0.24635036496350365,0.5625
6018974f-796cead4caace323,6a47e491-9e58b734b00c40ca,0.2462686567164179,0.4852941176470588
480de7be-17d68f699a8fb117,d92c5342-53771e54c54e60c0,0.2462686567164179,0.4583333333333333
f4757480-264ce4d0166e480d,d92c5342-53771e54c54e60c0,0.2462686567164179,0.4583333333333333
45e41c6d-14603621c555c558,b8b08542-ed329a5d344748ed,0.24615384615384617,0.47058823529411764
45e41c6d-14603621c555c558,d783d815-fcfd47fa9b8bb15b,0.24615384615384617,0.47058823529411764
45e41c6d-14603621c555c558,d783d815-9c6f6853f561f0ed,0.24615384615384617,0.47058823529411764
d3a0b8d2-95a57759ca7f4494,6a47e491-9e58b734b00c40ca,0.24615384615384617,0.5333333333333333
585af783-1941371b4a80bb80,30e0cc81-e37591091c959b0f,0.24607329842931938,0.3219178082191781
17e67976-1c13712beab98d62,b9595381-1fe2b09ec26b73ed,0.24605678233438485,0.4875
8cfe3ee0-900555a974d03516,d92c5342-53771e54c54e60c0,0.24603174603174602,0.5535714285714286
c6113c06-d4ec0a6afa4cb16c,dff5ff0a-4c22ff53e6acbc9b,0.2459396751740139,0.6091954022988506
6018974f-796cead4caace323,464ad4dd-9978f63cac804e5b,0.2459016393442623,0.4411764705882353
d3a0b8d2-95a57759ca7f4494,175201f9-29a63f3073d1212f,0.2459016393442623,0.5
15941165-e7a0000e57984fda,ef1d196b-c6903a1f95200b39,0.2459016393442623,0.3448275862068966
6be4dcef-d802164d63afa92e,0ea5a836-8314c5dfb34c8bab,0.24584717607973422,0.43529411764705883
f7a0ea6d-b8e74e9785d59e88,0f09b843-a169d06ba2070f2e,0.24581005586592178,0.3384615384615385
0c9d4def-6a3de0efe209485b,b185d034-a791a4af4c89854c,0.24571428571428572,0.2670807453416149
f4d6d28d-4171a85a7cd99755,e5d02e93-9702b854ca246425,0.2457002457002457,0.29411764705882354
4eac0eea-433fe35c66f0896a,e5d02e93-9702b854ca246425,0.2457002457002457,0.29411764705882354
15941165-e7a0000e57984fda,01c915a2-b134dfb6a3c23cce,0.24566473988439305,0.4885057471264368
6018974f-796cead4caace323,7d12d33c-b4c3d5f6730bc23d,0.24561403508771928,0.5147058823529411
45e41c6d-14603621c555c558,7d12d33c-b4c3d5f6730bc23d,0.24561403508771928,0.5147058823529411
45e41c6d-14603621c555c558,54488276-f24b9e883d548563,0.24561403508771928,0.4117647058823529
7279bcb3-0f86b515ba2bd8dd,08cf0478-cf474a42302061bb,0.24561403508771928,0.2545454545454545
c4ca2ff3-8002e9fb1de21148,46bde295-e51fa6bd867e4ba5,0.24561403508771928,0.2876712328767123
b185d034-a791a4af4c89854c,1f6b81b1-5b2cd71aff307a38,0.24556616643929058,0.47619047619047616
480de7be-17d68f699a8fb117,40cc90ae-a1888e38f4a2438d,0.24548736462093862,0.4722222222222222
f4757480-264ce4d0166e480d,40cc90ae-a1888e38f4a2438d,0.24548736462093862,0.4722222222222222
3088ca9c-f1011bb8e87b3927,c6113c06-d4ec0a6afa4cb16c,0.24539877300613497,0.2631578947368421
b0a01ee7-a88cb875e376e2ba,c23278ec-650f3957a6da68ca,0.24528301886792453,0.3939393939393939
c6113c06-d4ec0a6afa4cb16c,00af3420-6a22b980be3bebb8,0.24528301886792453,0.2988505747126437
c6113c06-d4ec0a6afa4cb16c,bdf7bfb2-dc5f2f3e1ffc8032,0.24528301886792453,0.2988505747126437
97a7fab5-c8910bb2ec5c2935,f4d6d28d-4171a85a7cd99755,0.24528301886792453,0.2635135135135135
97a7fab5-c8910bb2ec5c2935,4eac0eea-433fe35c66f0896a,0.24528301886792453,0.2635135135135135
c6113c06-d4ec0a6afa4cb16c,15941165-e7a0000e57984fda,0.24521072796934865,0.367816091954023
42fe7dd0-ae8f546af908b5fe,6a47e491-9e58b734b00c40ca,0.24521072796934865,0.5245901639344263
b9595381-1fe2b09ec26b73ed,b434c275-276b6ce441c4669e,0.24519670631290028,0.5654008438818565
b9595381-1fe2b09ec26b73ed,9399204d-6515f9b4b4661ed8,0.24519670631290028,0.5654008438818565
b9595381-1fe2b09ec26b73ed,fdc4f384-81c2afc418e72aef,0.24519670631290028,0.5654008438818565
5449d33c-c3fa056747e67e0b,8a041ef5-22f968305d57262e,0.24519230769230768,0.45535714285714285
7814575b-d53f200ab383f03f,732c98a0-5659f20742b2f453,0.24519230769230768,0.6219512195121951
7814575b-d53f200ab383f03f,732c98a0-0117162249c9d715,0.24519230769230768,0.6219512195121951
6018974f-796cead4caace323,c6113c06-d4ec0a6afa4cb16c,0.24516129032258063,0.27941176470588236
b55888de-ca2300bd54fb3fd5,0f14b12d-fee145b04c8d2e7d,0.24516129032258063,0.5277777777777778
f4d6d28d-4171a85a7cd99755,0f14b12d-fee145b04c8d2e7d,0.24509803921568626,0.29411764705882354
4eac0eea-433fe35c66f0896a,0f14b12d-fee145b04c8d2e7d,0.24509803921568626,0.29411764705882354
9291ca83-b2b16ed7b0bb365a,e5d02e93-9702b854ca246425,0.24503311258278146,0.5692307692307692
1a6f8b20-46e2136e681f3c6f,d61f51c5-432a54c5bebe32fa,0.24503311258278146,0.4457831325301205
3b10bd6d-cb4bc04c8307b4f8,08cf0478-cf474a42302061bb,0.24489795918367346,0.3076923076923077
d3a0b8d2-95a57759ca7f4494,c6113c06-d4ec0a6afa4cb16c,0.24489795918367346,0.3
7279bcb3-0f86b515ba2bd8dd,23594fdf-bc29e3c145f03caa,0.24472573839662448,0.2636363636363636
6018974f-796cead4caace323,ab7507bf-cfb7470e23cb45dc,0.24468085106382978,0.3382352941176471
3b10bd6d-cb4bc04c8307b4f8,7279bcb3-0f86b515ba2bd8dd,0.24468085106382978,0.2948717948717949
c4ca2ff3-8002e9fb1de21148,778c91af-ba102667da83f00a,0.24464831804281345,0.547945205479452
656b62de-07e003f6fc62643b,b9595381-1fe2b09ec26b73ed,0.2446351931330472,0.24890829694323144
7279bcb3-0f86b515ba2bd8dd,8cfe3ee0-900555a974d03516,0.2446043165467626,0.3090909090909091
86102d81-85b3e078083a5c18,d92c5342-53771e54c54e60c0,0.24456521739130435,0.6081081081081081
c23278ec-650f3957a6da68ca,cfba313d-96627cf80535b35d,0.24441524310118265,0.636986301369863
45e41c6d-14603621c555c558,4241f473-734711fff505529f,0.24434389140271492,0.39705882352941174
9291ca83-b2b16ed7b0bb365a,0f14b12d-fee145b04c8d2e7d,0.24422442244224424,0.5692307692307692
ccc8ef27-962b4c2d0adf3e00,0f14b12d-fee145b04c8d2e7d,0.24422442244224424,0.5692307692307692
d6fb3b9e-f5435586daf6a49b,0f14b12d-fee145b04c8d2e7d,0.24422442244224424,0.5692307692307692
f2cf6a74-c36cd3e8f935af24,07043d35-d508fb40e7ba58e1,0.2441860465116279,0.5121951219512195
55ab9b5d-97aa2decf67ee58c,f38ae053-1cc93e66c41ccafa,0.2441860465116279,0.4883720930232558
3b10bd6d-cb4bc04c8307b4f8,7d12d33c-b4c3d5f6730bc23d,0.2440677966101695,0.46153846153846156
c4ca2ff3-8002e9fb1de21148,1d43139f-a08be36b098f0971,0.24390243902439024,0.3424657534246575
d3415fc5-3d79a0cf6c3df934,40132ebc-0eb4e2e2a14b1fc4,0.24390243902439024,0.3080568720379147
1a6f8b20-46e2136e681f3c6f,e5d02e93-9702b854ca246425,0.24375,0.46987951807228917
6018974f-796cead4caace323,4e5ee0f7-8030183228b7a8d5,0.24372759856630824,0.5
4da08761-2765de8ab5de2a01,d92c5342-53771e54c54e60c0,0.24371859296482412,0.46634615384615385
7d12d33c-b4c3d5f6730bc23d,1b372750-4ec55bfec37eb837,0.24369747899159663,0.2672811059907834
ae4d5b49-62ede50d39b5202a,1d43139f-a08be36b098f0971,0.2436548223350254,0.36923076923076925
46bde295-e51fa6bd867e4ba5,1d43139f-a08be36b098f0971,0.24347826086956523,0.2857142857142857
fdd41565-d026425f11fe71fd,d3415fc5-3d79a0cf6c3df934,0.24347826086956523,0.31343283582089554
8a858867-b9bbeece66de3f0d,ed728769-26de3db1e5ddc0f9,0.24343675417661098,0.38345864661654133
ed728769-26de3db1e5ddc0f9,ef1d196b-c6903a1f95200b39,0.24333333333333335,0.25524475524475526
3b10bd6d-cb4bc04c8307b4f8,1b372750-4ec55bfec37eb837,0.2433234421364985,0.5256410256410257
1a6f8b20-46e2136e681f3c6f,778c91af-ba102667da83f00a,0.2433234421364985,0.4939759036144578
3088ca9c-f1011bb8e87b3927,c23278ec-650f3957a6da68ca,0.24324324324324326,0.35526315789473684
42fe7dd0-ae8f546af908b5fe,0c9d4def-6a3de0efe209485b,0.24324324324324326,0.4426229508196721
480de7be-17d68f699a8fb117,ed728769-26de3db1e5ddc0f9,0.24302788844621515,0.2824074074074074
f4757480-264ce4d0166e480d,ed728769-26de3db1e5ddc0f9,0.24302788844621515,0.2824074074074074
f4d6d28d-4171a85a7cd99755,7d12d33c-b4c3d5f6730bc23d,0.24289405684754523,0.27647058823529413
4eac0eea-433fe35c66f0896a,7d12d33c-b4c3d5f6730bc23d,0.24289405684754523,0.27647058823529413
b55888de-ca2300bd54fb3fd5,9be0602e-2479557b64cb6cbc,0.24289405684754523,0.6527777777777778
7d12d33c-b4c3d5f6730bc23d,30e0cc81-e37591091c959b0f,0.24282560706401765,0.2534562211981567
f4d6d28d-4171a85a7cd99755,464ad4dd-9978f63cac804e5b,0.24277456647398843,0.24705882352941178
4eac0eea-433fe35c66f0896a,464ad4dd-9978f63cac804e5b,0.24277456647398843,0.24705882352941178
23594fdf-bc29e3c145f03caa,d61f51c5-432a54c5bebe32fa,0.24277456647398843,0.33070866141732286
f8c99dd0-af74ef9023de52c3,a5d5a95f-106627618ba094d2,0.24271844660194175,0.30864197530864196
23594fdf-bc29e3c145f03caa,a2cf5634-50a35a847b217df3,0.24267782426778242,0.4566929133858268
55ab9b5d-97aa2decf67ee58c,d61f51c5-432a54c5bebe32fa,0.24262295081967214,0.43023255813953487
17e67976-1c13712beab98d62,f38ae053-1cc93e66c41ccafa,0.24260355029585798,0.5125
8cfe3ee0-900555a974d03516,30e0cc81-e37591091c959b0f,0.24257425742574257,0.2916666666666667
3b10bd6d-cb4bc04c8307b4f8,d61f51c5-432a54c5bebe32fa,0.24242424242424243,0.46153846153846156
7279bcb3-0f86b515ba2bd8dd,ed728769-26de3db1e5ddc0f9,0.24242424242424243,0.43636363636363634
ae4d5b49-62ede50d39b5202a,a5d5a95f-106627618ba094d2,0.24210526315789474,0.35384615384615387
17e67976-1c13712beab98d62,f5f97f19-d4fede29e258335b,0.24199288256227758,0.425
23594fdf-bc29e3c145f03caa,07043d35-d508fb40e7ba58e1,0.2416452442159383,0.3700787401574803
f2cf6a74-c36cd3e8f935af24,339fdc7f-08ea3facdbf2e797,0.2416452442159383,0.573170731707317
c4ca2ff3-8002e9fb1de21148,b8b08542-ed329a5d344748ed,0.24150943396226415,0.4383561643835616
c4ca2ff3-8002e9fb1de21148,d783d815-fcfd47fa9b8bb15b,0.24150943396226415,0.4383561643835616
c4ca2ff3-8002e9fb1de21148,d783d815-9c6f6853f561f0ed,0.24150943396226415,0.4383561643835616
98950986-d24a1d74ca0bc0c5,732c98a0-5659f20742b2f453,0.24145785876993167,0.5047619047619047
98950986-d24a1d74ca0bc0c5,732c98a0-0117162249c9d715,0.24145785876993167,0.5047619047619047
3088ca9c-f1011bb8e87b3927,46bde295-e51fa6bd867e4ba5,0.2413793103448276,0.27631578947368424
3b10bd6d-cb4bc04c8307b4f8,e5d02e93-9702b854ca246425,0.24126984126984127,0.48717948717948717
f7a0ea6d-b8e74e9785d59e88,b8b08542-ed329a5d344748ed,0.24124513618677043,0.47692307692307695
f7a0ea6d-b8e74e9785d59e88,d783d815-fcfd47fa9b8bb15b,0.24124513618677043,0.47692307692307695
f7a0ea6d-b8e74e9785d59e88,d783d815-9c6f6853f561f0ed,0.24124513618677043,0.47692307692307695
45e41c6d-14603621c555c558,51151974-bb8053de078aa97d,0.24120603015075376,0.35294117647058826
4e5ee0f7-8030183228b7a8d5,1f6b81b1-5b2cd71aff307a38,0.2410596026490066,0.4312796208530806
86102d81-85b3e078083a5c18,b434c275-276b6ce441c4669e,0.2410358565737052,0.8175675675675675
86102d81-85b3e078083a5c18,9399204d-6515f9b4b4661ed8,0.2410358565737052,0.8175675675675675
86102d81-85b3e078083a5c18,fdc4f384-81c2afc418e72aef,0.2410358565737052,0.8175675675675675
ef1d196b-c6903a1f95200b39,b434c275-276b6ce441c4669e,0.24102564102564103,0.44904458598726116
ef1d196b-c6903a1f95200b39,9399204d-6515f9b4b4661ed8,0.24102564102564103,0.44904458598726116
ef1d196b-c6903a1f95200b39,fdc4f384-81c2afc418e72aef,0.24102564102564103,0.44904458598726116
1b372750-4ec55bfec37eb837,40132ebc-0eb4e2e2a14b1fc4,0.24096385542168675,0.2702702702702703
42fe7dd0-ae8f546af908b5fe,98950986-d24a1d74ca0bc0c5,0.24096385542168675,0.32786885245901637
4da08761-2765de8ab5de2a01,9be0602e-2479557b64cb6cbc,0.24091778202676864,0.30288461538461536
3f939694-111b597776032895,cfba313d-96627cf80535b35d,0.24090338770388958,0.5274725274725275
b185d034-a791a4af4c89854c,35857a5a-8cd2a4bd9f3acd96,0.24056603773584906,0.2698412698412698
23594fdf-bc29e3c145f03caa,0b04b41e-0b6cb88d7212030e,0.24053452115812918,0.4251968503937008
54488276-f24b9e883d548563,ef1d196b-c6903a1f95200b39,0.24050632911392406,0.35625
b8b08542-ed329a5d344748ed,339fdc7f-08ea3facdbf2e797,0.24048096192384769,0.3125
d783d815-fcfd47fa9b8bb15b,339fdc7f-08ea3facdbf2e797,0.24048096192384769,0.3125
d783d815-9c6f6853f561f0ed,339fdc7f-08ea3facdbf2e797,0.24048096192384769,0.3125
656b62de-07e003f6fc62643b,35bb6075-720cdb4a7c64c6cd,0.24031007751937986,0.27074235807860264
b8b08542-ed329a5d344748ed,480de7be-17d68f699a8fb117,0.24019607843137256,0.2552083333333333
b8b08542-ed329a5d344748ed,f4757480-264ce4d0166e480d,0.24019607843137256,0.2552083333333333
d783d815-fcfd47fa9b8bb15b,480de7be-17d68f699a8fb117,0.24019607843137256,0.2552083333333333
d783d815-9c6f6853f561f0ed,480de7be-17d68f699a8fb117,0.24019607843137256,0.2552083333333333
d783d815-fcfd47fa9b8bb15b,f4757480-264ce4d0166e480d,0.24019607843137256,0.2552083333333333
d783d815-9c6f6853f561f0ed,f4757480-264ce4d0166e480d,0.24019607843137256,0.2552083333333333
0c9d4def-6a3de0efe209485b,ef1d196b-c6903a1f95200b39,0.24,0.35403726708074534
9291ca83-b2b16ed7b0bb365a,35857a5a-8cd2a4bd9f3acd96,0.24,0.5538461538461539
9be0602e-2479557b64cb6cbc,1f6b81b1-5b2cd71aff307a38,0.239813736903376,0.326984126984127
23594fdf-bc29e3c145f03caa,a368f345-4f26b824059bf5f9,0.23978201634877383,0.3464566929133858
98950986-d24a1d74ca0bc0c5,e5d02e93-9702b854ca246425,0.23976608187134502,0.3904761904761905
ed728769-26de3db1e5ddc0f9,cfba313d-96627cf80535b35d,0.2397336293007769,0.3776223776223776
4e5ee0f7-8030183228b7a8d5,cfba313d-96627cf80535b35d,0.2397094430992736,0.46919431279620855
1a6f8b20-46e2136e681f3c6f,175201f9-29a63f3073d1212f,0.2397003745318352,0.3855421686746988
0c9d4def-6a3de0efe209485b,40cc90ae-a1888e38f4a2438d,0.23969072164948454,0.577639751552795
ab7507bf-cfb7470e23cb45dc,ef1d196b-c6903a1f95200b39,0.23963133640552994,0.43333333333333335
9291ca83-b2b16ed7b0bb365a,d61f51c5-432a54c5bebe32fa,0.23943661971830985,0.5230769230769231
5449d33c-c3fa056747e67e0b,40cc90ae-a1888e38f4a2438d,0.2393397524071527,0.7767857142857143
4685c420-34caaa19b5555fa4,487c9f62-7eec6fd25ec3903d,0.23931623931623933,0.2916666666666667
00af3420-6a22b980be3bebb8,1f6b81b1-5b2cd71aff307a38,0.23916292974588937,0.64
bdf7bfb2-dc5f2f3e1ffc8032,1f6b81b1-5b2cd71aff307a38,0.23916292974588937,0.64
7a9c69d8-25b66767c6bfef75,1b372750-4ec55bfec37eb837,0.239067055393586,0.4880952380952381
6f393cfe-f27eb766dce24503,1b372750-4ec55bfec37eb837,0.239067055393586,0.4880952380952381
8a858867-b9bbeece66de3f0d,76a69f5c-5a0e3ae2a5ff1ef0,0.23902439024390243,0.3684210526315789
55ab9b5d-97aa2decf67ee58c,3f939694-111b597776032895,0.23880597014925373,0.37209302325581395
45e41c6d-14603621c555c558,8a858867-b9bbeece66de3f0d,0.23880597014925373,0.35294117647058826
c6113c06-d4ec0a6afa4cb16c,9be0602e-2479557b64cb6cbc,0.23880597014925373,0.5517241379310345
ae4d5b49-62ede50d39b5202a,8782922d-b6272ba0ec663c70,0.23863636363636365,0.3230769230769231
ccc8ef27-962b4c2d0adf3e00,35bb6075-720cdb4a7c64c6cd,0.23863636363636365,0.6461538461538462
d6fb3b9e-f5435586daf6a49b,35bb6075-720cdb4a7c64c6cd,0.23863636363636365,0.6461538461538462
d3415fc5-3d79a0cf6c3df934,f665e87b-932fba185362154d,0.2384937238493724,0.27014218009478674
d3415fc5-3d79a0cf6c3df934,f665e87b-f01b7cfb37168ad5,0.2384937238493724,0.27014218009478674
3b10bd6d-cb4bc04c8307b4f8,3f939694-111b597776032895,0.23846153846153847,0.3974358974358974
480de7be-17d68f699a8fb117,8a041ef5-22f968305d57262e,0.23846153846153847,0.28703703703703703
0ea5a836-8314c5dfb34c8bab,8a041ef5-22f968305d57262e,0.23846153846153847,0.28703703703703703
f4757480-264ce4d0166e480d,8a041ef5-22f968305d57262e,0.23846153846153847,0.28703703703703703
3088ca9c-f1011bb8e87b3927,175201f9-29a63f3073d1212f,0.23846153846153847,0.40789473684210525
f7a0ea6d-b8e74e9785d59e88,b9595381-1fe2b09ec26b73ed,0.23841059602649006,0.5538461538461539
c6113c06-d4ec0a6afa4cb16c,86102d81-85b3e078083a5c18,0.23829787234042554,0.3218390804597701
0c9d4def-6a3de0efe209485b,1f6b81b1-5b2cd71aff307a38,0.23829787234042554,0.5217391304347826
3b10bd6d-cb4bc04c8307b4f8,f38ae053-1cc93e66c41ccafa,0.23809523809523808,0.5128205128205128
66565156-e830bc6dfc3d34ae,3f939694-111b597776032895,0.23809523809523808,0.3125
3088ca9c-f1011bb8e87b3927,464ad4dd-9978f63cac804e5b,0.23809523809523808,0.39473684210526316
b185d034-a791a4af4c89854c,9be0602e-2479557b64cb6cbc,0.23809523809523808,0.31746031746031744
97a7fab5-c8910bb2ec5c2935,ef1d196b-c6903a1f95200b39,0.23809523809523808,0.3716216216216216
f4d6d28d-4171a85a7cd99755,a2cf5634-50a35a847b217df3,0.2380038387715931,0.36470588235294116
4eac0eea-433fe35c66f0896a,a2cf5634-50a35a847b217df3,0.2380038387715931,0.36470588235294116
7d12d33c-b4c3d5f6730bc23d,07043d35-d508fb40e7ba58e1,0.23799582463465555,0.2626728110599078
585af783-1941371b4a80bb80,01c915a2-b134dfb6a3c23cce,0.23795180722891565,0.541095890410959
9e7551da-8b58fac3a9eaef98,ed728769-26de3db1e5ddc0f9,0.23786407766990292,0.3888888888888889
f0e13442-3615d4e91a6c5bd9,ed728769-26de3db1e5ddc0f9,0.23786407766990292,0.3888888888888889
f4d6d28d-4171a85a7cd99755,2a35cd81-0aeb43004eb108dd,0.23786407766990292,0.28823529411764703
98950986-d24a1d74ca0bc0c5,339fdc7f-08ea3facdbf2e797,0.23786407766990292,0.4666666666666667
4eac0eea-433fe35c66f0896a,2a35cd81-0aeb43004eb108dd,0.23786407766990292,0.28823529411764703
f4d6d28d-4171a85a7cd99755,1b372750-4ec55bfec37eb837,0.23776223776223776,0.3
4eac0eea-433fe35c66f0896a,1b372750-4ec55bfec37eb837,0.23776223776223776,0.3
4685c420-34caaa19b5555fa4,86102d81-85b3e078083a5c18,0.23770491803278687,0.3020833333333333
98950986-d24a1d74ca0bc0c5,26ad111c-6f110a9e517fc801,0.23770491803278687,0.2761904761904762
4685c420-34caaa19b5555fa4,97a7fab5-c8910bb2ec5c2935,0.23770491803278687,0.3020833333333333
c6113c06-d4ec0a6afa4cb16c,f38ae053-1cc93e66c41ccafa,0.23768115942028986,0.47126436781609193
fdd41565-d026425f11fe71fd,40cc90ae-a1888e38f4a2438d,0.2376502002670227,0.664179104477612
f2cf6a74-c36cd3e8f935af24,0b04b41e-0b6cb88d7212030e,0.2376237623762376,0.5853658536585366
b0a01ee7-a88cb875e376e2ba,b9595381-1fe2b09ec26b73ed,0.2376237623762376,0.5454545454545454
f4d6d28d-4171a85a7cd99755,b8b08542-ed329a5d344748ed,0.23756906077348067,0.2529411764705882
4eac0eea-433fe35c66f0896a,b8b08542-ed329a5d344748ed,0.23756906077348067,0.2529411764705882
f4d6d28d-4171a85a7cd99755,d783d815-fcfd47fa9b8bb15b,0.23756906077348067,0.2529411764705882
4eac0eea-433fe35c66f0896a,d783d815-fcfd47fa9b8bb15b,0.23756906077348067,0.2529411764705882
f4d6d28d-4171a85a7cd99755,d783d815-9c6f6853f561f0ed,0.23756906077348067,0.2529411764705882
4eac0eea-433fe35c66f0896a,d783d815-9c6f6853f561f0ed,0.23756906077348067,0.2529411764705882
17e67976-1c13712beab98d62,f6ed6826-065d31f19f562fcc,0.2375,0.475
b0a01ee7-a88cb875e376e2ba,778c91af-ba102667da83f00a,0.2375,0.5757575757575758
98950986-d24a1d74ca0bc0c5,0f09b843-a169d06ba2070f2e,0.2374429223744292,0.24761904761904763
97a7fab5-c8910bb2ec5c2935,b185d034-a791a4af4c89854c,0.23738872403560832,0.2702702702702703
a5d5a95f-106627618ba094d2,f4d6d28d-4171a85a7cd99755,0.23728813559322035,0.28
a5d5a95f-106627618ba094d2,4eac0eea-433fe35c66f0896a,0.23728813559322035,0.28
ccc8ef27-962b4c2d0adf3e00,66565156-e830bc6dfc3d34ae,0.23728813559322035,0.3230769230769231
d6fb3b9e-f5435586daf6a49b,66565156-e830bc6dfc3d34ae,0.23728813559322035,0.3230769230769231
a368f345-4f26b824059bf5f9,1f6b81b1-5b2cd71aff307a38,0.2372448979591837,0.3875
f2cf6a74-c36cd3e8f935af24,66565156-e830bc6dfc3d34ae,0.23711340206185566,0.2804878048780488
08cf0478-cf474a42302061bb,d3415fc5-3d79a0cf6c3df934,0.23708206686930092,0.3305084745762712
45e41c6d-14603621c555c558,7a9c69d8-25b66767c6bfef75,0.23684210526315788,0.2647058823529412
45e41c6d-14603621c555c558,6f393cfe-f27eb766dce24503,0.23684210526315788,0.2647058823529412
46bde295-e51fa6bd867e4ba5,f6ed6826-065d31f19f562fcc,0.23668639053254437,0.40816326530612246
45e41c6d-14603621c555c558,35bb6075-720cdb4a7c64c6cd,0.23661971830985915,0.6176470588235294
6018974f-796cead4caace323,08cf0478-cf474a42302061bb,0.23655913978494625,0.3235294117647059
45e41c6d-14603621c555c558,4e5ee0f7-8030183228b7a8d5,0.23655913978494625,0.4852941176470588
487c9f62-7eec6fd25ec3903d,dff5ff0a-4c22ff53e6acbc9b,0.23651452282157676,0.41304347826086957
7a9c69d8-25b66767c6bfef75,0b04b41e-0b6cb88d7212030e,0.23645320197044334,0.5714285714285714
6f393cfe-f27eb766dce24503,0b04b41e-0b6cb88d7212030e,0.23645320197044334,0.5714285714285714
26ad111c-6f110a9e517fc801,1b372750-4ec55bfec37eb837,0.23618090452261306,0.3381294964028777
a5d5a95f-106627618ba094d2,339fdc7f-08ea3facdbf2e797,0.2361111111111111,0.408
b55888de-ca2300bd54fb3fd5,480de7be-17d68f699a8fb117,0.2361111111111111,0.4722222222222222
b55888de-ca2300bd54fb3fd5,f4757480-264ce4d0166e480d,0.2361111111111111,0.4722222222222222
8782922d-b6272ba0ec663c70,d3415fc5-3d79a0cf6c3df934,0.2360248447204969,0.34234234234234234
464ad4dd-9978f63cac804e5b,339fdc7f-08ea3facdbf2e797,0.2360248447204969,0.32386363636363635
f8c99dd0-af74ef9023de52c3,f38ae053-1cc93e66c41ccafa,0.2359882005899705,0.49382716049382713
17e67976-1c13712beab98d62,1b372750-4ec55bfec37eb837,0.2359882005899705,0.5
8a041ef5-22f968305d57262e,9be0602e-2479557b64cb6cbc,0.2358642972536349,0.24013157894736842
4685c420-34caaa19b5555fa4,8a858867-b9bbeece66de3f0d,0.23580786026200873,0.28125
ef1d196b-c6903a1f95200b39,d83f74f7-23bcf7dad899d241,0.23580034423407917,0.43630573248407645
464ad4dd-9978f63cac804e5b,d92c5342-53771e54c54e60c0,0.2356020942408377,0.5113636363636364
7d12d33c-b4c3d5f6730bc23d,cfba313d-96627cf80535b35d,0.23557692307692307,0.45161290322580644
e5d02e93-9702b854ca246425,9be0602e-2479557b64cb6cbc,0.23550724637681159,0.2742616033755274
1d43139f-a08be36b098f0971,2a35cd81-0aeb43004eb108dd,0.23529411764705882,0.3333333333333333
6018974f-796cead4caace323,0f14b12d-fee145b04c8d2e7d,0.23529411764705882,0.5294117647058824
3b10bd6d-cb4bc04c8307b4f8,9e7551da-8b58fac3a9eaef98,0.23529411764705882,0.3076923076923077
3b10bd6d-cb4bc04c8307b4f8,f0e13442-3615d4e91a6c5bd9,0.23529411764705882,0.3076923076923077
656b62de-07e003f6fc62643b,9be0602e-2479557b64cb6cbc,0.23529411764705882,0.2794759825327511
f7a0ea6d-b8e74e9785d59e88,f38ae053-1cc93e66c41ccafa,0.23529411764705882,0.5846153846153846
f7a0ea6d-b8e74e9785d59e88,98950986-d24a1d74ca0bc0c5,0.23529411764705882,0.3076923076923077
4241f473-734711fff505529f,1f6b81b1-5b2cd71aff307a38,0.23529411764705882,0.5359477124183006
98950986-d24a1d74ca0bc0c5,77448a05-1dfe65e51fa688fd,0.23501199040767387,0.4666666666666667
c4ca2ff3-8002e9fb1de21148,2a35cd81-0aeb43004eb108dd,0.23492063492063492,0.5068493150684932
9291ca83-b2b16ed7b0bb365a,480de7be-17d68f699a8fb117,0.23487544483985764,0.5076923076923077
9291ca83-b2b16ed7b0bb365a,f4757480-264ce4d0166e480d,0.23487544483985764,0.5076923076923077
b55888de-ca2300bd54fb3fd5,b8b08542-ed329a5d344748ed,0.23484848484848486,0.4305555555555556
b55888de-ca2300bd54fb3fd5,d783d815-fcfd47fa9b8bb15b,0.23484848484848486,0.4305555555555556
b55888de-ca2300bd54fb3fd5,d783d815-9c6f6853f561f0ed,0.23484848484848486,0.4305555555555556
4da08761-2765de8ab5de2a01,d83f74f7-23bcf7dad899d241,0.23484848484848486,0.5961538461538461
98950986-d24a1d74ca0bc0c5,a5d5a95f-106627618ba094d2,0.23478260869565218,0.2571428571428571
c6113c06-d4ec0a6afa4cb16c,9e7551da-8b58fac3a9eaef98,0.2347417840375587,0.28735632183908044
c6113c06-d4ec0a6afa4cb16c,f0e13442-3615d4e91a6c5bd9,0.2347417840375587,0.28735632183908044
b8b08542-ed329a5d344748ed,76a69f5c-5a0e3ae2a5ff1ef0,0.2345415778251599,0.2864583333333333
d783d815-fcfd47fa9b8bb15b,76a69f5c-5a0e3ae2a5ff1ef0,0.2345415778251599,0.2864583333333333
d783d815-9c6f6853f561f0ed,76a69f5c-5a0e3ae2a5ff1ef0,0.2345415778251599,0.2864583333333333
c4ca2ff3-8002e9fb1de21148,7d12d33c-b4c3d5f6730bc23d,0.23448275862068965,0.4657534246575342
ae4d5b49-62ede50d39b5202a,4da08761-2765de8ab5de2a01,0.23443223443223443,0.49230769230769234
ccc8ef27-962b4c2d0adf3e00,4da08761-2765de8ab5de2a01,0.23443223443223443,0.49230769230769234
d6fb3b9e-f5435586daf6a49b,4da08761-2765de8ab5de2a01,0.23443223443223443,0.49230769230769234
d3415fc5-3d79a0cf6c3df934,3c74c140-a93ee473b71ac072,0.234375,0.2843601895734597
4685c420-34caaa19b5555fa4,9e7551da-8b58fac3a9eaef98,0.23423423423423423,0.2708333333333333
4685c420-34caaa19b5555fa4,f0e13442-3615d4e91a6c5bd9,0.23423423423423423,0.2708333333333333
8532d5ed-e56d613d9e34734b,f4d6d28d-4171a85a7cd99755,0.23411371237458195,0.2713178294573643
8532d5ed-e56d613d9e34734b,4eac0eea-433fe35c66f0896a,0.23411371237458195,0.2713178294573643
0f14b12d-fee145b04c8d2e7d,b434c275-276b6ce441c4669e,0.2340036563071298,0.5378151260504201
0f14b12d-fee145b04c8d2e7d,9399204d-6515f9b4b4661ed8,0.2340036563071298,0.5378151260504201
0f14b12d-fee145b04c8d2e7d,fdc4f384-81c2afc418e72aef,0.2340036563071298,0.5378151260504201
b8b08542-ed329a5d344748ed,8a041ef5-22f968305d57262e,0.23387096774193547,0.3020833333333333
d783d815-fcfd47fa9b8bb15b,8a041ef5-22f968305d57262e,0.23387096774193547,0.3020833333333333
d783d815-9c6f6853f561f0ed,8a041ef5-22f968305d57262e,0.23387096774193547,0.3020833333333333
b9595381-1fe2b09ec26b73ed,1b372750-4ec55bfec37eb837,0.23387096774193547,0.24472573839662448
487c9f62-7eec6fd25ec3903d,f4d6d28d-4171a85a7cd99755,0.23376623376623376,0.2608695652173913
487c9f62-7eec6fd25ec3903d,4eac0eea-433fe35c66f0896a,0.23376623376623376,0.2608695652173913
480de7be-17d68f699a8fb117,656b62de-07e003f6fc62643b,0.23370786516853934,0.24074074074074073
f4757480-264ce4d0166e480d,656b62de-07e003f6fc62643b,0.23370786516853934,0.24074074074074073
7279bcb3-0f86b515ba2bd8dd,f38ae053-1cc93e66c41ccafa,0.23369565217391305,0.39090909090909093
54488276-f24b9e883d548563,4da08761-2765de8ab5de2a01,0.23369565217391305,0.26875
97a7fab5-c8910bb2ec5c2935,d92c5342-53771e54c54e60c0,0.23369565217391305,0.581081081081081
175201f9-29a63f3073d1212f,1f6b81b1-5b2cd71aff307a38,0.23351648351648352,0.46195652173913043
7814575b-d53f200ab383f03f,77448a05-1dfe65e51fa688fd,0.233502538071066,0.5609756097560976
f8c99dd0-af74ef9023de52c3,464ad4dd-9978f63cac804e5b,0.23346303501945526,0.37037037037037035
7814575b-d53f200ab383f03f,35857a5a-8cd2a4bd9f3acd96,0.2334384858044164,0.45121951219512196
7a9c69d8-25b66767c6bfef75,480de7be-17d68f699a8fb117,0.23333333333333334,0.4166666666666667
7a9c69d8-25b66767c6bfef75,f4757480-264ce4d0166e480d,0.23333333333333334,0.4166666666666667
6f393cfe-f27eb766dce24503,480de7be-17d68f699a8fb117,0.23333333333333334,0.4166666666666667
6f393cfe-f27eb766dce24503,f4757480-264ce4d0166e480d,0.23333333333333334,0.4166666666666667
6be4dcef-d802164d63afa92e,f38ae053-1cc93e66c41ccafa,0.23323615160349853,0.47058823529411764
07043d35-d508fb40e7ba58e1,8a041ef5-22f968305d57262e,0.2332155477031802,0.25190839694656486
7279bcb3-0f86b515ba2bd8dd,480de7be-17d68f699a8fb117,0.2331288343558282,0.34545454545454546
55ab9b5d-97aa2decf67ee58c,a368f345-4f26b824059bf5f9,0.2331288343558282,0.4418604651162791
7279bcb3-0f86b515ba2bd8dd,f4757480-264ce4d0166e480d,0.2331288343558282,0.34545454545454546
c4ca2ff3-8002e9fb1de21148,30e0cc81-e37591091c959b0f,0.23300970873786409,0.4931506849315068
ae4d5b49-62ede50d39b5202a,175201f9-29a63f3073d1212f,0.23293172690763053,0.4461538461538462
f7a0ea6d-b8e74e9785d59e88,175201f9-29a63f3073d1212f,0.23293172690763053,0.4461538461538462
d3415fc5-3d79a0cf6c3df934,35bb6075-720cdb4a7c64c6cd,0.23293172690763053,0.27488151658767773
86102d81-85b3e078083a5c18,f4d6d28d-4171a85a7cd99755,0.23270440251572327,0.25
86102d81-85b3e078083a5c18,4eac0eea-433fe35c66f0896a,0.23270440251572327,0.25
ef1d196b-c6903a1f95200b39,0b04b41e-0b6cb88d7212030e,0.23270440251572327,0.2356687898089172
7a9c69d8-25b66767c6bfef75,15941165-e7a0000e57984fda,0.23255813953488372,0.35714285714285715
6f393cfe-f27eb766dce24503,15941165-e7a0000e57984fda,0.23255813953488372,0.35714285714285715
f6ed6826-065d31f19f562fcc,1b372750-4ec55bfec37eb837,0.23246492985971945,0.24166666666666667
45e41c6d-14603621c555c558,0ea5a836-8314c5dfb34c8bab,0.2323943661971831,0.4852941176470588
7a9c69d8-25b66767c6bfef75,77448a05-1dfe65e51fa688fd,0.23232323232323232,0.5476190476190477
9291ca83-b2b16ed7b0bb365a,8a858867-b9bbeece66de3f0d,0.23232323232323232,0.35384615384615387
6f393cfe-f27eb766dce24503,77448a05-1dfe65e51fa688fd,0.23232323232323232,0.5476190476190477
8782922d-b6272ba0ec663c70,2a35cd81-0aeb43004eb108dd,0.23229461756373937,0.36936936936936937
d3415fc5-3d79a0cf6c3df934,778c91af-ba102667da83f00a,0.23225806451612904,0.2559241706161137
c4ca2ff3-8002e9fb1de21148,7814575b-d53f200ab383f03f,0.23225806451612904,0.2465753424657534
9e7551da-8b58fac3a9eaef98,0b04b41e-0b6cb88d7212030e,0.23214285714285715,0.4126984126984127
f0e13442-3615d4e91a6c5bd9,0b04b41e-0b6cb88d7212030e,0.23214285714285715,0.4126984126984127
9291ca83-b2b16ed7b0bb365a,778c91af-ba102667da83f00a,0.23197492163009403,0.5692307692307692
3f939694-111b597776032895,dff5ff0a-4c22ff53e6acbc9b,0.23193916349809887,0.33516483516483514
d3a0b8d2-95a57759ca7f4494,480de7be-17d68f699a8fb117,0.2318840579710145,0.5333333333333333
45e41c6d-14603621c555c558,26ad111c-6f110a9e517fc801,0.2318840579710145,0.35294117647058826
d3a0b8d2-95a57759ca7f4494,f4757480-264ce4d0166e480d,0.2318840579710145,0.5333333333333333
ae4d5b49-62ede50d39b5202a,b9595381-1fe2b09ec26b73ed,0.23178807947019867,0.5384615384615384
7814575b-d53f200ab383f03f,f2cf6a74-c36cd3e8f935af24,0.23170731707317074,0.23170731707317074
f2cf6a74-c36cd3e8f935af24,656b62de-07e003f6fc62643b,0.2315112540192926,0.43902439024390244
3088ca9c-f1011bb8e87b3927,35857a5a-8cd2a4bd9f3acd96,0.2315112540192926,0.47368421052631576
6a47e491-9e58b734b00c40ca,f38ae053-1cc93e66c41ccafa,0.2314410480349345,0.265
45e41c6d-14603621c555c558,15941165-e7a0000e57984fda,0.23140495867768596,0.4117647058823529
98950986-d24a1d74ca0bc0c5,f665e87b-932fba185362154d,0.23118279569892472,0.4095238095238095
98950986-d24a1d74ca0bc0c5,f665e87b-f01b7cfb37168ad5,0.23118279569892472,0.4095238095238095
f8c99dd0-af74ef9023de52c3,08cf0478-cf474a42302061bb,0.23115577889447236,0.2839506172839506
4685c420-34caaa19b5555fa4,8532d5ed-e56d613d9e34734b,0.2311111111111111,0.2708333333333333
b0a01ee7-a88cb875e376e2ba,e5d02e93-9702b854ca246425,0.23102310231023102,0.5303030303030303
97a7fab5-c8910bb2ec5c2935,1b372750-4ec55bfec37eb837,0.23095823095823095,0.31756756756756754
b185d034-a791a4af4c89854c,40132ebc-0eb4e2e2a14b1fc4,0.2309197651663405,0.31216931216931215
175201f9-29a63f3073d1212f,01c915a2-b134dfb6a3c23cce,0.23076923076923078,0.44021739130434784
4241f473-734711fff505529f,d3415fc5-3d79a0cf6c3df934,0.23076923076923078,0.27450980392156865
4685c420-34caaa19b5555fa4,66565156-e830bc6dfc3d34ae,0.23076923076923078,0.25
86102d81-85b3e078083a5c18,cfba313d-96627cf80535b35d,0.2306684141546527,0.5945945945945946
8532d5ed-e56d613d9e34734b,40132ebc-0eb4e2e2a14b1fc4,0.23059866962305986,0.40310077519379844
7279bcb3-0f86b515ba2bd8dd,4e5ee0f7-8030183228b7a8d5,0.23052959501557632,0.33636363636363636
23594fdf-bc29e3c145f03caa,8cfe3ee0-900555a974d03516,0.2305084745762712,0.2677165354330709
d3a0b8d2-95a57759ca7f4494,35857a5a-8cd2a4bd9f3acd96,0.2305084745762712,0.5666666666666667
98950986-d24a1d74ca0bc0c5,76a69f5c-5a0e3ae2a5ff1ef0,0.23036649214659685,0.41904761904761906
f8c99dd0-af74ef9023de52c3,3c74c140-a93ee473b71ac072,0.23036649214659685,0.5432098765432098
175201f9-29a63f3073d1212f,cfba313d-96627cf80535b35d,0.23028785982478098,0.5
15941165-e7a0000e57984fda,8a041ef5-22f968305d57262e,0.2301255230125523,0.3160919540229885
b0a01ee7-a88cb875e376e2ba,54488276-f24b9e883d548563,0.23008849557522124,0.3939393939393939
6be4dcef-d802164d63afa92e,778c91af-ba102667da83f00a,0.23008849557522124,0.4588235294117647
3088ca9c-f1011bb8e87b3927,b9595381-1fe2b09ec26b73ed,0.23003194888178913,0.47368421052631576
778c91af-ba102667da83f00a,1b372750-4ec55bfec37eb837,0.2300194931773879,0.23228346456692914
45e41c6d-14603621c555c558,1d43139f-a08be36b098f0971,0.23,0.3382352941176471
7a9c69d8-25b66767c6bfef75,0f14b12d-fee145b04c8d2e7d,0.22981366459627328,0.44047619047619047
6f393cfe-f27eb766dce24503,0f14b12d-fee145b04c8d2e7d,0.22981366459627328,0.44047619047619047
0f14b12d-fee145b04c8d2e7d,cfba313d-96627cf80535b35d,0.22977725674091443,0.4117647058823529
42fe7dd0-ae8f546af908b5fe,0b04b41e-0b6cb88d7212030e,0.2297650130548303,0.7213114754098361
4685c420-34caaa19b5555fa4,35bb6075-720cdb4a7c64c6cd,0.2297650130548303,0.4583333333333333
42fe7dd0-ae8f546af908b5fe,c6113c06-d4ec0a6afa4cb16c,0.22972972972972974,0.2786885245901639
17e67976-1c13712beab98d62,0ea5a836-8314c5dfb34c8bab,0.22972972972972974,0.425
b0a01ee7-a88cb875e376e2ba,7814575b-d53f200ab383f03f,0.22972972972972974,0.25757575757575757
4685c420-34caaa19b5555fa4,6a47e491-9e58b734b00c40ca,0.22972972972972974,0.3541666666666667
f2cf6a74-c36cd3e8f935af24,23594fdf-bc29e3c145f03caa,0.22966507177033493,0.2926829268292683
b55888de-ca2300bd54fb3fd5,1b372750-4ec55bfec37eb837,0.229607250755287,0.5277777777777778
8a858867-b9bbeece66de3f0d,1b372750-4ec55bfec37eb837,0.22959183673469388,0.3383458646616541
98950986-d24a1d74ca0bc0c5,35bb6075-720cdb4a7c64c6cd,0.22959183673469388,0.42857142857142855
45e41c6d-14603621c555c558,e5d02e93-9702b854ca246425,0.22950819672131148,0.5147058823529411
d3415fc5-3d79a0cf6c3df934,0ea5a836-8314c5dfb34c8bab,0.22950819672131148,0.23222748815165878
a368f345-4f26b824059bf5f9,dff5ff0a-4c22ff53e6acbc9b,0.22945205479452055,0.2791666666666667
464ad4dd-9978f63cac804e5b,ed728769-26de3db1e5ddc0f9,0.22943722943722944,0.30113636363636365
778c91af-ba102667da83f00a,8a041ef5-22f968305d57262e,0.22939068100358423,0.25196850393700787
7a9c69d8-25b66767c6bfef75,fdd41565-d026425f11fe71fd,0.22935779816513763,0.2976190476190476
6f393cfe-f27eb766dce24503,fdd41565-d026425f11fe71fd,0.22935779816513763,0.2976190476190476
b8b08542-ed329a5d344748ed,ef1d196b-c6903a1f95200b39,0.22924901185770752,0.3020833333333333
d783d815-fcfd47fa9b8bb15b,ef1d196b-c6903a1f95200b39,0.22924901185770752,0.3020833333333333
d783d815-9c6f6853f561f0ed,ef1d196b-c6903a1f95200b39,0.22924901185770752,0.3020833333333333
4241f473-734711fff505529f,40cc90ae-a1888e38f4a2438d,0.22916666666666666,0.5751633986928104
656b62de-07e003f6fc62643b,ed728769-26de3db1e5ddc0f9,0.229126213592233,0.2576419213973799
4da08761-2765de8ab5de2a01,d3415fc5-3d79a0cf6c3df934,0.22911694510739858,0.23076923076923078
1b372750-4ec55bfec37eb837,d92c5342-53771e54c54e60c0,0.22904368358913813,0.3745173745173745
86102d81-85b3e078083a5c18,d83f74f7-23bcf7dad899d241,0.2289156626506024,0.7702702702702703
00af3420-6a22b980be3bebb8,76a69f5c-5a0e3ae2a5ff1ef0,0.22885572139303484,0.368
bdf7bfb2-dc5f2f3e1ffc8032,76a69f5c-5a0e3ae2a5ff1ef0,0.22885572139303484,0.368
1a6f8b20-46e2136e681f3c6f,08cf0478-cf474a42302061bb,0.22885572139303484,0.27710843373493976
3088ca9c-f1011bb8e87b3927,54488276-f24b9e883d548563,0.2288135593220339,0.35526315789473684
46bde295-e51fa6bd867e4ba5,487c9f62-7eec6fd25ec3903d,0.2288135593220339,0.2755102040816326
8782922d-b6272ba0ec663c70,54488276-f24b9e883d548563,0.22878228782287824,0.27927927927927926
0f09b843-a169d06ba2070f2e,b8b08542-ed329a5d344748ed,0.22875816993464052,0.30701754385964913
0f09b843-a169d06ba2070f2e,d783d815-fcfd47fa9b8bb15b,0.22875816993464052,0.30701754385964913
0f09b843-a169d06ba2070f2e,d783d815-9c6f6853f561f0ed,0.22875816993464052,0.30701754385964913
480de7be-17d68f699a8fb117,cfba313d-96627cf80535b35d,0.2286401925391095,0.4398148148148148
f4757480-264ce4d0166e480d,cfba313d-96627cf80535b35d,0.2286401925391095,0.4398148148148148
585af783-1941371b4a80bb80,dff5ff0a-4c22ff53e6acbc9b,0.22857142857142856,0.3835616438356164
ab7507bf-cfb7470e23cb45dc,cfba313d-96627cf80535b35d,0.22857142857142856,0.7
0f09b843-a169d06ba2070f2e,9be0602e-2479557b64cb6cbc,0.22843822843822845,0.4298245614035088
23594fdf-bc29e3c145f03caa,f665e87b-932fba185362154d,0.22842639593908629,0.3543307086614173
23594fdf-bc29e3c145f03caa,f665e87b-f01b7cfb37168ad5,0.22842639593908629,0.3543307086614173
d3415fc5-3d79a0cf6c3df934,07043d35-d508fb40e7ba58e1,0.22832980972515857,0.2559241706161137
46bde295-e51fa6bd867e4ba5,35857a5a-8cd2a4bd9f3acd96,0.22822822822822822,0.3877551020408163
54488276-f24b9e883d548563,0b04b41e-0b6cb88d7212030e,0.22821576763485477,0.34375
42fe7dd0-ae8f546af908b5fe,e5d02e93-9702b854ca246425,0.22818791946308725,0.5573770491803278
4685c420-34caaa19b5555fa4,a2cf5634-50a35a847b217df3,0.22818791946308725,0.53125
7279bcb3-0f86b515ba2bd8dd,f665e87b-932fba185362154d,0.22811671087533156,0.39090909090909093
f7a0ea6d-b8e74e9785d59e88,77448a05-1dfe65e51fa688fd,0.22811671087533156,0.6615384615384615
7279bcb3-0f86b515ba2bd8dd,f665e87b-f01b7cfb37168ad5,0.22811671087533156,0.39090909090909093
fdd41565-d026425f11fe71fd,0b04b41e-0b6cb88d7212030e,0.22807017543859648,0.3880597014925373
45e41c6d-14603621c555c558,a5d5a95f-106627618ba094d2,0.22797927461139897,0.3235294117647059
17e67976-1c13712beab98d62,b8b08542-ed329a5d344748ed,0.22794117647058823,0.3875
17e67976-1c13712beab98d62,d783d815-fcfd47fa9b8bb15b,0.22794117647058823,0.3875
17e67976-1c13712beab98d62,d783d815-9c6f6853f561f0ed,0.22794117647058823,0.3875
46bde295-e51fa6bd867e4ba5,07043d35-d508fb40e7ba58e1,0.22777777777777777,0.41836734693877553
ae4d5b49-62ede50d39b5202a,480de7be-17d68f699a8fb117,0.2277580071174377,0.49230769230769234
ae4d5b49-62ede50d39b5202a,f4757480-264ce4d0166e480d,0.2277580071174377,0.49230769230769234
08cf0478-cf474a42302061bb,ed728769-26de3db1e5ddc0f9,0.22772277227722773,0.3898305084745763
0f09b843-a169d06ba2070f2e,d3415fc5-3d79a0cf6c3df934,0.2276923076923077,0.32456140350877194
464ad4dd-9978f63cac804e5b,01c915a2-b134dfb6a3c23cce,0.2276657060518732,0.44886363636363635
46bde295-e51fa6bd867e4ba5,97a7fab5-c8910bb2ec5c2935,0.22764227642276422,0.2857142857142857
2a35cd81-0aeb43004eb108dd,1b372750-4ec55bfec37eb837,0.2275449101796407,0.23553719008264462
46bde295-e51fa6bd867e4ba5,30e0cc81-e37591091c959b0f,0.2275449101796407,0.3877551020408163
9291ca83-b2b16ed7b0bb365a,c23278ec-650f3957a6da68ca,0.22748815165876776,0.36923076923076925
ae4d5b49-62ede50d39b5202a,585af783-1941371b4a80bb80,0.22748815165876776,0.36923076923076925
ccc8ef27-962b4c2d0adf3e00,40132ebc-0eb4e2e2a14b1fc4,0.22739018087855298,0.676923076923077
d6fb3b9e-f5435586daf6a49b,40132ebc-0eb4e2e2a14b1fc4,0.22739018087855298,0.676923076923077
7279bcb3-0f86b515ba2bd8dd,76a69f5c-5a0e3ae2a5ff1ef0,0.22739018087855298,0.4
55ab9b5d-97aa2decf67ee58c,fdd41565-d026425f11fe71fd,0.22727272727272727,0.29069767441860467
97a7fab5-c8910bb2ec5c2935,54488276-f24b9e883d548563,0.22727272727272727,0.23648648648648649
d3a0b8d2-95a57759ca7f4494,f8c99dd0-af74ef9023de52c3,0.22695035460992907,0.26666666666666666
23594fdf-bc29e3c145f03caa,4da08761-2765de8ab5de2a01,0.22686567164179106,0.2992125984251969
46bde295-e51fa6bd867e4ba5,732c98a0-5659f20742b2f453,0.22685185185185186,0.5
46bde295-e51fa6bd867e4ba5,732c98a0-0117162249c9d715,0.22685185185185186,0.5
6018974f-796cead4caace323,9e7551da-8b58fac3a9eaef98,0.2268041237113402,0.3235294117647059
6018974f-796cead4caace323,f0e13442-3615d4e91a6c5bd9,0.2268041237113402,0.3235294117647059
d3a0b8d2-95a57759ca7f4494,fdd41565-d026425f11fe71fd,0.2268041237113402,0.36666666666666664
d3415fc5-3d79a0cf6c3df934,6e7cd58b-9e00f3e11d7fd578,0.226691042047532,0.2938388625592417
6be4dcef-d802164d63afa92e,08cf0478-cf474a42302061bb,0.22660098522167488,0.27058823529411763
8a858867-b9bbeece66de3f0d,656b62de-07e003f6fc62643b,0.2265193370165746,0.3082706766917293
35857a5a-8cd2a4bd9f3acd96,ed728769-26de3db1e5ddc0f9,0.22648752399232247,0.251063829787234
3b10bd6d-cb4bc04c8307b4f8,f6ed6826-065d31f19f562fcc,0.22641509433962265,0.46153846153846156
3088ca9c-f1011bb8e87b3927,1a6f8b20-46e2136e681f3c6f,0.22641509433962265,0.23684210526315788
fdd41565-d026425f11fe71fd,e5d02e93-9702b854ca246425,0.22641509433962265,0.31343283582089554
8cfe3ee0-900555a974d03516,d83f74f7-23bcf7dad899d241,0.2263779527559055,0.6845238095238095
ccc8ef27-962b4c2d0adf3e00,07043d35-d508fb40e7ba58e1,0.22629969418960244,0.5692307692307692
d6fb3b9e-f5435586daf6a49b,07043d35-d508fb40e7ba58e1,0.22629969418960244,0.5692307692307692
30e0cc81-e37591091c959b0f,1b372750-4ec55bfec37eb837,0.22626262626262628,0.23728813559322035
6a47e491-9e58b734b00c40ca,2a35cd81-0aeb43004eb108dd,0.22624434389140272,0.25
4685c420-34caaa19b5555fa4,a368f345-4f26b824059bf5f9,0.2261904761904762,0.3958333333333333
f2cf6a74-c36cd3e8f935af24,f5f97f19-d4fede29e258335b,0.22614840989399293,0.3902439024390244
5449d33c-c3fa056747e67e0b,ed728769-26de3db1e5ddc0f9,0.22613065326633167,0.4017857142857143
7279bcb3-0f86b515ba2bd8dd,3f939694-111b597776032895,0.22602739726027396,0.3
3088ca9c-f1011bb8e87b3927,0ea5a836-8314c5dfb34c8bab,0.22602739726027396,0.4342105263157895
98950986-d24a1d74ca0bc0c5,fdd41565-d026425f11fe71fd,0.22594142259414227,0.2571428571428571
ab7507bf-cfb7470e23cb45dc,1f6b81b1-5b2cd71aff307a38,0.22590361445783133,0.625
4685c420-34caaa19b5555fa4,f665e87b-932fba185362154d,0.22589531680440772,0.4270833333333333
3f939694-111b597776032895,1f6b81b1-5b2cd71aff307a38,0.22589531680440772,0.45054945054945056
4685c420-34caaa19b5555fa4,f665e87b-f01b7cfb37168ad5,0.22589531680440772,0.4270833333333333
8782922d-b6272ba0ec663c70,ef1d196b-c6903a1f95200b39,0.22588235294117648,0.43243243243243246
0c9d4def-6a3de0efe209485b,d3415fc5-3d79a0cf6c3df934,0.22580645161290322,0.2608695652173913
f2cf6a74-c36cd3e8f935af24,b9595381-1fe2b09ec26b73ed,0.22570532915360503,0.43902439024390244
ccc8ef27-962b4c2d0adf3e00,778c91af-ba102667da83f00a,0.22570532915360503,0.5538461538461539
d6fb3b9e-f5435586daf6a49b,778c91af-ba102667da83f00a,0.22570532915360503,0.5538461538461539
ae4d5b49-62ede50d39b5202a,26ad111c-6f110a9e517fc801,0.22549019607843138,0.35384615384615387
b0a01ee7-a88cb875e376e2ba,487c9f62-7eec6fd25ec3903d,0.22549019607843138,0.3484848484848485
86102d81-85b3e078083a5c18,1f6b81b1-5b2cd71aff307a38,0.2254335260115607,0.527027027027027
7279bcb3-0f86b515ba2bd8dd,339fdc7f-08ea3facdbf2e797,0.22541966426858512,0.42727272727272725
7a9c69d8-25b66767c6bfef75,6a47e491-9e58b734b00c40ca,0.22535211267605634,0.38095238095238093
6f393cfe-f27eb766dce24503,6a47e491-9e58b734b00c40ca,0.22535211267605634,0.38095238095238093
51151974-bb8053de078aa97d,d92c5342-53771e54c54e60c0,0.22531293463143254,0.6183206106870229
15941165-e7a0000e57984fda,b434c275-276b6ce441c4669e,0.22524271844660193,0.6666666666666666
15941165-e7a0000e57984fda,9399204d-6515f9b4b4661ed8,0.22524271844660193,0.6666666666666666
15941165-e7a0000e57984fda,fdc4f384-81c2afc418e72aef,0.22524271844660193,0.6666666666666666
55ab9b5d-97aa2decf67ee58c,480de7be-17d68f699a8fb117,0.2251655629139073,0.3953488372093023
55ab9b5d-97aa2decf67ee58c,0ea5a836-8314c5dfb34c8bab,0.2251655629139073,0.3953488372093023
55ab9b5d-97aa2decf67ee58c,f4757480-264ce4d0166e480d,0.2251655629139073,0.3953488372093023
98950986-d24a1d74ca0bc0c5,9e7551da-8b58fac3a9eaef98,0.22510822510822512,0.24761904761904763
98950986-d24a1d74ca0bc0c5,f0e13442-3615d4e91a6c5bd9,0.22510822510822512,0.24761904761904763
f2cf6a74-c36cd3e8f935af24,0f14b12d-fee145b04c8d2e7d,0.225,0.43902439024390244
1b372750-4ec55bfec37eb837,3c74c140-a93ee473b71ac072,0.225,0.24324324324324326
ed728769-26de3db1e5ddc0f9,3c74c140-a93ee473b71ac072,0.22487223168654175,0.23076923076923078
17e67976-1c13712beab98d62,f665e87b-932fba185362154d,0.22478386167146974,0.4875
17e67976-1c13712beab98d62,f665e87b-f01b7cfb37168ad5,0.22478386167146974,0.4875
8a858867-b9bbeece66de3f0d,d92c5342-53771e54c54e60c0,0.22468793342579751,0.6090225563909775
464ad4dd-9978f63cac804e5b,d83f74f7-23bcf7dad899d241,0.224609375,0.6534090909090909
15941165-e7a0000e57984fda,6a47e491-9e58b734b00c40ca,0.22459893048128343,0.2413793103448276
6be4dcef-d802164d63afa92e,339fdc7f-08ea3facdbf2e797,0.22448979591836735,0.5176470588235295
6018974f-796cead4caace323,35857a5a-8cd2a4bd9f3acd96,0.22442244224422442,0.5
00af3420-6a22b980be3bebb8,40cc90ae-a1888e38f4a2438d,0.22432432432432434,0.664
bdf7bfb2-dc5f2f3e1ffc8032,40cc90ae-a1888e38f4a2438d,0.22432432432432434,0.664
f4d6d28d-4171a85a7cd99755,f38ae053-1cc93e66c41ccafa,0.22429906542056074,0.2823529411764706
4eac0eea-433fe35c66f0896a,f38ae053-1cc93e66c41ccafa,0.22429906542056074,0.2823529411764706
7279bcb3-0f86b515ba2bd8dd,d3415fc5-3d79a0cf6c3df934,0.22429906542056074,0.32727272727272727
b0a01ee7-a88cb875e376e2ba,97a7fab5-c8910bb2ec5c2935,0.22429906542056074,0.36363636363636365
9be0602e-2479557b64cb6cbc,6e7cd58b-9e00f3e11d7fd578,0.22427035330261136,0.23174603174603176
f38ae053-1cc93e66c41ccafa,ed728769-26de3db1e5ddc0f9,0.22426470588235295,0.2364341085271318
45e41c6d-14603621c555c558,07043d35-d508fb40e7ba58e1,0.22424242424242424,0.5441176470588235
7d12d33c-b4c3d5f6730bc23d,656b62de-07e003f6fc62643b,0.2242152466367713,0.2304147465437788
ed728769-26de3db1e5ddc0f9,b434c275-276b6ce441c4669e,0.22416812609457093,0.44755244755244755
ed728769-26de3db1e5ddc0f9,9399204d-6515f9b4b4661ed8,0.22416812609457093,0.44755244755244755
ed728769-26de3db1e5ddc0f9,fdc4f384-81c2afc418e72aef,0.22416812609457093,0.44755244755244755
7279bcb3-0f86b515ba2bd8dd,51151974-bb8053de078aa97d,0.22406639004149378,0.24545454545454545
0f09b843-a169d06ba2070f2e,23594fdf-bc29e3c145f03caa,0.22406639004149378,0.23684210526315788
0c9d4def-6a3de0efe209485b,d83f74f7-23bcf7dad899d241,0.22398414271555997,0.7018633540372671
a5d5a95f-106627618ba094d2,1b372750-4ec55bfec37eb837,0.22395833333333334,0.344
46bde295-e51fa6bd867e4ba5,ed728769-26de3db1e5ddc0f9,0.22395833333333334,0.4387755102040816
b185d034-a791a4af4c89854c,cfba313d-96627cf80535b35d,0.22388059701492538,0.47619047619047616
6a47e491-9e58b734b00c40ca,d3415fc5-3d79a0cf6c3df934,0.22384428223844283,0.23
46bde295-e51fa6bd867e4ba5,40132ebc-0eb4e2e2a14b1fc4,0.22380952380952382,0.47959183673469385
3b10bd6d-cb4bc04c8307b4f8,a2cf5634-50a35a847b217df3,0.22377622377622378,0.6153846153846154
4685c420-34caaa19b5555fa4,4da08761-2765de8ab5de2a01,0.2236842105263158,0.3541666666666667
c6113c06-d4ec0a6afa4cb16c,35857a5a-8cd2a4bd9f3acd96,0.2236024844720497,0.41379310344827586
08cf0478-cf474a42302061bb,d83f74f7-23bcf7dad899d241,0.2236024844720497,0.9152542372881356
9291ca83-b2b16ed7b0bb365a,1d43139f-a08be36b098f0971,0.2233502538071066,0.3384615384615385
4685c420-34caaa19b5555fa4,339fdc7f-08ea3facdbf2e797,0.22332506203473945,0.46875
17e67976-1c13712beab98d62,9e7551da-8b58fac3a9eaef98,0.22330097087378642,0.2875
17e67976-1c13712beab98d62,f0e13442-3615d4e91a6c5bd9,0.22330097087378642,0.2875
4241f473-734711fff505529f,ed728769-26de3db1e5ddc0f9,0.22323462414578588,0.3202614379084967
d3415fc5-3d79a0cf6c3df934,b9595381-1fe2b09ec26b73ed,0.22321428571428573,0.23696682464454977
b0a01ee7-a88cb875e376e2ba,464ad4dd-9978f63cac804e5b,0.2231404958677686,0.4090909090909091
464ad4dd-9978f63cac804e5b,dff5ff0a-4c22ff53e6acbc9b,0.2230769230769231,0.32954545454545453
23594fdf-bc29e3c145f03caa,8a858867-b9bbeece66de3f0d,0.2230769230769231,0.2283464566929134
5449d33c-c3fa056747e67e0b,d92c5342-53771e54c54e60c0,0.22285714285714286,0.6964285714285714
7279bcb3-0f86b515ba2bd8dd,f6ed6826-065d31f19f562fcc,0.22285714285714286,0.35454545454545455
656b62de-07e003f6fc62643b,d92c5342-53771e54c54e60c0,0.22276621787025705,0.39737991266375544
5449d33c-c3fa056747e67e0b,3c74c140-a93ee473b71ac072,0.22276029055690072,0.4107142857142857
51151974-bb8053de078aa97d,d83f74f7-23bcf7dad899d241,0.2226762002042901,0.8320610687022901
ed728769-26de3db1e5ddc0f9,339fdc7f-08ea3facdbf2e797,0.22259696458684655,0.23076923076923078
c23278ec-650f3957a6da68ca,8a041ef5-22f968305d57262e,0.2222222222222222,0.3424657534246575
c23278ec-650f3957a6da68ca,1b372750-4ec55bfec37eb837,0.2222222222222222,0.3082191780821918
3f939694-111b597776032895,8a041ef5-22f968305d57262e,0.2222222222222222,0.2967032967032967
f2cf6a74-c36cd3e8f935af24,f4d6d28d-4171a85a7cd99755,0.2222222222222222,0.34146341463414637
f2cf6a74-c36cd3e8f935af24,4eac0eea-433fe35c66f0896a,0.2222222222222222,0.34146341463414637
0f09b843-a169d06ba2070f2e,d92c5342-53771e54c54e60c0,0.2222222222222222,0.6842105263157895
3f939694-111b597776032895,1b372750-4ec55bfec37eb837,0.2222222222222222,0.2692307692307692
464ad4dd-9978f63cac804e5b,656b62de-07e003f6fc62643b,0.2222222222222222,0.2556818181818182
b0a01ee7-a88cb875e376e2ba,c6113c06-d4ec0a6afa4cb16c,0.2222222222222222,0.25757575757575757
9291ca83-b2b16ed7b0bb365a,54488276-f24b9e883d548563,0.2222222222222222,0.38461538461538464
17e67976-1c13712beab98d62,4da08761-2765de8ab5de2a01,0.2222222222222222,0.4
d3a0b8d2-95a57759ca7f4494,b9595381-1fe2b09ec26b73ed,0.2222222222222222,0.55
4685c420-34caaa19b5555fa4,e5d02e93-9702b854ca246425,0.2222222222222222,0.3854166666666667
d3a0b8d2-95a57759ca7f4494,15941165-e7a0000e57984fda,0.2222222222222222,0.43333333333333335
e5d02e93-9702b854ca246425,ed728769-26de3db1e5ddc0f9,0.22179732313575526,0.24472573839662448
0c9d4def-6a3de0efe209485b,dff5ff0a-4c22ff53e6acbc9b,0.22178217821782178,0.34782608695652173
f8c99dd0-af74ef9023de52c3,732c98a0-5659f20742b2f453,0.2216867469879518,0.5679012345679012
f8c99dd0-af74ef9023de52c3,732c98a0-0117162249c9d715,0.2216867469879518,0.5679012345679012
f4d6d28d-4171a85a7cd99755,30e0cc81-e37591091c959b0f,0.22167487684729065,0.2647058823529412
4eac0eea-433fe35c66f0896a,30e0cc81-e37591091c959b0f,0.22167487684729065,0.2647058823529412
8cfe3ee0-900555a974d03516,656b62de-07e003f6fc62643b,0.2216624685138539,0.2619047619047619
c4ca2ff3-8002e9fb1de21148,9be0602e-2479557b64cb6cbc,0.22164948453608246,0.589041095890411
8782922d-b6272ba0ec663c70,1b372750-4ec55bfec37eb837,0.22162162162162163,0.36936936936936937
fdd41565-d026425f11fe71fd,d92c5342-53771e54c54e60c0,0.22160664819944598,0.5970149253731343
9291ca83-b2b16ed7b0bb365a,35bb6075-720cdb4a7c64c6cd,0.2215909090909091,0.6
4685c420-34caaa19b5555fa4,0f14b12d-fee145b04c8d2e7d,0.2215568862275449,0.3854166666666667
6be4dcef-d802164d63afa92e,f6ed6826-065d31f19f562fcc,0.22153846153846155,0.4235294117647059
4685c420-34caaa19b5555fa4,656b62de-07e003f6fc62643b,0.22153846153846155,0.375
0f09b843-a169d06ba2070f2e,01c915a2-b134dfb6a3c23cce,0.22151898734177214,0.6140350877192983
c6113c06-d4ec0a6afa4cb16c,4e5ee0f7-8030183228b7a8d5,0.2214765100671141,0.3793103448275862
b55888de-ca2300bd54fb3fd5,7d12d33c-b4c3d5f6730bc23d,0.22145328719723184,0.4444444444444444
3b10bd6d-cb4bc04c8307b4f8,4e5ee0f7-8030183228b7a8d5,0.22145328719723184,0.41025641025641024
0f14b12d-fee145b04c8d2e7d,1b372750-4ec55bfec37eb837,0.22132796780684105,0.23109243697478993
4e5ee0f7-8030183228b7a8d5,1b372750-4ec55bfec37eb837,0.22127659574468084,0.24644549763033174
c6113c06-d4ec0a6afa4cb16c,26ad111c-6f110a9e517fc801,0.22123893805309736,0.28735632183908044
7279bcb3-0f86b515ba2bd8dd,9be0602e-2479557b64cb6cbc,0.2211764705882353,0.42727272727272725
f4d6d28d-4171a85a7cd99755,b9595381-1fe2b09ec26b73ed,0.22113022113022113,0.2647058823529412
4eac0eea-433fe35c66f0896a,b9595381-1fe2b09ec26b73ed,0.22113022113022113,0.2647058823529412
08cf0478-cf474a42302061bb,d92c5342-53771e54c54e60c0,0.22096317280453256,0.6610169491525424
d3a0b8d2-95a57759ca7f4494,66565156-e830bc6dfc3d34ae,0.22093023255813954,0.31666666666666665
fdd41565-d026425f11fe71fd,f5f97f19-d4fede29e258335b,0.2208955223880597,0.27611940298507465
ccc8ef27-962b4c2d0adf3e00,46bde295-e51fa6bd867e4ba5,0.22085889570552147,0.27692307692307694
f7a0ea6d-b8e74e9785d59e88,46bde295-e51fa6bd867e4ba5,0.22085889570552147,0.27692307692307694
d6fb3b9e-f5435586daf6a49b,46bde295-e51fa6bd867e4ba5,0.22085889570552147,0.27692307692307694
17e67976-1c13712beab98d62,e5d02e93-9702b854ca246425,0.22082018927444794,0.4375
45e41c6d-14603621c555c558,a368f345-4f26b824059bf5f9,0.22077922077922077,0.5
8cfe3ee0-900555a974d03516,b434c275-276b6ce441c4669e,0.220703125,0.6726190476190477
8cfe3ee0-900555a974d03516,9399204d-6515f9b4b4661ed8,0.220703125,0.6726190476190477
8cfe3ee0-900555a974d03516,fdc4f384-81c2afc418e72aef,0.220703125,0.6726190476190477
a368f345-4f26b824059bf5f9,8a041ef5-22f968305d57262e,0.22058823529411764,0.25
7a9c69d8-25b66767c6bfef75,9be0602e-2479557b64cb6cbc,0.22055137844611528,0.5238095238095238
f4d6d28d-4171a85a7cd99755,656b62de-07e003f6fc62643b,0.22055137844611528,0.25882352941176473
4eac0eea-433fe35c66f0896a,656b62de-07e003f6fc62643b,0.22055137844611528,0.25882352941176473
6f393cfe-f27eb766dce24503,9be0602e-2479557b64cb6cbc,0.22055137844611528,0.5238095238095238
c6113c06-d4ec0a6afa4cb16c,464ad4dd-9978f63cac804e5b,0.22053231939163498,0.3333333333333333
487c9f62-7eec6fd25ec3903d,40cc90ae-a1888e38f4a2438d,0.2204515272244356,0.6014492753623188
7279bcb3-0f86b515ba2bd8dd,07043d35-d508fb40e7ba58e1,0.22043010752688172,0.37272727272727274
45e41c6d-14603621c555c558,8cfe3ee0-900555a974d03516,0.22033898305084745,0.38235294117647056
ab7507bf-cfb7470e23cb45dc,d92c5342-53771e54c54e60c0,0.22033898305084745,0.65
b0a01ee7-a88cb875e376e2ba,0c9d4def-6a3de0efe209485b,0.22026431718061673,0.3787878787878788
46bde295-e51fa6bd867e4ba5,8532d5ed-e56d613d9e34734b,0.22026431718061673,0.25510204081632654
a5d5a95f-106627618ba094d2,d3415fc5-3d79a0cf6c3df934,0.22023809523809523,0.296
23594fdf-bc29e3c145f03caa,01c915a2-b134dfb6a3c23cce,0.22015503875968992,0.5590551181102362
8cfe3ee0-900555a974d03516,1b372750-4ec55bfec37eb837,0.22014051522248243,0.27976190476190477
f5f97f19-d4fede29e258335b,7d12d33c-b4c3d5f6730bc23d,0.22009569377990432,0.22885572139303484
f2cf6a74-c36cd3e8f935af24,6e7cd58b-9e00f3e11d7fd578,0.22009569377990432,0.5609756097560976
46bde295-e51fa6bd867e4ba5,4e5ee0f7-8030183228b7a8d5,0.22006472491909385,0.3469387755102041
8782922d-b6272ba0ec663c70,b185d034-a791a4af4c89854c,0.22,0.2972972972972973
3b10bd6d-cb4bc04c8307b4f8,40132ebc-0eb4e2e2a14b1fc4,0.22,0.5641025641025641
0f14b12d-fee145b04c8d2e7d,07043d35-d508fb40e7ba58e1,0.22,0.23109243697478993
66565156-e830bc6dfc3d34ae,d92c5342-53771e54c54e60c0,0.22,0.6875
1d43139f-a08be36b098f0971,1b372750-4ec55bfec37eb837,0.21994884910485935,0.32575757575757575
7d12d33c-b4c3d5f6730bc23d,b434c275-276b6ce441c4669e,0.21994408201304752,0.543778801843318
7d12d33c-b4c3d5f6730bc23d,9399204d-6515f9b4b4661ed8,0.21994408201304752,0.543778801843318
7d12d33c-b4c3d5f6730bc23d,fdc4f384-81c2afc418e72aef,0.21994408201304752,0.543778801843318
0f14b12d-fee145b04c8d2e7d,dff5ff0a-4c22ff53e6acbc9b,0.21993127147766323,0.2689075630252101
23594fdf-bc29e3c145f03caa,e5d02e93-9702b854ca246425,0.21978021978021978,0.31496062992125984
1b372750-4ec55bfec37eb837,9be0602e-2479557b64cb6cbc,0.21951219512195122,0.24324324324324326
30e0cc81-e37591091c959b0f,0f14b12d-fee145b04c8d2e7d,0.21940928270042195,0.22033898305084745
45e41c6d-14603621c555c558,c6113c06-d4ec0a6afa4cb16c,0.21935483870967742,0.25
7279bcb3-0f86b515ba2bd8dd,6a47e491-9e58b734b00c40ca,0.21935483870967742,0.3090909090909091
51151974-bb8053de078aa97d,f4d6d28d-4171a85a7cd99755,0.21926910299003322,0.25190839694656486
51151974-bb8053de078aa97d,4eac0eea-433fe35c66f0896a,0.21926910299003322,0.25190839694656486
7814575b-d53f200ab383f03f,d61f51c5-432a54c5bebe32fa,0.21926910299003322,0.4024390243902439
1b372750-4ec55bfec37eb837,732c98a0-5659f20742b2f453,0.21922428330522767,0.25096525096525096
1b372750-4ec55bfec37eb837,732c98a0-0117162249c9d715,0.21922428330522767,0.25096525096525096
b0a01ee7-a88cb875e376e2ba,7d12d33c-b4c3d5f6730bc23d,0.21908127208480566,0.4696969696969697
0c9d4def-6a3de0efe209485b,cfba313d-96627cf80535b35d,0.2190721649484536,0.5279503105590062
487c9f62-7eec6fd25ec3903d,d83f74f7-23bcf7dad899d241,0.21906693711967545,0.782608695652174
0c9d4def-6a3de0efe209485b,1b372750-4ec55bfec37eb837,0.21904761904761905,0.2857142857142857
f4d6d28d-4171a85a7cd99755,d92c5342-53771e54c54e60c0,0.21899736147757257,0.48823529411764705
4eac0eea-433fe35c66f0896a,d92c5342-53771e54c54e60c0,0.21899736147757257,0.48823529411764705
3b10bd6d-cb4bc04c8307b4f8,9be0602e-2479557b64cb6cbc,0.21882951653944022,0.5512820512820513
b185d034-a791a4af4c89854c,d92c5342-53771e54c54e60c0,0.2187902187902188,0.4497354497354497
ed728769-26de3db1e5ddc0f9,6e7cd58b-9e00f3e11d7fd578,0.21864951768488747,0.23776223776223776
55ab9b5d-97aa2decf67ee58c,0c9d4def-6a3de0efe209485b,0.21862348178137653,0.313953488372093
585af783-1941371b4a80bb80,d3415fc5-3d79a0cf6c3df934,0.2184873949579832,0.2671232876712329
8cfe3ee0-900555a974d03516,b185d034-a791a4af4c89854c,0.2184873949579832,0.23214285714285715
66565156-e830bc6dfc3d34ae,30e0cc81-e37591091c959b0f,0.21839080459770116,0.3392857142857143
23594fdf-bc29e3c145f03caa,cfba313d-96627cf80535b35d,0.2183288409703504,0.6377952755905512
7279bcb3-0f86b515ba2bd8dd,656b62de-07e003f6fc62643b,0.2182890855457227,0.33636363636363636
46bde295-e51fa6bd867e4ba5,a2cf5634-50a35a847b217df3,0.2182628062360802,0.5
f2cf6a74-c36cd3e8f935af24,487c9f62-7eec6fd25ec3903d,0.21818181818181817,0.2926829268292683
42fe7dd0-ae8f546af908b5fe,9be0602e-2479557b64cb6cbc,0.21808510638297873,0.6721311475409836
7a9c69d8-25b66767c6bfef75,3f939694-111b597776032895,0.21804511278195488,0.34523809523809523
9291ca83-b2b16ed7b0bb365a,f5f97f19-d4fede29e258335b,0.21804511278195488,0.4461538461538462
6f393cfe-f27eb766dce24503,3f939694-111b597776032895,0.21804511278195488,0.34523809523809523
6be4dcef-d802164d63afa92e,9e7551da-8b58fac3a9eaef98,0.21800947867298578,0.27058823529411763
f2cf6a74-c36cd3e8f935af24,8532d5ed-e56d613d9e34734b,0.21800947867298578,0.2804878048780488
6be4dcef-d802164d63afa92e,f0e13442-3615d4e91a6c5bd9,0.21800947867298578,0.27058823529411763
17e67976-1c13712beab98d62,35bb6075-720cdb4a7c64c6cd,0.21798365122615804,0.5
7279bcb3-0f86b515ba2bd8dd,cfba313d-96627cf80535b35d,0.21793103448275863,0.7181818181818181
b8b08542-ed329a5d344748ed,0b04b41e-0b6cb88d7212030e,0.2178988326848249,0.2916666666666667
d783d815-fcfd47fa9b8bb15b,0b04b41e-0b6cb88d7212030e,0.2178988326848249,0.2916666666666667
d783d815-9c6f6853f561f0ed,0b04b41e-0b6cb88d7212030e,0.2178988326848249,0.2916666666666667
6a47e491-9e58b734b00c40ca,ef1d196b-c6903a1f95200b39,0.2178988326848249,0.28
585af783-1941371b4a80bb80,8a041ef5-22f968305d57262e,0.21777777777777776,0.3356164383561644
3b10bd6d-cb4bc04c8307b4f8,f4d6d28d-4171a85a7cd99755,0.21774193548387097,0.34615384615384615
3b10bd6d-cb4bc04c8307b4f8,4eac0eea-433fe35c66f0896a,0.21774193548387097,0.34615384615384615
b9595381-1fe2b09ec26b73ed,1f6b81b1-5b2cd71aff307a38,0.2176696542893726,0.35864978902953587
6a47e491-9e58b734b00c40ca,35bb6075-720cdb4a7c64c6cd,0.21765913757700206,0.265
46bde295-e51fa6bd867e4ba5,2a35cd81-0aeb43004eb108dd,0.21764705882352942,0.37755102040816324
66565156-e830bc6dfc3d34ae,23594fdf-bc29e3c145f03caa,0.2175732217573222,0.23214285714285715
fdd41565-d026425f11fe71fd,dff5ff0a-4c22ff53e6acbc9b,0.2175732217573222,0.3880597014925373
a368f345-4f26b824059bf5f9,cfba313d-96627cf80535b35d,0.21754385964912282,0.3875
7a9c69d8-25b66767c6bfef75,b8b08542-ed329a5d344748ed,0.21739130434782608,0.35714285714285715
7a9c69d8-25b66767c6bfef75,d783d815-fcfd47fa9b8bb15b,0.21739130434782608,0.35714285714285715
7a9c69d8-25b66767c6bfef75,d783d815-9c6f6853f561f0ed,0.21739130434782608,0.35714285714285715
b8b08542-ed329a5d344748ed,1f6b81b1-5b2cd71aff307a38,0.21739130434782608,0.4166666666666667
6f393cfe-f27eb766dce24503,b8b08542-ed329a5d344748ed,0.21739130434782608,0.35714285714285715
d783d815-fcfd47fa9b8bb15b,1f6b81b1-5b2cd71aff307a38,0.21739130434782608,0.4166666666666667
6f393cfe-f27eb766dce24503,d783d815-fcfd47fa9b8bb15b,0.21739130434782608,0.35714285714285715
d783d815-9c6f6853f561f0ed,1f6b81b1-5b2cd71aff307a38,0.21739130434782608,0.4166666666666667
6f393cfe-f27eb766dce24503,d783d815-9c6f6853f561f0ed,0.21739130434782608,0.35714285714285715
ef1d196b-c6903a1f95200b39,d92c5342-53771e54c54e60c0,0.21729490022172948,0.31210191082802546
15941165-e7a0000e57984fda,d83f74f7-23bcf7dad899d241,0.2172211350293542,0.6379310344827587
26ad111c-6f110a9e517fc801,b434c275-276b6ce441c4669e,0.21708542713567838,0.7769784172661871
26ad111c-6f110a9e517fc801,9399204d-6515f9b4b4661ed8,0.21708542713567838,0.7769784172661871
26ad111c-6f110a9e517fc801,fdc4f384-81c2afc418e72aef,0.21708542713567838,0.7769784172661871
464ad4dd-9978f63cac804e5b,b434c275-276b6ce441c4669e,0.21705426356589147,0.6363636363636364
464ad4dd-9978f63cac804e5b,9399204d-6515f9b4b4661ed8,0.21705426356589147,0.6363636363636364
464ad4dd-9978f63cac804e5b,fdc4f384-81c2afc418e72aef,0.21705426356589147,0.6363636363636364
f2cf6a74-c36cd3e8f935af24,1b372750-4ec55bfec37eb837,0.21700879765395895,0.45121951219512196
ab7507bf-cfb7470e23cb45dc,8a041ef5-22f968305d57262e,0.2169811320754717,0.38333333333333336
26ad111c-6f110a9e517fc801,0b04b41e-0b6cb88d7212030e,0.21691973969631237,0.3597122302158273
ed728769-26de3db1e5ddc0f9,1f6b81b1-5b2cd71aff307a38,0.21686746987951808,0.3146853146853147
ae4d5b49-62ede50d39b5202a,8a041ef5-22f968305d57262e,0.21680216802168023,0.6153846153846154
55ab9b5d-97aa2decf67ee58c,b9595381-1fe2b09ec26b73ed,0.21671826625386997,0.4069767441860465
51151974-bb8053de078aa97d,656b62de-07e003f6fc62643b,0.21666666666666667,0.29770992366412213
42fe7dd0-ae8f546af908b5fe,480de7be-17d68f699a8fb117,0.21660649819494585,0.4918032786885246
42fe7dd0-ae8f546af908b5fe,f4757480-264ce4d0166e480d,0.21660649819494585,0.4918032786885246
66565156-e830bc6dfc3d34ae,0b04b41e-0b6cb88d7212030e,0.21658986175115208,0.41964285714285715
23594fdf-bc29e3c145f03caa,339fdc7f-08ea3facdbf2e797,0.21658986175115208,0.3700787401574803
b55888de-ca2300bd54fb3fd5,2a35cd81-0aeb43004eb108dd,0.21656050955414013,0.4722222222222222
b185d034-a791a4af4c89854c,30e0cc81-e37591091c959b0f,0.2164705882352941,0.24338624338624337
5449d33c-c3fa056747e67e0b,1f6b81b1-5b2cd71aff307a38,0.21646341463414634,0.6339285714285714
3088ca9c-f1011bb8e87b3927,b8b08542-ed329a5d344748ed,0.21641791044776118,0.3815789473684211
3088ca9c-f1011bb8e87b3927,d783d815-fcfd47fa9b8bb15b,0.21641791044776118,0.3815789473684211
3088ca9c-f1011bb8e87b3927,d783d815-9c6f6853f561f0ed,0.21641791044776118,0.3815789473684211
9291ca83-b2b16ed7b0bb365a,a2cf5634-50a35a847b217df3,0.21634615384615385,0.6923076923076923
b185d034-a791a4af4c89854c,3c74c140-a93ee473b71ac072,0.2163265306122449,0.2804232804232804
b0a01ee7-a88cb875e376e2ba,f665e87b-932fba185362154d,0.21621621621621623,0.5454545454545454
17e67976-1c13712beab98d62,480de7be-17d68f699a8fb117,0.21621621621621623,0.4
a368f345-4f26b824059bf5f9,9be0602e-2479557b64cb6cbc,0.21621621621621623,0.25
b0a01ee7-a88cb875e376e2ba,f665e87b-f01b7cfb37168ad5,0.21621621621621623,0.5454545454545454
fdd41565-d026425f11fe71fd,30e0cc81-e37591091c959b0f,0.21621621621621623,0.29850746268656714
17e67976-1c13712beab98d62,f4757480-264ce4d0166e480d,0.21621621621621623,0.4
1a6f8b20-46e2136e681f3c6f,35bb6075-720cdb4a7c64c6cd,0.21621621621621623,0.4819277108433735
c6113c06-d4ec0a6afa4cb16c,6a47e491-9e58b734b00c40ca,0.21602787456445993,0.3563218390804598
23594fdf-bc29e3c145f03caa,54488276-f24b9e883d548563,0.21602787456445993,0.2440944881889764
3088ca9c-f1011bb8e87b3927,15941165-e7a0000e57984fda,0.216,0.35526315789473684
17e67976-1c13712beab98d62,f4d6d28d-4171a85a7cd99755,0.216,0.3375
17e67976-1c13712beab98d62,4eac0eea-433fe35c66f0896a,0.216,0.3375
5449d33c-c3fa056747e67e0b,ef1d196b-c6903a1f95200b39,0.215962441314554,0.4107142857142857
9e7551da-8b58fac3a9eaef98,40cc90ae-a1888e38f4a2438d,0.21592442645074225,0.6349206349206349
f0e13442-3615d4e91a6c5bd9,40cc90ae-a1888e38f4a2438d,0.21592442645074225,0.6349206349206349
f8c99dd0-af74ef9023de52c3,6e7cd58b-9e00f3e11d7fd578,0.2158273381294964,0.5555555555555556
ccc8ef27-962b4c2d0adf3e00,9be0602e-2479557b64cb6cbc,0.21578947368421053,0.6307692307692307
d6fb3b9e-f5435586daf6a49b,9be0602e-2479557b64cb6cbc,0.21578947368421053,0.6307692307692307
b0a01ee7-a88cb875e376e2ba,a368f345-4f26b824059bf5f9,0.21568627450980393,0.5
6be4dcef-d802164d63afa92e,175201f9-29a63f3073d1212f,0.21561338289962825,0.3411764705882353
fdd41565-d026425f11fe71fd,6a47e491-9e58b734b00c40ca,0.2155688622754491,0.26865671641791045
8a858867-b9bbeece66de3f0d,0b04b41e-0b6cb88d7212030e,0.2153846153846154,0.3684210526315789
b0a01ee7-a88cb875e376e2ba,1b372750-4ec55bfec37eb837,0.2153846153846154,0.5303030303030303
26ad111c-6f110a9e517fc801,dff5ff0a-4c22ff53e6acbc9b,0.2153209109730849,0.37410071942446044
0f09b843-a169d06ba2070f2e,8a041ef5-22f968305d57262e,0.215311004784689,0.39473684210526316
585af783-1941371b4a80bb80,d83f74f7-23bcf7dad899d241,0.2152917505030181,0.7328767123287672
54488276-f24b9e883d548563,ed728769-26de3db1e5ddc0f9,0.21524663677130046,0.3
17e67976-1c13712beab98d62,3c74c140-a93ee473b71ac072,0.2152230971128609,0.5125
f8c99dd0-af74ef9023de52c3,35857a5a-8cd2a4bd9f3acd96,0.21518987341772153,0.41975308641975306
6be4dcef-d802164d63afa92e,35bb6075-720cdb4a7c64c6cd,0.21505376344086022,0.47058823529411764
9291ca83-b2b16ed7b0bb365a,2a35cd81-0aeb43004eb108dd,0.21498371335504887,0.5076923076923077
5449d33c-c3fa056747e67e0b,dff5ff0a-4c22ff53e6acbc9b,0.2149122807017544,0.4375
6018974f-796cead4caace323,15941165-e7a0000e57984fda,0.21487603305785125,0.38235294117647056
3c74c140-a93ee473b71ac072,8a041ef5-22f968305d57262e,0.21487603305785125,0.2159468438538206
55ab9b5d-97aa2decf67ee58c,175201f9-29a63f3073d1212f,0.21481481481481482,0.3372093023255814
6018974f-796cead4caace323,f38ae053-1cc93e66c41ccafa,0.2147239263803681,0.5147058823529411
c6113c06-d4ec0a6afa4cb16c,c23278ec-650f3957a6da68ca,0.2145922746781116,0.28735632183908044
f7a0ea6d-b8e74e9785d59e88,6e7cd58b-9e00f3e11d7fd578,0.2144638403990025,0.6615384615384615
4241f473-734711fff505529f,8a041ef5-22f968305d57262e,0.21444201312910285,0.3202614379084967
46bde295-e51fa6bd867e4ba5,3f939694-111b597776032895,0.21428571428571427,0.30612244897959184
b55888de-ca2300bd54fb3fd5,30e0cc81-e37591091c959b0f,0.21428571428571427,0.4583333333333333
7279bcb3-0f86b515ba2bd8dd,3c74c140-a93ee473b71ac072,0.2141119221411192,0.4
4241f473-734711fff505529f,b434c275-276b6ce441c4669e,0.21407333994053518,0.7058823529411765
4241f473-734711fff505529f,9399204d-6515f9b4b4661ed8,0.21407333994053518,0.7058823529411765
4241f473-734711fff505529f,fdc4f384-81c2afc418e72aef,0.21407333994053518,0.7058823529411765
1a6f8b20-46e2136e681f3c6f,0ea5a836-8314c5dfb34c8bab,0.2140468227424749,0.3855421686746988
f4d6d28d-4171a85a7cd99755,40cc90ae-a1888e38f4a2438d,0.2140127388535032,0.49411764705882355
4eac0eea-433fe35c66f0896a,40cc90ae-a1888e38f4a2438d,0.2140127388535032,0.49411764705882355
ef1d196b-c6903a1f95200b39,01c915a2-b134dfb6a3c23cce,0.21394230769230768,0.28343949044585987
c23278ec-650f3957a6da68ca,6a47e491-9e58b734b00c40ca,0.2138728323699422,0.2534246575342466
7279bcb3-0f86b515ba2bd8dd,30e0cc81-e37591091c959b0f,0.2138728323699422,0.33636363636363636
6be4dcef-d802164d63afa92e,6e7cd58b-9e00f3e11d7fd578,0.21377672209026127,0.5294117647058824
f8c99dd0-af74ef9023de52c3,77448a05-1dfe65e51fa688fd,0.21374045801526717,0.5185185185185185
6018974f-796cead4caace323,487c9f62-7eec6fd25ec3903d,0.21359223300970873,0.3235294117647059
b55888de-ca2300bd54fb3fd5,fdd41565-d026425f11fe71fd,0.21359223300970873,0.3055555555555556
46bde295-e51fa6bd867e4ba5,23594fdf-bc29e3c145f03caa,0.21333333333333335,0.24489795918367346
a5d5a95f-106627618ba094d2,d92c5342-53771e54c54e60c0,0.2131837307152875,0.608
23594fdf-bc29e3c145f03caa,ed728769-26de3db1e5ddc0f9,0.21307506053268765,0.3464566929133858
4685c420-34caaa19b5555fa4,6e7cd58b-9e00f3e11d7fd578,0.21296296296296297,0.4791666666666667
1b372750-4ec55bfec37eb837,f665e87b-932fba185362154d,0.21292775665399238,0.21621621621621623
f8c99dd0-af74ef9023de52c3,3f939694-111b597776032895,0.21292775665399238,0.345679012345679
1b372750-4ec55bfec37eb837,f665e87b-f01b7cfb37168ad5,0.21292775665399238,0.21621621621621623
d3415fc5-3d79a0cf6c3df934,a368f345-4f26b824059bf5f9,0.21286031042128603,0.22748815165876776
ccc8ef27-962b4c2d0adf3e00,7d12d33c-b4c3d5f6730bc23d,0.2127659574468085,0.46153846153846156
d6fb3b9e-f5435586daf6a49b,7d12d33c-b4c3d5f6730bc23d,0.2127659574468085,0.46153846153846156
b0a01ee7-a88cb875e376e2ba,0ea5a836-8314c5dfb34c8bab,0.2127659574468085,0.45454545454545453
26ad111c-6f110a9e517fc801,d83f74f7-23bcf7dad899d241,0.2127659574468085,0.7553956834532374
7279bcb3-0f86b515ba2bd8dd,0f14b12d-fee145b04c8d2e7d,0.21264367816091953,0.33636363636363636
66565156-e830bc6dfc3d34ae,b185d034-a791a4af4c89854c,0.21262458471760798,0.2857142857142857
3b10bd6d-cb4bc04c8307b4f8,2a35cd81-0aeb43004eb108dd,0.2125,0.4358974358974359
8782922d-b6272ba0ec663c70,6a47e491-9e58b734b00c40ca,0.21221864951768488,0.2972972972972973
7814575b-d53f200ab383f03f,656b62de-07e003f6fc62643b,0.21221864951768488,0.4024390243902439
c6113c06-d4ec0a6afa4cb16c,8782922d-b6272ba0ec663c70,0.21212121212121213,0.2413793103448276
b55888de-ca2300bd54fb3fd5,f38ae053-1cc93e66c41ccafa,0.21212121212121213,0.4861111111111111
17e67976-1c13712beab98d62,175201f9-29a63f3073d1212f,0.21212121212121213,0.35
f2cf6a74-c36cd3e8f935af24,ed728769-26de3db1e5ddc0f9,0.21195652173913043,0.47560975609756095
9291ca83-b2b16ed7b0bb365a,55ab9b5d-97aa2decf67ee58c,0.2119205298013245,0.24615384615384617
4241f473-734711fff505529f,d83f74f7-23bcf7dad899d241,0.21178821178821178,0.6928104575163399
8782922d-b6272ba0ec663c70,656b62de-07e003f6fc62643b,0.21176470588235294,0.32432432432432434
c4ca2ff3-8002e9fb1de21148,f665e87b-932fba185362154d,0.21176470588235294,0.4931506849315068
b55888de-ca2300bd54fb3fd5,46bde295-e51fa6bd867e4ba5,0.21176470588235294,0.25
c4ca2ff3-8002e9fb1de21148,f665e87b-f01b7cfb37168ad5,0.21176470588235294,0.4931506849315068
656b62de-07e003f6fc62643b,d83f74f7-23bcf7dad899d241,0.2116991643454039,0.4978165938864629
b55888de-ca2300bd54fb3fd5,35bb6075-720cdb4a7c64c6cd,0.2116991643454039,0.5277777777777778
f4d6d28d-4171a85a7cd99755,b185d034-a791a4af4c89854c,0.2116991643454039,0.2235294117647059
4eac0eea-433fe35c66f0896a,b185d034-a791a4af4c89854c,0.2116991643454039,0.2235294117647059
3f939694-111b597776032895,d83f74f7-23bcf7dad899d241,0.21165048543689322,0.5989010989010989
7814575b-d53f200ab383f03f,9e7551da-8b58fac3a9eaef98,0.21153846153846154,0.2682926829268293
26ad111c-6f110a9e517fc801,76a69f5c-5a0e3ae2a5ff1ef0,0.21153846153846154,0.31654676258992803
7814575b-d53f200ab383f03f,f0e13442-3615d4e91a6c5bd9,0.21153846153846154,0.2682926829268293
9be0602e-2479557b64cb6cbc,d83f74f7-23bcf7dad899d241,0.2115219260533104,0.3904761904761905
1d43139f-a08be36b098f0971,0b04b41e-0b6cb88d7212030e,0.21145374449339208,0.36363636363636365
f8c99dd0-af74ef9023de52c3,c23278ec-650f3957a6da68ca,0.21145374449339208,0.2962962962962963
23594fdf-bc29e3c145f03caa,2a35cd81-0aeb43004eb108dd,0.21138211382113822,0.30708661417322836
f8c99dd0-af74ef9023de52c3,339fdc7f-08ea3facdbf2e797,0.211340206185567,0.5061728395061729
480de7be-17d68f699a8fb117,ef1d196b-c6903a1f95200b39,0.21132075471698114,0.25925925925925924
f4757480-264ce4d0166e480d,ef1d196b-c6903a1f95200b39,0.21132075471698114,0.25925925925925924
c4ca2ff3-8002e9fb1de21148,732c98a0-5659f20742b2f453,0.2113022113022113,0.589041095890411
c4ca2ff3-8002e9fb1de21148,732c98a0-0117162249c9d715,0.2113022113022113,0.589041095890411
8a858867-b9bbeece66de3f0d,40cc90ae-a1888e38f4a2438d,0.21122994652406418,0.5939849624060151
8a858867-b9bbeece66de3f0d,f4d6d28d-4171a85a7cd99755,0.21122112211221122,0.24060150375939848
8a858867-b9bbeece66de3f0d,4eac0eea-433fe35c66f0896a,0.21122112211221122,0.24060150375939848
46bde295-e51fa6bd867e4ba5,ab7507bf-cfb7470e23cb45dc,0.21100917431192662,0.23469387755102042
42fe7dd0-ae8f546af908b5fe,464ad4dd-9978f63cac804e5b,0.2109704641350211,0.4098360655737705
1a6f8b20-46e2136e681f3c6f,b8b08542-ed329a5d344748ed,0.2109090909090909,0.3493975903614458
1a6f8b20-46e2136e681f3c6f,d783d815-fcfd47fa9b8bb15b,0.2109090909090909,0.3493975903614458
1a6f8b20-46e2136e681f3c6f,d783d815-9c6f6853f561f0ed,0.2109090909090909,0.3493975903614458
3088ca9c-f1011bb8e87b3927,e5d02e93-9702b854ca246425,0.2108626198083067,0.4342105263157895
00af3420-6a22b980be3bebb8,cfba313d-96627cf80535b35d,0.21081081081081082,0.624
bdf7bfb2-dc5f2f3e1ffc8032,cfba313d-96627cf80535b35d,0.21081081081081082,0.624
e5d02e93-9702b854ca246425,8a041ef5-22f968305d57262e,0.21072088724584104,0.24050632911392406
4685c420-34caaa19b5555fa4,1d43139f-a08be36b098f0971,0.21052631578947367,0.25
1a6f8b20-46e2136e681f3c6f,9e7551da-8b58fac3a9eaef98,0.21052631578947367,0.26506024096385544
1b372750-4ec55bfec37eb837,40cc90ae-a1888e38f4a2438d,0.21052631578947367,0.3552123552123552
3088ca9c-f1011bb8e87b3927,8a041ef5-22f968305d57262e,0.21052631578947367,0.5263157894736842
f2cf6a74-c36cd3e8f935af24,175201f9-29a63f3073d1212f,0.21052631578947367,0.34146341463414637
ae4d5b49-62ede50d39b5202a,3f939694-111b597776032895,0.21052631578947367,0.4
9291ca83-b2b16ed7b0bb365a,c6113c06-d4ec0a6afa4cb16c,0.21052631578947367,0.24615384615384617
c6113c06-d4ec0a6afa4cb16c,77448a05-1dfe65e51fa688fd,0.21052631578947367,0.4827586206896552
0ea5a836-8314c5dfb34c8bab,1b372750-4ec55bfec37eb837,0.21052631578947367,0.23148148148148148
66565156-e830bc6dfc3d34ae,d3415fc5-3d79a0cf6c3df934,0.21052631578947367,0.30357142857142855
17e67976-1c13712beab98d62,7279bcb3-0f86b515ba2bd8dd,0.21052631578947367,0.25
1a6f8b20-46e2136e681f3c6f,f0e13442-3615d4e91a6c5bd9,0.21052631578947367,0.26506024096385544
0f09b843-a169d06ba2070f2e,ef1d196b-c6903a1f95200b39,0.2102803738317757,0.39473684210526316
c6113c06-d4ec0a6afa4cb16c,40132ebc-0eb4e2e2a14b1fc4,0.21026894865525672,0.4942528735632184
7a9c69d8-25b66767c6bfef75,35bb6075-720cdb4a7c64c6cd,0.21024258760107817,0.4642857142857143
6f393cfe-f27eb766dce24503,35bb6075-720cdb4a7c64c6cd,0.21024258760107817,0.4642857142857143
08cf0478-cf474a42302061bb,40cc90ae-a1888e38f4a2438d,0.2100954979536153,0.652542372881356
1d43139f-a08be36b098f0971,dff5ff0a-4c22ff53e6acbc9b,0.21008403361344538,0.3787878787878788
fdd41565-d026425f11fe71fd,8a041ef5-22f968305d57262e,0.2100456621004566,0.34328358208955223
3f939694-111b597776032895,b434c275-276b6ce441c4669e,0.21001926782273603,0.5989010989010989
3f939694-111b597776032895,9399204d-6515f9b4b4661ed8,0.21001926782273603,0.5989010989010989
3f939694-111b597776032895,fdc4f384-81c2afc418e72aef,0.21001926782273603,0.5989010989010989
3b10bd6d-cb4bc04c8307b4f8,0b04b41e-0b6cb88d7212030e,0.21,0.5384615384615384
1d43139f-a08be36b098f0971,d3415fc5-3d79a0cf6c3df934,0.2099125364431487,0.2727272727272727
8cfe3ee0-900555a974d03516,01c915a2-b134dfb6a3c23cce,0.2099125364431487,0.42857142857142855
d61f51c5-432a54c5bebe32fa,656b62de-07e003f6fc62643b,0.20982142857142858,0.2146118721461187
3088ca9c-f1011bb8e87b3927,f5f97f19-d4fede29e258335b,0.20938628158844766,0.3815789473684211
42fe7dd0-ae8f546af908b5fe,0ea5a836-8314c5dfb34c8bab,0.20938628158844766,0.47540983606557374
3088ca9c-f1011bb8e87b3927,35bb6075-720cdb4a7c64c6cd,0.209366391184573,0.5
54488276-f24b9e883d548563,175201f9-29a63f3073d1212f,0.20930232558139536,0.225
4e5ee0f7-8030183228b7a8d5,ed728769-26de3db1e5ddc0f9,0.20925553319919518,0.24644549763033174
c6113c06-d4ec0a6afa4cb16c,d61f51c5-432a54c5bebe32fa,0.20915032679738563,0.367816091954023
55ab9b5d-97aa2decf67ee58c,35bb6075-720cdb4a7c64c6cd,0.20911528150134048,0.45348837209302323
c6113c06-d4ec0a6afa4cb16c,f665e87b-932fba185362154d,0.20903954802259886,0.42528735632183906
c6113c06-d4ec0a6afa4cb16c,f665e87b-f01b7cfb37168ad5,0.20903954802259886,0.42528735632183906
d3415fc5-3d79a0cf6c3df934,76a69f5c-5a0e3ae2a5ff1ef0,0.20901639344262296,0.24170616113744076
42fe7dd0-ae8f546af908b5fe,40132ebc-0eb4e2e2a14b1fc4,0.20887728459530025,0.6557377049180327
f8c99dd0-af74ef9023de52c3,8cfe3ee0-900555a974d03516,0.20883534136546184,0.32098765432098764
585af783-1941371b4a80bb80,1f6b81b1-5b2cd71aff307a38,0.20869565217391303,0.4931506849315068
1a6f8b20-46e2136e681f3c6f,07043d35-d508fb40e7ba58e1,0.20869565217391303,0.43373493975903615
15941165-e7a0000e57984fda,ed728769-26de3db1e5ddc0f9,0.20869565217391303,0.27586206896551724
7279bcb3-0f86b515ba2bd8dd,ab7507bf-cfb7470e23cb45dc,0.20869565217391303,0.21818181818181817
98950986-d24a1d74ca0bc0c5,01c915a2-b134dfb6a3c23cce,0.2086677367576244,0.6190476190476191
4da08761-2765de8ab5de2a01,b434c275-276b6ce441c4669e,0.20864661654135339,0.5336538461538461
4da08761-2765de8ab5de2a01,9399204d-6515f9b4b4661ed8,0.20864661654135339,0.5336538461538461
4da08761-2765de8ab5de2a01,fdc4f384-81c2afc418e72aef,0.20864661654135339,0.5336538461538461
7279bcb3-0f86b515ba2bd8dd,77448a05-1dfe65e51fa688fd,0.20853080568720378,0.4
4685c420-34caaa19b5555fa4,4e5ee0f7-8030183228b7a8d5,0.20846905537459284,0.3333333333333333
b8b08542-ed329a5d344748ed,01c915a2-b134dfb6a3c23cce,0.2084507042253521,0.3854166666666667
d783d815-fcfd47fa9b8bb15b,01c915a2-b134dfb6a3c23cce,0.2084507042253521,0.3854166666666667
d783d815-9c6f6853f561f0ed,01c915a2-b134dfb6a3c23cce,0.2084507042253521,0.3854166666666667
c6113c06-d4ec0a6afa4cb16c,98950986-d24a1d74ca0bc0c5,0.20833333333333334,0.22988505747126436
4241f473-734711fff505529f,cfba313d-96627cf80535b35d,0.20833333333333334,0.5228758169934641
2a35cd81-0aeb43004eb108dd,9be0602e-2479557b64cb6cbc,0.20825852782764812,0.2396694214876033
f8c99dd0-af74ef9023de52c3,30e0cc81-e37591091c959b0f,0.2082018927444795,0.4074074074074074
480de7be-17d68f699a8fb117,30e0cc81-e37591091c959b0f,0.2079646017699115,0.2175925925925926
f4757480-264ce4d0166e480d,30e0cc81-e37591091c959b0f,0.2079646017699115,0.2175925925925926
8a858867-b9bbeece66de3f0d,d83f74f7-23bcf7dad899d241,0.20795107033639143,0.7669172932330827
23594fdf-bc29e3c145f03caa,6a47e491-9e58b734b00c40ca,0.20795107033639143,0.2677165354330709
7814575b-d53f200ab383f03f,a2cf5634-50a35a847b217df3,0.20785219399538107,0.5487804878048781
b0a01ee7-a88cb875e376e2ba,2a35cd81-0aeb43004eb108dd,0.2077922077922078,0.48484848484848486
3b10bd6d-cb4bc04c8307b4f8,6e7cd58b-9e00f3e11d7fd578,0.20772946859903382,0.5512820512820513
17e67976-1c13712beab98d62,9be0602e-2479557b64cb6cbc,0.20759493670886076,0.5125
585af783-1941371b4a80bb80,1b372750-4ec55bfec37eb837,0.2074074074074074,0.2876712328767123
1a6f8b20-46e2136e681f3c6f,0b04b41e-0b6cb88d7212030e,0.2074074074074074,0.5060240963855421
86102d81-85b3e078083a5c18,9be0602e-2479557b64cb6cbc,0.20734341252699784,0.32432432432432434
1b372750-4ec55bfec37eb837,07043d35-d508fb40e7ba58e1,0.2072936660268714,0.2084942084942085
9e7551da-8b58fac3a9eaef98,d92c5342-53771e54c54e60c0,0.20728291316526612,0.5873015873015873
f0e13442-3615d4e91a6c5bd9,d92c5342-53771e54c54e60c0,0.20728291316526612,0.5873015873015873
17e67976-1c13712beab98d62,656b62de-07e003f6fc62643b,0.20711974110032363,0.4
26ad111c-6f110a9e517fc801,f4d6d28d-4171a85a7cd99755,0.20711974110032363,0.2302158273381295
26ad111c-6f110a9e517fc801,4eac0eea-433fe35c66f0896a,0.20711974110032363,0.2302158273381295
480de7be-17d68f699a8fb117,b434c275-276b6ce441c4669e,0.20708955223880596,0.5138888888888888
480de7be-17d68f699a8fb117,9399204d-6515f9b4b4661ed8,0.20708955223880596,0.5138888888888888
480de7be-17d68f699a8fb117,fdc4f384-81c2afc418e72aef,0.20708955223880596,0.5138888888888888
f4757480-264ce4d0166e480d,b434c275-276b6ce441c4669e,0.20708955223880596,0.5138888888888888
f4757480-264ce4d0166e480d,9399204d-6515f9b4b4661ed8,0.20708955223880596,0.5138888888888888
f4757480-264ce4d0166e480d,fdc4f384-81c2afc418e72aef,0.20708955223880596,0.5138888888888888
480de7be-17d68f699a8fb117,01c915a2-b134dfb6a3c23cce,0.20708446866485014,0.35185185185185186
f4757480-264ce4d0166e480d,01c915a2-b134dfb6a3c23cce,0.20708446866485014,0.35185185185185186
51151974-bb8053de078aa97d,8a041ef5-22f968305d57262e,0.20689655172413793,0.3435114503816794
7814575b-d53f200ab383f03f,e5d02e93-9702b854ca246425,0.20689655172413793,0.4024390243902439
f7a0ea6d-b8e74e9785d59e88,778c91af-ba102667da83f00a,0.20689655172413793,0.5076923076923077
8782922d-b6272ba0ec663c70,9be0602e-2479557b64cb6cbc,0.20657276995305165,0.3963963963963964
6be4dcef-d802164d63afa92e,77448a05-1dfe65e51fa688fd,0.20654911838790932,0.4823529411764706
26ad111c-6f110a9e517fc801,656b62de-07e003f6fc62643b,0.20652173913043478,0.2733812949640288
d3415fc5-3d79a0cf6c3df934,77448a05-1dfe65e51fa688fd,0.20650095602294455,0.2559241706161137
26ad111c-6f110a9e517fc801,6a47e491-9e58b734b00c40ca,0.20648967551622419,0.2517985611510791
9291ca83-b2b16ed7b0bb365a,0ea5a836-8314c5dfb34c8bab,0.20640569395017794,0.4461538461538462
54488276-f24b9e883d548563,dff5ff0a-4c22ff53e6acbc9b,0.20634920634920634,0.325
480de7be-17d68f699a8fb117,1b372750-4ec55bfec37eb837,0.2063157894736842,0.22685185185185186
f4757480-264ce4d0166e480d,1b372750-4ec55bfec37eb837,0.2063157894736842,0.22685185185185186
c6113c06-d4ec0a6afa4cb16c,3c74c140-a93ee473b71ac072,0.20618556701030927,0.45977011494252873
8532d5ed-e56d613d9e34734b,1b372750-4ec55bfec37eb837,0.20618556701030927,0.31007751937984496
b0a01ee7-a88cb875e376e2ba,0b04b41e-0b6cb88d7212030e,0.20618556701030927,0.6060606060606061
3088ca9c-f1011bb8e87b3927,0b04b41e-0b6cb88d7212030e,0.20603015075376885,0.5394736842105263
f7a0ea6d-b8e74e9785d59e88,30e0cc81-e37591091c959b0f,0.2059800664451827,0.47692307692307695
1b372750-4ec55bfec37eb837,01c915a2-b134dfb6a3c23cce,0.2059202059202059,0.3088803088803089
4685c420-34caaa19b5555fa4,40132ebc-0eb4e2e2a14b1fc4,0.20574162679425836,0.4479166666666667
b185d034-a791a4af4c89854c,6e7cd58b-9e00f3e11d7fd578,0.2057142857142857,0.2857142857142857
ccc8ef27-962b4c2d0adf3e00,7279bcb3-0f86b515ba2bd8dd,0.2057142857142857,0.27692307692307694
d6fb3b9e-f5435586daf6a49b,7279bcb3-0f86b515ba2bd8dd,0.2057142857142857,0.27692307692307694
6be4dcef-d802164d63afa92e,8cfe3ee0-900555a974d03516,0.20553359683794467,0.3058823529411765
c4ca2ff3-8002e9fb1de21148,f38ae053-1cc93e66c41ccafa,0.2054380664652568,0.4657534246575342
487c9f62-7eec6fd25ec3903d,1f6b81b1-5b2cd71aff307a38,0.20527859237536658,0.5072463768115942
b55888de-ca2300bd54fb3fd5,a368f345-4f26b824059bf5f9,0.20512820512820512,0.4444444444444444
ccc8ef27-962b4c2d0adf3e00,ed728769-26de3db1e5ddc0f9,0.20512820512820512,0.5538461538461539
d6fb3b9e-f5435586daf6a49b,ed728769-26de3db1e5ddc0f9,0.20512820512820512,0.5538461538461539
1b372750-4ec55bfec37eb837,339fdc7f-08ea3facdbf2e797,0.2049469964664311,0.22393822393822393
1a6f8b20-46e2136e681f3c6f,6a47e491-9e58b734b00c40ca,0.2049469964664311,0.3493975903614458
e5d02e93-9702b854ca246425,b434c275-276b6ce441c4669e,0.20494053064958828,0.47257383966244726
e5d02e93-9702b854ca246425,9399204d-6515f9b4b4661ed8,0.20494053064958828,0.47257383966244726
e5d02e93-9702b854ca246425,fdc4f384-81c2afc418e72aef,0.20494053064958828,0.47257383966244726
00af3420-6a22b980be3bebb8,d92c5342-53771e54c54e60c0,0.20476858345021037,0.584
bdf7bfb2-dc5f2f3e1ffc8032,d92c5342-53771e54c54e60c0,0.20476858345021037,0.584
7a9c69d8-25b66767c6bfef75,6e7cd58b-9e00f3e11d7fd578,0.20476190476190476,0.5119047619047619
6f393cfe-f27eb766dce24503,6e7cd58b-9e00f3e11d7fd578,0.20476190476190476,0.5119047619047619
00af3420-6a22b980be3bebb8,dff5ff0a-4c22ff53e6acbc9b,0.2046908315565032,0.384
d3415fc5-3d79a0cf6c3df934,f38ae053-1cc93e66c41ccafa,0.2046908315565032,0.22748815165876776
bdf7bfb2-dc5f2f3e1ffc8032,dff5ff0a-4c22ff53e6acbc9b,0.2046908315565032,0.384
3088ca9c-f1011bb8e87b3927,26ad111c-6f110a9e517fc801,0.20465116279069767,0.2894736842105263
42fe7dd0-ae8f546af908b5fe,2a35cd81-0aeb43004eb108dd,0.20462046204620463,0.5081967213114754
656b62de-07e003f6fc62643b,b434c275-276b6ce441c4669e,0.20460829493087557,0.4847161572052402
656b62de-07e003f6fc62643b,9399204d-6515f9b4b4661ed8,0.20460829493087557,0.4847161572052402
656b62de-07e003f6fc62643b,fdc4f384-81c2afc418e72aef,0.20460829493087557,0.4847161572052402
8a041ef5-22f968305d57262e,0b04b41e-0b6cb88d7212030e,0.20447284345047922,0.21052631578947367
08cf0478-cf474a42302061bb,01c915a2-b134dfb6a3c23cce,0.20440251572327045,0.5508474576271186
6be4dcef-d802164d63afa92e,b185d034-a791a4af4c89854c,0.20437956204379562,0.32941176470588235
42fe7dd0-ae8f546af908b5fe,07043d35-d508fb40e7ba58e1,0.2043343653250774,0.5409836065573771
f8c99dd0-af74ef9023de52c3,2a35cd81-0aeb43004eb108dd,0.2043343653250774,0.4074074074074074
7279bcb3-0f86b515ba2bd8dd,a5d5a95f-106627618ba094d2,0.20425531914893616,0.21818181818181817
6018974f-796cead4caace323,480de7be-17d68f699a8fb117,0.20422535211267606,0.4264705882352941
6018974f-796cead4caace323,f4757480-264ce4d0166e480d,0.20422535211267606,0.4264705882352941
ed728769-26de3db1e5ddc0f9,40cc90ae-a1888e38f4a2438d,0.20421753607103219,0.32167832167832167
9e7551da-8b58fac3a9eaef98,9be0602e-2479557b64cb6cbc,0.20408163265306123,0.35714285714285715
f0e13442-3615d4e91a6c5bd9,9be0602e-2479557b64cb6cbc,0.20408163265306123,0.35714285714285715
a368f345-4f26b824059bf5f9,d83f74f7-23bcf7dad899d241,0.20404411764705882,0.4625
42fe7dd0-ae8f546af908b5fe,a2cf5634-50a35a847b217df3,0.20388349514563106,0.6885245901639344
55ab9b5d-97aa2decf67ee58c,76a69f5c-5a0e3ae2a5ff1ef0,0.20385674931129477,0.43023255813953487
9291ca83-b2b16ed7b0bb365a,6a47e491-9e58b734b00c40ca,0.2037735849056604,0.4153846153846154
45e41c6d-14603621c555c558,97a7fab5-c8910bb2ec5c2935,0.2037037037037037,0.3235294117647059
55ab9b5d-97aa2decf67ee58c,0f14b12d-fee145b04c8d2e7d,0.2037037037037037,0.38372093023255816
9291ca83-b2b16ed7b0bb365a,1b372750-4ec55bfec37eb837,0.2037037037037037,0.5076923076923077
9e7551da-8b58fac3a9eaef98,b434c275-276b6ce441c4669e,0.20366598778004075,0.7936507936507936
9e7551da-8b58fac3a9eaef98,9399204d-6515f9b4b4661ed8,0.20366598778004075,0.7936507936507936
9e7551da-8b58fac3a9eaef98,fdc4f384-81c2afc418e72aef,0.20366598778004075,0.7936507936507936
464ad4dd-9978f63cac804e5b,9be0602e-2479557b64cb6cbc,0.20366598778004075,0.2840909090909091
f0e13442-3615d4e91a6c5bd9,b434c275-276b6ce441c4669e,0.20366598778004075,0.7936507936507936
f0e13442-3615d4e91a6c5bd9,9399204d-6515f9b4b4661ed8,0.20366598778004075,0.7936507936507936
f0e13442-3615d4e91a6c5bd9,fdc4f384-81c2afc418e72aef,0.20366598778004075,0.7936507936507936
7814575b-d53f200ab383f03f,3c74c140-a93ee473b71ac072,0.20365535248041775,0.47560975609756095
ed728769-26de3db1e5ddc0f9,8a041ef5-22f968305d57262e,0.2033898305084746,0.2097902097902098
f8c99dd0-af74ef9023de52c3,4685c420-34caaa19b5555fa4,0.2033898305084746,0.2222222222222222
ccc8ef27-962b4c2d0adf3e00,f6ed6826-065d31f19f562fcc,0.20327868852459016,0.47692307692307695
d6fb3b9e-f5435586daf6a49b,f6ed6826-065d31f19f562fcc,0.20327868852459016,0.47692307692307695
55ab9b5d-97aa2decf67ee58c,54488276-f24b9e883d548563,0.2032520325203252,0.29069767441860467
7279bcb3-0f86b515ba2bd8dd,585af783-1941371b4a80bb80,0.203125,0.23636363636363636
17e67976-1c13712beab98d62,464ad4dd-9978f63cac804e5b,0.203125,0.325
487c9f62-7eec6fd25ec3903d,9be0602e-2479557b64cb6cbc,0.20309050772626933,0.3333333333333333
ccc8ef27-962b4c2d0adf3e00,f5f97f19-d4fede29e258335b,0.20300751879699247,0.4153846153846154
d6fb3b9e-f5435586daf6a49b,f5f97f19-d4fede29e258335b,0.20300751879699247,0.4153846153846154
7814575b-d53f200ab383f03f,175201f9-29a63f3073d1212f,0.20300751879699247,0.32926829268292684
45e41c6d-14603621c555c558,76a69f5c-5a0e3ae2a5ff1ef0,0.2028985507246377,0.5147058823529411
1a6f8b20-46e2136e681f3c6f,fdd41565-d026425f11fe71fd,0.20276497695852536,0.26506024096385544
42fe7dd0-ae8f546af908b5fe,35857a5a-8cd2a4bd9f3acd96,0.20270270270270271,0.4918032786885246
f7a0ea6d-b8e74e9785d59e88,1a6f8b20-46e2136e681f3c6f,0.20270270270270271,0.23076923076923078
f8c99dd0-af74ef9023de52c3,585af783-1941371b4a80bb80,0.2026431718061674,0.2839506172839506
7279bcb3-0f86b515ba2bd8dd,dff5ff0a-4c22ff53e6acbc9b,0.2026431718061674,0.41818181818181815
98950986-d24a1d74ca0bc0c5,f5f97f19-d4fede29e258335b,0.20261437908496732,0.29523809523809524
45e41c6d-14603621c555c558,0f14b12d-fee145b04c8d2e7d,0.20261437908496732,0.45588235294117646
3b10bd6d-cb4bc04c8307b4f8,0f14b12d-fee145b04c8d2e7d,0.20253164556962025,0.41025641025641024
3088ca9c-f1011bb8e87b3927,7814575b-d53f200ab383f03f,0.20253164556962025,0.21052631578947367
17e67976-1c13712beab98d62,30e0cc81-e37591091c959b0f,0.20253164556962025,0.4
3b10bd6d-cb4bc04c8307b4f8,b185d034-a791a4af4c89854c,0.20224719101123595,0.34615384615384615
f2cf6a74-c36cd3e8f935af24,4685c420-34caaa19b5555fa4,0.20224719101123595,0.21951219512195122
45e41c6d-14603621c555c558,7279bcb3-0f86b515ba2bd8dd,0.20224719101123595,0.2647058823529412
9291ca83-b2b16ed7b0bb365a,3c74c140-a93ee473b71ac072,0.20218579234972678,0.5692307692307692
f7a0ea6d-b8e74e9785d59e88,3c74c140-a93ee473b71ac072,0.20218579234972678,0.5692307692307692
b0a01ee7-a88cb875e376e2ba,4e5ee0f7-8030183228b7a8d5,0.20216606498194944,0.42424242424242425
54488276-f24b9e883d548563,30e0cc81-e37591091c959b0f,0.20202020202020202,0.25
f2cf6a74-c36cd3e8f935af24,732c98a0-5659f20742b2f453,0.20192307692307693,0.5121951219512195
f2cf6a74-c36cd3e8f935af24,732c98a0-0117162249c9d715,0.20192307692307693,0.5121951219512195
46bde295-e51fa6bd867e4ba5,656b62de-07e003f6fc62643b,0.2018348623853211,0.336734693877551
6be4dcef-d802164d63afa92e,2a35cd81-0aeb43004eb108dd,0.2018348623853211,0.38823529411764707
45e41c6d-14603621c555c558,f4d6d28d-4171a85a7cd99755,0.20168067226890757,0.35294117647058826
45e41c6d-14603621c555c558,4eac0eea-433fe35c66f0896a,0.20168067226890757,0.35294117647058826
ccc8ef27-962b4c2d0adf3e00,77448a05-1dfe65e51fa688fd,0.20159151193633953,0.5846153846153846
d6fb3b9e-f5435586daf6a49b,77448a05-1dfe65e51fa688fd,0.20159151193633953,0.5846153846153846
55ab9b5d-97aa2decf67ee58c,3c74c140-a93ee473b71ac072,0.20155038759689922,0.45348837209302323
ccc8ef27-962b4c2d0adf3e00,0b04b41e-0b6cb88d7212030e,0.20155038759689922,0.6
d6fb3b9e-f5435586daf6a49b,0b04b41e-0b6cb88d7212030e,0.20155038759689922,0.6
f2cf6a74-c36cd3e8f935af24,9be0602e-2479557b64cb6cbc,0.20151133501259447,0.4878048780487805
6be4dcef-d802164d63afa92e,40132ebc-0eb4e2e2a14b1fc4,0.20147420147420148,0.4823529411764706
b0a01ee7-a88cb875e376e2ba,1a6f8b20-46e2136e681f3c6f,0.20134228187919462,0.22727272727272727
46bde295-e51fa6bd867e4ba5,6a47e491-9e58b734b00c40ca,0.20134228187919462,0.30612244897959184
08cf0478-cf474a42302061bb,6a47e491-9e58b734b00c40ca,0.20125786163522014,0.2711864406779661
9e7551da-8b58fac3a9eaef98,d83f74f7-23bcf7dad899d241,0.20123203285420946,0.7777777777777778
f0e13442-3615d4e91a6c5bd9,d83f74f7-23bcf7dad899d241,0.20123203285420946,0.7777777777777778
3088ca9c-f1011bb8e87b3927,07043d35-d508fb40e7ba58e1,0.20118343195266272,0.4473684210526316
6a47e491-9e58b734b00c40ca,339fdc7f-08ea3facdbf2e797,0.20118343195266272,0.255
8782922d-b6272ba0ec663c70,e5d02e93-9702b854ca246425,0.20114942528735633,0.3153153153153153
487c9f62-7eec6fd25ec3903d,d92c5342-53771e54c54e60c0,0.20110192837465565,0.5289855072463768
d3a0b8d2-95a57759ca7f4494,8532d5ed-e56d613d9e34734b,0.20105820105820105,0.31666666666666665
d3a0b8d2-95a57759ca7f4494,26ad111c-6f110a9e517fc801,0.20100502512562815,0.3333333333333333
9291ca83-b2b16ed7b0bb365a,15941165-e7a0000e57984fda,0.200836820083682,0.36923076923076925
ae4d5b49-62ede50d39b5202a,15941165-e7a0000e57984fda,0.200836820083682,0.36923076923076925
1a6f8b20-46e2136e681f3c6f,464ad4dd-9978f63cac804e5b,0.20077220077220076,0.3132530120481928
175201f9-29a63f3073d1212f,dff5ff0a-4c22ff53e6acbc9b,0.20075757575757575,0.28804347826086957
98950986-d24a1d74ca0bc0c5,175201f9-29a63f3073d1212f,0.20069204152249134,0.2761904761904762
42fe7dd0-ae8f546af908b5fe,0f14b12d-fee145b04c8d2e7d,0.20066889632107024,0.4918032786885246
ae4d5b49-62ede50d39b5202a,778c91af-ba102667da83f00a,0.2006269592476489,0.49230769230769234
0c9d4def-6a3de0efe209485b,b434c275-276b6ce441c4669e,0.20058997050147492,0.6335403726708074
0c9d4def-6a3de0efe209485b,9399204d-6515f9b4b4661ed8,0.20058997050147492,0.6335403726708074
0c9d4def-6a3de0efe209485b,fdc4f384-81c2afc418e72aef,0.20058997050147492,0.6335403726708074
54488276-f24b9e883d548563,b185d034-a791a4af4c89854c,0.20057306590257878,0.21875
66565156-e830bc6dfc3d34ae,e5d02e93-9702b854ca246425,0.20057306590257878,0.3125
3b10bd6d-cb4bc04c8307b4f8,3c74c140-a93ee473b71ac072,0.20052770448548812,0.48717948717948717
54488276-f24b9e883d548563,1b372750-4ec55bfec37eb837,0.20047732696897375,0.2625
6be4dcef-d802164d63afa92e,732c98a0-5659f20742b2f453,0.20047732696897375,0.49411764705882355
6be4dcef-d802164d63afa92e,732c98a0-0117162249c9d715,0.20047732696897375,0.49411764705882355
15941165-e7a0000e57984fda,9be0602e-2479557b64cb6cbc,0.20040899795501022,0.28160919540229884
0f09b843-a169d06ba2070f2e,40cc90ae-a1888e38f4a2438d,0.20027434842249658,0.6403508771929824
6018974f-796cead4caace323,1d43139f-a08be36b098f0971,0.2,0.29411764705882354
7a9c69d8-25b66767c6bfef75,9e7551da-8b58fac3a9eaef98,0.2,0.25
7a9c69d8-25b66767c6bfef75,f0e13442-3615d4e91a6c5bd9,0.2,0.25
26ad111c-6f110a9e517fc801,f5f97f19-d4fede29e258335b,0.2,0.2446043165467626
6f393cfe-f27eb766dce24503,9e7551da-8b58fac3a9eaef98,0.2,0.25
b8b08542-ed329a5d344748ed,d92c5342-53771e54c54e60c0,0.2,0.40625
17e67976-1c13712beab98d62,a368f345-4f26b824059bf5f9,0.2,0.4
6a47e491-9e58b734b00c40ca,a368f345-4f26b824059bf5f9,0.2,0.22
45e41c6d-14603621c555c558,77448a05-1dfe65e51fa688fd,0.2,0.5588235294117647
d783d815-fcfd47fa9b8bb15b,d92c5342-53771e54c54e60c0,0.2,0.40625
30e0cc81-e37591091c959b0f,ef1d196b-c6903a1f95200b39,0.2,0.2330508474576271
17e67976-1c13712beab98d62,6a47e491-9e58b734b00c40ca,0.2,0.35
6be4dcef-d802164d63afa92e,9be0602e-2479557b64cb6cbc,0.2,0.47058823529411764
6f393cfe-f27eb766dce24503,f0e13442-3615d4e91a6c5bd9,0.2,0.25
f8c99dd0-af74ef9023de52c3,d61f51c5-432a54c5bebe32fa,0.2,0.37037037037037035
d783d815-9c6f6853f561f0ed,d92c5342-53771e54c54e60c0,0.2,0.40625
76a69f5c-5a0e3ae2a5ff1ef0,8a041ef5-22f968305d57262e,0.19965576592082615,0.20938628158844766
480de7be-17d68f699a8fb117,9be0602e-2479557b64cb6cbc,0.19962335216572505,0.24537037037037038
f4757480-264ce4d0166e480d,9be0602e-2479557b64cb6cbc,0.19962335216572505,0.24537037037037038
8532d5ed-e56d613d9e34734b,0b04b41e-0b6cb88d7212030e,0.19955654101995565,0.3488372093023256
98950986-d24a1d74ca0bc0c5,6e7cd58b-9e00f3e11d7fd578,0.19954648526077098,0.41904761904761906
9291ca83-b2b16ed7b0bb365a,6e7cd58b-9e00f3e11d7fd578,0.19950124688279303,0.6153846153846154
9291ca83-b2b16ed7b0bb365a,ed728769-26de3db1e5ddc0f9,0.19943019943019943,0.5384615384615384
7279bcb3-0f86b515ba2bd8dd,f5f97f19-d4fede29e258335b,0.19935691318327975,0.2818181818181818
b0a01ee7-a88cb875e376e2ba,35857a5a-8cd2a4bd9f3acd96,0.19933554817275748,0.45454545454545453
ccc8ef27-962b4c2d0adf3e00,30e0cc81-e37591091c959b0f,0.19933554817275748,0.46153846153846156
d6fb3b9e-f5435586daf6a49b,30e0cc81-e37591091c959b0f,0.19933554817275748,0.46153846153846156
f7a0ea6d-b8e74e9785d59e88,480de7be-17d68f699a8fb117,0.199288256227758,0.4307692307692308
ae4d5b49-62ede50d39b5202a,0ea5a836-8314c5dfb34c8bab,0.199288256227758,0.4307692307692308
f7a0ea6d-b8e74e9785d59e88,f4757480-264ce4d0166e480d,0.199288256227758,0.4307692307692308
1a6f8b20-46e2136e681f3c6f,97a7fab5-c8910bb2ec5c2935,0.19913419913419914,0.27710843373493976
97a7fab5-c8910bb2ec5c2935,8a041ef5-22f968305d57262e,0.19911504424778761,0.30405405405405406
487c9f62-7eec6fd25ec3903d,8a041ef5-22f968305d57262e,0.19909502262443438,0.3188405797101449
c6113c06-d4ec0a6afa4cb16c,fdd41565-d026425f11fe71fd,0.19909502262443438,0.25287356321839083
23594fdf-bc29e3c145f03caa,9be0602e-2479557b64cb6cbc,0.19909502262443438,0.3464566929133858
55ab9b5d-97aa2decf67ee58c,a5d5a95f-106627618ba094d2,0.1990521327014218,0.2441860465116279
0f14b12d-fee145b04c8d2e7d,d83f74f7-23bcf7dad899d241,0.19889502762430938,0.453781512605042
6be4dcef-d802164d63afa92e,76a69f5c-5a0e3ae2a5ff1ef0,0.19889502762430938,0.4235294117647059
f4d6d28d-4171a85a7cd99755,3f939694-111b597776032895,0.19886363636363635,0.20588235294117646
4eac0eea-433fe35c66f0896a,3f939694-111b597776032895,0.19886363636363635,0.20588235294117646
17e67976-1c13712beab98d62,07043d35-d508fb40e7ba58e1,0.19883040935672514,0.425
17e67976-1c13712beab98d62,f8c99dd0-af74ef9023de52c3,0.19875776397515527,0.2
f4d6d28d-4171a85a7cd99755,cfba313d-96627cf80535b35d,0.19872611464968154,0.4588235294117647
4eac0eea-433fe35c66f0896a,cfba313d-96627cf80535b35d,0.19872611464968154,0.4588235294117647
1d43139f-a08be36b098f0971,f4d6d28d-4171a85a7cd99755,0.1986754966887417,0.22727272727272727
1d43139f-a08be36b098f0971,4eac0eea-433fe35c66f0896a,0.1986754966887417,0.22727272727272727
175201f9-29a63f3073d1212f,1b372750-4ec55bfec37eb837,0.1986455981941309,0.2391304347826087
5449d33c-c3fa056747e67e0b,f4d6d28d-4171a85a7cd99755,0.19858156028368795,0.25
5449d33c-c3fa056747e67e0b,4eac0eea-433fe35c66f0896a,0.19858156028368795,0.25
9291ca83-b2b16ed7b0bb365a,7d12d33c-b4c3d5f6730bc23d,0.19858156028368795,0.4307692307692308
6a47e491-9e58b734b00c40ca,8a041ef5-22f968305d57262e,0.1984126984126984,0.25
42fe7dd0-ae8f546af908b5fe,77448a05-1dfe65e51fa688fd,0.19839142091152814,0.6065573770491803
f8c99dd0-af74ef9023de52c3,0c9d4def-6a3de0efe209485b,0.19834710743801653,0.2962962962962963
23594fdf-bc29e3c145f03caa,30e0cc81-e37591091c959b0f,0.19834710743801653,0.28346456692913385
1b372750-4ec55bfec37eb837,6e7cd58b-9e00f3e11d7fd578,0.19831932773109243,0.2277992277992278
3088ca9c-f1011bb8e87b3927,76a69f5c-5a0e3ae2a5ff1ef0,0.19830028328611898,0.4605263157894737
54488276-f24b9e883d548563,8a041ef5-22f968305d57262e,0.19827586206896552,0.2875
6be4dcef-d802164d63afa92e,0f14b12d-fee145b04c8d2e7d,0.19814241486068113,0.3764705882352941
55ab9b5d-97aa2decf67ee58c,7d12d33c-b4c3d5f6730bc23d,0.19801980198019803,0.3488372093023256
1a6f8b20-46e2136e681f3c6f,3c74c140-a93ee473b71ac072,0.19791666666666666,0.4578313253012048
8782922d-b6272ba0ec663c70,dff5ff0a-4c22ff53e6acbc9b,0.1978021978021978,0.40540540540540543
c6113c06-d4ec0a6afa4cb16c,76a69f5c-5a0e3ae2a5ff1ef0,0.1978021978021978,0.41379310344827586
00af3420-6a22b980be3bebb8,656b62de-07e003f6fc62643b,0.1977401129943503,0.28
bdf7bfb2-dc5f2f3e1ffc8032,656b62de-07e003f6fc62643b,0.1977401129943503,0.28
b55888de-ca2300bd54fb3fd5,07043d35-d508fb40e7ba58e1,0.19760479041916168,0.4583333333333333
3f939694-111b597776032895,ef1d196b-c6903a1f95200b39,0.1975806451612903,0.2692307692307692
ef1d196b-c6903a1f95200b39,dff5ff0a-4c22ff53e6acbc9b,0.19756838905775076,0.2070063694267516
7a9c69d8-25b66767c6bfef75,a368f345-4f26b824059bf5f9,0.19753086419753085,0.38095238095238093
6f393cfe-f27eb766dce24503,a368f345-4f26b824059bf5f9,0.19753086419753085,0.38095238095238093
98950986-d24a1d74ca0bc0c5,d61f51c5-432a54c5bebe32fa,0.19753086419753085,0.3047619047619048
c6113c06-d4ec0a6afa4cb16c,585af783-1941371b4a80bb80,0.19742489270386265,0.26436781609195403
c4ca2ff3-8002e9fb1de21148,54488276-f24b9e883d548563,0.19742489270386265,0.3150684931506849
f7a0ea6d-b8e74e9785d59e88,c6113c06-d4ec0a6afa4cb16c,0.19736842105263158,0.23076923076923078
1d43139f-a08be36b098f0971,d92c5342-53771e54c54e60c0,0.19722222222222222,0.5378787878787878
f2cf6a74-c36cd3e8f935af24,dff5ff0a-4c22ff53e6acbc9b,0.19718309859154928,0.5121951219512195
ccc8ef27-962b4c2d0adf3e00,d61f51c5-432a54c5bebe32fa,0.19718309859154928,0.4307692307692308
f7a0ea6d-b8e74e9785d59e88,97a7fab5-c8910bb2ec5c2935,0.19718309859154928,0.3230769230769231
d6fb3b9e-f5435586daf6a49b,d61f51c5-432a54c5bebe32fa,0.19718309859154928,0.4307692307692308
98950986-d24a1d74ca0bc0c5,3c74c140-a93ee473b71ac072,0.19704433497536947,0.38095238095238093
6018974f-796cead4caace323,f665e87b-932fba185362154d,0.19701492537313434,0.4852941176470588
6018974f-796cead4caace323,f665e87b-f01b7cfb37168ad5,0.19701492537313434,0.4852941176470588
55ab9b5d-97aa2decf67ee58c,656b62de-07e003f6fc62643b,0.19682539682539682,0.36046511627906974
55ab9b5d-97aa2decf67ee58c,a2cf5634-50a35a847b217df3,0.19679633867276888,0.5
5449d33c-c3fa056747e67e0b,9be0602e-2479557b64cb6cbc,0.19672131147540983,0.375
17e67976-1c13712beab98d62,ed728769-26de3db1e5ddc0f9,0.19672131147540983,0.45
c4ca2ff3-8002e9fb1de21148,dff5ff0a-4c22ff53e6acbc9b,0.19664268585131894,0.5616438356164384
d3a0b8d2-95a57759ca7f4494,ed728769-26de3db1e5ddc0f9,0.19653179190751446,0.5666666666666667
55ab9b5d-97aa2decf67ee58c,487c9f62-7eec6fd25ec3903d,0.19642857142857142,0.2558139534883721
b55888de-ca2300bd54fb3fd5,778c91af-ba102667da83f00a,0.19631901840490798,0.4444444444444444
f2cf6a74-c36cd3e8f935af24,1d43139f-a08be36b098f0971,0.19626168224299065,0.25609756097560976
3088ca9c-f1011bb8e87b3927,a368f345-4f26b824059bf5f9,0.1962025316455696,0.40789473684210525
4685c420-34caaa19b5555fa4,77448a05-1dfe65e51fa688fd,0.19607843137254902,0.4166666666666667
1a6f8b20-46e2136e681f3c6f,9be0602e-2479557b64cb6cbc,0.19597989949748743,0.46987951807228917
98950986-d24a1d74ca0bc0c5,2a35cd81-0aeb43004eb108dd,0.19596541786743515,0.3238095238095238
9e7551da-8b58fac3a9eaef98,f4d6d28d-4171a85a7cd99755,0.19594594594594594,0.23015873015873015
9e7551da-8b58fac3a9eaef98,4eac0eea-433fe35c66f0896a,0.19594594594594594,0.23015873015873015
f0e13442-3615d4e91a6c5bd9,f4d6d28d-4171a85a7cd99755,0.19594594594594594,0.23015873015873015
f0e13442-3615d4e91a6c5bd9,4eac0eea-433fe35c66f0896a,0.19594594594594594,0.23015873015873015
1d43139f-a08be36b098f0971,d83f74f7-23bcf7dad899d241,0.19591836734693877,0.7272727272727273
f5f97f19-d4fede29e258335b,0f14b12d-fee145b04c8d2e7d,0.1958997722095672,0.21393034825870647
b0a01ee7-a88cb875e376e2ba,40132ebc-0eb4e2e2a14b1fc4,0.1958762886597938,0.5757575757575758
6be4dcef-d802164d63afa92e,dff5ff0a-4c22ff53e6acbc9b,0.1958041958041958,0.49411764705882355
7d12d33c-b4c3d5f6730bc23d,8a041ef5-22f968305d57262e,0.19577735124760076,0.2350230414746544
b0a01ee7-a88cb875e376e2ba,77448a05-1dfe65e51fa688fd,0.19576719576719576,0.5606060606060606
45e41c6d-14603621c555c558,a2cf5634-50a35a847b217df3,0.1957040572792363,0.6029411764705882
9e7551da-8b58fac3a9eaef98,01c915a2-b134dfb6a3c23cce,0.1956521739130435,0.5
f0e13442-3615d4e91a6c5bd9,01c915a2-b134dfb6a3c23cce,0.1956521739130435,0.5
f7a0ea6d-b8e74e9785d59e88,54488276-f24b9e883d548563,0.19555555555555557,0.3384615384615385
6be4dcef-d802164d63afa92e,8a041ef5-22f968305d57262e,0.1953727506426735,0.4470588235294118
b185d034-a791a4af4c89854c,6a47e491-9e58b734b00c40ca,0.1953727506426735,0.20105820105820105
d3415fc5-3d79a0cf6c3df934,d61f51c5-432a54c5bebe32fa,0.19534883720930232,0.1990521327014218
8cfe3ee0-900555a974d03516,dff5ff0a-4c22ff53e6acbc9b,0.1953125,0.2976190476190476
fdd41565-d026425f11fe71fd,ed728769-26de3db1e5ddc0f9,0.19523809523809524,0.30597014925373134
55ab9b5d-97aa2decf67ee58c,732c98a0-5659f20742b2f453,0.19523809523809524,0.47674418604651164
55ab9b5d-97aa2decf67ee58c,732c98a0-0117162249c9d715,0.19523809523809524,0.47674418604651164
b185d034-a791a4af4c89854c,07043d35-d508fb40e7ba58e1,0.1951219512195122,0.2328042328042328
97a7fab5-c8910bb2ec5c2935,d3415fc5-3d79a0cf6c3df934,0.19498607242339833,0.23648648648648649
17e67976-1c13712beab98d62,a2cf5634-50a35a847b217df3,0.19489559164733178,0.525
45e41c6d-14603621c555c558,55ab9b5d-97aa2decf67ee58c,0.19480519480519481,0.22058823529411764
0f09b843-a169d06ba2070f2e,cfba313d-96627cf80535b35d,0.19478737997256515,0.6228070175438597
b8b08542-ed329a5d344748ed,656b62de-07e003f6fc62643b,0.19477434679334918,0.21354166666666666
d783d815-fcfd47fa9b8bb15b,656b62de-07e003f6fc62643b,0.19477434679334918,0.21354166666666666
d783d815-9c6f6853f561f0ed,656b62de-07e003f6fc62643b,0.19477434679334918,0.21354166666666666
c6113c06-d4ec0a6afa4cb16c,732c98a0-5659f20742b2f453,0.19477434679334918,0.47126436781609193
c6113c06-d4ec0a6afa4cb16c,732c98a0-0117162249c9d715,0.19477434679334918,0.47126436781609193
6a47e491-9e58b734b00c40ca,4e5ee0f7-8030183228b7a8d5,0.19464720194647203,0.2
f8c99dd0-af74ef9023de52c3,7d12d33c-b4c3d5f6730bc23d,0.19463087248322147,0.35802469135802467
46bde295-e51fa6bd867e4ba5,dff5ff0a-4c22ff53e6acbc9b,0.19457013574660634,0.4387755102040816
0f09b843-a169d06ba2070f2e,1f6b81b1-5b2cd71aff307a38,0.1945288753799392,0.5614035087719298
8532d5ed-e56d613d9e34734b,6a47e491-9e58b734b00c40ca,0.1945288753799392,0.24806201550387597
98950986-d24a1d74ca0bc0c5,ed728769-26de3db1e5ddc0f9,0.19437340153452684,0.3619047619047619
f5f97f19-d4fede29e258335b,d3415fc5-3d79a0cf6c3df934,0.1941747572815534,0.19900497512437812
3b10bd6d-cb4bc04c8307b4f8,732c98a0-5659f20742b2f453,0.1941747572815534,0.5128205128205128
3b10bd6d-cb4bc04c8307b4f8,732c98a0-0117162249c9d715,0.1941747572815534,0.5128205128205128
464ad4dd-9978f63cac804e5b,30e0cc81-e37591091c959b0f,0.1941747572815534,0.22727272727272727
51151974-bb8053de078aa97d,01c915a2-b134dfb6a3c23cce,0.1941448382126348,0.48091603053435117
4685c420-34caaa19b5555fa4,40cc90ae-a1888e38f4a2438d,0.1940928270042194,0.71875
23594fdf-bc29e3c145f03caa,40cc90ae-a1888e38f4a2438d,0.1940700808625337,0.5669291338582677
3088ca9c-f1011bb8e87b3927,778c91af-ba102667da83f00a,0.19393939393939394,0.42105263157894735
d3a0b8d2-95a57759ca7f4494,98950986-d24a1d74ca0bc0c5,0.19393939393939394,0.26666666666666666
55ab9b5d-97aa2decf67ee58c,7279bcb3-0f86b515ba2bd8dd,0.19387755102040816,0.22093023255813954
7a9c69d8-25b66767c6bfef75,f665e87b-932fba185362154d,0.19373219373219372,0.40476190476190477
7a9c69d8-25b66767c6bfef75,f665e87b-f01b7cfb37168ad5,0.19373219373219372,0.40476190476190477
6f393cfe-f27eb766dce24503,f665e87b-932fba185362154d,0.19373219373219372,0.40476190476190477
6f393cfe-f27eb766dce24503,f665e87b-f01b7cfb37168ad5,0.19373219373219372,0.40476190476190477
86102d81-85b3e078083a5c18,ed728769-26de3db1e5ddc0f9,0.1935483870967742,0.28378378378378377
f8c99dd0-af74ef9023de52c3,656b62de-07e003f6fc62643b,0.1935483870967742,0.37037037037037035
1a6f8b20-46e2136e681f3c6f,f38ae053-1cc93e66c41ccafa,0.1935483870967742,0.39759036144578314
f8c99dd0-af74ef9023de52c3,0b04b41e-0b6cb88d7212030e,0.1935483870967742,0.48148148148148145
17e67976-1c13712beab98d62,dff5ff0a-4c22ff53e6acbc9b,0.19339622641509435,0.5125
f7a0ea6d-b8e74e9785d59e88,35bb6075-720cdb4a7c64c6cd,0.19318181818181818,0.5230769230769231
6018974f-796cead4caace323,54488276-f24b9e883d548563,0.19298245614035087,0.3235294117647059
51151974-bb8053de078aa97d,d3415fc5-3d79a0cf6c3df934,0.19298245614035087,0.25190839694656486
ccc8ef27-962b4c2d0adf3e00,1d43139f-a08be36b098f0971,0.19289340101522842,0.2923076923076923
d6fb3b9e-f5435586daf6a49b,1d43139f-a08be36b098f0971,0.19289340101522842,0.2923076923076923
b55888de-ca2300bd54fb3fd5,40132ebc-0eb4e2e2a14b1fc4,0.19289340101522842,0.5277777777777778
1d43139f-a08be36b098f0971,40cc90ae-a1888e38f4a2438d,0.1927710843373494,0.5454545454545454
c23278ec-650f3957a6da68ca,01c915a2-b134dfb6a3c23cce,0.1927710843373494,0.4383561643835616
1b372750-4ec55bfec37eb837,0b04b41e-0b6cb88d7212030e,0.1927710843373494,0.21621621621621623
8a041ef5-22f968305d57262e,d83f74f7-23bcf7dad899d241,0.19270833333333334,0.3651315789473684
7279bcb3-0f86b515ba2bd8dd,54488276-f24b9e883d548563,0.1925925925925926,0.23636363636363636
f8c99dd0-af74ef9023de52c3,b185d034-a791a4af4c89854c,0.1925925925925926,0.32098765432098764
5449d33c-c3fa056747e67e0b,cfba313d-96627cf80535b35d,0.19257221458046767,0.625
f7a0ea6d-b8e74e9785d59e88,a2cf5634-50a35a847b217df3,0.19230769230769232,0.6153846153846154
d3a0b8d2-95a57759ca7f4494,97a7fab5-c8910bb2ec5c2935,0.19230769230769232,0.3333333333333333
8a858867-b9bbeece66de3f0d,8a041ef5-22f968305d57262e,0.19221967963386727,0.3157894736842105
f8c99dd0-af74ef9023de52c3,6a47e491-9e58b734b00c40ca,0.19217081850533807,0.3333333333333333
b55888de-ca2300bd54fb3fd5,732c98a0-5659f20742b2f453,0.1921182266009852,0.5416666666666666
b55888de-ca2300bd54fb3fd5,732c98a0-0117162249c9d715,0.1921182266009852,0.5416666666666666
6018974f-796cead4caace323,ed728769-26de3db1e5ddc0f9,0.192090395480226,0.5
98950986-d24a1d74ca0bc0c5,0b04b41e-0b6cb88d7212030e,0.1920374707259953,0.3904761904761905
c6113c06-d4ec0a6afa4cb16c,30e0cc81-e37591091c959b0f,0.19195046439628483,0.3563218390804598
ccc8ef27-962b4c2d0adf3e00,f38ae053-1cc93e66c41ccafa,0.19195046439628483,0.47692307692307695
d6fb3b9e-f5435586daf6a49b,f38ae053-1cc93e66c41ccafa,0.19195046439628483,0.47692307692307695
6be4dcef-d802164d63afa92e,1b372750-4ec55bfec37eb837,0.19186046511627908,0.38823529411764707
f4d6d28d-4171a85a7cd99755,480de7be-17d68f699a8fb117,0.19170984455958548,0.21764705882352942
4eac0eea-433fe35c66f0896a,480de7be-17d68f699a8fb117,0.19170984455958548,0.21764705882352942
f4d6d28d-4171a85a7cd99755,f4757480-264ce4d0166e480d,0.19170984455958548,0.21764705882352942
4eac0eea-433fe35c66f0896a,f4757480-264ce4d0166e480d,0.19170984455958548,0.21764705882352942
98950986-d24a1d74ca0bc0c5,40cc90ae-a1888e38f4a2438d,0.19166666666666668,0.6571428571428571
7814575b-d53f200ab383f03f,6a47e491-9e58b734b00c40ca,0.19148936170212766,0.32926829268292684
45e41c6d-14603621c555c558,35857a5a-8cd2a4bd9f3acd96,0.19141914191419143,0.4264705882352941
17e67976-1c13712beab98d62,8532d5ed-e56d613d9e34734b,0.19138755980861244,0.25
b0a01ee7-a88cb875e376e2ba,f38ae053-1cc93e66c41ccafa,0.19135802469135801,0.4696969696969697
ccc8ef27-962b4c2d0adf3e00,3c74c140-a93ee473b71ac072,0.1912568306010929,0.5384615384615384
d6fb3b9e-f5435586daf6a49b,3c74c140-a93ee473b71ac072,0.1912568306010929,0.5384615384615384
1a6f8b20-46e2136e681f3c6f,8cfe3ee0-900555a974d03516,0.19123505976095617,0.2891566265060241
ab7507bf-cfb7470e23cb45dc,01c915a2-b134dfb6a3c23cce,0.19122257053291536,0.5083333333333333
55ab9b5d-97aa2decf67ee58c,0b04b41e-0b6cb88d7212030e,0.19117647058823528,0.45348837209302323
c23278ec-650f3957a6da68ca,d83f74f7-23bcf7dad899d241,0.19114688128772636,0.6506849315068494
3088ca9c-f1011bb8e87b3927,7d12d33c-b4c3d5f6730bc23d,0.19112627986348124,0.3684210526315789
6be4dcef-d802164d63afa92e,656b62de-07e003f6fc62643b,0.1910828025477707,0.35294117647058826
3088ca9c-f1011bb8e87b3927,f8c99dd0-af74ef9023de52c3,0.1910828025477707,0.19736842105263158
08cf0478-cf474a42302061bb,cfba313d-96627cf80535b35d,0.19099590723055934,0.5932203389830508
f7a0ea6d-b8e74e9785d59e88,fdd41565-d026425f11fe71fd,0.19095477386934673,0.2923076923076923
8532d5ed-e56d613d9e34734b,40cc90ae-a1888e38f4a2438d,0.19086021505376344,0.5503875968992248
1b372750-4ec55bfec37eb837,ed728769-26de3db1e5ddc0f9,0.1908256880733945,0.20077220077220076
d3415fc5-3d79a0cf6c3df934,732c98a0-5659f20742b2f453,0.1908256880733945,0.24644549763033174
d3415fc5-3d79a0cf6c3df934,732c98a0-0117162249c9d715,0.1908256880733945,0.24644549763033174
c6113c06-d4ec0a6afa4cb16c,7d12d33c-b4c3d5f6730bc23d,0.19078947368421054,0.3333333333333333
b0a01ee7-a88cb875e376e2ba,0f14b12d-fee145b04c8d2e7d,0.19078947368421054,0.4393939393939394
c4ca2ff3-8002e9fb1de21148,6e7cd58b-9e00f3e11d7fd578,0.19070904645476772,0.5342465753424658
2a35cd81-0aeb43004eb108dd,ef1d196b-c6903a1f95200b39,0.1906474820143885,0.2190082644628099
46bde295-e51fa6bd867e4ba5,7d12d33c-b4c3d5f6730bc23d,0.19047619047619047,0.30612244897959184
6be4dcef-d802164d63afa92e,a5d5a95f-106627618ba094d2,0.19047619047619047,0.23529411764705882
3088ca9c-f1011bb8e87b3927,dff5ff0a-4c22ff53e6acbc9b,0.19047619047619047,0.5263157894736842
b0a01ee7-a88cb875e376e2ba,f8c99dd0-af74ef9023de52c3,0.19047619047619047,0.21212121212121213
f7a0ea6d-b8e74e9785d59e88,732c98a0-5659f20742b2f453,0.19047619047619047,0.5846153846153846
7814575b-d53f200ab383f03f,778c91af-ba102667da83f00a,0.19047619047619047,0.3902439024390244
f7a0ea6d-b8e74e9785d59e88,732c98a0-0117162249c9d715,0.19047619047619047,0.5846153846153846
46bde295-e51fa6bd867e4ba5,3c74c140-a93ee473b71ac072,0.19047619047619047,0.3877551020408163
1b372750-4ec55bfec37eb837,76a69f5c-5a0e3ae2a5ff1ef0,0.19029850746268656,0.1969111969111969
23594fdf-bc29e3c145f03caa,8a041ef5-22f968305d57262e,0.1902552204176334,0.3228346456692913
7814575b-d53f200ab383f03f,339fdc7f-08ea3facdbf2e797,0.19023136246786632,0.45121951219512196
7279bcb3-0f86b515ba2bd8dd,b9595381-1fe2b09ec26b73ed,0.19020172910662825,0.3
4685c420-34caaa19b5555fa4,8a041ef5-22f968305d57262e,0.19,0.3958333333333333
4685c420-34caaa19b5555fa4,07043d35-d508fb40e7ba58e1,0.18994413407821228,0.3541666666666667
9e7551da-8b58fac3a9eaef98,d3415fc5-3d79a0cf6c3df934,0.18991097922848665,0.25396825396825395
f0e13442-3615d4e91a6c5bd9,d3415fc5-3d79a0cf6c3df934,0.18991097922848665,0.25396825396825395
98950986-d24a1d74ca0bc0c5,d3415fc5-3d79a0cf6c3df934,0.189873417721519,0.2857142857142857
7814575b-d53f200ab383f03f,35bb6075-720cdb4a7c64c6cd,0.1897018970189702,0.4268292682926829
5449d33c-c3fa056747e67e0b,30e0cc81-e37591091c959b0f,0.1896551724137931,0.29464285714285715
8a041ef5-22f968305d57262e,b434c275-276b6ce441c4669e,0.1896551724137931,0.3618421052631579
8a041ef5-22f968305d57262e,9399204d-6515f9b4b4661ed8,0.1896551724137931,0.3618421052631579
8a041ef5-22f968305d57262e,fdc4f384-81c2afc418e72aef,0.1896551724137931,0.3618421052631579
42fe7dd0-ae8f546af908b5fe,35bb6075-720cdb4a7c64c6cd,0.1896551724137931,0.5409836065573771
55ab9b5d-97aa2decf67ee58c,6e7cd58b-9e00f3e11d7fd578,0.1895734597156398,0.46511627906976744
26ad111c-6f110a9e517fc801,9be0602e-2479557b64cb6cbc,0.1894273127753304,0.30935251798561153
487c9f62-7eec6fd25ec3903d,6a47e491-9e58b734b00c40ca,0.1893491124260355,0.2318840579710145
7279bcb3-0f86b515ba2bd8dd,732c98a0-5659f20742b2f453,0.1891891891891892,0.38181818181818183
7279bcb3-0f86b515ba2bd8dd,732c98a0-0117162249c9d715,0.1891891891891892,0.38181818181818183
f4d6d28d-4171a85a7cd99755,d3415fc5-3d79a0cf6c3df934,0.1889763779527559,0.21176470588235294
4eac0eea-433fe35c66f0896a,d3415fc5-3d79a0cf6c3df934,0.1889763779527559,0.21176470588235294
6be4dcef-d802164d63afa92e,f5f97f19-d4fede29e258335b,0.1888111888111888,0.3176470588235294
6be4dcef-d802164d63afa92e,ed728769-26de3db1e5ddc0f9,0.18867924528301888,0.4117647058823529
ccc8ef27-962b4c2d0adf3e00,6a47e491-9e58b734b00c40ca,0.18867924528301888,0.38461538461538464
d6fb3b9e-f5435586daf6a49b,6a47e491-9e58b734b00c40ca,0.18867924528301888,0.38461538461538464
66565156-e830bc6dfc3d34ae,0f14b12d-fee145b04c8d2e7d,0.18857142857142858,0.29464285714285715
d3a0b8d2-95a57759ca7f4494,e5d02e93-9702b854ca246425,0.18855218855218855,0.4666666666666667
66565156-e830bc6dfc3d34ae,7d12d33c-b4c3d5f6730bc23d,0.1884498480243161,0.2767857142857143
656b62de-07e003f6fc62643b,0f14b12d-fee145b04c8d2e7d,0.18843683083511778,0.19213973799126638
c6113c06-d4ec0a6afa4cb16c,b185d034-a791a4af4c89854c,0.18840579710144928,0.2988505747126437
1d43139f-a08be36b098f0971,656b62de-07e003f6fc62643b,0.1883656509695291,0.25757575757575757
26ad111c-6f110a9e517fc801,cfba313d-96627cf80535b35d,0.1883289124668435,0.5107913669064749
6018974f-796cead4caace323,d61f51c5-432a54c5bebe32fa,0.18815331010452963,0.39705882352941174
08cf0478-cf474a42302061bb,f5f97f19-d4fede29e258335b,0.18808777429467086,0.2542372881355932
1a6f8b20-46e2136e681f3c6f,30e0cc81-e37591091c959b0f,0.18808777429467086,0.3614457831325301
7814575b-d53f200ab383f03f,b9595381-1fe2b09ec26b73ed,0.18808777429467086,0.36585365853658536
f2cf6a74-c36cd3e8f935af24,480de7be-17d68f699a8fb117,0.18791946308724833,0.34146341463414637
f2cf6a74-c36cd3e8f935af24,f4757480-264ce4d0166e480d,0.18791946308724833,0.34146341463414637
0c9d4def-6a3de0efe209485b,ed728769-26de3db1e5ddc0f9,0.18791946308724833,0.2608695652173913
3088ca9c-f1011bb8e87b3927,98950986-d24a1d74ca0bc0c5,0.1878453038674033,0.2236842105263158
1a6f8b20-46e2136e681f3c6f,46bde295-e51fa6bd867e4ba5,0.1878453038674033,0.20481927710843373
7d12d33c-b4c3d5f6730bc23d,d83f74f7-23bcf7dad899d241,0.18779342723004694,0.4608294930875576
c6113c06-d4ec0a6afa4cb16c,778c91af-ba102667da83f00a,0.187683284457478,0.367816091954023
7a9c69d8-25b66767c6bfef75,30e0cc81-e37591091c959b0f,0.1875,0.35714285714285715
17e67976-1c13712beab98d62,6e7cd58b-9e00f3e11d7fd578,0.1875,0.4875
6f393cfe-f27eb766dce24503,30e0cc81-e37591091c959b0f,0.1875,0.35714285714285715
23594fdf-bc29e3c145f03caa,d92c5342-53771e54c54e60c0,0.1874125874125874,0.5275590551181102
ed728769-26de3db1e5ddc0f9,77448a05-1dfe65e51fa688fd,0.18729096989966554,0.1958041958041958
3b10bd6d-cb4bc04c8307b4f8,a5d5a95f-106627618ba094d2,0.18719211822660098,0.24358974358974358
8a858867-b9bbeece66de3f0d,cfba313d-96627cf80535b35d,0.18716577540106952,0.5263157894736842
487c9f62-7eec6fd25ec3903d,30e0cc81-e37591091c959b0f,0.18716577540106952,0.2536231884057971
fdd41565-d026425f11fe71fd,cfba313d-96627cf80535b35d,0.18691588785046728,0.5223880597014925
f8c99dd0-af74ef9023de52c3,9be0602e-2479557b64cb6cbc,0.18686868686868688,0.4567901234567901
6018974f-796cead4caace323,b185d034-a791a4af4c89854c,0.1867704280155642,0.35294117647058826
00af3420-6a22b980be3bebb8,01c915a2-b134dfb6a3c23cce,0.18662519440124417,0.48
bdf7bfb2-dc5f2f3e1ffc8032,01c915a2-b134dfb6a3c23cce,0.18662519440124417,0.48
585af783-1941371b4a80bb80,cfba313d-96627cf80535b35d,0.18659658344283836,0.4863013698630137
585af783-1941371b4a80bb80,9be0602e-2479557b64cb6cbc,0.18655097613882862,0.2945205479452055
b8b08542-ed329a5d344748ed,d83f74f7-23bcf7dad899d241,0.18653846153846154,0.5052083333333334
d783d815-fcfd47fa9b8bb15b,d83f74f7-23bcf7dad899d241,0.18653846153846154,0.5052083333333334
d783d815-9c6f6853f561f0ed,d83f74f7-23bcf7dad899d241,0.18653846153846154,0.5052083333333334
42fe7dd0-ae8f546af908b5fe,6e7cd58b-9e00f3e11d7fd578,0.18639798488664988,0.6065573770491803
6018974f-796cead4caace323,d3415fc5-3d79a0cf6c3df934,0.1863799283154122,0.38235294117647056
3b10bd6d-cb4bc04c8307b4f8,1a6f8b20-46e2136e681f3c6f,0.18633540372670807,0.19230769230769232
d3415fc5-3d79a0cf6c3df934,f6ed6826-065d31f19f562fcc,0.18625277161862527,0.1990521327014218
97a7fab5-c8910bb2ec5c2935,01c915a2-b134dfb6a3c23cce,0.18618618618618618,0.4189189189189189
07043d35-d508fb40e7ba58e1,ed728769-26de3db1e5ddc0f9,0.18613138686131386,0.1946564885496183
480de7be-17d68f699a8fb117,d83f74f7-23bcf7dad899d241,0.18609022556390978,0.4583333333333333
f4757480-264ce4d0166e480d,d83f74f7-23bcf7dad899d241,0.18609022556390978,0.4583333333333333
8a858867-b9bbeece66de3f0d,b434c275-276b6ce441c4669e,0.18604651162790697,0.6917293233082706
8a858867-b9bbeece66de3f0d,9399204d-6515f9b4b4661ed8,0.18604651162790697,0.6917293233082706
8a858867-b9bbeece66de3f0d,fdc4f384-81c2afc418e72aef,0.18604651162790697,0.6917293233082706
9291ca83-b2b16ed7b0bb365a,40132ebc-0eb4e2e2a14b1fc4,0.18604651162790697,0.5538461538461539
23594fdf-bc29e3c145f03caa,ef1d196b-c6903a1f95200b39,0.18594104308390022,0.3228346456692913
6018974f-796cead4caace323,f5f97f19-d4fede29e258335b,0.18587360594795538,0.36764705882352944
1a6f8b20-46e2136e681f3c6f,f6ed6826-065d31f19f562fcc,0.18575851393188855,0.3614457831325301
23594fdf-bc29e3c145f03caa,6e7cd58b-9e00f3e11d7fd578,0.1857451403887689,0.33858267716535434
7279bcb3-0f86b515ba2bd8dd,f4d6d28d-4171a85a7cd99755,0.18571428571428572,0.23636363636363636
7279bcb3-0f86b515ba2bd8dd,4eac0eea-433fe35c66f0896a,0.18571428571428572,0.23636363636363636
17e67976-1c13712beab98d62,d92c5342-53771e54c54e60c0,0.18562874251497005,0.775
3b10bd6d-cb4bc04c8307b4f8,f665e87b-932fba185362154d,0.1855072463768116,0.41025641025641024
3b10bd6d-cb4bc04c8307b4f8,f665e87b-f01b7cfb37168ad5,0.1855072463768116,0.41025641025641024
9291ca83-b2b16ed7b0bb365a,732c98a0-5659f20742b2f453,0.18546365914786966,0.5692307692307692
9291ca83-b2b16ed7b0bb365a,732c98a0-0117162249c9d715,0.18546365914786966,0.5692307692307692
f7a0ea6d-b8e74e9785d59e88,e5d02e93-9702b854ca246425,0.18543046357615894,0.4307692307692308
46bde295-e51fa6bd867e4ba5,0c9d4def-6a3de0efe209485b,0.18532818532818532,0.24489795918367346
3b10bd6d-cb4bc04c8307b4f8,35857a5a-8cd2a4bd9f3acd96,0.1853035143769968,0.3717948717948718
98950986-d24a1d74ca0bc0c5,4da08761-2765de8ab5de2a01,0.1853035143769968,0.2761904761904762
c23278ec-650f3957a6da68ca,ed728769-26de3db1e5ddc0f9,0.18518518518518517,0.273972602739726
7279bcb3-0f86b515ba2bd8dd,0b04b41e-0b6cb88d7212030e,0.18518518518518517,0.36363636363636365
7814575b-d53f200ab383f03f,fdd41565-d026425f11fe71fd,0.18518518518518517,0.24390243902439024
ef1d196b-c6903a1f95200b39,cfba313d-96627cf80535b35d,0.18514531754574812,0.27388535031847133
b8b08542-ed329a5d344748ed,b434c275-276b6ce441c4669e,0.1851145038167939,0.5052083333333334
b8b08542-ed329a5d344748ed,9399204d-6515f9b4b4661ed8,0.1851145038167939,0.5052083333333334
b8b08542-ed329a5d344748ed,fdc4f384-81c2afc418e72aef,0.1851145038167939,0.5052083333333334
d783d815-fcfd47fa9b8bb15b,b434c275-276b6ce441c4669e,0.1851145038167939,0.5052083333333334
d783d815-9c6f6853f561f0ed,b434c275-276b6ce441c4669e,0.1851145038167939,0.5052083333333334
d783d815-fcfd47fa9b8bb15b,9399204d-6515f9b4b4661ed8,0.1851145038167939,0.5052083333333334
d783d815-fcfd47fa9b8bb15b,fdc4f384-81c2afc418e72aef,0.1851145038167939,0.5052083333333334
d783d815-9c6f6853f561f0ed,9399204d-6515f9b4b4661ed8,0.1851145038167939,0.5052083333333334
d783d815-9c6f6853f561f0ed,fdc4f384-81c2afc418e72aef,0.1851145038167939,0.5052083333333334
c4ca2ff3-8002e9fb1de21148,07043d35-d508fb40e7ba58e1,0.18507462686567164,0.4246575342465753
a5d5a95f-106627618ba094d2,ed728769-26de3db1e5ddc0f9,0.18491484184914841,0.304
fdd41565-d026425f11fe71fd,76a69f5c-5a0e3ae2a5ff1ef0,0.18491484184914841,0.2835820895522388
c6113c06-d4ec0a6afa4cb16c,480de7be-17d68f699a8fb117,0.1848184818481848,0.3218390804597701
c6113c06-d4ec0a6afa4cb16c,f4757480-264ce4d0166e480d,0.1848184818481848,0.3218390804597701
1d43139f-a08be36b098f0971,30e0cc81-e37591091c959b0f,0.18478260869565216,0.25757575757575757
97a7fab5-c8910bb2ec5c2935,d83f74f7-23bcf7dad899d241,0.18473895582329317,0.6216216216216216
3088ca9c-f1011bb8e87b3927,0f14b12d-fee145b04c8d2e7d,0.18471337579617833,0.3815789473684211
42fe7dd0-ae8f546af908b5fe,fdd41565-d026425f11fe71fd,0.18461538461538463,0.29508196721311475
585af783-1941371b4a80bb80,f5f97f19-d4fede29e258335b,0.1844380403458213,0.2191780821917808
8782922d-b6272ba0ec663c70,01c915a2-b134dfb6a3c23cce,0.18441971383147854,0.5225225225225225
51151974-bb8053de078aa97d,b434c275-276b6ce441c4669e,0.18439716312056736,0.6946564885496184
51151974-bb8053de078aa97d,9399204d-6515f9b4b4661ed8,0.18439716312056736,0.6946564885496184
51151974-bb8053de078aa97d,fdc4f384-81c2afc418e72aef,0.18439716312056736,0.6946564885496184
66565156-e830bc6dfc3d34ae,f4d6d28d-4171a85a7cd99755,0.18439716312056736,0.23214285714285715
66565156-e830bc6dfc3d34ae,4eac0eea-433fe35c66f0896a,0.18439716312056736,0.23214285714285715
9291ca83-b2b16ed7b0bb365a,8a041ef5-22f968305d57262e,0.1842818428184282,0.5230769230769231
45e41c6d-14603621c555c558,30e0cc81-e37591091c959b0f,0.18421052631578946,0.4117647058823529
8532d5ed-e56d613d9e34734b,d92c5342-53771e54c54e60c0,0.18410041841004185,0.5116279069767442
b0a01ee7-a88cb875e376e2ba,6e7cd58b-9e00f3e11d7fd578,0.18407960199004975,0.5606060606060606
45e41c6d-14603621c555c558,732c98a0-5659f20742b2f453,0.18407960199004975,0.5441176470588235
45e41c6d-14603621c555c558,732c98a0-0117162249c9d715,0.18407960199004975,0.5441176470588235
00af3420-6a22b980be3bebb8,f5f97f19-d4fede29e258335b,0.18404907975460122,0.24
a5d5a95f-106627618ba094d2,f5f97f19-d4fede29e258335b,0.18404907975460122,0.24
bdf7bfb2-dc5f2f3e1ffc8032,f5f97f19-d4fede29e258335b,0.18404907975460122,0.24
7279bcb3-0f86b515ba2bd8dd,0ea5a836-8314c5dfb34c8bab,0.18404907975460122,0.2727272727272727
7814575b-d53f200ab383f03f,8cfe3ee0-900555a974d03516,0.184,0.2804878048780488
ab7507bf-cfb7470e23cb45dc,d83f74f7-23bcf7dad899d241,0.18388429752066116,0.7416666666666667
9291ca83-b2b16ed7b0bb365a,a368f345-4f26b824059bf5f9,0.18360655737704917,0.4307692307692308
26ad111c-6f110a9e517fc801,ed728769-26de3db1e5ddc0f9,0.18352941176470589,0.2805755395683453
c6113c06-d4ec0a6afa4cb16c,a368f345-4f26b824059bf5f9,0.1834862385321101,0.3448275862068966
1d43139f-a08be36b098f0971,9be0602e-2479557b64cb6cbc,0.18344519015659955,0.3106060606060606
487c9f62-7eec6fd25ec3903d,d3415fc5-3d79a0cf6c3df934,0.1833810888252149,0.2318840579710145
42fe7dd0-ae8f546af908b5fe,f5f97f19-d4fede29e258335b,0.183206106870229,0.39344262295081966
45e41c6d-14603621c555c558,480de7be-17d68f699a8fb117,0.18309859154929578,0.38235294117647056
45e41c6d-14603621c555c558,f4757480-264ce4d0166e480d,0.18309859154929578,0.38235294117647056
d3a0b8d2-95a57759ca7f4494,7814575b-d53f200ab383f03f,0.18309859154929578,0.21666666666666667
08cf0478-cf474a42302061bb,b434c275-276b6ce441c4669e,0.18275154004106775,0.7542372881355932
08cf0478-cf474a42302061bb,9399204d-6515f9b4b4661ed8,0.18275154004106775,0.7542372881355932
08cf0478-cf474a42302061bb,fdc4f384-81c2afc418e72aef,0.18275154004106775,0.7542372881355932
c6113c06-d4ec0a6afa4cb16c,7279bcb3-0f86b515ba2bd8dd,0.18274111675126903,0.20689655172413793
4685c420-34caaa19b5555fa4,fdd41565-d026425f11fe71fd,0.1826086956521739,0.21875
23594fdf-bc29e3c145f03caa,d83f74f7-23bcf7dad899d241,0.18256410256410258,0.7007874015748031
f7a0ea6d-b8e74e9785d59e88,2a35cd81-0aeb43004eb108dd,0.18241042345276873,0.4307692307692308
f8c99dd0-af74ef9023de52c3,b9595381-1fe2b09ec26b73ed,0.18238993710691823,0.35802469135802467
7279bcb3-0f86b515ba2bd8dd,4da08761-2765de8ab5de2a01,0.18238993710691823,0.2636363636363636
3b10bd6d-cb4bc04c8307b4f8,07043d35-d508fb40e7ba58e1,0.18235294117647058,0.3974358974358974
b55888de-ca2300bd54fb3fd5,3c74c140-a93ee473b71ac072,0.18230563002680966,0.4722222222222222
97a7fab5-c8910bb2ec5c2935,30e0cc81-e37591091c959b0f,0.18229166666666666,0.23648648648648649
b0a01ee7-a88cb875e376e2ba,a2cf5634-50a35a847b217df3,0.18225419664268586,0.5757575757575758
8cfe3ee0-900555a974d03516,9be0602e-2479557b64cb6cbc,0.18219461697722567,0.2619047619047619
97a7fab5-c8910bb2ec5c2935,1f6b81b1-5b2cd71aff307a38,0.18208092485549132,0.42567567567567566
8782922d-b6272ba0ec663c70,40cc90ae-a1888e38f4a2438d,0.18181818181818182,0.5945945945945946
9e7551da-8b58fac3a9eaef98,1b372750-4ec55bfec37eb837,0.18181818181818182,0.2777777777777778
b8b08542-ed329a5d344748ed,1b372750-4ec55bfec37eb837,0.18181818181818182,0.21354166666666666
45e41c6d-14603621c555c558,656b62de-07e003f6fc62643b,0.18181818181818182,0.39705882352941174
d783d815-fcfd47fa9b8bb15b,1b372750-4ec55bfec37eb837,0.18181818181818182,0.21354166666666666
98950986-d24a1d74ca0bc0c5,f4d6d28d-4171a85a7cd99755,0.18181818181818182,0.23809523809523808
42fe7dd0-ae8f546af908b5fe,f4d6d28d-4171a85a7cd99755,0.18181818181818182,0.3442622950819672
f0e13442-3615d4e91a6c5bd9,1b372750-4ec55bfec37eb837,0.18181818181818182,0.2777777777777778
d783d815-9c6f6853f561f0ed,1b372750-4ec55bfec37eb837,0.18181818181818182,0.21354166666666666
4685c420-34caaa19b5555fa4,0b04b41e-0b6cb88d7212030e,0.18181818181818182,0.3958333333333333
98950986-d24a1d74ca0bc0c5,4eac0eea-433fe35c66f0896a,0.18181818181818182,0.23809523809523808
42fe7dd0-ae8f546af908b5fe,4eac0eea-433fe35c66f0896a,0.18181818181818182,0.3442622950819672
d3415fc5-3d79a0cf6c3df934,a2cf5634-50a35a847b217df3,0.18149466192170818,0.24170616113744076
8782922d-b6272ba0ec663c70,ed728769-26de3db1e5ddc0f9,0.181360201511335,0.32432432432432434
7d12d33c-b4c3d5f6730bc23d,1f6b81b1-5b2cd71aff307a38,0.18134034165571616,0.31797235023041476
46bde295-e51fa6bd867e4ba5,76a69f5c-5a0e3ae2a5ff1ef0,0.18133333333333335,0.3469387755102041
42fe7dd0-ae8f546af908b5fe,1b372750-4ec55bfec37eb837,0.18125,0.47540983606557374
d3a0b8d2-95a57759ca7f4494,0ea5a836-8314c5dfb34c8bab,0.18115942028985507,0.4166666666666667
9291ca83-b2b16ed7b0bb365a,d3415fc5-3d79a0cf6c3df934,0.18115942028985507,0.38461538461538464
ccc8ef27-962b4c2d0adf3e00,d3415fc5-3d79a0cf6c3df934,0.18115942028985507,0.38461538461538464
d6fb3b9e-f5435586daf6a49b,d3415fc5-3d79a0cf6c3df934,0.18115942028985507,0.38461538461538464
55ab9b5d-97aa2decf67ee58c,77448a05-1dfe65e51fa688fd,0.18090452261306533,0.4186046511627907
0f14b12d-fee145b04c8d2e7d,8a041ef5-22f968305d57262e,0.18081180811808117,0.20588235294117646
6a47e491-9e58b734b00c40ca,778c91af-ba102667da83f00a,0.18061674008810572,0.205
7279bcb3-0f86b515ba2bd8dd,d92c5342-53771e54c54e60c0,0.18051575931232092,0.5727272727272728
175201f9-29a63f3073d1212f,9be0602e-2479557b64cb6cbc,0.18036072144288579,0.24456521739130435
45e41c6d-14603621c555c558,464ad4dd-9978f63cac804e5b,0.18032786885245902,0.3235294117647059
f7a0ea6d-b8e74e9785d59e88,8cfe3ee0-900555a974d03516,0.18025751072961374,0.3230769230769231
7a9c69d8-25b66767c6bfef75,23594fdf-bc29e3c145f03caa,0.18009478672985782,0.2261904761904762
6f393cfe-f27eb766dce24503,23594fdf-bc29e3c145f03caa,0.18009478672985782,0.2261904761904762
00af3420-6a22b980be3bebb8,ed728769-26de3db1e5ddc0f9,0.18004866180048662,0.296
bdf7bfb2-dc5f2f3e1ffc8032,ed728769-26de3db1e5ddc0f9,0.18004866180048662,0.296
b0a01ee7-a88cb875e376e2ba,f5f97f19-d4fede29e258335b,0.1797752808988764,0.36363636363636365
97a7fab5-c8910bb2ec5c2935,ed728769-26de3db1e5ddc0f9,0.17972350230414746,0.2635135135135135
6be4dcef-d802164d63afa92e,54488276-f24b9e883d548563,0.17959183673469387,0.25882352941176473
42fe7dd0-ae8f546af908b5fe,a368f345-4f26b824059bf5f9,0.17940199335548174,0.4426229508196721
f4d6d28d-4171a85a7cd99755,1f6b81b1-5b2cd71aff307a38,0.1792717086834734,0.3764705882352941
4eac0eea-433fe35c66f0896a,1f6b81b1-5b2cd71aff307a38,0.1792717086834734,0.3764705882352941
487c9f62-7eec6fd25ec3903d,ed728769-26de3db1e5ddc0f9,0.1792452830188679,0.2753623188405797
46bde295-e51fa6bd867e4ba5,e5d02e93-9702b854ca246425,0.1791044776119403,0.30612244897959184
c6113c06-d4ec0a6afa4cb16c,e5d02e93-9702b854ca246425,0.17901234567901234,0.3333333333333333
b0a01ee7-a88cb875e376e2ba,30e0cc81-e37591091c959b0f,0.17880794701986755,0.4090909090909091
b55888de-ca2300bd54fb3fd5,ed728769-26de3db1e5ddc0f9,0.1787709497206704,0.4444444444444444
a368f345-4f26b824059bf5f9,ed728769-26de3db1e5ddc0f9,0.17870722433460076,0.19583333333333333
26ad111c-6f110a9e517fc801,1f6b81b1-5b2cd71aff307a38,0.17862371888726208,0.43884892086330934
46bde295-e51fa6bd867e4ba5,0f14b12d-fee145b04c8d2e7d,0.17857142857142858,0.30612244897959184
6a47e491-9e58b734b00c40ca,b9595381-1fe2b09ec26b73ed,0.17848970251716248,0.195
3b10bd6d-cb4bc04c8307b4f8,30e0cc81-e37591091c959b0f,0.17834394904458598,0.358974358974359
7279bcb3-0f86b515ba2bd8dd,97a7fab5-c8910bb2ec5c2935,0.17829457364341086,0.20909090909090908
97a7fab5-c8910bb2ec5c2935,cfba313d-96627cf80535b35d,0.1782437745740498,0.4594594594594595
f7a0ea6d-b8e74e9785d59e88,0f14b12d-fee145b04c8d2e7d,0.1782178217821782,0.4153846153846154
35857a5a-8cd2a4bd9f3acd96,1b372750-4ec55bfec37eb837,0.17813765182186234,0.18723404255319148
ed728769-26de3db1e5ddc0f9,d83f74f7-23bcf7dad899d241,0.1781305114638448,0.3531468531468531
6be4dcef-d802164d63afa92e,1f6b81b1-5b2cd71aff307a38,0.178060413354531,0.6588235294117647
d3a0b8d2-95a57759ca7f4494,76a69f5c-5a0e3ae2a5ff1ef0,0.17804154302670624,0.5
f7a0ea6d-b8e74e9785d59e88,9e7551da-8b58fac3a9eaef98,0.17801047120418848,0.26153846153846155
f7a0ea6d-b8e74e9785d59e88,f0e13442-3615d4e91a6c5bd9,0.17801047120418848,0.26153846153846155
8a041ef5-22f968305d57262e,ef1d196b-c6903a1f95200b39,0.1779935275080906,0.18092105263157895
d3a0b8d2-95a57759ca7f4494,464ad4dd-9978f63cac804e5b,0.17796610169491525,0.35
8782922d-b6272ba0ec663c70,f4d6d28d-4171a85a7cd99755,0.17793594306049823,0.22522522522522523
8782922d-b6272ba0ec663c70,4eac0eea-433fe35c66f0896a,0.17793594306049823,0.22522522522522523
7a9c69d8-25b66767c6bfef75,2a35cd81-0aeb43004eb108dd,0.17791411042944785,0.34523809523809523
6f393cfe-f27eb766dce24503,2a35cd81-0aeb43004eb108dd,0.17791411042944785,0.34523809523809523
3b10bd6d-cb4bc04c8307b4f8,b8b08542-ed329a5d344748ed,0.17777777777777778,0.3076923076923077
3b10bd6d-cb4bc04c8307b4f8,d783d815-fcfd47fa9b8bb15b,0.17777777777777778,0.3076923076923077
3b10bd6d-cb4bc04c8307b4f8,b9595381-1fe2b09ec26b73ed,0.17777777777777778,0.358974358974359
3b10bd6d-cb4bc04c8307b4f8,d783d815-9c6f6853f561f0ed,0.17777777777777778,0.3076923076923077
30e0cc81-e37591091c959b0f,8a041ef5-22f968305d57262e,0.17777777777777778,0.2033898305084746
c4ca2ff3-8002e9fb1de21148,35bb6075-720cdb4a7c64c6cd,0.17777777777777778,0.4383561643835616
b55888de-ca2300bd54fb3fd5,0b04b41e-0b6cb88d7212030e,0.17766497461928935,0.4861111111111111
585af783-1941371b4a80bb80,b434c275-276b6ce441c4669e,0.17764471057884232,0.6095890410958904
585af783-1941371b4a80bb80,9399204d-6515f9b4b4661ed8,0.17764471057884232,0.6095890410958904
585af783-1941371b4a80bb80,fdc4f384-81c2afc418e72aef,0.17764471057884232,0.6095890410958904
b55888de-ca2300bd54fb3fd5,40cc90ae-a1888e38f4a2438d,0.17758369723435224,0.8472222222222222
f2cf6a74-c36cd3e8f935af24,3c74c140-a93ee473b71ac072,0.17754569190600522,0.4146341463414634
6a47e491-9e58b734b00c40ca,07043d35-d508fb40e7ba58e1,0.1774891774891775,0.205
c6113c06-d4ec0a6afa4cb16c,0c9d4def-6a3de0efe209485b,0.1774193548387097,0.25287356321839083
e5d02e93-9702b854ca246425,1b372750-4ec55bfec37eb837,0.1774193548387097,0.18565400843881857
f7a0ea6d-b8e74e9785d59e88,339fdc7f-08ea3facdbf2e797,0.1774193548387097,0.5076923076923077
ae4d5b49-62ede50d39b5202a,7d12d33c-b4c3d5f6730bc23d,0.1773049645390071,0.38461538461538464
0c9d4def-6a3de0efe209485b,6a47e491-9e58b734b00c40ca,0.1772853185595568,0.19875776397515527
f4d6d28d-4171a85a7cd99755,8a041ef5-22f968305d57262e,0.17721518987341772,0.24705882352941178
4eac0eea-433fe35c66f0896a,8a041ef5-22f968305d57262e,0.17721518987341772,0.24705882352941178
c6113c06-d4ec0a6afa4cb16c,175201f9-29a63f3073d1212f,0.17712177121771217,0.27586206896551724
487c9f62-7eec6fd25ec3903d,b434c275-276b6ce441c4669e,0.17706237424547283,0.6376811594202898
487c9f62-7eec6fd25ec3903d,9399204d-6515f9b4b4661ed8,0.17706237424547283,0.6376811594202898
487c9f62-7eec6fd25ec3903d,fdc4f384-81c2afc418e72aef,0.17706237424547283,0.6376811594202898
f7a0ea6d-b8e74e9785d59e88,a368f345-4f26b824059bf5f9,0.17704918032786884,0.4153846153846154
7814575b-d53f200ab383f03f,6e7cd58b-9e00f3e11d7fd578,0.17703349282296652,0.45121951219512196
54488276-f24b9e883d548563,01c915a2-b134dfb6a3c23cce,0.17699115044247787,0.375
7a9c69d8-25b66767c6bfef75,464ad4dd-9978f63cac804e5b,0.17692307692307693,0.27380952380952384
6f393cfe-f27eb766dce24503,464ad4dd-9978f63cac804e5b,0.17692307692307693,0.27380952380952384
3b10bd6d-cb4bc04c8307b4f8,0ea5a836-8314c5dfb34c8bab,0.17687074829931973,0.3333333333333333
51151974-bb8053de078aa97d,dff5ff0a-4c22ff53e6acbc9b,0.17684210526315788,0.32061068702290074
f8c99dd0-af74ef9023de52c3,fdd41565-d026425f11fe71fd,0.17674418604651163,0.2345679012345679
c6113c06-d4ec0a6afa4cb16c,35bb6075-720cdb4a7c64c6cd,0.17647058823529413,0.3793103448275862
54488276-f24b9e883d548563,d92c5342-53771e54c54e60c0,0.17647058823529413,0.4125
9291ca83-b2b16ed7b0bb365a,26ad111c-6f110a9e517fc801,0.17647058823529413,0.27692307692307694
f7a0ea6d-b8e74e9785d59e88,26ad111c-6f110a9e517fc801,0.17647058823529413,0.27692307692307694
c4ca2ff3-8002e9fb1de21148,3c74c140-a93ee473b71ac072,0.17647058823529413,0.4520547945205479
fdd41565-d026425f11fe71fd,656b62de-07e003f6fc62643b,0.1763085399449036,0.23880597014925373
6be4dcef-d802164d63afa92e,464ad4dd-9978f63cac804e5b,0.17624521072796934,0.27058823529411763
46bde295-e51fa6bd867e4ba5,778c91af-ba102667da83f00a,0.17613636363636365,0.3163265306122449
3088ca9c-f1011bb8e87b3927,2a35cd81-0aeb43004eb108dd,0.1761006289308176,0.3684210526315789
f7a0ea6d-b8e74e9785d59e88,d61f51c5-432a54c5bebe32fa,0.176056338028169,0.38461538461538464
7814575b-d53f200ab383f03f,1b372750-4ec55bfec37eb837,0.17595307917888564,0.36585365853658536
7279bcb3-0f86b515ba2bd8dd,40132ebc-0eb4e2e2a14b1fc4,0.17592592592592593,0.34545454545454546
f8c99dd0-af74ef9023de52c3,0f14b12d-fee145b04c8d2e7d,0.1755485893416928,0.345679012345679
ae4d5b49-62ede50d39b5202a,732c98a0-5659f20742b2f453,0.17543859649122806,0.5384615384615384
ae4d5b49-62ede50d39b5202a,732c98a0-0117162249c9d715,0.17543859649122806,0.5384615384615384
7a9c69d8-25b66767c6bfef75,8a041ef5-22f968305d57262e,0.17525773195876287,0.40476190476190477
6f393cfe-f27eb766dce24503,8a041ef5-22f968305d57262e,0.17525773195876287,0.40476190476190477
4685c420-34caaa19b5555fa4,9be0602e-2479557b64cb6cbc,0.17518248175182483,0.375
4685c420-34caaa19b5555fa4,f38ae053-1cc93e66c41ccafa,0.1751412429378531,0.3229166666666667
08cf0478-cf474a42302061bb,30e0cc81-e37591091c959b0f,0.1751412429378531,0.2627118644067797
c4ca2ff3-8002e9fb1de21148,8a041ef5-22f968305d57262e,0.17506631299734748,0.4520547945205479
51151974-bb8053de078aa97d,9be0602e-2479557b64cb6cbc,0.17488789237668162,0.29770992366412213
ef1d196b-c6903a1f95200b39,9be0602e-2479557b64cb6cbc,0.17488076311605724,0.1751592356687898
3b10bd6d-cb4bc04c8307b4f8,4da08761-2765de8ab5de2a01,0.17482517482517482,0.32051282051282054
3088ca9c-f1011bb8e87b3927,6e7cd58b-9e00f3e11d7fd578,0.17475728155339806,0.47368421052631576
a5d5a95f-106627618ba094d2,d83f74f7-23bcf7dad899d241,0.1747173689619733,0.68
ab7507bf-cfb7470e23cb45dc,9be0602e-2479557b64cb6cbc,0.17471264367816092,0.31666666666666665
ae4d5b49-62ede50d39b5202a,f665e87b-932fba185362154d,0.1746987951807229,0.4461538461538462
c4ca2ff3-8002e9fb1de21148,1b372750-4ec55bfec37eb837,0.1746987951807229,0.3972602739726027
ae4d5b49-62ede50d39b5202a,f665e87b-f01b7cfb37168ad5,0.1746987951807229,0.4461538461538462
45e41c6d-14603621c555c558,175201f9-29a63f3073d1212f,0.1746031746031746,0.3235294117647059
1a6f8b20-46e2136e681f3c6f,66565156-e830bc6dfc3d34ae,0.17435897435897435,0.20481927710843373
d3415fc5-3d79a0cf6c3df934,40cc90ae-a1888e38f4a2438d,0.17433414043583534,0.3412322274881517
6be4dcef-d802164d63afa92e,a2cf5634-50a35a847b217df3,0.1743119266055046,0.4470588235294118
7814575b-d53f200ab383f03f,f6ed6826-065d31f19f562fcc,0.17391304347826086,0.34146341463414637
fdd41565-d026425f11fe71fd,b434c275-276b6ce441c4669e,0.17373737373737375,0.6417910447761194
fdd41565-d026425f11fe71fd,9399204d-6515f9b4b4661ed8,0.17373737373737375,0.6417910447761194
fdd41565-d026425f11fe71fd,fdc4f384-81c2afc418e72aef,0.17373737373737375,0.6417910447761194
9291ca83-b2b16ed7b0bb365a,9be0602e-2479557b64cb6cbc,0.1736842105263158,0.5076923076923077
ae4d5b49-62ede50d39b5202a,9be0602e-2479557b64cb6cbc,0.1736842105263158,0.5076923076923077
c23278ec-650f3957a6da68ca,b434c275-276b6ce441c4669e,0.17365269461077845,0.5958904109589042
c23278ec-650f3957a6da68ca,9399204d-6515f9b4b4661ed8,0.17365269461077845,0.5958904109589042
c23278ec-650f3957a6da68ca,fdc4f384-81c2afc418e72aef,0.17365269461077845,0.5958904109589042
f8c99dd0-af74ef9023de52c3,175201f9-29a63f3073d1212f,0.17358490566037735,0.2839506172839506
d3a0b8d2-95a57759ca7f4494,3f939694-111b597776032895,0.17355371900826447,0.35
ae4d5b49-62ede50d39b5202a,35857a5a-8cd2a4bd9f3acd96,0.17333333333333334,0.4
6be4dcef-d802164d63afa92e,b8b08542-ed329a5d344748ed,0.17328519855595667,0.2823529411764706
6be4dcef-d802164d63afa92e,d783d815-fcfd47fa9b8bb15b,0.17328519855595667,0.2823529411764706
b0a01ee7-a88cb875e376e2ba,d3415fc5-3d79a0cf6c3df934,0.17328519855595667,0.36363636363636365
6be4dcef-d802164d63afa92e,d783d815-9c6f6853f561f0ed,0.17328519855595667,0.2823529411764706
f4d6d28d-4171a85a7cd99755,9be0602e-2479557b64cb6cbc,0.1731958762886598,0.24705882352941178
4eac0eea-433fe35c66f0896a,9be0602e-2479557b64cb6cbc,0.1731958762886598,0.24705882352941178
17e67976-1c13712beab98d62,1f6b81b1-5b2cd71aff307a38,0.17307692307692307,0.675
23594fdf-bc29e3c145f03caa,26ad111c-6f110a9e517fc801,0.17293233082706766,0.18110236220472442
42fe7dd0-ae8f546af908b5fe,ed728769-26de3db1e5ddc0f9,0.1729106628242075,0.4918032786885246
54488276-f24b9e883d548563,40cc90ae-a1888e38f4a2438d,0.17290322580645162,0.41875
54488276-f24b9e883d548563,cfba313d-96627cf80535b35d,0.17290322580645162,0.41875
7a9c69d8-25b66767c6bfef75,7d12d33c-b4c3d5f6730bc23d,0.17275747508305647,0.30952380952380953
6f393cfe-f27eb766dce24503,7d12d33c-b4c3d5f6730bc23d,0.17275747508305647,0.30952380952380953
17e67976-1c13712beab98d62,cfba313d-96627cf80535b35d,0.17266187050359713,0.75
54488276-f24b9e883d548563,9be0602e-2479557b64cb6cbc,0.1726315789473684,0.25625
7a9c69d8-25b66767c6bfef75,d92c5342-53771e54c54e60c0,0.17261904761904762,0.6904761904761905
6f393cfe-f27eb766dce24503,d92c5342-53771e54c54e60c0,0.17261904761904762,0.6904761904761905
f7a0ea6d-b8e74e9785d59e88,1d43139f-a08be36b098f0971,0.17258883248730963,0.26153846153846155
c4ca2ff3-8002e9fb1de21148,d92c5342-53771e54c54e60c0,0.17246596066565809,0.7808219178082192
7a9c69d8-25b66767c6bfef75,40132ebc-0eb4e2e2a14b1fc4,0.1724137931034483,0.4166666666666667
f8c99dd0-af74ef9023de52c3,f665e87b-932fba185362154d,0.1724137931034483,0.37037037037037035
42fe7dd0-ae8f546af908b5fe,656b62de-07e003f6fc62643b,0.1724137931034483,0.4098360655737705
97a7fab5-c8910bb2ec5c2935,6a47e491-9e58b734b00c40ca,0.1724137931034483,0.20270270270270271
6f393cfe-f27eb766dce24503,40132ebc-0eb4e2e2a14b1fc4,0.1724137931034483,0.4166666666666667
f8c99dd0-af74ef9023de52c3,f665e87b-f01b7cfb37168ad5,0.1724137931034483,0.37037037037037035
b185d034-a791a4af4c89854c,732c98a0-5659f20742b2f453,0.17208413001912046,0.23809523809523808
b185d034-a791a4af4c89854c,732c98a0-0117162249c9d715,0.17208413001912046,0.23809523809523808
d3a0b8d2-95a57759ca7f4494,77448a05-1dfe65e51fa688fd,0.17204301075268819,0.5333333333333333
c4ca2ff3-8002e9fb1de21148,97a7fab5-c8910bb2ec5c2935,0.17194570135746606,0.2602739726027397
c6113c06-d4ec0a6afa4cb16c,07043d35-d508fb40e7ba58e1,0.17191977077363896,0.3448275862068966
51151974-bb8053de078aa97d,1f6b81b1-5b2cd71aff307a38,0.17185185185185184,0.44274809160305345
45e41c6d-14603621c555c558,f38ae053-1cc93e66c41ccafa,0.17177914110429449,0.4117647058823529
b0a01ee7-a88cb875e376e2ba,1d43139f-a08be36b098f0971,0.1717171717171717,0.25757575757575757
7a9c69d8-25b66767c6bfef75,175201f9-29a63f3073d1212f,0.17164179104477612,0.27380952380952384
6f393cfe-f27eb766dce24503,175201f9-29a63f3073d1212f,0.17164179104477612,0.27380952380952384
c6113c06-d4ec0a6afa4cb16c,0ea5a836-8314c5dfb34c8bab,0.1716171617161716,0.2988505747126437
f4d6d28d-4171a85a7cd99755,b434c275-276b6ce441c4669e,0.17153996101364521,0.5176470588235295
4eac0eea-433fe35c66f0896a,b434c275-276b6ce441c4669e,0.17153996101364521,0.5176470588235295
f4d6d28d-4171a85a7cd99755,9399204d-6515f9b4b4661ed8,0.17153996101364521,0.5176470588235295
4eac0eea-433fe35c66f0896a,9399204d-6515f9b4b4661ed8,0.17153996101364521,0.5176470588235295
f4d6d28d-4171a85a7cd99755,fdc4f384-81c2afc418e72aef,0.17153996101364521,0.5176470588235295
4eac0eea-433fe35c66f0896a,fdc4f384-81c2afc418e72aef,0.17153996101364521,0.5176470588235295
7a9c69d8-25b66767c6bfef75,3c74c140-a93ee473b71ac072,0.17142857142857143,0.39285714285714285
6f393cfe-f27eb766dce24503,3c74c140-a93ee473b71ac072,0.17142857142857143,0.39285714285714285
8a858867-b9bbeece66de3f0d,1f6b81b1-5b2cd71aff307a38,0.17134416543574593,0.43609022556390975
f8c99dd0-af74ef9023de52c3,a2cf5634-50a35a847b217df3,0.1712962962962963,0.4567901234567901
f7a0ea6d-b8e74e9785d59e88,dff5ff0a-4c22ff53e6acbc9b,0.17114914425427874,0.5384615384615384
a5d5a95f-106627618ba094d2,01c915a2-b134dfb6a3c23cce,0.17107309486780714,0.44
b8b08542-ed329a5d344748ed,cfba313d-96627cf80535b35d,0.17100371747211895,0.359375
d783d815-fcfd47fa9b8bb15b,cfba313d-96627cf80535b35d,0.17100371747211895,0.359375
d783d815-9c6f6853f561f0ed,cfba313d-96627cf80535b35d,0.17100371747211895,0.359375
f4d6d28d-4171a85a7cd99755,d83f74f7-23bcf7dad899d241,0.17092337917485265,0.5117647058823529
4eac0eea-433fe35c66f0896a,d83f74f7-23bcf7dad899d241,0.17092337917485265,0.5117647058823529
8532d5ed-e56d613d9e34734b,8a041ef5-22f968305d57262e,0.17090069284064666,0.2868217054263566
23594fdf-bc29e3c145f03caa,f5f97f19-d4fede29e258335b,0.17073170731707318,0.2204724409448819
6a47e491-9e58b734b00c40ca,a2cf5634-50a35a847b217df3,0.1705989110707804,0.235
a5d5a95f-106627618ba094d2,dff5ff0a-4c22ff53e6acbc9b,0.17057569296375266,0.32
b0a01ee7-a88cb875e376e2ba,b8b08542-ed329a5d344748ed,0.17054263565891473,0.3333333333333333
b0a01ee7-a88cb875e376e2ba,d783d815-fcfd47fa9b8bb15b,0.17054263565891473,0.3333333333333333
b0a01ee7-a88cb875e376e2ba,d783d815-9c6f6853f561f0ed,0.17054263565891473,0.3333333333333333
3088ca9c-f1011bb8e87b3927,656b62de-07e003f6fc62643b,0.17049180327868851,0.34210526315789475
b185d034-a791a4af4c89854c,b434c275-276b6ce441c4669e,0.17033492822966506,0.4708994708994709
b185d034-a791a4af4c89854c,9399204d-6515f9b4b4661ed8,0.17033492822966506,0.4708994708994709
b185d034-a791a4af4c89854c,fdc4f384-81c2afc418e72aef,0.17033492822966506,0.4708994708994709
b55888de-ca2300bd54fb3fd5,a2cf5634-50a35a847b217df3,0.1702127659574468,0.5
f7a0ea6d-b8e74e9785d59e88,f4d6d28d-4171a85a7cd99755,0.1702127659574468,0.3076923076923077
f7a0ea6d-b8e74e9785d59e88,4eac0eea-433fe35c66f0896a,0.1702127659574468,0.3076923076923077
ccc8ef27-962b4c2d0adf3e00,656b62de-07e003f6fc62643b,0.17006802721088435,0.38461538461538464
f7a0ea6d-b8e74e9785d59e88,656b62de-07e003f6fc62643b,0.17006802721088435,0.38461538461538464
d6fb3b9e-f5435586daf6a49b,656b62de-07e003f6fc62643b,0.17006802721088435,0.38461538461538464
55ab9b5d-97aa2decf67ee58c,4da08761-2765de8ab5de2a01,0.17006802721088435,0.29069767441860467
7279bcb3-0f86b515ba2bd8dd,175201f9-29a63f3073d1212f,0.17006802721088435,0.22727272727272727
487c9f62-7eec6fd25ec3903d,cfba313d-96627cf80535b35d,0.1699867197875166,0.463768115942029
b0a01ee7-a88cb875e376e2ba,f6ed6826-065d31f19f562fcc,0.16993464052287582,0.3939393939393939
c6113c06-d4ec0a6afa4cb16c,a5d5a95f-106627618ba094d2,0.16981132075471697,0.20689655172413793
c4ca2ff3-8002e9fb1de21148,a2cf5634-50a35a847b217df3,0.16981132075471697,0.4931506849315068
1d43139f-a08be36b098f0971,8a041ef5-22f968305d57262e,0.16972477064220184,0.2803030303030303
6a47e491-9e58b734b00c40ca,30e0cc81-e37591091c959b0f,0.16972477064220184,0.185
ae4d5b49-62ede50d39b5202a,76a69f5c-5a0e3ae2a5ff1ef0,0.1695906432748538,0.4461538461538462
4241f473-734711fff505529f,f5f97f19-d4fede29e258335b,0.1694915254237288,0.19607843137254902
464ad4dd-9978f63cac804e5b,1f6b81b1-5b2cd71aff307a38,0.16944444444444445,0.3465909090909091
17e67976-1c13712beab98d62,8cfe3ee0-900555a974d03516,0.1693548387096774,0.2625
55ab9b5d-97aa2decf67ee58c,8a041ef5-22f968305d57262e,0.16923076923076924,0.38372093023255816
45e41c6d-14603621c555c558,0b04b41e-0b6cb88d7212030e,0.16923076923076924,0.4852941176470588
1a6f8b20-46e2136e681f3c6f,339fdc7f-08ea3facdbf2e797,0.16923076923076924,0.39759036144578314
08cf0478-cf474a42302061bb,1f6b81b1-5b2cd71aff307a38,0.1691842900302115,0.4745762711864407
46bde295-e51fa6bd867e4ba5,8a041ef5-22f968305d57262e,0.1691542288557214,0.3469387755102041
fdd41565-d026425f11fe71fd,d83f74f7-23bcf7dad899d241,0.1690427698574338,0.6194029850746269
6018974f-796cead4caace323,0ea5a836-8314c5dfb34c8bab,0.16901408450704225,0.35294117647058826
3f939694-111b597776032895,9be0602e-2479557b64cb6cbc,0.16901408450704225,0.23076923076923078
55ab9b5d-97aa2decf67ee58c,23594fdf-bc29e3c145f03caa,0.16901408450704225,0.20930232558139536
8a858867-b9bbeece66de3f0d,01c915a2-b134dfb6a3c23cce,0.16897081413210446,0.41353383458646614
c6113c06-d4ec0a6afa4cb16c,a2cf5634-50a35a847b217df3,0.1689497716894977,0.42528735632183906
08cf0478-cf474a42302061bb,dff5ff0a-4c22ff53e6acbc9b,0.16883116883116883,0.3305084745762712
0f14b12d-fee145b04c8d2e7d,1f6b81b1-5b2cd71aff307a38,0.16879795396419436,0.2773109243697479
b8b08542-ed329a5d344748ed,d3415fc5-3d79a0cf6c3df934,0.1687344913151365,0.17708333333333334
d783d815-fcfd47fa9b8bb15b,d3415fc5-3d79a0cf6c3df934,0.1687344913151365,0.17708333333333334
d783d815-9c6f6853f561f0ed,d3415fc5-3d79a0cf6c3df934,0.1687344913151365,0.17708333333333334
1d43139f-a08be36b098f0971,cfba313d-96627cf80535b35d,0.1686746987951807,0.4772727272727273
8cfe3ee0-900555a974d03516,1f6b81b1-5b2cd71aff307a38,0.16853932584269662,0.35714285714285715
6018974f-796cead4caace323,77448a05-1dfe65e51fa688fd,0.16842105263157894,0.47058823529411764
7a9c69d8-25b66767c6bfef75,f5f97f19-d4fede29e258335b,0.16842105263157894,0.2857142857142857
6f393cfe-f27eb766dce24503,f5f97f19-d4fede29e258335b,0.16842105263157894,0.2857142857142857
7814575b-d53f200ab383f03f,40132ebc-0eb4e2e2a14b1fc4,0.16831683168316833,0.4146341463414634
7279bcb3-0f86b515ba2bd8dd,40cc90ae-a1888e38f4a2438d,0.16827586206896553,0.5545454545454546
6a47e491-9e58b734b00c40ca,480de7be-17d68f699a8fb117,0.16826923076923078,0.175
6a47e491-9e58b734b00c40ca,f4757480-264ce4d0166e480d,0.16826923076923078,0.175
b0a01ee7-a88cb875e376e2ba,d92c5342-53771e54c54e60c0,0.16819571865443425,0.8333333333333334
c23278ec-650f3957a6da68ca,d3415fc5-3d79a0cf6c3df934,0.16806722689075632,0.2054794520547945
17e67976-1c13712beab98d62,76a69f5c-5a0e3ae2a5ff1ef0,0.16806722689075632,0.375
7279bcb3-0f86b515ba2bd8dd,1b372750-4ec55bfec37eb837,0.16802168021680217,0.2818181818181818
6a47e491-9e58b734b00c40ca,6e7cd58b-9e00f3e11d7fd578,0.16791044776119404,0.225
d3a0b8d2-95a57759ca7f4494,0f14b12d-fee145b04c8d2e7d,0.16778523489932887,0.4166666666666667
7a9c69d8-25b66767c6bfef75,07043d35-d508fb40e7ba58e1,0.1676300578034682,0.34523809523809523
6f393cfe-f27eb766dce24503,07043d35-d508fb40e7ba58e1,0.1676300578034682,0.34523809523809523
f8c99dd0-af74ef9023de52c3,76a69f5c-5a0e3ae2a5ff1ef0,0.16759776536312848,0.37037037037037035
1a6f8b20-46e2136e681f3c6f,1d43139f-a08be36b098f0971,0.16744186046511628,0.21686746987951808
55ab9b5d-97aa2decf67ee58c,8532d5ed-e56d613d9e34734b,0.16744186046511628,0.20930232558139536
f8c99dd0-af74ef9023de52c3,f4d6d28d-4171a85a7cd99755,0.16733067729083664,0.25925925925925924
f8c99dd0-af74ef9023de52c3,4eac0eea-433fe35c66f0896a,0.16733067729083664,0.25925925925925924
46bde295-e51fa6bd867e4ba5,b185d034-a791a4af4c89854c,0.1672473867595819,0.24489795918367346
f2cf6a74-c36cd3e8f935af24,d92c5342-53771e54c54e60c0,0.16716417910447762,0.6829268292682927
42fe7dd0-ae8f546af908b5fe,732c98a0-5659f20742b2f453,0.1670886075949367,0.5409836065573771
42fe7dd0-ae8f546af908b5fe,732c98a0-0117162249c9d715,0.1670886075949367,0.5409836065573771
7a9c69d8-25b66767c6bfef75,1d43139f-a08be36b098f0971,0.16666666666666666,0.21428571428571427
6f393cfe-f27eb766dce24503,1d43139f-a08be36b098f0971,0.16666666666666666,0.21428571428571427
6a47e491-9e58b734b00c40ca,1f6b81b1-5b2cd71aff307a38,0.16666666666666666,0.31
8782922d-b6272ba0ec663c70,0b04b41e-0b6cb88d7212030e,0.16628175519630484,0.32432432432432434
08cf0478-cf474a42302061bb,9be0602e-2479557b64cb6cbc,0.16628175519630484,0.3050847457627119
a5d5a95f-106627618ba094d2,30e0cc81-e37591091c959b0f,0.16620498614958448,0.24
98950986-d24a1d74ca0bc0c5,54488276-f24b9e883d548563,0.1660377358490566,0.20952380952380953
f7a0ea6d-b8e74e9785d59e88,464ad4dd-9978f63cac804e5b,0.16597510373443983,0.3076923076923077
f8c99dd0-af74ef9023de52c3,54488276-f24b9e883d548563,0.16597510373443983,0.24691358024691357
175201f9-29a63f3073d1212f,ed728769-26de3db1e5ddc0f9,0.16595744680851063,0.21195652173913043
d3415fc5-3d79a0cf6c3df934,1b372750-4ec55bfec37eb837,0.16595744680851063,0.1848341232227488
42fe7dd0-ae8f546af908b5fe,8cfe3ee0-900555a974d03516,0.16593886462882096,0.3114754098360656
3088ca9c-f1011bb8e87b3927,732c98a0-5659f20742b2f453,0.16585365853658537,0.4473684210526316
3088ca9c-f1011bb8e87b3927,732c98a0-0117162249c9d715,0.16585365853658537,0.4473684210526316
3088ca9c-f1011bb8e87b3927,40132ebc-0eb4e2e2a14b1fc4,0.1658291457286432,0.4342105263157895
f2cf6a74-c36cd3e8f935af24,8a041ef5-22f968305d57262e,0.16580310880829016,0.3902439024390244
fdd41565-d026425f11fe71fd,01c915a2-b134dfb6a3c23cce,0.1656441717791411,0.40298507462686567
7a9c69d8-25b66767c6bfef75,1f6b81b1-5b2cd71aff307a38,0.16560509554140126,0.6190476190476191
6f393cfe-f27eb766dce24503,1f6b81b1-5b2cd71aff307a38,0.16560509554140126,0.6190476190476191
6be4dcef-d802164d63afa92e,7d12d33c-b4c3d5f6730bc23d,0.16556291390728478,0.29411764705882354
6a47e491-9e58b734b00c40ca,dff5ff0a-4c22ff53e6acbc9b,0.16544117647058823,0.225
55ab9b5d-97aa2decf67ee58c,1d43139f-a08be36b098f0971,0.1651376146788991,0.20930232558139536
9291ca83-b2b16ed7b0bb365a,07043d35-d508fb40e7ba58e1,0.1651376146788991,0.4153846153846154
0f09b843-a169d06ba2070f2e,f5f97f19-d4fede29e258335b,0.16507936507936508,0.22807017543859648
4685c420-34caaa19b5555fa4,d61f51c5-432a54c5bebe32fa,0.16507936507936508,0.2708333333333333
f7a0ea6d-b8e74e9785d59e88,8532d5ed-e56d613d9e34734b,0.16494845360824742,0.24615384615384617
464ad4dd-9978f63cac804e5b,6a47e491-9e58b734b00c40ca,0.16489361702127658,0.17613636363636365
ae4d5b49-62ede50d39b5202a,35bb6075-720cdb4a7c64c6cd,0.16477272727272727,0.4461538461538462
f5f97f19-d4fede29e258335b,30e0cc81-e37591091c959b0f,0.16475972540045766,0.1791044776119403
6a47e491-9e58b734b00c40ca,0b04b41e-0b6cb88d7212030e,0.16475095785440613,0.215
54488276-f24b9e883d548563,656b62de-07e003f6fc62643b,0.16452442159383032,0.2
c6113c06-d4ec0a6afa4cb16c,1d43139f-a08be36b098f0971,0.1643835616438356,0.20689655172413793
7279bcb3-0f86b515ba2bd8dd,8a041ef5-22f968305d57262e,0.1642512077294686,0.3090909090909091
9e7551da-8b58fac3a9eaef98,1f6b81b1-5b2cd71aff307a38,0.16417910447761194,0.4365079365079365
f0e13442-3615d4e91a6c5bd9,1f6b81b1-5b2cd71aff307a38,0.16417910447761194,0.4365079365079365
c6113c06-d4ec0a6afa4cb16c,2a35cd81-0aeb43004eb108dd,0.1641337386018237,0.3103448275862069
7279bcb3-0f86b515ba2bd8dd,c23278ec-650f3957a6da68ca,0.1640625,0.19090909090909092
1d43139f-a08be36b098f0971,b434c275-276b6ce441c4669e,0.16396761133603238,0.6136363636363636
1d43139f-a08be36b098f0971,9399204d-6515f9b4b4661ed8,0.16396761133603238,0.6136363636363636
1d43139f-a08be36b098f0971,fdc4f384-81c2afc418e72aef,0.16396761133603238,0.6136363636363636
b185d034-a791a4af4c89854c,d83f74f7-23bcf7dad899d241,0.16393442622950818,0.4497354497354497
f8c99dd0-af74ef9023de52c3,40132ebc-0eb4e2e2a14b1fc4,0.16377171215880892,0.4074074074074074
7a9c69d8-25b66767c6bfef75,339fdc7f-08ea3facdbf2e797,0.1636828644501279,0.38095238095238093
c6113c06-d4ec0a6afa4cb16c,8a041ef5-22f968305d57262e,0.1636828644501279,0.367816091954023
6f393cfe-f27eb766dce24503,339fdc7f-08ea3facdbf2e797,0.1636828644501279,0.38095238095238093
c6113c06-d4ec0a6afa4cb16c,3f939694-111b597776032895,0.16356877323420074,0.25287356321839083
7a9c69d8-25b66767c6bfef75,dff5ff0a-4c22ff53e6acbc9b,0.16355140186915887,0.4166666666666667
6f393cfe-f27eb766dce24503,dff5ff0a-4c22ff53e6acbc9b,0.16355140186915887,0.4166666666666667
0c9d4def-6a3de0efe209485b,8a041ef5-22f968305d57262e,0.16344086021505377,0.2360248447204969
f4d6d28d-4171a85a7cd99755,dff5ff0a-4c22ff53e6acbc9b,0.16342412451361868,0.24705882352941178
4eac0eea-433fe35c66f0896a,dff5ff0a-4c22ff53e6acbc9b,0.16342412451361868,0.24705882352941178
f8c99dd0-af74ef9023de52c3,07043d35-d508fb40e7ba58e1,0.16326530612244897,0.345679012345679
9291ca83-b2b16ed7b0bb365a,8cfe3ee0-900555a974d03516,0.1630901287553648,0.2923076923076923
ccc8ef27-962b4c2d0adf3e00,8cfe3ee0-900555a974d03516,0.1630901287553648,0.2923076923076923
d6fb3b9e-f5435586daf6a49b,8cfe3ee0-900555a974d03516,0.1630901287553648,0.2923076923076923
23594fdf-bc29e3c145f03caa,656b62de-07e003f6fc62643b,0.16292134831460675,0.2283464566929134
7279bcb3-0f86b515ba2bd8dd,8782922d-b6272ba0ec663c70,0.16289592760180996,0.16363636363636364
42fe7dd0-ae8f546af908b5fe,54488276-f24b9e883d548563,0.16289592760180996,0.29508196721311475
4685c420-34caaa19b5555fa4,01c915a2-b134dfb6a3c23cce,0.16286644951140064,0.5208333333333334
4685c420-34caaa19b5555fa4,732c98a0-5659f20742b2f453,0.16279069767441862,0.3645833333333333
4685c420-34caaa19b5555fa4,732c98a0-0117162249c9d715,0.16279069767441862,0.3645833333333333
c6113c06-d4ec0a6afa4cb16c,4da08761-2765de8ab5de2a01,0.16271186440677965,0.27586206896551724
b55888de-ca2300bd54fb3fd5,01c915a2-b134dfb6a3c23cce,0.16271186440677965,0.6666666666666666
d3415fc5-3d79a0cf6c3df934,d92c5342-53771e54c54e60c0,0.16270337922403003,0.3080568720379147
7a9c69d8-25b66767c6bfef75,732c98a0-5659f20742b2f453,0.16267942583732056,0.40476190476190477
7a9c69d8-25b66767c6bfef75,732c98a0-0117162249c9d715,0.16267942583732056,0.40476190476190477
7814575b-d53f200ab383f03f,23594fdf-bc29e3c145f03caa,0.16267942583732056,0.2073170731707317
6f393cfe-f27eb766dce24503,732c98a0-5659f20742b2f453,0.16267942583732056,0.40476190476190477
6f393cfe-f27eb766dce24503,732c98a0-0117162249c9d715,0.16267942583732056,0.40476190476190477
1a6f8b20-46e2136e681f3c6f,ed728769-26de3db1e5ddc0f9,0.16260162601626016,0.3614457831325301
97a7fab5-c8910bb2ec5c2935,dff5ff0a-4c22ff53e6acbc9b,0.16260162601626016,0.2702702702702703
55ab9b5d-97aa2decf67ee58c,97a7fab5-c8910bb2ec5c2935,0.1623931623931624,0.22093023255813954
b0a01ee7-a88cb875e376e2ba,8cfe3ee0-900555a974d03516,0.1623931623931624,0.2878787878787879
6018974f-796cead4caace323,a368f345-4f26b824059bf5f9,0.16233766233766234,0.36764705882352944
d3a0b8d2-95a57759ca7f4494,40132ebc-0eb4e2e2a14b1fc4,0.16230366492146597,0.5166666666666667
86102d81-85b3e078083a5c18,01c915a2-b134dfb6a3c23cce,0.16216216216216217,0.36486486486486486
a5d5a95f-106627618ba094d2,cfba313d-96627cf80535b35d,0.16216216216216217,0.48
175201f9-29a63f3073d1212f,d3415fc5-3d79a0cf6c3df934,0.1620253164556962,0.17391304347826086
f8c99dd0-af74ef9023de52c3,ef1d196b-c6903a1f95200b39,0.1620253164556962,0.3950617283950617
c4ca2ff3-8002e9fb1de21148,40132ebc-0eb4e2e2a14b1fc4,0.1620253164556962,0.4383561643835616
9291ca83-b2b16ed7b0bb365a,3f939694-111b597776032895,0.16194331983805668,0.3076923076923077
f7a0ea6d-b8e74e9785d59e88,3f939694-111b597776032895,0.16194331983805668,0.3076923076923077
3f939694-111b597776032895,f5f97f19-d4fede29e258335b,0.1618798955613577,0.17032967032967034
c6113c06-d4ec0a6afa4cb16c,1b372750-4ec55bfec37eb837,0.16184971098265896,0.3218390804597701
464ad4dd-9978f63cac804e5b,cfba313d-96627cf80535b35d,0.16182048040455121,0.36363636363636365
98950986-d24a1d74ca0bc0c5,656b62de-07e003f6fc62643b,0.16167664670658682,0.2571428571428571
f2cf6a74-c36cd3e8f935af24,ef1d196b-c6903a1f95200b39,0.16161616161616163,0.3902439024390244
66565156-e830bc6dfc3d34ae,1f6b81b1-5b2cd71aff307a38,0.16158536585365854,0.4732142857142857
17e67976-1c13712beab98d62,8a041ef5-22f968305d57262e,0.16145833333333334,0.3875
6be4dcef-d802164d63afa92e,07043d35-d508fb40e7ba58e1,0.16138328530259366,0.32941176470588235
08cf0478-cf474a42302061bb,656b62de-07e003f6fc62643b,0.16138328530259366,0.23728813559322035
97a7fab5-c8910bb2ec5c2935,b434c275-276b6ce441c4669e,0.16135458167330677,0.5472972972972973
97a7fab5-c8910bb2ec5c2935,9399204d-6515f9b4b4661ed8,0.16135458167330677,0.5472972972972973
97a7fab5-c8910bb2ec5c2935,fdc4f384-81c2afc418e72aef,0.16135458167330677,0.5472972972972973
26ad111c-6f110a9e517fc801,01c915a2-b134dfb6a3c23cce,0.1613394216133942,0.381294964028777
d3415fc5-3d79a0cf6c3df934,ed728769-26de3db1e5ddc0f9,0.16096579476861167,0.1895734597156398
8532d5ed-e56d613d9e34734b,dff5ff0a-4c22ff53e6acbc9b,0.160676532769556,0.29457364341085274
54488276-f24b9e883d548563,f5f97f19-d4fede29e258335b,0.16066481994459833,0.18125
23594fdf-bc29e3c145f03caa,1b372750-4ec55bfec37eb837,0.16062176165803108,0.2440944881889764
b0a01ee7-a88cb875e376e2ba,4da08761-2765de8ab5de2a01,0.16058394160583941,0.3333333333333333
3b10bd6d-cb4bc04c8307b4f8,175201f9-29a63f3073d1212f,0.16030534351145037,0.2692307692307692
1a6f8b20-46e2136e681f3c6f,f665e87b-932fba185362154d,0.16,0.3373493975903614
f2cf6a74-c36cd3e8f935af24,8cfe3ee0-900555a974d03516,0.16,0.24390243902439024
1a6f8b20-46e2136e681f3c6f,f665e87b-f01b7cfb37168ad5,0.16,0.3373493975903614
97a7fab5-c8910bb2ec5c2935,9be0602e-2479557b64cb6cbc,0.15982721382289417,0.25
55ab9b5d-97aa2decf67ee58c,cfba313d-96627cf80535b35d,0.15977175463623394,0.6511627906976745
8532d5ed-e56d613d9e34734b,d83f74f7-23bcf7dad899d241,0.15967246673490276,0.6046511627906976
ae4d5b49-62ede50d39b5202a,97a7fab5-c8910bb2ec5c2935,0.1596244131455399,0.26153846153846155
55ab9b5d-97aa2decf67ee58c,f6ed6826-065d31f19f562fcc,0.15950920245398773,0.3023255813953488
a5d5a95f-106627618ba094d2,40cc90ae-a1888e38f4a2438d,0.15945945945945947,0.472
6018974f-796cead4caace323,4da08761-2765de8ab5de2a01,0.15942028985507245,0.3235294117647059
3088ca9c-f1011bb8e87b3927,a2cf5634-50a35a847b217df3,0.1592505854800937,0.4473684210526316
d3a0b8d2-95a57759ca7f4494,778c91af-ba102667da83f00a,0.1592356687898089,0.4166666666666667
f7a0ea6d-b8e74e9785d59e88,8782922d-b6272ba0ec663c70,0.1590909090909091,0.2153846153846154
66565156-e830bc6dfc3d34ae,b434c275-276b6ce441c4669e,0.1590909090909091,0.6875
66565156-e830bc6dfc3d34ae,9399204d-6515f9b4b4661ed8,0.1590909090909091,0.6875
66565156-e830bc6dfc3d34ae,fdc4f384-81c2afc418e72aef,0.1590909090909091,0.6875
6018974f-796cead4caace323,1b372750-4ec55bfec37eb837,0.15902140672782875,0.38235294117647056
7279bcb3-0f86b515ba2bd8dd,8532d5ed-e56d613d9e34734b,0.1589958158995816,0.17272727272727273
8532d5ed-e56d613d9e34734b,30e0cc81-e37591091c959b0f,0.1589041095890411,0.2248062015503876
d3a0b8d2-95a57759ca7f4494,7d12d33c-b4c3d5f6730bc23d,0.1588447653429603,0.36666666666666664
d3a0b8d2-95a57759ca7f4494,b8b08542-ed329a5d344748ed,0.15873015873015872,0.3333333333333333
d3a0b8d2-95a57759ca7f4494,d783d815-fcfd47fa9b8bb15b,0.15873015873015872,0.3333333333333333
d3a0b8d2-95a57759ca7f4494,d783d815-9c6f6853f561f0ed,0.15873015873015872,0.3333333333333333
487c9f62-7eec6fd25ec3903d,01c915a2-b134dfb6a3c23cce,0.15853658536585366,0.37681159420289856
ae4d5b49-62ede50d39b5202a,3c74c140-a93ee473b71ac072,0.15846994535519127,0.4461538461538462
ae4d5b49-62ede50d39b5202a,0f14b12d-fee145b04c8d2e7d,0.15841584158415842,0.36923076923076925
42fe7dd0-ae8f546af908b5fe,7d12d33c-b4c3d5f6730bc23d,0.15827338129496402,0.36065573770491804
51151974-bb8053de078aa97d,ed728769-26de3db1e5ddc0f9,0.15827338129496402,0.25190839694656486
585af783-1941371b4a80bb80,f4d6d28d-4171a85a7cd99755,0.15822784810126583,0.17123287671232876
585af783-1941371b4a80bb80,4eac0eea-433fe35c66f0896a,0.15822784810126583,0.17123287671232876
a5d5a95f-106627618ba094d2,656b62de-07e003f6fc62643b,0.15819209039548024,0.224
0f09b843-a169d06ba2070f2e,d83f74f7-23bcf7dad899d241,0.158004158004158,0.6666666666666666
f4d6d28d-4171a85a7cd99755,ed728769-26de3db1e5ddc0f9,0.15789473684210525,0.21176470588235294
4eac0eea-433fe35c66f0896a,ed728769-26de3db1e5ddc0f9,0.15789473684210525,0.21176470588235294
4685c420-34caaa19b5555fa4,f4d6d28d-4171a85a7cd99755,0.15789473684210525,0.21875
4685c420-34caaa19b5555fa4,4eac0eea-433fe35c66f0896a,0.15789473684210525,0.21875
3b10bd6d-cb4bc04c8307b4f8,f5f97f19-d4fede29e258335b,0.15770609318996415,0.28205128205128205
1a6f8b20-46e2136e681f3c6f,6e7cd58b-9e00f3e11d7fd578,0.1575178997613365,0.39759036144578314
2a35cd81-0aeb43004eb108dd,8a041ef5-22f968305d57262e,0.1575091575091575,0.17768595041322313
7a9c69d8-25b66767c6bfef75,f4d6d28d-4171a85a7cd99755,0.15748031496062992,0.23809523809523808
7a9c69d8-25b66767c6bfef75,4eac0eea-433fe35c66f0896a,0.15748031496062992,0.23809523809523808
6f393cfe-f27eb766dce24503,f4d6d28d-4171a85a7cd99755,0.15748031496062992,0.23809523809523808
6f393cfe-f27eb766dce24503,4eac0eea-433fe35c66f0896a,0.15748031496062992,0.23809523809523808
3088ca9c-f1011bb8e87b3927,f665e87b-932fba185362154d,0.15743440233236153,0.35526315789473684
3088ca9c-f1011bb8e87b3927,f665e87b-f01b7cfb37168ad5,0.15743440233236153,0.35526315789473684
b0a01ee7-a88cb875e376e2ba,76a69f5c-5a0e3ae2a5ff1ef0,0.15743440233236153,0.4090909090909091
6018974f-796cead4caace323,b9595381-1fe2b09ec26b73ed,0.15737704918032788,0.35294117647058826
c4ca2ff3-8002e9fb1de21148,98950986-d24a1d74ca0bc0c5,0.15730337078651685,0.1917808219178082
6a47e491-9e58b734b00c40ca,732c98a0-5659f20742b2f453,0.15730337078651685,0.21
6a47e491-9e58b734b00c40ca,732c98a0-0117162249c9d715,0.15730337078651685,0.21
6018974f-796cead4caace323,3c74c140-a93ee473b71ac072,0.15718157181571815,0.4264705882352941
6a47e491-9e58b734b00c40ca,cfba313d-96627cf80535b35d,0.1570552147239264,0.32
1d43139f-a08be36b098f0971,01c915a2-b134dfb6a3c23cce,0.15692307692307692,0.38636363636363635
7a9c69d8-25b66767c6bfef75,ed728769-26de3db1e5ddc0f9,0.15675675675675677,0.34523809523809523
6f393cfe-f27eb766dce24503,ed728769-26de3db1e5ddc0f9,0.15675675675675677,0.34523809523809523
54488276-f24b9e883d548563,d83f74f7-23bcf7dad899d241,0.15674603174603174,0.49375
3088ca9c-f1011bb8e87b3927,d92c5342-53771e54c54e60c0,0.1566265060240964,0.6842105263157895
f7a0ea6d-b8e74e9785d59e88,0ea5a836-8314c5dfb34c8bab,0.15658362989323843,0.3384615384615385
f5f97f19-d4fede29e258335b,1b372750-4ec55bfec37eb837,0.1565217391304348,0.1791044776119403
ae4d5b49-62ede50d39b5202a,dff5ff0a-4c22ff53e6acbc9b,0.15647921760391198,0.49230769230769234
3b10bd6d-cb4bc04c8307b4f8,480de7be-17d68f699a8fb117,0.1564625850340136,0.2948717948717949
3b10bd6d-cb4bc04c8307b4f8,f4757480-264ce4d0166e480d,0.1564625850340136,0.2948717948717949
42fe7dd0-ae8f546af908b5fe,3f939694-111b597776032895,0.15637860082304528,0.3114754098360656
d3415fc5-3d79a0cf6c3df934,01c915a2-b134dfb6a3c23cce,0.15637860082304528,0.27014218009478674
ccc8ef27-962b4c2d0adf3e00,2a35cd81-0aeb43004eb108dd,0.1563517915309446,0.36923076923076925
d6fb3b9e-f5435586daf6a49b,2a35cd81-0aeb43004eb108dd,0.1563517915309446,0.36923076923076925
6a47e491-9e58b734b00c40ca,35857a5a-8cd2a4bd9f3acd96,0.15632183908045977,0.17
55ab9b5d-97aa2decf67ee58c,f4d6d28d-4171a85a7cd99755,0.15625,0.23255813953488372
55ab9b5d-97aa2decf67ee58c,4eac0eea-433fe35c66f0896a,0.15625,0.23255813953488372
4685c420-34caaa19b5555fa4,1f6b81b1-5b2cd71aff307a38,0.15625,0.5208333333333334
487c9f62-7eec6fd25ec3903d,1b372750-4ec55bfec37eb837,0.1561712846347607,0.2246376811594203
585af783-1941371b4a80bb80,6a47e491-9e58b734b00c40ca,0.15606936416184972,0.18493150684931506
7279bcb3-0f86b515ba2bd8dd,01c915a2-b134dfb6a3c23cce,0.15605095541401273,0.44545454545454544
7814575b-d53f200ab383f03f,76a69f5c-5a0e3ae2a5ff1ef0,0.15598885793871867,0.34146341463414637
7a9c69d8-25b66767c6bfef75,d3415fc5-3d79a0cf6c3df934,0.15593220338983052,0.27380952380952384
6f393cfe-f27eb766dce24503,d3415fc5-3d79a0cf6c3df934,0.15593220338983052,0.27380952380952384
f8c99dd0-af74ef9023de52c3,8a041ef5-22f968305d57262e,0.15584415584415584,0.37037037037037035
46bde295-e51fa6bd867e4ba5,c23278ec-650f3957a6da68ca,0.1557377049180328,0.19387755102040816
f8c99dd0-af74ef9023de52c3,55ab9b5d-97aa2decf67ee58c,0.15568862275449102,0.16049382716049382
ccc8ef27-962b4c2d0adf3e00,b8b08542-ed329a5d344748ed,0.1556420233463035,0.3076923076923077
d6fb3b9e-f5435586daf6a49b,b8b08542-ed329a5d344748ed,0.1556420233463035,0.3076923076923077
ccc8ef27-962b4c2d0adf3e00,d783d815-fcfd47fa9b8bb15b,0.1556420233463035,0.3076923076923077
d6fb3b9e-f5435586daf6a49b,d783d815-fcfd47fa9b8bb15b,0.1556420233463035,0.3076923076923077
ccc8ef27-962b4c2d0adf3e00,d783d815-9c6f6853f561f0ed,0.1556420233463035,0.3076923076923077
d6fb3b9e-f5435586daf6a49b,d783d815-9c6f6853f561f0ed,0.1556420233463035,0.3076923076923077
b0a01ee7-a88cb875e376e2ba,339fdc7f-08ea3facdbf2e797,0.1554959785522788,0.4393939393939394
6be4dcef-d802164d63afa92e,3c74c140-a93ee473b71ac072,0.15544041450777202,0.35294117647058826
b55888de-ca2300bd54fb3fd5,54488276-f24b9e883d548563,0.15517241379310345,0.25
b185d034-a791a4af4c89854c,ef1d196b-c6903a1f95200b39,0.1550695825049702,0.20634920634920634
86102d81-85b3e078083a5c18,8a041ef5-22f968305d57262e,0.15486725663716813,0.23648648648648649
6a47e491-9e58b734b00c40ca,d92c5342-53771e54c54e60c0,0.1548223350253807,0.305
9291ca83-b2b16ed7b0bb365a,f38ae053-1cc93e66c41ccafa,0.15479876160990713,0.38461538461538464
45e41c6d-14603621c555c558,339fdc7f-08ea3facdbf2e797,0.15466666666666667,0.4264705882352941
4685c420-34caaa19b5555fa4,46bde295-e51fa6bd867e4ba5,0.15463917525773196,0.15625
f8c99dd0-af74ef9023de52c3,9e7551da-8b58fac3a9eaef98,0.15458937198067632,0.19753086419753085
f8c99dd0-af74ef9023de52c3,f0e13442-3615d4e91a6c5bd9,0.15458937198067632,0.19753086419753085
ae4d5b49-62ede50d39b5202a,8cfe3ee0-900555a974d03516,0.15450643776824036,0.27692307692307694
42fe7dd0-ae8f546af908b5fe,d3415fc5-3d79a0cf6c3df934,0.15441176470588236,0.3442622950819672
f7a0ea6d-b8e74e9785d59e88,1b372750-4ec55bfec37eb837,0.15432098765432098,0.38461538461538464
6be4dcef-d802164d63afa92e,cfba313d-96627cf80535b35d,0.15428571428571428,0.6352941176470588
b55888de-ca2300bd54fb3fd5,8a041ef5-22f968305d57262e,0.15425531914893617,0.4027777777777778
b8b08542-ed329a5d344748ed,30e0cc81-e37591091c959b0f,0.1542056074766355,0.171875
d783d815-fcfd47fa9b8bb15b,30e0cc81-e37591091c959b0f,0.1542056074766355,0.171875
d783d815-9c6f6853f561f0ed,30e0cc81-e37591091c959b0f,0.1542056074766355,0.171875
98950986-d24a1d74ca0bc0c5,1f6b81b1-5b2cd71aff307a38,0.15408320493066255,0.47619047619047616
00af3420-6a22b980be3bebb8,8a041ef5-22f968305d57262e,0.15384615384615385,0.264
9e7551da-8b58fac3a9eaef98,cfba313d-96627cf80535b35d,0.15384615384615385,0.4523809523809524
3b10bd6d-cb4bc04c8307b4f8,ed728769-26de3db1e5ddc0f9,0.15384615384615385,0.358974358974359
4685c420-34caaa19b5555fa4,a5d5a95f-106627618ba094d2,0.15384615384615385,0.17708333333333334
bdf7bfb2-dc5f2f3e1ffc8032,8a041ef5-22f968305d57262e,0.15384615384615385,0.264
f8c99dd0-af74ef9023de52c3,b8b08542-ed329a5d344748ed,0.15384615384615385,0.25925925925925924
6be4dcef-d802164d63afa92e,a368f345-4f26b824059bf5f9,0.15384615384615385,0.29411764705882354
f8c99dd0-af74ef9023de52c3,d783d815-fcfd47fa9b8bb15b,0.15384615384615385,0.25925925925925924
66565156-e830bc6dfc3d34ae,6a47e491-9e58b734b00c40ca,0.15384615384615385,0.21428571428571427
42fe7dd0-ae8f546af908b5fe,7814575b-d53f200ab383f03f,0.15384615384615385,0.18032786885245902
f0e13442-3615d4e91a6c5bd9,cfba313d-96627cf80535b35d,0.15384615384615385,0.4523809523809524
f8c99dd0-af74ef9023de52c3,d783d815-9c6f6853f561f0ed,0.15384615384615385,0.25925925925925924
ab7507bf-cfb7470e23cb45dc,b434c275-276b6ce441c4669e,0.15368852459016394,0.625
ab7507bf-cfb7470e23cb45dc,9399204d-6515f9b4b4661ed8,0.15368852459016394,0.625
ab7507bf-cfb7470e23cb45dc,fdc4f384-81c2afc418e72aef,0.15368852459016394,0.625
66565156-e830bc6dfc3d34ae,dff5ff0a-4c22ff53e6acbc9b,0.15350877192982457,0.3125
1a6f8b20-46e2136e681f3c6f,732c98a0-5659f20742b2f453,0.15347721822541965,0.3855421686746988
1a6f8b20-46e2136e681f3c6f,732c98a0-0117162249c9d715,0.15347721822541965,0.3855421686746988
45e41c6d-14603621c555c558,6e7cd58b-9e00f3e11d7fd578,0.15346534653465346,0.45588235294117646
7814575b-d53f200ab383f03f,0b04b41e-0b6cb88d7212030e,0.15346534653465346,0.3780487804878049
b0a01ee7-a88cb875e376e2ba,ed728769-26de3db1e5ddc0f9,0.1534090909090909,0.4090909090909091
9e7551da-8b58fac3a9eaef98,6a47e491-9e58b734b00c40ca,0.15337423312883436,0.1984126984126984
f0e13442-3615d4e91a6c5bd9,6a47e491-9e58b734b00c40ca,0.15337423312883436,0.1984126984126984
55ab9b5d-97aa2decf67ee58c,f5f97f19-d4fede29e258335b,0.15331010452961671,0.2558139534883721
c4ca2ff3-8002e9fb1de21148,f5f97f19-d4fede29e258335b,0.15328467153284672,0.2876712328767123
ccc8ef27-962b4c2d0adf3e00,ef1d196b-c6903a1f95200b39,0.15303430079155672,0.4461538461538462
d6fb3b9e-f5435586daf6a49b,ef1d196b-c6903a1f95200b39,0.15303430079155672,0.4461538461538462
f5f97f19-d4fede29e258335b,40132ebc-0eb4e2e2a14b1fc4,0.15296367112810708,0.19900497512437812
d3a0b8d2-95a57759ca7f4494,7279bcb3-0f86b515ba2bd8dd,0.15294117647058825,0.21666666666666667
00af3420-6a22b980be3bebb8,b434c275-276b6ce441c4669e,0.1529051987767584,0.6
00af3420-6a22b980be3bebb8,9399204d-6515f9b4b4661ed8,0.1529051987767584,0.6
00af3420-6a22b980be3bebb8,fdc4f384-81c2afc418e72aef,0.1529051987767584,0.6
bdf7bfb2-dc5f2f3e1ffc8032,b434c275-276b6ce441c4669e,0.1529051987767584,0.6
bdf7bfb2-dc5f2f3e1ffc8032,9399204d-6515f9b4b4661ed8,0.1529051987767584,0.6
bdf7bfb2-dc5f2f3e1ffc8032,fdc4f384-81c2afc418e72aef,0.1529051987767584,0.6
98950986-d24a1d74ca0bc0c5,cfba313d-96627cf80535b35d,0.1527777777777778,0.5238095238095238
6a47e491-9e58b734b00c40ca,d61f51c5-432a54c5bebe32fa,0.15274463007159905,0.16
8782922d-b6272ba0ec663c70,1f6b81b1-5b2cd71aff307a38,0.15267175572519084,0.45045045045045046
51151974-bb8053de078aa97d,30e0cc81-e37591091c959b0f,0.15258855585831063,0.21374045801526717
f8c99dd0-af74ef9023de52c3,ed728769-26de3db1e5ddc0f9,0.15258855585831063,0.345679012345679
a5d5a95f-106627618ba094d2,1f6b81b1-5b2cd71aff307a38,0.15246636771300448,0.408
6be4dcef-d802164d63afa92e,0b04b41e-0b6cb88d7212030e,0.15233415233415235,0.36470588235294116
d3a0b8d2-95a57759ca7f4494,2a35cd81-0aeb43004eb108dd,0.152317880794702,0.38333333333333336
f8c99dd0-af74ef9023de52c3,35bb6075-720cdb4a7c64c6cd,0.15217391304347827,0.345679012345679
f5f97f19-d4fede29e258335b,d92c5342-53771e54c54e60c0,0.1520912547528517,0.29850746268656714
f2cf6a74-c36cd3e8f935af24,40cc90ae-a1888e38f4a2438d,0.15208034433285508,0.6463414634146342
8cfe3ee0-900555a974d03516,f5f97f19-d4fede29e258335b,0.15176151761517614,0.16666666666666666
46bde295-e51fa6bd867e4ba5,d92c5342-53771e54c54e60c0,0.15160349854227406,0.5306122448979592
c6113c06-d4ec0a6afa4cb16c,0b04b41e-0b6cb88d7212030e,0.15158924205378974,0.3563218390804598
6be4dcef-d802164d63afa92e,d92c5342-53771e54c54e60c0,0.1515601783060921,0.6
fdd41565-d026425f11fe71fd,9be0602e-2479557b64cb6cbc,0.1514476614699332,0.2537313432835821
45e41c6d-14603621c555c558,9be0602e-2479557b64cb6cbc,0.1514360313315927,0.4264705882352941
55ab9b5d-97aa2decf67ee58c,d92c5342-53771e54c54e60c0,0.1513353115727003,0.5930232558139535
66565156-e830bc6dfc3d34ae,40cc90ae-a1888e38f4a2438d,0.15130674002751032,0.49107142857142855
c4ca2ff3-8002e9fb1de21148,40cc90ae-a1888e38f4a2438d,0.1511627906976744,0.7123287671232876
c6113c06-d4ec0a6afa4cb16c,487c9f62-7eec6fd25ec3903d,0.1511111111111111,0.19540229885057472
f4d6d28d-4171a85a7cd99755,f5f97f19-d4fede29e258335b,0.1509433962264151,0.16470588235294117
4eac0eea-433fe35c66f0896a,f5f97f19-d4fede29e258335b,0.1509433962264151,0.16470588235294117
f8c99dd0-af74ef9023de52c3,e5d02e93-9702b854ca246425,0.1509433962264151,0.2962962962962963
ae4d5b49-62ede50d39b5202a,f6ed6826-065d31f19f562fcc,0.15081967213114755,0.35384615384615387
3b10bd6d-cb4bc04c8307b4f8,339fdc7f-08ea3facdbf2e797,0.15064935064935064,0.3717948717948718
f8c99dd0-af74ef9023de52c3,dff5ff0a-4c22ff53e6acbc9b,0.15058823529411763,0.3950617283950617
23594fdf-bc29e3c145f03caa,b434c275-276b6ce441c4669e,0.150559511698881,0.5826771653543307
23594fdf-bc29e3c145f03caa,9399204d-6515f9b4b4661ed8,0.150559511698881,0.5826771653543307
23594fdf-bc29e3c145f03caa,fdc4f384-81c2afc418e72aef,0.150559511698881,0.5826771653543307
ccc8ef27-962b4c2d0adf3e00,732c98a0-5659f20742b2f453,0.15037593984962405,0.46153846153846156
ccc8ef27-962b4c2d0adf3e00,732c98a0-0117162249c9d715,0.15037593984962405,0.46153846153846156
d6fb3b9e-f5435586daf6a49b,732c98a0-5659f20742b2f453,0.15037593984962405,0.46153846153846156
d6fb3b9e-f5435586daf6a49b,732c98a0-0117162249c9d715,0.15037593984962405,0.46153846153846156
7814575b-d53f200ab383f03f,d3415fc5-3d79a0cf6c3df934,0.15017064846416384,0.2682926829268293
f2cf6a74-c36cd3e8f935af24,1f6b81b1-5b2cd71aff307a38,0.1501597444089457,0.573170731707317
51151974-bb8053de078aa97d,cfba313d-96627cf80535b35d,0.15013404825737264,0.42748091603053434
a5d5a95f-106627618ba094d2,9be0602e-2479557b64cb6cbc,0.15,0.264
4685c420-34caaa19b5555fa4,dff5ff0a-4c22ff53e6acbc9b,0.15,0.34375
7814575b-d53f200ab383f03f,08cf0478-cf474a42302061bb,0.15,0.18292682926829268
ae4d5b49-62ede50d39b5202a,0b04b41e-0b6cb88d7212030e,0.14987080103359174,0.4461538461538462
17e67976-1c13712beab98d62,732c98a0-5659f20742b2f453,0.1497584541062802,0.3875
17e67976-1c13712beab98d62,732c98a0-0117162249c9d715,0.1497584541062802,0.3875
ccc8ef27-962b4c2d0adf3e00,7814575b-d53f200ab383f03f,0.14965986394557823,0.16923076923076924
98950986-d24a1d74ca0bc0c5,b185d034-a791a4af4c89854c,0.14965986394557823,0.20952380952380953
d6fb3b9e-f5435586daf6a49b,7814575b-d53f200ab383f03f,0.14965986394557823,0.16923076923076924
d3a0b8d2-95a57759ca7f4494,9be0602e-2479557b64cb6cbc,0.14933333333333335,0.4666666666666667
46bde295-e51fa6bd867e4ba5,b9595381-1fe2b09ec26b73ed,0.14925373134328357,0.25510204081632654
5449d33c-c3fa056747e67e0b,01c915a2-b134dfb6a3c23cce,0.1492063492063492,0.41964285714285715
55ab9b5d-97aa2decf67ee58c,1f6b81b1-5b2cd71aff307a38,0.1492063492063492,0.5465116279069767
b185d034-a791a4af4c89854c,339fdc7f-08ea3facdbf2e797,0.14919354838709678,0.19576719576719576
4685c420-34caaa19b5555fa4,d92c5342-53771e54c54e60c0,0.14912280701754385,0.53125
6018974f-796cead4caace323,778c91af-ba102667da83f00a,0.14906832298136646,0.35294117647058826
6be4dcef-d802164d63afa92e,f4d6d28d-4171a85a7cd99755,0.14901960784313725,0.2235294117647059
6be4dcef-d802164d63afa92e,4eac0eea-433fe35c66f0896a,0.14901960784313725,0.2235294117647059
26ad111c-6f110a9e517fc801,8a041ef5-22f968305d57262e,0.1489841986455982,0.23741007194244604
f8c99dd0-af74ef9023de52c3,f5f97f19-d4fede29e258335b,0.14893617021276595,0.25925925925925924
8782922d-b6272ba0ec663c70,b434c275-276b6ce441c4669e,0.14891416752843847,0.6486486486486487
8782922d-b6272ba0ec663c70,9399204d-6515f9b4b4661ed8,0.14891416752843847,0.6486486486486487
8782922d-b6272ba0ec663c70,fdc4f384-81c2afc418e72aef,0.14891416752843847,0.6486486486486487
a5d5a95f-106627618ba094d2,b434c275-276b6ce441c4669e,0.1488277268093782,0.584
a5d5a95f-106627618ba094d2,9399204d-6515f9b4b4661ed8,0.1488277268093782,0.584
a5d5a95f-106627618ba094d2,fdc4f384-81c2afc418e72aef,0.1488277268093782,0.584
7a9c69d8-25b66767c6bfef75,40cc90ae-a1888e38f4a2438d,0.14878397711015737,0.6190476190476191
6f393cfe-f27eb766dce24503,40cc90ae-a1888e38f4a2438d,0.14878397711015737,0.6190476190476191
7279bcb3-0f86b515ba2bd8dd,1d43139f-a08be36b098f0971,0.1487603305785124,0.16363636363636364
464ad4dd-9978f63cac804e5b,f5f97f19-d4fede29e258335b,0.14854111405835543,0.1590909090909091
6018974f-796cead4caace323,6e7cd58b-9e00f3e11d7fd578,0.1485148514851485,0.4411764705882353
3088ca9c-f1011bb8e87b3927,9be0602e-2479557b64cb6cbc,0.1483375959079284,0.3815789473684211
c6113c06-d4ec0a6afa4cb16c,b9595381-1fe2b09ec26b73ed,0.14814814814814814,0.27586206896551724
c4ca2ff3-8002e9fb1de21148,f4d6d28d-4171a85a7cd99755,0.14814814814814814,0.2465753424657534
6a47e491-9e58b734b00c40ca,1b372750-4ec55bfec37eb837,0.14814814814814814,0.17
98950986-d24a1d74ca0bc0c5,487c9f62-7eec6fd25ec3903d,0.14814814814814814,0.17142857142857143
c4ca2ff3-8002e9fb1de21148,4eac0eea-433fe35c66f0896a,0.14814814814814814,0.2465753424657534
00af3420-6a22b980be3bebb8,d83f74f7-23bcf7dad899d241,0.14799588900308325,0.576
bdf7bfb2-dc5f2f3e1ffc8032,d83f74f7-23bcf7dad899d241,0.14799588900308325,0.576
42fe7dd0-ae8f546af908b5fe,d92c5342-53771e54c54e60c0,0.14791987673343607,0.7868852459016393
c6113c06-d4ec0a6afa4cb16c,f4d6d28d-4171a85a7cd99755,0.14785992217898833,0.21839080459770116
c6113c06-d4ec0a6afa4cb16c,4eac0eea-433fe35c66f0896a,0.14785992217898833,0.21839080459770116
f7a0ea6d-b8e74e9785d59e88,1f6b81b1-5b2cd71aff307a38,0.1477832512315271,0.6923076923076923
7279bcb3-0f86b515ba2bd8dd,0c9d4def-6a3de0efe209485b,0.14760147601476015,0.18181818181818182
7279bcb3-0f86b515ba2bd8dd,fdd41565-d026425f11fe71fd,0.14754098360655737,0.16363636363636364
ccc8ef27-962b4c2d0adf3e00,01c915a2-b134dfb6a3c23cce,0.14751286449399656,0.6615384615384615
d6fb3b9e-f5435586daf6a49b,01c915a2-b134dfb6a3c23cce,0.14751286449399656,0.6615384615384615
6be4dcef-d802164d63afa92e,1d43139f-a08be36b098f0971,0.14746543778801843,0.18823529411764706
98950986-d24a1d74ca0bc0c5,66565156-e830bc6dfc3d34ae,0.14746543778801843,0.1523809523809524
1a6f8b20-46e2136e681f3c6f,656b62de-07e003f6fc62643b,0.14743589743589744,0.27710843373493976
8a858867-b9bbeece66de3f0d,9be0602e-2479557b64cb6cbc,0.14732142857142858,0.24812030075187969
3b10bd6d-cb4bc04c8307b4f8,40cc90ae-a1888e38f4a2438d,0.1471861471861472,0.6538461538461539
3b10bd6d-cb4bc04c8307b4f8,d92c5342-53771e54c54e60c0,0.14714714714714713,0.6282051282051282
98950986-d24a1d74ca0bc0c5,07043d35-d508fb40e7ba58e1,0.14713896457765668,0.2571428571428571
7a9c69d8-25b66767c6bfef75,a2cf5634-50a35a847b217df3,0.1471264367816092,0.38095238095238093
6f393cfe-f27eb766dce24503,a2cf5634-50a35a847b217df3,0.1471264367816092,0.38095238095238093
8532d5ed-e56d613d9e34734b,d3415fc5-3d79a0cf6c3df934,0.14705882352941177,0.1937984496124031
c4ca2ff3-8002e9fb1de21148,a368f345-4f26b824059bf5f9,0.14696485623003194,0.3150684931506849
45e41c6d-14603621c555c558,1b372750-4ec55bfec37eb837,0.14678899082568808,0.35294117647058826
17e67976-1c13712beab98d62,40cc90ae-a1888e38f4a2438d,0.14676258992805755,0.6375
8cfe3ee0-900555a974d03516,6a47e491-9e58b734b00c40ca,0.14673913043478262,0.16071428571428573
98950986-d24a1d74ca0bc0c5,8a041ef5-22f968305d57262e,0.1466992665036675,0.2857142857142857
5449d33c-c3fa056747e67e0b,b434c275-276b6ce441c4669e,0.14669421487603307,0.6339285714285714
5449d33c-c3fa056747e67e0b,9399204d-6515f9b4b4661ed8,0.14669421487603307,0.6339285714285714
5449d33c-c3fa056747e67e0b,fdc4f384-81c2afc418e72aef,0.14669421487603307,0.6339285714285714
6018974f-796cead4caace323,ef1d196b-c6903a1f95200b39,0.14659685863874344,0.4117647058823529
b55888de-ca2300bd54fb3fd5,f5f97f19-d4fede29e258335b,0.14652014652014653,0.2777777777777778
4685c420-34caaa19b5555fa4,1b372750-4ec55bfec37eb837,0.14647887323943662,0.2708333333333333
3b10bd6d-cb4bc04c8307b4f8,8cfe3ee0-900555a974d03516,0.14634146341463414,0.23076923076923078
b8b08542-ed329a5d344748ed,9be0602e-2479557b64cb6cbc,0.14595660749506903,0.19270833333333334
d783d815-fcfd47fa9b8bb15b,9be0602e-2479557b64cb6cbc,0.14595660749506903,0.19270833333333334
d783d815-9c6f6853f561f0ed,9be0602e-2479557b64cb6cbc,0.14595660749506903,0.19270833333333334
b0a01ee7-a88cb875e376e2ba,8a041ef5-22f968305d57262e,0.14594594594594595,0.4090909090909091
6be4dcef-d802164d63afa92e,97a7fab5-c8910bb2ec5c2935,0.1459227467811159,0.2
175201f9-29a63f3073d1212f,6a47e491-9e58b734b00c40ca,0.14583333333333334,0.15217391304347827
7279bcb3-0f86b515ba2bd8dd,b8b08542-ed329a5d344748ed,0.1456953642384106,0.2
c4ca2ff3-8002e9fb1de21148,656b62de-07e003f6fc62643b,0.1456953642384106,0.3013698630136986
7279bcb3-0f86b515ba2bd8dd,d783d815-fcfd47fa9b8bb15b,0.1456953642384106,0.2
7279bcb3-0f86b515ba2bd8dd,d783d815-9c6f6853f561f0ed,0.1456953642384106,0.2
54488276-f24b9e883d548563,b434c275-276b6ce441c4669e,0.14566929133858267,0.4625
54488276-f24b9e883d548563,9399204d-6515f9b4b4661ed8,0.14566929133858267,0.4625
54488276-f24b9e883d548563,fdc4f384-81c2afc418e72aef,0.14566929133858267,0.4625
46bde295-e51fa6bd867e4ba5,1b372750-4ec55bfec37eb837,0.14565826330532214,0.2653061224489796
f5f97f19-d4fede29e258335b,4e5ee0f7-8030183228b7a8d5,0.14563106796116504,0.14925373134328357
6a47e491-9e58b734b00c40ca,f665e87b-932fba185362154d,0.145610278372591,0.17
6a47e491-9e58b734b00c40ca,f665e87b-f01b7cfb37168ad5,0.145610278372591,0.17
c6113c06-d4ec0a6afa4cb16c,656b62de-07e003f6fc62643b,0.14556962025316456,0.26436781609195403
b8b08542-ed329a5d344748ed,dff5ff0a-4c22ff53e6acbc9b,0.1455223880597015,0.203125
d783d815-fcfd47fa9b8bb15b,dff5ff0a-4c22ff53e6acbc9b,0.1455223880597015,0.203125
d783d815-9c6f6853f561f0ed,dff5ff0a-4c22ff53e6acbc9b,0.1455223880597015,0.203125
6a47e491-9e58b734b00c40ca,f6ed6826-065d31f19f562fcc,0.14545454545454545,0.16
3b10bd6d-cb4bc04c8307b4f8,d3415fc5-3d79a0cf6c3df934,0.1453287197231834,0.2692307692307692
1b372750-4ec55bfec37eb837,b434c275-276b6ce441c4669e,0.1452914798206278,0.3127413127413127
1b372750-4ec55bfec37eb837,9399204d-6515f9b4b4661ed8,0.1452914798206278,0.3127413127413127
1b372750-4ec55bfec37eb837,fdc4f384-81c2afc418e72aef,0.1452914798206278,0.3127413127413127
f5f97f19-d4fede29e258335b,a368f345-4f26b824059bf5f9,0.14512471655328799,0.15920398009950248
42fe7dd0-ae8f546af908b5fe,1d43139f-a08be36b098f0971,0.14507772020725387,0.22950819672131148
23594fdf-bc29e3c145f03caa,3c74c140-a93ee473b71ac072,0.14485981308411214,0.2440944881889764
d3415fc5-3d79a0cf6c3df934,ef1d196b-c6903a1f95200b39,0.14476190476190476,0.18009478672985782
6018974f-796cead4caace323,30e0cc81-e37591091c959b0f,0.14473684210526316,0.3235294117647059
ae4d5b49-62ede50d39b5202a,f4d6d28d-4171a85a7cd99755,0.14468085106382977,0.26153846153846155
ae4d5b49-62ede50d39b5202a,4eac0eea-433fe35c66f0896a,0.14468085106382977,0.26153846153846155
ae4d5b49-62ede50d39b5202a,6e7cd58b-9e00f3e11d7fd578,0.14463840399002495,0.4461538461538462
9291ca83-b2b16ed7b0bb365a,f665e87b-932fba185362154d,0.14457831325301204,0.36923076923076925
9291ca83-b2b16ed7b0bb365a,f665e87b-f01b7cfb37168ad5,0.14457831325301204,0.36923076923076925
a5d5a95f-106627618ba094d2,8a041ef5-22f968305d57262e,0.1445221445221445,0.248
3b10bd6d-cb4bc04c8307b4f8,cfba313d-96627cf80535b35d,0.1443001443001443,0.6410256410256411
66565156-e830bc6dfc3d34ae,8a041ef5-22f968305d57262e,0.14423076923076922,0.26785714285714285
1d43139f-a08be36b098f0971,f5f97f19-d4fede29e258335b,0.14414414414414414,0.18181818181818182
ccc8ef27-962b4c2d0adf3e00,40cc90ae-a1888e38f4a2438d,0.14411764705882352,0.7538461538461538
d6fb3b9e-f5435586daf6a49b,40cc90ae-a1888e38f4a2438d,0.14411764705882352,0.7538461538461538
b0a01ee7-a88cb875e376e2ba,175201f9-29a63f3073d1212f,0.144,0.2727272727272727
9291ca83-b2b16ed7b0bb365a,d92c5342-53771e54c54e60c0,0.1439509954058193,0.7230769230769231
3088ca9c-f1011bb8e87b3927,f38ae053-1cc93e66c41ccafa,0.1437125748502994,0.3157894736842105
f5f97f19-d4fede29e258335b,9be0602e-2479557b64cb6cbc,0.1434108527131783,0.18407960199004975
ab7507bf-cfb7470e23cb45dc,f5f97f19-d4fede29e258335b,0.14330218068535824,0.19166666666666668
42fe7dd0-ae8f546af908b5fe,dff5ff0a-4c22ff53e6acbc9b,0.14320987654320988,0.47540983606557374
1a6f8b20-46e2136e681f3c6f,40132ebc-0eb4e2e2a14b1fc4,0.14320987654320988,0.3493975903614458
d3a0b8d2-95a57759ca7f4494,8a041ef5-22f968305d57262e,0.14285714285714285,0.43333333333333335
ab7507bf-cfb7470e23cb45dc,ed728769-26de3db1e5ddc0f9,0.14285714285714285,0.24166666666666667
7279bcb3-0f86b515ba2bd8dd,b434c275-276b6ce441c4669e,0.14285714285714285,0.6272727272727273
7279bcb3-0f86b515ba2bd8dd,9399204d-6515f9b4b4661ed8,0.14285714285714285,0.6272727272727273
7279bcb3-0f86b515ba2bd8dd,fdc4f384-81c2afc418e72aef,0.14285714285714285,0.6272727272727273
42fe7dd0-ae8f546af908b5fe,8a041ef5-22f968305d57262e,0.14246575342465753,0.4262295081967213
f38ae053-1cc93e66c41ccafa,8a041ef5-22f968305d57262e,0.1423487544483986,0.15503875968992248
8532d5ed-e56d613d9e34734b,b434c275-276b6ce441c4669e,0.14213197969543148,0.5426356589147286
8532d5ed-e56d613d9e34734b,9399204d-6515f9b4b4661ed8,0.14213197969543148,0.5426356589147286
c4ca2ff3-8002e9fb1de21148,01c915a2-b134dfb6a3c23cce,0.14213197969543148,0.5753424657534246
8532d5ed-e56d613d9e34734b,fdc4f384-81c2afc418e72aef,0.14213197969543148,0.5426356589147286
ae4d5b49-62ede50d39b5202a,1b372750-4ec55bfec37eb837,0.1419753086419753,0.35384615384615387
c6113c06-d4ec0a6afa4cb16c,6e7cd58b-9e00f3e11d7fd578,0.14184397163120568,0.3448275862068966
464ad4dd-9978f63cac804e5b,8a041ef5-22f968305d57262e,0.14166666666666666,0.19318181818181818
c6113c06-d4ec0a6afa4cb16c,0f14b12d-fee145b04c8d2e7d,0.14153846153846153,0.26436781609195403
1a6f8b20-46e2136e681f3c6f,2a35cd81-0aeb43004eb108dd,0.14153846153846153,0.27710843373493976
b0a01ee7-a88cb875e376e2ba,dff5ff0a-4c22ff53e6acbc9b,0.14146341463414633,0.4393939393939394
55ab9b5d-97aa2decf67ee58c,d3415fc5-3d79a0cf6c3df934,0.1414141414141414,0.2441860465116279
7814575b-d53f200ab383f03f,ed728769-26de3db1e5ddc0f9,0.14130434782608695,0.3170731707317073
3088ca9c-f1011bb8e87b3927,30e0cc81-e37591091c959b0f,0.14102564102564102,0.2894736842105263
6018974f-796cead4caace323,9be0602e-2479557b64cb6cbc,0.1409921671018277,0.39705882352941174
ccc8ef27-962b4c2d0adf3e00,d92c5342-53771e54c54e60c0,0.14088820826952528,0.7076923076923077
d6fb3b9e-f5435586daf6a49b,d92c5342-53771e54c54e60c0,0.14088820826952528,0.7076923076923077
66565156-e830bc6dfc3d34ae,ef1d196b-c6903a1f95200b39,0.14084507042253522,0.26785714285714285
7814575b-d53f200ab383f03f,40cc90ae-a1888e38f4a2438d,0.1406025824964132,0.5975609756097561
66565156-e830bc6dfc3d34ae,f5f97f19-d4fede29e258335b,0.14057507987220447,0.19642857142857142
1a6f8b20-46e2136e681f3c6f,dff5ff0a-4c22ff53e6acbc9b,0.1405152224824356,0.3614457831325301
f4d6d28d-4171a85a7cd99755,ef1d196b-c6903a1f95200b39,0.14049586776859505,0.2
4eac0eea-433fe35c66f0896a,ef1d196b-c6903a1f95200b39,0.14049586776859505,0.2
1a6f8b20-46e2136e681f3c6f,1f6b81b1-5b2cd71aff307a38,0.14035087719298245,0.5301204819277109
7814575b-d53f200ab383f03f,d92c5342-53771e54c54e60c0,0.14029850746268657,0.573170731707317
f2cf6a74-c36cd3e8f935af24,01c915a2-b134dfb6a3c23cce,0.14,0.5121951219512195
6a47e491-9e58b734b00c40ca,ed728769-26de3db1e5ddc0f9,0.13991769547325103,0.17
ef1d196b-c6903a1f95200b39,1f6b81b1-5b2cd71aff307a38,0.13986013986013987,0.1910828025477707
ccc8ef27-962b4c2d0adf3e00,339fdc7f-08ea3facdbf2e797,0.13978494623655913,0.4
d6fb3b9e-f5435586daf6a49b,339fdc7f-08ea3facdbf2e797,0.13978494623655913,0.4
8532d5ed-e56d613d9e34734b,656b62de-07e003f6fc62643b,0.13966480446927373,0.1937984496124031
6a47e491-9e58b734b00c40ca,f5f97f19-d4fede29e258335b,0.1396508728179551,0.14
8532d5ed-e56d613d9e34734b,9be0602e-2479557b64cb6cbc,0.13963963963963963,0.24031007751937986
f5f97f19-d4fede29e258335b,ed728769-26de3db1e5ddc0f9,0.13963039014373715,0.1691542288557214
b55888de-ca2300bd54fb3fd5,1f6b81b1-5b2cd71aff307a38,0.1396103896103896,0.5972222222222222
46bde295-e51fa6bd867e4ba5,01c915a2-b134dfb6a3c23cce,0.1396103896103896,0.4387755102040816
9e7551da-8b58fac3a9eaef98,8a041ef5-22f968305d57262e,0.13953488372093023,0.23809523809523808
f0e13442-3615d4e91a6c5bd9,8a041ef5-22f968305d57262e,0.13953488372093023,0.23809523809523808
ae4d5b49-62ede50d39b5202a,40132ebc-0eb4e2e2a14b1fc4,0.13953488372093023,0.4153846153846154
f7a0ea6d-b8e74e9785d59e88,40132ebc-0eb4e2e2a14b1fc4,0.13953488372093023,0.4153846153846154
b55888de-ca2300bd54fb3fd5,dff5ff0a-4c22ff53e6acbc9b,0.13942307692307693,0.4027777777777778
c4ca2ff3-8002e9fb1de21148,1f6b81b1-5b2cd71aff307a38,0.1393841166936791,0.589041095890411
f5f97f19-d4fede29e258335b,35bb6075-720cdb4a7c64c6cd,0.13934426229508196,0.1691542288557214
6be4dcef-d802164d63afa92e,01c915a2-b134dfb6a3c23cce,0.13930348258706468,0.49411764705882355
54488276-f24b9e883d548563,1f6b81b1-5b2cd71aff307a38,0.13920454545454544,0.30625
55ab9b5d-97aa2decf67ee58c,1b372750-4ec55bfec37eb837,0.1391304347826087,0.27906976744186046
d3a0b8d2-95a57759ca7f4494,f4d6d28d-4171a85a7cd99755,0.1391304347826087,0.26666666666666666
d3a0b8d2-95a57759ca7f4494,4eac0eea-433fe35c66f0896a,0.1391304347826087,0.26666666666666666
3088ca9c-f1011bb8e87b3927,8782922d-b6272ba0ec663c70,0.13903743315508021,0.17105263157894737
6018974f-796cead4caace323,339fdc7f-08ea3facdbf2e797,0.13866666666666666,0.38235294117647056
d3a0b8d2-95a57759ca7f4494,dff5ff0a-4c22ff53e6acbc9b,0.13861386138613863,0.4666666666666667
98950986-d24a1d74ca0bc0c5,ef1d196b-c6903a1f95200b39,0.13842482100238662,0.2761904761904762
d3a0b8d2-95a57759ca7f4494,35bb6075-720cdb4a7c64c6cd,0.138328530259366,0.4
3b10bd6d-cb4bc04c8307b4f8,1f6b81b1-5b2cd71aff307a38,0.1382636655948553,0.5512820512820513
46bde295-e51fa6bd867e4ba5,0b04b41e-0b6cb88d7212030e,0.1380952380952381,0.29591836734693877
4685c420-34caaa19b5555fa4,cfba313d-96627cf80535b35d,0.13783403656821377,0.5104166666666666
6018974f-796cead4caace323,e5d02e93-9702b854ca246425,0.1377049180327869,0.3088235294117647
f7a0ea6d-b8e74e9785d59e88,d3415fc5-3d79a0cf6c3df934,0.13768115942028986,0.2923076923076923
4da08761-2765de8ab5de2a01,ed728769-26de3db1e5ddc0f9,0.13765182186234817,0.16346153846153846
7814575b-d53f200ab383f03f,1f6b81b1-5b2cd71aff307a38,0.13738019169329074,0.524390243902439
3088ca9c-f1011bb8e87b3927,1b372750-4ec55bfec37eb837,0.1373134328358209,0.3026315789473684
b55888de-ca2300bd54fb3fd5,6e7cd58b-9e00f3e11d7fd578,0.13725490196078433,0.3888888888888889
9291ca83-b2b16ed7b0bb365a,01c915a2-b134dfb6a3c23cce,0.137221269296741,0.6153846153846154
8532d5ed-e56d613d9e34734b,cfba313d-96627cf80535b35d,0.13709677419354838,0.3953488372093023
55ab9b5d-97aa2decf67ee58c,40cc90ae-a1888e38f4a2438d,0.1369472182596291,0.5581395348837209
d3415fc5-3d79a0cf6c3df934,dff5ff0a-4c22ff53e6acbc9b,0.13693693693693693,0.18009478672985782
ccc8ef27-962b4c2d0adf3e00,dff5ff0a-4c22ff53e6acbc9b,0.13691931540342298,0.4307692307692308
d6fb3b9e-f5435586daf6a49b,dff5ff0a-4c22ff53e6acbc9b,0.13691931540342298,0.4307692307692308
ae4d5b49-62ede50d39b5202a,2a35cd81-0aeb43004eb108dd,0.13680781758957655,0.3230769230769231
ae4d5b49-62ede50d39b5202a,ed728769-26de3db1e5ddc0f9,0.13675213675213677,0.36923076923076925
d3a0b8d2-95a57759ca7f4494,07043d35-d508fb40e7ba58e1,0.13664596273291926,0.36666666666666664
9291ca83-b2b16ed7b0bb365a,175201f9-29a63f3073d1212f,0.13654618473895583,0.26153846153846155
6018974f-796cead4caace323,01c915a2-b134dfb6a3c23cce,0.13651877133105803,0.5882352941176471
45e41c6d-14603621c555c558,01c915a2-b134dfb6a3c23cce,0.13651877133105803,0.5882352941176471
6018974f-796cead4caace323,f6ed6826-065d31f19f562fcc,0.13636363636363635,0.3088235294117647
d3a0b8d2-95a57759ca7f4494,54488276-f24b9e883d548563,0.13636363636363635,0.25
7814575b-d53f200ab383f03f,ef1d196b-c6903a1f95200b39,0.13636363636363635,0.32926829268292684
ae4d5b49-62ede50d39b5202a,f38ae053-1cc93e66c41ccafa,0.13622291021671826,0.3384615384615385
4685c420-34caaa19b5555fa4,2a35cd81-0aeb43004eb108dd,0.13609467455621302,0.23958333333333334
9291ca83-b2b16ed7b0bb365a,7814575b-d53f200ab383f03f,0.1360544217687075,0.15384615384615385
8532d5ed-e56d613d9e34734b,01c915a2-b134dfb6a3c23cce,0.13601236476043277,0.34108527131782945
ccc8ef27-962b4c2d0adf3e00,1b372750-4ec55bfec37eb837,0.13580246913580246,0.3384615384615385
d6fb3b9e-f5435586daf6a49b,1b372750-4ec55bfec37eb837,0.13580246913580246,0.3384615384615385
6a47e491-9e58b734b00c40ca,3c74c140-a93ee473b71ac072,0.13572854291417166,0.17
fdd41565-d026425f11fe71fd,1f6b81b1-5b2cd71aff307a38,0.13569321533923304,0.34328358208955223
6018974f-796cead4caace323,8cfe3ee0-900555a974d03516,0.13559322033898305,0.23529411764705882
45e41c6d-14603621c555c558,ed728769-26de3db1e5ddc0f9,0.13559322033898305,0.35294117647058826
ccc8ef27-962b4c2d0adf3e00,8a041ef5-22f968305d57262e,0.13550135501355012,0.38461538461538464
d6fb3b9e-f5435586daf6a49b,8a041ef5-22f968305d57262e,0.13550135501355012,0.38461538461538464
45e41c6d-14603621c555c558,3c74c140-a93ee473b71ac072,0.13550135501355012,0.36764705882352944
f5f97f19-d4fede29e258335b,2a35cd81-0aeb43004eb108dd,0.13544018058690746,0.14925373134328357
d3a0b8d2-95a57759ca7f4494,1d43139f-a08be36b098f0971,0.13541666666666666,0.21666666666666667
a5d5a95f-106627618ba094d2,6a47e491-9e58b734b00c40ca,0.13538461538461538,0.176
d3415fc5-3d79a0cf6c3df934,1f6b81b1-5b2cd71aff307a38,0.13509933774834437,0.24170616113744076
23594fdf-bc29e3c145f03caa,f38ae053-1cc93e66c41ccafa,0.13506493506493505,0.2047244094488189
3088ca9c-f1011bb8e87b3927,0c9d4def-6a3de0efe209485b,0.1350210970464135,0.21052631578947367
b185d034-a791a4af4c89854c,d3415fc5-3d79a0cf6c3df934,0.135,0.14285714285714285
b0a01ee7-a88cb875e376e2ba,732c98a0-5659f20742b2f453,0.135,0.4090909090909091
b0a01ee7-a88cb875e376e2ba,732c98a0-0117162249c9d715,0.135,0.4090909090909091
d3415fc5-3d79a0cf6c3df934,b434c275-276b6ce441c4669e,0.13495782567947517,0.3412322274881517
d3415fc5-3d79a0cf6c3df934,9399204d-6515f9b4b4661ed8,0.13495782567947517,0.3412322274881517
d3415fc5-3d79a0cf6c3df934,fdc4f384-81c2afc418e72aef,0.13495782567947517,0.3412322274881517
d3a0b8d2-95a57759ca7f4494,01c915a2-b134dfb6a3c23cce,0.13494809688581316,0.65
6018974f-796cead4caace323,175201f9-29a63f3073d1212f,0.1349206349206349,0.25
f7a0ea6d-b8e74e9785d59e88,7d12d33c-b4c3d5f6730bc23d,0.1347517730496454,0.2923076923076923
f8c99dd0-af74ef9023de52c3,480de7be-17d68f699a8fb117,0.13468013468013468,0.24691358024691357
f8c99dd0-af74ef9023de52c3,f4757480-264ce4d0166e480d,0.13468013468013468,0.24691358024691357
ae4d5b49-62ede50d39b5202a,a2cf5634-50a35a847b217df3,0.1346153846153846,0.4307692307692308
55ab9b5d-97aa2decf67ee58c,ed728769-26de3db1e5ddc0f9,0.13440860215053763,0.29069767441860467
9291ca83-b2b16ed7b0bb365a,339fdc7f-08ea3facdbf2e797,0.13440860215053763,0.38461538461538464
f5f97f19-d4fede29e258335b,480de7be-17d68f699a8fb117,0.1342925659472422,0.13930348258706468
f5f97f19-d4fede29e258335b,f4757480-264ce4d0166e480d,0.1342925659472422,0.13930348258706468
6be4dcef-d802164d63afa92e,40cc90ae-a1888e38f4a2438d,0.13428571428571429,0.5529411764705883
6a47e491-9e58b734b00c40ca,76a69f5c-5a0e3ae2a5ff1ef0,0.13417190775681342,0.16
6a47e491-9e58b734b00c40ca,40132ebc-0eb4e2e2a14b1fc4,0.13409961685823754,0.175
0f09b843-a169d06ba2070f2e,b434c275-276b6ce441c4669e,0.13402061855670103,0.5701754385964912
0f09b843-a169d06ba2070f2e,9399204d-6515f9b4b4661ed8,0.13402061855670103,0.5701754385964912
0f09b843-a169d06ba2070f2e,fdc4f384-81c2afc418e72aef,0.13402061855670103,0.5701754385964912
f4d6d28d-4171a85a7cd99755,01c915a2-b134dfb6a3c23cce,0.13372093023255813,0.27058823529411763
4eac0eea-433fe35c66f0896a,01c915a2-b134dfb6a3c23cce,0.13372093023255813,0.27058823529411763
d3a0b8d2-95a57759ca7f4494,ef1d196b-c6903a1f95200b39,0.13368983957219252,0.4166666666666667
6018974f-796cead4caace323,a2cf5634-50a35a847b217df3,0.13365155131264916,0.4117647058823529
98950986-d24a1d74ca0bc0c5,dff5ff0a-4c22ff53e6acbc9b,0.133630289532294,0.2857142857142857
6018974f-796cead4caace323,40132ebc-0eb4e2e2a14b1fc4,0.13333333333333333,0.38235294117647056
7a9c69d8-25b66767c6bfef75,0ea5a836-8314c5dfb34c8bab,0.13333333333333333,0.23809523809523808
6f393cfe-f27eb766dce24503,0ea5a836-8314c5dfb34c8bab,0.13333333333333333,0.23809523809523808
1d43139f-a08be36b098f0971,1f6b81b1-5b2cd71aff307a38,0.13313609467455623,0.3409090909090909
7a9c69d8-25b66767c6bfef75,01c915a2-b134dfb6a3c23cce,0.132890365448505,0.47619047619047616
6f393cfe-f27eb766dce24503,01c915a2-b134dfb6a3c23cce,0.132890365448505,0.47619047619047616
4685c420-34caaa19b5555fa4,54488276-f24b9e883d548563,0.1328125,0.17708333333333334
98950986-d24a1d74ca0bc0c5,d92c5342-53771e54c54e60c0,0.13275613275613277,0.4380952380952381
3088ca9c-f1011bb8e87b3927,ed728769-26de3db1e5ddc0f9,0.13259668508287292,0.3157894736842105
f7a0ea6d-b8e74e9785d59e88,f665e87b-932fba185362154d,0.13253012048192772,0.3384615384615385
f7a0ea6d-b8e74e9785d59e88,f665e87b-f01b7cfb37168ad5,0.13253012048192772,0.3384615384615385
4685c420-34caaa19b5555fa4,464ad4dd-9978f63cac804e5b,0.1323529411764706,0.1875
6a47e491-9e58b734b00c40ca,4da08761-2765de8ab5de2a01,0.1323529411764706,0.135
ae4d5b49-62ede50d39b5202a,b8b08542-ed329a5d344748ed,0.13229571984435798,0.26153846153846155
ae4d5b49-62ede50d39b5202a,d783d815-fcfd47fa9b8bb15b,0.13229571984435798,0.26153846153846155
ae4d5b49-62ede50d39b5202a,d783d815-9c6f6853f561f0ed,0.13229571984435798,0.26153846153846155
d3a0b8d2-95a57759ca7f4494,f38ae053-1cc93e66c41ccafa,0.1320754716981132,0.35
b55888de-ca2300bd54fb3fd5,339fdc7f-08ea3facdbf2e797,0.13192612137203166,0.3472222222222222
00af3420-6a22b980be3bebb8,9be0602e-2479557b64cb6cbc,0.1318181818181818,0.232
bdf7bfb2-dc5f2f3e1ffc8032,9be0602e-2479557b64cb6cbc,0.1318181818181818,0.232
45e41c6d-14603621c555c558,cfba313d-96627cf80535b35d,0.13177159590043924,0.6617647058823529
8a858867-b9bbeece66de3f0d,f5f97f19-d4fede29e258335b,0.1317365269461078,0.16541353383458646
ae4d5b49-62ede50d39b5202a,d92c5342-53771e54c54e60c0,0.13169984686064318,0.6615384615384615
42fe7dd0-ae8f546af908b5fe,f38ae053-1cc93e66c41ccafa,0.13166144200626959,0.3442622950819672
23594fdf-bc29e3c145f03caa,dff5ff0a-4c22ff53e6acbc9b,0.1316348195329087,0.2440944881889764
ccc8ef27-962b4c2d0adf3e00,97a7fab5-c8910bb2ec5c2935,0.13145539906103287,0.2153846153846154
7814575b-d53f200ab383f03f,dff5ff0a-4c22ff53e6acbc9b,0.13145539906103287,0.34146341463414637
d6fb3b9e-f5435586daf6a49b,97a7fab5-c8910bb2ec5c2935,0.13145539906103287,0.2153846153846154
f7a0ea6d-b8e74e9785d59e88,8a858867-b9bbeece66de3f0d,0.13131313131313133,0.2
45e41c6d-14603621c555c558,d92c5342-53771e54c54e60c0,0.13109756097560976,0.6323529411764706
46bde295-e51fa6bd867e4ba5,ef1d196b-c6903a1f95200b39,0.13106796116504854,0.2755102040816326
f7a0ea6d-b8e74e9785d59e88,ed728769-26de3db1e5ddc0f9,0.13105413105413105,0.35384615384615387
b55888de-ca2300bd54fb3fd5,cfba313d-96627cf80535b35d,0.13100436681222707,0.625
98950986-d24a1d74ca0bc0c5,480de7be-17d68f699a8fb117,0.1308411214953271,0.2
98950986-d24a1d74ca0bc0c5,f4757480-264ce4d0166e480d,0.1308411214953271,0.2
ae4d5b49-62ede50d39b5202a,fdd41565-d026425f11fe71fd,0.1306532663316583,0.2
3088ca9c-f1011bb8e87b3927,339fdc7f-08ea3facdbf2e797,0.13054830287206268,0.32894736842105265
c6113c06-d4ec0a6afa4cb16c,d92c5342-53771e54c54e60c0,0.13037037037037036,0.5057471264367817
4685c420-34caaa19b5555fa4,d3415fc5-3d79a0cf6c3df934,0.13029315960912052,0.20833333333333334
d3a0b8d2-95a57759ca7f4494,f5f97f19-d4fede29e258335b,0.13026819923371646,0.2833333333333333
8782922d-b6272ba0ec663c70,8a041ef5-22f968305d57262e,0.13012048192771083,0.24324324324324326
f7a0ea6d-b8e74e9785d59e88,8a041ef5-22f968305d57262e,0.13008130081300814,0.36923076923076925
3088ca9c-f1011bb8e87b3927,f4d6d28d-4171a85a7cd99755,0.13008130081300814,0.21052631578947367
3088ca9c-f1011bb8e87b3927,4eac0eea-433fe35c66f0896a,0.13008130081300814,0.21052631578947367
1b372750-4ec55bfec37eb837,d83f74f7-23bcf7dad899d241,0.13008130081300814,0.277992277992278
5449d33c-c3fa056747e67e0b,d3415fc5-3d79a0cf6c3df934,0.13003095975232198,0.1875
42fe7dd0-ae8f546af908b5fe,26ad111c-6f110a9e517fc801,0.13,0.21311475409836064
c6113c06-d4ec0a6afa4cb16c,8532d5ed-e56d613d9e34734b,0.12962962962962962,0.16091954022988506
6018974f-796cead4caace323,35bb6075-720cdb4a7c64c6cd,0.1295774647887324,0.3382352941176471
8782922d-b6272ba0ec663c70,cfba313d-96627cf80535b35d,0.12947658402203857,0.42342342342342343
9291ca83-b2b16ed7b0bb365a,656b62de-07e003f6fc62643b,0.1292517006802721,0.2923076923076923
1a6f8b20-46e2136e681f3c6f,d3415fc5-3d79a0cf6c3df934,0.1292517006802721,0.2289156626506024
b0a01ee7-a88cb875e376e2ba,cfba313d-96627cf80535b35d,0.12922173274596183,0.6666666666666666
1a6f8b20-46e2136e681f3c6f,8a041ef5-22f968305d57262e,0.12919896640826872,0.30120481927710846
1d43139f-a08be36b098f0971,ed728769-26de3db1e5ddc0f9,0.1291866028708134,0.20454545454545456
66565156-e830bc6dfc3d34ae,d83f74f7-23bcf7dad899d241,0.12916666666666668,0.5535714285714286
f2cf6a74-c36cd3e8f935af24,cfba313d-96627cf80535b35d,0.1291248206599713,0.5487804878048781
45e41c6d-14603621c555c558,8a041ef5-22f968305d57262e,0.12903225806451613,0.35294117647058826
b0a01ee7-a88cb875e376e2ba,656b62de-07e003f6fc62643b,0.1288135593220339,0.2878787878787879
f5f97f19-d4fede29e258335b,77448a05-1dfe65e51fa688fd,0.1286549707602339,0.16417910447761194
1a6f8b20-46e2136e681f3c6f,1b372750-4ec55bfec37eb837,0.1286549707602339,0.26506024096385544
f7a0ea6d-b8e74e9785d59e88,d92c5342-53771e54c54e60c0,0.12863705972434916,0.6461538461538462
d3415fc5-3d79a0cf6c3df934,d83f74f7-23bcf7dad899d241,0.12842304060434373,0.3222748815165877
3f939694-111b597776032895,ed728769-26de3db1e5ddc0f9,0.1282051282051282,0.16483516483516483
c6113c06-d4ec0a6afa4cb16c,cfba313d-96627cf80535b35d,0.1282051282051282,0.5172413793103449
d3415fc5-3d79a0cf6c3df934,8a041ef5-22f968305d57262e,0.12815533980582525,0.15639810426540285
c4ca2ff3-8002e9fb1de21148,ed728769-26de3db1e5ddc0f9,0.12813370473537605,0.3150684931506849
3b10bd6d-cb4bc04c8307b4f8,dff5ff0a-4c22ff53e6acbc9b,0.12796208530805686,0.34615384615384615
f8c99dd0-af74ef9023de52c3,0ea5a836-8314c5dfb34c8bab,0.12794612794612795,0.2345679012345679
42fe7dd0-ae8f546af908b5fe,30e0cc81-e37591091c959b0f,0.12794612794612795,0.3114754098360656
6018974f-796cead4caace323,76a69f5c-5a0e3ae2a5ff1ef0,0.12753623188405797,0.3235294117647059
3088ca9c-f1011bb8e87b3927,40cc90ae-a1888e38f4a2438d,0.12735166425470332,0.5789473684210527
ae4d5b49-62ede50d39b5202a,77448a05-1dfe65e51fa688fd,0.1273209549071618,0.36923076923076925
b55888de-ca2300bd54fb3fd5,d92c5342-53771e54c54e60c0,0.12727272727272726,0.5833333333333334
42fe7dd0-ae8f546af908b5fe,40cc90ae-a1888e38f4a2438d,0.12721893491124261,0.7049180327868853
b55888de-ca2300bd54fb3fd5,d3415fc5-3d79a0cf6c3df934,0.127208480565371,0.25
5449d33c-c3fa056747e67e0b,d83f74f7-23bcf7dad899d241,0.12708333333333333,0.5446428571428571
7814575b-d53f200ab383f03f,f4d6d28d-4171a85a7cd99755,0.12698412698412698,0.1951219512195122
7814575b-d53f200ab383f03f,4eac0eea-433fe35c66f0896a,0.12698412698412698,0.1951219512195122
1a6f8b20-46e2136e681f3c6f,f5f97f19-d4fede29e258335b,0.1267605633802817,0.21686746987951808
d3a0b8d2-95a57759ca7f4494,f6ed6826-065d31f19f562fcc,0.12666666666666668,0.31666666666666665
66565156-e830bc6dfc3d34ae,cfba313d-96627cf80535b35d,0.1265474552957359,0.4107142857142857
1d43139f-a08be36b098f0971,6a47e491-9e58b734b00c40ca,0.12650602409638553,0.1590909090909091
c4ca2ff3-8002e9fb1de21148,339fdc7f-08ea3facdbf2e797,0.12631578947368421,0.3287671232876712
b55888de-ca2300bd54fb3fd5,656b62de-07e003f6fc62643b,0.12624584717607973,0.2638888888888889
45e41c6d-14603621c555c558,dff5ff0a-4c22ff53e6acbc9b,0.1262135922330097,0.38235294117647056
1a6f8b20-46e2136e681f3c6f,ef1d196b-c6903a1f95200b39,0.12594458438287154,0.30120481927710846
6a47e491-9e58b734b00c40ca,656b62de-07e003f6fc62643b,0.1258741258741259,0.135
7279bcb3-0f86b515ba2bd8dd,464ad4dd-9978f63cac804e5b,0.1258741258741259,0.16363636363636364
d3a0b8d2-95a57759ca7f4494,0b04b41e-0b6cb88d7212030e,0.1256544502617801,0.4
c6113c06-d4ec0a6afa4cb16c,8cfe3ee0-900555a974d03516,0.12549019607843137,0.1839080459770115
d3415fc5-3d79a0cf6c3df934,30e0cc81-e37591091c959b0f,0.12527964205816555,0.13270142180094788
6018974f-796cead4caace323,3088ca9c-f1011bb8e87b3927,0.125,0.1323529411764706
6a47e491-9e58b734b00c40ca,0ea5a836-8314c5dfb34c8bab,0.125,0.13
42fe7dd0-ae8f546af908b5fe,339fdc7f-08ea3facdbf2e797,0.125,0.3770491803278688
8532d5ed-e56d613d9e34734b,1f6b81b1-5b2cd71aff307a38,0.12481426448736999,0.32558139534883723
9291ca83-b2b16ed7b0bb365a,1f6b81b1-5b2cd71aff307a38,0.12479474548440066,0.5846153846153846
ccc8ef27-962b4c2d0adf3e00,6e7cd58b-9e00f3e11d7fd578,0.12468827930174564,0.38461538461538464
d6fb3b9e-f5435586daf6a49b,6e7cd58b-9e00f3e11d7fd578,0.12468827930174564,0.38461538461538464
b0a01ee7-a88cb875e376e2ba,1f6b81b1-5b2cd71aff307a38,0.12459016393442623,0.5757575757575758
3088ca9c-f1011bb8e87b3927,cfba313d-96627cf80535b35d,0.12445730824891461,0.5657894736842105
f5f97f19-d4fede29e258335b,d61f51c5-432a54c5bebe32fa,0.12380952380952381,0.12935323383084577
66565156-e830bc6dfc3d34ae,01c915a2-b134dfb6a3c23cce,0.12380952380952381,0.3482142857142857
c6113c06-d4ec0a6afa4cb16c,1f6b81b1-5b2cd71aff307a38,0.12361331220285261,0.4482758620689655
d3a0b8d2-95a57759ca7f4494,d92c5342-53771e54c54e60c0,0.12345679012345678,0.6666666666666666
8cfe3ee0-900555a974d03516,ed728769-26de3db1e5ddc0f9,0.12334801762114538,0.16666666666666666
45e41c6d-14603621c555c558,4da08761-2765de8ab5de2a01,0.12318840579710146,0.25
1a6f8b20-46e2136e681f3c6f,01c915a2-b134dfb6a3c23cce,0.12312811980033278,0.4457831325301205
b0a01ee7-a88cb875e376e2ba,8532d5ed-e56d613d9e34734b,0.12307692307692308,0.18181818181818182
d3a0b8d2-95a57759ca7f4494,8cfe3ee0-900555a974d03516,0.12280701754385964,0.23333333333333334
d3415fc5-3d79a0cf6c3df934,656b62de-07e003f6fc62643b,0.12272727272727273,0.12796208530805686
6018974f-796cead4caace323,2a35cd81-0aeb43004eb108dd,0.12258064516129032,0.27941176470588236
45e41c6d-14603621c555c558,2a35cd81-0aeb43004eb108dd,0.12258064516129032,0.27941176470588236
3088ca9c-f1011bb8e87b3927,1f6b81b1-5b2cd71aff307a38,0.12258064516129032,0.5
d3a0b8d2-95a57759ca7f4494,f665e87b-932fba185362154d,0.12232415902140673,0.3333333333333333
d3a0b8d2-95a57759ca7f4494,f665e87b-f01b7cfb37168ad5,0.12232415902140673,0.3333333333333333
23594fdf-bc29e3c145f03caa,1f6b81b1-5b2cd71aff307a38,0.12220566318926974,0.3228346456692913
b0a01ee7-a88cb875e376e2ba,07043d35-d508fb40e7ba58e1,0.12195121951219512,0.30303030303030304
8782922d-b6272ba0ec663c70,f5f97f19-d4fede29e258335b,0.12179487179487179,0.17117117117117117
17e67976-1c13712beab98d62,b434c275-276b6ce441c4669e,0.12179487179487179,0.7125
17e67976-1c13712beab98d62,9399204d-6515f9b4b4661ed8,0.12179487179487179,0.7125
17e67976-1c13712beab98d62,fdc4f384-81c2afc418e72aef,0.12179487179487179,0.7125
f8c99dd0-af74ef9023de52c3,1f6b81b1-5b2cd71aff307a38,0.1216,0.4691358024691358
1a6f8b20-46e2136e681f3c6f,77448a05-1dfe65e51fa688fd,0.12151898734177215,0.2891566265060241
8532d5ed-e56d613d9e34734b,f5f97f19-d4fede29e258335b,0.12121212121212122,0.15503875968992248
7279bcb3-0f86b515ba2bd8dd,e5d02e93-9702b854ca246425,0.12103746397694524,0.19090909090909092
46bde295-e51fa6bd867e4ba5,cfba313d-96627cf80535b35d,0.12061711079943899,0.4387755102040816
66565156-e830bc6dfc3d34ae,ed728769-26de3db1e5ddc0f9,0.12060301507537688,0.21428571428571427
f7a0ea6d-b8e74e9785d59e88,40cc90ae-a1888e38f4a2438d,0.12058823529411765,0.6307692307692307
8532d5ed-e56d613d9e34734b,ed728769-26de3db1e5ddc0f9,0.12048192771084337,0.1937984496124031
3b10bd6d-cb4bc04c8307b4f8,8a041ef5-22f968305d57262e,0.12041884816753927,0.2948717948717949
b0a01ee7-a88cb875e376e2ba,40cc90ae-a1888e38f4a2438d,0.12041116005873716,0.6212121212121212
46bde295-e51fa6bd867e4ba5,f5f97f19-d4fede29e258335b,0.12040133779264214,0.1836734693877551
585af783-1941371b4a80bb80,ed728769-26de3db1e5ddc0f9,0.12037037037037036,0.1780821917808219
ccc8ef27-962b4c2d0adf3e00,a2cf5634-50a35a847b217df3,0.1201923076923077,0.38461538461538464
d6fb3b9e-f5435586daf6a49b,a2cf5634-50a35a847b217df3,0.1201923076923077,0.38461538461538464
f5f97f19-d4fede29e258335b,f665e87b-932fba185362154d,0.11965811965811966,0.13930348258706468
f5f97f19-d4fede29e258335b,f665e87b-f01b7cfb37168ad5,0.11965811965811966,0.13930348258706468
f5f97f19-d4fede29e258335b,a2cf5634-50a35a847b217df3,0.11956521739130435,0.16417910447761194
6018974f-796cead4caace323,732c98a0-5659f20742b2f453,0.11940298507462686,0.35294117647058826
6018974f-796cead4caace323,732c98a0-0117162249c9d715,0.11940298507462686,0.35294117647058826
8782922d-b6272ba0ec663c70,d83f74f7-23bcf7dad899d241,0.11887382690302398,0.5135135135135135
c4ca2ff3-8002e9fb1de21148,ef1d196b-c6903a1f95200b39,0.11886304909560723,0.3150684931506849
f5f97f19-d4fede29e258335b,778c91af-ba102667da83f00a,0.11868131868131868,0.13432835820895522
46bde295-e51fa6bd867e4ba5,d83f74f7-23bcf7dad899d241,0.11839323467230443,0.5714285714285714
23594fdf-bc29e3c145f03caa,d3415fc5-3d79a0cf6c3df934,0.11834319526627218,0.15748031496062992
3b10bd6d-cb4bc04c8307b4f8,76a69f5c-5a0e3ae2a5ff1ef0,0.11830985915492957,0.2692307692307692
ae4d5b49-62ede50d39b5202a,339fdc7f-08ea3facdbf2e797,0.11827956989247312,0.3384615384615385
7814575b-d53f200ab383f03f,b185d034-a791a4af4c89854c,0.11808118081180811,0.1951219512195122
c6113c06-d4ec0a6afa4cb16c,f5f97f19-d4fede29e258335b,0.11805555555555555,0.19540229885057472
b185d034-a791a4af4c89854c,f5f97f19-d4fede29e258335b,0.11794871794871795,0.12169312169312169
f5f97f19-d4fede29e258335b,f6ed6826-065d31f19f562fcc,0.11791383219954649,0.12935323383084577
f5f97f19-d4fede29e258335b,40cc90ae-a1888e38f4a2438d,0.11764705882352941,0.23880597014925373
45e41c6d-14603621c555c558,1f6b81b1-5b2cd71aff307a38,0.11764705882352941,0.5294117647058824
d3a0b8d2-95a57759ca7f4494,656b62de-07e003f6fc62643b,0.11764705882352941,0.2833333333333333
7814575b-d53f200ab383f03f,2a35cd81-0aeb43004eb108dd,0.11728395061728394,0.23170731707317074
7814575b-d53f200ab383f03f,4da08761-2765de8ab5de2a01,0.11724137931034483,0.2073170731707317
f5f97f19-d4fede29e258335b,76a69f5c-5a0e3ae2a5ff1ef0,0.11715481171548117,0.13930348258706468
4685c420-34caaa19b5555fa4,ef1d196b-c6903a1f95200b39,0.11707317073170732,0.25
17e67976-1c13712beab98d62,01c915a2-b134dfb6a3c23cce,0.11705685618729098,0.4375
b8b08542-ed329a5d344748ed,f5f97f19-d4fede29e258335b,0.11704834605597965,0.11979166666666667
d783d815-fcfd47fa9b8bb15b,f5f97f19-d4fede29e258335b,0.11704834605597965,0.11979166666666667
d783d815-9c6f6853f561f0ed,f5f97f19-d4fede29e258335b,0.11704834605597965,0.11979166666666667
7814575b-d53f200ab383f03f,b8b08542-ed329a5d344748ed,0.11678832116788321,0.1951219512195122
7814575b-d53f200ab383f03f,d783d815-fcfd47fa9b8bb15b,0.11678832116788321,0.1951219512195122
7814575b-d53f200ab383f03f,d783d815-9c6f6853f561f0ed,0.11678832116788321,0.1951219512195122
3088ca9c-f1011bb8e87b3927,3c74c140-a93ee473b71ac072,0.11671087533156499,0.2894736842105263
b55888de-ca2300bd54fb3fd5,8cfe3ee0-900555a974d03516,0.11666666666666667,0.19444444444444445
c6113c06-d4ec0a6afa4cb16c,f6ed6826-065d31f19f562fcc,0.1162079510703364,0.21839080459770116
7279bcb3-0f86b515ba2bd8dd,1f6b81b1-5b2cd71aff307a38,0.1162079510703364,0.34545454545454546
c4ca2ff3-8002e9fb1de21148,8cfe3ee0-900555a974d03516,0.11618257261410789,0.1917808219178082
ae4d5b49-62ede50d39b5202a,656b62de-07e003f6fc62643b,0.11564625850340136,0.26153846153846155
f5f97f19-d4fede29e258335b,6e7cd58b-9e00f3e11d7fd578,0.1154562383612663,0.15422885572139303
46bde295-e51fa6bd867e4ba5,b434c275-276b6ce441c4669e,0.11530398322851153,0.5612244897959183
46bde295-e51fa6bd867e4ba5,9399204d-6515f9b4b4661ed8,0.11530398322851153,0.5612244897959183
46bde295-e51fa6bd867e4ba5,fdc4f384-81c2afc418e72aef,0.11530398322851153,0.5612244897959183
6be4dcef-d802164d63afa92e,ef1d196b-c6903a1f95200b39,0.11528822055137844,0.27058823529411763
4685c420-34caaa19b5555fa4,ed728769-26de3db1e5ddc0f9,0.11518324607329843,0.22916666666666666
f5f97f19-d4fede29e258335b,0ea5a836-8314c5dfb34c8bab,0.11510791366906475,0.11940298507462686
45e41c6d-14603621c555c558,d3415fc5-3d79a0cf6c3df934,0.11469534050179211,0.23529411764705882
55ab9b5d-97aa2decf67ee58c,b434c275-276b6ce441c4669e,0.11464968152866242,0.627906976744186
55ab9b5d-97aa2decf67ee58c,9399204d-6515f9b4b4661ed8,0.11464968152866242,0.627906976744186
55ab9b5d-97aa2decf67ee58c,fdc4f384-81c2afc418e72aef,0.11464968152866242,0.627906976744186
86102d81-85b3e078083a5c18,f5f97f19-d4fede29e258335b,0.11461318051575932,0.13513513513513514
1a6f8b20-46e2136e681f3c6f,40cc90ae-a1888e38f4a2438d,0.11461318051575932,0.4819277108433735
3088ca9c-f1011bb8e87b3927,01c915a2-b134dfb6a3c23cce,0.11447811447811448,0.4473684210526316
f5f97f19-d4fede29e258335b,339fdc7f-08ea3facdbf2e797,0.1141732283464567,0.14427860696517414
7814575b-d53f200ab383f03f,480de7be-17d68f699a8fb117,0.11409395973154363,0.2073170731707317
7814575b-d53f200ab383f03f,f4757480-264ce4d0166e480d,0.11409395973154363,0.2073170731707317
42fe7dd0-ae8f546af908b5fe,01c915a2-b134dfb6a3c23cce,0.11398963730569948,0.5409836065573771
f8c99dd0-af74ef9023de52c3,01c915a2-b134dfb6a3c23cce,0.11352253756260434,0.41975308641975306
98950986-d24a1d74ca0bc0c5,d83f74f7-23bcf7dad899d241,0.11332633788037776,0.5142857142857142
f5f97f19-d4fede29e258335b,f38ae053-1cc93e66c41ccafa,0.11328976034858387,0.12935323383084577
9291ca83-b2b16ed7b0bb365a,30e0cc81-e37591091c959b0f,0.11295681063122924,0.26153846153846155
6018974f-796cead4caace323,0b04b41e-0b6cb88d7212030e,0.11282051282051282,0.3235294117647059
f5f97f19-d4fede29e258335b,732c98a0-5659f20742b2f453,0.11214953271028037,0.14925373134328357
f5f97f19-d4fede29e258335b,732c98a0-0117162249c9d715,0.11214953271028037,0.14925373134328357
487c9f62-7eec6fd25ec3903d,f5f97f19-d4fede29e258335b,0.11209439528023599,0.13768115942028986
1b372750-4ec55bfec37eb837,ef1d196b-c6903a1f95200b39,0.11169284467713787,0.12355212355212356
7a9c69d8-25b66767c6bfef75,cfba313d-96627cf80535b35d,0.11158798283261803,0.4642857142857143
6f393cfe-f27eb766dce24503,cfba313d-96627cf80535b35d,0.11158798283261803,0.4642857142857143
45e41c6d-14603621c555c558,f5f97f19-d4fede29e258335b,0.11152416356877323,0.22058823529411764
ae4d5b49-62ede50d39b5202a,a368f345-4f26b824059bf5f9,0.11147540983606558,0.26153846153846155
d3415fc5-3d79a0cf6c3df934,cfba313d-96627cf80535b35d,0.11138014527845036,0.21800947867298578
46bde295-e51fa6bd867e4ba5,9be0602e-2479557b64cb6cbc,0.11138014527845036,0.23469387755102042
f5f97f19-d4fede29e258335b,0b04b41e-0b6cb88d7212030e,0.11089866156787763,0.14427860696517414
f2cf6a74-c36cd3e8f935af24,b434c275-276b6ce441c4669e,0.11087420042643924,0.6341463414634146
f2cf6a74-c36cd3e8f935af24,9399204d-6515f9b4b4661ed8,0.11087420042643924,0.6341463414634146
f2cf6a74-c36cd3e8f935af24,fdc4f384-81c2afc418e72aef,0.11087420042643924,0.6341463414634146
4685c420-34caaa19b5555fa4,3c74c140-a93ee473b71ac072,0.11083123425692695,0.22916666666666666
3b10bd6d-cb4bc04c8307b4f8,656b62de-07e003f6fc62643b,0.11074918566775244,0.21794871794871795
d3a0b8d2-95a57759ca7f4494,d3415fc5-3d79a0cf6c3df934,0.11070110701107011,0.25
6a47e491-9e58b734b00c40ca,d83f74f7-23bcf7dad899d241,0.11068702290076336,0.29
42fe7dd0-ae8f546af908b5fe,3c74c140-a93ee473b71ac072,0.11049723756906077,0.32786885245901637
c4ca2ff3-8002e9fb1de21148,cfba313d-96627cf80535b35d,0.11046511627906977,0.5205479452054794
f5f97f19-d4fede29e258335b,cfba313d-96627cf80535b35d,0.11029411764705882,0.22388059701492538
1a6f8b20-46e2136e681f3c6f,d92c5342-53771e54c54e60c0,0.11028315946348734,0.4457831325301205
46bde295-e51fa6bd867e4ba5,d3415fc5-3d79a0cf6c3df934,0.11003236245954692,0.17346938775510204
42fe7dd0-ae8f546af908b5fe,cfba313d-96627cf80535b35d,0.10946745562130178,0.6065573770491803
d3a0b8d2-95a57759ca7f4494,1f6b81b1-5b2cd71aff307a38,0.10927152317880795,0.55
9291ca83-b2b16ed7b0bb365a,40cc90ae-a1888e38f4a2438d,0.10882352941176471,0.5692307692307692
ae4d5b49-62ede50d39b5202a,40cc90ae-a1888e38f4a2438d,0.10882352941176471,0.5692307692307692
b55888de-ca2300bd54fb3fd5,d83f74f7-23bcf7dad899d241,0.10869565217391304,0.6944444444444444
5449d33c-c3fa056747e67e0b,f5f97f19-d4fede29e258335b,0.10862619808306709,0.15178571428571427
45e41c6d-14603621c555c558,40cc90ae-a1888e38f4a2438d,0.10834553440702782,0.5441176470588235
98950986-d24a1d74ca0bc0c5,b434c275-276b6ce441c4669e,0.10822060353798127,0.49523809523809526
98950986-d24a1d74ca0bc0c5,9399204d-6515f9b4b4661ed8,0.10822060353798127,0.49523809523809526
98950986-d24a1d74ca0bc0c5,fdc4f384-81c2afc418e72aef,0.10822060353798127,0.49523809523809526
ae4d5b49-62ede50d39b5202a,464ad4dd-9978f63cac804e5b,0.1078838174273859,0.2
f8c99dd0-af74ef9023de52c3,d92c5342-53771e54c54e60c0,0.10762331838565023,0.4444444444444444
f8c99dd0-af74ef9023de52c3,778c91af-ba102667da83f00a,0.10746268656716418,0.2222222222222222
7814575b-d53f200ab383f03f,54488276-f24b9e883d548563,0.10743801652892562,0.15853658536585366
c6113c06-d4ec0a6afa4cb16c,d3415fc5-3d79a0cf6c3df934,0.10738255033557047,0.1839080459770115
ccc8ef27-962b4c2d0adf3e00,d83f74f7-23bcf7dad899d241,0.10733844468784227,0.7538461538461538
d6fb3b9e-f5435586daf6a49b,d83f74f7-23bcf7dad899d241,0.10733844468784227,0.7538461538461538
f8c99dd0-af74ef9023de52c3,c6113c06-d4ec0a6afa4cb16c,0.10714285714285714,0.1111111111111111
4685c420-34caaa19b5555fa4,b434c275-276b6ce441c4669e,0.10714285714285714,0.53125
4685c420-34caaa19b5555fa4,9399204d-6515f9b4b4661ed8,0.10714285714285714,0.53125
4685c420-34caaa19b5555fa4,fdc4f384-81c2afc418e72aef,0.10714285714285714,0.53125
1a6f8b20-46e2136e681f3c6f,54488276-f24b9e883d548563,0.10699588477366255,0.1566265060240964
15941165-e7a0000e57984fda,f5f97f19-d4fede29e258335b,0.10666666666666667,0.11494252873563218
d3a0b8d2-95a57759ca7f4494,732c98a0-5659f20742b2f453,0.1065989847715736,0.35
d3a0b8d2-95a57759ca7f4494,732c98a0-0117162249c9d715,0.1065989847715736,0.35
7a9c69d8-25b66767c6bfef75,54488276-f24b9e883d548563,0.10655737704918032,0.15476190476190477
6f393cfe-f27eb766dce24503,54488276-f24b9e883d548563,0.10655737704918032,0.15476190476190477
c4ca2ff3-8002e9fb1de21148,d83f74f7-23bcf7dad899d241,0.10640608034744843,0.6712328767123288
7814575b-d53f200ab383f03f,f5f97f19-d4fede29e258335b,0.10600706713780919,0.18292682926829268
f7a0ea6d-b8e74e9785d59e88,cfba313d-96627cf80535b35d,0.10588235294117647,0.5538461538461539
c4ca2ff3-8002e9fb1de21148,d3415fc5-3d79a0cf6c3df934,0.1056338028169014,0.2054794520547945
6a47e491-9e58b734b00c40ca,40cc90ae-a1888e38f4a2438d,0.10552147239263804,0.215
c6113c06-d4ec0a6afa4cb16c,40cc90ae-a1888e38f4a2438d,0.10541310541310542,0.42528735632183906
1a6f8b20-46e2136e681f3c6f,a368f345-4f26b824059bf5f9,0.10526315789473684,0.20481927710843373
9291ca83-b2b16ed7b0bb365a,d83f74f7-23bcf7dad899d241,0.10514786418400876,0.7384615384615385
ae4d5b49-62ede50d39b5202a,1f6b81b1-5b2cd71aff307a38,0.10509031198686371,0.49230769230769234
55ab9b5d-97aa2decf67ee58c,ef1d196b-c6903a1f95200b39,0.105,0.2441860465116279
9e7551da-8b58fac3a9eaef98,f5f97f19-d4fede29e258335b,0.10397553516819572,0.1349206349206349
f0e13442-3615d4e91a6c5bd9,f5f97f19-d4fede29e258335b,0.10397553516819572,0.1349206349206349
ae4d5b49-62ede50d39b5202a,07043d35-d508fb40e7ba58e1,0.10397553516819572,0.26153846153846155
4685c420-34caaa19b5555fa4,d83f74f7-23bcf7dad899d241,0.1038135593220339,0.5104166666666666
7279bcb3-0f86b515ba2bd8dd,ef1d196b-c6903a1f95200b39,0.10377358490566038,0.2
f8c99dd0-af74ef9023de52c3,40cc90ae-a1888e38f4a2438d,0.10344827586206896,0.4444444444444444
7814575b-d53f200ab383f03f,01c915a2-b134dfb6a3c23cce,0.10333333333333333,0.3780487804878049
1a6f8b20-46e2136e681f3c6f,cfba313d-96627cf80535b35d,0.10315186246418338,0.43373493975903615
6a47e491-9e58b734b00c40ca,01c915a2-b134dfb6a3c23cce,0.10306406685236769,0.185
ae4d5b49-62ede50d39b5202a,cfba313d-96627cf80535b35d,0.10294117647058823,0.5384615384615384
c6113c06-d4ec0a6afa4cb16c,23594fdf-bc29e3c145f03caa,0.102803738317757,0.12643678160919541
6018974f-796cead4caace323,40cc90ae-a1888e38f4a2438d,0.10248901903367497,0.5147058823529411
7279bcb3-0f86b515ba2bd8dd,2a35cd81-0aeb43004eb108dd,0.10227272727272728,0.16363636363636364
7a9c69d8-25b66767c6bfef75,656b62de-07e003f6fc62643b,0.10223642172523961,0.19047619047619047
6f393cfe-f27eb766dce24503,656b62de-07e003f6fc62643b,0.10223642172523961,0.19047619047619047
ccc8ef27-962b4c2d0adf3e00,f4d6d28d-4171a85a7cd99755,0.10212765957446808,0.18461538461538463
d6fb3b9e-f5435586daf6a49b,f4d6d28d-4171a85a7cd99755,0.10212765957446808,0.18461538461538463
ccc8ef27-962b4c2d0adf3e00,4eac0eea-433fe35c66f0896a,0.10212765957446808,0.18461538461538463
d6fb3b9e-f5435586daf6a49b,4eac0eea-433fe35c66f0896a,0.10212765957446808,0.18461538461538463
3b10bd6d-cb4bc04c8307b4f8,ef1d196b-c6903a1f95200b39,0.10204081632653061,0.2564102564102564
c6113c06-d4ec0a6afa4cb16c,ed728769-26de3db1e5ddc0f9,0.10187667560321716,0.21839080459770116
f8c99dd0-af74ef9023de52c3,cfba313d-96627cf80535b35d,0.10057471264367816,0.43209876543209874
d3a0b8d2-95a57759ca7f4494,1b372750-4ec55bfec37eb837,0.10031347962382445,0.26666666666666666
9291ca83-b2b16ed7b0bb365a,ef1d196b-c6903a1f95200b39,0.10026385224274406,0.2923076923076923
9291ca83-b2b16ed7b0bb365a,cfba313d-96627cf80535b35d,0.1,0.5230769230769231
46bde295-e51fa6bd867e4ba5,1f6b81b1-5b2cd71aff307a38,0.09968847352024922,0.32653061224489793
42fe7dd0-ae8f546af908b5fe,1f6b81b1-5b2cd71aff307a38,0.09917355371900827,0.4918032786885246
f5f97f19-d4fede29e258335b,8a041ef5-22f968305d57262e,0.09900990099009901,0.12437810945273632
ccc8ef27-962b4c2d0adf3e00,1f6b81b1-5b2cd71aff307a38,0.09852216748768473,0.46153846153846156
d6fb3b9e-f5435586daf6a49b,1f6b81b1-5b2cd71aff307a38,0.09852216748768473,0.46153846153846156
3088ca9c-f1011bb8e87b3927,8cfe3ee0-900555a974d03516,0.09836065573770492,0.15789473684210525
ae4d5b49-62ede50d39b5202a,f5f97f19-d4fede29e258335b,0.09774436090225563,0.2
f7a0ea6d-b8e74e9785d59e88,f5f97f19-d4fede29e258335b,0.09774436090225563,0.2
42fe7dd0-ae8f546af908b5fe,f665e87b-932fba185362154d,0.0975609756097561,0.26229508196721313
42fe7dd0-ae8f546af908b5fe,f665e87b-f01b7cfb37168ad5,0.0975609756097561,0.26229508196721313
3088ca9c-f1011bb8e87b3927,ef1d196b-c6903a1f95200b39,0.09743589743589744,0.25
46bde295-e51fa6bd867e4ba5,f4d6d28d-4171a85a7cd99755,0.09701492537313433,0.1326530612244898
46bde295-e51fa6bd867e4ba5,4eac0eea-433fe35c66f0896a,0.09701492537313433,0.1326530612244898
6018974f-796cead4caace323,cfba313d-96627cf80535b35d,0.09663250366032211,0.4852941176470588
3b10bd6d-cb4bc04c8307b4f8,b434c275-276b6ce441c4669e,0.09635974304068523,0.5769230769230769
3b10bd6d-cb4bc04c8307b4f8,9399204d-6515f9b4b4661ed8,0.09635974304068523,0.5769230769230769
3b10bd6d-cb4bc04c8307b4f8,fdc4f384-81c2afc418e72aef,0.09635974304068523,0.5769230769230769
55ab9b5d-97aa2decf67ee58c,d83f74f7-23bcf7dad899d241,0.09635974304068523,0.5232558139534884
b8b08542-ed329a5d344748ed,ed728769-26de3db1e5ddc0f9,0.09623430962343096,0.11979166666666667
d783d815-fcfd47fa9b8bb15b,ed728769-26de3db1e5ddc0f9,0.09623430962343096,0.11979166666666667
d783d815-9c6f6853f561f0ed,ed728769-26de3db1e5ddc0f9,0.09623430962343096,0.11979166666666667
f7a0ea6d-b8e74e9785d59e88,01c915a2-b134dfb6a3c23cce,0.09605488850771869,0.4307692307692308
7a9c69d8-25b66767c6bfef75,8cfe3ee0-900555a974d03516,0.09523809523809523,0.14285714285714285
6f393cfe-f27eb766dce24503,8cfe3ee0-900555a974d03516,0.09523809523809523,0.14285714285714285
d3415fc5-3d79a0cf6c3df934,9be0602e-2479557b64cb6cbc,0.09505703422053231,0.11848341232227488
ae4d5b49-62ede50d39b5202a,ef1d196b-c6903a1f95200b39,0.09498680738786279,0.27692307692307694
d3a0b8d2-95a57759ca7f4494,40cc90ae-a1888e38f4a2438d,0.09481481481481481,0.5333333333333333
f8c99dd0-af74ef9023de52c3,d83f74f7-23bcf7dad899d241,0.09472551130247578,0.5432098765432098
55ab9b5d-97aa2decf67ee58c,8cfe3ee0-900555a974d03516,0.09448818897637795,0.13953488372093023
ccc8ef27-962b4c2d0adf3e00,cfba313d-96627cf80535b35d,0.09411764705882353,0.49230769230769234
d6fb3b9e-f5435586daf6a49b,cfba313d-96627cf80535b35d,0.09411764705882353,0.49230769230769234
7814575b-d53f200ab383f03f,0ea5a836-8314c5dfb34c8bab,0.09395973154362416,0.17073170731707318
c6113c06-d4ec0a6afa4cb16c,97a7fab5-c8910bb2ec5c2935,0.09361702127659574,0.12643678160919541
b55888de-ca2300bd54fb3fd5,ef1d196b-c6903a1f95200b39,0.09326424870466321,0.25
55ab9b5d-97aa2decf67ee58c,01c915a2-b134dfb6a3c23cce,0.09271523178807947,0.32558139534883723
b0a01ee7-a88cb875e376e2ba,3c74c140-a93ee473b71ac072,0.09264305177111716,0.25757575757575757
f2cf6a74-c36cd3e8f935af24,d83f74f7-23bcf7dad899d241,0.09247311827956989,0.524390243902439
6be4dcef-d802164d63afa92e,d83f74f7-23bcf7dad899d241,0.09217577706323687,0.5058823529411764
656b62de-07e003f6fc62643b,ef1d196b-c6903a1f95200b39,0.09208103130755065,0.1091703056768559
b8b08542-ed329a5d344748ed,6a47e491-9e58b734b00c40ca,0.09183673469387756,0.09375
d783d815-fcfd47fa9b8bb15b,6a47e491-9e58b734b00c40ca,0.09183673469387756,0.09375
d783d815-9c6f6853f561f0ed,6a47e491-9e58b734b00c40ca,0.09183673469387756,0.09375
7814575b-d53f200ab383f03f,cfba313d-96627cf80535b35d,0.09182209469153516,0.3902439024390244
1a6f8b20-46e2136e681f3c6f,b434c275-276b6ce441c4669e,0.09158679446219382,0.5180722891566265
1a6f8b20-46e2136e681f3c6f,9399204d-6515f9b4b4661ed8,0.09158679446219382,0.5180722891566265
1a6f8b20-46e2136e681f3c6f,fdc4f384-81c2afc418e72aef,0.09158679446219382,0.5180722891566265
d3a0b8d2-95a57759ca7f4494,6e7cd58b-9e00f3e11d7fd578,0.09090909090909091,0.3
f7a0ea6d-b8e74e9785d59e88,6018974f-796cead4caace323,0.09022556390977443,0.09230769230769231
1a6f8b20-46e2136e681f3c6f,d83f74f7-23bcf7dad899d241,0.09022556390977443,0.5060240963855421
b0a01ee7-a88cb875e376e2ba,9be0602e-2479557b64cb6cbc,0.08923884514435695,0.25757575757575757
c6113c06-d4ec0a6afa4cb16c,b434c275-276b6ce441c4669e,0.08907741251325557,0.4827586206896552
c6113c06-d4ec0a6afa4cb16c,9399204d-6515f9b4b4661ed8,0.08907741251325557,0.4827586206896552
c6113c06-d4ec0a6afa4cb16c,fdc4f384-81c2afc418e72aef,0.08907741251325557,0.4827586206896552
c6113c06-d4ec0a6afa4cb16c,54488276-f24b9e883d548563,0.08906882591093117,0.12643678160919541
6018974f-796cead4caace323,d92c5342-53771e54c54e60c0,0.08841463414634146,0.4264705882352941
f5f97f19-d4fede29e258335b,656b62de-07e003f6fc62643b,0.08837209302325581,0.0945273631840796
f5f97f19-d4fede29e258335b,dff5ff0a-4c22ff53e6acbc9b,0.08807339449541285,0.11940298507462686
9291ca83-b2b16ed7b0bb365a,dff5ff0a-4c22ff53e6acbc9b,0.08801955990220049,0.27692307692307694
3088ca9c-f1011bb8e87b3927,b434c275-276b6ce441c4669e,0.08798283261802575,0.5394736842105263
3088ca9c-f1011bb8e87b3927,9399204d-6515f9b4b4661ed8,0.08798283261802575,0.5394736842105263
3088ca9c-f1011bb8e87b3927,fdc4f384-81c2afc418e72aef,0.08798283261802575,0.5394736842105263
d3a0b8d2-95a57759ca7f4494,30e0cc81-e37591091c959b0f,0.08783783783783784,0.21666666666666667
6018974f-796cead4caace323,656b62de-07e003f6fc62643b,0.08754208754208755,0.19117647058823528
23594fdf-bc29e3c145f03caa,f4d6d28d-4171a85a7cd99755,0.08754208754208755,0.10236220472440945
23594fdf-bc29e3c145f03caa,4eac0eea-433fe35c66f0896a,0.08754208754208755,0.10236220472440945
6018974f-796cead4caace323,dff5ff0a-4c22ff53e6acbc9b,0.08737864077669903,0.2647058823529412
d3a0b8d2-95a57759ca7f4494,339fdc7f-08ea3facdbf2e797,0.08719346049046321,0.26666666666666666
ae4d5b49-62ede50d39b5202a,d3415fc5-3d79a0cf6c3df934,0.08695652173913043,0.18461538461538463
f7a0ea6d-b8e74e9785d59e88,b434c275-276b6ce441c4669e,0.08686210640608034,0.6153846153846154
f7a0ea6d-b8e74e9785d59e88,9399204d-6515f9b4b4661ed8,0.08686210640608034,0.6153846153846154
f7a0ea6d-b8e74e9785d59e88,fdc4f384-81c2afc418e72aef,0.08686210640608034,0.6153846153846154
7a9c69d8-25b66767c6bfef75,ef1d196b-c6903a1f95200b39,0.08542713567839195,0.20238095238095238
6f393cfe-f27eb766dce24503,ef1d196b-c6903a1f95200b39,0.08542713567839195,0.20238095238095238
6018974f-796cead4caace323,1f6b81b1-5b2cd71aff307a38,0.08496732026143791,0.38235294117647056
46bde295-e51fa6bd867e4ba5,4da08761-2765de8ab5de2a01,0.08496732026143791,0.1326530612244898
7279bcb3-0f86b515ba2bd8dd,9e7551da-8b58fac3a9eaef98,0.0847457627118644,0.09090909090909091
7279bcb3-0f86b515ba2bd8dd,f0e13442-3615d4e91a6c5bd9,0.0847457627118644,0.09090909090909091
b0a01ee7-a88cb875e376e2ba,ef1d196b-c6903a1f95200b39,0.08421052631578947,0.24242424242424243
b55888de-ca2300bd54fb3fd5,b434c275-276b6ce441c4669e,0.08405172413793104,0.5416666666666666
b55888de-ca2300bd54fb3fd5,9399204d-6515f9b4b4661ed8,0.08405172413793104,0.5416666666666666
b55888de-ca2300bd54fb3fd5,fdc4f384-81c2afc418e72aef,0.08405172413793104,0.5416666666666666
c4ca2ff3-8002e9fb1de21148,b434c275-276b6ce441c4669e,0.08396124865446716,0.5342465753424658
c4ca2ff3-8002e9fb1de21148,9399204d-6515f9b4b4661ed8,0.08396124865446716,0.5342465753424658
c4ca2ff3-8002e9fb1de21148,fdc4f384-81c2afc418e72aef,0.08396124865446716,0.5342465753424658
3088ca9c-f1011bb8e87b3927,d3415fc5-3d79a0cf6c3df934,0.08362369337979095,0.15789473684210525
42fe7dd0-ae8f546af908b5fe,d83f74f7-23bcf7dad899d241,0.08360836083608361,0.6229508196721312
f5f97f19-d4fede29e258335b,01c915a2-b134dfb6a3c23cce,0.08344923504867872,0.14925373134328357
7814575b-d53f200ab383f03f,b434c275-276b6ce441c4669e,0.08315565031982942,0.47560975609756095
7814575b-d53f200ab383f03f,9399204d-6515f9b4b4661ed8,0.08315565031982942,0.47560975609756095
7814575b-d53f200ab383f03f,fdc4f384-81c2afc418e72aef,0.08315565031982942,0.47560975609756095
d3a0b8d2-95a57759ca7f4494,3c74c140-a93ee473b71ac072,0.08310249307479224,0.25
45e41c6d-14603621c555c558,d83f74f7-23bcf7dad899d241,0.08296943231441048,0.5588235294117647
42fe7dd0-ae8f546af908b5fe,b434c275-276b6ce441c4669e,0.08287895310796074,0.6229508196721312
42fe7dd0-ae8f546af908b5fe,9399204d-6515f9b4b4661ed8,0.08287895310796074,0.6229508196721312
42fe7dd0-ae8f546af908b5fe,fdc4f384-81c2afc418e72aef,0.08287895310796074,0.6229508196721312
d3a0b8d2-95a57759ca7f4494,a2cf5634-50a35a847b217df3,0.0827250608272506,0.2833333333333333
ccc8ef27-962b4c2d0adf3e00,b434c275-276b6ce441c4669e,0.08251900108577633,0.5846153846153846
d6fb3b9e-f5435586daf6a49b,b434c275-276b6ce441c4669e,0.08251900108577633,0.5846153846153846
ccc8ef27-962b4c2d0adf3e00,9399204d-6515f9b4b4661ed8,0.08251900108577633,0.5846153846153846
d6fb3b9e-f5435586daf6a49b,9399204d-6515f9b4b4661ed8,0.08251900108577633,0.5846153846153846
ccc8ef27-962b4c2d0adf3e00,fdc4f384-81c2afc418e72aef,0.08251900108577633,0.5846153846153846
d6fb3b9e-f5435586daf6a49b,fdc4f384-81c2afc418e72aef,0.08251900108577633,0.5846153846153846
b0a01ee7-a88cb875e376e2ba,01c915a2-b134dfb6a3c23cce,0.0821917808219178,0.36363636363636365
17e67976-1c13712beab98d62,d83f74f7-23bcf7dad899d241,0.08189655172413793,0.475
f5f97f19-d4fede29e258335b,ef1d196b-c6903a1f95200b39,0.08155339805825243,0.1044776119402985
46bde295-e51fa6bd867e4ba5,40cc90ae-a1888e38f4a2438d,0.08134642356241234,0.29591836734693877
c6113c06-d4ec0a6afa4cb16c,d83f74f7-23bcf7dad899d241,0.08128342245989305,0.4367816091954023
17e67976-1c13712beab98d62,ef1d196b-c6903a1f95200b39,0.08121827411167512,0.2
f8c99dd0-af74ef9023de52c3,b434c275-276b6ce441c4669e,0.08110992529348986,0.4691358024691358
f8c99dd0-af74ef9023de52c3,9399204d-6515f9b4b4661ed8,0.08110992529348986,0.4691358024691358
f8c99dd0-af74ef9023de52c3,fdc4f384-81c2afc418e72aef,0.08110992529348986,0.4691358024691358
d3a0b8d2-95a57759ca7f4494,cfba313d-96627cf80535b35d,0.08,0.45
7a9c69d8-25b66767c6bfef75,d83f74f7-23bcf7dad899d241,0.07939914163090128,0.44047619047619047
6f393cfe-f27eb766dce24503,d83f74f7-23bcf7dad899d241,0.07939914163090128,0.44047619047619047
c6113c06-d4ec0a6afa4cb16c,01c915a2-b134dfb6a3c23cce,0.07933884297520662,0.27586206896551724
55ab9b5d-97aa2decf67ee58c,b8b08542-ed329a5d344748ed,0.07913669064748201,0.12790697674418605
55ab9b5d-97aa2decf67ee58c,d783d815-fcfd47fa9b8bb15b,0.07913669064748201,0.12790697674418605
55ab9b5d-97aa2decf67ee58c,d783d815-9c6f6853f561f0ed,0.07913669064748201,0.12790697674418605
1a6f8b20-46e2136e681f3c6f,f4d6d28d-4171a85a7cd99755,0.07905138339920949,0.12048192771084337
1a6f8b20-46e2136e681f3c6f,4eac0eea-433fe35c66f0896a,0.07905138339920949,0.12048192771084337
f7a0ea6d-b8e74e9785d59e88,d83f74f7-23bcf7dad899d241,0.07886089813800658,0.5538461538461539
ccc8ef27-962b4c2d0adf3e00,a368f345-4f26b824059bf5f9,0.07868852459016394,0.18461538461538463
d6fb3b9e-f5435586daf6a49b,a368f345-4f26b824059bf5f9,0.07868852459016394,0.18461538461538463
6be4dcef-d802164d63afa92e,b434c275-276b6ce441c4669e,0.07863974495217853,0.43529411764705883
6be4dcef-d802164d63afa92e,9399204d-6515f9b4b4661ed8,0.07863974495217853,0.43529411764705883
6be4dcef-d802164d63afa92e,fdc4f384-81c2afc418e72aef,0.07863974495217853,0.43529411764705883
1a6f8b20-46e2136e681f3c6f,a2cf5634-50a35a847b217df3,0.07834101382488479,0.20481927710843373
9291ca83-b2b16ed7b0bb365a,b434c275-276b6ce441c4669e,0.0781758957654723,0.5538461538461539
9291ca83-b2b16ed7b0bb365a,9399204d-6515f9b4b4661ed8,0.0781758957654723,0.5538461538461539
9291ca83-b2b16ed7b0bb365a,fdc4f384-81c2afc418e72aef,0.0781758957654723,0.5538461538461539
f5f97f19-d4fede29e258335b,35857a5a-8cd2a4bd9f3acd96,0.0779816513761468,0.0845771144278607
45e41c6d-14603621c555c558,b434c275-276b6ce441c4669e,0.07792207792207792,0.5294117647058824
45e41c6d-14603621c555c558,9399204d-6515f9b4b4661ed8,0.07792207792207792,0.5294117647058824
45e41c6d-14603621c555c558,fdc4f384-81c2afc418e72aef,0.07792207792207792,0.5294117647058824
f5f97f19-d4fede29e258335b,b9595381-1fe2b09ec26b73ed,0.0776255707762557,0.0845771144278607
f5f97f19-d4fede29e258335b,b434c275-276b6ce441c4669e,0.07757805108798486,0.20398009950248755
f5f97f19-d4fede29e258335b,9399204d-6515f9b4b4661ed8,0.07757805108798486,0.20398009950248755
f5f97f19-d4fede29e258335b,fdc4f384-81c2afc418e72aef,0.07757805108798486,0.20398009950248755
ae4d5b49-62ede50d39b5202a,d83f74f7-23bcf7dad899d241,0.07667031763417305,0.5384615384615384
b0a01ee7-a88cb875e376e2ba,f4d6d28d-4171a85a7cd99755,0.07627118644067797,0.13636363636363635
b0a01ee7-a88cb875e376e2ba,4eac0eea-433fe35c66f0896a,0.07627118644067797,0.13636363636363635
3088ca9c-f1011bb8e87b3927,d83f74f7-23bcf7dad899d241,0.07575757575757576,0.4605263157894737
f8c99dd0-af74ef9023de52c3,d3415fc5-3d79a0cf6c3df934,0.07534246575342465,0.13580246913580246
7a9c69d8-25b66767c6bfef75,b434c275-276b6ce441c4669e,0.07446808510638298,0.4166666666666667
7a9c69d8-25b66767c6bfef75,9399204d-6515f9b4b4661ed8,0.07446808510638298,0.4166666666666667
7a9c69d8-25b66767c6bfef75,fdc4f384-81c2afc418e72aef,0.07446808510638298,0.4166666666666667
6f393cfe-f27eb766dce24503,b434c275-276b6ce441c4669e,0.07446808510638298,0.4166666666666667
6f393cfe-f27eb766dce24503,9399204d-6515f9b4b4661ed8,0.07446808510638298,0.4166666666666667
6f393cfe-f27eb766dce24503,fdc4f384-81c2afc418e72aef,0.07446808510638298,0.4166666666666667
b0a01ee7-a88cb875e376e2ba,d83f74f7-23bcf7dad899d241,0.07439824945295405,0.5151515151515151
6be4dcef-d802164d63afa92e,d3415fc5-3d79a0cf6c3df934,0.07432432432432433,0.12941176470588237
4685c420-34caaa19b5555fa4,f5f97f19-d4fede29e258335b,0.07407407407407407,0.11458333333333333
b0a01ee7-a88cb875e376e2ba,b434c275-276b6ce441c4669e,0.0737527114967462,0.5151515151515151
b0a01ee7-a88cb875e376e2ba,9399204d-6515f9b4b4661ed8,0.0737527114967462,0.5151515151515151
b0a01ee7-a88cb875e376e2ba,fdc4f384-81c2afc418e72aef,0.0737527114967462,0.5151515151515151
f5f97f19-d4fede29e258335b,07043d35-d508fb40e7ba58e1,0.0734341252699784,0.0845771144278607
d3a0b8d2-95a57759ca7f4494,a368f345-4f26b824059bf5f9,0.07333333333333333,0.18333333333333332
f5f97f19-d4fede29e258335b,e5d02e93-9702b854ca246425,0.0730593607305936,0.07960199004975124
6018974f-796cead4caace323,07043d35-d508fb40e7ba58e1,0.07272727272727272,0.17647058823529413
7814575b-d53f200ab383f03f,8a041ef5-22f968305d57262e,0.07253886010362694,0.17073170731707318
f5f97f19-d4fede29e258335b,1f6b81b1-5b2cd71aff307a38,0.07248322147651007,0.13432835820895522
51151974-bb8053de078aa97d,f5f97f19-d4fede29e258335b,0.07228915662650602,0.0916030534351145
ae4d5b49-62ede50d39b5202a,01c915a2-b134dfb6a3c23cce,0.07204116638078903,0.3230769230769231
6a47e491-9e58b734b00c40ca,b434c275-276b6ce441c4669e,0.07196969696969698,0.19
6a47e491-9e58b734b00c40ca,9399204d-6515f9b4b4661ed8,0.07196969696969698,0.19
6a47e491-9e58b734b00c40ca,fdc4f384-81c2afc418e72aef,0.07196969696969698,0.19
c6113c06-d4ec0a6afa4cb16c,b8b08542-ed329a5d344748ed,0.07168458781362007,0.11494252873563218
c6113c06-d4ec0a6afa4cb16c,d783d815-fcfd47fa9b8bb15b,0.07168458781362007,0.11494252873563218
c6113c06-d4ec0a6afa4cb16c,d783d815-9c6f6853f561f0ed,0.07168458781362007,0.11494252873563218
ae4d5b49-62ede50d39b5202a,54488276-f24b9e883d548563,0.07111111111111111,0.12307692307692308
7279bcb3-0f86b515ba2bd8dd,d83f74f7-23bcf7dad899d241,0.0709812108559499,0.3090909090909091
d3a0b8d2-95a57759ca7f4494,d83f74f7-23bcf7dad899d241,0.07048458149779736,0.5333333333333333
f4d6d28d-4171a85a7cd99755,6a47e491-9e58b734b00c40ca,0.07027027027027027,0.07647058823529412
4eac0eea-433fe35c66f0896a,6a47e491-9e58b734b00c40ca,0.07027027027027027,0.07647058823529412
6a47e491-9e58b734b00c40ca,9be0602e-2479557b64cb6cbc,0.06990291262135923,0.09
6018974f-796cead4caace323,8a041ef5-22f968305d57262e,0.06989247311827956,0.19117647058823528
42fe7dd0-ae8f546af908b5fe,ef1d196b-c6903a1f95200b39,0.06933333333333333,0.21311475409836064
6018974f-796cead4caace323,b434c275-276b6ce441c4669e,0.06926406926406926,0.47058823529411764
6018974f-796cead4caace323,9399204d-6515f9b4b4661ed8,0.06926406926406926,0.47058823529411764
6018974f-796cead4caace323,fdc4f384-81c2afc418e72aef,0.06926406926406926,0.47058823529411764
3b10bd6d-cb4bc04c8307b4f8,d83f74f7-23bcf7dad899d241,0.06911447084233262,0.41025641025641024
f7a0ea6d-b8e74e9785d59e88,7814575b-d53f200ab383f03f,0.06802721088435375,0.07692307692307693
3b10bd6d-cb4bc04c8307b4f8,01c915a2-b134dfb6a3c23cce,0.06711409395973154,0.2564102564102564
0c9d4def-6a3de0efe209485b,f5f97f19-d4fede29e258335b,0.06629834254143646,0.07453416149068323
97a7fab5-c8910bb2ec5c2935,f5f97f19-d4fede29e258335b,0.06303724928366762,0.07432432432432433
6018974f-796cead4caace323,d83f74f7-23bcf7dad899d241,0.0611353711790393,0.4117647058823529
7814575b-d53f200ab383f03f,a5d5a95f-106627618ba094d2,0.057971014492753624,0.07317073170731707
b55888de-ca2300bd54fb3fd5,f4d6d28d-4171a85a7cd99755,0.05785123966942149,0.09722222222222222
b55888de-ca2300bd54fb3fd5,4eac0eea-433fe35c66f0896a,0.05785123966942149,0.09722222222222222
f5f97f19-d4fede29e258335b,3c74c140-a93ee473b71ac072,0.055776892430278883,0.06965174129353234
f5f97f19-d4fede29e258335b,d83f74f7-23bcf7dad899d241,0.055290753098188754,0.14427860696517414
c6113c06-d4ec0a6afa4cb16c,ef1d196b-c6903a1f95200b39,0.05486284289276808,0.12643678160919541
d3a0b8d2-95a57759ca7f4494,b434c275-276b6ce441c4669e,0.05458515283842795,0.4166666666666667
d3a0b8d2-95a57759ca7f4494,9399204d-6515f9b4b4661ed8,0.05458515283842795,0.4166666666666667
d3a0b8d2-95a57759ca7f4494,fdc4f384-81c2afc418e72aef,0.05458515283842795,0.4166666666666667
f5f97f19-d4fede29e258335b,4da08761-2765de8ab5de2a01,0.05378973105134474,0.05472636815920398
7814575b-d53f200ab383f03f,d83f74f7-23bcf7dad899d241,0.053763440860215055,0.3048780487804878
c23278ec-650f3957a6da68ca,f5f97f19-d4fede29e258335b,0.04610951008645533,0.0547945205479452
6018974f-796cead4caace323,f4d6d28d-4171a85a7cd99755,0.04201680672268908,0.07352941176470588
6018974f-796cead4caace323,4eac0eea-433fe35c66f0896a,0.04201680672268908,0.07352941176470588
ae4d5b49-62ede50d39b5202a,b434c275-276b6ce441c4669e,0.03908794788273615,0.27692307692307694
ae4d5b49-62ede50d39b5202a,9399204d-6515f9b4b4661ed8,0.03908794788273615,0.27692307692307694
ae4d5b49-62ede50d39b5202a,fdc4f384-81c2afc418e72aef,0.03908794788273615,0.27692307692307694
6018974f-796cead4caace323,b8b08542-ed329a5d344748ed,0.038461538461538464,0.07352941176470588
6018974f-796cead4caace323,d783d815-fcfd47fa9b8bb15b,0.038461538461538464,0.07352941176470588
6018974f-796cead4caace323,d783d815-9c6f6853f561f0ed,0.038461538461538464,0.07352941176470588
45e41c6d-14603621c555c558,ef1d196b-c6903a1f95200b39,0.031413612565445025,0.08823529411764706
f7a0ea6d-b8e74e9785d59e88,ef1d196b-c6903a1f95200b39,0.026385224274406333,0.07692307692307693
175201f9-29a63f3073d1212f,f5f97f19-d4fede29e258335b,0.025974025974025976,0.02717391304347826
