submissionName1,submissionName2,averageSimilarity,maxSimilarity
29cf2e70-9f6a54c37d2741be,72d9eb5b-13bd02a73b41c435,1.0,1.0
584b0e9e-7c4bdb84906c90fa,584b0e9e-fc73f2aebb1d36c9,1.0,1.0
464a03b8-26a48846fbd7e7b6,f0ede32a-26a48846fbd7e7b6,1.0,1.0
9862c742-e7dcaae0f81fdccd,d3a96420-f6e773a7b2e104ee,0.875,0.875
fae0662f-03327ed7ca4a3cc8,fb312dc6-3cd2d2ac26cc55b7,0.8533333333333334,0.8533333333333334
29cf2e70-9f6a54c37d2741be,b2001d68-33c507515cdbe0d1,0.8187919463087249,0.8591549295774648
72d9eb5b-13bd02a73b41c435,b2001d68-33c507515cdbe0d1,0.8187919463087249,0.8591549295774648
4552d8a0-85de442bd1a2aa59,d9199dfd-f9479396f37b87d9,0.8148148148148148,0.8354430379746836
f0ede32a-26a48846fbd7e7b6,d9199dfd-f9479396f37b87d9,0.8104575163398693,0.8857142857142857
464a03b8-26a48846fbd7e7b6,d9199dfd-f9479396f37b87d9,0.8104575163398693,0.8857142857142857
9862c742-e7dcaae0f81fdccd,d9199dfd-f9479396f37b87d9,0.7870967741935484,0.8472222222222222
f0ede32a-26a48846fbd7e7b6,9862c742-e7dcaae0f81fdccd,0.7746478873239436,0.7857142857142857
464a03b8-26a48846fbd7e7b6,9862c742-e7dcaae0f81fdccd,0.7746478873239436,0.7857142857142857
6de04ee2-dfa5e46addb0c6bd,f0ede32a-26a48846fbd7e7b6,0.7692307692307693,0.8333333333333334
6de04ee2-dfa5e46addb0c6bd,464a03b8-26a48846fbd7e7b6,0.7692307692307693,0.8333333333333334
b790ef12-50a6dbb7806a3c2c,6f02c6d9-ec6e1e406ee21f67,0.7692307692307693,0.7792207792207793
07749c65-698b652f25329d49,fae0662f-03327ed7ca4a3cc8,0.7651006711409396,0.7702702702702703
b790ef12-50a6dbb7806a3c2c,d9199dfd-f9479396f37b87d9,0.75,0.7792207792207793
b790ef12-50a6dbb7806a3c2c,ff10b574-18ffe08f8ee0d8d2,0.7485380116959064,0.8311688311688312
9862c742-e7dcaae0f81fdccd,fae0662f-03327ed7ca4a3cc8,0.7482993197278912,0.7638888888888888
f0ede32a-26a48846fbd7e7b6,b790ef12-50a6dbb7806a3c2c,0.7482993197278912,0.7857142857142857
464a03b8-26a48846fbd7e7b6,b790ef12-50a6dbb7806a3c2c,0.7482993197278912,0.7857142857142857
fae0662f-03327ed7ca4a3cc8,722e318f-826ca322df2b820c,0.7450980392156863,0.76
ff1fc018-e1a03ddb11200bdb,69b8ffb2-3773641ba048a0f3,0.7441860465116279,0.8311688311688312
9862c742-e7dcaae0f81fdccd,4552d8a0-85de442bd1a2aa59,0.7417218543046358,0.7777777777777778
d9199dfd-f9479396f37b87d9,ff10b574-18ffe08f8ee0d8d2,0.7344632768361582,0.7831325301204819
4552d8a0-85de442bd1a2aa59,6f02c6d9-ec6e1e406ee21f67,0.7341772151898734,0.7341772151898734
f0ede32a-26a48846fbd7e7b6,0df4050e-86d83d567ac26e25,0.7310344827586207,0.7571428571428571
464a03b8-26a48846fbd7e7b6,0df4050e-86d83d567ac26e25,0.7310344827586207,0.7571428571428571
07749c65-698b652f25329d49,b790ef12-50a6dbb7806a3c2c,0.7284768211920529,0.7432432432432432
29cf2e70-9f6a54c37d2741be,ba468e1f-2c1751bc06f09577,0.7123287671232876,0.7323943661971831
72d9eb5b-13bd02a73b41c435,ba468e1f-2c1751bc06f09577,0.7123287671232876,0.7323943661971831
f0ede32a-26a48846fbd7e7b6,4552d8a0-85de442bd1a2aa59,0.7114093959731543,0.7571428571428571
464a03b8-26a48846fbd7e7b6,4552d8a0-85de442bd1a2aa59,0.7114093959731543,0.7571428571428571
fae0662f-03327ed7ca4a3cc8,b790ef12-50a6dbb7806a3c2c,0.7105263157894737,0.72
9862c742-e7dcaae0f81fdccd,c2242c42-3a355d09ff3aa9be,0.7066666666666667,0.7361111111111112
4552d8a0-85de442bd1a2aa59,ff10b574-18ffe08f8ee0d8d2,0.7052023121387283,0.7721518987341772
6f02c6d9-ec6e1e406ee21f67,ff10b574-18ffe08f8ee0d8d2,0.7052023121387283,0.7721518987341772
9862c742-e7dcaae0f81fdccd,6f02c6d9-ec6e1e406ee21f67,0.7019867549668874,0.7361111111111112
d3a96420-f6e773a7b2e104ee,07749c65-698b652f25329d49,0.6986301369863014,0.7083333333333334
0df4050e-86d83d567ac26e25,b790ef12-50a6dbb7806a3c2c,0.6973684210526315,0.7066666666666667
f0ede32a-26a48846fbd7e7b6,ff10b574-18ffe08f8ee0d8d2,0.6951219512195121,0.8142857142857143
464a03b8-26a48846fbd7e7b6,ff10b574-18ffe08f8ee0d8d2,0.6951219512195121,0.8142857142857143
f0ede32a-26a48846fbd7e7b6,07749c65-698b652f25329d49,0.6944444444444444,0.7142857142857143
464a03b8-26a48846fbd7e7b6,07749c65-698b652f25329d49,0.6944444444444444,0.7142857142857143
07749c65-698b652f25329d49,ff1fc018-e1a03ddb11200bdb,0.6887417218543046,0.7027027027027027
c2242c42-3a355d09ff3aa9be,6f02c6d9-ec6e1e406ee21f67,0.6878980891719745,0.6923076923076923
9862c742-e7dcaae0f81fdccd,07749c65-698b652f25329d49,0.684931506849315,0.6944444444444444
9862c742-e7dcaae0f81fdccd,b790ef12-50a6dbb7806a3c2c,0.6845637583892618,0.7083333333333334
9862c742-e7dcaae0f81fdccd,ff1fc018-e1a03ddb11200bdb,0.6845637583892618,0.7083333333333334
169e34bf-16fd21614ea7c4e5,3a12e509-614e0c1349c87d4b,0.6842105263157895,0.7222222222222222
fae0662f-03327ed7ca4a3cc8,d9199dfd-f9479396f37b87d9,0.6835443037974683,0.72
6de04ee2-dfa5e46addb0c6bd,9862c742-e7dcaae0f81fdccd,0.6818181818181818,0.75
6de04ee2-dfa5e46addb0c6bd,c2242c42-3a355d09ff3aa9be,0.6811594202898551,0.7833333333333333
9862c742-e7dcaae0f81fdccd,fb312dc6-3cd2d2ac26cc55b7,0.6802721088435374,0.6944444444444444
07749c65-698b652f25329d49,ff10b574-18ffe08f8ee0d8d2,0.6785714285714286,0.7702702702702703
d3a96420-f6e773a7b2e104ee,6f02c6d9-ec6e1e406ee21f67,0.6754966887417219,0.7083333333333334
9862c742-e7dcaae0f81fdccd,ff10b574-18ffe08f8ee0d8d2,0.6746987951807228,0.7777777777777778
29cf2e70-9f6a54c37d2741be,9862c742-e7dcaae0f81fdccd,0.6713286713286714,0.676056338028169
72d9eb5b-13bd02a73b41c435,9862c742-e7dcaae0f81fdccd,0.6713286713286714,0.676056338028169
0df4050e-86d83d567ac26e25,d9199dfd-f9479396f37b87d9,0.6708860759493671,0.7066666666666667
9862c742-e7dcaae0f81fdccd,ec4c7e8e-c2572cc8c5e4bf58,0.6708860759493671,0.7361111111111112
d3a96420-f6e773a7b2e104ee,0e68e463-53244cb5e0c58144,0.6708860759493671,0.7361111111111112
9862c742-e7dcaae0f81fdccd,69b8ffb2-3773641ba048a0f3,0.6706586826347305,0.7777777777777778
d3a96420-f6e773a7b2e104ee,fae0662f-03327ed7ca4a3cc8,0.6666666666666666,0.6805555555555556
b790ef12-50a6dbb7806a3c2c,4552d8a0-85de442bd1a2aa59,0.6666666666666666,0.6753246753246753
ff10b574-18ffe08f8ee0d8d2,2120328e-d7167d92b418af4f,0.6666666666666666,0.6702127659574468
07749c65-698b652f25329d49,ff34fab2-dddfdab3a5ee6d25,0.6666666666666666,0.7297297297297297
c2242c42-3a355d09ff3aa9be,ff10b574-18ffe08f8ee0d8d2,0.6627906976744186,0.7307692307692307
b790ef12-50a6dbb7806a3c2c,ff1fc018-e1a03ddb11200bdb,0.6623376623376623,0.6623376623376623
f0ede32a-26a48846fbd7e7b6,c2242c42-3a355d09ff3aa9be,0.6621621621621622,0.7
464a03b8-26a48846fbd7e7b6,c2242c42-3a355d09ff3aa9be,0.6621621621621622,0.7
29cf2e70-9f6a54c37d2741be,07749c65-698b652f25329d49,0.6620689655172414,0.676056338028169
72d9eb5b-13bd02a73b41c435,07749c65-698b652f25329d49,0.6620689655172414,0.676056338028169
f0ede32a-26a48846fbd7e7b6,169e34bf-16fd21614ea7c4e5,0.6619718309859155,0.6714285714285714
464a03b8-26a48846fbd7e7b6,169e34bf-16fd21614ea7c4e5,0.6619718309859155,0.6714285714285714
884f5678-0317c76cfde402ad,2120328e-d7167d92b418af4f,0.6588235294117647,0.7466666666666667
6f02c6d9-ec6e1e406ee21f67,cf27732e-fdfeca766216006c,0.6586826347305389,0.6962025316455697
fb312dc6-3cd2d2ac26cc55b7,d9199dfd-f9479396f37b87d9,0.6582278481012658,0.6933333333333334
fae0662f-03327ed7ca4a3cc8,ff1fc018-e1a03ddb11200bdb,0.6578947368421053,0.6666666666666666
6de04ee2-dfa5e46addb0c6bd,07749c65-698b652f25329d49,0.6567164179104478,0.7333333333333333
6f02c6d9-ec6e1e406ee21f67,d9199dfd-f9479396f37b87d9,0.654320987654321,0.6708860759493671
ff1fc018-e1a03ddb11200bdb,4552d8a0-85de442bd1a2aa59,0.6538461538461539,0.6623376623376623
d3a96420-f6e773a7b2e104ee,fb312dc6-3cd2d2ac26cc55b7,0.6530612244897959,0.6666666666666666
f0ede32a-26a48846fbd7e7b6,ff1fc018-e1a03ddb11200bdb,0.6530612244897959,0.6857142857142857
464a03b8-26a48846fbd7e7b6,ff1fc018-e1a03ddb11200bdb,0.6530612244897959,0.6857142857142857
07749c65-698b652f25329d49,0e68e463-53244cb5e0c58144,0.65,0.7027027027027027
b2001d68-33c507515cdbe0d1,6f02c6d9-ec6e1e406ee21f67,0.6496815286624203,0.6538461538461539
fae0662f-03327ed7ca4a3cc8,6f02c6d9-ec6e1e406ee21f67,0.6493506493506493,0.6666666666666666
f0ede32a-26a48846fbd7e7b6,d3a96420-f6e773a7b2e104ee,0.647887323943662,0.6571428571428571
464a03b8-26a48846fbd7e7b6,d3a96420-f6e773a7b2e104ee,0.647887323943662,0.6571428571428571
9862c742-e7dcaae0f81fdccd,392218ef-2f727b9ea7435e83,0.6470588235294118,0.7638888888888888
f0ede32a-26a48846fbd7e7b6,ff34fab2-dddfdab3a5ee6d25,0.6455696202531646,0.7285714285714285
464a03b8-26a48846fbd7e7b6,ff34fab2-dddfdab3a5ee6d25,0.6455696202531646,0.7285714285714285
fb312dc6-3cd2d2ac26cc55b7,b790ef12-50a6dbb7806a3c2c,0.6447368421052632,0.6533333333333333
d3a96420-f6e773a7b2e104ee,ff1fc018-e1a03ddb11200bdb,0.6442953020134228,0.6666666666666666
f0ede32a-26a48846fbd7e7b6,6f02c6d9-ec6e1e406ee21f67,0.6442953020134228,0.6857142857142857
464a03b8-26a48846fbd7e7b6,6f02c6d9-ec6e1e406ee21f67,0.6442953020134228,0.6857142857142857
0e68e463-53244cb5e0c58144,ff34fab2-dddfdab3a5ee6d25,0.6436781609195402,0.6511627906976745
d9199dfd-f9479396f37b87d9,584b0e9e-7c4bdb84906c90fa,0.64,0.6746987951807228
d9199dfd-f9479396f37b87d9,584b0e9e-fc73f2aebb1d36c9,0.64,0.6746987951807228
ff1fc018-e1a03ddb11200bdb,0e68e463-53244cb5e0c58144,0.6380368098159509,0.6753246753246753
884f5678-0317c76cfde402ad,2f4509a0-70d5651519f2bff2,0.6369426751592356,0.6666666666666666
29cf2e70-9f6a54c37d2741be,d9199dfd-f9479396f37b87d9,0.6363636363636364,0.6901408450704225
72d9eb5b-13bd02a73b41c435,d9199dfd-f9479396f37b87d9,0.6363636363636364,0.6901408450704225
fae0662f-03327ed7ca4a3cc8,69b8ffb2-3773641ba048a0f3,0.6352941176470588,0.72
722e318f-826ca322df2b820c,3a12e509-614e0c1349c87d4b,0.6329113924050633,0.6410256410256411
d3a96420-f6e773a7b2e104ee,ec4c7e8e-c2572cc8c5e4bf58,0.6329113924050633,0.6944444444444444
69b8ffb2-3773641ba048a0f3,392218ef-2f727b9ea7435e83,0.6321243523316062,0.6421052631578947
f0ede32a-26a48846fbd7e7b6,2120328e-d7167d92b418af4f,0.6303030303030303,0.7428571428571429
464a03b8-26a48846fbd7e7b6,2120328e-d7167d92b418af4f,0.6303030303030303,0.7428571428571429
ff1fc018-e1a03ddb11200bdb,ff34fab2-dddfdab3a5ee6d25,0.6303030303030303,0.6753246753246753
b790ef12-50a6dbb7806a3c2c,392218ef-2f727b9ea7435e83,0.6285714285714286,0.7142857142857143
29cf2e70-9f6a54c37d2741be,e812ee0b-35024b82a12a46a7,0.6282051282051282,0.6901408450704225
72d9eb5b-13bd02a73b41c435,e812ee0b-35024b82a12a46a7,0.6282051282051282,0.6901408450704225
29cf2e70-9f6a54c37d2741be,2f4509a0-70d5651519f2bff2,0.6274509803921569,0.676056338028169
72d9eb5b-13bd02a73b41c435,2f4509a0-70d5651519f2bff2,0.6274509803921569,0.676056338028169
fb312dc6-3cd2d2ac26cc55b7,ff10b574-18ffe08f8ee0d8d2,0.6272189349112426,0.7066666666666667
07749c65-698b652f25329d49,69b8ffb2-3773641ba048a0f3,0.6272189349112426,0.7162162162162162
fae0662f-03327ed7ca4a3cc8,ff34fab2-dddfdab3a5ee6d25,0.6257668711656442,0.68
d3a96420-f6e773a7b2e104ee,cf27732e-fdfeca766216006c,0.625,0.6944444444444444
9862c742-e7dcaae0f81fdccd,ff34fab2-dddfdab3a5ee6d25,0.625,0.6944444444444444
07749c65-698b652f25329d49,d9199dfd-f9479396f37b87d9,0.6242038216560509,0.6621621621621622
0df4050e-86d83d567ac26e25,2120328e-d7167d92b418af4f,0.6235294117647059,0.7066666666666667
d3a96420-f6e773a7b2e104ee,4552d8a0-85de442bd1a2aa59,0.6225165562913907,0.6527777777777778
c2242c42-3a355d09ff3aa9be,d9199dfd-f9479396f37b87d9,0.6211180124223602,0.6410256410256411
b2001d68-33c507515cdbe0d1,d9199dfd-f9479396f37b87d9,0.6211180124223602,0.6410256410256411
6f02c6d9-ec6e1e406ee21f67,2120328e-d7167d92b418af4f,0.6206896551724138,0.6835443037974683
d9199dfd-f9479396f37b87d9,ff34fab2-dddfdab3a5ee6d25,0.6198830409356725,0.6385542168674698
b790ef12-50a6dbb7806a3c2c,c2242c42-3a355d09ff3aa9be,0.6193548387096774,0.6233766233766234
ff1fc018-e1a03ddb11200bdb,c2242c42-3a355d09ff3aa9be,0.6193548387096774,0.6233766233766234
fae0662f-03327ed7ca4a3cc8,ff10b574-18ffe08f8ee0d8d2,0.6153846153846154,0.6933333333333334
29cf2e70-9f6a54c37d2741be,d3a96420-f6e773a7b2e104ee,0.6153846153846154,0.6197183098591549
0df4050e-86d83d567ac26e25,ff10b574-18ffe08f8ee0d8d2,0.6153846153846154,0.6933333333333334
72d9eb5b-13bd02a73b41c435,d3a96420-f6e773a7b2e104ee,0.6153846153846154,0.6197183098591549
fb312dc6-3cd2d2ac26cc55b7,722e318f-826ca322df2b820c,0.6143790849673203,0.6266666666666667
c2242c42-3a355d09ff3aa9be,2120328e-d7167d92b418af4f,0.6127167630057804,0.6794871794871795
169e34bf-16fd21614ea7c4e5,9862c742-e7dcaae0f81fdccd,0.6111111111111112,0.6111111111111112
0df4050e-86d83d567ac26e25,4552d8a0-85de442bd1a2aa59,0.6103896103896104,0.6266666666666667
ff1fc018-e1a03ddb11200bdb,ff10b574-18ffe08f8ee0d8d2,0.6081871345029239,0.6753246753246753
f0ede32a-26a48846fbd7e7b6,fae0662f-03327ed7ca4a3cc8,0.6068965517241379,0.6285714285714286
464a03b8-26a48846fbd7e7b6,fae0662f-03327ed7ca4a3cc8,0.6068965517241379,0.6285714285714286
07749c65-698b652f25329d49,c2242c42-3a355d09ff3aa9be,0.6052631578947368,0.6216216216216216
29cf2e70-9f6a54c37d2741be,c9159d9c-45fb548826a31e8d,0.6049382716049383,0.6901408450704225
72d9eb5b-13bd02a73b41c435,c9159d9c-45fb548826a31e8d,0.6049382716049383,0.6901408450704225
b790ef12-50a6dbb7806a3c2c,69b8ffb2-3773641ba048a0f3,0.6046511627906976,0.6753246753246753
ff10b574-18ffe08f8ee0d8d2,392218ef-2f727b9ea7435e83,0.6041666666666666,0.6170212765957447
169e34bf-16fd21614ea7c4e5,00f79486-1b7ed9a4faa83b3e,0.6035502958579881,0.7083333333333334
6de04ee2-dfa5e46addb0c6bd,d9199dfd-f9479396f37b87d9,0.6013986013986014,0.7166666666666667
d3a96420-f6e773a7b2e104ee,b2001d68-33c507515cdbe0d1,0.6,0.625
9862c742-e7dcaae0f81fdccd,0df4050e-86d83d567ac26e25,0.5986394557823129,0.6111111111111112
fae0662f-03327ed7ca4a3cc8,4552d8a0-85de442bd1a2aa59,0.5974025974025974,0.6133333333333333
07749c65-698b652f25329d49,3a12e509-614e0c1349c87d4b,0.5974025974025974,0.6216216216216216
d9199dfd-f9479396f37b87d9,392218ef-2f727b9ea7435e83,0.5966850828729282,0.6506024096385542
9862c742-e7dcaae0f81fdccd,0e68e463-53244cb5e0c58144,0.5949367088607594,0.6527777777777778
29cf2e70-9f6a54c37d2741be,ff1fc018-e1a03ddb11200bdb,0.5945945945945946,0.6197183098591549
72d9eb5b-13bd02a73b41c435,ff1fc018-e1a03ddb11200bdb,0.5945945945945946,0.6197183098591549
29cf2e70-9f6a54c37d2741be,ff10b574-18ffe08f8ee0d8d2,0.593939393939394,0.6901408450704225
72d9eb5b-13bd02a73b41c435,ff10b574-18ffe08f8ee0d8d2,0.593939393939394,0.6901408450704225
b790ef12-50a6dbb7806a3c2c,ff34fab2-dddfdab3a5ee6d25,0.593939393939394,0.6363636363636364
f0ede32a-26a48846fbd7e7b6,69b8ffb2-3773641ba048a0f3,0.593939393939394,0.7
464a03b8-26a48846fbd7e7b6,69b8ffb2-3773641ba048a0f3,0.593939393939394,0.7
ba468e1f-2c1751bc06f09577,609af028-5a383e9eb4f3471c,0.5935483870967742,0.6133333333333333
f0ede32a-26a48846fbd7e7b6,fb312dc6-3cd2d2ac26cc55b7,0.593103448275862,0.6142857142857143
464a03b8-26a48846fbd7e7b6,fb312dc6-3cd2d2ac26cc55b7,0.593103448275862,0.6142857142857143
b790ef12-50a6dbb7806a3c2c,2120328e-d7167d92b418af4f,0.5930232558139535,0.6623376623376623
2f4509a0-70d5651519f2bff2,ff10b574-18ffe08f8ee0d8d2,0.5909090909090909,0.6341463414634146
29cf2e70-9f6a54c37d2741be,584b0e9e-7c4bdb84906c90fa,0.588957055214724,0.676056338028169
29cf2e70-9f6a54c37d2741be,584b0e9e-fc73f2aebb1d36c9,0.588957055214724,0.676056338028169
72d9eb5b-13bd02a73b41c435,584b0e9e-7c4bdb84906c90fa,0.588957055214724,0.676056338028169
72d9eb5b-13bd02a73b41c435,584b0e9e-fc73f2aebb1d36c9,0.588957055214724,0.676056338028169
ba468e1f-2c1751bc06f09577,b2001d68-33c507515cdbe0d1,0.5882352941176471,0.6
ff1fc018-e1a03ddb11200bdb,d9199dfd-f9479396f37b87d9,0.5875,0.6103896103896104
29cf2e70-9f6a54c37d2741be,4552d8a0-85de442bd1a2aa59,0.5866666666666667,0.6197183098591549
72d9eb5b-13bd02a73b41c435,4552d8a0-85de442bd1a2aa59,0.5866666666666667,0.6197183098591549
4552d8a0-85de442bd1a2aa59,2120328e-d7167d92b418af4f,0.5862068965517241,0.6455696202531646
b790ef12-50a6dbb7806a3c2c,3a12e509-614e0c1349c87d4b,0.5859872611464968,0.5974025974025974
b790ef12-50a6dbb7806a3c2c,609af028-5a383e9eb4f3471c,0.5859872611464968,0.5974025974025974
b2001d68-33c507515cdbe0d1,0e68e463-53244cb5e0c58144,0.5853658536585366,0.6153846153846154
6de04ee2-dfa5e46addb0c6bd,ff34fab2-dddfdab3a5ee6d25,0.581081081081081,0.7166666666666667
fae0662f-03327ed7ca4a3cc8,3a12e509-614e0c1349c87d4b,0.5806451612903226,0.6
d3a96420-f6e773a7b2e104ee,d9199dfd-f9479396f37b87d9,0.5806451612903226,0.625
f0ede32a-26a48846fbd7e7b6,584b0e9e-7c4bdb84906c90fa,0.5802469135802469,0.6714285714285714
464a03b8-26a48846fbd7e7b6,584b0e9e-7c4bdb84906c90fa,0.5802469135802469,0.6714285714285714
f0ede32a-26a48846fbd7e7b6,584b0e9e-fc73f2aebb1d36c9,0.5802469135802469,0.6714285714285714
464a03b8-26a48846fbd7e7b6,584b0e9e-fc73f2aebb1d36c9,0.5802469135802469,0.6714285714285714
ba468e1f-2c1751bc06f09577,b790ef12-50a6dbb7806a3c2c,0.5789473684210527,0.5866666666666667
c2242c42-3a355d09ff3aa9be,ff34fab2-dddfdab3a5ee6d25,0.5783132530120482,0.6153846153846154
29cf2e70-9f6a54c37d2741be,c2242c42-3a355d09ff3aa9be,0.5771812080536913,0.6056338028169014
72d9eb5b-13bd02a73b41c435,c2242c42-3a355d09ff3aa9be,0.5771812080536913,0.6056338028169014
d3a96420-f6e773a7b2e104ee,b790ef12-50a6dbb7806a3c2c,0.5771812080536913,0.5972222222222222
b2001d68-33c507515cdbe0d1,e812ee0b-35024b82a12a46a7,0.5766871165644172,0.6025641025641025
6de04ee2-dfa5e46addb0c6bd,d3a96420-f6e773a7b2e104ee,0.5757575757575758,0.6333333333333333
fae0662f-03327ed7ca4a3cc8,b2001d68-33c507515cdbe0d1,0.5751633986928104,0.5866666666666667
9862c742-e7dcaae0f81fdccd,2120328e-d7167d92b418af4f,0.5748502994011976,0.6666666666666666
2f4509a0-70d5651519f2bff2,584b0e9e-7c4bdb84906c90fa,0.5747126436781609,0.6097560975609756
2f4509a0-70d5651519f2bff2,584b0e9e-fc73f2aebb1d36c9,0.5747126436781609,0.6097560975609756
29cf2e70-9f6a54c37d2741be,6f02c6d9-ec6e1e406ee21f67,0.5733333333333334,0.6056338028169014
169e34bf-16fd21614ea7c4e5,722e318f-826ca322df2b820c,0.5733333333333334,0.5972222222222222
72d9eb5b-13bd02a73b41c435,6f02c6d9-ec6e1e406ee21f67,0.5733333333333334,0.6056338028169014
29cf2e70-9f6a54c37d2741be,0e68e463-53244cb5e0c58144,0.5732484076433121,0.6338028169014085
72d9eb5b-13bd02a73b41c435,0e68e463-53244cb5e0c58144,0.5732484076433121,0.6338028169014085
d9199dfd-f9479396f37b87d9,69b8ffb2-3773641ba048a0f3,0.5730337078651685,0.6144578313253012
3a12e509-614e0c1349c87d4b,2120328e-d7167d92b418af4f,0.5714285714285714,0.625
f0ede32a-26a48846fbd7e7b6,392218ef-2f727b9ea7435e83,0.5714285714285714,0.6857142857142857
464a03b8-26a48846fbd7e7b6,392218ef-2f727b9ea7435e83,0.5714285714285714,0.6857142857142857
b2001d68-33c507515cdbe0d1,ff10b574-18ffe08f8ee0d8d2,0.5697674418604651,0.6282051282051282
6f02c6d9-ec6e1e406ee21f67,0e68e463-53244cb5e0c58144,0.5696969696969697,0.5949367088607594
2f4509a0-70d5651519f2bff2,d9199dfd-f9479396f37b87d9,0.5696969696969697,0.573170731707317
6de04ee2-dfa5e46addb0c6bd,ff1fc018-e1a03ddb11200bdb,0.5693430656934306,0.65
cf27732e-fdfeca766216006c,2120328e-d7167d92b418af4f,0.5683060109289617,0.5909090909090909
c2242c42-3a355d09ff3aa9be,392218ef-2f727b9ea7435e83,0.5681818181818182,0.6410256410256411
169e34bf-16fd21614ea7c4e5,d9199dfd-f9479396f37b87d9,0.567741935483871,0.6111111111111112
29cf2e70-9f6a54c37d2741be,b790ef12-50a6dbb7806a3c2c,0.5675675675675675,0.5915492957746479
72d9eb5b-13bd02a73b41c435,b790ef12-50a6dbb7806a3c2c,0.5675675675675675,0.5915492957746479
fae0662f-03327ed7ca4a3cc8,392218ef-2f727b9ea7435e83,0.5664739884393064,0.6533333333333333
d3a96420-f6e773a7b2e104ee,ff10b574-18ffe08f8ee0d8d2,0.5662650602409639,0.6527777777777778
b790ef12-50a6dbb7806a3c2c,2f4509a0-70d5651519f2bff2,0.5660377358490566,0.5844155844155844
9862c742-e7dcaae0f81fdccd,609af028-5a383e9eb4f3471c,0.5657894736842105,0.5972222222222222
b790ef12-50a6dbb7806a3c2c,0e68e463-53244cb5e0c58144,0.5644171779141104,0.5974025974025974
9862c742-e7dcaae0f81fdccd,cf27732e-fdfeca766216006c,0.5625,0.625
ba468e1f-2c1751bc06f09577,c2242c42-3a355d09ff3aa9be,0.5620915032679739,0.5733333333333334
169e34bf-16fd21614ea7c4e5,07749c65-698b652f25329d49,0.5616438356164384,0.5694444444444444
6de04ee2-dfa5e46addb0c6bd,2bbf754b-127d3dc4f1db4fbd,0.5606060606060606,0.6166666666666667
29cf2e70-9f6a54c37d2741be,ec4c7e8e-c2572cc8c5e4bf58,0.5605095541401274,0.6197183098591549
72d9eb5b-13bd02a73b41c435,ec4c7e8e-c2572cc8c5e4bf58,0.5605095541401274,0.6197183098591549
ff1fc018-e1a03ddb11200bdb,609af028-5a383e9eb4f3471c,0.5605095541401274,0.5714285714285714
0df4050e-86d83d567ac26e25,fb312dc6-3cd2d2ac26cc55b7,0.56,0.56
f0ede32a-26a48846fbd7e7b6,3a12e509-614e0c1349c87d4b,0.56,0.6
464a03b8-26a48846fbd7e7b6,3a12e509-614e0c1349c87d4b,0.56,0.6
9862c742-e7dcaae0f81fdccd,b2001d68-33c507515cdbe0d1,0.56,0.5833333333333334
fae0662f-03327ed7ca4a3cc8,0e68e463-53244cb5e0c58144,0.5590062111801242,0.6
b790ef12-50a6dbb7806a3c2c,584b0e9e-7c4bdb84906c90fa,0.5562130177514792,0.6103896103896104
b790ef12-50a6dbb7806a3c2c,584b0e9e-fc73f2aebb1d36c9,0.5562130177514792,0.6103896103896104
ff34fab2-dddfdab3a5ee6d25,584b0e9e-7c4bdb84906c90fa,0.5555555555555556,0.5681818181818182
ff34fab2-dddfdab3a5ee6d25,584b0e9e-fc73f2aebb1d36c9,0.5555555555555556,0.5681818181818182
fae0662f-03327ed7ca4a3cc8,609af028-5a383e9eb4f3471c,0.5548387096774193,0.5733333333333334
6de04ee2-dfa5e46addb0c6bd,2120328e-d7167d92b418af4f,0.5548387096774193,0.7166666666666667
722e318f-826ca322df2b820c,ff34fab2-dddfdab3a5ee6d25,0.5542168674698795,0.5897435897435898
2f4509a0-70d5651519f2bff2,2120328e-d7167d92b418af4f,0.5536723163841808,0.5975609756097561
07749c65-698b652f25329d49,722e318f-826ca322df2b820c,0.5526315789473685,0.5675675675675675
9862c742-e7dcaae0f81fdccd,3a12e509-614e0c1349c87d4b,0.5526315789473685,0.5833333333333334
4552d8a0-85de442bd1a2aa59,ff34fab2-dddfdab3a5ee6d25,0.5508982035928144,0.5822784810126582
d3a96420-f6e773a7b2e104ee,69b8ffb2-3773641ba048a0f3,0.5508982035928144,0.6388888888888888
6f02c6d9-ec6e1e406ee21f67,ff34fab2-dddfdab3a5ee6d25,0.5508982035928144,0.5822784810126582
07749c65-698b652f25329d49,ba468e1f-2c1751bc06f09577,0.5503355704697986,0.5540540540540541
ff10b574-18ffe08f8ee0d8d2,69b8ffb2-3773641ba048a0f3,0.5502645502645502,0.5531914893617021
d3a96420-f6e773a7b2e104ee,ff34fab2-dddfdab3a5ee6d25,0.55,0.6111111111111112
b2001d68-33c507515cdbe0d1,2f4509a0-70d5651519f2bff2,0.55,0.5641025641025641
4552d8a0-85de442bd1a2aa59,584b0e9e-7c4bdb84906c90fa,0.5497076023391813,0.5949367088607594
4552d8a0-85de442bd1a2aa59,584b0e9e-fc73f2aebb1d36c9,0.5497076023391813,0.5949367088607594
e812ee0b-35024b82a12a46a7,0e68e463-53244cb5e0c58144,0.5497076023391813,0.5529411764705883
ff34fab2-dddfdab3a5ee6d25,ff10b574-18ffe08f8ee0d8d2,0.5494505494505495,0.5681818181818182
07749c65-698b652f25329d49,4552d8a0-85de442bd1a2aa59,0.5490196078431373,0.5675675675675675
07749c65-698b652f25329d49,6f02c6d9-ec6e1e406ee21f67,0.5490196078431373,0.5675675675675675
ff1fc018-e1a03ddb11200bdb,392218ef-2f727b9ea7435e83,0.5485714285714286,0.6233766233766234
3a12e509-614e0c1349c87d4b,ff34fab2-dddfdab3a5ee6d25,0.5476190476190477,0.575
4552d8a0-85de442bd1a2aa59,0e68e463-53244cb5e0c58144,0.5454545454545454,0.569620253164557
ba468e1f-2c1751bc06f09577,6f02c6d9-ec6e1e406ee21f67,0.5454545454545454,0.56
2120328e-d7167d92b418af4f,52cd85f2-33c6152660ca36ac,0.5448504983388704,0.8631578947368421
c2242c42-3a355d09ff3aa9be,3a12e509-614e0c1349c87d4b,0.5443037974683544,0.5512820512820513
d3a96420-f6e773a7b2e104ee,0df4050e-86d83d567ac26e25,0.54421768707483,0.5555555555555556
d3a96420-f6e773a7b2e104ee,ba468e1f-2c1751bc06f09577,0.54421768707483,0.5555555555555556
ba468e1f-2c1751bc06f09577,392218ef-2f727b9ea7435e83,0.5433526011560693,0.6266666666666667
c2242c42-3a355d09ff3aa9be,69b8ffb2-3773641ba048a0f3,0.5433526011560693,0.6025641025641025
ff1fc018-e1a03ddb11200bdb,e812ee0b-35024b82a12a46a7,0.5432098765432098,0.5714285714285714
609af028-5a383e9eb4f3471c,ec4c7e8e-c2572cc8c5e4bf58,0.5421686746987951,0.5625
b790ef12-50a6dbb7806a3c2c,b2001d68-33c507515cdbe0d1,0.5419354838709678,0.5454545454545454
d3a96420-f6e773a7b2e104ee,3a12e509-614e0c1349c87d4b,0.5394736842105263,0.5694444444444444
f0ede32a-26a48846fbd7e7b6,2f4509a0-70d5651519f2bff2,0.5394736842105263,0.5857142857142857
464a03b8-26a48846fbd7e7b6,2f4509a0-70d5651519f2bff2,0.5394736842105263,0.5857142857142857
d9199dfd-f9479396f37b87d9,2120328e-d7167d92b418af4f,0.5393258426966292,0.5783132530120482
f0ede32a-26a48846fbd7e7b6,29cf2e70-9f6a54c37d2741be,0.5390070921985816,0.5428571428571428
464a03b8-26a48846fbd7e7b6,29cf2e70-9f6a54c37d2741be,0.5390070921985816,0.5428571428571428
f0ede32a-26a48846fbd7e7b6,72d9eb5b-13bd02a73b41c435,0.5390070921985816,0.5428571428571428
464a03b8-26a48846fbd7e7b6,72d9eb5b-13bd02a73b41c435,0.5390070921985816,0.5428571428571428
ff1fc018-e1a03ddb11200bdb,6f02c6d9-ec6e1e406ee21f67,0.5384615384615384,0.5454545454545454
07749c65-698b652f25329d49,0df4050e-86d83d567ac26e25,0.5369127516778524,0.5405405405405406
169e34bf-16fd21614ea7c4e5,b790ef12-50a6dbb7806a3c2c,0.5369127516778524,0.5555555555555556
07749c65-698b652f25329d49,fb312dc6-3cd2d2ac26cc55b7,0.5369127516778524,0.5405405405405406
fae0662f-03327ed7ca4a3cc8,c2242c42-3a355d09ff3aa9be,0.5359477124183006,0.5466666666666666
fb312dc6-3cd2d2ac26cc55b7,c2242c42-3a355d09ff3aa9be,0.5359477124183006,0.5466666666666666
ff34fab2-dddfdab3a5ee6d25,69b8ffb2-3773641ba048a0f3,0.5355191256830601,0.5568181818181818
ff1fc018-e1a03ddb11200bdb,3a12e509-614e0c1349c87d4b,0.535031847133758,0.5454545454545454
c2242c42-3a355d09ff3aa9be,4552d8a0-85de442bd1a2aa59,0.535031847133758,0.5384615384615384
6de04ee2-dfa5e46addb0c6bd,29cf2e70-9f6a54c37d2741be,0.5343511450381679,0.5833333333333334
6de04ee2-dfa5e46addb0c6bd,72d9eb5b-13bd02a73b41c435,0.5343511450381679,0.5833333333333334
29cf2e70-9f6a54c37d2741be,fb312dc6-3cd2d2ac26cc55b7,0.5342465753424658,0.5492957746478874
72d9eb5b-13bd02a73b41c435,fb312dc6-3cd2d2ac26cc55b7,0.5342465753424658,0.5492957746478874
722e318f-826ca322df2b820c,d9199dfd-f9479396f37b87d9,0.5341614906832298,0.5512820512820513
6de04ee2-dfa5e46addb0c6bd,0df4050e-86d83d567ac26e25,0.5333333333333333,0.6
0e68e463-53244cb5e0c58144,ff10b574-18ffe08f8ee0d8d2,0.5333333333333333,0.5581395348837209
d3a96420-f6e773a7b2e104ee,c2242c42-3a355d09ff3aa9be,0.5333333333333333,0.5555555555555556
29cf2e70-9f6a54c37d2741be,392218ef-2f727b9ea7435e83,0.5325443786982249,0.6338028169014085
72d9eb5b-13bd02a73b41c435,392218ef-2f727b9ea7435e83,0.5325443786982249,0.6338028169014085
fb312dc6-3cd2d2ac26cc55b7,392218ef-2f727b9ea7435e83,0.5317919075144508,0.6133333333333333
6de04ee2-dfa5e46addb0c6bd,392218ef-2f727b9ea7435e83,0.5316455696202531,0.7
4552d8a0-85de442bd1a2aa59,392218ef-2f727b9ea7435e83,0.5310734463276836,0.5949367088607594
9862c742-e7dcaae0f81fdccd,ba468e1f-2c1751bc06f09577,0.5306122448979592,0.5416666666666666
0e68e463-53244cb5e0c58144,69b8ffb2-3773641ba048a0f3,0.5303867403314917,0.5581395348837209
29cf2e70-9f6a54c37d2741be,69b8ffb2-3773641ba048a0f3,0.5301204819277109,0.6197183098591549
72d9eb5b-13bd02a73b41c435,69b8ffb2-3773641ba048a0f3,0.5301204819277109,0.6197183098591549
29cf2e70-9f6a54c37d2741be,609af028-5a383e9eb4f3471c,0.5298013245033113,0.5633802816901409
72d9eb5b-13bd02a73b41c435,609af028-5a383e9eb4f3471c,0.5298013245033113,0.5633802816901409
2f4509a0-70d5651519f2bff2,cf27732e-fdfeca766216006c,0.5294117647058824,0.5487804878048781
47310b0e-fdff208832189888,ff10b574-18ffe08f8ee0d8d2,0.5294117647058824,0.5921052631578947
07749c65-698b652f25329d49,e812ee0b-35024b82a12a46a7,0.5283018867924528,0.5675675675675675
169e34bf-16fd21614ea7c4e5,d3a96420-f6e773a7b2e104ee,0.5277777777777778,0.5277777777777778
cf27732e-fdfeca766216006c,ff10b574-18ffe08f8ee0d8d2,0.5274725274725275,0.5454545454545454
d3a96420-f6e773a7b2e104ee,2120328e-d7167d92b418af4f,0.5269461077844312,0.6111111111111112
07749c65-698b652f25329d49,b2001d68-33c507515cdbe0d1,0.5263157894736842,0.5405405405405406
b2001d68-33c507515cdbe0d1,4552d8a0-85de442bd1a2aa59,0.5222929936305732,0.5256410256410257
4552d8a0-85de442bd1a2aa59,2f4509a0-70d5651519f2bff2,0.5217391304347826,0.5316455696202531
f0ede32a-26a48846fbd7e7b6,2bbf754b-127d3dc4f1db4fbd,0.5211267605633803,0.5285714285714286
464a03b8-26a48846fbd7e7b6,2bbf754b-127d3dc4f1db4fbd,0.5211267605633803,0.5285714285714286
722e318f-826ca322df2b820c,2120328e-d7167d92b418af4f,0.5202312138728323,0.5769230769230769
169e34bf-16fd21614ea7c4e5,c2242c42-3a355d09ff3aa9be,0.52,0.5416666666666666
884f5678-0317c76cfde402ad,fb312dc6-3cd2d2ac26cc55b7,0.52,0.52
0e68e463-53244cb5e0c58144,c9159d9c-45fb548826a31e8d,0.519774011299435,0.5348837209302325
3a12e509-614e0c1349c87d4b,00f79486-1b7ed9a4faa83b3e,0.519774011299435,0.575
07749c65-698b652f25329d49,609af028-5a383e9eb4f3471c,0.5194805194805194,0.5405405405405406
6de04ee2-dfa5e46addb0c6bd,ba468e1f-2c1751bc06f09577,0.5185185185185185,0.5833333333333334
d3a96420-f6e773a7b2e104ee,392218ef-2f727b9ea7435e83,0.5176470588235295,0.6111111111111112
47310b0e-fdff208832189888,392218ef-2f727b9ea7435e83,0.5172413793103449,0.5921052631578947
609af028-5a383e9eb4f3471c,392218ef-2f727b9ea7435e83,0.5168539325842697,0.575
6de04ee2-dfa5e46addb0c6bd,69b8ffb2-3773641ba048a0f3,0.5161290322580645,0.6666666666666666
ff1fc018-e1a03ddb11200bdb,b2001d68-33c507515cdbe0d1,0.5161290322580645,0.5194805194805194
9862c742-e7dcaae0f81fdccd,c9159d9c-45fb548826a31e8d,0.5153374233128835,0.5833333333333334
6de04ee2-dfa5e46addb0c6bd,169e34bf-16fd21614ea7c4e5,0.5151515151515151,0.5666666666666667
609af028-5a383e9eb4f3471c,c9159d9c-45fb548826a31e8d,0.5146198830409356,0.55
d3a96420-f6e773a7b2e104ee,609af028-5a383e9eb4f3471c,0.5131578947368421,0.5416666666666666
f0ede32a-26a48846fbd7e7b6,0e68e463-53244cb5e0c58144,0.5128205128205128,0.5714285714285714
464a03b8-26a48846fbd7e7b6,0e68e463-53244cb5e0c58144,0.5128205128205128,0.5714285714285714
609af028-5a383e9eb4f3471c,ff34fab2-dddfdab3a5ee6d25,0.5119047619047619,0.5375
d9199dfd-f9479396f37b87d9,0e68e463-53244cb5e0c58144,0.5088757396449705,0.5180722891566265
0df4050e-86d83d567ac26e25,6f02c6d9-ec6e1e406ee21f67,0.5064935064935064,0.52
fb312dc6-3cd2d2ac26cc55b7,4552d8a0-85de442bd1a2aa59,0.5064935064935064,0.52
6de04ee2-dfa5e46addb0c6bd,ff10b574-18ffe08f8ee0d8d2,0.5064935064935064,0.65
f0ede32a-26a48846fbd7e7b6,cf27732e-fdfeca766216006c,0.5063291139240507,0.5714285714285714
464a03b8-26a48846fbd7e7b6,cf27732e-fdfeca766216006c,0.5063291139240507,0.5714285714285714
169e34bf-16fd21614ea7c4e5,ff10b574-18ffe08f8ee0d8d2,0.5060240963855421,0.5833333333333334
609af028-5a383e9eb4f3471c,0e68e463-53244cb5e0c58144,0.5060240963855421,0.525
b2001d68-33c507515cdbe0d1,ff34fab2-dddfdab3a5ee6d25,0.5060240963855421,0.5384615384615384
fae0662f-03327ed7ca4a3cc8,2120328e-d7167d92b418af4f,0.5058823529411764,0.5733333333333334
6de04ee2-dfa5e46addb0c6bd,fb312dc6-3cd2d2ac26cc55b7,0.5037037037037037,0.5666666666666667
169e34bf-16fd21614ea7c4e5,4552d8a0-85de442bd1a2aa59,0.5033112582781457,0.5277777777777778
4552d8a0-85de442bd1a2aa59,3a12e509-614e0c1349c87d4b,0.5031446540880503,0.5063291139240507
6f02c6d9-ec6e1e406ee21f67,3a12e509-614e0c1349c87d4b,0.5031446540880503,0.5063291139240507
3a12e509-614e0c1349c87d4b,d9199dfd-f9479396f37b87d9,0.5030674846625767,0.5125
fae0662f-03327ed7ca4a3cc8,584b0e9e-7c4bdb84906c90fa,0.5029940119760479,0.56
fae0662f-03327ed7ca4a3cc8,584b0e9e-fc73f2aebb1d36c9,0.5029940119760479,0.56
392218ef-2f727b9ea7435e83,52cd85f2-33c6152660ca36ac,0.5,0.7755102040816326
cf27732e-fdfeca766216006c,ff34fab2-dddfdab3a5ee6d25,0.5,0.5
ba468e1f-2c1751bc06f09577,0e68e463-53244cb5e0c58144,0.4968944099378882,0.5333333333333333
6f02c6d9-ec6e1e406ee21f67,2f4509a0-70d5651519f2bff2,0.4968944099378882,0.5063291139240507
0df4050e-86d83d567ac26e25,2f4509a0-70d5651519f2bff2,0.4968152866242038,0.52
fb312dc6-3cd2d2ac26cc55b7,2f4509a0-70d5651519f2bff2,0.4968152866242038,0.52
fb312dc6-3cd2d2ac26cc55b7,b2001d68-33c507515cdbe0d1,0.49673202614379086,0.5066666666666667
4552d8a0-85de442bd1a2aa59,69b8ffb2-3773641ba048a0f3,0.4942528735632184,0.5443037974683544
07749c65-698b652f25329d49,cf27732e-fdfeca766216006c,0.49382716049382713,0.5405405405405406
ba468e1f-2c1751bc06f09577,d9199dfd-f9479396f37b87d9,0.4936708860759494,0.52
47310b0e-fdff208832189888,b2001d68-33c507515cdbe0d1,0.4935064935064935,0.5
fb312dc6-3cd2d2ac26cc55b7,6f02c6d9-ec6e1e406ee21f67,0.4935064935064935,0.5066666666666667
ba468e1f-2c1751bc06f09577,fb312dc6-3cd2d2ac26cc55b7,0.49333333333333335,0.49333333333333335
3a12e509-614e0c1349c87d4b,69b8ffb2-3773641ba048a0f3,0.49142857142857144,0.5375
0df4050e-86d83d567ac26e25,584b0e9e-7c4bdb84906c90fa,0.49101796407185627,0.5466666666666666
0df4050e-86d83d567ac26e25,584b0e9e-fc73f2aebb1d36c9,0.49101796407185627,0.5466666666666666
4552d8a0-85de442bd1a2aa59,cf27732e-fdfeca766216006c,0.49101796407185627,0.5189873417721519
169e34bf-16fd21614ea7c4e5,2120328e-d7167d92b418af4f,0.49101796407185627,0.5694444444444444
0df4050e-86d83d567ac26e25,ff34fab2-dddfdab3a5ee6d25,0.49079754601226994,0.5333333333333333
fb312dc6-3cd2d2ac26cc55b7,ff34fab2-dddfdab3a5ee6d25,0.49079754601226994,0.5333333333333333
47310b0e-fdff208832189888,d9199dfd-f9479396f37b87d9,0.49056603773584906,0.5131578947368421
47310b0e-fdff208832189888,6f02c6d9-ec6e1e406ee21f67,0.49032258064516127,0.5
fb312dc6-3cd2d2ac26cc55b7,47310b0e-fdff208832189888,0.4900662251655629,0.49333333333333335
6de04ee2-dfa5e46addb0c6bd,4552d8a0-85de442bd1a2aa59,0.4892086330935252,0.5666666666666667
169e34bf-16fd21614ea7c4e5,ff34fab2-dddfdab3a5ee6d25,0.4875,0.5416666666666666
b2001d68-33c507515cdbe0d1,c2242c42-3a355d09ff3aa9be,0.48717948717948717,0.48717948717948717
0df4050e-86d83d567ac26e25,392218ef-2f727b9ea7435e83,0.48554913294797686,0.56
b790ef12-50a6dbb7806a3c2c,cf27732e-fdfeca766216006c,0.48484848484848486,0.5194805194805194
ba468e1f-2c1751bc06f09577,ec4c7e8e-c2572cc8c5e4bf58,0.484472049689441,0.52
584b0e9e-7c4bdb84906c90fa,ff10b574-18ffe08f8ee0d8d2,0.4838709677419355,0.4891304347826087
584b0e9e-fc73f2aebb1d36c9,ff10b574-18ffe08f8ee0d8d2,0.4838709677419355,0.4891304347826087
169e34bf-16fd21614ea7c4e5,ff1fc018-e1a03ddb11200bdb,0.48322147651006714,0.5
3a12e509-614e0c1349c87d4b,ff10b574-18ffe08f8ee0d8d2,0.4827586206896552,0.525
6f02c6d9-ec6e1e406ee21f67,69b8ffb2-3773641ba048a0f3,0.4827586206896552,0.5316455696202531
fb312dc6-3cd2d2ac26cc55b7,2120328e-d7167d92b418af4f,0.4823529411764706,0.5466666666666666
fb312dc6-3cd2d2ac26cc55b7,69b8ffb2-3773641ba048a0f3,0.4823529411764706,0.5466666666666666
c2242c42-3a355d09ff3aa9be,cf27732e-fdfeca766216006c,0.4819277108433735,0.5128205128205128
6de04ee2-dfa5e46addb0c6bd,b790ef12-50a6dbb7806a3c2c,0.48175182481751827,0.55
3a12e509-614e0c1349c87d4b,2f4509a0-70d5651519f2bff2,0.48148148148148145,0.4875
d3a96420-f6e773a7b2e104ee,722e318f-826ca322df2b820c,0.48,0.5
6de04ee2-dfa5e46addb0c6bd,0e68e463-53244cb5e0c58144,0.4794520547945205,0.5833333333333334
29cf2e70-9f6a54c37d2741be,ff34fab2-dddfdab3a5ee6d25,0.4779874213836478,0.5352112676056338
72d9eb5b-13bd02a73b41c435,ff34fab2-dddfdab3a5ee6d25,0.4779874213836478,0.5352112676056338
6f02c6d9-ec6e1e406ee21f67,609af028-5a383e9eb4f3471c,0.4779874213836478,0.4810126582278481
b2001d68-33c507515cdbe0d1,392218ef-2f727b9ea7435e83,0.4772727272727273,0.5384615384615384
169e34bf-16fd21614ea7c4e5,6f02c6d9-ec6e1e406ee21f67,0.4768211920529801,0.5
07749c65-698b652f25329d49,392218ef-2f727b9ea7435e83,0.47674418604651164,0.5540540540540541
2120328e-d7167d92b418af4f,392218ef-2f727b9ea7435e83,0.47668393782383417,0.4842105263157895
b790ef12-50a6dbb7806a3c2c,c9159d9c-45fb548826a31e8d,0.47619047619047616,0.5194805194805194
ff1fc018-e1a03ddb11200bdb,c9159d9c-45fb548826a31e8d,0.47619047619047616,0.5194805194805194
29cf2e70-9f6a54c37d2741be,47310b0e-fdff208832189888,0.47619047619047616,0.49295774647887325
72d9eb5b-13bd02a73b41c435,47310b0e-fdff208832189888,0.47619047619047616,0.49295774647887325
4552d8a0-85de442bd1a2aa59,e812ee0b-35024b82a12a46a7,0.47560975609756095,0.4936708860759494
fae0662f-03327ed7ca4a3cc8,e812ee0b-35024b82a12a46a7,0.475,0.5066666666666667
c2242c42-3a355d09ff3aa9be,2f4509a0-70d5651519f2bff2,0.475,0.48717948717948717
6de04ee2-dfa5e46addb0c6bd,6f02c6d9-ec6e1e406ee21f67,0.4748201438848921,0.55
6de04ee2-dfa5e46addb0c6bd,fae0662f-03327ed7ca4a3cc8,0.4740740740740741,0.5333333333333333
fb312dc6-3cd2d2ac26cc55b7,ff1fc018-e1a03ddb11200bdb,0.47368421052631576,0.48
07749c65-698b652f25329d49,2120328e-d7167d92b418af4f,0.47337278106508873,0.5405405405405406
9862c742-e7dcaae0f81fdccd,47310b0e-fdff208832189888,0.47297297297297297,0.4861111111111111
609af028-5a383e9eb4f3471c,e812ee0b-35024b82a12a46a7,0.4727272727272727,0.4875
0df4050e-86d83d567ac26e25,0e68e463-53244cb5e0c58144,0.4720496894409938,0.5066666666666667
6de04ee2-dfa5e46addb0c6bd,3a12e509-614e0c1349c87d4b,0.4714285714285714,0.55
d9199dfd-f9479396f37b87d9,c9159d9c-45fb548826a31e8d,0.47126436781609193,0.4939759036144578
609af028-5a383e9eb4f3471c,ff10b574-18ffe08f8ee0d8d2,0.47126436781609193,0.5125
0df4050e-86d83d567ac26e25,c2242c42-3a355d09ff3aa9be,0.47058823529411764,0.48
b2001d68-33c507515cdbe0d1,584b0e9e-7c4bdb84906c90fa,0.47058823529411764,0.5128205128205128
884f5678-0317c76cfde402ad,c2242c42-3a355d09ff3aa9be,0.47058823529411764,0.48
b2001d68-33c507515cdbe0d1,584b0e9e-fc73f2aebb1d36c9,0.47058823529411764,0.5128205128205128
fae0662f-03327ed7ca4a3cc8,c9159d9c-45fb548826a31e8d,0.46987951807228917,0.52
609af028-5a383e9eb4f3471c,69b8ffb2-3773641ba048a0f3,0.4685714285714286,0.5125
d3a96420-f6e773a7b2e104ee,2f4509a0-70d5651519f2bff2,0.4675324675324675,0.5
ec4c7e8e-c2572cc8c5e4bf58,392218ef-2f727b9ea7435e83,0.4673913043478261,0.5
884f5678-0317c76cfde402ad,fae0662f-03327ed7ca4a3cc8,0.4666666666666667,0.4666666666666667
c2242c42-3a355d09ff3aa9be,e812ee0b-35024b82a12a46a7,0.4662576687116564,0.48717948717948717
29cf2e70-9f6a54c37d2741be,0df4050e-86d83d567ac26e25,0.4657534246575342,0.4788732394366197
72d9eb5b-13bd02a73b41c435,0df4050e-86d83d567ac26e25,0.4657534246575342,0.4788732394366197
ff1fc018-e1a03ddb11200bdb,722e318f-826ca322df2b820c,0.4645161290322581,0.4675324675324675
fb312dc6-3cd2d2ac26cc55b7,609af028-5a383e9eb4f3471c,0.4645161290322581,0.48
6f02c6d9-ec6e1e406ee21f67,e812ee0b-35024b82a12a46a7,0.4634146341463415,0.4810126582278481
e812ee0b-35024b82a12a46a7,584b0e9e-7c4bdb84906c90fa,0.4632768361581921,0.4823529411764706
e812ee0b-35024b82a12a46a7,584b0e9e-fc73f2aebb1d36c9,0.4632768361581921,0.4823529411764706
169e34bf-16fd21614ea7c4e5,fae0662f-03327ed7ca4a3cc8,0.46258503401360546,0.4722222222222222
b2001d68-33c507515cdbe0d1,69b8ffb2-3773641ba048a0f3,0.4624277456647399,0.5128205128205128
ff34fab2-dddfdab3a5ee6d25,392218ef-2f727b9ea7435e83,0.46236559139784944,0.48863636363636365
29cf2e70-9f6a54c37d2741be,169e34bf-16fd21614ea7c4e5,0.46153846153846156,0.4647887323943662
72d9eb5b-13bd02a73b41c435,169e34bf-16fd21614ea7c4e5,0.46153846153846156,0.4647887323943662
07749c65-698b652f25329d49,c9159d9c-45fb548826a31e8d,0.46060606060606063,0.5135135135135135
ba468e1f-2c1751bc06f09577,ff1fc018-e1a03ddb11200bdb,0.4605263157894737,0.4666666666666667
f0ede32a-26a48846fbd7e7b6,b2001d68-33c507515cdbe0d1,0.4594594594594595,0.4857142857142857
464a03b8-26a48846fbd7e7b6,b2001d68-33c507515cdbe0d1,0.4594594594594595,0.4857142857142857
ff34fab2-dddfdab3a5ee6d25,2120328e-d7167d92b418af4f,0.45901639344262296,0.4772727272727273
0df4050e-86d83d567ac26e25,69b8ffb2-3773641ba048a0f3,0.4588235294117647,0.52
3e8ff074-e6fd970bde5201bf,ce0b2178-e1daf8f00771d216,0.4585987261146497,0.5142857142857142
fae0662f-03327ed7ca4a3cc8,2f4509a0-70d5651519f2bff2,0.4585987261146497,0.48
9862c742-e7dcaae0f81fdccd,e812ee0b-35024b82a12a46a7,0.4585987261146497,0.5
b2001d68-33c507515cdbe0d1,cf27732e-fdfeca766216006c,0.4578313253012048,0.48717948717948717
0e68e463-53244cb5e0c58144,392218ef-2f727b9ea7435e83,0.45652173913043476,0.4883720930232558
6f02c6d9-ec6e1e406ee21f67,584b0e9e-7c4bdb84906c90fa,0.45614035087719296,0.4936708860759494
6f02c6d9-ec6e1e406ee21f67,584b0e9e-fc73f2aebb1d36c9,0.45614035087719296,0.4936708860759494
169e34bf-16fd21614ea7c4e5,69b8ffb2-3773641ba048a0f3,0.4550898203592814,0.5277777777777778
9862c742-e7dcaae0f81fdccd,2f4509a0-70d5651519f2bff2,0.45454545454545453,0.4861111111111111
1230c43e-3b21ddcce1dfaebf,ce0b2178-e1daf8f00771d216,0.4539877300613497,0.4868421052631579
609af028-5a383e9eb4f3471c,d9199dfd-f9479396f37b87d9,0.4539877300613497,0.4625
0df4050e-86d83d567ac26e25,ba468e1f-2c1751bc06f09577,0.4533333333333333,0.4533333333333333
29cf2e70-9f6a54c37d2741be,cf27732e-fdfeca766216006c,0.4528301886792453,0.5070422535211268
4552d8a0-85de442bd1a2aa59,609af028-5a383e9eb4f3471c,0.4528301886792453,0.45569620253164556
72d9eb5b-13bd02a73b41c435,cf27732e-fdfeca766216006c,0.4528301886792453,0.5070422535211268
d9199dfd-f9479396f37b87d9,e812ee0b-35024b82a12a46a7,0.4523809523809524,0.4578313253012048
29cf2e70-9f6a54c37d2741be,fae0662f-03327ed7ca4a3cc8,0.4520547945205479,0.4647887323943662
72d9eb5b-13bd02a73b41c435,fae0662f-03327ed7ca4a3cc8,0.4520547945205479,0.4647887323943662
f0ede32a-26a48846fbd7e7b6,47310b0e-fdff208832189888,0.4520547945205479,0.4714285714285714
464a03b8-26a48846fbd7e7b6,47310b0e-fdff208832189888,0.4520547945205479,0.4714285714285714
ec4c7e8e-c2572cc8c5e4bf58,c9159d9c-45fb548826a31e8d,0.4519774011299435,0.46511627906976744
6f02c6d9-ec6e1e406ee21f67,392218ef-2f727b9ea7435e83,0.4519774011299435,0.5063291139240507
884f5678-0317c76cfde402ad,f5fde094-93b7b0b66b8b7f32,0.4519774011299435,0.5333333333333333
f0ede32a-26a48846fbd7e7b6,e812ee0b-35024b82a12a46a7,0.45161290322580644,0.5
2bbf754b-127d3dc4f1db4fbd,d9199dfd-f9479396f37b87d9,0.45161290322580644,0.4861111111111111
464a03b8-26a48846fbd7e7b6,e812ee0b-35024b82a12a46a7,0.45161290322580644,0.5
169e34bf-16fd21614ea7c4e5,cf27732e-fdfeca766216006c,0.45,0.5
29cf2e70-9f6a54c37d2741be,2bbf754b-127d3dc4f1db4fbd,0.44755244755244755,0.4507042253521127
72d9eb5b-13bd02a73b41c435,2bbf754b-127d3dc4f1db4fbd,0.44755244755244755,0.4507042253521127
f0ede32a-26a48846fbd7e7b6,c9159d9c-45fb548826a31e8d,0.4472049689440994,0.5142857142857142
464a03b8-26a48846fbd7e7b6,c9159d9c-45fb548826a31e8d,0.4472049689440994,0.5142857142857142
722e318f-826ca322df2b820c,584b0e9e-7c4bdb84906c90fa,0.4470588235294118,0.48717948717948717
722e318f-826ca322df2b820c,584b0e9e-fc73f2aebb1d36c9,0.4470588235294118,0.48717948717948717
d3a96420-f6e773a7b2e104ee,e812ee0b-35024b82a12a46a7,0.445859872611465,0.4861111111111111
884f5678-0317c76cfde402ad,722e318f-826ca322df2b820c,0.4444444444444444,0.4533333333333333
e812ee0b-35024b82a12a46a7,69b8ffb2-3773641ba048a0f3,0.4444444444444444,0.47058823529411764
c2242c42-3a355d09ff3aa9be,52cd85f2-33c6152660ca36ac,0.44366197183098594,0.8076923076923077
2f4509a0-70d5651519f2bff2,e812ee0b-35024b82a12a46a7,0.4431137724550898,0.45121951219512196
b2001d68-33c507515cdbe0d1,609af028-5a383e9eb4f3471c,0.4430379746835443,0.44871794871794873
d3a96420-f6e773a7b2e104ee,c9159d9c-45fb548826a31e8d,0.44171779141104295,0.5
169e34bf-16fd21614ea7c4e5,2f4509a0-70d5651519f2bff2,0.44155844155844154,0.4722222222222222
f0ede32a-26a48846fbd7e7b6,884f5678-0317c76cfde402ad,0.4413793103448276,0.45714285714285713
464a03b8-26a48846fbd7e7b6,884f5678-0317c76cfde402ad,0.4413793103448276,0.45714285714285713
169e34bf-16fd21614ea7c4e5,b2001d68-33c507515cdbe0d1,0.44,0.4583333333333333
ff10b574-18ffe08f8ee0d8d2,52cd85f2-33c6152660ca36ac,0.44,0.7021276595744681
b2001d68-33c507515cdbe0d1,ec4c7e8e-c2572cc8c5e4bf58,0.43902439024390244,0.46153846153846156
d3a96420-f6e773a7b2e104ee,584b0e9e-7c4bdb84906c90fa,0.43902439024390244,0.5
9862c742-e7dcaae0f81fdccd,584b0e9e-7c4bdb84906c90fa,0.43902439024390244,0.5
c2242c42-3a355d09ff3aa9be,0e68e463-53244cb5e0c58144,0.43902439024390244,0.46153846153846156
d3a96420-f6e773a7b2e104ee,584b0e9e-fc73f2aebb1d36c9,0.43902439024390244,0.5
9862c742-e7dcaae0f81fdccd,584b0e9e-fc73f2aebb1d36c9,0.43902439024390244,0.5
b790ef12-50a6dbb7806a3c2c,722e318f-826ca322df2b820c,0.43870967741935485,0.44155844155844154
584b0e9e-7c4bdb84906c90fa,2120328e-d7167d92b418af4f,0.4385026737967914,0.44565217391304346
584b0e9e-fc73f2aebb1d36c9,2120328e-d7167d92b418af4f,0.4385026737967914,0.44565217391304346
0e68e463-53244cb5e0c58144,584b0e9e-7c4bdb84906c90fa,0.43820224719101125,0.45348837209302323
0e68e463-53244cb5e0c58144,584b0e9e-fc73f2aebb1d36c9,0.43820224719101125,0.45348837209302323
ba468e1f-2c1751bc06f09577,ff10b574-18ffe08f8ee0d8d2,0.4378698224852071,0.49333333333333335
e812ee0b-35024b82a12a46a7,392218ef-2f727b9ea7435e83,0.4371584699453552,0.47058823529411764
fae0662f-03327ed7ca4a3cc8,47310b0e-fdff208832189888,0.4370860927152318,0.44
0e68e463-53244cb5e0c58144,cf27732e-fdfeca766216006c,0.4367816091954023,0.4418604651162791
07749c65-698b652f25329d49,2f4509a0-70d5651519f2bff2,0.4358974358974359,0.4594594594594595
ba468e1f-2c1751bc06f09577,69b8ffb2-3773641ba048a0f3,0.43529411764705883,0.49333333333333335
0df4050e-86d83d567ac26e25,ff1fc018-e1a03ddb11200bdb,0.4342105263157895,0.44
fb312dc6-3cd2d2ac26cc55b7,c9159d9c-45fb548826a31e8d,0.43373493975903615,0.48
07749c65-698b652f25329d49,584b0e9e-7c4bdb84906c90fa,0.43373493975903615,0.4864864864864865
07749c65-698b652f25329d49,584b0e9e-fc73f2aebb1d36c9,0.43373493975903615,0.4864864864864865
f0ede32a-26a48846fbd7e7b6,722e318f-826ca322df2b820c,0.43243243243243246,0.45714285714285713
464a03b8-26a48846fbd7e7b6,722e318f-826ca322df2b820c,0.43243243243243246,0.45714285714285713
47310b0e-fdff208832189888,b790ef12-50a6dbb7806a3c2c,0.43137254901960786,0.4342105263157895
609af028-5a383e9eb4f3471c,584b0e9e-7c4bdb84906c90fa,0.43023255813953487,0.4625
609af028-5a383e9eb4f3471c,584b0e9e-fc73f2aebb1d36c9,0.43023255813953487,0.4625
1230c43e-3b21ddcce1dfaebf,722e318f-826ca322df2b820c,0.42857142857142855,0.4342105263157895
ba468e1f-2c1751bc06f09577,4552d8a0-85de442bd1a2aa59,0.42857142857142855,0.44
fae0662f-03327ed7ca4a3cc8,52cd85f2-33c6152660ca36ac,0.42704626334519574,0.8
0df4050e-86d83d567ac26e25,fae0662f-03327ed7ca4a3cc8,0.4266666666666667,0.4266666666666667
9862c742-e7dcaae0f81fdccd,722e318f-826ca322df2b820c,0.4266666666666667,0.4444444444444444
f0ede32a-26a48846fbd7e7b6,609af028-5a383e9eb4f3471c,0.4266666666666667,0.45714285714285713
464a03b8-26a48846fbd7e7b6,609af028-5a383e9eb4f3471c,0.4266666666666667,0.45714285714285713
b2001d68-33c507515cdbe0d1,c9159d9c-45fb548826a31e8d,0.4260355029585799,0.46153846153846156
ff1fc018-e1a03ddb11200bdb,584b0e9e-7c4bdb84906c90fa,0.4260355029585799,0.4675324675324675
ff1fc018-e1a03ddb11200bdb,584b0e9e-fc73f2aebb1d36c9,0.4260355029585799,0.4675324675324675
fb312dc6-3cd2d2ac26cc55b7,3a12e509-614e0c1349c87d4b,0.4258064516129032,0.44
69b8ffb2-3773641ba048a0f3,52cd85f2-33c6152660ca36ac,0.42524916943521596,0.6736842105263158
ba468e1f-2c1751bc06f09577,e812ee0b-35024b82a12a46a7,0.425,0.4533333333333333
722e318f-826ca322df2b820c,c2242c42-3a355d09ff3aa9be,0.4230769230769231,0.4230769230769231
fb312dc6-3cd2d2ac26cc55b7,0e68e463-53244cb5e0c58144,0.422360248447205,0.4533333333333333
9862c742-e7dcaae0f81fdccd,884f5678-0317c76cfde402ad,0.4217687074829932,0.4305555555555556
ba468e1f-2c1751bc06f09577,c9159d9c-45fb548826a31e8d,0.42168674698795183,0.4666666666666667
b790ef12-50a6dbb7806a3c2c,e812ee0b-35024b82a12a46a7,0.41975308641975306,0.44155844155844154
ff1fc018-e1a03ddb11200bdb,2120328e-d7167d92b418af4f,0.4186046511627907,0.4675324675324675
609af028-5a383e9eb4f3471c,cf27732e-fdfeca766216006c,0.4166666666666667,0.4375
722e318f-826ca322df2b820c,69b8ffb2-3773641ba048a0f3,0.4161849710982659,0.46153846153846156
884f5678-0317c76cfde402ad,ff10b574-18ffe08f8ee0d8d2,0.41420118343195267,0.4666666666666667
f0ede32a-26a48846fbd7e7b6,ba468e1f-2c1751bc06f09577,0.41379310344827586,0.42857142857142855
464a03b8-26a48846fbd7e7b6,ba468e1f-2c1751bc06f09577,0.41379310344827586,0.42857142857142855
cf27732e-fdfeca766216006c,c9159d9c-45fb548826a31e8d,0.4134078212290503,0.42045454545454547
0df4050e-86d83d567ac26e25,3a12e509-614e0c1349c87d4b,0.4129032258064516,0.4266666666666667
47310b0e-fdff208832189888,4552d8a0-85de442bd1a2aa59,0.4129032258064516,0.42105263157894735
884f5678-0317c76cfde402ad,52cd85f2-33c6152660ca36ac,0.4128113879003559,0.7733333333333333
6f02c6d9-ec6e1e406ee21f67,c9159d9c-45fb548826a31e8d,0.4117647058823529,0.4430379746835443
169e34bf-16fd21614ea7c4e5,392218ef-2f727b9ea7435e83,0.4117647058823529,0.4861111111111111
6de04ee2-dfa5e46addb0c6bd,ec4c7e8e-c2572cc8c5e4bf58,0.410958904109589,0.5
3a12e509-614e0c1349c87d4b,0e68e463-53244cb5e0c58144,0.40963855421686746,0.425
c9159d9c-45fb548826a31e8d,69b8ffb2-3773641ba048a0f3,0.40860215053763443,0.4175824175824176
d9199dfd-f9479396f37b87d9,52cd85f2-33c6152660ca36ac,0.4083044982698962,0.7108433734939759
169e34bf-16fd21614ea7c4e5,0df4050e-86d83d567ac26e25,0.40816326530612246,0.4166666666666667
3a12e509-614e0c1349c87d4b,584b0e9e-7c4bdb84906c90fa,0.4069767441860465,0.4375
3a12e509-614e0c1349c87d4b,584b0e9e-fc73f2aebb1d36c9,0.4069767441860465,0.4375
6de04ee2-dfa5e46addb0c6bd,cf27732e-fdfeca766216006c,0.40540540540540543,0.5
2bbf754b-127d3dc4f1db4fbd,0e68e463-53244cb5e0c58144,0.4050632911392405,0.4444444444444444
c2242c42-3a355d09ff3aa9be,609af028-5a383e9eb4f3471c,0.4050632911392405,0.41025641025641024
884f5678-0317c76cfde402ad,d9199dfd-f9479396f37b87d9,0.4050632911392405,0.4266666666666667
fb312dc6-3cd2d2ac26cc55b7,cf27732e-fdfeca766216006c,0.4049079754601227,0.44
2bbf754b-127d3dc4f1db4fbd,d3a96420-f6e773a7b2e104ee,0.4027777777777778,0.4027777777777778
2bbf754b-127d3dc4f1db4fbd,9862c742-e7dcaae0f81fdccd,0.4027777777777778,0.4027777777777778
2bbf754b-127d3dc4f1db4fbd,ff1fc018-e1a03ddb11200bdb,0.40268456375838924,0.4166666666666667
884f5678-0317c76cfde402ad,4552d8a0-85de442bd1a2aa59,0.4025974025974026,0.41333333333333333
4552d8a0-85de442bd1a2aa59,ec4c7e8e-c2572cc8c5e4bf58,0.4,0.4177215189873418
fb312dc6-3cd2d2ac26cc55b7,52cd85f2-33c6152660ca36ac,0.398576512455516,0.7466666666666667
d9199dfd-f9479396f37b87d9,cf27732e-fdfeca766216006c,0.39766081871345027,0.40963855421686746
47310b0e-fdff208832189888,609af028-5a383e9eb4f3471c,0.3974358974358974,0.40789473684210525
29cf2e70-9f6a54c37d2741be,884f5678-0317c76cfde402ad,0.3972602739726027,0.4084507042253521
72d9eb5b-13bd02a73b41c435,884f5678-0317c76cfde402ad,0.3972602739726027,0.4084507042253521
2120328e-d7167d92b418af4f,f5fde094-93b7b0b66b8b7f32,0.39593908629441626,0.4105263157894737
884f5678-0317c76cfde402ad,ce0b2178-e1daf8f00771d216,0.3950617283950617,0.4266666666666667
2f4509a0-70d5651519f2bff2,0e68e463-53244cb5e0c58144,0.39285714285714285,0.4024390243902439
fae0662f-03327ed7ca4a3cc8,cf27732e-fdfeca766216006c,0.39263803680981596,0.4266666666666667
722e318f-826ca322df2b820c,e812ee0b-35024b82a12a46a7,0.39263803680981596,0.41025641025641024
b790ef12-50a6dbb7806a3c2c,ec4c7e8e-c2572cc8c5e4bf58,0.39263803680981596,0.4155844155844156
0df4050e-86d83d567ac26e25,b2001d68-33c507515cdbe0d1,0.39215686274509803,0.4
884f5678-0317c76cfde402ad,b2001d68-33c507515cdbe0d1,0.39215686274509803,0.4
2bbf754b-127d3dc4f1db4fbd,ce0b2178-e1daf8f00771d216,0.389937106918239,0.4305555555555556
ff1fc018-e1a03ddb11200bdb,2f4509a0-70d5651519f2bff2,0.389937106918239,0.4025974025974026
2f4509a0-70d5651519f2bff2,392218ef-2f727b9ea7435e83,0.3888888888888889,0.4268292682926829
ec4c7e8e-c2572cc8c5e4bf58,ff10b574-18ffe08f8ee0d8d2,0.3888888888888889,0.4069767441860465
e812ee0b-35024b82a12a46a7,2120328e-d7167d92b418af4f,0.3888888888888889,0.4117647058823529
b790ef12-50a6dbb7806a3c2c,52cd85f2-33c6152660ca36ac,0.38869257950530034,0.7142857142857143
9862c742-e7dcaae0f81fdccd,52cd85f2-33c6152660ca36ac,0.38848920863309355,0.75
47310b0e-fdff208832189888,2120328e-d7167d92b418af4f,0.38596491228070173,0.4342105263157895
6f02c6d9-ec6e1e406ee21f67,52cd85f2-33c6152660ca36ac,0.38596491228070173,0.6962025316455697
ba468e1f-2c1751bc06f09577,47310b0e-fdff208832189888,0.3841059602649007,0.38666666666666666
884f5678-0317c76cfde402ad,584b0e9e-7c4bdb84906c90fa,0.38323353293413176,0.4266666666666667
884f5678-0317c76cfde402ad,584b0e9e-fc73f2aebb1d36c9,0.38323353293413176,0.4266666666666667
722e318f-826ca322df2b820c,6f02c6d9-ec6e1e406ee21f67,0.3821656050955414,0.38461538461538464
169e34bf-16fd21614ea7c4e5,e812ee0b-35024b82a12a46a7,0.3821656050955414,0.4166666666666667
2f4509a0-70d5651519f2bff2,52cd85f2-33c6152660ca36ac,0.3819444444444444,0.6707317073170732
884f5678-0317c76cfde402ad,392218ef-2f727b9ea7435e83,0.3815028901734104,0.44
c9159d9c-45fb548826a31e8d,392218ef-2f727b9ea7435e83,0.38095238095238093,0.3956043956043956
169e34bf-16fd21614ea7c4e5,fb312dc6-3cd2d2ac26cc55b7,0.38095238095238093,0.3888888888888889
d3a96420-f6e773a7b2e104ee,884f5678-0317c76cfde402ad,0.38095238095238093,0.3888888888888889
ff34fab2-dddfdab3a5ee6d25,52cd85f2-33c6152660ca36ac,0.38095238095238093,0.6363636363636364
2bbf754b-127d3dc4f1db4fbd,c9159d9c-45fb548826a31e8d,0.3803680981595092,0.4305555555555556
ba468e1f-2c1751bc06f09577,cf27732e-fdfeca766216006c,0.3803680981595092,0.41333333333333333
884f5678-0317c76cfde402ad,cf27732e-fdfeca766216006c,0.3803680981595092,0.41333333333333333
722e318f-826ca322df2b820c,52cd85f2-33c6152660ca36ac,0.38028169014084506,0.6923076923076923
169e34bf-16fd21614ea7c4e5,0e68e463-53244cb5e0c58144,0.379746835443038,0.4166666666666667
47310b0e-fdff208832189888,2f4509a0-70d5651519f2bff2,0.379746835443038,0.39473684210526316
4552d8a0-85de442bd1a2aa59,52cd85f2-33c6152660ca36ac,0.37894736842105264,0.6835443037974683
2120328e-d7167d92b418af4f,69b8ffb2-3773641ba048a0f3,0.37894736842105264,0.37894736842105264
c9159d9c-45fb548826a31e8d,ff10b574-18ffe08f8ee0d8d2,0.3783783783783784,0.38461538461538464
d3a96420-f6e773a7b2e104ee,47310b0e-fdff208832189888,0.3783783783783784,0.3888888888888889
2bbf754b-127d3dc4f1db4fbd,584b0e9e-7c4bdb84906c90fa,0.3780487804878049,0.4305555555555556
47310b0e-fdff208832189888,cf27732e-fdfeca766216006c,0.3780487804878049,0.40789473684210525
2bbf754b-127d3dc4f1db4fbd,584b0e9e-fc73f2aebb1d36c9,0.3780487804878049,0.4305555555555556
6de04ee2-dfa5e46addb0c6bd,b2001d68-33c507515cdbe0d1,0.37681159420289856,0.43333333333333335
884f5678-0317c76cfde402ad,6f02c6d9-ec6e1e406ee21f67,0.37662337662337664,0.38666666666666666
4552d8a0-85de442bd1a2aa59,c9159d9c-45fb548826a31e8d,0.3764705882352941,0.4050632911392405
3a12e509-614e0c1349c87d4b,e812ee0b-35024b82a12a46a7,0.37575757575757573,0.3875
0e68e463-53244cb5e0c58144,2120328e-d7167d92b418af4f,0.3756906077348066,0.3953488372093023
2bbf754b-127d3dc4f1db4fbd,ff34fab2-dddfdab3a5ee6d25,0.375,0.4166666666666667
07749c65-698b652f25329d49,00f79486-1b7ed9a4faa83b3e,0.3742690058479532,0.43243243243243246
ce0b2178-e1daf8f00771d216,2120328e-d7167d92b418af4f,0.37362637362637363,0.39080459770114945
29cf2e70-9f6a54c37d2741be,2120328e-d7167d92b418af4f,0.37349397590361444,0.43661971830985913
72d9eb5b-13bd02a73b41c435,2120328e-d7167d92b418af4f,0.37349397590361444,0.43661971830985913
ba468e1f-2c1751bc06f09577,fae0662f-03327ed7ca4a3cc8,0.37333333333333335,0.37333333333333335
2bbf754b-127d3dc4f1db4fbd,b2001d68-33c507515cdbe0d1,0.37333333333333335,0.3888888888888889
0df4050e-86d83d567ac26e25,ec4c7e8e-c2572cc8c5e4bf58,0.37267080745341613,0.4
722e318f-826ca322df2b820c,ff10b574-18ffe08f8ee0d8d2,0.37209302325581395,0.41025641025641024
1230c43e-3b21ddcce1dfaebf,3a12e509-614e0c1349c87d4b,0.3717948717948718,0.3815789473684211
ba468e1f-2c1751bc06f09577,584b0e9e-7c4bdb84906c90fa,0.3712574850299401,0.41333333333333333
ba468e1f-2c1751bc06f09577,584b0e9e-fc73f2aebb1d36c9,0.3712574850299401,0.41333333333333333
29cf2e70-9f6a54c37d2741be,3a12e509-614e0c1349c87d4b,0.3708609271523179,0.39436619718309857
72d9eb5b-13bd02a73b41c435,3a12e509-614e0c1349c87d4b,0.3708609271523179,0.39436619718309857
2bbf754b-127d3dc4f1db4fbd,4552d8a0-85de442bd1a2aa59,0.3708609271523179,0.3888888888888889
3a12e509-614e0c1349c87d4b,392218ef-2f727b9ea7435e83,0.3707865168539326,0.4125
e812ee0b-35024b82a12a46a7,ff34fab2-dddfdab3a5ee6d25,0.3699421965317919,0.3764705882352941
f0ede32a-26a48846fbd7e7b6,52cd85f2-33c6152660ca36ac,0.3695652173913043,0.7285714285714285
464a03b8-26a48846fbd7e7b6,52cd85f2-33c6152660ca36ac,0.3695652173913043,0.7285714285714285
ff1fc018-e1a03ddb11200bdb,ec4c7e8e-c2572cc8c5e4bf58,0.36809815950920244,0.38961038961038963
ec4c7e8e-c2572cc8c5e4bf58,cf27732e-fdfeca766216006c,0.367816091954023,0.37209302325581395
ff34fab2-dddfdab3a5ee6d25,00f79486-1b7ed9a4faa83b3e,0.3675675675675676,0.38636363636363635
2bbf754b-127d3dc4f1db4fbd,0df4050e-86d83d567ac26e25,0.3673469387755102,0.375
3e8ff074-e6fd970bde5201bf,2bbf754b-127d3dc4f1db4fbd,0.36619718309859156,0.37142857142857144
ba468e1f-2c1751bc06f09577,2120328e-d7167d92b418af4f,0.36470588235294116,0.41333333333333333
47310b0e-fdff208832189888,c2242c42-3a355d09ff3aa9be,0.36363636363636365,0.3684210526315789
07749c65-698b652f25329d49,ec4c7e8e-c2572cc8c5e4bf58,0.3625,0.3918918918918919
fb312dc6-3cd2d2ac26cc55b7,e812ee0b-35024b82a12a46a7,0.3625,0.38666666666666666
884f5678-0317c76cfde402ad,ba468e1f-2c1751bc06f09577,0.36,0.36
ec4c7e8e-c2572cc8c5e4bf58,584b0e9e-7c4bdb84906c90fa,0.3595505617977528,0.37209302325581395
ec4c7e8e-c2572cc8c5e4bf58,584b0e9e-fc73f2aebb1d36c9,0.3595505617977528,0.37209302325581395
b2001d68-33c507515cdbe0d1,2120328e-d7167d92b418af4f,0.3583815028901734,0.3974358974358974
e812ee0b-35024b82a12a46a7,ff10b574-18ffe08f8ee0d8d2,0.3575418994413408,0.3764705882352941
e812ee0b-35024b82a12a46a7,af0deeab-130b7c40b9ef1213,0.35738831615120276,0.611764705882353
3e8ff074-e6fd970bde5201bf,47310b0e-fdff208832189888,0.3561643835616438,0.37142857142857144
2bbf754b-127d3dc4f1db4fbd,07749c65-698b652f25329d49,0.3561643835616438,0.3611111111111111
ff10b574-18ffe08f8ee0d8d2,00f79486-1b7ed9a4faa83b3e,0.35602094240837695,0.3617021276595745
ba468e1f-2c1751bc06f09577,ff34fab2-dddfdab3a5ee6d25,0.3558282208588957,0.38666666666666666
6de04ee2-dfa5e46addb0c6bd,884f5678-0317c76cfde402ad,0.35555555555555557,0.4
169e34bf-16fd21614ea7c4e5,609af028-5a383e9eb4f3471c,0.35526315789473684,0.375
07749c65-698b652f25329d49,298ee961-3961679290d910cf,0.3548387096774194,0.44594594594594594
b2001d68-33c507515cdbe0d1,3a12e509-614e0c1349c87d4b,0.35443037974683544,0.358974358974359
c2242c42-3a355d09ff3aa9be,00f79486-1b7ed9a4faa83b3e,0.35428571428571426,0.3974358974358974
c2242c42-3a355d09ff3aa9be,ec4c7e8e-c2572cc8c5e4bf58,0.35365853658536583,0.3717948717948718
169e34bf-16fd21614ea7c4e5,584b0e9e-7c4bdb84906c90fa,0.35365853658536583,0.4027777777777778
169e34bf-16fd21614ea7c4e5,584b0e9e-fc73f2aebb1d36c9,0.35365853658536583,0.4027777777777778
c2242c42-3a355d09ff3aa9be,584b0e9e-7c4bdb84906c90fa,0.35294117647058826,0.38461538461538464
584b0e9e-7c4bdb84906c90fa,69b8ffb2-3773641ba048a0f3,0.35294117647058826,0.358695652173913
c2242c42-3a355d09ff3aa9be,584b0e9e-fc73f2aebb1d36c9,0.35294117647058826,0.38461538461538464
584b0e9e-fc73f2aebb1d36c9,69b8ffb2-3773641ba048a0f3,0.35294117647058826,0.358695652173913
722e318f-826ca322df2b820c,392218ef-2f727b9ea7435e83,0.3522727272727273,0.3974358974358974
4552d8a0-85de442bd1a2aa59,00f79486-1b7ed9a4faa83b3e,0.3522727272727273,0.3924050632911392
722e318f-826ca322df2b820c,2f4509a0-70d5651519f2bff2,0.35,0.358974358974359
ff1fc018-e1a03ddb11200bdb,298ee961-3961679290d910cf,0.3492063492063492,0.42857142857142855
0e68e463-53244cb5e0c58144,ec4c7e8e-c2572cc8c5e4bf58,0.3488372093023256,0.3488372093023256
884f5678-0317c76cfde402ad,3a12e509-614e0c1349c87d4b,0.34838709677419355,0.36
ce0b2178-e1daf8f00771d216,c9159d9c-45fb548826a31e8d,0.34831460674157305,0.3563218390804598
fb312dc6-3cd2d2ac26cc55b7,584b0e9e-7c4bdb84906c90fa,0.3473053892215569,0.38666666666666666
fb312dc6-3cd2d2ac26cc55b7,584b0e9e-fc73f2aebb1d36c9,0.3473053892215569,0.38666666666666666
609af028-5a383e9eb4f3471c,2f4509a0-70d5651519f2bff2,0.345679012345679,0.35
6de04ee2-dfa5e46addb0c6bd,e812ee0b-35024b82a12a46a7,0.3448275862068966,0.4166666666666667
d9199dfd-f9479396f37b87d9,00f79486-1b7ed9a4faa83b3e,0.34444444444444444,0.37349397590361444
6de04ee2-dfa5e46addb0c6bd,c9159d9c-45fb548826a31e8d,0.3443708609271523,0.43333333333333335
884f5678-0317c76cfde402ad,47310b0e-fdff208832189888,0.3443708609271523,0.3466666666666667
d9199dfd-f9479396f37b87d9,ec4c7e8e-c2572cc8c5e4bf58,0.3431952662721893,0.3493975903614458
d3a96420-f6e773a7b2e104ee,c57997b6-f51ca561f668dbb1,0.3411764705882353,0.4027777777777778
9862c742-e7dcaae0f81fdccd,c57997b6-f51ca561f668dbb1,0.3411764705882353,0.4027777777777778
2bbf754b-127d3dc4f1db4fbd,392218ef-2f727b9ea7435e83,0.3411764705882353,0.4027777777777778
cf27732e-fdfeca766216006c,52cd85f2-33c6152660ca36ac,0.3401360544217687,0.5681818181818182
ff1fc018-e1a03ddb11200bdb,cf27732e-fdfeca766216006c,0.3393939393939394,0.36363636363636365
3e8ff074-e6fd970bde5201bf,4552d8a0-85de442bd1a2aa59,0.33557046979865773,0.35714285714285715
1230c43e-3b21ddcce1dfaebf,e812ee0b-35024b82a12a46a7,0.33540372670807456,0.35526315789473684
ff34fab2-dddfdab3a5ee6d25,c9159d9c-45fb548826a31e8d,0.33519553072625696,0.3409090909090909
3a12e509-614e0c1349c87d4b,cf27732e-fdfeca766216006c,0.3333333333333333,0.35
ec4c7e8e-c2572cc8c5e4bf58,ff34fab2-dddfdab3a5ee6d25,0.3333333333333333,0.3372093023255814
f0ede32a-26a48846fbd7e7b6,ec4c7e8e-c2572cc8c5e4bf58,0.3333333333333333,0.37142857142857144
464a03b8-26a48846fbd7e7b6,ec4c7e8e-c2572cc8c5e4bf58,0.3333333333333333,0.37142857142857144
ff1fc018-e1a03ddb11200bdb,00f79486-1b7ed9a4faa83b3e,0.3333333333333333,0.37662337662337664
fae0662f-03327ed7ca4a3cc8,298ee961-3961679290d910cf,0.3315508021390374,0.41333333333333333
722e318f-826ca322df2b820c,00f79486-1b7ed9a4faa83b3e,0.3314285714285714,0.3717948717948718
c2242c42-3a355d09ff3aa9be,c9159d9c-45fb548826a31e8d,0.33136094674556216,0.358974358974359
2bbf754b-127d3dc4f1db4fbd,6f02c6d9-ec6e1e406ee21f67,0.33112582781456956,0.3472222222222222
e812ee0b-35024b82a12a46a7,52cd85f2-33c6152660ca36ac,0.32989690721649484,0.5647058823529412
47310b0e-fdff208832189888,298ee961-3961679290d910cf,0.32978723404255317,0.40789473684210525
6de04ee2-dfa5e46addb0c6bd,584b0e9e-7c4bdb84906c90fa,0.32894736842105265,0.4166666666666667
6de04ee2-dfa5e46addb0c6bd,584b0e9e-fc73f2aebb1d36c9,0.32894736842105265,0.4166666666666667
884f5678-0317c76cfde402ad,b790ef12-50a6dbb7806a3c2c,0.32894736842105265,0.3333333333333333
3e8ff074-e6fd970bde5201bf,f0ede32a-26a48846fbd7e7b6,0.32857142857142857,0.32857142857142857
3e8ff074-e6fd970bde5201bf,464a03b8-26a48846fbd7e7b6,0.32857142857142857,0.32857142857142857
07749c65-698b652f25329d49,52cd85f2-33c6152660ca36ac,0.32857142857142857,0.6216216216216216
584b0e9e-7c4bdb84906c90fa,00f79486-1b7ed9a4faa83b3e,0.328042328042328,0.33695652173913043
584b0e9e-fc73f2aebb1d36c9,00f79486-1b7ed9a4faa83b3e,0.328042328042328,0.33695652173913043
b790ef12-50a6dbb7806a3c2c,298ee961-3961679290d910cf,0.328042328042328,0.4025974025974026
0e68e463-53244cb5e0c58144,00f79486-1b7ed9a4faa83b3e,0.32786885245901637,0.3488372093023256
2f4509a0-70d5651519f2bff2,69b8ffb2-3773641ba048a0f3,0.327683615819209,0.35365853658536583
e812ee0b-35024b82a12a46a7,ec4c7e8e-c2572cc8c5e4bf58,0.32748538011695905,0.32941176470588235
ba468e1f-2c1751bc06f09577,52cd85f2-33c6152660ca36ac,0.3274021352313167,0.6133333333333333
722e318f-826ca322df2b820c,ce0b2178-e1daf8f00771d216,0.32727272727272727,0.34615384615384615
ff34fab2-dddfdab3a5ee6d25,af0deeab-130b7c40b9ef1213,0.32653061224489793,0.5454545454545454
ff34fab2-dddfdab3a5ee6d25,f5fde094-93b7b0b66b8b7f32,0.3263157894736842,0.3522727272727273
52cd85f2-33c6152660ca36ac,af0deeab-130b7c40b9ef1213,0.32524271844660196,0.32524271844660196
3a12e509-614e0c1349c87d4b,609af028-5a383e9eb4f3471c,0.325,0.325
e812ee0b-35024b82a12a46a7,298ee961-3961679290d910cf,0.3248730964467005,0.3764705882352941
6f02c6d9-ec6e1e406ee21f67,298ee961-3961679290d910cf,0.32460732984293195,0.3924050632911392
b2001d68-33c507515cdbe0d1,52cd85f2-33c6152660ca36ac,0.323943661971831,0.5897435897435898
2bbf754b-127d3dc4f1db4fbd,69b8ffb2-3773641ba048a0f3,0.32335329341317365,0.375
0e68e463-53244cb5e0c58144,298ee961-3961679290d910cf,0.32323232323232326,0.37209302325581395
2bbf754b-127d3dc4f1db4fbd,b790ef12-50a6dbb7806a3c2c,0.3221476510067114,0.3333333333333333
47310b0e-fdff208832189888,c57997b6-f51ca561f668dbb1,0.3218390804597701,0.3684210526315789
47310b0e-fdff208832189888,0e68e463-53244cb5e0c58144,0.32098765432098764,0.34210526315789475
3e8ff074-e6fd970bde5201bf,ec4c7e8e-c2572cc8c5e4bf58,0.32051282051282054,0.35714285714285715
0df4050e-86d83d567ac26e25,cf27732e-fdfeca766216006c,0.31901840490797545,0.3466666666666667
884f5678-0317c76cfde402ad,ff34fab2-dddfdab3a5ee6d25,0.31901840490797545,0.3466666666666667
6de04ee2-dfa5e46addb0c6bd,722e318f-826ca322df2b820c,0.3188405797101449,0.36666666666666664
ba468e1f-2c1751bc06f09577,2f4509a0-70d5651519f2bff2,0.3184713375796178,0.3333333333333333
e812ee0b-35024b82a12a46a7,c9159d9c-45fb548826a31e8d,0.3181818181818182,0.32941176470588235
0df4050e-86d83d567ac26e25,47310b0e-fdff208832189888,0.31788079470198677,0.32
29cf2e70-9f6a54c37d2741be,52cd85f2-33c6152660ca36ac,0.3176895306859206,0.6197183098591549
72d9eb5b-13bd02a73b41c435,52cd85f2-33c6152660ca36ac,0.3176895306859206,0.6197183098591549
ce0b2178-e1daf8f00771d216,f5fde094-93b7b0b66b8b7f32,0.31746031746031744,0.3448275862068966
169e34bf-16fd21614ea7c4e5,52cd85f2-33c6152660ca36ac,0.31654676258992803,0.6111111111111112
2bbf754b-127d3dc4f1db4fbd,ec4c7e8e-c2572cc8c5e4bf58,0.31645569620253167,0.3472222222222222
609af028-5a383e9eb4f3471c,c57997b6-f51ca561f668dbb1,0.3146067415730337,0.35
0df4050e-86d83d567ac26e25,00f79486-1b7ed9a4faa83b3e,0.313953488372093,0.36
0df4050e-86d83d567ac26e25,c9159d9c-45fb548826a31e8d,0.3132530120481928,0.3466666666666667
2120328e-d7167d92b418af4f,00f79486-1b7ed9a4faa83b3e,0.3125,0.3157894736842105
2bbf754b-127d3dc4f1db4fbd,cf27732e-fdfeca766216006c,0.3125,0.3472222222222222
69b8ffb2-3773641ba048a0f3,00f79486-1b7ed9a4faa83b3e,0.3125,0.3157894736842105
2bbf754b-127d3dc4f1db4fbd,2120328e-d7167d92b418af4f,0.31137724550898205,0.3611111111111111
cf27732e-fdfeca766216006c,584b0e9e-7c4bdb84906c90fa,0.3111111111111111,0.3181818181818182
cf27732e-fdfeca766216006c,584b0e9e-fc73f2aebb1d36c9,0.3111111111111111,0.3181818181818182
fb312dc6-3cd2d2ac26cc55b7,ec4c7e8e-c2572cc8c5e4bf58,0.3105590062111801,0.3333333333333333
722e318f-826ca322df2b820c,af0deeab-130b7c40b9ef1213,0.30985915492957744,0.5641025641025641
0df4050e-86d83d567ac26e25,609af028-5a383e9eb4f3471c,0.3096774193548387,0.32
47310b0e-fdff208832189888,ec4c7e8e-c2572cc8c5e4bf58,0.30864197530864196,0.32894736842105265
3a12e509-614e0c1349c87d4b,52cd85f2-33c6152660ca36ac,0.3076923076923077,0.55
d3a96420-f6e773a7b2e104ee,00f79486-1b7ed9a4faa83b3e,0.3076923076923077,0.3611111111111111
9862c742-e7dcaae0f81fdccd,00f79486-1b7ed9a4faa83b3e,0.3076923076923077,0.3611111111111111
e812ee0b-35024b82a12a46a7,00f79486-1b7ed9a4faa83b3e,0.3076923076923077,0.32941176470588235
2bbf754b-127d3dc4f1db4fbd,c2242c42-3a355d09ff3aa9be,0.30666666666666664,0.3194444444444444
07749c65-698b652f25329d49,47310b0e-fdff208832189888,0.30666666666666664,0.3108108108108108
29cf2e70-9f6a54c37d2741be,298ee961-3961679290d910cf,0.30601092896174864,0.39436619718309857
72d9eb5b-13bd02a73b41c435,298ee961-3961679290d910cf,0.30601092896174864,0.39436619718309857
2f4509a0-70d5651519f2bff2,ff34fab2-dddfdab3a5ee6d25,0.3058823529411765,0.3170731707317073
884f5678-0317c76cfde402ad,69b8ffb2-3773641ba048a0f3,0.3058823529411765,0.3466666666666667
722e318f-826ca322df2b820c,4552d8a0-85de442bd1a2aa59,0.3057324840764331,0.3076923076923077
69b8ffb2-3773641ba048a0f3,af0deeab-130b7c40b9ef1213,0.30564784053156147,0.4842105263157895
169e34bf-16fd21614ea7c4e5,2bbf754b-127d3dc4f1db4fbd,0.3055555555555556,0.3055555555555556
f5fde094-93b7b0b66b8b7f32,52cd85f2-33c6152660ca36ac,0.3051948051948052,0.46078431372549017
884f5678-0317c76cfde402ad,1230c43e-3b21ddcce1dfaebf,0.304635761589404,0.30666666666666664
6f02c6d9-ec6e1e406ee21f67,ec4c7e8e-c2572cc8c5e4bf58,0.30303030303030304,0.31645569620253167
ce0b2178-e1daf8f00771d216,298ee961-3961679290d910cf,0.3015075376884422,0.3448275862068966
2bbf754b-127d3dc4f1db4fbd,ff10b574-18ffe08f8ee0d8d2,0.30120481927710846,0.3472222222222222
fae0662f-03327ed7ca4a3cc8,c57997b6-f51ca561f668dbb1,0.30057803468208094,0.3466666666666667
e812ee0b-35024b82a12a46a7,cf27732e-fdfeca766216006c,0.30057803468208094,0.3058823529411765
ce0b2178-e1daf8f00771d216,52cd85f2-33c6152660ca36ac,0.3003412969283277,0.5057471264367817
2bbf754b-127d3dc4f1db4fbd,2f4509a0-70d5651519f2bff2,0.2987012987012987,0.3194444444444444
47310b0e-fdff208832189888,e812ee0b-35024b82a12a46a7,0.2981366459627329,0.3157894736842105
2f4509a0-70d5651519f2bff2,ec4c7e8e-c2572cc8c5e4bf58,0.2976190476190476,0.3048780487804878
ff1fc018-e1a03ddb11200bdb,52cd85f2-33c6152660ca36ac,0.2968197879858657,0.5454545454545454
3a12e509-614e0c1349c87d4b,f5fde094-93b7b0b66b8b7f32,0.2967032967032967,0.3375
fb312dc6-3cd2d2ac26cc55b7,ce0b2178-e1daf8f00771d216,0.2962962962962963,0.32
6f02c6d9-ec6e1e406ee21f67,00f79486-1b7ed9a4faa83b3e,0.29545454545454547,0.3291139240506329
ba468e1f-2c1751bc06f09577,f5fde094-93b7b0b66b8b7f32,0.2937853107344633,0.3466666666666667
0df4050e-86d83d567ac26e25,884f5678-0317c76cfde402ad,0.29333333333333333,0.29333333333333333
2120328e-d7167d92b418af4f,af0deeab-130b7c40b9ef1213,0.292358803986711,0.4631578947368421
0df4050e-86d83d567ac26e25,52cd85f2-33c6152660ca36ac,0.2918149466192171,0.5466666666666666
cf27732e-fdfeca766216006c,392218ef-2f727b9ea7435e83,0.2903225806451613,0.3068181818181818
ff1fc018-e1a03ddb11200bdb,af0deeab-130b7c40b9ef1213,0.28975265017667845,0.5324675324675324
3e8ff074-e6fd970bde5201bf,884f5678-0317c76cfde402ad,0.2896551724137931,0.3
0e68e463-53244cb5e0c58144,ce0b2178-e1daf8f00771d216,0.28901734104046245,0.29069767441860467
d3a96420-f6e773a7b2e104ee,52cd85f2-33c6152660ca36ac,0.28776978417266186,0.5555555555555556
0df4050e-86d83d567ac26e25,e812ee0b-35024b82a12a46a7,0.2875,0.30666666666666664
609af028-5a383e9eb4f3471c,ce0b2178-e1daf8f00771d216,0.2874251497005988,0.3
ec4c7e8e-c2572cc8c5e4bf58,69b8ffb2-3773641ba048a0f3,0.287292817679558,0.3023255813953488
00f79486-1b7ed9a4faa83b3e,392218ef-2f727b9ea7435e83,0.28717948717948716,0.28865979381443296
29cf2e70-9f6a54c37d2741be,00f79486-1b7ed9a4faa83b3e,0.2857142857142857,0.3380281690140845
169e34bf-16fd21614ea7c4e5,ba468e1f-2c1751bc06f09577,0.2857142857142857,0.2916666666666667
169e34bf-16fd21614ea7c4e5,884f5678-0317c76cfde402ad,0.2857142857142857,0.2916666666666667
2bbf754b-127d3dc4f1db4fbd,ba468e1f-2c1751bc06f09577,0.2857142857142857,0.2916666666666667
72d9eb5b-13bd02a73b41c435,00f79486-1b7ed9a4faa83b3e,0.2857142857142857,0.3380281690140845
6de04ee2-dfa5e46addb0c6bd,609af028-5a383e9eb4f3471c,0.2857142857142857,0.3333333333333333
6de04ee2-dfa5e46addb0c6bd,52cd85f2-33c6152660ca36ac,0.2857142857142857,0.6333333333333333
b2001d68-33c507515cdbe0d1,298ee961-3961679290d910cf,0.28421052631578947,0.34615384615384615
29cf2e70-9f6a54c37d2741be,c57997b6-f51ca561f668dbb1,0.28402366863905326,0.3380281690140845
72d9eb5b-13bd02a73b41c435,c57997b6-f51ca561f668dbb1,0.28402366863905326,0.3380281690140845
2f4509a0-70d5651519f2bff2,ce0b2178-e1daf8f00771d216,0.28402366863905326,0.2926829268292683
2bbf754b-127d3dc4f1db4fbd,c57997b6-f51ca561f668dbb1,0.2823529411764706,0.3333333333333333
169e34bf-16fd21614ea7c4e5,c9159d9c-45fb548826a31e8d,0.2822085889570552,0.3194444444444444
1230c43e-3b21ddcce1dfaebf,609af028-5a383e9eb4f3471c,0.28205128205128205,0.2894736842105263
584b0e9e-7c4bdb84906c90fa,52cd85f2-33c6152660ca36ac,0.28187919463087246,0.45652173913043476
584b0e9e-fc73f2aebb1d36c9,52cd85f2-33c6152660ca36ac,0.28187919463087246,0.45652173913043476
07749c65-698b652f25329d49,884f5678-0317c76cfde402ad,0.28187919463087246,0.28378378378378377
1230c43e-3b21ddcce1dfaebf,f5fde094-93b7b0b66b8b7f32,0.2808988764044944,0.32894736842105265
2f4509a0-70d5651519f2bff2,00f79486-1b7ed9a4faa83b3e,0.27932960893854747,0.3048780487804878
1230c43e-3b21ddcce1dfaebf,2f4509a0-70d5651519f2bff2,0.27848101265822783,0.2894736842105263
4552d8a0-85de442bd1a2aa59,ce0b2178-e1daf8f00771d216,0.27710843373493976,0.2911392405063291
6de04ee2-dfa5e46addb0c6bd,3e8ff074-e6fd970bde5201bf,0.27692307692307694,0.3
884f5678-0317c76cfde402ad,ff1fc018-e1a03ddb11200bdb,0.27631578947368424,0.28
ec4c7e8e-c2572cc8c5e4bf58,2120328e-d7167d92b418af4f,0.27624309392265195,0.29069767441860467
392218ef-2f727b9ea7435e83,298ee961-3961679290d910cf,0.2761904761904762,0.29591836734693877
3e8ff074-e6fd970bde5201bf,fae0662f-03327ed7ca4a3cc8,0.27586206896551724,0.2857142857142857
47310b0e-fdff208832189888,ff1fc018-e1a03ddb11200bdb,0.27450980392156865,0.27631578947368424
b2001d68-33c507515cdbe0d1,00f79486-1b7ed9a4faa83b3e,0.2742857142857143,0.3076923076923077
0e68e463-53244cb5e0c58144,52cd85f2-33c6152660ca36ac,0.273972602739726,0.46511627906976744
722e318f-826ca322df2b820c,298ee961-3961679290d910cf,0.2736842105263158,0.3333333333333333
722e318f-826ca322df2b820c,c9159d9c-45fb548826a31e8d,0.27218934911242604,0.2948717948717949
fae0662f-03327ed7ca4a3cc8,ce0b2178-e1daf8f00771d216,0.2716049382716049,0.29333333333333333
00f79486-1b7ed9a4faa83b3e,f5fde094-93b7b0b66b8b7f32,0.271356783919598,0.27835051546391754
3a12e509-614e0c1349c87d4b,298ee961-3961679290d910cf,0.2708333333333333,0.325
cf27732e-fdfeca766216006c,c57997b6-f51ca561f668dbb1,0.26881720430107525,0.2840909090909091
722e318f-826ca322df2b820c,0e68e463-53244cb5e0c58144,0.2682926829268293,0.28205128205128205
ce0b2178-e1daf8f00771d216,584b0e9e-7c4bdb84906c90fa,0.2681564245810056,0.27586206896551724
ce0b2178-e1daf8f00771d216,584b0e9e-fc73f2aebb1d36c9,0.2681564245810056,0.27586206896551724
3e8ff074-e6fd970bde5201bf,9862c742-e7dcaae0f81fdccd,0.2676056338028169,0.2714285714285714
fb312dc6-3cd2d2ac26cc55b7,c57997b6-f51ca561f668dbb1,0.2658959537572254,0.30666666666666664
fb312dc6-3cd2d2ac26cc55b7,1230c43e-3b21ddcce1dfaebf,0.26490066225165565,0.26666666666666666
3a12e509-614e0c1349c87d4b,ce0b2178-e1daf8f00771d216,0.2634730538922156,0.275
2bbf754b-127d3dc4f1db4fbd,3a12e509-614e0c1349c87d4b,0.2631578947368421,0.2777777777777778
2bbf754b-127d3dc4f1db4fbd,609af028-5a383e9eb4f3471c,0.2631578947368421,0.2777777777777778
ec4c7e8e-c2572cc8c5e4bf58,298ee961-3961679290d910cf,0.26262626262626265,0.3023255813953488
3e8ff074-e6fd970bde5201bf,0df4050e-86d83d567ac26e25,0.2620689655172414,0.2714285714285714
3e8ff074-e6fd970bde5201bf,fb312dc6-3cd2d2ac26cc55b7,0.2620689655172414,0.2714285714285714
3e8ff074-e6fd970bde5201bf,c57997b6-f51ca561f668dbb1,0.2619047619047619,0.3142857142857143
0df4050e-86d83d567ac26e25,722e318f-826ca322df2b820c,0.26143790849673204,0.26666666666666666
b2001d68-33c507515cdbe0d1,c57997b6-f51ca561f668dbb1,0.26136363636363635,0.2948717948717949
fae0662f-03327ed7ca4a3cc8,ec4c7e8e-c2572cc8c5e4bf58,0.2608695652173913,0.28
69b8ffb2-3773641ba048a0f3,298ee961-3961679290d910cf,0.2608695652173913,0.28421052631578947
609af028-5a383e9eb4f3471c,298ee961-3961679290d910cf,0.2604166666666667,0.3125
3e8ff074-e6fd970bde5201bf,1230c43e-3b21ddcce1dfaebf,0.2602739726027397,0.2714285714285714
3e8ff074-e6fd970bde5201bf,b790ef12-50a6dbb7806a3c2c,0.2585034013605442,0.2714285714285714
1230c43e-3b21ddcce1dfaebf,69b8ffb2-3773641ba048a0f3,0.2573099415204678,0.2894736842105263
169e34bf-16fd21614ea7c4e5,47310b0e-fdff208832189888,0.25675675675675674,0.2638888888888889
47310b0e-fdff208832189888,ff34fab2-dddfdab3a5ee6d25,0.25609756097560976,0.27631578947368424
d9199dfd-f9479396f37b87d9,af0deeab-130b7c40b9ef1213,0.2560553633217993,0.4457831325301205
c9159d9c-45fb548826a31e8d,52cd85f2-33c6152660ca36ac,0.2558922558922559,0.4175824175824176
e812ee0b-35024b82a12a46a7,ce0b2178-e1daf8f00771d216,0.2558139534883721,0.25882352941176473
3e8ff074-e6fd970bde5201bf,29cf2e70-9f6a54c37d2741be,0.2553191489361702,0.2571428571428571
3e8ff074-e6fd970bde5201bf,72d9eb5b-13bd02a73b41c435,0.2553191489361702,0.2571428571428571
b2001d68-33c507515cdbe0d1,ce0b2178-e1daf8f00771d216,0.2545454545454545,0.2692307692307692
3e8ff074-e6fd970bde5201bf,cf27732e-fdfeca766216006c,0.25316455696202533,0.2857142857142857
3a12e509-614e0c1349c87d4b,ec4c7e8e-c2572cc8c5e4bf58,0.25301204819277107,0.2625
ff10b574-18ffe08f8ee0d8d2,298ee961-3961679290d910cf,0.2524271844660194,0.2765957446808511
c9159d9c-45fb548826a31e8d,584b0e9e-7c4bdb84906c90fa,0.25136612021857924,0.25274725274725274
c9159d9c-45fb548826a31e8d,584b0e9e-fc73f2aebb1d36c9,0.25136612021857924,0.25274725274725274
cf27732e-fdfeca766216006c,69b8ffb2-3773641ba048a0f3,0.25136612021857924,0.26136363636363635
3e8ff074-e6fd970bde5201bf,07749c65-698b652f25329d49,0.25,0.2571428571428571
0e68e463-53244cb5e0c58144,c57997b6-f51ca561f668dbb1,0.25,0.26744186046511625
392218ef-2f727b9ea7435e83,af0deeab-130b7c40b9ef1213,0.25,0.3877551020408163
07749c65-698b652f25329d49,af0deeab-130b7c40b9ef1213,0.25,0.47297297297297297
fae0662f-03327ed7ca4a3cc8,af0deeab-130b7c40b9ef1213,0.2491103202846975,0.4666666666666667
fb312dc6-3cd2d2ac26cc55b7,af0deeab-130b7c40b9ef1213,0.2491103202846975,0.4666666666666667
3e8ff074-e6fd970bde5201bf,d9199dfd-f9479396f37b87d9,0.24836601307189543,0.2714285714285714
3e8ff074-e6fd970bde5201bf,ba468e1f-2c1751bc06f09577,0.2482758620689655,0.2571428571428571
47310b0e-fdff208832189888,52cd85f2-33c6152660ca36ac,0.24822695035460993,0.4605263157894737
ec4c7e8e-c2572cc8c5e4bf58,52cd85f2-33c6152660ca36ac,0.2465753424657534,0.4186046511627907
0e68e463-53244cb5e0c58144,af0deeab-130b7c40b9ef1213,0.2465753424657534,0.4186046511627907
ba468e1f-2c1751bc06f09577,298ee961-3961679290d910cf,0.24598930481283424,0.30666666666666664
ba468e1f-2c1751bc06f09577,3a12e509-614e0c1349c87d4b,0.24516129032258063,0.25333333333333335
884f5678-0317c76cfde402ad,609af028-5a383e9eb4f3471c,0.24516129032258063,0.25333333333333335
2bbf754b-127d3dc4f1db4fbd,fb312dc6-3cd2d2ac26cc55b7,0.24489795918367346,0.25
0e68e463-53244cb5e0c58144,f5fde094-93b7b0b66b8b7f32,0.24468085106382978,0.26744186046511625
722e318f-826ca322df2b820c,f5fde094-93b7b0b66b8b7f32,0.24444444444444444,0.28205128205128205
ba468e1f-2c1751bc06f09577,00f79486-1b7ed9a4faa83b3e,0.2441860465116279,0.28
ff1fc018-e1a03ddb11200bdb,ce0b2178-e1daf8f00771d216,0.24390243902439024,0.2597402597402597
3e8ff074-e6fd970bde5201bf,2120328e-d7167d92b418af4f,0.24242424242424243,0.2857142857142857
722e318f-826ca322df2b820c,cf27732e-fdfeca766216006c,0.24096385542168675,0.2564102564102564
6de04ee2-dfa5e46addb0c6bd,c57997b6-f51ca561f668dbb1,0.24050632911392406,0.31666666666666665
722e318f-826ca322df2b820c,609af028-5a383e9eb4f3471c,0.24050632911392406,0.24358974358974358
3e8ff074-e6fd970bde5201bf,609af028-5a383e9eb4f3471c,0.24,0.2571428571428571
cf27732e-fdfeca766216006c,298ee961-3961679290d910cf,0.24,0.2727272727272727
f0ede32a-26a48846fbd7e7b6,00f79486-1b7ed9a4faa83b3e,0.23952095808383234,0.2857142857142857
464a03b8-26a48846fbd7e7b6,00f79486-1b7ed9a4faa83b3e,0.23952095808383234,0.2857142857142857
3e8ff074-e6fd970bde5201bf,d3a96420-f6e773a7b2e104ee,0.23943661971830985,0.24285714285714285
2f4509a0-70d5651519f2bff2,f5fde094-93b7b0b66b8b7f32,0.2391304347826087,0.2682926829268293
298ee961-3961679290d910cf,af0deeab-130b7c40b9ef1213,0.2389937106918239,0.3392857142857143
ce0b2178-e1daf8f00771d216,af0deeab-130b7c40b9ef1213,0.23890784982935154,0.40229885057471265
00f79486-1b7ed9a4faa83b3e,52cd85f2-33c6152660ca36ac,0.2376237623762376,0.3711340206185567
169e34bf-16fd21614ea7c4e5,af0deeab-130b7c40b9ef1213,0.23741007194244604,0.4583333333333333
ff34fab2-dddfdab3a5ee6d25,c57997b6-f51ca561f668dbb1,0.23655913978494625,0.25
c9159d9c-45fb548826a31e8d,298ee961-3961679290d910cf,0.23645320197044334,0.26373626373626374
392218ef-2f727b9ea7435e83,c57997b6-f51ca561f668dbb1,0.23469387755102042,0.23469387755102042
ff1fc018-e1a03ddb11200bdb,f5fde094-93b7b0b66b8b7f32,0.2346368715083799,0.2727272727272727
47310b0e-fdff208832189888,722e318f-826ca322df2b820c,0.23376623376623376,0.23684210526315788
4552d8a0-85de442bd1a2aa59,af0deeab-130b7c40b9ef1213,0.23157894736842105,0.4177215189873418
2bbf754b-127d3dc4f1db4fbd,fae0662f-03327ed7ca4a3cc8,0.23129251700680273,0.2361111111111111
3e8ff074-e6fd970bde5201bf,0e68e463-53244cb5e0c58144,0.23076923076923078,0.2571428571428571
ce0b2178-e1daf8f00771d216,69b8ffb2-3773641ba048a0f3,0.23076923076923078,0.2413793103448276
f0ede32a-26a48846fbd7e7b6,298ee961-3961679290d910cf,0.23076923076923078,0.3
464a03b8-26a48846fbd7e7b6,298ee961-3961679290d910cf,0.23076923076923078,0.3
4552d8a0-85de442bd1a2aa59,298ee961-3961679290d910cf,0.23036649214659685,0.27848101265822783
1230c43e-3b21ddcce1dfaebf,c57997b6-f51ca561f668dbb1,0.22988505747126436,0.2631578947368421
d3a96420-f6e773a7b2e104ee,1230c43e-3b21ddcce1dfaebf,0.22972972972972974,0.2361111111111111
c9159d9c-45fb548826a31e8d,af0deeab-130b7c40b9ef1213,0.22895622895622897,0.37362637362637363
169e34bf-16fd21614ea7c4e5,298ee961-3961679290d910cf,0.22826086956521738,0.2916666666666667
29cf2e70-9f6a54c37d2741be,722e318f-826ca322df2b820c,0.22818791946308725,0.23943661971830985
72d9eb5b-13bd02a73b41c435,722e318f-826ca322df2b820c,0.22818791946308725,0.23943661971830985
47310b0e-fdff208832189888,c9159d9c-45fb548826a31e8d,0.2275449101796407,0.25
ce0b2178-e1daf8f00771d216,c57997b6-f51ca561f668dbb1,0.22702702702702704,0.2413793103448276
3e8ff074-e6fd970bde5201bf,3a12e509-614e0c1349c87d4b,0.22666666666666666,0.24285714285714285
3e8ff074-e6fd970bde5201bf,392218ef-2f727b9ea7435e83,0.2261904761904762,0.2714285714285714
47310b0e-fdff208832189888,584b0e9e-7c4bdb84906c90fa,0.2261904761904762,0.25
47310b0e-fdff208832189888,584b0e9e-fc73f2aebb1d36c9,0.2261904761904762,0.25
b790ef12-50a6dbb7806a3c2c,af0deeab-130b7c40b9ef1213,0.22614840989399293,0.4155844155844156
6de04ee2-dfa5e46addb0c6bd,2f4509a0-70d5651519f2bff2,0.22535211267605634,0.26666666666666666
fae0662f-03327ed7ca4a3cc8,1230c43e-3b21ddcce1dfaebf,0.2251655629139073,0.22666666666666666
ff10b574-18ffe08f8ee0d8d2,f5fde094-93b7b0b66b8b7f32,0.22448979591836735,0.23404255319148937
3a12e509-614e0c1349c87d4b,af0deeab-130b7c40b9ef1213,0.22377622377622378,0.4
609af028-5a383e9eb4f3471c,52cd85f2-33c6152660ca36ac,0.22377622377622378,0.4
9862c742-e7dcaae0f81fdccd,af0deeab-130b7c40b9ef1213,0.22302158273381295,0.4305555555555556
584b0e9e-7c4bdb84906c90fa,af0deeab-130b7c40b9ef1213,0.2214765100671141,0.358695652173913
584b0e9e-fc73f2aebb1d36c9,af0deeab-130b7c40b9ef1213,0.2214765100671141,0.358695652173913
584b0e9e-7c4bdb84906c90fa,392218ef-2f727b9ea7435e83,0.22105263157894736,0.22826086956521738
584b0e9e-fc73f2aebb1d36c9,392218ef-2f727b9ea7435e83,0.22105263157894736,0.22826086956521738
c2242c42-3a355d09ff3aa9be,298ee961-3961679290d910cf,0.22105263157894736,0.2692307692307692
2f4509a0-70d5651519f2bff2,c9159d9c-45fb548826a31e8d,0.21965317919075145,0.23170731707317074
884f5678-0317c76cfde402ad,c57997b6-f51ca561f668dbb1,0.21965317919075145,0.25333333333333335
3e8ff074-e6fd970bde5201bf,ff10b574-18ffe08f8ee0d8d2,0.21951219512195122,0.2571428571428571
c57997b6-f51ca561f668dbb1,298ee961-3961679290d910cf,0.21904761904761905,0.23469387755102042
c2242c42-3a355d09ff3aa9be,af0deeab-130b7c40b9ef1213,0.21830985915492956,0.3974358974358974
6de04ee2-dfa5e46addb0c6bd,af0deeab-130b7c40b9ef1213,0.21804511278195488,0.48333333333333334
722e318f-826ca322df2b820c,b2001d68-33c507515cdbe0d1,0.21794871794871795,0.21794871794871795
47310b0e-fdff208832189888,3a12e509-614e0c1349c87d4b,0.21794871794871795,0.2236842105263158
3e8ff074-e6fd970bde5201bf,ff1fc018-e1a03ddb11200bdb,0.21768707482993196,0.22857142857142856
6de04ee2-dfa5e46addb0c6bd,ce0b2178-e1daf8f00771d216,0.21768707482993196,0.26666666666666666
b790ef12-50a6dbb7806a3c2c,c57997b6-f51ca561f668dbb1,0.21714285714285714,0.24675324675324675
884f5678-0317c76cfde402ad,c9159d9c-45fb548826a31e8d,0.21686746987951808,0.24
6de04ee2-dfa5e46addb0c6bd,00f79486-1b7ed9a4faa83b3e,0.21656050955414013,0.2833333333333333
3e8ff074-e6fd970bde5201bf,b2001d68-33c507515cdbe0d1,0.21621621621621623,0.22857142857142856
2bbf754b-127d3dc4f1db4fbd,1230c43e-3b21ddcce1dfaebf,0.21621621621621623,0.2222222222222222
d3a96420-f6e773a7b2e104ee,af0deeab-130b7c40b9ef1213,0.2158273381294964,0.4166666666666667
584b0e9e-7c4bdb84906c90fa,298ee961-3961679290d910cf,0.21568627450980393,0.2391304347826087
584b0e9e-fc73f2aebb1d36c9,298ee961-3961679290d910cf,0.21568627450980393,0.2391304347826087
d9199dfd-f9479396f37b87d9,298ee961-3961679290d910cf,0.2153846153846154,0.25301204819277107
3e8ff074-e6fd970bde5201bf,ff34fab2-dddfdab3a5ee6d25,0.21518987341772153,0.24285714285714285
169e34bf-16fd21614ea7c4e5,ec4c7e8e-c2572cc8c5e4bf58,0.21518987341772153,0.2361111111111111
c9159d9c-45fb548826a31e8d,2120328e-d7167d92b418af4f,0.21505376344086022,0.21978021978021978
f0ede32a-26a48846fbd7e7b6,c57997b6-f51ca561f668dbb1,0.21428571428571427,0.2571428571428571
464a03b8-26a48846fbd7e7b6,c57997b6-f51ca561f668dbb1,0.21428571428571427,0.2571428571428571
fb312dc6-3cd2d2ac26cc55b7,298ee961-3961679290d910cf,0.21390374331550802,0.26666666666666666
0df4050e-86d83d567ac26e25,af0deeab-130b7c40b9ef1213,0.21352313167259787,0.4
3e8ff074-e6fd970bde5201bf,c9159d9c-45fb548826a31e8d,0.2111801242236025,0.24285714285714285
c2242c42-3a355d09ff3aa9be,f5fde094-93b7b0b66b8b7f32,0.2111111111111111,0.24358974358974358
f0ede32a-26a48846fbd7e7b6,af0deeab-130b7c40b9ef1213,0.21014492753623187,0.4142857142857143
464a03b8-26a48846fbd7e7b6,af0deeab-130b7c40b9ef1213,0.21014492753623187,0.4142857142857143
3e8ff074-e6fd970bde5201bf,584b0e9e-7c4bdb84906c90fa,0.20987654320987653,0.24285714285714285
3e8ff074-e6fd970bde5201bf,584b0e9e-fc73f2aebb1d36c9,0.20987654320987653,0.24285714285714285
b790ef12-50a6dbb7806a3c2c,00f79486-1b7ed9a4faa83b3e,0.20689655172413793,0.23376623376623376
cf27732e-fdfeca766216006c,00f79486-1b7ed9a4faa83b3e,0.20540540540540542,0.2159090909090909
c2242c42-3a355d09ff3aa9be,c57997b6-f51ca561f668dbb1,0.20454545454545456,0.23076923076923078
6f02c6d9-ec6e1e406ee21f67,af0deeab-130b7c40b9ef1213,0.20350877192982456,0.3670886075949367
fb312dc6-3cd2d2ac26cc55b7,f5fde094-93b7b0b66b8b7f32,0.2033898305084746,0.24
2120328e-d7167d92b418af4f,298ee961-3961679290d910cf,0.2028985507246377,0.22105263157894736
1230c43e-3b21ddcce1dfaebf,584b0e9e-7c4bdb84906c90fa,0.20238095238095238,0.2236842105263158
1230c43e-3b21ddcce1dfaebf,584b0e9e-fc73f2aebb1d36c9,0.20238095238095238,0.2236842105263158
2f4509a0-70d5651519f2bff2,c57997b6-f51ca561f668dbb1,0.2,0.21951219512195122
d9199dfd-f9479396f37b87d9,c57997b6-f51ca561f668dbb1,0.19889502762430938,0.21686746987951808
3a12e509-614e0c1349c87d4b,c9159d9c-45fb548826a31e8d,0.19883040935672514,0.2125
07749c65-698b652f25329d49,c57997b6-f51ca561f668dbb1,0.19767441860465115,0.22972972972972974
0df4050e-86d83d567ac26e25,ce0b2178-e1daf8f00771d216,0.19753086419753085,0.21333333333333335
3e8ff074-e6fd970bde5201bf,2f4509a0-70d5651519f2bff2,0.19736842105263158,0.21428571428571427
cf27732e-fdfeca766216006c,af0deeab-130b7c40b9ef1213,0.19727891156462585,0.32954545454545453
169e34bf-16fd21614ea7c4e5,f5fde094-93b7b0b66b8b7f32,0.19540229885057472,0.2361111111111111
4552d8a0-85de442bd1a2aa59,c57997b6-f51ca561f668dbb1,0.192090395480226,0.21518987341772153
00f79486-1b7ed9a4faa83b3e,af0deeab-130b7c40b9ef1213,0.19141914191419143,0.29896907216494845
6de04ee2-dfa5e46addb0c6bd,47310b0e-fdff208832189888,0.19117647058823528,0.21666666666666667
2bbf754b-127d3dc4f1db4fbd,e812ee0b-35024b82a12a46a7,0.1910828025477707,0.20833333333333334
29cf2e70-9f6a54c37d2741be,ce0b2178-e1daf8f00771d216,0.189873417721519,0.2112676056338028
72d9eb5b-13bd02a73b41c435,ce0b2178-e1daf8f00771d216,0.189873417721519,0.2112676056338028
cf27732e-fdfeca766216006c,f5fde094-93b7b0b66b8b7f32,0.18947368421052632,0.20454545454545456
d3a96420-f6e773a7b2e104ee,ce0b2178-e1daf8f00771d216,0.18867924528301888,0.20833333333333334
f5fde094-93b7b0b66b8b7f32,af0deeab-130b7c40b9ef1213,0.18831168831168832,0.28431372549019607
ff10b574-18ffe08f8ee0d8d2,c57997b6-f51ca561f668dbb1,0.1875,0.19148936170212766
884f5678-0317c76cfde402ad,e812ee0b-35024b82a12a46a7,0.1875,0.2
1230c43e-3b21ddcce1dfaebf,2120328e-d7167d92b418af4f,0.1871345029239766,0.21052631578947367
2bbf754b-127d3dc4f1db4fbd,52cd85f2-33c6152660ca36ac,0.18705035971223022,0.3611111111111111
e812ee0b-35024b82a12a46a7,c57997b6-f51ca561f668dbb1,0.18579234972677597,0.2
ec4c7e8e-c2572cc8c5e4bf58,00f79486-1b7ed9a4faa83b3e,0.18579234972677597,0.19767441860465115
ec4c7e8e-c2572cc8c5e4bf58,ce0b2178-e1daf8f00771d216,0.18497109826589594,0.18604651162790697
ec4c7e8e-c2572cc8c5e4bf58,c57997b6-f51ca561f668dbb1,0.18478260869565216,0.19767441860465115
9862c742-e7dcaae0f81fdccd,298ee961-3961679290d910cf,0.18478260869565216,0.2361111111111111
c57997b6-f51ca561f668dbb1,af0deeab-130b7c40b9ef1213,0.18421052631578946,0.2857142857142857
722e318f-826ca322df2b820c,c57997b6-f51ca561f668dbb1,0.18181818181818182,0.20512820512820512
0df4050e-86d83d567ac26e25,298ee961-3961679290d910cf,0.18181818181818182,0.22666666666666666
609af028-5a383e9eb4f3471c,af0deeab-130b7c40b9ef1213,0.18181818181818182,0.325
884f5678-0317c76cfde402ad,298ee961-3961679290d910cf,0.18181818181818182,0.22666666666666666
fae0662f-03327ed7ca4a3cc8,f5fde094-93b7b0b66b8b7f32,0.1807909604519774,0.21333333333333335
0df4050e-86d83d567ac26e25,f5fde094-93b7b0b66b8b7f32,0.1807909604519774,0.21333333333333335
6f02c6d9-ec6e1e406ee21f67,ce0b2178-e1daf8f00771d216,0.18072289156626506,0.189873417721519
c57997b6-f51ca561f668dbb1,52cd85f2-33c6152660ca36ac,0.17763157894736842,0.2755102040816326
4552d8a0-85de442bd1a2aa59,f5fde094-93b7b0b66b8b7f32,0.17679558011049723,0.20253164556962025
6f02c6d9-ec6e1e406ee21f67,f5fde094-93b7b0b66b8b7f32,0.17679558011049723,0.20253164556962025
3e8ff074-e6fd970bde5201bf,298ee961-3961679290d910cf,0.17582417582417584,0.22857142857142856
584b0e9e-7c4bdb84906c90fa,f5fde094-93b7b0b66b8b7f32,0.17525773195876287,0.18478260869565216
584b0e9e-fc73f2aebb1d36c9,f5fde094-93b7b0b66b8b7f32,0.17525773195876287,0.18478260869565216
3e8ff074-e6fd970bde5201bf,6f02c6d9-ec6e1e406ee21f67,0.174496644295302,0.18571428571428572
884f5678-0317c76cfde402ad,0e68e463-53244cb5e0c58144,0.17391304347826086,0.18666666666666668
07749c65-698b652f25329d49,ce0b2178-e1daf8f00771d216,0.17391304347826086,0.1891891891891892
ba468e1f-2c1751bc06f09577,c57997b6-f51ca561f668dbb1,0.17341040462427745,0.2
1230c43e-3b21ddcce1dfaebf,00f79486-1b7ed9a4faa83b3e,0.17341040462427745,0.19736842105263158
ff10b574-18ffe08f8ee0d8d2,af0deeab-130b7c40b9ef1213,0.17333333333333334,0.2765957446808511
ce0b2178-e1daf8f00771d216,392218ef-2f727b9ea7435e83,0.17297297297297298,0.1839080459770115
d9199dfd-f9479396f37b87d9,f5fde094-93b7b0b66b8b7f32,0.17297297297297298,0.1927710843373494
ff1fc018-e1a03ddb11200bdb,c57997b6-f51ca561f668dbb1,0.17142857142857143,0.19480519480519481
609af028-5a383e9eb4f3471c,2120328e-d7167d92b418af4f,0.17142857142857143,0.1875
ce0b2178-e1daf8f00771d216,ff34fab2-dddfdab3a5ee6d25,0.17142857142857143,0.1724137931034483
e812ee0b-35024b82a12a46a7,f5fde094-93b7b0b66b8b7f32,0.1711229946524064,0.18823529411764706
b790ef12-50a6dbb7806a3c2c,ce0b2178-e1daf8f00771d216,0.17073170731707318,0.18181818181818182
392218ef-2f727b9ea7435e83,f5fde094-93b7b0b66b8b7f32,0.17,0.17346938775510204
ff34fab2-dddfdab3a5ee6d25,298ee961-3961679290d910cf,0.17,0.19318181818181818
ba468e1f-2c1751bc06f09577,722e318f-826ca322df2b820c,0.16993464052287582,0.17333333333333334
609af028-5a383e9eb4f3471c,00f79486-1b7ed9a4faa83b3e,0.1694915254237288,0.1875
c9159d9c-45fb548826a31e8d,c57997b6-f51ca561f668dbb1,0.1693121693121693,0.17582417582417584
2120328e-d7167d92b418af4f,c57997b6-f51ca561f668dbb1,0.16580310880829016,0.16842105263157894
2bbf754b-127d3dc4f1db4fbd,00f79486-1b7ed9a4faa83b3e,0.16568047337278108,0.19444444444444445
2f4509a0-70d5651519f2bff2,298ee961-3961679290d910cf,0.16494845360824742,0.1951219512195122
884f5678-0317c76cfde402ad,af0deeab-130b7c40b9ef1213,0.16370106761565836,0.30666666666666664
2bbf754b-127d3dc4f1db4fbd,884f5678-0317c76cfde402ad,0.16326530612244897,0.16666666666666666
00f79486-1b7ed9a4faa83b3e,298ee961-3961679290d910cf,0.16267942583732056,0.17525773195876287
884f5678-0317c76cfde402ad,ec4c7e8e-c2572cc8c5e4bf58,0.16149068322981366,0.17333333333333334
1230c43e-3b21ddcce1dfaebf,47310b0e-fdff208832189888,0.15789473684210525,0.15789473684210525
1230c43e-3b21ddcce1dfaebf,ff1fc018-e1a03ddb11200bdb,0.1568627450980392,0.15789473684210525
1230c43e-3b21ddcce1dfaebf,52cd85f2-33c6152660ca36ac,0.15602836879432624,0.2894736842105263
1230c43e-3b21ddcce1dfaebf,4552d8a0-85de442bd1a2aa59,0.15483870967741936,0.15789473684210525
47310b0e-fdff208832189888,69b8ffb2-3773641ba048a0f3,0.15204678362573099,0.17105263157894737
884f5678-0317c76cfde402ad,00f79486-1b7ed9a4faa83b3e,0.1511627906976744,0.17333333333333334
2bbf754b-127d3dc4f1db4fbd,af0deeab-130b7c40b9ef1213,0.1510791366906475,0.2916666666666667
1230c43e-3b21ddcce1dfaebf,392218ef-2f727b9ea7435e83,0.14942528735632185,0.17105263157894737
3e8ff074-e6fd970bde5201bf,c2242c42-3a355d09ff3aa9be,0.14864864864864866,0.15714285714285714
6f02c6d9-ec6e1e406ee21f67,c57997b6-f51ca561f668dbb1,0.14689265536723164,0.16455696202531644
1230c43e-3b21ddcce1dfaebf,ff34fab2-dddfdab3a5ee6d25,0.14634146341463414,0.15789473684210525
2f4509a0-70d5651519f2bff2,af0deeab-130b7c40b9ef1213,0.14583333333333334,0.25609756097560976
0df4050e-86d83d567ac26e25,1230c43e-3b21ddcce1dfaebf,0.1456953642384106,0.14666666666666667
ba468e1f-2c1751bc06f09577,1230c43e-3b21ddcce1dfaebf,0.1456953642384106,0.14666666666666667
3e8ff074-e6fd970bde5201bf,69b8ffb2-3773641ba048a0f3,0.14545454545454545,0.17142857142857143
1230c43e-3b21ddcce1dfaebf,b790ef12-50a6dbb7806a3c2c,0.1437908496732026,0.14473684210526316
1230c43e-3b21ddcce1dfaebf,c9159d9c-45fb548826a31e8d,0.1437125748502994,0.15789473684210525
ce0b2178-e1daf8f00771d216,00f79486-1b7ed9a4faa83b3e,0.14130434782608695,0.14942528735632185
d3a96420-f6e773a7b2e104ee,298ee961-3961679290d910cf,0.14130434782608695,0.18055555555555555
f5fde094-93b7b0b66b8b7f32,298ee961-3961679290d910cf,0.14018691588785046,0.14705882352941177
6de04ee2-dfa5e46addb0c6bd,298ee961-3961679290d910cf,0.13953488372093023,0.2
fb312dc6-3cd2d2ac26cc55b7,00f79486-1b7ed9a4faa83b3e,0.13953488372093023,0.16
47310b0e-fdff208832189888,00f79486-1b7ed9a4faa83b3e,0.13872832369942195,0.15789473684210525
298ee961-3961679290d910cf,52cd85f2-33c6152660ca36ac,0.13836477987421383,0.19642857142857142
1230c43e-3b21ddcce1dfaebf,298ee961-3961679290d910cf,0.13829787234042554,0.17105263157894737
29cf2e70-9f6a54c37d2741be,af0deeab-130b7c40b9ef1213,0.1371841155234657,0.2676056338028169
72d9eb5b-13bd02a73b41c435,af0deeab-130b7c40b9ef1213,0.1371841155234657,0.2676056338028169
ec4c7e8e-c2572cc8c5e4bf58,af0deeab-130b7c40b9ef1213,0.136986301369863,0.23255813953488372
ba468e1f-2c1751bc06f09577,ce0b2178-e1daf8f00771d216,0.13580246913580246,0.14666666666666667
1230c43e-3b21ddcce1dfaebf,0e68e463-53244cb5e0c58144,0.13580246913580246,0.14473684210526316
2bbf754b-127d3dc4f1db4fbd,47310b0e-fdff208832189888,0.13513513513513514,0.1388888888888889
722e318f-826ca322df2b820c,ec4c7e8e-c2572cc8c5e4bf58,0.13414634146341464,0.14102564102564102
1230c43e-3b21ddcce1dfaebf,cf27732e-fdfeca766216006c,0.13414634146341464,0.14473684210526316
b2001d68-33c507515cdbe0d1,af0deeab-130b7c40b9ef1213,0.13380281690140844,0.24358974358974358
3e8ff074-e6fd970bde5201bf,00f79486-1b7ed9a4faa83b3e,0.1317365269461078,0.15714285714285714
c57997b6-f51ca561f668dbb1,f5fde094-93b7b0b66b8b7f32,0.13,0.1326530612244898
d9199dfd-f9479396f37b87d9,ce0b2178-e1daf8f00771d216,0.12941176470588237,0.13253012048192772
1230c43e-3b21ddcce1dfaebf,ff10b574-18ffe08f8ee0d8d2,0.12941176470588237,0.14473684210526316
3e8ff074-e6fd970bde5201bf,f5fde094-93b7b0b66b8b7f32,0.12790697674418605,0.15714285714285714
1230c43e-3b21ddcce1dfaebf,af0deeab-130b7c40b9ef1213,0.1276595744680851,0.23684210526315788
f0ede32a-26a48846fbd7e7b6,ce0b2178-e1daf8f00771d216,0.12738853503184713,0.14285714285714285
464a03b8-26a48846fbd7e7b6,ce0b2178-e1daf8f00771d216,0.12738853503184713,0.14285714285714285
29cf2e70-9f6a54c37d2741be,f5fde094-93b7b0b66b8b7f32,0.12716763005780346,0.15492957746478872
72d9eb5b-13bd02a73b41c435,f5fde094-93b7b0b66b8b7f32,0.12716763005780346,0.15492957746478872
d3a96420-f6e773a7b2e104ee,f5fde094-93b7b0b66b8b7f32,0.12643678160919541,0.1527777777777778
9862c742-e7dcaae0f81fdccd,f5fde094-93b7b0b66b8b7f32,0.12643678160919541,0.1527777777777778
169e34bf-16fd21614ea7c4e5,ce0b2178-e1daf8f00771d216,0.12578616352201258,0.1388888888888889
9862c742-e7dcaae0f81fdccd,ce0b2178-e1daf8f00771d216,0.12578616352201258,0.1388888888888889
ce0b2178-e1daf8f00771d216,cf27732e-fdfeca766216006c,0.12571428571428572,0.12643678160919541
07749c65-698b652f25329d49,f5fde094-93b7b0b66b8b7f32,0.125,0.14864864864864866
b790ef12-50a6dbb7806a3c2c,f5fde094-93b7b0b66b8b7f32,0.12290502793296089,0.14285714285714285
47310b0e-fdff208832189888,ce0b2178-e1daf8f00771d216,0.12269938650306748,0.13157894736842105
b2001d68-33c507515cdbe0d1,f5fde094-93b7b0b66b8b7f32,0.12222222222222222,0.14102564102564102
69b8ffb2-3773641ba048a0f3,f5fde094-93b7b0b66b8b7f32,0.1218274111675127,0.12631578947368421
2bbf754b-127d3dc4f1db4fbd,298ee961-3961679290d910cf,0.11956521739130435,0.1527777777777778
169e34bf-16fd21614ea7c4e5,c57997b6-f51ca561f668dbb1,0.11764705882352941,0.1388888888888889
c9159d9c-45fb548826a31e8d,00f79486-1b7ed9a4faa83b3e,0.11702127659574468,0.12087912087912088
ec4c7e8e-c2572cc8c5e4bf58,f5fde094-93b7b0b66b8b7f32,0.11702127659574468,0.12790697674418605
3e8ff074-e6fd970bde5201bf,52cd85f2-33c6152660ca36ac,0.11594202898550725,0.22857142857142856
69b8ffb2-3773641ba048a0f3,c57997b6-f51ca561f668dbb1,0.11398963730569948,0.11578947368421053
ba468e1f-2c1751bc06f09577,af0deeab-130b7c40b9ef1213,0.11387900355871886,0.21333333333333335
3a12e509-614e0c1349c87d4b,c57997b6-f51ca561f668dbb1,0.11235955056179775,0.125
47310b0e-fdff208832189888,f5fde094-93b7b0b66b8b7f32,0.11235955056179775,0.13157894736842105
609af028-5a383e9eb4f3471c,f5fde094-93b7b0b66b8b7f32,0.10989010989010989,0.125
584b0e9e-7c4bdb84906c90fa,c57997b6-f51ca561f668dbb1,0.10526315789473684,0.10869565217391304
584b0e9e-fc73f2aebb1d36c9,c57997b6-f51ca561f668dbb1,0.10526315789473684,0.10869565217391304
47310b0e-fdff208832189888,af0deeab-130b7c40b9ef1213,0.09929078014184398,0.18421052631578946
6de04ee2-dfa5e46addb0c6bd,1230c43e-3b21ddcce1dfaebf,0.08823529411764706,0.1
fae0662f-03327ed7ca4a3cc8,00f79486-1b7ed9a4faa83b3e,0.08139534883720931,0.09333333333333334
169e34bf-16fd21614ea7c4e5,1230c43e-3b21ddcce1dfaebf,0.08108108108108109,0.08333333333333333
9862c742-e7dcaae0f81fdccd,1230c43e-3b21ddcce1dfaebf,0.08108108108108109,0.08333333333333333
0df4050e-86d83d567ac26e25,c57997b6-f51ca561f668dbb1,0.08092485549132948,0.09333333333333334
07749c65-698b652f25329d49,1230c43e-3b21ddcce1dfaebf,0.08,0.08108108108108109
3e8ff074-e6fd970bde5201bf,af0deeab-130b7c40b9ef1213,0.07971014492753623,0.15714285714285714
1230c43e-3b21ddcce1dfaebf,c2242c42-3a355d09ff3aa9be,0.07792207792207792,0.07894736842105263
1230c43e-3b21ddcce1dfaebf,d9199dfd-f9479396f37b87d9,0.07547169811320754,0.07894736842105263
6de04ee2-dfa5e46addb0c6bd,f5fde094-93b7b0b66b8b7f32,0.07407407407407407,0.1
3e8ff074-e6fd970bde5201bf,169e34bf-16fd21614ea7c4e5,0.07042253521126761,0.07142857142857142
f0ede32a-26a48846fbd7e7b6,f5fde094-93b7b0b66b8b7f32,0.06976744186046512,0.08571428571428572
464a03b8-26a48846fbd7e7b6,f5fde094-93b7b0b66b8b7f32,0.06976744186046512,0.08571428571428572
2bbf754b-127d3dc4f1db4fbd,f5fde094-93b7b0b66b8b7f32,0.06896551724137931,0.08333333333333333
29cf2e70-9f6a54c37d2741be,1230c43e-3b21ddcce1dfaebf,0.06802721088435375,0.07042253521126761
72d9eb5b-13bd02a73b41c435,1230c43e-3b21ddcce1dfaebf,0.06802721088435375,0.07042253521126761
3e8ff074-e6fd970bde5201bf,722e318f-826ca322df2b820c,0.06756756756756757,0.07142857142857142
2bbf754b-127d3dc4f1db4fbd,722e318f-826ca322df2b820c,0.06666666666666667,0.06944444444444445
1230c43e-3b21ddcce1dfaebf,b2001d68-33c507515cdbe0d1,0.06493506493506493,0.06578947368421052
3e8ff074-e6fd970bde5201bf,e812ee0b-35024b82a12a46a7,0.06451612903225806,0.07142857142857142
1230c43e-3b21ddcce1dfaebf,6f02c6d9-ec6e1e406ee21f67,0.06451612903225806,0.06578947368421052
1230c43e-3b21ddcce1dfaebf,ec4c7e8e-c2572cc8c5e4bf58,0.06172839506172839,0.06578947368421052
00f79486-1b7ed9a4faa83b3e,c57997b6-f51ca561f668dbb1,0.06153846153846154,0.061855670103092786
c2242c42-3a355d09ff3aa9be,ce0b2178-e1daf8f00771d216,0.06060606060606061,0.0641025641025641
ce0b2178-e1daf8f00771d216,ff10b574-18ffe08f8ee0d8d2,0.055248618784530384,0.05747126436781609
c9159d9c-45fb548826a31e8d,f5fde094-93b7b0b66b8b7f32,0.05181347150259067,0.054945054945054944
f0ede32a-26a48846fbd7e7b6,1230c43e-3b21ddcce1dfaebf,0.0,0.0
464a03b8-26a48846fbd7e7b6,1230c43e-3b21ddcce1dfaebf,0.0,0.0
