submissionName1,submissionName2,averageSimilarity,maxSimilarity
2e1109d7-9902a467adb93d62,e7000ac2-9902a467adb93d62,1.0,1.0
734a94be-491555e2a9bcc2a4,734a94be-cd0c40be4a89c935,1.0,1.0
45f5632f-2bd33d3b4d42cb8d,45f5632f-5ab969465e5a8f59,1.0,1.0
1162c08f-3a2a31cf33573c4d,6653a758-75500306c58aa931,1.0,1.0
3d06b643-52fef5e25f21ee7f,a4d6775d-895b97d602f71f4f,1.0,1.0
69b2fd22-5bfe14d4c3b17f76,9028caf7-5bfe14d4c3b17f76,1.0,1.0
12c1cc56-c144dfdf3c050ab5,7b71234c-c144dfdf3c050ab5,1.0,1.0
7b71234c-c144dfdf3c050ab5,c06c758d-c144dfdf3c050ab5,1.0,1.0
12c1cc56-c144dfdf3c050ab5,c06c758d-c144dfdf3c050ab5,1.0,1.0
8f30bfc3-0206ccf1b040138a,af1b152e-ecd3dfef045653d5,1.0,1.0
f6ca6fc8-e7ab163f0a8022bf,6bcc5afd-28d9bb844890d9da,0.9719626168224299,0.9811320754716981
d9f6c257-6be30afb625c7fcc,f6ca6fc8-e7ab163f0a8022bf,0.9714285714285714,0.9807692307692307
d9f6c257-6be30afb625c7fcc,6bcc5afd-28d9bb844890d9da,0.9433962264150944,0.9615384615384616
1162c08f-3a2a31cf33573c4d,cb87df79-e6daab7d8f341736,0.9411764705882353,0.96
6653a758-75500306c58aa931,cb87df79-e6daab7d8f341736,0.9411764705882353,0.96
cb87df79-e6daab7d8f341736,f6ca6fc8-e7ab163f0a8022bf,0.8952380952380953,0.9038461538461539
f6ca6fc8-e7ab163f0a8022bf,734a94be-491555e2a9bcc2a4,0.8947368421052632,0.9622641509433962
f6ca6fc8-e7ab163f0a8022bf,734a94be-cd0c40be4a89c935,0.8947368421052632,0.9622641509433962
cb87df79-e6daab7d8f341736,6bcc5afd-28d9bb844890d9da,0.8867924528301887,0.9038461538461539
d9f6c257-6be30afb625c7fcc,734a94be-491555e2a9bcc2a4,0.8849557522123894,0.9615384615384616
d9f6c257-6be30afb625c7fcc,734a94be-cd0c40be4a89c935,0.8849557522123894,0.9615384615384616
cb87df79-e6daab7d8f341736,d9f6c257-6be30afb625c7fcc,0.8653846153846154,0.8653846153846154
6bcc5afd-28d9bb844890d9da,734a94be-491555e2a9bcc2a4,0.8521739130434782,0.9074074074074074
6bcc5afd-28d9bb844890d9da,734a94be-cd0c40be4a89c935,0.8521739130434782,0.9074074074074074
1162c08f-3a2a31cf33573c4d,f6ca6fc8-e7ab163f0a8022bf,0.8349514563106796,0.86
6653a758-75500306c58aa931,f6ca6fc8-e7ab163f0a8022bf,0.8349514563106796,0.86
cb87df79-e6daab7d8f341736,734a94be-491555e2a9bcc2a4,0.831858407079646,0.9038461538461539
cb87df79-e6daab7d8f341736,734a94be-cd0c40be4a89c935,0.831858407079646,0.9038461538461539
1162c08f-3a2a31cf33573c4d,6bcc5afd-28d9bb844890d9da,0.8269230769230769,0.86
6653a758-75500306c58aa931,6bcc5afd-28d9bb844890d9da,0.8269230769230769,0.86
2c7a0000-0b8bb8afaf26c254,9e4ddc38-f08d0e6847f4856a,0.8,0.847457627118644
9bc690ef-eaa1605ae19c8de9,2ebeae13-f6d98bc6e8762f12,0.7862068965517242,0.8028169014084507
f6ca6fc8-e7ab163f0a8022bf,46e9aed4-c477cb844c1e1d56,0.784,0.9245283018867925
6bcc5afd-28d9bb844890d9da,f9e08a46-5d34e200f915e8d0,0.7796610169491526,0.8518518518518519
1162c08f-3a2a31cf33573c4d,734a94be-491555e2a9bcc2a4,0.7747747747747747,0.86
6653a758-75500306c58aa931,734a94be-491555e2a9bcc2a4,0.7747747747747747,0.86
1162c08f-3a2a31cf33573c4d,734a94be-cd0c40be4a89c935,0.7747747747747747,0.86
6653a758-75500306c58aa931,734a94be-cd0c40be4a89c935,0.7747747747747747,0.86
d9f6c257-6be30afb625c7fcc,2da4b3fe-e5141fdf3cc061b7,0.7747747747747747,0.8269230769230769
f6ca6fc8-e7ab163f0a8022bf,f9e08a46-5d34e200f915e8d0,0.7692307692307693,0.8490566037735849
1162c08f-3a2a31cf33573c4d,d9f6c257-6be30afb625c7fcc,0.7647058823529411,0.78
6653a758-75500306c58aa931,d9f6c257-6be30afb625c7fcc,0.7647058823529411,0.78
734a94be-491555e2a9bcc2a4,8ddb5587-69fda5215b397350,0.7619047619047619,0.7868852459016393
734a94be-cd0c40be4a89c935,8ddb5587-69fda5215b397350,0.7619047619047619,0.7868852459016393
f9e08a46-5d34e200f915e8d0,8ddb5587-69fda5215b397350,0.7596899224806202,0.765625
2c7a0000-0b8bb8afaf26c254,4201fdf7-e9b7491886b37cf0,0.7559055118110236,0.8135593220338984
734a94be-491555e2a9bcc2a4,46e9aed4-c477cb844c1e1d56,0.7518796992481203,0.819672131147541
734a94be-cd0c40be4a89c935,46e9aed4-c477cb844c1e1d56,0.7518796992481203,0.819672131147541
734a94be-491555e2a9bcc2a4,11d91f31-d6dac8853a738e43,0.75,0.7868852459016393
f6ca6fc8-e7ab163f0a8022bf,a4d6775d-895b97d602f71f4f,0.75,0.9056603773584906
734a94be-cd0c40be4a89c935,11d91f31-d6dac8853a738e43,0.75,0.7868852459016393
f6ca6fc8-e7ab163f0a8022bf,3d06b643-52fef5e25f21ee7f,0.75,0.9056603773584906
6bcc5afd-28d9bb844890d9da,46e9aed4-c477cb844c1e1d56,0.746031746031746,0.8703703703703703
f6ca6fc8-e7ab163f0a8022bf,8ddb5587-69fda5215b397350,0.7457627118644068,0.8301886792452831
8c79c384-7673be7788c8bbc1,d221162a-c21f547a22d9eb13,0.7407407407407407,0.7407407407407407
96b3758b-d23ef8ff9339c1f0,0fd5b95a-e9d45e7dc0eefa8b,0.7368421052631579,0.7567567567567568
9bc690ef-eaa1605ae19c8de9,a4ec80a0-fa10dc124910b760,0.7323943661971831,0.7323943661971831
0fd5b95a-e9d45e7dc0eefa8b,d221162a-c21f547a22d9eb13,0.7295597484276729,0.7435897435897436
d221162a-c21f547a22d9eb13,3951966f-72a49600e61410e6,0.7294117647058823,0.7654320987654321
6bcc5afd-28d9bb844890d9da,a4d6775d-895b97d602f71f4f,0.7286821705426356,0.8703703703703703
6bcc5afd-28d9bb844890d9da,3d06b643-52fef5e25f21ee7f,0.7286821705426356,0.8703703703703703
6bcc5afd-28d9bb844890d9da,11d91f31-d6dac8853a738e43,0.7272727272727273,0.8148148148148148
d9f6c257-6be30afb625c7fcc,46e9aed4-c477cb844c1e1d56,0.7258064516129032,0.8653846153846154
6bcc5afd-28d9bb844890d9da,2da4b3fe-e5141fdf3cc061b7,0.7256637168141593,0.7592592592592593
bd50e3fe-deb43aa46e8164ed,4201fdf7-e9b7491886b37cf0,0.7244094488188977,0.7796610169491526
d9f6c257-6be30afb625c7fcc,a4d6775d-895b97d602f71f4f,0.7244094488188977,0.8846153846153846
d9f6c257-6be30afb625c7fcc,3d06b643-52fef5e25f21ee7f,0.7244094488188977,0.8846153846153846
2da4b3fe-e5141fdf3cc061b7,13441e8f-5b125e896d439795,0.7226890756302521,0.7288135593220338
734a94be-491555e2a9bcc2a4,f9e08a46-5d34e200f915e8d0,0.72,0.7377049180327869
734a94be-cd0c40be4a89c935,f9e08a46-5d34e200f915e8d0,0.72,0.7377049180327869
f6ca6fc8-e7ab163f0a8022bf,2da4b3fe-e5141fdf3cc061b7,0.7142857142857143,0.7547169811320755
13441e8f-5b125e896d439795,11373c16-325c2a81744d6c63,0.7131782945736435,0.7666666666666667
2c7a0000-0b8bb8afaf26c254,bd50e3fe-deb43aa46e8164ed,0.711864406779661,0.711864406779661
0588b869-178a29ccfedc3992,a4e39423-0bca8609e3a20081,0.7108433734939759,0.8676470588235294
cb87df79-e6daab7d8f341736,46e9aed4-c477cb844c1e1d56,0.7096774193548387,0.8461538461538461
6bcc5afd-28d9bb844890d9da,8ddb5587-69fda5215b397350,0.7058823529411765,0.7777777777777778
cb87df79-e6daab7d8f341736,8ddb5587-69fda5215b397350,0.7008547008547008,0.7884615384615384
d9f6c257-6be30afb625c7fcc,8ddb5587-69fda5215b397350,0.7008547008547008,0.7884615384615384
bd50e3fe-deb43aa46e8164ed,ebd8ff55-b7fcefff9d43d956,0.7,0.711864406779661
0588b869-178a29ccfedc3992,67996c4c-6031a4e4c44a5547,0.6993006993006993,0.7352941176470589
1162c08f-3a2a31cf33573c4d,2da4b3fe-e5141fdf3cc061b7,0.6972477064220184,0.76
6653a758-75500306c58aa931,2da4b3fe-e5141fdf3cc061b7,0.6972477064220184,0.76
d9f6c257-6be30afb625c7fcc,13441e8f-5b125e896d439795,0.6964285714285714,0.75
d9f6c257-6be30afb625c7fcc,11373c16-325c2a81744d6c63,0.6942148760330579,0.8076923076923077
11d91f31-d6dac8853a738e43,e6b7a899-09224eadde94e5ee,0.6911764705882353,0.7014925373134329
8ddb5587-69fda5215b397350,2ebeae13-f6d98bc6e8762f12,0.6906474820143885,0.7384615384615385
f6ca6fc8-e7ab163f0a8022bf,11d91f31-d6dac8853a738e43,0.6833333333333333,0.7735849056603774
46e9aed4-c477cb844c1e1d56,a4d6775d-895b97d602f71f4f,0.6802721088435374,0.6944444444444444
46e9aed4-c477cb844c1e1d56,3d06b643-52fef5e25f21ee7f,0.6802721088435374,0.6944444444444444
2e1109d7-9902a467adb93d62,b38468e8-355e4e494f76a9c6,0.6775956284153005,0.7294117647058823
e7000ac2-9902a467adb93d62,b38468e8-355e4e494f76a9c6,0.6775956284153005,0.7294117647058823
f9e08a46-5d34e200f915e8d0,46e9aed4-c477cb844c1e1d56,0.6764705882352942,0.71875
11d91f31-d6dac8853a738e43,46e9aed4-c477cb844c1e1d56,0.6762589928057554,0.7014925373134329
eea69e7f-8dab83995204e0df,a4d6775d-895b97d602f71f4f,0.6762589928057554,0.734375
eea69e7f-8dab83995204e0df,3d06b643-52fef5e25f21ee7f,0.6762589928057554,0.734375
a4ec80a0-fa10dc124910b760,2ebeae13-f6d98bc6e8762f12,0.6758620689655173,0.6901408450704225
1162c08f-3a2a31cf33573c4d,13441e8f-5b125e896d439795,0.6727272727272727,0.74
6653a758-75500306c58aa931,13441e8f-5b125e896d439795,0.6727272727272727,0.74
cb87df79-e6daab7d8f341736,f9e08a46-5d34e200f915e8d0,0.6724137931034483,0.75
cb87df79-e6daab7d8f341736,11d91f31-d6dac8853a738e43,0.6722689075630253,0.7692307692307693
1162c08f-3a2a31cf33573c4d,46e9aed4-c477cb844c1e1d56,0.6721311475409836,0.82
6653a758-75500306c58aa931,46e9aed4-c477cb844c1e1d56,0.6721311475409836,0.82
1162c08f-3a2a31cf33573c4d,a4d6775d-895b97d602f71f4f,0.672,0.84
1162c08f-3a2a31cf33573c4d,3d06b643-52fef5e25f21ee7f,0.672,0.84
6653a758-75500306c58aa931,a4d6775d-895b97d602f71f4f,0.672,0.84
6653a758-75500306c58aa931,3d06b643-52fef5e25f21ee7f,0.672,0.84
bf992c91-d94ad939d2852a18,3e191f3b-267f38bf210ab88d,0.6711409395973155,0.7142857142857143
734a94be-491555e2a9bcc2a4,9028caf7-5bfe14d4c3b17f76,0.6666666666666666,0.8360655737704918
734a94be-491555e2a9bcc2a4,69b2fd22-5bfe14d4c3b17f76,0.6666666666666666,0.8360655737704918
2da4b3fe-e5141fdf3cc061b7,734a94be-491555e2a9bcc2a4,0.6666666666666666,0.6779661016949152
6bcc5afd-28d9bb844890d9da,67996c4c-6031a4e4c44a5547,0.6666666666666666,0.7962962962962963
4e9c4bf9-d32422ae7aa1d171,bd50e3fe-deb43aa46e8164ed,0.6666666666666666,0.7115384615384616
8ddb5587-69fda5215b397350,11d91f31-d6dac8853a738e43,0.6666666666666666,0.676923076923077
734a94be-cd0c40be4a89c935,9028caf7-5bfe14d4c3b17f76,0.6666666666666666,0.8360655737704918
734a94be-cd0c40be4a89c935,69b2fd22-5bfe14d4c3b17f76,0.6666666666666666,0.8360655737704918
2da4b3fe-e5141fdf3cc061b7,734a94be-cd0c40be4a89c935,0.6666666666666666,0.6779661016949152
f9e08a46-5d34e200f915e8d0,a4d6775d-895b97d602f71f4f,0.6618705035971223,0.71875
f9e08a46-5d34e200f915e8d0,3d06b643-52fef5e25f21ee7f,0.6618705035971223,0.71875
8ddb5587-69fda5215b397350,46e9aed4-c477cb844c1e1d56,0.656934306569343,0.6923076923076923
2da4b3fe-e5141fdf3cc061b7,764484c3-b96a5fc3fd9ec3ec,0.656934306569343,0.7627118644067796
f9e08a46-5d34e200f915e8d0,11d91f31-d6dac8853a738e43,0.6564885496183206,0.671875
f6ca6fc8-e7ab163f0a8022bf,67996c4c-6031a4e4c44a5547,0.65625,0.7924528301886793
bd50e3fe-deb43aa46e8164ed,9e4ddc38-f08d0e6847f4856a,0.656,0.6949152542372882
d9f6c257-6be30afb625c7fcc,f9e08a46-5d34e200f915e8d0,0.6551724137931034,0.7307692307692307
f6ca6fc8-e7ab163f0a8022bf,13441e8f-5b125e896d439795,0.6548672566371682,0.6981132075471698
0fd5b95a-e9d45e7dc0eefa8b,9cea10af-0b3023dfc77d153a,0.6545454545454545,0.6923076923076923
2da4b3fe-e5141fdf3cc061b7,f9e08a46-5d34e200f915e8d0,0.6504065040650406,0.6779661016949152
141effef-1bfb859e38d0541d,3951966f-72a49600e61410e6,0.6493506493506493,0.7692307692307693
6bcc5afd-28d9bb844890d9da,13441e8f-5b125e896d439795,0.6491228070175439,0.6851851851851852
1162c08f-3a2a31cf33573c4d,eea69e7f-8dab83995204e0df,0.6491228070175439,0.74
6653a758-75500306c58aa931,eea69e7f-8dab83995204e0df,0.6491228070175439,0.74
16a2a867-abbed6f23596204e,a4ec80a0-fa10dc124910b760,0.647887323943662,0.647887323943662
5ce1fe32-9ffbc9498a417876,29210e56-e4fcc33dc59803ba,0.6467065868263473,0.7605633802816901
0fd5b95a-e9d45e7dc0eefa8b,3951966f-72a49600e61410e6,0.6467065868263473,0.6923076923076923
13441e8f-5b125e896d439795,eea69e7f-8dab83995204e0df,0.6451612903225806,0.6666666666666666
6bcc5afd-28d9bb844890d9da,eea69e7f-8dab83995204e0df,0.6440677966101694,0.7037037037037037
a4ec80a0-fa10dc124910b760,14b0fb8e-37daaf5ae4723931,0.6438356164383562,0.6619718309859155
1162c08f-3a2a31cf33573c4d,8ddb5587-69fda5215b397350,0.6434782608695652,0.74
6653a758-75500306c58aa931,8ddb5587-69fda5215b397350,0.6434782608695652,0.74
4201fdf7-e9b7491886b37cf0,8926151a-5e56a31bb1481ed4,0.6388888888888888,0.6764705882352942
11373c16-325c2a81744d6c63,db01da00-988246098678c280,0.6382978723404256,0.6521739130434783
734a94be-491555e2a9bcc2a4,d018b49f-e1ae502e5288eb54,0.6382978723404256,0.7377049180327869
e6b7a899-09224eadde94e5ee,46e9aed4-c477cb844c1e1d56,0.6382978723404256,0.6521739130434783
734a94be-cd0c40be4a89c935,d018b49f-e1ae502e5288eb54,0.6382978723404256,0.7377049180327869
f9e08a46-5d34e200f915e8d0,0588b869-178a29ccfedc3992,0.6363636363636364,0.65625
a4ec80a0-fa10dc124910b760,29210e56-e4fcc33dc59803ba,0.6347305389221557,0.7464788732394366
5ce1fe32-9ffbc9498a417876,ee4f7b06-0df895503f264db3,0.6329113924050633,0.704225352112676
734a94be-491555e2a9bcc2a4,a4d6775d-895b97d602f71f4f,0.6323529411764706,0.7049180327868853
734a94be-491555e2a9bcc2a4,3d06b643-52fef5e25f21ee7f,0.6323529411764706,0.7049180327868853
734a94be-cd0c40be4a89c935,a4d6775d-895b97d602f71f4f,0.6323529411764706,0.7049180327868853
734a94be-cd0c40be4a89c935,3d06b643-52fef5e25f21ee7f,0.6323529411764706,0.7049180327868853
5a74241a-dc901804978ab00a,d314aa92-9f7dd24f2fa68770,0.6309523809523809,0.6625
a4ec80a0-fa10dc124910b760,d63e6e3f-68836bbaaea4c108,0.6308724832214765,0.6619718309859155
4e9c4bf9-d32422ae7aa1d171,2c7a0000-0b8bb8afaf26c254,0.6306306306306306,0.6730769230769231
bf992c91-d94ad939d2852a18,034030f3-0fcdc00fa21b2b63,0.6301369863013698,0.6571428571428571
d9f6c257-6be30afb625c7fcc,67996c4c-6031a4e4c44a5547,0.6299212598425197,0.7692307692307693
cb87df79-e6daab7d8f341736,a4d6775d-895b97d602f71f4f,0.6299212598425197,0.7692307692307693
cb87df79-e6daab7d8f341736,3d06b643-52fef5e25f21ee7f,0.6299212598425197,0.7692307692307693
8ddb5587-69fda5215b397350,a4d6775d-895b97d602f71f4f,0.6285714285714286,0.676923076923077
8ddb5587-69fda5215b397350,3d06b643-52fef5e25f21ee7f,0.6285714285714286,0.676923076923077
13441e8f-5b125e896d439795,734a94be-491555e2a9bcc2a4,0.628099173553719,0.6333333333333333
13441e8f-5b125e896d439795,734a94be-cd0c40be4a89c935,0.628099173553719,0.6333333333333333
0588b869-178a29ccfedc3992,e6b7a899-09224eadde94e5ee,0.6277372262773723,0.6323529411764706
8ddb5587-69fda5215b397350,e6b7a899-09224eadde94e5ee,0.6268656716417911,0.6461538461538462
2da4b3fe-e5141fdf3cc061b7,a4d6775d-895b97d602f71f4f,0.6268656716417911,0.711864406779661
2da4b3fe-e5141fdf3cc061b7,3d06b643-52fef5e25f21ee7f,0.6268656716417911,0.711864406779661
a4d6775d-895b97d602f71f4f,ba8800f5-754ce975c68dc482,0.6266666666666667,0.6266666666666667
3d06b643-52fef5e25f21ee7f,ba8800f5-754ce975c68dc482,0.6266666666666667,0.6266666666666667
9bc690ef-eaa1605ae19c8de9,3951966f-72a49600e61410e6,0.625,0.704225352112676
6bcc5afd-28d9bb844890d9da,0588b869-178a29ccfedc3992,0.6229508196721312,0.7037037037037037
13441e8f-5b125e896d439795,2470b521-019c23f7e919baa8,0.6212121212121212,0.6833333333333333
375489f2-a0444125a74b9ccb,2ebeae13-f6d98bc6e8762f12,0.6206896551724138,0.6338028169014085
a4ec80a0-fa10dc124910b760,ee4f7b06-0df895503f264db3,0.620253164556962,0.6901408450704225
a4ec80a0-fa10dc124910b760,d221162a-c21f547a22d9eb13,0.618421052631579,0.6619718309859155
6bcc5afd-28d9bb844890d9da,e6b7a899-09224eadde94e5ee,0.6178861788617886,0.7037037037037037
141effef-1bfb859e38d0541d,a4ec80a0-fa10dc124910b760,0.6176470588235294,0.6461538461538462
734a94be-491555e2a9bcc2a4,11373c16-325c2a81744d6c63,0.6153846153846154,0.6557377049180327
734a94be-cd0c40be4a89c935,11373c16-325c2a81744d6c63,0.6153846153846154,0.6557377049180327
734a94be-491555e2a9bcc2a4,e6b7a899-09224eadde94e5ee,0.6153846153846154,0.6557377049180327
734a94be-cd0c40be4a89c935,e6b7a899-09224eadde94e5ee,0.6153846153846154,0.6557377049180327
1162c08f-3a2a31cf33573c4d,11d91f31-d6dac8853a738e43,0.6153846153846154,0.72
d221162a-c21f547a22d9eb13,b842cf12-f7882fa2c05f3014,0.6153846153846154,0.6419753086419753
6653a758-75500306c58aa931,11d91f31-d6dac8853a738e43,0.6153846153846154,0.72
1162c08f-3a2a31cf33573c4d,f9e08a46-5d34e200f915e8d0,0.6140350877192983,0.7
6653a758-75500306c58aa931,f9e08a46-5d34e200f915e8d0,0.6140350877192983,0.7
67996c4c-6031a4e4c44a5547,a4e39423-0bca8609e3a20081,0.6127167630057804,0.7066666666666667
46e9aed4-c477cb844c1e1d56,67996c4c-6031a4e4c44a5547,0.6122448979591837,0.625
f6ca6fc8-e7ab163f0a8022bf,0588b869-178a29ccfedc3992,0.6115702479338843,0.6981132075471698
2da4b3fe-e5141fdf3cc061b7,2470b521-019c23f7e919baa8,0.6106870229007634,0.6779661016949152
4e9c4bf9-d32422ae7aa1d171,9e4ddc38-f08d0e6847f4856a,0.6101694915254238,0.6923076923076923
2da4b3fe-e5141fdf3cc061b7,11373c16-325c2a81744d6c63,0.609375,0.6610169491525424
13441e8f-5b125e896d439795,764484c3-b96a5fc3fd9ec3ec,0.6086956521739131,0.7
16a2a867-abbed6f23596204e,9cea10af-0b3023dfc77d153a,0.6075949367088608,0.676056338028169
13441e8f-5b125e896d439795,a4d6775d-895b97d602f71f4f,0.6074074074074074,0.6833333333333333
13441e8f-5b125e896d439795,3d06b643-52fef5e25f21ee7f,0.6074074074074074,0.6833333333333333
f6ca6fc8-e7ab163f0a8022bf,11373c16-325c2a81744d6c63,0.6065573770491803,0.6981132075471698
734a94be-491555e2a9bcc2a4,0588b869-178a29ccfedc3992,0.6046511627906976,0.639344262295082
2ebeae13-f6d98bc6e8762f12,b38468e8-355e4e494f76a9c6,0.6046511627906976,0.7027027027027027
734a94be-cd0c40be4a89c935,0588b869-178a29ccfedc3992,0.6046511627906976,0.639344262295082
0fd5b95a-e9d45e7dc0eefa8b,7011024d-20824aa80ee40c37,0.6037735849056604,0.6153846153846154
16a2a867-abbed6f23596204e,b38468e8-355e4e494f76a9c6,0.6035502958579881,0.7183098591549296
734a94be-491555e2a9bcc2a4,67996c4c-6031a4e4c44a5547,0.6029411764705882,0.6721311475409836
734a94be-cd0c40be4a89c935,67996c4c-6031a4e4c44a5547,0.6029411764705882,0.6721311475409836
14b0fb8e-37daaf5ae4723931,d221162a-c21f547a22d9eb13,0.6025641025641025,0.6266666666666667
8c79c384-7673be7788c8bbc1,2e1109d7-9902a467adb93d62,0.6024096385542169,0.6172839506172839
8c79c384-7673be7788c8bbc1,e7000ac2-9902a467adb93d62,0.6024096385542169,0.6172839506172839
a4ec80a0-fa10dc124910b760,3951966f-72a49600e61410e6,0.6,0.676056338028169
0588b869-178a29ccfedc3992,46e9aed4-c477cb844c1e1d56,0.6,0.6176470588235294
6490bbe8-cb4a60be38dd4393,5a74241a-dc901804978ab00a,0.5987261146496815,0.6103896103896104
db01da00-988246098678c280,ba8800f5-754ce975c68dc482,0.5986394557823129,0.6111111111111112
6490bbe8-cb4a60be38dd4393,8c79c384-7673be7788c8bbc1,0.5949367088607594,0.6103896103896104
ebd8ff55-b7fcefff9d43d956,6490bbe8-cb4a60be38dd4393,0.5942028985507246,0.6721311475409836
16a2a867-abbed6f23596204e,7011024d-20824aa80ee40c37,0.5921052631578947,0.6338028169014085
eea69e7f-8dab83995204e0df,0588b869-178a29ccfedc3992,0.5909090909090909,0.609375
16a2a867-abbed6f23596204e,0fd5b95a-e9d45e7dc0eefa8b,0.5906040268456376,0.6197183098591549
14b0fb8e-37daaf5ae4723931,7011024d-20824aa80ee40c37,0.5897435897435898,0.6133333333333333
d8e4eb5e-8079445020a594f8,bd65846f-dda288a85405877d,0.588957055214724,0.6233766233766234
67996c4c-6031a4e4c44a5547,764484c3-b96a5fc3fd9ec3ec,0.5882352941176471,0.6
0588b869-178a29ccfedc3992,a4d6775d-895b97d602f71f4f,0.5874125874125874,0.6176470588235294
0588b869-178a29ccfedc3992,3d06b643-52fef5e25f21ee7f,0.5874125874125874,0.6176470588235294
d9f6c257-6be30afb625c7fcc,764484c3-b96a5fc3fd9ec3ec,0.5846153846153846,0.7307692307692307
7011024d-20824aa80ee40c37,9cea10af-0b3023dfc77d153a,0.5833333333333334,0.6049382716049383
d9f6c257-6be30afb625c7fcc,0588b869-178a29ccfedc3992,0.5833333333333334,0.6730769230769231
a4e39423-0bca8609e3a20081,4323e2bd-229894dcd42dbd47,0.5825242718446602,0.6122448979591837
0fd5b95a-e9d45e7dc0eefa8b,d018b49f-e1ae502e5288eb54,0.5822784810126582,0.5897435897435898
9e4ddc38-f08d0e6847f4856a,4201fdf7-e9b7491886b37cf0,0.582089552238806,0.5909090909090909
11373c16-325c2a81744d6c63,2470b521-019c23f7e919baa8,0.5815602836879432,0.5942028985507246
034030f3-0fcdc00fa21b2b63,3e191f3b-267f38bf210ab88d,0.5806451612903226,0.5921052631578947
2da4b3fe-e5141fdf3cc061b7,46e9aed4-c477cb844c1e1d56,0.5801526717557252,0.6440677966101694
a4ec80a0-fa10dc124910b760,7011024d-20824aa80ee40c37,0.5789473684210527,0.6197183098591549
d63e6e3f-68836bbaaea4c108,d221162a-c21f547a22d9eb13,0.5786163522012578,0.5897435897435898
4e9c4bf9-d32422ae7aa1d171,e6b7a899-09224eadde94e5ee,0.5785123966942148,0.6730769230769231
22b41936-e1a4f2961d5e650a,9cea10af-0b3023dfc77d153a,0.5780346820809249,0.5813953488372093
13441e8f-5b125e896d439795,14b0fb8e-37daaf5ae4723931,0.5777777777777777,0.65
5ce1fe32-9ffbc9498a417876,a4ec80a0-fa10dc124910b760,0.5774647887323944,0.5774647887323944
2ebeae13-f6d98bc6e8762f12,3951966f-72a49600e61410e6,0.5766871165644172,0.6351351351351351
1162c08f-3a2a31cf33573c4d,0588b869-178a29ccfedc3992,0.576271186440678,0.68
6653a758-75500306c58aa931,0588b869-178a29ccfedc3992,0.576271186440678,0.68
2da4b3fe-e5141fdf3cc061b7,bd50e3fe-deb43aa46e8164ed,0.576271186440678,0.576271186440678
141effef-1bfb859e38d0541d,2ebeae13-f6d98bc6e8762f12,0.5755395683453237,0.6153846153846154
f6ca6fc8-e7ab163f0a8022bf,e6b7a899-09224eadde94e5ee,0.5737704918032787,0.660377358490566
3951966f-72a49600e61410e6,93322168-c6d3be538e049476,0.5730337078651685,0.5730337078651685
8c79c384-7673be7788c8bbc1,9cea10af-0b3023dfc77d153a,0.5714285714285714,0.5925925925925926
cb87df79-e6daab7d8f341736,13441e8f-5b125e896d439795,0.5714285714285714,0.6153846153846154
2ebeae13-f6d98bc6e8762f12,d018b49f-e1ae502e5288eb54,0.5714285714285714,0.5945945945945946
141effef-1bfb859e38d0541d,93322168-c6d3be538e049476,0.5714285714285714,0.676923076923077
6bcc5afd-28d9bb844890d9da,11373c16-325c2a81744d6c63,0.5691056910569106,0.6481481481481481
ee4f7b06-0df895503f264db3,29210e56-e4fcc33dc59803ba,0.5683060109289617,0.5977011494252874
14b0fb8e-37daaf5ae4723931,9cea10af-0b3023dfc77d153a,0.5679012345679012,0.6133333333333333
96b3758b-d23ef8ff9339c1f0,d221162a-c21f547a22d9eb13,0.567741935483871,0.5945945945945946
4e9c4bf9-d32422ae7aa1d171,4201fdf7-e9b7491886b37cf0,0.5666666666666667,0.6538461538461539
2470b521-019c23f7e919baa8,9cea10af-0b3023dfc77d153a,0.5660377358490566,0.625
9bc690ef-eaa1605ae19c8de9,d221162a-c21f547a22d9eb13,0.5657894736842105,0.6056338028169014
16a2a867-abbed6f23596204e,8c79c384-7673be7788c8bbc1,0.5657894736842105,0.6056338028169014
8ddb5587-69fda5215b397350,d018b49f-e1ae502e5288eb54,0.5655172413793104,0.6307692307692307
2da4b3fe-e5141fdf3cc061b7,8ddb5587-69fda5215b397350,0.5645161290322581,0.5932203389830508
375489f2-a0444125a74b9ccb,9bc690ef-eaa1605ae19c8de9,0.5633802816901409,0.5633802816901409
375489f2-a0444125a74b9ccb,a4c98ae1-3942cae7e65d9f37,0.5625,0.6338028169014085
14b0fb8e-37daaf5ae4723931,0fd5b95a-e9d45e7dc0eefa8b,0.5620915032679739,0.5733333333333334
6bcc5afd-28d9bb844890d9da,9028caf7-5bfe14d4c3b17f76,0.5616438356164384,0.7592592592592593
6bcc5afd-28d9bb844890d9da,69b2fd22-5bfe14d4c3b17f76,0.5616438356164384,0.7592592592592593
16a2a867-abbed6f23596204e,ba8800f5-754ce975c68dc482,0.5616438356164384,0.5774647887323944
734a94be-491555e2a9bcc2a4,764484c3-b96a5fc3fd9ec3ec,0.5611510791366906,0.639344262295082
f9e08a46-5d34e200f915e8d0,67996c4c-6031a4e4c44a5547,0.5611510791366906,0.609375
734a94be-cd0c40be4a89c935,764484c3-b96a5fc3fd9ec3ec,0.5611510791366906,0.639344262295082
2da4b3fe-e5141fdf3cc061b7,5a74241a-dc901804978ab00a,0.5611510791366906,0.6610169491525424
13441e8f-5b125e896d439795,db01da00-988246098678c280,0.5606060606060606,0.6166666666666667
5ce1fe32-9ffbc9498a417876,22b41936-e1a4f2961d5e650a,0.5605095541401274,0.6197183098591549
141effef-1bfb859e38d0541d,d63e6e3f-68836bbaaea4c108,0.5594405594405595,0.6153846153846154
16a2a867-abbed6f23596204e,db01da00-988246098678c280,0.5594405594405595,0.5633802816901409
2da4b3fe-e5141fdf3cc061b7,6490bbe8-cb4a60be38dd4393,0.5588235294117647,0.6440677966101694
8c79c384-7673be7788c8bbc1,b38468e8-355e4e494f76a9c6,0.5586592178770949,0.6172839506172839
cb87df79-e6daab7d8f341736,2da4b3fe-e5141fdf3cc061b7,0.5585585585585585,0.5961538461538461
ebd8ff55-b7fcefff9d43d956,0588b869-178a29ccfedc3992,0.5581395348837209,0.5901639344262295
11373c16-325c2a81744d6c63,16a2a867-abbed6f23596204e,0.5571428571428572,0.5652173913043478
9e4ddc38-f08d0e6847f4856a,764484c3-b96a5fc3fd9ec3ec,0.5555555555555556,0.6060606060606061
96b3758b-d23ef8ff9339c1f0,8c79c384-7673be7788c8bbc1,0.5548387096774193,0.581081081081081
13441e8f-5b125e896d439795,6490bbe8-cb4a60be38dd4393,0.5547445255474452,0.6333333333333333
d9f6c257-6be30afb625c7fcc,11d91f31-d6dac8853a738e43,0.5546218487394958,0.6346153846153846
8c79c384-7673be7788c8bbc1,3951966f-72a49600e61410e6,0.5529411764705883,0.5802469135802469
9bc690ef-eaa1605ae19c8de9,96b3758b-d23ef8ff9339c1f0,0.5517241379310345,0.5633802816901409
f9e08a46-5d34e200f915e8d0,9028caf7-5bfe14d4c3b17f76,0.5512820512820513,0.671875
f9e08a46-5d34e200f915e8d0,69b2fd22-5bfe14d4c3b17f76,0.5512820512820513,0.671875
9bc690ef-eaa1605ae19c8de9,a4c98ae1-3942cae7e65d9f37,0.55,0.6197183098591549
f6ca6fc8-e7ab163f0a8022bf,764484c3-b96a5fc3fd9ec3ec,0.549618320610687,0.6792452830188679
595f5d6c-7ba61dd9e3df26a6,3b498a39-34f8b597e4ed27e8,0.5495495495495496,0.5700934579439252
3951966f-72a49600e61410e6,3b498a39-34f8b597e4ed27e8,0.5490196078431373,0.6292134831460674
4e9c4bf9-d32422ae7aa1d171,ebd8ff55-b7fcefff9d43d956,0.5486725663716814,0.5961538461538461
11d91f31-d6dac8853a738e43,4323e2bd-229894dcd42dbd47,0.5485714285714286,0.7164179104477612
375489f2-a0444125a74b9ccb,14b0fb8e-37daaf5ae4723931,0.547945205479452,0.5633802816901409
e6b7a899-09224eadde94e5ee,6490bbe8-cb4a60be38dd4393,0.547945205479452,0.5797101449275363
8ddb5587-69fda5215b397350,595f5d6c-7ba61dd9e3df26a6,0.5465116279069767,0.7230769230769231
cb87df79-e6daab7d8f341736,11373c16-325c2a81744d6c63,0.5454545454545454,0.6346153846153846
cb87df79-e6daab7d8f341736,e6b7a899-09224eadde94e5ee,0.5454545454545454,0.6346153846153846
9bc690ef-eaa1605ae19c8de9,ee4f7b06-0df895503f264db3,0.5443037974683544,0.6056338028169014
8ddb5587-69fda5215b397350,16a2a867-abbed6f23596204e,0.5441176470588235,0.5692307692307692
ba8800f5-754ce975c68dc482,9cea10af-0b3023dfc77d153a,0.5432098765432098,0.5866666666666667
67996c4c-6031a4e4c44a5547,f4b87cc2-7d332534a27bc5d6,0.5432098765432098,0.5866666666666667
0fd5b95a-e9d45e7dc0eefa8b,8f855b99-1e222b61dfa2ec7f,0.5432098765432098,0.5641025641025641
2470b521-019c23f7e919baa8,7bc92b7f-01484e4d0896aace,0.5405405405405406,0.5555555555555556
9bc690ef-eaa1605ae19c8de9,8c79c384-7673be7788c8bbc1,0.5394736842105263,0.5774647887323944
e6b7a899-09224eadde94e5ee,a4e39423-0bca8609e3a20081,0.5389221556886228,0.6521739130434783
8c79c384-7673be7788c8bbc1,60c85a4f-1cb4672ccc545eb2,0.5384615384615384,0.6049382716049383
f6ca6fc8-e7ab163f0a8022bf,9028caf7-5bfe14d4c3b17f76,0.5379310344827586,0.7358490566037735
f6ca6fc8-e7ab163f0a8022bf,69b2fd22-5bfe14d4c3b17f76,0.5379310344827586,0.7358490566037735
1162c08f-3a2a31cf33573c4d,11373c16-325c2a81744d6c63,0.5378151260504201,0.64
6653a758-75500306c58aa931,11373c16-325c2a81744d6c63,0.5378151260504201,0.64
547ee69b-ef33101345e3aff6,f4b87cc2-7d332534a27bc5d6,0.5375,0.589041095890411
22b41936-e1a4f2961d5e650a,3951966f-72a49600e61410e6,0.5371428571428571,0.5465116279069767
a4ec80a0-fa10dc124910b760,0fd5b95a-e9d45e7dc0eefa8b,0.5369127516778524,0.5633802816901409
375489f2-a0444125a74b9ccb,0fd5b95a-e9d45e7dc0eefa8b,0.5369127516778524,0.5633802816901409
46e9aed4-c477cb844c1e1d56,9028caf7-5bfe14d4c3b17f76,0.5365853658536586,0.6111111111111112
46e9aed4-c477cb844c1e1d56,69b2fd22-5bfe14d4c3b17f76,0.5365853658536586,0.6111111111111112
2da4b3fe-e5141fdf3cc061b7,eea69e7f-8dab83995204e0df,0.5365853658536586,0.559322033898305
a4e39423-0bca8609e3a20081,595f5d6c-7ba61dd9e3df26a6,0.5365853658536586,0.5612244897959183
4e9c4bf9-d32422ae7aa1d171,67996c4c-6031a4e4c44a5547,0.5354330708661418,0.6538461538461539
d9f6c257-6be30afb625c7fcc,ba8800f5-754ce975c68dc482,0.5354330708661418,0.6538461538461539
11d91f31-d6dac8853a738e43,69c97258-21e5704deef76ece,0.5352112676056338,0.5671641791044776
a4ec80a0-fa10dc124910b760,22b41936-e1a4f2961d5e650a,0.535031847133758,0.5915492957746479
cb87df79-e6daab7d8f341736,eea69e7f-8dab83995204e0df,0.5344827586206896,0.5961538461538461
9bc690ef-eaa1605ae19c8de9,14b0fb8e-37daaf5ae4723931,0.5342465753424658,0.5492957746478874
96b3758b-d23ef8ff9339c1f0,9cea10af-0b3023dfc77d153a,0.5341614906832298,0.581081081081081
0588b869-178a29ccfedc3992,4323e2bd-229894dcd42dbd47,0.5340909090909091,0.6911764705882353
67996c4c-6031a4e4c44a5547,69c97258-21e5704deef76ece,0.5333333333333333,0.5333333333333333
2c7a0000-0b8bb8afaf26c254,8926151a-5e56a31bb1481ed4,0.5333333333333333,0.6101694915254238
d018b49f-e1ae502e5288eb54,3b498a39-34f8b597e4ed27e8,0.5333333333333333,0.65
11d91f31-d6dac8853a738e43,0588b869-178a29ccfedc3992,0.5333333333333333,0.5373134328358209
f9e08a46-5d34e200f915e8d0,16a2a867-abbed6f23596204e,0.5333333333333333,0.5625
cb87df79-e6daab7d8f341736,0588b869-178a29ccfedc3992,0.5333333333333333,0.6153846153846154
a4ec80a0-fa10dc124910b760,b38468e8-355e4e494f76a9c6,0.5325443786982249,0.6338028169014085
96b3758b-d23ef8ff9339c1f0,d018b49f-e1ae502e5288eb54,0.5324675324675324,0.5540540540540541
1162c08f-3a2a31cf33573c4d,2ebeae13-f6d98bc6e8762f12,0.532258064516129,0.66
6653a758-75500306c58aa931,2ebeae13-f6d98bc6e8762f12,0.532258064516129,0.66
69c97258-21e5704deef76ece,a4e39423-0bca8609e3a20081,0.5317919075144508,0.6133333333333333
d221162a-c21f547a22d9eb13,3b498a39-34f8b597e4ed27e8,0.5306122448979592,0.6419753086419753
1162c08f-3a2a31cf33573c4d,7b71234c-c144dfdf3c050ab5,0.5299145299145299,0.62
1162c08f-3a2a31cf33573c4d,12c1cc56-c144dfdf3c050ab5,0.5299145299145299,0.62
1162c08f-3a2a31cf33573c4d,c06c758d-c144dfdf3c050ab5,0.5299145299145299,0.62
6653a758-75500306c58aa931,7b71234c-c144dfdf3c050ab5,0.5299145299145299,0.62
6653a758-75500306c58aa931,12c1cc56-c144dfdf3c050ab5,0.5299145299145299,0.62
6653a758-75500306c58aa931,c06c758d-c144dfdf3c050ab5,0.5299145299145299,0.62
16a2a867-abbed6f23596204e,d018b49f-e1ae502e5288eb54,0.5298013245033113,0.5633802816901409
f9e08a46-5d34e200f915e8d0,f4b87cc2-7d332534a27bc5d6,0.5298013245033113,0.625
141effef-1bfb859e38d0541d,9bc690ef-eaa1605ae19c8de9,0.5294117647058824,0.5538461538461539
2ebeae13-f6d98bc6e8762f12,5dc1f7b3-8c0e00231be211a2,0.5290322580645161,0.5540540540540541
0588b869-178a29ccfedc3992,f4b87cc2-7d332534a27bc5d6,0.5290322580645161,0.6029411764705882
e6b7a899-09224eadde94e5ee,67996c4c-6031a4e4c44a5547,0.5277777777777778,0.5507246376811594
2470b521-019c23f7e919baa8,db01da00-988246098678c280,0.5277777777777778,0.5277777777777778
96b3758b-d23ef8ff9339c1f0,3951966f-72a49600e61410e6,0.5276073619631901,0.581081081081081
ebd8ff55-b7fcefff9d43d956,4201fdf7-e9b7491886b37cf0,0.5271317829457365,0.5573770491803278
0588b869-178a29ccfedc3992,d018b49f-e1ae502e5288eb54,0.527027027027027,0.5735294117647058
d63e6e3f-68836bbaaea4c108,3951966f-72a49600e61410e6,0.5269461077844312,0.5641025641025641
d018b49f-e1ae502e5288eb54,9cea10af-0b3023dfc77d153a,0.5269461077844312,0.55
9bc690ef-eaa1605ae19c8de9,29210e56-e4fcc33dc59803ba,0.5269461077844312,0.6197183098591549
14b0fb8e-37daaf5ae4723931,6490bbe8-cb4a60be38dd4393,0.5263157894736842,0.5333333333333333
16a2a867-abbed6f23596204e,d221162a-c21f547a22d9eb13,0.5263157894736842,0.5633802816901409
7011024d-20824aa80ee40c37,b38468e8-355e4e494f76a9c6,0.5251396648044693,0.5802469135802469
d221162a-c21f547a22d9eb13,9cea10af-0b3023dfc77d153a,0.5238095238095238,0.5432098765432098
2ebeae13-f6d98bc6e8762f12,14b0fb8e-37daaf5ae4723931,0.5234899328859061,0.527027027027027
5a74241a-dc901804978ab00a,9028caf7-5bfe14d4c3b17f76,0.5232558139534884,0.5625
5a74241a-dc901804978ab00a,69b2fd22-5bfe14d4c3b17f76,0.5232558139534884,0.5625
ebd8ff55-b7fcefff9d43d956,e6b7a899-09224eadde94e5ee,0.5230769230769231,0.5573770491803278
8ddb5587-69fda5215b397350,11373c16-325c2a81744d6c63,0.5223880597014925,0.5384615384615384
d018b49f-e1ae502e5288eb54,d221162a-c21f547a22d9eb13,0.5217391304347826,0.525
5ce1fe32-9ffbc9498a417876,9bc690ef-eaa1605ae19c8de9,0.5211267605633803,0.5211267605633803
8c79c384-7673be7788c8bbc1,b842cf12-f7882fa2c05f3014,0.5207100591715976,0.5432098765432098
16a2a867-abbed6f23596204e,14b0fb8e-37daaf5ae4723931,0.5205479452054794,0.5352112676056338
141effef-1bfb859e38d0541d,8c79c384-7673be7788c8bbc1,0.5205479452054794,0.5846153846153846
cb87df79-e6daab7d8f341736,67996c4c-6031a4e4c44a5547,0.5196850393700787,0.6346153846153846
2ebeae13-f6d98bc6e8762f12,595f5d6c-7ba61dd9e3df26a6,0.5193370165745856,0.6351351351351351
a4ec80a0-fa10dc124910b760,9cea10af-0b3023dfc77d153a,0.5189873417721519,0.5774647887323944
9bc690ef-eaa1605ae19c8de9,9cea10af-0b3023dfc77d153a,0.5189873417721519,0.5774647887323944
6490bbe8-cb4a60be38dd4393,d221162a-c21f547a22d9eb13,0.5189873417721519,0.5324675324675324
3951966f-72a49600e61410e6,29210e56-e4fcc33dc59803ba,0.518918918918919,0.5393258426966292
11373c16-325c2a81744d6c63,764484c3-b96a5fc3fd9ec3ec,0.5170068027210885,0.5507246376811594
46e9aed4-c477cb844c1e1d56,69c97258-21e5704deef76ece,0.5170068027210885,0.5277777777777778
4e9c4bf9-d32422ae7aa1d171,0588b869-178a29ccfedc3992,0.5166666666666667,0.5961538461538461
f6ca6fc8-e7ab163f0a8022bf,7b71234c-c144dfdf3c050ab5,0.5166666666666667,0.5849056603773585
f6ca6fc8-e7ab163f0a8022bf,12c1cc56-c144dfdf3c050ab5,0.5166666666666667,0.5849056603773585
f6ca6fc8-e7ab163f0a8022bf,c06c758d-c144dfdf3c050ab5,0.5166666666666667,0.5849056603773585
a4ec80a0-fa10dc124910b760,d018b49f-e1ae502e5288eb54,0.5165562913907285,0.5492957746478874
ba8800f5-754ce975c68dc482,595f5d6c-7ba61dd9e3df26a6,0.5164835164835165,0.6266666666666667
22b41936-e1a4f2961d5e650a,29210e56-e4fcc33dc59803ba,0.5164835164835165,0.5465116279069767
d9f6c257-6be30afb625c7fcc,2470b521-019c23f7e919baa8,0.5161290322580645,0.6153846153846154
0fd5b95a-e9d45e7dc0eefa8b,8c79c384-7673be7788c8bbc1,0.5157232704402516,0.5256410256410257
13441e8f-5b125e896d439795,0588b869-178a29ccfedc3992,0.515625,0.55
8ddb5587-69fda5215b397350,b38468e8-355e4e494f76a9c6,0.5153374233128835,0.6461538461538462
141effef-1bfb859e38d0541d,b38468e8-355e4e494f76a9c6,0.5153374233128835,0.6461538461538462
13441e8f-5b125e896d439795,46e9aed4-c477cb844c1e1d56,0.5151515151515151,0.5666666666666667
6bcc5afd-28d9bb844890d9da,764484c3-b96a5fc3fd9ec3ec,0.5151515151515151,0.6296296296296297
d018b49f-e1ae502e5288eb54,ee4f7b06-0df895503f264db3,0.5149700598802395,0.5375
9cea10af-0b3023dfc77d153a,3b498a39-34f8b597e4ed27e8,0.5148514851485149,0.5977011494252874
8ddb5587-69fda5215b397350,9bc690ef-eaa1605ae19c8de9,0.5147058823529411,0.5384615384615384
eea69e7f-8dab83995204e0df,2470b521-019c23f7e919baa8,0.5147058823529411,0.546875
bd50e3fe-deb43aa46e8164ed,6490bbe8-cb4a60be38dd4393,0.5147058823529411,0.5932203389830508
8ddb5587-69fda5215b397350,67996c4c-6031a4e4c44a5547,0.5142857142857142,0.5538461538461539
4e9c4bf9-d32422ae7aa1d171,f6ca6fc8-e7ab163f0a8022bf,0.5142857142857142,0.5192307692307693
8ddb5587-69fda5215b397350,ba8800f5-754ce975c68dc482,0.5142857142857142,0.5538461538461539
69c97258-21e5704deef76ece,4323e2bd-229894dcd42dbd47,0.5136612021857924,0.6266666666666667
db01da00-988246098678c280,d018b49f-e1ae502e5288eb54,0.5131578947368421,0.5416666666666666
f6ca6fc8-e7ab163f0a8022bf,eea69e7f-8dab83995204e0df,0.5128205128205128,0.5660377358490566
4e9c4bf9-d32422ae7aa1d171,11373c16-325c2a81744d6c63,0.512396694214876,0.5961538461538461
8ddb5587-69fda5215b397350,0588b869-178a29ccfedc3992,0.5112781954887218,0.5230769230769231
8ddb5587-69fda5215b397350,2470b521-019c23f7e919baa8,0.5109489051094891,0.5384615384615384
14b0fb8e-37daaf5ae4723931,22b41936-e1a4f2961d5e650a,0.5093167701863354,0.5466666666666666
2da4b3fe-e5141fdf3cc061b7,ba8800f5-754ce975c68dc482,0.5074626865671642,0.576271186440678
46e9aed4-c477cb844c1e1d56,2ebeae13-f6d98bc6e8762f12,0.5068493150684932,0.5138888888888888
9bc690ef-eaa1605ae19c8de9,ba8800f5-754ce975c68dc482,0.5068493150684932,0.5211267605633803
141effef-1bfb859e38d0541d,d221162a-c21f547a22d9eb13,0.5068493150684932,0.5692307692307692
8e990c75-f9144464a16f2616,8926151a-5e56a31bb1481ed4,0.5066666666666667,0.5135135135135135
bd50e3fe-deb43aa46e8164ed,45f5632f-5ab969465e5a8f59,0.5066666666666667,0.6440677966101694
bd50e3fe-deb43aa46e8164ed,45f5632f-2bd33d3b4d42cb8d,0.5066666666666667,0.6440677966101694
9bc690ef-eaa1605ae19c8de9,f4b87cc2-7d332534a27bc5d6,0.5063291139240507,0.5633802816901409
a4ec80a0-fa10dc124910b760,3b498a39-34f8b597e4ed27e8,0.5053763440860215,0.6619718309859155
93322168-c6d3be538e049476,60c85a4f-1cb4672ccc545eb2,0.5052631578947369,0.5393258426966292
9cea10af-0b3023dfc77d153a,595f5d6c-7ba61dd9e3df26a6,0.5051546391752577,0.5632183908045977
cb87df79-e6daab7d8f341736,7b71234c-c144dfdf3c050ab5,0.5042016806722689,0.5769230769230769
cb87df79-e6daab7d8f341736,12c1cc56-c144dfdf3c050ab5,0.5042016806722689,0.5769230769230769
cb87df79-e6daab7d8f341736,c06c758d-c144dfdf3c050ab5,0.5042016806722689,0.5769230769230769
2da4b3fe-e5141fdf3cc061b7,0588b869-178a29ccfedc3992,0.5039370078740157,0.5423728813559322
13441e8f-5b125e896d439795,375489f2-a0444125a74b9ccb,0.5038167938931297,0.55
13441e8f-5b125e896d439795,16a2a867-abbed6f23596204e,0.5038167938931297,0.55
0588b869-178a29ccfedc3992,69c97258-21e5704deef76ece,0.5034965034965035,0.5294117647058824
0fd5b95a-e9d45e7dc0eefa8b,d63e6e3f-68836bbaaea4c108,0.5,0.5
9cea10af-0b3023dfc77d153a,3951966f-72a49600e61410e6,0.5,0.5057471264367817
734a94be-491555e2a9bcc2a4,7b71234c-c144dfdf3c050ab5,0.5,0.5245901639344263
734a94be-491555e2a9bcc2a4,12c1cc56-c144dfdf3c050ab5,0.5,0.5245901639344263
734a94be-491555e2a9bcc2a4,c06c758d-c144dfdf3c050ab5,0.5,0.5245901639344263
141effef-1bfb859e38d0541d,14b0fb8e-37daaf5ae4723931,0.5,0.5384615384615384
9bc690ef-eaa1605ae19c8de9,5dc1f7b3-8c0e00231be211a2,0.5,0.5352112676056338
1162c08f-3a2a31cf33573c4d,764484c3-b96a5fc3fd9ec3ec,0.5,0.64
5dc1f7b3-8c0e00231be211a2,ee4f7b06-0df895503f264db3,0.5,0.5185185185185185
6653a758-75500306c58aa931,764484c3-b96a5fc3fd9ec3ec,0.5,0.64
60c85a4f-1cb4672ccc545eb2,3b498a39-34f8b597e4ed27e8,0.5,0.5346534653465347
2ebeae13-f6d98bc6e8762f12,0d11fb94-9b58e2541be4dfcb,0.5,0.5405405405405406
d9f6c257-6be30afb625c7fcc,9028caf7-5bfe14d4c3b17f76,0.5,0.6923076923076923
d9f6c257-6be30afb625c7fcc,69b2fd22-5bfe14d4c3b17f76,0.5,0.6923076923076923
734a94be-cd0c40be4a89c935,7b71234c-c144dfdf3c050ab5,0.5,0.5245901639344263
375489f2-a0444125a74b9ccb,d221162a-c21f547a22d9eb13,0.5,0.5352112676056338
734a94be-cd0c40be4a89c935,12c1cc56-c144dfdf3c050ab5,0.5,0.5245901639344263
734a94be-cd0c40be4a89c935,c06c758d-c144dfdf3c050ab5,0.5,0.5245901639344263
d63e6e3f-68836bbaaea4c108,3b498a39-34f8b597e4ed27e8,0.49740932642487046,0.6153846153846154
e6b7a899-09224eadde94e5ee,4323e2bd-229894dcd42dbd47,0.4971751412429379,0.6376811594202898
a4d6775d-895b97d602f71f4f,a4e39423-0bca8609e3a20081,0.49710982658959535,0.5733333333333334
3d06b643-52fef5e25f21ee7f,a4e39423-0bca8609e3a20081,0.49710982658959535,0.5733333333333334
d018b49f-e1ae502e5288eb54,5dc1f7b3-8c0e00231be211a2,0.4968944099378882,0.5
375489f2-a0444125a74b9ccb,0d11fb94-9b58e2541be4dfcb,0.4968152866242038,0.5492957746478874
8ddb5587-69fda5215b397350,9028caf7-5bfe14d4c3b17f76,0.4968152866242038,0.6
8ddb5587-69fda5215b397350,69b2fd22-5bfe14d4c3b17f76,0.4968152866242038,0.6
41e72d4f-21bec02e70069337,764484c3-b96a5fc3fd9ec3ec,0.49673202614379086,0.5066666666666667
5ce1fe32-9ffbc9498a417876,d63e6e3f-68836bbaaea4c108,0.4966442953020134,0.5211267605633803
375489f2-a0444125a74b9ccb,96b3758b-d23ef8ff9339c1f0,0.496551724137931,0.5070422535211268
16a2a867-abbed6f23596204e,96b3758b-d23ef8ff9339c1f0,0.496551724137931,0.5070422535211268
f9e08a46-5d34e200f915e8d0,e6b7a899-09224eadde94e5ee,0.49624060150375937,0.515625
f6ca6fc8-e7ab163f0a8022bf,d018b49f-e1ae502e5288eb54,0.49624060150375937,0.6226415094339622
734a94be-491555e2a9bcc2a4,eea69e7f-8dab83995204e0df,0.496,0.5081967213114754
13441e8f-5b125e896d439795,8ddb5587-69fda5215b397350,0.496,0.5166666666666667
1162c08f-3a2a31cf33573c4d,67996c4c-6031a4e4c44a5547,0.496,0.62
6653a758-75500306c58aa931,67996c4c-6031a4e4c44a5547,0.496,0.62
734a94be-cd0c40be4a89c935,eea69e7f-8dab83995204e0df,0.496,0.5081967213114754
d9f6c257-6be30afb625c7fcc,e6b7a899-09224eadde94e5ee,0.49586776859504134,0.5769230769230769
d63e6e3f-68836bbaaea4c108,29210e56-e4fcc33dc59803ba,0.4942528735632184,0.5512820512820513
2ebeae13-f6d98bc6e8762f12,29210e56-e4fcc33dc59803ba,0.49411764705882355,0.5675675675675675
d63e6e3f-68836bbaaea4c108,8f855b99-1e222b61dfa2ec7f,0.49382716049382713,0.5128205128205128
7011024d-20824aa80ee40c37,d221162a-c21f547a22d9eb13,0.49382716049382713,0.49382716049382713
d63e6e3f-68836bbaaea4c108,d018b49f-e1ae502e5288eb54,0.4936708860759494,0.5
141effef-1bfb859e38d0541d,a4c98ae1-3942cae7e65d9f37,0.4935064935064935,0.5846153846153846
2da4b3fe-e5141fdf3cc061b7,45f5632f-5ab969465e5a8f59,0.49333333333333335,0.6271186440677966
2da4b3fe-e5141fdf3cc061b7,45f5632f-2bd33d3b4d42cb8d,0.49333333333333335,0.6271186440677966
0588b869-178a29ccfedc3992,764484c3-b96a5fc3fd9ec3ec,0.4931506849315068,0.5294117647058824
9e4ddc38-f08d0e6847f4856a,2470b521-019c23f7e919baa8,0.4927536231884058,0.5151515151515151
f9e08a46-5d34e200f915e8d0,2ebeae13-f6d98bc6e8762f12,0.4927536231884058,0.53125
cb87df79-e6daab7d8f341736,764484c3-b96a5fc3fd9ec3ec,0.49230769230769234,0.6153846153846154
11d91f31-d6dac8853a738e43,9028caf7-5bfe14d4c3b17f76,0.49056603773584906,0.582089552238806
11d91f31-d6dac8853a738e43,69b2fd22-5bfe14d4c3b17f76,0.49056603773584906,0.582089552238806
6490bbe8-cb4a60be38dd4393,0fd5b95a-e9d45e7dc0eefa8b,0.49032258064516127,0.4935064935064935
2da4b3fe-e5141fdf3cc061b7,9028caf7-5bfe14d4c3b17f76,0.4900662251655629,0.6271186440677966
2da4b3fe-e5141fdf3cc061b7,69b2fd22-5bfe14d4c3b17f76,0.4900662251655629,0.6271186440677966
9bc690ef-eaa1605ae19c8de9,2470b521-019c23f7e919baa8,0.48951048951048953,0.49295774647887325
11d91f31-d6dac8853a738e43,2470b521-019c23f7e919baa8,0.4892086330935252,0.5074626865671642
13441e8f-5b125e896d439795,ba8800f5-754ce975c68dc482,0.4888888888888889,0.55
141effef-1bfb859e38d0541d,3b498a39-34f8b597e4ed27e8,0.4888888888888889,0.676923076923077
f6ca6fc8-e7ab163f0a8022bf,2ebeae13-f6d98bc6e8762f12,0.4881889763779528,0.5849056603773585
db01da00-988246098678c280,b842cf12-f7882fa2c05f3014,0.4875,0.5416666666666666
ba8800f5-754ce975c68dc482,d221162a-c21f547a22d9eb13,0.48717948717948717,0.5066666666666667
ba8800f5-754ce975c68dc482,8c79c384-7673be7788c8bbc1,0.48717948717948717,0.5066666666666667
ba8800f5-754ce975c68dc482,7011024d-20824aa80ee40c37,0.48717948717948717,0.5066666666666667
7bc92b7f-01484e4d0896aace,5a74241a-dc901804978ab00a,0.48717948717948717,0.5
8ddb5587-69fda5215b397350,9cea10af-0b3023dfc77d153a,0.4868421052631579,0.5692307692307692
a4ec80a0-fa10dc124910b760,8c79c384-7673be7788c8bbc1,0.4868421052631579,0.5211267605633803
375489f2-a0444125a74b9ccb,8c79c384-7673be7788c8bbc1,0.4868421052631579,0.5211267605633803
141effef-1bfb859e38d0541d,ee4f7b06-0df895503f264db3,0.4868421052631579,0.5692307692307692
11373c16-325c2a81744d6c63,ba8800f5-754ce975c68dc482,0.4861111111111111,0.5072463768115942
d221162a-c21f547a22d9eb13,29210e56-e4fcc33dc59803ba,0.4858757062146893,0.5308641975308642
0588b869-178a29ccfedc3992,2470b521-019c23f7e919baa8,0.4857142857142857,0.5
bd65846f-dda288a85405877d,f4b87cc2-7d332534a27bc5d6,0.48554913294797686,0.4883720930232558
f9e08a46-5d34e200f915e8d0,db01da00-988246098678c280,0.4852941176470588,0.515625
6bcc5afd-28d9bb844890d9da,2ebeae13-f6d98bc6e8762f12,0.484375,0.5740740740740741
9bc690ef-eaa1605ae19c8de9,0d11fb94-9b58e2541be4dfcb,0.4840764331210191,0.5352112676056338
13441e8f-5b125e896d439795,f9e08a46-5d34e200f915e8d0,0.4838709677419355,0.5
595f5d6c-7ba61dd9e3df26a6,4323e2bd-229894dcd42dbd47,0.48372093023255813,0.48598130841121495
8926151a-5e56a31bb1481ed4,d8e4eb5e-8079445020a594f8,0.48366013071895425,0.4868421052631579
2470b521-019c23f7e919baa8,7011024d-20824aa80ee40c37,0.48366013071895425,0.5138888888888888
d221162a-c21f547a22d9eb13,60c85a4f-1cb4672ccc545eb2,0.4835164835164835,0.5432098765432098
2470b521-019c23f7e919baa8,6490bbe8-cb4a60be38dd4393,0.48322147651006714,0.5
5ce1fe32-9ffbc9498a417876,2ebeae13-f6d98bc6e8762f12,0.4827586206896552,0.49295774647887325
4e9c4bf9-d32422ae7aa1d171,eea69e7f-8dab83995204e0df,0.4827586206896552,0.5384615384615384
d9f6c257-6be30afb625c7fcc,eea69e7f-8dab83995204e0df,0.4827586206896552,0.5384615384615384
0588b869-178a29ccfedc3992,6490bbe8-cb4a60be38dd4393,0.4827586206896552,0.5147058823529411
7011024d-20824aa80ee40c37,3951966f-72a49600e61410e6,0.4823529411764706,0.5061728395061729
11373c16-325c2a81744d6c63,46e9aed4-c477cb844c1e1d56,0.48226950354609927,0.4927536231884058
734a94be-491555e2a9bcc2a4,5a74241a-dc901804978ab00a,0.48226950354609927,0.5573770491803278
11d91f31-d6dac8853a738e43,2ebeae13-f6d98bc6e8762f12,0.48226950354609927,0.5074626865671642
734a94be-cd0c40be4a89c935,5a74241a-dc901804978ab00a,0.48226950354609927,0.5573770491803278
0588b869-178a29ccfedc3992,11373c16-325c2a81744d6c63,0.48175182481751827,0.4852941176470588
bd50e3fe-deb43aa46e8164ed,764484c3-b96a5fc3fd9ec3ec,0.48175182481751827,0.559322033898305
96b3758b-d23ef8ff9339c1f0,b842cf12-f7882fa2c05f3014,0.48148148148148145,0.527027027027027
7011024d-20824aa80ee40c37,8c79c384-7673be7788c8bbc1,0.48148148148148145,0.48148148148148145
f9e08a46-5d34e200f915e8d0,11373c16-325c2a81744d6c63,0.48120300751879697,0.5
11d91f31-d6dac8853a738e43,9cea10af-0b3023dfc77d153a,0.4805194805194805,0.5522388059701493
7bc92b7f-01484e4d0896aace,0fd5b95a-e9d45e7dc0eefa8b,0.4805194805194805,0.4868421052631579
d63e6e3f-68836bbaaea4c108,60c85a4f-1cb4672ccc545eb2,0.48044692737430167,0.5512820512820513
141effef-1bfb859e38d0541d,2e1109d7-9902a467adb93d62,0.48,0.5538461538461539
547ee69b-ef33101345e3aff6,d8e4eb5e-8079445020a594f8,0.48,0.4931506849315068
141effef-1bfb859e38d0541d,e7000ac2-9902a467adb93d62,0.48,0.5538461538461539
9e4ddc38-f08d0e6847f4856a,5a74241a-dc901804978ab00a,0.4794520547945205,0.5303030303030303
8ddb5587-69fda5215b397350,a4e39423-0bca8609e3a20081,0.4785276073619632,0.6
d9f6c257-6be30afb625c7fcc,ebd8ff55-b7fcefff9d43d956,0.4778761061946903,0.5192307692307693
46e9aed4-c477cb844c1e1d56,4323e2bd-229894dcd42dbd47,0.4777777777777778,0.5972222222222222
2da4b3fe-e5141fdf3cc061b7,67996c4c-6031a4e4c44a5547,0.47761194029850745,0.5423728813559322
6bcc5afd-28d9bb844890d9da,d018b49f-e1ae502e5288eb54,0.47761194029850745,0.5925925925925926
96b3758b-d23ef8ff9339c1f0,7011024d-20824aa80ee40c37,0.4774193548387097,0.5
a4d6775d-895b97d602f71f4f,d018b49f-e1ae502e5288eb54,0.4774193548387097,0.49333333333333335
3d06b643-52fef5e25f21ee7f,d018b49f-e1ae502e5288eb54,0.4774193548387097,0.49333333333333335
ba8800f5-754ce975c68dc482,d018b49f-e1ae502e5288eb54,0.4774193548387097,0.49333333333333335
2da4b3fe-e5141fdf3cc061b7,9bc690ef-eaa1605ae19c8de9,0.47692307692307695,0.5254237288135594
2da4b3fe-e5141fdf3cc061b7,11d91f31-d6dac8853a738e43,0.47619047619047616,0.5084745762711864
2470b521-019c23f7e919baa8,ba8800f5-754ce975c68dc482,0.47619047619047616,0.4861111111111111
375489f2-a0444125a74b9ccb,3951966f-72a49600e61410e6,0.475,0.5352112676056338
eea69e7f-8dab83995204e0df,67996c4c-6031a4e4c44a5547,0.4748201438848921,0.515625
f6ca6fc8-e7ab163f0a8022bf,5ee4d2f9-7b875ec1c8e8e319,0.4748201438848921,0.6226415094339622
96b3758b-d23ef8ff9339c1f0,c4cdd3af-d681944ed10b5e5a,0.47435897435897434,0.5
2da4b3fe-e5141fdf3cc061b7,7bc92b7f-01484e4d0896aace,0.4740740740740741,0.5423728813559322
0d11fb94-9b58e2541be4dfcb,f4b87cc2-7d332534a27bc5d6,0.47398843930635837,0.47674418604651164
22b41936-e1a4f2961d5e650a,ee4f7b06-0df895503f264db3,0.47398843930635837,0.47674418604651164
2470b521-019c23f7e919baa8,d018b49f-e1ae502e5288eb54,0.47368421052631576,0.5
a4d6775d-895b97d602f71f4f,3b498a39-34f8b597e4ed27e8,0.47368421052631576,0.6
3d06b643-52fef5e25f21ee7f,3b498a39-34f8b597e4ed27e8,0.47368421052631576,0.6
5dc1f7b3-8c0e00231be211a2,b842cf12-f7882fa2c05f3014,0.47337278106508873,0.49382716049382713
13441e8f-5b125e896d439795,9bc690ef-eaa1605ae19c8de9,0.4732824427480916,0.5166666666666667
2da4b3fe-e5141fdf3cc061b7,db01da00-988246098678c280,0.4732824427480916,0.5254237288135594
6490bbe8-cb4a60be38dd4393,d314aa92-9f7dd24f2fa68770,0.4727272727272727,0.5064935064935064
69c97258-21e5704deef76ece,595f5d6c-7ba61dd9e3df26a6,0.4725274725274725,0.5733333333333334
d9f6c257-6be30afb625c7fcc,69c97258-21e5704deef76ece,0.47244094488188976,0.5769230769230769
141effef-1bfb859e38d0541d,3e191f3b-267f38bf210ab88d,0.4722222222222222,0.5230769230769231
69c97258-21e5704deef76ece,5ee4d2f9-7b875ec1c8e8e319,0.4720496894409938,0.5066666666666667
3951966f-72a49600e61410e6,a4c98ae1-3942cae7e65d9f37,0.47191011235955055,0.47191011235955055
375489f2-a0444125a74b9ccb,595f5d6c-7ba61dd9e3df26a6,0.47191011235955055,0.5915492957746479
6bcc5afd-28d9bb844890d9da,5ee4d2f9-7b875ec1c8e8e319,0.4714285714285714,0.6111111111111112
3b498a39-34f8b597e4ed27e8,930dd1f1-61ab1c8d80bf7a8d,0.47104247104247104,0.5304347826086957
141effef-1bfb859e38d0541d,5ce1fe32-9ffbc9498a417876,0.47058823529411764,0.49230769230769234
d018b49f-e1ae502e5288eb54,595f5d6c-7ba61dd9e3df26a6,0.47058823529411764,0.55
a4d6775d-895b97d602f71f4f,764484c3-b96a5fc3fd9ec3ec,0.47058823529411764,0.48
3d06b643-52fef5e25f21ee7f,764484c3-b96a5fc3fd9ec3ec,0.47058823529411764,0.48
2c7a0000-0b8bb8afaf26c254,d8e4eb5e-8079445020a594f8,0.47058823529411764,0.5423728813559322
7011024d-20824aa80ee40c37,2e1109d7-9902a467adb93d62,0.46987951807228917,0.48148148148148145
7011024d-20824aa80ee40c37,e7000ac2-9902a467adb93d62,0.46987951807228917,0.48148148148148145
cb87df79-e6daab7d8f341736,d018b49f-e1ae502e5288eb54,0.4696969696969697,0.5961538461538461
d9f6c257-6be30afb625c7fcc,d018b49f-e1ae502e5288eb54,0.4696969696969697,0.5961538461538461
d314aa92-9f7dd24f2fa68770,4323e2bd-229894dcd42dbd47,0.46938775510204084,0.5227272727272727
f6ca6fc8-e7ab163f0a8022bf,69c97258-21e5704deef76ece,0.46875,0.5660377358490566
eea69e7f-8dab83995204e0df,f9e08a46-5d34e200f915e8d0,0.46875,0.46875
6490bbe8-cb4a60be38dd4393,3b498a39-34f8b597e4ed27e8,0.46875,0.5844155844155844
d9f6c257-6be30afb625c7fcc,bd50e3fe-deb43aa46e8164ed,0.46846846846846846,0.5
96b3758b-d23ef8ff9339c1f0,8f855b99-1e222b61dfa2ec7f,0.46835443037974683,0.5
46e9aed4-c477cb844c1e1d56,5ee4d2f9-7b875ec1c8e8e319,0.46835443037974683,0.5138888888888888
13441e8f-5b125e896d439795,7011024d-20824aa80ee40c37,0.46808510638297873,0.55
bf992c91-d94ad939d2852a18,9bc690ef-eaa1605ae19c8de9,0.46808510638297873,0.4714285714285714
8c79c384-7673be7788c8bbc1,595f5d6c-7ba61dd9e3df26a6,0.46808510638297873,0.5432098765432098
f9e08a46-5d34e200f915e8d0,6490bbe8-cb4a60be38dd4393,0.46808510638297873,0.515625
5a74241a-dc901804978ab00a,45f5632f-5ab969465e5a8f59,0.4678362573099415,0.5
5a74241a-dc901804978ab00a,45f5632f-2bd33d3b4d42cb8d,0.4678362573099415,0.5
d9f6c257-6be30afb625c7fcc,db01da00-988246098678c280,0.46774193548387094,0.5576923076923077
7bc92b7f-01484e4d0896aace,764484c3-b96a5fc3fd9ec3ec,0.4675324675324675,0.47368421052631576
2c7a0000-0b8bb8afaf26c254,45f5632f-5ab969465e5a8f59,0.4666666666666667,0.5932203389830508
f9e08a46-5d34e200f915e8d0,5ee4d2f9-7b875ec1c8e8e319,0.4666666666666667,0.546875
db01da00-988246098678c280,764484c3-b96a5fc3fd9ec3ec,0.4666666666666667,0.4861111111111111
2c7a0000-0b8bb8afaf26c254,45f5632f-2bd33d3b4d42cb8d,0.4666666666666667,0.5932203389830508
734a94be-491555e2a9bcc2a4,2470b521-019c23f7e919baa8,0.46616541353383456,0.5081967213114754
734a94be-cd0c40be4a89c935,2470b521-019c23f7e919baa8,0.46616541353383456,0.5081967213114754
8ddb5587-69fda5215b397350,8c79c384-7673be7788c8bbc1,0.4657534246575342,0.5230769230769231
2da4b3fe-e5141fdf3cc061b7,f4b87cc2-7d332534a27bc5d6,0.4657534246575342,0.576271186440678
bd50e3fe-deb43aa46e8164ed,f4b87cc2-7d332534a27bc5d6,0.4657534246575342,0.576271186440678
4e9c4bf9-d32422ae7aa1d171,f9e08a46-5d34e200f915e8d0,0.46551724137931033,0.5192307692307693
d314aa92-9f7dd24f2fa68770,930dd1f1-61ab1c8d80bf7a8d,0.46551724137931033,0.6136363636363636
375489f2-a0444125a74b9ccb,b842cf12-f7882fa2c05f3014,0.46540880503144655,0.5211267605633803
547ee69b-ef33101345e3aff6,bd65846f-dda288a85405877d,0.46540880503144655,0.5068493150684932
d9f6c257-6be30afb625c7fcc,6490bbe8-cb4a60be38dd4393,0.46511627906976744,0.5769230769230769
8f855b99-1e222b61dfa2ec7f,60c85a4f-1cb4672ccc545eb2,0.4648648648648649,0.5119047619047619
11d91f31-d6dac8853a738e43,67996c4c-6031a4e4c44a5547,0.4647887323943662,0.4925373134328358
13441e8f-5b125e896d439795,141effef-1bfb859e38d0541d,0.464,0.48333333333333334
f6ca6fc8-e7ab163f0a8022bf,a4e39423-0bca8609e3a20081,0.46357615894039733,0.660377358490566
16a2a867-abbed6f23596204e,5a74241a-dc901804978ab00a,0.46357615894039733,0.49295774647887325
5dc1f7b3-8c0e00231be211a2,29210e56-e4fcc33dc59803ba,0.4632768361581921,0.5061728395061729
13441e8f-5b125e896d439795,2ebeae13-f6d98bc6e8762f12,0.4626865671641791,0.5166666666666667
13441e8f-5b125e896d439795,9cea10af-0b3023dfc77d153a,0.46258503401360546,0.5666666666666667
8e990c75-f9144464a16f2616,bd65846f-dda288a85405877d,0.4625,0.5
2ebeae13-f6d98bc6e8762f12,22b41936-e1a4f2961d5e650a,0.4625,0.5
8ddb5587-69fda5215b397350,4323e2bd-229894dcd42dbd47,0.4624277456647399,0.6153846153846154
9bc690ef-eaa1605ae19c8de9,db01da00-988246098678c280,0.46153846153846156,0.4647887323943662
8ddb5587-69fda5215b397350,45f5632f-5ab969465e5a8f59,0.46153846153846156,0.5538461538461539
1162c08f-3a2a31cf33573c4d,d018b49f-e1ae502e5288eb54,0.46153846153846156,0.6
6653a758-75500306c58aa931,d018b49f-e1ae502e5288eb54,0.46153846153846156,0.6
8ddb5587-69fda5215b397350,764484c3-b96a5fc3fd9ec3ec,0.46153846153846156,0.5076923076923077
8ddb5587-69fda5215b397350,45f5632f-2bd33d3b4d42cb8d,0.46153846153846156,0.5538461538461539
ebd8ff55-b7fcefff9d43d956,45f5632f-5ab969465e5a8f59,0.4605263157894737,0.5737704918032787
a4d6775d-895b97d602f71f4f,6490bbe8-cb4a60be38dd4393,0.4605263157894737,0.4666666666666667
ebd8ff55-b7fcefff9d43d956,45f5632f-2bd33d3b4d42cb8d,0.4605263157894737,0.5737704918032787
3d06b643-52fef5e25f21ee7f,6490bbe8-cb4a60be38dd4393,0.4605263157894737,0.4666666666666667
2470b521-019c23f7e919baa8,5a74241a-dc901804978ab00a,0.4605263157894737,0.4861111111111111
6bcc5afd-28d9bb844890d9da,2470b521-019c23f7e919baa8,0.4603174603174603,0.5370370370370371
cb87df79-e6daab7d8f341736,2ebeae13-f6d98bc6e8762f12,0.4603174603174603,0.5576923076923077
d9f6c257-6be30afb625c7fcc,2ebeae13-f6d98bc6e8762f12,0.4603174603174603,0.5576923076923077
4e9c4bf9-d32422ae7aa1d171,734a94be-491555e2a9bcc2a4,0.46017699115044247,0.5
4e9c4bf9-d32422ae7aa1d171,734a94be-cd0c40be4a89c935,0.46017699115044247,0.5
2ebeae13-f6d98bc6e8762f12,ee4f7b06-0df895503f264db3,0.45962732919254656,0.5
4201fdf7-e9b7491886b37cf0,5a74241a-dc901804978ab00a,0.4594594594594595,0.5
13441e8f-5b125e896d439795,d314aa92-9f7dd24f2fa68770,0.4594594594594595,0.5666666666666667
46e9aed4-c477cb844c1e1d56,a4e39423-0bca8609e3a20081,0.4588235294117647,0.5416666666666666
0fd5b95a-e9d45e7dc0eefa8b,9028caf7-5bfe14d4c3b17f76,0.4588235294117647,0.5
0fd5b95a-e9d45e7dc0eefa8b,69b2fd22-5bfe14d4c3b17f76,0.4588235294117647,0.5
8c79c384-7673be7788c8bbc1,93322168-c6d3be538e049476,0.4588235294117647,0.48148148148148145
2470b521-019c23f7e919baa8,a4e39423-0bca8609e3a20081,0.4588235294117647,0.5416666666666666
11373c16-325c2a81744d6c63,67996c4c-6031a4e4c44a5547,0.4583333333333333,0.4782608695652174
cb87df79-e6daab7d8f341736,9028caf7-5bfe14d4c3b17f76,0.4583333333333333,0.6346153846153846
cb87df79-e6daab7d8f341736,69b2fd22-5bfe14d4c3b17f76,0.4583333333333333,0.6346153846153846
2470b521-019c23f7e919baa8,595f5d6c-7ba61dd9e3df26a6,0.4581005586592179,0.5694444444444444
141effef-1bfb859e38d0541d,60c85a4f-1cb4672ccc545eb2,0.4578313253012048,0.5846153846153846
d018b49f-e1ae502e5288eb54,c4cdd3af-d681944ed10b5e5a,0.4567901234567901,0.4625
ebd8ff55-b7fcefff9d43d956,9e4ddc38-f08d0e6847f4856a,0.4566929133858268,0.47540983606557374
9bc690ef-eaa1605ae19c8de9,0fd5b95a-e9d45e7dc0eefa8b,0.4563758389261745,0.4788732394366197
141effef-1bfb859e38d0541d,8f855b99-1e222b61dfa2ec7f,0.4563758389261745,0.5230769230769231
8ddb5587-69fda5215b397350,a4ec80a0-fa10dc124910b760,0.45588235294117646,0.47692307692307695
8f855b99-1e222b61dfa2ec7f,29210e56-e4fcc33dc59803ba,0.45555555555555555,0.4880952380952381
a4ec80a0-fa10dc124910b760,96b3758b-d23ef8ff9339c1f0,0.45517241379310347,0.4647887323943662
5a74241a-dc901804978ab00a,9cea10af-0b3023dfc77d153a,0.4550898203592814,0.475
29210e56-e4fcc33dc59803ba,3b498a39-34f8b597e4ed27e8,0.4549763033175355,0.5
734a94be-491555e2a9bcc2a4,3b498a39-34f8b597e4ed27e8,0.45454545454545453,0.6557377049180327
734a94be-491555e2a9bcc2a4,16a2a867-abbed6f23596204e,0.45454545454545453,0.4918032786885246
734a94be-cd0c40be4a89c935,3b498a39-34f8b597e4ed27e8,0.45454545454545453,0.6557377049180327
734a94be-cd0c40be4a89c935,16a2a867-abbed6f23596204e,0.45454545454545453,0.4918032786885246
11d91f31-d6dac8853a738e43,96b3758b-d23ef8ff9339c1f0,0.45390070921985815,0.47761194029850745
9e4ddc38-f08d0e6847f4856a,41e72d4f-21bec02e70069337,0.45390070921985815,0.48484848484848486
1162c08f-3a2a31cf33573c4d,e6b7a899-09224eadde94e5ee,0.453781512605042,0.54
6653a758-75500306c58aa931,e6b7a899-09224eadde94e5ee,0.453781512605042,0.54
a4ec80a0-fa10dc124910b760,3e191f3b-267f38bf210ab88d,0.4533333333333333,0.4788732394366197
d314aa92-9f7dd24f2fa68770,3b498a39-34f8b597e4ed27e8,0.45320197044334976,0.5227272727272727
d63e6e3f-68836bbaaea4c108,8c79c384-7673be7788c8bbc1,0.4528301886792453,0.46153846153846156
d63e6e3f-68836bbaaea4c108,7011024d-20824aa80ee40c37,0.4528301886792453,0.46153846153846156
4e9c4bf9-d32422ae7aa1d171,6bcc5afd-28d9bb844890d9da,0.4528301886792453,0.46153846153846156
0588b869-178a29ccfedc3992,45f5632f-5ab969465e5a8f59,0.4528301886792453,0.5294117647058824
0588b869-178a29ccfedc3992,45f5632f-2bd33d3b4d42cb8d,0.4528301886792453,0.5294117647058824
2c7a0000-0b8bb8afaf26c254,764484c3-b96a5fc3fd9ec3ec,0.45255474452554745,0.5254237288135594
2da4b3fe-e5141fdf3cc061b7,9cea10af-0b3023dfc77d153a,0.4520547945205479,0.559322033898305
11373c16-325c2a81744d6c63,6490bbe8-cb4a60be38dd4393,0.4520547945205479,0.4782608695652174
375489f2-a0444125a74b9ccb,ba8800f5-754ce975c68dc482,0.4520547945205479,0.4647887323943662
a4ec80a0-fa10dc124910b760,8f855b99-1e222b61dfa2ec7f,0.45161290322580644,0.49295774647887325
67996c4c-6031a4e4c44a5547,5a74241a-dc901804978ab00a,0.45161290322580644,0.4666666666666667
e6b7a899-09224eadde94e5ee,5ee4d2f9-7b875ec1c8e8e319,0.45161290322580644,0.5072463768115942
f4b87cc2-7d332534a27bc5d6,4323e2bd-229894dcd42dbd47,0.4512820512820513,0.5057471264367817
0fd5b95a-e9d45e7dc0eefa8b,0d11fb94-9b58e2541be4dfcb,0.45121951219512196,0.47435897435897434
7b71234c-c144dfdf3c050ab5,a4d6775d-895b97d602f71f4f,0.4507042253521127,0.47761194029850745
12c1cc56-c144dfdf3c050ab5,a4d6775d-895b97d602f71f4f,0.4507042253521127,0.47761194029850745
c06c758d-c144dfdf3c050ab5,a4d6775d-895b97d602f71f4f,0.4507042253521127,0.47761194029850745
7b71234c-c144dfdf3c050ab5,3d06b643-52fef5e25f21ee7f,0.4507042253521127,0.47761194029850745
12c1cc56-c144dfdf3c050ab5,3d06b643-52fef5e25f21ee7f,0.4507042253521127,0.47761194029850745
c06c758d-c144dfdf3c050ab5,3d06b643-52fef5e25f21ee7f,0.4507042253521127,0.47761194029850745
a4d6775d-895b97d602f71f4f,595f5d6c-7ba61dd9e3df26a6,0.45054945054945056,0.5466666666666666
3d06b643-52fef5e25f21ee7f,595f5d6c-7ba61dd9e3df26a6,0.45054945054945056,0.5466666666666666
8f855b99-1e222b61dfa2ec7f,b38468e8-355e4e494f76a9c6,0.45054945054945056,0.4880952380952381
96b3758b-d23ef8ff9339c1f0,6490bbe8-cb4a60be38dd4393,0.4503311258278146,0.4594594594594595
141effef-1bfb859e38d0541d,22b41936-e1a4f2961d5e650a,0.4503311258278146,0.5230769230769231
5ce1fe32-9ffbc9498a417876,3951966f-72a49600e61410e6,0.45,0.5070422535211268
8ddb5587-69fda5215b397350,930dd1f1-61ab1c8d80bf7a8d,0.44976076555023925,0.7230769230769231
9bc690ef-eaa1605ae19c8de9,b38468e8-355e4e494f76a9c6,0.44970414201183434,0.5352112676056338
9bc690ef-eaa1605ae19c8de9,595f5d6c-7ba61dd9e3df26a6,0.449438202247191,0.5633802816901409
11373c16-325c2a81744d6c63,0fd5b95a-e9d45e7dc0eefa8b,0.4489795918367347,0.4782608695652174
db01da00-988246098678c280,67996c4c-6031a4e4c44a5547,0.4489795918367347,0.4583333333333333
e6b7a899-09224eadde94e5ee,764484c3-b96a5fc3fd9ec3ec,0.4489795918367347,0.4782608695652174
7011024d-20824aa80ee40c37,3b498a39-34f8b597e4ed27e8,0.4489795918367347,0.5432098765432098
9bc690ef-eaa1605ae19c8de9,2e1109d7-9902a467adb93d62,0.44871794871794873,0.49295774647887325
11373c16-325c2a81744d6c63,9cea10af-0b3023dfc77d153a,0.44871794871794873,0.5072463768115942
9bc690ef-eaa1605ae19c8de9,e7000ac2-9902a467adb93d62,0.44871794871794873,0.49295774647887325
2470b521-019c23f7e919baa8,8f855b99-1e222b61dfa2ec7f,0.44871794871794873,0.4861111111111111
764484c3-b96a5fc3fd9ec3ec,f4b87cc2-7d332534a27bc5d6,0.4484848484848485,0.47435897435897434
f6ca6fc8-e7ab163f0a8022bf,db01da00-988246098678c280,0.448,0.5283018867924528
22b41936-e1a4f2961d5e650a,3b498a39-34f8b597e4ed27e8,0.44776119402985076,0.5232558139534884
e6b7a899-09224eadde94e5ee,2ebeae13-f6d98bc6e8762f12,0.44755244755244755,0.463768115942029
141effef-1bfb859e38d0541d,0fd5b95a-e9d45e7dc0eefa8b,0.44755244755244755,0.49230769230769234
16a2a867-abbed6f23596204e,2470b521-019c23f7e919baa8,0.44755244755244755,0.4507042253521127
a4d6775d-895b97d602f71f4f,930dd1f1-61ab1c8d80bf7a8d,0.4474885844748858,0.6533333333333333
3d06b643-52fef5e25f21ee7f,930dd1f1-61ab1c8d80bf7a8d,0.4474885844748858,0.6533333333333333
5ce1fe32-9ffbc9498a417876,d221162a-c21f547a22d9eb13,0.4473684210526316,0.4788732394366197
46e9aed4-c477cb844c1e1d56,d018b49f-e1ae502e5288eb54,0.4473684210526316,0.4722222222222222
9bc690ef-eaa1605ae19c8de9,7011024d-20824aa80ee40c37,0.4473684210526316,0.4788732394366197
8ddb5587-69fda5215b397350,f4b87cc2-7d332534a27bc5d6,0.4473684210526316,0.5230769230769231
ba8800f5-754ce975c68dc482,6490bbe8-cb4a60be38dd4393,0.4473684210526316,0.4533333333333333
11373c16-325c2a81744d6c63,9028caf7-5bfe14d4c3b17f76,0.4472049689440994,0.5217391304347826
11373c16-325c2a81744d6c63,69b2fd22-5bfe14d4c3b17f76,0.4472049689440994,0.5217391304347826
141effef-1bfb859e38d0541d,29210e56-e4fcc33dc59803ba,0.4472049689440994,0.5538461538461539
8f855b99-1e222b61dfa2ec7f,22b41936-e1a4f2961d5e650a,0.4470588235294118,0.4523809523809524
0fd5b95a-e9d45e7dc0eefa8b,60c85a4f-1cb4672ccc545eb2,0.44692737430167595,0.5128205128205128
141effef-1bfb859e38d0541d,96b3758b-d23ef8ff9339c1f0,0.4460431654676259,0.47692307692307695
f9e08a46-5d34e200f915e8d0,69c97258-21e5704deef76ece,0.4460431654676259,0.484375
9e4ddc38-f08d0e6847f4856a,45f5632f-5ab969465e5a8f59,0.445859872611465,0.5303030303030303
9e4ddc38-f08d0e6847f4856a,45f5632f-2bd33d3b4d42cb8d,0.445859872611465,0.5303030303030303
0588b869-178a29ccfedc3992,595f5d6c-7ba61dd9e3df26a6,0.44571428571428573,0.5735294117647058
41e72d4f-21bec02e70069337,9cea10af-0b3023dfc77d153a,0.4444444444444444,0.48
11373c16-325c2a81744d6c63,14b0fb8e-37daaf5ae4723931,0.4444444444444444,0.463768115942029
11373c16-325c2a81744d6c63,a4d6775d-895b97d602f71f4f,0.4444444444444444,0.463768115942029
11373c16-325c2a81744d6c63,3d06b643-52fef5e25f21ee7f,0.4444444444444444,0.463768115942029
96b3758b-d23ef8ff9339c1f0,3b498a39-34f8b597e4ed27e8,0.4444444444444444,0.5675675675675675
734a94be-491555e2a9bcc2a4,2ebeae13-f6d98bc6e8762f12,0.4444444444444444,0.4918032786885246
13441e8f-5b125e896d439795,69c97258-21e5704deef76ece,0.4444444444444444,0.5
13441e8f-5b125e896d439795,41e72d4f-21bec02e70069337,0.4444444444444444,0.5
4e9c4bf9-d32422ae7aa1d171,8ddb5587-69fda5215b397350,0.4444444444444444,0.5
f9e08a46-5d34e200f915e8d0,9bc690ef-eaa1605ae19c8de9,0.4444444444444444,0.46875
f9e08a46-5d34e200f915e8d0,d018b49f-e1ae502e5288eb54,0.4444444444444444,0.5
11d91f31-d6dac8853a738e43,5ee4d2f9-7b875ec1c8e8e319,0.4444444444444444,0.5074626865671642
734a94be-cd0c40be4a89c935,2ebeae13-f6d98bc6e8762f12,0.4444444444444444,0.4918032786885246
2ebeae13-f6d98bc6e8762f12,3b498a39-34f8b597e4ed27e8,0.4444444444444444,0.5675675675675675
d018b49f-e1ae502e5288eb54,29210e56-e4fcc33dc59803ba,0.4431818181818182,0.4875
67996c4c-6031a4e4c44a5547,9028caf7-5bfe14d4c3b17f76,0.4431137724550898,0.49333333333333335
67996c4c-6031a4e4c44a5547,69b2fd22-5bfe14d4c3b17f76,0.4431137724550898,0.49333333333333335
764484c3-b96a5fc3fd9ec3ec,5a74241a-dc901804978ab00a,0.4430379746835443,0.44871794871794873
0588b869-178a29ccfedc3992,db01da00-988246098678c280,0.44285714285714284,0.45588235294117646
4e9c4bf9-d32422ae7aa1d171,d9f6c257-6be30afb625c7fcc,0.4423076923076923,0.4423076923076923
a4ec80a0-fa10dc124910b760,60c85a4f-1cb4672ccc545eb2,0.4418604651162791,0.5352112676056338
d018b49f-e1ae502e5288eb54,9028caf7-5bfe14d4c3b17f76,0.4418604651162791,0.475
d018b49f-e1ae502e5288eb54,69b2fd22-5bfe14d4c3b17f76,0.4418604651162791,0.475
9e4ddc38-f08d0e6847f4856a,d314aa92-9f7dd24f2fa68770,0.44155844155844154,0.5151515151515151
46e9aed4-c477cb844c1e1d56,764484c3-b96a5fc3fd9ec3ec,0.44,0.4583333333333333
67996c4c-6031a4e4c44a5547,a4d6775d-895b97d602f71f4f,0.44,0.44
3d06b643-52fef5e25f21ee7f,67996c4c-6031a4e4c44a5547,0.44,0.44
2470b521-019c23f7e919baa8,0fd5b95a-e9d45e7dc0eefa8b,0.44,0.4583333333333333
d9f6c257-6be30afb625c7fcc,a4e39423-0bca8609e3a20081,0.44,0.6346153846153846
13441e8f-5b125e896d439795,d221162a-c21f547a22d9eb13,0.4397163120567376,0.5166666666666667
ebd8ff55-b7fcefff9d43d956,5a74241a-dc901804978ab00a,0.4397163120567376,0.5081967213114754
595f5d6c-7ba61dd9e3df26a6,ae775964-023a1237326b6e42,0.43946188340807174,0.45794392523364486
d9f6c257-6be30afb625c7fcc,16a2a867-abbed6f23596204e,0.43902439024390244,0.5192307692307693
67996c4c-6031a4e4c44a5547,d018b49f-e1ae502e5288eb54,0.43870967741935485,0.4533333333333333
14b0fb8e-37daaf5ae4723931,d018b49f-e1ae502e5288eb54,0.43870967741935485,0.4533333333333333
db01da00-988246098678c280,96b3758b-d23ef8ff9339c1f0,0.4383561643835616,0.4444444444444444
2470b521-019c23f7e919baa8,96b3758b-d23ef8ff9339c1f0,0.4383561643835616,0.4444444444444444
a4ec80a0-fa10dc124910b760,ba8800f5-754ce975c68dc482,0.4383561643835616,0.4507042253521127
375489f2-a0444125a74b9ccb,a4d6775d-895b97d602f71f4f,0.4383561643835616,0.4507042253521127
375489f2-a0444125a74b9ccb,3d06b643-52fef5e25f21ee7f,0.4383561643835616,0.4507042253521127
ba8800f5-754ce975c68dc482,930dd1f1-61ab1c8d80bf7a8d,0.4383561643835616,0.64
d018b49f-e1ae502e5288eb54,3951966f-72a49600e61410e6,0.4378698224852071,0.4625
0fd5b95a-e9d45e7dc0eefa8b,c4cdd3af-d681944ed10b5e5a,0.4375,0.44871794871794873
8ddb5587-69fda5215b397350,5ee4d2f9-7b875ec1c8e8e319,0.4370860927152318,0.5076923076923077
734a94be-491555e2a9bcc2a4,d221162a-c21f547a22d9eb13,0.43661971830985913,0.5081967213114754
eea69e7f-8dab83995204e0df,764484c3-b96a5fc3fd9ec3ec,0.43661971830985913,0.484375
11d91f31-d6dac8853a738e43,a4d6775d-895b97d602f71f4f,0.43661971830985913,0.4626865671641791
11d91f31-d6dac8853a738e43,3d06b643-52fef5e25f21ee7f,0.43661971830985913,0.4626865671641791
734a94be-cd0c40be4a89c935,d221162a-c21f547a22d9eb13,0.43661971830985913,0.5081967213114754
d221162a-c21f547a22d9eb13,8f855b99-1e222b61dfa2ec7f,0.43636363636363634,0.4444444444444444
8c79c384-7673be7788c8bbc1,8f855b99-1e222b61dfa2ec7f,0.43636363636363634,0.4444444444444444
7011024d-20824aa80ee40c37,8f855b99-1e222b61dfa2ec7f,0.43636363636363634,0.4444444444444444
eea69e7f-8dab83995204e0df,11373c16-325c2a81744d6c63,0.43609022556390975,0.453125
734a94be-491555e2a9bcc2a4,db01da00-988246098678c280,0.43609022556390975,0.47540983606557374
734a94be-cd0c40be4a89c935,db01da00-988246098678c280,0.43609022556390975,0.47540983606557374
67996c4c-6031a4e4c44a5547,5dc1f7b3-8c0e00231be211a2,0.4358974358974359,0.4533333333333333
f6ca6fc8-e7ab163f0a8022bf,16a2a867-abbed6f23596204e,0.43548387096774194,0.5094339622641509
734a94be-491555e2a9bcc2a4,5ee4d2f9-7b875ec1c8e8e319,0.43537414965986393,0.5245901639344263
46e9aed4-c477cb844c1e1d56,ba8800f5-754ce975c68dc482,0.43537414965986393,0.4444444444444444
2470b521-019c23f7e919baa8,67996c4c-6031a4e4c44a5547,0.43537414965986393,0.4444444444444444
734a94be-cd0c40be4a89c935,5ee4d2f9-7b875ec1c8e8e319,0.43537414965986393,0.5245901639344263
2da4b3fe-e5141fdf3cc061b7,d314aa92-9f7dd24f2fa68770,0.43537414965986393,0.5423728813559322
2470b521-019c23f7e919baa8,41e72d4f-21bec02e70069337,0.43537414965986393,0.4444444444444444
13441e8f-5b125e896d439795,0fd5b95a-e9d45e7dc0eefa8b,0.43478260869565216,0.5
e6b7a899-09224eadde94e5ee,9028caf7-5bfe14d4c3b17f76,0.43478260869565216,0.5072463768115942
e6b7a899-09224eadde94e5ee,69b2fd22-5bfe14d4c3b17f76,0.43478260869565216,0.5072463768115942
11d91f31-d6dac8853a738e43,16a2a867-abbed6f23596204e,0.43478260869565216,0.44776119402985076
eea69e7f-8dab83995204e0df,d314aa92-9f7dd24f2fa68770,0.4342105263157895,0.515625
6bcc5afd-28d9bb844890d9da,a4e39423-0bca8609e3a20081,0.4342105263157895,0.6111111111111112
6bcc5afd-28d9bb844890d9da,69c97258-21e5704deef76ece,0.43410852713178294,0.5185185185185185
eea69e7f-8dab83995204e0df,8ddb5587-69fda5215b397350,0.43410852713178294,0.4375
67996c4c-6031a4e4c44a5547,45f5632f-5ab969465e5a8f59,0.43373493975903615,0.48
67996c4c-6031a4e4c44a5547,45f5632f-2bd33d3b4d42cb8d,0.43373493975903615,0.48
a4ec80a0-fa10dc124910b760,db01da00-988246098678c280,0.43356643356643354,0.43661971830985913
0588b869-178a29ccfedc3992,ba8800f5-754ce975c68dc482,0.43356643356643354,0.45588235294117646
d9f6c257-6be30afb625c7fcc,4201fdf7-e9b7491886b37cf0,0.43333333333333335,0.5
16a2a867-abbed6f23596204e,22b41936-e1a4f2961d5e650a,0.43312101910828027,0.4788732394366197
a4ec80a0-fa10dc124910b760,6490bbe8-cb4a60be38dd4393,0.43243243243243246,0.4507042253521127
9bc690ef-eaa1605ae19c8de9,6490bbe8-cb4a60be38dd4393,0.43243243243243246,0.4507042253521127
ba8800f5-754ce975c68dc482,f4b87cc2-7d332534a27bc5d6,0.43209876543209874,0.4666666666666667
f6ca6fc8-e7ab163f0a8022bf,2470b521-019c23f7e919baa8,0.432,0.5094339622641509
4e9c4bf9-d32422ae7aa1d171,f4b87cc2-7d332534a27bc5d6,0.4316546762589928,0.5769230769230769
f9e08a46-5d34e200f915e8d0,ba8800f5-754ce975c68dc482,0.4316546762589928,0.46875
bd50e3fe-deb43aa46e8164ed,5a74241a-dc901804978ab00a,0.4316546762589928,0.5084745762711864
93322168-c6d3be538e049476,3b498a39-34f8b597e4ed27e8,0.43137254901960786,0.4943820224719101
7bc92b7f-01484e4d0896aace,45f5632f-5ab969465e5a8f59,0.4311377245508982,0.47368421052631576
0fd5b95a-e9d45e7dc0eefa8b,a4c98ae1-3942cae7e65d9f37,0.4311377245508982,0.46153846153846156
a4d6775d-895b97d602f71f4f,9028caf7-5bfe14d4c3b17f76,0.4311377245508982,0.48
a4d6775d-895b97d602f71f4f,69b2fd22-5bfe14d4c3b17f76,0.4311377245508982,0.48
3d06b643-52fef5e25f21ee7f,9028caf7-5bfe14d4c3b17f76,0.4311377245508982,0.48
3d06b643-52fef5e25f21ee7f,69b2fd22-5bfe14d4c3b17f76,0.4311377245508982,0.48
7bc92b7f-01484e4d0896aace,45f5632f-2bd33d3b4d42cb8d,0.4311377245508982,0.47368421052631576
e6b7a899-09224eadde94e5ee,a4d6775d-895b97d602f71f4f,0.4305555555555556,0.4492753623188406
e6b7a899-09224eadde94e5ee,3d06b643-52fef5e25f21ee7f,0.4305555555555556,0.4492753623188406
16a2a867-abbed6f23596204e,3b498a39-34f8b597e4ed27e8,0.43010752688172044,0.5633802816901409
f9e08a46-5d34e200f915e8d0,a4ec80a0-fa10dc124910b760,0.42962962962962964,0.453125
f9e08a46-5d34e200f915e8d0,375489f2-a0444125a74b9ccb,0.42962962962962964,0.453125
e6b7a899-09224eadde94e5ee,d018b49f-e1ae502e5288eb54,0.42953020134228187,0.463768115942029
0fd5b95a-e9d45e7dc0eefa8b,2e1109d7-9902a467adb93d62,0.4294478527607362,0.44871794871794873
3e191f3b-267f38bf210ab88d,8f855b99-1e222b61dfa2ec7f,0.4294478527607362,0.4430379746835443
69c97258-21e5704deef76ece,d314aa92-9f7dd24f2fa68770,0.4294478527607362,0.4666666666666667
0fd5b95a-e9d45e7dc0eefa8b,e7000ac2-9902a467adb93d62,0.4294478527607362,0.44871794871794873
2ebeae13-f6d98bc6e8762f12,93322168-c6d3be538e049476,0.4294478527607362,0.47297297297297297
6bcc5afd-28d9bb844890d9da,db01da00-988246098678c280,0.42857142857142855,0.5
8c79c384-7673be7788c8bbc1,3b498a39-34f8b597e4ed27e8,0.42857142857142855,0.5185185185185185
8c79c384-7673be7788c8bbc1,f4b87cc2-7d332534a27bc5d6,0.42857142857142855,0.4444444444444444
ba8800f5-754ce975c68dc482,a4e39423-0bca8609e3a20081,0.4277456647398844,0.49333333333333335
8f855b99-1e222b61dfa2ec7f,3951966f-72a49600e61410e6,0.4277456647398844,0.44047619047619047
734a94be-491555e2a9bcc2a4,a4e39423-0bca8609e3a20081,0.4276729559748428,0.5573770491803278
734a94be-cd0c40be4a89c935,a4e39423-0bca8609e3a20081,0.4276729559748428,0.5573770491803278
2470b521-019c23f7e919baa8,f4b87cc2-7d332534a27bc5d6,0.4276729559748428,0.4722222222222222
f9e08a46-5d34e200f915e8d0,7011024d-20824aa80ee40c37,0.42758620689655175,0.484375
d018b49f-e1ae502e5288eb54,8f855b99-1e222b61dfa2ec7f,0.4268292682926829,0.4375
ba8800f5-754ce975c68dc482,a4c98ae1-3942cae7e65d9f37,0.4268292682926829,0.4666666666666667
d221162a-c21f547a22d9eb13,930dd1f1-61ab1c8d80bf7a8d,0.4266666666666667,0.5925925925925926
11d91f31-d6dac8853a738e43,11373c16-325c2a81744d6c63,0.4264705882352941,0.43283582089552236
bd50e3fe-deb43aa46e8164ed,d8e4eb5e-8079445020a594f8,0.4264705882352941,0.4915254237288136
f9e08a46-5d34e200f915e8d0,2470b521-019c23f7e919baa8,0.4264705882352941,0.453125
141effef-1bfb859e38d0541d,16a2a867-abbed6f23596204e,0.4264705882352941,0.4461538461538462
734a94be-491555e2a9bcc2a4,4323e2bd-229894dcd42dbd47,0.4260355029585799,0.5901639344262295
734a94be-cd0c40be4a89c935,4323e2bd-229894dcd42dbd47,0.4260355029585799,0.5901639344262295
db01da00-988246098678c280,930dd1f1-61ab1c8d80bf7a8d,0.42592592592592593,0.6388888888888888
e6b7a899-09224eadde94e5ee,22b41936-e1a4f2961d5e650a,0.4258064516129032,0.4782608695652174
d9f6c257-6be30afb625c7fcc,a4c98ae1-3942cae7e65d9f37,0.425531914893617,0.5769230769230769
eea69e7f-8dab83995204e0df,6490bbe8-cb4a60be38dd4393,0.425531914893617,0.46875
0d11fb94-9b58e2541be4dfcb,b842cf12-f7882fa2c05f3014,0.42528735632183906,0.43023255813953487
bd50e3fe-deb43aa46e8164ed,0588b869-178a29ccfedc3992,0.4251968503937008,0.4576271186440678
d9f6c257-6be30afb625c7fcc,4323e2bd-229894dcd42dbd47,0.425,0.6538461538461539
2470b521-019c23f7e919baa8,8e990c75-f9144464a16f2616,0.4246575342465753,0.4305555555555556
375489f2-a0444125a74b9ccb,67996c4c-6031a4e4c44a5547,0.4246575342465753,0.43661971830985913
b842cf12-f7882fa2c05f3014,45f5632f-5ab969465e5a8f59,0.4245810055865922,0.4318181818181818
b842cf12-f7882fa2c05f3014,45f5632f-2bd33d3b4d42cb8d,0.4245810055865922,0.4318181818181818
d63e6e3f-68836bbaaea4c108,ee4f7b06-0df895503f264db3,0.42424242424242425,0.44871794871794873
11d91f31-d6dac8853a738e43,a4e39423-0bca8609e3a20081,0.42424242424242425,0.5223880597014925
8e990c75-f9144464a16f2616,d8e4eb5e-8079445020a594f8,0.423841059602649,0.43243243243243246
9bc690ef-eaa1605ae19c8de9,d018b49f-e1ae502e5288eb54,0.423841059602649,0.4507042253521127
8ddb5587-69fda5215b397350,0d11fb94-9b58e2541be4dfcb,0.423841059602649,0.49230769230769234
2c7a0000-0b8bb8afaf26c254,2da4b3fe-e5141fdf3cc061b7,0.423728813559322,0.423728813559322
96b3758b-d23ef8ff9339c1f0,29210e56-e4fcc33dc59803ba,0.4235294117647059,0.4864864864864865
8c79c384-7673be7788c8bbc1,a4c98ae1-3942cae7e65d9f37,0.4235294117647059,0.4444444444444444
db01da00-988246098678c280,a4e39423-0bca8609e3a20081,0.4235294117647059,0.5
8ddb5587-69fda5215b397350,db01da00-988246098678c280,0.4233576642335766,0.4461538461538462
14b0fb8e-37daaf5ae4723931,8c79c384-7673be7788c8bbc1,0.4230769230769231,0.44
f9e08a46-5d34e200f915e8d0,930dd1f1-61ab1c8d80bf7a8d,0.4230769230769231,0.6875
f4b87cc2-7d332534a27bc5d6,b842cf12-f7882fa2c05f3014,0.4228571428571429,0.42528735632183906
cb87df79-e6daab7d8f341736,16a2a867-abbed6f23596204e,0.42276422764227645,0.5
29210e56-e4fcc33dc59803ba,b38468e8-355e4e494f76a9c6,0.422680412371134,0.4270833333333333
16a2a867-abbed6f23596204e,9bc690ef-eaa1605ae19c8de9,0.4225352112676056,0.4225352112676056
1162c08f-3a2a31cf33573c4d,9028caf7-5bfe14d4c3b17f76,0.4225352112676056,0.6
1162c08f-3a2a31cf33573c4d,69b2fd22-5bfe14d4c3b17f76,0.4225352112676056,0.6
f9e08a46-5d34e200f915e8d0,764484c3-b96a5fc3fd9ec3ec,0.4225352112676056,0.46875
6653a758-75500306c58aa931,9028caf7-5bfe14d4c3b17f76,0.4225352112676056,0.6
6653a758-75500306c58aa931,69b2fd22-5bfe14d4c3b17f76,0.4225352112676056,0.6
141effef-1bfb859e38d0541d,6490bbe8-cb4a60be38dd4393,0.4225352112676056,0.46153846153846156
bd50e3fe-deb43aa46e8164ed,e6b7a899-09224eadde94e5ee,0.421875,0.4576271186440678
f6ca6fc8-e7ab163f0a8022bf,ba8800f5-754ce975c68dc482,0.421875,0.5094339622641509
a4ec80a0-fa10dc124910b760,034030f3-0fcdc00fa21b2b63,0.4217687074829932,0.43661971830985913
2470b521-019c23f7e919baa8,69c97258-21e5704deef76ece,0.4217687074829932,0.4305555555555556
2470b521-019c23f7e919baa8,14b0fb8e-37daaf5ae4723931,0.4217687074829932,0.4305555555555556
db01da00-988246098678c280,a4d6775d-895b97d602f71f4f,0.4217687074829932,0.4305555555555556
db01da00-988246098678c280,3d06b643-52fef5e25f21ee7f,0.4217687074829932,0.4305555555555556
f4b87cc2-7d332534a27bc5d6,a4e39423-0bca8609e3a20081,0.42162162162162165,0.4482758620689655
4323e2bd-229894dcd42dbd47,3b498a39-34f8b597e4ed27e8,0.42152466367713004,0.4351851851851852
96b3758b-d23ef8ff9339c1f0,d63e6e3f-68836bbaaea4c108,0.42105263157894735,0.43243243243243246
2ebeae13-f6d98bc6e8762f12,d63e6e3f-68836bbaaea4c108,0.42105263157894735,0.43243243243243246
2da4b3fe-e5141fdf3cc061b7,8e990c75-f9144464a16f2616,0.42105263157894735,0.4745762711864407
3951966f-72a49600e61410e6,60c85a4f-1cb4672ccc545eb2,0.42105263157894735,0.449438202247191
8f855b99-1e222b61dfa2ec7f,ee4f7b06-0df895503f264db3,0.42105263157894735,0.42857142857142855
d63e6e3f-68836bbaaea4c108,b38468e8-355e4e494f76a9c6,0.42045454545454547,0.47435897435897434
0fd5b95a-e9d45e7dc0eefa8b,b38468e8-355e4e494f76a9c6,0.42045454545454547,0.47435897435897434
ee4f7b06-0df895503f264db3,3951966f-72a49600e61410e6,0.42045454545454547,0.42528735632183906
11373c16-325c2a81744d6c63,d314aa92-9f7dd24f2fa68770,0.42038216560509556,0.4782608695652174
ba8800f5-754ce975c68dc482,c4cdd3af-d681944ed10b5e5a,0.42038216560509556,0.44
d9f6c257-6be30afb625c7fcc,7b71234c-c144dfdf3c050ab5,0.42016806722689076,0.4807692307692308
d9f6c257-6be30afb625c7fcc,12c1cc56-c144dfdf3c050ab5,0.42016806722689076,0.4807692307692308
d9f6c257-6be30afb625c7fcc,c06c758d-c144dfdf3c050ab5,0.42016806722689076,0.4807692307692308
8f855b99-1e222b61dfa2ec7f,ae775964-023a1237326b6e42,0.42,0.5
6490bbe8-cb4a60be38dd4393,2e1109d7-9902a467adb93d62,0.41975308641975306,0.44155844155844154
eea69e7f-8dab83995204e0df,a4e39423-0bca8609e3a20081,0.41975308641975306,0.53125
6490bbe8-cb4a60be38dd4393,e7000ac2-9902a467adb93d62,0.41975308641975306,0.44155844155844154
2e1109d7-9902a467adb93d62,60c85a4f-1cb4672ccc545eb2,0.41935483870967744,0.4588235294117647
e7000ac2-9902a467adb93d62,60c85a4f-1cb4672ccc545eb2,0.41935483870967744,0.4588235294117647
0588b869-178a29ccfedc3992,5a74241a-dc901804978ab00a,0.4189189189189189,0.45588235294117646
f9e08a46-5d34e200f915e8d0,4323e2bd-229894dcd42dbd47,0.4186046511627907,0.5625
3951966f-72a49600e61410e6,595f5d6c-7ba61dd9e3df26a6,0.41836734693877553,0.4606741573033708
14b0fb8e-37daaf5ae4723931,d63e6e3f-68836bbaaea4c108,0.41830065359477125,0.4266666666666667
9bc690ef-eaa1605ae19c8de9,c4cdd3af-d681944ed10b5e5a,0.41830065359477125,0.4507042253521127
16a2a867-abbed6f23596204e,c4cdd3af-d681944ed10b5e5a,0.41830065359477125,0.4507042253521127
ba8800f5-754ce975c68dc482,764484c3-b96a5fc3fd9ec3ec,0.41830065359477125,0.4266666666666667
7bc92b7f-01484e4d0896aace,6490bbe8-cb4a60be38dd4393,0.41830065359477125,0.42105263157894735
8c79c384-7673be7788c8bbc1,29210e56-e4fcc33dc59803ba,0.4180790960451977,0.4567901234567901
2da4b3fe-e5141fdf3cc061b7,69c97258-21e5704deef76ece,0.417910447761194,0.4745762711864407
9e4ddc38-f08d0e6847f4856a,9028caf7-5bfe14d4c3b17f76,0.4177215189873418,0.5
9e4ddc38-f08d0e6847f4856a,69b2fd22-5bfe14d4c3b17f76,0.4177215189873418,0.5
375489f2-a0444125a74b9ccb,f4b87cc2-7d332534a27bc5d6,0.4177215189873418,0.4647887323943662
eea69e7f-8dab83995204e0df,69c97258-21e5704deef76ece,0.4172661870503597,0.453125
0588b869-178a29ccfedc3992,375489f2-a0444125a74b9ccb,0.4172661870503597,0.4264705882352941
0588b869-178a29ccfedc3992,16a2a867-abbed6f23596204e,0.4172661870503597,0.4264705882352941
2ebeae13-f6d98bc6e8762f12,a4c98ae1-3942cae7e65d9f37,0.4171779141104294,0.4594594594594595
4e9c4bf9-d32422ae7aa1d171,9028caf7-5bfe14d4c3b17f76,0.4166666666666667,0.5769230769230769
4e9c4bf9-d32422ae7aa1d171,69b2fd22-5bfe14d4c3b17f76,0.4166666666666667,0.5769230769230769
e6b7a899-09224eadde94e5ee,41e72d4f-21bec02e70069337,0.4166666666666667,0.43478260869565216
eea69e7f-8dab83995204e0df,d018b49f-e1ae502e5288eb54,0.4166666666666667,0.46875
2c7a0000-0b8bb8afaf26c254,ebd8ff55-b7fcefff9d43d956,0.4166666666666667,0.423728813559322
11d91f31-d6dac8853a738e43,6490bbe8-cb4a60be38dd4393,0.4166666666666667,0.44776119402985076
bf992c91-d94ad939d2852a18,2ebeae13-f6d98bc6e8762f12,0.4166666666666667,0.42857142857142855
7011024d-20824aa80ee40c37,ee4f7b06-0df895503f264db3,0.4166666666666667,0.43209876543209874
f4f1b18f-c1a38185306219e8,45f5632f-5ab969465e5a8f59,0.4161849710982659,0.43902439024390244
f4f1b18f-c1a38185306219e8,45f5632f-2bd33d3b4d42cb8d,0.4161849710982659,0.43902439024390244
9bc690ef-eaa1605ae19c8de9,d63e6e3f-68836bbaaea4c108,0.4161073825503356,0.43661971830985913
2ebeae13-f6d98bc6e8762f12,69c97258-21e5704deef76ece,0.4161073825503356,0.4189189189189189
0588b869-178a29ccfedc3992,d221162a-c21f547a22d9eb13,0.4161073825503356,0.45588235294117646
0588b869-178a29ccfedc3992,8c79c384-7673be7788c8bbc1,0.4161073825503356,0.45588235294117646
f4b87cc2-7d332534a27bc5d6,45f5632f-5ab969465e5a8f59,0.4157303370786517,0.42528735632183906
f4b87cc2-7d332534a27bc5d6,45f5632f-2bd33d3b4d42cb8d,0.4157303370786517,0.42528735632183906
a4d6775d-895b97d602f71f4f,4323e2bd-229894dcd42dbd47,0.41530054644808745,0.5066666666666667
3d06b643-52fef5e25f21ee7f,4323e2bd-229894dcd42dbd47,0.41530054644808745,0.5066666666666667
db01da00-988246098678c280,9cea10af-0b3023dfc77d153a,0.41509433962264153,0.4583333333333333
9bc690ef-eaa1605ae19c8de9,b842cf12-f7882fa2c05f3014,0.41509433962264153,0.4647887323943662
16a2a867-abbed6f23596204e,b842cf12-f7882fa2c05f3014,0.41509433962264153,0.4647887323943662
eea69e7f-8dab83995204e0df,9bc690ef-eaa1605ae19c8de9,0.4148148148148148,0.4375
14b0fb8e-37daaf5ae4723931,3951966f-72a49600e61410e6,0.4146341463414634,0.4533333333333333
595f5d6c-7ba61dd9e3df26a6,930dd1f1-61ab1c8d80bf7a8d,0.41434262948207173,0.48598130841121495
13441e8f-5b125e896d439795,5a74241a-dc901804978ab00a,0.4142857142857143,0.48333333333333334
8ddb5587-69fda5215b397350,14b0fb8e-37daaf5ae4723931,0.4142857142857143,0.4461538461538462
c4cdd3af-d681944ed10b5e5a,f4b87cc2-7d332534a27bc5d6,0.41420118343195267,0.4268292682926829
11d91f31-d6dac8853a738e43,595f5d6c-7ba61dd9e3df26a6,0.41379310344827586,0.5373134328358209
16a2a867-abbed6f23596204e,2ebeae13-f6d98bc6e8762f12,0.41379310344827586,0.4225352112676056
9cea10af-0b3023dfc77d153a,9028caf7-5bfe14d4c3b17f76,0.4134078212290503,0.42528735632183906
9cea10af-0b3023dfc77d153a,69b2fd22-5bfe14d4c3b17f76,0.4134078212290503,0.42528735632183906
11373c16-325c2a81744d6c63,d221162a-c21f547a22d9eb13,0.41333333333333333,0.4492753623188406
11373c16-325c2a81744d6c63,7011024d-20824aa80ee40c37,0.41333333333333333,0.4492753623188406
69c97258-21e5704deef76ece,a4d6775d-895b97d602f71f4f,0.41333333333333333,0.41333333333333333
3d06b643-52fef5e25f21ee7f,69c97258-21e5704deef76ece,0.41333333333333333,0.41333333333333333
db01da00-988246098678c280,0fd5b95a-e9d45e7dc0eefa8b,0.41333333333333333,0.4305555555555556
1162c08f-3a2a31cf33573c4d,16a2a867-abbed6f23596204e,0.4132231404958678,0.5
6653a758-75500306c58aa931,16a2a867-abbed6f23596204e,0.4132231404958678,0.5
6bcc5afd-28d9bb844890d9da,7b71234c-c144dfdf3c050ab5,0.4132231404958678,0.46296296296296297
6bcc5afd-28d9bb844890d9da,12c1cc56-c144dfdf3c050ab5,0.4132231404958678,0.46296296296296297
6bcc5afd-28d9bb844890d9da,c06c758d-c144dfdf3c050ab5,0.4132231404958678,0.46296296296296297
5ce1fe32-9ffbc9498a417876,8f855b99-1e222b61dfa2ec7f,0.4129032258064516,0.4507042253521127
9bc690ef-eaa1605ae19c8de9,8f855b99-1e222b61dfa2ec7f,0.4129032258064516,0.4507042253521127
8c79c384-7673be7788c8bbc1,4323e2bd-229894dcd42dbd47,0.4126984126984127,0.48148148148148145
5a74241a-dc901804978ab00a,d018b49f-e1ae502e5288eb54,0.4125,0.4125
734a94be-491555e2a9bcc2a4,69c97258-21e5704deef76ece,0.4117647058823529,0.45901639344262296
734a94be-491555e2a9bcc2a4,ba8800f5-754ce975c68dc482,0.4117647058823529,0.45901639344262296
734a94be-cd0c40be4a89c935,69c97258-21e5704deef76ece,0.4117647058823529,0.45901639344262296
eea69e7f-8dab83995204e0df,db01da00-988246098678c280,0.4117647058823529,0.4375
734a94be-cd0c40be4a89c935,ba8800f5-754ce975c68dc482,0.4117647058823529,0.45901639344262296
13441e8f-5b125e896d439795,8c79c384-7673be7788c8bbc1,0.41134751773049644,0.48333333333333334
bd50e3fe-deb43aa46e8164ed,f4f1b18f-c1a38185306219e8,0.41134751773049644,0.4915254237288136
8ddb5587-69fda5215b397350,3b498a39-34f8b597e4ed27e8,0.4111111111111111,0.5692307692307692
5ce1fe32-9ffbc9498a417876,ba8800f5-754ce975c68dc482,0.410958904109589,0.4225352112676056
8ddb5587-69fda5215b397350,7011024d-20824aa80ee40c37,0.410958904109589,0.46153846153846156
375489f2-a0444125a74b9ccb,d018b49f-e1ae502e5288eb54,0.4105960264900662,0.43661971830985913
eea69e7f-8dab83995204e0df,f4b87cc2-7d332534a27bc5d6,0.4105960264900662,0.484375
14b0fb8e-37daaf5ae4723931,3b498a39-34f8b597e4ed27e8,0.4105263157894737,0.52
d018b49f-e1ae502e5288eb54,7011024d-20824aa80ee40c37,0.40993788819875776,0.4125
db01da00-988246098678c280,a4c98ae1-3942cae7e65d9f37,0.40993788819875776,0.4583333333333333
ba8800f5-754ce975c68dc482,22b41936-e1a4f2961d5e650a,0.40993788819875776,0.44
2ebeae13-f6d98bc6e8762f12,f4b87cc2-7d332534a27bc5d6,0.40993788819875776,0.44594594594594594
b38468e8-355e4e494f76a9c6,595f5d6c-7ba61dd9e3df26a6,0.4097560975609756,0.42857142857142855
2da4b3fe-e5141fdf3cc061b7,4201fdf7-e9b7491886b37cf0,0.4094488188976378,0.4406779661016949
eea69e7f-8dab83995204e0df,595f5d6c-7ba61dd9e3df26a6,0.4093567251461988,0.546875
9cea10af-0b3023dfc77d153a,93322168-c6d3be538e049476,0.4090909090909091,0.41379310344827586
11373c16-325c2a81744d6c63,595f5d6c-7ba61dd9e3df26a6,0.4090909090909091,0.5217391304347826
bd50e3fe-deb43aa46e8164ed,547ee69b-ef33101345e3aff6,0.4090909090909091,0.4576271186440678
8c79c384-7673be7788c8bbc1,930dd1f1-61ab1c8d80bf7a8d,0.4088888888888889,0.5679012345679012
d314aa92-9f7dd24f2fa68770,a4e39423-0bca8609e3a20081,0.40860215053763443,0.4318181818181818
eea69e7f-8dab83995204e0df,0fd5b95a-e9d45e7dc0eefa8b,0.4084507042253521,0.453125
0588b869-178a29ccfedc3992,2ebeae13-f6d98bc6e8762f12,0.4084507042253521,0.4264705882352941
8f855b99-1e222b61dfa2ec7f,595f5d6c-7ba61dd9e3df26a6,0.4083769633507853,0.4642857142857143
29210e56-e4fcc33dc59803ba,930dd1f1-61ab1c8d80bf7a8d,0.4083333333333333,0.5104166666666666
69c97258-21e5704deef76ece,9cea10af-0b3023dfc77d153a,0.4074074074074074,0.44
a4d6775d-895b97d602f71f4f,f4b87cc2-7d332534a27bc5d6,0.4074074074074074,0.44
3d06b643-52fef5e25f21ee7f,f4b87cc2-7d332534a27bc5d6,0.4074074074074074,0.44
b842cf12-f7882fa2c05f3014,a4c98ae1-3942cae7e65d9f37,0.4067796610169492,0.4090909090909091
11d91f31-d6dac8853a738e43,3b498a39-34f8b597e4ed27e8,0.4065934065934066,0.5522388059701493
3951966f-72a49600e61410e6,b38468e8-355e4e494f76a9c6,0.40641711229946526,0.42696629213483145
4e9c4bf9-d32422ae7aa1d171,7bc92b7f-01484e4d0896aace,0.40625,0.5
eea69e7f-8dab83995204e0df,e6b7a899-09224eadde94e5ee,0.40601503759398494,0.421875
cb87df79-e6daab7d8f341736,5ee4d2f9-7b875ec1c8e8e319,0.4057971014492754,0.5384615384615384
11373c16-325c2a81744d6c63,2ebeae13-f6d98bc6e8762f12,0.40559440559440557,0.42028985507246375
e6b7a899-09224eadde94e5ee,96b3758b-d23ef8ff9339c1f0,0.40559440559440557,0.42028985507246375
4e9c4bf9-d32422ae7aa1d171,45f5632f-5ab969465e5a8f59,0.40559440559440557,0.5576923076923077
4e9c4bf9-d32422ae7aa1d171,45f5632f-2bd33d3b4d42cb8d,0.40559440559440557,0.5576923076923077
8ddb5587-69fda5215b397350,0fd5b95a-e9d45e7dc0eefa8b,0.40559440559440557,0.4461538461538462
1162c08f-3a2a31cf33573c4d,a4e39423-0bca8609e3a20081,0.40540540540540543,0.6
6653a758-75500306c58aa931,a4e39423-0bca8609e3a20081,0.40540540540540543,0.6
69c97258-21e5704deef76ece,764484c3-b96a5fc3fd9ec3ec,0.40522875816993464,0.41333333333333333
14b0fb8e-37daaf5ae4723931,764484c3-b96a5fc3fd9ec3ec,0.40522875816993464,0.41333333333333333
0fd5b95a-e9d45e7dc0eefa8b,5a74241a-dc901804978ab00a,0.4050632911392405,0.41025641025641024
2470b521-019c23f7e919baa8,22b41936-e1a4f2961d5e650a,0.4050632911392405,0.4444444444444444
6490bbe8-cb4a60be38dd4393,7011024d-20824aa80ee40c37,0.4050632911392405,0.4155844155844156
a4d6775d-895b97d602f71f4f,d314aa92-9f7dd24f2fa68770,0.4049079754601227,0.44
3d06b643-52fef5e25f21ee7f,d314aa92-9f7dd24f2fa68770,0.4049079754601227,0.44
ba8800f5-754ce975c68dc482,d314aa92-9f7dd24f2fa68770,0.4049079754601227,0.44
d018b49f-e1ae502e5288eb54,b842cf12-f7882fa2c05f3014,0.40476190476190477,0.425
0d11fb94-9b58e2541be4dfcb,9cea10af-0b3023dfc77d153a,0.4046242774566474,0.4069767441860465
8f855b99-1e222b61dfa2ec7f,93322168-c6d3be538e049476,0.4046242774566474,0.4166666666666667
d018b49f-e1ae502e5288eb54,b38468e8-355e4e494f76a9c6,0.4044943820224719,0.45
d018b49f-e1ae502e5288eb54,a4e39423-0bca8609e3a20081,0.4044943820224719,0.45
7011024d-20824aa80ee40c37,595f5d6c-7ba61dd9e3df26a6,0.40425531914893614,0.4691358024691358
6bcc5afd-28d9bb844890d9da,ba8800f5-754ce975c68dc482,0.40310077519379844,0.48148148148148145
13441e8f-5b125e896d439795,96b3758b-d23ef8ff9339c1f0,0.40298507462686567,0.45
eea69e7f-8dab83995204e0df,ba8800f5-754ce975c68dc482,0.4028776978417266,0.4375
11373c16-325c2a81744d6c63,69c97258-21e5704deef76ece,0.4027777777777778,0.42028985507246375
16a2a867-abbed6f23596204e,d63e6e3f-68836bbaaea4c108,0.40268456375838924,0.4225352112676056
46e9aed4-c477cb844c1e1d56,6490bbe8-cb4a60be38dd4393,0.40268456375838924,0.4166666666666667
13441e8f-5b125e896d439795,a4c98ae1-3942cae7e65d9f37,0.40268456375838924,0.5
2ebeae13-f6d98bc6e8762f12,67996c4c-6031a4e4c44a5547,0.40268456375838924,0.40540540540540543
2ebeae13-f6d98bc6e8762f12,ba8800f5-754ce975c68dc482,0.40268456375838924,0.40540540540540543
4201fdf7-e9b7491886b37cf0,45f5632f-5ab969465e5a8f59,0.4025157232704403,0.47058823529411764
4201fdf7-e9b7491886b37cf0,45f5632f-2bd33d3b4d42cb8d,0.4025157232704403,0.47058823529411764
ebd8ff55-b7fcefff9d43d956,a4e39423-0bca8609e3a20081,0.4025157232704403,0.5245901639344263
14b0fb8e-37daaf5ae4723931,a4c98ae1-3942cae7e65d9f37,0.4024390243902439,0.44
a4d6775d-895b97d602f71f4f,a4c98ae1-3942cae7e65d9f37,0.4024390243902439,0.44
3d06b643-52fef5e25f21ee7f,a4c98ae1-3942cae7e65d9f37,0.4024390243902439,0.44
6490bbe8-cb4a60be38dd4393,f4b87cc2-7d332534a27bc5d6,0.4024390243902439,0.42857142857142855
8f855b99-1e222b61dfa2ec7f,2e1109d7-9902a467adb93d62,0.40236686390532544,0.40476190476190477
ebd8ff55-b7fcefff9d43d956,4323e2bd-229894dcd42dbd47,0.40236686390532544,0.5573770491803278
8f855b99-1e222b61dfa2ec7f,e7000ac2-9902a467adb93d62,0.40236686390532544,0.40476190476190477
2e1109d7-9902a467adb93d62,3951966f-72a49600e61410e6,0.40229885057471265,0.4117647058823529
e7000ac2-9902a467adb93d62,3951966f-72a49600e61410e6,0.40229885057471265,0.4117647058823529
f9e08a46-5d34e200f915e8d0,3b498a39-34f8b597e4ed27e8,0.4022346368715084,0.5625
e6b7a899-09224eadde94e5ee,3b498a39-34f8b597e4ed27e8,0.40217391304347827,0.5362318840579711
5ee4d2f9-7b875ec1c8e8e319,a4e39423-0bca8609e3a20081,0.40217391304347827,0.43023255813953487
22b41936-e1a4f2961d5e650a,b38468e8-355e4e494f76a9c6,0.40217391304347827,0.43023255813953487
11373c16-325c2a81744d6c63,45f5632f-5ab969465e5a8f59,0.4,0.463768115942029
11373c16-325c2a81744d6c63,45f5632f-2bd33d3b4d42cb8d,0.4,0.463768115942029
96b3758b-d23ef8ff9339c1f0,60c85a4f-1cb4672ccc545eb2,0.4,0.47297297297297297
a4ec80a0-fa10dc124910b760,93322168-c6d3be538e049476,0.4,0.4507042253521127
4201fdf7-e9b7491886b37cf0,d8e4eb5e-8079445020a594f8,0.4,0.4264705882352941
4e9c4bf9-d32422ae7aa1d171,764484c3-b96a5fc3fd9ec3ec,0.4,0.5
e6b7a899-09224eadde94e5ee,9bc690ef-eaa1605ae19c8de9,0.4,0.4057971014492754
5dc1f7b3-8c0e00231be211a2,a4c98ae1-3942cae7e65d9f37,0.4,0.41975308641975306
0d11fb94-9b58e2541be4dfcb,a4c98ae1-3942cae7e65d9f37,0.4,0.4069767441860465
22b41936-e1a4f2961d5e650a,a4c98ae1-3942cae7e65d9f37,0.4,0.4069767441860465
eea69e7f-8dab83995204e0df,16a2a867-abbed6f23596204e,0.4,0.421875
b842cf12-f7882fa2c05f3014,595f5d6c-7ba61dd9e3df26a6,0.4,0.4431818181818182
547ee69b-ef33101345e3aff6,c4cdd3af-d681944ed10b5e5a,0.4,0.4246575342465753
0fd5b95a-e9d45e7dc0eefa8b,f4b87cc2-7d332534a27bc5d6,0.4,0.4230769230769231
2470b521-019c23f7e919baa8,764484c3-b96a5fc3fd9ec3ec,0.4,0.4166666666666667
6bcc5afd-28d9bb844890d9da,ebd8ff55-b7fcefff9d43d956,0.4,0.42592592592592593
0d11fb94-9b58e2541be4dfcb,93322168-c6d3be538e049476,0.4,0.4069767441860465
8f855b99-1e222b61dfa2ec7f,0d11fb94-9b58e2541be4dfcb,0.4,0.40476190476190477
6bcc5afd-28d9bb844890d9da,16a2a867-abbed6f23596204e,0.4,0.46296296296296297
141effef-1bfb859e38d0541d,bf992c91-d94ad939d2852a18,0.4,0.4153846153846154
ba8800f5-754ce975c68dc482,3b498a39-34f8b597e4ed27e8,0.4,0.5066666666666667
141effef-1bfb859e38d0541d,ba8800f5-754ce975c68dc482,0.4,0.4307692307692308
bd50e3fe-deb43aa46e8164ed,7bc92b7f-01484e4d0896aace,0.4,0.4576271186440678
41e72d4f-21bec02e70069337,5a74241a-dc901804978ab00a,0.4,0.41333333333333333
2da4b3fe-e5141fdf3cc061b7,7011024d-20824aa80ee40c37,0.4,0.4745762711864407
a4c98ae1-3942cae7e65d9f37,595f5d6c-7ba61dd9e3df26a6,0.3979591836734694,0.43820224719101125
764484c3-b96a5fc3fd9ec3ec,a4e39423-0bca8609e3a20081,0.3977272727272727,0.44871794871794873
f4b87cc2-7d332534a27bc5d6,3951966f-72a49600e61410e6,0.3977272727272727,0.40229885057471265
0fd5b95a-e9d45e7dc0eefa8b,b842cf12-f7882fa2c05f3014,0.39759036144578314,0.4230769230769231
764484c3-b96a5fc3fd9ec3ec,d314aa92-9f7dd24f2fa68770,0.39759036144578314,0.4230769230769231
f6ca6fc8-e7ab163f0a8022bf,4323e2bd-229894dcd42dbd47,0.39751552795031053,0.6037735849056604
a4ec80a0-fa10dc124910b760,2e1109d7-9902a467adb93d62,0.3974358974358974,0.43661971830985913
a4ec80a0-fa10dc124910b760,e7000ac2-9902a467adb93d62,0.3974358974358974,0.43661971830985913
e6b7a899-09224eadde94e5ee,f4b87cc2-7d332534a27bc5d6,0.3974358974358974,0.4492753623188406
eea69e7f-8dab83995204e0df,9028caf7-5bfe14d4c3b17f76,0.3974358974358974,0.484375
eea69e7f-8dab83995204e0df,69b2fd22-5bfe14d4c3b17f76,0.3974358974358974,0.484375
a4d6775d-895b97d602f71f4f,8c79c384-7673be7788c8bbc1,0.3974358974358974,0.41333333333333333
3d06b643-52fef5e25f21ee7f,8c79c384-7673be7788c8bbc1,0.3974358974358974,0.41333333333333333
f9e08a46-5d34e200f915e8d0,9cea10af-0b3023dfc77d153a,0.3973509933774834,0.46875
141effef-1bfb859e38d0541d,0d11fb94-9b58e2541be4dfcb,0.3973509933774834,0.46153846153846156
2c7a0000-0b8bb8afaf26c254,f4f1b18f-c1a38185306219e8,0.3971631205673759,0.4745762711864407
8ddb5587-69fda5215b397350,7bc92b7f-01484e4d0896aace,0.3971631205673759,0.4307692307692308
141effef-1bfb859e38d0541d,375489f2-a0444125a74b9ccb,0.39705882352941174,0.4153846153846154
6bcc5afd-28d9bb844890d9da,6490bbe8-cb4a60be38dd4393,0.3969465648854962,0.48148148148148145
4323e2bd-229894dcd42dbd47,930dd1f1-61ab1c8d80bf7a8d,0.3968253968253968,0.46296296296296297
9bc690ef-eaa1605ae19c8de9,8f30bfc3-0206ccf1b040138a,0.39669421487603307,0.676056338028169
9bc690ef-eaa1605ae19c8de9,af1b152e-ecd3dfef045653d5,0.39669421487603307,0.676056338028169
1162c08f-3a2a31cf33573c4d,375489f2-a0444125a74b9ccb,0.39669421487603307,0.48
6653a758-75500306c58aa931,375489f2-a0444125a74b9ccb,0.39669421487603307,0.48
4e9c4bf9-d32422ae7aa1d171,2da4b3fe-e5141fdf3cc061b7,0.3963963963963964,0.4230769230769231
3951966f-72a49600e61410e6,4323e2bd-229894dcd42dbd47,0.39593908629441626,0.43820224719101125
0d11fb94-9b58e2541be4dfcb,60c85a4f-1cb4672ccc545eb2,0.39572192513368987,0.43023255813953487
0d11fb94-9b58e2541be4dfcb,45f5632f-5ab969465e5a8f59,0.3954802259887006,0.4069767441860465
0d11fb94-9b58e2541be4dfcb,45f5632f-2bd33d3b4d42cb8d,0.3954802259887006,0.4069767441860465
375489f2-a0444125a74b9ccb,60c85a4f-1cb4672ccc545eb2,0.3953488372093023,0.4788732394366197
2ebeae13-f6d98bc6e8762f12,a4e39423-0bca8609e3a20081,0.3953488372093023,0.4594594594594595
0d11fb94-9b58e2541be4dfcb,22b41936-e1a4f2961d5e650a,0.3953488372093023,0.3953488372093023
f4f1b18f-c1a38185306219e8,2e1109d7-9902a467adb93d62,0.39520958083832336,0.4024390243902439
d018b49f-e1ae502e5288eb54,f4b87cc2-7d332534a27bc5d6,0.39520958083832336,0.4125
f4f1b18f-c1a38185306219e8,e7000ac2-9902a467adb93d62,0.39520958083832336,0.4024390243902439
5a74241a-dc901804978ab00a,f4b87cc2-7d332534a27bc5d6,0.39520958083832336,0.4125
f9e08a46-5d34e200f915e8d0,a4e39423-0bca8609e3a20081,0.3950617283950617,0.5
ba8800f5-754ce975c68dc482,ee4f7b06-0df895503f264db3,0.3950617283950617,0.4266666666666667
11373c16-325c2a81744d6c63,b842cf12-f7882fa2c05f3014,0.39490445859872614,0.4492753623188406
9bc690ef-eaa1605ae19c8de9,22b41936-e1a4f2961d5e650a,0.39490445859872614,0.43661971830985913
6490bbe8-cb4a60be38dd4393,d018b49f-e1ae502e5288eb54,0.39490445859872614,0.4025974025974026
5ce1fe32-9ffbc9498a417876,5dc1f7b3-8c0e00231be211a2,0.39473684210526316,0.4225352112676056
a4ec80a0-fa10dc124910b760,5dc1f7b3-8c0e00231be211a2,0.39473684210526316,0.4225352112676056
a4d6775d-895b97d602f71f4f,d8e4eb5e-8079445020a594f8,0.39473684210526316,0.4
3d06b643-52fef5e25f21ee7f,d8e4eb5e-8079445020a594f8,0.39473684210526316,0.4
8ddb5587-69fda5215b397350,f4f1b18f-c1a38185306219e8,0.3945578231292517,0.4461538461538462
9e4ddc38-f08d0e6847f4856a,7bc92b7f-01484e4d0896aace,0.39436619718309857,0.42424242424242425
8ddb5587-69fda5215b397350,6490bbe8-cb4a60be38dd4393,0.39436619718309857,0.4307692307692308
1162c08f-3a2a31cf33573c4d,f4b87cc2-7d332534a27bc5d6,0.39416058394160586,0.54
6653a758-75500306c58aa931,f4b87cc2-7d332534a27bc5d6,0.39416058394160586,0.54
0fd5b95a-e9d45e7dc0eefa8b,3b498a39-34f8b597e4ed27e8,0.39378238341968913,0.48717948717948717
8f855b99-1e222b61dfa2ec7f,a4c98ae1-3942cae7e65d9f37,0.3930635838150289,0.40476190476190477
d221162a-c21f547a22d9eb13,9028caf7-5bfe14d4c3b17f76,0.3930635838150289,0.41975308641975306
d221162a-c21f547a22d9eb13,69b2fd22-5bfe14d4c3b17f76,0.3930635838150289,0.41975308641975306
8c79c384-7673be7788c8bbc1,ee4f7b06-0df895503f264db3,0.39285714285714285,0.4074074074074074
96b3758b-d23ef8ff9339c1f0,93322168-c6d3be538e049476,0.39263803680981596,0.43243243243243246
ba8800f5-754ce975c68dc482,b842cf12-f7882fa2c05f3014,0.39263803680981596,0.4266666666666667
16a2a867-abbed6f23596204e,9028caf7-5bfe14d4c3b17f76,0.39263803680981596,0.4507042253521127
16a2a867-abbed6f23596204e,69b2fd22-5bfe14d4c3b17f76,0.39263803680981596,0.4507042253521127
b38468e8-355e4e494f76a9c6,ae775964-023a1237326b6e42,0.3925233644859813,0.42857142857142855
1162c08f-3a2a31cf33573c4d,4323e2bd-229894dcd42dbd47,0.3924050632911392,0.62
6653a758-75500306c58aa931,4323e2bd-229894dcd42dbd47,0.3924050632911392,0.62
a4c98ae1-3942cae7e65d9f37,8f30bfc3-0206ccf1b040138a,0.3923076923076923,0.5730337078651685
a4c98ae1-3942cae7e65d9f37,af1b152e-ecd3dfef045653d5,0.3923076923076923,0.5730337078651685
9e4ddc38-f08d0e6847f4856a,f4f1b18f-c1a38185306219e8,0.3918918918918919,0.4393939393939394
16a2a867-abbed6f23596204e,6490bbe8-cb4a60be38dd4393,0.3918918918918919,0.4084507042253521
f4b87cc2-7d332534a27bc5d6,595f5d6c-7ba61dd9e3df26a6,0.3917525773195876,0.4367816091954023
5ce1fe32-9ffbc9498a417876,db01da00-988246098678c280,0.3916083916083916,0.39436619718309857
16a2a867-abbed6f23596204e,46e9aed4-c477cb844c1e1d56,0.3916083916083916,0.39436619718309857
d9f6c257-6be30afb625c7fcc,5ee4d2f9-7b875ec1c8e8e319,0.391304347826087,0.5192307692307693
46e9aed4-c477cb844c1e1d56,595f5d6c-7ba61dd9e3df26a6,0.39106145251396646,0.4861111111111111
5dc1f7b3-8c0e00231be211a2,b38468e8-355e4e494f76a9c6,0.39106145251396646,0.43209876543209874
f4b87cc2-7d332534a27bc5d6,9028caf7-5bfe14d4c3b17f76,0.39106145251396646,0.40229885057471265
f4b87cc2-7d332534a27bc5d6,69b2fd22-5bfe14d4c3b17f76,0.39106145251396646,0.40229885057471265
bd50e3fe-deb43aa46e8164ed,11373c16-325c2a81744d6c63,0.390625,0.423728813559322
5ce1fe32-9ffbc9498a417876,b38468e8-355e4e494f76a9c6,0.3905325443786982,0.4647887323943662
764484c3-b96a5fc3fd9ec3ec,45f5632f-5ab969465e5a8f59,0.3905325443786982,0.4230769230769231
764484c3-b96a5fc3fd9ec3ec,45f5632f-2bd33d3b4d42cb8d,0.3905325443786982,0.4230769230769231
375489f2-a0444125a74b9ccb,a4e39423-0bca8609e3a20081,0.3905325443786982,0.4647887323943662
7b71234c-c144dfdf3c050ab5,9028caf7-5bfe14d4c3b17f76,0.389937106918239,0.4626865671641791
12c1cc56-c144dfdf3c050ab5,9028caf7-5bfe14d4c3b17f76,0.389937106918239,0.4626865671641791
c06c758d-c144dfdf3c050ab5,9028caf7-5bfe14d4c3b17f76,0.389937106918239,0.4626865671641791
7b71234c-c144dfdf3c050ab5,69b2fd22-5bfe14d4c3b17f76,0.389937106918239,0.4626865671641791
12c1cc56-c144dfdf3c050ab5,69b2fd22-5bfe14d4c3b17f76,0.389937106918239,0.4626865671641791
c06c758d-c144dfdf3c050ab5,69b2fd22-5bfe14d4c3b17f76,0.389937106918239,0.4626865671641791
96b3758b-d23ef8ff9339c1f0,5a74241a-dc901804978ab00a,0.38961038961038963,0.40540540540540543
db01da00-988246098678c280,c4cdd3af-d681944ed10b5e5a,0.38961038961038963,0.4166666666666667
11373c16-325c2a81744d6c63,5a74241a-dc901804978ab00a,0.38926174496644295,0.42028985507246375
8ddb5587-69fda5215b397350,8f855b99-1e222b61dfa2ec7f,0.38926174496644295,0.4461538461538462
547ee69b-ef33101345e3aff6,7bc92b7f-01484e4d0896aace,0.38926174496644295,0.3972602739726027
0fd5b95a-e9d45e7dc0eefa8b,595f5d6c-7ba61dd9e3df26a6,0.3891891891891892,0.46153846153846156
46e9aed4-c477cb844c1e1d56,db01da00-988246098678c280,0.3888888888888889,0.3888888888888889
e6b7a899-09224eadde94e5ee,69c97258-21e5704deef76ece,0.3888888888888889,0.4057971014492754
6490bbe8-cb4a60be38dd4393,a4e39423-0bca8609e3a20081,0.38857142857142857,0.44155844155844154
d9f6c257-6be30afb625c7fcc,f4b87cc2-7d332534a27bc5d6,0.38848920863309355,0.5192307692307693
2c7a0000-0b8bb8afaf26c254,a4d6775d-895b97d602f71f4f,0.3880597014925373,0.4406779661016949
2c7a0000-0b8bb8afaf26c254,3d06b643-52fef5e25f21ee7f,0.3880597014925373,0.4406779661016949
cb87df79-e6daab7d8f341736,6490bbe8-cb4a60be38dd4393,0.3875968992248062,0.4807692307692308
46e9aed4-c477cb844c1e1d56,d314aa92-9f7dd24f2fa68770,0.3875,0.4305555555555556
2470b521-019c23f7e919baa8,b842cf12-f7882fa2c05f3014,0.3875,0.4305555555555556
db01da00-988246098678c280,d314aa92-9f7dd24f2fa68770,0.3875,0.4305555555555556
2470b521-019c23f7e919baa8,d314aa92-9f7dd24f2fa68770,0.3875,0.4305555555555556
6490bbe8-cb4a60be38dd4393,d63e6e3f-68836bbaaea4c108,0.3870967741935484,0.38961038961038963
4e9c4bf9-d32422ae7aa1d171,2470b521-019c23f7e919baa8,0.3870967741935484,0.46153846153846156
9bc690ef-eaa1605ae19c8de9,3b498a39-34f8b597e4ed27e8,0.3870967741935484,0.5070422535211268
a4d6775d-895b97d602f71f4f,5a74241a-dc901804978ab00a,0.3870967741935484,0.4
375489f2-a0444125a74b9ccb,8f855b99-1e222b61dfa2ec7f,0.3870967741935484,0.4225352112676056
3d06b643-52fef5e25f21ee7f,5a74241a-dc901804978ab00a,0.3870967741935484,0.4
bd50e3fe-deb43aa46e8164ed,8ddb5587-69fda5215b397350,0.3870967741935484,0.4067796610169492
0588b869-178a29ccfedc3992,930dd1f1-61ab1c8d80bf7a8d,0.3867924528301887,0.6029411764705882
d018b49f-e1ae502e5288eb54,60c85a4f-1cb4672ccc545eb2,0.3867403314917127,0.4375
e6b7a899-09224eadde94e5ee,8c79c384-7673be7788c8bbc1,0.38666666666666666,0.42028985507246375
4e9c4bf9-d32422ae7aa1d171,11d91f31-d6dac8853a738e43,0.3865546218487395,0.4423076923076923
9028caf7-5bfe14d4c3b17f76,3b498a39-34f8b597e4ed27e8,0.3864734299516908,0.43478260869565216
69b2fd22-5bfe14d4c3b17f76,3b498a39-34f8b597e4ed27e8,0.3864734299516908,0.43478260869565216
11373c16-325c2a81744d6c63,7bc92b7f-01484e4d0896aace,0.38620689655172413,0.4057971014492754
11d91f31-d6dac8853a738e43,0fd5b95a-e9d45e7dc0eefa8b,0.38620689655172413,0.417910447761194
8f855b99-1e222b61dfa2ec7f,9cea10af-0b3023dfc77d153a,0.38596491228070173,0.39285714285714285
f6ca6fc8-e7ab163f0a8022bf,ebd8ff55-b7fcefff9d43d956,0.38596491228070173,0.41509433962264153
8f855b99-1e222b61dfa2ec7f,f4b87cc2-7d332534a27bc5d6,0.38596491228070173,0.39285714285714285
f6ca6fc8-e7ab163f0a8022bf,930dd1f1-61ab1c8d80bf7a8d,0.38578680203045684,0.7169811320754716
8ddb5587-69fda5215b397350,69c97258-21e5704deef76ece,0.38571428571428573,0.4153846153846154
d9f6c257-6be30afb625c7fcc,d314aa92-9f7dd24f2fa68770,0.38571428571428573,0.5192307692307693
d018b49f-e1ae502e5288eb54,22b41936-e1a4f2961d5e650a,0.3855421686746988,0.4
c4cdd3af-d681944ed10b5e5a,8f855b99-1e222b61dfa2ec7f,0.3855421686746988,0.3902439024390244
bf992c91-d94ad939d2852a18,29210e56-e4fcc33dc59803ba,0.3855421686746988,0.45714285714285713
6490bbe8-cb4a60be38dd4393,3951966f-72a49600e61410e6,0.3855421686746988,0.4155844155844156
13441e8f-5b125e896d439795,67996c4c-6031a4e4c44a5547,0.3851851851851852,0.43333333333333335
9e4ddc38-f08d0e6847f4856a,e6b7a899-09224eadde94e5ee,0.3851851851851852,0.3939393939393939
bd50e3fe-deb43aa46e8164ed,8926151a-5e56a31bb1481ed4,0.3851851851851852,0.4406779661016949
eea69e7f-8dab83995204e0df,375489f2-a0444125a74b9ccb,0.3851851851851852,0.40625
2c7a0000-0b8bb8afaf26c254,7bc92b7f-01484e4d0896aace,0.3851851851851852,0.4406779661016949
a4d6775d-895b97d602f71f4f,5ee4d2f9-7b875ec1c8e8e319,0.38509316770186336,0.41333333333333333
3d06b643-52fef5e25f21ee7f,5ee4d2f9-7b875ec1c8e8e319,0.38509316770186336,0.41333333333333333
41e72d4f-21bec02e70069337,0d11fb94-9b58e2541be4dfcb,0.38509316770186336,0.41333333333333333
2470b521-019c23f7e919baa8,3951966f-72a49600e61410e6,0.38509316770186336,0.4305555555555556
5a74241a-dc901804978ab00a,d221162a-c21f547a22d9eb13,0.38509316770186336,0.3875
a4c98ae1-3942cae7e65d9f37,a4e39423-0bca8609e3a20081,0.3850267379679144,0.4044943820224719
ebd8ff55-b7fcefff9d43d956,11373c16-325c2a81744d6c63,0.38461538461538464,0.4098360655737705
eea69e7f-8dab83995204e0df,930dd1f1-61ab1c8d80bf7a8d,0.38461538461538464,0.625
a4d6775d-895b97d602f71f4f,d221162a-c21f547a22d9eb13,0.38461538461538464,0.4
a4d6775d-895b97d602f71f4f,7011024d-20824aa80ee40c37,0.38461538461538464,0.4
0588b869-178a29ccfedc3992,d314aa92-9f7dd24f2fa68770,0.38461538461538464,0.4411764705882353
6bcc5afd-28d9bb844890d9da,7bc92b7f-01484e4d0896aace,0.38461538461538464,0.46296296296296297
3d06b643-52fef5e25f21ee7f,d221162a-c21f547a22d9eb13,0.38461538461538464,0.4
3d06b643-52fef5e25f21ee7f,7011024d-20824aa80ee40c37,0.38461538461538464,0.4
f6ca6fc8-e7ab163f0a8022bf,6490bbe8-cb4a60be38dd4393,0.38461538461538464,0.4716981132075472
1162c08f-3a2a31cf33573c4d,69c97258-21e5704deef76ece,0.384,0.48
6653a758-75500306c58aa931,69c97258-21e5704deef76ece,0.384,0.48
1162c08f-3a2a31cf33573c4d,ba8800f5-754ce975c68dc482,0.384,0.48
6653a758-75500306c58aa931,ba8800f5-754ce975c68dc482,0.384,0.48
6bcc5afd-28d9bb844890d9da,375489f2-a0444125a74b9ccb,0.384,0.4444444444444444
9bc690ef-eaa1605ae19c8de9,60c85a4f-1cb4672ccc545eb2,0.38372093023255816,0.4647887323943662
16a2a867-abbed6f23596204e,60c85a4f-1cb4672ccc545eb2,0.38372093023255816,0.4647887323943662
2ebeae13-f6d98bc6e8762f12,8f30bfc3-0206ccf1b040138a,0.3836734693877551,0.6351351351351351
2ebeae13-f6d98bc6e8762f12,af1b152e-ecd3dfef045653d5,0.3836734693877551,0.6351351351351351
16a2a867-abbed6f23596204e,a4d6775d-895b97d602f71f4f,0.3835616438356164,0.39436619718309857
16a2a867-abbed6f23596204e,3d06b643-52fef5e25f21ee7f,0.3835616438356164,0.39436619718309857
11373c16-325c2a81744d6c63,a4e39423-0bca8609e3a20081,0.38323353293413176,0.463768115942029
0fd5b95a-e9d45e7dc0eefa8b,93322168-c6d3be538e049476,0.38323353293413176,0.41025641025641024
d221162a-c21f547a22d9eb13,22b41936-e1a4f2961d5e650a,0.38323353293413176,0.3950617283950617
bf992c91-d94ad939d2852a18,a4ec80a0-fa10dc124910b760,0.3829787234042553,0.38571428571428573
e6b7a899-09224eadde94e5ee,2470b521-019c23f7e919baa8,0.3829787234042553,0.391304347826087
d221162a-c21f547a22d9eb13,595f5d6c-7ba61dd9e3df26a6,0.3829787234042553,0.4444444444444444
ee4f7b06-0df895503f264db3,60c85a4f-1cb4672ccc545eb2,0.3829787234042553,0.41379310344827586
eea69e7f-8dab83995204e0df,46e9aed4-c477cb844c1e1d56,0.38235294117647056,0.40625
13441e8f-5b125e896d439795,7bc92b7f-01484e4d0896aace,0.38235294117647056,0.43333333333333335
13441e8f-5b125e896d439795,930dd1f1-61ab1c8d80bf7a8d,0.38235294117647056,0.65
bf992c91-d94ad939d2852a18,ee4f7b06-0df895503f264db3,0.3821656050955414,0.42857142857142855
16a2a867-abbed6f23596204e,595f5d6c-7ba61dd9e3df26a6,0.38202247191011235,0.4788732394366197
13441e8f-5b125e896d439795,a4ec80a0-fa10dc124910b760,0.3816793893129771,0.4166666666666667
7011024d-20824aa80ee40c37,9028caf7-5bfe14d4c3b17f76,0.3815028901734104,0.4074074074074074
7011024d-20824aa80ee40c37,69b2fd22-5bfe14d4c3b17f76,0.3815028901734104,0.4074074074074074
16a2a867-abbed6f23596204e,034030f3-0fcdc00fa21b2b63,0.38095238095238093,0.39436619718309857
46e9aed4-c477cb844c1e1d56,41e72d4f-21bec02e70069337,0.38095238095238093,0.3888888888888889
bd50e3fe-deb43aa46e8164ed,d314aa92-9f7dd24f2fa68770,0.38095238095238093,0.4745762711864407
f6ca6fc8-e7ab163f0a8022bf,3b498a39-34f8b597e4ed27e8,0.38095238095238093,0.6037735849056604
96b3758b-d23ef8ff9339c1f0,a4c98ae1-3942cae7e65d9f37,0.3803680981595092,0.4189189189189189
69c97258-21e5704deef76ece,b842cf12-f7882fa2c05f3014,0.3803680981595092,0.41333333333333333
a4ec80a0-fa10dc124910b760,8f30bfc3-0206ccf1b040138a,0.38016528925619836,0.647887323943662
a4ec80a0-fa10dc124910b760,af1b152e-ecd3dfef045653d5,0.38016528925619836,0.647887323943662
db01da00-988246098678c280,595f5d6c-7ba61dd9e3df26a6,0.37988826815642457,0.4722222222222222
8c79c384-7673be7788c8bbc1,a4e39423-0bca8609e3a20081,0.37988826815642457,0.41975308641975306
16a2a867-abbed6f23596204e,4323e2bd-229894dcd42dbd47,0.37988826815642457,0.4788732394366197
16a2a867-abbed6f23596204e,ee4f7b06-0df895503f264db3,0.379746835443038,0.4225352112676056
9e4ddc38-f08d0e6847f4856a,9cea10af-0b3023dfc77d153a,0.3790849673202614,0.4393939393939394
eea69e7f-8dab83995204e0df,a4c98ae1-3942cae7e65d9f37,0.3790849673202614,0.453125
db01da00-988246098678c280,7011024d-20824aa80ee40c37,0.3790849673202614,0.4027777777777778
8ddb5587-69fda5215b397350,7b71234c-c144dfdf3c050ab5,0.3787878787878788,0.38461538461538464
8ddb5587-69fda5215b397350,12c1cc56-c144dfdf3c050ab5,0.3787878787878788,0.38461538461538464
8ddb5587-69fda5215b397350,c06c758d-c144dfdf3c050ab5,0.3787878787878788,0.38461538461538464
6bcc5afd-28d9bb844890d9da,3b498a39-34f8b597e4ed27e8,0.378698224852071,0.5925925925925926
2ebeae13-f6d98bc6e8762f12,96b3758b-d23ef8ff9339c1f0,0.3783783783783784,0.3783783783783784
547ee69b-ef33101345e3aff6,67996c4c-6031a4e4c44a5547,0.3783783783783784,0.3835616438356164
6490bbe8-cb4a60be38dd4393,4323e2bd-229894dcd42dbd47,0.3783783783783784,0.45454545454545453
d63e6e3f-68836bbaaea4c108,22b41936-e1a4f2961d5e650a,0.3780487804878049,0.3974358974358974
6490bbe8-cb4a60be38dd4393,9cea10af-0b3023dfc77d153a,0.3780487804878049,0.4025974025974026
14b0fb8e-37daaf5ae4723931,93322168-c6d3be538e049476,0.3780487804878049,0.41333333333333333
ba8800f5-754ce975c68dc482,3951966f-72a49600e61410e6,0.3780487804878049,0.41333333333333333
734a94be-491555e2a9bcc2a4,9e4ddc38-f08d0e6847f4856a,0.3779527559055118,0.39344262295081966
cb87df79-e6daab7d8f341736,69c97258-21e5704deef76ece,0.3779527559055118,0.46153846153846156
734a94be-cd0c40be4a89c935,9e4ddc38-f08d0e6847f4856a,0.3779527559055118,0.39344262295081966
d314aa92-9f7dd24f2fa68770,9028caf7-5bfe14d4c3b17f76,0.37777777777777777,0.38636363636363635
d314aa92-9f7dd24f2fa68770,69b2fd22-5bfe14d4c3b17f76,0.37777777777777777,0.38636363636363635
a4ec80a0-fa10dc124910b760,2470b521-019c23f7e919baa8,0.3776223776223776,0.38028169014084506
4201fdf7-e9b7491886b37cf0,ba8800f5-754ce975c68dc482,0.3776223776223776,0.39705882352941174
9e4ddc38-f08d0e6847f4856a,d8e4eb5e-8079445020a594f8,0.3776223776223776,0.4090909090909091
2ebeae13-f6d98bc6e8762f12,2e1109d7-9902a467adb93d62,0.37735849056603776,0.40540540540540543
2ebeae13-f6d98bc6e8762f12,e7000ac2-9902a467adb93d62,0.37735849056603776,0.40540540540540543
f4b87cc2-7d332534a27bc5d6,d314aa92-9f7dd24f2fa68770,0.37714285714285717,0.3793103448275862
6bcc5afd-28d9bb844890d9da,4201fdf7-e9b7491886b37cf0,0.3770491803278688,0.42592592592592593
3951966f-72a49600e61410e6,8f30bfc3-0206ccf1b040138a,0.3769230769230769,0.550561797752809
3951966f-72a49600e61410e6,af1b152e-ecd3dfef045653d5,0.3769230769230769,0.550561797752809
d221162a-c21f547a22d9eb13,a4c98ae1-3942cae7e65d9f37,0.3764705882352941,0.3950617283950617
5dc1f7b3-8c0e00231be211a2,3951966f-72a49600e61410e6,0.3764705882352941,0.3950617283950617
d221162a-c21f547a22d9eb13,93322168-c6d3be538e049476,0.3764705882352941,0.3950617283950617
d9f6c257-6be30afb625c7fcc,7011024d-20824aa80ee40c37,0.37593984962406013,0.4807692307692308
11373c16-325c2a81744d6c63,d018b49f-e1ae502e5288eb54,0.37583892617449666,0.4057971014492754
764484c3-b96a5fc3fd9ec3ec,9cea10af-0b3023dfc77d153a,0.37575757575757573,0.3974358974358974
11373c16-325c2a81744d6c63,41e72d4f-21bec02e70069337,0.375,0.391304347826087
bf992c91-d94ad939d2852a18,8e990c75-f9144464a16f2616,0.375,0.38571428571428573
9bc690ef-eaa1605ae19c8de9,93322168-c6d3be538e049476,0.375,0.4225352112676056
e6b7a899-09224eadde94e5ee,595f5d6c-7ba61dd9e3df26a6,0.375,0.4782608695652174
2c7a0000-0b8bb8afaf26c254,e6b7a899-09224eadde94e5ee,0.375,0.4067796610169492
2da4b3fe-e5141fdf3cc061b7,e6b7a899-09224eadde94e5ee,0.375,0.4067796610169492
b842cf12-f7882fa2c05f3014,d314aa92-9f7dd24f2fa68770,0.375,0.375
d9f6c257-6be30afb625c7fcc,7bc92b7f-01484e4d0896aace,0.375,0.46153846153846156
2e1109d7-9902a467adb93d62,22b41936-e1a4f2961d5e650a,0.3742690058479532,0.3764705882352941
14b0fb8e-37daaf5ae4723931,29210e56-e4fcc33dc59803ba,0.3742690058479532,0.4266666666666667
e7000ac2-9902a467adb93d62,22b41936-e1a4f2961d5e650a,0.3742690058479532,0.3764705882352941
bf992c91-d94ad939d2852a18,2e1109d7-9902a467adb93d62,0.3741935483870968,0.4142857142857143
69c97258-21e5704deef76ece,d018b49f-e1ae502e5288eb54,0.3741935483870968,0.38666666666666666
16a2a867-abbed6f23596204e,8f855b99-1e222b61dfa2ec7f,0.3741935483870968,0.4084507042253521
bf992c91-d94ad939d2852a18,e7000ac2-9902a467adb93d62,0.3741935483870968,0.4142857142857143
2ebeae13-f6d98bc6e8762f12,8c79c384-7673be7788c8bbc1,0.3741935483870968,0.3918918918918919
2ebeae13-f6d98bc6e8762f12,7011024d-20824aa80ee40c37,0.3741935483870968,0.3918918918918919
7b71234c-c144dfdf3c050ab5,46e9aed4-c477cb844c1e1d56,0.37410071942446044,0.3880597014925373
12c1cc56-c144dfdf3c050ab5,46e9aed4-c477cb844c1e1d56,0.37410071942446044,0.3880597014925373
c06c758d-c144dfdf3c050ab5,46e9aed4-c477cb844c1e1d56,0.37410071942446044,0.3880597014925373
f9e08a46-5d34e200f915e8d0,14b0fb8e-37daaf5ae4723931,0.37410071942446044,0.40625
ebd8ff55-b7fcefff9d43d956,764484c3-b96a5fc3fd9ec3ec,0.37410071942446044,0.4262295081967213
2c7a0000-0b8bb8afaf26c254,5a74241a-dc901804978ab00a,0.37410071942446044,0.4406779661016949
96b3758b-d23ef8ff9339c1f0,9028caf7-5bfe14d4c3b17f76,0.37349397590361444,0.4189189189189189
96b3758b-d23ef8ff9339c1f0,69b2fd22-5bfe14d4c3b17f76,0.37349397590361444,0.4189189189189189
d018b49f-e1ae502e5288eb54,0d11fb94-9b58e2541be4dfcb,0.37349397590361444,0.3875
11373c16-325c2a81744d6c63,5dc1f7b3-8c0e00231be211a2,0.37333333333333335,0.4057971014492754
14b0fb8e-37daaf5ae4723931,ba8800f5-754ce975c68dc482,0.37333333333333335,0.37333333333333335
14b0fb8e-37daaf5ae4723931,41e72d4f-21bec02e70069337,0.37333333333333335,0.37333333333333335
e6b7a899-09224eadde94e5ee,7011024d-20824aa80ee40c37,0.37333333333333335,0.4057971014492754
6bcc5afd-28d9bb844890d9da,5a74241a-dc901804978ab00a,0.373134328358209,0.46296296296296297
f6ca6fc8-e7ab163f0a8022bf,7011024d-20824aa80ee40c37,0.373134328358209,0.4716981132075472
2da4b3fe-e5141fdf3cc061b7,41e72d4f-21bec02e70069337,0.373134328358209,0.423728813559322
22b41936-e1a4f2961d5e650a,595f5d6c-7ba61dd9e3df26a6,0.37305699481865284,0.4186046511627907
d314aa92-9f7dd24f2fa68770,a4c98ae1-3942cae7e65d9f37,0.3728813559322034,0.375
7011024d-20824aa80ee40c37,29210e56-e4fcc33dc59803ba,0.3728813559322034,0.4074074074074074
8e990c75-f9144464a16f2616,f4b87cc2-7d332534a27bc5d6,0.37267080745341613,0.40540540540540543
41e72d4f-21bec02e70069337,22b41936-e1a4f2961d5e650a,0.37267080745341613,0.4
5a74241a-dc901804978ab00a,8c79c384-7673be7788c8bbc1,0.37267080745341613,0.375
eea69e7f-8dab83995204e0df,141effef-1bfb859e38d0541d,0.37209302325581395,0.375
375489f2-a0444125a74b9ccb,930dd1f1-61ab1c8d80bf7a8d,0.37209302325581395,0.5633802816901409
f6ca6fc8-e7ab163f0a8022bf,7bc92b7f-01484e4d0896aace,0.37209302325581395,0.4528301886792453
a4e39423-0bca8609e3a20081,930dd1f1-61ab1c8d80bf7a8d,0.371900826446281,0.45918367346938777
8f855b99-1e222b61dfa2ec7f,3b498a39-34f8b597e4ed27e8,0.37185929648241206,0.44047619047619047
034030f3-0fcdc00fa21b2b63,d018b49f-e1ae502e5288eb54,0.3717948717948718,0.3815789473684211
4201fdf7-e9b7491886b37cf0,d314aa92-9f7dd24f2fa68770,0.3717948717948718,0.4264705882352941
a4d6775d-895b97d602f71f4f,5dc1f7b3-8c0e00231be211a2,0.3717948717948718,0.38666666666666666
3d06b643-52fef5e25f21ee7f,5dc1f7b3-8c0e00231be211a2,0.3717948717948718,0.38666666666666666
ba8800f5-754ce975c68dc482,5dc1f7b3-8c0e00231be211a2,0.3717948717948718,0.38666666666666666
ba8800f5-754ce975c68dc482,4323e2bd-229894dcd42dbd47,0.37158469945355194,0.4533333333333333
e6b7a899-09224eadde94e5ee,a4ec80a0-fa10dc124910b760,0.37142857142857144,0.37681159420289856
13441e8f-5b125e896d439795,d018b49f-e1ae502e5288eb54,0.37142857142857144,0.43333333333333335
f9e08a46-5d34e200f915e8d0,7bc92b7f-01484e4d0896aace,0.37142857142857144,0.40625
8ddb5587-69fda5215b397350,41e72d4f-21bec02e70069337,0.37142857142857144,0.4
bd50e3fe-deb43aa46e8164ed,7011024d-20824aa80ee40c37,0.37142857142857144,0.4406779661016949
7011024d-20824aa80ee40c37,22b41936-e1a4f2961d5e650a,0.3712574850299401,0.38271604938271603
bf992c91-d94ad939d2852a18,5dc1f7b3-8c0e00231be211a2,0.3708609271523179,0.4
734a94be-491555e2a9bcc2a4,930dd1f1-61ab1c8d80bf7a8d,0.37073170731707317,0.6229508196721312
734a94be-cd0c40be4a89c935,930dd1f1-61ab1c8d80bf7a8d,0.37073170731707317,0.6229508196721312
8926151a-5e56a31bb1481ed4,5ee4d2f9-7b875ec1c8e8e319,0.37037037037037035,0.39473684210526316
6bcc5afd-28d9bb844890d9da,7011024d-20824aa80ee40c37,0.37037037037037035,0.46296296296296297
6bcc5afd-28d9bb844890d9da,4323e2bd-229894dcd42dbd47,0.37037037037037035,0.5555555555555556
2c7a0000-0b8bb8afaf26c254,f4b87cc2-7d332534a27bc5d6,0.3698630136986301,0.4576271186440678
8ddb5587-69fda5215b397350,d221162a-c21f547a22d9eb13,0.3698630136986301,0.4153846153846154
141effef-1bfb859e38d0541d,7011024d-20824aa80ee40c37,0.3698630136986301,0.4153846153846154
2470b521-019c23f7e919baa8,2ebeae13-f6d98bc6e8762f12,0.3698630136986301,0.375
d63e6e3f-68836bbaaea4c108,3e191f3b-267f38bf210ab88d,0.36942675159235666,0.3717948717948718
41e72d4f-21bec02e70069337,f4f1b18f-c1a38185306219e8,0.36942675159235666,0.38666666666666666
d221162a-c21f547a22d9eb13,ee4f7b06-0df895503f264db3,0.36904761904761907,0.38271604938271603
d221162a-c21f547a22d9eb13,f4b87cc2-7d332534a27bc5d6,0.36904761904761907,0.38271604938271603
6bcc5afd-28d9bb844890d9da,f4b87cc2-7d332534a27bc5d6,0.36879432624113473,0.48148148148148145
eea69e7f-8dab83995204e0df,3b498a39-34f8b597e4ed27e8,0.3687150837988827,0.515625
d63e6e3f-68836bbaaea4c108,2e1109d7-9902a467adb93d62,0.36809815950920244,0.38461538461538464
d63e6e3f-68836bbaaea4c108,e7000ac2-9902a467adb93d62,0.36809815950920244,0.38461538461538464
7bc92b7f-01484e4d0896aace,f4b87cc2-7d332534a27bc5d6,0.36809815950920244,0.39473684210526316
6bcc5afd-28d9bb844890d9da,9bc690ef-eaa1605ae19c8de9,0.368,0.42592592592592593
7b71234c-c144dfdf3c050ab5,11373c16-325c2a81744d6c63,0.36764705882352944,0.373134328358209
12c1cc56-c144dfdf3c050ab5,11373c16-325c2a81744d6c63,0.36764705882352944,0.373134328358209
c06c758d-c144dfdf3c050ab5,11373c16-325c2a81744d6c63,0.36764705882352944,0.373134328358209
547ee69b-ef33101345e3aff6,8e990c75-f9144464a16f2616,0.3673469387755102,0.3698630136986301
2470b521-019c23f7e919baa8,a4d6775d-895b97d602f71f4f,0.3673469387755102,0.375
2c7a0000-0b8bb8afaf26c254,d314aa92-9f7dd24f2fa68770,0.3673469387755102,0.4576271186440678
2470b521-019c23f7e919baa8,3d06b643-52fef5e25f21ee7f,0.3673469387755102,0.375
13441e8f-5b125e896d439795,a4e39423-0bca8609e3a20081,0.3670886075949367,0.48333333333333334
2470b521-019c23f7e919baa8,5ee4d2f9-7b875ec1c8e8e319,0.3670886075949367,0.4027777777777778
2470b521-019c23f7e919baa8,0d11fb94-9b58e2541be4dfcb,0.3670886075949367,0.4027777777777778
2ebeae13-f6d98bc6e8762f12,8f855b99-1e222b61dfa2ec7f,0.3670886075949367,0.3918918918918919
d018b49f-e1ae502e5288eb54,a4c98ae1-3942cae7e65d9f37,0.3668639053254438,0.3875
f4f1b18f-c1a38185306219e8,b38468e8-355e4e494f76a9c6,0.36666666666666664,0.4024390243902439
ee4f7b06-0df895503f264db3,3b498a39-34f8b597e4ed27e8,0.36633663366336633,0.42528735632183906
9e4ddc38-f08d0e6847f4856a,8926151a-5e56a31bb1481ed4,0.36619718309859156,0.3939393939393939
f9e08a46-5d34e200f915e8d0,0fd5b95a-e9d45e7dc0eefa8b,0.36619718309859156,0.40625
b38468e8-355e4e494f76a9c6,3b498a39-34f8b597e4ed27e8,0.36619718309859156,0.3979591836734694
a4e39423-0bca8609e3a20081,3b498a39-34f8b597e4ed27e8,0.36619718309859156,0.3979591836734694
2470b521-019c23f7e919baa8,5dc1f7b3-8c0e00231be211a2,0.3660130718954248,0.3888888888888889
7bc92b7f-01484e4d0896aace,d314aa92-9f7dd24f2fa68770,0.36585365853658536,0.39473684210526316
2470b521-019c23f7e919baa8,9028caf7-5bfe14d4c3b17f76,0.36585365853658536,0.4166666666666667
2470b521-019c23f7e919baa8,69b2fd22-5bfe14d4c3b17f76,0.36585365853658536,0.4166666666666667
ba8800f5-754ce975c68dc482,8f30bfc3-0206ccf1b040138a,0.36585365853658536,0.6
ba8800f5-754ce975c68dc482,af1b152e-ecd3dfef045653d5,0.36585365853658536,0.6
a4c98ae1-3942cae7e65d9f37,4323e2bd-229894dcd42dbd47,0.36548223350253806,0.4044943820224719
4e9c4bf9-d32422ae7aa1d171,cb87df79-e6daab7d8f341736,0.36538461538461536,0.36538461538461536
1162c08f-3a2a31cf33573c4d,8926151a-5e56a31bb1481ed4,0.36507936507936506,0.46
6653a758-75500306c58aa931,8926151a-5e56a31bb1481ed4,0.36507936507936506,0.46
1162c08f-3a2a31cf33573c4d,9cea10af-0b3023dfc77d153a,0.36496350364963503,0.5
6653a758-75500306c58aa931,9cea10af-0b3023dfc77d153a,0.36496350364963503,0.5
9e4ddc38-f08d0e6847f4856a,9bc690ef-eaa1605ae19c8de9,0.36496350364963503,0.3787878787878788
96b3758b-d23ef8ff9339c1f0,595f5d6c-7ba61dd9e3df26a6,0.36464088397790057,0.44594594594594594
b842cf12-f7882fa2c05f3014,3b498a39-34f8b597e4ed27e8,0.3645320197044335,0.42045454545454547
141effef-1bfb859e38d0541d,8f30bfc3-0206ccf1b040138a,0.3644067796610169,0.6615384615384615
141effef-1bfb859e38d0541d,af1b152e-ecd3dfef045653d5,0.3644067796610169,0.6615384615384615
d63e6e3f-68836bbaaea4c108,9cea10af-0b3023dfc77d153a,0.36363636363636365,0.38461538461538464
034030f3-0fcdc00fa21b2b63,3951966f-72a49600e61410e6,0.36363636363636365,0.39473684210526316
4201fdf7-e9b7491886b37cf0,67996c4c-6031a4e4c44a5547,0.36363636363636365,0.38235294117647056
e6b7a899-09224eadde94e5ee,29210e56-e4fcc33dc59803ba,0.36363636363636365,0.43478260869565216
f4b87cc2-7d332534a27bc5d6,a4c98ae1-3942cae7e65d9f37,0.36363636363636365,0.367816091954023
1162c08f-3a2a31cf33573c4d,3b498a39-34f8b597e4ed27e8,0.36363636363636365,0.6
93322168-c6d3be538e049476,b38468e8-355e4e494f76a9c6,0.36363636363636365,0.38202247191011235
6653a758-75500306c58aa931,3b498a39-34f8b597e4ed27e8,0.36363636363636365,0.6
a4c98ae1-3942cae7e65d9f37,3b498a39-34f8b597e4ed27e8,0.3627450980392157,0.4157303370786517
2ebeae13-f6d98bc6e8762f12,4323e2bd-229894dcd42dbd47,0.3626373626373626,0.44594594594594594
ba8800f5-754ce975c68dc482,2e1109d7-9902a467adb93d62,0.3625,0.38666666666666666
0588b869-178a29ccfedc3992,9028caf7-5bfe14d4c3b17f76,0.3625,0.4264705882352941
0588b869-178a29ccfedc3992,69b2fd22-5bfe14d4c3b17f76,0.3625,0.4264705882352941
ba8800f5-754ce975c68dc482,e7000ac2-9902a467adb93d62,0.3625,0.38666666666666666
96b3758b-d23ef8ff9339c1f0,14b0fb8e-37daaf5ae4723931,0.3624161073825503,0.36486486486486486
734a94be-491555e2a9bcc2a4,d314aa92-9f7dd24f2fa68770,0.3624161073825503,0.4426229508196721
16a2a867-abbed6f23596204e,764484c3-b96a5fc3fd9ec3ec,0.3624161073825503,0.38028169014084506
ebd8ff55-b7fcefff9d43d956,d314aa92-9f7dd24f2fa68770,0.3624161073825503,0.4426229508196721
734a94be-cd0c40be4a89c935,d314aa92-9f7dd24f2fa68770,0.3624161073825503,0.4426229508196721
eea69e7f-8dab83995204e0df,96b3758b-d23ef8ff9339c1f0,0.36231884057971014,0.390625
11d91f31-d6dac8853a738e43,a4ec80a0-fa10dc124910b760,0.36231884057971014,0.373134328358209
7b71234c-c144dfdf3c050ab5,16a2a867-abbed6f23596204e,0.36231884057971014,0.373134328358209
12c1cc56-c144dfdf3c050ab5,16a2a867-abbed6f23596204e,0.36231884057971014,0.373134328358209
c06c758d-c144dfdf3c050ab5,16a2a867-abbed6f23596204e,0.36231884057971014,0.373134328358209
13441e8f-5b125e896d439795,11d91f31-d6dac8853a738e43,0.36220472440944884,0.38333333333333336
13441e8f-5b125e896d439795,7b71234c-c144dfdf3c050ab5,0.36220472440944884,0.38333333333333336
13441e8f-5b125e896d439795,12c1cc56-c144dfdf3c050ab5,0.36220472440944884,0.38333333333333336
13441e8f-5b125e896d439795,c06c758d-c144dfdf3c050ab5,0.36220472440944884,0.38333333333333336
4e9c4bf9-d32422ae7aa1d171,a4d6775d-895b97d602f71f4f,0.36220472440944884,0.4423076923076923
4e9c4bf9-d32422ae7aa1d171,3d06b643-52fef5e25f21ee7f,0.36220472440944884,0.4423076923076923
1162c08f-3a2a31cf33573c4d,6490bbe8-cb4a60be38dd4393,0.36220472440944884,0.46
6653a758-75500306c58aa931,6490bbe8-cb4a60be38dd4393,0.36220472440944884,0.46
b842cf12-f7882fa2c05f3014,930dd1f1-61ab1c8d80bf7a8d,0.3620689655172414,0.4772727272727273
6490bbe8-cb4a60be38dd4393,930dd1f1-61ab1c8d80bf7a8d,0.36199095022624433,0.5194805194805194
5dc1f7b3-8c0e00231be211a2,595f5d6c-7ba61dd9e3df26a6,0.3617021276595745,0.41975308641975306
d221162a-c21f547a22d9eb13,2e1109d7-9902a467adb93d62,0.3614457831325301,0.37037037037037035
d221162a-c21f547a22d9eb13,e7000ac2-9902a467adb93d62,0.3614457831325301,0.37037037037037035
6490bbe8-cb4a60be38dd4393,764484c3-b96a5fc3fd9ec3ec,0.36129032258064514,0.36363636363636365
2ebeae13-f6d98bc6e8762f12,d221162a-c21f547a22d9eb13,0.36129032258064514,0.3783783783783784
2470b521-019c23f7e919baa8,46e9aed4-c477cb844c1e1d56,0.3611111111111111,0.3611111111111111
f9e08a46-5d34e200f915e8d0,5a74241a-dc901804978ab00a,0.3611111111111111,0.40625
141effef-1bfb859e38d0541d,0588b869-178a29ccfedc3992,0.3609022556390977,0.36923076923076925
ee4f7b06-0df895503f264db3,595f5d6c-7ba61dd9e3df26a6,0.36082474226804123,0.40229885057471265
734a94be-491555e2a9bcc2a4,ebd8ff55-b7fcefff9d43d956,0.36065573770491804,0.36065573770491804
1162c08f-3a2a31cf33573c4d,db01da00-988246098678c280,0.36065573770491804,0.44
734a94be-cd0c40be4a89c935,ebd8ff55-b7fcefff9d43d956,0.36065573770491804,0.36065573770491804
6653a758-75500306c58aa931,db01da00-988246098678c280,0.36065573770491804,0.44
0588b869-178a29ccfedc3992,3b498a39-34f8b597e4ed27e8,0.36065573770491804,0.4852941176470588
a4c98ae1-3942cae7e65d9f37,930dd1f1-61ab1c8d80bf7a8d,0.3605150214592275,0.47191011235955055
141effef-1bfb859e38d0541d,595f5d6c-7ba61dd9e3df26a6,0.36046511627906974,0.47692307692307695
60c85a4f-1cb4672ccc545eb2,8f30bfc3-0206ccf1b040138a,0.3602941176470588,0.48514851485148514
60c85a4f-1cb4672ccc545eb2,af1b152e-ecd3dfef045653d5,0.3602941176470588,0.48514851485148514
ba8800f5-754ce975c68dc482,0d11fb94-9b58e2541be4dfcb,0.36024844720496896,0.38666666666666666
b842cf12-f7882fa2c05f3014,60c85a4f-1cb4672ccc545eb2,0.35978835978835977,0.38636363636363635
d9f6c257-6be30afb625c7fcc,9cea10af-0b3023dfc77d153a,0.3597122302158273,0.4807692307692308
0588b869-178a29ccfedc3992,9bc690ef-eaa1605ae19c8de9,0.3597122302158273,0.36764705882352944
93322168-c6d3be538e049476,a4c98ae1-3942cae7e65d9f37,0.3595505617977528,0.3595505617977528
6490bbe8-cb4a60be38dd4393,60c85a4f-1cb4672ccc545eb2,0.3595505617977528,0.4155844155844156
11373c16-325c2a81744d6c63,f4b87cc2-7d332534a27bc5d6,0.358974358974359,0.4057971014492754
5ce1fe32-9ffbc9498a417876,96b3758b-d23ef8ff9339c1f0,0.3586206896551724,0.36619718309859156
eea69e7f-8dab83995204e0df,d221162a-c21f547a22d9eb13,0.3586206896551724,0.40625
eea69e7f-8dab83995204e0df,8c79c384-7673be7788c8bbc1,0.3586206896551724,0.40625
14b0fb8e-37daaf5ae4723931,a4e39423-0bca8609e3a20081,0.3583815028901734,0.41333333333333333
141effef-1bfb859e38d0541d,4323e2bd-229894dcd42dbd47,0.3583815028901734,0.47692307692307695
13441e8f-5b125e896d439795,8e990c75-f9144464a16f2616,0.3582089552238806,0.4
2c7a0000-0b8bb8afaf26c254,41e72d4f-21bec02e70069337,0.3582089552238806,0.4067796610169492
bd50e3fe-deb43aa46e8164ed,ba8800f5-754ce975c68dc482,0.3582089552238806,0.4067796610169492
d9f6c257-6be30afb625c7fcc,9bc690ef-eaa1605ae19c8de9,0.35772357723577236,0.4230769230769231
bd50e3fe-deb43aa46e8164ed,eea69e7f-8dab83995204e0df,0.35772357723577236,0.3728813559322034
bd50e3fe-deb43aa46e8164ed,f9e08a46-5d34e200f915e8d0,0.35772357723577236,0.3728813559322034
67996c4c-6031a4e4c44a5547,7bc92b7f-01484e4d0896aace,0.3576158940397351,0.36
14b0fb8e-37daaf5ae4723931,7bc92b7f-01484e4d0896aace,0.3576158940397351,0.36
d314aa92-9f7dd24f2fa68770,45f5632f-5ab969465e5a8f59,0.3575418994413408,0.36363636363636365
d314aa92-9f7dd24f2fa68770,45f5632f-2bd33d3b4d42cb8d,0.3575418994413408,0.36363636363636365
f6ca6fc8-e7ab163f0a8022bf,9cea10af-0b3023dfc77d153a,0.35714285714285715,0.4716981132075472
3e191f3b-267f38bf210ab88d,93322168-c6d3be538e049476,0.35714285714285715,0.379746835443038
e6b7a899-09224eadde94e5ee,16a2a867-abbed6f23596204e,0.35714285714285715,0.36231884057971014
d018b49f-e1ae502e5288eb54,930dd1f1-61ab1c8d80bf7a8d,0.35714285714285715,0.5
bd50e3fe-deb43aa46e8164ed,d221162a-c21f547a22d9eb13,0.35714285714285715,0.423728813559322
bd50e3fe-deb43aa46e8164ed,8c79c384-7673be7788c8bbc1,0.35714285714285715,0.423728813559322
f6ca6fc8-e7ab163f0a8022bf,bd50e3fe-deb43aa46e8164ed,0.35714285714285715,0.37735849056603776
d9f6c257-6be30afb625c7fcc,930dd1f1-61ab1c8d80bf7a8d,0.35714285714285715,0.6730769230769231
9cea10af-0b3023dfc77d153a,b38468e8-355e4e494f76a9c6,0.3567567567567568,0.3793103448275862
1162c08f-3a2a31cf33573c4d,595f5d6c-7ba61dd9e3df26a6,0.35668789808917195,0.56
6653a758-75500306c58aa931,595f5d6c-7ba61dd9e3df26a6,0.35668789808917195,0.56
16a2a867-abbed6f23596204e,0d11fb94-9b58e2541be4dfcb,0.35668789808917195,0.39436619718309857
375489f2-a0444125a74b9ccb,22b41936-e1a4f2961d5e650a,0.35668789808917195,0.39436619718309857
22b41936-e1a4f2961d5e650a,b842cf12-f7882fa2c05f3014,0.3563218390804598,0.36046511627906974
4201fdf7-e9b7491886b37cf0,764484c3-b96a5fc3fd9ec3ec,0.3561643835616438,0.38235294117647056
9bc690ef-eaa1605ae19c8de9,67996c4c-6031a4e4c44a5547,0.3561643835616438,0.36619718309859156
375489f2-a0444125a74b9ccb,69c97258-21e5704deef76ece,0.3561643835616438,0.36619718309859156
db01da00-988246098678c280,2ebeae13-f6d98bc6e8762f12,0.3561643835616438,0.3611111111111111
7011024d-20824aa80ee40c37,c4cdd3af-d681944ed10b5e5a,0.3558282208588957,0.35802469135802467
9e4ddc38-f08d0e6847f4856a,11373c16-325c2a81744d6c63,0.35555555555555557,0.36363636363636365
6bcc5afd-28d9bb844890d9da,5dc1f7b3-8c0e00231be211a2,0.35555555555555557,0.4444444444444444
2ebeae13-f6d98bc6e8762f12,0fd5b95a-e9d45e7dc0eefa8b,0.35526315789473684,0.36486486486486486
d221162a-c21f547a22d9eb13,d314aa92-9f7dd24f2fa68770,0.35502958579881655,0.37037037037037035
5a74241a-dc901804978ab00a,3951966f-72a49600e61410e6,0.35502958579881655,0.375
5ce1fe32-9ffbc9498a417876,3b498a39-34f8b597e4ed27e8,0.3548387096774194,0.4647887323943662
f6ca6fc8-e7ab163f0a8022bf,9bc690ef-eaa1605ae19c8de9,0.3548387096774194,0.41509433962264153
2c7a0000-0b8bb8afaf26c254,8ddb5587-69fda5215b397350,0.3548387096774194,0.3728813559322034
9cea10af-0b3023dfc77d153a,ae775964-023a1237326b6e42,0.35467980295566504,0.41379310344827586
6bcc5afd-28d9bb844890d9da,9cea10af-0b3023dfc77d153a,0.3546099290780142,0.46296296296296297
a4ec80a0-fa10dc124910b760,f4b87cc2-7d332534a27bc5d6,0.35443037974683544,0.39436619718309857
764484c3-b96a5fc3fd9ec3ec,d018b49f-e1ae502e5288eb54,0.35443037974683544,0.358974358974359
0d11fb94-9b58e2541be4dfcb,3951966f-72a49600e61410e6,0.35428571428571426,0.36046511627906974
6bcc5afd-28d9bb844890d9da,bd50e3fe-deb43aa46e8164ed,0.35398230088495575,0.37037037037037035
2da4b3fe-e5141fdf3cc061b7,375489f2-a0444125a74b9ccb,0.35384615384615387,0.3898305084745763
2da4b3fe-e5141fdf3cc061b7,16a2a867-abbed6f23596204e,0.35384615384615387,0.3898305084745763
db01da00-988246098678c280,69c97258-21e5704deef76ece,0.35374149659863946,0.3611111111111111
db01da00-988246098678c280,14b0fb8e-37daaf5ae4723931,0.35374149659863946,0.3611111111111111
e6b7a899-09224eadde94e5ee,0fd5b95a-e9d45e7dc0eefa8b,0.35374149659863946,0.37681159420289856
11d91f31-d6dac8853a738e43,d018b49f-e1ae502e5288eb54,0.35374149659863946,0.3880597014925373
ebd8ff55-b7fcefff9d43d956,22b41936-e1a4f2961d5e650a,0.35374149659863946,0.4262295081967213
6bcc5afd-28d9bb844890d9da,930dd1f1-61ab1c8d80bf7a8d,0.35353535353535354,0.6481481481481481
ba8800f5-754ce975c68dc482,0fd5b95a-e9d45e7dc0eefa8b,0.35294117647058826,0.36
764484c3-b96a5fc3fd9ec3ec,9028caf7-5bfe14d4c3b17f76,0.35294117647058826,0.38461538461538464
764484c3-b96a5fc3fd9ec3ec,69b2fd22-5bfe14d4c3b17f76,0.35294117647058826,0.38461538461538464
db01da00-988246098678c280,d221162a-c21f547a22d9eb13,0.35294117647058826,0.375
db01da00-988246098678c280,3b498a39-34f8b597e4ed27e8,0.35294117647058826,0.4583333333333333
8ddb5587-69fda5215b397350,375489f2-a0444125a74b9ccb,0.35294117647058826,0.36923076923076925
2470b521-019c23f7e919baa8,d221162a-c21f547a22d9eb13,0.35294117647058826,0.375
2470b521-019c23f7e919baa8,8c79c384-7673be7788c8bbc1,0.35294117647058826,0.375
0d11fb94-9b58e2541be4dfcb,595f5d6c-7ba61dd9e3df26a6,0.35233160621761656,0.3953488372093023
a4d6775d-895b97d602f71f4f,60c85a4f-1cb4672ccc545eb2,0.3522727272727273,0.41333333333333333
3d06b643-52fef5e25f21ee7f,60c85a4f-1cb4672ccc545eb2,0.3522727272727273,0.41333333333333333
46e9aed4-c477cb844c1e1d56,9cea10af-0b3023dfc77d153a,0.3522012578616352,0.3888888888888889
bf992c91-d94ad939d2852a18,a4c98ae1-3942cae7e65d9f37,0.3522012578616352,0.4
0fd5b95a-e9d45e7dc0eefa8b,5dc1f7b3-8c0e00231be211a2,0.3522012578616352,0.358974358974359
ba8800f5-754ce975c68dc482,8f855b99-1e222b61dfa2ec7f,0.3522012578616352,0.37333333333333335
734a94be-491555e2a9bcc2a4,7011024d-20824aa80ee40c37,0.352112676056338,0.4098360655737705
734a94be-cd0c40be4a89c935,7011024d-20824aa80ee40c37,0.352112676056338,0.4098360655737705
2da4b3fe-e5141fdf3cc061b7,9e4ddc38-f08d0e6847f4856a,0.352,0.3728813559322034
41e72d4f-21bec02e70069337,595f5d6c-7ba61dd9e3df26a6,0.3516483516483517,0.4266666666666667
13441e8f-5b125e896d439795,b842cf12-f7882fa2c05f3014,0.35135135135135137,0.43333333333333335
db01da00-988246098678c280,7bc92b7f-01484e4d0896aace,0.35135135135135137,0.3611111111111111
9cea10af-0b3023dfc77d153a,60c85a4f-1cb4672ccc545eb2,0.35106382978723405,0.3793103448275862
f9e08a46-5d34e200f915e8d0,595f5d6c-7ba61dd9e3df26a6,0.3508771929824561,0.46875
ba8800f5-754ce975c68dc482,29210e56-e4fcc33dc59803ba,0.3508771929824561,0.4
0588b869-178a29ccfedc3992,5ee4d2f9-7b875ec1c8e8e319,0.35064935064935066,0.39705882352941174
bf992c91-d94ad939d2852a18,8f855b99-1e222b61dfa2ec7f,0.35064935064935066,0.38571428571428573
ebd8ff55-b7fcefff9d43d956,8926151a-5e56a31bb1481ed4,0.35036496350364965,0.39344262295081966
bd65846f-dda288a85405877d,45f5632f-5ab969465e5a8f59,0.3502824858757062,0.36046511627906974
bd65846f-dda288a85405877d,45f5632f-2bd33d3b4d42cb8d,0.3502824858757062,0.36046511627906974
2e1109d7-9902a467adb93d62,3b498a39-34f8b597e4ed27e8,0.35,0.4117647058823529
034030f3-0fcdc00fa21b2b63,8f855b99-1e222b61dfa2ec7f,0.35,0.3684210526315789
3e191f3b-267f38bf210ab88d,d221162a-c21f547a22d9eb13,0.35,0.35443037974683544
375489f2-a0444125a74b9ccb,93322168-c6d3be538e049476,0.35,0.39436619718309857
e7000ac2-9902a467adb93d62,3b498a39-34f8b597e4ed27e8,0.35,0.4117647058823529
cb87df79-e6daab7d8f341736,4323e2bd-229894dcd42dbd47,0.35,0.5384615384615384
67996c4c-6031a4e4c44a5547,4323e2bd-229894dcd42dbd47,0.34972677595628415,0.4266666666666667
8ddb5587-69fda5215b397350,d63e6e3f-68836bbaaea4c108,0.34965034965034963,0.38461538461538464
4201fdf7-e9b7491886b37cf0,a4d6775d-895b97d602f71f4f,0.34965034965034963,0.36764705882352944
4201fdf7-e9b7491886b37cf0,3d06b643-52fef5e25f21ee7f,0.34965034965034963,0.36764705882352944
375489f2-a0444125a74b9ccb,db01da00-988246098678c280,0.34965034965034963,0.352112676056338
2da4b3fe-e5141fdf3cc061b7,7b71234c-c144dfdf3c050ab5,0.3492063492063492,0.3728813559322034
2da4b3fe-e5141fdf3cc061b7,12c1cc56-c144dfdf3c050ab5,0.3492063492063492,0.3728813559322034
2da4b3fe-e5141fdf3cc061b7,c06c758d-c144dfdf3c050ab5,0.3492063492063492,0.3728813559322034
4201fdf7-e9b7491886b37cf0,5dc1f7b3-8c0e00231be211a2,0.348993288590604,0.38235294117647056
13441e8f-5b125e896d439795,3951966f-72a49600e61410e6,0.348993288590604,0.43333333333333335
2e1109d7-9902a467adb93d62,f4b87cc2-7d332534a27bc5d6,0.3488372093023256,0.35294117647058826
8f855b99-1e222b61dfa2ec7f,b842cf12-f7882fa2c05f3014,0.3488372093023256,0.35714285714285715
e7000ac2-9902a467adb93d62,f4b87cc2-7d332534a27bc5d6,0.3488372093023256,0.35294117647058826
d314aa92-9f7dd24f2fa68770,595f5d6c-7ba61dd9e3df26a6,0.3487179487179487,0.38636363636363635
4e9c4bf9-d32422ae7aa1d171,5a74241a-dc901804978ab00a,0.3484848484848485,0.4423076923076923
d9f6c257-6be30afb625c7fcc,5a74241a-dc901804978ab00a,0.3484848484848485,0.4423076923076923
0588b869-178a29ccfedc3992,9cea10af-0b3023dfc77d153a,0.34838709677419355,0.39705882352941174
11d91f31-d6dac8853a738e43,d314aa92-9f7dd24f2fa68770,0.34838709677419355,0.40298507462686567
ba8800f5-754ce975c68dc482,5a74241a-dc901804978ab00a,0.34838709677419355,0.36
96b3758b-d23ef8ff9339c1f0,f4b87cc2-7d332534a27bc5d6,0.34782608695652173,0.3783783783783784
eea69e7f-8dab83995204e0df,2ebeae13-f6d98bc6e8762f12,0.34782608695652173,0.375
6490bbe8-cb4a60be38dd4393,8f855b99-1e222b61dfa2ec7f,0.34782608695652173,0.36363636363636365
cb87df79-e6daab7d8f341736,22b41936-e1a4f2961d5e650a,0.34782608695652173,0.46153846153846156
22b41936-e1a4f2961d5e650a,930dd1f1-61ab1c8d80bf7a8d,0.34782608695652173,0.46511627906976744
e6b7a899-09224eadde94e5ee,ba8800f5-754ce975c68dc482,0.3472222222222222,0.36231884057971014
93322168-c6d3be538e049476,595f5d6c-7ba61dd9e3df26a6,0.3469387755102041,0.38202247191011235
67996c4c-6031a4e4c44a5547,ba8800f5-754ce975c68dc482,0.3466666666666667,0.3466666666666667
14b0fb8e-37daaf5ae4723931,69c97258-21e5704deef76ece,0.3466666666666667,0.3466666666666667
e6b7a899-09224eadde94e5ee,d221162a-c21f547a22d9eb13,0.3466666666666667,0.37681159420289856
cb87df79-e6daab7d8f341736,a4e39423-0bca8609e3a20081,0.3466666666666667,0.5
41e72d4f-21bec02e70069337,ba8800f5-754ce975c68dc482,0.3466666666666667,0.3466666666666667
7011024d-20824aa80ee40c37,930dd1f1-61ab1c8d80bf7a8d,0.3466666666666667,0.48148148148148145
d9f6c257-6be30afb625c7fcc,14b0fb8e-37daaf5ae4723931,0.3464566929133858,0.4230769230769231
4e9c4bf9-d32422ae7aa1d171,41e72d4f-21bec02e70069337,0.3464566929133858,0.4230769230769231
d9f6c257-6be30afb625c7fcc,41e72d4f-21bec02e70069337,0.3464566929133858,0.4230769230769231
e6b7a899-09224eadde94e5ee,9cea10af-0b3023dfc77d153a,0.34615384615384615,0.391304347826087
0fd5b95a-e9d45e7dc0eefa8b,764484c3-b96a5fc3fd9ec3ec,0.34615384615384615,0.34615384615384615
f6ca6fc8-e7ab163f0a8022bf,5a74241a-dc901804978ab00a,0.3458646616541353,0.4339622641509434
034030f3-0fcdc00fa21b2b63,bd65846f-dda288a85405877d,0.345679012345679,0.3684210526315789
734a94be-491555e2a9bcc2a4,d63e6e3f-68836bbaaea4c108,0.34532374100719426,0.39344262295081966
734a94be-cd0c40be4a89c935,d63e6e3f-68836bbaaea4c108,0.34532374100719426,0.39344262295081966
2da4b3fe-e5141fdf3cc061b7,d018b49f-e1ae502e5288eb54,0.34532374100719426,0.4067796610169492
eea69e7f-8dab83995204e0df,41e72d4f-21bec02e70069337,0.34532374100719426,0.375
3e191f3b-267f38bf210ab88d,3951966f-72a49600e61410e6,0.34523809523809523,0.3670886075949367
db01da00-988246098678c280,29210e56-e4fcc33dc59803ba,0.34523809523809523,0.4027777777777778
4201fdf7-e9b7491886b37cf0,6490bbe8-cb4a60be38dd4393,0.3448275862068966,0.36764705882352944
eea69e7f-8dab83995204e0df,7011024d-20824aa80ee40c37,0.3448275862068966,0.390625
29210e56-e4fcc33dc59803ba,595f5d6c-7ba61dd9e3df26a6,0.3448275862068966,0.3645833333333333
2470b521-019c23f7e919baa8,4323e2bd-229894dcd42dbd47,0.34444444444444444,0.4305555555555556
eea69e7f-8dab83995204e0df,9cea10af-0b3023dfc77d153a,0.3443708609271523,0.40625
ba8800f5-754ce975c68dc482,7bc92b7f-01484e4d0896aace,0.3443708609271523,0.3466666666666667
41e72d4f-21bec02e70069337,7bc92b7f-01484e4d0896aace,0.3443708609271523,0.3466666666666667
0588b869-178a29ccfedc3992,a4c98ae1-3942cae7e65d9f37,0.34394904458598724,0.39705882352941174
bf992c91-d94ad939d2852a18,f4b87cc2-7d332534a27bc5d6,0.34394904458598724,0.38571428571428573
f6ca6fc8-e7ab163f0a8022bf,14b0fb8e-37daaf5ae4723931,0.34375,0.41509433962264153
4e9c4bf9-d32422ae7aa1d171,8926151a-5e56a31bb1481ed4,0.34375,0.4230769230769231
7bc92b7f-01484e4d0896aace,9cea10af-0b3023dfc77d153a,0.34355828220858897,0.3684210526315789
14b0fb8e-37daaf5ae4723931,b842cf12-f7882fa2c05f3014,0.34355828220858897,0.37333333333333335
d221162a-c21f547a22d9eb13,c4cdd3af-d681944ed10b5e5a,0.34355828220858897,0.345679012345679
bd50e3fe-deb43aa46e8164ed,67996c4c-6031a4e4c44a5547,0.34328358208955223,0.3898305084745763
bd50e3fe-deb43aa46e8164ed,a4d6775d-895b97d602f71f4f,0.34328358208955223,0.3898305084745763
11d91f31-d6dac8853a738e43,7b71234c-c144dfdf3c050ab5,0.34328358208955223,0.34328358208955223
11d91f31-d6dac8853a738e43,12c1cc56-c144dfdf3c050ab5,0.34328358208955223,0.34328358208955223
11d91f31-d6dac8853a738e43,c06c758d-c144dfdf3c050ab5,0.34328358208955223,0.34328358208955223
bd50e3fe-deb43aa46e8164ed,3d06b643-52fef5e25f21ee7f,0.34328358208955223,0.3898305084745763
bd50e3fe-deb43aa46e8164ed,41e72d4f-21bec02e70069337,0.34328358208955223,0.3898305084745763
c4cdd3af-d681944ed10b5e5a,9cea10af-0b3023dfc77d153a,0.3431952662721893,0.35365853658536583
141effef-1bfb859e38d0541d,a4d6775d-895b97d602f71f4f,0.34285714285714286,0.36923076923076925
22b41936-e1a4f2961d5e650a,93322168-c6d3be538e049476,0.34285714285714286,0.3488372093023256
141effef-1bfb859e38d0541d,3d06b643-52fef5e25f21ee7f,0.34285714285714286,0.36923076923076925
9bc690ef-eaa1605ae19c8de9,a4d6775d-895b97d602f71f4f,0.3424657534246575,0.352112676056338
9bc690ef-eaa1605ae19c8de9,3d06b643-52fef5e25f21ee7f,0.3424657534246575,0.352112676056338
141effef-1bfb859e38d0541d,5dc1f7b3-8c0e00231be211a2,0.3424657534246575,0.38461538461538464
0d11fb94-9b58e2541be4dfcb,8f30bfc3-0206ccf1b040138a,0.3424124513618677,0.5116279069767442
0d11fb94-9b58e2541be4dfcb,af1b152e-ecd3dfef045653d5,0.3424124513618677,0.5116279069767442
141effef-1bfb859e38d0541d,9cea10af-0b3023dfc77d153a,0.34210526315789475,0.4
5ce1fe32-9ffbc9498a417876,7011024d-20824aa80ee40c37,0.34210526315789475,0.36619718309859156
46e9aed4-c477cb844c1e1d56,5a74241a-dc901804978ab00a,0.34210526315789475,0.3611111111111111
db01da00-988246098678c280,5a74241a-dc901804978ab00a,0.34210526315789475,0.3611111111111111
11373c16-325c2a81744d6c63,3951966f-72a49600e61410e6,0.34177215189873417,0.391304347826087
e6b7a899-09224eadde94e5ee,3951966f-72a49600e61410e6,0.34177215189873417,0.391304347826087
7bc92b7f-01484e4d0896aace,f4f1b18f-c1a38185306219e8,0.34177215189873417,0.35526315789473684
764484c3-b96a5fc3fd9ec3ec,22b41936-e1a4f2961d5e650a,0.34146341463414637,0.358974358974359
4e9c4bf9-d32422ae7aa1d171,d8e4eb5e-8079445020a594f8,0.34108527131782945,0.4230769230769231
14b0fb8e-37daaf5ae4723931,60c85a4f-1cb4672ccc545eb2,0.3409090909090909,0.4
2da4b3fe-e5141fdf3cc061b7,8926151a-5e56a31bb1481ed4,0.34074074074074073,0.3898305084745763
67996c4c-6031a4e4c44a5547,595f5d6c-7ba61dd9e3df26a6,0.34065934065934067,0.41333333333333333
14b0fb8e-37daaf5ae4723931,595f5d6c-7ba61dd9e3df26a6,0.34065934065934067,0.41333333333333333
eea69e7f-8dab83995204e0df,d8e4eb5e-8079445020a594f8,0.3404255319148936,0.375
0588b869-178a29ccfedc3992,547ee69b-ef33101345e3aff6,0.3404255319148936,0.35294117647058826
e6b7a899-09224eadde94e5ee,d63e6e3f-68836bbaaea4c108,0.3401360544217687,0.36231884057971014
13441e8f-5b125e896d439795,f4b87cc2-7d332534a27bc5d6,0.3401360544217687,0.4166666666666667
11d91f31-d6dac8853a738e43,5a74241a-dc901804978ab00a,0.3401360544217687,0.373134328358209
9028caf7-5bfe14d4c3b17f76,4323e2bd-229894dcd42dbd47,0.34,0.3695652173913043
69b2fd22-5bfe14d4c3b17f76,4323e2bd-229894dcd42dbd47,0.34,0.3695652173913043
a4ec80a0-fa10dc124910b760,c4cdd3af-d681944ed10b5e5a,0.33986928104575165,0.36619718309859156
46e9aed4-c477cb844c1e1d56,f4b87cc2-7d332534a27bc5d6,0.33962264150943394,0.375
db01da00-988246098678c280,ee4f7b06-0df895503f264db3,0.33962264150943394,0.375
3e191f3b-267f38bf210ab88d,22b41936-e1a4f2961d5e650a,0.3393939393939394,0.35443037974683544
1162c08f-3a2a31cf33573c4d,4201fdf7-e9b7491886b37cf0,0.3389830508474576,0.4
6653a758-75500306c58aa931,4201fdf7-e9b7491886b37cf0,0.3389830508474576,0.4
9028caf7-5bfe14d4c3b17f76,930dd1f1-61ab1c8d80bf7a8d,0.3389830508474576,0.43478260869565216
69b2fd22-5bfe14d4c3b17f76,930dd1f1-61ab1c8d80bf7a8d,0.3389830508474576,0.43478260869565216
375489f2-a0444125a74b9ccb,8f30bfc3-0206ccf1b040138a,0.33884297520661155,0.5774647887323944
375489f2-a0444125a74b9ccb,af1b152e-ecd3dfef045653d5,0.33884297520661155,0.5774647887323944
d221162a-c21f547a22d9eb13,4323e2bd-229894dcd42dbd47,0.3386243386243386,0.3950617283950617
1162c08f-3a2a31cf33573c4d,5a74241a-dc901804978ab00a,0.3384615384615385,0.44
6653a758-75500306c58aa931,5a74241a-dc901804978ab00a,0.3384615384615385,0.44
1162c08f-3a2a31cf33573c4d,5ee4d2f9-7b875ec1c8e8e319,0.3382352941176471,0.46
6653a758-75500306c58aa931,5ee4d2f9-7b875ec1c8e8e319,0.3382352941176471,0.46
595f5d6c-7ba61dd9e3df26a6,8f30bfc3-0206ccf1b040138a,0.3381294964028777,0.4392523364485981
595f5d6c-7ba61dd9e3df26a6,af1b152e-ecd3dfef045653d5,0.3381294964028777,0.4392523364485981
11373c16-325c2a81744d6c63,547ee69b-ef33101345e3aff6,0.3380281690140845,0.34782608695652173
375489f2-a0444125a74b9ccb,5ce1fe32-9ffbc9498a417876,0.3380281690140845,0.3380281690140845
16a2a867-abbed6f23596204e,5ce1fe32-9ffbc9498a417876,0.3380281690140845,0.3380281690140845
375489f2-a0444125a74b9ccb,a4ec80a0-fa10dc124910b760,0.3380281690140845,0.3380281690140845
f6ca6fc8-e7ab163f0a8022bf,a4c98ae1-3942cae7e65d9f37,0.3380281690140845,0.4528301886792453
bf992c91-d94ad939d2852a18,d63e6e3f-68836bbaaea4c108,0.33783783783783783,0.35714285714285715
734a94be-491555e2a9bcc2a4,9cea10af-0b3023dfc77d153a,0.33783783783783783,0.4098360655737705
734a94be-cd0c40be4a89c935,9cea10af-0b3023dfc77d153a,0.33783783783783783,0.4098360655737705
db01da00-988246098678c280,034030f3-0fcdc00fa21b2b63,0.33783783783783783,0.3472222222222222
734a94be-491555e2a9bcc2a4,f4b87cc2-7d332534a27bc5d6,0.33783783783783783,0.4098360655737705
734a94be-cd0c40be4a89c935,f4b87cc2-7d332534a27bc5d6,0.33783783783783783,0.4098360655737705
11d91f31-d6dac8853a738e43,f4b87cc2-7d332534a27bc5d6,0.33766233766233766,0.3880597014925373
ee4f7b06-0df895503f264db3,930dd1f1-61ab1c8d80bf7a8d,0.33766233766233766,0.4482758620689655
16a2a867-abbed6f23596204e,a4c98ae1-3942cae7e65d9f37,0.3375,0.38028169014084506
f6ca6fc8-e7ab163f0a8022bf,595f5d6c-7ba61dd9e3df26a6,0.3375,0.5094339622641509
6490bbe8-cb4a60be38dd4393,a4c98ae1-3942cae7e65d9f37,0.3373493975903614,0.36363636363636365
2da4b3fe-e5141fdf3cc061b7,595f5d6c-7ba61dd9e3df26a6,0.3373493975903614,0.4745762711864407
eea69e7f-8dab83995204e0df,4323e2bd-229894dcd42dbd47,0.3372093023255814,0.453125
a4ec80a0-fa10dc124910b760,595f5d6c-7ba61dd9e3df26a6,0.33707865168539325,0.4225352112676056
cb87df79-e6daab7d8f341736,ebd8ff55-b7fcefff9d43d956,0.336283185840708,0.36538461538461536
4e9c4bf9-d32422ae7aa1d171,547ee69b-ef33101345e3aff6,0.336,0.40384615384615385
1162c08f-3a2a31cf33573c4d,41e72d4f-21bec02e70069337,0.336,0.42
6653a758-75500306c58aa931,41e72d4f-21bec02e70069337,0.336,0.42
2e1109d7-9902a467adb93d62,8f30bfc3-0206ccf1b040138a,0.3359375,0.5058823529411764
2e1109d7-9902a467adb93d62,af1b152e-ecd3dfef045653d5,0.3359375,0.5058823529411764
e7000ac2-9902a467adb93d62,8f30bfc3-0206ccf1b040138a,0.3359375,0.5058823529411764
e7000ac2-9902a467adb93d62,af1b152e-ecd3dfef045653d5,0.3359375,0.5058823529411764
eea69e7f-8dab83995204e0df,11d91f31-d6dac8853a738e43,0.33587786259541985,0.34375
4201fdf7-e9b7491886b37cf0,e6b7a899-09224eadde94e5ee,0.3357664233576642,0.3382352941176471
734a94be-491555e2a9bcc2a4,7bc92b7f-01484e4d0896aace,0.3357664233576642,0.3770491803278688
141effef-1bfb859e38d0541d,db01da00-988246098678c280,0.3357664233576642,0.35384615384615387
734a94be-cd0c40be4a89c935,7bc92b7f-01484e4d0896aace,0.3357664233576642,0.3770491803278688
375489f2-a0444125a74b9ccb,46e9aed4-c477cb844c1e1d56,0.3356643356643357,0.3380281690140845
6bcc5afd-28d9bb844890d9da,a4c98ae1-3942cae7e65d9f37,0.3356643356643357,0.4444444444444444
e6b7a899-09224eadde94e5ee,5a74241a-dc901804978ab00a,0.33557046979865773,0.36231884057971014
0588b869-178a29ccfedc3992,5dc1f7b3-8c0e00231be211a2,0.33557046979865773,0.36764705882352944
2ebeae13-f6d98bc6e8762f12,a4d6775d-895b97d602f71f4f,0.33557046979865773,0.33783783783783783
2ebeae13-f6d98bc6e8762f12,3d06b643-52fef5e25f21ee7f,0.33557046979865773,0.33783783783783783
db01da00-988246098678c280,6490bbe8-cb4a60be38dd4393,0.33557046979865773,0.3472222222222222
0588b869-178a29ccfedc3992,7011024d-20824aa80ee40c37,0.33557046979865773,0.36764705882352944
11373c16-325c2a81744d6c63,22b41936-e1a4f2961d5e650a,0.33548387096774196,0.37681159420289856
67996c4c-6031a4e4c44a5547,5ee4d2f9-7b875ec1c8e8e319,0.33540372670807456,0.36
6bcc5afd-28d9bb844890d9da,595f5d6c-7ba61dd9e3df26a6,0.33540372670807456,0.5
5a74241a-dc901804978ab00a,7011024d-20824aa80ee40c37,0.33540372670807456,0.3375
5dc1f7b3-8c0e00231be211a2,5ee4d2f9-7b875ec1c8e8e319,0.33532934131736525,0.345679012345679
8c79c384-7673be7788c8bbc1,22b41936-e1a4f2961d5e650a,0.33532934131736525,0.345679012345679
6490bbe8-cb4a60be38dd4393,29210e56-e4fcc33dc59803ba,0.3352601156069364,0.37662337662337664
5dc1f7b3-8c0e00231be211a2,a4e39423-0bca8609e3a20081,0.33519553072625696,0.37037037037037035
d221162a-c21f547a22d9eb13,b38468e8-355e4e494f76a9c6,0.33519553072625696,0.37037037037037035
db01da00-988246098678c280,d63e6e3f-68836bbaaea4c108,0.3333333333333333,0.3472222222222222
034030f3-0fcdc00fa21b2b63,22b41936-e1a4f2961d5e650a,0.3333333333333333,0.35526315789473684
11373c16-325c2a81744d6c63,e6b7a899-09224eadde94e5ee,0.3333333333333333,0.3333333333333333
11373c16-325c2a81744d6c63,8c79c384-7673be7788c8bbc1,0.3333333333333333,0.36231884057971014
5ce1fe32-9ffbc9498a417876,3e191f3b-267f38bf210ab88d,0.3333333333333333,0.352112676056338
3e191f3b-267f38bf210ab88d,60c85a4f-1cb4672ccc545eb2,0.3333333333333333,0.379746835443038
13441e8f-5b125e896d439795,4323e2bd-229894dcd42dbd47,0.3333333333333333,0.4666666666666667
41e72d4f-21bec02e70069337,67996c4c-6031a4e4c44a5547,0.3333333333333333,0.3333333333333333
764484c3-b96a5fc3fd9ec3ec,930dd1f1-61ab1c8d80bf7a8d,0.3333333333333333,0.47435897435897434
2c7a0000-0b8bb8afaf26c254,547ee69b-ef33101345e3aff6,0.3333333333333333,0.3728813559322034
41e72d4f-21bec02e70069337,8c79c384-7673be7788c8bbc1,0.3333333333333333,0.3466666666666667
2470b521-019c23f7e919baa8,930dd1f1-61ab1c8d80bf7a8d,0.3333333333333333,0.5
3951966f-72a49600e61410e6,ae775964-023a1237326b6e42,0.33170731707317075,0.38202247191011235
46e9aed4-c477cb844c1e1d56,3b498a39-34f8b597e4ed27e8,0.3315508021390374,0.4305555555555556
2e1109d7-9902a467adb93d62,29210e56-e4fcc33dc59803ba,0.3314917127071823,0.35294117647058826
e7000ac2-9902a467adb93d62,29210e56-e4fcc33dc59803ba,0.3314917127071823,0.35294117647058826
6490bbe8-cb4a60be38dd4393,b38468e8-355e4e494f76a9c6,0.3314285714285714,0.37662337662337664
9bc690ef-eaa1605ae19c8de9,a4e39423-0bca8609e3a20081,0.33136094674556216,0.39436619718309857
8c79c384-7673be7788c8bbc1,c4cdd3af-d681944ed10b5e5a,0.3312883435582822,0.3333333333333333
2da4b3fe-e5141fdf3cc061b7,a4e39423-0bca8609e3a20081,0.33121019108280253,0.4406779661016949
e6b7a899-09224eadde94e5ee,7bc92b7f-01484e4d0896aace,0.3310344827586207,0.34782608695652173
8ddb5587-69fda5215b397350,5a74241a-dc901804978ab00a,0.3310344827586207,0.36923076923076925
734a94be-491555e2a9bcc2a4,0fd5b95a-e9d45e7dc0eefa8b,0.33093525179856115,0.3770491803278688
734a94be-cd0c40be4a89c935,0fd5b95a-e9d45e7dc0eefa8b,0.33093525179856115,0.3770491803278688
7011024d-20824aa80ee40c37,60c85a4f-1cb4672ccc545eb2,0.32967032967032966,0.37037037037037035
29210e56-e4fcc33dc59803ba,8f30bfc3-0206ccf1b040138a,0.3295880149812734,0.4583333333333333
29210e56-e4fcc33dc59803ba,af1b152e-ecd3dfef045653d5,0.3295880149812734,0.4583333333333333
764484c3-b96a5fc3fd9ec3ec,0d11fb94-9b58e2541be4dfcb,0.32926829268292684,0.34615384615384615
bf992c91-d94ad939d2852a18,b842cf12-f7882fa2c05f3014,0.3291139240506329,0.37142857142857144
13441e8f-5b125e896d439795,9028caf7-5bfe14d4c3b17f76,0.32894736842105265,0.4166666666666667
13441e8f-5b125e896d439795,69b2fd22-5bfe14d4c3b17f76,0.32894736842105265,0.4166666666666667
69c97258-21e5704deef76ece,6490bbe8-cb4a60be38dd4393,0.32894736842105265,0.3333333333333333
f9e08a46-5d34e200f915e8d0,d314aa92-9f7dd24f2fa68770,0.32894736842105265,0.390625
9e4ddc38-f08d0e6847f4856a,0d11fb94-9b58e2541be4dfcb,0.32894736842105265,0.3787878787878788
13441e8f-5b125e896d439795,bd65846f-dda288a85405877d,0.3287671232876712,0.4
9bc690ef-eaa1605ae19c8de9,69c97258-21e5704deef76ece,0.3287671232876712,0.3380281690140845
11373c16-325c2a81744d6c63,a4ec80a0-fa10dc124910b760,0.32857142857142857,0.3333333333333333
2da4b3fe-e5141fdf3cc061b7,5dc1f7b3-8c0e00231be211a2,0.32857142857142857,0.3898305084745763
2c7a0000-0b8bb8afaf26c254,67996c4c-6031a4e4c44a5547,0.3283582089552239,0.3728813559322034
2c7a0000-0b8bb8afaf26c254,ba8800f5-754ce975c68dc482,0.3283582089552239,0.3728813559322034
9e4ddc38-f08d0e6847f4856a,0588b869-178a29ccfedc3992,0.3283582089552239,0.3333333333333333
9cea10af-0b3023dfc77d153a,4323e2bd-229894dcd42dbd47,0.3282051282051282,0.367816091954023
f6ca6fc8-e7ab163f0a8022bf,41e72d4f-21bec02e70069337,0.328125,0.39622641509433965
cb87df79-e6daab7d8f341736,7bc92b7f-01484e4d0896aace,0.328125,0.40384615384615385
1162c08f-3a2a31cf33573c4d,2470b521-019c23f7e919baa8,0.32786885245901637,0.4
6653a758-75500306c58aa931,2470b521-019c23f7e919baa8,0.32786885245901637,0.4
b842cf12-f7882fa2c05f3014,93322168-c6d3be538e049476,0.327683615819209,0.32954545454545453
b842cf12-f7882fa2c05f3014,3951966f-72a49600e61410e6,0.327683615819209,0.32954545454545453
2e1109d7-9902a467adb93d62,0d11fb94-9b58e2541be4dfcb,0.32748538011695905,0.32941176470588235
e7000ac2-9902a467adb93d62,0d11fb94-9b58e2541be4dfcb,0.32748538011695905,0.32941176470588235
96b3758b-d23ef8ff9339c1f0,2e1109d7-9902a467adb93d62,0.3270440251572327,0.35135135135135137
96b3758b-d23ef8ff9339c1f0,e7000ac2-9902a467adb93d62,0.3270440251572327,0.35135135135135137
d8e4eb5e-8079445020a594f8,f4f1b18f-c1a38185306219e8,0.3270440251572327,0.33766233766233766
8926151a-5e56a31bb1481ed4,6490bbe8-cb4a60be38dd4393,0.32679738562091504,0.32894736842105265
a4d6775d-895b97d602f71f4f,0fd5b95a-e9d45e7dc0eefa8b,0.32679738562091504,0.3333333333333333
3d06b643-52fef5e25f21ee7f,0fd5b95a-e9d45e7dc0eefa8b,0.32679738562091504,0.3333333333333333
11d91f31-d6dac8853a738e43,22b41936-e1a4f2961d5e650a,0.32679738562091504,0.373134328358209
9e4ddc38-f08d0e6847f4856a,f4b87cc2-7d332534a27bc5d6,0.32679738562091504,0.3787878787878788
69c97258-21e5704deef76ece,3b498a39-34f8b597e4ed27e8,0.3263157894736842,0.41333333333333333
bf992c91-d94ad939d2852a18,5ce1fe32-9ffbc9498a417876,0.3262411347517731,0.32857142857142857
9e4ddc38-f08d0e6847f4856a,67996c4c-6031a4e4c44a5547,0.3262411347517731,0.3484848484848485
734a94be-491555e2a9bcc2a4,96b3758b-d23ef8ff9339c1f0,0.32592592592592595,0.36065573770491804
734a94be-cd0c40be4a89c935,96b3758b-d23ef8ff9339c1f0,0.32592592592592595,0.36065573770491804
0d11fb94-9b58e2541be4dfcb,9028caf7-5bfe14d4c3b17f76,0.3258426966292135,0.3372093023255814
0d11fb94-9b58e2541be4dfcb,69b2fd22-5bfe14d4c3b17f76,0.3258426966292135,0.3372093023255814
034030f3-0fcdc00fa21b2b63,29210e56-e4fcc33dc59803ba,0.32558139534883723,0.3684210526315789
13441e8f-5b125e896d439795,e6b7a899-09224eadde94e5ee,0.32558139534883723,0.35
6bcc5afd-28d9bb844890d9da,41e72d4f-21bec02e70069337,0.32558139534883723,0.3888888888888889
16a2a867-abbed6f23596204e,930dd1f1-61ab1c8d80bf7a8d,0.32558139534883723,0.49295774647887325
a4d6775d-895b97d602f71f4f,45f5632f-5ab969465e5a8f59,0.3253012048192771,0.36
3d06b643-52fef5e25f21ee7f,45f5632f-5ab969465e5a8f59,0.3253012048192771,0.36
a4d6775d-895b97d602f71f4f,45f5632f-2bd33d3b4d42cb8d,0.3253012048192771,0.36
3d06b643-52fef5e25f21ee7f,45f5632f-2bd33d3b4d42cb8d,0.3253012048192771,0.36
cb87df79-e6daab7d8f341736,9bc690ef-eaa1605ae19c8de9,0.3252032520325203,0.38461538461538464
16a2a867-abbed6f23596204e,3951966f-72a49600e61410e6,0.325,0.36619718309859156
0588b869-178a29ccfedc3992,22b41936-e1a4f2961d5e650a,0.3246753246753247,0.36764705882352944
1162c08f-3a2a31cf33573c4d,ebd8ff55-b7fcefff9d43d956,0.32432432432432434,0.36
6653a758-75500306c58aa931,ebd8ff55-b7fcefff9d43d956,0.32432432432432434,0.36
11d91f31-d6dac8853a738e43,7011024d-20824aa80ee40c37,0.32432432432432434,0.3582089552238806
ee4f7b06-0df895503f264db3,b38468e8-355e4e494f76a9c6,0.32432432432432434,0.3448275862068966
7b71234c-c144dfdf3c050ab5,7011024d-20824aa80ee40c37,0.32432432432432434,0.3582089552238806
12c1cc56-c144dfdf3c050ab5,7011024d-20824aa80ee40c37,0.32432432432432434,0.3582089552238806
c06c758d-c144dfdf3c050ab5,7011024d-20824aa80ee40c37,0.32432432432432434,0.3582089552238806
9bc690ef-eaa1605ae19c8de9,4323e2bd-229894dcd42dbd47,0.3240223463687151,0.4084507042253521
375489f2-a0444125a74b9ccb,4323e2bd-229894dcd42dbd47,0.3240223463687151,0.4084507042253521
f9e08a46-5d34e200f915e8d0,d63e6e3f-68836bbaaea4c108,0.323943661971831,0.359375
6bcc5afd-28d9bb844890d9da,b842cf12-f7882fa2c05f3014,0.323943661971831,0.42592592592592593
ebd8ff55-b7fcefff9d43d956,d221162a-c21f547a22d9eb13,0.323943661971831,0.3770491803278688
ebd8ff55-b7fcefff9d43d956,8c79c384-7673be7788c8bbc1,0.323943661971831,0.3770491803278688
2e1109d7-9902a467adb93d62,b842cf12-f7882fa2c05f3014,0.3236994219653179,0.32941176470588235
e7000ac2-9902a467adb93d62,b842cf12-f7882fa2c05f3014,0.3236994219653179,0.32941176470588235
41e72d4f-21bec02e70069337,a4e39423-0bca8609e3a20081,0.3236994219653179,0.37333333333333335
734a94be-491555e2a9bcc2a4,41e72d4f-21bec02e70069337,0.3235294117647059,0.36065573770491804
ebd8ff55-b7fcefff9d43d956,a4d6775d-895b97d602f71f4f,0.3235294117647059,0.36065573770491804
ebd8ff55-b7fcefff9d43d956,3d06b643-52fef5e25f21ee7f,0.3235294117647059,0.36065573770491804
734a94be-cd0c40be4a89c935,41e72d4f-21bec02e70069337,0.3235294117647059,0.36065573770491804
d63e6e3f-68836bbaaea4c108,a4c98ae1-3942cae7e65d9f37,0.32335329341317365,0.34615384615384615
d63e6e3f-68836bbaaea4c108,93322168-c6d3be538e049476,0.32335329341317365,0.34615384615384615
8c79c384-7673be7788c8bbc1,0d11fb94-9b58e2541be4dfcb,0.32335329341317365,0.3333333333333333
93322168-c6d3be538e049476,8f30bfc3-0206ccf1b040138a,0.3230769230769231,0.47191011235955055
93322168-c6d3be538e049476,af1b152e-ecd3dfef045653d5,0.3230769230769231,0.47191011235955055
2ebeae13-f6d98bc6e8762f12,9cea10af-0b3023dfc77d153a,0.32298136645962733,0.35135135135135137
69c97258-21e5704deef76ece,0d11fb94-9b58e2541be4dfcb,0.32298136645962733,0.3466666666666667
69c97258-21e5704deef76ece,22b41936-e1a4f2961d5e650a,0.32298136645962733,0.3466666666666667
d018b49f-e1ae502e5288eb54,8c79c384-7673be7788c8bbc1,0.32298136645962733,0.325
a4d6775d-895b97d602f71f4f,0d11fb94-9b58e2541be4dfcb,0.32298136645962733,0.3466666666666667
3d06b643-52fef5e25f21ee7f,0d11fb94-9b58e2541be4dfcb,0.32298136645962733,0.3466666666666667
4e9c4bf9-d32422ae7aa1d171,46e9aed4-c477cb844c1e1d56,0.3225806451612903,0.38461538461538464
4323e2bd-229894dcd42dbd47,8f30bfc3-0206ccf1b040138a,0.3225806451612903,0.4166666666666667
bd50e3fe-deb43aa46e8164ed,141effef-1bfb859e38d0541d,0.3225806451612903,0.3389830508474576
4323e2bd-229894dcd42dbd47,af1b152e-ecd3dfef045653d5,0.3225806451612903,0.4166666666666667
96b3758b-d23ef8ff9339c1f0,a4d6775d-895b97d602f71f4f,0.3221476510067114,0.32432432432432434
96b3758b-d23ef8ff9339c1f0,3d06b643-52fef5e25f21ee7f,0.3221476510067114,0.32432432432432434
96b3758b-d23ef8ff9339c1f0,ba8800f5-754ce975c68dc482,0.3221476510067114,0.32432432432432434
2ebeae13-f6d98bc6e8762f12,41e72d4f-21bec02e70069337,0.3221476510067114,0.32432432432432434
d9f6c257-6be30afb625c7fcc,9e4ddc38-f08d0e6847f4856a,0.3220338983050847,0.36538461538461536
0fd5b95a-e9d45e7dc0eefa8b,29210e56-e4fcc33dc59803ba,0.3218390804597701,0.358974358974359
ebd8ff55-b7fcefff9d43d956,f4f1b18f-c1a38185306219e8,0.32167832167832167,0.3770491803278688
375489f2-a0444125a74b9ccb,2470b521-019c23f7e919baa8,0.32167832167832167,0.323943661971831
0588b869-178a29ccfedc3992,41e72d4f-21bec02e70069337,0.32167832167832167,0.3382352941176471
734a94be-491555e2a9bcc2a4,595f5d6c-7ba61dd9e3df26a6,0.32142857142857145,0.4426229508196721
734a94be-cd0c40be4a89c935,595f5d6c-7ba61dd9e3df26a6,0.32142857142857145,0.4426229508196721
7b71234c-c144dfdf3c050ab5,60c85a4f-1cb4672ccc545eb2,0.32142857142857145,0.40298507462686567
12c1cc56-c144dfdf3c050ab5,60c85a4f-1cb4672ccc545eb2,0.32142857142857145,0.40298507462686567
c06c758d-c144dfdf3c050ab5,60c85a4f-1cb4672ccc545eb2,0.32142857142857145,0.40298507462686567
2ebeae13-f6d98bc6e8762f12,b842cf12-f7882fa2c05f3014,0.32098765432098764,0.35135135135135137
a4ec80a0-fa10dc124910b760,ae775964-023a1237326b6e42,0.32085561497326204,0.4225352112676056
f9e08a46-5d34e200f915e8d0,7b71234c-c144dfdf3c050ab5,0.32061068702290074,0.328125
f9e08a46-5d34e200f915e8d0,12c1cc56-c144dfdf3c050ab5,0.32061068702290074,0.328125
f9e08a46-5d34e200f915e8d0,c06c758d-c144dfdf3c050ab5,0.32061068702290074,0.328125
16a2a867-abbed6f23596204e,2e1109d7-9902a467adb93d62,0.32051282051282054,0.352112676056338
bf992c91-d94ad939d2852a18,bd65846f-dda288a85405877d,0.32051282051282054,0.35714285714285715
41e72d4f-21bec02e70069337,7011024d-20824aa80ee40c37,0.32051282051282054,0.3333333333333333
16a2a867-abbed6f23596204e,e7000ac2-9902a467adb93d62,0.32051282051282054,0.352112676056338
141effef-1bfb859e38d0541d,ae775964-023a1237326b6e42,0.32044198895027626,0.4461538461538462
9cea10af-0b3023dfc77d153a,930dd1f1-61ab1c8d80bf7a8d,0.3203463203463203,0.42528735632183906
8ddb5587-69fda5215b397350,2e1109d7-9902a467adb93d62,0.32,0.36923076923076925
69c97258-21e5704deef76ece,ba8800f5-754ce975c68dc482,0.32,0.32
ebd8ff55-b7fcefff9d43d956,eea69e7f-8dab83995204e0df,0.32,0.32786885245901637
41e72d4f-21bec02e70069337,a4d6775d-895b97d602f71f4f,0.32,0.32
2ebeae13-f6d98bc6e8762f12,60c85a4f-1cb4672ccc545eb2,0.32,0.3783783783783784
d9f6c257-6be30afb625c7fcc,b38468e8-355e4e494f76a9c6,0.32,0.46153846153846156
3d06b643-52fef5e25f21ee7f,41e72d4f-21bec02e70069337,0.32,0.32
8ddb5587-69fda5215b397350,e7000ac2-9902a467adb93d62,0.32,0.36923076923076925
547ee69b-ef33101345e3aff6,6490bbe8-cb4a60be38dd4393,0.32,0.3287671232876712
b38468e8-355e4e494f76a9c6,8f30bfc3-0206ccf1b040138a,0.31970260223048325,0.4387755102040816
b38468e8-355e4e494f76a9c6,af1b152e-ecd3dfef045653d5,0.31970260223048325,0.4387755102040816
14b0fb8e-37daaf5ae4723931,930dd1f1-61ab1c8d80bf7a8d,0.319634703196347,0.4666666666666667
3e191f3b-267f38bf210ab88d,3b498a39-34f8b597e4ed27e8,0.31958762886597936,0.3924050632911392
0d11fb94-9b58e2541be4dfcb,4323e2bd-229894dcd42dbd47,0.31958762886597936,0.36046511627906974
0fd5b95a-e9d45e7dc0eefa8b,45f5632f-5ab969465e5a8f59,0.31952662721893493,0.34615384615384615
0fd5b95a-e9d45e7dc0eefa8b,45f5632f-2bd33d3b4d42cb8d,0.31952662721893493,0.34615384615384615
6490bbe8-cb4a60be38dd4393,9028caf7-5bfe14d4c3b17f76,0.31952662721893493,0.35064935064935066
6490bbe8-cb4a60be38dd4393,69b2fd22-5bfe14d4c3b17f76,0.31952662721893493,0.35064935064935066
bd50e3fe-deb43aa46e8164ed,13441e8f-5b125e896d439795,0.31932773109243695,0.3220338983050847
d018b49f-e1ae502e5288eb54,4323e2bd-229894dcd42dbd47,0.3191489361702128,0.375
db01da00-988246098678c280,45f5632f-5ab969465e5a8f59,0.31901840490797545,0.3611111111111111
db01da00-988246098678c280,45f5632f-2bd33d3b4d42cb8d,0.31901840490797545,0.3611111111111111
734a94be-491555e2a9bcc2a4,6490bbe8-cb4a60be38dd4393,0.3188405797101449,0.36065573770491804
11d91f31-d6dac8853a738e43,9bc690ef-eaa1605ae19c8de9,0.3188405797101449,0.3283582089552239
11d91f31-d6dac8853a738e43,375489f2-a0444125a74b9ccb,0.3188405797101449,0.3283582089552239
734a94be-cd0c40be4a89c935,6490bbe8-cb4a60be38dd4393,0.3188405797101449,0.36065573770491804
96b3758b-d23ef8ff9339c1f0,8f30bfc3-0206ccf1b040138a,0.3183673469387755,0.527027027027027
96b3758b-d23ef8ff9339c1f0,af1b152e-ecd3dfef045653d5,0.3183673469387755,0.527027027027027
2da4b3fe-e5141fdf3cc061b7,547ee69b-ef33101345e3aff6,0.3181818181818182,0.3559322033898305
ee4f7b06-0df895503f264db3,4323e2bd-229894dcd42dbd47,0.31794871794871793,0.3563218390804598
547ee69b-ef33101345e3aff6,764484c3-b96a5fc3fd9ec3ec,0.31788079470198677,0.3287671232876712
11d91f31-d6dac8853a738e43,8f855b99-1e222b61dfa2ec7f,0.31788079470198677,0.3582089552238806
f6ca6fc8-e7ab163f0a8022bf,b38468e8-355e4e494f76a9c6,0.31788079470198677,0.4528301886792453
2ebeae13-f6d98bc6e8762f12,6490bbe8-cb4a60be38dd4393,0.31788079470198677,0.32432432432432434
d9f6c257-6be30afb625c7fcc,96b3758b-d23ef8ff9339c1f0,0.31746031746031744,0.38461538461538464
ebd8ff55-b7fcefff9d43d956,141effef-1bfb859e38d0541d,0.31746031746031744,0.32786885245901637
7011024d-20824aa80ee40c37,4323e2bd-229894dcd42dbd47,0.31746031746031744,0.37037037037037035
60c85a4f-1cb4672ccc545eb2,595f5d6c-7ba61dd9e3df26a6,0.3173076923076923,0.32673267326732675
141effef-1bfb859e38d0541d,d018b49f-e1ae502e5288eb54,0.31724137931034485,0.35384615384615387
11d91f31-d6dac8853a738e43,764484c3-b96a5fc3fd9ec3ec,0.31724137931034485,0.34328358208955223
f9e08a46-5d34e200f915e8d0,8c79c384-7673be7788c8bbc1,0.31724137931034485,0.359375
0fd5b95a-e9d45e7dc0eefa8b,22b41936-e1a4f2961d5e650a,0.3170731707317073,0.3333333333333333
22b41936-e1a4f2961d5e650a,ae775964-023a1237326b6e42,0.31683168316831684,0.37209302325581395
bd50e3fe-deb43aa46e8164ed,734a94be-491555e2a9bcc2a4,0.31666666666666665,0.3220338983050847
bd50e3fe-deb43aa46e8164ed,734a94be-cd0c40be4a89c935,0.31666666666666665,0.3220338983050847
1162c08f-3a2a31cf33573c4d,a4c98ae1-3942cae7e65d9f37,0.31654676258992803,0.44
6653a758-75500306c58aa931,a4c98ae1-3942cae7e65d9f37,0.31654676258992803,0.44
11d91f31-d6dac8853a738e43,db01da00-988246098678c280,0.31654676258992803,0.3283582089552239
f9e08a46-5d34e200f915e8d0,41e72d4f-21bec02e70069337,0.31654676258992803,0.34375
7b71234c-c144dfdf3c050ab5,2470b521-019c23f7e919baa8,0.31654676258992803,0.3283582089552239
12c1cc56-c144dfdf3c050ab5,2470b521-019c23f7e919baa8,0.31654676258992803,0.3283582089552239
c06c758d-c144dfdf3c050ab5,2470b521-019c23f7e919baa8,0.31654676258992803,0.3283582089552239
cb87df79-e6daab7d8f341736,f4b87cc2-7d332534a27bc5d6,0.31654676258992803,0.4230769230769231
9bc690ef-eaa1605ae19c8de9,930dd1f1-61ab1c8d80bf7a8d,0.31627906976744186,0.4788732394366197
034030f3-0fcdc00fa21b2b63,8926151a-5e56a31bb1481ed4,0.3157894736842105,0.3157894736842105
2da4b3fe-e5141fdf3cc061b7,96b3758b-d23ef8ff9339c1f0,0.3157894736842105,0.3559322033898305
bd50e3fe-deb43aa46e8164ed,8e990c75-f9144464a16f2616,0.3157894736842105,0.3559322033898305
7bc92b7f-01484e4d0896aace,8926151a-5e56a31bb1481ed4,0.3157894736842105,0.3157894736842105
a4c98ae1-3942cae7e65d9f37,60c85a4f-1cb4672ccc545eb2,0.3157894736842105,0.33707865168539325
f9e08a46-5d34e200f915e8d0,b842cf12-f7882fa2c05f3014,0.3157894736842105,0.375
a4d6775d-895b97d602f71f4f,29210e56-e4fcc33dc59803ba,0.3157894736842105,0.36
3d06b643-52fef5e25f21ee7f,29210e56-e4fcc33dc59803ba,0.3157894736842105,0.36
2ebeae13-f6d98bc6e8762f12,764484c3-b96a5fc3fd9ec3ec,0.3157894736842105,0.32432432432432434
9e4ddc38-f08d0e6847f4856a,11d91f31-d6dac8853a738e43,0.3157894736842105,0.3181818181818182
d9f6c257-6be30afb625c7fcc,d221162a-c21f547a22d9eb13,0.3157894736842105,0.40384615384615385
d9f6c257-6be30afb625c7fcc,8c79c384-7673be7788c8bbc1,0.3157894736842105,0.40384615384615385
8e990c75-f9144464a16f2616,45f5632f-5ab969465e5a8f59,0.3151515151515151,0.35135135135135137
8e990c75-f9144464a16f2616,45f5632f-2bd33d3b4d42cb8d,0.3151515151515151,0.35135135135135137
5dc1f7b3-8c0e00231be211a2,8f855b99-1e222b61dfa2ec7f,0.3151515151515151,0.32098765432098764
5ce1fe32-9ffbc9498a417876,14b0fb8e-37daaf5ae4723931,0.3150684931506849,0.323943661971831
a4ec80a0-fa10dc124910b760,41e72d4f-21bec02e70069337,0.3150684931506849,0.323943661971831
16a2a867-abbed6f23596204e,67996c4c-6031a4e4c44a5547,0.3150684931506849,0.323943661971831
16a2a867-abbed6f23596204e,41e72d4f-21bec02e70069337,0.3150684931506849,0.323943661971831
f6ca6fc8-e7ab163f0a8022bf,96b3758b-d23ef8ff9339c1f0,0.31496062992125984,0.37735849056603776
45f5632f-5ab969465e5a8f59,930dd1f1-61ab1c8d80bf7a8d,0.3148936170212766,0.4065934065934066
45f5632f-2bd33d3b4d42cb8d,930dd1f1-61ab1c8d80bf7a8d,0.3148936170212766,0.4065934065934066
46e9aed4-c477cb844c1e1d56,930dd1f1-61ab1c8d80bf7a8d,0.3148148148148148,0.4722222222222222
3b498a39-34f8b597e4ed27e8,8f30bfc3-0206ccf1b040138a,0.3146853146853147,0.391304347826087
3b498a39-34f8b597e4ed27e8,af1b152e-ecd3dfef045653d5,0.3146853146853147,0.391304347826087
5ce1fe32-9ffbc9498a417876,595f5d6c-7ba61dd9e3df26a6,0.3146067415730337,0.39436619718309857
a4ec80a0-fa10dc124910b760,b842cf12-f7882fa2c05f3014,0.31446540880503143,0.352112676056338
734a94be-491555e2a9bcc2a4,b38468e8-355e4e494f76a9c6,0.31446540880503143,0.4098360655737705
d9f6c257-6be30afb625c7fcc,595f5d6c-7ba61dd9e3df26a6,0.31446540880503143,0.4807692307692308
764484c3-b96a5fc3fd9ec3ec,7011024d-20824aa80ee40c37,0.31446540880503143,0.32051282051282054
734a94be-cd0c40be4a89c935,b38468e8-355e4e494f76a9c6,0.31446540880503143,0.4098360655737705
bf992c91-d94ad939d2852a18,3951966f-72a49600e61410e6,0.31446540880503143,0.35714285714285715
e6b7a899-09224eadde94e5ee,5ce1fe32-9ffbc9498a417876,0.3142857142857143,0.3188405797101449
eea69e7f-8dab83995204e0df,7bc92b7f-01484e4d0896aace,0.3142857142857143,0.34375
d9f6c257-6be30afb625c7fcc,b842cf12-f7882fa2c05f3014,0.3142857142857143,0.4230769230769231
2da4b3fe-e5141fdf3cc061b7,d221162a-c21f547a22d9eb13,0.3142857142857143,0.3728813559322034
2da4b3fe-e5141fdf3cc061b7,8c79c384-7673be7788c8bbc1,0.3142857142857143,0.3728813559322034
f6ca6fc8-e7ab163f0a8022bf,4201fdf7-e9b7491886b37cf0,0.3140495867768595,0.3584905660377358
13441e8f-5b125e896d439795,ebd8ff55-b7fcefff9d43d956,0.3140495867768595,0.31666666666666665
1162c08f-3a2a31cf33573c4d,9bc690ef-eaa1605ae19c8de9,0.3140495867768595,0.38
6653a758-75500306c58aa931,9bc690ef-eaa1605ae19c8de9,0.3140495867768595,0.38
8e990c75-f9144464a16f2616,3e191f3b-267f38bf210ab88d,0.3137254901960784,0.32432432432432434
46e9aed4-c477cb844c1e1d56,7011024d-20824aa80ee40c37,0.3137254901960784,0.3333333333333333
e6b7a899-09224eadde94e5ee,8f855b99-1e222b61dfa2ec7f,0.3137254901960784,0.34782608695652173
a4c98ae1-3942cae7e65d9f37,29210e56-e4fcc33dc59803ba,0.31351351351351353,0.3258426966292135
2da4b3fe-e5141fdf3cc061b7,14b0fb8e-37daaf5ae4723931,0.31343283582089554,0.3559322033898305
4e9c4bf9-d32422ae7aa1d171,c4cdd3af-d681944ed10b5e5a,0.31343283582089554,0.40384615384615385
d63e6e3f-68836bbaaea4c108,8f30bfc3-0206ccf1b040138a,0.3132530120481928,0.5
d63e6e3f-68836bbaaea4c108,af1b152e-ecd3dfef045653d5,0.3132530120481928,0.5
d018b49f-e1ae502e5288eb54,5ee4d2f9-7b875ec1c8e8e319,0.3132530120481928,0.325
46e9aed4-c477cb844c1e1d56,14b0fb8e-37daaf5ae4723931,0.3129251700680272,0.3194444444444444
8ddb5587-69fda5215b397350,c4cdd3af-d681944ed10b5e5a,0.3129251700680272,0.35384615384615387
16a2a867-abbed6f23596204e,7bc92b7f-01484e4d0896aace,0.3129251700680272,0.323943661971831
d9f6c257-6be30afb625c7fcc,8926151a-5e56a31bb1481ed4,0.3125,0.38461538461538464
764484c3-b96a5fc3fd9ec3ec,f4f1b18f-c1a38185306219e8,0.3125,0.32051282051282054
ebd8ff55-b7fcefff9d43d956,11d91f31-d6dac8853a738e43,0.3125,0.32786885245901637
8f855b99-1e222b61dfa2ec7f,4323e2bd-229894dcd42dbd47,0.3125,0.35714285714285715
4323e2bd-229894dcd42dbd47,ae775964-023a1237326b6e42,0.3125,0.32407407407407407
93322168-c6d3be538e049476,ae775964-023a1237326b6e42,0.3121951219512195,0.3595505617977528
2470b521-019c23f7e919baa8,60c85a4f-1cb4672ccc545eb2,0.31213872832369943,0.375
ba8800f5-754ce975c68dc482,b38468e8-355e4e494f76a9c6,0.31213872832369943,0.36
41e72d4f-21bec02e70069337,b38468e8-355e4e494f76a9c6,0.31213872832369943,0.36
2da4b3fe-e5141fdf3cc061b7,f4f1b18f-c1a38185306219e8,0.3120567375886525,0.3728813559322034
cb87df79-e6daab7d8f341736,a4c98ae1-3942cae7e65d9f37,0.3120567375886525,0.4230769230769231
f6ca6fc8-e7ab163f0a8022bf,b842cf12-f7882fa2c05f3014,0.3120567375886525,0.41509433962264153
f6ca6fc8-e7ab163f0a8022bf,d314aa92-9f7dd24f2fa68770,0.3120567375886525,0.41509433962264153
bf992c91-d94ad939d2852a18,375489f2-a0444125a74b9ccb,0.3120567375886525,0.3142857142857143
b842cf12-f7882fa2c05f3014,a4e39423-0bca8609e3a20081,0.3118279569892473,0.32954545454545453
375489f2-a0444125a74b9ccb,3b498a39-34f8b597e4ed27e8,0.3118279569892473,0.4084507042253521
034030f3-0fcdc00fa21b2b63,d63e6e3f-68836bbaaea4c108,0.3116883116883117,0.3157894736842105
9028caf7-5bfe14d4c3b17f76,595f5d6c-7ba61dd9e3df26a6,0.31155778894472363,0.33695652173913043
69b2fd22-5bfe14d4c3b17f76,595f5d6c-7ba61dd9e3df26a6,0.31155778894472363,0.33695652173913043
4e9c4bf9-d32422ae7aa1d171,bf992c91-d94ad939d2852a18,0.3114754098360656,0.36538461538461536
13441e8f-5b125e896d439795,595f5d6c-7ba61dd9e3df26a6,0.31137724550898205,0.43333333333333335
9028caf7-5bfe14d4c3b17f76,60c85a4f-1cb4672ccc545eb2,0.31088082901554404,0.32608695652173914
69b2fd22-5bfe14d4c3b17f76,60c85a4f-1cb4672ccc545eb2,0.31088082901554404,0.32608695652173914
46e9aed4-c477cb844c1e1d56,7bc92b7f-01484e4d0896aace,0.3108108108108108,0.3194444444444444
bf992c91-d94ad939d2852a18,0fd5b95a-e9d45e7dc0eefa8b,0.3108108108108108,0.32857142857142857
11d91f31-d6dac8853a738e43,8c79c384-7673be7788c8bbc1,0.3108108108108108,0.34328358208955223
bd50e3fe-deb43aa46e8164ed,3951966f-72a49600e61410e6,0.3108108108108108,0.3898305084745763
67996c4c-6031a4e4c44a5547,bd65846f-dda288a85405877d,0.3105590062111801,0.3333333333333333
2470b521-019c23f7e919baa8,a4c98ae1-3942cae7e65d9f37,0.3105590062111801,0.3472222222222222
41e72d4f-21bec02e70069337,bd65846f-dda288a85405877d,0.3105590062111801,0.3333333333333333
2e1109d7-9902a467adb93d62,93322168-c6d3be538e049476,0.3103448275862069,0.3176470588235294
e7000ac2-9902a467adb93d62,93322168-c6d3be538e049476,0.3103448275862069,0.3176470588235294
bd50e3fe-deb43aa46e8164ed,3b498a39-34f8b597e4ed27e8,0.3103448275862069,0.4576271186440678
a4c98ae1-3942cae7e65d9f37,b38468e8-355e4e494f76a9c6,0.31016042780748665,0.3258426966292135
11373c16-325c2a81744d6c63,930dd1f1-61ab1c8d80bf7a8d,0.30985915492957744,0.4782608695652174
c4cdd3af-d681944ed10b5e5a,930dd1f1-61ab1c8d80bf7a8d,0.30973451327433627,0.4268292682926829
69c97258-21e5704deef76ece,5a74241a-dc901804978ab00a,0.3096774193548387,0.32
14b0fb8e-37daaf5ae4723931,5a74241a-dc901804978ab00a,0.3096774193548387,0.32
f4f1b18f-c1a38185306219e8,bd65846f-dda288a85405877d,0.30952380952380953,0.3170731707317073
7bc92b7f-01484e4d0896aace,9028caf7-5bfe14d4c3b17f76,0.30952380952380953,0.34210526315789475
7bc92b7f-01484e4d0896aace,69b2fd22-5bfe14d4c3b17f76,0.30952380952380953,0.34210526315789475
5a74241a-dc901804978ab00a,60c85a4f-1cb4672ccc545eb2,0.30939226519337015,0.35
1162c08f-3a2a31cf33573c4d,930dd1f1-61ab1c8d80bf7a8d,0.30927835051546393,0.6
5ee4d2f9-7b875ec1c8e8e319,4323e2bd-229894dcd42dbd47,0.30927835051546393,0.3488372093023256
6653a758-75500306c58aa931,930dd1f1-61ab1c8d80bf7a8d,0.30927835051546393,0.6
d9f6c257-6be30afb625c7fcc,a4ec80a0-fa10dc124910b760,0.3089430894308943,0.36538461538461536
4e9c4bf9-d32422ae7aa1d171,375489f2-a0444125a74b9ccb,0.3089430894308943,0.36538461538461536
4e9c4bf9-d32422ae7aa1d171,16a2a867-abbed6f23596204e,0.3089430894308943,0.36538461538461536
b842cf12-f7882fa2c05f3014,8f30bfc3-0206ccf1b040138a,0.3088803088803089,0.45454545454545453
b842cf12-f7882fa2c05f3014,af1b152e-ecd3dfef045653d5,0.3088803088803089,0.45454545454545453
ebd8ff55-b7fcefff9d43d956,ba8800f5-754ce975c68dc482,0.3088235294117647,0.3442622950819672
547ee69b-ef33101345e3aff6,034030f3-0fcdc00fa21b2b63,0.3087248322147651,0.3150684931506849
9bc690ef-eaa1605ae19c8de9,764484c3-b96a5fc3fd9ec3ec,0.3087248322147651,0.323943661971831
a4d6775d-895b97d602f71f4f,9cea10af-0b3023dfc77d153a,0.30864197530864196,0.3333333333333333
3d06b643-52fef5e25f21ee7f,9cea10af-0b3023dfc77d153a,0.30864197530864196,0.3333333333333333
f9e08a46-5d34e200f915e8d0,b38468e8-355e4e494f76a9c6,0.30864197530864196,0.390625
9cea10af-0b3023dfc77d153a,b842cf12-f7882fa2c05f3014,0.30857142857142855,0.3103448275862069
69c97258-21e5704deef76ece,8c79c384-7673be7788c8bbc1,0.3076923076923077,0.32
0588b869-178a29ccfedc3992,14b0fb8e-37daaf5ae4723931,0.3076923076923077,0.3235294117647059
bd50e3fe-deb43aa46e8164ed,9bc690ef-eaa1605ae19c8de9,0.3076923076923077,0.3389830508474576
d9f6c257-6be30afb625c7fcc,0fd5b95a-e9d45e7dc0eefa8b,0.3076923076923077,0.38461538461538464
11d91f31-d6dac8853a738e43,3951966f-72a49600e61410e6,0.3076923076923077,0.3582089552238806
8f855b99-1e222b61dfa2ec7f,a4e39423-0bca8609e3a20081,0.3076923076923077,0.3333333333333333
d9f6c257-6be30afb625c7fcc,141effef-1bfb859e38d0541d,0.3076923076923077,0.34615384615384615
d314aa92-9f7dd24f2fa68770,60c85a4f-1cb4672ccc545eb2,0.30687830687830686,0.32954545454545453
2470b521-019c23f7e919baa8,45f5632f-5ab969465e5a8f59,0.3067484662576687,0.3472222222222222
6490bbe8-cb4a60be38dd4393,22b41936-e1a4f2961d5e650a,0.3067484662576687,0.3246753246753247
2470b521-019c23f7e919baa8,45f5632f-2bd33d3b4d42cb8d,0.3067484662576687,0.3472222222222222
96b3758b-d23ef8ff9339c1f0,7bc92b7f-01484e4d0896aace,0.30666666666666664,0.3108108108108108
9bc690ef-eaa1605ae19c8de9,3e191f3b-267f38bf210ab88d,0.30666666666666664,0.323943661971831
41e72d4f-21bec02e70069337,69c97258-21e5704deef76ece,0.30666666666666664,0.30666666666666664
0588b869-178a29ccfedc3992,c4cdd3af-d681944ed10b5e5a,0.30666666666666664,0.3382352941176471
f6ca6fc8-e7ab163f0a8022bf,a4ec80a0-fa10dc124910b760,0.3064516129032258,0.3584905660377358
cb87df79-e6daab7d8f341736,2470b521-019c23f7e919baa8,0.3064516129032258,0.36538461538461536
d9f6c257-6be30afb625c7fcc,2c7a0000-0b8bb8afaf26c254,0.3063063063063063,0.3269230769230769
c4cdd3af-d681944ed10b5e5a,b842cf12-f7882fa2c05f3014,0.3058823529411765,0.3170731707317073
5ce1fe32-9ffbc9498a417876,8f30bfc3-0206ccf1b040138a,0.30578512396694213,0.5211267605633803
5ce1fe32-9ffbc9498a417876,af1b152e-ecd3dfef045653d5,0.30578512396694213,0.5211267605633803
034030f3-0fcdc00fa21b2b63,5dc1f7b3-8c0e00231be211a2,0.3057324840764331,0.3157894736842105
a4ec80a0-fa10dc124910b760,0d11fb94-9b58e2541be4dfcb,0.3057324840764331,0.3380281690140845
e6b7a899-09224eadde94e5ee,d314aa92-9f7dd24f2fa68770,0.3057324840764331,0.34782608695652173
bd50e3fe-deb43aa46e8164ed,a4e39423-0bca8609e3a20081,0.3057324840764331,0.4067796610169492
2da4b3fe-e5141fdf3cc061b7,930dd1f1-61ab1c8d80bf7a8d,0.3054187192118227,0.5254237288135594
f6ca6fc8-e7ab163f0a8022bf,0fd5b95a-e9d45e7dc0eefa8b,0.3053435114503817,0.37735849056603776
8ddb5587-69fda5215b397350,9e4ddc38-f08d0e6847f4856a,0.3053435114503817,0.3076923076923077
0fd5b95a-e9d45e7dc0eefa8b,8f30bfc3-0206ccf1b040138a,0.30522088353413657,0.48717948717948717
0fd5b95a-e9d45e7dc0eefa8b,af1b152e-ecd3dfef045653d5,0.30522088353413657,0.48717948717948717
11373c16-325c2a81744d6c63,4323e2bd-229894dcd42dbd47,0.3050847457627119,0.391304347826087
d63e6e3f-68836bbaaea4c108,0d11fb94-9b58e2541be4dfcb,0.3048780487804878,0.32051282051282054
764484c3-b96a5fc3fd9ec3ec,bd65846f-dda288a85405877d,0.3048780487804878,0.32051282051282054
a4e39423-0bca8609e3a20081,8f30bfc3-0206ccf1b040138a,0.3048327137546468,0.41836734693877553
a4e39423-0bca8609e3a20081,af1b152e-ecd3dfef045653d5,0.3048327137546468,0.41836734693877553
930dd1f1-61ab1c8d80bf7a8d,8f30bfc3-0206ccf1b040138a,0.3047619047619048,0.3333333333333333
930dd1f1-61ab1c8d80bf7a8d,af1b152e-ecd3dfef045653d5,0.3047619047619048,0.3333333333333333
67996c4c-6031a4e4c44a5547,8926151a-5e56a31bb1481ed4,0.304635761589404,0.30666666666666664
29210e56-e4fcc33dc59803ba,60c85a4f-1cb4672ccc545eb2,0.30456852791878175,0.3125
4e9c4bf9-d32422ae7aa1d171,5ee4d2f9-7b875ec1c8e8e319,0.30434782608695654,0.40384615384615385
6490bbe8-cb4a60be38dd4393,595f5d6c-7ba61dd9e3df26a6,0.30434782608695654,0.36363636363636365
0d11fb94-9b58e2541be4dfcb,b38468e8-355e4e494f76a9c6,0.30434782608695654,0.32558139534883723
c4cdd3af-d681944ed10b5e5a,a4c98ae1-3942cae7e65d9f37,0.30409356725146197,0.3170731707317073
547ee69b-ef33101345e3aff6,a4e39423-0bca8609e3a20081,0.30409356725146197,0.3561643835616438
6bcc5afd-28d9bb844890d9da,a4ec80a0-fa10dc124910b760,0.304,0.35185185185185186
8926151a-5e56a31bb1481ed4,f4f1b18f-c1a38185306219e8,0.3037974683544304,0.3157894736842105
16a2a867-abbed6f23596204e,f4b87cc2-7d332534a27bc5d6,0.3037974683544304,0.3380281690140845
4e9c4bf9-d32422ae7aa1d171,13441e8f-5b125e896d439795,0.30357142857142855,0.3269230769230769
f6ca6fc8-e7ab163f0a8022bf,2c7a0000-0b8bb8afaf26c254,0.30357142857142855,0.32075471698113206
e6b7a899-09224eadde94e5ee,034030f3-0fcdc00fa21b2b63,0.30344827586206896,0.3188405797101449
2da4b3fe-e5141fdf3cc061b7,0d11fb94-9b58e2541be4dfcb,0.30344827586206896,0.3728813559322034
0588b869-178a29ccfedc3992,d8e4eb5e-8079445020a594f8,0.30344827586206896,0.3235294117647059
f9e08a46-5d34e200f915e8d0,d221162a-c21f547a22d9eb13,0.30344827586206896,0.34375
5a74241a-dc901804978ab00a,a4e39423-0bca8609e3a20081,0.30337078651685395,0.3375
734a94be-491555e2a9bcc2a4,9bc690ef-eaa1605ae19c8de9,0.30303030303030304,0.32786885245901637
734a94be-cd0c40be4a89c935,9bc690ef-eaa1605ae19c8de9,0.30303030303030304,0.32786885245901637
0fd5b95a-e9d45e7dc0eefa8b,ee4f7b06-0df895503f264db3,0.30303030303030304,0.32051282051282054
6bcc5afd-28d9bb844890d9da,b38468e8-355e4e494f76a9c6,0.3026315789473684,0.42592592592592593
ba8800f5-754ce975c68dc482,d8e4eb5e-8079445020a594f8,0.3026315789473684,0.30666666666666664
8ddb5587-69fda5215b397350,ee4f7b06-0df895503f264db3,0.3026315789473684,0.35384615384615387
375489f2-a0444125a74b9ccb,7011024d-20824aa80ee40c37,0.3026315789473684,0.323943661971831
141effef-1bfb859e38d0541d,f4b87cc2-7d332534a27bc5d6,0.3026315789473684,0.35384615384615387
f6ca6fc8-e7ab163f0a8022bf,9e4ddc38-f08d0e6847f4856a,0.3025210084033613,0.33962264150943394
9cea10af-0b3023dfc77d153a,8f30bfc3-0206ccf1b040138a,0.3023255813953488,0.4482758620689655
9cea10af-0b3023dfc77d153a,af1b152e-ecd3dfef045653d5,0.3023255813953488,0.4482758620689655
96b3758b-d23ef8ff9339c1f0,b38468e8-355e4e494f76a9c6,0.3023255813953488,0.35135135135135137
f4b87cc2-7d332534a27bc5d6,8f30bfc3-0206ccf1b040138a,0.3023255813953488,0.4482758620689655
f4b87cc2-7d332534a27bc5d6,af1b152e-ecd3dfef045653d5,0.3023255813953488,0.4482758620689655
2e1109d7-9902a467adb93d62,595f5d6c-7ba61dd9e3df26a6,0.3020833333333333,0.3411764705882353
e7000ac2-9902a467adb93d62,595f5d6c-7ba61dd9e3df26a6,0.3020833333333333,0.3411764705882353
764484c3-b96a5fc3fd9ec3ec,d221162a-c21f547a22d9eb13,0.3018867924528302,0.3076923076923077
764484c3-b96a5fc3fd9ec3ec,8c79c384-7673be7788c8bbc1,0.3018867924528302,0.3076923076923077
375489f2-a0444125a74b9ccb,d314aa92-9f7dd24f2fa68770,0.3018867924528302,0.3380281690140845
d9f6c257-6be30afb625c7fcc,8e990c75-f9144464a16f2616,0.30158730158730157,0.36538461538461536
8c79c384-7673be7788c8bbc1,8f30bfc3-0206ccf1b040138a,0.30158730158730157,0.4691358024691358
8c79c384-7673be7788c8bbc1,af1b152e-ecd3dfef045653d5,0.30158730158730157,0.4691358024691358
a4e39423-0bca8609e3a20081,60c85a4f-1cb4672ccc545eb2,0.3015075376884422,0.30612244897959184
9bc690ef-eaa1605ae19c8de9,41e72d4f-21bec02e70069337,0.3013698630136986,0.30985915492957744
a4d6775d-895b97d602f71f4f,8f30bfc3-0206ccf1b040138a,0.3008130081300813,0.49333333333333335
a4d6775d-895b97d602f71f4f,af1b152e-ecd3dfef045653d5,0.3008130081300813,0.49333333333333335
3d06b643-52fef5e25f21ee7f,8f30bfc3-0206ccf1b040138a,0.3008130081300813,0.49333333333333335
3d06b643-52fef5e25f21ee7f,af1b152e-ecd3dfef045653d5,0.3008130081300813,0.49333333333333335
2c7a0000-0b8bb8afaf26c254,8e990c75-f9144464a16f2616,0.3007518796992481,0.3389830508474576
ebd8ff55-b7fcefff9d43d956,2470b521-019c23f7e919baa8,0.3007518796992481,0.32786885245901637
cb87df79-e6daab7d8f341736,7011024d-20824aa80ee40c37,0.3007518796992481,0.38461538461538464
2da4b3fe-e5141fdf3cc061b7,2ebeae13-f6d98bc6e8762f12,0.3007518796992481,0.3389830508474576
eea69e7f-8dab83995204e0df,3951966f-72a49600e61410e6,0.3006535947712418,0.359375
141effef-1bfb859e38d0541d,b842cf12-f7882fa2c05f3014,0.3006535947712418,0.35384615384615387
a4d6775d-895b97d602f71f4f,b38468e8-355e4e494f76a9c6,0.30057803468208094,0.3466666666666667
3d06b643-52fef5e25f21ee7f,b38468e8-355e4e494f76a9c6,0.30057803468208094,0.3466666666666667
d63e6e3f-68836bbaaea4c108,c4cdd3af-d681944ed10b5e5a,0.3,0.3076923076923077
3e191f3b-267f38bf210ab88d,8c79c384-7673be7788c8bbc1,0.3,0.3037974683544304
9e4ddc38-f08d0e6847f4856a,8e990c75-f9144464a16f2616,0.3,0.3181818181818182
cb87df79-e6daab7d8f341736,4201fdf7-e9b7491886b37cf0,0.3,0.34615384615384615
cb87df79-e6daab7d8f341736,b842cf12-f7882fa2c05f3014,0.3,0.40384615384615385
2da4b3fe-e5141fdf3cc061b7,ebd8ff55-b7fcefff9d43d956,0.3,0.3050847457627119
f6ca6fc8-e7ab163f0a8022bf,f4b87cc2-7d332534a27bc5d6,0.3,0.39622641509433965
22b41936-e1a4f2961d5e650a,60c85a4f-1cb4672ccc545eb2,0.2994652406417112,0.32558139534883723
11373c16-325c2a81744d6c63,b38468e8-355e4e494f76a9c6,0.2994011976047904,0.36231884057971014
e6b7a899-09224eadde94e5ee,b38468e8-355e4e494f76a9c6,0.2994011976047904,0.36231884057971014
cb87df79-e6daab7d8f341736,3b498a39-34f8b597e4ed27e8,0.2994011976047904,0.4807692307692308
2da4b3fe-e5141fdf3cc061b7,4323e2bd-229894dcd42dbd47,0.2994011976047904,0.423728813559322
5ce1fe32-9ffbc9498a417876,034030f3-0fcdc00fa21b2b63,0.29931972789115646,0.30985915492957744
7b71234c-c144dfdf3c050ab5,5a74241a-dc901804978ab00a,0.29931972789115646,0.3283582089552239
db01da00-988246098678c280,41e72d4f-21bec02e70069337,0.29931972789115646,0.3055555555555556
12c1cc56-c144dfdf3c050ab5,5a74241a-dc901804978ab00a,0.29931972789115646,0.3283582089552239
c06c758d-c144dfdf3c050ab5,5a74241a-dc901804978ab00a,0.29931972789115646,0.3283582089552239
cb87df79-e6daab7d8f341736,ba8800f5-754ce975c68dc482,0.2992125984251969,0.36538461538461536
9cea10af-0b3023dfc77d153a,ee4f7b06-0df895503f264db3,0.2988505747126437,0.2988505747126437
c4cdd3af-d681944ed10b5e5a,9028caf7-5bfe14d4c3b17f76,0.2988505747126437,0.3170731707317073
c4cdd3af-d681944ed10b5e5a,69b2fd22-5bfe14d4c3b17f76,0.2988505747126437,0.3170731707317073
2da4b3fe-e5141fdf3cc061b7,3b498a39-34f8b597e4ed27e8,0.2988505747126437,0.4406779661016949
8e990c75-f9144464a16f2616,5a74241a-dc901804978ab00a,0.2987012987012987,0.3108108108108108
8ddb5587-69fda5215b397350,a4c98ae1-3942cae7e65d9f37,0.2987012987012987,0.35384615384615387
0588b869-178a29ccfedc3992,0d11fb94-9b58e2541be4dfcb,0.2987012987012987,0.3382352941176471
8ddb5587-69fda5215b397350,3951966f-72a49600e61410e6,0.2987012987012987,0.35384615384615387
f9e08a46-5d34e200f915e8d0,bf992c91-d94ad939d2852a18,0.29850746268656714,0.3125
46e9aed4-c477cb844c1e1d56,a4c98ae1-3942cae7e65d9f37,0.2981366459627329,0.3333333333333333
e6b7a899-09224eadde94e5ee,db01da00-988246098678c280,0.2978723404255319,0.30434782608695654
ebd8ff55-b7fcefff9d43d956,d018b49f-e1ae502e5288eb54,0.2978723404255319,0.3442622950819672
eea69e7f-8dab83995204e0df,8f30bfc3-0206ccf1b040138a,0.2978723404255319,0.546875
eea69e7f-8dab83995204e0df,af1b152e-ecd3dfef045653d5,0.2978723404255319,0.546875
d018b49f-e1ae502e5288eb54,d314aa92-9f7dd24f2fa68770,0.2976190476190476,0.3125
7011024d-20824aa80ee40c37,f4b87cc2-7d332534a27bc5d6,0.2976190476190476,0.30864197530864196
46e9aed4-c477cb844c1e1d56,034030f3-0fcdc00fa21b2b63,0.2972972972972973,0.3055555555555556
9e4ddc38-f08d0e6847f4856a,c4cdd3af-d681944ed10b5e5a,0.2972972972972973,0.3333333333333333
ebd8ff55-b7fcefff9d43d956,f4b87cc2-7d332534a27bc5d6,0.2972972972972973,0.36065573770491804
375489f2-a0444125a74b9ccb,6490bbe8-cb4a60be38dd4393,0.2972972972972973,0.30985915492957744
547ee69b-ef33101345e3aff6,ba8800f5-754ce975c68dc482,0.2972972972972973,0.3013698630136986
547ee69b-ef33101345e3aff6,41e72d4f-21bec02e70069337,0.2972972972972973,0.3013698630136986
13441e8f-5b125e896d439795,3b498a39-34f8b597e4ed27e8,0.29714285714285715,0.43333333333333335
6bcc5afd-28d9bb844890d9da,96b3758b-d23ef8ff9339c1f0,0.296875,0.35185185185185186
13441e8f-5b125e896d439795,4201fdf7-e9b7491886b37cf0,0.296875,0.31666666666666665
96b3758b-d23ef8ff9339c1f0,5dc1f7b3-8c0e00231be211a2,0.2967741935483871,0.3108108108108108
d8e4eb5e-8079445020a594f8,764484c3-b96a5fc3fd9ec3ec,0.2967741935483871,0.2987012987012987
8926151a-5e56a31bb1481ed4,bd65846f-dda288a85405877d,0.2962962962962963,0.3157894736842105
5a74241a-dc901804978ab00a,c4cdd3af-d681944ed10b5e5a,0.2962962962962963,0.3
7bc92b7f-01484e4d0896aace,22b41936-e1a4f2961d5e650a,0.2962962962962963,0.3157894736842105
7bc92b7f-01484e4d0896aace,bd65846f-dda288a85405877d,0.2962962962962963,0.3157894736842105
0588b869-178a29ccfedc3992,96b3758b-d23ef8ff9339c1f0,0.29577464788732394,0.3088235294117647
734a94be-491555e2a9bcc2a4,8c79c384-7673be7788c8bbc1,0.29577464788732394,0.3442622950819672
11d91f31-d6dac8853a738e43,41e72d4f-21bec02e70069337,0.29577464788732394,0.31343283582089554
7b71234c-c144dfdf3c050ab5,ba8800f5-754ce975c68dc482,0.29577464788732394,0.31343283582089554
734a94be-cd0c40be4a89c935,8c79c384-7673be7788c8bbc1,0.29577464788732394,0.3442622950819672
12c1cc56-c144dfdf3c050ab5,ba8800f5-754ce975c68dc482,0.29577464788732394,0.31343283582089554
c06c758d-c144dfdf3c050ab5,ba8800f5-754ce975c68dc482,0.29577464788732394,0.31343283582089554
22b41936-e1a4f2961d5e650a,8f30bfc3-0206ccf1b040138a,0.29571984435797666,0.4418604651162791
22b41936-e1a4f2961d5e650a,af1b152e-ecd3dfef045653d5,0.29571984435797666,0.4418604651162791
0d11fb94-9b58e2541be4dfcb,930dd1f1-61ab1c8d80bf7a8d,0.2956521739130435,0.3953488372093023
ba8800f5-754ce975c68dc482,60c85a4f-1cb4672ccc545eb2,0.29545454545454547,0.3466666666666667
ee4f7b06-0df895503f264db3,93322168-c6d3be538e049476,0.29545454545454547,0.2988505747126437
734a94be-491555e2a9bcc2a4,b842cf12-f7882fa2c05f3014,0.2953020134228188,0.36065573770491804
734a94be-cd0c40be4a89c935,b842cf12-f7882fa2c05f3014,0.2953020134228188,0.36065573770491804
11373c16-325c2a81744d6c63,ee4f7b06-0df895503f264db3,0.2948717948717949,0.3333333333333333
67996c4c-6031a4e4c44a5547,7011024d-20824aa80ee40c37,0.2948717948717949,0.30666666666666664
69c97258-21e5704deef76ece,5dc1f7b3-8c0e00231be211a2,0.2948717948717949,0.30666666666666664
69c97258-21e5704deef76ece,7011024d-20824aa80ee40c37,0.2948717948717949,0.30666666666666664
8926151a-5e56a31bb1481ed4,5a74241a-dc901804978ab00a,0.2948717948717949,0.3026315789473684
bf992c91-d94ad939d2852a18,0d11fb94-9b58e2541be4dfcb,0.2948717948717949,0.32857142857142857
d018b49f-e1ae502e5288eb54,8f30bfc3-0206ccf1b040138a,0.2948207171314741,0.4625
d018b49f-e1ae502e5288eb54,af1b152e-ecd3dfef045653d5,0.2948207171314741,0.4625
5a74241a-dc901804978ab00a,930dd1f1-61ab1c8d80bf7a8d,0.29464285714285715,0.4125
6bcc5afd-28d9bb844890d9da,14b0fb8e-37daaf5ae4723931,0.29457364341085274,0.35185185185185186
f9e08a46-5d34e200f915e8d0,141effef-1bfb859e38d0541d,0.29457364341085274,0.296875
2da4b3fe-e5141fdf3cc061b7,bf992c91-d94ad939d2852a18,0.29457364341085274,0.3220338983050847
ee4f7b06-0df895503f264db3,8f30bfc3-0206ccf1b040138a,0.29457364341085274,0.4367816091954023
ee4f7b06-0df895503f264db3,af1b152e-ecd3dfef045653d5,0.29457364341085274,0.4367816091954023
67996c4c-6031a4e4c44a5547,d314aa92-9f7dd24f2fa68770,0.294478527607362,0.32
375489f2-a0444125a74b9ccb,9028caf7-5bfe14d4c3b17f76,0.294478527607362,0.3380281690140845
375489f2-a0444125a74b9ccb,69b2fd22-5bfe14d4c3b17f76,0.294478527607362,0.3380281690140845
c4cdd3af-d681944ed10b5e5a,3b498a39-34f8b597e4ed27e8,0.29441624365482233,0.35365853658536583
46e9aed4-c477cb844c1e1d56,b38468e8-355e4e494f76a9c6,0.29411764705882354,0.3472222222222222
ebd8ff55-b7fcefff9d43d956,14b0fb8e-37daaf5ae4723931,0.29411764705882354,0.32786885245901637
11373c16-325c2a81744d6c63,8e990c75-f9144464a16f2616,0.2937062937062937,0.30434782608695654
d9f6c257-6be30afb625c7fcc,45f5632f-5ab969465e5a8f59,0.2937062937062937,0.40384615384615385
11d91f31-d6dac8853a738e43,7bc92b7f-01484e4d0896aace,0.2937062937062937,0.31343283582089554
bf992c91-d94ad939d2852a18,547ee69b-ef33101345e3aff6,0.2937062937062937,0.3
d9f6c257-6be30afb625c7fcc,45f5632f-2bd33d3b4d42cb8d,0.2937062937062937,0.40384615384615385
d221162a-c21f547a22d9eb13,8f30bfc3-0206ccf1b040138a,0.29365079365079366,0.4567901234567901
d221162a-c21f547a22d9eb13,af1b152e-ecd3dfef045653d5,0.29365079365079366,0.4567901234567901
2ebeae13-f6d98bc6e8762f12,930dd1f1-61ab1c8d80bf7a8d,0.29357798165137616,0.43243243243243246
b842cf12-f7882fa2c05f3014,29210e56-e4fcc33dc59803ba,0.29347826086956524,0.3068181818181818
96b3758b-d23ef8ff9339c1f0,034030f3-0fcdc00fa21b2b63,0.29333333333333333,0.2972972972972973
2ebeae13-f6d98bc6e8762f12,034030f3-0fcdc00fa21b2b63,0.29333333333333333,0.2972972972972973
8e990c75-f9144464a16f2616,7bc92b7f-01484e4d0896aace,0.29333333333333333,0.2972972972972973
4201fdf7-e9b7491886b37cf0,f4f1b18f-c1a38185306219e8,0.29333333333333333,0.3235294117647059
4201fdf7-e9b7491886b37cf0,c4cdd3af-d681944ed10b5e5a,0.29333333333333333,0.3235294117647059
ebd8ff55-b7fcefff9d43d956,a4c98ae1-3942cae7e65d9f37,0.29333333333333333,0.36065573770491804
67996c4c-6031a4e4c44a5547,c4cdd3af-d681944ed10b5e5a,0.2929936305732484,0.30666666666666664
7bc92b7f-01484e4d0896aace,7011024d-20824aa80ee40c37,0.2929936305732484,0.3026315789473684
67996c4c-6031a4e4c44a5547,a4c98ae1-3942cae7e65d9f37,0.2926829268292683,0.32
cb87df79-e6daab7d8f341736,375489f2-a0444125a74b9ccb,0.2926829268292683,0.34615384615384615
6490bbe8-cb4a60be38dd4393,ee4f7b06-0df895503f264db3,0.2926829268292683,0.3116883116883117
cb87df79-e6daab7d8f341736,d63e6e3f-68836bbaaea4c108,0.2923076923076923,0.36538461538461536
2c7a0000-0b8bb8afaf26c254,16a2a867-abbed6f23596204e,0.2923076923076923,0.3220338983050847
f9e08a46-5d34e200f915e8d0,9e4ddc38-f08d0e6847f4856a,0.2923076923076923,0.296875
69c97258-21e5704deef76ece,930dd1f1-61ab1c8d80bf7a8d,0.2922374429223744,0.4266666666666667
5ee4d2f9-7b875ec1c8e8e319,9028caf7-5bfe14d4c3b17f76,0.29213483146067415,0.3023255813953488
5ee4d2f9-7b875ec1c8e8e319,69b2fd22-5bfe14d4c3b17f76,0.29213483146067415,0.3023255813953488
2da4b3fe-e5141fdf3cc061b7,0fd5b95a-e9d45e7dc0eefa8b,0.291970802919708,0.3389830508474576
9e4ddc38-f08d0e6847f4856a,16a2a867-abbed6f23596204e,0.291970802919708,0.30303030303030304
141effef-1bfb859e38d0541d,2470b521-019c23f7e919baa8,0.291970802919708,0.3076923076923077
764484c3-b96a5fc3fd9ec3ec,595f5d6c-7ba61dd9e3df26a6,0.2918918918918919,0.34615384615384615
3951966f-72a49600e61410e6,930dd1f1-61ab1c8d80bf7a8d,0.2918454935622318,0.38202247191011235
bf992c91-d94ad939d2852a18,96b3758b-d23ef8ff9339c1f0,0.2916666666666667,0.3
f6ca6fc8-e7ab163f0a8022bf,45f5632f-5ab969465e5a8f59,0.2916666666666667,0.39622641509433965
eea69e7f-8dab83995204e0df,5a74241a-dc901804978ab00a,0.2916666666666667,0.328125
f6ca6fc8-e7ab163f0a8022bf,45f5632f-2bd33d3b4d42cb8d,0.2916666666666667,0.39622641509433965
b38468e8-355e4e494f76a9c6,60c85a4f-1cb4672ccc545eb2,0.2914572864321608,0.29591836734693877
ba8800f5-754ce975c68dc482,034030f3-0fcdc00fa21b2b63,0.2913907284768212,0.29333333333333333
69c97258-21e5704deef76ece,7bc92b7f-01484e4d0896aace,0.2913907284768212,0.29333333333333333
e6b7a899-09224eadde94e5ee,c4cdd3af-d681944ed10b5e5a,0.2913907284768212,0.3188405797101449
a4d6775d-895b97d602f71f4f,8926151a-5e56a31bb1481ed4,0.2913907284768212,0.29333333333333333
3d06b643-52fef5e25f21ee7f,8926151a-5e56a31bb1481ed4,0.2913907284768212,0.29333333333333333
8ddb5587-69fda5215b397350,22b41936-e1a4f2961d5e650a,0.2913907284768212,0.3384615384615385
f9e08a46-5d34e200f915e8d0,ee4f7b06-0df895503f264db3,0.2913907284768212,0.34375
5ce1fe32-9ffbc9498a417876,9cea10af-0b3023dfc77d153a,0.2911392405063291,0.323943661971831
034030f3-0fcdc00fa21b2b63,c4cdd3af-d681944ed10b5e5a,0.2911392405063291,0.3026315789473684
13441e8f-5b125e896d439795,b38468e8-355e4e494f76a9c6,0.2911392405063291,0.38333333333333336
7bc92b7f-01484e4d0896aace,c4cdd3af-d681944ed10b5e5a,0.2911392405063291,0.3026315789473684
7bc92b7f-01484e4d0896aace,930dd1f1-61ab1c8d80bf7a8d,0.2909090909090909,0.42105263157894735
2e1109d7-9902a467adb93d62,9cea10af-0b3023dfc77d153a,0.29069767441860467,0.29411764705882354
e7000ac2-9902a467adb93d62,9cea10af-0b3023dfc77d153a,0.29069767441860467,0.29411764705882354
a4ec80a0-fa10dc124910b760,4323e2bd-229894dcd42dbd47,0.2905027932960894,0.36619718309859156
bf992c91-d94ad939d2852a18,8f30bfc3-0206ccf1b040138a,0.29045643153526973,0.5
bf992c91-d94ad939d2852a18,af1b152e-ecd3dfef045653d5,0.29045643153526973,0.5
cb87df79-e6daab7d8f341736,db01da00-988246098678c280,0.2903225806451613,0.34615384615384615
f6ca6fc8-e7ab163f0a8022bf,375489f2-a0444125a74b9ccb,0.2903225806451613,0.33962264150943394
2da4b3fe-e5141fdf3cc061b7,141effef-1bfb859e38d0541d,0.2903225806451613,0.3050847457627119
1162c08f-3a2a31cf33573c4d,d221162a-c21f547a22d9eb13,0.2900763358778626,0.38
1162c08f-3a2a31cf33573c4d,8c79c384-7673be7788c8bbc1,0.2900763358778626,0.38
1162c08f-3a2a31cf33573c4d,7011024d-20824aa80ee40c37,0.2900763358778626,0.38
6653a758-75500306c58aa931,d221162a-c21f547a22d9eb13,0.2900763358778626,0.38
6653a758-75500306c58aa931,8c79c384-7673be7788c8bbc1,0.2900763358778626,0.38
6653a758-75500306c58aa931,7011024d-20824aa80ee40c37,0.2900763358778626,0.38
bd50e3fe-deb43aa46e8164ed,2470b521-019c23f7e919baa8,0.2900763358778626,0.3220338983050847
9bc690ef-eaa1605ae19c8de9,8e990c75-f9144464a16f2616,0.2896551724137931,0.29577464788732394
bf992c91-d94ad939d2852a18,67996c4c-6031a4e4c44a5547,0.2896551724137931,0.3
bf992c91-d94ad939d2852a18,14b0fb8e-37daaf5ae4723931,0.2896551724137931,0.3
6bcc5afd-28d9bb844890d9da,45f5632f-5ab969465e5a8f59,0.2896551724137931,0.3888888888888889
7b71234c-c144dfdf3c050ab5,0fd5b95a-e9d45e7dc0eefa8b,0.2896551724137931,0.31343283582089554
12c1cc56-c144dfdf3c050ab5,0fd5b95a-e9d45e7dc0eefa8b,0.2896551724137931,0.31343283582089554
c06c758d-c144dfdf3c050ab5,0fd5b95a-e9d45e7dc0eefa8b,0.2896551724137931,0.31343283582089554
6bcc5afd-28d9bb844890d9da,45f5632f-2bd33d3b4d42cb8d,0.2896551724137931,0.3888888888888889
bd50e3fe-deb43aa46e8164ed,bd65846f-dda288a85405877d,0.2896551724137931,0.3559322033898305
2470b521-019c23f7e919baa8,547ee69b-ef33101345e3aff6,0.2896551724137931,0.2916666666666667
5ce1fe32-9ffbc9498a417876,8c79c384-7673be7788c8bbc1,0.2894736842105263,0.30985915492957744
eea69e7f-8dab83995204e0df,b842cf12-f7882fa2c05f3014,0.2894736842105263,0.34375
16a2a867-abbed6f23596204e,5dc1f7b3-8c0e00231be211a2,0.2894736842105263,0.30985915492957744
14b0fb8e-37daaf5ae4723931,8f855b99-1e222b61dfa2ec7f,0.2893081761006289,0.30666666666666664
2470b521-019c23f7e919baa8,ee4f7b06-0df895503f264db3,0.2893081761006289,0.3194444444444444
d63e6e3f-68836bbaaea4c108,b842cf12-f7882fa2c05f3014,0.2891566265060241,0.3076923076923077
2ebeae13-f6d98bc6e8762f12,9028caf7-5bfe14d4c3b17f76,0.2891566265060241,0.32432432432432434
2ebeae13-f6d98bc6e8762f12,69b2fd22-5bfe14d4c3b17f76,0.2891566265060241,0.32432432432432434
5a74241a-dc901804978ab00a,22b41936-e1a4f2961d5e650a,0.2891566265060241,0.3
14b0fb8e-37daaf5ae4723931,b38468e8-355e4e494f76a9c6,0.28901734104046245,0.3333333333333333
db01da00-988246098678c280,4323e2bd-229894dcd42dbd47,0.28888888888888886,0.3611111111111111
5ce1fe32-9ffbc9498a417876,930dd1f1-61ab1c8d80bf7a8d,0.28837209302325584,0.43661971830985913
8ddb5587-69fda5215b397350,8f30bfc3-0206ccf1b040138a,0.288135593220339,0.5230769230769231
8ddb5587-69fda5215b397350,af1b152e-ecd3dfef045653d5,0.288135593220339,0.5230769230769231
db01da00-988246098678c280,8f30bfc3-0206ccf1b040138a,0.2880658436213992,0.4861111111111111
db01da00-988246098678c280,af1b152e-ecd3dfef045653d5,0.2880658436213992,0.4861111111111111
6bcc5afd-28d9bb844890d9da,0fd5b95a-e9d45e7dc0eefa8b,0.2878787878787879,0.35185185185185186
4e9c4bf9-d32422ae7aa1d171,9cea10af-0b3023dfc77d153a,0.28776978417266186,0.38461538461538464
8ddb5587-69fda5215b397350,96b3758b-d23ef8ff9339c1f0,0.28776978417266186,0.3076923076923077
0588b869-178a29ccfedc3992,a4ec80a0-fa10dc124910b760,0.28776978417266186,0.29411764705882354
0588b869-178a29ccfedc3992,0fd5b95a-e9d45e7dc0eefa8b,0.2876712328767123,0.3088235294117647
a4d6775d-895b97d602f71f4f,d63e6e3f-68836bbaaea4c108,0.2875816993464052,0.29333333333333333
3d06b643-52fef5e25f21ee7f,d63e6e3f-68836bbaaea4c108,0.2875816993464052,0.29333333333333333
8ddb5587-69fda5215b397350,b842cf12-f7882fa2c05f3014,0.2875816993464052,0.3384615384615385
8ddb5587-69fda5215b397350,d314aa92-9f7dd24f2fa68770,0.2875816993464052,0.3384615384615385
db01da00-988246098678c280,8c79c384-7673be7788c8bbc1,0.2875816993464052,0.3055555555555556
96b3758b-d23ef8ff9339c1f0,0d11fb94-9b58e2541be4dfcb,0.2875,0.3108108108108108
4e9c4bf9-d32422ae7aa1d171,4323e2bd-229894dcd42dbd47,0.2875,0.4423076923076923
eea69e7f-8dab83995204e0df,29210e56-e4fcc33dc59803ba,0.2875,0.359375
375489f2-a0444125a74b9ccb,29210e56-e4fcc33dc59803ba,0.2874251497005988,0.3380281690140845
d221162a-c21f547a22d9eb13,0d11fb94-9b58e2541be4dfcb,0.2874251497005988,0.2962962962962963
41e72d4f-21bec02e70069337,9028caf7-5bfe14d4c3b17f76,0.2874251497005988,0.32
41e72d4f-21bec02e70069337,69b2fd22-5bfe14d4c3b17f76,0.2874251497005988,0.32
d9f6c257-6be30afb625c7fcc,3b498a39-34f8b597e4ed27e8,0.2874251497005988,0.46153846153846156
547ee69b-ef33101345e3aff6,4323e2bd-229894dcd42dbd47,0.287292817679558,0.3561643835616438
f4b87cc2-7d332534a27bc5d6,60c85a4f-1cb4672ccc545eb2,0.2872340425531915,0.3103448275862069
9cea10af-0b3023dfc77d153a,d314aa92-9f7dd24f2fa68770,0.2857142857142857,0.28735632183908044
9bc690ef-eaa1605ae19c8de9,034030f3-0fcdc00fa21b2b63,0.2857142857142857,0.29577464788732394
1162c08f-3a2a31cf33573c4d,034030f3-0fcdc00fa21b2b63,0.2857142857142857,0.36
6653a758-75500306c58aa931,034030f3-0fcdc00fa21b2b63,0.2857142857142857,0.36
9e4ddc38-f08d0e6847f4856a,96b3758b-d23ef8ff9339c1f0,0.2857142857142857,0.30303030303030304
4201fdf7-e9b7491886b37cf0,5ee4d2f9-7b875ec1c8e8e319,0.2857142857142857,0.3235294117647059
4201fdf7-e9b7491886b37cf0,0d11fb94-9b58e2541be4dfcb,0.2857142857142857,0.3235294117647059
734a94be-491555e2a9bcc2a4,0d11fb94-9b58e2541be4dfcb,0.2857142857142857,0.3442622950819672
13441e8f-5b125e896d439795,8f30bfc3-0206ccf1b040138a,0.2857142857142857,0.55
13441e8f-5b125e896d439795,af1b152e-ecd3dfef045653d5,0.2857142857142857,0.55
4e9c4bf9-d32422ae7aa1d171,7011024d-20824aa80ee40c37,0.2857142857142857,0.36538461538461536
4e9c4bf9-d32422ae7aa1d171,930dd1f1-61ab1c8d80bf7a8d,0.2857142857142857,0.5384615384615384
9bc690ef-eaa1605ae19c8de9,7bc92b7f-01484e4d0896aace,0.2857142857142857,0.29577464788732394
6490bbe8-cb4a60be38dd4393,45f5632f-5ab969465e5a8f59,0.2857142857142857,0.3116883116883117
cb87df79-e6daab7d8f341736,5dc1f7b3-8c0e00231be211a2,0.2857142857142857,0.36538461538461536
ee4f7b06-0df895503f264db3,b842cf12-f7882fa2c05f3014,0.2857142857142857,0.28735632183908044
2da4b3fe-e5141fdf3cc061b7,b842cf12-f7882fa2c05f3014,0.2857142857142857,0.3559322033898305
a4d6775d-895b97d602f71f4f,bd65846f-dda288a85405877d,0.2857142857142857,0.30666666666666664
60c85a4f-1cb4672ccc545eb2,930dd1f1-61ab1c8d80bf7a8d,0.2857142857142857,0.3465346534653465
547ee69b-ef33101345e3aff6,d314aa92-9f7dd24f2fa68770,0.2857142857142857,0.3150684931506849
734a94be-cd0c40be4a89c935,0d11fb94-9b58e2541be4dfcb,0.2857142857142857,0.3442622950819672
3d06b643-52fef5e25f21ee7f,bd65846f-dda288a85405877d,0.2857142857142857,0.30666666666666664
ee4f7b06-0df895503f264db3,ae775964-023a1237326b6e42,0.2857142857142857,0.3333333333333333
547ee69b-ef33101345e3aff6,8c79c384-7673be7788c8bbc1,0.2857142857142857,0.3013698630136986
cb87df79-e6daab7d8f341736,930dd1f1-61ab1c8d80bf7a8d,0.2857142857142857,0.5384615384615384
f4b87cc2-7d332534a27bc5d6,930dd1f1-61ab1c8d80bf7a8d,0.2857142857142857,0.3793103448275862
6490bbe8-cb4a60be38dd4393,45f5632f-2bd33d3b4d42cb8d,0.2857142857142857,0.3116883116883117
5dc1f7b3-8c0e00231be211a2,930dd1f1-61ab1c8d80bf7a8d,0.28444444444444444,0.3950617283950617
11d91f31-d6dac8853a738e43,930dd1f1-61ab1c8d80bf7a8d,0.2843601895734597,0.44776119402985076
29210e56-e4fcc33dc59803ba,4323e2bd-229894dcd42dbd47,0.28431372549019607,0.3020833333333333
5a74241a-dc901804978ab00a,a4c98ae1-3942cae7e65d9f37,0.28402366863905326,0.3
69c97258-21e5704deef76ece,ee4f7b06-0df895503f264db3,0.2839506172839506,0.30666666666666664
14b0fb8e-37daaf5ae4723931,ee4f7b06-0df895503f264db3,0.2839506172839506,0.30666666666666664
14b0fb8e-37daaf5ae4723931,f4b87cc2-7d332534a27bc5d6,0.2839506172839506,0.30666666666666664
5a74241a-dc901804978ab00a,f4f1b18f-c1a38185306219e8,0.2839506172839506,0.2875
5dc1f7b3-8c0e00231be211a2,8c79c384-7673be7788c8bbc1,0.2839506172839506,0.2839506172839506
f9e08a46-5d34e200f915e8d0,45f5632f-5ab969465e5a8f59,0.2838709677419355,0.34375
11d91f31-d6dac8853a738e43,b842cf12-f7882fa2c05f3014,0.2838709677419355,0.3283582089552239
f9e08a46-5d34e200f915e8d0,45f5632f-2bd33d3b4d42cb8d,0.2838709677419355,0.34375
11d91f31-d6dac8853a738e43,d221162a-c21f547a22d9eb13,0.28378378378378377,0.31343283582089554
2c7a0000-0b8bb8afaf26c254,c4cdd3af-d681944ed10b5e5a,0.28368794326241137,0.3389830508474576
141effef-1bfb859e38d0541d,e6b7a899-09224eadde94e5ee,0.2835820895522388,0.2923076923076923
f6ca6fc8-e7ab163f0a8022bf,5dc1f7b3-8c0e00231be211a2,0.2835820895522388,0.3584905660377358
d9f6c257-6be30afb625c7fcc,c4cdd3af-d681944ed10b5e5a,0.2835820895522388,0.36538461538461536
ebd8ff55-b7fcefff9d43d956,547ee69b-ef33101345e3aff6,0.2835820895522388,0.3114754098360656
4e9c4bf9-d32422ae7aa1d171,ba8800f5-754ce975c68dc482,0.28346456692913385,0.34615384615384615
2c7a0000-0b8bb8afaf26c254,734a94be-491555e2a9bcc2a4,0.2833333333333333,0.288135593220339
2c7a0000-0b8bb8afaf26c254,734a94be-cd0c40be4a89c935,0.2833333333333333,0.288135593220339
6bcc5afd-28d9bb844890d9da,9e4ddc38-f08d0e6847f4856a,0.2833333333333333,0.3148148148148148
6bcc5afd-28d9bb844890d9da,2c7a0000-0b8bb8afaf26c254,0.2831858407079646,0.2962962962962963
67996c4c-6031a4e4c44a5547,930dd1f1-61ab1c8d80bf7a8d,0.2831050228310502,0.41333333333333333
22b41936-e1a4f2961d5e650a,a4e39423-0bca8609e3a20081,0.2826086956521739,0.3023255813953488
7011024d-20824aa80ee40c37,a4c98ae1-3942cae7e65d9f37,0.2823529411764706,0.2962962962962963
5dc1f7b3-8c0e00231be211a2,93322168-c6d3be538e049476,0.2823529411764706,0.2962962962962963
6490bbe8-cb4a60be38dd4393,8f30bfc3-0206ccf1b040138a,0.28225806451612906,0.45454545454545453
6490bbe8-cb4a60be38dd4393,af1b152e-ecd3dfef045653d5,0.28225806451612906,0.45454545454545453
034030f3-0fcdc00fa21b2b63,ee4f7b06-0df895503f264db3,0.2822085889570552,0.3026315789473684
8926151a-5e56a31bb1481ed4,f4b87cc2-7d332534a27bc5d6,0.2822085889570552,0.3026315789473684
141effef-1bfb859e38d0541d,a4e39423-0bca8609e3a20081,0.2822085889570552,0.35384615384615387
6490bbe8-cb4a60be38dd4393,0d11fb94-9b58e2541be4dfcb,0.2822085889570552,0.2987012987012987
7bc92b7f-01484e4d0896aace,d018b49f-e1ae502e5288eb54,0.28205128205128205,0.2894736842105263
bf992c91-d94ad939d2852a18,5ee4d2f9-7b875ec1c8e8e319,0.28205128205128205,0.3142857142857143
13441e8f-5b125e896d439795,93322168-c6d3be538e049476,0.28187919463087246,0.35
ebd8ff55-b7fcefff9d43d956,b842cf12-f7882fa2c05f3014,0.28187919463087246,0.3442622950819672
ebd8ff55-b7fcefff9d43d956,7011024d-20824aa80ee40c37,0.28169014084507044,0.32786885245901637
11d91f31-d6dac8853a738e43,ba8800f5-754ce975c68dc482,0.28169014084507044,0.29850746268656714
6bcc5afd-28d9bb844890d9da,d314aa92-9f7dd24f2fa68770,0.28169014084507044,0.37037037037037035
bf992c91-d94ad939d2852a18,2470b521-019c23f7e919baa8,0.28169014084507044,0.2857142857142857
16a2a867-abbed6f23596204e,375489f2-a0444125a74b9ccb,0.28169014084507044,0.28169014084507044
b38468e8-355e4e494f76a9c6,4323e2bd-229894dcd42dbd47,0.2815533980582524,0.29591836734693877
1162c08f-3a2a31cf33573c4d,d63e6e3f-68836bbaaea4c108,0.28125,0.36
6653a758-75500306c58aa931,d63e6e3f-68836bbaaea4c108,0.28125,0.36
cb87df79-e6daab7d8f341736,034030f3-0fcdc00fa21b2b63,0.28125,0.34615384615384615
cb87df79-e6daab7d8f341736,8926151a-5e56a31bb1481ed4,0.28125,0.34615384615384615
9cea10af-0b3023dfc77d153a,a4e39423-0bca8609e3a20081,0.2810810810810811,0.2988505747126437
bf992c91-d94ad939d2852a18,3b498a39-34f8b597e4ed27e8,0.2810810810810811,0.37142857142857144
1162c08f-3a2a31cf33573c4d,a4ec80a0-fa10dc124910b760,0.2809917355371901,0.34
6653a758-75500306c58aa931,a4ec80a0-fa10dc124910b760,0.2809917355371901,0.34
69c97258-21e5704deef76ece,a4c98ae1-3942cae7e65d9f37,0.2804878048780488,0.30666666666666664
a4d6775d-895b97d602f71f4f,3951966f-72a49600e61410e6,0.2804878048780488,0.30666666666666664
3d06b643-52fef5e25f21ee7f,3951966f-72a49600e61410e6,0.2804878048780488,0.30666666666666664
d8e4eb5e-8079445020a594f8,5a74241a-dc901804978ab00a,0.2802547770700637,0.2857142857142857
0588b869-178a29ccfedc3992,3951966f-72a49600e61410e6,0.2802547770700637,0.3235294117647059
734a94be-491555e2a9bcc2a4,3951966f-72a49600e61410e6,0.28,0.3442622950819672
46e9aed4-c477cb844c1e1d56,0fd5b95a-e9d45e7dc0eefa8b,0.28,0.2916666666666667
eea69e7f-8dab83995204e0df,bd65846f-dda288a85405877d,0.28,0.328125
734a94be-cd0c40be4a89c935,3951966f-72a49600e61410e6,0.28,0.3442622950819672
2e1109d7-9902a467adb93d62,4323e2bd-229894dcd42dbd47,0.27979274611398963,0.3176470588235294
e7000ac2-9902a467adb93d62,4323e2bd-229894dcd42dbd47,0.27979274611398963,0.3176470588235294
11373c16-325c2a81744d6c63,96b3758b-d23ef8ff9339c1f0,0.27972027972027974,0.2898550724637681
2da4b3fe-e5141fdf3cc061b7,8f855b99-1e222b61dfa2ec7f,0.27972027972027974,0.3389830508474576
0fd5b95a-e9d45e7dc0eefa8b,4323e2bd-229894dcd42dbd47,0.27956989247311825,0.3333333333333333
764484c3-b96a5fc3fd9ec3ec,4323e2bd-229894dcd42dbd47,0.27956989247311825,0.3333333333333333
ebd8ff55-b7fcefff9d43d956,67996c4c-6031a4e4c44a5547,0.27941176470588236,0.3114754098360656
1162c08f-3a2a31cf33573c4d,22b41936-e1a4f2961d5e650a,0.27941176470588236,0.38
6653a758-75500306c58aa931,22b41936-e1a4f2961d5e650a,0.27941176470588236,0.38
bd50e3fe-deb43aa46e8164ed,bf992c91-d94ad939d2852a18,0.27906976744186046,0.3050847457627119
d63e6e3f-68836bbaaea4c108,f4b87cc2-7d332534a27bc5d6,0.2787878787878788,0.2948717948717949
d9f6c257-6be30afb625c7fcc,bf992c91-d94ad939d2852a18,0.2786885245901639,0.3269230769230769
d63e6e3f-68836bbaaea4c108,5a74241a-dc901804978ab00a,0.27848101265822783,0.28205128205128205
375489f2-a0444125a74b9ccb,9cea10af-0b3023dfc77d153a,0.27848101265822783,0.30985915492957744
11373c16-325c2a81744d6c63,a4c98ae1-3942cae7e65d9f37,0.27848101265822783,0.3188405797101449
8926151a-5e56a31bb1481ed4,c4cdd3af-d681944ed10b5e5a,0.27848101265822783,0.2894736842105263
22b41936-e1a4f2961d5e650a,4323e2bd-229894dcd42dbd47,0.27835051546391754,0.313953488372093
11373c16-325c2a81744d6c63,c4cdd3af-d681944ed10b5e5a,0.2781456953642384,0.30434782608695654
1162c08f-3a2a31cf33573c4d,60c85a4f-1cb4672ccc545eb2,0.2781456953642384,0.42
6653a758-75500306c58aa931,60c85a4f-1cb4672ccc545eb2,0.2781456953642384,0.42
bf992c91-d94ad939d2852a18,d221162a-c21f547a22d9eb13,0.2781456953642384,0.3
2470b521-019c23f7e919baa8,3b498a39-34f8b597e4ed27e8,0.27807486631016043,0.3611111111111111
5dc1f7b3-8c0e00231be211a2,8f30bfc3-0206ccf1b040138a,0.2777777777777778,0.43209876543209874
5dc1f7b3-8c0e00231be211a2,af1b152e-ecd3dfef045653d5,0.2777777777777778,0.43209876543209874
0588b869-178a29ccfedc3992,7bc92b7f-01484e4d0896aace,0.2777777777777778,0.29411764705882354
c4cdd3af-d681944ed10b5e5a,45f5632f-5ab969465e5a8f59,0.2774566473988439,0.2926829268292683
c4cdd3af-d681944ed10b5e5a,45f5632f-2bd33d3b4d42cb8d,0.2774566473988439,0.2926829268292683
22b41936-e1a4f2961d5e650a,f4b87cc2-7d332534a27bc5d6,0.2774566473988439,0.27906976744186046
4201fdf7-e9b7491886b37cf0,11373c16-325c2a81744d6c63,0.2773722627737226,0.27941176470588236
ba8800f5-754ce975c68dc482,45f5632f-5ab969465e5a8f59,0.27710843373493976,0.30666666666666664
5a74241a-dc901804978ab00a,0d11fb94-9b58e2541be4dfcb,0.27710843373493976,0.2875
ba8800f5-754ce975c68dc482,45f5632f-2bd33d3b4d42cb8d,0.27710843373493976,0.30666666666666664
3b498a39-34f8b597e4ed27e8,ae775964-023a1237326b6e42,0.27705627705627706,0.2782608695652174
6bcc5afd-28d9bb844890d9da,8926151a-5e56a31bb1481ed4,0.27692307692307694,0.3333333333333333
141effef-1bfb859e38d0541d,8ddb5587-69fda5215b397350,0.27692307692307694,0.27692307692307694
bd50e3fe-deb43aa46e8164ed,16a2a867-abbed6f23596204e,0.27692307692307694,0.3050847457627119
6490bbe8-cb4a60be38dd4393,c4cdd3af-d681944ed10b5e5a,0.27672955974842767,0.2857142857142857
5a74241a-dc901804978ab00a,4323e2bd-229894dcd42dbd47,0.2765957446808511,0.325
cb87df79-e6daab7d8f341736,a4ec80a0-fa10dc124910b760,0.2764227642276423,0.3269230769230769
4e9c4bf9-d32422ae7aa1d171,9bc690ef-eaa1605ae19c8de9,0.2764227642276423,0.3269230769230769
2c7a0000-0b8bb8afaf26c254,f9e08a46-5d34e200f915e8d0,0.2764227642276423,0.288135593220339
96b3758b-d23ef8ff9339c1f0,764484c3-b96a5fc3fd9ec3ec,0.27631578947368424,0.28378378378378377
734a94be-491555e2a9bcc2a4,45f5632f-5ab969465e5a8f59,0.27631578947368424,0.3442622950819672
734a94be-491555e2a9bcc2a4,45f5632f-2bd33d3b4d42cb8d,0.27631578947368424,0.3442622950819672
734a94be-cd0c40be4a89c935,45f5632f-5ab969465e5a8f59,0.27631578947368424,0.3442622950819672
734a94be-cd0c40be4a89c935,45f5632f-2bd33d3b4d42cb8d,0.27631578947368424,0.3442622950819672
0588b869-178a29ccfedc3992,8f30bfc3-0206ccf1b040138a,0.27615062761506276,0.4852941176470588
0588b869-178a29ccfedc3992,af1b152e-ecd3dfef045653d5,0.27615062761506276,0.4852941176470588
9cea10af-0b3023dfc77d153a,f4b87cc2-7d332534a27bc5d6,0.27586206896551724,0.27586206896551724
7b71234c-c144dfdf3c050ab5,764484c3-b96a5fc3fd9ec3ec,0.27586206896551724,0.29850746268656714
12c1cc56-c144dfdf3c050ab5,764484c3-b96a5fc3fd9ec3ec,0.27586206896551724,0.29850746268656714
c06c758d-c144dfdf3c050ab5,764484c3-b96a5fc3fd9ec3ec,0.27586206896551724,0.29850746268656714
bd50e3fe-deb43aa46e8164ed,930dd1f1-61ab1c8d80bf7a8d,0.27586206896551724,0.4745762711864407
c4cdd3af-d681944ed10b5e5a,2e1109d7-9902a467adb93d62,0.2754491017964072,0.2804878048780488
5dc1f7b3-8c0e00231be211a2,0d11fb94-9b58e2541be4dfcb,0.2754491017964072,0.2839506172839506
c4cdd3af-d681944ed10b5e5a,e7000ac2-9902a467adb93d62,0.2754491017964072,0.2804878048780488
16a2a867-abbed6f23596204e,29210e56-e4fcc33dc59803ba,0.2754491017964072,0.323943661971831
f9e08a46-5d34e200f915e8d0,96b3758b-d23ef8ff9339c1f0,0.2753623188405797,0.296875
4e9c4bf9-d32422ae7aa1d171,bd65846f-dda288a85405877d,0.2753623188405797,0.36538461538461536
1162c08f-3a2a31cf33573c4d,b842cf12-f7882fa2c05f3014,0.2753623188405797,0.38
6653a758-75500306c58aa931,b842cf12-f7882fa2c05f3014,0.2753623188405797,0.38
141effef-1bfb859e38d0541d,547ee69b-ef33101345e3aff6,0.2753623188405797,0.2923076923076923
3e191f3b-267f38bf210ab88d,5dc1f7b3-8c0e00231be211a2,0.275,0.27848101265822783
4201fdf7-e9b7491886b37cf0,9028caf7-5bfe14d4c3b17f76,0.275,0.3235294117647059
4201fdf7-e9b7491886b37cf0,69b2fd22-5bfe14d4c3b17f76,0.275,0.3235294117647059
e6b7a899-09224eadde94e5ee,45f5632f-5ab969465e5a8f59,0.275,0.3188405797101449
e6b7a899-09224eadde94e5ee,45f5632f-2bd33d3b4d42cb8d,0.275,0.3188405797101449
1162c08f-3a2a31cf33573c4d,5dc1f7b3-8c0e00231be211a2,0.2748091603053435,0.36
6653a758-75500306c58aa931,5dc1f7b3-8c0e00231be211a2,0.2748091603053435,0.36
ba8800f5-754ce975c68dc482,d63e6e3f-68836bbaaea4c108,0.27450980392156865,0.28
db01da00-988246098678c280,5dc1f7b3-8c0e00231be211a2,0.27450980392156865,0.2916666666666667
375489f2-a0444125a74b9ccb,c4cdd3af-d681944ed10b5e5a,0.27450980392156865,0.29577464788732394
7b71234c-c144dfdf3c050ab5,0d11fb94-9b58e2541be4dfcb,0.27450980392156865,0.31343283582089554
12c1cc56-c144dfdf3c050ab5,0d11fb94-9b58e2541be4dfcb,0.27450980392156865,0.31343283582089554
c06c758d-c144dfdf3c050ab5,0d11fb94-9b58e2541be4dfcb,0.27450980392156865,0.31343283582089554
8f855b99-1e222b61dfa2ec7f,8f30bfc3-0206ccf1b040138a,0.27450980392156865,0.4166666666666667
8f855b99-1e222b61dfa2ec7f,af1b152e-ecd3dfef045653d5,0.27450980392156865,0.4166666666666667
4e9c4bf9-d32422ae7aa1d171,db01da00-988246098678c280,0.27419354838709675,0.3269230769230769
93322168-c6d3be538e049476,4323e2bd-229894dcd42dbd47,0.27411167512690354,0.30337078651685395
8c79c384-7673be7788c8bbc1,ae775964-023a1237326b6e42,0.27411167512690354,0.3333333333333333
46e9aed4-c477cb844c1e1d56,96b3758b-d23ef8ff9339c1f0,0.273972602739726,0.2777777777777778
41e72d4f-21bec02e70069337,930dd1f1-61ab1c8d80bf7a8d,0.273972602739726,0.4
c4cdd3af-d681944ed10b5e5a,0d11fb94-9b58e2541be4dfcb,0.27380952380952384,0.2804878048780488
29210e56-e4fcc33dc59803ba,ae775964-023a1237326b6e42,0.27358490566037735,0.3020833333333333
96b3758b-d23ef8ff9339c1f0,ee4f7b06-0df895503f264db3,0.2732919254658385,0.2972972972972973
13441e8f-5b125e896d439795,60c85a4f-1cb4672ccc545eb2,0.2732919254658385,0.36666666666666664
14b0fb8e-37daaf5ae4723931,0d11fb94-9b58e2541be4dfcb,0.2732919254658385,0.29333333333333333
bf992c91-d94ad939d2852a18,45f5632f-5ab969465e5a8f59,0.2732919254658385,0.3142857142857143
a4d6775d-895b97d602f71f4f,22b41936-e1a4f2961d5e650a,0.2732919254658385,0.29333333333333333
3d06b643-52fef5e25f21ee7f,22b41936-e1a4f2961d5e650a,0.2732919254658385,0.29333333333333333
db01da00-988246098678c280,3951966f-72a49600e61410e6,0.2732919254658385,0.3055555555555556
bf992c91-d94ad939d2852a18,45f5632f-2bd33d3b4d42cb8d,0.2732919254658385,0.3142857142857143
14b0fb8e-37daaf5ae4723931,4323e2bd-229894dcd42dbd47,0.273224043715847,0.3333333333333333
c4cdd3af-d681944ed10b5e5a,60c85a4f-1cb4672ccc545eb2,0.273224043715847,0.3048780487804878
2e1109d7-9902a467adb93d62,45f5632f-5ab969465e5a8f59,0.2727272727272727,0.2823529411764706
2e1109d7-9902a467adb93d62,45f5632f-2bd33d3b4d42cb8d,0.2727272727272727,0.2823529411764706
9cea10af-0b3023dfc77d153a,a4c98ae1-3942cae7e65d9f37,0.2727272727272727,0.27586206896551724
734a94be-491555e2a9bcc2a4,a4ec80a0-fa10dc124910b760,0.2727272727272727,0.29508196721311475
734a94be-cd0c40be4a89c935,a4ec80a0-fa10dc124910b760,0.2727272727272727,0.29508196721311475
734a94be-491555e2a9bcc2a4,375489f2-a0444125a74b9ccb,0.2727272727272727,0.29508196721311475
e7000ac2-9902a467adb93d62,45f5632f-5ab969465e5a8f59,0.2727272727272727,0.2823529411764706
ebd8ff55-b7fcefff9d43d956,16a2a867-abbed6f23596204e,0.2727272727272727,0.29508196721311475
734a94be-cd0c40be4a89c935,375489f2-a0444125a74b9ccb,0.2727272727272727,0.29508196721311475
547ee69b-ef33101345e3aff6,d221162a-c21f547a22d9eb13,0.2727272727272727,0.2876712328767123
e7000ac2-9902a467adb93d62,45f5632f-2bd33d3b4d42cb8d,0.2727272727272727,0.2823529411764706
d018b49f-e1ae502e5288eb54,93322168-c6d3be538e049476,0.27218934911242604,0.2875
5dc1f7b3-8c0e00231be211a2,d314aa92-9f7dd24f2fa68770,0.27218934911242604,0.2839506172839506
8c79c384-7673be7788c8bbc1,d314aa92-9f7dd24f2fa68770,0.27218934911242604,0.2839506172839506
ebd8ff55-b7fcefff9d43d956,bd65846f-dda288a85405877d,0.272108843537415,0.32786885245901637
9e4ddc38-f08d0e6847f4856a,d221162a-c21f547a22d9eb13,0.272108843537415,0.30303030303030304
375489f2-a0444125a74b9ccb,7bc92b7f-01484e4d0896aace,0.272108843537415,0.28169014084507044
1162c08f-3a2a31cf33573c4d,14b0fb8e-37daaf5ae4723931,0.272,0.34
6653a758-75500306c58aa931,14b0fb8e-37daaf5ae4723931,0.272,0.34
69c97258-21e5704deef76ece,f4b87cc2-7d332534a27bc5d6,0.2716049382716049,0.29333333333333333
a4d6775d-895b97d602f71f4f,ee4f7b06-0df895503f264db3,0.2716049382716049,0.29333333333333333
3d06b643-52fef5e25f21ee7f,ee4f7b06-0df895503f264db3,0.2716049382716049,0.29333333333333333
547ee69b-ef33101345e3aff6,3951966f-72a49600e61410e6,0.2716049382716049,0.3013698630136986
11373c16-325c2a81744d6c63,9bc690ef-eaa1605ae19c8de9,0.2714285714285714,0.2753623188405797
11373c16-325c2a81744d6c63,375489f2-a0444125a74b9ccb,0.2714285714285714,0.2753623188405797
11373c16-325c2a81744d6c63,0d11fb94-9b58e2541be4dfcb,0.2709677419354839,0.30434782608695654
eea69e7f-8dab83995204e0df,45f5632f-5ab969465e5a8f59,0.2709677419354839,0.328125
547ee69b-ef33101345e3aff6,f4f1b18f-c1a38185306219e8,0.2709677419354839,0.2876712328767123
eea69e7f-8dab83995204e0df,45f5632f-2bd33d3b4d42cb8d,0.2709677419354839,0.328125
ebd8ff55-b7fcefff9d43d956,46e9aed4-c477cb844c1e1d56,0.2706766917293233,0.29508196721311475
d9f6c257-6be30afb625c7fcc,5dc1f7b3-8c0e00231be211a2,0.2706766917293233,0.34615384615384615
d63e6e3f-68836bbaaea4c108,9028caf7-5bfe14d4c3b17f76,0.27058823529411763,0.2948717948717949
d63e6e3f-68836bbaaea4c108,69b2fd22-5bfe14d4c3b17f76,0.27058823529411763,0.2948717948717949
e6b7a899-09224eadde94e5ee,60c85a4f-1cb4672ccc545eb2,0.27058823529411763,0.3333333333333333
2da4b3fe-e5141fdf3cc061b7,a4c98ae1-3942cae7e65d9f37,0.2702702702702703,0.3389830508474576
0fd5b95a-e9d45e7dc0eefa8b,930dd1f1-61ab1c8d80bf7a8d,0.2702702702702703,0.38461538461538464
93322168-c6d3be538e049476,29210e56-e4fcc33dc59803ba,0.2702702702702703,0.2808988764044944
f4b87cc2-7d332534a27bc5d6,b38468e8-355e4e494f76a9c6,0.2702702702702703,0.28735632183908044
f9e08a46-5d34e200f915e8d0,8f855b99-1e222b61dfa2ec7f,0.2702702702702703,0.3125
4e9c4bf9-d32422ae7aa1d171,8e990c75-f9144464a16f2616,0.2698412698412698,0.3269230769230769
4e9c4bf9-d32422ae7aa1d171,2ebeae13-f6d98bc6e8762f12,0.2698412698412698,0.3269230769230769
1162c08f-3a2a31cf33573c4d,7bc92b7f-01484e4d0896aace,0.2698412698412698,0.34
ebd8ff55-b7fcefff9d43d956,8ddb5587-69fda5215b397350,0.2698412698412698,0.2786885245901639
6653a758-75500306c58aa931,7bc92b7f-01484e4d0896aace,0.2698412698412698,0.34
a4ec80a0-fa10dc124910b760,930dd1f1-61ab1c8d80bf7a8d,0.26976744186046514,0.4084507042253521
4201fdf7-e9b7491886b37cf0,547ee69b-ef33101345e3aff6,0.2695035460992908,0.27941176470588236
2da4b3fe-e5141fdf3cc061b7,c4cdd3af-d681944ed10b5e5a,0.2695035460992908,0.3220338983050847
bd50e3fe-deb43aa46e8164ed,c4cdd3af-d681944ed10b5e5a,0.2695035460992908,0.3220338983050847
9e4ddc38-f08d0e6847f4856a,ba8800f5-754ce975c68dc482,0.2695035460992908,0.2878787878787879
bf992c91-d94ad939d2852a18,16a2a867-abbed6f23596204e,0.2695035460992908,0.2714285714285714
0588b869-178a29ccfedc3992,b842cf12-f7882fa2c05f3014,0.2692307692307692,0.3088235294117647
b842cf12-f7882fa2c05f3014,b38468e8-355e4e494f76a9c6,0.26881720430107525,0.2840909090909091
4e9c4bf9-d32422ae7aa1d171,f4f1b18f-c1a38185306219e8,0.26865671641791045,0.34615384615384615
eea69e7f-8dab83995204e0df,bf992c91-d94ad939d2852a18,0.26865671641791045,0.28125
96b3758b-d23ef8ff9339c1f0,67996c4c-6031a4e4c44a5547,0.2684563758389262,0.2702702702702703
8e990c75-f9144464a16f2616,41e72d4f-21bec02e70069337,0.2684563758389262,0.2702702702702703
547ee69b-ef33101345e3aff6,8926151a-5e56a31bb1481ed4,0.2684563758389262,0.273972602739726
14b0fb8e-37daaf5ae4723931,8f30bfc3-0206ccf1b040138a,0.2682926829268293,0.44
14b0fb8e-37daaf5ae4723931,af1b152e-ecd3dfef045653d5,0.2682926829268293,0.44
547ee69b-ef33101345e3aff6,45f5632f-5ab969465e5a8f59,0.2682926829268293,0.3013698630136986
9e4ddc38-f08d0e6847f4856a,a4e39423-0bca8609e3a20081,0.2682926829268293,0.3333333333333333
547ee69b-ef33101345e3aff6,45f5632f-2bd33d3b4d42cb8d,0.2682926829268293,0.3013698630136986
29210e56-e4fcc33dc59803ba,a4e39423-0bca8609e3a20081,0.26804123711340205,0.2708333333333333
141effef-1bfb859e38d0541d,930dd1f1-61ab1c8d80bf7a8d,0.2679425837320574,0.4307692307692308
4e9c4bf9-d32422ae7aa1d171,14b0fb8e-37daaf5ae4723931,0.2677165354330709,0.3269230769230769
cb87df79-e6daab7d8f341736,14b0fb8e-37daaf5ae4723931,0.2677165354330709,0.3269230769230769
2c7a0000-0b8bb8afaf26c254,0588b869-178a29ccfedc3992,0.2677165354330709,0.288135593220339
734a94be-491555e2a9bcc2a4,5dc1f7b3-8c0e00231be211a2,0.2676056338028169,0.3114754098360656
734a94be-cd0c40be4a89c935,5dc1f7b3-8c0e00231be211a2,0.2676056338028169,0.3114754098360656
bf992c91-d94ad939d2852a18,db01da00-988246098678c280,0.2676056338028169,0.2714285714285714
034030f3-0fcdc00fa21b2b63,7011024d-20824aa80ee40c37,0.267515923566879,0.27631578947368424
d221162a-c21f547a22d9eb13,45f5632f-5ab969465e5a8f59,0.26744186046511625,0.2839506172839506
d221162a-c21f547a22d9eb13,45f5632f-2bd33d3b4d42cb8d,0.26744186046511625,0.2839506172839506
f4b87cc2-7d332534a27bc5d6,3b498a39-34f8b597e4ed27e8,0.26732673267326734,0.3103448275862069
034030f3-0fcdc00fa21b2b63,a4c98ae1-3942cae7e65d9f37,0.26666666666666666,0.2894736842105263
eea69e7f-8dab83995204e0df,a4ec80a0-fa10dc124910b760,0.26666666666666666,0.28125
14b0fb8e-37daaf5ae4723931,a4d6775d-895b97d602f71f4f,0.26666666666666666,0.26666666666666666
14b0fb8e-37daaf5ae4723931,3d06b643-52fef5e25f21ee7f,0.26666666666666666,0.26666666666666666
bf992c91-d94ad939d2852a18,d018b49f-e1ae502e5288eb54,0.26666666666666666,0.2857142857142857
eea69e7f-8dab83995204e0df,0d11fb94-9b58e2541be4dfcb,0.26666666666666666,0.3125
f6ca6fc8-e7ab163f0a8022bf,c4cdd3af-d681944ed10b5e5a,0.26666666666666666,0.33962264150943394
cb87df79-e6daab7d8f341736,b38468e8-355e4e494f76a9c6,0.26666666666666666,0.38461538461538464
96b3758b-d23ef8ff9339c1f0,930dd1f1-61ab1c8d80bf7a8d,0.26605504587155965,0.3918918918918919
0d11fb94-9b58e2541be4dfcb,ee4f7b06-0df895503f264db3,0.2658959537572254,0.26744186046511625
e6b7a899-09224eadde94e5ee,a4c98ae1-3942cae7e65d9f37,0.26582278481012656,0.30434782608695654
db01da00-988246098678c280,22b41936-e1a4f2961d5e650a,0.26582278481012656,0.2916666666666667
1162c08f-3a2a31cf33573c4d,0fd5b95a-e9d45e7dc0eefa8b,0.265625,0.34
6653a758-75500306c58aa931,0fd5b95a-e9d45e7dc0eefa8b,0.265625,0.34
5dc1f7b3-8c0e00231be211a2,3b498a39-34f8b597e4ed27e8,0.2653061224489796,0.32098765432098764
41e72d4f-21bec02e70069337,45f5632f-5ab969465e5a8f59,0.26506024096385544,0.29333333333333333
41e72d4f-21bec02e70069337,45f5632f-2bd33d3b4d42cb8d,0.26506024096385544,0.29333333333333333
5ce1fe32-9ffbc9498a417876,d018b49f-e1ae502e5288eb54,0.26490066225165565,0.28169014084507044
e6b7a899-09224eadde94e5ee,f4f1b18f-c1a38185306219e8,0.26490066225165565,0.2898550724637681
ba8800f5-754ce975c68dc482,8926151a-5e56a31bb1481ed4,0.26490066225165565,0.26666666666666666
547ee69b-ef33101345e3aff6,0fd5b95a-e9d45e7dc0eefa8b,0.26490066225165565,0.273972602739726
a4d6775d-895b97d602f71f4f,7bc92b7f-01484e4d0896aace,0.26490066225165565,0.26666666666666666
2c7a0000-0b8bb8afaf26c254,9028caf7-5bfe14d4c3b17f76,0.26490066225165565,0.3389830508474576
2c7a0000-0b8bb8afaf26c254,69b2fd22-5bfe14d4c3b17f76,0.26490066225165565,0.3389830508474576
7b71234c-c144dfdf3c050ab5,8f855b99-1e222b61dfa2ec7f,0.26490066225165565,0.29850746268656714
12c1cc56-c144dfdf3c050ab5,8f855b99-1e222b61dfa2ec7f,0.26490066225165565,0.29850746268656714
c06c758d-c144dfdf3c050ab5,8f855b99-1e222b61dfa2ec7f,0.26490066225165565,0.29850746268656714
3d06b643-52fef5e25f21ee7f,7bc92b7f-01484e4d0896aace,0.26490066225165565,0.26666666666666666
734a94be-491555e2a9bcc2a4,14b0fb8e-37daaf5ae4723931,0.2647058823529412,0.29508196721311475
ebd8ff55-b7fcefff9d43d956,69c97258-21e5704deef76ece,0.2647058823529412,0.29508196721311475
734a94be-cd0c40be4a89c935,14b0fb8e-37daaf5ae4723931,0.2647058823529412,0.29508196721311475
1162c08f-3a2a31cf33573c4d,0d11fb94-9b58e2541be4dfcb,0.2647058823529412,0.36
ebd8ff55-b7fcefff9d43d956,41e72d4f-21bec02e70069337,0.2647058823529412,0.29508196721311475
2c7a0000-0b8bb8afaf26c254,6490bbe8-cb4a60be38dd4393,0.2647058823529412,0.3050847457627119
6653a758-75500306c58aa931,0d11fb94-9b58e2541be4dfcb,0.2647058823529412,0.36
45f5632f-5ab969465e5a8f59,b38468e8-355e4e494f76a9c6,0.26455026455026454,0.27472527472527475
45f5632f-5ab969465e5a8f59,a4e39423-0bca8609e3a20081,0.26455026455026454,0.27472527472527475
45f5632f-2bd33d3b4d42cb8d,b38468e8-355e4e494f76a9c6,0.26455026455026454,0.27472527472527475
45f5632f-2bd33d3b4d42cb8d,a4e39423-0bca8609e3a20081,0.26455026455026454,0.27472527472527475
034030f3-0fcdc00fa21b2b63,b38468e8-355e4e494f76a9c6,0.26436781609195403,0.3026315789473684
22b41936-e1a4f2961d5e650a,d314aa92-9f7dd24f2fa68770,0.26436781609195403,0.26744186046511625
5ce1fe32-9ffbc9498a417876,b842cf12-f7882fa2c05f3014,0.2641509433962264,0.29577464788732394
db01da00-988246098678c280,f4b87cc2-7d332534a27bc5d6,0.2641509433962264,0.2916666666666667
bd50e3fe-deb43aa46e8164ed,2e1109d7-9902a467adb93d62,0.2638888888888889,0.3220338983050847
0588b869-178a29ccfedc3992,034030f3-0fcdc00fa21b2b63,0.2638888888888889,0.27941176470588236
9e4ddc38-f08d0e6847f4856a,0fd5b95a-e9d45e7dc0eefa8b,0.2638888888888889,0.2878787878787879
bd50e3fe-deb43aa46e8164ed,e7000ac2-9902a467adb93d62,0.2638888888888889,0.3220338983050847
5dc1f7b3-8c0e00231be211a2,60c85a4f-1cb4672ccc545eb2,0.26373626373626374,0.2962962962962963
734a94be-491555e2a9bcc2a4,4201fdf7-e9b7491886b37cf0,0.26356589147286824,0.2786885245901639
734a94be-cd0c40be4a89c935,4201fdf7-e9b7491886b37cf0,0.26356589147286824,0.2786885245901639
d9f6c257-6be30afb625c7fcc,d8e4eb5e-8079445020a594f8,0.26356589147286824,0.3269230769230769
ba8800f5-754ce975c68dc482,9028caf7-5bfe14d4c3b17f76,0.2634730538922156,0.29333333333333333
ba8800f5-754ce975c68dc482,69b2fd22-5bfe14d4c3b17f76,0.2634730538922156,0.29333333333333333
2470b521-019c23f7e919baa8,8f30bfc3-0206ccf1b040138a,0.26337448559670784,0.4444444444444444
2470b521-019c23f7e919baa8,af1b152e-ecd3dfef045653d5,0.26337448559670784,0.4444444444444444
67996c4c-6031a4e4c44a5547,6490bbe8-cb4a60be38dd4393,0.2631578947368421,0.26666666666666666
375489f2-a0444125a74b9ccb,5dc1f7b3-8c0e00231be211a2,0.2631578947368421,0.28169014084507044
c4cdd3af-d681944ed10b5e5a,4323e2bd-229894dcd42dbd47,0.2631578947368421,0.3048780487804878
9e4ddc38-f08d0e6847f4856a,22b41936-e1a4f2961d5e650a,0.2631578947368421,0.30303030303030304
2ebeae13-f6d98bc6e8762f12,ae775964-023a1237326b6e42,0.2631578947368421,0.33783783783783783
41e72d4f-21bec02e70069337,6490bbe8-cb4a60be38dd4393,0.2631578947368421,0.26666666666666666
f9e08a46-5d34e200f915e8d0,547ee69b-ef33101345e3aff6,0.26277372262773724,0.28125
a4ec80a0-fa10dc124910b760,a4c98ae1-3942cae7e65d9f37,0.2625,0.29577464788732394
3e191f3b-267f38bf210ab88d,7011024d-20824aa80ee40c37,0.2625,0.26582278481012656
764484c3-b96a5fc3fd9ec3ec,c4cdd3af-d681944ed10b5e5a,0.2625,0.2692307692307692
9cea10af-0b3023dfc77d153a,29210e56-e4fcc33dc59803ba,0.26229508196721313,0.27586206896551724
41e72d4f-21bec02e70069337,4323e2bd-229894dcd42dbd47,0.26229508196721313,0.32
f9e08a46-5d34e200f915e8d0,5dc1f7b3-8c0e00231be211a2,0.2620689655172414,0.296875
2da4b3fe-e5141fdf3cc061b7,22b41936-e1a4f2961d5e650a,0.2620689655172414,0.3220338983050847
bf992c91-d94ad939d2852a18,ba8800f5-754ce975c68dc482,0.2620689655172414,0.2714285714285714
c4cdd3af-d681944ed10b5e5a,bd65846f-dda288a85405877d,0.2619047619047619,0.2682926829268293
d9f6c257-6be30afb625c7fcc,d63e6e3f-68836bbaaea4c108,0.26153846153846155,0.3269230769230769
13441e8f-5b125e896d439795,bf992c91-d94ad939d2852a18,0.26153846153846155,0.2833333333333333
2c7a0000-0b8bb8afaf26c254,9bc690ef-eaa1605ae19c8de9,0.26153846153846155,0.288135593220339
eea69e7f-8dab83995204e0df,9e4ddc38-f08d0e6847f4856a,0.26153846153846155,0.265625
67996c4c-6031a4e4c44a5547,0fd5b95a-e9d45e7dc0eefa8b,0.26143790849673204,0.26666666666666666
4201fdf7-e9b7491886b37cf0,4323e2bd-229894dcd42dbd47,0.26136363636363635,0.3382352941176471
ee4f7b06-0df895503f264db3,a4c98ae1-3942cae7e65d9f37,0.26136363636363635,0.26436781609195403
8f855b99-1e222b61dfa2ec7f,9028caf7-5bfe14d4c3b17f76,0.26136363636363635,0.27380952380952384
8f855b99-1e222b61dfa2ec7f,69b2fd22-5bfe14d4c3b17f76,0.26136363636363635,0.27380952380952384
034030f3-0fcdc00fa21b2b63,2e1109d7-9902a467adb93d62,0.2608695652173913,0.27631578947368424
034030f3-0fcdc00fa21b2b63,e7000ac2-9902a467adb93d62,0.2608695652173913,0.27631578947368424
11373c16-325c2a81744d6c63,3b498a39-34f8b597e4ed27e8,0.2608695652173913,0.34782608695652173
5a74241a-dc901804978ab00a,5dc1f7b3-8c0e00231be211a2,0.2608695652173913,0.2625
ebd8ff55-b7fcefff9d43d956,d8e4eb5e-8079445020a594f8,0.2608695652173913,0.29508196721311475
0588b869-178a29ccfedc3992,bf992c91-d94ad939d2852a18,0.2608695652173913,0.2647058823529412
7011024d-20824aa80ee40c37,b842cf12-f7882fa2c05f3014,0.2603550295857988,0.2716049382716049
7011024d-20824aa80ee40c37,d314aa92-9f7dd24f2fa68770,0.2603550295857988,0.2716049382716049
bf992c91-d94ad939d2852a18,2acaa7df-7cb445c7c8ad9468,0.2603550295857988,0.3142857142857143
2c7a0000-0b8bb8afaf26c254,9cea10af-0b3023dfc77d153a,0.2602739726027397,0.3220338983050847
a4ec80a0-fa10dc124910b760,a4d6775d-895b97d602f71f4f,0.2602739726027397,0.2676056338028169
a4ec80a0-fa10dc124910b760,3d06b643-52fef5e25f21ee7f,0.2602739726027397,0.2676056338028169
13441e8f-5b125e896d439795,22b41936-e1a4f2961d5e650a,0.2602739726027397,0.31666666666666665
8ddb5587-69fda5215b397350,5dc1f7b3-8c0e00231be211a2,0.2602739726027397,0.2923076923076923
f9e08a46-5d34e200f915e8d0,c4cdd3af-d681944ed10b5e5a,0.2602739726027397,0.296875
bf992c91-d94ad939d2852a18,7bc92b7f-01484e4d0896aace,0.2602739726027397,0.2714285714285714
2c7a0000-0b8bb8afaf26c254,eea69e7f-8dab83995204e0df,0.2601626016260163,0.2711864406779661
d314aa92-9f7dd24f2fa68770,3951966f-72a49600e61410e6,0.2598870056497175,0.26136363636363635
7b71234c-c144dfdf3c050ab5,9cea10af-0b3023dfc77d153a,0.2597402597402597,0.29850746268656714
12c1cc56-c144dfdf3c050ab5,9cea10af-0b3023dfc77d153a,0.2597402597402597,0.29850746268656714
c06c758d-c144dfdf3c050ab5,9cea10af-0b3023dfc77d153a,0.2597402597402597,0.29850746268656714
034030f3-0fcdc00fa21b2b63,764484c3-b96a5fc3fd9ec3ec,0.2597402597402597,0.2631578947368421
46e9aed4-c477cb844c1e1d56,c4cdd3af-d681944ed10b5e5a,0.2597402597402597,0.2777777777777778
2470b521-019c23f7e919baa8,c4cdd3af-d681944ed10b5e5a,0.2597402597402597,0.2777777777777778
547ee69b-ef33101345e3aff6,7011024d-20824aa80ee40c37,0.2597402597402597,0.273972602739726
f6ca6fc8-e7ab163f0a8022bf,d63e6e3f-68836bbaaea4c108,0.2595419847328244,0.32075471698113206
67996c4c-6031a4e4c44a5547,9cea10af-0b3023dfc77d153a,0.25925925925925924,0.28
764484c3-b96a5fc3fd9ec3ec,3b498a39-34f8b597e4ed27e8,0.25906735751295334,0.32051282051282054
cb87df79-e6daab7d8f341736,9cea10af-0b3023dfc77d153a,0.2589928057553957,0.34615384615384615
9e4ddc38-f08d0e6847f4856a,547ee69b-ef33101345e3aff6,0.2589928057553957,0.2727272727272727
7b71234c-c144dfdf3c050ab5,db01da00-988246098678c280,0.2589928057553957,0.26865671641791045
12c1cc56-c144dfdf3c050ab5,db01da00-988246098678c280,0.2589928057553957,0.26865671641791045
c06c758d-c144dfdf3c050ab5,db01da00-988246098678c280,0.2589928057553957,0.26865671641791045
d9f6c257-6be30afb625c7fcc,ee4f7b06-0df895503f264db3,0.2589928057553957,0.34615384615384615
2470b521-019c23f7e919baa8,b38468e8-355e4e494f76a9c6,0.25882352941176473,0.3055555555555556
2e1109d7-9902a467adb93d62,ae775964-023a1237326b6e42,0.25870646766169153,0.3058823529411765
e7000ac2-9902a467adb93d62,ae775964-023a1237326b6e42,0.25870646766169153,0.3058823529411765
734a94be-491555e2a9bcc2a4,22b41936-e1a4f2961d5e650a,0.2585034013605442,0.3114754098360656
bf992c91-d94ad939d2852a18,d8e4eb5e-8079445020a594f8,0.2585034013605442,0.2714285714285714
734a94be-cd0c40be4a89c935,22b41936-e1a4f2961d5e650a,0.2585034013605442,0.3114754098360656
5a74241a-dc901804978ab00a,b38468e8-355e4e494f76a9c6,0.25842696629213485,0.2875
e6b7a899-09224eadde94e5ee,0d11fb94-9b58e2541be4dfcb,0.25806451612903225,0.2898550724637681
41e72d4f-21bec02e70069337,d018b49f-e1ae502e5288eb54,0.25806451612903225,0.26666666666666666
9e4ddc38-f08d0e6847f4856a,3951966f-72a49600e61410e6,0.25806451612903225,0.30303030303030304
67996c4c-6031a4e4c44a5547,b842cf12-f7882fa2c05f3014,0.25766871165644173,0.28
a4d6775d-895b97d602f71f4f,b842cf12-f7882fa2c05f3014,0.25766871165644173,0.28
3d06b643-52fef5e25f21ee7f,b842cf12-f7882fa2c05f3014,0.25766871165644173,0.28
6bcc5afd-28d9bb844890d9da,d63e6e3f-68836bbaaea4c108,0.25757575757575757,0.3148148148148148
f9e08a46-5d34e200f915e8d0,4201fdf7-e9b7491886b37cf0,0.25757575757575757,0.265625
0d11fb94-9b58e2541be4dfcb,ae775964-023a1237326b6e42,0.25742574257425743,0.3023255813953488
141effef-1bfb859e38d0541d,67996c4c-6031a4e4c44a5547,0.2571428571428571,0.27692307692307694
2c7a0000-0b8bb8afaf26c254,7011024d-20824aa80ee40c37,0.2571428571428571,0.3050847457627119
f6ca6fc8-e7ab163f0a8022bf,ee4f7b06-0df895503f264db3,0.2571428571428571,0.33962264150943394
d221162a-c21f547a22d9eb13,a4e39423-0bca8609e3a20081,0.2569832402234637,0.2839506172839506
bd50e3fe-deb43aa46e8164ed,a4c98ae1-3942cae7e65d9f37,0.25675675675675674,0.3220338983050847
1162c08f-3a2a31cf33573c4d,b38468e8-355e4e494f76a9c6,0.25675675675675674,0.38
6653a758-75500306c58aa931,b38468e8-355e4e494f76a9c6,0.25675675675675674,0.38
5ce1fe32-9ffbc9498a417876,ae775964-023a1237326b6e42,0.25668449197860965,0.3380281690140845
b842cf12-f7882fa2c05f3014,2acaa7df-7cb445c7c8ad9468,0.25668449197860965,0.2727272727272727
41e72d4f-21bec02e70069337,d221162a-c21f547a22d9eb13,0.2564102564102564,0.26666666666666666
b38468e8-355e4e494f76a9c6,930dd1f1-61ab1c8d80bf7a8d,0.256198347107438,0.3163265306122449
034030f3-0fcdc00fa21b2b63,b842cf12-f7882fa2c05f3014,0.25609756097560976,0.27631578947368424
7bc92b7f-01484e4d0896aace,b842cf12-f7882fa2c05f3014,0.25609756097560976,0.27631578947368424
db01da00-988246098678c280,9028caf7-5bfe14d4c3b17f76,0.25609756097560976,0.2916666666666667
db01da00-988246098678c280,69b2fd22-5bfe14d4c3b17f76,0.25609756097560976,0.2916666666666667
ebd8ff55-b7fcefff9d43d956,f9e08a46-5d34e200f915e8d0,0.256,0.26229508196721313
8c79c384-7673be7788c8bbc1,45f5632f-5ab969465e5a8f59,0.2558139534883721,0.2716049382716049
8c79c384-7673be7788c8bbc1,45f5632f-2bd33d3b4d42cb8d,0.2558139534883721,0.2716049382716049
141effef-1bfb859e38d0541d,034030f3-0fcdc00fa21b2b63,0.2553191489361702,0.27692307692307694
13441e8f-5b125e896d439795,5dc1f7b3-8c0e00231be211a2,0.2553191489361702,0.3
1162c08f-3a2a31cf33573c4d,45f5632f-5ab969465e5a8f59,0.2553191489361702,0.36
6653a758-75500306c58aa931,45f5632f-5ab969465e5a8f59,0.2553191489361702,0.36
1162c08f-3a2a31cf33573c4d,45f5632f-2bd33d3b4d42cb8d,0.2553191489361702,0.36
6653a758-75500306c58aa931,45f5632f-2bd33d3b4d42cb8d,0.2553191489361702,0.36
6bcc5afd-28d9bb844890d9da,ee4f7b06-0df895503f264db3,0.2553191489361702,0.3333333333333333
547ee69b-ef33101345e3aff6,3b498a39-34f8b597e4ed27e8,0.2553191489361702,0.3287671232876712
141effef-1bfb859e38d0541d,7bc92b7f-01484e4d0896aace,0.2553191489361702,0.27692307692307694
a4ec80a0-fa10dc124910b760,764484c3-b96a5fc3fd9ec3ec,0.2550335570469799,0.2676056338028169
db01da00-988246098678c280,2e1109d7-9902a467adb93d62,0.25477707006369427,0.2777777777777778
5ce1fe32-9ffbc9498a417876,0d11fb94-9b58e2541be4dfcb,0.25477707006369427,0.28169014084507044
375489f2-a0444125a74b9ccb,5ee4d2f9-7b875ec1c8e8e319,0.25477707006369427,0.28169014084507044
db01da00-988246098678c280,e7000ac2-9902a467adb93d62,0.25477707006369427,0.2777777777777778
d018b49f-e1ae502e5288eb54,2e1109d7-9902a467adb93d62,0.2545454545454545,0.2625
3e191f3b-267f38bf210ab88d,bd65846f-dda288a85405877d,0.2545454545454545,0.26582278481012656
d018b49f-e1ae502e5288eb54,e7000ac2-9902a467adb93d62,0.2545454545454545,0.2625
eea69e7f-8dab83995204e0df,60c85a4f-1cb4672ccc545eb2,0.2545454545454545,0.328125
141effef-1bfb859e38d0541d,11373c16-325c2a81744d6c63,0.2537313432835821,0.26153846153846155
7b71234c-c144dfdf3c050ab5,69c97258-21e5704deef76ece,0.2535211267605634,0.26865671641791045
12c1cc56-c144dfdf3c050ab5,69c97258-21e5704deef76ece,0.2535211267605634,0.26865671641791045
c06c758d-c144dfdf3c050ab5,69c97258-21e5704deef76ece,0.2535211267605634,0.26865671641791045
11d91f31-d6dac8853a738e43,14b0fb8e-37daaf5ae4723931,0.2535211267605634,0.26865671641791045
e6b7a899-09224eadde94e5ee,930dd1f1-61ab1c8d80bf7a8d,0.2535211267605634,0.391304347826087
547ee69b-ef33101345e3aff6,2e1109d7-9902a467adb93d62,0.25316455696202533,0.273972602739726
db01da00-988246098678c280,0d11fb94-9b58e2541be4dfcb,0.25316455696202533,0.2777777777777778
375489f2-a0444125a74b9ccb,ee4f7b06-0df895503f264db3,0.25316455696202533,0.28169014084507044
547ee69b-ef33101345e3aff6,e7000ac2-9902a467adb93d62,0.25316455696202533,0.273972602739726
9e4ddc38-f08d0e6847f4856a,4323e2bd-229894dcd42dbd47,0.25287356321839083,0.3333333333333333
0d11fb94-9b58e2541be4dfcb,29210e56-e4fcc33dc59803ba,0.25274725274725274,0.26744186046511625
67996c4c-6031a4e4c44a5547,3b498a39-34f8b597e4ed27e8,0.25263157894736843,0.32
2c7a0000-0b8bb8afaf26c254,13441e8f-5b125e896d439795,0.25210084033613445,0.2542372881355932
cb87df79-e6daab7d8f341736,41e72d4f-21bec02e70069337,0.25196850393700787,0.3076923076923077
a4ec80a0-fa10dc124910b760,46e9aed4-c477cb844c1e1d56,0.2517482517482518,0.2535211267605634
9bc690ef-eaa1605ae19c8de9,46e9aed4-c477cb844c1e1d56,0.2517482517482518,0.2535211267605634
7b71234c-c144dfdf3c050ab5,7bc92b7f-01484e4d0896aace,0.2517482517482518,0.26865671641791045
12c1cc56-c144dfdf3c050ab5,7bc92b7f-01484e4d0896aace,0.2517482517482518,0.26865671641791045
c06c758d-c144dfdf3c050ab5,7bc92b7f-01484e4d0896aace,0.2517482517482518,0.26865671641791045
eea69e7f-8dab83995204e0df,ee4f7b06-0df895503f264db3,0.25165562913907286,0.296875
d63e6e3f-68836bbaaea4c108,5dc1f7b3-8c0e00231be211a2,0.25157232704402516,0.2564102564102564
cb87df79-e6daab7d8f341736,595f5d6c-7ba61dd9e3df26a6,0.25157232704402516,0.38461538461538464
4e9c4bf9-d32422ae7aa1d171,3b498a39-34f8b597e4ed27e8,0.25149700598802394,0.40384615384615385
5dc1f7b3-8c0e00231be211a2,22b41936-e1a4f2961d5e650a,0.25149700598802394,0.25925925925925924
d221162a-c21f547a22d9eb13,bd65846f-dda288a85405877d,0.25149700598802394,0.25925925925925924
bd50e3fe-deb43aa46e8164ed,4323e2bd-229894dcd42dbd47,0.25149700598802394,0.3559322033898305
3e191f3b-267f38bf210ab88d,29210e56-e4fcc33dc59803ba,0.25142857142857145,0.27848101265822783
7bc92b7f-01484e4d0896aace,3b498a39-34f8b597e4ed27e8,0.2513089005235602,0.3157894736842105
5dc1f7b3-8c0e00231be211a2,9cea10af-0b3023dfc77d153a,0.25,0.25925925925925924
d9f6c257-6be30afb625c7fcc,034030f3-0fcdc00fa21b2b63,0.25,0.3076923076923077
96b3758b-d23ef8ff9339c1f0,22b41936-e1a4f2961d5e650a,0.25,0.2702702702702703
a4ec80a0-fa10dc124910b760,547ee69b-ef33101345e3aff6,0.25,0.2535211267605634
4201fdf7-e9b7491886b37cf0,7bc92b7f-01484e4d0896aace,0.25,0.2647058823529412
46e9aed4-c477cb844c1e1d56,b842cf12-f7882fa2c05f3014,0.25,0.2777777777777778
e6b7a899-09224eadde94e5ee,14b0fb8e-37daaf5ae4723931,0.25,0.2608695652173913
9bc690ef-eaa1605ae19c8de9,547ee69b-ef33101345e3aff6,0.25,0.2535211267605634
7b71234c-c144dfdf3c050ab5,e6b7a899-09224eadde94e5ee,0.25,0.2537313432835821
12c1cc56-c144dfdf3c050ab5,e6b7a899-09224eadde94e5ee,0.25,0.2537313432835821
c06c758d-c144dfdf3c050ab5,e6b7a899-09224eadde94e5ee,0.25,0.2537313432835821
d8e4eb5e-8079445020a594f8,45f5632f-5ab969465e5a8f59,0.25,0.2727272727272727
f4f1b18f-c1a38185306219e8,22b41936-e1a4f2961d5e650a,0.25,0.25609756097560976
5a74241a-dc901804978ab00a,b842cf12-f7882fa2c05f3014,0.25,0.2625
6bcc5afd-28d9bb844890d9da,c4cdd3af-d681944ed10b5e5a,0.25,0.3148148148148148
c4cdd3af-d681944ed10b5e5a,22b41936-e1a4f2961d5e650a,0.25,0.25609756097560976
bf992c91-d94ad939d2852a18,c4cdd3af-d681944ed10b5e5a,0.25,0.2714285714285714
ebd8ff55-b7fcefff9d43d956,3b498a39-34f8b597e4ed27e8,0.25,0.36065573770491804
11d91f31-d6dac8853a738e43,60c85a4f-1cb4672ccc545eb2,0.25,0.31343283582089554
0d11fb94-9b58e2541be4dfcb,a4e39423-0bca8609e3a20081,0.25,0.26744186046511625
2da4b3fe-e5141fdf3cc061b7,d8e4eb5e-8079445020a594f8,0.25,0.288135593220339
d8e4eb5e-8079445020a594f8,45f5632f-2bd33d3b4d42cb8d,0.25,0.2727272727272727
7bc92b7f-01484e4d0896aace,8f855b99-1e222b61dfa2ec7f,0.25,0.2631578947368421
5ee4d2f9-7b875ec1c8e8e319,595f5d6c-7ba61dd9e3df26a6,0.24870466321243523,0.27906976744186046
ee4f7b06-0df895503f264db3,a4e39423-0bca8609e3a20081,0.24864864864864866,0.26436781609195403
bf992c91-d94ad939d2852a18,595f5d6c-7ba61dd9e3df26a6,0.24858757062146894,0.3142857142857143
c4cdd3af-d681944ed10b5e5a,ee4f7b06-0df895503f264db3,0.2485207100591716,0.25609756097560976
0588b869-178a29ccfedc3992,60c85a4f-1cb4672ccc545eb2,0.2485207100591716,0.3088235294117647
16a2a867-abbed6f23596204e,a4e39423-0bca8609e3a20081,0.2485207100591716,0.29577464788732394
ba8800f5-754ce975c68dc482,bd65846f-dda288a85405877d,0.2484472049689441,0.26666666666666666
2ebeae13-f6d98bc6e8762f12,3e191f3b-267f38bf210ab88d,0.24836601307189543,0.25675675675675674
46e9aed4-c477cb844c1e1d56,5dc1f7b3-8c0e00231be211a2,0.24836601307189543,0.2638888888888889
46e9aed4-c477cb844c1e1d56,d221162a-c21f547a22d9eb13,0.24836601307189543,0.2638888888888889
46e9aed4-c477cb844c1e1d56,8c79c384-7673be7788c8bbc1,0.24836601307189543,0.2638888888888889
16a2a867-abbed6f23596204e,8e990c75-f9144464a16f2616,0.2482758620689655,0.2535211267605634
e6b7a899-09224eadde94e5ee,8926151a-5e56a31bb1481ed4,0.2482758620689655,0.2608695652173913
eea69e7f-8dab83995204e0df,5dc1f7b3-8c0e00231be211a2,0.2482758620689655,0.28125
2da4b3fe-e5141fdf3cc061b7,5ee4d2f9-7b875ec1c8e8e319,0.2482758620689655,0.3050847457627119
2c7a0000-0b8bb8afaf26c254,bd65846f-dda288a85405877d,0.2482758620689655,0.3050847457627119
bd50e3fe-deb43aa46e8164ed,d63e6e3f-68836bbaaea4c108,0.24817518248175183,0.288135593220339
eea69e7f-8dab83995204e0df,547ee69b-ef33101345e3aff6,0.24817518248175183,0.265625
1162c08f-3a2a31cf33573c4d,ee4f7b06-0df895503f264db3,0.24817518248175183,0.34
ebd8ff55-b7fcefff9d43d956,7bc92b7f-01484e4d0896aace,0.24817518248175183,0.2786885245901639
6653a758-75500306c58aa931,ee4f7b06-0df895503f264db3,0.24817518248175183,0.34
f6ca6fc8-e7ab163f0a8022bf,034030f3-0fcdc00fa21b2b63,0.24806201550387597,0.3018867924528302
4e9c4bf9-d32422ae7aa1d171,6490bbe8-cb4a60be38dd4393,0.24806201550387597,0.3076923076923077
16a2a867-abbed6f23596204e,8f30bfc3-0206ccf1b040138a,0.24793388429752067,0.4225352112676056
16a2a867-abbed6f23596204e,af1b152e-ecd3dfef045653d5,0.24793388429752067,0.4225352112676056
9cea10af-0b3023dfc77d153a,45f5632f-5ab969465e5a8f59,0.24719101123595505,0.25287356321839083
9cea10af-0b3023dfc77d153a,45f5632f-2bd33d3b4d42cb8d,0.24719101123595505,0.25287356321839083
db01da00-988246098678c280,b38468e8-355e4e494f76a9c6,0.24705882352941178,0.2916666666666667
034030f3-0fcdc00fa21b2b63,0d11fb94-9b58e2541be4dfcb,0.24691358024691357,0.2631578947368421
96b3758b-d23ef8ff9339c1f0,d314aa92-9f7dd24f2fa68770,0.24691358024691357,0.2702702702702703
734a94be-491555e2a9bcc2a4,60c85a4f-1cb4672ccc545eb2,0.24691358024691357,0.32786885245901637
375489f2-a0444125a74b9ccb,45f5632f-5ab969465e5a8f59,0.24691358024691357,0.28169014084507044
734a94be-cd0c40be4a89c935,60c85a4f-1cb4672ccc545eb2,0.24691358024691357,0.32786885245901637
375489f2-a0444125a74b9ccb,45f5632f-2bd33d3b4d42cb8d,0.24691358024691357,0.28169014084507044
41e72d4f-21bec02e70069337,f4b87cc2-7d332534a27bc5d6,0.24691358024691357,0.26666666666666666
e6b7a899-09224eadde94e5ee,2e1109d7-9902a467adb93d62,0.24675324675324675,0.2753623188405797
14b0fb8e-37daaf5ae4723931,3e191f3b-267f38bf210ab88d,0.24675324675324675,0.25333333333333335
4201fdf7-e9b7491886b37cf0,bd65846f-dda288a85405877d,0.24675324675324675,0.27941176470588236
e6b7a899-09224eadde94e5ee,e7000ac2-9902a467adb93d62,0.24675324675324675,0.2753623188405797
8926151a-5e56a31bb1481ed4,764484c3-b96a5fc3fd9ec3ec,0.24675324675324675,0.25
0588b869-178a29ccfedc3992,bd65846f-dda288a85405877d,0.24675324675324675,0.27941176470588236
a4ec80a0-fa10dc124910b760,69c97258-21e5704deef76ece,0.2465753424657534,0.2535211267605634
13441e8f-5b125e896d439795,0d11fb94-9b58e2541be4dfcb,0.2465753424657534,0.3
16a2a867-abbed6f23596204e,69c97258-21e5704deef76ece,0.2465753424657534,0.2535211267605634
e6b7a899-09224eadde94e5ee,d8e4eb5e-8079445020a594f8,0.2465753424657534,0.2608695652173913
bf992c91-d94ad939d2852a18,8926151a-5e56a31bb1481ed4,0.2465753424657534,0.2571428571428571
eea69e7f-8dab83995204e0df,c4cdd3af-d681944ed10b5e5a,0.2465753424657534,0.28125
734a94be-491555e2a9bcc2a4,d8e4eb5e-8079445020a594f8,0.2463768115942029,0.2786885245901639
4e9c4bf9-d32422ae7aa1d171,0d11fb94-9b58e2541be4dfcb,0.2463768115942029,0.3269230769230769
1162c08f-3a2a31cf33573c4d,d314aa92-9f7dd24f2fa68770,0.2463768115942029,0.34
6653a758-75500306c58aa931,d314aa92-9f7dd24f2fa68770,0.2463768115942029,0.34
9e4ddc38-f08d0e6847f4856a,db01da00-988246098678c280,0.2463768115942029,0.25757575757575757
734a94be-cd0c40be4a89c935,d8e4eb5e-8079445020a594f8,0.2463768115942029,0.2786885245901639
d9f6c257-6be30afb625c7fcc,22b41936-e1a4f2961d5e650a,0.2463768115942029,0.3269230769230769
6bcc5afd-28d9bb844890d9da,034030f3-0fcdc00fa21b2b63,0.24615384615384617,0.2962962962962963
3e191f3b-267f38bf210ab88d,ae775964-023a1237326b6e42,0.24615384615384617,0.3037974683544304
3951966f-72a49600e61410e6,a4e39423-0bca8609e3a20081,0.24598930481283424,0.25842696629213485
034030f3-0fcdc00fa21b2b63,930dd1f1-61ab1c8d80bf7a8d,0.24545454545454545,0.35526315789473684
9bc690ef-eaa1605ae19c8de9,9028caf7-5bfe14d4c3b17f76,0.24539877300613497,0.28169014084507044
9bc690ef-eaa1605ae19c8de9,69b2fd22-5bfe14d4c3b17f76,0.24539877300613497,0.28169014084507044
8e990c75-f9144464a16f2616,7011024d-20824aa80ee40c37,0.24516129032258063,0.25675675675675674
4201fdf7-e9b7491886b37cf0,f4b87cc2-7d332534a27bc5d6,0.24516129032258063,0.27941176470588236
13441e8f-5b125e896d439795,ee4f7b06-0df895503f264db3,0.24489795918367346,0.3
16a2a867-abbed6f23596204e,8926151a-5e56a31bb1481ed4,0.24489795918367346,0.2535211267605634
7b71234c-c144dfdf3c050ab5,d018b49f-e1ae502e5288eb54,0.24489795918367346,0.26865671641791045
12c1cc56-c144dfdf3c050ab5,d018b49f-e1ae502e5288eb54,0.24489795918367346,0.26865671641791045
c06c758d-c144dfdf3c050ab5,d018b49f-e1ae502e5288eb54,0.24489795918367346,0.26865671641791045
ebd8ff55-b7fcefff9d43d956,5ee4d2f9-7b875ec1c8e8e319,0.24489795918367346,0.29508196721311475
9e4ddc38-f08d0e6847f4856a,8c79c384-7673be7788c8bbc1,0.24489795918367346,0.2727272727272727
f6ca6fc8-e7ab163f0a8022bf,22b41936-e1a4f2961d5e650a,0.2446043165467626,0.32075471698113206
cb87df79-e6daab7d8f341736,ee4f7b06-0df895503f264db3,0.2446043165467626,0.3269230769230769
2e1109d7-9902a467adb93d62,930dd1f1-61ab1c8d80bf7a8d,0.2445414847161572,0.32941176470588235
e7000ac2-9902a467adb93d62,930dd1f1-61ab1c8d80bf7a8d,0.2445414847161572,0.32941176470588235
ebd8ff55-b7fcefff9d43d956,bf992c91-d94ad939d2852a18,0.24427480916030533,0.26229508196721313
3e191f3b-267f38bf210ab88d,2e1109d7-9902a467adb93d62,0.24390243902439024,0.25316455696202533
3e191f3b-267f38bf210ab88d,e7000ac2-9902a467adb93d62,0.24390243902439024,0.25316455696202533
69c97258-21e5704deef76ece,93322168-c6d3be538e049476,0.24390243902439024,0.26666666666666666
0fd5b95a-e9d45e7dc0eefa8b,bd65846f-dda288a85405877d,0.24390243902439024,0.2564102564102564
41e72d4f-21bec02e70069337,8f30bfc3-0206ccf1b040138a,0.24390243902439024,0.4
41e72d4f-21bec02e70069337,af1b152e-ecd3dfef045653d5,0.24390243902439024,0.4
d221162a-c21f547a22d9eb13,ae775964-023a1237326b6e42,0.2436548223350254,0.2962962962962963
375489f2-a0444125a74b9ccb,2e1109d7-9902a467adb93d62,0.24358974358974358,0.2676056338028169
69c97258-21e5704deef76ece,d221162a-c21f547a22d9eb13,0.24358974358974358,0.25333333333333335
bf992c91-d94ad939d2852a18,22b41936-e1a4f2961d5e650a,0.24358974358974358,0.2714285714285714
375489f2-a0444125a74b9ccb,e7000ac2-9902a467adb93d62,0.24358974358974358,0.2676056338028169
f4f1b18f-c1a38185306219e8,595f5d6c-7ba61dd9e3df26a6,0.24338624338624337,0.2804878048780488
5dc1f7b3-8c0e00231be211a2,4323e2bd-229894dcd42dbd47,0.24338624338624337,0.2839506172839506
d63e6e3f-68836bbaaea4c108,930dd1f1-61ab1c8d80bf7a8d,0.24324324324324326,0.34615384615384615
734a94be-491555e2a9bcc2a4,ee4f7b06-0df895503f264db3,0.24324324324324326,0.29508196721311475
734a94be-cd0c40be4a89c935,ee4f7b06-0df895503f264db3,0.24324324324324326,0.29508196721311475
6bcc5afd-28d9bb844890d9da,22b41936-e1a4f2961d5e650a,0.24285714285714285,0.3148148148148148
8c79c384-7673be7788c8bbc1,9028caf7-5bfe14d4c3b17f76,0.24277456647398843,0.25925925925925924
8c79c384-7673be7788c8bbc1,69b2fd22-5bfe14d4c3b17f76,0.24277456647398843,0.25925925925925924
96b3758b-d23ef8ff9339c1f0,45f5632f-5ab969465e5a8f59,0.24242424242424243,0.2702702702702703
96b3758b-d23ef8ff9339c1f0,45f5632f-2bd33d3b4d42cb8d,0.24242424242424243,0.2702702702702703
3e191f3b-267f38bf210ab88d,0d11fb94-9b58e2541be4dfcb,0.24242424242424243,0.25316455696202533
764484c3-b96a5fc3fd9ec3ec,ee4f7b06-0df895503f264db3,0.24242424242424243,0.2564102564102564
cb87df79-e6daab7d8f341736,5a74241a-dc901804978ab00a,0.24242424242424243,0.3076923076923077
41e72d4f-21bec02e70069337,3b498a39-34f8b597e4ed27e8,0.24210526315789474,0.30666666666666664
0fd5b95a-e9d45e7dc0eefa8b,3e191f3b-267f38bf210ab88d,0.24203821656050956,0.24358974358974358
8926151a-5e56a31bb1481ed4,5dc1f7b3-8c0e00231be211a2,0.24203821656050956,0.25
a4d6775d-895b97d602f71f4f,c4cdd3af-d681944ed10b5e5a,0.24203821656050956,0.25333333333333335
3d06b643-52fef5e25f21ee7f,c4cdd3af-d681944ed10b5e5a,0.24203821656050956,0.25333333333333335
7bc92b7f-01484e4d0896aace,d221162a-c21f547a22d9eb13,0.24203821656050956,0.25
96b3758b-d23ef8ff9339c1f0,41e72d4f-21bec02e70069337,0.24161073825503357,0.24324324324324326
4201fdf7-e9b7491886b37cf0,7011024d-20824aa80ee40c37,0.24161073825503357,0.2647058823529412
375489f2-a0444125a74b9ccb,764484c3-b96a5fc3fd9ec3ec,0.24161073825503357,0.2535211267605634
4e9c4bf9-d32422ae7aa1d171,a4c98ae1-3942cae7e65d9f37,0.24113475177304963,0.3269230769230769
d9f6c257-6be30afb625c7fcc,3951966f-72a49600e61410e6,0.24113475177304963,0.3269230769230769
764484c3-b96a5fc3fd9ec3ec,b842cf12-f7882fa2c05f3014,0.24096385542168675,0.2564102564102564
bd50e3fe-deb43aa46e8164ed,96b3758b-d23ef8ff9339c1f0,0.24060150375939848,0.2711864406779661
4e9c4bf9-d32422ae7aa1d171,5dc1f7b3-8c0e00231be211a2,0.24060150375939848,0.3076923076923077
034030f3-0fcdc00fa21b2b63,f4f1b18f-c1a38185306219e8,0.24050632911392406,0.25
f4b87cc2-7d332534a27bc5d6,29210e56-e4fcc33dc59803ba,0.24043715846994534,0.25287356321839083
16a2a867-abbed6f23596204e,3e191f3b-267f38bf210ab88d,0.24,0.2535211267605634
4e9c4bf9-d32422ae7aa1d171,a4e39423-0bca8609e3a20081,0.24,0.34615384615384615
e6b7a899-09224eadde94e5ee,5dc1f7b3-8c0e00231be211a2,0.24,0.2608695652173913
ebd8ff55-b7fcefff9d43d956,3951966f-72a49600e61410e6,0.24,0.29508196721311475
d9f6c257-6be30afb625c7fcc,547ee69b-ef33101345e3aff6,0.24,0.28846153846153844
69c97258-21e5704deef76ece,9028caf7-5bfe14d4c3b17f76,0.23952095808383234,0.26666666666666666
69c97258-21e5704deef76ece,69b2fd22-5bfe14d4c3b17f76,0.23952095808383234,0.26666666666666666
7b71234c-c144dfdf3c050ab5,67996c4c-6031a4e4c44a5547,0.23943661971830985,0.2537313432835821
12c1cc56-c144dfdf3c050ab5,67996c4c-6031a4e4c44a5547,0.23943661971830985,0.2537313432835821
c06c758d-c144dfdf3c050ab5,67996c4c-6031a4e4c44a5547,0.23943661971830985,0.2537313432835821
60c85a4f-1cb4672ccc545eb2,4323e2bd-229894dcd42dbd47,0.23923444976076555,0.24752475247524752
6490bbe8-cb4a60be38dd4393,f4f1b18f-c1a38185306219e8,0.2389937106918239,0.24675324675324675
f6ca6fc8-e7ab163f0a8022bf,d221162a-c21f547a22d9eb13,0.23880597014925373,0.3018867924528302
f6ca6fc8-e7ab163f0a8022bf,8c79c384-7673be7788c8bbc1,0.23880597014925373,0.3018867924528302
41e72d4f-21bec02e70069337,60c85a4f-1cb4672ccc545eb2,0.23863636363636365,0.28
69c97258-21e5704deef76ece,034030f3-0fcdc00fa21b2b63,0.23841059602649006,0.24
a4ec80a0-fa10dc124910b760,5a74241a-dc901804978ab00a,0.23841059602649006,0.2535211267605634
8e990c75-f9144464a16f2616,6490bbe8-cb4a60be38dd4393,0.23841059602649006,0.24324324324324326
9bc690ef-eaa1605ae19c8de9,5a74241a-dc901804978ab00a,0.23841059602649006,0.2535211267605634
41e72d4f-21bec02e70069337,8926151a-5e56a31bb1481ed4,0.23841059602649006,0.24
bd50e3fe-deb43aa46e8164ed,9028caf7-5bfe14d4c3b17f76,0.23841059602649006,0.3050847457627119
bd50e3fe-deb43aa46e8164ed,69b2fd22-5bfe14d4c3b17f76,0.23841059602649006,0.3050847457627119
bf992c91-d94ad939d2852a18,8c79c384-7673be7788c8bbc1,0.23841059602649006,0.2571428571428571
375489f2-a0444125a74b9ccb,5a74241a-dc901804978ab00a,0.23841059602649006,0.2535211267605634
4e9c4bf9-d32422ae7aa1d171,96b3758b-d23ef8ff9339c1f0,0.23809523809523808,0.28846153846153844
13441e8f-5b125e896d439795,9e4ddc38-f08d0e6847f4856a,0.23809523809523808,0.25
f4f1b18f-c1a38185306219e8,0d11fb94-9b58e2541be4dfcb,0.23809523809523808,0.24390243902439024
bd50e3fe-deb43aa46e8164ed,11d91f31-d6dac8853a738e43,0.23809523809523808,0.2542372881355932
2c7a0000-0b8bb8afaf26c254,7b71234c-c144dfdf3c050ab5,0.23809523809523808,0.2542372881355932
2c7a0000-0b8bb8afaf26c254,12c1cc56-c144dfdf3c050ab5,0.23809523809523808,0.2542372881355932
2c7a0000-0b8bb8afaf26c254,c06c758d-c144dfdf3c050ab5,0.23809523809523808,0.2542372881355932
9e4ddc38-f08d0e6847f4856a,930dd1f1-61ab1c8d80bf7a8d,0.23809523809523808,0.3787878787878788
4201fdf7-e9b7491886b37cf0,41e72d4f-21bec02e70069337,0.23776223776223776,0.25
734a94be-491555e2a9bcc2a4,c4cdd3af-d681944ed10b5e5a,0.23776223776223776,0.2786885245901639
cb87df79-e6daab7d8f341736,45f5632f-5ab969465e5a8f59,0.23776223776223776,0.3269230769230769
ebd8ff55-b7fcefff9d43d956,c4cdd3af-d681944ed10b5e5a,0.23776223776223776,0.2786885245901639
734a94be-cd0c40be4a89c935,c4cdd3af-d681944ed10b5e5a,0.23776223776223776,0.2786885245901639
cb87df79-e6daab7d8f341736,45f5632f-2bd33d3b4d42cb8d,0.23776223776223776,0.3269230769230769
5ce1fe32-9ffbc9498a417876,93322168-c6d3be538e049476,0.2375,0.2676056338028169
2ebeae13-f6d98bc6e8762f12,5ee4d2f9-7b875ec1c8e8e319,0.2375,0.25675675675675674
f9e08a46-5d34e200f915e8d0,29210e56-e4fcc33dc59803ba,0.2375,0.296875
16a2a867-abbed6f23596204e,93322168-c6d3be538e049476,0.2375,0.2676056338028169
3e191f3b-267f38bf210ab88d,b38468e8-355e4e494f76a9c6,0.23728813559322035,0.26582278481012656
d314aa92-9f7dd24f2fa68770,93322168-c6d3be538e049476,0.23728813559322035,0.23863636363636365
eea69e7f-8dab83995204e0df,5ce1fe32-9ffbc9498a417876,0.23703703703703705,0.25
6bcc5afd-28d9bb844890d9da,d221162a-c21f547a22d9eb13,0.23703703703703705,0.2962962962962963
6bcc5afd-28d9bb844890d9da,8c79c384-7673be7788c8bbc1,0.23703703703703705,0.2962962962962963
8ddb5587-69fda5215b397350,bf992c91-d94ad939d2852a18,0.23703703703703705,0.24615384615384617
9e4ddc38-f08d0e6847f4856a,bd65846f-dda288a85405877d,0.23684210526315788,0.2727272727272727
f4f1b18f-c1a38185306219e8,f4b87cc2-7d332534a27bc5d6,0.23668639053254437,0.24390243902439024
3e191f3b-267f38bf210ab88d,595f5d6c-7ba61dd9e3df26a6,0.23655913978494625,0.27848101265822783
67996c4c-6031a4e4c44a5547,0d11fb94-9b58e2541be4dfcb,0.2360248447204969,0.25333333333333335
8ddb5587-69fda5215b397350,29210e56-e4fcc33dc59803ba,0.2360248447204969,0.2923076923076923
034030f3-0fcdc00fa21b2b63,d8e4eb5e-8079445020a594f8,0.23529411764705882,0.23684210526315788
11373c16-325c2a81744d6c63,8f855b99-1e222b61dfa2ec7f,0.23529411764705882,0.2608695652173913
5ce1fe32-9ffbc9498a417876,c4cdd3af-d681944ed10b5e5a,0.23529411764705882,0.2535211267605634
96b3758b-d23ef8ff9339c1f0,3e191f3b-267f38bf210ab88d,0.23529411764705882,0.24324324324324326
0588b869-178a29ccfedc3992,4201fdf7-e9b7491886b37cf0,0.23529411764705882,0.23529411764705882
1162c08f-3a2a31cf33573c4d,4e9c4bf9-d32422ae7aa1d171,0.23529411764705882,0.24
6653a758-75500306c58aa931,4e9c4bf9-d32422ae7aa1d171,0.23529411764705882,0.24
41e72d4f-21bec02e70069337,0fd5b95a-e9d45e7dc0eefa8b,0.23529411764705882,0.24
141effef-1bfb859e38d0541d,d314aa92-9f7dd24f2fa68770,0.23529411764705882,0.27692307692307694
7011024d-20824aa80ee40c37,93322168-c6d3be538e049476,0.23529411764705882,0.24691358024691357
8f855b99-1e222b61dfa2ec7f,bd65846f-dda288a85405877d,0.23529411764705882,0.23809523809523808
b842cf12-f7882fa2c05f3014,4323e2bd-229894dcd42dbd47,0.23469387755102042,0.26136363636363635
a4e39423-0bca8609e3a20081,b38468e8-355e4e494f76a9c6,0.23469387755102042,0.23469387755102042
7011024d-20824aa80ee40c37,a4e39423-0bca8609e3a20081,0.2346368715083799,0.25925925925925924
034030f3-0fcdc00fa21b2b63,5ee4d2f9-7b875ec1c8e8e319,0.2345679012345679,0.25
547ee69b-ef33101345e3aff6,a4c98ae1-3942cae7e65d9f37,0.2345679012345679,0.2602739726027397
7bc92b7f-01484e4d0896aace,0d11fb94-9b58e2541be4dfcb,0.2345679012345679,0.25
13441e8f-5b125e896d439795,2e1109d7-9902a467adb93d62,0.23448275862068965,0.2833333333333333
13441e8f-5b125e896d439795,e7000ac2-9902a467adb93d62,0.23448275862068965,0.2833333333333333
2c7a0000-0b8bb8afaf26c254,0d11fb94-9b58e2541be4dfcb,0.23448275862068965,0.288135593220339
bd50e3fe-deb43aa46e8164ed,22b41936-e1a4f2961d5e650a,0.23448275862068965,0.288135593220339
141effef-1bfb859e38d0541d,5a74241a-dc901804978ab00a,0.23448275862068965,0.26153846153846155
c4cdd3af-d681944ed10b5e5a,3951966f-72a49600e61410e6,0.23391812865497075,0.24390243902439024
ba8800f5-754ce975c68dc482,3e191f3b-267f38bf210ab88d,0.23376623376623376,0.24
2470b521-019c23f7e919baa8,f4f1b18f-c1a38185306219e8,0.23376623376623376,0.25
9e4ddc38-f08d0e6847f4856a,b842cf12-f7882fa2c05f3014,0.23376623376623376,0.2727272727272727
11d91f31-d6dac8853a738e43,ee4f7b06-0df895503f264db3,0.23376623376623376,0.26865671641791045
6490bbe8-cb4a60be38dd4393,d8e4eb5e-8079445020a594f8,0.23376623376623376,0.23376623376623376
7b71234c-c144dfdf3c050ab5,f4b87cc2-7d332534a27bc5d6,0.23376623376623376,0.26865671641791045
12c1cc56-c144dfdf3c050ab5,f4b87cc2-7d332534a27bc5d6,0.23376623376623376,0.26865671641791045
c06c758d-c144dfdf3c050ab5,f4b87cc2-7d332534a27bc5d6,0.23376623376623376,0.26865671641791045
2da4b3fe-e5141fdf3cc061b7,d63e6e3f-68836bbaaea4c108,0.23357664233576642,0.2711864406779661
7011024d-20824aa80ee40c37,ae775964-023a1237326b6e42,0.233502538071066,0.2839506172839506
e6b7a899-09224eadde94e5ee,8f30bfc3-0206ccf1b040138a,0.23333333333333334,0.4057971014492754
e6b7a899-09224eadde94e5ee,af1b152e-ecd3dfef045653d5,0.23333333333333334,0.4057971014492754
034030f3-0fcdc00fa21b2b63,9cea10af-0b3023dfc77d153a,0.2331288343558282,0.25
14b0fb8e-37daaf5ae4723931,d314aa92-9f7dd24f2fa68770,0.2331288343558282,0.25333333333333335
6490bbe8-cb4a60be38dd4393,5ee4d2f9-7b875ec1c8e8e319,0.2331288343558282,0.24675324675324675
41e72d4f-21bec02e70069337,d314aa92-9f7dd24f2fa68770,0.2331288343558282,0.25333333333333335
f9e08a46-5d34e200f915e8d0,f4f1b18f-c1a38185306219e8,0.2328767123287671,0.265625
5ce1fe32-9ffbc9498a417876,60c85a4f-1cb4672ccc545eb2,0.23255813953488372,0.28169014084507044
96b3758b-d23ef8ff9339c1f0,a4e39423-0bca8609e3a20081,0.23255813953488372,0.2702702702702703
8e990c75-f9144464a16f2616,d221162a-c21f547a22d9eb13,0.23225806451612904,0.24324324324324326
3951966f-72a49600e61410e6,9028caf7-5bfe14d4c3b17f76,0.23204419889502761,0.23595505617977527
3951966f-72a49600e61410e6,69b2fd22-5bfe14d4c3b17f76,0.23204419889502761,0.23595505617977527
13441e8f-5b125e896d439795,d63e6e3f-68836bbaaea4c108,0.2318840579710145,0.26666666666666666
cb87df79-e6daab7d8f341736,0d11fb94-9b58e2541be4dfcb,0.2318840579710145,0.3076923076923077
d9f6c257-6be30afb625c7fcc,0d11fb94-9b58e2541be4dfcb,0.2318840579710145,0.3076923076923077
ba8800f5-754ce975c68dc482,93322168-c6d3be538e049476,0.23170731707317074,0.25333333333333335
d8e4eb5e-8079445020a594f8,f4b87cc2-7d332534a27bc5d6,0.23170731707317074,0.24675324675324675
375489f2-a0444125a74b9ccb,034030f3-0fcdc00fa21b2b63,0.23129251700680273,0.23943661971830985
ebd8ff55-b7fcefff9d43d956,0d11fb94-9b58e2541be4dfcb,0.23129251700680273,0.2786885245901639
9e4ddc38-f08d0e6847f4856a,7011024d-20824aa80ee40c37,0.23129251700680273,0.25757575757575757
bf992c91-d94ad939d2852a18,6490bbe8-cb4a60be38dd4393,0.23129251700680273,0.24285714285714285
2da4b3fe-e5141fdf3cc061b7,a4ec80a0-fa10dc124910b760,0.23076923076923078,0.2542372881355932
8e990c75-f9144464a16f2616,f4f1b18f-c1a38185306219e8,0.23076923076923078,0.24324324324324326
4e9c4bf9-d32422ae7aa1d171,0fd5b95a-e9d45e7dc0eefa8b,0.23076923076923078,0.28846153846153844
e6b7a899-09224eadde94e5ee,ee4f7b06-0df895503f264db3,0.23076923076923078,0.2608695652173913
cb87df79-e6daab7d8f341736,0fd5b95a-e9d45e7dc0eefa8b,0.23076923076923078,0.28846153846153844
7bc92b7f-01484e4d0896aace,a4c98ae1-3942cae7e65d9f37,0.23030303030303031,0.25
0588b869-178a29ccfedc3992,5ce1fe32-9ffbc9498a417876,0.2302158273381295,0.23529411764705882
ae775964-023a1237326b6e42,8f30bfc3-0206ccf1b040138a,0.22996515679442509,0.28448275862068967
ae775964-023a1237326b6e42,af1b152e-ecd3dfef045653d5,0.22996515679442509,0.28448275862068967
ebd8ff55-b7fcefff9d43d956,9cea10af-0b3023dfc77d153a,0.22972972972972974,0.2786885245901639
5ce1fe32-9ffbc9498a417876,6490bbe8-cb4a60be38dd4393,0.22972972972972974,0.23943661971830985
eea69e7f-8dab83995204e0df,8f855b99-1e222b61dfa2ec7f,0.22972972972972974,0.265625
547ee69b-ef33101345e3aff6,a4d6775d-895b97d602f71f4f,0.22972972972972974,0.2328767123287671
547ee69b-ef33101345e3aff6,3d06b643-52fef5e25f21ee7f,0.22972972972972974,0.2328767123287671
2da4b3fe-e5141fdf3cc061b7,3951966f-72a49600e61410e6,0.22972972972972974,0.288135593220339
034030f3-0fcdc00fa21b2b63,595f5d6c-7ba61dd9e3df26a6,0.22950819672131148,0.27631578947368424
45f5632f-5ab969465e5a8f59,9028caf7-5bfe14d4c3b17f76,0.22950819672131148,0.23076923076923078
45f5632f-5ab969465e5a8f59,69b2fd22-5bfe14d4c3b17f76,0.22950819672131148,0.23076923076923078
45f5632f-2bd33d3b4d42cb8d,9028caf7-5bfe14d4c3b17f76,0.22950819672131148,0.23076923076923078
45f5632f-2bd33d3b4d42cb8d,69b2fd22-5bfe14d4c3b17f76,0.22950819672131148,0.23076923076923078
bf992c91-d94ad939d2852a18,9cea10af-0b3023dfc77d153a,0.22929936305732485,0.2571428571428571
14b0fb8e-37daaf5ae4723931,c4cdd3af-d681944ed10b5e5a,0.22929936305732485,0.24
547ee69b-ef33101345e3aff6,8f855b99-1e222b61dfa2ec7f,0.22929936305732485,0.2465753424657534
bd50e3fe-deb43aa46e8164ed,db01da00-988246098678c280,0.22900763358778625,0.2542372881355932
3e191f3b-267f38bf210ab88d,9cea10af-0b3023dfc77d153a,0.2289156626506024,0.24050632911392406
3e191f3b-267f38bf210ab88d,ee4f7b06-0df895503f264db3,0.2289156626506024,0.24050632911392406
8ddb5587-69fda5215b397350,60c85a4f-1cb4672ccc545eb2,0.2289156626506024,0.2923076923076923
0588b869-178a29ccfedc3992,b38468e8-355e4e494f76a9c6,0.2289156626506024,0.27941176470588236
5ee4d2f9-7b875ec1c8e8e319,3b498a39-34f8b597e4ed27e8,0.22885572139303484,0.26744186046511625
0d11fb94-9b58e2541be4dfcb,3b498a39-34f8b597e4ed27e8,0.22885572139303484,0.26744186046511625
4e9c4bf9-d32422ae7aa1d171,d314aa92-9f7dd24f2fa68770,0.22857142857142856,0.3076923076923077
2c7a0000-0b8bb8afaf26c254,5dc1f7b3-8c0e00231be211a2,0.22857142857142856,0.2711864406779661
bd65846f-dda288a85405877d,3951966f-72a49600e61410e6,0.22857142857142856,0.23255813953488372
034030f3-0fcdc00fa21b2b63,4323e2bd-229894dcd42dbd47,0.22826086956521738,0.27631578947368424
bd65846f-dda288a85405877d,a4e39423-0bca8609e3a20081,0.22826086956521738,0.2441860465116279
8e990c75-f9144464a16f2616,67996c4c-6031a4e4c44a5547,0.22818791946308725,0.22972972972972974
8e990c75-f9144464a16f2616,14b0fb8e-37daaf5ae4723931,0.22818791946308725,0.22972972972972974
46e9aed4-c477cb844c1e1d56,22b41936-e1a4f2961d5e650a,0.22784810126582278,0.25
764484c3-b96a5fc3fd9ec3ec,b38468e8-355e4e494f76a9c6,0.22727272727272727,0.2564102564102564
7b71234c-c144dfdf3c050ab5,96b3758b-d23ef8ff9339c1f0,0.22695035460992907,0.23880597014925373
12c1cc56-c144dfdf3c050ab5,96b3758b-d23ef8ff9339c1f0,0.22695035460992907,0.23880597014925373
c06c758d-c144dfdf3c050ab5,96b3758b-d23ef8ff9339c1f0,0.22695035460992907,0.23880597014925373
9e4ddc38-f08d0e6847f4856a,14b0fb8e-37daaf5ae4723931,0.22695035460992907,0.24242424242424243
9e4ddc38-f08d0e6847f4856a,a4d6775d-895b97d602f71f4f,0.22695035460992907,0.24242424242424243
9e4ddc38-f08d0e6847f4856a,3d06b643-52fef5e25f21ee7f,0.22695035460992907,0.24242424242424243
46e9aed4-c477cb844c1e1d56,d63e6e3f-68836bbaaea4c108,0.22666666666666666,0.2361111111111111
8e990c75-f9144464a16f2616,034030f3-0fcdc00fa21b2b63,0.22666666666666666,0.22972972972972974
375489f2-a0444125a74b9ccb,3e191f3b-267f38bf210ab88d,0.22666666666666666,0.23943661971830985
734a94be-491555e2a9bcc2a4,a4c98ae1-3942cae7e65d9f37,0.22666666666666666,0.2786885245901639
734a94be-cd0c40be4a89c935,a4c98ae1-3942cae7e65d9f37,0.22666666666666666,0.2786885245901639
f9e08a46-5d34e200f915e8d0,22b41936-e1a4f2961d5e650a,0.22666666666666666,0.265625
46e9aed4-c477cb844c1e1d56,ee4f7b06-0df895503f264db3,0.22641509433962265,0.25
67996c4c-6031a4e4c44a5547,8f855b99-1e222b61dfa2ec7f,0.22641509433962265,0.24
9bc690ef-eaa1605ae19c8de9,d314aa92-9f7dd24f2fa68770,0.22641509433962265,0.2535211267605634
a4d6775d-895b97d602f71f4f,8f855b99-1e222b61dfa2ec7f,0.22641509433962265,0.24
3d06b643-52fef5e25f21ee7f,8f855b99-1e222b61dfa2ec7f,0.22641509433962265,0.24
1162c08f-3a2a31cf33573c4d,8f30bfc3-0206ccf1b040138a,0.22624434389140272,0.5
1162c08f-3a2a31cf33573c4d,af1b152e-ecd3dfef045653d5,0.22624434389140272,0.5
6653a758-75500306c58aa931,8f30bfc3-0206ccf1b040138a,0.22624434389140272,0.5
6653a758-75500306c58aa931,af1b152e-ecd3dfef045653d5,0.22624434389140272,0.5
bf992c91-d94ad939d2852a18,b38468e8-355e4e494f76a9c6,0.2261904761904762,0.2714285714285714
6bcc5afd-28d9bb844890d9da,bf992c91-d94ad939d2852a18,0.22580645161290322,0.25925925925925924
4201fdf7-e9b7491886b37cf0,96b3758b-d23ef8ff9339c1f0,0.22535211267605634,0.23529411764705882
4201fdf7-e9b7491886b37cf0,8e990c75-f9144464a16f2616,0.22535211267605634,0.23529411764705882
e6b7a899-09224eadde94e5ee,547ee69b-ef33101345e3aff6,0.22535211267605634,0.2318840579710145
14b0fb8e-37daaf5ae4723931,034030f3-0fcdc00fa21b2b63,0.2251655629139073,0.22666666666666666
a4d6775d-895b97d602f71f4f,2e1109d7-9902a467adb93d62,0.225,0.24
3d06b643-52fef5e25f21ee7f,2e1109d7-9902a467adb93d62,0.225,0.24
5ce1fe32-9ffbc9498a417876,a4c98ae1-3942cae7e65d9f37,0.225,0.2535211267605634
a4d6775d-895b97d602f71f4f,e7000ac2-9902a467adb93d62,0.225,0.24
3d06b643-52fef5e25f21ee7f,e7000ac2-9902a467adb93d62,0.225,0.24
375489f2-a0444125a74b9ccb,b38468e8-355e4e494f76a9c6,0.22485207100591717,0.2676056338028169
9e4ddc38-f08d0e6847f4856a,6490bbe8-cb4a60be38dd4393,0.22377622377622378,0.24242424242424243
67996c4c-6031a4e4c44a5547,d8e4eb5e-8079445020a594f8,0.2236842105263158,0.22666666666666666
0588b869-178a29ccfedc3992,8f855b99-1e222b61dfa2ec7f,0.2236842105263158,0.25
3e191f3b-267f38bf210ab88d,c4cdd3af-d681944ed10b5e5a,0.2236024844720497,0.22784810126582278
11373c16-325c2a81744d6c63,60c85a4f-1cb4672ccc545eb2,0.2235294117647059,0.2753623188405797
764484c3-b96a5fc3fd9ec3ec,60c85a4f-1cb4672ccc545eb2,0.22346368715083798,0.2564102564102564
2e1109d7-9902a467adb93d62,bd65846f-dda288a85405877d,0.2222222222222222,0.2235294117647059
8e990c75-f9144464a16f2616,d314aa92-9f7dd24f2fa68770,0.2222222222222222,0.24324324324324326
16a2a867-abbed6f23596204e,45f5632f-5ab969465e5a8f59,0.2222222222222222,0.2535211267605634
0588b869-178a29ccfedc3992,8926151a-5e56a31bb1481ed4,0.2222222222222222,0.23529411764705882
f9e08a46-5d34e200f915e8d0,a4c98ae1-3942cae7e65d9f37,0.2222222222222222,0.265625
5dc1f7b3-8c0e00231be211a2,d221162a-c21f547a22d9eb13,0.2222222222222222,0.2222222222222222
ebd8ff55-b7fcefff9d43d956,9028caf7-5bfe14d4c3b17f76,0.2222222222222222,0.2786885245901639
ebd8ff55-b7fcefff9d43d956,69b2fd22-5bfe14d4c3b17f76,0.2222222222222222,0.2786885245901639
7bc92b7f-01484e4d0896aace,d8e4eb5e-8079445020a594f8,0.2222222222222222,0.2236842105263158
7b71234c-c144dfdf3c050ab5,22b41936-e1a4f2961d5e650a,0.2222222222222222,0.2537313432835821
12c1cc56-c144dfdf3c050ab5,22b41936-e1a4f2961d5e650a,0.2222222222222222,0.2537313432835821
c06c758d-c144dfdf3c050ab5,22b41936-e1a4f2961d5e650a,0.2222222222222222,0.2537313432835821
f9e08a46-5d34e200f915e8d0,3951966f-72a49600e61410e6,0.2222222222222222,0.265625
375489f2-a0444125a74b9ccb,547ee69b-ef33101345e3aff6,0.2222222222222222,0.22535211267605634
e7000ac2-9902a467adb93d62,bd65846f-dda288a85405877d,0.2222222222222222,0.2235294117647059
7011024d-20824aa80ee40c37,8f30bfc3-0206ccf1b040138a,0.2222222222222222,0.345679012345679
7011024d-20824aa80ee40c37,af1b152e-ecd3dfef045653d5,0.2222222222222222,0.345679012345679
16a2a867-abbed6f23596204e,45f5632f-2bd33d3b4d42cb8d,0.2222222222222222,0.2535211267605634
c4cdd3af-d681944ed10b5e5a,8f30bfc3-0206ccf1b040138a,0.22134387351778656,0.34146341463414637
c4cdd3af-d681944ed10b5e5a,af1b152e-ecd3dfef045653d5,0.22134387351778656,0.34146341463414637
f9e08a46-5d34e200f915e8d0,8f30bfc3-0206ccf1b040138a,0.22127659574468084,0.40625
f9e08a46-5d34e200f915e8d0,af1b152e-ecd3dfef045653d5,0.22127659574468084,0.40625
f4f1b18f-c1a38185306219e8,4323e2bd-229894dcd42dbd47,0.22105263157894736,0.25609756097560976
9e4ddc38-f08d0e6847f4856a,3b498a39-34f8b597e4ed27e8,0.22099447513812154,0.30303030303030304
034030f3-0fcdc00fa21b2b63,f4b87cc2-7d332534a27bc5d6,0.22085889570552147,0.23684210526315788
41e72d4f-21bec02e70069337,b842cf12-f7882fa2c05f3014,0.22085889570552147,0.24
7b71234c-c144dfdf3c050ab5,d63e6e3f-68836bbaaea4c108,0.2206896551724138,0.23880597014925373
12c1cc56-c144dfdf3c050ab5,d63e6e3f-68836bbaaea4c108,0.2206896551724138,0.23880597014925373
c06c758d-c144dfdf3c050ab5,d63e6e3f-68836bbaaea4c108,0.2206896551724138,0.23880597014925373
bf992c91-d94ad939d2852a18,a4d6775d-895b97d602f71f4f,0.2206896551724138,0.22857142857142856
bd50e3fe-deb43aa46e8164ed,0d11fb94-9b58e2541be4dfcb,0.2206896551724138,0.2711864406779661
bf992c91-d94ad939d2852a18,3d06b643-52fef5e25f21ee7f,0.2206896551724138,0.22857142857142856
9e4ddc38-f08d0e6847f4856a,bf992c91-d94ad939d2852a18,0.22058823529411764,0.22727272727272727
f6ca6fc8-e7ab163f0a8022bf,141effef-1bfb859e38d0541d,0.22033898305084745,0.24528301886792453
034030f3-0fcdc00fa21b2b63,3b498a39-34f8b597e4ed27e8,0.2198952879581152,0.27631578947368424
8e990c75-f9144464a16f2616,2acaa7df-7cb445c7c8ad9468,0.21965317919075145,0.25675675675675674
67996c4c-6031a4e4c44a5547,b38468e8-355e4e494f76a9c6,0.21965317919075145,0.25333333333333335
5a74241a-dc901804978ab00a,8f855b99-1e222b61dfa2ec7f,0.21951219512195122,0.225
11373c16-325c2a81744d6c63,5ee4d2f9-7b875ec1c8e8e319,0.21935483870967742,0.2463768115942029
11373c16-325c2a81744d6c63,bd65846f-dda288a85405877d,0.21935483870967742,0.2463768115942029
8926151a-5e56a31bb1481ed4,3e191f3b-267f38bf210ab88d,0.21935483870967742,0.2236842105263158
7b71234c-c144dfdf3c050ab5,d314aa92-9f7dd24f2fa68770,0.21935483870967742,0.2537313432835821
12c1cc56-c144dfdf3c050ab5,d314aa92-9f7dd24f2fa68770,0.21935483870967742,0.2537313432835821
c06c758d-c144dfdf3c050ab5,d314aa92-9f7dd24f2fa68770,0.21935483870967742,0.2537313432835821
5ce1fe32-9ffbc9498a417876,a4d6775d-895b97d602f71f4f,0.2191780821917808,0.22535211267605634
5ce1fe32-9ffbc9498a417876,3d06b643-52fef5e25f21ee7f,0.2191780821917808,0.22535211267605634
ebd8ff55-b7fcefff9d43d956,034030f3-0fcdc00fa21b2b63,0.21897810218978103,0.2459016393442623
13441e8f-5b125e896d439795,d8e4eb5e-8079445020a594f8,0.21897810218978103,0.25
bd50e3fe-deb43aa46e8164ed,0fd5b95a-e9d45e7dc0eefa8b,0.21897810218978103,0.2542372881355932
2e1109d7-9902a467adb93d62,a4e39423-0bca8609e3a20081,0.2185792349726776,0.23529411764705882
e7000ac2-9902a467adb93d62,a4e39423-0bca8609e3a20081,0.2185792349726776,0.23529411764705882
4e9c4bf9-d32422ae7aa1d171,7b71234c-c144dfdf3c050ab5,0.2184873949579832,0.25
4e9c4bf9-d32422ae7aa1d171,12c1cc56-c144dfdf3c050ab5,0.2184873949579832,0.25
4e9c4bf9-d32422ae7aa1d171,c06c758d-c144dfdf3c050ab5,0.2184873949579832,0.25
6bcc5afd-28d9bb844890d9da,141effef-1bfb859e38d0541d,0.2184873949579832,0.24074074074074073
2e1109d7-9902a467adb93d62,a4c98ae1-3942cae7e65d9f37,0.21839080459770116,0.2235294117647059
e7000ac2-9902a467adb93d62,a4c98ae1-3942cae7e65d9f37,0.21839080459770116,0.2235294117647059
547ee69b-ef33101345e3aff6,60c85a4f-1cb4672ccc545eb2,0.21839080459770116,0.2602739726027397
bd65846f-dda288a85405877d,d314aa92-9f7dd24f2fa68770,0.21839080459770116,0.22093023255813954
3e191f3b-267f38bf210ab88d,5ee4d2f9-7b875ec1c8e8e319,0.21818181818181817,0.22784810126582278
11d91f31-d6dac8853a738e43,b38468e8-355e4e494f76a9c6,0.21818181818181817,0.26865671641791045
7b71234c-c144dfdf3c050ab5,b38468e8-355e4e494f76a9c6,0.21818181818181817,0.26865671641791045
12c1cc56-c144dfdf3c050ab5,b38468e8-355e4e494f76a9c6,0.21818181818181817,0.26865671641791045
c06c758d-c144dfdf3c050ab5,b38468e8-355e4e494f76a9c6,0.21818181818181817,0.26865671641791045
547ee69b-ef33101345e3aff6,9028caf7-5bfe14d4c3b17f76,0.21818181818181817,0.2465753424657534
547ee69b-ef33101345e3aff6,69b2fd22-5bfe14d4c3b17f76,0.21818181818181817,0.2465753424657534
5ce1fe32-9ffbc9498a417876,2e1109d7-9902a467adb93d62,0.21794871794871795,0.23943661971830985
5ce1fe32-9ffbc9498a417876,e7000ac2-9902a467adb93d62,0.21794871794871795,0.23943661971830985
d8e4eb5e-8079445020a594f8,3e191f3b-267f38bf210ab88d,0.21794871794871795,0.22077922077922077
11d91f31-d6dac8853a738e43,a4c98ae1-3942cae7e65d9f37,0.21794871794871795,0.2537313432835821
8ddb5587-69fda5215b397350,547ee69b-ef33101345e3aff6,0.21739130434782608,0.23076923076923078
f6ca6fc8-e7ab163f0a8022bf,8926151a-5e56a31bb1481ed4,0.21705426356589147,0.2641509433962264
2c7a0000-0b8bb8afaf26c254,930dd1f1-61ab1c8d80bf7a8d,0.21674876847290642,0.3728813559322034
67996c4c-6031a4e4c44a5547,f4f1b18f-c1a38185306219e8,0.21656050955414013,0.22666666666666666
2c7a0000-0b8bb8afaf26c254,a4e39423-0bca8609e3a20081,0.21656050955414013,0.288135593220339
141effef-1bfb859e38d0541d,9028caf7-5bfe14d4c3b17f76,0.21656050955414013,0.26153846153846155
141effef-1bfb859e38d0541d,69b2fd22-5bfe14d4c3b17f76,0.21656050955414013,0.26153846153846155
d63e6e3f-68836bbaaea4c108,595f5d6c-7ba61dd9e3df26a6,0.21621621621621623,0.2564102564102564
2470b521-019c23f7e919baa8,8926151a-5e56a31bb1481ed4,0.21621621621621623,0.2222222222222222
cb87df79-e6daab7d8f341736,bd50e3fe-deb43aa46e8164ed,0.21621621621621623,0.23076923076923078
3e191f3b-267f38bf210ab88d,8f30bfc3-0206ccf1b040138a,0.216,0.34177215189873417
3e191f3b-267f38bf210ab88d,af1b152e-ecd3dfef045653d5,0.216,0.34177215189873417
69c97258-21e5704deef76ece,60c85a4f-1cb4672ccc545eb2,0.2159090909090909,0.25333333333333335
0fd5b95a-e9d45e7dc0eefa8b,a4e39423-0bca8609e3a20081,0.2159090909090909,0.24358974358974358
11373c16-325c2a81744d6c63,bf992c91-d94ad939d2852a18,0.2158273381294964,0.21739130434782608
3e191f3b-267f38bf210ab88d,b842cf12-f7882fa2c05f3014,0.2155688622754491,0.22784810126582278
14b0fb8e-37daaf5ae4723931,9028caf7-5bfe14d4c3b17f76,0.2155688622754491,0.24
14b0fb8e-37daaf5ae4723931,69b2fd22-5bfe14d4c3b17f76,0.2155688622754491,0.24
8926151a-5e56a31bb1481ed4,45f5632f-5ab969465e5a8f59,0.2155688622754491,0.23684210526315788
8926151a-5e56a31bb1481ed4,45f5632f-2bd33d3b4d42cb8d,0.2155688622754491,0.23684210526315788
5a74241a-dc901804978ab00a,3b498a39-34f8b597e4ed27e8,0.2153846153846154,0.2625
7b71234c-c144dfdf3c050ab5,45f5632f-5ab969465e5a8f59,0.21518987341772153,0.2537313432835821
12c1cc56-c144dfdf3c050ab5,45f5632f-5ab969465e5a8f59,0.21518987341772153,0.2537313432835821
c06c758d-c144dfdf3c050ab5,45f5632f-5ab969465e5a8f59,0.21518987341772153,0.2537313432835821
bf992c91-d94ad939d2852a18,d314aa92-9f7dd24f2fa68770,0.21518987341772153,0.24285714285714285
d8e4eb5e-8079445020a594f8,d221162a-c21f547a22d9eb13,0.21518987341772153,0.22077922077922077
d8e4eb5e-8079445020a594f8,8c79c384-7673be7788c8bbc1,0.21518987341772153,0.22077922077922077
7b71234c-c144dfdf3c050ab5,45f5632f-2bd33d3b4d42cb8d,0.21518987341772153,0.2537313432835821
db01da00-988246098678c280,bd65846f-dda288a85405877d,0.21518987341772153,0.2361111111111111
2470b521-019c23f7e919baa8,bd65846f-dda288a85405877d,0.21518987341772153,0.2361111111111111
12c1cc56-c144dfdf3c050ab5,45f5632f-2bd33d3b4d42cb8d,0.21518987341772153,0.2537313432835821
c06c758d-c144dfdf3c050ab5,45f5632f-2bd33d3b4d42cb8d,0.21518987341772153,0.2537313432835821
375489f2-a0444125a74b9ccb,d63e6e3f-68836bbaaea4c108,0.21476510067114093,0.22535211267605634
5ce1fe32-9ffbc9498a417876,0fd5b95a-e9d45e7dc0eefa8b,0.21476510067114093,0.22535211267605634
034030f3-0fcdc00fa21b2b63,60c85a4f-1cb4672ccc545eb2,0.21468926553672316,0.25
ebd8ff55-b7fcefff9d43d956,930dd1f1-61ab1c8d80bf7a8d,0.2146341463414634,0.36065573770491804
93322168-c6d3be538e049476,930dd1f1-61ab1c8d80bf7a8d,0.2145922746781116,0.2808988764044944
4201fdf7-e9b7491886b37cf0,2470b521-019c23f7e919baa8,0.21428571428571427,0.22058823529411764
4e9c4bf9-d32422ae7aa1d171,b842cf12-f7882fa2c05f3014,0.21428571428571427,0.28846153846153844
5dc1f7b3-8c0e00231be211a2,f4b87cc2-7d332534a27bc5d6,0.21428571428571427,0.2222222222222222
2c7a0000-0b8bb8afaf26c254,d221162a-c21f547a22d9eb13,0.21428571428571427,0.2542372881355932
2c7a0000-0b8bb8afaf26c254,8c79c384-7673be7788c8bbc1,0.21428571428571427,0.2542372881355932
9bc690ef-eaa1605ae19c8de9,ae775964-023a1237326b6e42,0.21390374331550802,0.28169014084507044
d314aa92-9f7dd24f2fa68770,2acaa7df-7cb445c7c8ad9468,0.21390374331550802,0.22727272727272727
3e191f3b-267f38bf210ab88d,d018b49f-e1ae502e5288eb54,0.2138364779874214,0.21518987341772153
16a2a867-abbed6f23596204e,d314aa92-9f7dd24f2fa68770,0.2138364779874214,0.23943661971830985
bd50e3fe-deb43aa46e8164ed,46e9aed4-c477cb844c1e1d56,0.21374045801526717,0.23728813559322035
22b41936-e1a4f2961d5e650a,9028caf7-5bfe14d4c3b17f76,0.21348314606741572,0.22093023255813954
22b41936-e1a4f2961d5e650a,69b2fd22-5bfe14d4c3b17f76,0.21348314606741572,0.22093023255813954
96b3758b-d23ef8ff9339c1f0,8926151a-5e56a31bb1481ed4,0.21333333333333335,0.21621621621621623
eea69e7f-8dab83995204e0df,22b41936-e1a4f2961d5e650a,0.21333333333333335,0.25
f4f1b18f-c1a38185306219e8,9cea10af-0b3023dfc77d153a,0.21301775147928995,0.21951219512195122
a4ec80a0-fa10dc124910b760,a4e39423-0bca8609e3a20081,0.21301775147928995,0.2535211267605634
4e9c4bf9-d32422ae7aa1d171,3951966f-72a49600e61410e6,0.2127659574468085,0.28846153846153844
2470b521-019c23f7e919baa8,ae775964-023a1237326b6e42,0.2127659574468085,0.2777777777777778
5ce1fe32-9ffbc9498a417876,4323e2bd-229894dcd42dbd47,0.2122905027932961,0.2676056338028169
1162c08f-3a2a31cf33573c4d,c4cdd3af-d681944ed10b5e5a,0.21212121212121213,0.28
6653a758-75500306c58aa931,c4cdd3af-d681944ed10b5e5a,0.21212121212121213,0.28
547ee69b-ef33101345e3aff6,d63e6e3f-68836bbaaea4c108,0.2119205298013245,0.2191780821917808
13441e8f-5b125e896d439795,45f5632f-5ab969465e5a8f59,0.2119205298013245,0.26666666666666666
13441e8f-5b125e896d439795,45f5632f-2bd33d3b4d42cb8d,0.2119205298013245,0.26666666666666666
bf992c91-d94ad939d2852a18,7011024d-20824aa80ee40c37,0.2119205298013245,0.22857142857142856
f4f1b18f-c1a38185306219e8,d314aa92-9f7dd24f2fa68770,0.21176470588235294,0.21951219512195122
d9f6c257-6be30afb625c7fcc,375489f2-a0444125a74b9ccb,0.21138211382113822,0.25
13441e8f-5b125e896d439795,c4cdd3af-d681944ed10b5e5a,0.2112676056338028,0.25
67996c4c-6031a4e4c44a5547,22b41936-e1a4f2961d5e650a,0.2111801242236025,0.22666666666666666
14b0fb8e-37daaf5ae4723931,bd65846f-dda288a85405877d,0.2111801242236025,0.22666666666666666
2470b521-019c23f7e919baa8,93322168-c6d3be538e049476,0.2111801242236025,0.2361111111111111
c4cdd3af-d681944ed10b5e5a,b38468e8-355e4e494f76a9c6,0.2111111111111111,0.23170731707317074
034030f3-0fcdc00fa21b2b63,8f30bfc3-0206ccf1b040138a,0.21052631578947367,0.34210526315789475
034030f3-0fcdc00fa21b2b63,af1b152e-ecd3dfef045653d5,0.21052631578947367,0.34210526315789475
2c7a0000-0b8bb8afaf26c254,96b3758b-d23ef8ff9339c1f0,0.21052631578947367,0.23728813559322035
96b3758b-d23ef8ff9339c1f0,ae775964-023a1237326b6e42,0.21052631578947367,0.2702702702702703
8e990c75-f9144464a16f2616,0fd5b95a-e9d45e7dc0eefa8b,0.21052631578947367,0.21621621621621623
4201fdf7-e9b7491886b37cf0,8f855b99-1e222b61dfa2ec7f,0.21052631578947367,0.23529411764705882
13441e8f-5b125e896d439795,547ee69b-ef33101345e3aff6,0.21052631578947367,0.23333333333333334
bf992c91-d94ad939d2852a18,60c85a4f-1cb4672ccc545eb2,0.21052631578947367,0.2571428571428571
41e72d4f-21bec02e70069337,d8e4eb5e-8079445020a594f8,0.21052631578947367,0.21333333333333335
cb87df79-e6daab7d8f341736,d221162a-c21f547a22d9eb13,0.21052631578947367,0.2692307692307692
cb87df79-e6daab7d8f341736,8c79c384-7673be7788c8bbc1,0.21052631578947367,0.2692307692307692
eea69e7f-8dab83995204e0df,b38468e8-355e4e494f76a9c6,0.20987654320987653,0.265625
5dc1f7b3-8c0e00231be211a2,7011024d-20824aa80ee40c37,0.20987654320987653,0.20987654320987653
1162c08f-3a2a31cf33573c4d,96b3758b-d23ef8ff9339c1f0,0.20967741935483872,0.26
6653a758-75500306c58aa931,96b3758b-d23ef8ff9339c1f0,0.20967741935483872,0.26
2e1109d7-9902a467adb93d62,ee4f7b06-0df895503f264db3,0.20930232558139536,0.21176470588235294
5ee4d2f9-7b875ec1c8e8e319,bd65846f-dda288a85405877d,0.20930232558139536,0.20930232558139536
e7000ac2-9902a467adb93d62,ee4f7b06-0df895503f264db3,0.20930232558139536,0.21176470588235294
cb87df79-e6daab7d8f341736,c4cdd3af-d681944ed10b5e5a,0.208955223880597,0.2692307692307692
96b3758b-d23ef8ff9339c1f0,4323e2bd-229894dcd42dbd47,0.2087912087912088,0.25675675675675674
1162c08f-3a2a31cf33573c4d,141effef-1bfb859e38d0541d,0.20869565217391303,0.24
6653a758-75500306c58aa931,141effef-1bfb859e38d0541d,0.20869565217391303,0.24
2da4b3fe-e5141fdf3cc061b7,8f30bfc3-0206ccf1b040138a,0.20869565217391303,0.4067796610169492
2da4b3fe-e5141fdf3cc061b7,af1b152e-ecd3dfef045653d5,0.20869565217391303,0.4067796610169492
d314aa92-9f7dd24f2fa68770,8f30bfc3-0206ccf1b040138a,0.2084942084942085,0.3068181818181818
d314aa92-9f7dd24f2fa68770,af1b152e-ecd3dfef045653d5,0.2084942084942085,0.3068181818181818
11373c16-325c2a81744d6c63,8f30bfc3-0206ccf1b040138a,0.20833333333333334,0.36231884057971014
11373c16-325c2a81744d6c63,af1b152e-ecd3dfef045653d5,0.20833333333333334,0.36231884057971014
45f5632f-5ab969465e5a8f59,60c85a4f-1cb4672ccc545eb2,0.20833333333333334,0.21978021978021978
45f5632f-2bd33d3b4d42cb8d,60c85a4f-1cb4672ccc545eb2,0.20833333333333334,0.21978021978021978
16a2a867-abbed6f23596204e,547ee69b-ef33101345e3aff6,0.20833333333333334,0.2112676056338028
d8e4eb5e-8079445020a594f8,930dd1f1-61ab1c8d80bf7a8d,0.2081447963800905,0.2987012987012987
5dc1f7b3-8c0e00231be211a2,9028caf7-5bfe14d4c3b17f76,0.20809248554913296,0.2222222222222222
5dc1f7b3-8c0e00231be211a2,69b2fd22-5bfe14d4c3b17f76,0.20809248554913296,0.2222222222222222
a4d6775d-895b97d602f71f4f,3e191f3b-267f38bf210ab88d,0.2077922077922078,0.21333333333333335
3d06b643-52fef5e25f21ee7f,3e191f3b-267f38bf210ab88d,0.2077922077922078,0.21333333333333335
4201fdf7-e9b7491886b37cf0,22b41936-e1a4f2961d5e650a,0.2077922077922078,0.23529411764705882
db01da00-988246098678c280,f4f1b18f-c1a38185306219e8,0.2077922077922078,0.2222222222222222
4201fdf7-e9b7491886b37cf0,930dd1f1-61ab1c8d80bf7a8d,0.20754716981132076,0.3235294117647059
67996c4c-6031a4e4c44a5547,3951966f-72a49600e61410e6,0.2073170731707317,0.22666666666666666
c4cdd3af-d681944ed10b5e5a,f4f1b18f-c1a38185306219e8,0.2073170731707317,0.2073170731707317
1162c08f-3a2a31cf33573c4d,9e4ddc38-f08d0e6847f4856a,0.20689655172413793,0.24
7bc92b7f-01484e4d0896aace,b38468e8-355e4e494f76a9c6,0.20689655172413793,0.23684210526315788
0d11fb94-9b58e2541be4dfcb,d314aa92-9f7dd24f2fa68770,0.20689655172413793,0.20930232558139536
6653a758-75500306c58aa931,9e4ddc38-f08d0e6847f4856a,0.20689655172413793,0.24
bd65846f-dda288a85405877d,b38468e8-355e4e494f76a9c6,0.20652173913043478,0.22093023255813954
cb87df79-e6daab7d8f341736,96b3758b-d23ef8ff9339c1f0,0.20634920634920634,0.25
3e191f3b-267f38bf210ab88d,930dd1f1-61ab1c8d80bf7a8d,0.2062780269058296,0.2911392405063291
11373c16-325c2a81744d6c63,29210e56-e4fcc33dc59803ba,0.20606060606060606,0.2463768115942029
d8e4eb5e-8079445020a594f8,d314aa92-9f7dd24f2fa68770,0.20606060606060606,0.22077922077922077
7bc92b7f-01484e4d0896aace,3951966f-72a49600e61410e6,0.20606060606060606,0.2236842105263158
1162c08f-3a2a31cf33573c4d,bd65846f-dda288a85405877d,0.20588235294117646,0.28
6653a758-75500306c58aa931,bd65846f-dda288a85405877d,0.20588235294117646,0.28
7b71234c-c144dfdf3c050ab5,4323e2bd-229894dcd42dbd47,0.2057142857142857,0.26865671641791045
12c1cc56-c144dfdf3c050ab5,4323e2bd-229894dcd42dbd47,0.2057142857142857,0.26865671641791045
c06c758d-c144dfdf3c050ab5,4323e2bd-229894dcd42dbd47,0.2057142857142857,0.26865671641791045
0588b869-178a29ccfedc3992,d63e6e3f-68836bbaaea4c108,0.2054794520547945,0.22058823529411764
4201fdf7-e9b7491886b37cf0,0fd5b95a-e9d45e7dc0eefa8b,0.2054794520547945,0.22058823529411764
9e4ddc38-f08d0e6847f4856a,d018b49f-e1ae502e5288eb54,0.2054794520547945,0.22727272727272727
2da4b3fe-e5141fdf3cc061b7,ee4f7b06-0df895503f264db3,0.2054794520547945,0.2542372881355932
034030f3-0fcdc00fa21b2b63,5a74241a-dc901804978ab00a,0.20512820512820512,0.21052631578947367
cb87df79-e6daab7d8f341736,141effef-1bfb859e38d0541d,0.20512820512820512,0.23076923076923078
5a74241a-dc901804978ab00a,bd65846f-dda288a85405877d,0.20481927710843373,0.2125
141effef-1bfb859e38d0541d,46e9aed4-c477cb844c1e1d56,0.20437956204379562,0.2153846153846154
d63e6e3f-68836bbaaea4c108,4323e2bd-229894dcd42dbd47,0.20430107526881722,0.24358974358974358
11373c16-325c2a81744d6c63,d63e6e3f-68836bbaaea4c108,0.20408163265306123,0.21739130434782608
547ee69b-ef33101345e3aff6,96b3758b-d23ef8ff9339c1f0,0.20408163265306123,0.2054794520547945
141effef-1bfb859e38d0541d,c4cdd3af-d681944ed10b5e5a,0.20408163265306123,0.23076923076923078
034030f3-0fcdc00fa21b2b63,d221162a-c21f547a22d9eb13,0.20382165605095542,0.21052631578947367
9bc690ef-eaa1605ae19c8de9,5ee4d2f9-7b875ec1c8e8e319,0.20382165605095542,0.22535211267605634
e6b7a899-09224eadde94e5ee,b842cf12-f7882fa2c05f3014,0.20382165605095542,0.2318840579710145
16a2a867-abbed6f23596204e,bd65846f-dda288a85405877d,0.20382165605095542,0.22535211267605634
764484c3-b96a5fc3fd9ec3ec,a4c98ae1-3942cae7e65d9f37,0.20359281437125748,0.21794871794871795
2c7a0000-0b8bb8afaf26c254,4323e2bd-229894dcd42dbd47,0.20359281437125748,0.288135593220339
22b41936-e1a4f2961d5e650a,45f5632f-5ab969465e5a8f59,0.2033898305084746,0.20930232558139536
7bc92b7f-01484e4d0896aace,60c85a4f-1cb4672ccc545eb2,0.2033898305084746,0.23684210526315788
cb87df79-e6daab7d8f341736,9e4ddc38-f08d0e6847f4856a,0.2033898305084746,0.23076923076923078
22b41936-e1a4f2961d5e650a,45f5632f-2bd33d3b4d42cb8d,0.2033898305084746,0.20930232558139536
3e191f3b-267f38bf210ab88d,4323e2bd-229894dcd42dbd47,0.20320855614973263,0.24050632911392406
5a74241a-dc901804978ab00a,595f5d6c-7ba61dd9e3df26a6,0.20320855614973263,0.2375
93322168-c6d3be538e049476,a4e39423-0bca8609e3a20081,0.20320855614973263,0.21348314606741572
eea69e7f-8dab83995204e0df,8e990c75-f9144464a16f2616,0.2028985507246377,0.21875
9e4ddc38-f08d0e6847f4856a,46e9aed4-c477cb844c1e1d56,0.2028985507246377,0.21212121212121213
6bcc5afd-28d9bb844890d9da,8f855b99-1e222b61dfa2ec7f,0.2028985507246377,0.25925925925925924
60c85a4f-1cb4672ccc545eb2,ae775964-023a1237326b6e42,0.20276497695852536,0.21782178217821782
547ee69b-ef33101345e3aff6,14b0fb8e-37daaf5ae4723931,0.20270270270270271,0.2054794520547945
5ce1fe32-9ffbc9498a417876,f4b87cc2-7d332534a27bc5d6,0.20253164556962025,0.22535211267605634
3e191f3b-267f38bf210ab88d,a4c98ae1-3942cae7e65d9f37,0.20238095238095238,0.21518987341772153
8926151a-5e56a31bb1481ed4,9028caf7-5bfe14d4c3b17f76,0.20238095238095238,0.2236842105263158
8926151a-5e56a31bb1481ed4,69b2fd22-5bfe14d4c3b17f76,0.20238095238095238,0.2236842105263158
2470b521-019c23f7e919baa8,29210e56-e4fcc33dc59803ba,0.20238095238095238,0.2361111111111111
bf992c91-d94ad939d2852a18,a4e39423-0bca8609e3a20081,0.20238095238095238,0.24285714285714285
c4cdd3af-d681944ed10b5e5a,29210e56-e4fcc33dc59803ba,0.20224719101123595,0.21951219512195122
1162c08f-3a2a31cf33573c4d,2c7a0000-0b8bb8afaf26c254,0.2018348623853211,0.22
6653a758-75500306c58aa931,2c7a0000-0b8bb8afaf26c254,0.2018348623853211,0.22
8f855b99-1e222b61dfa2ec7f,930dd1f1-61ab1c8d80bf7a8d,0.20175438596491227,0.27380952380952384
11d91f31-d6dac8853a738e43,8f30bfc3-0206ccf1b040138a,0.20168067226890757,0.3582089552238806
11d91f31-d6dac8853a738e43,af1b152e-ecd3dfef045653d5,0.20168067226890757,0.3582089552238806
ebd8ff55-b7fcefff9d43d956,d63e6e3f-68836bbaaea4c108,0.2014388489208633,0.22950819672131148
eea69e7f-8dab83995204e0df,14b0fb8e-37daaf5ae4723931,0.2014388489208633,0.21875
96b3758b-d23ef8ff9339c1f0,69c97258-21e5704deef76ece,0.20134228187919462,0.20270270270270271
5ce1fe32-9ffbc9498a417876,d314aa92-9f7dd24f2fa68770,0.20125786163522014,0.22535211267605634
4e9c4bf9-d32422ae7aa1d171,595f5d6c-7ba61dd9e3df26a6,0.20125786163522014,0.3076923076923077
547ee69b-ef33101345e3aff6,5ee4d2f9-7b875ec1c8e8e319,0.20125786163522014,0.2191780821917808
5a74241a-dc901804978ab00a,93322168-c6d3be538e049476,0.20118343195266272,0.2125
d8e4eb5e-8079445020a594f8,9028caf7-5bfe14d4c3b17f76,0.20118343195266272,0.22077922077922077
d8e4eb5e-8079445020a594f8,69b2fd22-5bfe14d4c3b17f76,0.20118343195266272,0.22077922077922077
c4cdd3af-d681944ed10b5e5a,595f5d6c-7ba61dd9e3df26a6,0.20105820105820105,0.23170731707317074
45f5632f-5ab969465e5a8f59,4323e2bd-229894dcd42dbd47,0.20100502512562815,0.21978021978021978
45f5632f-2bd33d3b4d42cb8d,4323e2bd-229894dcd42dbd47,0.20100502512562815,0.21978021978021978
764484c3-b96a5fc3fd9ec3ec,8f30bfc3-0206ccf1b040138a,0.20080321285140562,0.32051282051282054
764484c3-b96a5fc3fd9ec3ec,af1b152e-ecd3dfef045653d5,0.20080321285140562,0.32051282051282054
41e72d4f-21bec02e70069337,2e1109d7-9902a467adb93d62,0.2,0.21333333333333335
2da4b3fe-e5141fdf3cc061b7,5ce1fe32-9ffbc9498a417876,0.2,0.22033898305084745
96b3758b-d23ef8ff9339c1f0,bd65846f-dda288a85405877d,0.2,0.21621621621621623
4201fdf7-e9b7491886b37cf0,46e9aed4-c477cb844c1e1d56,0.2,0.20588235294117646
14b0fb8e-37daaf5ae4723931,67996c4c-6031a4e4c44a5547,0.2,0.2
0fd5b95a-e9d45e7dc0eefa8b,f4f1b18f-c1a38185306219e8,0.2,0.20512820512820512
b842cf12-f7882fa2c05f3014,9028caf7-5bfe14d4c3b17f76,0.2,0.20454545454545456
b842cf12-f7882fa2c05f3014,69b2fd22-5bfe14d4c3b17f76,0.2,0.20454545454545456
5ee4d2f9-7b875ec1c8e8e319,930dd1f1-61ab1c8d80bf7a8d,0.2,0.26744186046511625
9028caf7-5bfe14d4c3b17f76,a4e39423-0bca8609e3a20081,0.2,0.20652173913043478
69b2fd22-5bfe14d4c3b17f76,a4e39423-0bca8609e3a20081,0.2,0.20652173913043478
bf992c91-d94ad939d2852a18,5a74241a-dc901804978ab00a,0.2,0.21428571428571427
41e72d4f-21bec02e70069337,e7000ac2-9902a467adb93d62,0.2,0.21333333333333335
ba8800f5-754ce975c68dc482,ae775964-023a1237326b6e42,0.19895287958115182,0.25333333333333335
69c97258-21e5704deef76ece,29210e56-e4fcc33dc59803ba,0.19883040935672514,0.22666666666666666
d018b49f-e1ae502e5288eb54,45f5632f-5ab969465e5a8f59,0.19883040935672514,0.2125
d018b49f-e1ae502e5288eb54,45f5632f-2bd33d3b4d42cb8d,0.19883040935672514,0.2125
8e990c75-f9144464a16f2616,9cea10af-0b3023dfc77d153a,0.19875776397515527,0.21621621621621623
67996c4c-6031a4e4c44a5547,034030f3-0fcdc00fa21b2b63,0.1986754966887417,0.2
11373c16-325c2a81744d6c63,f4f1b18f-c1a38185306219e8,0.1986754966887417,0.21739130434782608
141effef-1bfb859e38d0541d,5ee4d2f9-7b875ec1c8e8e319,0.1986754966887417,0.23076923076923078
eea69e7f-8dab83995204e0df,7b71234c-c144dfdf3c050ab5,0.1984732824427481,0.203125
eea69e7f-8dab83995204e0df,12c1cc56-c144dfdf3c050ab5,0.1984732824427481,0.203125
eea69e7f-8dab83995204e0df,c06c758d-c144dfdf3c050ab5,0.1984732824427481,0.203125
2c7a0000-0b8bb8afaf26c254,2470b521-019c23f7e919baa8,0.1984732824427481,0.22033898305084745
ebd8ff55-b7fcefff9d43d956,8f30bfc3-0206ccf1b040138a,0.19827586206896552,0.3770491803278688
ebd8ff55-b7fcefff9d43d956,af1b152e-ecd3dfef045653d5,0.19827586206896552,0.3770491803278688
cb87df79-e6daab7d8f341736,2c7a0000-0b8bb8afaf26c254,0.1981981981981982,0.21153846153846154
034030f3-0fcdc00fa21b2b63,ae775964-023a1237326b6e42,0.19791666666666666,0.25
8926151a-5e56a31bb1481ed4,22b41936-e1a4f2961d5e650a,0.19753086419753085,0.21052631578947367
d018b49f-e1ae502e5288eb54,f4f1b18f-c1a38185306219e8,0.19753086419753085,0.2
d9f6c257-6be30afb625c7fcc,8f30bfc3-0206ccf1b040138a,0.19730941704035873,0.4230769230769231
d9f6c257-6be30afb625c7fcc,af1b152e-ecd3dfef045653d5,0.19730941704035873,0.4230769230769231
eea69e7f-8dab83995204e0df,4201fdf7-e9b7491886b37cf0,0.19696969696969696,0.203125
5ee4d2f9-7b875ec1c8e8e319,f4b87cc2-7d332534a27bc5d6,0.19653179190751446,0.19767441860465115
46e9aed4-c477cb844c1e1d56,45f5632f-5ab969465e5a8f59,0.19631901840490798,0.2222222222222222
46e9aed4-c477cb844c1e1d56,45f5632f-2bd33d3b4d42cb8d,0.19631901840490798,0.2222222222222222
8c79c384-7673be7788c8bbc1,f4f1b18f-c1a38185306219e8,0.19631901840490798,0.19753086419753085
41e72d4f-21bec02e70069337,d63e6e3f-68836bbaaea4c108,0.19607843137254902,0.2
034030f3-0fcdc00fa21b2b63,6490bbe8-cb4a60be38dd4393,0.19607843137254902,0.19736842105263158
69c97258-21e5704deef76ece,0fd5b95a-e9d45e7dc0eefa8b,0.19607843137254902,0.2
bd65846f-dda288a85405877d,4323e2bd-229894dcd42dbd47,0.1958762886597938,0.22093023255813954
4201fdf7-e9b7491886b37cf0,69c97258-21e5704deef76ece,0.1958041958041958,0.20588235294117646
7b71234c-c144dfdf3c050ab5,8926151a-5e56a31bb1481ed4,0.1958041958041958,0.208955223880597
12c1cc56-c144dfdf3c050ab5,8926151a-5e56a31bb1481ed4,0.1958041958041958,0.208955223880597
c06c758d-c144dfdf3c050ab5,8926151a-5e56a31bb1481ed4,0.1958041958041958,0.208955223880597
8926151a-5e56a31bb1481ed4,4323e2bd-229894dcd42dbd47,0.1956521739130435,0.23684210526315788
ebd8ff55-b7fcefff9d43d956,db01da00-988246098678c280,0.19548872180451127,0.21311475409836064
69c97258-21e5704deef76ece,2acaa7df-7cb445c7c8ad9468,0.19540229885057472,0.22666666666666666
8926151a-5e56a31bb1481ed4,a4e39423-0bca8609e3a20081,0.19540229885057472,0.2236842105263158
5ee4d2f9-7b875ec1c8e8e319,b842cf12-f7882fa2c05f3014,0.19540229885057472,0.19767441860465115
ee4f7b06-0df895503f264db3,f4b87cc2-7d332534a27bc5d6,0.19540229885057472,0.19540229885057472
0588b869-178a29ccfedc3992,29210e56-e4fcc33dc59803ba,0.1951219512195122,0.23529411764705882
f6ca6fc8-e7ab163f0a8022bf,bf992c91-d94ad939d2852a18,0.1951219512195122,0.22641509433962265
8926151a-5e56a31bb1481ed4,0fd5b95a-e9d45e7dc0eefa8b,0.19480519480519481,0.19736842105263158
5ee4d2f9-7b875ec1c8e8e319,2acaa7df-7cb445c7c8ad9468,0.1945945945945946,0.20930232558139536
bd65846f-dda288a85405877d,2acaa7df-7cb445c7c8ad9468,0.1945945945945946,0.20930232558139536
7b71234c-c144dfdf3c050ab5,d8e4eb5e-8079445020a594f8,0.19444444444444445,0.208955223880597
12c1cc56-c144dfdf3c050ab5,d8e4eb5e-8079445020a594f8,0.19444444444444445,0.208955223880597
c06c758d-c144dfdf3c050ab5,d8e4eb5e-8079445020a594f8,0.19444444444444445,0.208955223880597
d8e4eb5e-8079445020a594f8,a4e39423-0bca8609e3a20081,0.19428571428571428,0.22077922077922077
bd50e3fe-deb43aa46e8164ed,14b0fb8e-37daaf5ae4723931,0.19402985074626866,0.22033898305084745
1162c08f-3a2a31cf33573c4d,8f855b99-1e222b61dfa2ec7f,0.19402985074626866,0.26
6653a758-75500306c58aa931,8f855b99-1e222b61dfa2ec7f,0.19402985074626866,0.26
5a74241a-dc901804978ab00a,2e1109d7-9902a467adb93d62,0.19393939393939394,0.2
5a74241a-dc901804978ab00a,e7000ac2-9902a467adb93d62,0.19393939393939394,0.2
1162c08f-3a2a31cf33573c4d,8e990c75-f9144464a16f2616,0.1935483870967742,0.24
6653a758-75500306c58aa931,8e990c75-f9144464a16f2616,0.1935483870967742,0.24
7b71234c-c144dfdf3c050ab5,b842cf12-f7882fa2c05f3014,0.1935483870967742,0.22388059701492538
12c1cc56-c144dfdf3c050ab5,b842cf12-f7882fa2c05f3014,0.1935483870967742,0.22388059701492538
c06c758d-c144dfdf3c050ab5,b842cf12-f7882fa2c05f3014,0.1935483870967742,0.22388059701492538
11373c16-325c2a81744d6c63,034030f3-0fcdc00fa21b2b63,0.19310344827586207,0.2028985507246377
11373c16-325c2a81744d6c63,8926151a-5e56a31bb1481ed4,0.19310344827586207,0.2028985507246377
4201fdf7-e9b7491886b37cf0,a4e39423-0bca8609e3a20081,0.1927710843373494,0.23529411764705882
69c97258-21e5704deef76ece,45f5632f-5ab969465e5a8f59,0.1927710843373494,0.21333333333333335
69c97258-21e5704deef76ece,45f5632f-2bd33d3b4d42cb8d,0.1927710843373494,0.21333333333333335
bd50e3fe-deb43aa46e8164ed,595f5d6c-7ba61dd9e3df26a6,0.1927710843373494,0.2711864406779661
7b71234c-c144dfdf3c050ab5,2acaa7df-7cb445c7c8ad9468,0.1927710843373494,0.23880597014925373
12c1cc56-c144dfdf3c050ab5,2acaa7df-7cb445c7c8ad9468,0.1927710843373494,0.23880597014925373
c06c758d-c144dfdf3c050ab5,2acaa7df-7cb445c7c8ad9468,0.1927710843373494,0.23880597014925373
ebd8ff55-b7fcefff9d43d956,8e990c75-f9144464a16f2616,0.1925925925925926,0.21311475409836064
4201fdf7-e9b7491886b37cf0,b842cf12-f7882fa2c05f3014,0.19230769230769232,0.22058823529411764
7b71234c-c144dfdf3c050ab5,93322168-c6d3be538e049476,0.19230769230769232,0.22388059701492538
12c1cc56-c144dfdf3c050ab5,93322168-c6d3be538e049476,0.19230769230769232,0.22388059701492538
c06c758d-c144dfdf3c050ab5,93322168-c6d3be538e049476,0.19230769230769232,0.22388059701492538
8926151a-5e56a31bb1481ed4,60c85a4f-1cb4672ccc545eb2,0.192090395480226,0.2236842105263158
a4ec80a0-fa10dc124910b760,67996c4c-6031a4e4c44a5547,0.1917808219178082,0.19718309859154928
034030f3-0fcdc00fa21b2b63,45f5632f-5ab969465e5a8f59,0.19161676646706588,0.21052631578947367
034030f3-0fcdc00fa21b2b63,45f5632f-2bd33d3b4d42cb8d,0.19161676646706588,0.21052631578947367
4e9c4bf9-d32422ae7aa1d171,8f855b99-1e222b61dfa2ec7f,0.19117647058823528,0.25
cb87df79-e6daab7d8f341736,8f855b99-1e222b61dfa2ec7f,0.19117647058823528,0.25
d9f6c257-6be30afb625c7fcc,8f855b99-1e222b61dfa2ec7f,0.19117647058823528,0.25
69c97258-21e5704deef76ece,c4cdd3af-d681944ed10b5e5a,0.1910828025477707,0.2
2da4b3fe-e5141fdf3cc061b7,b38468e8-355e4e494f76a9c6,0.1910828025477707,0.2542372881355932
375489f2-a0444125a74b9ccb,bd65846f-dda288a85405877d,0.1910828025477707,0.2112676056338028
bf992c91-d94ad939d2852a18,4323e2bd-229894dcd42dbd47,0.19101123595505617,0.24285714285714285
a4ec80a0-fa10dc124910b760,7bc92b7f-01484e4d0896aace,0.19047619047619047,0.19718309859154928
734a94be-491555e2a9bcc2a4,141effef-1bfb859e38d0541d,0.19047619047619047,0.19672131147540983
9bc690ef-eaa1605ae19c8de9,8926151a-5e56a31bb1481ed4,0.19047619047619047,0.19718309859154928
ebd8ff55-b7fcefff9d43d956,595f5d6c-7ba61dd9e3df26a6,0.19047619047619047,0.26229508196721313
734a94be-cd0c40be4a89c935,141effef-1bfb859e38d0541d,0.19047619047619047,0.19672131147540983
46e9aed4-c477cb844c1e1d56,0d11fb94-9b58e2541be4dfcb,0.189873417721519,0.20833333333333334
11d91f31-d6dac8853a738e43,45f5632f-5ab969465e5a8f59,0.189873417721519,0.22388059701492538
11d91f31-d6dac8853a738e43,45f5632f-2bd33d3b4d42cb8d,0.189873417721519,0.22388059701492538
2c7a0000-0b8bb8afaf26c254,0fd5b95a-e9d45e7dc0eefa8b,0.1897810218978102,0.22033898305084745
5ce1fe32-9ffbc9498a417876,a4e39423-0bca8609e3a20081,0.1893491124260355,0.22535211267605634
46e9aed4-c477cb844c1e1d56,8926151a-5e56a31bb1481ed4,0.1891891891891892,0.19444444444444445
2da4b3fe-e5141fdf3cc061b7,93322168-c6d3be538e049476,0.1891891891891892,0.23728813559322035
764484c3-b96a5fc3fd9ec3ec,5dc1f7b3-8c0e00231be211a2,0.18867924528301888,0.19230769230769232
bf992c91-d94ad939d2852a18,93322168-c6d3be538e049476,0.18867924528301888,0.21428571428571427
547ee69b-ef33101345e3aff6,0d11fb94-9b58e2541be4dfcb,0.18867924528301888,0.2054794520547945
c4cdd3af-d681944ed10b5e5a,d314aa92-9f7dd24f2fa68770,0.18823529411764706,0.1951219512195122
4e9c4bf9-d32422ae7aa1d171,141effef-1bfb859e38d0541d,0.18803418803418803,0.21153846153846154
a4c98ae1-3942cae7e65d9f37,9028caf7-5bfe14d4c3b17f76,0.1878453038674033,0.19101123595505617
a4c98ae1-3942cae7e65d9f37,69b2fd22-5bfe14d4c3b17f76,0.1878453038674033,0.19101123595505617
93322168-c6d3be538e049476,9028caf7-5bfe14d4c3b17f76,0.1878453038674033,0.19101123595505617
93322168-c6d3be538e049476,69b2fd22-5bfe14d4c3b17f76,0.1878453038674033,0.19101123595505617
2c7a0000-0b8bb8afaf26c254,11373c16-325c2a81744d6c63,0.1875,0.2033898305084746
bd50e3fe-deb43aa46e8164ed,60c85a4f-1cb4672ccc545eb2,0.1875,0.2542372881355932
141effef-1bfb859e38d0541d,8e990c75-f9144464a16f2616,0.18705035971223022,0.2
1162c08f-3a2a31cf33573c4d,93322168-c6d3be538e049476,0.18705035971223022,0.26
6653a758-75500306c58aa931,93322168-c6d3be538e049476,0.18705035971223022,0.26
bf992c91-d94ad939d2852a18,930dd1f1-61ab1c8d80bf7a8d,0.18691588785046728,0.2857142857142857
7b71234c-c144dfdf3c050ab5,3b498a39-34f8b597e4ed27e8,0.18681318681318682,0.2537313432835821
12c1cc56-c144dfdf3c050ab5,3b498a39-34f8b597e4ed27e8,0.18681318681318682,0.2537313432835821
c06c758d-c144dfdf3c050ab5,3b498a39-34f8b597e4ed27e8,0.18681318681318682,0.2537313432835821
2ebeae13-f6d98bc6e8762f12,7bc92b7f-01484e4d0896aace,0.18666666666666668,0.1891891891891892
69c97258-21e5704deef76ece,bd65846f-dda288a85405877d,0.18633540372670807,0.2
0d11fb94-9b58e2541be4dfcb,bd65846f-dda288a85405877d,0.18604651162790697,0.18604651162790697
f9e08a46-5d34e200f915e8d0,034030f3-0fcdc00fa21b2b63,0.18571428571428572,0.203125
4201fdf7-e9b7491886b37cf0,db01da00-988246098678c280,0.18571428571428572,0.19117647058823528
cb87df79-e6daab7d8f341736,d314aa92-9f7dd24f2fa68770,0.18571428571428572,0.25
69c97258-21e5704deef76ece,8926151a-5e56a31bb1481ed4,0.18543046357615894,0.18666666666666668
764484c3-b96a5fc3fd9ec3ec,8f855b99-1e222b61dfa2ec7f,0.18518518518518517,0.19230769230769232
7b71234c-c144dfdf3c050ab5,8f30bfc3-0206ccf1b040138a,0.18487394957983194,0.3283582089552239
7b71234c-c144dfdf3c050ab5,af1b152e-ecd3dfef045653d5,0.18487394957983194,0.3283582089552239
12c1cc56-c144dfdf3c050ab5,8f30bfc3-0206ccf1b040138a,0.18487394957983194,0.3283582089552239
12c1cc56-c144dfdf3c050ab5,af1b152e-ecd3dfef045653d5,0.18487394957983194,0.3283582089552239
c06c758d-c144dfdf3c050ab5,8f30bfc3-0206ccf1b040138a,0.18487394957983194,0.3283582089552239
c06c758d-c144dfdf3c050ab5,af1b152e-ecd3dfef045653d5,0.18487394957983194,0.3283582089552239
bd50e3fe-deb43aa46e8164ed,5ce1fe32-9ffbc9498a417876,0.18461538461538463,0.2033898305084746
bd50e3fe-deb43aa46e8164ed,a4ec80a0-fa10dc124910b760,0.18461538461538463,0.2033898305084746
f6ca6fc8-e7ab163f0a8022bf,d8e4eb5e-8079445020a594f8,0.18461538461538463,0.22641509433962265
7b71234c-c144dfdf3c050ab5,8e990c75-f9144464a16f2616,0.18439716312056736,0.19402985074626866
12c1cc56-c144dfdf3c050ab5,8e990c75-f9144464a16f2616,0.18439716312056736,0.19402985074626866
c06c758d-c144dfdf3c050ab5,8e990c75-f9144464a16f2616,0.18439716312056736,0.19402985074626866
9e4ddc38-f08d0e6847f4856a,69c97258-21e5704deef76ece,0.18439716312056736,0.19696969696969696
bf992c91-d94ad939d2852a18,f4f1b18f-c1a38185306219e8,0.18421052631578946,0.2
5dc1f7b3-8c0e00231be211a2,c4cdd3af-d681944ed10b5e5a,0.18404907975460122,0.18518518518518517
2c7a0000-0b8bb8afaf26c254,3b498a39-34f8b597e4ed27e8,0.1839080459770115,0.2711864406779661
1162c08f-3a2a31cf33573c4d,bf992c91-d94ad939d2852a18,0.18333333333333332,0.22
6653a758-75500306c58aa931,bf992c91-d94ad939d2852a18,0.18333333333333332,0.22
5a74241a-dc901804978ab00a,8f30bfc3-0206ccf1b040138a,0.18326693227091634,0.2875
5a74241a-dc901804978ab00a,af1b152e-ecd3dfef045653d5,0.18326693227091634,0.2875
2c7a0000-0b8bb8afaf26c254,46e9aed4-c477cb844c1e1d56,0.183206106870229,0.2033898305084746
eea69e7f-8dab83995204e0df,d63e6e3f-68836bbaaea4c108,0.18309859154929578,0.203125
0588b869-178a29ccfedc3992,8e990c75-f9144464a16f2616,0.18309859154929578,0.19117647058823528
7b71234c-c144dfdf3c050ab5,14b0fb8e-37daaf5ae4723931,0.18309859154929578,0.19402985074626866
12c1cc56-c144dfdf3c050ab5,14b0fb8e-37daaf5ae4723931,0.18309859154929578,0.19402985074626866
c06c758d-c144dfdf3c050ab5,14b0fb8e-37daaf5ae4723931,0.18309859154929578,0.19402985074626866
eea69e7f-8dab83995204e0df,93322168-c6d3be538e049476,0.1830065359477124,0.21875
cb87df79-e6daab7d8f341736,60c85a4f-1cb4672ccc545eb2,0.1830065359477124,0.2692307692307692
8926151a-5e56a31bb1481ed4,b842cf12-f7882fa2c05f3014,0.18292682926829268,0.19736842105263158
bf992c91-d94ad939d2852a18,ae775964-023a1237326b6e42,0.1827956989247312,0.24285714285714285
bd65846f-dda288a85405877d,930dd1f1-61ab1c8d80bf7a8d,0.1826086956521739,0.2441860465116279
1162c08f-3a2a31cf33573c4d,5ce1fe32-9ffbc9498a417876,0.18181818181818182,0.22
6653a758-75500306c58aa931,5ce1fe32-9ffbc9498a417876,0.18181818181818182,0.22
8926151a-5e56a31bb1481ed4,a4c98ae1-3942cae7e65d9f37,0.18181818181818182,0.19736842105263158
8926151a-5e56a31bb1481ed4,3951966f-72a49600e61410e6,0.18181818181818182,0.19736842105263158
6490bbe8-cb4a60be38dd4393,b842cf12-f7882fa2c05f3014,0.18181818181818182,0.19480519480519481
141effef-1bfb859e38d0541d,11d91f31-d6dac8853a738e43,0.18181818181818182,0.18461538461538463
3e191f3b-267f38bf210ab88d,a4e39423-0bca8609e3a20081,0.1807909604519774,0.20253164556962025
5dc1f7b3-8c0e00231be211a2,2e1109d7-9902a467adb93d62,0.18072289156626506,0.18518518518518517
5dc1f7b3-8c0e00231be211a2,e7000ac2-9902a467adb93d62,0.18072289156626506,0.18518518518518517
2c7a0000-0b8bb8afaf26c254,2e1109d7-9902a467adb93d62,0.18055555555555555,0.22033898305084745
13441e8f-5b125e896d439795,8f855b99-1e222b61dfa2ec7f,0.18055555555555555,0.21666666666666667
2c7a0000-0b8bb8afaf26c254,e7000ac2-9902a467adb93d62,0.18055555555555555,0.22033898305084745
8ddb5587-69fda5215b397350,4201fdf7-e9b7491886b37cf0,0.18045112781954886,0.18461538461538463
764484c3-b96a5fc3fd9ec3ec,93322168-c6d3be538e049476,0.17964071856287425,0.19230769230769232
7011024d-20824aa80ee40c37,0d11fb94-9b58e2541be4dfcb,0.17964071856287425,0.18518518518518517
8c79c384-7673be7788c8bbc1,bd65846f-dda288a85405877d,0.17964071856287425,0.18518518518518517
13441e8f-5b125e896d439795,29210e56-e4fcc33dc59803ba,0.1794871794871795,0.23333333333333334
67996c4c-6031a4e4c44a5547,d221162a-c21f547a22d9eb13,0.1794871794871795,0.18666666666666668
67996c4c-6031a4e4c44a5547,8c79c384-7673be7788c8bbc1,0.1794871794871795,0.18666666666666668
14b0fb8e-37daaf5ae4723931,5dc1f7b3-8c0e00231be211a2,0.1794871794871795,0.18666666666666668
11d91f31-d6dac8853a738e43,93322168-c6d3be538e049476,0.1794871794871795,0.208955223880597
db01da00-988246098678c280,8f855b99-1e222b61dfa2ec7f,0.1794871794871795,0.19444444444444445
734a94be-491555e2a9bcc2a4,8f855b99-1e222b61dfa2ec7f,0.1793103448275862,0.21311475409836064
734a94be-cd0c40be4a89c935,8f855b99-1e222b61dfa2ec7f,0.1793103448275862,0.21311475409836064
2da4b3fe-e5141fdf3cc061b7,bd65846f-dda288a85405877d,0.1793103448275862,0.22033898305084745
2c7a0000-0b8bb8afaf26c254,69c97258-21e5704deef76ece,0.1791044776119403,0.2033898305084746
bd50e3fe-deb43aa46e8164ed,69c97258-21e5704deef76ece,0.1791044776119403,0.2033898305084746
cb87df79-e6daab7d8f341736,5ce1fe32-9ffbc9498a417876,0.17886178861788618,0.21153846153846154
d9f6c257-6be30afb625c7fcc,5ce1fe32-9ffbc9498a417876,0.17886178861788618,0.21153846153846154
67996c4c-6031a4e4c44a5547,8f30bfc3-0206ccf1b040138a,0.17886178861788618,0.29333333333333333
67996c4c-6031a4e4c44a5547,af1b152e-ecd3dfef045653d5,0.17886178861788618,0.29333333333333333
69c97258-21e5704deef76ece,8f30bfc3-0206ccf1b040138a,0.17886178861788618,0.29333333333333333
69c97258-21e5704deef76ece,af1b152e-ecd3dfef045653d5,0.17886178861788618,0.29333333333333333
46e9aed4-c477cb844c1e1d56,29210e56-e4fcc33dc59803ba,0.17857142857142858,0.20833333333333334
8926151a-5e56a31bb1481ed4,d221162a-c21f547a22d9eb13,0.17834394904458598,0.18421052631578946
8926151a-5e56a31bb1481ed4,8c79c384-7673be7788c8bbc1,0.17834394904458598,0.18421052631578946
ba8800f5-754ce975c68dc482,f4f1b18f-c1a38185306219e8,0.17834394904458598,0.18666666666666668
0588b869-178a29ccfedc3992,93322168-c6d3be538e049476,0.17834394904458598,0.20588235294117646
7bc92b7f-01484e4d0896aace,8c79c384-7673be7788c8bbc1,0.17834394904458598,0.18421052631578946
11373c16-325c2a81744d6c63,d8e4eb5e-8079445020a594f8,0.1780821917808219,0.18840579710144928
f9e08a46-5d34e200f915e8d0,5ce1fe32-9ffbc9498a417876,0.17777777777777778,0.1875
ebd8ff55-b7fcefff9d43d956,96b3758b-d23ef8ff9339c1f0,0.17777777777777778,0.19672131147540983
f4f1b18f-c1a38185306219e8,a4e39423-0bca8609e3a20081,0.17777777777777778,0.1951219512195122
7b71234c-c144dfdf3c050ab5,0588b869-178a29ccfedc3992,0.17777777777777778,0.1791044776119403
12c1cc56-c144dfdf3c050ab5,0588b869-178a29ccfedc3992,0.17777777777777778,0.1791044776119403
c06c758d-c144dfdf3c050ab5,0588b869-178a29ccfedc3992,0.17777777777777778,0.1791044776119403
f6ca6fc8-e7ab163f0a8022bf,5ce1fe32-9ffbc9498a417876,0.1774193548387097,0.20754716981132076
f4f1b18f-c1a38185306219e8,930dd1f1-61ab1c8d80bf7a8d,0.17699115044247787,0.24390243902439024
2c7a0000-0b8bb8afaf26c254,b842cf12-f7882fa2c05f3014,0.17687074829931973,0.22033898305084745
547ee69b-ef33101345e3aff6,2ebeae13-f6d98bc6e8762f12,0.17687074829931973,0.1780821917808219
6bcc5afd-28d9bb844890d9da,5ce1fe32-9ffbc9498a417876,0.176,0.2037037037037037
11d91f31-d6dac8853a738e43,5dc1f7b3-8c0e00231be211a2,0.17567567567567569,0.19402985074626866
7b71234c-c144dfdf3c050ab5,5dc1f7b3-8c0e00231be211a2,0.17567567567567569,0.19402985074626866
12c1cc56-c144dfdf3c050ab5,5dc1f7b3-8c0e00231be211a2,0.17567567567567569,0.19402985074626866
c06c758d-c144dfdf3c050ab5,5dc1f7b3-8c0e00231be211a2,0.17567567567567569,0.19402985074626866
2470b521-019c23f7e919baa8,2acaa7df-7cb445c7c8ad9468,0.17543859649122806,0.20833333333333334
d63e6e3f-68836bbaaea4c108,ae775964-023a1237326b6e42,0.17525773195876287,0.21794871794871795
734a94be-491555e2a9bcc2a4,034030f3-0fcdc00fa21b2b63,0.17518248175182483,0.19672131147540983
734a94be-cd0c40be4a89c935,034030f3-0fcdc00fa21b2b63,0.17518248175182483,0.19672131147540983
734a94be-491555e2a9bcc2a4,8926151a-5e56a31bb1481ed4,0.17518248175182483,0.19672131147540983
734a94be-cd0c40be4a89c935,8926151a-5e56a31bb1481ed4,0.17518248175182483,0.19672131147540983
547ee69b-ef33101345e3aff6,930dd1f1-61ab1c8d80bf7a8d,0.17511520737327188,0.2602739726027397
14b0fb8e-37daaf5ae4723931,2e1109d7-9902a467adb93d62,0.175,0.18666666666666668
14b0fb8e-37daaf5ae4723931,e7000ac2-9902a467adb93d62,0.175,0.18666666666666668
2acaa7df-7cb445c7c8ad9468,595f5d6c-7ba61dd9e3df26a6,0.17475728155339806,0.18181818181818182
f9e08a46-5d34e200f915e8d0,2e1109d7-9902a467adb93d62,0.174496644295302,0.203125
5ce1fe32-9ffbc9498a417876,764484c3-b96a5fc3fd9ec3ec,0.174496644295302,0.18309859154929578
8e990c75-f9144464a16f2616,a4d6775d-895b97d602f71f4f,0.174496644295302,0.17567567567567569
8e990c75-f9144464a16f2616,3d06b643-52fef5e25f21ee7f,0.174496644295302,0.17567567567567569
8e990c75-f9144464a16f2616,ba8800f5-754ce975c68dc482,0.174496644295302,0.17567567567567569
7b71234c-c144dfdf3c050ab5,c4cdd3af-d681944ed10b5e5a,0.174496644295302,0.19402985074626866
12c1cc56-c144dfdf3c050ab5,c4cdd3af-d681944ed10b5e5a,0.174496644295302,0.19402985074626866
c06c758d-c144dfdf3c050ab5,c4cdd3af-d681944ed10b5e5a,0.174496644295302,0.19402985074626866
f9e08a46-5d34e200f915e8d0,e7000ac2-9902a467adb93d62,0.174496644295302,0.203125
7011024d-20824aa80ee40c37,45f5632f-5ab969465e5a8f59,0.1744186046511628,0.18518518518518517
7011024d-20824aa80ee40c37,45f5632f-2bd33d3b4d42cb8d,0.1744186046511628,0.18518518518518517
2c7a0000-0b8bb8afaf26c254,3e191f3b-267f38bf210ab88d,0.17391304347826086,0.2033898305084746
d314aa92-9f7dd24f2fa68770,29210e56-e4fcc33dc59803ba,0.17391304347826086,0.18181818181818182
d9f6c257-6be30afb625c7fcc,bd65846f-dda288a85405877d,0.17391304347826086,0.23076923076923078
bd50e3fe-deb43aa46e8164ed,8f30bfc3-0206ccf1b040138a,0.17391304347826086,0.3389830508474576
2acaa7df-7cb445c7c8ad9468,4323e2bd-229894dcd42dbd47,0.17391304347826086,0.18181818181818182
bd50e3fe-deb43aa46e8164ed,af1b152e-ecd3dfef045653d5,0.17391304347826086,0.3389830508474576
9e4ddc38-f08d0e6847f4856a,595f5d6c-7ba61dd9e3df26a6,0.17341040462427745,0.22727272727272727
734a94be-491555e2a9bcc2a4,93322168-c6d3be538e049476,0.17333333333333334,0.21311475409836064
734a94be-cd0c40be4a89c935,93322168-c6d3be538e049476,0.17333333333333334,0.21311475409836064
f9e08a46-5d34e200f915e8d0,bd65846f-dda288a85405877d,0.17333333333333334,0.203125
1162c08f-3a2a31cf33573c4d,d8e4eb5e-8079445020a594f8,0.1732283464566929,0.22
6653a758-75500306c58aa931,d8e4eb5e-8079445020a594f8,0.1732283464566929,0.22
9bc690ef-eaa1605ae19c8de9,45f5632f-5ab969465e5a8f59,0.1728395061728395,0.19718309859154928
9bc690ef-eaa1605ae19c8de9,45f5632f-2bd33d3b4d42cb8d,0.1728395061728395,0.19718309859154928
ebd8ff55-b7fcefff9d43d956,60c85a4f-1cb4672ccc545eb2,0.1728395061728395,0.22950819672131148
4201fdf7-e9b7491886b37cf0,9bc690ef-eaa1605ae19c8de9,0.17266187050359713,0.17647058823529413
4201fdf7-e9b7491886b37cf0,16a2a867-abbed6f23596204e,0.17266187050359713,0.17647058823529413
1162c08f-3a2a31cf33573c4d,3951966f-72a49600e61410e6,0.17266187050359713,0.24
ebd8ff55-b7fcefff9d43d956,0fd5b95a-e9d45e7dc0eefa8b,0.17266187050359713,0.19672131147540983
6653a758-75500306c58aa931,3951966f-72a49600e61410e6,0.17266187050359713,0.24
034030f3-0fcdc00fa21b2b63,a4e39423-0bca8609e3a20081,0.1724137931034483,0.19736842105263158
bd65846f-dda288a85405877d,b842cf12-f7882fa2c05f3014,0.1724137931034483,0.1744186046511628
2470b521-019c23f7e919baa8,3e191f3b-267f38bf210ab88d,0.17218543046357615,0.18055555555555555
141effef-1bfb859e38d0541d,bd65846f-dda288a85405877d,0.17218543046357615,0.2
547ee69b-ef33101345e3aff6,8f30bfc3-0206ccf1b040138a,0.1721311475409836,0.2876712328767123
547ee69b-ef33101345e3aff6,af1b152e-ecd3dfef045653d5,0.1721311475409836,0.2876712328767123
6bcc5afd-28d9bb844890d9da,8e990c75-f9144464a16f2616,0.171875,0.2037037037037037
e6b7a899-09224eadde94e5ee,375489f2-a0444125a74b9ccb,0.17142857142857143,0.17391304347826086
8f855b99-1e222b61dfa2ec7f,45f5632f-5ab969465e5a8f59,0.17142857142857143,0.17857142857142858
f9e08a46-5d34e200f915e8d0,8926151a-5e56a31bb1481ed4,0.17142857142857143,0.1875
bd65846f-dda288a85405877d,a4c98ae1-3942cae7e65d9f37,0.17142857142857143,0.1744186046511628
8f855b99-1e222b61dfa2ec7f,45f5632f-2bd33d3b4d42cb8d,0.17142857142857143,0.17857142857142858
a4d6775d-895b97d602f71f4f,93322168-c6d3be538e049476,0.17073170731707318,0.18666666666666668
3d06b643-52fef5e25f21ee7f,93322168-c6d3be538e049476,0.17073170731707318,0.18666666666666668
7b71234c-c144dfdf3c050ab5,930dd1f1-61ab1c8d80bf7a8d,0.17061611374407584,0.26865671641791045
12c1cc56-c144dfdf3c050ab5,930dd1f1-61ab1c8d80bf7a8d,0.17061611374407584,0.26865671641791045
c06c758d-c144dfdf3c050ab5,930dd1f1-61ab1c8d80bf7a8d,0.17061611374407584,0.26865671641791045
cb87df79-e6daab7d8f341736,d8e4eb5e-8079445020a594f8,0.17054263565891473,0.21153846153846154
cb87df79-e6daab7d8f341736,8f30bfc3-0206ccf1b040138a,0.17040358744394618,0.36538461538461536
cb87df79-e6daab7d8f341736,af1b152e-ecd3dfef045653d5,0.17040358744394618,0.36538461538461536
8ddb5587-69fda5215b397350,034030f3-0fcdc00fa21b2b63,0.1702127659574468,0.18461538461538463
f9e08a46-5d34e200f915e8d0,d8e4eb5e-8079445020a594f8,0.1702127659574468,0.1875
cb87df79-e6daab7d8f341736,3951966f-72a49600e61410e6,0.1702127659574468,0.23076923076923078
4201fdf7-e9b7491886b37cf0,2e1109d7-9902a467adb93d62,0.16993464052287582,0.19117647058823528
4201fdf7-e9b7491886b37cf0,e7000ac2-9902a467adb93d62,0.16993464052287582,0.19117647058823528
547ee69b-ef33101345e3aff6,5a74241a-dc901804978ab00a,0.16993464052287582,0.1780821917808219
ae775964-023a1237326b6e42,930dd1f1-61ab1c8d80bf7a8d,0.16923076923076924,0.1896551724137931
8ddb5587-69fda5215b397350,d8e4eb5e-8079445020a594f8,0.16901408450704225,0.18461538461538463
141effef-1bfb859e38d0541d,d8e4eb5e-8079445020a594f8,0.16901408450704225,0.18461538461538463
7b71234c-c144dfdf3c050ab5,41e72d4f-21bec02e70069337,0.16901408450704225,0.1791044776119403
f6ca6fc8-e7ab163f0a8022bf,3951966f-72a49600e61410e6,0.16901408450704225,0.22641509433962265
12c1cc56-c144dfdf3c050ab5,41e72d4f-21bec02e70069337,0.16901408450704225,0.1791044776119403
c06c758d-c144dfdf3c050ab5,41e72d4f-21bec02e70069337,0.16901408450704225,0.1791044776119403
2ebeae13-f6d98bc6e8762f12,5a74241a-dc901804978ab00a,0.16883116883116883,0.17567567567567569
0fd5b95a-e9d45e7dc0eefa8b,d314aa92-9f7dd24f2fa68770,0.1686746987951807,0.1794871794871795
5a74241a-dc901804978ab00a,5ee4d2f9-7b875ec1c8e8e319,0.1686746987951807,0.175
6490bbe8-cb4a60be38dd4393,93322168-c6d3be538e049476,0.1686746987951807,0.18181818181818182
13441e8f-5b125e896d439795,5ce1fe32-9ffbc9498a417876,0.16793893129770993,0.18333333333333332
2c7a0000-0b8bb8afaf26c254,db01da00-988246098678c280,0.16793893129770993,0.1864406779661017
6bcc5afd-28d9bb844890d9da,d8e4eb5e-8079445020a594f8,0.16793893129770993,0.2037037037037037
141effef-1bfb859e38d0541d,764484c3-b96a5fc3fd9ec3ec,0.16783216783216784,0.18461538461538463
6bcc5afd-28d9bb844890d9da,3951966f-72a49600e61410e6,0.16783216783216784,0.2222222222222222
8e990c75-f9144464a16f2616,8c79c384-7673be7788c8bbc1,0.16774193548387098,0.17567567567567569
bd50e3fe-deb43aa46e8164ed,29210e56-e4fcc33dc59803ba,0.16774193548387098,0.22033898305084745
0588b869-178a29ccfedc3992,ee4f7b06-0df895503f264db3,0.16774193548387098,0.19117647058823528
14b0fb8e-37daaf5ae4723931,ae775964-023a1237326b6e42,0.16753926701570682,0.21333333333333335
764484c3-b96a5fc3fd9ec3ec,d63e6e3f-68836bbaaea4c108,0.16666666666666666,0.16666666666666666
2da4b3fe-e5141fdf3cc061b7,2e1109d7-9902a467adb93d62,0.16666666666666666,0.2033898305084746
734a94be-491555e2a9bcc2a4,5ce1fe32-9ffbc9498a417876,0.16666666666666666,0.18032786885245902
734a94be-cd0c40be4a89c935,5ce1fe32-9ffbc9498a417876,0.16666666666666666,0.18032786885245902
8e990c75-f9144464a16f2616,c4cdd3af-d681944ed10b5e5a,0.16666666666666666,0.17567567567567569
ebd8ff55-b7fcefff9d43d956,9bc690ef-eaa1605ae19c8de9,0.16666666666666666,0.18032786885245902
a4c98ae1-3942cae7e65d9f37,45f5632f-5ab969465e5a8f59,0.16666666666666666,0.16853932584269662
7b71234c-c144dfdf3c050ab5,a4c98ae1-3942cae7e65d9f37,0.16666666666666666,0.19402985074626866
12c1cc56-c144dfdf3c050ab5,a4c98ae1-3942cae7e65d9f37,0.16666666666666666,0.19402985074626866
c06c758d-c144dfdf3c050ab5,a4c98ae1-3942cae7e65d9f37,0.16666666666666666,0.19402985074626866
a4c98ae1-3942cae7e65d9f37,45f5632f-2bd33d3b4d42cb8d,0.16666666666666666,0.16853932584269662
547ee69b-ef33101345e3aff6,595f5d6c-7ba61dd9e3df26a6,0.16666666666666666,0.2054794520547945
c4cdd3af-d681944ed10b5e5a,5ee4d2f9-7b875ec1c8e8e319,0.16666666666666666,0.17073170731707318
2ebeae13-f6d98bc6e8762f12,c4cdd3af-d681944ed10b5e5a,0.16666666666666666,0.17567567567567569
7b71234c-c144dfdf3c050ab5,6490bbe8-cb4a60be38dd4393,0.16666666666666666,0.1791044776119403
12c1cc56-c144dfdf3c050ab5,6490bbe8-cb4a60be38dd4393,0.16666666666666666,0.1791044776119403
c06c758d-c144dfdf3c050ab5,6490bbe8-cb4a60be38dd4393,0.16666666666666666,0.1791044776119403
2da4b3fe-e5141fdf3cc061b7,e7000ac2-9902a467adb93d62,0.16666666666666666,0.2033898305084746
2470b521-019c23f7e919baa8,2e1109d7-9902a467adb93d62,0.16560509554140126,0.18055555555555555
9bc690ef-eaa1605ae19c8de9,bd65846f-dda288a85405877d,0.16560509554140126,0.18309859154929578
8926151a-5e56a31bb1481ed4,7011024d-20824aa80ee40c37,0.16560509554140126,0.17105263157894737
7bc92b7f-01484e4d0896aace,5dc1f7b3-8c0e00231be211a2,0.16560509554140126,0.17105263157894737
2470b521-019c23f7e919baa8,e7000ac2-9902a467adb93d62,0.16560509554140126,0.18055555555555555
11d91f31-d6dac8853a738e43,d63e6e3f-68836bbaaea4c108,0.16551724137931034,0.1791044776119403
4e9c4bf9-d32422ae7aa1d171,d221162a-c21f547a22d9eb13,0.16541353383458646,0.21153846153846154
4e9c4bf9-d32422ae7aa1d171,8c79c384-7673be7788c8bbc1,0.16541353383458646,0.21153846153846154
1162c08f-3a2a31cf33573c4d,bd50e3fe-deb43aa46e8164ed,0.1651376146788991,0.18
6653a758-75500306c58aa931,bd50e3fe-deb43aa46e8164ed,0.1651376146788991,0.18
0fd5b95a-e9d45e7dc0eefa8b,ae775964-023a1237326b6e42,0.16494845360824742,0.20512820512820512
46e9aed4-c477cb844c1e1d56,8f30bfc3-0206ccf1b040138a,0.1646090534979424,0.2777777777777778
46e9aed4-c477cb844c1e1d56,af1b152e-ecd3dfef045653d5,0.1646090534979424,0.2777777777777778
4201fdf7-e9b7491886b37cf0,d63e6e3f-68836bbaaea4c108,0.1643835616438356,0.17647058823529413
bd50e3fe-deb43aa46e8164ed,9cea10af-0b3023dfc77d153a,0.1643835616438356,0.2033898305084746
5ce1fe32-9ffbc9498a417876,69c97258-21e5704deef76ece,0.1643835616438356,0.16901408450704225
1162c08f-3a2a31cf33573c4d,29210e56-e4fcc33dc59803ba,0.1643835616438356,0.24
6653a758-75500306c58aa931,29210e56-e4fcc33dc59803ba,0.1643835616438356,0.24
cb87df79-e6daab7d8f341736,bf992c91-d94ad939d2852a18,0.16393442622950818,0.19230769230769232
734a94be-491555e2a9bcc2a4,8f30bfc3-0206ccf1b040138a,0.16379310344827586,0.3114754098360656
734a94be-491555e2a9bcc2a4,af1b152e-ecd3dfef045653d5,0.16379310344827586,0.3114754098360656
734a94be-cd0c40be4a89c935,8f30bfc3-0206ccf1b040138a,0.16379310344827586,0.3114754098360656
734a94be-cd0c40be4a89c935,af1b152e-ecd3dfef045653d5,0.16379310344827586,0.3114754098360656
69c97258-21e5704deef76ece,8f855b99-1e222b61dfa2ec7f,0.16352201257861634,0.17333333333333334
734a94be-491555e2a9bcc2a4,bd65846f-dda288a85405877d,0.16326530612244897,0.19672131147540983
734a94be-cd0c40be4a89c935,bd65846f-dda288a85405877d,0.16326530612244897,0.19672131147540983
96b3758b-d23ef8ff9339c1f0,5ee4d2f9-7b875ec1c8e8e319,0.1625,0.17567567567567569
2da4b3fe-e5141fdf3cc061b7,60c85a4f-1cb4672ccc545eb2,0.1625,0.22033898305084745
e6b7a899-09224eadde94e5ee,3e191f3b-267f38bf210ab88d,0.16216216216216217,0.17391304347826086
e6b7a899-09224eadde94e5ee,ae775964-023a1237326b6e42,0.16216216216216217,0.21739130434782608
cb87df79-e6daab7d8f341736,29210e56-e4fcc33dc59803ba,0.16216216216216217,0.23076923076923078
d9f6c257-6be30afb625c7fcc,29210e56-e4fcc33dc59803ba,0.16216216216216217,0.23076923076923078
bf992c91-d94ad939d2852a18,764484c3-b96a5fc3fd9ec3ec,0.16216216216216217,0.17142857142857143
7b71234c-c144dfdf3c050ab5,d221162a-c21f547a22d9eb13,0.16216216216216217,0.1791044776119403
12c1cc56-c144dfdf3c050ab5,d221162a-c21f547a22d9eb13,0.16216216216216217,0.1791044776119403
c06c758d-c144dfdf3c050ab5,d221162a-c21f547a22d9eb13,0.16216216216216217,0.1791044776119403
13441e8f-5b125e896d439795,034030f3-0fcdc00fa21b2b63,0.16176470588235295,0.18333333333333332
8ddb5587-69fda5215b397350,5ce1fe32-9ffbc9498a417876,0.16176470588235295,0.16923076923076924
13441e8f-5b125e896d439795,8926151a-5e56a31bb1481ed4,0.16176470588235295,0.18333333333333332
f4f1b18f-c1a38185306219e8,ae775964-023a1237326b6e42,0.16161616161616163,0.1951219512195122
3e191f3b-267f38bf210ab88d,f4f1b18f-c1a38185306219e8,0.16149068322981366,0.16455696202531644
db01da00-988246098678c280,93322168-c6d3be538e049476,0.16149068322981366,0.18055555555555555
f6ca6fc8-e7ab163f0a8022bf,29210e56-e4fcc33dc59803ba,0.1610738255033557,0.22641509433962265
db01da00-988246098678c280,d8e4eb5e-8079445020a594f8,0.1610738255033557,0.16666666666666666
7bc92b7f-01484e4d0896aace,a4e39423-0bca8609e3a20081,0.16091954022988506,0.18421052631578946
67996c4c-6031a4e4c44a5547,ee4f7b06-0df895503f264db3,0.16049382716049382,0.17333333333333334
45f5632f-5ab969465e5a8f59,8f30bfc3-0206ccf1b040138a,0.16030534351145037,0.23076923076923078
45f5632f-5ab969465e5a8f59,af1b152e-ecd3dfef045653d5,0.16030534351145037,0.23076923076923078
45f5632f-2bd33d3b4d42cb8d,8f30bfc3-0206ccf1b040138a,0.16030534351145037,0.23076923076923078
45f5632f-2bd33d3b4d42cb8d,af1b152e-ecd3dfef045653d5,0.16030534351145037,0.23076923076923078
2470b521-019c23f7e919baa8,d63e6e3f-68836bbaaea4c108,0.16,0.16666666666666666
4e9c4bf9-d32422ae7aa1d171,b38468e8-355e4e494f76a9c6,0.16,0.23076923076923078
0588b869-178a29ccfedc3992,f4f1b18f-c1a38185306219e8,0.16,0.17647058823529413
6bcc5afd-28d9bb844890d9da,29210e56-e4fcc33dc59803ba,0.16,0.2222222222222222
2da4b3fe-e5141fdf3cc061b7,ae775964-023a1237326b6e42,0.16,0.23728813559322035
a4ec80a0-fa10dc124910b760,9028caf7-5bfe14d4c3b17f76,0.15950920245398773,0.18309859154929578
a4ec80a0-fa10dc124910b760,69b2fd22-5bfe14d4c3b17f76,0.15950920245398773,0.18309859154929578
8e990c75-f9144464a16f2616,a4c98ae1-3942cae7e65d9f37,0.15950920245398773,0.17567567567567569
d8e4eb5e-8079445020a594f8,5ee4d2f9-7b875ec1c8e8e319,0.15950920245398773,0.16883116883116883
6490bbe8-cb4a60be38dd4393,bd65846f-dda288a85405877d,0.15950920245398773,0.16883116883116883
f9e08a46-5d34e200f915e8d0,8e990c75-f9144464a16f2616,0.15942028985507245,0.171875
7b71234c-c144dfdf3c050ab5,375489f2-a0444125a74b9ccb,0.15942028985507245,0.16417910447761194
12c1cc56-c144dfdf3c050ab5,375489f2-a0444125a74b9ccb,0.15942028985507245,0.16417910447761194
c06c758d-c144dfdf3c050ab5,375489f2-a0444125a74b9ccb,0.15942028985507245,0.16417910447761194
a4d6775d-895b97d602f71f4f,034030f3-0fcdc00fa21b2b63,0.15894039735099338,0.16
3d06b643-52fef5e25f21ee7f,034030f3-0fcdc00fa21b2b63,0.15894039735099338,0.16
8ddb5587-69fda5215b397350,bd65846f-dda288a85405877d,0.15894039735099338,0.18461538461538463
a4e39423-0bca8609e3a20081,ae775964-023a1237326b6e42,0.1588785046728972,0.17346938775510204
2c7a0000-0b8bb8afaf26c254,11d91f31-d6dac8853a738e43,0.15873015873015872,0.1694915254237288
f6ca6fc8-e7ab163f0a8022bf,547ee69b-ef33101345e3aff6,0.15873015873015872,0.18867924528301888
8926151a-5e56a31bb1481ed4,d314aa92-9f7dd24f2fa68770,0.15853658536585366,0.17105263157894737
e6b7a899-09224eadde94e5ee,bf992c91-d94ad939d2852a18,0.15827338129496402,0.15942028985507245
f4f1b18f-c1a38185306219e8,8f30bfc3-0206ccf1b040138a,0.15810276679841898,0.24390243902439024
f4f1b18f-c1a38185306219e8,af1b152e-ecd3dfef045653d5,0.15810276679841898,0.24390243902439024
034030f3-0fcdc00fa21b2b63,7bc92b7f-01484e4d0896aace,0.15789473684210525,0.15789473684210525
547ee69b-ef33101345e3aff6,3e191f3b-267f38bf210ab88d,0.15789473684210525,0.1643835616438356
8e990c75-f9144464a16f2616,764484c3-b96a5fc3fd9ec3ec,0.15789473684210525,0.16216216216216217
f9e08a46-5d34e200f915e8d0,60c85a4f-1cb4672ccc545eb2,0.15757575757575756,0.203125
6bcc5afd-28d9bb844890d9da,547ee69b-ef33101345e3aff6,0.15748031496062992,0.18518518518518517
eea69e7f-8dab83995204e0df,034030f3-0fcdc00fa21b2b63,0.15714285714285714,0.171875
11373c16-325c2a81744d6c63,5ce1fe32-9ffbc9498a417876,0.15714285714285714,0.15942028985507245
eea69e7f-8dab83995204e0df,8926151a-5e56a31bb1481ed4,0.15714285714285714,0.171875
141effef-1bfb859e38d0541d,41e72d4f-21bec02e70069337,0.15714285714285714,0.16923076923076924
16a2a867-abbed6f23596204e,f4f1b18f-c1a38185306219e8,0.1568627450980392,0.16901408450704225
11d91f31-d6dac8853a738e43,0d11fb94-9b58e2541be4dfcb,0.1568627450980392,0.1791044776119403
d63e6e3f-68836bbaaea4c108,d314aa92-9f7dd24f2fa68770,0.1566265060240964,0.16666666666666666
8e990c75-f9144464a16f2616,9028caf7-5bfe14d4c3b17f76,0.1566265060240964,0.17567567567567569
8e990c75-f9144464a16f2616,69b2fd22-5bfe14d4c3b17f76,0.1566265060240964,0.17567567567567569
034030f3-0fcdc00fa21b2b63,0fd5b95a-e9d45e7dc0eefa8b,0.15584415584415584,0.15789473684210525
2c7a0000-0b8bb8afaf26c254,bf992c91-d94ad939d2852a18,0.15503875968992248,0.1694915254237288
13441e8f-5b125e896d439795,f4f1b18f-c1a38185306219e8,0.15492957746478872,0.18333333333333332
4201fdf7-e9b7491886b37cf0,9cea10af-0b3023dfc77d153a,0.15483870967741936,0.17647058823529413
e6b7a899-09224eadde94e5ee,bd65846f-dda288a85405877d,0.15483870967741936,0.17391304347826086
2da4b3fe-e5141fdf3cc061b7,29210e56-e4fcc33dc59803ba,0.15483870967741936,0.2033898305084746
8926151a-5e56a31bb1481ed4,930dd1f1-61ab1c8d80bf7a8d,0.15454545454545454,0.2236842105263158
4e9c4bf9-d32422ae7aa1d171,d63e6e3f-68836bbaaea4c108,0.15384615384615385,0.19230769230769232
5ce1fe32-9ffbc9498a417876,46e9aed4-c477cb844c1e1d56,0.15384615384615385,0.15492957746478872
5ce1fe32-9ffbc9498a417876,2470b521-019c23f7e919baa8,0.15384615384615385,0.15492957746478872
4201fdf7-e9b7491886b37cf0,60c85a4f-1cb4672ccc545eb2,0.15384615384615385,0.19117647058823528
2c7a0000-0b8bb8afaf26c254,8f855b99-1e222b61dfa2ec7f,0.15384615384615385,0.1864406779661017
7bc92b7f-01484e4d0896aace,595f5d6c-7ba61dd9e3df26a6,0.15300546448087432,0.18421052631578946
734a94be-491555e2a9bcc2a4,29210e56-e4fcc33dc59803ba,0.15286624203821655,0.19672131147540983
41e72d4f-21bec02e70069337,c4cdd3af-d681944ed10b5e5a,0.15286624203821655,0.16
734a94be-cd0c40be4a89c935,29210e56-e4fcc33dc59803ba,0.15286624203821655,0.19672131147540983
4201fdf7-e9b7491886b37cf0,034030f3-0fcdc00fa21b2b63,0.1527777777777778,0.16176470588235295
d9f6c257-6be30afb625c7fcc,3e191f3b-267f38bf210ab88d,0.15267175572519084,0.19230769230769232
734a94be-491555e2a9bcc2a4,bf992c91-d94ad939d2852a18,0.15267175572519084,0.16393442622950818
141effef-1bfb859e38d0541d,9e4ddc38-f08d0e6847f4856a,0.15267175572519084,0.15384615384615385
734a94be-cd0c40be4a89c935,bf992c91-d94ad939d2852a18,0.15267175572519084,0.16393442622950818
7bc92b7f-01484e4d0896aace,4323e2bd-229894dcd42dbd47,0.15217391304347827,0.18421052631578946
c4cdd3af-d681944ed10b5e5a,93322168-c6d3be538e049476,0.15204678362573099,0.15853658536585366
e6b7a899-09224eadde94e5ee,93322168-c6d3be538e049476,0.1518987341772152,0.17391304347826086
6490bbe8-cb4a60be38dd4393,5dc1f7b3-8c0e00231be211a2,0.1518987341772152,0.15584415584415584
f6ca6fc8-e7ab163f0a8022bf,8f30bfc3-0206ccf1b040138a,0.15178571428571427,0.32075471698113206
f6ca6fc8-e7ab163f0a8022bf,af1b152e-ecd3dfef045653d5,0.15178571428571427,0.32075471698113206
45f5632f-5ab969465e5a8f59,595f5d6c-7ba61dd9e3df26a6,0.15151515151515152,0.16483516483516483
45f5632f-2bd33d3b4d42cb8d,595f5d6c-7ba61dd9e3df26a6,0.15151515151515152,0.16483516483516483
6bcc5afd-28d9bb844890d9da,8f30bfc3-0206ccf1b040138a,0.1511111111111111,0.3148148148148148
6bcc5afd-28d9bb844890d9da,af1b152e-ecd3dfef045653d5,0.1511111111111111,0.3148148148148148
d8e4eb5e-8079445020a594f8,c4cdd3af-d681944ed10b5e5a,0.1509433962264151,0.15584415584415584
ebd8ff55-b7fcefff9d43d956,2e1109d7-9902a467adb93d62,0.1506849315068493,0.18032786885245902
5ce1fe32-9ffbc9498a417876,67996c4c-6031a4e4c44a5547,0.1506849315068493,0.15492957746478872
13441e8f-5b125e896d439795,5ee4d2f9-7b875ec1c8e8e319,0.1506849315068493,0.18333333333333332
ebd8ff55-b7fcefff9d43d956,e7000ac2-9902a467adb93d62,0.1506849315068493,0.18032786885245902
375489f2-a0444125a74b9ccb,41e72d4f-21bec02e70069337,0.1506849315068493,0.15492957746478872
46e9aed4-c477cb844c1e1d56,60c85a4f-1cb4672ccc545eb2,0.15028901734104047,0.18055555555555555
547ee69b-ef33101345e3aff6,9cea10af-0b3023dfc77d153a,0.15,0.1643835616438356
8e990c75-f9144464a16f2616,5ee4d2f9-7b875ec1c8e8e319,0.15,0.16216216216216217
2c7a0000-0b8bb8afaf26c254,60c85a4f-1cb4672ccc545eb2,0.15,0.2033898305084746
bd65846f-dda288a85405877d,60c85a4f-1cb4672ccc545eb2,0.1497326203208556,0.16279069767441862
9e4ddc38-f08d0e6847f4856a,5dc1f7b3-8c0e00231be211a2,0.14965986394557823,0.16666666666666666
8926151a-5e56a31bb1481ed4,2e1109d7-9902a467adb93d62,0.14906832298136646,0.15789473684210525
46e9aed4-c477cb844c1e1d56,3951966f-72a49600e61410e6,0.14906832298136646,0.16666666666666666
14b0fb8e-37daaf5ae4723931,5ee4d2f9-7b875ec1c8e8e319,0.14906832298136646,0.16
8926151a-5e56a31bb1481ed4,e7000ac2-9902a467adb93d62,0.14906832298136646,0.15789473684210525
8e990c75-f9144464a16f2616,96b3758b-d23ef8ff9339c1f0,0.14864864864864866,0.14864864864864866
547ee69b-ef33101345e3aff6,69c97258-21e5704deef76ece,0.14864864864864866,0.1506849315068493
2da4b3fe-e5141fdf3cc061b7,034030f3-0fcdc00fa21b2b63,0.14814814814814814,0.1694915254237288
bd50e3fe-deb43aa46e8164ed,034030f3-0fcdc00fa21b2b63,0.14814814814814814,0.1694915254237288
11d91f31-d6dac8853a738e43,4201fdf7-e9b7491886b37cf0,0.14814814814814814,0.14925373134328357
7b71234c-c144dfdf3c050ab5,4201fdf7-e9b7491886b37cf0,0.14814814814814814,0.14925373134328357
12c1cc56-c144dfdf3c050ab5,4201fdf7-e9b7491886b37cf0,0.14814814814814814,0.14925373134328357
c06c758d-c144dfdf3c050ab5,4201fdf7-e9b7491886b37cf0,0.14814814814814814,0.14925373134328357
8926151a-5e56a31bb1481ed4,0d11fb94-9b58e2541be4dfcb,0.14814814814814814,0.15789473684210525
7bc92b7f-01484e4d0896aace,5ee4d2f9-7b875ec1c8e8e319,0.14814814814814814,0.15789473684210525
2ebeae13-f6d98bc6e8762f12,d314aa92-9f7dd24f2fa68770,0.14814814814814814,0.16216216216216217
41e72d4f-21bec02e70069337,ee4f7b06-0df895503f264db3,0.14814814814814814,0.16
bd65846f-dda288a85405877d,8f30bfc3-0206ccf1b040138a,0.14785992217898833,0.22093023255813954
bd65846f-dda288a85405877d,af1b152e-ecd3dfef045653d5,0.14785992217898833,0.22093023255813954
f4b87cc2-7d332534a27bc5d6,93322168-c6d3be538e049476,0.14772727272727273,0.14942528735632185
eea69e7f-8dab83995204e0df,2e1109d7-9902a467adb93d62,0.1476510067114094,0.171875
7b71234c-c144dfdf3c050ab5,f4f1b18f-c1a38185306219e8,0.1476510067114094,0.16417910447761194
12c1cc56-c144dfdf3c050ab5,f4f1b18f-c1a38185306219e8,0.1476510067114094,0.16417910447761194
c06c758d-c144dfdf3c050ab5,f4f1b18f-c1a38185306219e8,0.1476510067114094,0.16417910447761194
eea69e7f-8dab83995204e0df,e7000ac2-9902a467adb93d62,0.1476510067114094,0.171875
11d91f31-d6dac8853a738e43,c4cdd3af-d681944ed10b5e5a,0.1476510067114094,0.16417910447761194
8e990c75-f9144464a16f2616,3951966f-72a49600e61410e6,0.147239263803681,0.16216216216216217
11d91f31-d6dac8853a738e43,29210e56-e4fcc33dc59803ba,0.147239263803681,0.1791044776119403
6bcc5afd-28d9bb844890d9da,f4f1b18f-c1a38185306219e8,0.14705882352941177,0.18518518518518517
8e990c75-f9144464a16f2616,8f30bfc3-0206ccf1b040138a,0.1469387755102041,0.24324324324324326
8e990c75-f9144464a16f2616,af1b152e-ecd3dfef045653d5,0.1469387755102041,0.24324324324324326
eea69e7f-8dab83995204e0df,5ee4d2f9-7b875ec1c8e8e319,0.14666666666666667,0.171875
9e4ddc38-f08d0e6847f4856a,8f855b99-1e222b61dfa2ec7f,0.14666666666666667,0.16666666666666666
f9e08a46-5d34e200f915e8d0,0d11fb94-9b58e2541be4dfcb,0.14666666666666667,0.171875
41e72d4f-21bec02e70069337,ae775964-023a1237326b6e42,0.14659685863874344,0.18666666666666668
67996c4c-6031a4e4c44a5547,93322168-c6d3be538e049476,0.14634146341463414,0.16
69c97258-21e5704deef76ece,3951966f-72a49600e61410e6,0.14634146341463414,0.16
41e72d4f-21bec02e70069337,a4c98ae1-3942cae7e65d9f37,0.14634146341463414,0.16
1162c08f-3a2a31cf33573c4d,547ee69b-ef33101345e3aff6,0.14634146341463414,0.18
0fd5b95a-e9d45e7dc0eefa8b,5ee4d2f9-7b875ec1c8e8e319,0.14634146341463414,0.15384615384615385
6653a758-75500306c58aa931,547ee69b-ef33101345e3aff6,0.14634146341463414,0.18
41e72d4f-21bec02e70069337,3951966f-72a49600e61410e6,0.14634146341463414,0.16
9e4ddc38-f08d0e6847f4856a,a4ec80a0-fa10dc124910b760,0.145985401459854,0.15151515151515152
7bc92b7f-01484e4d0896aace,93322168-c6d3be538e049476,0.14545454545454545,0.15789473684210525
7b71234c-c144dfdf3c050ab5,a4e39423-0bca8609e3a20081,0.14545454545454545,0.1791044776119403
12c1cc56-c144dfdf3c050ab5,a4e39423-0bca8609e3a20081,0.14545454545454545,0.1791044776119403
c06c758d-c144dfdf3c050ab5,a4e39423-0bca8609e3a20081,0.14545454545454545,0.1791044776119403
4201fdf7-e9b7491886b37cf0,bf992c91-d94ad939d2852a18,0.14492753623188406,0.14705882352941177
4e9c4bf9-d32422ae7aa1d171,22b41936-e1a4f2961d5e650a,0.14492753623188406,0.19230769230769232
7b71234c-c144dfdf3c050ab5,9bc690ef-eaa1605ae19c8de9,0.14492753623188406,0.14925373134328357
12c1cc56-c144dfdf3c050ab5,9bc690ef-eaa1605ae19c8de9,0.14492753623188406,0.14925373134328357
c06c758d-c144dfdf3c050ab5,9bc690ef-eaa1605ae19c8de9,0.14492753623188406,0.14925373134328357
8e990c75-f9144464a16f2616,d63e6e3f-68836bbaaea4c108,0.14473684210526316,0.14864864864864866
7b71234c-c144dfdf3c050ab5,2e1109d7-9902a467adb93d62,0.14473684210526316,0.16417910447761194
12c1cc56-c144dfdf3c050ab5,2e1109d7-9902a467adb93d62,0.14473684210526316,0.16417910447761194
c06c758d-c144dfdf3c050ab5,2e1109d7-9902a467adb93d62,0.14473684210526316,0.16417910447761194
7b71234c-c144dfdf3c050ab5,e7000ac2-9902a467adb93d62,0.14473684210526316,0.16417910447761194
12c1cc56-c144dfdf3c050ab5,e7000ac2-9902a467adb93d62,0.14473684210526316,0.16417910447761194
c06c758d-c144dfdf3c050ab5,e7000ac2-9902a467adb93d62,0.14473684210526316,0.16417910447761194
14b0fb8e-37daaf5ae4723931,45f5632f-5ab969465e5a8f59,0.14457831325301204,0.16
14b0fb8e-37daaf5ae4723931,45f5632f-2bd33d3b4d42cb8d,0.14457831325301204,0.16
d8e4eb5e-8079445020a594f8,a4c98ae1-3942cae7e65d9f37,0.14457831325301204,0.15584415584415584
d8e4eb5e-8079445020a594f8,3951966f-72a49600e61410e6,0.14457831325301204,0.15584415584415584
9028caf7-5bfe14d4c3b17f76,8f30bfc3-0206ccf1b040138a,0.1444866920152091,0.20652173913043478
9028caf7-5bfe14d4c3b17f76,af1b152e-ecd3dfef045653d5,0.1444866920152091,0.20652173913043478
69b2fd22-5bfe14d4c3b17f76,8f30bfc3-0206ccf1b040138a,0.1444866920152091,0.20652173913043478
69b2fd22-5bfe14d4c3b17f76,af1b152e-ecd3dfef045653d5,0.1444866920152091,0.20652173913043478
bd50e3fe-deb43aa46e8164ed,d018b49f-e1ae502e5288eb54,0.14388489208633093,0.1694915254237288
f6ca6fc8-e7ab163f0a8022bf,0d11fb94-9b58e2541be4dfcb,0.14388489208633093,0.18867924528301888
67996c4c-6031a4e4c44a5547,d63e6e3f-68836bbaaea4c108,0.1437908496732026,0.14666666666666667
69c97258-21e5704deef76ece,d63e6e3f-68836bbaaea4c108,0.1437908496732026,0.14666666666666667
0588b869-178a29ccfedc3992,2e1109d7-9902a467adb93d62,0.1437908496732026,0.16176470588235295
a4ec80a0-fa10dc124910b760,f4f1b18f-c1a38185306219e8,0.1437908496732026,0.15492957746478872
547ee69b-ef33101345e3aff6,d018b49f-e1ae502e5288eb54,0.1437908496732026,0.1506849315068493
7b71234c-c144dfdf3c050ab5,5ee4d2f9-7b875ec1c8e8e319,0.1437908496732026,0.16417910447761194
12c1cc56-c144dfdf3c050ab5,5ee4d2f9-7b875ec1c8e8e319,0.1437908496732026,0.16417910447761194
c06c758d-c144dfdf3c050ab5,5ee4d2f9-7b875ec1c8e8e319,0.1437908496732026,0.16417910447761194
7b71234c-c144dfdf3c050ab5,bd65846f-dda288a85405877d,0.1437908496732026,0.16417910447761194
12c1cc56-c144dfdf3c050ab5,bd65846f-dda288a85405877d,0.1437908496732026,0.16417910447761194
c06c758d-c144dfdf3c050ab5,bd65846f-dda288a85405877d,0.1437908496732026,0.16417910447761194
0588b869-178a29ccfedc3992,e7000ac2-9902a467adb93d62,0.1437908496732026,0.16176470588235295
764484c3-b96a5fc3fd9ec3ec,3951966f-72a49600e61410e6,0.1437125748502994,0.15384615384615385
8ddb5587-69fda5215b397350,ae775964-023a1237326b6e42,0.143646408839779,0.2
7bc92b7f-01484e4d0896aace,d63e6e3f-68836bbaaea4c108,0.14285714285714285,0.14473684210526316
ebd8ff55-b7fcefff9d43d956,3e191f3b-267f38bf210ab88d,0.14285714285714285,0.16393442622950818
8e990c75-f9144464a16f2616,4323e2bd-229894dcd42dbd47,0.14285714285714285,0.17567567567567569
bd50e3fe-deb43aa46e8164ed,5dc1f7b3-8c0e00231be211a2,0.14285714285714285,0.1694915254237288
9e4ddc38-f08d0e6847f4856a,2ebeae13-f6d98bc6e8762f12,0.14285714285714285,0.15151515151515152
6bcc5afd-28d9bb844890d9da,0d11fb94-9b58e2541be4dfcb,0.14285714285714285,0.18518518518518517
d63e6e3f-68836bbaaea4c108,45f5632f-5ab969465e5a8f59,0.14201183431952663,0.15384615384615385
d63e6e3f-68836bbaaea4c108,45f5632f-2bd33d3b4d42cb8d,0.14201183431952663,0.15384615384615385
547ee69b-ef33101345e3aff6,29210e56-e4fcc33dc59803ba,0.14201183431952663,0.1643835616438356
9e4ddc38-f08d0e6847f4856a,93322168-c6d3be538e049476,0.14193548387096774,0.16666666666666666
11d91f31-d6dac8853a738e43,8e990c75-f9144464a16f2616,0.14184397163120568,0.14925373134328357
f6ca6fc8-e7ab163f0a8022bf,8e990c75-f9144464a16f2616,0.14173228346456693,0.16981132075471697
41e72d4f-21bec02e70069337,5dc1f7b3-8c0e00231be211a2,0.14102564102564102,0.14666666666666667
9e4ddc38-f08d0e6847f4856a,034030f3-0fcdc00fa21b2b63,0.14084507042253522,0.15151515151515152
bf992c91-d94ad939d2852a18,46e9aed4-c477cb844c1e1d56,0.14084507042253522,0.14285714285714285
67996c4c-6031a4e4c44a5547,29210e56-e4fcc33dc59803ba,0.14035087719298245,0.16
547ee69b-ef33101345e3aff6,b38468e8-355e4e494f76a9c6,0.14035087719298245,0.1643835616438356
034030f3-0fcdc00fa21b2b63,8c79c384-7673be7788c8bbc1,0.14012738853503184,0.14473684210526316
a4ec80a0-fa10dc124910b760,5ee4d2f9-7b875ec1c8e8e319,0.14012738853503184,0.15492957746478872
a4ec80a0-fa10dc124910b760,bd65846f-dda288a85405877d,0.14012738853503184,0.15492957746478872
4201fdf7-e9b7491886b37cf0,a4c98ae1-3942cae7e65d9f37,0.14012738853503184,0.16176470588235295
14b0fb8e-37daaf5ae4723931,f4f1b18f-c1a38185306219e8,0.14012738853503184,0.14666666666666667
16a2a867-abbed6f23596204e,5ee4d2f9-7b875ec1c8e8e319,0.14012738853503184,0.15492957746478872
11d91f31-d6dac8853a738e43,034030f3-0fcdc00fa21b2b63,0.13986013986013987,0.14925373134328357
bd50e3fe-deb43aa46e8164ed,8f855b99-1e222b61dfa2ec7f,0.13986013986013987,0.1694915254237288
5dc1f7b3-8c0e00231be211a2,45f5632f-5ab969465e5a8f59,0.13953488372093023,0.14814814814814814
5dc1f7b3-8c0e00231be211a2,45f5632f-2bd33d3b4d42cb8d,0.13953488372093023,0.14814814814814814
8f855b99-1e222b61dfa2ec7f,d314aa92-9f7dd24f2fa68770,0.13953488372093023,0.14285714285714285
22b41936-e1a4f2961d5e650a,bd65846f-dda288a85405877d,0.13953488372093023,0.13953488372093023
bd65846f-dda288a85405877d,3b498a39-34f8b597e4ed27e8,0.13930348258706468,0.16279069767441862
8e990c75-f9144464a16f2616,8f855b99-1e222b61dfa2ec7f,0.13924050632911392,0.14864864864864866
d8e4eb5e-8079445020a594f8,7011024d-20824aa80ee40c37,0.13924050632911392,0.14285714285714285
bd65846f-dda288a85405877d,9cea10af-0b3023dfc77d153a,0.13872832369942195,0.13953488372093023
69c97258-21e5704deef76ece,b38468e8-355e4e494f76a9c6,0.13872832369942195,0.16
bd50e3fe-deb43aa46e8164ed,375489f2-a0444125a74b9ccb,0.13846153846153847,0.15254237288135594
3e191f3b-267f38bf210ab88d,5a74241a-dc901804978ab00a,0.13836477987421383,0.13924050632911392
41e72d4f-21bec02e70069337,8f855b99-1e222b61dfa2ec7f,0.13836477987421383,0.14666666666666667
a4c98ae1-3942cae7e65d9f37,2acaa7df-7cb445c7c8ad9468,0.13829787234042554,0.14606741573033707
bf992c91-d94ad939d2852a18,69c97258-21e5704deef76ece,0.13793103448275862,0.14285714285714285
7b71234c-c144dfdf3c050ab5,595f5d6c-7ba61dd9e3df26a6,0.13793103448275862,0.1791044776119403
12c1cc56-c144dfdf3c050ab5,595f5d6c-7ba61dd9e3df26a6,0.13793103448275862,0.1791044776119403
c06c758d-c144dfdf3c050ab5,595f5d6c-7ba61dd9e3df26a6,0.13793103448275862,0.1791044776119403
764484c3-b96a5fc3fd9ec3ec,29210e56-e4fcc33dc59803ba,0.13793103448275862,0.15384615384615385
ebd8ff55-b7fcefff9d43d956,8f855b99-1e222b61dfa2ec7f,0.13793103448275862,0.16393442622950818
f4b87cc2-7d332534a27bc5d6,ae775964-023a1237326b6e42,0.13793103448275862,0.16091954022988506
7bc92b7f-01484e4d0896aace,8f30bfc3-0206ccf1b040138a,0.13765182186234817,0.2236842105263158
7bc92b7f-01484e4d0896aace,af1b152e-ecd3dfef045653d5,0.13765182186234817,0.2236842105263158
8e990c75-f9144464a16f2616,3b498a39-34f8b597e4ed27e8,0.13756613756613756,0.17567567567567569
d63e6e3f-68836bbaaea4c108,f4f1b18f-c1a38185306219e8,0.1375,0.14102564102564102
8e990c75-f9144464a16f2616,60c85a4f-1cb4672ccc545eb2,0.13714285714285715,0.16216216216216217
ee4f7b06-0df895503f264db3,d314aa92-9f7dd24f2fa68770,0.13714285714285715,0.13793103448275862
8e990c75-f9144464a16f2616,ae775964-023a1237326b6e42,0.1368421052631579,0.17567567567567569
9028caf7-5bfe14d4c3b17f76,b38468e8-355e4e494f76a9c6,0.1368421052631579,0.14130434782608695
69b2fd22-5bfe14d4c3b17f76,b38468e8-355e4e494f76a9c6,0.1368421052631579,0.14130434782608695
7bc92b7f-01484e4d0896aace,2e1109d7-9902a467adb93d62,0.13664596273291926,0.14473684210526316
ba8800f5-754ce975c68dc482,5ee4d2f9-7b875ec1c8e8e319,0.13664596273291926,0.14666666666666667
7bc92b7f-01484e4d0896aace,e7000ac2-9902a467adb93d62,0.13664596273291926,0.14473684210526316
67996c4c-6031a4e4c44a5547,60c85a4f-1cb4672ccc545eb2,0.13636363636363635,0.16
5a74241a-dc901804978ab00a,29210e56-e4fcc33dc59803ba,0.13636363636363635,0.15
ebd8ff55-b7fcefff9d43d956,375489f2-a0444125a74b9ccb,0.13636363636363635,0.14754098360655737
4201fdf7-e9b7491886b37cf0,3e191f3b-267f38bf210ab88d,0.1360544217687075,0.14705882352941177
bd50e3fe-deb43aa46e8164ed,b842cf12-f7882fa2c05f3014,0.1360544217687075,0.1694915254237288
8e990c75-f9144464a16f2616,b842cf12-f7882fa2c05f3014,0.13580246913580246,0.14864864864864866
2470b521-019c23f7e919baa8,034030f3-0fcdc00fa21b2b63,0.13513513513513514,0.1388888888888889
4201fdf7-e9b7491886b37cf0,d018b49f-e1ae502e5288eb54,0.13513513513513514,0.14705882352941177
9bc690ef-eaa1605ae19c8de9,d8e4eb5e-8079445020a594f8,0.13513513513513514,0.14084507042253522
2c7a0000-0b8bb8afaf26c254,3951966f-72a49600e61410e6,0.13513513513513514,0.1694915254237288
8926151a-5e56a31bb1481ed4,9cea10af-0b3023dfc77d153a,0.13496932515337423,0.14473684210526316
f9e08a46-5d34e200f915e8d0,2acaa7df-7cb445c7c8ad9468,0.13496932515337423,0.171875
bd65846f-dda288a85405877d,595f5d6c-7ba61dd9e3df26a6,0.13471502590673576,0.1511627906976744
034030f3-0fcdc00fa21b2b63,d314aa92-9f7dd24f2fa68770,0.13414634146341464,0.14473684210526316
41e72d4f-21bec02e70069337,93322168-c6d3be538e049476,0.13414634146341464,0.14666666666666667
764484c3-b96a5fc3fd9ec3ec,ae775964-023a1237326b6e42,0.13402061855670103,0.16666666666666666
5dc1f7b3-8c0e00231be211a2,2acaa7df-7cb445c7c8ad9468,0.13333333333333333,0.14814814814814814
5dc1f7b3-8c0e00231be211a2,ae775964-023a1237326b6e42,0.1319796954314721,0.16049382716049382
8c79c384-7673be7788c8bbc1,5ee4d2f9-7b875ec1c8e8e319,0.1317365269461078,0.13580246913580246
9e4ddc38-f08d0e6847f4856a,60c85a4f-1cb4672ccc545eb2,0.1317365269461078,0.16666666666666666
69c97258-21e5704deef76ece,d8e4eb5e-8079445020a594f8,0.13157894736842105,0.13333333333333333
d8e4eb5e-8079445020a594f8,595f5d6c-7ba61dd9e3df26a6,0.13043478260869565,0.15584415584415584
69c97258-21e5704deef76ece,3e191f3b-267f38bf210ab88d,0.12987012987012986,0.13333333333333333
547ee69b-ef33101345e3aff6,5dc1f7b3-8c0e00231be211a2,0.12987012987012986,0.136986301369863
d8e4eb5e-8079445020a594f8,4323e2bd-229894dcd42dbd47,0.12972972972972974,0.15584415584415584
22b41936-e1a4f2961d5e650a,2acaa7df-7cb445c7c8ad9468,0.12972972972972974,0.13953488372093023
3e191f3b-267f38bf210ab88d,45f5632f-5ab969465e5a8f59,0.12941176470588237,0.13924050632911392
3e191f3b-267f38bf210ab88d,45f5632f-2bd33d3b4d42cb8d,0.12941176470588237,0.13924050632911392
f4f1b18f-c1a38185306219e8,b842cf12-f7882fa2c05f3014,0.12941176470588237,0.13414634146341464
9e4ddc38-f08d0e6847f4856a,a4c98ae1-3942cae7e65d9f37,0.12903225806451613,0.15151515151515152
f4f1b18f-c1a38185306219e8,3951966f-72a49600e61410e6,0.1286549707602339,0.13414634146341464
41e72d4f-21bec02e70069337,29210e56-e4fcc33dc59803ba,0.1286549707602339,0.14666666666666667
db01da00-988246098678c280,2acaa7df-7cb445c7c8ad9468,0.1286549707602339,0.1527777777777778
96b3758b-d23ef8ff9339c1f0,f4f1b18f-c1a38185306219e8,0.1282051282051282,0.13513513513513514
8926151a-5e56a31bb1481ed4,d018b49f-e1ae502e5288eb54,0.1282051282051282,0.13157894736842105
547ee69b-ef33101345e3aff6,2acaa7df-7cb445c7c8ad9468,0.12790697674418605,0.1506849315068493
4201fdf7-e9b7491886b37cf0,3951966f-72a49600e61410e6,0.12738853503184713,0.14705882352941177
d8e4eb5e-8079445020a594f8,5dc1f7b3-8c0e00231be211a2,0.12658227848101267,0.12987012987012986
db01da00-988246098678c280,5ee4d2f9-7b875ec1c8e8e319,0.12658227848101267,0.1388888888888889
9e4ddc38-f08d0e6847f4856a,8f30bfc3-0206ccf1b040138a,0.12658227848101267,0.22727272727272727
9e4ddc38-f08d0e6847f4856a,af1b152e-ecd3dfef045653d5,0.12658227848101267,0.22727272727272727
67996c4c-6031a4e4c44a5547,2acaa7df-7cb445c7c8ad9468,0.12643678160919541,0.14666666666666667
f4f1b18f-c1a38185306219e8,9028caf7-5bfe14d4c3b17f76,0.12643678160919541,0.13414634146341464
f4f1b18f-c1a38185306219e8,69b2fd22-5bfe14d4c3b17f76,0.12643678160919541,0.13414634146341464
8e990c75-f9144464a16f2616,2e1109d7-9902a467adb93d62,0.12578616352201258,0.13513513513513514
8e990c75-f9144464a16f2616,e7000ac2-9902a467adb93d62,0.12578616352201258,0.13513513513513514
034030f3-0fcdc00fa21b2b63,2acaa7df-7cb445c7c8ad9468,0.12571428571428572,0.14473684210526316
5ee4d2f9-7b875ec1c8e8e319,a4c98ae1-3942cae7e65d9f37,0.12571428571428572,0.12790697674418605
8926151a-5e56a31bb1481ed4,8f855b99-1e222b61dfa2ec7f,0.125,0.13157894736842105
d8e4eb5e-8079445020a594f8,3b498a39-34f8b597e4ed27e8,0.125,0.15584415584415584
5ee4d2f9-7b875ec1c8e8e319,8f30bfc3-0206ccf1b040138a,0.1245136186770428,0.18604651162790697
5ee4d2f9-7b875ec1c8e8e319,af1b152e-ecd3dfef045653d5,0.1245136186770428,0.18604651162790697
0fd5b95a-e9d45e7dc0eefa8b,2acaa7df-7cb445c7c8ad9468,0.12429378531073447,0.14102564102564102
d8e4eb5e-8079445020a594f8,8f855b99-1e222b61dfa2ec7f,0.12422360248447205,0.12987012987012986
3e191f3b-267f38bf210ab88d,2acaa7df-7cb445c7c8ad9468,0.12359550561797752,0.13924050632911392
bd65846f-dda288a85405877d,9028caf7-5bfe14d4c3b17f76,0.12359550561797752,0.12790697674418605
bd65846f-dda288a85405877d,69b2fd22-5bfe14d4c3b17f76,0.12359550561797752,0.12790697674418605
bf992c91-d94ad939d2852a18,9028caf7-5bfe14d4c3b17f76,0.12345679012345678,0.14285714285714285
bf992c91-d94ad939d2852a18,69b2fd22-5bfe14d4c3b17f76,0.12345679012345678,0.14285714285714285
d221162a-c21f547a22d9eb13,f4f1b18f-c1a38185306219e8,0.12269938650306748,0.12345679012345678
7011024d-20824aa80ee40c37,f4f1b18f-c1a38185306219e8,0.12269938650306748,0.12345679012345678
d8e4eb5e-8079445020a594f8,9cea10af-0b3023dfc77d153a,0.12195121951219512,0.12987012987012986
764484c3-b96a5fc3fd9ec3ec,5ee4d2f9-7b875ec1c8e8e319,0.12195121951219512,0.1282051282051282
11373c16-325c2a81744d6c63,3e191f3b-267f38bf210ab88d,0.12162162162162163,0.13043478260869565
f4f1b18f-c1a38185306219e8,2acaa7df-7cb445c7c8ad9468,0.12154696132596685,0.13414634146341464
2470b521-019c23f7e919baa8,d8e4eb5e-8079445020a594f8,0.12080536912751678,0.125
3e191f3b-267f38bf210ab88d,f4b87cc2-7d332534a27bc5d6,0.12048192771084337,0.12658227848101267
f4f1b18f-c1a38185306219e8,8f855b99-1e222b61dfa2ec7f,0.12048192771084337,0.12195121951219512
2c7a0000-0b8bb8afaf26c254,595f5d6c-7ba61dd9e3df26a6,0.12048192771084337,0.1694915254237288
11d91f31-d6dac8853a738e43,2acaa7df-7cb445c7c8ad9468,0.12048192771084337,0.14925373134328357
4201fdf7-e9b7491886b37cf0,3b498a39-34f8b597e4ed27e8,0.12021857923497267,0.16176470588235295
5dc1f7b3-8c0e00231be211a2,bd65846f-dda288a85405877d,0.11976047904191617,0.12345679012345678
5ee4d2f9-7b875ec1c8e8e319,b38468e8-355e4e494f76a9c6,0.11956521739130435,0.12790697674418605
734a94be-491555e2a9bcc2a4,547ee69b-ef33101345e3aff6,0.11940298507462686,0.13114754098360656
734a94be-cd0c40be4a89c935,547ee69b-ef33101345e3aff6,0.11940298507462686,0.13114754098360656
8e990c75-f9144464a16f2616,930dd1f1-61ab1c8d80bf7a8d,0.11926605504587157,0.17567567567567569
11373c16-325c2a81744d6c63,2acaa7df-7cb445c7c8ad9468,0.11904761904761904,0.14492753623188406
2acaa7df-7cb445c7c8ad9468,8f30bfc3-0206ccf1b040138a,0.11851851851851852,0.16161616161616163
2acaa7df-7cb445c7c8ad9468,af1b152e-ecd3dfef045653d5,0.11851851851851852,0.16161616161616163
5ee4d2f9-7b875ec1c8e8e319,60c85a4f-1cb4672ccc545eb2,0.11764705882352941,0.12790697674418605
8f855b99-1e222b61dfa2ec7f,5ee4d2f9-7b875ec1c8e8e319,0.11764705882352941,0.11904761904761904
d314aa92-9f7dd24f2fa68770,ae775964-023a1237326b6e42,0.11764705882352941,0.13636363636363635
8926151a-5e56a31bb1481ed4,d63e6e3f-68836bbaaea4c108,0.11688311688311688,0.11842105263157894
f6ca6fc8-e7ab163f0a8022bf,8f855b99-1e222b61dfa2ec7f,0.11678832116788321,0.1509433962264151
8e990c75-f9144464a16f2616,b38468e8-355e4e494f76a9c6,0.11627906976744186,0.13513513513513514
7b71234c-c144dfdf3c050ab5,a4ec80a0-fa10dc124910b760,0.11594202898550725,0.11940298507462686
12c1cc56-c144dfdf3c050ab5,a4ec80a0-fa10dc124910b760,0.11594202898550725,0.11940298507462686
c06c758d-c144dfdf3c050ab5,a4ec80a0-fa10dc124910b760,0.11594202898550725,0.11940298507462686
2e1109d7-9902a467adb93d62,d314aa92-9f7dd24f2fa68770,0.11560693641618497,0.11764705882352941
e7000ac2-9902a467adb93d62,d314aa92-9f7dd24f2fa68770,0.11560693641618497,0.11764705882352941
6490bbe8-cb4a60be38dd4393,3e191f3b-267f38bf210ab88d,0.11538461538461539,0.11688311688311688
8926151a-5e56a31bb1481ed4,3b498a39-34f8b597e4ed27e8,0.11518324607329843,0.14473684210526316
9028caf7-5bfe14d4c3b17f76,2acaa7df-7cb445c7c8ad9468,0.11518324607329843,0.11956521739130435
69b2fd22-5bfe14d4c3b17f76,2acaa7df-7cb445c7c8ad9468,0.11518324607329843,0.11956521739130435
5ee4d2f9-7b875ec1c8e8e319,d314aa92-9f7dd24f2fa68770,0.11494252873563218,0.11627906976744186
5ee4d2f9-7b875ec1c8e8e319,3951966f-72a49600e61410e6,0.11428571428571428,0.11627906976744186
6bcc5afd-28d9bb844890d9da,bd65846f-dda288a85405877d,0.11428571428571428,0.14814814814814814
d8e4eb5e-8079445020a594f8,ae775964-023a1237326b6e42,0.11398963730569948,0.14285714285714285
4e9c4bf9-d32422ae7aa1d171,93322168-c6d3be538e049476,0.11347517730496454,0.15384615384615385
cb87df79-e6daab7d8f341736,93322168-c6d3be538e049476,0.11347517730496454,0.15384615384615385
d9f6c257-6be30afb625c7fcc,93322168-c6d3be538e049476,0.11347517730496454,0.15384615384615385
7b71234c-c144dfdf3c050ab5,2ebeae13-f6d98bc6e8762f12,0.11347517730496454,0.11940298507462686
12c1cc56-c144dfdf3c050ab5,2ebeae13-f6d98bc6e8762f12,0.11347517730496454,0.11940298507462686
c06c758d-c144dfdf3c050ab5,2ebeae13-f6d98bc6e8762f12,0.11347517730496454,0.11940298507462686
f6ca6fc8-e7ab163f0a8022bf,93322168-c6d3be538e049476,0.11267605633802817,0.1509433962264151
d8e4eb5e-8079445020a594f8,60c85a4f-1cb4672ccc545eb2,0.11235955056179775,0.12987012987012986
cb87df79-e6daab7d8f341736,547ee69b-ef33101345e3aff6,0.112,0.1346153846153846
6bcc5afd-28d9bb844890d9da,93322168-c6d3be538e049476,0.11188811188811189,0.14814814814814814
d018b49f-e1ae502e5288eb54,2acaa7df-7cb445c7c8ad9468,0.11173184357541899,0.125
5a74241a-dc901804978ab00a,2acaa7df-7cb445c7c8ad9468,0.11173184357541899,0.125
cb87df79-e6daab7d8f341736,8e990c75-f9144464a16f2616,0.1111111111111111,0.1346153846153846
c4cdd3af-d681944ed10b5e5a,a4e39423-0bca8609e3a20081,0.1111111111111111,0.12195121951219512
bd50e3fe-deb43aa46e8164ed,7b71234c-c144dfdf3c050ab5,0.1111111111111111,0.11864406779661017
bd50e3fe-deb43aa46e8164ed,12c1cc56-c144dfdf3c050ab5,0.1111111111111111,0.11864406779661017
7011024d-20824aa80ee40c37,2acaa7df-7cb445c7c8ad9468,0.1111111111111111,0.12345679012345678
bd50e3fe-deb43aa46e8164ed,c06c758d-c144dfdf3c050ab5,0.1111111111111111,0.11864406779661017
46e9aed4-c477cb844c1e1d56,547ee69b-ef33101345e3aff6,0.1103448275862069,0.1111111111111111
9e4ddc38-f08d0e6847f4856a,ae775964-023a1237326b6e42,0.10989010989010989,0.15151515151515152
4201fdf7-e9b7491886b37cf0,ae775964-023a1237326b6e42,0.10869565217391304,0.14705882352941177
0d11fb94-9b58e2541be4dfcb,2acaa7df-7cb445c7c8ad9468,0.10810810810810811,0.11627906976744186
f4b87cc2-7d332534a27bc5d6,2acaa7df-7cb445c7c8ad9468,0.10752688172043011,0.11494252873563218
a4c98ae1-3942cae7e65d9f37,ae775964-023a1237326b6e42,0.1073170731707317,0.12359550561797752
f4f1b18f-c1a38185306219e8,5ee4d2f9-7b875ec1c8e8e319,0.10714285714285714,0.10975609756097561
45f5632f-5ab969465e5a8f59,29210e56-e4fcc33dc59803ba,0.10695187165775401,0.10989010989010989
45f5632f-2bd33d3b4d42cb8d,29210e56-e4fcc33dc59803ba,0.10695187165775401,0.10989010989010989
1162c08f-3a2a31cf33573c4d,f4f1b18f-c1a38185306219e8,0.10606060606060606,0.14
6653a758-75500306c58aa931,f4f1b18f-c1a38185306219e8,0.10606060606060606,0.14
141effef-1bfb859e38d0541d,7b71234c-c144dfdf3c050ab5,0.10606060606060606,0.1076923076923077
141effef-1bfb859e38d0541d,12c1cc56-c144dfdf3c050ab5,0.10606060606060606,0.1076923076923077
141effef-1bfb859e38d0541d,c06c758d-c144dfdf3c050ab5,0.10606060606060606,0.1076923076923077
9e4ddc38-f08d0e6847f4856a,2e1109d7-9902a467adb93d62,0.10596026490066225,0.12121212121212122
9e4ddc38-f08d0e6847f4856a,e7000ac2-9902a467adb93d62,0.10596026490066225,0.12121212121212122
9e4ddc38-f08d0e6847f4856a,7b71234c-c144dfdf3c050ab5,0.10526315789473684,0.10606060606060606
9e4ddc38-f08d0e6847f4856a,12c1cc56-c144dfdf3c050ab5,0.10526315789473684,0.10606060606060606
9e4ddc38-f08d0e6847f4856a,c06c758d-c144dfdf3c050ab5,0.10526315789473684,0.10606060606060606
69c97258-21e5704deef76ece,ae775964-023a1237326b6e42,0.10471204188481675,0.13333333333333333
4e9c4bf9-d32422ae7aa1d171,60c85a4f-1cb4672ccc545eb2,0.10457516339869281,0.15384615384615385
9bc690ef-eaa1605ae19c8de9,f4f1b18f-c1a38185306219e8,0.10457516339869281,0.11267605633802817
d9f6c257-6be30afb625c7fcc,60c85a4f-1cb4672ccc545eb2,0.10457516339869281,0.15384615384615385
f9e08a46-5d34e200f915e8d0,93322168-c6d3be538e049476,0.10457516339869281,0.125
cb87df79-e6daab7d8f341736,f4f1b18f-c1a38185306219e8,0.1044776119402985,0.1346153846153846
d9f6c257-6be30afb625c7fcc,f4f1b18f-c1a38185306219e8,0.1044776119402985,0.1346153846153846
f6ca6fc8-e7ab163f0a8022bf,60c85a4f-1cb4672ccc545eb2,0.1038961038961039,0.1509433962264151
8ddb5587-69fda5215b397350,93322168-c6d3be538e049476,0.1038961038961039,0.12307692307692308
7b71234c-c144dfdf3c050ab5,ee4f7b06-0df895503f264db3,0.1038961038961039,0.11940298507462686
12c1cc56-c144dfdf3c050ab5,ee4f7b06-0df895503f264db3,0.1038961038961039,0.11940298507462686
c06c758d-c144dfdf3c050ab5,ee4f7b06-0df895503f264db3,0.1038961038961039,0.11940298507462686
1162c08f-3a2a31cf33573c4d,2e1109d7-9902a467adb93d62,0.1037037037037037,0.14
6653a758-75500306c58aa931,2e1109d7-9902a467adb93d62,0.1037037037037037,0.14
734a94be-491555e2a9bcc2a4,8e990c75-f9144464a16f2616,0.1037037037037037,0.11475409836065574
734a94be-cd0c40be4a89c935,8e990c75-f9144464a16f2616,0.1037037037037037,0.11475409836065574
1162c08f-3a2a31cf33573c4d,e7000ac2-9902a467adb93d62,0.1037037037037037,0.14
6653a758-75500306c58aa931,e7000ac2-9902a467adb93d62,0.1037037037037037,0.14
6bcc5afd-28d9bb844890d9da,60c85a4f-1cb4672ccc545eb2,0.1032258064516129,0.14814814814814814
2acaa7df-7cb445c7c8ad9468,3b498a39-34f8b597e4ed27e8,0.102803738317757,0.1111111111111111
46e9aed4-c477cb844c1e1d56,8f855b99-1e222b61dfa2ec7f,0.10256410256410256,0.1111111111111111
4e9c4bf9-d32422ae7aa1d171,2e1109d7-9902a467adb93d62,0.10218978102189781,0.1346153846153846
cb87df79-e6daab7d8f341736,2e1109d7-9902a467adb93d62,0.10218978102189781,0.1346153846153846
d9f6c257-6be30afb625c7fcc,2e1109d7-9902a467adb93d62,0.10218978102189781,0.1346153846153846
4e9c4bf9-d32422ae7aa1d171,e7000ac2-9902a467adb93d62,0.10218978102189781,0.1346153846153846
cb87df79-e6daab7d8f341736,e7000ac2-9902a467adb93d62,0.10218978102189781,0.1346153846153846
d9f6c257-6be30afb625c7fcc,e7000ac2-9902a467adb93d62,0.10218978102189781,0.1346153846153846
d018b49f-e1ae502e5288eb54,ae775964-023a1237326b6e42,0.10204081632653061,0.125
a4e39423-0bca8609e3a20081,2acaa7df-7cb445c7c8ad9468,0.10152284263959391,0.10204081632653061
11373c16-325c2a81744d6c63,93322168-c6d3be538e049476,0.10126582278481013,0.11594202898550725
c4cdd3af-d681944ed10b5e5a,ae775964-023a1237326b6e42,0.10101010101010101,0.12195121951219512
8ddb5587-69fda5215b397350,8e990c75-f9144464a16f2616,0.10071942446043165,0.1076923076923077
4201fdf7-e9b7491886b37cf0,375489f2-a0444125a74b9ccb,0.10071942446043165,0.10294117647058823
f6ca6fc8-e7ab163f0a8022bf,bd65846f-dda288a85405877d,0.10071942446043165,0.1320754716981132
141effef-1bfb859e38d0541d,69c97258-21e5704deef76ece,0.1,0.1076923076923077
2acaa7df-7cb445c7c8ad9468,60c85a4f-1cb4672ccc545eb2,0.1,0.10101010101010101
7b71234c-c144dfdf3c050ab5,547ee69b-ef33101345e3aff6,0.1,0.1044776119402985
12c1cc56-c144dfdf3c050ab5,547ee69b-ef33101345e3aff6,0.1,0.1044776119402985
c06c758d-c144dfdf3c050ab5,547ee69b-ef33101345e3aff6,0.1,0.1044776119402985
46e9aed4-c477cb844c1e1d56,93322168-c6d3be538e049476,0.09937888198757763,0.1111111111111111
8ddb5587-69fda5215b397350,8926151a-5e56a31bb1481ed4,0.09929078014184398,0.1076923076923077
5ee4d2f9-7b875ec1c8e8e319,ae775964-023a1237326b6e42,0.09900990099009901,0.11627906976744186
7bc92b7f-01484e4d0896aace,ee4f7b06-0df895503f264db3,0.09815950920245399,0.10526315789473684
b842cf12-f7882fa2c05f3014,ae775964-023a1237326b6e42,0.09803921568627451,0.11363636363636363
f9e08a46-5d34e200f915e8d0,3e191f3b-267f38bf210ab88d,0.0979020979020979,0.109375
734a94be-491555e2a9bcc2a4,f4f1b18f-c1a38185306219e8,0.0979020979020979,0.11475409836065574
734a94be-cd0c40be4a89c935,f4f1b18f-c1a38185306219e8,0.0979020979020979,0.11475409836065574
4e9c4bf9-d32422ae7aa1d171,a4ec80a0-fa10dc124910b760,0.0975609756097561,0.11538461538461539
9e4ddc38-f08d0e6847f4856a,b38468e8-355e4e494f76a9c6,0.0975609756097561,0.12121212121212122
9e4ddc38-f08d0e6847f4856a,d63e6e3f-68836bbaaea4c108,0.09722222222222222,0.10606060606060606
45f5632f-5ab969465e5a8f59,3b498a39-34f8b597e4ed27e8,0.0970873786407767,0.10989010989010989
45f5632f-2bd33d3b4d42cb8d,3b498a39-34f8b597e4ed27e8,0.0970873786407767,0.10989010989010989
d8e4eb5e-8079445020a594f8,8f30bfc3-0206ccf1b040138a,0.0967741935483871,0.15584415584415584
d8e4eb5e-8079445020a594f8,af1b152e-ecd3dfef045653d5,0.0967741935483871,0.15584415584415584
9e4ddc38-f08d0e6847f4856a,3e191f3b-267f38bf210ab88d,0.09655172413793103,0.10606060606060606
375489f2-a0444125a74b9ccb,8e990c75-f9144464a16f2616,0.09655172413793103,0.09859154929577464
2c7a0000-0b8bb8afaf26c254,5ee4d2f9-7b875ec1c8e8e319,0.09655172413793103,0.11864406779661017
db01da00-988246098678c280,547ee69b-ef33101345e3aff6,0.09655172413793103,0.09722222222222222
734a94be-491555e2a9bcc2a4,2e1109d7-9902a467adb93d62,0.0958904109589041,0.11475409836065574
734a94be-cd0c40be4a89c935,2e1109d7-9902a467adb93d62,0.0958904109589041,0.11475409836065574
46e9aed4-c477cb844c1e1d56,8e990c75-f9144464a16f2616,0.0958904109589041,0.09722222222222222
db01da00-988246098678c280,8e990c75-f9144464a16f2616,0.0958904109589041,0.09722222222222222
734a94be-491555e2a9bcc2a4,e7000ac2-9902a467adb93d62,0.0958904109589041,0.11475409836065574
734a94be-cd0c40be4a89c935,e7000ac2-9902a467adb93d62,0.0958904109589041,0.11475409836065574
5a74241a-dc901804978ab00a,ee4f7b06-0df895503f264db3,0.09580838323353294,0.1
bd50e3fe-deb43aa46e8164ed,93322168-c6d3be538e049476,0.0945945945945946,0.11864406779661017
16a2a867-abbed6f23596204e,d8e4eb5e-8079445020a594f8,0.0945945945945946,0.09859154929577464
7b71234c-c144dfdf3c050ab5,8c79c384-7673be7788c8bbc1,0.0945945945945946,0.1044776119402985
12c1cc56-c144dfdf3c050ab5,8c79c384-7673be7788c8bbc1,0.0945945945945946,0.1044776119402985
c06c758d-c144dfdf3c050ab5,8c79c384-7673be7788c8bbc1,0.0945945945945946,0.1044776119402985
4201fdf7-e9b7491886b37cf0,d221162a-c21f547a22d9eb13,0.09395973154362416,0.10294117647058823
4201fdf7-e9b7491886b37cf0,8c79c384-7673be7788c8bbc1,0.09395973154362416,0.10294117647058823
46e9aed4-c477cb844c1e1d56,d8e4eb5e-8079445020a594f8,0.09395973154362416,0.09722222222222222
ebd8ff55-b7fcefff9d43d956,93322168-c6d3be538e049476,0.09333333333333334,0.11475409836065574
8e990c75-f9144464a16f2616,a4e39423-0bca8609e3a20081,0.09302325581395349,0.10810810810810811
2c7a0000-0b8bb8afaf26c254,5ce1fe32-9ffbc9498a417876,0.09230769230769231,0.1016949152542373
2c7a0000-0b8bb8afaf26c254,a4ec80a0-fa10dc124910b760,0.09230769230769231,0.1016949152542373
2c7a0000-0b8bb8afaf26c254,375489f2-a0444125a74b9ccb,0.09230769230769231,0.1016949152542373
9e4ddc38-f08d0e6847f4856a,5ee4d2f9-7b875ec1c8e8e319,0.09210526315789473,0.10606060606060606
4e9c4bf9-d32422ae7aa1d171,3e191f3b-267f38bf210ab88d,0.0916030534351145,0.11538461538461539
8926151a-5e56a31bb1481ed4,2acaa7df-7cb445c7c8ad9468,0.09142857142857143,0.10526315789473684
bd50e3fe-deb43aa46e8164ed,ae775964-023a1237326b6e42,0.09142857142857143,0.13559322033898305
11373c16-325c2a81744d6c63,2e1109d7-9902a467adb93d62,0.09090909090909091,0.10144927536231885
11373c16-325c2a81744d6c63,e7000ac2-9902a467adb93d62,0.09090909090909091,0.10144927536231885
ebd8ff55-b7fcefff9d43d956,5ce1fe32-9ffbc9498a417876,0.09090909090909091,0.09836065573770492
ebd8ff55-b7fcefff9d43d956,a4ec80a0-fa10dc124910b760,0.09090909090909091,0.09836065573770492
46e9aed4-c477cb844c1e1d56,f4f1b18f-c1a38185306219e8,0.09090909090909091,0.09722222222222222
4e9c4bf9-d32422ae7aa1d171,d018b49f-e1ae502e5288eb54,0.09090909090909091,0.11538461538461539
ebd8ff55-b7fcefff9d43d956,ae775964-023a1237326b6e42,0.0903954802259887,0.13114754098360656
bd50e3fe-deb43aa46e8164ed,2ebeae13-f6d98bc6e8762f12,0.09022556390977443,0.1016949152542373
2ebeae13-f6d98bc6e8762f12,f4f1b18f-c1a38185306219e8,0.08974358974358974,0.0945945945945946
7b71234c-c144dfdf3c050ab5,3951966f-72a49600e61410e6,0.08974358974358974,0.1044776119402985
12c1cc56-c144dfdf3c050ab5,3951966f-72a49600e61410e6,0.08974358974358974,0.1044776119402985
c06c758d-c144dfdf3c050ab5,3951966f-72a49600e61410e6,0.08974358974358974,0.1044776119402985
4e9c4bf9-d32422ae7aa1d171,8f30bfc3-0206ccf1b040138a,0.08968609865470852,0.19230769230769232
4e9c4bf9-d32422ae7aa1d171,af1b152e-ecd3dfef045653d5,0.08968609865470852,0.19230769230769232
2c7a0000-0b8bb8afaf26c254,14b0fb8e-37daaf5ae4723931,0.08955223880597014,0.1016949152542373
ee4f7b06-0df895503f264db3,9028caf7-5bfe14d4c3b17f76,0.0893854748603352,0.09195402298850575
ee4f7b06-0df895503f264db3,69b2fd22-5bfe14d4c3b17f76,0.0893854748603352,0.09195402298850575
46e9aed4-c477cb844c1e1d56,2e1109d7-9902a467adb93d62,0.08917197452229299,0.09722222222222222
46e9aed4-c477cb844c1e1d56,e7000ac2-9902a467adb93d62,0.08917197452229299,0.09722222222222222
69c97258-21e5704deef76ece,f4f1b18f-c1a38185306219e8,0.08917197452229299,0.09333333333333334
a4d6775d-895b97d602f71f4f,f4f1b18f-c1a38185306219e8,0.08917197452229299,0.09333333333333334
3d06b643-52fef5e25f21ee7f,f4f1b18f-c1a38185306219e8,0.08917197452229299,0.09333333333333334
ebd8ff55-b7fcefff9d43d956,29210e56-e4fcc33dc59803ba,0.08917197452229299,0.11475409836065574
bd50e3fe-deb43aa46e8164ed,b38468e8-355e4e494f76a9c6,0.08917197452229299,0.11864406779661017
93322168-c6d3be538e049476,45f5632f-5ab969465e5a8f59,0.08888888888888889,0.0898876404494382
f6ca6fc8-e7ab163f0a8022bf,f4f1b18f-c1a38185306219e8,0.08888888888888889,0.11320754716981132
eea69e7f-8dab83995204e0df,ae775964-023a1237326b6e42,0.08888888888888889,0.125
ebd8ff55-b7fcefff9d43d956,2ebeae13-f6d98bc6e8762f12,0.08888888888888889,0.09836065573770492
93322168-c6d3be538e049476,45f5632f-2bd33d3b4d42cb8d,0.08888888888888889,0.0898876404494382
46e9aed4-c477cb844c1e1d56,bd65846f-dda288a85405877d,0.08860759493670886,0.09722222222222222
8e990c75-f9144464a16f2616,595f5d6c-7ba61dd9e3df26a6,0.08839779005524862,0.10810810810810811
a4ec80a0-fa10dc124910b760,d314aa92-9f7dd24f2fa68770,0.0880503144654088,0.09859154929577464
2c7a0000-0b8bb8afaf26c254,d63e6e3f-68836bbaaea4c108,0.08759124087591241,0.1016949152542373
9e4ddc38-f08d0e6847f4856a,375489f2-a0444125a74b9ccb,0.08759124087591241,0.09090909090909091
f6ca6fc8-e7ab163f0a8022bf,2e1109d7-9902a467adb93d62,0.08695652173913043,0.11320754716981132
11d91f31-d6dac8853a738e43,5ce1fe32-9ffbc9498a417876,0.08695652173913043,0.08955223880597014
7b71234c-c144dfdf3c050ab5,5ce1fe32-9ffbc9498a417876,0.08695652173913043,0.08955223880597014
12c1cc56-c144dfdf3c050ab5,5ce1fe32-9ffbc9498a417876,0.08695652173913043,0.08955223880597014
c06c758d-c144dfdf3c050ab5,5ce1fe32-9ffbc9498a417876,0.08695652173913043,0.08955223880597014
2da4b3fe-e5141fdf3cc061b7,3e191f3b-267f38bf210ab88d,0.08695652173913043,0.1016949152542373
2c7a0000-0b8bb8afaf26c254,8f30bfc3-0206ccf1b040138a,0.08695652173913043,0.1694915254237288
2c7a0000-0b8bb8afaf26c254,af1b152e-ecd3dfef045653d5,0.08695652173913043,0.1694915254237288
0588b869-178a29ccfedc3992,ae775964-023a1237326b6e42,0.08695652173913043,0.11764705882352941
f6ca6fc8-e7ab163f0a8022bf,e7000ac2-9902a467adb93d62,0.08695652173913043,0.11320754716981132
547ee69b-ef33101345e3aff6,93322168-c6d3be538e049476,0.08641975308641975,0.0958904109589041
4201fdf7-e9b7491886b37cf0,5ce1fe32-9ffbc9498a417876,0.08633093525179857,0.08823529411764706
4201fdf7-e9b7491886b37cf0,a4ec80a0-fa10dc124910b760,0.08633093525179857,0.08823529411764706
764484c3-b96a5fc3fd9ec3ec,2e1109d7-9902a467adb93d62,0.08588957055214724,0.08974358974358974
8e990c75-f9144464a16f2616,93322168-c6d3be538e049476,0.08588957055214724,0.0945945945945946
7b71234c-c144dfdf3c050ab5,29210e56-e4fcc33dc59803ba,0.08588957055214724,0.1044776119402985
12c1cc56-c144dfdf3c050ab5,29210e56-e4fcc33dc59803ba,0.08588957055214724,0.1044776119402985
c06c758d-c144dfdf3c050ab5,29210e56-e4fcc33dc59803ba,0.08588957055214724,0.1044776119402985
764484c3-b96a5fc3fd9ec3ec,e7000ac2-9902a467adb93d62,0.08588957055214724,0.08974358974358974
547ee69b-ef33101345e3aff6,ae775964-023a1237326b6e42,0.08465608465608465,0.1095890410958904
4201fdf7-e9b7491886b37cf0,14b0fb8e-37daaf5ae4723931,0.08391608391608392,0.08823529411764706
7011024d-20824aa80ee40c37,bd65846f-dda288a85405877d,0.08383233532934131,0.08641975308641975
a4d6775d-895b97d602f71f4f,ae775964-023a1237326b6e42,0.08376963350785341,0.10666666666666667
3d06b643-52fef5e25f21ee7f,ae775964-023a1237326b6e42,0.08376963350785341,0.10666666666666667
034030f3-0fcdc00fa21b2b63,9028caf7-5bfe14d4c3b17f76,0.08333333333333333,0.09210526315789473
034030f3-0fcdc00fa21b2b63,69b2fd22-5bfe14d4c3b17f76,0.08333333333333333,0.09210526315789473
8ddb5587-69fda5215b397350,3e191f3b-267f38bf210ab88d,0.08333333333333333,0.09230769230769231
6490bbe8-cb4a60be38dd4393,ae775964-023a1237326b6e42,0.08290155440414508,0.1038961038961039
a4ec80a0-fa10dc124910b760,8e990c75-f9144464a16f2616,0.08275862068965517,0.08450704225352113
2c7a0000-0b8bb8afaf26c254,22b41936-e1a4f2961d5e650a,0.08275862068965517,0.1016949152542373
bf992c91-d94ad939d2852a18,41e72d4f-21bec02e70069337,0.08275862068965517,0.08571428571428572
2c7a0000-0b8bb8afaf26c254,ee4f7b06-0df895503f264db3,0.0821917808219178,0.1016949152542373
bd50e3fe-deb43aa46e8164ed,ee4f7b06-0df895503f264db3,0.0821917808219178,0.1016949152542373
29210e56-e4fcc33dc59803ba,2acaa7df-7cb445c7c8ad9468,0.08205128205128205,0.08333333333333333
5ce1fe32-9ffbc9498a417876,8926151a-5e56a31bb1481ed4,0.08163265306122448,0.08450704225352113
5ce1fe32-9ffbc9498a417876,7bc92b7f-01484e4d0896aace,0.08163265306122448,0.08450704225352113
a4ec80a0-fa10dc124910b760,8926151a-5e56a31bb1481ed4,0.08163265306122448,0.08450704225352113
7bc92b7f-01484e4d0896aace,29210e56-e4fcc33dc59803ba,0.08139534883720931,0.09210526315789473
b38468e8-355e4e494f76a9c6,2acaa7df-7cb445c7c8ad9468,0.08121827411167512,0.08163265306122448
5ce1fe32-9ffbc9498a417876,d8e4eb5e-8079445020a594f8,0.08108108108108109,0.08450704225352113
2ebeae13-f6d98bc6e8762f12,8e990c75-f9144464a16f2616,0.08108108108108109,0.08108108108108109
db01da00-988246098678c280,8926151a-5e56a31bb1481ed4,0.08108108108108109,0.08333333333333333
2c7a0000-0b8bb8afaf26c254,93322168-c6d3be538e049476,0.08108108108108109,0.1016949152542373
8926151a-5e56a31bb1481ed4,8f30bfc3-0206ccf1b040138a,0.08097165991902834,0.13157894736842105
8926151a-5e56a31bb1481ed4,af1b152e-ecd3dfef045653d5,0.08097165991902834,0.13157894736842105
5ee4d2f9-7b875ec1c8e8e319,9cea10af-0b3023dfc77d153a,0.08092485549132948,0.08139534883720931
5ee4d2f9-7b875ec1c8e8e319,ee4f7b06-0df895503f264db3,0.08092485549132948,0.08139534883720931
db01da00-988246098678c280,60c85a4f-1cb4672ccc545eb2,0.08092485549132948,0.09722222222222222
2c7a0000-0b8bb8afaf26c254,141effef-1bfb859e38d0541d,0.08064516129032258,0.0847457627118644
11d91f31-d6dac8853a738e43,f4f1b18f-c1a38185306219e8,0.08053691275167785,0.08955223880597014
bd65846f-dda288a85405877d,93322168-c6d3be538e049476,0.08,0.08139534883720931
13441e8f-5b125e896d439795,ae775964-023a1237326b6e42,0.07954545454545454,0.11666666666666667
d8e4eb5e-8079445020a594f8,2acaa7df-7cb445c7c8ad9468,0.07954545454545454,0.09090909090909091
5ce1fe32-9ffbc9498a417876,5a74241a-dc901804978ab00a,0.07947019867549669,0.08450704225352113
db01da00-988246098678c280,3e191f3b-267f38bf210ab88d,0.07947019867549669,0.08333333333333333
14b0fb8e-37daaf5ae4723931,8926151a-5e56a31bb1481ed4,0.07947019867549669,0.08
bd65846f-dda288a85405877d,ae775964-023a1237326b6e42,0.07920792079207921,0.09302325581395349
5ee4d2f9-7b875ec1c8e8e319,45f5632f-5ab969465e5a8f59,0.07909604519774012,0.08139534883720931
5ee4d2f9-7b875ec1c8e8e319,45f5632f-2bd33d3b4d42cb8d,0.07909604519774012,0.08139534883720931
11d91f31-d6dac8853a738e43,2e1109d7-9902a467adb93d62,0.07894736842105263,0.08955223880597014
11d91f31-d6dac8853a738e43,e7000ac2-9902a467adb93d62,0.07894736842105263,0.08955223880597014
4e9c4bf9-d32422ae7aa1d171,69c97258-21e5704deef76ece,0.07874015748031496,0.09615384615384616
4e9c4bf9-d32422ae7aa1d171,034030f3-0fcdc00fa21b2b63,0.078125,0.09615384615384616
ebd8ff55-b7fcefff9d43d956,7b71234c-c144dfdf3c050ab5,0.078125,0.08196721311475409
ebd8ff55-b7fcefff9d43d956,12c1cc56-c144dfdf3c050ab5,0.078125,0.08196721311475409
ebd8ff55-b7fcefff9d43d956,c06c758d-c144dfdf3c050ab5,0.078125,0.08196721311475409
67996c4c-6031a4e4c44a5547,3e191f3b-267f38bf210ab88d,0.07792207792207792,0.08
1162c08f-3a2a31cf33573c4d,3e191f3b-267f38bf210ab88d,0.07751937984496124,0.1
6653a758-75500306c58aa931,3e191f3b-267f38bf210ab88d,0.07751937984496124,0.1
d8e4eb5e-8079445020a594f8,d63e6e3f-68836bbaaea4c108,0.07741935483870968,0.07792207792207792
7bc92b7f-01484e4d0896aace,3e191f3b-267f38bf210ab88d,0.07741935483870968,0.07894736842105263
4201fdf7-e9b7491886b37cf0,ee4f7b06-0df895503f264db3,0.07741935483870968,0.08823529411764706
2c7a0000-0b8bb8afaf26c254,29210e56-e4fcc33dc59803ba,0.07741935483870968,0.1016949152542373
11d91f31-d6dac8853a738e43,ae775964-023a1237326b6e42,0.07650273224043716,0.1044776119402985
2c7a0000-0b8bb8afaf26c254,b38468e8-355e4e494f76a9c6,0.07643312101910828,0.1016949152542373
cb87df79-e6daab7d8f341736,3e191f3b-267f38bf210ab88d,0.07633587786259542,0.09615384615384616
f6ca6fc8-e7ab163f0a8022bf,3e191f3b-267f38bf210ab88d,0.07575757575757576,0.09433962264150944
ebd8ff55-b7fcefff9d43d956,b38468e8-355e4e494f76a9c6,0.07547169811320754,0.09836065573770492
d314aa92-9f7dd24f2fa68770,b38468e8-355e4e494f76a9c6,0.07526881720430108,0.07954545454545454
6bcc5afd-28d9bb844890d9da,3e191f3b-267f38bf210ab88d,0.07518796992481203,0.09259259259259259
141effef-1bfb859e38d0541d,4201fdf7-e9b7491886b37cf0,0.07518796992481203,0.07692307692307693
67996c4c-6031a4e4c44a5547,2e1109d7-9902a467adb93d62,0.075,0.08
8e990c75-f9144464a16f2616,0d11fb94-9b58e2541be4dfcb,0.075,0.08108108108108109
67996c4c-6031a4e4c44a5547,e7000ac2-9902a467adb93d62,0.075,0.08
2ebeae13-f6d98bc6e8762f12,bd65846f-dda288a85405877d,0.075,0.08108108108108109
547ee69b-ef33101345e3aff6,ee4f7b06-0df895503f264db3,0.075,0.0821917808219178
375489f2-a0444125a74b9ccb,ae775964-023a1237326b6e42,0.0748663101604278,0.09859154929577464
9028caf7-5bfe14d4c3b17f76,29210e56-e4fcc33dc59803ba,0.07446808510638298,0.07608695652173914
69b2fd22-5bfe14d4c3b17f76,29210e56-e4fcc33dc59803ba,0.07446808510638298,0.07608695652173914
db01da00-988246098678c280,ae775964-023a1237326b6e42,0.07446808510638298,0.09722222222222222
d8e4eb5e-8079445020a594f8,2e1109d7-9902a467adb93d62,0.07407407407407407,0.07792207792207792
2c7a0000-0b8bb8afaf26c254,034030f3-0fcdc00fa21b2b63,0.07407407407407407,0.0847457627118644
d8e4eb5e-8079445020a594f8,e7000ac2-9902a467adb93d62,0.07407407407407407,0.07792207792207792
5ce1fe32-9ffbc9498a417876,9028caf7-5bfe14d4c3b17f76,0.0736196319018405,0.08450704225352113
5ce1fe32-9ffbc9498a417876,69b2fd22-5bfe14d4c3b17f76,0.0736196319018405,0.08450704225352113
8926151a-5e56a31bb1481ed4,ee4f7b06-0df895503f264db3,0.0736196319018405,0.07894736842105263
d8e4eb5e-8079445020a594f8,22b41936-e1a4f2961d5e650a,0.0736196319018405,0.07792207792207792
d63e6e3f-68836bbaaea4c108,bd65846f-dda288a85405877d,0.07317073170731707,0.07692307692307693
4201fdf7-e9b7491886b37cf0,29210e56-e4fcc33dc59803ba,0.07317073170731707,0.08823529411764706
8ddb5587-69fda5215b397350,2acaa7df-7cb445c7c8ad9468,0.07317073170731707,0.09230769230769231
141effef-1bfb859e38d0541d,2acaa7df-7cb445c7c8ad9468,0.07317073170731707,0.09230769230769231
11d91f31-d6dac8853a738e43,bf992c91-d94ad939d2852a18,0.072992700729927,0.07462686567164178
9e4ddc38-f08d0e6847f4856a,2acaa7df-7cb445c7c8ad9468,0.07272727272727272,0.09090909090909091
bd50e3fe-deb43aa46e8164ed,3e191f3b-267f38bf210ab88d,0.07246376811594203,0.0847457627118644
cb87df79-e6daab7d8f341736,bd65846f-dda288a85405877d,0.07246376811594203,0.09615384615384616
4201fdf7-e9b7491886b37cf0,b38468e8-355e4e494f76a9c6,0.07228915662650602,0.08823529411764706
d018b49f-e1ae502e5288eb54,bd65846f-dda288a85405877d,0.07228915662650602,0.075
6bcc5afd-28d9bb844890d9da,2e1109d7-9902a467adb93d62,0.07194244604316546,0.09259259259259259
13441e8f-5b125e896d439795,3e191f3b-267f38bf210ab88d,0.07194244604316546,0.08333333333333333
4e9c4bf9-d32422ae7aa1d171,ee4f7b06-0df895503f264db3,0.07194244604316546,0.09615384615384616
2c7a0000-0b8bb8afaf26c254,d018b49f-e1ae502e5288eb54,0.07194244604316546,0.0847457627118644
6bcc5afd-28d9bb844890d9da,e7000ac2-9902a467adb93d62,0.07194244604316546,0.09259259259259259
4e9c4bf9-d32422ae7aa1d171,ae775964-023a1237326b6e42,0.07142857142857142,0.11538461538461539
11d91f31-d6dac8853a738e43,547ee69b-ef33101345e3aff6,0.07142857142857142,0.07462686567164178
141effef-1bfb859e38d0541d,8926151a-5e56a31bb1481ed4,0.07092198581560284,0.07692307692307693
a4ec80a0-fa10dc124910b760,2acaa7df-7cb445c7c8ad9468,0.07058823529411765,0.08450704225352113
9bc690ef-eaa1605ae19c8de9,2acaa7df-7cb445c7c8ad9468,0.07058823529411765,0.08450704225352113
375489f2-a0444125a74b9ccb,2acaa7df-7cb445c7c8ad9468,0.07058823529411765,0.08450704225352113
16a2a867-abbed6f23596204e,2acaa7df-7cb445c7c8ad9468,0.07058823529411765,0.08450704225352113
ebd8ff55-b7fcefff9d43d956,5dc1f7b3-8c0e00231be211a2,0.07042253521126761,0.08196721311475409
3e191f3b-267f38bf210ab88d,9028caf7-5bfe14d4c3b17f76,0.07017543859649122,0.0759493670886076
3e191f3b-267f38bf210ab88d,69b2fd22-5bfe14d4c3b17f76,0.07017543859649122,0.0759493670886076
7b71234c-c144dfdf3c050ab5,034030f3-0fcdc00fa21b2b63,0.06993006993006994,0.07462686567164178
12c1cc56-c144dfdf3c050ab5,034030f3-0fcdc00fa21b2b63,0.06993006993006994,0.07462686567164178
c06c758d-c144dfdf3c050ab5,034030f3-0fcdc00fa21b2b63,0.06993006993006994,0.07462686567164178
eea69e7f-8dab83995204e0df,3e191f3b-267f38bf210ab88d,0.06993006993006994,0.078125
e6b7a899-09224eadde94e5ee,8e990c75-f9144464a16f2616,0.06993006993006994,0.07246376811594203
11d91f31-d6dac8853a738e43,8926151a-5e56a31bb1481ed4,0.06993006993006994,0.07462686567164178
8926151a-5e56a31bb1481ed4,29210e56-e4fcc33dc59803ba,0.06976744186046512,0.07894736842105263
5ce1fe32-9ffbc9498a417876,547ee69b-ef33101345e3aff6,0.06944444444444445,0.07042253521126761
11d91f31-d6dac8853a738e43,d8e4eb5e-8079445020a594f8,0.06944444444444445,0.07462686567164178
d8e4eb5e-8079445020a594f8,29210e56-e4fcc33dc59803ba,0.06936416184971098,0.07792207792207792
2ebeae13-f6d98bc6e8762f12,2acaa7df-7cb445c7c8ad9468,0.06936416184971098,0.08108108108108109
14b0fb8e-37daaf5ae4723931,2acaa7df-7cb445c7c8ad9468,0.06896551724137931,0.08
8926151a-5e56a31bb1481ed4,b38468e8-355e4e494f76a9c6,0.06896551724137931,0.07894736842105263
bd50e3fe-deb43aa46e8164ed,5ee4d2f9-7b875ec1c8e8e319,0.06896551724137931,0.0847457627118644
a4d6775d-895b97d602f71f4f,2acaa7df-7cb445c7c8ad9468,0.06896551724137931,0.08
3d06b643-52fef5e25f21ee7f,2acaa7df-7cb445c7c8ad9468,0.06896551724137931,0.08
ba8800f5-754ce975c68dc482,2acaa7df-7cb445c7c8ad9468,0.06896551724137931,0.08
d8e4eb5e-8079445020a594f8,b38468e8-355e4e494f76a9c6,0.06857142857142857,0.07792207792207792
5ce1fe32-9ffbc9498a417876,41e72d4f-21bec02e70069337,0.0684931506849315,0.07042253521126761
11d91f31-d6dac8853a738e43,3e191f3b-267f38bf210ab88d,0.0684931506849315,0.07462686567164178
7b71234c-c144dfdf3c050ab5,3e191f3b-267f38bf210ab88d,0.0684931506849315,0.07462686567164178
12c1cc56-c144dfdf3c050ab5,3e191f3b-267f38bf210ab88d,0.0684931506849315,0.07462686567164178
c06c758d-c144dfdf3c050ab5,3e191f3b-267f38bf210ab88d,0.0684931506849315,0.07462686567164178
eea69e7f-8dab83995204e0df,f4f1b18f-c1a38185306219e8,0.0684931506849315,0.078125
d63e6e3f-68836bbaaea4c108,a4e39423-0bca8609e3a20081,0.06818181818181818,0.07692307692307693
6490bbe8-cb4a60be38dd4393,2acaa7df-7cb445c7c8ad9468,0.06818181818181818,0.07792207792207792
0588b869-178a29ccfedc3992,3e191f3b-267f38bf210ab88d,0.06802721088435375,0.07352941176470588
375489f2-a0444125a74b9ccb,8926151a-5e56a31bb1481ed4,0.06802721088435375,0.07042253521126761
2e1109d7-9902a467adb93d62,9028caf7-5bfe14d4c3b17f76,0.06779661016949153,0.07058823529411765
2e1109d7-9902a467adb93d62,69b2fd22-5bfe14d4c3b17f76,0.06779661016949153,0.07058823529411765
e7000ac2-9902a467adb93d62,9028caf7-5bfe14d4c3b17f76,0.06779661016949153,0.07058823529411765
e7000ac2-9902a467adb93d62,69b2fd22-5bfe14d4c3b17f76,0.06779661016949153,0.07058823529411765
4e9c4bf9-d32422ae7aa1d171,29210e56-e4fcc33dc59803ba,0.06756756756756757,0.09615384615384616
2c7a0000-0b8bb8afaf26c254,a4c98ae1-3942cae7e65d9f37,0.06756756756756757,0.0847457627118644
375489f2-a0444125a74b9ccb,d8e4eb5e-8079445020a594f8,0.06756756756756757,0.07042253521126761
8e990c75-f9144464a16f2616,69c97258-21e5704deef76ece,0.06711409395973154,0.06756756756756757
8c79c384-7673be7788c8bbc1,2acaa7df-7cb445c7c8ad9468,0.06666666666666667,0.07407407407407407
41e72d4f-21bec02e70069337,034030f3-0fcdc00fa21b2b63,0.06622516556291391,0.06666666666666667
96b3758b-d23ef8ff9339c1f0,d8e4eb5e-8079445020a594f8,0.06622516556291391,0.06756756756756757
46e9aed4-c477cb844c1e1d56,3e191f3b-267f38bf210ab88d,0.06622516556291391,0.06944444444444445
4e9c4bf9-d32422ae7aa1d171,2acaa7df-7cb445c7c8ad9468,0.06622516556291391,0.09615384615384616
14b0fb8e-37daaf5ae4723931,d8e4eb5e-8079445020a594f8,0.06578947368421052,0.06666666666666667
f4f1b18f-c1a38185306219e8,60c85a4f-1cb4672ccc545eb2,0.06557377049180328,0.07317073170731707
8f855b99-1e222b61dfa2ec7f,2acaa7df-7cb445c7c8ad9468,0.06557377049180328,0.07142857142857142
11d91f31-d6dac8853a738e43,bd65846f-dda288a85405877d,0.06535947712418301,0.07462686567164178
6bcc5afd-28d9bb844890d9da,2acaa7df-7cb445c7c8ad9468,0.06535947712418301,0.09259259259259259
2e1109d7-9902a467adb93d62,2acaa7df-7cb445c7c8ad9468,0.06521739130434782,0.07058823529411765
e7000ac2-9902a467adb93d62,2acaa7df-7cb445c7c8ad9468,0.06521739130434782,0.07058823529411765
8e990c75-f9144464a16f2616,d018b49f-e1ae502e5288eb54,0.06493506493506493,0.06756756756756757
8e990c75-f9144464a16f2616,5dc1f7b3-8c0e00231be211a2,0.06451612903225806,0.06756756756756757
d8e4eb5e-8079445020a594f8,0fd5b95a-e9d45e7dc0eefa8b,0.06451612903225806,0.06493506493506493
16a2a867-abbed6f23596204e,ae775964-023a1237326b6e42,0.06417112299465241,0.08450704225352113
141effef-1bfb859e38d0541d,45f5632f-5ab969465e5a8f59,0.0641025641025641,0.07692307692307693
141effef-1bfb859e38d0541d,45f5632f-2bd33d3b4d42cb8d,0.0641025641025641,0.07692307692307693
93322168-c6d3be538e049476,2acaa7df-7cb445c7c8ad9468,0.06382978723404255,0.06741573033707865
3951966f-72a49600e61410e6,2acaa7df-7cb445c7c8ad9468,0.06382978723404255,0.06741573033707865
4201fdf7-e9b7491886b37cf0,93322168-c6d3be538e049476,0.06369426751592357,0.07352941176470588
2c7a0000-0b8bb8afaf26c254,2acaa7df-7cb445c7c8ad9468,0.06329113924050633,0.0847457627118644
2da4b3fe-e5141fdf3cc061b7,2acaa7df-7cb445c7c8ad9468,0.06329113924050633,0.0847457627118644
45f5632f-5ab969465e5a8f59,2acaa7df-7cb445c7c8ad9468,0.06315789473684211,0.06593406593406594
45f5632f-2bd33d3b4d42cb8d,2acaa7df-7cb445c7c8ad9468,0.06315789473684211,0.06593406593406594
547ee69b-ef33101345e3aff6,22b41936-e1a4f2961d5e650a,0.06289308176100629,0.0684931506849315
8e990c75-f9144464a16f2616,22b41936-e1a4f2961d5e650a,0.0625,0.06756756756756757
547ee69b-ef33101345e3aff6,b842cf12-f7882fa2c05f3014,0.062111801242236024,0.0684931506849315
41e72d4f-21bec02e70069337,5ee4d2f9-7b875ec1c8e8e319,0.062111801242236024,0.06666666666666667
5ce1fe32-9ffbc9498a417876,45f5632f-5ab969465e5a8f59,0.06172839506172839,0.07042253521126761
5ce1fe32-9ffbc9498a417876,45f5632f-2bd33d3b4d42cb8d,0.06172839506172839,0.07042253521126761
a4ec80a0-fa10dc124910b760,45f5632f-5ab969465e5a8f59,0.06172839506172839,0.07042253521126761
a4ec80a0-fa10dc124910b760,45f5632f-2bd33d3b4d42cb8d,0.06172839506172839,0.07042253521126761
d8e4eb5e-8079445020a594f8,0d11fb94-9b58e2541be4dfcb,0.06134969325153374,0.06493506493506493
d63e6e3f-68836bbaaea4c108,5ee4d2f9-7b875ec1c8e8e319,0.06097560975609756,0.0641025641025641
d8e4eb5e-8079445020a594f8,ee4f7b06-0df895503f264db3,0.06097560975609756,0.06493506493506493
034030f3-0fcdc00fa21b2b63,93322168-c6d3be538e049476,0.06060606060606061,0.06578947368421052
2ebeae13-f6d98bc6e8762f12,45f5632f-5ab969465e5a8f59,0.06060606060606061,0.06756756756756757
8926151a-5e56a31bb1481ed4,93322168-c6d3be538e049476,0.06060606060606061,0.06578947368421052
d8e4eb5e-8079445020a594f8,b842cf12-f7882fa2c05f3014,0.06060606060606061,0.06493506493506493
2ebeae13-f6d98bc6e8762f12,45f5632f-2bd33d3b4d42cb8d,0.06060606060606061,0.06756756756756757
1162c08f-3a2a31cf33573c4d,ae775964-023a1237326b6e42,0.060240963855421686,0.1
d8e4eb5e-8079445020a594f8,93322168-c6d3be538e049476,0.060240963855421686,0.06493506493506493
6653a758-75500306c58aa931,ae775964-023a1237326b6e42,0.060240963855421686,0.1
3e191f3b-267f38bf210ab88d,d314aa92-9f7dd24f2fa68770,0.059880239520958084,0.06329113924050633
d221162a-c21f547a22d9eb13,5ee4d2f9-7b875ec1c8e8e319,0.059880239520958084,0.06172839506172839
7011024d-20824aa80ee40c37,5ee4d2f9-7b875ec1c8e8e319,0.059880239520958084,0.06172839506172839
d9f6c257-6be30afb625c7fcc,ae775964-023a1237326b6e42,0.05952380952380952,0.09615384615384616
2e1109d7-9902a467adb93d62,5ee4d2f9-7b875ec1c8e8e319,0.05847953216374269,0.058823529411764705
46e9aed4-c477cb844c1e1d56,2acaa7df-7cb445c7c8ad9468,0.05847953216374269,0.06944444444444445
f4f1b18f-c1a38185306219e8,a4c98ae1-3942cae7e65d9f37,0.05847953216374269,0.06097560975609756
f4f1b18f-c1a38185306219e8,93322168-c6d3be538e049476,0.05847953216374269,0.06097560975609756
e7000ac2-9902a467adb93d62,5ee4d2f9-7b875ec1c8e8e319,0.05847953216374269,0.058823529411764705
0d11fb94-9b58e2541be4dfcb,5ee4d2f9-7b875ec1c8e8e319,0.05813953488372093,0.05813953488372093
22b41936-e1a4f2961d5e650a,5ee4d2f9-7b875ec1c8e8e319,0.05813953488372093,0.05813953488372093
45f5632f-5ab969465e5a8f59,ae775964-023a1237326b6e42,0.057971014492753624,0.06593406593406594
45f5632f-2bd33d3b4d42cb8d,ae775964-023a1237326b6e42,0.057971014492753624,0.06593406593406594
96b3758b-d23ef8ff9339c1f0,2acaa7df-7cb445c7c8ad9468,0.057803468208092484,0.06756756756756757
bd65846f-dda288a85405877d,ee4f7b06-0df895503f264db3,0.057803468208092484,0.05813953488372093
4201fdf7-e9b7491886b37cf0,595f5d6c-7ba61dd9e3df26a6,0.05714285714285714,0.07352941176470588
5ee4d2f9-7b875ec1c8e8e319,93322168-c6d3be538e049476,0.05714285714285714,0.05813953488372093
2c7a0000-0b8bb8afaf26c254,ae775964-023a1237326b6e42,0.05714285714285714,0.0847457627118644
7bc92b7f-01484e4d0896aace,2acaa7df-7cb445c7c8ad9468,0.05714285714285714,0.06578947368421052
d63e6e3f-68836bbaaea4c108,2acaa7df-7cb445c7c8ad9468,0.05649717514124294,0.0641025641025641
ee4f7b06-0df895503f264db3,45f5632f-5ab969465e5a8f59,0.056179775280898875,0.05747126436781609
f4f1b18f-c1a38185306219e8,29210e56-e4fcc33dc59803ba,0.056179775280898875,0.06097560975609756
ee4f7b06-0df895503f264db3,45f5632f-2bd33d3b4d42cb8d,0.056179775280898875,0.05747126436781609
3951966f-72a49600e61410e6,45f5632f-5ab969465e5a8f59,0.05555555555555555,0.056179775280898875
f9e08a46-5d34e200f915e8d0,ae775964-023a1237326b6e42,0.05555555555555555,0.078125
3951966f-72a49600e61410e6,45f5632f-2bd33d3b4d42cb8d,0.05555555555555555,0.056179775280898875
d221162a-c21f547a22d9eb13,2acaa7df-7cb445c7c8ad9468,0.05555555555555555,0.06172839506172839
c4cdd3af-d681944ed10b5e5a,2acaa7df-7cb445c7c8ad9468,0.055248618784530384,0.06097560975609756
5ee4d2f9-7b875ec1c8e8e319,29210e56-e4fcc33dc59803ba,0.054945054945054944,0.05813953488372093
bd65846f-dda288a85405877d,29210e56-e4fcc33dc59803ba,0.054945054945054944,0.05813953488372093
8926151a-5e56a31bb1481ed4,595f5d6c-7ba61dd9e3df26a6,0.0546448087431694,0.06578947368421052
7b71234c-c144dfdf3c050ab5,ae775964-023a1237326b6e42,0.0546448087431694,0.07462686567164178
12c1cc56-c144dfdf3c050ab5,ae775964-023a1237326b6e42,0.0546448087431694,0.07462686567164178
c06c758d-c144dfdf3c050ab5,ae775964-023a1237326b6e42,0.0546448087431694,0.07462686567164178
11373c16-325c2a81744d6c63,ae775964-023a1237326b6e42,0.05405405405405406,0.07246376811594203
ee4f7b06-0df895503f264db3,2acaa7df-7cb445c7c8ad9468,0.053763440860215055,0.05747126436781609
67996c4c-6031a4e4c44a5547,ae775964-023a1237326b6e42,0.05235602094240838,0.06666666666666667
8926151a-5e56a31bb1481ed4,ae775964-023a1237326b6e42,0.052083333333333336,0.06578947368421052
7bc92b7f-01484e4d0896aace,ae775964-023a1237326b6e42,0.052083333333333336,0.06578947368421052
5a74241a-dc901804978ab00a,ae775964-023a1237326b6e42,0.05102040816326531,0.0625
f4f1b18f-c1a38185306219e8,3b498a39-34f8b597e4ed27e8,0.050761421319796954,0.06097560975609756
4201fdf7-e9b7491886b37cf0,8f30bfc3-0206ccf1b040138a,0.0502092050209205,0.08823529411764706
4201fdf7-e9b7491886b37cf0,af1b152e-ecd3dfef045653d5,0.0502092050209205,0.08823529411764706
9028caf7-5bfe14d4c3b17f76,ae775964-023a1237326b6e42,0.04807692307692308,0.05434782608695652
69b2fd22-5bfe14d4c3b17f76,ae775964-023a1237326b6e42,0.04807692307692308,0.05434782608695652
2acaa7df-7cb445c7c8ad9468,ae775964-023a1237326b6e42,0.046511627906976744,0.050505050505050504
2acaa7df-7cb445c7c8ad9468,930dd1f1-61ab1c8d80bf7a8d,0.0411522633744856,0.050505050505050504
69c97258-21e5704deef76ece,2e1109d7-9902a467adb93d62,0.0,0.0
9cea10af-0b3023dfc77d153a,2acaa7df-7cb445c7c8ad9468,0.0,0.0
5ce1fe32-9ffbc9498a417876,8e990c75-f9144464a16f2616,0.0,0.0
4e9c4bf9-d32422ae7aa1d171,5ce1fe32-9ffbc9498a417876,0.0,0.0
5ce1fe32-9ffbc9498a417876,f4f1b18f-c1a38185306219e8,0.0,0.0
5ce1fe32-9ffbc9498a417876,5ee4d2f9-7b875ec1c8e8e319,0.0,0.0
9e4ddc38-f08d0e6847f4856a,5ce1fe32-9ffbc9498a417876,0.0,0.0
5ce1fe32-9ffbc9498a417876,bd65846f-dda288a85405877d,0.0,0.0
5ce1fe32-9ffbc9498a417876,2acaa7df-7cb445c7c8ad9468,0.0,0.0
a4ec80a0-fa10dc124910b760,d8e4eb5e-8079445020a594f8,0.0,0.0
734a94be-491555e2a9bcc2a4,3e191f3b-267f38bf210ab88d,0.0,0.0
764484c3-b96a5fc3fd9ec3ec,3e191f3b-267f38bf210ab88d,0.0,0.0
734a94be-cd0c40be4a89c935,3e191f3b-267f38bf210ab88d,0.0,0.0
41e72d4f-21bec02e70069337,3e191f3b-267f38bf210ab88d,0.0,0.0
8e990c75-f9144464a16f2616,29210e56-e4fcc33dc59803ba,0.0,0.0
8e990c75-f9144464a16f2616,ee4f7b06-0df895503f264db3,0.0,0.0
4201fdf7-e9b7491886b37cf0,2acaa7df-7cb445c7c8ad9468,0.0,0.0
4201fdf7-e9b7491886b37cf0,2ebeae13-f6d98bc6e8762f12,0.0,0.0
734a94be-491555e2a9bcc2a4,ae775964-023a1237326b6e42,0.0,0.0
734a94be-491555e2a9bcc2a4,2acaa7df-7cb445c7c8ad9468,0.0,0.0
46e9aed4-c477cb844c1e1d56,ae775964-023a1237326b6e42,0.0,0.0
13441e8f-5b125e896d439795,2acaa7df-7cb445c7c8ad9468,0.0,0.0
69c97258-21e5704deef76ece,e7000ac2-9902a467adb93d62,0.0,0.0
e6b7a899-09224eadde94e5ee,2acaa7df-7cb445c7c8ad9468,0.0,0.0
2ebeae13-f6d98bc6e8762f12,8926151a-5e56a31bb1481ed4,0.0,0.0
d8e4eb5e-8079445020a594f8,d018b49f-e1ae502e5288eb54,0.0,0.0
5dc1f7b3-8c0e00231be211a2,f4f1b18f-c1a38185306219e8,0.0,0.0
375489f2-a0444125a74b9ccb,f4f1b18f-c1a38185306219e8,0.0,0.0
f4f1b18f-c1a38185306219e8,ee4f7b06-0df895503f264db3,0.0,0.0
141effef-1bfb859e38d0541d,f4f1b18f-c1a38185306219e8,0.0,0.0
eea69e7f-8dab83995204e0df,2acaa7df-7cb445c7c8ad9468,0.0,0.0
1162c08f-3a2a31cf33573c4d,2acaa7df-7cb445c7c8ad9468,0.0,0.0
9e4ddc38-f08d0e6847f4856a,29210e56-e4fcc33dc59803ba,0.0,0.0
764484c3-b96a5fc3fd9ec3ec,2acaa7df-7cb445c7c8ad9468,0.0,0.0
ebd8ff55-b7fcefff9d43d956,2acaa7df-7cb445c7c8ad9468,0.0,0.0
ebd8ff55-b7fcefff9d43d956,ee4f7b06-0df895503f264db3,0.0,0.0
2c7a0000-0b8bb8afaf26c254,2ebeae13-f6d98bc6e8762f12,0.0,0.0
9e4ddc38-f08d0e6847f4856a,ee4f7b06-0df895503f264db3,0.0,0.0
6653a758-75500306c58aa931,2acaa7df-7cb445c7c8ad9468,0.0,0.0
2ebeae13-f6d98bc6e8762f12,d8e4eb5e-8079445020a594f8,0.0,0.0
6bcc5afd-28d9bb844890d9da,ae775964-023a1237326b6e42,0.0,0.0
7b71234c-c144dfdf3c050ab5,bf992c91-d94ad939d2852a18,0.0,0.0
12c1cc56-c144dfdf3c050ab5,bf992c91-d94ad939d2852a18,0.0,0.0
c06c758d-c144dfdf3c050ab5,bf992c91-d94ad939d2852a18,0.0,0.0
734a94be-cd0c40be4a89c935,ae775964-023a1237326b6e42,0.0,0.0
734a94be-cd0c40be4a89c935,2acaa7df-7cb445c7c8ad9468,0.0,0.0
f6ca6fc8-e7ab163f0a8022bf,ae775964-023a1237326b6e42,0.0,0.0
cb87df79-e6daab7d8f341736,ae775964-023a1237326b6e42,0.0,0.0
f6ca6fc8-e7ab163f0a8022bf,2acaa7df-7cb445c7c8ad9468,0.0,0.0
41e72d4f-21bec02e70069337,2acaa7df-7cb445c7c8ad9468,0.0,0.0
0588b869-178a29ccfedc3992,2acaa7df-7cb445c7c8ad9468,0.0,0.0
cb87df79-e6daab7d8f341736,2acaa7df-7cb445c7c8ad9468,0.0,0.0
bd50e3fe-deb43aa46e8164ed,2acaa7df-7cb445c7c8ad9468,0.0,0.0
d9f6c257-6be30afb625c7fcc,2acaa7df-7cb445c7c8ad9468,0.0,0.0
