pair_id,split,label,problem_id,language,case_type,problem_type,group_id,method,score,threshold,predicted,correct,in_common_support,analysis_elapsed_ms,aggregation_us,warnings
VALIDATION-SIMPLE-IO-01-RENAME,validation,TRANSFORMED,VALIDATION-SIMPLE-IO-01,python,PARAMETER_RENAME,simple_io,G-314b9ce84860,RAW_ONLY,0.04,0.0,True,True,True,1.2203,1.3,
VALIDATION-SIMPLE-IO-01-NATURAL,validation,NATURAL_SIMILAR,VALIDATION-SIMPLE-IO-01,python,NATURAL_TEMPLATE,simple_io,G-314b9ce84860,RAW_ONLY,0.647059,0.0,True,False,True,0.6566,1.3,
VALIDATION-SIMPLE-IO-01-INDEPENDENT,validation,INDEPENDENT,VALIDATION-SIMPLE-IO-01,python,INDEPENDENT_SOLUTION,simple_io,G-314b9ce84860,RAW_ONLY,0.315789,0.0,True,False,True,0.5473,1.1,
TEST-SIMPLE-IO-01-RENAME,test,TRANSFORMED,TEST-SIMPLE-IO-01,python,PARAMETER_RENAME,simple_io,G-8b1eb27d8463,RAW_ONLY,0.04,0.0,True,True,True,0.5562,1.0,
TEST-SIMPLE-IO-01-NATURAL,test,NATURAL_SIMILAR,TEST-SIMPLE-IO-01,python,NATURAL_TEMPLATE,simple_io,G-8b1eb27d8463,RAW_ONLY,0.647059,0.0,True,False,True,0.5855,0.9,
TEST-SIMPLE-IO-01-INDEPENDENT,test,INDEPENDENT,TEST-SIMPLE-IO-01,python,INDEPENDENT_SOLUTION,simple_io,G-8b1eb27d8463,RAW_ONLY,0.315789,0.0,True,False,True,0.6006,0.8,
TEST-SIMPLE-IO-01-SUSPICIOUS-FORMAT,test,SUSPICIOUS,TEST-SIMPLE-IO-01,python,FORMAT_COMMENT_CHANGE,simple_io,G-8b1eb27d8463,RAW_ONLY,0.04,0.0,True,True,True,0.5582,0.9,
VALIDATION-ARRAY-LOOP-01-RENAME,validation,TRANSFORMED,VALIDATION-ARRAY-LOOP-01,python,VARIABLE_RENAME,array_loop,G-757a3bd8c3b8,RAW_ONLY,0.073171,0.0,True,True,True,0.8537,0.9,
VALIDATION-ARRAY-LOOP-01-NATURAL,validation,NATURAL_SIMILAR,VALIDATION-ARRAY-LOOP-01,python,NATURAL_TEMPLATE,array_loop,G-757a3bd8c3b8,RAW_ONLY,0.451613,0.0,True,False,True,0.8106,0.9,
VALIDATION-ARRAY-LOOP-01-INDEPENDENT,validation,INDEPENDENT,VALIDATION-ARRAY-LOOP-01,python,INDEPENDENT_SOLUTION,array_loop,G-757a3bd8c3b8,RAW_ONLY,0.108108,0.0,True,False,True,0.7392,0.9,
TEST-ARRAY-LOOP-01-RENAME,test,TRANSFORMED,TEST-ARRAY-LOOP-01,python,VARIABLE_RENAME,array_loop,G-d2407dbc1a72,RAW_ONLY,0.073171,0.0,True,True,True,0.7823,0.8,
TEST-ARRAY-LOOP-01-NATURAL,test,NATURAL_SIMILAR,TEST-ARRAY-LOOP-01,python,NATURAL_TEMPLATE,array_loop,G-d2407dbc1a72,RAW_ONLY,0.451613,0.0,True,False,True,0.7981,0.9,
TEST-ARRAY-LOOP-01-INDEPENDENT,test,INDEPENDENT,TEST-ARRAY-LOOP-01,python,INDEPENDENT_SOLUTION,array_loop,G-d2407dbc1a72,RAW_ONLY,0.108108,0.0,True,False,True,0.7543,0.9,
TEST-ARRAY-LOOP-01-SUSPICIOUS-FORMAT,test,SUSPICIOUS,TEST-ARRAY-LOOP-01,python,FORMAT_COMMENT_CHANGE,array_loop,G-d2407dbc1a72,RAW_ONLY,0.073171,0.0,True,True,True,0.7886,0.9,
VALIDATION-SORT-TEMPLATE-01-RENAME,validation,TRANSFORMED,VALIDATION-SORT-TEMPLATE-01,python,FUNCTION_RENAME,sort_template,G-4bed6eba3770,RAW_ONLY,0.142857,0.0,True,True,True,1.9827,0.9,
VALIDATION-SORT-TEMPLATE-01-NATURAL,validation,NATURAL_SIMILAR,VALIDATION-SORT-TEMPLATE-01,python,NATURAL_TEMPLATE,sort_template,G-4bed6eba3770,RAW_ONLY,0.890625,0.0,True,False,True,2.007,0.9,
VALIDATION-SORT-TEMPLATE-01-INDEPENDENT,validation,INDEPENDENT,VALIDATION-SORT-TEMPLATE-01,python,INDEPENDENT_SOLUTION,sort_template,G-4bed6eba3770,RAW_ONLY,0.0625,0.0,True,False,True,1.1921,0.8,
TEST-SORT-TEMPLATE-01-RENAME,test,TRANSFORMED,TEST-SORT-TEMPLATE-01,python,FUNCTION_RENAME,sort_template,G-1df5b9b2b1b6,RAW_ONLY,0.100917,0.0,True,True,True,1.9822,0.9,
TEST-SORT-TEMPLATE-01-NATURAL,test,NATURAL_SIMILAR,TEST-SORT-TEMPLATE-01,python,NATURAL_TEMPLATE,sort_template,G-1df5b9b2b1b6,RAW_ONLY,0.890625,0.0,True,False,True,2.1706,0.9,
TEST-SORT-TEMPLATE-01-INDEPENDENT,test,INDEPENDENT,TEST-SORT-TEMPLATE-01,python,INDEPENDENT_SOLUTION,sort_template,G-1df5b9b2b1b6,RAW_ONLY,0.0625,0.0,True,False,True,1.1775,0.9,
TEST-SORT-TEMPLATE-01-SUSPICIOUS-FORMAT,test,SUSPICIOUS,TEST-SORT-TEMPLATE-01,python,FORMAT_COMMENT_CHANGE,sort_template,G-1df5b9b2b1b6,RAW_ONLY,0.100917,0.0,True,True,True,1.956,0.9,
VALIDATION-DFS-GRAPH-01-RENAME,validation,TRANSFORMED,VALIDATION-DFS-GRAPH-01,python,PARAMETER_RENAME,dfs_graph,G-2d763db84780,RAW_ONLY,0.070707,0.0,True,True,True,1.5236,0.9,
VALIDATION-DFS-GRAPH-01-NATURAL,validation,NATURAL_SIMILAR,VALIDATION-DFS-GRAPH-01,python,NATURAL_TEMPLATE,dfs_graph,G-2d763db84780,RAW_ONLY,0.816667,0.0,True,False,True,1.6621,1.0,
VALIDATION-DFS-GRAPH-01-INDEPENDENT,validation,INDEPENDENT,VALIDATION-DFS-GRAPH-01,python,INDEPENDENT_SOLUTION,dfs_graph,G-2d763db84780,RAW_ONLY,0.179775,0.0,True,False,True,1.4554,0.9,
TEST-DFS-GRAPH-01-RENAME,test,TRANSFORMED,TEST-DFS-GRAPH-01,python,PARAMETER_RENAME,dfs_graph,G-58c393589490,RAW_ONLY,0.070707,0.0,True,True,True,1.5291,0.9,
TEST-DFS-GRAPH-01-NATURAL,test,NATURAL_SIMILAR,TEST-DFS-GRAPH-01,python,NATURAL_TEMPLATE,dfs_graph,G-58c393589490,RAW_ONLY,0.816667,0.0,True,False,True,1.5814,0.9,
TEST-DFS-GRAPH-01-INDEPENDENT,test,INDEPENDENT,TEST-DFS-GRAPH-01,python,INDEPENDENT_SOLUTION,dfs_graph,G-58c393589490,RAW_ONLY,0.179775,0.0,True,False,True,1.5393,1.0,
TEST-DFS-GRAPH-01-SUSPICIOUS-FORMAT,test,SUSPICIOUS,TEST-DFS-GRAPH-01,python,FORMAT_COMMENT_CHANGE,dfs_graph,G-58c393589490,RAW_ONLY,0.070707,0.0,True,True,True,1.5216,0.9,
VALIDATION-DP-VARIANT-01-RENAME,validation,TRANSFORMED,VALIDATION-DP-VARIANT-01,python,VARIABLE_RENAME,dp_variant,G-ea7d15d8556b,RAW_ONLY,0.046154,0.0,True,True,True,1.2365,0.9,
VALIDATION-DP-VARIANT-01-NATURAL,validation,NATURAL_SIMILAR,VALIDATION-DP-VARIANT-01,python,NATURAL_TEMPLATE,dp_variant,G-ea7d15d8556b,RAW_ONLY,0.636364,0.0,True,False,True,1.1988,0.9,
VALIDATION-DP-VARIANT-01-INDEPENDENT,validation,INDEPENDENT,VALIDATION-DP-VARIANT-01,python,INDEPENDENT_SOLUTION,dp_variant,G-ea7d15d8556b,RAW_ONLY,0.072289,0.0,True,False,True,1.5635,0.9,
TEST-DP-VARIANT-01-RENAME,test,TRANSFORMED,TEST-DP-VARIANT-01,python,VARIABLE_RENAME,dp_variant,G-1bc17e655062,RAW_ONLY,0.046154,0.0,True,True,True,1.1512,0.8,
TEST-DP-VARIANT-01-NATURAL,test,NATURAL_SIMILAR,TEST-DP-VARIANT-01,python,NATURAL_TEMPLATE,dp_variant,G-1bc17e655062,RAW_ONLY,0.636364,0.0,True,False,True,1.1366,0.9,
TEST-DP-VARIANT-01-INDEPENDENT,test,INDEPENDENT,TEST-DP-VARIANT-01,python,INDEPENDENT_SOLUTION,dp_variant,G-1bc17e655062,RAW_ONLY,0.072289,0.0,True,False,True,1.4081,0.9,
TEST-DP-VARIANT-01-SUSPICIOUS-FORMAT,test,SUSPICIOUS,TEST-DP-VARIANT-01,python,FORMAT_COMMENT_CHANGE,dp_variant,G-1bc17e655062,RAW_ONLY,0.046154,0.0,True,True,True,1.1386,0.8,
SEED-VALIDATION-01-SIMPLE-IO-01-NATURAL_TEMPLATE,validation,NATURAL_SIMILAR,SEED-VALIDATION-01-SIMPLE-IO,python,NATURAL_TEMPLATE,simple_io,G-37eed964aaa4,RAW_ONLY,0.777778,0.0,True,False,True,0.6512,0.9,
SEED-VALIDATION-01-SIMPLE-IO-02-PARAMETER_RENAME,validation,TRANSFORMED,SEED-VALIDATION-01-SIMPLE-IO,python,PARAMETER_RENAME,simple_io,G-37eed964aaa4,RAW_ONLY,0.2,0.0,True,True,True,0.6024,0.8,
SEED-VALIDATION-01-SIMPLE-IO-03-FORMAT_COMMENT_CHANGE,validation,TRANSFORMED,SEED-VALIDATION-01-SIMPLE-IO,java,FORMAT_COMMENT_CHANGE,simple_io,G-37eed964aaa4,RAW_ONLY,1.0,0.0,True,True,True,1.1021,0.9,
SEED-VALIDATION-02-ARRAY-LOOP-01-VARIABLE_RENAME,validation,TRANSFORMED,SEED-VALIDATION-02-ARRAY-LOOP,java,VARIABLE_RENAME,array_loop,G-1f5ad99c3c54,RAW_ONLY,0.290323,0.0,True,True,True,1.3041,0.8,
SEED-VALIDATION-02-ARRAY-LOOP-02-LOCAL_REORDER,validation,TRANSFORMED,SEED-VALIDATION-02-ARRAY-LOOP,python,LOCAL_REORDER,array_loop,G-1f5ad99c3c54,RAW_ONLY,0.785714,0.0,True,True,True,0.9535,0.8,
SEED-VALIDATION-02-ARRAY-LOOP-03-INDEPENDENT_SOLUTION,validation,INDEPENDENT,SEED-VALIDATION-02-ARRAY-LOOP,python,INDEPENDENT_SOLUTION,array_loop,G-1f5ad99c3c54,RAW_ONLY,0.1,0.0,True,False,False,0.6919,0.9,Scope normalization is unavailable; weighted analysis fell back to raw tokens.
SEED-VALIDATION-03-SORT-TEMPLATE-01-FUNCTION_RENAME,validation,TRANSFORMED,SEED-VALIDATION-03-SORT-TEMPLATE,java,FUNCTION_RENAME,sort_template,G-f36d36dda4ce,RAW_ONLY,0.860465,0.0,True,True,True,1.2766,0.9,
SEED-VALIDATION-03-SORT-TEMPLATE-02-HUMAN_REWRITE,validation,SUSPICIOUS,SEED-VALIDATION-03-SORT-TEMPLATE,python,HUMAN_REWRITE,sort_template,G-f36d36dda4ce,RAW_ONLY,0.030303,0.0,True,True,True,1.2202,0.9,
SEED-VALIDATION-03-SORT-TEMPLATE-03-COMMON_STRUCTURE,validation,INDEPENDENT,SEED-VALIDATION-03-SORT-TEMPLATE,python,COMMON_STRUCTURE,sort_template,G-f36d36dda4ce,RAW_ONLY,0.025,0.0,True,False,True,1.423,0.8,
SEED-VALIDATION-04-STRING-PROCESSING-01-SPLIT_MERGE,validation,TRANSFORMED,SEED-VALIDATION-04-STRING-PROCESSING,python,SPLIT_MERGE,string_processing,G-a3a6560f116d,RAW_ONLY,0.741935,0.0,True,True,True,0.9062,0.9,
SEED-VALIDATION-04-STRING-PROCESSING-02-UNSUPPORTED_SYNTAX,validation,TRANSFORMED,SEED-VALIDATION-04-STRING-PROCESSING,python,UNSUPPORTED_SYNTAX,string_processing,G-a3a6560f116d,RAW_ONLY,0.657143,0.0,True,True,False,0.8221,0.9,Scope normalization is unavailable; weighted analysis fell back to raw tokens.
SEED-VALIDATION-05-DFS-GRAPH-02-VARIABLE_RENAME,validation,TRANSFORMED,SEED-VALIDATION-05-DFS-GRAPH,python,VARIABLE_RENAME,dfs_graph,G-a5d051fec4db,RAW_ONLY,0.71831,0.0,True,True,True,1.7749,1.0,
SEED-VALIDATION-05-DFS-GRAPH-03-NATURAL_TEMPLATE,validation,NATURAL_SIMILAR,SEED-VALIDATION-05-DFS-GRAPH,python,NATURAL_TEMPLATE,dfs_graph,G-a5d051fec4db,RAW_ONLY,0.9375,0.0,True,False,True,1.7091,0.9,
SEED-VALIDATION-06-BFS-GRAPH-01-HUMAN_REWRITE,validation,SUSPICIOUS,SEED-VALIDATION-06-BFS-GRAPH,python,HUMAN_REWRITE,bfs_graph,G-21cf422ad152,RAW_ONLY,0.0,0.0,True,True,False,1.3617,0.9,Scope normalization is unavailable; weighted analysis fell back to raw tokens.
SEED-VALIDATION-06-BFS-GRAPH-02-FUNCTION_RENAME,validation,TRANSFORMED,SEED-VALIDATION-06-BFS-GRAPH,python,FUNCTION_RENAME,bfs_graph,G-21cf422ad152,RAW_ONLY,0.934426,0.0,True,True,True,1.7198,0.9,
SEED-VALIDATION-06-BFS-GRAPH-03-INDEPENDENT_SOLUTION,validation,INDEPENDENT,SEED-VALIDATION-06-BFS-GRAPH,java,INDEPENDENT_SOLUTION,bfs_graph,G-21cf422ad152,RAW_ONLY,0.142857,0.0,True,False,True,1.3368,0.9,
SEED-VALIDATION-07-DP-VARIANT-01-SPLIT_MERGE,validation,TRANSFORMED,SEED-VALIDATION-07-DP-VARIANT,python,SPLIT_MERGE,dp_variant,G-7a19db4fd5a2,RAW_ONLY,0.711111,0.0,True,True,True,1.2889,0.9,
SEED-VALIDATION-07-DP-VARIANT-02-PARAMETER_RENAME,validation,TRANSFORMED,SEED-VALIDATION-07-DP-VARIANT,python,PARAMETER_RENAME,dp_variant,G-7a19db4fd5a2,RAW_ONLY,0.692308,0.0,True,True,True,1.2151,0.9,
SEED-VALIDATION-07-DP-VARIANT-03-COMMON_STRUCTURE,validation,INDEPENDENT,SEED-VALIDATION-07-DP-VARIANT,python,COMMON_STRUCTURE,dp_variant,G-7a19db4fd5a2,RAW_ONLY,0.057692,0.0,True,False,True,0.9375,0.9,
SEED-VALIDATION-08-SIMULATION-01-LOCAL_REORDER,validation,TRANSFORMED,SEED-VALIDATION-08-SIMULATION,python,LOCAL_REORDER,simulation,G-59cdddf595d1,RAW_ONLY,0.823529,0.0,True,True,True,1.1657,0.9,
SEED-TEST-01-SIMPLE-IO-01-HUMAN_REWRITE,test,SUSPICIOUS,SEED-TEST-01-SIMPLE-IO,python,HUMAN_REWRITE,simple_io,G-6bee25961fdf,RAW_ONLY,0.153846,0.0,True,True,True,0.6431,0.9,
SEED-TEST-01-SIMPLE-IO-02-INDEPENDENT_SOLUTION,test,INDEPENDENT,SEED-TEST-01-SIMPLE-IO,java,INDEPENDENT_SOLUTION,simple_io,G-6bee25961fdf,RAW_ONLY,0.368421,0.0,True,False,True,0.9202,1.0,
SEED-TEST-02-ARRAY-LOOP-01-NATURAL_TEMPLATE,test,NATURAL_SIMILAR,SEED-TEST-02-ARRAY-LOOP,python,NATURAL_TEMPLATE,array_loop,G-a6ec091a67b7,RAW_ONLY,1.0,0.0,True,False,True,0.8225,0.9,
SEED-TEST-02-ARRAY-LOOP-02-VARIABLE_RENAME,test,TRANSFORMED,SEED-TEST-02-ARRAY-LOOP,python,VARIABLE_RENAME,array_loop,G-a6ec091a67b7,RAW_ONLY,0.073171,0.0,True,True,True,0.7963,0.8,
SEED-TEST-02-ARRAY-LOOP-03-UNSUPPORTED_SYNTAX,test,TRANSFORMED,SEED-TEST-02-ARRAY-LOOP,python,UNSUPPORTED_SYNTAX,array_loop,G-a6ec091a67b7,RAW_ONLY,0.647059,0.0,True,True,False,0.7887,0.9,Scope normalization is unavailable; weighted analysis fell back to raw tokens.
SEED-TEST-03-SORT-TEMPLATE-01-FORMAT_COMMENT_CHANGE,test,TRANSFORMED,SEED-TEST-03-SORT-TEMPLATE,python,FORMAT_COMMENT_CHANGE,sort_template,G-5a102d196ca4,RAW_ONLY,1.0,0.0,True,True,True,2.0112,0.9,
SEED-TEST-03-SORT-TEMPLATE-02-LOCAL_REORDER,test,TRANSFORMED,SEED-TEST-03-SORT-TEMPLATE,python,LOCAL_REORDER,sort_template,G-5a102d196ca4,RAW_ONLY,0.909091,0.0,True,True,True,2.1007,0.9,
SEED-TEST-04-STRING-PROCESSING-01-FUNCTION_RENAME,test,TRANSFORMED,SEED-TEST-04-STRING-PROCESSING,python,FUNCTION_RENAME,string_processing,G-309c6f7637ad,RAW_ONLY,0.84,0.0,True,True,True,0.8528,0.9,
SEED-TEST-04-STRING-PROCESSING-02-PARAMETER_RENAME,test,TRANSFORMED,SEED-TEST-04-STRING-PROCESSING,java,PARAMETER_RENAME,string_processing,G-309c6f7637ad,RAW_ONLY,0.723077,0.0,True,True,True,1.6608,0.9,
SEED-TEST-04-STRING-PROCESSING-03-COMMON_STRUCTURE,test,INDEPENDENT,SEED-TEST-04-STRING-PROCESSING,python,COMMON_STRUCTURE,string_processing,G-309c6f7637ad,RAW_ONLY,0.022727,0.0,True,False,True,0.8286,0.9,
SEED-TEST-05-DFS-GRAPH-01-SPLIT_MERGE,test,TRANSFORMED,SEED-TEST-05-DFS-GRAPH,python,SPLIT_MERGE,dfs_graph,G-0aa256ed50ef,RAW_ONLY,0.821918,0.0,True,True,True,1.9087,0.9,
SEED-TEST-05-DFS-GRAPH-02-HUMAN_REWRITE,test,SUSPICIOUS,SEED-TEST-05-DFS-GRAPH,python,HUMAN_REWRITE,dfs_graph,G-0aa256ed50ef,RAW_ONLY,0.0,0.0,True,True,False,1.3809,0.9,Scope normalization is unavailable; weighted analysis fell back to raw tokens.
SEED-TEST-05-DFS-GRAPH-03-NATURAL_TEMPLATE,test,NATURAL_SIMILAR,SEED-TEST-05-DFS-GRAPH,python,NATURAL_TEMPLATE,dfs_graph,G-0aa256ed50ef,RAW_ONLY,0.9375,0.0,True,False,True,1.8121,0.8,
SEED-TEST-06-BFS-GRAPH-02-COMMON_STRUCTURE,test,INDEPENDENT,SEED-TEST-06-BFS-GRAPH,python,COMMON_STRUCTURE,bfs_graph,G-c4feb47ceaf4,RAW_ONLY,0.0,0.0,True,False,True,1.2689,1.0,
SEED-TEST-06-BFS-GRAPH-03-UNSUPPORTED_SYNTAX,test,TRANSFORMED,SEED-TEST-06-BFS-GRAPH,python,UNSUPPORTED_SYNTAX,bfs_graph,G-c4feb47ceaf4,RAW_ONLY,0.830986,0.0,True,True,False,1.6591,0.8,Scope normalization is unavailable; weighted analysis fell back to raw tokens.
SEED-TEST-07-DP-VARIANT-01-VARIABLE_RENAME,test,TRANSFORMED,SEED-TEST-07-DP-VARIANT,java,VARIABLE_RENAME,dp_variant,G-8ead3e4ae352,RAW_ONLY,0.290323,0.0,True,True,True,1.2897,0.9,
SEED-TEST-07-DP-VARIANT-02-FORMAT_COMMENT_CHANGE,test,TRANSFORMED,SEED-TEST-07-DP-VARIANT,python,FORMAT_COMMENT_CHANGE,dp_variant,G-8ead3e4ae352,RAW_ONLY,1.0,0.0,True,True,True,1.0908,0.8,
SEED-TEST-07-DP-VARIANT-03-INDEPENDENT_SOLUTION,test,INDEPENDENT,SEED-TEST-07-DP-VARIANT,python,INDEPENDENT_SOLUTION,dp_variant,G-8ead3e4ae352,RAW_ONLY,0.089552,0.0,True,False,False,1.0047,0.9,Scope normalization is unavailable; weighted analysis fell back to raw tokens.
SEED-TEST-08-SIMULATION-01-LOCAL_REORDER,test,TRANSFORMED,SEED-TEST-08-SIMULATION,java,LOCAL_REORDER,simulation,G-12846af3e054,RAW_ONLY,1.0,0.0,True,True,True,1.3639,0.9,
SEED-TEST-08-SIMULATION-02-SPLIT_MERGE,test,TRANSFORMED,SEED-TEST-08-SIMULATION,python,SPLIT_MERGE,simulation,G-12846af3e054,RAW_ONLY,0.675,0.0,True,True,True,1.1275,0.8,
VALIDATION-SIMPLE-IO-01-RENAME,validation,TRANSFORMED,VALIDATION-SIMPLE-IO-01,python,PARAMETER_RENAME,simple_io,G-314b9ce84860,AST_ONLY,1.0,0.7,True,True,True,1.2203,1.0,
VALIDATION-SIMPLE-IO-01-NATURAL,validation,NATURAL_SIMILAR,VALIDATION-SIMPLE-IO-01,python,NATURAL_TEMPLATE,simple_io,G-314b9ce84860,AST_ONLY,0.6,0.7,False,True,True,0.6566,1.0,
VALIDATION-SIMPLE-IO-01-INDEPENDENT,validation,INDEPENDENT,VALIDATION-SIMPLE-IO-01,python,INDEPENDENT_SOLUTION,simple_io,G-314b9ce84860,AST_ONLY,0.12,0.7,False,True,True,0.5473,1.0,
TEST-SIMPLE-IO-01-RENAME,test,TRANSFORMED,TEST-SIMPLE-IO-01,python,PARAMETER_RENAME,simple_io,G-8b1eb27d8463,AST_ONLY,1.0,0.7,True,True,True,0.5562,0.9,
TEST-SIMPLE-IO-01-NATURAL,test,NATURAL_SIMILAR,TEST-SIMPLE-IO-01,python,NATURAL_TEMPLATE,simple_io,G-8b1eb27d8463,AST_ONLY,0.6,0.7,False,True,True,0.5855,1.0,
TEST-SIMPLE-IO-01-INDEPENDENT,test,INDEPENDENT,TEST-SIMPLE-IO-01,python,INDEPENDENT_SOLUTION,simple_io,G-8b1eb27d8463,AST_ONLY,0.12,0.7,False,True,True,0.6006,0.8,
TEST-SIMPLE-IO-01-SUSPICIOUS-FORMAT,test,SUSPICIOUS,TEST-SIMPLE-IO-01,python,FORMAT_COMMENT_CHANGE,simple_io,G-8b1eb27d8463,AST_ONLY,1.0,0.7,True,True,True,0.5582,1.5,
VALIDATION-ARRAY-LOOP-01-RENAME,validation,TRANSFORMED,VALIDATION-ARRAY-LOOP-01,python,VARIABLE_RENAME,array_loop,G-757a3bd8c3b8,AST_ONLY,1.0,0.7,True,True,True,0.8537,1.6,
VALIDATION-ARRAY-LOOP-01-NATURAL,validation,NATURAL_SIMILAR,VALIDATION-ARRAY-LOOP-01,python,NATURAL_TEMPLATE,array_loop,G-757a3bd8c3b8,AST_ONLY,0.459459,0.7,False,True,True,0.8106,1.7,
VALIDATION-ARRAY-LOOP-01-INDEPENDENT,validation,INDEPENDENT,VALIDATION-ARRAY-LOOP-01,python,INDEPENDENT_SOLUTION,array_loop,G-757a3bd8c3b8,AST_ONLY,0.128205,0.7,False,True,True,0.7392,1.5,
TEST-ARRAY-LOOP-01-RENAME,test,TRANSFORMED,TEST-ARRAY-LOOP-01,python,VARIABLE_RENAME,array_loop,G-d2407dbc1a72,AST_ONLY,1.0,0.7,True,True,True,0.7823,1.4,
TEST-ARRAY-LOOP-01-NATURAL,test,NATURAL_SIMILAR,TEST-ARRAY-LOOP-01,python,NATURAL_TEMPLATE,array_loop,G-d2407dbc1a72,AST_ONLY,0.459459,0.7,False,True,True,0.7981,1.5,
TEST-ARRAY-LOOP-01-INDEPENDENT,test,INDEPENDENT,TEST-ARRAY-LOOP-01,python,INDEPENDENT_SOLUTION,array_loop,G-d2407dbc1a72,AST_ONLY,0.128205,0.7,False,True,True,0.7543,1.4,
TEST-ARRAY-LOOP-01-SUSPICIOUS-FORMAT,test,SUSPICIOUS,TEST-ARRAY-LOOP-01,python,FORMAT_COMMENT_CHANGE,array_loop,G-d2407dbc1a72,AST_ONLY,1.0,0.7,True,True,True,0.7886,1.5,
VALIDATION-SORT-TEMPLATE-01-RENAME,validation,TRANSFORMED,VALIDATION-SORT-TEMPLATE-01,python,FUNCTION_RENAME,sort_template,G-4bed6eba3770,AST_ONLY,1.0,0.7,True,True,True,1.9827,1.6,
VALIDATION-SORT-TEMPLATE-01-NATURAL,validation,NATURAL_SIMILAR,VALIDATION-SORT-TEMPLATE-01,python,NATURAL_TEMPLATE,sort_template,G-4bed6eba3770,AST_ONLY,0.919355,0.7,True,False,True,2.007,1.6,
VALIDATION-SORT-TEMPLATE-01-INDEPENDENT,validation,INDEPENDENT,VALIDATION-SORT-TEMPLATE-01,python,INDEPENDENT_SOLUTION,sort_template,G-4bed6eba3770,AST_ONLY,0.076923,0.7,False,True,True,1.1921,1.4,
TEST-SORT-TEMPLATE-01-RENAME,test,TRANSFORMED,TEST-SORT-TEMPLATE-01,python,FUNCTION_RENAME,sort_template,G-1df5b9b2b1b6,AST_ONLY,1.0,0.7,True,True,True,1.9822,3.8,
TEST-SORT-TEMPLATE-01-NATURAL,test,NATURAL_SIMILAR,TEST-SORT-TEMPLATE-01,python,NATURAL_TEMPLATE,sort_template,G-1df5b9b2b1b6,AST_ONLY,0.919355,0.7,True,False,True,2.1706,3.1,
TEST-SORT-TEMPLATE-01-INDEPENDENT,test,INDEPENDENT,TEST-SORT-TEMPLATE-01,python,INDEPENDENT_SOLUTION,sort_template,G-1df5b9b2b1b6,AST_ONLY,0.076923,0.7,False,True,True,1.1775,1.6,
TEST-SORT-TEMPLATE-01-SUSPICIOUS-FORMAT,test,SUSPICIOUS,TEST-SORT-TEMPLATE-01,python,FORMAT_COMMENT_CHANGE,sort_template,G-1df5b9b2b1b6,AST_ONLY,1.0,0.7,True,True,True,1.956,1.8,
VALIDATION-DFS-GRAPH-01-RENAME,validation,TRANSFORMED,VALIDATION-DFS-GRAPH-01,python,PARAMETER_RENAME,dfs_graph,G-2d763db84780,AST_ONLY,1.0,0.7,True,True,True,1.5236,1.4,
VALIDATION-DFS-GRAPH-01-NATURAL,validation,NATURAL_SIMILAR,VALIDATION-DFS-GRAPH-01,python,NATURAL_TEMPLATE,dfs_graph,G-2d763db84780,AST_ONLY,0.875,0.7,True,False,True,1.6621,3.8,
VALIDATION-DFS-GRAPH-01-INDEPENDENT,validation,INDEPENDENT,VALIDATION-DFS-GRAPH-01,python,INDEPENDENT_SOLUTION,dfs_graph,G-2d763db84780,AST_ONLY,0.448276,0.7,False,True,True,1.4554,2.1,
TEST-DFS-GRAPH-01-RENAME,test,TRANSFORMED,TEST-DFS-GRAPH-01,python,PARAMETER_RENAME,dfs_graph,G-58c393589490,AST_ONLY,1.0,0.7,True,True,True,1.5291,12.6,
TEST-DFS-GRAPH-01-NATURAL,test,NATURAL_SIMILAR,TEST-DFS-GRAPH-01,python,NATURAL_TEMPLATE,dfs_graph,G-58c393589490,AST_ONLY,0.875,0.7,True,False,True,1.5814,1.8,
TEST-DFS-GRAPH-01-INDEPENDENT,test,INDEPENDENT,TEST-DFS-GRAPH-01,python,INDEPENDENT_SOLUTION,dfs_graph,G-58c393589490,AST_ONLY,0.448276,0.7,False,True,True,1.5393,1.7,
TEST-DFS-GRAPH-01-SUSPICIOUS-FORMAT,test,SUSPICIOUS,TEST-DFS-GRAPH-01,python,FORMAT_COMMENT_CHANGE,dfs_graph,G-58c393589490,AST_ONLY,1.0,0.7,True,True,True,1.5216,1.6,
VALIDATION-DP-VARIANT-01-RENAME,validation,TRANSFORMED,VALIDATION-DP-VARIANT-01,python,VARIABLE_RENAME,dp_variant,G-ea7d15d8556b,AST_ONLY,1.0,0.7,True,True,True,1.2365,1.5,
VALIDATION-DP-VARIANT-01-NATURAL,validation,NATURAL_SIMILAR,VALIDATION-DP-VARIANT-01,python,NATURAL_TEMPLATE,dp_variant,G-ea7d15d8556b,AST_ONLY,0.741935,0.7,True,False,True,1.1988,1.6,
VALIDATION-DP-VARIANT-01-INDEPENDENT,validation,INDEPENDENT,VALIDATION-DP-VARIANT-01,python,INDEPENDENT_SOLUTION,dp_variant,G-ea7d15d8556b,AST_ONLY,0.192982,0.7,False,True,True,1.5635,1.7,
TEST-DP-VARIANT-01-RENAME,test,TRANSFORMED,TEST-DP-VARIANT-01,python,VARIABLE_RENAME,dp_variant,G-1bc17e655062,AST_ONLY,1.0,0.7,True,True,True,1.1512,1.6,
TEST-DP-VARIANT-01-NATURAL,test,NATURAL_SIMILAR,TEST-DP-VARIANT-01,python,NATURAL_TEMPLATE,dp_variant,G-1bc17e655062,AST_ONLY,0.741935,0.7,True,False,True,1.1366,1.2,
TEST-DP-VARIANT-01-INDEPENDENT,test,INDEPENDENT,TEST-DP-VARIANT-01,python,INDEPENDENT_SOLUTION,dp_variant,G-1bc17e655062,AST_ONLY,0.192982,0.7,False,True,True,1.4081,1.1,
TEST-DP-VARIANT-01-SUSPICIOUS-FORMAT,test,SUSPICIOUS,TEST-DP-VARIANT-01,python,FORMAT_COMMENT_CHANGE,dp_variant,G-1bc17e655062,AST_ONLY,1.0,0.7,True,True,True,1.1386,1.1,
SEED-VALIDATION-01-SIMPLE-IO-01-NATURAL_TEMPLATE,validation,NATURAL_SIMILAR,SEED-VALIDATION-01-SIMPLE-IO,python,NATURAL_TEMPLATE,simple_io,G-37eed964aaa4,AST_ONLY,1.0,0.7,True,False,True,0.6512,1.0,
SEED-VALIDATION-01-SIMPLE-IO-02-PARAMETER_RENAME,validation,TRANSFORMED,SEED-VALIDATION-01-SIMPLE-IO,python,PARAMETER_RENAME,simple_io,G-37eed964aaa4,AST_ONLY,1.0,0.7,True,True,True,0.6024,1.5,
SEED-VALIDATION-01-SIMPLE-IO-03-FORMAT_COMMENT_CHANGE,validation,TRANSFORMED,SEED-VALIDATION-01-SIMPLE-IO,java,FORMAT_COMMENT_CHANGE,simple_io,G-37eed964aaa4,AST_ONLY,1.0,0.7,True,True,True,1.1021,0.9,
SEED-VALIDATION-02-ARRAY-LOOP-01-VARIABLE_RENAME,validation,TRANSFORMED,SEED-VALIDATION-02-ARRAY-LOOP,java,VARIABLE_RENAME,array_loop,G-1f5ad99c3c54,AST_ONLY,1.0,0.7,True,True,True,1.3041,1.2,
SEED-VALIDATION-02-ARRAY-LOOP-02-LOCAL_REORDER,validation,TRANSFORMED,SEED-VALIDATION-02-ARRAY-LOOP,python,LOCAL_REORDER,array_loop,G-1f5ad99c3c54,AST_ONLY,0.806452,0.7,True,True,True,0.9535,0.9,
SEED-VALIDATION-02-ARRAY-LOOP-03-INDEPENDENT_SOLUTION,validation,INDEPENDENT,SEED-VALIDATION-02-ARRAY-LOOP,python,INDEPENDENT_SOLUTION,array_loop,G-1f5ad99c3c54,AST_ONLY,0.2,0.7,False,True,False,0.6919,0.9,Scope normalization is unavailable; weighted analysis fell back to raw tokens.
SEED-VALIDATION-03-SORT-TEMPLATE-01-FUNCTION_RENAME,validation,TRANSFORMED,SEED-VALIDATION-03-SORT-TEMPLATE,java,FUNCTION_RENAME,sort_template,G-f36d36dda4ce,AST_ONLY,1.0,0.7,True,True,True,1.2766,0.8,
SEED-VALIDATION-03-SORT-TEMPLATE-02-HUMAN_REWRITE,validation,SUSPICIOUS,SEED-VALIDATION-03-SORT-TEMPLATE,python,HUMAN_REWRITE,sort_template,G-f36d36dda4ce,AST_ONLY,0.076923,0.7,False,False,True,1.2202,0.9,
SEED-VALIDATION-03-SORT-TEMPLATE-03-COMMON_STRUCTURE,validation,INDEPENDENT,SEED-VALIDATION-03-SORT-TEMPLATE,python,COMMON_STRUCTURE,sort_template,G-f36d36dda4ce,AST_ONLY,0.16,0.7,False,True,True,1.423,0.9,
SEED-VALIDATION-04-STRING-PROCESSING-01-SPLIT_MERGE,validation,TRANSFORMED,SEED-VALIDATION-04-STRING-PROCESSING,python,SPLIT_MERGE,string_processing,G-a3a6560f116d,AST_ONLY,0.862069,0.7,True,True,True,0.9062,0.8,
SEED-VALIDATION-04-STRING-PROCESSING-02-UNSUPPORTED_SYNTAX,validation,TRANSFORMED,SEED-VALIDATION-04-STRING-PROCESSING,python,UNSUPPORTED_SYNTAX,string_processing,G-a3a6560f116d,AST_ONLY,0.631579,0.7,False,False,False,0.8221,1.0,Scope normalization is unavailable; weighted analysis fell back to raw tokens.
SEED-VALIDATION-05-DFS-GRAPH-02-VARIABLE_RENAME,validation,TRANSFORMED,SEED-VALIDATION-05-DFS-GRAPH,python,VARIABLE_RENAME,dfs_graph,G-a5d051fec4db,AST_ONLY,1.0,0.7,True,True,True,1.7749,1.1,
SEED-VALIDATION-05-DFS-GRAPH-03-NATURAL_TEMPLATE,validation,NATURAL_SIMILAR,SEED-VALIDATION-05-DFS-GRAPH,python,NATURAL_TEMPLATE,dfs_graph,G-a5d051fec4db,AST_ONLY,1.0,0.7,True,False,True,1.7091,0.8,
SEED-VALIDATION-06-BFS-GRAPH-01-HUMAN_REWRITE,validation,SUSPICIOUS,SEED-VALIDATION-06-BFS-GRAPH,python,HUMAN_REWRITE,bfs_graph,G-21cf422ad152,AST_ONLY,0.184211,0.7,False,False,False,1.3617,1.0,Scope normalization is unavailable; weighted analysis fell back to raw tokens.
SEED-VALIDATION-06-BFS-GRAPH-02-FUNCTION_RENAME,validation,TRANSFORMED,SEED-VALIDATION-06-BFS-GRAPH,python,FUNCTION_RENAME,bfs_graph,G-21cf422ad152,AST_ONLY,1.0,0.7,True,True,True,1.7198,0.9,
SEED-VALIDATION-06-BFS-GRAPH-03-INDEPENDENT_SOLUTION,validation,INDEPENDENT,SEED-VALIDATION-06-BFS-GRAPH,java,INDEPENDENT_SOLUTION,bfs_graph,G-21cf422ad152,AST_ONLY,0.230769,0.7,False,True,True,1.3368,0.9,
SEED-VALIDATION-07-DP-VARIANT-01-SPLIT_MERGE,validation,TRANSFORMED,SEED-VALIDATION-07-DP-VARIANT,python,SPLIT_MERGE,dp_variant,G-7a19db4fd5a2,AST_ONLY,0.787879,0.7,True,True,True,1.2889,0.9,
SEED-VALIDATION-07-DP-VARIANT-02-PARAMETER_RENAME,validation,TRANSFORMED,SEED-VALIDATION-07-DP-VARIANT,python,PARAMETER_RENAME,dp_variant,G-7a19db4fd5a2,AST_ONLY,1.0,0.7,True,True,True,1.2151,0.9,
SEED-VALIDATION-07-DP-VARIANT-03-COMMON_STRUCTURE,validation,INDEPENDENT,SEED-VALIDATION-07-DP-VARIANT,python,COMMON_STRUCTURE,dp_variant,G-7a19db4fd5a2,AST_ONLY,0.333333,0.7,False,True,True,0.9375,0.9,
SEED-VALIDATION-08-SIMULATION-01-LOCAL_REORDER,validation,TRANSFORMED,SEED-VALIDATION-08-SIMULATION,python,LOCAL_REORDER,simulation,G-59cdddf595d1,AST_ONLY,0.842105,0.7,True,True,True,1.1657,1.3,
SEED-TEST-01-SIMPLE-IO-01-HUMAN_REWRITE,test,SUSPICIOUS,SEED-TEST-01-SIMPLE-IO,python,HUMAN_REWRITE,simple_io,G-6bee25961fdf,AST_ONLY,0.107143,0.7,False,False,True,0.6431,0.8,
SEED-TEST-01-SIMPLE-IO-02-INDEPENDENT_SOLUTION,test,INDEPENDENT,SEED-TEST-01-SIMPLE-IO,java,INDEPENDENT_SOLUTION,simple_io,G-6bee25961fdf,AST_ONLY,0.0,0.7,False,True,True,0.9202,1.4,
SEED-TEST-02-ARRAY-LOOP-01-NATURAL_TEMPLATE,test,NATURAL_SIMILAR,SEED-TEST-02-ARRAY-LOOP,python,NATURAL_TEMPLATE,array_loop,G-a6ec091a67b7,AST_ONLY,1.0,0.7,True,False,True,0.8225,1.0,
SEED-TEST-02-ARRAY-LOOP-02-VARIABLE_RENAME,test,TRANSFORMED,SEED-TEST-02-ARRAY-LOOP,python,VARIABLE_RENAME,array_loop,G-a6ec091a67b7,AST_ONLY,1.0,0.7,True,True,True,0.7963,0.9,
SEED-TEST-02-ARRAY-LOOP-03-UNSUPPORTED_SYNTAX,test,TRANSFORMED,SEED-TEST-02-ARRAY-LOOP,python,UNSUPPORTED_SYNTAX,array_loop,G-a6ec091a67b7,AST_ONLY,0.641026,0.7,False,False,False,0.7887,1.1,Scope normalization is unavailable; weighted analysis fell back to raw tokens.
SEED-TEST-03-SORT-TEMPLATE-01-FORMAT_COMMENT_CHANGE,test,TRANSFORMED,SEED-TEST-03-SORT-TEMPLATE,python,FORMAT_COMMENT_CHANGE,sort_template,G-5a102d196ca4,AST_ONLY,1.0,0.7,True,True,True,2.0112,0.8,
SEED-TEST-03-SORT-TEMPLATE-02-LOCAL_REORDER,test,TRANSFORMED,SEED-TEST-03-SORT-TEMPLATE,python,LOCAL_REORDER,sort_template,G-5a102d196ca4,AST_ONLY,0.897059,0.7,True,True,True,2.1007,0.8,
SEED-TEST-04-STRING-PROCESSING-01-FUNCTION_RENAME,test,TRANSFORMED,SEED-TEST-04-STRING-PROCESSING,python,FUNCTION_RENAME,string_processing,G-309c6f7637ad,AST_ONLY,1.0,0.7,True,True,True,0.8528,0.9,
SEED-TEST-04-STRING-PROCESSING-02-PARAMETER_RENAME,test,TRANSFORMED,SEED-TEST-04-STRING-PROCESSING,java,PARAMETER_RENAME,string_processing,G-309c6f7637ad,AST_ONLY,1.0,0.7,True,True,True,1.6608,0.8,
SEED-TEST-04-STRING-PROCESSING-03-COMMON_STRUCTURE,test,INDEPENDENT,SEED-TEST-04-STRING-PROCESSING,python,COMMON_STRUCTURE,string_processing,G-309c6f7637ad,AST_ONLY,0.515152,0.7,False,True,True,0.8286,0.8,
SEED-TEST-05-DFS-GRAPH-01-SPLIT_MERGE,test,TRANSFORMED,SEED-TEST-05-DFS-GRAPH,python,SPLIT_MERGE,dfs_graph,G-0aa256ed50ef,AST_ONLY,0.875,0.7,True,True,True,1.9087,0.8,
SEED-TEST-05-DFS-GRAPH-02-HUMAN_REWRITE,test,SUSPICIOUS,SEED-TEST-05-DFS-GRAPH,python,HUMAN_REWRITE,dfs_graph,G-0aa256ed50ef,AST_ONLY,0.118421,0.7,False,False,False,1.3809,0.9,Scope normalization is unavailable; weighted analysis fell back to raw tokens.
SEED-TEST-05-DFS-GRAPH-03-NATURAL_TEMPLATE,test,NATURAL_SIMILAR,SEED-TEST-05-DFS-GRAPH,python,NATURAL_TEMPLATE,dfs_graph,G-0aa256ed50ef,AST_ONLY,1.0,0.7,True,False,True,1.8121,0.8,
SEED-TEST-06-BFS-GRAPH-02-COMMON_STRUCTURE,test,INDEPENDENT,SEED-TEST-06-BFS-GRAPH,python,COMMON_STRUCTURE,bfs_graph,G-c4feb47ceaf4,AST_ONLY,0.212121,0.7,False,True,True,1.2689,0.9,
SEED-TEST-06-BFS-GRAPH-03-UNSUPPORTED_SYNTAX,test,TRANSFORMED,SEED-TEST-06-BFS-GRAPH,python,UNSUPPORTED_SYNTAX,bfs_graph,G-c4feb47ceaf4,AST_ONLY,0.80597,0.7,True,True,False,1.6591,1.1,Scope normalization is unavailable; weighted analysis fell back to raw tokens.
SEED-TEST-07-DP-VARIANT-01-VARIABLE_RENAME,test,TRANSFORMED,SEED-TEST-07-DP-VARIANT,java,VARIABLE_RENAME,dp_variant,G-8ead3e4ae352,AST_ONLY,1.0,0.7,True,True,True,1.2897,1.0,
SEED-TEST-07-DP-VARIANT-02-FORMAT_COMMENT_CHANGE,test,TRANSFORMED,SEED-TEST-07-DP-VARIANT,python,FORMAT_COMMENT_CHANGE,dp_variant,G-8ead3e4ae352,AST_ONLY,1.0,0.7,True,True,True,1.0908,0.9,
SEED-TEST-07-DP-VARIANT-03-INDEPENDENT_SOLUTION,test,INDEPENDENT,SEED-TEST-07-DP-VARIANT,python,INDEPENDENT_SOLUTION,dp_variant,G-8ead3e4ae352,AST_ONLY,0.347826,0.7,False,True,False,1.0047,0.9,Scope normalization is unavailable; weighted analysis fell back to raw tokens.
SEED-TEST-08-SIMULATION-01-LOCAL_REORDER,test,TRANSFORMED,SEED-TEST-08-SIMULATION,java,LOCAL_REORDER,simulation,G-12846af3e054,AST_ONLY,1.0,0.7,True,True,True,1.3639,0.9,
SEED-TEST-08-SIMULATION-02-SPLIT_MERGE,test,TRANSFORMED,SEED-TEST-08-SIMULATION,python,SPLIT_MERGE,simulation,G-12846af3e054,AST_ONLY,0.761905,0.7,True,True,True,1.1275,0.9,
VALIDATION-SIMPLE-IO-01-RENAME,validation,TRANSFORMED,VALIDATION-SIMPLE-IO-01,python,PARAMETER_RENAME,simple_io,G-314b9ce84860,CANONICAL_ONLY,1.0,1.0,True,True,True,1.2203,1.0,
VALIDATION-SIMPLE-IO-01-NATURAL,validation,NATURAL_SIMILAR,VALIDATION-SIMPLE-IO-01,python,NATURAL_TEMPLATE,simple_io,G-314b9ce84860,CANONICAL_ONLY,0.647059,1.0,False,True,True,0.6566,0.9,
VALIDATION-SIMPLE-IO-01-INDEPENDENT,validation,INDEPENDENT,VALIDATION-SIMPLE-IO-01,python,INDEPENDENT_SOLUTION,simple_io,G-314b9ce84860,CANONICAL_ONLY,0.315789,1.0,False,True,True,0.5473,0.9,
TEST-SIMPLE-IO-01-RENAME,test,TRANSFORMED,TEST-SIMPLE-IO-01,python,PARAMETER_RENAME,simple_io,G-8b1eb27d8463,CANONICAL_ONLY,1.0,1.0,True,True,True,0.5562,0.9,
TEST-SIMPLE-IO-01-NATURAL,test,NATURAL_SIMILAR,TEST-SIMPLE-IO-01,python,NATURAL_TEMPLATE,simple_io,G-8b1eb27d8463,CANONICAL_ONLY,0.647059,1.0,False,True,True,0.5855,0.8,
TEST-SIMPLE-IO-01-INDEPENDENT,test,INDEPENDENT,TEST-SIMPLE-IO-01,python,INDEPENDENT_SOLUTION,simple_io,G-8b1eb27d8463,CANONICAL_ONLY,0.315789,1.0,False,True,True,0.6006,0.9,
TEST-SIMPLE-IO-01-SUSPICIOUS-FORMAT,test,SUSPICIOUS,TEST-SIMPLE-IO-01,python,FORMAT_COMMENT_CHANGE,simple_io,G-8b1eb27d8463,CANONICAL_ONLY,1.0,1.0,True,True,True,0.5582,0.9,
VALIDATION-ARRAY-LOOP-01-RENAME,validation,TRANSFORMED,VALIDATION-ARRAY-LOOP-01,python,VARIABLE_RENAME,array_loop,G-757a3bd8c3b8,CANONICAL_ONLY,1.0,1.0,True,True,True,0.8537,0.9,
VALIDATION-ARRAY-LOOP-01-NATURAL,validation,NATURAL_SIMILAR,VALIDATION-ARRAY-LOOP-01,python,NATURAL_TEMPLATE,array_loop,G-757a3bd8c3b8,CANONICAL_ONLY,0.451613,1.0,False,True,True,0.8106,0.8,
VALIDATION-ARRAY-LOOP-01-INDEPENDENT,validation,INDEPENDENT,VALIDATION-ARRAY-LOOP-01,python,INDEPENDENT_SOLUTION,array_loop,G-757a3bd8c3b8,CANONICAL_ONLY,0.108108,1.0,False,True,True,0.7392,0.9,
TEST-ARRAY-LOOP-01-RENAME,test,TRANSFORMED,TEST-ARRAY-LOOP-01,python,VARIABLE_RENAME,array_loop,G-d2407dbc1a72,CANONICAL_ONLY,1.0,1.0,True,True,True,0.7823,0.9,
TEST-ARRAY-LOOP-01-NATURAL,test,NATURAL_SIMILAR,TEST-ARRAY-LOOP-01,python,NATURAL_TEMPLATE,array_loop,G-d2407dbc1a72,CANONICAL_ONLY,0.451613,1.0,False,True,True,0.7981,0.9,
TEST-ARRAY-LOOP-01-INDEPENDENT,test,INDEPENDENT,TEST-ARRAY-LOOP-01,python,INDEPENDENT_SOLUTION,array_loop,G-d2407dbc1a72,CANONICAL_ONLY,0.108108,1.0,False,True,True,0.7543,0.8,
TEST-ARRAY-LOOP-01-SUSPICIOUS-FORMAT,test,SUSPICIOUS,TEST-ARRAY-LOOP-01,python,FORMAT_COMMENT_CHANGE,array_loop,G-d2407dbc1a72,CANONICAL_ONLY,1.0,1.0,True,True,True,0.7886,0.9,
VALIDATION-SORT-TEMPLATE-01-RENAME,validation,TRANSFORMED,VALIDATION-SORT-TEMPLATE-01,python,FUNCTION_RENAME,sort_template,G-4bed6eba3770,CANONICAL_ONLY,1.0,1.0,True,True,True,1.9827,0.8,
VALIDATION-SORT-TEMPLATE-01-NATURAL,validation,NATURAL_SIMILAR,VALIDATION-SORT-TEMPLATE-01,python,NATURAL_TEMPLATE,sort_template,G-4bed6eba3770,CANONICAL_ONLY,0.890625,1.0,False,True,True,2.007,0.9,
VALIDATION-SORT-TEMPLATE-01-INDEPENDENT,validation,INDEPENDENT,VALIDATION-SORT-TEMPLATE-01,python,INDEPENDENT_SOLUTION,sort_template,G-4bed6eba3770,CANONICAL_ONLY,0.0625,1.0,False,True,True,1.1921,1.1,
TEST-SORT-TEMPLATE-01-RENAME,test,TRANSFORMED,TEST-SORT-TEMPLATE-01,python,FUNCTION_RENAME,sort_template,G-1df5b9b2b1b6,CANONICAL_ONLY,1.0,1.0,True,True,True,1.9822,0.9,
TEST-SORT-TEMPLATE-01-NATURAL,test,NATURAL_SIMILAR,TEST-SORT-TEMPLATE-01,python,NATURAL_TEMPLATE,sort_template,G-1df5b9b2b1b6,CANONICAL_ONLY,0.890625,1.0,False,True,True,2.1706,1.0,
TEST-SORT-TEMPLATE-01-INDEPENDENT,test,INDEPENDENT,TEST-SORT-TEMPLATE-01,python,INDEPENDENT_SOLUTION,sort_template,G-1df5b9b2b1b6,CANONICAL_ONLY,0.0625,1.0,False,True,True,1.1775,0.9,
TEST-SORT-TEMPLATE-01-SUSPICIOUS-FORMAT,test,SUSPICIOUS,TEST-SORT-TEMPLATE-01,python,FORMAT_COMMENT_CHANGE,sort_template,G-1df5b9b2b1b6,CANONICAL_ONLY,1.0,1.0,True,True,True,1.956,0.9,
VALIDATION-DFS-GRAPH-01-RENAME,validation,TRANSFORMED,VALIDATION-DFS-GRAPH-01,python,PARAMETER_RENAME,dfs_graph,G-2d763db84780,CANONICAL_ONLY,1.0,1.0,True,True,True,1.5236,0.9,
VALIDATION-DFS-GRAPH-01-NATURAL,validation,NATURAL_SIMILAR,VALIDATION-DFS-GRAPH-01,python,NATURAL_TEMPLATE,dfs_graph,G-2d763db84780,CANONICAL_ONLY,0.816667,1.0,False,True,True,1.6621,0.8,
VALIDATION-DFS-GRAPH-01-INDEPENDENT,validation,INDEPENDENT,VALIDATION-DFS-GRAPH-01,python,INDEPENDENT_SOLUTION,dfs_graph,G-2d763db84780,CANONICAL_ONLY,0.09375,1.0,False,True,True,1.4554,1.0,
TEST-DFS-GRAPH-01-RENAME,test,TRANSFORMED,TEST-DFS-GRAPH-01,python,PARAMETER_RENAME,dfs_graph,G-58c393589490,CANONICAL_ONLY,1.0,1.0,True,True,True,1.5291,0.8,
TEST-DFS-GRAPH-01-NATURAL,test,NATURAL_SIMILAR,TEST-DFS-GRAPH-01,python,NATURAL_TEMPLATE,dfs_graph,G-58c393589490,CANONICAL_ONLY,0.816667,1.0,False,True,True,1.5814,0.9,
TEST-DFS-GRAPH-01-INDEPENDENT,test,INDEPENDENT,TEST-DFS-GRAPH-01,python,INDEPENDENT_SOLUTION,dfs_graph,G-58c393589490,CANONICAL_ONLY,0.09375,1.0,False,True,True,1.5393,1.1,
TEST-DFS-GRAPH-01-SUSPICIOUS-FORMAT,test,SUSPICIOUS,TEST-DFS-GRAPH-01,python,FORMAT_COMMENT_CHANGE,dfs_graph,G-58c393589490,CANONICAL_ONLY,1.0,1.0,True,True,True,1.5216,0.9,
VALIDATION-DP-VARIANT-01-RENAME,validation,TRANSFORMED,VALIDATION-DP-VARIANT-01,python,VARIABLE_RENAME,dp_variant,G-ea7d15d8556b,CANONICAL_ONLY,1.0,1.0,True,True,True,1.2365,0.9,
VALIDATION-DP-VARIANT-01-NATURAL,validation,NATURAL_SIMILAR,VALIDATION-DP-VARIANT-01,python,NATURAL_TEMPLATE,dp_variant,G-ea7d15d8556b,CANONICAL_ONLY,0.636364,1.0,False,True,True,1.1988,0.9,
VALIDATION-DP-VARIANT-01-INDEPENDENT,validation,INDEPENDENT,VALIDATION-DP-VARIANT-01,python,INDEPENDENT_SOLUTION,dp_variant,G-ea7d15d8556b,CANONICAL_ONLY,0.072289,1.0,False,True,True,1.5635,0.9,
TEST-DP-VARIANT-01-RENAME,test,TRANSFORMED,TEST-DP-VARIANT-01,python,VARIABLE_RENAME,dp_variant,G-1bc17e655062,CANONICAL_ONLY,1.0,1.0,True,True,True,1.1512,0.9,
TEST-DP-VARIANT-01-NATURAL,test,NATURAL_SIMILAR,TEST-DP-VARIANT-01,python,NATURAL_TEMPLATE,dp_variant,G-1bc17e655062,CANONICAL_ONLY,0.636364,1.0,False,True,True,1.1366,0.9,
TEST-DP-VARIANT-01-INDEPENDENT,test,INDEPENDENT,TEST-DP-VARIANT-01,python,INDEPENDENT_SOLUTION,dp_variant,G-1bc17e655062,CANONICAL_ONLY,0.072289,1.0,False,True,True,1.4081,0.9,
TEST-DP-VARIANT-01-SUSPICIOUS-FORMAT,test,SUSPICIOUS,TEST-DP-VARIANT-01,python,FORMAT_COMMENT_CHANGE,dp_variant,G-1bc17e655062,CANONICAL_ONLY,1.0,1.0,True,True,True,1.1386,0.8,
SEED-VALIDATION-01-SIMPLE-IO-01-NATURAL_TEMPLATE,validation,NATURAL_SIMILAR,SEED-VALIDATION-01-SIMPLE-IO,python,NATURAL_TEMPLATE,simple_io,G-37eed964aaa4,CANONICAL_ONLY,0.777778,1.0,False,True,True,0.6512,0.9,
SEED-VALIDATION-01-SIMPLE-IO-02-PARAMETER_RENAME,validation,TRANSFORMED,SEED-VALIDATION-01-SIMPLE-IO,python,PARAMETER_RENAME,simple_io,G-37eed964aaa4,CANONICAL_ONLY,1.0,1.0,True,True,True,0.6024,0.9,
SEED-VALIDATION-01-SIMPLE-IO-03-FORMAT_COMMENT_CHANGE,validation,TRANSFORMED,SEED-VALIDATION-01-SIMPLE-IO,java,FORMAT_COMMENT_CHANGE,simple_io,G-37eed964aaa4,CANONICAL_ONLY,1.0,1.0,True,True,True,1.1021,0.8,
SEED-VALIDATION-02-ARRAY-LOOP-01-VARIABLE_RENAME,validation,TRANSFORMED,SEED-VALIDATION-02-ARRAY-LOOP,java,VARIABLE_RENAME,array_loop,G-1f5ad99c3c54,CANONICAL_ONLY,1.0,1.0,True,True,True,1.3041,0.8,
SEED-VALIDATION-02-ARRAY-LOOP-02-LOCAL_REORDER,validation,TRANSFORMED,SEED-VALIDATION-02-ARRAY-LOOP,python,LOCAL_REORDER,array_loop,G-1f5ad99c3c54,CANONICAL_ONLY,0.785714,1.0,False,False,True,0.9535,0.8,
SEED-VALIDATION-02-ARRAY-LOOP-03-INDEPENDENT_SOLUTION,validation,INDEPENDENT,SEED-VALIDATION-02-ARRAY-LOOP,python,INDEPENDENT_SOLUTION,array_loop,G-1f5ad99c3c54,CANONICAL_ONLY,,1.0,,,False,0.6919,0.8,Scope normalization is unavailable; weighted analysis fell back to raw tokens.
SEED-VALIDATION-03-SORT-TEMPLATE-01-FUNCTION_RENAME,validation,TRANSFORMED,SEED-VALIDATION-03-SORT-TEMPLATE,java,FUNCTION_RENAME,sort_template,G-f36d36dda4ce,CANONICAL_ONLY,1.0,1.0,True,True,True,1.2766,1.0,
SEED-VALIDATION-03-SORT-TEMPLATE-02-HUMAN_REWRITE,validation,SUSPICIOUS,SEED-VALIDATION-03-SORT-TEMPLATE,python,HUMAN_REWRITE,sort_template,G-f36d36dda4ce,CANONICAL_ONLY,0.0625,1.0,False,False,True,1.2202,0.9,
SEED-VALIDATION-03-SORT-TEMPLATE-03-COMMON_STRUCTURE,validation,INDEPENDENT,SEED-VALIDATION-03-SORT-TEMPLATE,python,COMMON_STRUCTURE,sort_template,G-f36d36dda4ce,CANONICAL_ONLY,0.093333,1.0,False,True,True,1.423,0.9,
SEED-VALIDATION-04-STRING-PROCESSING-01-SPLIT_MERGE,validation,TRANSFORMED,SEED-VALIDATION-04-STRING-PROCESSING,python,SPLIT_MERGE,string_processing,G-a3a6560f116d,CANONICAL_ONLY,0.2,1.0,False,False,True,0.9062,0.9,
SEED-VALIDATION-04-STRING-PROCESSING-02-UNSUPPORTED_SYNTAX,validation,TRANSFORMED,SEED-VALIDATION-04-STRING-PROCESSING,python,UNSUPPORTED_SYNTAX,string_processing,G-a3a6560f116d,CANONICAL_ONLY,,1.0,,,False,0.8221,0.7,Scope normalization is unavailable; weighted analysis fell back to raw tokens.
SEED-VALIDATION-05-DFS-GRAPH-02-VARIABLE_RENAME,validation,TRANSFORMED,SEED-VALIDATION-05-DFS-GRAPH,python,VARIABLE_RENAME,dfs_graph,G-a5d051fec4db,CANONICAL_ONLY,1.0,1.0,True,True,True,1.7749,1.0,
SEED-VALIDATION-05-DFS-GRAPH-03-NATURAL_TEMPLATE,validation,NATURAL_SIMILAR,SEED-VALIDATION-05-DFS-GRAPH,python,NATURAL_TEMPLATE,dfs_graph,G-a5d051fec4db,CANONICAL_ONLY,0.9375,1.0,False,True,True,1.7091,0.9,
SEED-VALIDATION-06-BFS-GRAPH-01-HUMAN_REWRITE,validation,SUSPICIOUS,SEED-VALIDATION-06-BFS-GRAPH,python,HUMAN_REWRITE,bfs_graph,G-21cf422ad152,CANONICAL_ONLY,,1.0,,,False,1.3617,0.6,Scope normalization is unavailable; weighted analysis fell back to raw tokens.
SEED-VALIDATION-06-BFS-GRAPH-02-FUNCTION_RENAME,validation,TRANSFORMED,SEED-VALIDATION-06-BFS-GRAPH,python,FUNCTION_RENAME,bfs_graph,G-21cf422ad152,CANONICAL_ONLY,1.0,1.0,True,True,True,1.7198,0.8,
SEED-VALIDATION-06-BFS-GRAPH-03-INDEPENDENT_SOLUTION,validation,INDEPENDENT,SEED-VALIDATION-06-BFS-GRAPH,java,INDEPENDENT_SOLUTION,bfs_graph,G-21cf422ad152,CANONICAL_ONLY,0.157895,1.0,False,True,True,1.3368,0.9,
SEED-VALIDATION-07-DP-VARIANT-01-SPLIT_MERGE,validation,TRANSFORMED,SEED-VALIDATION-07-DP-VARIANT,python,SPLIT_MERGE,dp_variant,G-7a19db4fd5a2,CANONICAL_ONLY,0.084507,1.0,False,False,True,1.2889,0.8,
SEED-VALIDATION-07-DP-VARIANT-02-PARAMETER_RENAME,validation,TRANSFORMED,SEED-VALIDATION-07-DP-VARIANT,python,PARAMETER_RENAME,dp_variant,G-7a19db4fd5a2,CANONICAL_ONLY,1.0,1.0,True,True,True,1.2151,0.9,
SEED-VALIDATION-07-DP-VARIANT-03-COMMON_STRUCTURE,validation,INDEPENDENT,SEED-VALIDATION-07-DP-VARIANT,python,COMMON_STRUCTURE,dp_variant,G-7a19db4fd5a2,CANONICAL_ONLY,0.145833,1.0,False,True,True,0.9375,0.9,
SEED-VALIDATION-08-SIMULATION-01-LOCAL_REORDER,validation,TRANSFORMED,SEED-VALIDATION-08-SIMULATION,python,LOCAL_REORDER,simulation,G-59cdddf595d1,CANONICAL_ONLY,0.823529,1.0,False,False,True,1.1657,0.9,
SEED-TEST-01-SIMPLE-IO-01-HUMAN_REWRITE,test,SUSPICIOUS,SEED-TEST-01-SIMPLE-IO,python,HUMAN_REWRITE,simple_io,G-6bee25961fdf,CANONICAL_ONLY,0.25,1.0,False,False,True,0.6431,0.9,
SEED-TEST-01-SIMPLE-IO-02-INDEPENDENT_SOLUTION,test,INDEPENDENT,SEED-TEST-01-SIMPLE-IO,java,INDEPENDENT_SOLUTION,simple_io,G-6bee25961fdf,CANONICAL_ONLY,0.368421,1.0,False,True,True,0.9202,0.9,
SEED-TEST-02-ARRAY-LOOP-01-NATURAL_TEMPLATE,test,NATURAL_SIMILAR,SEED-TEST-02-ARRAY-LOOP,python,NATURAL_TEMPLATE,array_loop,G-a6ec091a67b7,CANONICAL_ONLY,1.0,1.0,True,False,True,0.8225,1.0,
SEED-TEST-02-ARRAY-LOOP-02-VARIABLE_RENAME,test,TRANSFORMED,SEED-TEST-02-ARRAY-LOOP,python,VARIABLE_RENAME,array_loop,G-a6ec091a67b7,CANONICAL_ONLY,1.0,1.0,True,True,True,0.7963,0.8,
SEED-TEST-02-ARRAY-LOOP-03-UNSUPPORTED_SYNTAX,test,TRANSFORMED,SEED-TEST-02-ARRAY-LOOP,python,UNSUPPORTED_SYNTAX,array_loop,G-a6ec091a67b7,CANONICAL_ONLY,,1.0,,,False,0.7887,0.6,Scope normalization is unavailable; weighted analysis fell back to raw tokens.
SEED-TEST-03-SORT-TEMPLATE-01-FORMAT_COMMENT_CHANGE,test,TRANSFORMED,SEED-TEST-03-SORT-TEMPLATE,python,FORMAT_COMMENT_CHANGE,sort_template,G-5a102d196ca4,CANONICAL_ONLY,1.0,1.0,True,True,True,2.0112,0.9,
SEED-TEST-03-SORT-TEMPLATE-02-LOCAL_REORDER,test,TRANSFORMED,SEED-TEST-03-SORT-TEMPLATE,python,LOCAL_REORDER,sort_template,G-5a102d196ca4,CANONICAL_ONLY,0.909091,1.0,False,False,True,2.1007,0.8,
SEED-TEST-04-STRING-PROCESSING-01-FUNCTION_RENAME,test,TRANSFORMED,SEED-TEST-04-STRING-PROCESSING,python,FUNCTION_RENAME,string_processing,G-309c6f7637ad,CANONICAL_ONLY,1.0,1.0,True,True,True,0.8528,0.9,
SEED-TEST-04-STRING-PROCESSING-02-PARAMETER_RENAME,test,TRANSFORMED,SEED-TEST-04-STRING-PROCESSING,java,PARAMETER_RENAME,string_processing,G-309c6f7637ad,CANONICAL_ONLY,1.0,1.0,True,True,True,1.6608,0.8,
SEED-TEST-04-STRING-PROCESSING-03-COMMON_STRUCTURE,test,INDEPENDENT,SEED-TEST-04-STRING-PROCESSING,python,COMMON_STRUCTURE,string_processing,G-309c6f7637ad,CANONICAL_ONLY,0.5,1.0,False,True,True,0.8286,0.9,
SEED-TEST-05-DFS-GRAPH-01-SPLIT_MERGE,test,TRANSFORMED,SEED-TEST-05-DFS-GRAPH,python,SPLIT_MERGE,dfs_graph,G-0aa256ed50ef,CANONICAL_ONLY,0.090164,1.0,False,False,True,1.9087,0.8,
SEED-TEST-05-DFS-GRAPH-02-HUMAN_REWRITE,test,SUSPICIOUS,SEED-TEST-05-DFS-GRAPH,python,HUMAN_REWRITE,dfs_graph,G-0aa256ed50ef,CANONICAL_ONLY,,1.0,,,False,1.3809,0.6,Scope normalization is unavailable; weighted analysis fell back to raw tokens.
SEED-TEST-05-DFS-GRAPH-03-NATURAL_TEMPLATE,test,NATURAL_SIMILAR,SEED-TEST-05-DFS-GRAPH,python,NATURAL_TEMPLATE,dfs_graph,G-0aa256ed50ef,CANONICAL_ONLY,0.9375,1.0,False,True,True,1.8121,0.9,
SEED-TEST-06-BFS-GRAPH-02-COMMON_STRUCTURE,test,INDEPENDENT,SEED-TEST-06-BFS-GRAPH,python,COMMON_STRUCTURE,bfs_graph,G-c4feb47ceaf4,CANONICAL_ONLY,0.051948,1.0,False,True,True,1.2689,0.9,
SEED-TEST-06-BFS-GRAPH-03-UNSUPPORTED_SYNTAX,test,TRANSFORMED,SEED-TEST-06-BFS-GRAPH,python,UNSUPPORTED_SYNTAX,bfs_graph,G-c4feb47ceaf4,CANONICAL_ONLY,,1.0,,,False,1.6591,0.6,Scope normalization is unavailable; weighted analysis fell back to raw tokens.
SEED-TEST-07-DP-VARIANT-01-VARIABLE_RENAME,test,TRANSFORMED,SEED-TEST-07-DP-VARIANT,java,VARIABLE_RENAME,dp_variant,G-8ead3e4ae352,CANONICAL_ONLY,1.0,1.0,True,True,True,1.2897,0.8,
SEED-TEST-07-DP-VARIANT-02-FORMAT_COMMENT_CHANGE,test,TRANSFORMED,SEED-TEST-07-DP-VARIANT,python,FORMAT_COMMENT_CHANGE,dp_variant,G-8ead3e4ae352,CANONICAL_ONLY,1.0,1.0,True,True,True,1.0908,0.9,
SEED-TEST-07-DP-VARIANT-03-INDEPENDENT_SOLUTION,test,INDEPENDENT,SEED-TEST-07-DP-VARIANT,python,INDEPENDENT_SOLUTION,dp_variant,G-8ead3e4ae352,CANONICAL_ONLY,,1.0,,,False,1.0047,0.6,Scope normalization is unavailable; weighted analysis fell back to raw tokens.
SEED-TEST-08-SIMULATION-01-LOCAL_REORDER,test,TRANSFORMED,SEED-TEST-08-SIMULATION,java,LOCAL_REORDER,simulation,G-12846af3e054,CANONICAL_ONLY,1.0,1.0,True,True,True,1.3639,0.8,
SEED-TEST-08-SIMULATION-02-SPLIT_MERGE,test,TRANSFORMED,SEED-TEST-08-SIMULATION,python,SPLIT_MERGE,simulation,G-12846af3e054,CANONICAL_ONLY,0.098361,1.0,False,False,True,1.1275,0.9,
VALIDATION-SIMPLE-IO-01-RENAME,validation,TRANSFORMED,VALIDATION-SIMPLE-IO-01,python,PARAMETER_RENAME,simple_io,G-314b9ce84860,MAPPING_ONLY,1.0,0.2,True,True,True,1.2203,1.0,
VALIDATION-SIMPLE-IO-01-NATURAL,validation,NATURAL_SIMILAR,VALIDATION-SIMPLE-IO-01,python,NATURAL_TEMPLATE,simple_io,G-314b9ce84860,MAPPING_ONLY,1.0,0.2,True,False,True,0.6566,1.0,
VALIDATION-SIMPLE-IO-01-INDEPENDENT,validation,INDEPENDENT,VALIDATION-SIMPLE-IO-01,python,INDEPENDENT_SOLUTION,simple_io,G-314b9ce84860,MAPPING_ONLY,0.75,0.2,True,False,True,0.5473,1.0,
TEST-SIMPLE-IO-01-RENAME,test,TRANSFORMED,TEST-SIMPLE-IO-01,python,PARAMETER_RENAME,simple_io,G-8b1eb27d8463,MAPPING_ONLY,1.0,0.2,True,True,True,0.5562,0.9,
TEST-SIMPLE-IO-01-NATURAL,test,NATURAL_SIMILAR,TEST-SIMPLE-IO-01,python,NATURAL_TEMPLATE,simple_io,G-8b1eb27d8463,MAPPING_ONLY,1.0,0.2,True,False,True,0.5855,0.9,
TEST-SIMPLE-IO-01-INDEPENDENT,test,INDEPENDENT,TEST-SIMPLE-IO-01,python,INDEPENDENT_SOLUTION,simple_io,G-8b1eb27d8463,MAPPING_ONLY,0.75,0.2,True,False,True,0.6006,0.9,
TEST-SIMPLE-IO-01-SUSPICIOUS-FORMAT,test,SUSPICIOUS,TEST-SIMPLE-IO-01,python,FORMAT_COMMENT_CHANGE,simple_io,G-8b1eb27d8463,MAPPING_ONLY,1.0,0.2,True,True,True,0.5582,0.8,
VALIDATION-ARRAY-LOOP-01-RENAME,validation,TRANSFORMED,VALIDATION-ARRAY-LOOP-01,python,VARIABLE_RENAME,array_loop,G-757a3bd8c3b8,MAPPING_ONLY,1.0,0.2,True,True,True,0.8537,0.9,
VALIDATION-ARRAY-LOOP-01-NATURAL,validation,NATURAL_SIMILAR,VALIDATION-ARRAY-LOOP-01,python,NATURAL_TEMPLATE,array_loop,G-757a3bd8c3b8,MAPPING_ONLY,1.0,0.2,True,False,True,0.8106,0.9,
VALIDATION-ARRAY-LOOP-01-INDEPENDENT,validation,INDEPENDENT,VALIDATION-ARRAY-LOOP-01,python,INDEPENDENT_SOLUTION,array_loop,G-757a3bd8c3b8,MAPPING_ONLY,0.5,0.2,True,False,True,0.7392,0.9,
TEST-ARRAY-LOOP-01-RENAME,test,TRANSFORMED,TEST-ARRAY-LOOP-01,python,VARIABLE_RENAME,array_loop,G-d2407dbc1a72,MAPPING_ONLY,1.0,0.2,True,True,True,0.7823,0.8,
TEST-ARRAY-LOOP-01-NATURAL,test,NATURAL_SIMILAR,TEST-ARRAY-LOOP-01,python,NATURAL_TEMPLATE,array_loop,G-d2407dbc1a72,MAPPING_ONLY,1.0,0.2,True,False,True,0.7981,0.9,
TEST-ARRAY-LOOP-01-INDEPENDENT,test,INDEPENDENT,TEST-ARRAY-LOOP-01,python,INDEPENDENT_SOLUTION,array_loop,G-d2407dbc1a72,MAPPING_ONLY,0.5,0.2,True,False,True,0.7543,0.8,
TEST-ARRAY-LOOP-01-SUSPICIOUS-FORMAT,test,SUSPICIOUS,TEST-ARRAY-LOOP-01,python,FORMAT_COMMENT_CHANGE,array_loop,G-d2407dbc1a72,MAPPING_ONLY,1.0,0.2,True,True,True,0.7886,0.9,
VALIDATION-SORT-TEMPLATE-01-RENAME,validation,TRANSFORMED,VALIDATION-SORT-TEMPLATE-01,python,FUNCTION_RENAME,sort_template,G-4bed6eba3770,MAPPING_ONLY,1.0,0.2,True,True,True,1.9827,0.9,
VALIDATION-SORT-TEMPLATE-01-NATURAL,validation,NATURAL_SIMILAR,VALIDATION-SORT-TEMPLATE-01,python,NATURAL_TEMPLATE,sort_template,G-4bed6eba3770,MAPPING_ONLY,1.0,0.2,True,False,True,2.007,0.8,
VALIDATION-SORT-TEMPLATE-01-INDEPENDENT,validation,INDEPENDENT,VALIDATION-SORT-TEMPLATE-01,python,INDEPENDENT_SOLUTION,sort_template,G-4bed6eba3770,MAPPING_ONLY,0.333333,0.2,True,False,True,1.1921,1.0,
TEST-SORT-TEMPLATE-01-RENAME,test,TRANSFORMED,TEST-SORT-TEMPLATE-01,python,FUNCTION_RENAME,sort_template,G-1df5b9b2b1b6,MAPPING_ONLY,1.0,0.2,True,True,True,1.9822,0.8,
TEST-SORT-TEMPLATE-01-NATURAL,test,NATURAL_SIMILAR,TEST-SORT-TEMPLATE-01,python,NATURAL_TEMPLATE,sort_template,G-1df5b9b2b1b6,MAPPING_ONLY,1.0,0.2,True,False,True,2.1706,0.9,
TEST-SORT-TEMPLATE-01-INDEPENDENT,test,INDEPENDENT,TEST-SORT-TEMPLATE-01,python,INDEPENDENT_SOLUTION,sort_template,G-1df5b9b2b1b6,MAPPING_ONLY,0.333333,0.2,True,False,True,1.1775,1.0,
TEST-SORT-TEMPLATE-01-SUSPICIOUS-FORMAT,test,SUSPICIOUS,TEST-SORT-TEMPLATE-01,python,FORMAT_COMMENT_CHANGE,sort_template,G-1df5b9b2b1b6,MAPPING_ONLY,1.0,0.2,True,True,True,1.956,0.9,
VALIDATION-DFS-GRAPH-01-RENAME,validation,TRANSFORMED,VALIDATION-DFS-GRAPH-01,python,PARAMETER_RENAME,dfs_graph,G-2d763db84780,MAPPING_ONLY,1.0,0.2,True,True,True,1.5236,0.9,
VALIDATION-DFS-GRAPH-01-NATURAL,validation,NATURAL_SIMILAR,VALIDATION-DFS-GRAPH-01,python,NATURAL_TEMPLATE,dfs_graph,G-2d763db84780,MAPPING_ONLY,1.0,0.2,True,False,True,1.6621,0.9,
VALIDATION-DFS-GRAPH-01-INDEPENDENT,validation,INDEPENDENT,VALIDATION-DFS-GRAPH-01,python,INDEPENDENT_SOLUTION,dfs_graph,G-2d763db84780,MAPPING_ONLY,0.5,0.2,True,False,True,1.4554,0.9,
TEST-DFS-GRAPH-01-RENAME,test,TRANSFORMED,TEST-DFS-GRAPH-01,python,PARAMETER_RENAME,dfs_graph,G-58c393589490,MAPPING_ONLY,1.0,0.2,True,True,True,1.5291,0.8,
TEST-DFS-GRAPH-01-NATURAL,test,NATURAL_SIMILAR,TEST-DFS-GRAPH-01,python,NATURAL_TEMPLATE,dfs_graph,G-58c393589490,MAPPING_ONLY,1.0,0.2,True,False,True,1.5814,0.9,
TEST-DFS-GRAPH-01-INDEPENDENT,test,INDEPENDENT,TEST-DFS-GRAPH-01,python,INDEPENDENT_SOLUTION,dfs_graph,G-58c393589490,MAPPING_ONLY,0.5,0.2,True,False,True,1.5393,0.9,
TEST-DFS-GRAPH-01-SUSPICIOUS-FORMAT,test,SUSPICIOUS,TEST-DFS-GRAPH-01,python,FORMAT_COMMENT_CHANGE,dfs_graph,G-58c393589490,MAPPING_ONLY,1.0,0.2,True,True,True,1.5216,0.9,
VALIDATION-DP-VARIANT-01-RENAME,validation,TRANSFORMED,VALIDATION-DP-VARIANT-01,python,VARIABLE_RENAME,dp_variant,G-ea7d15d8556b,MAPPING_ONLY,1.0,0.2,True,True,True,1.2365,0.9,
VALIDATION-DP-VARIANT-01-NATURAL,validation,NATURAL_SIMILAR,VALIDATION-DP-VARIANT-01,python,NATURAL_TEMPLATE,dp_variant,G-ea7d15d8556b,MAPPING_ONLY,1.0,0.2,True,False,True,1.1988,0.9,
VALIDATION-DP-VARIANT-01-INDEPENDENT,validation,INDEPENDENT,VALIDATION-DP-VARIANT-01,python,INDEPENDENT_SOLUTION,dp_variant,G-ea7d15d8556b,MAPPING_ONLY,0.5,0.2,True,False,True,1.5635,0.9,
TEST-DP-VARIANT-01-RENAME,test,TRANSFORMED,TEST-DP-VARIANT-01,python,VARIABLE_RENAME,dp_variant,G-1bc17e655062,MAPPING_ONLY,1.0,0.2,True,True,True,1.1512,0.9,
TEST-DP-VARIANT-01-NATURAL,test,NATURAL_SIMILAR,TEST-DP-VARIANT-01,python,NATURAL_TEMPLATE,dp_variant,G-1bc17e655062,MAPPING_ONLY,1.0,0.2,True,False,True,1.1366,0.9,
TEST-DP-VARIANT-01-INDEPENDENT,test,INDEPENDENT,TEST-DP-VARIANT-01,python,INDEPENDENT_SOLUTION,dp_variant,G-1bc17e655062,MAPPING_ONLY,0.5,0.2,True,False,True,1.4081,0.9,
TEST-DP-VARIANT-01-SUSPICIOUS-FORMAT,test,SUSPICIOUS,TEST-DP-VARIANT-01,python,FORMAT_COMMENT_CHANGE,dp_variant,G-1bc17e655062,MAPPING_ONLY,1.0,0.2,True,True,True,1.1386,0.9,
SEED-VALIDATION-01-SIMPLE-IO-01-NATURAL_TEMPLATE,validation,NATURAL_SIMILAR,SEED-VALIDATION-01-SIMPLE-IO,python,NATURAL_TEMPLATE,simple_io,G-37eed964aaa4,MAPPING_ONLY,1.0,0.2,True,False,True,0.6512,0.8,
SEED-VALIDATION-01-SIMPLE-IO-02-PARAMETER_RENAME,validation,TRANSFORMED,SEED-VALIDATION-01-SIMPLE-IO,python,PARAMETER_RENAME,simple_io,G-37eed964aaa4,MAPPING_ONLY,1.0,0.2,True,True,True,0.6024,0.9,
SEED-VALIDATION-01-SIMPLE-IO-03-FORMAT_COMMENT_CHANGE,validation,TRANSFORMED,SEED-VALIDATION-01-SIMPLE-IO,java,FORMAT_COMMENT_CHANGE,simple_io,G-37eed964aaa4,MAPPING_ONLY,1.0,0.2,True,True,True,1.1021,0.9,
SEED-VALIDATION-02-ARRAY-LOOP-01-VARIABLE_RENAME,validation,TRANSFORMED,SEED-VALIDATION-02-ARRAY-LOOP,java,VARIABLE_RENAME,array_loop,G-1f5ad99c3c54,MAPPING_ONLY,1.0,0.2,True,True,True,1.3041,0.8,
SEED-VALIDATION-02-ARRAY-LOOP-02-LOCAL_REORDER,validation,TRANSFORMED,SEED-VALIDATION-02-ARRAY-LOOP,python,LOCAL_REORDER,array_loop,G-1f5ad99c3c54,MAPPING_ONLY,0.666667,0.2,True,True,True,0.9535,0.8,
SEED-VALIDATION-02-ARRAY-LOOP-03-INDEPENDENT_SOLUTION,validation,INDEPENDENT,SEED-VALIDATION-02-ARRAY-LOOP,python,INDEPENDENT_SOLUTION,array_loop,G-1f5ad99c3c54,MAPPING_ONLY,,0.2,,,False,0.6919,0.7,Scope normalization is unavailable; weighted analysis fell back to raw tokens.
SEED-VALIDATION-03-SORT-TEMPLATE-01-FUNCTION_RENAME,validation,TRANSFORMED,SEED-VALIDATION-03-SORT-TEMPLATE,java,FUNCTION_RENAME,sort_template,G-f36d36dda4ce,MAPPING_ONLY,1.0,0.2,True,True,True,1.2766,0.9,
SEED-VALIDATION-03-SORT-TEMPLATE-02-HUMAN_REWRITE,validation,SUSPICIOUS,SEED-VALIDATION-03-SORT-TEMPLATE,python,HUMAN_REWRITE,sort_template,G-f36d36dda4ce,MAPPING_ONLY,0.333333,0.2,True,True,True,1.2202,0.9,
SEED-VALIDATION-03-SORT-TEMPLATE-03-COMMON_STRUCTURE,validation,INDEPENDENT,SEED-VALIDATION-03-SORT-TEMPLATE,python,COMMON_STRUCTURE,sort_template,G-f36d36dda4ce,MAPPING_ONLY,0.666667,0.2,True,False,True,1.423,0.8,
SEED-VALIDATION-04-STRING-PROCESSING-01-SPLIT_MERGE,validation,TRANSFORMED,SEED-VALIDATION-04-STRING-PROCESSING,python,SPLIT_MERGE,string_processing,G-a3a6560f116d,MAPPING_ONLY,0.333333,0.2,True,True,True,0.9062,0.9,
SEED-VALIDATION-04-STRING-PROCESSING-02-UNSUPPORTED_SYNTAX,validation,TRANSFORMED,SEED-VALIDATION-04-STRING-PROCESSING,python,UNSUPPORTED_SYNTAX,string_processing,G-a3a6560f116d,MAPPING_ONLY,,0.2,,,False,0.8221,0.6,Scope normalization is unavailable; weighted analysis fell back to raw tokens.
SEED-VALIDATION-05-DFS-GRAPH-02-VARIABLE_RENAME,validation,TRANSFORMED,SEED-VALIDATION-05-DFS-GRAPH,python,VARIABLE_RENAME,dfs_graph,G-a5d051fec4db,MAPPING_ONLY,1.0,0.2,True,True,True,1.7749,1.0,
SEED-VALIDATION-05-DFS-GRAPH-03-NATURAL_TEMPLATE,validation,NATURAL_SIMILAR,SEED-VALIDATION-05-DFS-GRAPH,python,NATURAL_TEMPLATE,dfs_graph,G-a5d051fec4db,MAPPING_ONLY,1.0,0.2,True,False,True,1.7091,1.0,
SEED-VALIDATION-06-BFS-GRAPH-01-HUMAN_REWRITE,validation,SUSPICIOUS,SEED-VALIDATION-06-BFS-GRAPH,python,HUMAN_REWRITE,bfs_graph,G-21cf422ad152,MAPPING_ONLY,,0.2,,,False,1.3617,0.6,Scope normalization is unavailable; weighted analysis fell back to raw tokens.
SEED-VALIDATION-06-BFS-GRAPH-02-FUNCTION_RENAME,validation,TRANSFORMED,SEED-VALIDATION-06-BFS-GRAPH,python,FUNCTION_RENAME,bfs_graph,G-21cf422ad152,MAPPING_ONLY,1.0,0.2,True,True,True,1.7198,0.9,
SEED-VALIDATION-06-BFS-GRAPH-03-INDEPENDENT_SOLUTION,validation,INDEPENDENT,SEED-VALIDATION-06-BFS-GRAPH,java,INDEPENDENT_SOLUTION,bfs_graph,G-21cf422ad152,MAPPING_ONLY,0.6,0.2,True,False,True,1.3368,0.9,
SEED-VALIDATION-07-DP-VARIANT-01-SPLIT_MERGE,validation,TRANSFORMED,SEED-VALIDATION-07-DP-VARIANT,python,SPLIT_MERGE,dp_variant,G-7a19db4fd5a2,MAPPING_ONLY,0.25,0.2,True,True,True,1.2889,0.9,
SEED-VALIDATION-07-DP-VARIANT-02-PARAMETER_RENAME,validation,TRANSFORMED,SEED-VALIDATION-07-DP-VARIANT,python,PARAMETER_RENAME,dp_variant,G-7a19db4fd5a2,MAPPING_ONLY,1.0,0.2,True,True,True,1.2151,1.0,
SEED-VALIDATION-07-DP-VARIANT-03-COMMON_STRUCTURE,validation,INDEPENDENT,SEED-VALIDATION-07-DP-VARIANT,python,COMMON_STRUCTURE,dp_variant,G-7a19db4fd5a2,MAPPING_ONLY,0.666667,0.2,True,False,True,0.9375,0.9,
SEED-VALIDATION-08-SIMULATION-01-LOCAL_REORDER,validation,TRANSFORMED,SEED-VALIDATION-08-SIMULATION,python,LOCAL_REORDER,simulation,G-59cdddf595d1,MAPPING_ONLY,0.666667,0.2,True,True,True,1.1657,0.8,
SEED-TEST-01-SIMPLE-IO-01-HUMAN_REWRITE,test,SUSPICIOUS,SEED-TEST-01-SIMPLE-IO,python,HUMAN_REWRITE,simple_io,G-6bee25961fdf,MAPPING_ONLY,0.75,0.2,True,True,True,0.6431,0.9,
SEED-TEST-01-SIMPLE-IO-02-INDEPENDENT_SOLUTION,test,INDEPENDENT,SEED-TEST-01-SIMPLE-IO,java,INDEPENDENT_SOLUTION,simple_io,G-6bee25961fdf,MAPPING_ONLY,0.8,0.2,True,False,True,0.9202,0.9,
SEED-TEST-02-ARRAY-LOOP-01-NATURAL_TEMPLATE,test,NATURAL_SIMILAR,SEED-TEST-02-ARRAY-LOOP,python,NATURAL_TEMPLATE,array_loop,G-a6ec091a67b7,MAPPING_ONLY,1.0,0.2,True,False,True,0.8225,0.9,
SEED-TEST-02-ARRAY-LOOP-02-VARIABLE_RENAME,test,TRANSFORMED,SEED-TEST-02-ARRAY-LOOP,python,VARIABLE_RENAME,array_loop,G-a6ec091a67b7,MAPPING_ONLY,1.0,0.2,True,True,True,0.7963,0.9,
SEED-TEST-02-ARRAY-LOOP-03-UNSUPPORTED_SYNTAX,test,TRANSFORMED,SEED-TEST-02-ARRAY-LOOP,python,UNSUPPORTED_SYNTAX,array_loop,G-a6ec091a67b7,MAPPING_ONLY,,0.2,,,False,0.7887,0.6,Scope normalization is unavailable; weighted analysis fell back to raw tokens.
SEED-TEST-03-SORT-TEMPLATE-01-FORMAT_COMMENT_CHANGE,test,TRANSFORMED,SEED-TEST-03-SORT-TEMPLATE,python,FORMAT_COMMENT_CHANGE,sort_template,G-5a102d196ca4,MAPPING_ONLY,1.0,0.2,True,True,True,2.0112,0.9,
SEED-TEST-03-SORT-TEMPLATE-02-LOCAL_REORDER,test,TRANSFORMED,SEED-TEST-03-SORT-TEMPLATE,python,LOCAL_REORDER,sort_template,G-5a102d196ca4,MAPPING_ONLY,0.75,0.2,True,True,True,2.1007,0.9,
SEED-TEST-04-STRING-PROCESSING-01-FUNCTION_RENAME,test,TRANSFORMED,SEED-TEST-04-STRING-PROCESSING,python,FUNCTION_RENAME,string_processing,G-309c6f7637ad,MAPPING_ONLY,1.0,0.2,True,True,True,0.8528,0.8,
SEED-TEST-04-STRING-PROCESSING-02-PARAMETER_RENAME,test,TRANSFORMED,SEED-TEST-04-STRING-PROCESSING,java,PARAMETER_RENAME,string_processing,G-309c6f7637ad,MAPPING_ONLY,1.0,0.2,True,True,True,1.6608,0.8,
SEED-TEST-04-STRING-PROCESSING-03-COMMON_STRUCTURE,test,INDEPENDENT,SEED-TEST-04-STRING-PROCESSING,python,COMMON_STRUCTURE,string_processing,G-309c6f7637ad,MAPPING_ONLY,1.0,0.2,True,False,True,0.8286,0.9,
SEED-TEST-05-DFS-GRAPH-01-SPLIT_MERGE,test,TRANSFORMED,SEED-TEST-05-DFS-GRAPH,python,SPLIT_MERGE,dfs_graph,G-0aa256ed50ef,MAPPING_ONLY,0.2,0.2,True,True,True,1.9087,0.8,
SEED-TEST-05-DFS-GRAPH-02-HUMAN_REWRITE,test,SUSPICIOUS,SEED-TEST-05-DFS-GRAPH,python,HUMAN_REWRITE,dfs_graph,G-0aa256ed50ef,MAPPING_ONLY,,0.2,,,False,1.3809,0.6,Scope normalization is unavailable; weighted analysis fell back to raw tokens.
SEED-TEST-05-DFS-GRAPH-03-NATURAL_TEMPLATE,test,NATURAL_SIMILAR,SEED-TEST-05-DFS-GRAPH,python,NATURAL_TEMPLATE,dfs_graph,G-0aa256ed50ef,MAPPING_ONLY,1.0,0.2,True,False,True,1.8121,0.9,
SEED-TEST-06-BFS-GRAPH-02-COMMON_STRUCTURE,test,INDEPENDENT,SEED-TEST-06-BFS-GRAPH,python,COMMON_STRUCTURE,bfs_graph,G-c4feb47ceaf4,MAPPING_ONLY,0.5,0.2,True,False,True,1.2689,0.9,
SEED-TEST-06-BFS-GRAPH-03-UNSUPPORTED_SYNTAX,test,TRANSFORMED,SEED-TEST-06-BFS-GRAPH,python,UNSUPPORTED_SYNTAX,bfs_graph,G-c4feb47ceaf4,MAPPING_ONLY,,0.2,,,False,1.6591,0.6,Scope normalization is unavailable; weighted analysis fell back to raw tokens.
SEED-TEST-07-DP-VARIANT-01-VARIABLE_RENAME,test,TRANSFORMED,SEED-TEST-07-DP-VARIANT,java,VARIABLE_RENAME,dp_variant,G-8ead3e4ae352,MAPPING_ONLY,1.0,0.2,True,True,True,1.2897,0.9,
SEED-TEST-07-DP-VARIANT-02-FORMAT_COMMENT_CHANGE,test,TRANSFORMED,SEED-TEST-07-DP-VARIANT,python,FORMAT_COMMENT_CHANGE,dp_variant,G-8ead3e4ae352,MAPPING_ONLY,1.0,0.2,True,True,True,1.0908,0.9,
SEED-TEST-07-DP-VARIANT-03-INDEPENDENT_SOLUTION,test,INDEPENDENT,SEED-TEST-07-DP-VARIANT,python,INDEPENDENT_SOLUTION,dp_variant,G-8ead3e4ae352,MAPPING_ONLY,,0.2,,,False,1.0047,0.6,Scope normalization is unavailable; weighted analysis fell back to raw tokens.
SEED-TEST-08-SIMULATION-01-LOCAL_REORDER,test,TRANSFORMED,SEED-TEST-08-SIMULATION,java,LOCAL_REORDER,simulation,G-12846af3e054,MAPPING_ONLY,1.0,0.2,True,True,True,1.3639,0.9,
SEED-TEST-08-SIMULATION-02-SPLIT_MERGE,test,TRANSFORMED,SEED-TEST-08-SIMULATION,python,SPLIT_MERGE,simulation,G-12846af3e054,MAPPING_ONLY,0.333333,0.2,True,True,True,1.1275,0.9,
VALIDATION-SIMPLE-IO-01-RENAME,validation,TRANSFORMED,VALIDATION-SIMPLE-IO-01,python,PARAMETER_RENAME,simple_io,G-314b9ce84860,RAW_AST_EQUAL,0.52,0.5,True,True,True,1.2203,1.2,
VALIDATION-SIMPLE-IO-01-NATURAL,validation,NATURAL_SIMILAR,VALIDATION-SIMPLE-IO-01,python,NATURAL_TEMPLATE,simple_io,G-314b9ce84860,RAW_AST_EQUAL,0.6235295000000001,0.5,True,False,True,0.6566,1.3,
VALIDATION-SIMPLE-IO-01-INDEPENDENT,validation,INDEPENDENT,VALIDATION-SIMPLE-IO-01,python,INDEPENDENT_SOLUTION,simple_io,G-314b9ce84860,RAW_AST_EQUAL,0.2178945,0.5,False,True,True,0.5473,1.2,
TEST-SIMPLE-IO-01-RENAME,test,TRANSFORMED,TEST-SIMPLE-IO-01,python,PARAMETER_RENAME,simple_io,G-8b1eb27d8463,RAW_AST_EQUAL,0.52,0.5,True,True,True,0.5562,1.2,
TEST-SIMPLE-IO-01-NATURAL,test,NATURAL_SIMILAR,TEST-SIMPLE-IO-01,python,NATURAL_TEMPLATE,simple_io,G-8b1eb27d8463,RAW_AST_EQUAL,0.6235295000000001,0.5,True,False,True,0.5855,1.2,
TEST-SIMPLE-IO-01-INDEPENDENT,test,INDEPENDENT,TEST-SIMPLE-IO-01,python,INDEPENDENT_SOLUTION,simple_io,G-8b1eb27d8463,RAW_AST_EQUAL,0.2178945,0.5,False,True,True,0.6006,1.2,
TEST-SIMPLE-IO-01-SUSPICIOUS-FORMAT,test,SUSPICIOUS,TEST-SIMPLE-IO-01,python,FORMAT_COMMENT_CHANGE,simple_io,G-8b1eb27d8463,RAW_AST_EQUAL,0.52,0.5,True,True,True,0.5582,1.1,
VALIDATION-ARRAY-LOOP-01-RENAME,validation,TRANSFORMED,VALIDATION-ARRAY-LOOP-01,python,VARIABLE_RENAME,array_loop,G-757a3bd8c3b8,RAW_AST_EQUAL,0.5365855,0.5,True,True,True,0.8537,1.1,
VALIDATION-ARRAY-LOOP-01-NATURAL,validation,NATURAL_SIMILAR,VALIDATION-ARRAY-LOOP-01,python,NATURAL_TEMPLATE,array_loop,G-757a3bd8c3b8,RAW_AST_EQUAL,0.455536,0.5,False,True,True,0.8106,1.1,
VALIDATION-ARRAY-LOOP-01-INDEPENDENT,validation,INDEPENDENT,VALIDATION-ARRAY-LOOP-01,python,INDEPENDENT_SOLUTION,array_loop,G-757a3bd8c3b8,RAW_AST_EQUAL,0.1181565,0.5,False,True,True,0.7392,1.2,
TEST-ARRAY-LOOP-01-RENAME,test,TRANSFORMED,TEST-ARRAY-LOOP-01,python,VARIABLE_RENAME,array_loop,G-d2407dbc1a72,RAW_AST_EQUAL,0.5365855,0.5,True,True,True,0.7823,1.1,
TEST-ARRAY-LOOP-01-NATURAL,test,NATURAL_SIMILAR,TEST-ARRAY-LOOP-01,python,NATURAL_TEMPLATE,array_loop,G-d2407dbc1a72,RAW_AST_EQUAL,0.455536,0.5,False,True,True,0.7981,1.1,
TEST-ARRAY-LOOP-01-INDEPENDENT,test,INDEPENDENT,TEST-ARRAY-LOOP-01,python,INDEPENDENT_SOLUTION,array_loop,G-d2407dbc1a72,RAW_AST_EQUAL,0.1181565,0.5,False,True,True,0.7543,1.1,
TEST-ARRAY-LOOP-01-SUSPICIOUS-FORMAT,test,SUSPICIOUS,TEST-ARRAY-LOOP-01,python,FORMAT_COMMENT_CHANGE,array_loop,G-d2407dbc1a72,RAW_AST_EQUAL,0.5365855,0.5,True,True,True,0.7886,1.2,
VALIDATION-SORT-TEMPLATE-01-RENAME,validation,TRANSFORMED,VALIDATION-SORT-TEMPLATE-01,python,FUNCTION_RENAME,sort_template,G-4bed6eba3770,RAW_AST_EQUAL,0.5714285,0.5,True,True,True,1.9827,1.2,
VALIDATION-SORT-TEMPLATE-01-NATURAL,validation,NATURAL_SIMILAR,VALIDATION-SORT-TEMPLATE-01,python,NATURAL_TEMPLATE,sort_template,G-4bed6eba3770,RAW_AST_EQUAL,0.90499,0.5,True,False,True,2.007,1.1,
VALIDATION-SORT-TEMPLATE-01-INDEPENDENT,validation,INDEPENDENT,VALIDATION-SORT-TEMPLATE-01,python,INDEPENDENT_SOLUTION,sort_template,G-4bed6eba3770,RAW_AST_EQUAL,0.06971150000000001,0.5,False,True,True,1.1921,1.3,
TEST-SORT-TEMPLATE-01-RENAME,test,TRANSFORMED,TEST-SORT-TEMPLATE-01,python,FUNCTION_RENAME,sort_template,G-1df5b9b2b1b6,RAW_AST_EQUAL,0.5504585,0.5,True,True,True,1.9822,1.2,
TEST-SORT-TEMPLATE-01-NATURAL,test,NATURAL_SIMILAR,TEST-SORT-TEMPLATE-01,python,NATURAL_TEMPLATE,sort_template,G-1df5b9b2b1b6,RAW_AST_EQUAL,0.90499,0.5,True,False,True,2.1706,1.0,
TEST-SORT-TEMPLATE-01-INDEPENDENT,test,INDEPENDENT,TEST-SORT-TEMPLATE-01,python,INDEPENDENT_SOLUTION,sort_template,G-1df5b9b2b1b6,RAW_AST_EQUAL,0.06971150000000001,0.5,False,True,True,1.1775,1.1,
TEST-SORT-TEMPLATE-01-SUSPICIOUS-FORMAT,test,SUSPICIOUS,TEST-SORT-TEMPLATE-01,python,FORMAT_COMMENT_CHANGE,sort_template,G-1df5b9b2b1b6,RAW_AST_EQUAL,0.5504585,0.5,True,True,True,1.956,1.1,
VALIDATION-DFS-GRAPH-01-RENAME,validation,TRANSFORMED,VALIDATION-DFS-GRAPH-01,python,PARAMETER_RENAME,dfs_graph,G-2d763db84780,RAW_AST_EQUAL,0.5353535,0.5,True,True,True,1.5236,1.2,
VALIDATION-DFS-GRAPH-01-NATURAL,validation,NATURAL_SIMILAR,VALIDATION-DFS-GRAPH-01,python,NATURAL_TEMPLATE,dfs_graph,G-2d763db84780,RAW_AST_EQUAL,0.8458335,0.5,True,False,True,1.6621,1.1,
VALIDATION-DFS-GRAPH-01-INDEPENDENT,validation,INDEPENDENT,VALIDATION-DFS-GRAPH-01,python,INDEPENDENT_SOLUTION,dfs_graph,G-2d763db84780,RAW_AST_EQUAL,0.3140255,0.5,False,True,True,1.4554,1.2,
TEST-DFS-GRAPH-01-RENAME,test,TRANSFORMED,TEST-DFS-GRAPH-01,python,PARAMETER_RENAME,dfs_graph,G-58c393589490,RAW_AST_EQUAL,0.5353535,0.5,True,True,True,1.5291,1.1,
TEST-DFS-GRAPH-01-NATURAL,test,NATURAL_SIMILAR,TEST-DFS-GRAPH-01,python,NATURAL_TEMPLATE,dfs_graph,G-58c393589490,RAW_AST_EQUAL,0.8458335,0.5,True,False,True,1.5814,1.1,
TEST-DFS-GRAPH-01-INDEPENDENT,test,INDEPENDENT,TEST-DFS-GRAPH-01,python,INDEPENDENT_SOLUTION,dfs_graph,G-58c393589490,RAW_AST_EQUAL,0.3140255,0.5,False,True,True,1.5393,1.2,
TEST-DFS-GRAPH-01-SUSPICIOUS-FORMAT,test,SUSPICIOUS,TEST-DFS-GRAPH-01,python,FORMAT_COMMENT_CHANGE,dfs_graph,G-58c393589490,RAW_AST_EQUAL,0.5353535,0.5,True,True,True,1.5216,1.2,
VALIDATION-DP-VARIANT-01-RENAME,validation,TRANSFORMED,VALIDATION-DP-VARIANT-01,python,VARIABLE_RENAME,dp_variant,G-ea7d15d8556b,RAW_AST_EQUAL,0.523077,0.5,True,True,True,1.2365,1.2,
VALIDATION-DP-VARIANT-01-NATURAL,validation,NATURAL_SIMILAR,VALIDATION-DP-VARIANT-01,python,NATURAL_TEMPLATE,dp_variant,G-ea7d15d8556b,RAW_AST_EQUAL,0.6891495000000001,0.5,True,False,True,1.1988,1.2,
VALIDATION-DP-VARIANT-01-INDEPENDENT,validation,INDEPENDENT,VALIDATION-DP-VARIANT-01,python,INDEPENDENT_SOLUTION,dp_variant,G-ea7d15d8556b,RAW_AST_EQUAL,0.1326355,0.5,False,True,True,1.5635,1.1,
TEST-DP-VARIANT-01-RENAME,test,TRANSFORMED,TEST-DP-VARIANT-01,python,VARIABLE_RENAME,dp_variant,G-1bc17e655062,RAW_AST_EQUAL,0.523077,0.5,True,True,True,1.1512,1.4,
TEST-DP-VARIANT-01-NATURAL,test,NATURAL_SIMILAR,TEST-DP-VARIANT-01,python,NATURAL_TEMPLATE,dp_variant,G-1bc17e655062,RAW_AST_EQUAL,0.6891495000000001,0.5,True,False,True,1.1366,1.1,
TEST-DP-VARIANT-01-INDEPENDENT,test,INDEPENDENT,TEST-DP-VARIANT-01,python,INDEPENDENT_SOLUTION,dp_variant,G-1bc17e655062,RAW_AST_EQUAL,0.1326355,0.5,False,True,True,1.4081,1.1,
TEST-DP-VARIANT-01-SUSPICIOUS-FORMAT,test,SUSPICIOUS,TEST-DP-VARIANT-01,python,FORMAT_COMMENT_CHANGE,dp_variant,G-1bc17e655062,RAW_AST_EQUAL,0.523077,0.5,True,True,True,1.1386,1.1,
SEED-VALIDATION-01-SIMPLE-IO-01-NATURAL_TEMPLATE,validation,NATURAL_SIMILAR,SEED-VALIDATION-01-SIMPLE-IO,python,NATURAL_TEMPLATE,simple_io,G-37eed964aaa4,RAW_AST_EQUAL,0.888889,0.5,True,False,True,0.6512,1.2,
SEED-VALIDATION-01-SIMPLE-IO-02-PARAMETER_RENAME,validation,TRANSFORMED,SEED-VALIDATION-01-SIMPLE-IO,python,PARAMETER_RENAME,simple_io,G-37eed964aaa4,RAW_AST_EQUAL,0.6,0.5,True,True,True,0.6024,1.2,
SEED-VALIDATION-01-SIMPLE-IO-03-FORMAT_COMMENT_CHANGE,validation,TRANSFORMED,SEED-VALIDATION-01-SIMPLE-IO,java,FORMAT_COMMENT_CHANGE,simple_io,G-37eed964aaa4,RAW_AST_EQUAL,1.0,0.5,True,True,True,1.1021,1.1,
SEED-VALIDATION-02-ARRAY-LOOP-01-VARIABLE_RENAME,validation,TRANSFORMED,SEED-VALIDATION-02-ARRAY-LOOP,java,VARIABLE_RENAME,array_loop,G-1f5ad99c3c54,RAW_AST_EQUAL,0.6451614999999999,0.5,True,True,True,1.3041,1.1,
SEED-VALIDATION-02-ARRAY-LOOP-02-LOCAL_REORDER,validation,TRANSFORMED,SEED-VALIDATION-02-ARRAY-LOOP,python,LOCAL_REORDER,array_loop,G-1f5ad99c3c54,RAW_AST_EQUAL,0.796083,0.5,True,True,True,0.9535,1.1,
SEED-VALIDATION-02-ARRAY-LOOP-03-INDEPENDENT_SOLUTION,validation,INDEPENDENT,SEED-VALIDATION-02-ARRAY-LOOP,python,INDEPENDENT_SOLUTION,array_loop,G-1f5ad99c3c54,RAW_AST_EQUAL,0.15000000000000002,0.5,False,True,False,0.6919,1.1,Scope normalization is unavailable; weighted analysis fell back to raw tokens.
SEED-VALIDATION-03-SORT-TEMPLATE-01-FUNCTION_RENAME,validation,TRANSFORMED,SEED-VALIDATION-03-SORT-TEMPLATE,java,FUNCTION_RENAME,sort_template,G-f36d36dda4ce,RAW_AST_EQUAL,0.9302325,0.5,True,True,True,1.2766,1.2,
SEED-VALIDATION-03-SORT-TEMPLATE-02-HUMAN_REWRITE,validation,SUSPICIOUS,SEED-VALIDATION-03-SORT-TEMPLATE,python,HUMAN_REWRITE,sort_template,G-f36d36dda4ce,RAW_AST_EQUAL,0.053613,0.5,False,False,True,1.2202,1.1,
SEED-VALIDATION-03-SORT-TEMPLATE-03-COMMON_STRUCTURE,validation,INDEPENDENT,SEED-VALIDATION-03-SORT-TEMPLATE,python,COMMON_STRUCTURE,sort_template,G-f36d36dda4ce,RAW_AST_EQUAL,0.0925,0.5,False,True,True,1.423,1.1,
SEED-VALIDATION-04-STRING-PROCESSING-01-SPLIT_MERGE,validation,TRANSFORMED,SEED-VALIDATION-04-STRING-PROCESSING,python,SPLIT_MERGE,string_processing,G-a3a6560f116d,RAW_AST_EQUAL,0.802002,0.5,True,True,True,0.9062,1.2,
SEED-VALIDATION-04-STRING-PROCESSING-02-UNSUPPORTED_SYNTAX,validation,TRANSFORMED,SEED-VALIDATION-04-STRING-PROCESSING,python,UNSUPPORTED_SYNTAX,string_processing,G-a3a6560f116d,RAW_AST_EQUAL,0.644361,0.5,True,True,False,0.8221,1.1,Scope normalization is unavailable; weighted analysis fell back to raw tokens.
SEED-VALIDATION-05-DFS-GRAPH-02-VARIABLE_RENAME,validation,TRANSFORMED,SEED-VALIDATION-05-DFS-GRAPH,python,VARIABLE_RENAME,dfs_graph,G-a5d051fec4db,RAW_AST_EQUAL,0.859155,0.5,True,True,True,1.7749,1.2,
SEED-VALIDATION-05-DFS-GRAPH-03-NATURAL_TEMPLATE,validation,NATURAL_SIMILAR,SEED-VALIDATION-05-DFS-GRAPH,python,NATURAL_TEMPLATE,dfs_graph,G-a5d051fec4db,RAW_AST_EQUAL,0.96875,0.5,True,False,True,1.7091,1.1,
SEED-VALIDATION-06-BFS-GRAPH-01-HUMAN_REWRITE,validation,SUSPICIOUS,SEED-VALIDATION-06-BFS-GRAPH,python,HUMAN_REWRITE,bfs_graph,G-21cf422ad152,RAW_AST_EQUAL,0.0921055,0.5,False,False,False,1.3617,1.1,Scope normalization is unavailable; weighted analysis fell back to raw tokens.
SEED-VALIDATION-06-BFS-GRAPH-02-FUNCTION_RENAME,validation,TRANSFORMED,SEED-VALIDATION-06-BFS-GRAPH,python,FUNCTION_RENAME,bfs_graph,G-21cf422ad152,RAW_AST_EQUAL,0.967213,0.5,True,True,True,1.7198,1.1,
SEED-VALIDATION-06-BFS-GRAPH-03-INDEPENDENT_SOLUTION,validation,INDEPENDENT,SEED-VALIDATION-06-BFS-GRAPH,java,INDEPENDENT_SOLUTION,bfs_graph,G-21cf422ad152,RAW_AST_EQUAL,0.186813,0.5,False,True,True,1.3368,1.1,
SEED-VALIDATION-07-DP-VARIANT-01-SPLIT_MERGE,validation,TRANSFORMED,SEED-VALIDATION-07-DP-VARIANT,python,SPLIT_MERGE,dp_variant,G-7a19db4fd5a2,RAW_AST_EQUAL,0.749495,0.5,True,True,True,1.2889,1.3,
SEED-VALIDATION-07-DP-VARIANT-02-PARAMETER_RENAME,validation,TRANSFORMED,SEED-VALIDATION-07-DP-VARIANT,python,PARAMETER_RENAME,dp_variant,G-7a19db4fd5a2,RAW_AST_EQUAL,0.8461540000000001,0.5,True,True,True,1.2151,1.3,
SEED-VALIDATION-07-DP-VARIANT-03-COMMON_STRUCTURE,validation,INDEPENDENT,SEED-VALIDATION-07-DP-VARIANT,python,COMMON_STRUCTURE,dp_variant,G-7a19db4fd5a2,RAW_AST_EQUAL,0.1955125,0.5,False,True,True,0.9375,1.3,
SEED-VALIDATION-08-SIMULATION-01-LOCAL_REORDER,validation,TRANSFORMED,SEED-VALIDATION-08-SIMULATION,python,LOCAL_REORDER,simulation,G-59cdddf595d1,RAW_AST_EQUAL,0.8328169999999999,0.5,True,True,True,1.1657,1.3,
SEED-TEST-01-SIMPLE-IO-01-HUMAN_REWRITE,test,SUSPICIOUS,SEED-TEST-01-SIMPLE-IO,python,HUMAN_REWRITE,simple_io,G-6bee25961fdf,RAW_AST_EQUAL,0.1304945,0.5,False,False,True,0.6431,1.1,
SEED-TEST-01-SIMPLE-IO-02-INDEPENDENT_SOLUTION,test,INDEPENDENT,SEED-TEST-01-SIMPLE-IO,java,INDEPENDENT_SOLUTION,simple_io,G-6bee25961fdf,RAW_AST_EQUAL,0.1842105,0.5,False,True,True,0.9202,1.2,
SEED-TEST-02-ARRAY-LOOP-01-NATURAL_TEMPLATE,test,NATURAL_SIMILAR,SEED-TEST-02-ARRAY-LOOP,python,NATURAL_TEMPLATE,array_loop,G-a6ec091a67b7,RAW_AST_EQUAL,1.0,0.5,True,False,True,0.8225,1.1,
SEED-TEST-02-ARRAY-LOOP-02-VARIABLE_RENAME,test,TRANSFORMED,SEED-TEST-02-ARRAY-LOOP,python,VARIABLE_RENAME,array_loop,G-a6ec091a67b7,RAW_AST_EQUAL,0.5365855,0.5,True,True,True,0.7963,1.1,
SEED-TEST-02-ARRAY-LOOP-03-UNSUPPORTED_SYNTAX,test,TRANSFORMED,SEED-TEST-02-ARRAY-LOOP,python,UNSUPPORTED_SYNTAX,array_loop,G-a6ec091a67b7,RAW_AST_EQUAL,0.6440425000000001,0.5,True,True,False,0.7887,1.2,Scope normalization is unavailable; weighted analysis fell back to raw tokens.
SEED-TEST-03-SORT-TEMPLATE-01-FORMAT_COMMENT_CHANGE,test,TRANSFORMED,SEED-TEST-03-SORT-TEMPLATE,python,FORMAT_COMMENT_CHANGE,sort_template,G-5a102d196ca4,RAW_AST_EQUAL,1.0,0.5,True,True,True,2.0112,1.1,
SEED-TEST-03-SORT-TEMPLATE-02-LOCAL_REORDER,test,TRANSFORMED,SEED-TEST-03-SORT-TEMPLATE,python,LOCAL_REORDER,sort_template,G-5a102d196ca4,RAW_AST_EQUAL,0.9030750000000001,0.5,True,True,True,2.1007,1.1,
SEED-TEST-04-STRING-PROCESSING-01-FUNCTION_RENAME,test,TRANSFORMED,SEED-TEST-04-STRING-PROCESSING,python,FUNCTION_RENAME,string_processing,G-309c6f7637ad,RAW_AST_EQUAL,0.9199999999999999,0.5,True,True,True,0.8528,1.2,
SEED-TEST-04-STRING-PROCESSING-02-PARAMETER_RENAME,test,TRANSFORMED,SEED-TEST-04-STRING-PROCESSING,java,PARAMETER_RENAME,string_processing,G-309c6f7637ad,RAW_AST_EQUAL,0.8615385,0.5,True,True,True,1.6608,1.2,
SEED-TEST-04-STRING-PROCESSING-03-COMMON_STRUCTURE,test,INDEPENDENT,SEED-TEST-04-STRING-PROCESSING,python,COMMON_STRUCTURE,string_processing,G-309c6f7637ad,RAW_AST_EQUAL,0.26893950000000005,0.5,False,True,True,0.8286,1.2,
SEED-TEST-05-DFS-GRAPH-01-SPLIT_MERGE,test,TRANSFORMED,SEED-TEST-05-DFS-GRAPH,python,SPLIT_MERGE,dfs_graph,G-0aa256ed50ef,RAW_AST_EQUAL,0.8484590000000001,0.5,True,True,True,1.9087,1.1,
SEED-TEST-05-DFS-GRAPH-02-HUMAN_REWRITE,test,SUSPICIOUS,SEED-TEST-05-DFS-GRAPH,python,HUMAN_REWRITE,dfs_graph,G-0aa256ed50ef,RAW_AST_EQUAL,0.0592105,0.5,False,False,False,1.3809,1.2,Scope normalization is unavailable; weighted analysis fell back to raw tokens.
SEED-TEST-05-DFS-GRAPH-03-NATURAL_TEMPLATE,test,NATURAL_SIMILAR,SEED-TEST-05-DFS-GRAPH,python,NATURAL_TEMPLATE,dfs_graph,G-0aa256ed50ef,RAW_AST_EQUAL,0.96875,0.5,True,False,True,1.8121,1.1,
SEED-TEST-06-BFS-GRAPH-02-COMMON_STRUCTURE,test,INDEPENDENT,SEED-TEST-06-BFS-GRAPH,python,COMMON_STRUCTURE,bfs_graph,G-c4feb47ceaf4,RAW_AST_EQUAL,0.1060605,0.5,False,True,True,1.2689,1.1,
SEED-TEST-06-BFS-GRAPH-03-UNSUPPORTED_SYNTAX,test,TRANSFORMED,SEED-TEST-06-BFS-GRAPH,python,UNSUPPORTED_SYNTAX,bfs_graph,G-c4feb47ceaf4,RAW_AST_EQUAL,0.818478,0.5,True,True,False,1.6591,1.2,Scope normalization is unavailable; weighted analysis fell back to raw tokens.
SEED-TEST-07-DP-VARIANT-01-VARIABLE_RENAME,test,TRANSFORMED,SEED-TEST-07-DP-VARIANT,java,VARIABLE_RENAME,dp_variant,G-8ead3e4ae352,RAW_AST_EQUAL,0.6451614999999999,0.5,True,True,True,1.2897,1.0,
SEED-TEST-07-DP-VARIANT-02-FORMAT_COMMENT_CHANGE,test,TRANSFORMED,SEED-TEST-07-DP-VARIANT,python,FORMAT_COMMENT_CHANGE,dp_variant,G-8ead3e4ae352,RAW_AST_EQUAL,1.0,0.5,True,True,True,1.0908,1.2,
SEED-TEST-07-DP-VARIANT-03-INDEPENDENT_SOLUTION,test,INDEPENDENT,SEED-TEST-07-DP-VARIANT,python,INDEPENDENT_SOLUTION,dp_variant,G-8ead3e4ae352,RAW_AST_EQUAL,0.21868900000000002,0.5,False,True,False,1.0047,1.2,Scope normalization is unavailable; weighted analysis fell back to raw tokens.
SEED-TEST-08-SIMULATION-01-LOCAL_REORDER,test,TRANSFORMED,SEED-TEST-08-SIMULATION,java,LOCAL_REORDER,simulation,G-12846af3e054,RAW_AST_EQUAL,1.0,0.5,True,True,True,1.3639,1.1,
SEED-TEST-08-SIMULATION-02-SPLIT_MERGE,test,TRANSFORMED,SEED-TEST-08-SIMULATION,python,SPLIT_MERGE,simulation,G-12846af3e054,RAW_AST_EQUAL,0.7184525,0.5,True,True,True,1.1275,1.1,
VALIDATION-SIMPLE-IO-01-RENAME,validation,TRANSFORMED,VALIDATION-SIMPLE-IO-01,python,PARAMETER_RENAME,simple_io,G-314b9ce84860,RAW_CANONICAL_EQUAL,0.52,0.3,True,True,True,1.2203,1.2,
VALIDATION-SIMPLE-IO-01-NATURAL,validation,NATURAL_SIMILAR,VALIDATION-SIMPLE-IO-01,python,NATURAL_TEMPLATE,simple_io,G-314b9ce84860,RAW_CANONICAL_EQUAL,0.647059,0.3,True,False,True,0.6566,1.2,
VALIDATION-SIMPLE-IO-01-INDEPENDENT,validation,INDEPENDENT,VALIDATION-SIMPLE-IO-01,python,INDEPENDENT_SOLUTION,simple_io,G-314b9ce84860,RAW_CANONICAL_EQUAL,0.315789,0.3,True,False,True,0.5473,1.2,
TEST-SIMPLE-IO-01-RENAME,test,TRANSFORMED,TEST-SIMPLE-IO-01,python,PARAMETER_RENAME,simple_io,G-8b1eb27d8463,RAW_CANONICAL_EQUAL,0.52,0.3,True,True,True,0.5562,1.2,
TEST-SIMPLE-IO-01-NATURAL,test,NATURAL_SIMILAR,TEST-SIMPLE-IO-01,python,NATURAL_TEMPLATE,simple_io,G-8b1eb27d8463,RAW_CANONICAL_EQUAL,0.647059,0.3,True,False,True,0.5855,1.1,
TEST-SIMPLE-IO-01-INDEPENDENT,test,INDEPENDENT,TEST-SIMPLE-IO-01,python,INDEPENDENT_SOLUTION,simple_io,G-8b1eb27d8463,RAW_CANONICAL_EQUAL,0.315789,0.3,True,False,True,0.6006,1.3,
TEST-SIMPLE-IO-01-SUSPICIOUS-FORMAT,test,SUSPICIOUS,TEST-SIMPLE-IO-01,python,FORMAT_COMMENT_CHANGE,simple_io,G-8b1eb27d8463,RAW_CANONICAL_EQUAL,0.52,0.3,True,True,True,0.5582,1.2,
VALIDATION-ARRAY-LOOP-01-RENAME,validation,TRANSFORMED,VALIDATION-ARRAY-LOOP-01,python,VARIABLE_RENAME,array_loop,G-757a3bd8c3b8,RAW_CANONICAL_EQUAL,0.5365855,0.3,True,True,True,0.8537,1.1,
VALIDATION-ARRAY-LOOP-01-NATURAL,validation,NATURAL_SIMILAR,VALIDATION-ARRAY-LOOP-01,python,NATURAL_TEMPLATE,array_loop,G-757a3bd8c3b8,RAW_CANONICAL_EQUAL,0.451613,0.3,True,False,True,0.8106,1.2,
VALIDATION-ARRAY-LOOP-01-INDEPENDENT,validation,INDEPENDENT,VALIDATION-ARRAY-LOOP-01,python,INDEPENDENT_SOLUTION,array_loop,G-757a3bd8c3b8,RAW_CANONICAL_EQUAL,0.108108,0.3,False,True,True,0.7392,1.2,
TEST-ARRAY-LOOP-01-RENAME,test,TRANSFORMED,TEST-ARRAY-LOOP-01,python,VARIABLE_RENAME,array_loop,G-d2407dbc1a72,RAW_CANONICAL_EQUAL,0.5365855,0.3,True,True,True,0.7823,1.1,
TEST-ARRAY-LOOP-01-NATURAL,test,NATURAL_SIMILAR,TEST-ARRAY-LOOP-01,python,NATURAL_TEMPLATE,array_loop,G-d2407dbc1a72,RAW_CANONICAL_EQUAL,0.451613,0.3,True,False,True,0.7981,1.1,
TEST-ARRAY-LOOP-01-INDEPENDENT,test,INDEPENDENT,TEST-ARRAY-LOOP-01,python,INDEPENDENT_SOLUTION,array_loop,G-d2407dbc1a72,RAW_CANONICAL_EQUAL,0.108108,0.3,False,True,True,0.7543,1.2,
TEST-ARRAY-LOOP-01-SUSPICIOUS-FORMAT,test,SUSPICIOUS,TEST-ARRAY-LOOP-01,python,FORMAT_COMMENT_CHANGE,array_loop,G-d2407dbc1a72,RAW_CANONICAL_EQUAL,0.5365855,0.3,True,True,True,0.7886,1.1,
VALIDATION-SORT-TEMPLATE-01-RENAME,validation,TRANSFORMED,VALIDATION-SORT-TEMPLATE-01,python,FUNCTION_RENAME,sort_template,G-4bed6eba3770,RAW_CANONICAL_EQUAL,0.5714285,0.3,True,True,True,1.9827,1.1,
VALIDATION-SORT-TEMPLATE-01-NATURAL,validation,NATURAL_SIMILAR,VALIDATION-SORT-TEMPLATE-01,python,NATURAL_TEMPLATE,sort_template,G-4bed6eba3770,RAW_CANONICAL_EQUAL,0.890625,0.3,True,False,True,2.007,1.1,
VALIDATION-SORT-TEMPLATE-01-INDEPENDENT,validation,INDEPENDENT,VALIDATION-SORT-TEMPLATE-01,python,INDEPENDENT_SOLUTION,sort_template,G-4bed6eba3770,RAW_CANONICAL_EQUAL,0.0625,0.3,False,True,True,1.1921,1.2,
TEST-SORT-TEMPLATE-01-RENAME,test,TRANSFORMED,TEST-SORT-TEMPLATE-01,python,FUNCTION_RENAME,sort_template,G-1df5b9b2b1b6,RAW_CANONICAL_EQUAL,0.5504585,0.3,True,True,True,1.9822,1.1,
TEST-SORT-TEMPLATE-01-NATURAL,test,NATURAL_SIMILAR,TEST-SORT-TEMPLATE-01,python,NATURAL_TEMPLATE,sort_template,G-1df5b9b2b1b6,RAW_CANONICAL_EQUAL,0.890625,0.3,True,False,True,2.1706,1.2,
TEST-SORT-TEMPLATE-01-INDEPENDENT,test,INDEPENDENT,TEST-SORT-TEMPLATE-01,python,INDEPENDENT_SOLUTION,sort_template,G-1df5b9b2b1b6,RAW_CANONICAL_EQUAL,0.0625,0.3,False,True,True,1.1775,1.1,
TEST-SORT-TEMPLATE-01-SUSPICIOUS-FORMAT,test,SUSPICIOUS,TEST-SORT-TEMPLATE-01,python,FORMAT_COMMENT_CHANGE,sort_template,G-1df5b9b2b1b6,RAW_CANONICAL_EQUAL,0.5504585,0.3,True,True,True,1.956,1.1,
VALIDATION-DFS-GRAPH-01-RENAME,validation,TRANSFORMED,VALIDATION-DFS-GRAPH-01,python,PARAMETER_RENAME,dfs_graph,G-2d763db84780,RAW_CANONICAL_EQUAL,0.5353535,0.3,True,True,True,1.5236,1.1,
VALIDATION-DFS-GRAPH-01-NATURAL,validation,NATURAL_SIMILAR,VALIDATION-DFS-GRAPH-01,python,NATURAL_TEMPLATE,dfs_graph,G-2d763db84780,RAW_CANONICAL_EQUAL,0.816667,0.3,True,False,True,1.6621,1.1,
VALIDATION-DFS-GRAPH-01-INDEPENDENT,validation,INDEPENDENT,VALIDATION-DFS-GRAPH-01,python,INDEPENDENT_SOLUTION,dfs_graph,G-2d763db84780,RAW_CANONICAL_EQUAL,0.1367625,0.3,False,True,True,1.4554,1.1,
TEST-DFS-GRAPH-01-RENAME,test,TRANSFORMED,TEST-DFS-GRAPH-01,python,PARAMETER_RENAME,dfs_graph,G-58c393589490,RAW_CANONICAL_EQUAL,0.5353535,0.3,True,True,True,1.5291,1.1,
TEST-DFS-GRAPH-01-NATURAL,test,NATURAL_SIMILAR,TEST-DFS-GRAPH-01,python,NATURAL_TEMPLATE,dfs_graph,G-58c393589490,RAW_CANONICAL_EQUAL,0.816667,0.3,True,False,True,1.5814,1.2,
TEST-DFS-GRAPH-01-INDEPENDENT,test,INDEPENDENT,TEST-DFS-GRAPH-01,python,INDEPENDENT_SOLUTION,dfs_graph,G-58c393589490,RAW_CANONICAL_EQUAL,0.1367625,0.3,False,True,True,1.5393,1.2,
TEST-DFS-GRAPH-01-SUSPICIOUS-FORMAT,test,SUSPICIOUS,TEST-DFS-GRAPH-01,python,FORMAT_COMMENT_CHANGE,dfs_graph,G-58c393589490,RAW_CANONICAL_EQUAL,0.5353535,0.3,True,True,True,1.5216,1.2,
VALIDATION-DP-VARIANT-01-RENAME,validation,TRANSFORMED,VALIDATION-DP-VARIANT-01,python,VARIABLE_RENAME,dp_variant,G-ea7d15d8556b,RAW_CANONICAL_EQUAL,0.523077,0.3,True,True,True,1.2365,1.2,
VALIDATION-DP-VARIANT-01-NATURAL,validation,NATURAL_SIMILAR,VALIDATION-DP-VARIANT-01,python,NATURAL_TEMPLATE,dp_variant,G-ea7d15d8556b,RAW_CANONICAL_EQUAL,0.636364,0.3,True,False,True,1.1988,1.1,
VALIDATION-DP-VARIANT-01-INDEPENDENT,validation,INDEPENDENT,VALIDATION-DP-VARIANT-01,python,INDEPENDENT_SOLUTION,dp_variant,G-ea7d15d8556b,RAW_CANONICAL_EQUAL,0.072289,0.3,False,True,True,1.5635,1.1,
TEST-DP-VARIANT-01-RENAME,test,TRANSFORMED,TEST-DP-VARIANT-01,python,VARIABLE_RENAME,dp_variant,G-1bc17e655062,RAW_CANONICAL_EQUAL,0.523077,0.3,True,True,True,1.1512,1.1,
TEST-DP-VARIANT-01-NATURAL,test,NATURAL_SIMILAR,TEST-DP-VARIANT-01,python,NATURAL_TEMPLATE,dp_variant,G-1bc17e655062,RAW_CANONICAL_EQUAL,0.636364,0.3,True,False,True,1.1366,1.1,
TEST-DP-VARIANT-01-INDEPENDENT,test,INDEPENDENT,TEST-DP-VARIANT-01,python,INDEPENDENT_SOLUTION,dp_variant,G-1bc17e655062,RAW_CANONICAL_EQUAL,0.072289,0.3,False,True,True,1.4081,1.1,
TEST-DP-VARIANT-01-SUSPICIOUS-FORMAT,test,SUSPICIOUS,TEST-DP-VARIANT-01,python,FORMAT_COMMENT_CHANGE,dp_variant,G-1bc17e655062,RAW_CANONICAL_EQUAL,0.523077,0.3,True,True,True,1.1386,1.2,
SEED-VALIDATION-01-SIMPLE-IO-01-NATURAL_TEMPLATE,validation,NATURAL_SIMILAR,SEED-VALIDATION-01-SIMPLE-IO,python,NATURAL_TEMPLATE,simple_io,G-37eed964aaa4,RAW_CANONICAL_EQUAL,0.777778,0.3,True,False,True,0.6512,1.2,
SEED-VALIDATION-01-SIMPLE-IO-02-PARAMETER_RENAME,validation,TRANSFORMED,SEED-VALIDATION-01-SIMPLE-IO,python,PARAMETER_RENAME,simple_io,G-37eed964aaa4,RAW_CANONICAL_EQUAL,0.6,0.3,True,True,True,0.6024,1.2,
SEED-VALIDATION-01-SIMPLE-IO-03-FORMAT_COMMENT_CHANGE,validation,TRANSFORMED,SEED-VALIDATION-01-SIMPLE-IO,java,FORMAT_COMMENT_CHANGE,simple_io,G-37eed964aaa4,RAW_CANONICAL_EQUAL,1.0,0.3,True,True,True,1.1021,1.1,
SEED-VALIDATION-02-ARRAY-LOOP-01-VARIABLE_RENAME,validation,TRANSFORMED,SEED-VALIDATION-02-ARRAY-LOOP,java,VARIABLE_RENAME,array_loop,G-1f5ad99c3c54,RAW_CANONICAL_EQUAL,0.6451614999999999,0.3,True,True,True,1.3041,1.1,
SEED-VALIDATION-02-ARRAY-LOOP-02-LOCAL_REORDER,validation,TRANSFORMED,SEED-VALIDATION-02-ARRAY-LOOP,python,LOCAL_REORDER,array_loop,G-1f5ad99c3c54,RAW_CANONICAL_EQUAL,0.785714,0.3,True,True,True,0.9535,1.1,
SEED-VALIDATION-02-ARRAY-LOOP-03-INDEPENDENT_SOLUTION,validation,INDEPENDENT,SEED-VALIDATION-02-ARRAY-LOOP,python,INDEPENDENT_SOLUTION,array_loop,G-1f5ad99c3c54,RAW_CANONICAL_EQUAL,,0.3,,,False,0.6919,0.7,Scope normalization is unavailable; weighted analysis fell back to raw tokens.
SEED-VALIDATION-03-SORT-TEMPLATE-01-FUNCTION_RENAME,validation,TRANSFORMED,SEED-VALIDATION-03-SORT-TEMPLATE,java,FUNCTION_RENAME,sort_template,G-f36d36dda4ce,RAW_CANONICAL_EQUAL,0.9302325,0.3,True,True,True,1.2766,1.2,
SEED-VALIDATION-03-SORT-TEMPLATE-02-HUMAN_REWRITE,validation,SUSPICIOUS,SEED-VALIDATION-03-SORT-TEMPLATE,python,HUMAN_REWRITE,sort_template,G-f36d36dda4ce,RAW_CANONICAL_EQUAL,0.0464015,0.3,False,False,True,1.2202,1.1,
SEED-VALIDATION-03-SORT-TEMPLATE-03-COMMON_STRUCTURE,validation,INDEPENDENT,SEED-VALIDATION-03-SORT-TEMPLATE,python,COMMON_STRUCTURE,sort_template,G-f36d36dda4ce,RAW_CANONICAL_EQUAL,0.0591665,0.3,False,True,True,1.423,1.2,
SEED-VALIDATION-04-STRING-PROCESSING-01-SPLIT_MERGE,validation,TRANSFORMED,SEED-VALIDATION-04-STRING-PROCESSING,python,SPLIT_MERGE,string_processing,G-a3a6560f116d,RAW_CANONICAL_EQUAL,0.4709675,0.3,True,True,True,0.9062,1.1,
SEED-VALIDATION-04-STRING-PROCESSING-02-UNSUPPORTED_SYNTAX,validation,TRANSFORMED,SEED-VALIDATION-04-STRING-PROCESSING,python,UNSUPPORTED_SYNTAX,string_processing,G-a3a6560f116d,RAW_CANONICAL_EQUAL,,0.3,,,False,0.8221,0.7,Scope normalization is unavailable; weighted analysis fell back to raw tokens.
SEED-VALIDATION-05-DFS-GRAPH-02-VARIABLE_RENAME,validation,TRANSFORMED,SEED-VALIDATION-05-DFS-GRAPH,python,VARIABLE_RENAME,dfs_graph,G-a5d051fec4db,RAW_CANONICAL_EQUAL,0.859155,0.3,True,True,True,1.7749,1.2,
SEED-VALIDATION-05-DFS-GRAPH-03-NATURAL_TEMPLATE,validation,NATURAL_SIMILAR,SEED-VALIDATION-05-DFS-GRAPH,python,NATURAL_TEMPLATE,dfs_graph,G-a5d051fec4db,RAW_CANONICAL_EQUAL,0.9375,0.3,True,False,True,1.7091,1.1,
SEED-VALIDATION-06-BFS-GRAPH-01-HUMAN_REWRITE,validation,SUSPICIOUS,SEED-VALIDATION-06-BFS-GRAPH,python,HUMAN_REWRITE,bfs_graph,G-21cf422ad152,RAW_CANONICAL_EQUAL,,0.3,,,False,1.3617,0.7,Scope normalization is unavailable; weighted analysis fell back to raw tokens.
SEED-VALIDATION-06-BFS-GRAPH-02-FUNCTION_RENAME,validation,TRANSFORMED,SEED-VALIDATION-06-BFS-GRAPH,python,FUNCTION_RENAME,bfs_graph,G-21cf422ad152,RAW_CANONICAL_EQUAL,0.967213,0.3,True,True,True,1.7198,1.2,
SEED-VALIDATION-06-BFS-GRAPH-03-INDEPENDENT_SOLUTION,validation,INDEPENDENT,SEED-VALIDATION-06-BFS-GRAPH,java,INDEPENDENT_SOLUTION,bfs_graph,G-21cf422ad152,RAW_CANONICAL_EQUAL,0.150376,0.3,False,True,True,1.3368,1.1,
SEED-VALIDATION-07-DP-VARIANT-01-SPLIT_MERGE,validation,TRANSFORMED,SEED-VALIDATION-07-DP-VARIANT,python,SPLIT_MERGE,dp_variant,G-7a19db4fd5a2,RAW_CANONICAL_EQUAL,0.397809,0.3,True,True,True,1.2889,1.1,
SEED-VALIDATION-07-DP-VARIANT-02-PARAMETER_RENAME,validation,TRANSFORMED,SEED-VALIDATION-07-DP-VARIANT,python,PARAMETER_RENAME,dp_variant,G-7a19db4fd5a2,RAW_CANONICAL_EQUAL,0.8461540000000001,0.3,True,True,True,1.2151,1.2,
SEED-VALIDATION-07-DP-VARIANT-03-COMMON_STRUCTURE,validation,INDEPENDENT,SEED-VALIDATION-07-DP-VARIANT,python,COMMON_STRUCTURE,dp_variant,G-7a19db4fd5a2,RAW_CANONICAL_EQUAL,0.10176249999999999,0.3,False,True,True,0.9375,1.1,
SEED-VALIDATION-08-SIMULATION-01-LOCAL_REORDER,validation,TRANSFORMED,SEED-VALIDATION-08-SIMULATION,python,LOCAL_REORDER,simulation,G-59cdddf595d1,RAW_CANONICAL_EQUAL,0.823529,0.3,True,True,True,1.1657,1.1,
SEED-TEST-01-SIMPLE-IO-01-HUMAN_REWRITE,test,SUSPICIOUS,SEED-TEST-01-SIMPLE-IO,python,HUMAN_REWRITE,simple_io,G-6bee25961fdf,RAW_CANONICAL_EQUAL,0.20192300000000002,0.3,False,False,True,0.6431,1.1,
SEED-TEST-01-SIMPLE-IO-02-INDEPENDENT_SOLUTION,test,INDEPENDENT,SEED-TEST-01-SIMPLE-IO,java,INDEPENDENT_SOLUTION,simple_io,G-6bee25961fdf,RAW_CANONICAL_EQUAL,0.368421,0.3,True,False,True,0.9202,1.2,
SEED-TEST-02-ARRAY-LOOP-01-NATURAL_TEMPLATE,test,NATURAL_SIMILAR,SEED-TEST-02-ARRAY-LOOP,python,NATURAL_TEMPLATE,array_loop,G-a6ec091a67b7,RAW_CANONICAL_EQUAL,1.0,0.3,True,False,True,0.8225,1.1,
SEED-TEST-02-ARRAY-LOOP-02-VARIABLE_RENAME,test,TRANSFORMED,SEED-TEST-02-ARRAY-LOOP,python,VARIABLE_RENAME,array_loop,G-a6ec091a67b7,RAW_CANONICAL_EQUAL,0.5365855,0.3,True,True,True,0.7963,1.1,
SEED-TEST-02-ARRAY-LOOP-03-UNSUPPORTED_SYNTAX,test,TRANSFORMED,SEED-TEST-02-ARRAY-LOOP,python,UNSUPPORTED_SYNTAX,array_loop,G-a6ec091a67b7,RAW_CANONICAL_EQUAL,,0.3,,,False,0.7887,0.6,Scope normalization is unavailable; weighted analysis fell back to raw tokens.
SEED-TEST-03-SORT-TEMPLATE-01-FORMAT_COMMENT_CHANGE,test,TRANSFORMED,SEED-TEST-03-SORT-TEMPLATE,python,FORMAT_COMMENT_CHANGE,sort_template,G-5a102d196ca4,RAW_CANONICAL_EQUAL,1.0,0.3,True,True,True,2.0112,1.2,
SEED-TEST-03-SORT-TEMPLATE-02-LOCAL_REORDER,test,TRANSFORMED,SEED-TEST-03-SORT-TEMPLATE,python,LOCAL_REORDER,sort_template,G-5a102d196ca4,RAW_CANONICAL_EQUAL,0.909091,0.3,True,True,True,2.1007,1.1,
SEED-TEST-04-STRING-PROCESSING-01-FUNCTION_RENAME,test,TRANSFORMED,SEED-TEST-04-STRING-PROCESSING,python,FUNCTION_RENAME,string_processing,G-309c6f7637ad,RAW_CANONICAL_EQUAL,0.9199999999999999,0.3,True,True,True,0.8528,1.1,
SEED-TEST-04-STRING-PROCESSING-02-PARAMETER_RENAME,test,TRANSFORMED,SEED-TEST-04-STRING-PROCESSING,java,PARAMETER_RENAME,string_processing,G-309c6f7637ad,RAW_CANONICAL_EQUAL,0.8615385,0.3,True,True,True,1.6608,1.2,
SEED-TEST-04-STRING-PROCESSING-03-COMMON_STRUCTURE,test,INDEPENDENT,SEED-TEST-04-STRING-PROCESSING,python,COMMON_STRUCTURE,string_processing,G-309c6f7637ad,RAW_CANONICAL_EQUAL,0.2613635,0.3,False,True,True,0.8286,1.2,
SEED-TEST-05-DFS-GRAPH-01-SPLIT_MERGE,test,TRANSFORMED,SEED-TEST-05-DFS-GRAPH,python,SPLIT_MERGE,dfs_graph,G-0aa256ed50ef,RAW_CANONICAL_EQUAL,0.45604100000000003,0.3,True,True,True,1.9087,1.1,
SEED-TEST-05-DFS-GRAPH-02-HUMAN_REWRITE,test,SUSPICIOUS,SEED-TEST-05-DFS-GRAPH,python,HUMAN_REWRITE,dfs_graph,G-0aa256ed50ef,RAW_CANONICAL_EQUAL,,0.3,,,False,1.3809,0.7,Scope normalization is unavailable; weighted analysis fell back to raw tokens.
SEED-TEST-05-DFS-GRAPH-03-NATURAL_TEMPLATE,test,NATURAL_SIMILAR,SEED-TEST-05-DFS-GRAPH,python,NATURAL_TEMPLATE,dfs_graph,G-0aa256ed50ef,RAW_CANONICAL_EQUAL,0.9375,0.3,True,False,True,1.8121,1.2,
SEED-TEST-06-BFS-GRAPH-02-COMMON_STRUCTURE,test,INDEPENDENT,SEED-TEST-06-BFS-GRAPH,python,COMMON_STRUCTURE,bfs_graph,G-c4feb47ceaf4,RAW_CANONICAL_EQUAL,0.025974,0.3,False,True,True,1.2689,1.2,
SEED-TEST-06-BFS-GRAPH-03-UNSUPPORTED_SYNTAX,test,TRANSFORMED,SEED-TEST-06-BFS-GRAPH,python,UNSUPPORTED_SYNTAX,bfs_graph,G-c4feb47ceaf4,RAW_CANONICAL_EQUAL,,0.3,,,False,1.6591,0.6,Scope normalization is unavailable; weighted analysis fell back to raw tokens.
SEED-TEST-07-DP-VARIANT-01-VARIABLE_RENAME,test,TRANSFORMED,SEED-TEST-07-DP-VARIANT,java,VARIABLE_RENAME,dp_variant,G-8ead3e4ae352,RAW_CANONICAL_EQUAL,0.6451614999999999,0.3,True,True,True,1.2897,1.2,
SEED-TEST-07-DP-VARIANT-02-FORMAT_COMMENT_CHANGE,test,TRANSFORMED,SEED-TEST-07-DP-VARIANT,python,FORMAT_COMMENT_CHANGE,dp_variant,G-8ead3e4ae352,RAW_CANONICAL_EQUAL,1.0,0.3,True,True,True,1.0908,1.1,
SEED-TEST-07-DP-VARIANT-03-INDEPENDENT_SOLUTION,test,INDEPENDENT,SEED-TEST-07-DP-VARIANT,python,INDEPENDENT_SOLUTION,dp_variant,G-8ead3e4ae352,RAW_CANONICAL_EQUAL,,0.3,,,False,1.0047,0.7,Scope normalization is unavailable; weighted analysis fell back to raw tokens.
SEED-TEST-08-SIMULATION-01-LOCAL_REORDER,test,TRANSFORMED,SEED-TEST-08-SIMULATION,java,LOCAL_REORDER,simulation,G-12846af3e054,RAW_CANONICAL_EQUAL,1.0,0.3,True,True,True,1.3639,1.1,
SEED-TEST-08-SIMULATION-02-SPLIT_MERGE,test,TRANSFORMED,SEED-TEST-08-SIMULATION,python,SPLIT_MERGE,simulation,G-12846af3e054,RAW_CANONICAL_EQUAL,0.38668050000000004,0.3,True,True,True,1.1275,1.1,
VALIDATION-SIMPLE-IO-01-RENAME,validation,TRANSFORMED,VALIDATION-SIMPLE-IO-01,python,PARAMETER_RENAME,simple_io,G-314b9ce84860,RAW_MAPPING_EQUAL,0.52,0.4,True,True,True,1.2203,1.2,
VALIDATION-SIMPLE-IO-01-NATURAL,validation,NATURAL_SIMILAR,VALIDATION-SIMPLE-IO-01,python,NATURAL_TEMPLATE,simple_io,G-314b9ce84860,RAW_MAPPING_EQUAL,0.8235295,0.4,True,False,True,0.6566,1.3,
VALIDATION-SIMPLE-IO-01-INDEPENDENT,validation,INDEPENDENT,VALIDATION-SIMPLE-IO-01,python,INDEPENDENT_SOLUTION,simple_io,G-314b9ce84860,RAW_MAPPING_EQUAL,0.5328945,0.4,True,False,True,0.5473,1.1,
TEST-SIMPLE-IO-01-RENAME,test,TRANSFORMED,TEST-SIMPLE-IO-01,python,PARAMETER_RENAME,simple_io,G-8b1eb27d8463,RAW_MAPPING_EQUAL,0.52,0.4,True,True,True,0.5562,1.2,
TEST-SIMPLE-IO-01-NATURAL,test,NATURAL_SIMILAR,TEST-SIMPLE-IO-01,python,NATURAL_TEMPLATE,simple_io,G-8b1eb27d8463,RAW_MAPPING_EQUAL,0.8235295,0.4,True,False,True,0.5855,1.2,
TEST-SIMPLE-IO-01-INDEPENDENT,test,INDEPENDENT,TEST-SIMPLE-IO-01,python,INDEPENDENT_SOLUTION,simple_io,G-8b1eb27d8463,RAW_MAPPING_EQUAL,0.5328945,0.4,True,False,True,0.6006,1.2,
TEST-SIMPLE-IO-01-SUSPICIOUS-FORMAT,test,SUSPICIOUS,TEST-SIMPLE-IO-01,python,FORMAT_COMMENT_CHANGE,simple_io,G-8b1eb27d8463,RAW_MAPPING_EQUAL,0.52,0.4,True,True,True,0.5582,1.2,
VALIDATION-ARRAY-LOOP-01-RENAME,validation,TRANSFORMED,VALIDATION-ARRAY-LOOP-01,python,VARIABLE_RENAME,array_loop,G-757a3bd8c3b8,RAW_MAPPING_EQUAL,0.5365855,0.4,True,True,True,0.8537,1.3,
VALIDATION-ARRAY-LOOP-01-NATURAL,validation,NATURAL_SIMILAR,VALIDATION-ARRAY-LOOP-01,python,NATURAL_TEMPLATE,array_loop,G-757a3bd8c3b8,RAW_MAPPING_EQUAL,0.7258065,0.4,True,False,True,0.8106,1.1,
VALIDATION-ARRAY-LOOP-01-INDEPENDENT,validation,INDEPENDENT,VALIDATION-ARRAY-LOOP-01,python,INDEPENDENT_SOLUTION,array_loop,G-757a3bd8c3b8,RAW_MAPPING_EQUAL,0.304054,0.4,False,True,True,0.7392,1.2,
TEST-ARRAY-LOOP-01-RENAME,test,TRANSFORMED,TEST-ARRAY-LOOP-01,python,VARIABLE_RENAME,array_loop,G-d2407dbc1a72,RAW_MAPPING_EQUAL,0.5365855,0.4,True,True,True,0.7823,1.1,
TEST-ARRAY-LOOP-01-NATURAL,test,NATURAL_SIMILAR,TEST-ARRAY-LOOP-01,python,NATURAL_TEMPLATE,array_loop,G-d2407dbc1a72,RAW_MAPPING_EQUAL,0.7258065,0.4,True,False,True,0.7981,1.2,
TEST-ARRAY-LOOP-01-INDEPENDENT,test,INDEPENDENT,TEST-ARRAY-LOOP-01,python,INDEPENDENT_SOLUTION,array_loop,G-d2407dbc1a72,RAW_MAPPING_EQUAL,0.304054,0.4,False,True,True,0.7543,1.1,
TEST-ARRAY-LOOP-01-SUSPICIOUS-FORMAT,test,SUSPICIOUS,TEST-ARRAY-LOOP-01,python,FORMAT_COMMENT_CHANGE,array_loop,G-d2407dbc1a72,RAW_MAPPING_EQUAL,0.5365855,0.4,True,True,True,0.7886,1.1,
VALIDATION-SORT-TEMPLATE-01-RENAME,validation,TRANSFORMED,VALIDATION-SORT-TEMPLATE-01,python,FUNCTION_RENAME,sort_template,G-4bed6eba3770,RAW_MAPPING_EQUAL,0.5714285,0.4,True,True,True,1.9827,1.2,
VALIDATION-SORT-TEMPLATE-01-NATURAL,validation,NATURAL_SIMILAR,VALIDATION-SORT-TEMPLATE-01,python,NATURAL_TEMPLATE,sort_template,G-4bed6eba3770,RAW_MAPPING_EQUAL,0.9453125,0.4,True,False,True,2.007,1.1,
VALIDATION-SORT-TEMPLATE-01-INDEPENDENT,validation,INDEPENDENT,VALIDATION-SORT-TEMPLATE-01,python,INDEPENDENT_SOLUTION,sort_template,G-4bed6eba3770,RAW_MAPPING_EQUAL,0.1979165,0.4,False,True,True,1.1921,1.2,
TEST-SORT-TEMPLATE-01-RENAME,test,TRANSFORMED,TEST-SORT-TEMPLATE-01,python,FUNCTION_RENAME,sort_template,G-1df5b9b2b1b6,RAW_MAPPING_EQUAL,0.5504585,0.4,True,True,True,1.9822,1.2,
TEST-SORT-TEMPLATE-01-NATURAL,test,NATURAL_SIMILAR,TEST-SORT-TEMPLATE-01,python,NATURAL_TEMPLATE,sort_template,G-1df5b9b2b1b6,RAW_MAPPING_EQUAL,0.9453125,0.4,True,False,True,2.1706,1.1,
TEST-SORT-TEMPLATE-01-INDEPENDENT,test,INDEPENDENT,TEST-SORT-TEMPLATE-01,python,INDEPENDENT_SOLUTION,sort_template,G-1df5b9b2b1b6,RAW_MAPPING_EQUAL,0.1979165,0.4,False,True,True,1.1775,1.2,
TEST-SORT-TEMPLATE-01-SUSPICIOUS-FORMAT,test,SUSPICIOUS,TEST-SORT-TEMPLATE-01,python,FORMAT_COMMENT_CHANGE,sort_template,G-1df5b9b2b1b6,RAW_MAPPING_EQUAL,0.5504585,0.4,True,True,True,1.956,1.1,
VALIDATION-DFS-GRAPH-01-RENAME,validation,TRANSFORMED,VALIDATION-DFS-GRAPH-01,python,PARAMETER_RENAME,dfs_graph,G-2d763db84780,RAW_MAPPING_EQUAL,0.5353535,0.4,True,True,True,1.5236,1.1,
VALIDATION-DFS-GRAPH-01-NATURAL,validation,NATURAL_SIMILAR,VALIDATION-DFS-GRAPH-01,python,NATURAL_TEMPLATE,dfs_graph,G-2d763db84780,RAW_MAPPING_EQUAL,0.9083335,0.4,True,False,True,1.6621,1.1,
VALIDATION-DFS-GRAPH-01-INDEPENDENT,validation,INDEPENDENT,VALIDATION-DFS-GRAPH-01,python,INDEPENDENT_SOLUTION,dfs_graph,G-2d763db84780,RAW_MAPPING_EQUAL,0.3398875,0.4,False,True,True,1.4554,1.1,
TEST-DFS-GRAPH-01-RENAME,test,TRANSFORMED,TEST-DFS-GRAPH-01,python,PARAMETER_RENAME,dfs_graph,G-58c393589490,RAW_MAPPING_EQUAL,0.5353535,0.4,True,True,True,1.5291,1.1,
TEST-DFS-GRAPH-01-NATURAL,test,NATURAL_SIMILAR,TEST-DFS-GRAPH-01,python,NATURAL_TEMPLATE,dfs_graph,G-58c393589490,RAW_MAPPING_EQUAL,0.9083335,0.4,True,False,True,1.5814,1.2,
TEST-DFS-GRAPH-01-INDEPENDENT,test,INDEPENDENT,TEST-DFS-GRAPH-01,python,INDEPENDENT_SOLUTION,dfs_graph,G-58c393589490,RAW_MAPPING_EQUAL,0.3398875,0.4,False,True,True,1.5393,1.2,
TEST-DFS-GRAPH-01-SUSPICIOUS-FORMAT,test,SUSPICIOUS,TEST-DFS-GRAPH-01,python,FORMAT_COMMENT_CHANGE,dfs_graph,G-58c393589490,RAW_MAPPING_EQUAL,0.5353535,0.4,True,True,True,1.5216,1.2,
VALIDATION-DP-VARIANT-01-RENAME,validation,TRANSFORMED,VALIDATION-DP-VARIANT-01,python,VARIABLE_RENAME,dp_variant,G-ea7d15d8556b,RAW_MAPPING_EQUAL,0.523077,0.4,True,True,True,1.2365,1.2,
VALIDATION-DP-VARIANT-01-NATURAL,validation,NATURAL_SIMILAR,VALIDATION-DP-VARIANT-01,python,NATURAL_TEMPLATE,dp_variant,G-ea7d15d8556b,RAW_MAPPING_EQUAL,0.818182,0.4,True,False,True,1.1988,1.2,
VALIDATION-DP-VARIANT-01-INDEPENDENT,validation,INDEPENDENT,VALIDATION-DP-VARIANT-01,python,INDEPENDENT_SOLUTION,dp_variant,G-ea7d15d8556b,RAW_MAPPING_EQUAL,0.2861445,0.4,False,True,True,1.5635,1.1,
TEST-DP-VARIANT-01-RENAME,test,TRANSFORMED,TEST-DP-VARIANT-01,python,VARIABLE_RENAME,dp_variant,G-1bc17e655062,RAW_MAPPING_EQUAL,0.523077,0.4,True,True,True,1.1512,1.2,
TEST-DP-VARIANT-01-NATURAL,test,NATURAL_SIMILAR,TEST-DP-VARIANT-01,python,NATURAL_TEMPLATE,dp_variant,G-1bc17e655062,RAW_MAPPING_EQUAL,0.818182,0.4,True,False,True,1.1366,1.1,
TEST-DP-VARIANT-01-INDEPENDENT,test,INDEPENDENT,TEST-DP-VARIANT-01,python,INDEPENDENT_SOLUTION,dp_variant,G-1bc17e655062,RAW_MAPPING_EQUAL,0.2861445,0.4,False,True,True,1.4081,1.1,
TEST-DP-VARIANT-01-SUSPICIOUS-FORMAT,test,SUSPICIOUS,TEST-DP-VARIANT-01,python,FORMAT_COMMENT_CHANGE,dp_variant,G-1bc17e655062,RAW_MAPPING_EQUAL,0.523077,0.4,True,True,True,1.1386,1.1,
SEED-VALIDATION-01-SIMPLE-IO-01-NATURAL_TEMPLATE,validation,NATURAL_SIMILAR,SEED-VALIDATION-01-SIMPLE-IO,python,NATURAL_TEMPLATE,simple_io,G-37eed964aaa4,RAW_MAPPING_EQUAL,0.888889,0.4,True,False,True,0.6512,1.1,
SEED-VALIDATION-01-SIMPLE-IO-02-PARAMETER_RENAME,validation,TRANSFORMED,SEED-VALIDATION-01-SIMPLE-IO,python,PARAMETER_RENAME,simple_io,G-37eed964aaa4,RAW_MAPPING_EQUAL,0.6,0.4,True,True,True,0.6024,1.3,
SEED-VALIDATION-01-SIMPLE-IO-03-FORMAT_COMMENT_CHANGE,validation,TRANSFORMED,SEED-VALIDATION-01-SIMPLE-IO,java,FORMAT_COMMENT_CHANGE,simple_io,G-37eed964aaa4,RAW_MAPPING_EQUAL,1.0,0.4,True,True,True,1.1021,1.1,
SEED-VALIDATION-02-ARRAY-LOOP-01-VARIABLE_RENAME,validation,TRANSFORMED,SEED-VALIDATION-02-ARRAY-LOOP,java,VARIABLE_RENAME,array_loop,G-1f5ad99c3c54,RAW_MAPPING_EQUAL,0.6451614999999999,0.4,True,True,True,1.3041,1.1,
SEED-VALIDATION-02-ARRAY-LOOP-02-LOCAL_REORDER,validation,TRANSFORMED,SEED-VALIDATION-02-ARRAY-LOOP,python,LOCAL_REORDER,array_loop,G-1f5ad99c3c54,RAW_MAPPING_EQUAL,0.7261905,0.4,True,True,True,0.9535,1.2,
SEED-VALIDATION-02-ARRAY-LOOP-03-INDEPENDENT_SOLUTION,validation,INDEPENDENT,SEED-VALIDATION-02-ARRAY-LOOP,python,INDEPENDENT_SOLUTION,array_loop,G-1f5ad99c3c54,RAW_MAPPING_EQUAL,,0.4,,,False,0.6919,0.7,Scope normalization is unavailable; weighted analysis fell back to raw tokens.
SEED-VALIDATION-03-SORT-TEMPLATE-01-FUNCTION_RENAME,validation,TRANSFORMED,SEED-VALIDATION-03-SORT-TEMPLATE,java,FUNCTION_RENAME,sort_template,G-f36d36dda4ce,RAW_MAPPING_EQUAL,0.9302325,0.4,True,True,True,1.2766,1.2,
SEED-VALIDATION-03-SORT-TEMPLATE-02-HUMAN_REWRITE,validation,SUSPICIOUS,SEED-VALIDATION-03-SORT-TEMPLATE,python,HUMAN_REWRITE,sort_template,G-f36d36dda4ce,RAW_MAPPING_EQUAL,0.181818,0.4,False,False,True,1.2202,1.1,
SEED-VALIDATION-03-SORT-TEMPLATE-03-COMMON_STRUCTURE,validation,INDEPENDENT,SEED-VALIDATION-03-SORT-TEMPLATE,python,COMMON_STRUCTURE,sort_template,G-f36d36dda4ce,RAW_MAPPING_EQUAL,0.3458335,0.4,False,True,True,1.423,1.2,
SEED-VALIDATION-04-STRING-PROCESSING-01-SPLIT_MERGE,validation,TRANSFORMED,SEED-VALIDATION-04-STRING-PROCESSING,python,SPLIT_MERGE,string_processing,G-a3a6560f116d,RAW_MAPPING_EQUAL,0.537634,0.4,True,True,True,0.9062,1.1,
SEED-VALIDATION-04-STRING-PROCESSING-02-UNSUPPORTED_SYNTAX,validation,TRANSFORMED,SEED-VALIDATION-04-STRING-PROCESSING,python,UNSUPPORTED_SYNTAX,string_processing,G-a3a6560f116d,RAW_MAPPING_EQUAL,,0.4,,,False,0.8221,0.8,Scope normalization is unavailable; weighted analysis fell back to raw tokens.
SEED-VALIDATION-05-DFS-GRAPH-02-VARIABLE_RENAME,validation,TRANSFORMED,SEED-VALIDATION-05-DFS-GRAPH,python,VARIABLE_RENAME,dfs_graph,G-a5d051fec4db,RAW_MAPPING_EQUAL,0.859155,0.4,True,True,True,1.7749,1.3,
SEED-VALIDATION-05-DFS-GRAPH-03-NATURAL_TEMPLATE,validation,NATURAL_SIMILAR,SEED-VALIDATION-05-DFS-GRAPH,python,NATURAL_TEMPLATE,dfs_graph,G-a5d051fec4db,RAW_MAPPING_EQUAL,0.96875,0.4,True,False,True,1.7091,1.2,
SEED-VALIDATION-06-BFS-GRAPH-01-HUMAN_REWRITE,validation,SUSPICIOUS,SEED-VALIDATION-06-BFS-GRAPH,python,HUMAN_REWRITE,bfs_graph,G-21cf422ad152,RAW_MAPPING_EQUAL,,0.4,,,False,1.3617,0.8,Scope normalization is unavailable; weighted analysis fell back to raw tokens.
SEED-VALIDATION-06-BFS-GRAPH-02-FUNCTION_RENAME,validation,TRANSFORMED,SEED-VALIDATION-06-BFS-GRAPH,python,FUNCTION_RENAME,bfs_graph,G-21cf422ad152,RAW_MAPPING_EQUAL,0.967213,0.4,True,True,True,1.7198,1.4,
SEED-VALIDATION-06-BFS-GRAPH-03-INDEPENDENT_SOLUTION,validation,INDEPENDENT,SEED-VALIDATION-06-BFS-GRAPH,java,INDEPENDENT_SOLUTION,bfs_graph,G-21cf422ad152,RAW_MAPPING_EQUAL,0.3714285,0.4,False,True,True,1.3368,20.6,
SEED-VALIDATION-07-DP-VARIANT-01-SPLIT_MERGE,validation,TRANSFORMED,SEED-VALIDATION-07-DP-VARIANT,python,SPLIT_MERGE,dp_variant,G-7a19db4fd5a2,RAW_MAPPING_EQUAL,0.4805555,0.4,True,True,True,1.2889,1.6,
SEED-VALIDATION-07-DP-VARIANT-02-PARAMETER_RENAME,validation,TRANSFORMED,SEED-VALIDATION-07-DP-VARIANT,python,PARAMETER_RENAME,dp_variant,G-7a19db4fd5a2,RAW_MAPPING_EQUAL,0.8461540000000001,0.4,True,True,True,1.2151,1.4,
SEED-VALIDATION-07-DP-VARIANT-03-COMMON_STRUCTURE,validation,INDEPENDENT,SEED-VALIDATION-07-DP-VARIANT,python,COMMON_STRUCTURE,dp_variant,G-7a19db4fd5a2,RAW_MAPPING_EQUAL,0.3621795,0.4,False,True,True,0.9375,1.1,
SEED-VALIDATION-08-SIMULATION-01-LOCAL_REORDER,validation,TRANSFORMED,SEED-VALIDATION-08-SIMULATION,python,LOCAL_REORDER,simulation,G-59cdddf595d1,RAW_MAPPING_EQUAL,0.745098,0.4,True,True,True,1.1657,1.1,
SEED-TEST-01-SIMPLE-IO-01-HUMAN_REWRITE,test,SUSPICIOUS,SEED-TEST-01-SIMPLE-IO,python,HUMAN_REWRITE,simple_io,G-6bee25961fdf,RAW_MAPPING_EQUAL,0.451923,0.4,True,True,True,0.6431,1.1,
SEED-TEST-01-SIMPLE-IO-02-INDEPENDENT_SOLUTION,test,INDEPENDENT,SEED-TEST-01-SIMPLE-IO,java,INDEPENDENT_SOLUTION,simple_io,G-6bee25961fdf,RAW_MAPPING_EQUAL,0.5842105,0.4,True,False,True,0.9202,1.2,
SEED-TEST-02-ARRAY-LOOP-01-NATURAL_TEMPLATE,test,NATURAL_SIMILAR,SEED-TEST-02-ARRAY-LOOP,python,NATURAL_TEMPLATE,array_loop,G-a6ec091a67b7,RAW_MAPPING_EQUAL,1.0,0.4,True,False,True,0.8225,1.1,
SEED-TEST-02-ARRAY-LOOP-02-VARIABLE_RENAME,test,TRANSFORMED,SEED-TEST-02-ARRAY-LOOP,python,VARIABLE_RENAME,array_loop,G-a6ec091a67b7,RAW_MAPPING_EQUAL,0.5365855,0.4,True,True,True,0.7963,1.1,
SEED-TEST-02-ARRAY-LOOP-03-UNSUPPORTED_SYNTAX,test,TRANSFORMED,SEED-TEST-02-ARRAY-LOOP,python,UNSUPPORTED_SYNTAX,array_loop,G-a6ec091a67b7,RAW_MAPPING_EQUAL,,0.4,,,False,0.7887,0.8,Scope normalization is unavailable; weighted analysis fell back to raw tokens.
SEED-TEST-03-SORT-TEMPLATE-01-FORMAT_COMMENT_CHANGE,test,TRANSFORMED,SEED-TEST-03-SORT-TEMPLATE,python,FORMAT_COMMENT_CHANGE,sort_template,G-5a102d196ca4,RAW_MAPPING_EQUAL,1.0,0.4,True,True,True,2.0112,1.2,
SEED-TEST-03-SORT-TEMPLATE-02-LOCAL_REORDER,test,TRANSFORMED,SEED-TEST-03-SORT-TEMPLATE,python,LOCAL_REORDER,sort_template,G-5a102d196ca4,RAW_MAPPING_EQUAL,0.8295455,0.4,True,True,True,2.1007,1.2,
SEED-TEST-04-STRING-PROCESSING-01-FUNCTION_RENAME,test,TRANSFORMED,SEED-TEST-04-STRING-PROCESSING,python,FUNCTION_RENAME,string_processing,G-309c6f7637ad,RAW_MAPPING_EQUAL,0.9199999999999999,0.4,True,True,True,0.8528,1.1,
SEED-TEST-04-STRING-PROCESSING-02-PARAMETER_RENAME,test,TRANSFORMED,SEED-TEST-04-STRING-PROCESSING,java,PARAMETER_RENAME,string_processing,G-309c6f7637ad,RAW_MAPPING_EQUAL,0.8615385,0.4,True,True,True,1.6608,1.2,
SEED-TEST-04-STRING-PROCESSING-03-COMMON_STRUCTURE,test,INDEPENDENT,SEED-TEST-04-STRING-PROCESSING,python,COMMON_STRUCTURE,string_processing,G-309c6f7637ad,RAW_MAPPING_EQUAL,0.5113635,0.4,True,False,True,0.8286,1.1,
SEED-TEST-05-DFS-GRAPH-01-SPLIT_MERGE,test,TRANSFORMED,SEED-TEST-05-DFS-GRAPH,python,SPLIT_MERGE,dfs_graph,G-0aa256ed50ef,RAW_MAPPING_EQUAL,0.510959,0.4,True,True,True,1.9087,1.2,
SEED-TEST-05-DFS-GRAPH-02-HUMAN_REWRITE,test,SUSPICIOUS,SEED-TEST-05-DFS-GRAPH,python,HUMAN_REWRITE,dfs_graph,G-0aa256ed50ef,RAW_MAPPING_EQUAL,,0.4,,,False,1.3809,0.8,Scope normalization is unavailable; weighted analysis fell back to raw tokens.
SEED-TEST-05-DFS-GRAPH-03-NATURAL_TEMPLATE,test,NATURAL_SIMILAR,SEED-TEST-05-DFS-GRAPH,python,NATURAL_TEMPLATE,dfs_graph,G-0aa256ed50ef,RAW_MAPPING_EQUAL,0.96875,0.4,True,False,True,1.8121,1.1,
SEED-TEST-06-BFS-GRAPH-02-COMMON_STRUCTURE,test,INDEPENDENT,SEED-TEST-06-BFS-GRAPH,python,COMMON_STRUCTURE,bfs_graph,G-c4feb47ceaf4,RAW_MAPPING_EQUAL,0.25,0.4,False,True,True,1.2689,1.2,
SEED-TEST-06-BFS-GRAPH-03-UNSUPPORTED_SYNTAX,test,TRANSFORMED,SEED-TEST-06-BFS-GRAPH,python,UNSUPPORTED_SYNTAX,bfs_graph,G-c4feb47ceaf4,RAW_MAPPING_EQUAL,,0.4,,,False,1.6591,0.6,Scope normalization is unavailable; weighted analysis fell back to raw tokens.
SEED-TEST-07-DP-VARIANT-01-VARIABLE_RENAME,test,TRANSFORMED,SEED-TEST-07-DP-VARIANT,java,VARIABLE_RENAME,dp_variant,G-8ead3e4ae352,RAW_MAPPING_EQUAL,0.6451614999999999,0.4,True,True,True,1.2897,1.2,
SEED-TEST-07-DP-VARIANT-02-FORMAT_COMMENT_CHANGE,test,TRANSFORMED,SEED-TEST-07-DP-VARIANT,python,FORMAT_COMMENT_CHANGE,dp_variant,G-8ead3e4ae352,RAW_MAPPING_EQUAL,1.0,0.4,True,True,True,1.0908,1.2,
SEED-TEST-07-DP-VARIANT-03-INDEPENDENT_SOLUTION,test,INDEPENDENT,SEED-TEST-07-DP-VARIANT,python,INDEPENDENT_SOLUTION,dp_variant,G-8ead3e4ae352,RAW_MAPPING_EQUAL,,0.4,,,False,1.0047,0.7,Scope normalization is unavailable; weighted analysis fell back to raw tokens.
SEED-TEST-08-SIMULATION-01-LOCAL_REORDER,test,TRANSFORMED,SEED-TEST-08-SIMULATION,java,LOCAL_REORDER,simulation,G-12846af3e054,RAW_MAPPING_EQUAL,1.0,0.4,True,True,True,1.3639,1.2,
SEED-TEST-08-SIMULATION-02-SPLIT_MERGE,test,TRANSFORMED,SEED-TEST-08-SIMULATION,python,SPLIT_MERGE,simulation,G-12846af3e054,RAW_MAPPING_EQUAL,0.5041665,0.4,True,True,True,1.1275,1.2,
VALIDATION-SIMPLE-IO-01-RENAME,validation,TRANSFORMED,VALIDATION-SIMPLE-IO-01,python,PARAMETER_RENAME,simple_io,G-314b9ce84860,AST_CANONICAL_EQUAL,1.0,1.0,True,True,True,1.2203,1.2,
VALIDATION-SIMPLE-IO-01-NATURAL,validation,NATURAL_SIMILAR,VALIDATION-SIMPLE-IO-01,python,NATURAL_TEMPLATE,simple_io,G-314b9ce84860,AST_CANONICAL_EQUAL,0.6235295000000001,1.0,False,True,True,0.6566,1.2,
VALIDATION-SIMPLE-IO-01-INDEPENDENT,validation,INDEPENDENT,VALIDATION-SIMPLE-IO-01,python,INDEPENDENT_SOLUTION,simple_io,G-314b9ce84860,AST_CANONICAL_EQUAL,0.2178945,1.0,False,True,True,0.5473,1.2,
TEST-SIMPLE-IO-01-RENAME,test,TRANSFORMED,TEST-SIMPLE-IO-01,python,PARAMETER_RENAME,simple_io,G-8b1eb27d8463,AST_CANONICAL_EQUAL,1.0,1.0,True,True,True,0.5562,1.1,
TEST-SIMPLE-IO-01-NATURAL,test,NATURAL_SIMILAR,TEST-SIMPLE-IO-01,python,NATURAL_TEMPLATE,simple_io,G-8b1eb27d8463,AST_CANONICAL_EQUAL,0.6235295000000001,1.0,False,True,True,0.5855,1.2,
TEST-SIMPLE-IO-01-INDEPENDENT,test,INDEPENDENT,TEST-SIMPLE-IO-01,python,INDEPENDENT_SOLUTION,simple_io,G-8b1eb27d8463,AST_CANONICAL_EQUAL,0.2178945,1.0,False,True,True,0.6006,1.2,
TEST-SIMPLE-IO-01-SUSPICIOUS-FORMAT,test,SUSPICIOUS,TEST-SIMPLE-IO-01,python,FORMAT_COMMENT_CHANGE,simple_io,G-8b1eb27d8463,AST_CANONICAL_EQUAL,1.0,1.0,True,True,True,0.5582,1.1,
VALIDATION-ARRAY-LOOP-01-RENAME,validation,TRANSFORMED,VALIDATION-ARRAY-LOOP-01,python,VARIABLE_RENAME,array_loop,G-757a3bd8c3b8,AST_CANONICAL_EQUAL,1.0,1.0,True,True,True,0.8537,1.2,
VALIDATION-ARRAY-LOOP-01-NATURAL,validation,NATURAL_SIMILAR,VALIDATION-ARRAY-LOOP-01,python,NATURAL_TEMPLATE,array_loop,G-757a3bd8c3b8,AST_CANONICAL_EQUAL,0.455536,1.0,False,True,True,0.8106,1.1,
VALIDATION-ARRAY-LOOP-01-INDEPENDENT,validation,INDEPENDENT,VALIDATION-ARRAY-LOOP-01,python,INDEPENDENT_SOLUTION,array_loop,G-757a3bd8c3b8,AST_CANONICAL_EQUAL,0.1181565,1.0,False,True,True,0.7392,1.2,
TEST-ARRAY-LOOP-01-RENAME,test,TRANSFORMED,TEST-ARRAY-LOOP-01,python,VARIABLE_RENAME,array_loop,G-d2407dbc1a72,AST_CANONICAL_EQUAL,1.0,1.0,True,True,True,0.7823,1.2,
TEST-ARRAY-LOOP-01-NATURAL,test,NATURAL_SIMILAR,TEST-ARRAY-LOOP-01,python,NATURAL_TEMPLATE,array_loop,G-d2407dbc1a72,AST_CANONICAL_EQUAL,0.455536,1.0,False,True,True,0.7981,1.2,
TEST-ARRAY-LOOP-01-INDEPENDENT,test,INDEPENDENT,TEST-ARRAY-LOOP-01,python,INDEPENDENT_SOLUTION,array_loop,G-d2407dbc1a72,AST_CANONICAL_EQUAL,0.1181565,1.0,False,True,True,0.7543,1.1,
TEST-ARRAY-LOOP-01-SUSPICIOUS-FORMAT,test,SUSPICIOUS,TEST-ARRAY-LOOP-01,python,FORMAT_COMMENT_CHANGE,array_loop,G-d2407dbc1a72,AST_CANONICAL_EQUAL,1.0,1.0,True,True,True,0.7886,1.2,
VALIDATION-SORT-TEMPLATE-01-RENAME,validation,TRANSFORMED,VALIDATION-SORT-TEMPLATE-01,python,FUNCTION_RENAME,sort_template,G-4bed6eba3770,AST_CANONICAL_EQUAL,1.0,1.0,True,True,True,1.9827,1.2,
VALIDATION-SORT-TEMPLATE-01-NATURAL,validation,NATURAL_SIMILAR,VALIDATION-SORT-TEMPLATE-01,python,NATURAL_TEMPLATE,sort_template,G-4bed6eba3770,AST_CANONICAL_EQUAL,0.90499,1.0,False,True,True,2.007,1.1,
VALIDATION-SORT-TEMPLATE-01-INDEPENDENT,validation,INDEPENDENT,VALIDATION-SORT-TEMPLATE-01,python,INDEPENDENT_SOLUTION,sort_template,G-4bed6eba3770,AST_CANONICAL_EQUAL,0.06971150000000001,1.0,False,True,True,1.1921,1.2,
TEST-SORT-TEMPLATE-01-RENAME,test,TRANSFORMED,TEST-SORT-TEMPLATE-01,python,FUNCTION_RENAME,sort_template,G-1df5b9b2b1b6,AST_CANONICAL_EQUAL,1.0,1.0,True,True,True,1.9822,1.2,
TEST-SORT-TEMPLATE-01-NATURAL,test,NATURAL_SIMILAR,TEST-SORT-TEMPLATE-01,python,NATURAL_TEMPLATE,sort_template,G-1df5b9b2b1b6,AST_CANONICAL_EQUAL,0.90499,1.0,False,True,True,2.1706,1.2,
TEST-SORT-TEMPLATE-01-INDEPENDENT,test,INDEPENDENT,TEST-SORT-TEMPLATE-01,python,INDEPENDENT_SOLUTION,sort_template,G-1df5b9b2b1b6,AST_CANONICAL_EQUAL,0.06971150000000001,1.0,False,True,True,1.1775,1.2,
TEST-SORT-TEMPLATE-01-SUSPICIOUS-FORMAT,test,SUSPICIOUS,TEST-SORT-TEMPLATE-01,python,FORMAT_COMMENT_CHANGE,sort_template,G-1df5b9b2b1b6,AST_CANONICAL_EQUAL,1.0,1.0,True,True,True,1.956,1.2,
VALIDATION-DFS-GRAPH-01-RENAME,validation,TRANSFORMED,VALIDATION-DFS-GRAPH-01,python,PARAMETER_RENAME,dfs_graph,G-2d763db84780,AST_CANONICAL_EQUAL,1.0,1.0,True,True,True,1.5236,1.1,
VALIDATION-DFS-GRAPH-01-NATURAL,validation,NATURAL_SIMILAR,VALIDATION-DFS-GRAPH-01,python,NATURAL_TEMPLATE,dfs_graph,G-2d763db84780,AST_CANONICAL_EQUAL,0.8458335,1.0,False,True,True,1.6621,1.1,
VALIDATION-DFS-GRAPH-01-INDEPENDENT,validation,INDEPENDENT,VALIDATION-DFS-GRAPH-01,python,INDEPENDENT_SOLUTION,dfs_graph,G-2d763db84780,AST_CANONICAL_EQUAL,0.271013,1.0,False,True,True,1.4554,1.1,
TEST-DFS-GRAPH-01-RENAME,test,TRANSFORMED,TEST-DFS-GRAPH-01,python,PARAMETER_RENAME,dfs_graph,G-58c393589490,AST_CANONICAL_EQUAL,1.0,1.0,True,True,True,1.5291,1.1,
TEST-DFS-GRAPH-01-NATURAL,test,NATURAL_SIMILAR,TEST-DFS-GRAPH-01,python,NATURAL_TEMPLATE,dfs_graph,G-58c393589490,AST_CANONICAL_EQUAL,0.8458335,1.0,False,True,True,1.5814,1.1,
TEST-DFS-GRAPH-01-INDEPENDENT,test,INDEPENDENT,TEST-DFS-GRAPH-01,python,INDEPENDENT_SOLUTION,dfs_graph,G-58c393589490,AST_CANONICAL_EQUAL,0.271013,1.0,False,True,True,1.5393,1.1,
TEST-DFS-GRAPH-01-SUSPICIOUS-FORMAT,test,SUSPICIOUS,TEST-DFS-GRAPH-01,python,FORMAT_COMMENT_CHANGE,dfs_graph,G-58c393589490,AST_CANONICAL_EQUAL,1.0,1.0,True,True,True,1.5216,1.1,
VALIDATION-DP-VARIANT-01-RENAME,validation,TRANSFORMED,VALIDATION-DP-VARIANT-01,python,VARIABLE_RENAME,dp_variant,G-ea7d15d8556b,AST_CANONICAL_EQUAL,1.0,1.0,True,True,True,1.2365,1.1,
VALIDATION-DP-VARIANT-01-NATURAL,validation,NATURAL_SIMILAR,VALIDATION-DP-VARIANT-01,python,NATURAL_TEMPLATE,dp_variant,G-ea7d15d8556b,AST_CANONICAL_EQUAL,0.6891495000000001,1.0,False,True,True,1.1988,1.1,
VALIDATION-DP-VARIANT-01-INDEPENDENT,validation,INDEPENDENT,VALIDATION-DP-VARIANT-01,python,INDEPENDENT_SOLUTION,dp_variant,G-ea7d15d8556b,AST_CANONICAL_EQUAL,0.1326355,1.0,False,True,True,1.5635,1.2,
TEST-DP-VARIANT-01-RENAME,test,TRANSFORMED,TEST-DP-VARIANT-01,python,VARIABLE_RENAME,dp_variant,G-1bc17e655062,AST_CANONICAL_EQUAL,1.0,1.0,True,True,True,1.1512,2.2,
TEST-DP-VARIANT-01-NATURAL,test,NATURAL_SIMILAR,TEST-DP-VARIANT-01,python,NATURAL_TEMPLATE,dp_variant,G-1bc17e655062,AST_CANONICAL_EQUAL,0.6891495000000001,1.0,False,True,True,1.1366,2.3,
TEST-DP-VARIANT-01-INDEPENDENT,test,INDEPENDENT,TEST-DP-VARIANT-01,python,INDEPENDENT_SOLUTION,dp_variant,G-1bc17e655062,AST_CANONICAL_EQUAL,0.1326355,1.0,False,True,True,1.4081,1.1,
TEST-DP-VARIANT-01-SUSPICIOUS-FORMAT,test,SUSPICIOUS,TEST-DP-VARIANT-01,python,FORMAT_COMMENT_CHANGE,dp_variant,G-1bc17e655062,AST_CANONICAL_EQUAL,1.0,1.0,True,True,True,1.1386,1.2,
SEED-VALIDATION-01-SIMPLE-IO-01-NATURAL_TEMPLATE,validation,NATURAL_SIMILAR,SEED-VALIDATION-01-SIMPLE-IO,python,NATURAL_TEMPLATE,simple_io,G-37eed964aaa4,AST_CANONICAL_EQUAL,0.888889,1.0,False,True,True,0.6512,1.1,
SEED-VALIDATION-01-SIMPLE-IO-02-PARAMETER_RENAME,validation,TRANSFORMED,SEED-VALIDATION-01-SIMPLE-IO,python,PARAMETER_RENAME,simple_io,G-37eed964aaa4,AST_CANONICAL_EQUAL,1.0,1.0,True,True,True,0.6024,1.2,
SEED-VALIDATION-01-SIMPLE-IO-03-FORMAT_COMMENT_CHANGE,validation,TRANSFORMED,SEED-VALIDATION-01-SIMPLE-IO,java,FORMAT_COMMENT_CHANGE,simple_io,G-37eed964aaa4,AST_CANONICAL_EQUAL,1.0,1.0,True,True,True,1.1021,1.1,
SEED-VALIDATION-02-ARRAY-LOOP-01-VARIABLE_RENAME,validation,TRANSFORMED,SEED-VALIDATION-02-ARRAY-LOOP,java,VARIABLE_RENAME,array_loop,G-1f5ad99c3c54,AST_CANONICAL_EQUAL,1.0,1.0,True,True,True,1.3041,1.2,
SEED-VALIDATION-02-ARRAY-LOOP-02-LOCAL_REORDER,validation,TRANSFORMED,SEED-VALIDATION-02-ARRAY-LOOP,python,LOCAL_REORDER,array_loop,G-1f5ad99c3c54,AST_CANONICAL_EQUAL,0.796083,1.0,False,False,True,0.9535,1.3,
SEED-VALIDATION-02-ARRAY-LOOP-03-INDEPENDENT_SOLUTION,validation,INDEPENDENT,SEED-VALIDATION-02-ARRAY-LOOP,python,INDEPENDENT_SOLUTION,array_loop,G-1f5ad99c3c54,AST_CANONICAL_EQUAL,,1.0,,,False,0.6919,0.8,Scope normalization is unavailable; weighted analysis fell back to raw tokens.
SEED-VALIDATION-03-SORT-TEMPLATE-01-FUNCTION_RENAME,validation,TRANSFORMED,SEED-VALIDATION-03-SORT-TEMPLATE,java,FUNCTION_RENAME,sort_template,G-f36d36dda4ce,AST_CANONICAL_EQUAL,1.0,1.0,True,True,True,1.2766,1.3,
SEED-VALIDATION-03-SORT-TEMPLATE-02-HUMAN_REWRITE,validation,SUSPICIOUS,SEED-VALIDATION-03-SORT-TEMPLATE,python,HUMAN_REWRITE,sort_template,G-f36d36dda4ce,AST_CANONICAL_EQUAL,0.06971150000000001,1.0,False,False,True,1.2202,1.2,
SEED-VALIDATION-03-SORT-TEMPLATE-03-COMMON_STRUCTURE,validation,INDEPENDENT,SEED-VALIDATION-03-SORT-TEMPLATE,python,COMMON_STRUCTURE,sort_template,G-f36d36dda4ce,AST_CANONICAL_EQUAL,0.12666650000000002,1.0,False,True,True,1.423,1.2,
SEED-VALIDATION-04-STRING-PROCESSING-01-SPLIT_MERGE,validation,TRANSFORMED,SEED-VALIDATION-04-STRING-PROCESSING,python,SPLIT_MERGE,string_processing,G-a3a6560f116d,AST_CANONICAL_EQUAL,0.5310345,1.0,False,False,True,0.9062,1.2,
SEED-VALIDATION-04-STRING-PROCESSING-02-UNSUPPORTED_SYNTAX,validation,TRANSFORMED,SEED-VALIDATION-04-STRING-PROCESSING,python,UNSUPPORTED_SYNTAX,string_processing,G-a3a6560f116d,AST_CANONICAL_EQUAL,,1.0,,,False,0.8221,0.8,Scope normalization is unavailable; weighted analysis fell back to raw tokens.
SEED-VALIDATION-05-DFS-GRAPH-02-VARIABLE_RENAME,validation,TRANSFORMED,SEED-VALIDATION-05-DFS-GRAPH,python,VARIABLE_RENAME,dfs_graph,G-a5d051fec4db,AST_CANONICAL_EQUAL,1.0,1.0,True,True,True,1.7749,1.2,
SEED-VALIDATION-05-DFS-GRAPH-03-NATURAL_TEMPLATE,validation,NATURAL_SIMILAR,SEED-VALIDATION-05-DFS-GRAPH,python,NATURAL_TEMPLATE,dfs_graph,G-a5d051fec4db,AST_CANONICAL_EQUAL,0.96875,1.0,False,True,True,1.7091,1.2,
SEED-VALIDATION-06-BFS-GRAPH-01-HUMAN_REWRITE,validation,SUSPICIOUS,SEED-VALIDATION-06-BFS-GRAPH,python,HUMAN_REWRITE,bfs_graph,G-21cf422ad152,AST_CANONICAL_EQUAL,,1.0,,,False,1.3617,0.8,Scope normalization is unavailable; weighted analysis fell back to raw tokens.
SEED-VALIDATION-06-BFS-GRAPH-02-FUNCTION_RENAME,validation,TRANSFORMED,SEED-VALIDATION-06-BFS-GRAPH,python,FUNCTION_RENAME,bfs_graph,G-21cf422ad152,AST_CANONICAL_EQUAL,1.0,1.0,True,True,True,1.7198,1.2,
SEED-VALIDATION-06-BFS-GRAPH-03-INDEPENDENT_SOLUTION,validation,INDEPENDENT,SEED-VALIDATION-06-BFS-GRAPH,java,INDEPENDENT_SOLUTION,bfs_graph,G-21cf422ad152,AST_CANONICAL_EQUAL,0.194332,1.0,False,True,True,1.3368,1.1,
SEED-VALIDATION-07-DP-VARIANT-01-SPLIT_MERGE,validation,TRANSFORMED,SEED-VALIDATION-07-DP-VARIANT,python,SPLIT_MERGE,dp_variant,G-7a19db4fd5a2,AST_CANONICAL_EQUAL,0.436193,1.0,False,False,True,1.2889,1.1,
SEED-VALIDATION-07-DP-VARIANT-02-PARAMETER_RENAME,validation,TRANSFORMED,SEED-VALIDATION-07-DP-VARIANT,python,PARAMETER_RENAME,dp_variant,G-7a19db4fd5a2,AST_CANONICAL_EQUAL,1.0,1.0,True,True,True,1.2151,1.2,
SEED-VALIDATION-07-DP-VARIANT-03-COMMON_STRUCTURE,validation,INDEPENDENT,SEED-VALIDATION-07-DP-VARIANT,python,COMMON_STRUCTURE,dp_variant,G-7a19db4fd5a2,AST_CANONICAL_EQUAL,0.239583,1.0,False,True,True,0.9375,1.2,
SEED-VALIDATION-08-SIMULATION-01-LOCAL_REORDER,validation,TRANSFORMED,SEED-VALIDATION-08-SIMULATION,python,LOCAL_REORDER,simulation,G-59cdddf595d1,AST_CANONICAL_EQUAL,0.8328169999999999,1.0,False,False,True,1.1657,1.1,
SEED-TEST-01-SIMPLE-IO-01-HUMAN_REWRITE,test,SUSPICIOUS,SEED-TEST-01-SIMPLE-IO,python,HUMAN_REWRITE,simple_io,G-6bee25961fdf,AST_CANONICAL_EQUAL,0.1785715,1.0,False,False,True,0.6431,1.2,
SEED-TEST-01-SIMPLE-IO-02-INDEPENDENT_SOLUTION,test,INDEPENDENT,SEED-TEST-01-SIMPLE-IO,java,INDEPENDENT_SOLUTION,simple_io,G-6bee25961fdf,AST_CANONICAL_EQUAL,0.1842105,1.0,False,True,True,0.9202,1.3,
SEED-TEST-02-ARRAY-LOOP-01-NATURAL_TEMPLATE,test,NATURAL_SIMILAR,SEED-TEST-02-ARRAY-LOOP,python,NATURAL_TEMPLATE,array_loop,G-a6ec091a67b7,AST_CANONICAL_EQUAL,1.0,1.0,True,False,True,0.8225,1.1,
SEED-TEST-02-ARRAY-LOOP-02-VARIABLE_RENAME,test,TRANSFORMED,SEED-TEST-02-ARRAY-LOOP,python,VARIABLE_RENAME,array_loop,G-a6ec091a67b7,AST_CANONICAL_EQUAL,1.0,1.0,True,True,True,0.7963,1.2,
SEED-TEST-02-ARRAY-LOOP-03-UNSUPPORTED_SYNTAX,test,TRANSFORMED,SEED-TEST-02-ARRAY-LOOP,python,UNSUPPORTED_SYNTAX,array_loop,G-a6ec091a67b7,AST_CANONICAL_EQUAL,,1.0,,,False,0.7887,0.9,Scope normalization is unavailable; weighted analysis fell back to raw tokens.
SEED-TEST-03-SORT-TEMPLATE-01-FORMAT_COMMENT_CHANGE,test,TRANSFORMED,SEED-TEST-03-SORT-TEMPLATE,python,FORMAT_COMMENT_CHANGE,sort_template,G-5a102d196ca4,AST_CANONICAL_EQUAL,1.0,1.0,True,True,True,2.0112,1.3,
SEED-TEST-03-SORT-TEMPLATE-02-LOCAL_REORDER,test,TRANSFORMED,SEED-TEST-03-SORT-TEMPLATE,python,LOCAL_REORDER,sort_template,G-5a102d196ca4,AST_CANONICAL_EQUAL,0.9030750000000001,1.0,False,False,True,2.1007,1.2,
SEED-TEST-04-STRING-PROCESSING-01-FUNCTION_RENAME,test,TRANSFORMED,SEED-TEST-04-STRING-PROCESSING,python,FUNCTION_RENAME,string_processing,G-309c6f7637ad,AST_CANONICAL_EQUAL,1.0,1.0,True,True,True,0.8528,1.2,
SEED-TEST-04-STRING-PROCESSING-02-PARAMETER_RENAME,test,TRANSFORMED,SEED-TEST-04-STRING-PROCESSING,java,PARAMETER_RENAME,string_processing,G-309c6f7637ad,AST_CANONICAL_EQUAL,1.0,1.0,True,True,True,1.6608,1.1,
SEED-TEST-04-STRING-PROCESSING-03-COMMON_STRUCTURE,test,INDEPENDENT,SEED-TEST-04-STRING-PROCESSING,python,COMMON_STRUCTURE,string_processing,G-309c6f7637ad,AST_CANONICAL_EQUAL,0.507576,1.0,False,True,True,0.8286,1.1,
SEED-TEST-05-DFS-GRAPH-01-SPLIT_MERGE,test,TRANSFORMED,SEED-TEST-05-DFS-GRAPH,python,SPLIT_MERGE,dfs_graph,G-0aa256ed50ef,AST_CANONICAL_EQUAL,0.482582,1.0,False,False,True,1.9087,1.1,
SEED-TEST-05-DFS-GRAPH-02-HUMAN_REWRITE,test,SUSPICIOUS,SEED-TEST-05-DFS-GRAPH,python,HUMAN_REWRITE,dfs_graph,G-0aa256ed50ef,AST_CANONICAL_EQUAL,,1.0,,,False,1.3809,0.7,Scope normalization is unavailable; weighted analysis fell back to raw tokens.
SEED-TEST-05-DFS-GRAPH-03-NATURAL_TEMPLATE,test,NATURAL_SIMILAR,SEED-TEST-05-DFS-GRAPH,python,NATURAL_TEMPLATE,dfs_graph,G-0aa256ed50ef,AST_CANONICAL_EQUAL,0.96875,1.0,False,True,True,1.8121,1.1,
SEED-TEST-06-BFS-GRAPH-02-COMMON_STRUCTURE,test,INDEPENDENT,SEED-TEST-06-BFS-GRAPH,python,COMMON_STRUCTURE,bfs_graph,G-c4feb47ceaf4,AST_CANONICAL_EQUAL,0.1320345,1.0,False,True,True,1.2689,1.2,
SEED-TEST-06-BFS-GRAPH-03-UNSUPPORTED_SYNTAX,test,TRANSFORMED,SEED-TEST-06-BFS-GRAPH,python,UNSUPPORTED_SYNTAX,bfs_graph,G-c4feb47ceaf4,AST_CANONICAL_EQUAL,,1.0,,,False,1.6591,0.7,Scope normalization is unavailable; weighted analysis fell back to raw tokens.
SEED-TEST-07-DP-VARIANT-01-VARIABLE_RENAME,test,TRANSFORMED,SEED-TEST-07-DP-VARIANT,java,VARIABLE_RENAME,dp_variant,G-8ead3e4ae352,AST_CANONICAL_EQUAL,1.0,1.0,True,True,True,1.2897,1.1,
SEED-TEST-07-DP-VARIANT-02-FORMAT_COMMENT_CHANGE,test,TRANSFORMED,SEED-TEST-07-DP-VARIANT,python,FORMAT_COMMENT_CHANGE,dp_variant,G-8ead3e4ae352,AST_CANONICAL_EQUAL,1.0,1.0,True,True,True,1.0908,1.2,
SEED-TEST-07-DP-VARIANT-03-INDEPENDENT_SOLUTION,test,INDEPENDENT,SEED-TEST-07-DP-VARIANT,python,INDEPENDENT_SOLUTION,dp_variant,G-8ead3e4ae352,AST_CANONICAL_EQUAL,,1.0,,,False,1.0047,0.7,Scope normalization is unavailable; weighted analysis fell back to raw tokens.
SEED-TEST-08-SIMULATION-01-LOCAL_REORDER,test,TRANSFORMED,SEED-TEST-08-SIMULATION,java,LOCAL_REORDER,simulation,G-12846af3e054,AST_CANONICAL_EQUAL,1.0,1.0,True,True,True,1.3639,1.2,
SEED-TEST-08-SIMULATION-02-SPLIT_MERGE,test,TRANSFORMED,SEED-TEST-08-SIMULATION,python,SPLIT_MERGE,simulation,G-12846af3e054,AST_CANONICAL_EQUAL,0.43013300000000004,1.0,False,False,True,1.1275,1.2,
VALIDATION-SIMPLE-IO-01-RENAME,validation,TRANSFORMED,VALIDATION-SIMPLE-IO-01,python,PARAMETER_RENAME,simple_io,G-314b9ce84860,AST_MAPPING_EQUAL,1.0,0.5,True,True,True,1.2203,1.3,
VALIDATION-SIMPLE-IO-01-NATURAL,validation,NATURAL_SIMILAR,VALIDATION-SIMPLE-IO-01,python,NATURAL_TEMPLATE,simple_io,G-314b9ce84860,AST_MAPPING_EQUAL,0.8,0.5,True,False,True,0.6566,1.2,
VALIDATION-SIMPLE-IO-01-INDEPENDENT,validation,INDEPENDENT,VALIDATION-SIMPLE-IO-01,python,INDEPENDENT_SOLUTION,simple_io,G-314b9ce84860,AST_MAPPING_EQUAL,0.435,0.5,False,True,True,0.5473,1.1,
TEST-SIMPLE-IO-01-RENAME,test,TRANSFORMED,TEST-SIMPLE-IO-01,python,PARAMETER_RENAME,simple_io,G-8b1eb27d8463,AST_MAPPING_EQUAL,1.0,0.5,True,True,True,0.5562,1.1,
TEST-SIMPLE-IO-01-NATURAL,test,NATURAL_SIMILAR,TEST-SIMPLE-IO-01,python,NATURAL_TEMPLATE,simple_io,G-8b1eb27d8463,AST_MAPPING_EQUAL,0.8,0.5,True,False,True,0.5855,1.1,
TEST-SIMPLE-IO-01-INDEPENDENT,test,INDEPENDENT,TEST-SIMPLE-IO-01,python,INDEPENDENT_SOLUTION,simple_io,G-8b1eb27d8463,AST_MAPPING_EQUAL,0.435,0.5,False,True,True,0.6006,1.1,
TEST-SIMPLE-IO-01-SUSPICIOUS-FORMAT,test,SUSPICIOUS,TEST-SIMPLE-IO-01,python,FORMAT_COMMENT_CHANGE,simple_io,G-8b1eb27d8463,AST_MAPPING_EQUAL,1.0,0.5,True,True,True,0.5582,1.1,
VALIDATION-ARRAY-LOOP-01-RENAME,validation,TRANSFORMED,VALIDATION-ARRAY-LOOP-01,python,VARIABLE_RENAME,array_loop,G-757a3bd8c3b8,AST_MAPPING_EQUAL,1.0,0.5,True,True,True,0.8537,1.2,
VALIDATION-ARRAY-LOOP-01-NATURAL,validation,NATURAL_SIMILAR,VALIDATION-ARRAY-LOOP-01,python,NATURAL_TEMPLATE,array_loop,G-757a3bd8c3b8,AST_MAPPING_EQUAL,0.7297295,0.5,True,False,True,0.8106,1.2,
VALIDATION-ARRAY-LOOP-01-INDEPENDENT,validation,INDEPENDENT,VALIDATION-ARRAY-LOOP-01,python,INDEPENDENT_SOLUTION,array_loop,G-757a3bd8c3b8,AST_MAPPING_EQUAL,0.3141025,0.5,False,True,True,0.7392,1.2,
TEST-ARRAY-LOOP-01-RENAME,test,TRANSFORMED,TEST-ARRAY-LOOP-01,python,VARIABLE_RENAME,array_loop,G-d2407dbc1a72,AST_MAPPING_EQUAL,1.0,0.5,True,True,True,0.7823,1.1,
TEST-ARRAY-LOOP-01-NATURAL,test,NATURAL_SIMILAR,TEST-ARRAY-LOOP-01,python,NATURAL_TEMPLATE,array_loop,G-d2407dbc1a72,AST_MAPPING_EQUAL,0.7297295,0.5,True,False,True,0.7981,1.2,
TEST-ARRAY-LOOP-01-INDEPENDENT,test,INDEPENDENT,TEST-ARRAY-LOOP-01,python,INDEPENDENT_SOLUTION,array_loop,G-d2407dbc1a72,AST_MAPPING_EQUAL,0.3141025,0.5,False,True,True,0.7543,1.1,
TEST-ARRAY-LOOP-01-SUSPICIOUS-FORMAT,test,SUSPICIOUS,TEST-ARRAY-LOOP-01,python,FORMAT_COMMENT_CHANGE,array_loop,G-d2407dbc1a72,AST_MAPPING_EQUAL,1.0,0.5,True,True,True,0.7886,1.1,
VALIDATION-SORT-TEMPLATE-01-RENAME,validation,TRANSFORMED,VALIDATION-SORT-TEMPLATE-01,python,FUNCTION_RENAME,sort_template,G-4bed6eba3770,AST_MAPPING_EQUAL,1.0,0.5,True,True,True,1.9827,1.1,
VALIDATION-SORT-TEMPLATE-01-NATURAL,validation,NATURAL_SIMILAR,VALIDATION-SORT-TEMPLATE-01,python,NATURAL_TEMPLATE,sort_template,G-4bed6eba3770,AST_MAPPING_EQUAL,0.9596775,0.5,True,False,True,2.007,1.2,
VALIDATION-SORT-TEMPLATE-01-INDEPENDENT,validation,INDEPENDENT,VALIDATION-SORT-TEMPLATE-01,python,INDEPENDENT_SOLUTION,sort_template,G-4bed6eba3770,AST_MAPPING_EQUAL,0.205128,0.5,False,True,True,1.1921,1.3,
TEST-SORT-TEMPLATE-01-RENAME,test,TRANSFORMED,TEST-SORT-TEMPLATE-01,python,FUNCTION_RENAME,sort_template,G-1df5b9b2b1b6,AST_MAPPING_EQUAL,1.0,0.5,True,True,True,1.9822,1.2,
TEST-SORT-TEMPLATE-01-NATURAL,test,NATURAL_SIMILAR,TEST-SORT-TEMPLATE-01,python,NATURAL_TEMPLATE,sort_template,G-1df5b9b2b1b6,AST_MAPPING_EQUAL,0.9596775,0.5,True,False,True,2.1706,1.1,
TEST-SORT-TEMPLATE-01-INDEPENDENT,test,INDEPENDENT,TEST-SORT-TEMPLATE-01,python,INDEPENDENT_SOLUTION,sort_template,G-1df5b9b2b1b6,AST_MAPPING_EQUAL,0.205128,0.5,False,True,True,1.1775,1.2,
TEST-SORT-TEMPLATE-01-SUSPICIOUS-FORMAT,test,SUSPICIOUS,TEST-SORT-TEMPLATE-01,python,FORMAT_COMMENT_CHANGE,sort_template,G-1df5b9b2b1b6,AST_MAPPING_EQUAL,1.0,0.5,True,True,True,1.956,1.1,
VALIDATION-DFS-GRAPH-01-RENAME,validation,TRANSFORMED,VALIDATION-DFS-GRAPH-01,python,PARAMETER_RENAME,dfs_graph,G-2d763db84780,AST_MAPPING_EQUAL,1.0,0.5,True,True,True,1.5236,1.2,
VALIDATION-DFS-GRAPH-01-NATURAL,validation,NATURAL_SIMILAR,VALIDATION-DFS-GRAPH-01,python,NATURAL_TEMPLATE,dfs_graph,G-2d763db84780,AST_MAPPING_EQUAL,0.9375,0.5,True,False,True,1.6621,1.1,
VALIDATION-DFS-GRAPH-01-INDEPENDENT,validation,INDEPENDENT,VALIDATION-DFS-GRAPH-01,python,INDEPENDENT_SOLUTION,dfs_graph,G-2d763db84780,AST_MAPPING_EQUAL,0.474138,0.5,False,True,True,1.4554,1.2,
TEST-DFS-GRAPH-01-RENAME,test,TRANSFORMED,TEST-DFS-GRAPH-01,python,PARAMETER_RENAME,dfs_graph,G-58c393589490,AST_MAPPING_EQUAL,1.0,0.5,True,True,True,1.5291,1.2,
TEST-DFS-GRAPH-01-NATURAL,test,NATURAL_SIMILAR,TEST-DFS-GRAPH-01,python,NATURAL_TEMPLATE,dfs_graph,G-58c393589490,AST_MAPPING_EQUAL,0.9375,0.5,True,False,True,1.5814,1.2,
TEST-DFS-GRAPH-01-INDEPENDENT,test,INDEPENDENT,TEST-DFS-GRAPH-01,python,INDEPENDENT_SOLUTION,dfs_graph,G-58c393589490,AST_MAPPING_EQUAL,0.474138,0.5,False,True,True,1.5393,1.2,
TEST-DFS-GRAPH-01-SUSPICIOUS-FORMAT,test,SUSPICIOUS,TEST-DFS-GRAPH-01,python,FORMAT_COMMENT_CHANGE,dfs_graph,G-58c393589490,AST_MAPPING_EQUAL,1.0,0.5,True,True,True,1.5216,1.1,
VALIDATION-DP-VARIANT-01-RENAME,validation,TRANSFORMED,VALIDATION-DP-VARIANT-01,python,VARIABLE_RENAME,dp_variant,G-ea7d15d8556b,AST_MAPPING_EQUAL,1.0,0.5,True,True,True,1.2365,1.1,
VALIDATION-DP-VARIANT-01-NATURAL,validation,NATURAL_SIMILAR,VALIDATION-DP-VARIANT-01,python,NATURAL_TEMPLATE,dp_variant,G-ea7d15d8556b,AST_MAPPING_EQUAL,0.8709675,0.5,True,False,True,1.1988,1.3,
VALIDATION-DP-VARIANT-01-INDEPENDENT,validation,INDEPENDENT,VALIDATION-DP-VARIANT-01,python,INDEPENDENT_SOLUTION,dp_variant,G-ea7d15d8556b,AST_MAPPING_EQUAL,0.346491,0.5,False,True,True,1.5635,1.2,
TEST-DP-VARIANT-01-RENAME,test,TRANSFORMED,TEST-DP-VARIANT-01,python,VARIABLE_RENAME,dp_variant,G-1bc17e655062,AST_MAPPING_EQUAL,1.0,0.5,True,True,True,1.1512,1.1,
TEST-DP-VARIANT-01-NATURAL,test,NATURAL_SIMILAR,TEST-DP-VARIANT-01,python,NATURAL_TEMPLATE,dp_variant,G-1bc17e655062,AST_MAPPING_EQUAL,0.8709675,0.5,True,False,True,1.1366,1.1,
TEST-DP-VARIANT-01-INDEPENDENT,test,INDEPENDENT,TEST-DP-VARIANT-01,python,INDEPENDENT_SOLUTION,dp_variant,G-1bc17e655062,AST_MAPPING_EQUAL,0.346491,0.5,False,True,True,1.4081,1.2,
TEST-DP-VARIANT-01-SUSPICIOUS-FORMAT,test,SUSPICIOUS,TEST-DP-VARIANT-01,python,FORMAT_COMMENT_CHANGE,dp_variant,G-1bc17e655062,AST_MAPPING_EQUAL,1.0,0.5,True,True,True,1.1386,1.1,
SEED-VALIDATION-01-SIMPLE-IO-01-NATURAL_TEMPLATE,validation,NATURAL_SIMILAR,SEED-VALIDATION-01-SIMPLE-IO,python,NATURAL_TEMPLATE,simple_io,G-37eed964aaa4,AST_MAPPING_EQUAL,1.0,0.5,True,False,True,0.6512,1.1,
SEED-VALIDATION-01-SIMPLE-IO-02-PARAMETER_RENAME,validation,TRANSFORMED,SEED-VALIDATION-01-SIMPLE-IO,python,PARAMETER_RENAME,simple_io,G-37eed964aaa4,AST_MAPPING_EQUAL,1.0,0.5,True,True,True,0.6024,1.2,
SEED-VALIDATION-01-SIMPLE-IO-03-FORMAT_COMMENT_CHANGE,validation,TRANSFORMED,SEED-VALIDATION-01-SIMPLE-IO,java,FORMAT_COMMENT_CHANGE,simple_io,G-37eed964aaa4,AST_MAPPING_EQUAL,1.0,0.5,True,True,True,1.1021,1.1,
SEED-VALIDATION-02-ARRAY-LOOP-01-VARIABLE_RENAME,validation,TRANSFORMED,SEED-VALIDATION-02-ARRAY-LOOP,java,VARIABLE_RENAME,array_loop,G-1f5ad99c3c54,AST_MAPPING_EQUAL,1.0,0.5,True,True,True,1.3041,1.1,
SEED-VALIDATION-02-ARRAY-LOOP-02-LOCAL_REORDER,validation,TRANSFORMED,SEED-VALIDATION-02-ARRAY-LOOP,python,LOCAL_REORDER,array_loop,G-1f5ad99c3c54,AST_MAPPING_EQUAL,0.7365595,0.5,True,True,True,0.9535,1.1,
SEED-VALIDATION-02-ARRAY-LOOP-03-INDEPENDENT_SOLUTION,validation,INDEPENDENT,SEED-VALIDATION-02-ARRAY-LOOP,python,INDEPENDENT_SOLUTION,array_loop,G-1f5ad99c3c54,AST_MAPPING_EQUAL,,0.5,,,False,0.6919,0.8,Scope normalization is unavailable; weighted analysis fell back to raw tokens.
SEED-VALIDATION-03-SORT-TEMPLATE-01-FUNCTION_RENAME,validation,TRANSFORMED,SEED-VALIDATION-03-SORT-TEMPLATE,java,FUNCTION_RENAME,sort_template,G-f36d36dda4ce,AST_MAPPING_EQUAL,1.0,0.5,True,True,True,1.2766,1.2,
SEED-VALIDATION-03-SORT-TEMPLATE-02-HUMAN_REWRITE,validation,SUSPICIOUS,SEED-VALIDATION-03-SORT-TEMPLATE,python,HUMAN_REWRITE,sort_template,G-f36d36dda4ce,AST_MAPPING_EQUAL,0.205128,0.5,False,False,True,1.2202,1.2,
SEED-VALIDATION-03-SORT-TEMPLATE-03-COMMON_STRUCTURE,validation,INDEPENDENT,SEED-VALIDATION-03-SORT-TEMPLATE,python,COMMON_STRUCTURE,sort_template,G-f36d36dda4ce,AST_MAPPING_EQUAL,0.4133335,0.5,False,True,True,1.423,1.2,
SEED-VALIDATION-04-STRING-PROCESSING-01-SPLIT_MERGE,validation,TRANSFORMED,SEED-VALIDATION-04-STRING-PROCESSING,python,SPLIT_MERGE,string_processing,G-a3a6560f116d,AST_MAPPING_EQUAL,0.597701,0.5,True,True,True,0.9062,1.1,
SEED-VALIDATION-04-STRING-PROCESSING-02-UNSUPPORTED_SYNTAX,validation,TRANSFORMED,SEED-VALIDATION-04-STRING-PROCESSING,python,UNSUPPORTED_SYNTAX,string_processing,G-a3a6560f116d,AST_MAPPING_EQUAL,,0.5,,,False,0.8221,0.7,Scope normalization is unavailable; weighted analysis fell back to raw tokens.
SEED-VALIDATION-05-DFS-GRAPH-02-VARIABLE_RENAME,validation,TRANSFORMED,SEED-VALIDATION-05-DFS-GRAPH,python,VARIABLE_RENAME,dfs_graph,G-a5d051fec4db,AST_MAPPING_EQUAL,1.0,0.5,True,True,True,1.7749,1.3,
SEED-VALIDATION-05-DFS-GRAPH-03-NATURAL_TEMPLATE,validation,NATURAL_SIMILAR,SEED-VALIDATION-05-DFS-GRAPH,python,NATURAL_TEMPLATE,dfs_graph,G-a5d051fec4db,AST_MAPPING_EQUAL,1.0,0.5,True,False,True,1.7091,1.1,
SEED-VALIDATION-06-BFS-GRAPH-01-HUMAN_REWRITE,validation,SUSPICIOUS,SEED-VALIDATION-06-BFS-GRAPH,python,HUMAN_REWRITE,bfs_graph,G-21cf422ad152,AST_MAPPING_EQUAL,,0.5,,,False,1.3617,1.9,Scope normalization is unavailable; weighted analysis fell back to raw tokens.
SEED-VALIDATION-06-BFS-GRAPH-02-FUNCTION_RENAME,validation,TRANSFORMED,SEED-VALIDATION-06-BFS-GRAPH,python,FUNCTION_RENAME,bfs_graph,G-21cf422ad152,AST_MAPPING_EQUAL,1.0,0.5,True,True,True,1.7198,1.2,
SEED-VALIDATION-06-BFS-GRAPH-03-INDEPENDENT_SOLUTION,validation,INDEPENDENT,SEED-VALIDATION-06-BFS-GRAPH,java,INDEPENDENT_SOLUTION,bfs_graph,G-21cf422ad152,AST_MAPPING_EQUAL,0.4153845,0.5,False,True,True,1.3368,1.2,
SEED-VALIDATION-07-DP-VARIANT-01-SPLIT_MERGE,validation,TRANSFORMED,SEED-VALIDATION-07-DP-VARIANT,python,SPLIT_MERGE,dp_variant,G-7a19db4fd5a2,AST_MAPPING_EQUAL,0.5189395,0.5,True,True,True,1.2889,1.2,
SEED-VALIDATION-07-DP-VARIANT-02-PARAMETER_RENAME,validation,TRANSFORMED,SEED-VALIDATION-07-DP-VARIANT,python,PARAMETER_RENAME,dp_variant,G-7a19db4fd5a2,AST_MAPPING_EQUAL,1.0,0.5,True,True,True,1.2151,1.2,
SEED-VALIDATION-07-DP-VARIANT-03-COMMON_STRUCTURE,validation,INDEPENDENT,SEED-VALIDATION-07-DP-VARIANT,python,COMMON_STRUCTURE,dp_variant,G-7a19db4fd5a2,AST_MAPPING_EQUAL,0.5,0.5,True,False,True,0.9375,1.1,
SEED-VALIDATION-08-SIMULATION-01-LOCAL_REORDER,validation,TRANSFORMED,SEED-VALIDATION-08-SIMULATION,python,LOCAL_REORDER,simulation,G-59cdddf595d1,AST_MAPPING_EQUAL,0.754386,0.5,True,True,True,1.1657,1.1,
SEED-TEST-01-SIMPLE-IO-01-HUMAN_REWRITE,test,SUSPICIOUS,SEED-TEST-01-SIMPLE-IO,python,HUMAN_REWRITE,simple_io,G-6bee25961fdf,AST_MAPPING_EQUAL,0.4285715,0.5,False,False,True,0.6431,1.2,
SEED-TEST-01-SIMPLE-IO-02-INDEPENDENT_SOLUTION,test,INDEPENDENT,SEED-TEST-01-SIMPLE-IO,java,INDEPENDENT_SOLUTION,simple_io,G-6bee25961fdf,AST_MAPPING_EQUAL,0.4,0.5,False,True,True,0.9202,1.2,
SEED-TEST-02-ARRAY-LOOP-01-NATURAL_TEMPLATE,test,NATURAL_SIMILAR,SEED-TEST-02-ARRAY-LOOP,python,NATURAL_TEMPLATE,array_loop,G-a6ec091a67b7,AST_MAPPING_EQUAL,1.0,0.5,True,False,True,0.8225,1.1,
SEED-TEST-02-ARRAY-LOOP-02-VARIABLE_RENAME,test,TRANSFORMED,SEED-TEST-02-ARRAY-LOOP,python,VARIABLE_RENAME,array_loop,G-a6ec091a67b7,AST_MAPPING_EQUAL,1.0,0.5,True,True,True,0.7963,1.2,
SEED-TEST-02-ARRAY-LOOP-03-UNSUPPORTED_SYNTAX,test,TRANSFORMED,SEED-TEST-02-ARRAY-LOOP,python,UNSUPPORTED_SYNTAX,array_loop,G-a6ec091a67b7,AST_MAPPING_EQUAL,,0.5,,,False,0.7887,0.6,Scope normalization is unavailable; weighted analysis fell back to raw tokens.
SEED-TEST-03-SORT-TEMPLATE-01-FORMAT_COMMENT_CHANGE,test,TRANSFORMED,SEED-TEST-03-SORT-TEMPLATE,python,FORMAT_COMMENT_CHANGE,sort_template,G-5a102d196ca4,AST_MAPPING_EQUAL,1.0,0.5,True,True,True,2.0112,1.2,
SEED-TEST-03-SORT-TEMPLATE-02-LOCAL_REORDER,test,TRANSFORMED,SEED-TEST-03-SORT-TEMPLATE,python,LOCAL_REORDER,sort_template,G-5a102d196ca4,AST_MAPPING_EQUAL,0.8235295,0.5,True,True,True,2.1007,1.1,
SEED-TEST-04-STRING-PROCESSING-01-FUNCTION_RENAME,test,TRANSFORMED,SEED-TEST-04-STRING-PROCESSING,python,FUNCTION_RENAME,string_processing,G-309c6f7637ad,AST_MAPPING_EQUAL,1.0,0.5,True,True,True,0.8528,1.2,
SEED-TEST-04-STRING-PROCESSING-02-PARAMETER_RENAME,test,TRANSFORMED,SEED-TEST-04-STRING-PROCESSING,java,PARAMETER_RENAME,string_processing,G-309c6f7637ad,AST_MAPPING_EQUAL,1.0,0.5,True,True,True,1.6608,1.2,
SEED-TEST-04-STRING-PROCESSING-03-COMMON_STRUCTURE,test,INDEPENDENT,SEED-TEST-04-STRING-PROCESSING,python,COMMON_STRUCTURE,string_processing,G-309c6f7637ad,AST_MAPPING_EQUAL,0.757576,0.5,True,False,True,0.8286,1.1,
SEED-TEST-05-DFS-GRAPH-01-SPLIT_MERGE,test,TRANSFORMED,SEED-TEST-05-DFS-GRAPH,python,SPLIT_MERGE,dfs_graph,G-0aa256ed50ef,AST_MAPPING_EQUAL,0.5375,0.5,True,True,True,1.9087,1.1,
SEED-TEST-05-DFS-GRAPH-02-HUMAN_REWRITE,test,SUSPICIOUS,SEED-TEST-05-DFS-GRAPH,python,HUMAN_REWRITE,dfs_graph,G-0aa256ed50ef,AST_MAPPING_EQUAL,,0.5,,,False,1.3809,0.7,Scope normalization is unavailable; weighted analysis fell back to raw tokens.
SEED-TEST-05-DFS-GRAPH-03-NATURAL_TEMPLATE,test,NATURAL_SIMILAR,SEED-TEST-05-DFS-GRAPH,python,NATURAL_TEMPLATE,dfs_graph,G-0aa256ed50ef,AST_MAPPING_EQUAL,1.0,0.5,True,False,True,1.8121,1.2,
SEED-TEST-06-BFS-GRAPH-02-COMMON_STRUCTURE,test,INDEPENDENT,SEED-TEST-06-BFS-GRAPH,python,COMMON_STRUCTURE,bfs_graph,G-c4feb47ceaf4,AST_MAPPING_EQUAL,0.3560605,0.5,False,True,True,1.2689,1.2,
SEED-TEST-06-BFS-GRAPH-03-UNSUPPORTED_SYNTAX,test,TRANSFORMED,SEED-TEST-06-BFS-GRAPH,python,UNSUPPORTED_SYNTAX,bfs_graph,G-c4feb47ceaf4,AST_MAPPING_EQUAL,,0.5,,,False,1.6591,0.7,Scope normalization is unavailable; weighted analysis fell back to raw tokens.
SEED-TEST-07-DP-VARIANT-01-VARIABLE_RENAME,test,TRANSFORMED,SEED-TEST-07-DP-VARIANT,java,VARIABLE_RENAME,dp_variant,G-8ead3e4ae352,AST_MAPPING_EQUAL,1.0,0.5,True,True,True,1.2897,1.1,
SEED-TEST-07-DP-VARIANT-02-FORMAT_COMMENT_CHANGE,test,TRANSFORMED,SEED-TEST-07-DP-VARIANT,python,FORMAT_COMMENT_CHANGE,dp_variant,G-8ead3e4ae352,AST_MAPPING_EQUAL,1.0,0.5,True,True,True,1.0908,1.1,
SEED-TEST-07-DP-VARIANT-03-INDEPENDENT_SOLUTION,test,INDEPENDENT,SEED-TEST-07-DP-VARIANT,python,INDEPENDENT_SOLUTION,dp_variant,G-8ead3e4ae352,AST_MAPPING_EQUAL,,0.5,,,False,1.0047,0.6,Scope normalization is unavailable; weighted analysis fell back to raw tokens.
SEED-TEST-08-SIMULATION-01-LOCAL_REORDER,test,TRANSFORMED,SEED-TEST-08-SIMULATION,java,LOCAL_REORDER,simulation,G-12846af3e054,AST_MAPPING_EQUAL,1.0,0.5,True,True,True,1.3639,1.1,
SEED-TEST-08-SIMULATION-02-SPLIT_MERGE,test,TRANSFORMED,SEED-TEST-08-SIMULATION,python,SPLIT_MERGE,simulation,G-12846af3e054,AST_MAPPING_EQUAL,0.5476190000000001,0.5,True,True,True,1.1275,1.2,
VALIDATION-SIMPLE-IO-01-RENAME,validation,TRANSFORMED,VALIDATION-SIMPLE-IO-01,python,PARAMETER_RENAME,simple_io,G-314b9ce84860,CANONICAL_MAPPING_EQUAL,1.0,1.0,True,True,True,1.2203,1.4,
VALIDATION-SIMPLE-IO-01-NATURAL,validation,NATURAL_SIMILAR,VALIDATION-SIMPLE-IO-01,python,NATURAL_TEMPLATE,simple_io,G-314b9ce84860,CANONICAL_MAPPING_EQUAL,0.8235295,1.0,False,True,True,0.6566,1.5,
VALIDATION-SIMPLE-IO-01-INDEPENDENT,validation,INDEPENDENT,VALIDATION-SIMPLE-IO-01,python,INDEPENDENT_SOLUTION,simple_io,G-314b9ce84860,CANONICAL_MAPPING_EQUAL,0.5328945,1.0,False,True,True,0.5473,1.2,
TEST-SIMPLE-IO-01-RENAME,test,TRANSFORMED,TEST-SIMPLE-IO-01,python,PARAMETER_RENAME,simple_io,G-8b1eb27d8463,CANONICAL_MAPPING_EQUAL,1.0,1.0,True,True,True,0.5562,1.1,
TEST-SIMPLE-IO-01-NATURAL,test,NATURAL_SIMILAR,TEST-SIMPLE-IO-01,python,NATURAL_TEMPLATE,simple_io,G-8b1eb27d8463,CANONICAL_MAPPING_EQUAL,0.8235295,1.0,False,True,True,0.5855,1.1,
TEST-SIMPLE-IO-01-INDEPENDENT,test,INDEPENDENT,TEST-SIMPLE-IO-01,python,INDEPENDENT_SOLUTION,simple_io,G-8b1eb27d8463,CANONICAL_MAPPING_EQUAL,0.5328945,1.0,False,True,True,0.6006,1.2,
TEST-SIMPLE-IO-01-SUSPICIOUS-FORMAT,test,SUSPICIOUS,TEST-SIMPLE-IO-01,python,FORMAT_COMMENT_CHANGE,simple_io,G-8b1eb27d8463,CANONICAL_MAPPING_EQUAL,1.0,1.0,True,True,True,0.5582,1.2,
VALIDATION-ARRAY-LOOP-01-RENAME,validation,TRANSFORMED,VALIDATION-ARRAY-LOOP-01,python,VARIABLE_RENAME,array_loop,G-757a3bd8c3b8,CANONICAL_MAPPING_EQUAL,1.0,1.0,True,True,True,0.8537,1.1,
VALIDATION-ARRAY-LOOP-01-NATURAL,validation,NATURAL_SIMILAR,VALIDATION-ARRAY-LOOP-01,python,NATURAL_TEMPLATE,array_loop,G-757a3bd8c3b8,CANONICAL_MAPPING_EQUAL,0.7258065,1.0,False,True,True,0.8106,1.1,
VALIDATION-ARRAY-LOOP-01-INDEPENDENT,validation,INDEPENDENT,VALIDATION-ARRAY-LOOP-01,python,INDEPENDENT_SOLUTION,array_loop,G-757a3bd8c3b8,CANONICAL_MAPPING_EQUAL,0.304054,1.0,False,True,True,0.7392,1.1,
TEST-ARRAY-LOOP-01-RENAME,test,TRANSFORMED,TEST-ARRAY-LOOP-01,python,VARIABLE_RENAME,array_loop,G-d2407dbc1a72,CANONICAL_MAPPING_EQUAL,1.0,1.0,True,True,True,0.7823,1.2,
TEST-ARRAY-LOOP-01-NATURAL,test,NATURAL_SIMILAR,TEST-ARRAY-LOOP-01,python,NATURAL_TEMPLATE,array_loop,G-d2407dbc1a72,CANONICAL_MAPPING_EQUAL,0.7258065,1.0,False,True,True,0.7981,1.1,
TEST-ARRAY-LOOP-01-INDEPENDENT,test,INDEPENDENT,TEST-ARRAY-LOOP-01,python,INDEPENDENT_SOLUTION,array_loop,G-d2407dbc1a72,CANONICAL_MAPPING_EQUAL,0.304054,1.0,False,True,True,0.7543,1.1,
TEST-ARRAY-LOOP-01-SUSPICIOUS-FORMAT,test,SUSPICIOUS,TEST-ARRAY-LOOP-01,python,FORMAT_COMMENT_CHANGE,array_loop,G-d2407dbc1a72,CANONICAL_MAPPING_EQUAL,1.0,1.0,True,True,True,0.7886,1.0,
VALIDATION-SORT-TEMPLATE-01-RENAME,validation,TRANSFORMED,VALIDATION-SORT-TEMPLATE-01,python,FUNCTION_RENAME,sort_template,G-4bed6eba3770,CANONICAL_MAPPING_EQUAL,1.0,1.0,True,True,True,1.9827,1.1,
VALIDATION-SORT-TEMPLATE-01-NATURAL,validation,NATURAL_SIMILAR,VALIDATION-SORT-TEMPLATE-01,python,NATURAL_TEMPLATE,sort_template,G-4bed6eba3770,CANONICAL_MAPPING_EQUAL,0.9453125,1.0,False,True,True,2.007,1.1,
VALIDATION-SORT-TEMPLATE-01-INDEPENDENT,validation,INDEPENDENT,VALIDATION-SORT-TEMPLATE-01,python,INDEPENDENT_SOLUTION,sort_template,G-4bed6eba3770,CANONICAL_MAPPING_EQUAL,0.1979165,1.0,False,True,True,1.1921,1.2,
TEST-SORT-TEMPLATE-01-RENAME,test,TRANSFORMED,TEST-SORT-TEMPLATE-01,python,FUNCTION_RENAME,sort_template,G-1df5b9b2b1b6,CANONICAL_MAPPING_EQUAL,1.0,1.0,True,True,True,1.9822,1.2,
TEST-SORT-TEMPLATE-01-NATURAL,test,NATURAL_SIMILAR,TEST-SORT-TEMPLATE-01,python,NATURAL_TEMPLATE,sort_template,G-1df5b9b2b1b6,CANONICAL_MAPPING_EQUAL,0.9453125,1.0,False,True,True,2.1706,1.2,
TEST-SORT-TEMPLATE-01-INDEPENDENT,test,INDEPENDENT,TEST-SORT-TEMPLATE-01,python,INDEPENDENT_SOLUTION,sort_template,G-1df5b9b2b1b6,CANONICAL_MAPPING_EQUAL,0.1979165,1.0,False,True,True,1.1775,1.3,
TEST-SORT-TEMPLATE-01-SUSPICIOUS-FORMAT,test,SUSPICIOUS,TEST-SORT-TEMPLATE-01,python,FORMAT_COMMENT_CHANGE,sort_template,G-1df5b9b2b1b6,CANONICAL_MAPPING_EQUAL,1.0,1.0,True,True,True,1.956,1.1,
VALIDATION-DFS-GRAPH-01-RENAME,validation,TRANSFORMED,VALIDATION-DFS-GRAPH-01,python,PARAMETER_RENAME,dfs_graph,G-2d763db84780,CANONICAL_MAPPING_EQUAL,1.0,1.0,True,True,True,1.5236,1.1,
VALIDATION-DFS-GRAPH-01-NATURAL,validation,NATURAL_SIMILAR,VALIDATION-DFS-GRAPH-01,python,NATURAL_TEMPLATE,dfs_graph,G-2d763db84780,CANONICAL_MAPPING_EQUAL,0.9083335,1.0,False,True,True,1.6621,1.1,
VALIDATION-DFS-GRAPH-01-INDEPENDENT,validation,INDEPENDENT,VALIDATION-DFS-GRAPH-01,python,INDEPENDENT_SOLUTION,dfs_graph,G-2d763db84780,CANONICAL_MAPPING_EQUAL,0.296875,1.0,False,True,True,1.4554,1.1,
TEST-DFS-GRAPH-01-RENAME,test,TRANSFORMED,TEST-DFS-GRAPH-01,python,PARAMETER_RENAME,dfs_graph,G-58c393589490,CANONICAL_MAPPING_EQUAL,1.0,1.0,True,True,True,1.5291,1.2,
TEST-DFS-GRAPH-01-NATURAL,test,NATURAL_SIMILAR,TEST-DFS-GRAPH-01,python,NATURAL_TEMPLATE,dfs_graph,G-58c393589490,CANONICAL_MAPPING_EQUAL,0.9083335,1.0,False,True,True,1.5814,1.1,
TEST-DFS-GRAPH-01-INDEPENDENT,test,INDEPENDENT,TEST-DFS-GRAPH-01,python,INDEPENDENT_SOLUTION,dfs_graph,G-58c393589490,CANONICAL_MAPPING_EQUAL,0.296875,1.0,False,True,True,1.5393,1.1,
TEST-DFS-GRAPH-01-SUSPICIOUS-FORMAT,test,SUSPICIOUS,TEST-DFS-GRAPH-01,python,FORMAT_COMMENT_CHANGE,dfs_graph,G-58c393589490,CANONICAL_MAPPING_EQUAL,1.0,1.0,True,True,True,1.5216,1.1,
VALIDATION-DP-VARIANT-01-RENAME,validation,TRANSFORMED,VALIDATION-DP-VARIANT-01,python,VARIABLE_RENAME,dp_variant,G-ea7d15d8556b,CANONICAL_MAPPING_EQUAL,1.0,1.0,True,True,True,1.2365,1.2,
VALIDATION-DP-VARIANT-01-NATURAL,validation,NATURAL_SIMILAR,VALIDATION-DP-VARIANT-01,python,NATURAL_TEMPLATE,dp_variant,G-ea7d15d8556b,CANONICAL_MAPPING_EQUAL,0.818182,1.0,False,True,True,1.1988,1.2,
VALIDATION-DP-VARIANT-01-INDEPENDENT,validation,INDEPENDENT,VALIDATION-DP-VARIANT-01,python,INDEPENDENT_SOLUTION,dp_variant,G-ea7d15d8556b,CANONICAL_MAPPING_EQUAL,0.2861445,1.0,False,True,True,1.5635,1.1,
TEST-DP-VARIANT-01-RENAME,test,TRANSFORMED,TEST-DP-VARIANT-01,python,VARIABLE_RENAME,dp_variant,G-1bc17e655062,CANONICAL_MAPPING_EQUAL,1.0,1.0,True,True,True,1.1512,1.2,
TEST-DP-VARIANT-01-NATURAL,test,NATURAL_SIMILAR,TEST-DP-VARIANT-01,python,NATURAL_TEMPLATE,dp_variant,G-1bc17e655062,CANONICAL_MAPPING_EQUAL,0.818182,1.0,False,True,True,1.1366,1.1,
TEST-DP-VARIANT-01-INDEPENDENT,test,INDEPENDENT,TEST-DP-VARIANT-01,python,INDEPENDENT_SOLUTION,dp_variant,G-1bc17e655062,CANONICAL_MAPPING_EQUAL,0.2861445,1.0,False,True,True,1.4081,1.1,
TEST-DP-VARIANT-01-SUSPICIOUS-FORMAT,test,SUSPICIOUS,TEST-DP-VARIANT-01,python,FORMAT_COMMENT_CHANGE,dp_variant,G-1bc17e655062,CANONICAL_MAPPING_EQUAL,1.0,1.0,True,True,True,1.1386,1.2,
SEED-VALIDATION-01-SIMPLE-IO-01-NATURAL_TEMPLATE,validation,NATURAL_SIMILAR,SEED-VALIDATION-01-SIMPLE-IO,python,NATURAL_TEMPLATE,simple_io,G-37eed964aaa4,CANONICAL_MAPPING_EQUAL,0.888889,1.0,False,True,True,0.6512,1.1,
SEED-VALIDATION-01-SIMPLE-IO-02-PARAMETER_RENAME,validation,TRANSFORMED,SEED-VALIDATION-01-SIMPLE-IO,python,PARAMETER_RENAME,simple_io,G-37eed964aaa4,CANONICAL_MAPPING_EQUAL,1.0,1.0,True,True,True,0.6024,1.2,
SEED-VALIDATION-01-SIMPLE-IO-03-FORMAT_COMMENT_CHANGE,validation,TRANSFORMED,SEED-VALIDATION-01-SIMPLE-IO,java,FORMAT_COMMENT_CHANGE,simple_io,G-37eed964aaa4,CANONICAL_MAPPING_EQUAL,1.0,1.0,True,True,True,1.1021,1.2,
SEED-VALIDATION-02-ARRAY-LOOP-01-VARIABLE_RENAME,validation,TRANSFORMED,SEED-VALIDATION-02-ARRAY-LOOP,java,VARIABLE_RENAME,array_loop,G-1f5ad99c3c54,CANONICAL_MAPPING_EQUAL,1.0,1.0,True,True,True,1.3041,1.1,
SEED-VALIDATION-02-ARRAY-LOOP-02-LOCAL_REORDER,validation,TRANSFORMED,SEED-VALIDATION-02-ARRAY-LOOP,python,LOCAL_REORDER,array_loop,G-1f5ad99c3c54,CANONICAL_MAPPING_EQUAL,0.7261905,1.0,False,False,True,0.9535,1.1,
SEED-VALIDATION-02-ARRAY-LOOP-03-INDEPENDENT_SOLUTION,validation,INDEPENDENT,SEED-VALIDATION-02-ARRAY-LOOP,python,INDEPENDENT_SOLUTION,array_loop,G-1f5ad99c3c54,CANONICAL_MAPPING_EQUAL,,1.0,,,False,0.6919,0.6,Scope normalization is unavailable; weighted analysis fell back to raw tokens.
SEED-VALIDATION-03-SORT-TEMPLATE-01-FUNCTION_RENAME,validation,TRANSFORMED,SEED-VALIDATION-03-SORT-TEMPLATE,java,FUNCTION_RENAME,sort_template,G-f36d36dda4ce,CANONICAL_MAPPING_EQUAL,1.0,1.0,True,True,True,1.2766,1.3,
SEED-VALIDATION-03-SORT-TEMPLATE-02-HUMAN_REWRITE,validation,SUSPICIOUS,SEED-VALIDATION-03-SORT-TEMPLATE,python,HUMAN_REWRITE,sort_template,G-f36d36dda4ce,CANONICAL_MAPPING_EQUAL,0.1979165,1.0,False,False,True,1.2202,1.2,
SEED-VALIDATION-03-SORT-TEMPLATE-03-COMMON_STRUCTURE,validation,INDEPENDENT,SEED-VALIDATION-03-SORT-TEMPLATE,python,COMMON_STRUCTURE,sort_template,G-f36d36dda4ce,CANONICAL_MAPPING_EQUAL,0.38,1.0,False,True,True,1.423,1.1,
SEED-VALIDATION-04-STRING-PROCESSING-01-SPLIT_MERGE,validation,TRANSFORMED,SEED-VALIDATION-04-STRING-PROCESSING,python,SPLIT_MERGE,string_processing,G-a3a6560f116d,CANONICAL_MAPPING_EQUAL,0.26666650000000003,1.0,False,False,True,0.9062,1.1,
SEED-VALIDATION-04-STRING-PROCESSING-02-UNSUPPORTED_SYNTAX,validation,TRANSFORMED,SEED-VALIDATION-04-STRING-PROCESSING,python,UNSUPPORTED_SYNTAX,string_processing,G-a3a6560f116d,CANONICAL_MAPPING_EQUAL,,1.0,,,False,0.8221,0.5,Scope normalization is unavailable; weighted analysis fell back to raw tokens.
SEED-VALIDATION-05-DFS-GRAPH-02-VARIABLE_RENAME,validation,TRANSFORMED,SEED-VALIDATION-05-DFS-GRAPH,python,VARIABLE_RENAME,dfs_graph,G-a5d051fec4db,CANONICAL_MAPPING_EQUAL,1.0,1.0,True,True,True,1.7749,1.2,
SEED-VALIDATION-05-DFS-GRAPH-03-NATURAL_TEMPLATE,validation,NATURAL_SIMILAR,SEED-VALIDATION-05-DFS-GRAPH,python,NATURAL_TEMPLATE,dfs_graph,G-a5d051fec4db,CANONICAL_MAPPING_EQUAL,0.96875,1.0,False,True,True,1.7091,1.2,
SEED-VALIDATION-06-BFS-GRAPH-01-HUMAN_REWRITE,validation,SUSPICIOUS,SEED-VALIDATION-06-BFS-GRAPH,python,HUMAN_REWRITE,bfs_graph,G-21cf422ad152,CANONICAL_MAPPING_EQUAL,,1.0,,,False,1.3617,0.7,Scope normalization is unavailable; weighted analysis fell back to raw tokens.
SEED-VALIDATION-06-BFS-GRAPH-02-FUNCTION_RENAME,validation,TRANSFORMED,SEED-VALIDATION-06-BFS-GRAPH,python,FUNCTION_RENAME,bfs_graph,G-21cf422ad152,CANONICAL_MAPPING_EQUAL,1.0,1.0,True,True,True,1.7198,1.1,
SEED-VALIDATION-06-BFS-GRAPH-03-INDEPENDENT_SOLUTION,validation,INDEPENDENT,SEED-VALIDATION-06-BFS-GRAPH,java,INDEPENDENT_SOLUTION,bfs_graph,G-21cf422ad152,CANONICAL_MAPPING_EQUAL,0.3789475,1.0,False,True,True,1.3368,1.1,
SEED-VALIDATION-07-DP-VARIANT-01-SPLIT_MERGE,validation,TRANSFORMED,SEED-VALIDATION-07-DP-VARIANT,python,SPLIT_MERGE,dp_variant,G-7a19db4fd5a2,CANONICAL_MAPPING_EQUAL,0.1672535,1.0,False,False,True,1.2889,1.1,
SEED-VALIDATION-07-DP-VARIANT-02-PARAMETER_RENAME,validation,TRANSFORMED,SEED-VALIDATION-07-DP-VARIANT,python,PARAMETER_RENAME,dp_variant,G-7a19db4fd5a2,CANONICAL_MAPPING_EQUAL,1.0,1.0,True,True,True,1.2151,1.2,
SEED-VALIDATION-07-DP-VARIANT-03-COMMON_STRUCTURE,validation,INDEPENDENT,SEED-VALIDATION-07-DP-VARIANT,python,COMMON_STRUCTURE,dp_variant,G-7a19db4fd5a2,CANONICAL_MAPPING_EQUAL,0.40625,1.0,False,True,True,0.9375,1.1,
SEED-VALIDATION-08-SIMULATION-01-LOCAL_REORDER,validation,TRANSFORMED,SEED-VALIDATION-08-SIMULATION,python,LOCAL_REORDER,simulation,G-59cdddf595d1,CANONICAL_MAPPING_EQUAL,0.745098,1.0,False,False,True,1.1657,1.0,
SEED-TEST-01-SIMPLE-IO-01-HUMAN_REWRITE,test,SUSPICIOUS,SEED-TEST-01-SIMPLE-IO,python,HUMAN_REWRITE,simple_io,G-6bee25961fdf,CANONICAL_MAPPING_EQUAL,0.5,1.0,False,False,True,0.6431,1.0,
SEED-TEST-01-SIMPLE-IO-02-INDEPENDENT_SOLUTION,test,INDEPENDENT,SEED-TEST-01-SIMPLE-IO,java,INDEPENDENT_SOLUTION,simple_io,G-6bee25961fdf,CANONICAL_MAPPING_EQUAL,0.5842105,1.0,False,True,True,0.9202,1.2,
SEED-TEST-02-ARRAY-LOOP-01-NATURAL_TEMPLATE,test,NATURAL_SIMILAR,SEED-TEST-02-ARRAY-LOOP,python,NATURAL_TEMPLATE,array_loop,G-a6ec091a67b7,CANONICAL_MAPPING_EQUAL,1.0,1.0,True,False,True,0.8225,1.1,
SEED-TEST-02-ARRAY-LOOP-02-VARIABLE_RENAME,test,TRANSFORMED,SEED-TEST-02-ARRAY-LOOP,python,VARIABLE_RENAME,array_loop,G-a6ec091a67b7,CANONICAL_MAPPING_EQUAL,1.0,1.0,True,True,True,0.7963,1.1,
SEED-TEST-02-ARRAY-LOOP-03-UNSUPPORTED_SYNTAX,test,TRANSFORMED,SEED-TEST-02-ARRAY-LOOP,python,UNSUPPORTED_SYNTAX,array_loop,G-a6ec091a67b7,CANONICAL_MAPPING_EQUAL,,1.0,,,False,0.7887,0.5,Scope normalization is unavailable; weighted analysis fell back to raw tokens.
SEED-TEST-03-SORT-TEMPLATE-01-FORMAT_COMMENT_CHANGE,test,TRANSFORMED,SEED-TEST-03-SORT-TEMPLATE,python,FORMAT_COMMENT_CHANGE,sort_template,G-5a102d196ca4,CANONICAL_MAPPING_EQUAL,1.0,1.0,True,True,True,2.0112,1.1,
SEED-TEST-03-SORT-TEMPLATE-02-LOCAL_REORDER,test,TRANSFORMED,SEED-TEST-03-SORT-TEMPLATE,python,LOCAL_REORDER,sort_template,G-5a102d196ca4,CANONICAL_MAPPING_EQUAL,0.8295455,1.0,False,False,True,2.1007,1.1,
SEED-TEST-04-STRING-PROCESSING-01-FUNCTION_RENAME,test,TRANSFORMED,SEED-TEST-04-STRING-PROCESSING,python,FUNCTION_RENAME,string_processing,G-309c6f7637ad,CANONICAL_MAPPING_EQUAL,1.0,1.0,True,True,True,0.8528,1.1,
SEED-TEST-04-STRING-PROCESSING-02-PARAMETER_RENAME,test,TRANSFORMED,SEED-TEST-04-STRING-PROCESSING,java,PARAMETER_RENAME,string_processing,G-309c6f7637ad,CANONICAL_MAPPING_EQUAL,1.0,1.0,True,True,True,1.6608,1.1,
SEED-TEST-04-STRING-PROCESSING-03-COMMON_STRUCTURE,test,INDEPENDENT,SEED-TEST-04-STRING-PROCESSING,python,COMMON_STRUCTURE,string_processing,G-309c6f7637ad,CANONICAL_MAPPING_EQUAL,0.75,1.0,False,True,True,0.8286,1.1,
SEED-TEST-05-DFS-GRAPH-01-SPLIT_MERGE,test,TRANSFORMED,SEED-TEST-05-DFS-GRAPH,python,SPLIT_MERGE,dfs_graph,G-0aa256ed50ef,CANONICAL_MAPPING_EQUAL,0.145082,1.0,False,False,True,1.9087,1.1,
SEED-TEST-05-DFS-GRAPH-02-HUMAN_REWRITE,test,SUSPICIOUS,SEED-TEST-05-DFS-GRAPH,python,HUMAN_REWRITE,dfs_graph,G-0aa256ed50ef,CANONICAL_MAPPING_EQUAL,,1.0,,,False,1.3809,0.6,Scope normalization is unavailable; weighted analysis fell back to raw tokens.
SEED-TEST-05-DFS-GRAPH-03-NATURAL_TEMPLATE,test,NATURAL_SIMILAR,SEED-TEST-05-DFS-GRAPH,python,NATURAL_TEMPLATE,dfs_graph,G-0aa256ed50ef,CANONICAL_MAPPING_EQUAL,0.96875,1.0,False,True,True,1.8121,1.1,
SEED-TEST-06-BFS-GRAPH-02-COMMON_STRUCTURE,test,INDEPENDENT,SEED-TEST-06-BFS-GRAPH,python,COMMON_STRUCTURE,bfs_graph,G-c4feb47ceaf4,CANONICAL_MAPPING_EQUAL,0.275974,1.0,False,True,True,1.2689,1.2,
SEED-TEST-06-BFS-GRAPH-03-UNSUPPORTED_SYNTAX,test,TRANSFORMED,SEED-TEST-06-BFS-GRAPH,python,UNSUPPORTED_SYNTAX,bfs_graph,G-c4feb47ceaf4,CANONICAL_MAPPING_EQUAL,,1.0,,,False,1.6591,0.6,Scope normalization is unavailable; weighted analysis fell back to raw tokens.
SEED-TEST-07-DP-VARIANT-01-VARIABLE_RENAME,test,TRANSFORMED,SEED-TEST-07-DP-VARIANT,java,VARIABLE_RENAME,dp_variant,G-8ead3e4ae352,CANONICAL_MAPPING_EQUAL,1.0,1.0,True,True,True,1.2897,1.2,
SEED-TEST-07-DP-VARIANT-02-FORMAT_COMMENT_CHANGE,test,TRANSFORMED,SEED-TEST-07-DP-VARIANT,python,FORMAT_COMMENT_CHANGE,dp_variant,G-8ead3e4ae352,CANONICAL_MAPPING_EQUAL,1.0,1.0,True,True,True,1.0908,1.4,
SEED-TEST-07-DP-VARIANT-03-INDEPENDENT_SOLUTION,test,INDEPENDENT,SEED-TEST-07-DP-VARIANT,python,INDEPENDENT_SOLUTION,dp_variant,G-8ead3e4ae352,CANONICAL_MAPPING_EQUAL,,1.0,,,False,1.0047,0.5,Scope normalization is unavailable; weighted analysis fell back to raw tokens.
SEED-TEST-08-SIMULATION-01-LOCAL_REORDER,test,TRANSFORMED,SEED-TEST-08-SIMULATION,java,LOCAL_REORDER,simulation,G-12846af3e054,CANONICAL_MAPPING_EQUAL,1.0,1.0,True,True,True,1.3639,1.2,
SEED-TEST-08-SIMULATION-02-SPLIT_MERGE,test,TRANSFORMED,SEED-TEST-08-SIMULATION,python,SPLIT_MERGE,simulation,G-12846af3e054,CANONICAL_MAPPING_EQUAL,0.215847,1.0,False,False,True,1.1275,1.2,
VALIDATION-SIMPLE-IO-01-RENAME,validation,TRANSFORMED,VALIDATION-SIMPLE-IO-01,python,PARAMETER_RENAME,simple_io,G-314b9ce84860,ALL_EQUAL,0.76,0.4,True,True,True,1.2203,1.7,
VALIDATION-SIMPLE-IO-01-NATURAL,validation,NATURAL_SIMILAR,VALIDATION-SIMPLE-IO-01,python,NATURAL_TEMPLATE,simple_io,G-314b9ce84860,ALL_EQUAL,0.7235295,0.4,True,False,True,0.6566,1.7,
VALIDATION-SIMPLE-IO-01-INDEPENDENT,validation,INDEPENDENT,VALIDATION-SIMPLE-IO-01,python,INDEPENDENT_SOLUTION,simple_io,G-314b9ce84860,ALL_EQUAL,0.37539449999999996,0.4,False,True,True,0.5473,1.7,
TEST-SIMPLE-IO-01-RENAME,test,TRANSFORMED,TEST-SIMPLE-IO-01,python,PARAMETER_RENAME,simple_io,G-8b1eb27d8463,ALL_EQUAL,0.76,0.4,True,True,True,0.5562,1.7,
TEST-SIMPLE-IO-01-NATURAL,test,NATURAL_SIMILAR,TEST-SIMPLE-IO-01,python,NATURAL_TEMPLATE,simple_io,G-8b1eb27d8463,ALL_EQUAL,0.7235295,0.4,True,False,True,0.5855,1.6,
TEST-SIMPLE-IO-01-INDEPENDENT,test,INDEPENDENT,TEST-SIMPLE-IO-01,python,INDEPENDENT_SOLUTION,simple_io,G-8b1eb27d8463,ALL_EQUAL,0.37539449999999996,0.4,False,True,True,0.6006,1.6,
TEST-SIMPLE-IO-01-SUSPICIOUS-FORMAT,test,SUSPICIOUS,TEST-SIMPLE-IO-01,python,FORMAT_COMMENT_CHANGE,simple_io,G-8b1eb27d8463,ALL_EQUAL,0.76,0.4,True,True,True,0.5582,1.7,
VALIDATION-ARRAY-LOOP-01-RENAME,validation,TRANSFORMED,VALIDATION-ARRAY-LOOP-01,python,VARIABLE_RENAME,array_loop,G-757a3bd8c3b8,ALL_EQUAL,0.76829275,0.4,True,True,True,0.8537,1.7,
VALIDATION-ARRAY-LOOP-01-NATURAL,validation,NATURAL_SIMILAR,VALIDATION-ARRAY-LOOP-01,python,NATURAL_TEMPLATE,array_loop,G-757a3bd8c3b8,ALL_EQUAL,0.59067125,0.4,True,False,True,0.8106,1.7,
VALIDATION-ARRAY-LOOP-01-INDEPENDENT,validation,INDEPENDENT,VALIDATION-ARRAY-LOOP-01,python,INDEPENDENT_SOLUTION,array_loop,G-757a3bd8c3b8,ALL_EQUAL,0.21110525,0.4,False,True,True,0.7392,1.7,
TEST-ARRAY-LOOP-01-RENAME,test,TRANSFORMED,TEST-ARRAY-LOOP-01,python,VARIABLE_RENAME,array_loop,G-d2407dbc1a72,ALL_EQUAL,0.76829275,0.4,True,True,True,0.7823,1.6,
TEST-ARRAY-LOOP-01-NATURAL,test,NATURAL_SIMILAR,TEST-ARRAY-LOOP-01,python,NATURAL_TEMPLATE,array_loop,G-d2407dbc1a72,ALL_EQUAL,0.59067125,0.4,True,False,True,0.7981,1.7,
TEST-ARRAY-LOOP-01-INDEPENDENT,test,INDEPENDENT,TEST-ARRAY-LOOP-01,python,INDEPENDENT_SOLUTION,array_loop,G-d2407dbc1a72,ALL_EQUAL,0.21110525,0.4,False,True,True,0.7543,1.7,
TEST-ARRAY-LOOP-01-SUSPICIOUS-FORMAT,test,SUSPICIOUS,TEST-ARRAY-LOOP-01,python,FORMAT_COMMENT_CHANGE,array_loop,G-d2407dbc1a72,ALL_EQUAL,0.76829275,0.4,True,True,True,0.7886,1.6,
VALIDATION-SORT-TEMPLATE-01-RENAME,validation,TRANSFORMED,VALIDATION-SORT-TEMPLATE-01,python,FUNCTION_RENAME,sort_template,G-4bed6eba3770,ALL_EQUAL,0.7857142500000001,0.4,True,True,True,1.9827,1.7,
VALIDATION-SORT-TEMPLATE-01-NATURAL,validation,NATURAL_SIMILAR,VALIDATION-SORT-TEMPLATE-01,python,NATURAL_TEMPLATE,sort_template,G-4bed6eba3770,ALL_EQUAL,0.92515125,0.4,True,False,True,2.007,1.7,
VALIDATION-SORT-TEMPLATE-01-INDEPENDENT,validation,INDEPENDENT,VALIDATION-SORT-TEMPLATE-01,python,INDEPENDENT_SOLUTION,sort_template,G-4bed6eba3770,ALL_EQUAL,0.133814,0.4,False,True,True,1.1921,1.6,
TEST-SORT-TEMPLATE-01-RENAME,test,TRANSFORMED,TEST-SORT-TEMPLATE-01,python,FUNCTION_RENAME,sort_template,G-1df5b9b2b1b6,ALL_EQUAL,0.77522925,0.4,True,True,True,1.9822,1.6,
TEST-SORT-TEMPLATE-01-NATURAL,test,NATURAL_SIMILAR,TEST-SORT-TEMPLATE-01,python,NATURAL_TEMPLATE,sort_template,G-1df5b9b2b1b6,ALL_EQUAL,0.92515125,0.4,True,False,True,2.1706,1.8,
TEST-SORT-TEMPLATE-01-INDEPENDENT,test,INDEPENDENT,TEST-SORT-TEMPLATE-01,python,INDEPENDENT_SOLUTION,sort_template,G-1df5b9b2b1b6,ALL_EQUAL,0.133814,0.4,False,True,True,1.1775,1.7,
TEST-SORT-TEMPLATE-01-SUSPICIOUS-FORMAT,test,SUSPICIOUS,TEST-SORT-TEMPLATE-01,python,FORMAT_COMMENT_CHANGE,sort_template,G-1df5b9b2b1b6,ALL_EQUAL,0.77522925,0.4,True,True,True,1.956,1.6,
VALIDATION-DFS-GRAPH-01-RENAME,validation,TRANSFORMED,VALIDATION-DFS-GRAPH-01,python,PARAMETER_RENAME,dfs_graph,G-2d763db84780,ALL_EQUAL,0.76767675,0.4,True,True,True,1.5236,1.7,
VALIDATION-DFS-GRAPH-01-NATURAL,validation,NATURAL_SIMILAR,VALIDATION-DFS-GRAPH-01,python,NATURAL_TEMPLATE,dfs_graph,G-2d763db84780,ALL_EQUAL,0.8770835,0.4,True,False,True,1.6621,1.6,
VALIDATION-DFS-GRAPH-01-INDEPENDENT,validation,INDEPENDENT,VALIDATION-DFS-GRAPH-01,python,INDEPENDENT_SOLUTION,dfs_graph,G-2d763db84780,ALL_EQUAL,0.30545025,0.4,False,True,True,1.4554,1.6,
TEST-DFS-GRAPH-01-RENAME,test,TRANSFORMED,TEST-DFS-GRAPH-01,python,PARAMETER_RENAME,dfs_graph,G-58c393589490,ALL_EQUAL,0.76767675,0.4,True,True,True,1.5291,1.8,
TEST-DFS-GRAPH-01-NATURAL,test,NATURAL_SIMILAR,TEST-DFS-GRAPH-01,python,NATURAL_TEMPLATE,dfs_graph,G-58c393589490,ALL_EQUAL,0.8770835,0.4,True,False,True,1.5814,1.7,
TEST-DFS-GRAPH-01-INDEPENDENT,test,INDEPENDENT,TEST-DFS-GRAPH-01,python,INDEPENDENT_SOLUTION,dfs_graph,G-58c393589490,ALL_EQUAL,0.30545025,0.4,False,True,True,1.5393,1.6,
TEST-DFS-GRAPH-01-SUSPICIOUS-FORMAT,test,SUSPICIOUS,TEST-DFS-GRAPH-01,python,FORMAT_COMMENT_CHANGE,dfs_graph,G-58c393589490,ALL_EQUAL,0.76767675,0.4,True,True,True,1.5216,1.6,
VALIDATION-DP-VARIANT-01-RENAME,validation,TRANSFORMED,VALIDATION-DP-VARIANT-01,python,VARIABLE_RENAME,dp_variant,G-ea7d15d8556b,ALL_EQUAL,0.7615385,0.4,True,True,True,1.2365,1.6,
VALIDATION-DP-VARIANT-01-NATURAL,validation,NATURAL_SIMILAR,VALIDATION-DP-VARIANT-01,python,NATURAL_TEMPLATE,dp_variant,G-ea7d15d8556b,ALL_EQUAL,0.75366575,0.4,True,False,True,1.1988,1.6,
VALIDATION-DP-VARIANT-01-INDEPENDENT,validation,INDEPENDENT,VALIDATION-DP-VARIANT-01,python,INDEPENDENT_SOLUTION,dp_variant,G-ea7d15d8556b,ALL_EQUAL,0.20939,0.4,False,True,True,1.5635,1.7,
TEST-DP-VARIANT-01-RENAME,test,TRANSFORMED,TEST-DP-VARIANT-01,python,VARIABLE_RENAME,dp_variant,G-1bc17e655062,ALL_EQUAL,0.7615385,0.4,True,True,True,1.1512,1.6,
TEST-DP-VARIANT-01-NATURAL,test,NATURAL_SIMILAR,TEST-DP-VARIANT-01,python,NATURAL_TEMPLATE,dp_variant,G-1bc17e655062,ALL_EQUAL,0.75366575,0.4,True,False,True,1.1366,1.6,
TEST-DP-VARIANT-01-INDEPENDENT,test,INDEPENDENT,TEST-DP-VARIANT-01,python,INDEPENDENT_SOLUTION,dp_variant,G-1bc17e655062,ALL_EQUAL,0.20939,0.4,False,True,True,1.4081,1.5,
TEST-DP-VARIANT-01-SUSPICIOUS-FORMAT,test,SUSPICIOUS,TEST-DP-VARIANT-01,python,FORMAT_COMMENT_CHANGE,dp_variant,G-1bc17e655062,ALL_EQUAL,0.7615385,0.4,True,True,True,1.1386,1.7,
SEED-VALIDATION-01-SIMPLE-IO-01-NATURAL_TEMPLATE,validation,NATURAL_SIMILAR,SEED-VALIDATION-01-SIMPLE-IO,python,NATURAL_TEMPLATE,simple_io,G-37eed964aaa4,ALL_EQUAL,0.888889,0.4,True,False,True,0.6512,1.6,
SEED-VALIDATION-01-SIMPLE-IO-02-PARAMETER_RENAME,validation,TRANSFORMED,SEED-VALIDATION-01-SIMPLE-IO,python,PARAMETER_RENAME,simple_io,G-37eed964aaa4,ALL_EQUAL,0.8,0.4,True,True,True,0.6024,1.7,
SEED-VALIDATION-01-SIMPLE-IO-03-FORMAT_COMMENT_CHANGE,validation,TRANSFORMED,SEED-VALIDATION-01-SIMPLE-IO,java,FORMAT_COMMENT_CHANGE,simple_io,G-37eed964aaa4,ALL_EQUAL,1.0,0.4,True,True,True,1.1021,1.6,
SEED-VALIDATION-02-ARRAY-LOOP-01-VARIABLE_RENAME,validation,TRANSFORMED,SEED-VALIDATION-02-ARRAY-LOOP,java,VARIABLE_RENAME,array_loop,G-1f5ad99c3c54,ALL_EQUAL,0.82258075,0.4,True,True,True,1.3041,1.6,
SEED-VALIDATION-02-ARRAY-LOOP-02-LOCAL_REORDER,validation,TRANSFORMED,SEED-VALIDATION-02-ARRAY-LOOP,python,LOCAL_REORDER,array_loop,G-1f5ad99c3c54,ALL_EQUAL,0.76113675,0.4,True,True,True,0.9535,1.6,
SEED-VALIDATION-02-ARRAY-LOOP-03-INDEPENDENT_SOLUTION,validation,INDEPENDENT,SEED-VALIDATION-02-ARRAY-LOOP,python,INDEPENDENT_SOLUTION,array_loop,G-1f5ad99c3c54,ALL_EQUAL,,0.4,,,False,0.6919,0.8,Scope normalization is unavailable; weighted analysis fell back to raw tokens.
SEED-VALIDATION-03-SORT-TEMPLATE-01-FUNCTION_RENAME,validation,TRANSFORMED,SEED-VALIDATION-03-SORT-TEMPLATE,java,FUNCTION_RENAME,sort_template,G-f36d36dda4ce,ALL_EQUAL,0.96511625,0.4,True,True,True,1.2766,1.7,
SEED-VALIDATION-03-SORT-TEMPLATE-02-HUMAN_REWRITE,validation,SUSPICIOUS,SEED-VALIDATION-03-SORT-TEMPLATE,python,HUMAN_REWRITE,sort_template,G-f36d36dda4ce,ALL_EQUAL,0.12576475,0.4,False,False,True,1.2202,1.7,
SEED-VALIDATION-03-SORT-TEMPLATE-03-COMMON_STRUCTURE,validation,INDEPENDENT,SEED-VALIDATION-03-SORT-TEMPLATE,python,COMMON_STRUCTURE,sort_template,G-f36d36dda4ce,ALL_EQUAL,0.23625000000000002,0.4,False,True,True,1.423,1.6,
SEED-VALIDATION-04-STRING-PROCESSING-01-SPLIT_MERGE,validation,TRANSFORMED,SEED-VALIDATION-04-STRING-PROCESSING,python,SPLIT_MERGE,string_processing,G-a3a6560f116d,ALL_EQUAL,0.53433425,0.4,True,True,True,0.9062,1.7,
SEED-VALIDATION-04-STRING-PROCESSING-02-UNSUPPORTED_SYNTAX,validation,TRANSFORMED,SEED-VALIDATION-04-STRING-PROCESSING,python,UNSUPPORTED_SYNTAX,string_processing,G-a3a6560f116d,ALL_EQUAL,,0.4,,,False,0.8221,0.7,Scope normalization is unavailable; weighted analysis fell back to raw tokens.
SEED-VALIDATION-05-DFS-GRAPH-02-VARIABLE_RENAME,validation,TRANSFORMED,SEED-VALIDATION-05-DFS-GRAPH,python,VARIABLE_RENAME,dfs_graph,G-a5d051fec4db,ALL_EQUAL,0.9295775,0.4,True,True,True,1.7749,1.6,
SEED-VALIDATION-05-DFS-GRAPH-03-NATURAL_TEMPLATE,validation,NATURAL_SIMILAR,SEED-VALIDATION-05-DFS-GRAPH,python,NATURAL_TEMPLATE,dfs_graph,G-a5d051fec4db,ALL_EQUAL,0.96875,0.4,True,False,True,1.7091,1.6,
SEED-VALIDATION-06-BFS-GRAPH-01-HUMAN_REWRITE,validation,SUSPICIOUS,SEED-VALIDATION-06-BFS-GRAPH,python,HUMAN_REWRITE,bfs_graph,G-21cf422ad152,ALL_EQUAL,,0.4,,,False,1.3617,0.6,Scope normalization is unavailable; weighted analysis fell back to raw tokens.
SEED-VALIDATION-06-BFS-GRAPH-02-FUNCTION_RENAME,validation,TRANSFORMED,SEED-VALIDATION-06-BFS-GRAPH,python,FUNCTION_RENAME,bfs_graph,G-21cf422ad152,ALL_EQUAL,0.9836065,0.4,True,True,True,1.7198,1.6,
SEED-VALIDATION-06-BFS-GRAPH-03-INDEPENDENT_SOLUTION,validation,INDEPENDENT,SEED-VALIDATION-06-BFS-GRAPH,java,INDEPENDENT_SOLUTION,bfs_graph,G-21cf422ad152,ALL_EQUAL,0.28288025,0.4,False,True,True,1.3368,1.7,
SEED-VALIDATION-07-DP-VARIANT-01-SPLIT_MERGE,validation,TRANSFORMED,SEED-VALIDATION-07-DP-VARIANT,python,SPLIT_MERGE,dp_variant,G-7a19db4fd5a2,ALL_EQUAL,0.45837425,0.4,True,True,True,1.2889,1.7,
SEED-VALIDATION-07-DP-VARIANT-02-PARAMETER_RENAME,validation,TRANSFORMED,SEED-VALIDATION-07-DP-VARIANT,python,PARAMETER_RENAME,dp_variant,G-7a19db4fd5a2,ALL_EQUAL,0.923077,0.4,True,True,True,1.2151,1.8,
SEED-VALIDATION-07-DP-VARIANT-03-COMMON_STRUCTURE,validation,INDEPENDENT,SEED-VALIDATION-07-DP-VARIANT,python,COMMON_STRUCTURE,dp_variant,G-7a19db4fd5a2,ALL_EQUAL,0.30088125,0.4,False,True,True,0.9375,1.6,
SEED-VALIDATION-08-SIMULATION-01-LOCAL_REORDER,validation,TRANSFORMED,SEED-VALIDATION-08-SIMULATION,python,LOCAL_REORDER,simulation,G-59cdddf595d1,ALL_EQUAL,0.7889575,0.4,True,True,True,1.1657,1.7,
SEED-TEST-01-SIMPLE-IO-01-HUMAN_REWRITE,test,SUSPICIOUS,SEED-TEST-01-SIMPLE-IO,python,HUMAN_REWRITE,simple_io,G-6bee25961fdf,ALL_EQUAL,0.31524725,0.4,False,False,True,0.6431,1.7,
SEED-TEST-01-SIMPLE-IO-02-INDEPENDENT_SOLUTION,test,INDEPENDENT,SEED-TEST-01-SIMPLE-IO,java,INDEPENDENT_SOLUTION,simple_io,G-6bee25961fdf,ALL_EQUAL,0.3842105,0.4,False,True,True,0.9202,1.6,
SEED-TEST-02-ARRAY-LOOP-01-NATURAL_TEMPLATE,test,NATURAL_SIMILAR,SEED-TEST-02-ARRAY-LOOP,python,NATURAL_TEMPLATE,array_loop,G-a6ec091a67b7,ALL_EQUAL,1.0,0.4,True,False,True,0.8225,1.6,
SEED-TEST-02-ARRAY-LOOP-02-VARIABLE_RENAME,test,TRANSFORMED,SEED-TEST-02-ARRAY-LOOP,python,VARIABLE_RENAME,array_loop,G-a6ec091a67b7,ALL_EQUAL,0.76829275,0.4,True,True,True,0.7963,1.7,
SEED-TEST-02-ARRAY-LOOP-03-UNSUPPORTED_SYNTAX,test,TRANSFORMED,SEED-TEST-02-ARRAY-LOOP,python,UNSUPPORTED_SYNTAX,array_loop,G-a6ec091a67b7,ALL_EQUAL,,0.4,,,False,0.7887,0.8,Scope normalization is unavailable; weighted analysis fell back to raw tokens.
SEED-TEST-03-SORT-TEMPLATE-01-FORMAT_COMMENT_CHANGE,test,TRANSFORMED,SEED-TEST-03-SORT-TEMPLATE,python,FORMAT_COMMENT_CHANGE,sort_template,G-5a102d196ca4,ALL_EQUAL,1.0,0.4,True,True,True,2.0112,1.7,
SEED-TEST-03-SORT-TEMPLATE-02-LOCAL_REORDER,test,TRANSFORMED,SEED-TEST-03-SORT-TEMPLATE,python,LOCAL_REORDER,sort_template,G-5a102d196ca4,ALL_EQUAL,0.86631025,0.4,True,True,True,2.1007,1.6,
SEED-TEST-04-STRING-PROCESSING-01-FUNCTION_RENAME,test,TRANSFORMED,SEED-TEST-04-STRING-PROCESSING,python,FUNCTION_RENAME,string_processing,G-309c6f7637ad,ALL_EQUAL,0.96,0.4,True,True,True,0.8528,1.6,
SEED-TEST-04-STRING-PROCESSING-02-PARAMETER_RENAME,test,TRANSFORMED,SEED-TEST-04-STRING-PROCESSING,java,PARAMETER_RENAME,string_processing,G-309c6f7637ad,ALL_EQUAL,0.93076925,0.4,True,True,True,1.6608,1.6,
SEED-TEST-04-STRING-PROCESSING-03-COMMON_STRUCTURE,test,INDEPENDENT,SEED-TEST-04-STRING-PROCESSING,python,COMMON_STRUCTURE,string_processing,G-309c6f7637ad,ALL_EQUAL,0.50946975,0.4,True,False,True,0.8286,1.7,
SEED-TEST-05-DFS-GRAPH-01-SPLIT_MERGE,test,TRANSFORMED,SEED-TEST-05-DFS-GRAPH,python,SPLIT_MERGE,dfs_graph,G-0aa256ed50ef,ALL_EQUAL,0.4967705,0.4,True,True,True,1.9087,1.6,
SEED-TEST-05-DFS-GRAPH-02-HUMAN_REWRITE,test,SUSPICIOUS,SEED-TEST-05-DFS-GRAPH,python,HUMAN_REWRITE,dfs_graph,G-0aa256ed50ef,ALL_EQUAL,,0.4,,,False,1.3809,0.6,Scope normalization is unavailable; weighted analysis fell back to raw tokens.
SEED-TEST-05-DFS-GRAPH-03-NATURAL_TEMPLATE,test,NATURAL_SIMILAR,SEED-TEST-05-DFS-GRAPH,python,NATURAL_TEMPLATE,dfs_graph,G-0aa256ed50ef,ALL_EQUAL,0.96875,0.4,True,False,True,1.8121,1.6,
SEED-TEST-06-BFS-GRAPH-02-COMMON_STRUCTURE,test,INDEPENDENT,SEED-TEST-06-BFS-GRAPH,python,COMMON_STRUCTURE,bfs_graph,G-c4feb47ceaf4,ALL_EQUAL,0.19101725,0.4,False,True,True,1.2689,1.7,
SEED-TEST-06-BFS-GRAPH-03-UNSUPPORTED_SYNTAX,test,TRANSFORMED,SEED-TEST-06-BFS-GRAPH,python,UNSUPPORTED_SYNTAX,bfs_graph,G-c4feb47ceaf4,ALL_EQUAL,,0.4,,,False,1.6591,0.7,Scope normalization is unavailable; weighted analysis fell back to raw tokens.
SEED-TEST-07-DP-VARIANT-01-VARIABLE_RENAME,test,TRANSFORMED,SEED-TEST-07-DP-VARIANT,java,VARIABLE_RENAME,dp_variant,G-8ead3e4ae352,ALL_EQUAL,0.82258075,0.4,True,True,True,1.2897,1.7,
SEED-TEST-07-DP-VARIANT-02-FORMAT_COMMENT_CHANGE,test,TRANSFORMED,SEED-TEST-07-DP-VARIANT,python,FORMAT_COMMENT_CHANGE,dp_variant,G-8ead3e4ae352,ALL_EQUAL,1.0,0.4,True,True,True,1.0908,1.8,
SEED-TEST-07-DP-VARIANT-03-INDEPENDENT_SOLUTION,test,INDEPENDENT,SEED-TEST-07-DP-VARIANT,python,INDEPENDENT_SOLUTION,dp_variant,G-8ead3e4ae352,ALL_EQUAL,,0.4,,,False,1.0047,0.7,Scope normalization is unavailable; weighted analysis fell back to raw tokens.
SEED-TEST-08-SIMULATION-01-LOCAL_REORDER,test,TRANSFORMED,SEED-TEST-08-SIMULATION,java,LOCAL_REORDER,simulation,G-12846af3e054,ALL_EQUAL,1.0,0.4,True,True,True,1.3639,1.8,
SEED-TEST-08-SIMULATION-02-SPLIT_MERGE,test,TRANSFORMED,SEED-TEST-08-SIMULATION,python,SPLIT_MERGE,simulation,G-12846af3e054,ALL_EQUAL,0.46714975000000003,0.4,True,True,True,1.1275,1.7,
VALIDATION-SIMPLE-IO-01-RENAME,validation,TRANSFORMED,VALIDATION-SIMPLE-IO-01,python,PARAMETER_RENAME,simple_io,G-314b9ce84860,PICAS_FIXED,0.808,0.3,True,True,True,1.2203,0.5,
VALIDATION-SIMPLE-IO-01-NATURAL,validation,NATURAL_SIMILAR,VALIDATION-SIMPLE-IO-01,python,NATURAL_TEMPLATE,simple_io,G-314b9ce84860,PICAS_FIXED,0.690588,0.3,True,False,True,0.6566,0.4,
VALIDATION-SIMPLE-IO-01-INDEPENDENT,validation,INDEPENDENT,VALIDATION-SIMPLE-IO-01,python,INDEPENDENT_SOLUTION,simple_io,G-314b9ce84860,PICAS_FIXED,0.341763,0.3,True,False,True,0.5473,0.3,
TEST-SIMPLE-IO-01-RENAME,test,TRANSFORMED,TEST-SIMPLE-IO-01,python,PARAMETER_RENAME,simple_io,G-8b1eb27d8463,PICAS_FIXED,0.808,0.3,True,True,True,0.5562,0.3,
TEST-SIMPLE-IO-01-NATURAL,test,NATURAL_SIMILAR,TEST-SIMPLE-IO-01,python,NATURAL_TEMPLATE,simple_io,G-8b1eb27d8463,PICAS_FIXED,0.690588,0.3,True,False,True,0.5855,0.4,
TEST-SIMPLE-IO-01-INDEPENDENT,test,INDEPENDENT,TEST-SIMPLE-IO-01,python,INDEPENDENT_SOLUTION,simple_io,G-8b1eb27d8463,PICAS_FIXED,0.341763,0.3,True,False,True,0.6006,0.3,
TEST-SIMPLE-IO-01-SUSPICIOUS-FORMAT,test,SUSPICIOUS,TEST-SIMPLE-IO-01,python,FORMAT_COMMENT_CHANGE,simple_io,G-8b1eb27d8463,PICAS_FIXED,0.808,0.3,True,True,True,0.5582,0.3,
VALIDATION-ARRAY-LOOP-01-RENAME,validation,TRANSFORMED,VALIDATION-ARRAY-LOOP-01,python,VARIABLE_RENAME,array_loop,G-757a3bd8c3b8,PICAS_FIXED,0.814634,0.3,True,True,True,0.8537,0.3,
VALIDATION-ARRAY-LOOP-01-NATURAL,validation,NATURAL_SIMILAR,VALIDATION-ARRAY-LOOP-01,python,NATURAL_TEMPLATE,array_loop,G-757a3bd8c3b8,PICAS_FIXED,0.53544,0.3,True,False,True,0.8106,0.3,
VALIDATION-ARRAY-LOOP-01-INDEPENDENT,validation,INDEPENDENT,VALIDATION-ARRAY-LOOP-01,python,INDEPENDENT_SOLUTION,array_loop,G-757a3bd8c3b8,PICAS_FIXED,0.170911,0.3,False,True,True,0.7392,0.3,
TEST-ARRAY-LOOP-01-RENAME,test,TRANSFORMED,TEST-ARRAY-LOOP-01,python,VARIABLE_RENAME,array_loop,G-d2407dbc1a72,PICAS_FIXED,0.814634,0.3,True,True,True,0.7823,0.3,
TEST-ARRAY-LOOP-01-NATURAL,test,NATURAL_SIMILAR,TEST-ARRAY-LOOP-01,python,NATURAL_TEMPLATE,array_loop,G-d2407dbc1a72,PICAS_FIXED,0.53544,0.3,True,False,True,0.7981,0.3,
TEST-ARRAY-LOOP-01-INDEPENDENT,test,INDEPENDENT,TEST-ARRAY-LOOP-01,python,INDEPENDENT_SOLUTION,array_loop,G-d2407dbc1a72,PICAS_FIXED,0.170911,0.3,False,True,True,0.7543,0.3,
TEST-ARRAY-LOOP-01-SUSPICIOUS-FORMAT,test,SUSPICIOUS,TEST-ARRAY-LOOP-01,python,FORMAT_COMMENT_CHANGE,array_loop,G-d2407dbc1a72,PICAS_FIXED,0.814634,0.3,True,True,True,0.7886,0.3,
VALIDATION-SORT-TEMPLATE-01-RENAME,validation,TRANSFORMED,VALIDATION-SORT-TEMPLATE-01,python,FUNCTION_RENAME,sort_template,G-4bed6eba3770,PICAS_FIXED,0.828571,0.3,True,True,True,1.9827,0.6,
VALIDATION-SORT-TEMPLATE-01-NATURAL,validation,NATURAL_SIMILAR,VALIDATION-SORT-TEMPLATE-01,python,NATURAL_TEMPLATE,sort_template,G-4bed6eba3770,PICAS_FIXED,0.912777,0.3,True,False,True,2.007,0.4,
VALIDATION-SORT-TEMPLATE-01-INDEPENDENT,validation,INDEPENDENT,VALIDATION-SORT-TEMPLATE-01,python,INDEPENDENT_SOLUTION,sort_template,G-4bed6eba3770,PICAS_FIXED,0.10601,0.3,False,True,True,1.1921,0.4,
TEST-SORT-TEMPLATE-01-RENAME,test,TRANSFORMED,TEST-SORT-TEMPLATE-01,python,FUNCTION_RENAME,sort_template,G-1df5b9b2b1b6,PICAS_FIXED,0.820183,0.3,True,True,True,1.9822,0.4,
TEST-SORT-TEMPLATE-01-NATURAL,test,NATURAL_SIMILAR,TEST-SORT-TEMPLATE-01,python,NATURAL_TEMPLATE,sort_template,G-1df5b9b2b1b6,PICAS_FIXED,0.912777,0.3,True,False,True,2.1706,0.3,
TEST-SORT-TEMPLATE-01-INDEPENDENT,test,INDEPENDENT,TEST-SORT-TEMPLATE-01,python,INDEPENDENT_SOLUTION,sort_template,G-1df5b9b2b1b6,PICAS_FIXED,0.10601,0.3,False,True,True,1.1775,0.3,
TEST-SORT-TEMPLATE-01-SUSPICIOUS-FORMAT,test,SUSPICIOUS,TEST-SORT-TEMPLATE-01,python,FORMAT_COMMENT_CHANGE,sort_template,G-1df5b9b2b1b6,PICAS_FIXED,0.820183,0.3,True,True,True,1.956,0.4,
VALIDATION-DFS-GRAPH-01-RENAME,validation,TRANSFORMED,VALIDATION-DFS-GRAPH-01,python,PARAMETER_RENAME,dfs_graph,G-2d763db84780,PICAS_FIXED,0.814141,0.3,True,True,True,1.5236,0.3,
VALIDATION-DFS-GRAPH-01-NATURAL,validation,NATURAL_SIMILAR,VALIDATION-DFS-GRAPH-01,python,NATURAL_TEMPLATE,dfs_graph,G-2d763db84780,PICAS_FIXED,0.855833,0.3,True,False,True,1.6621,0.3,
VALIDATION-DFS-GRAPH-01-INDEPENDENT,validation,INDEPENDENT,VALIDATION-DFS-GRAPH-01,python,INDEPENDENT_SOLUTION,dfs_graph,G-2d763db84780,PICAS_FIXED,0.242798,0.3,False,True,True,1.4554,0.3,
TEST-DFS-GRAPH-01-RENAME,test,TRANSFORMED,TEST-DFS-GRAPH-01,python,PARAMETER_RENAME,dfs_graph,G-58c393589490,PICAS_FIXED,0.814141,0.3,True,True,True,1.5291,0.4,
TEST-DFS-GRAPH-01-NATURAL,test,NATURAL_SIMILAR,TEST-DFS-GRAPH-01,python,NATURAL_TEMPLATE,dfs_graph,G-58c393589490,PICAS_FIXED,0.855833,0.3,True,False,True,1.5814,0.3,
TEST-DFS-GRAPH-01-INDEPENDENT,test,INDEPENDENT,TEST-DFS-GRAPH-01,python,INDEPENDENT_SOLUTION,dfs_graph,G-58c393589490,PICAS_FIXED,0.242798,0.3,False,True,True,1.5393,0.3,
TEST-DFS-GRAPH-01-SUSPICIOUS-FORMAT,test,SUSPICIOUS,TEST-DFS-GRAPH-01,python,FORMAT_COMMENT_CHANGE,dfs_graph,G-58c393589490,PICAS_FIXED,0.814141,0.3,True,True,True,1.5216,0.4,
VALIDATION-DP-VARIANT-01-RENAME,validation,TRANSFORMED,VALIDATION-DP-VARIANT-01,python,VARIABLE_RENAME,dp_variant,G-ea7d15d8556b,PICAS_FIXED,0.809231,0.3,True,True,True,1.2365,0.3,
VALIDATION-DP-VARIANT-01-NATURAL,validation,NATURAL_SIMILAR,VALIDATION-DP-VARIANT-01,python,NATURAL_TEMPLATE,dp_variant,G-ea7d15d8556b,PICAS_FIXED,0.712023,0.3,True,False,True,1.1988,0.3,
VALIDATION-DP-VARIANT-01-INDEPENDENT,validation,INDEPENDENT,VALIDATION-DP-VARIANT-01,python,INDEPENDENT_SOLUTION,dp_variant,G-ea7d15d8556b,PICAS_FIXED,0.160584,0.3,False,True,True,1.5635,0.3,
TEST-DP-VARIANT-01-RENAME,test,TRANSFORMED,TEST-DP-VARIANT-01,python,VARIABLE_RENAME,dp_variant,G-1bc17e655062,PICAS_FIXED,0.809231,0.3,True,True,True,1.1512,0.3,
TEST-DP-VARIANT-01-NATURAL,test,NATURAL_SIMILAR,TEST-DP-VARIANT-01,python,NATURAL_TEMPLATE,dp_variant,G-1bc17e655062,PICAS_FIXED,0.712023,0.3,True,False,True,1.1366,0.3,
TEST-DP-VARIANT-01-INDEPENDENT,test,INDEPENDENT,TEST-DP-VARIANT-01,python,INDEPENDENT_SOLUTION,dp_variant,G-1bc17e655062,PICAS_FIXED,0.160584,0.3,False,True,True,1.4081,0.3,
TEST-DP-VARIANT-01-SUSPICIOUS-FORMAT,test,SUSPICIOUS,TEST-DP-VARIANT-01,python,FORMAT_COMMENT_CHANGE,dp_variant,G-1bc17e655062,PICAS_FIXED,0.809231,0.3,True,True,True,1.1386,0.4,
SEED-VALIDATION-01-SIMPLE-IO-01-NATURAL_TEMPLATE,validation,NATURAL_SIMILAR,SEED-VALIDATION-01-SIMPLE-IO,python,NATURAL_TEMPLATE,simple_io,G-37eed964aaa4,PICAS_FIXED,0.855556,0.3,True,False,True,0.6512,0.3,
SEED-VALIDATION-01-SIMPLE-IO-02-PARAMETER_RENAME,validation,TRANSFORMED,SEED-VALIDATION-01-SIMPLE-IO,python,PARAMETER_RENAME,simple_io,G-37eed964aaa4,PICAS_FIXED,0.84,0.3,True,True,True,0.6024,0.3,
SEED-VALIDATION-01-SIMPLE-IO-03-FORMAT_COMMENT_CHANGE,validation,TRANSFORMED,SEED-VALIDATION-01-SIMPLE-IO,java,FORMAT_COMMENT_CHANGE,simple_io,G-37eed964aaa4,PICAS_FIXED,1.0,0.3,True,True,True,1.1021,0.4,
SEED-VALIDATION-02-ARRAY-LOOP-01-VARIABLE_RENAME,validation,TRANSFORMED,SEED-VALIDATION-02-ARRAY-LOOP,java,VARIABLE_RENAME,array_loop,G-1f5ad99c3c54,PICAS_FIXED,0.858065,0.3,True,True,True,1.3041,0.3,
SEED-VALIDATION-02-ARRAY-LOOP-02-LOCAL_REORDER,validation,TRANSFORMED,SEED-VALIDATION-02-ARRAY-LOOP,python,LOCAL_REORDER,array_loop,G-1f5ad99c3c54,PICAS_FIXED,0.772005,0.3,True,True,True,0.9535,0.3,
SEED-VALIDATION-02-ARRAY-LOOP-03-INDEPENDENT_SOLUTION,validation,INDEPENDENT,SEED-VALIDATION-02-ARRAY-LOOP,python,INDEPENDENT_SOLUTION,array_loop,G-1f5ad99c3c54,PICAS_FIXED,0.1,0.3,False,True,False,0.6919,0.4,Scope normalization is unavailable; weighted analysis fell back to raw tokens.
SEED-VALIDATION-03-SORT-TEMPLATE-01-FUNCTION_RENAME,validation,TRANSFORMED,SEED-VALIDATION-03-SORT-TEMPLATE,java,FUNCTION_RENAME,sort_template,G-f36d36dda4ce,PICAS_FIXED,0.972093,0.3,True,True,True,1.2766,0.3,
SEED-VALIDATION-03-SORT-TEMPLATE-02-HUMAN_REWRITE,validation,SUSPICIOUS,SEED-VALIDATION-03-SORT-TEMPLATE,python,HUMAN_REWRITE,sort_template,G-f36d36dda4ce,PICAS_FIXED,0.09957,0.3,False,False,True,1.2202,0.3,
SEED-VALIDATION-03-SORT-TEMPLATE-03-COMMON_STRUCTURE,validation,INDEPENDENT,SEED-VALIDATION-03-SORT-TEMPLATE,python,COMMON_STRUCTURE,sort_template,G-f36d36dda4ce,PICAS_FIXED,0.179,0.3,False,True,True,1.423,0.3,
SEED-VALIDATION-04-STRING-PROCESSING-01-SPLIT_MERGE,validation,TRANSFORMED,SEED-VALIDATION-04-STRING-PROCESSING,python,SPLIT_MERGE,string_processing,G-a3a6560f116d,PICAS_FIXED,0.460801,0.3,True,True,True,0.9062,0.4,
SEED-VALIDATION-04-STRING-PROCESSING-02-UNSUPPORTED_SYNTAX,validation,TRANSFORMED,SEED-VALIDATION-04-STRING-PROCESSING,python,UNSUPPORTED_SYNTAX,string_processing,G-a3a6560f116d,PICAS_FIXED,0.657143,0.3,True,True,False,0.8221,0.4,Scope normalization is unavailable; weighted analysis fell back to raw tokens.
SEED-VALIDATION-05-DFS-GRAPH-02-VARIABLE_RENAME,validation,TRANSFORMED,SEED-VALIDATION-05-DFS-GRAPH,python,VARIABLE_RENAME,dfs_graph,G-a5d051fec4db,PICAS_FIXED,0.943662,0.3,True,True,True,1.7749,0.3,
SEED-VALIDATION-05-DFS-GRAPH-03-NATURAL_TEMPLATE,validation,NATURAL_SIMILAR,SEED-VALIDATION-05-DFS-GRAPH,python,NATURAL_TEMPLATE,dfs_graph,G-a5d051fec4db,PICAS_FIXED,0.959375,0.3,True,False,True,1.7091,0.4,
SEED-VALIDATION-06-BFS-GRAPH-01-HUMAN_REWRITE,validation,SUSPICIOUS,SEED-VALIDATION-06-BFS-GRAPH,python,HUMAN_REWRITE,bfs_graph,G-21cf422ad152,PICAS_FIXED,0.0,0.3,False,False,False,1.3617,0.4,Scope normalization is unavailable; weighted analysis fell back to raw tokens.
SEED-VALIDATION-06-BFS-GRAPH-02-FUNCTION_RENAME,validation,TRANSFORMED,SEED-VALIDATION-06-BFS-GRAPH,python,FUNCTION_RENAME,bfs_graph,G-21cf422ad152,PICAS_FIXED,0.986885,0.3,True,True,True,1.7198,0.3,
SEED-VALIDATION-06-BFS-GRAPH-03-INDEPENDENT_SOLUTION,validation,INDEPENDENT,SEED-VALIDATION-06-BFS-GRAPH,java,INDEPENDENT_SOLUTION,bfs_graph,G-21cf422ad152,PICAS_FIXED,0.235778,0.3,False,True,True,1.3368,0.4,
SEED-VALIDATION-07-DP-VARIANT-01-SPLIT_MERGE,validation,TRANSFORMED,SEED-VALIDATION-07-DP-VARIANT,python,SPLIT_MERGE,dp_variant,G-7a19db4fd5a2,PICAS_FIXED,0.375326,0.3,True,True,True,1.2889,0.4,
SEED-VALIDATION-07-DP-VARIANT-02-PARAMETER_RENAME,validation,TRANSFORMED,SEED-VALIDATION-07-DP-VARIANT,python,PARAMETER_RENAME,dp_variant,G-7a19db4fd5a2,PICAS_FIXED,0.938462,0.3,True,True,True,1.2151,0.3,
SEED-VALIDATION-07-DP-VARIANT-03-COMMON_STRUCTURE,validation,INDEPENDENT,SEED-VALIDATION-07-DP-VARIANT,python,COMMON_STRUCTURE,dp_variant,G-7a19db4fd5a2,PICAS_FIXED,0.24383,0.3,False,True,True,0.9375,0.4,
SEED-VALIDATION-08-SIMULATION-01-LOCAL_REORDER,validation,TRANSFORMED,SEED-VALIDATION-08-SIMULATION,python,LOCAL_REORDER,simulation,G-59cdddf595d1,PICAS_FIXED,0.803715,0.3,True,True,True,1.1657,0.5,
SEED-TEST-01-SIMPLE-IO-01-HUMAN_REWRITE,test,SUSPICIOUS,SEED-TEST-01-SIMPLE-IO,python,HUMAN_REWRITE,simple_io,G-6bee25961fdf,PICAS_FIXED,0.277198,0.3,False,False,True,0.6431,0.4,
SEED-TEST-01-SIMPLE-IO-02-INDEPENDENT_SOLUTION,test,INDEPENDENT,SEED-TEST-01-SIMPLE-IO,java,INDEPENDENT_SOLUTION,simple_io,G-6bee25961fdf,PICAS_FIXED,0.359474,0.3,True,False,True,0.9202,0.4,
SEED-TEST-02-ARRAY-LOOP-01-NATURAL_TEMPLATE,test,NATURAL_SIMILAR,SEED-TEST-02-ARRAY-LOOP,python,NATURAL_TEMPLATE,array_loop,G-a6ec091a67b7,PICAS_FIXED,1.0,0.3,True,False,True,0.8225,0.4,
SEED-TEST-02-ARRAY-LOOP-02-VARIABLE_RENAME,test,TRANSFORMED,SEED-TEST-02-ARRAY-LOOP,python,VARIABLE_RENAME,array_loop,G-a6ec091a67b7,PICAS_FIXED,0.814634,0.3,True,True,True,0.7963,0.4,
SEED-TEST-02-ARRAY-LOOP-03-UNSUPPORTED_SYNTAX,test,TRANSFORMED,SEED-TEST-02-ARRAY-LOOP,python,UNSUPPORTED_SYNTAX,array_loop,G-a6ec091a67b7,PICAS_FIXED,0.647059,0.3,True,True,False,0.7887,0.4,Scope normalization is unavailable; weighted analysis fell back to raw tokens.
SEED-TEST-03-SORT-TEMPLATE-01-FORMAT_COMMENT_CHANGE,test,TRANSFORMED,SEED-TEST-03-SORT-TEMPLATE,python,FORMAT_COMMENT_CHANGE,sort_template,G-5a102d196ca4,PICAS_FIXED,1.0,0.3,True,True,True,2.0112,0.4,
SEED-TEST-03-SORT-TEMPLATE-02-LOCAL_REORDER,test,TRANSFORMED,SEED-TEST-03-SORT-TEMPLATE,python,LOCAL_REORDER,sort_template,G-5a102d196ca4,PICAS_FIXED,0.882821,0.3,True,True,True,2.1007,0.3,
SEED-TEST-04-STRING-PROCESSING-01-FUNCTION_RENAME,test,TRANSFORMED,SEED-TEST-04-STRING-PROCESSING,python,FUNCTION_RENAME,string_processing,G-309c6f7637ad,PICAS_FIXED,0.968,0.3,True,True,True,0.8528,0.3,
SEED-TEST-04-STRING-PROCESSING-02-PARAMETER_RENAME,test,TRANSFORMED,SEED-TEST-04-STRING-PROCESSING,java,PARAMETER_RENAME,string_processing,G-309c6f7637ad,PICAS_FIXED,0.944615,0.3,True,True,True,1.6608,0.3,
SEED-TEST-04-STRING-PROCESSING-03-COMMON_STRUCTURE,test,INDEPENDENT,SEED-TEST-04-STRING-PROCESSING,python,COMMON_STRUCTURE,string_processing,G-309c6f7637ad,PICAS_FIXED,0.482576,0.3,True,False,True,0.8286,0.4,
SEED-TEST-05-DFS-GRAPH-01-SPLIT_MERGE,test,TRANSFORMED,SEED-TEST-05-DFS-GRAPH,python,SPLIT_MERGE,dfs_graph,G-0aa256ed50ef,PICAS_FIXED,0.409957,0.3,True,True,True,1.9087,0.4,
SEED-TEST-05-DFS-GRAPH-02-HUMAN_REWRITE,test,SUSPICIOUS,SEED-TEST-05-DFS-GRAPH,python,HUMAN_REWRITE,dfs_graph,G-0aa256ed50ef,PICAS_FIXED,0.0,0.3,False,False,False,1.3809,0.4,Scope normalization is unavailable; weighted analysis fell back to raw tokens.
SEED-TEST-05-DFS-GRAPH-03-NATURAL_TEMPLATE,test,NATURAL_SIMILAR,SEED-TEST-05-DFS-GRAPH,python,NATURAL_TEMPLATE,dfs_graph,G-0aa256ed50ef,PICAS_FIXED,0.959375,0.3,True,False,True,1.8121,0.4,
SEED-TEST-06-BFS-GRAPH-02-COMMON_STRUCTURE,test,INDEPENDENT,SEED-TEST-06-BFS-GRAPH,python,COMMON_STRUCTURE,bfs_graph,G-c4feb47ceaf4,PICAS_FIXED,0.140801,0.3,False,True,True,1.2689,0.4,
SEED-TEST-06-BFS-GRAPH-03-UNSUPPORTED_SYNTAX,test,TRANSFORMED,SEED-TEST-06-BFS-GRAPH,python,UNSUPPORTED_SYNTAX,bfs_graph,G-c4feb47ceaf4,PICAS_FIXED,0.830986,0.3,True,True,False,1.6591,0.4,Scope normalization is unavailable; weighted analysis fell back to raw tokens.
SEED-TEST-07-DP-VARIANT-01-VARIABLE_RENAME,test,TRANSFORMED,SEED-TEST-07-DP-VARIANT,java,VARIABLE_RENAME,dp_variant,G-8ead3e4ae352,PICAS_FIXED,0.858065,0.3,True,True,True,1.2897,0.4,
SEED-TEST-07-DP-VARIANT-02-FORMAT_COMMENT_CHANGE,test,TRANSFORMED,SEED-TEST-07-DP-VARIANT,python,FORMAT_COMMENT_CHANGE,dp_variant,G-8ead3e4ae352,PICAS_FIXED,1.0,0.3,True,True,True,1.0908,0.3,
SEED-TEST-07-DP-VARIANT-03-INDEPENDENT_SOLUTION,test,INDEPENDENT,SEED-TEST-07-DP-VARIANT,python,INDEPENDENT_SOLUTION,dp_variant,G-8ead3e4ae352,PICAS_FIXED,0.089552,0.3,False,True,False,1.0047,0.3,Scope normalization is unavailable; weighted analysis fell back to raw tokens.
SEED-TEST-08-SIMULATION-01-LOCAL_REORDER,test,TRANSFORMED,SEED-TEST-08-SIMULATION,java,LOCAL_REORDER,simulation,G-12846af3e054,PICAS_FIXED,1.0,0.3,True,True,True,1.3639,0.3,
SEED-TEST-08-SIMULATION-02-SPLIT_MERGE,test,TRANSFORMED,SEED-TEST-08-SIMULATION,python,SPLIT_MERGE,simulation,G-12846af3e054,PICAS_FIXED,0.381643,0.3,True,True,True,1.1275,0.4,
VALIDATION-SIMPLE-IO-01-RENAME,validation,TRANSFORMED,VALIDATION-SIMPLE-IO-01,python,PARAMETER_RENAME,simple_io,G-314b9ce84860,PICAS_RULE_DYNAMIC,0.808,0.851498,False,False,True,1.2203,0.5,
VALIDATION-SIMPLE-IO-01-NATURAL,validation,NATURAL_SIMILAR,VALIDATION-SIMPLE-IO-01,python,NATURAL_TEMPLATE,simple_io,G-314b9ce84860,PICAS_RULE_DYNAMIC,0.690588,0.851498,False,True,True,0.6566,0.3,
VALIDATION-SIMPLE-IO-01-INDEPENDENT,validation,INDEPENDENT,VALIDATION-SIMPLE-IO-01,python,INDEPENDENT_SOLUTION,simple_io,G-314b9ce84860,PICAS_RULE_DYNAMIC,0.341763,0.851498,False,True,True,0.5473,0.3,
TEST-SIMPLE-IO-01-RENAME,test,TRANSFORMED,TEST-SIMPLE-IO-01,python,PARAMETER_RENAME,simple_io,G-8b1eb27d8463,PICAS_RULE_DYNAMIC,0.808,0.851498,False,False,True,0.5562,0.4,
TEST-SIMPLE-IO-01-NATURAL,test,NATURAL_SIMILAR,TEST-SIMPLE-IO-01,python,NATURAL_TEMPLATE,simple_io,G-8b1eb27d8463,PICAS_RULE_DYNAMIC,0.690588,0.851498,False,True,True,0.5855,0.4,
TEST-SIMPLE-IO-01-INDEPENDENT,test,INDEPENDENT,TEST-SIMPLE-IO-01,python,INDEPENDENT_SOLUTION,simple_io,G-8b1eb27d8463,PICAS_RULE_DYNAMIC,0.341763,0.851498,False,True,True,0.6006,0.3,
TEST-SIMPLE-IO-01-SUSPICIOUS-FORMAT,test,SUSPICIOUS,TEST-SIMPLE-IO-01,python,FORMAT_COMMENT_CHANGE,simple_io,G-8b1eb27d8463,PICAS_RULE_DYNAMIC,0.808,0.851498,False,False,True,0.5582,0.4,
VALIDATION-ARRAY-LOOP-01-RENAME,validation,TRANSFORMED,VALIDATION-ARRAY-LOOP-01,python,VARIABLE_RENAME,array_loop,G-757a3bd8c3b8,PICAS_RULE_DYNAMIC,0.814634,0.807,True,True,True,0.8537,0.3,
VALIDATION-ARRAY-LOOP-01-NATURAL,validation,NATURAL_SIMILAR,VALIDATION-ARRAY-LOOP-01,python,NATURAL_TEMPLATE,array_loop,G-757a3bd8c3b8,PICAS_RULE_DYNAMIC,0.53544,0.807,False,True,True,0.8106,0.3,
VALIDATION-ARRAY-LOOP-01-INDEPENDENT,validation,INDEPENDENT,VALIDATION-ARRAY-LOOP-01,python,INDEPENDENT_SOLUTION,array_loop,G-757a3bd8c3b8,PICAS_RULE_DYNAMIC,0.170911,0.807,False,True,True,0.7392,0.4,
TEST-ARRAY-LOOP-01-RENAME,test,TRANSFORMED,TEST-ARRAY-LOOP-01,python,VARIABLE_RENAME,array_loop,G-d2407dbc1a72,PICAS_RULE_DYNAMIC,0.814634,0.807,True,True,True,0.7823,0.3,
TEST-ARRAY-LOOP-01-NATURAL,test,NATURAL_SIMILAR,TEST-ARRAY-LOOP-01,python,NATURAL_TEMPLATE,array_loop,G-d2407dbc1a72,PICAS_RULE_DYNAMIC,0.53544,0.807,False,True,True,0.7981,0.3,
TEST-ARRAY-LOOP-01-INDEPENDENT,test,INDEPENDENT,TEST-ARRAY-LOOP-01,python,INDEPENDENT_SOLUTION,array_loop,G-d2407dbc1a72,PICAS_RULE_DYNAMIC,0.170911,0.807,False,True,True,0.7543,0.3,
TEST-ARRAY-LOOP-01-SUSPICIOUS-FORMAT,test,SUSPICIOUS,TEST-ARRAY-LOOP-01,python,FORMAT_COMMENT_CHANGE,array_loop,G-d2407dbc1a72,PICAS_RULE_DYNAMIC,0.814634,0.807,True,True,True,0.7886,0.3,
VALIDATION-SORT-TEMPLATE-01-RENAME,validation,TRANSFORMED,VALIDATION-SORT-TEMPLATE-01,python,FUNCTION_RENAME,sort_template,G-4bed6eba3770,PICAS_RULE_DYNAMIC,0.828571,0.806648,True,True,True,1.9827,0.3,
VALIDATION-SORT-TEMPLATE-01-NATURAL,validation,NATURAL_SIMILAR,VALIDATION-SORT-TEMPLATE-01,python,NATURAL_TEMPLATE,sort_template,G-4bed6eba3770,PICAS_RULE_DYNAMIC,0.912777,0.806648,True,False,True,2.007,0.3,
VALIDATION-SORT-TEMPLATE-01-INDEPENDENT,validation,INDEPENDENT,VALIDATION-SORT-TEMPLATE-01,python,INDEPENDENT_SOLUTION,sort_template,G-4bed6eba3770,PICAS_RULE_DYNAMIC,0.10601,0.806648,False,True,True,1.1921,0.3,
TEST-SORT-TEMPLATE-01-RENAME,test,TRANSFORMED,TEST-SORT-TEMPLATE-01,python,FUNCTION_RENAME,sort_template,G-1df5b9b2b1b6,PICAS_RULE_DYNAMIC,0.820183,0.806648,True,True,True,1.9822,0.3,
TEST-SORT-TEMPLATE-01-NATURAL,test,NATURAL_SIMILAR,TEST-SORT-TEMPLATE-01,python,NATURAL_TEMPLATE,sort_template,G-1df5b9b2b1b6,PICAS_RULE_DYNAMIC,0.912777,0.806648,True,False,True,2.1706,0.4,
TEST-SORT-TEMPLATE-01-INDEPENDENT,test,INDEPENDENT,TEST-SORT-TEMPLATE-01,python,INDEPENDENT_SOLUTION,sort_template,G-1df5b9b2b1b6,PICAS_RULE_DYNAMIC,0.10601,0.806648,False,True,True,1.1775,0.4,
TEST-SORT-TEMPLATE-01-SUSPICIOUS-FORMAT,test,SUSPICIOUS,TEST-SORT-TEMPLATE-01,python,FORMAT_COMMENT_CHANGE,sort_template,G-1df5b9b2b1b6,PICAS_RULE_DYNAMIC,0.820183,0.806648,True,True,True,1.956,0.3,
VALIDATION-DFS-GRAPH-01-RENAME,validation,TRANSFORMED,VALIDATION-DFS-GRAPH-01,python,PARAMETER_RENAME,dfs_graph,G-2d763db84780,PICAS_RULE_DYNAMIC,0.814141,0.758878,True,True,True,1.5236,0.4,
VALIDATION-DFS-GRAPH-01-NATURAL,validation,NATURAL_SIMILAR,VALIDATION-DFS-GRAPH-01,python,NATURAL_TEMPLATE,dfs_graph,G-2d763db84780,PICAS_RULE_DYNAMIC,0.855833,0.758878,True,False,True,1.6621,0.3,
VALIDATION-DFS-GRAPH-01-INDEPENDENT,validation,INDEPENDENT,VALIDATION-DFS-GRAPH-01,python,INDEPENDENT_SOLUTION,dfs_graph,G-2d763db84780,PICAS_RULE_DYNAMIC,0.242798,0.758878,False,True,True,1.4554,0.3,
TEST-DFS-GRAPH-01-RENAME,test,TRANSFORMED,TEST-DFS-GRAPH-01,python,PARAMETER_RENAME,dfs_graph,G-58c393589490,PICAS_RULE_DYNAMIC,0.814141,0.758878,True,True,True,1.5291,0.4,
TEST-DFS-GRAPH-01-NATURAL,test,NATURAL_SIMILAR,TEST-DFS-GRAPH-01,python,NATURAL_TEMPLATE,dfs_graph,G-58c393589490,PICAS_RULE_DYNAMIC,0.855833,0.758878,True,False,True,1.5814,0.3,
TEST-DFS-GRAPH-01-INDEPENDENT,test,INDEPENDENT,TEST-DFS-GRAPH-01,python,INDEPENDENT_SOLUTION,dfs_graph,G-58c393589490,PICAS_RULE_DYNAMIC,0.242798,0.758878,False,True,True,1.5393,0.3,
TEST-DFS-GRAPH-01-SUSPICIOUS-FORMAT,test,SUSPICIOUS,TEST-DFS-GRAPH-01,python,FORMAT_COMMENT_CHANGE,dfs_graph,G-58c393589490,PICAS_RULE_DYNAMIC,0.814141,0.758878,True,True,True,1.5216,0.3,
VALIDATION-DP-VARIANT-01-RENAME,validation,TRANSFORMED,VALIDATION-DP-VARIANT-01,python,VARIABLE_RENAME,dp_variant,G-ea7d15d8556b,PICAS_RULE_DYNAMIC,0.809231,0.813468,False,False,True,1.2365,0.3,
VALIDATION-DP-VARIANT-01-NATURAL,validation,NATURAL_SIMILAR,VALIDATION-DP-VARIANT-01,python,NATURAL_TEMPLATE,dp_variant,G-ea7d15d8556b,PICAS_RULE_DYNAMIC,0.712023,0.813468,False,True,True,1.1988,0.3,
VALIDATION-DP-VARIANT-01-INDEPENDENT,validation,INDEPENDENT,VALIDATION-DP-VARIANT-01,python,INDEPENDENT_SOLUTION,dp_variant,G-ea7d15d8556b,PICAS_RULE_DYNAMIC,0.160584,0.813468,False,True,True,1.5635,0.3,
TEST-DP-VARIANT-01-RENAME,test,TRANSFORMED,TEST-DP-VARIANT-01,python,VARIABLE_RENAME,dp_variant,G-1bc17e655062,PICAS_RULE_DYNAMIC,0.809231,0.813468,False,False,True,1.1512,0.3,
TEST-DP-VARIANT-01-NATURAL,test,NATURAL_SIMILAR,TEST-DP-VARIANT-01,python,NATURAL_TEMPLATE,dp_variant,G-1bc17e655062,PICAS_RULE_DYNAMIC,0.712023,0.813468,False,True,True,1.1366,0.4,
TEST-DP-VARIANT-01-INDEPENDENT,test,INDEPENDENT,TEST-DP-VARIANT-01,python,INDEPENDENT_SOLUTION,dp_variant,G-1bc17e655062,PICAS_RULE_DYNAMIC,0.160584,0.813468,False,True,True,1.4081,0.3,
TEST-DP-VARIANT-01-SUSPICIOUS-FORMAT,test,SUSPICIOUS,TEST-DP-VARIANT-01,python,FORMAT_COMMENT_CHANGE,dp_variant,G-1bc17e655062,PICAS_RULE_DYNAMIC,0.809231,0.813468,False,False,True,1.1386,0.4,
SEED-VALIDATION-01-SIMPLE-IO-01-NATURAL_TEMPLATE,validation,NATURAL_SIMILAR,SEED-VALIDATION-01-SIMPLE-IO,python,NATURAL_TEMPLATE,simple_io,G-37eed964aaa4,PICAS_RULE_DYNAMIC,0.855556,0.831283,True,False,True,0.6512,0.4,
SEED-VALIDATION-01-SIMPLE-IO-02-PARAMETER_RENAME,validation,TRANSFORMED,SEED-VALIDATION-01-SIMPLE-IO,python,PARAMETER_RENAME,simple_io,G-37eed964aaa4,PICAS_RULE_DYNAMIC,0.84,0.831283,True,True,True,0.6024,0.3,
SEED-VALIDATION-01-SIMPLE-IO-03-FORMAT_COMMENT_CHANGE,validation,TRANSFORMED,SEED-VALIDATION-01-SIMPLE-IO,java,FORMAT_COMMENT_CHANGE,simple_io,G-37eed964aaa4,PICAS_RULE_DYNAMIC,1.0,0.831283,True,True,True,1.1021,0.3,
SEED-VALIDATION-02-ARRAY-LOOP-01-VARIABLE_RENAME,validation,TRANSFORMED,SEED-VALIDATION-02-ARRAY-LOOP,java,VARIABLE_RENAME,array_loop,G-1f5ad99c3c54,PICAS_RULE_DYNAMIC,0.858065,0.824366,True,True,True,1.3041,0.4,
SEED-VALIDATION-02-ARRAY-LOOP-02-LOCAL_REORDER,validation,TRANSFORMED,SEED-VALIDATION-02-ARRAY-LOOP,python,LOCAL_REORDER,array_loop,G-1f5ad99c3c54,PICAS_RULE_DYNAMIC,0.772005,0.824366,False,False,True,0.9535,0.3,
SEED-VALIDATION-02-ARRAY-LOOP-03-INDEPENDENT_SOLUTION,validation,INDEPENDENT,SEED-VALIDATION-02-ARRAY-LOOP,python,INDEPENDENT_SOLUTION,array_loop,G-1f5ad99c3c54,PICAS_RULE_DYNAMIC,0.1,0.824366,False,True,False,0.6919,0.3,Scope normalization is unavailable; weighted analysis fell back to raw tokens.
SEED-VALIDATION-03-SORT-TEMPLATE-01-FUNCTION_RENAME,validation,TRANSFORMED,SEED-VALIDATION-03-SORT-TEMPLATE,java,FUNCTION_RENAME,sort_template,G-f36d36dda4ce,PICAS_RULE_DYNAMIC,0.972093,0.830995,True,True,True,1.2766,0.3,
SEED-VALIDATION-03-SORT-TEMPLATE-02-HUMAN_REWRITE,validation,SUSPICIOUS,SEED-VALIDATION-03-SORT-TEMPLATE,python,HUMAN_REWRITE,sort_template,G-f36d36dda4ce,PICAS_RULE_DYNAMIC,0.09957,0.830995,False,False,True,1.2202,0.4,
SEED-VALIDATION-03-SORT-TEMPLATE-03-COMMON_STRUCTURE,validation,INDEPENDENT,SEED-VALIDATION-03-SORT-TEMPLATE,python,COMMON_STRUCTURE,sort_template,G-f36d36dda4ce,PICAS_RULE_DYNAMIC,0.179,0.830995,False,True,True,1.423,0.3,
SEED-VALIDATION-04-STRING-PROCESSING-01-SPLIT_MERGE,validation,TRANSFORMED,SEED-VALIDATION-04-STRING-PROCESSING,python,SPLIT_MERGE,string_processing,G-a3a6560f116d,PICAS_RULE_DYNAMIC,0.460801,0.85041,False,False,True,0.9062,0.4,
SEED-VALIDATION-04-STRING-PROCESSING-02-UNSUPPORTED_SYNTAX,validation,TRANSFORMED,SEED-VALIDATION-04-STRING-PROCESSING,python,UNSUPPORTED_SYNTAX,string_processing,G-a3a6560f116d,PICAS_RULE_DYNAMIC,0.657143,0.85041,False,False,False,0.8221,0.3,Scope normalization is unavailable; weighted analysis fell back to raw tokens.
SEED-VALIDATION-05-DFS-GRAPH-02-VARIABLE_RENAME,validation,TRANSFORMED,SEED-VALIDATION-05-DFS-GRAPH,python,VARIABLE_RENAME,dfs_graph,G-a5d051fec4db,PICAS_RULE_DYNAMIC,0.943662,0.820007,True,True,True,1.7749,0.4,
SEED-VALIDATION-05-DFS-GRAPH-03-NATURAL_TEMPLATE,validation,NATURAL_SIMILAR,SEED-VALIDATION-05-DFS-GRAPH,python,NATURAL_TEMPLATE,dfs_graph,G-a5d051fec4db,PICAS_RULE_DYNAMIC,0.959375,0.820007,True,False,True,1.7091,0.3,
SEED-VALIDATION-06-BFS-GRAPH-01-HUMAN_REWRITE,validation,SUSPICIOUS,SEED-VALIDATION-06-BFS-GRAPH,python,HUMAN_REWRITE,bfs_graph,G-21cf422ad152,PICAS_RULE_DYNAMIC,0.0,0.801584,False,False,False,1.3617,0.3,Scope normalization is unavailable; weighted analysis fell back to raw tokens.
SEED-VALIDATION-06-BFS-GRAPH-02-FUNCTION_RENAME,validation,TRANSFORMED,SEED-VALIDATION-06-BFS-GRAPH,python,FUNCTION_RENAME,bfs_graph,G-21cf422ad152,PICAS_RULE_DYNAMIC,0.986885,0.801584,True,True,True,1.7198,0.3,
SEED-VALIDATION-06-BFS-GRAPH-03-INDEPENDENT_SOLUTION,validation,INDEPENDENT,SEED-VALIDATION-06-BFS-GRAPH,java,INDEPENDENT_SOLUTION,bfs_graph,G-21cf422ad152,PICAS_RULE_DYNAMIC,0.235778,0.801584,False,True,True,1.3368,0.4,
SEED-VALIDATION-07-DP-VARIANT-01-SPLIT_MERGE,validation,TRANSFORMED,SEED-VALIDATION-07-DP-VARIANT,python,SPLIT_MERGE,dp_variant,G-7a19db4fd5a2,PICAS_RULE_DYNAMIC,0.375326,0.831123,False,False,True,1.2889,0.3,
SEED-VALIDATION-07-DP-VARIANT-02-PARAMETER_RENAME,validation,TRANSFORMED,SEED-VALIDATION-07-DP-VARIANT,python,PARAMETER_RENAME,dp_variant,G-7a19db4fd5a2,PICAS_RULE_DYNAMIC,0.938462,0.831123,True,True,True,1.2151,0.3,
SEED-VALIDATION-07-DP-VARIANT-03-COMMON_STRUCTURE,validation,INDEPENDENT,SEED-VALIDATION-07-DP-VARIANT,python,COMMON_STRUCTURE,dp_variant,G-7a19db4fd5a2,PICAS_RULE_DYNAMIC,0.24383,0.831123,False,True,True,0.9375,0.3,
SEED-VALIDATION-08-SIMULATION-01-LOCAL_REORDER,validation,TRANSFORMED,SEED-VALIDATION-08-SIMULATION,python,LOCAL_REORDER,simulation,G-59cdddf595d1,PICAS_RULE_DYNAMIC,0.803715,0.831155,False,False,True,1.1657,0.4,
SEED-TEST-01-SIMPLE-IO-01-HUMAN_REWRITE,test,SUSPICIOUS,SEED-TEST-01-SIMPLE-IO,python,HUMAN_REWRITE,simple_io,G-6bee25961fdf,PICAS_RULE_DYNAMIC,0.277198,0.831283,False,False,True,0.6431,0.4,
SEED-TEST-01-SIMPLE-IO-02-INDEPENDENT_SOLUTION,test,INDEPENDENT,SEED-TEST-01-SIMPLE-IO,java,INDEPENDENT_SOLUTION,simple_io,G-6bee25961fdf,PICAS_RULE_DYNAMIC,0.359474,0.831283,False,True,True,0.9202,0.4,
SEED-TEST-02-ARRAY-LOOP-01-NATURAL_TEMPLATE,test,NATURAL_SIMILAR,SEED-TEST-02-ARRAY-LOOP,python,NATURAL_TEMPLATE,array_loop,G-a6ec091a67b7,PICAS_RULE_DYNAMIC,1.0,0.824366,True,False,True,0.8225,0.3,
SEED-TEST-02-ARRAY-LOOP-02-VARIABLE_RENAME,test,TRANSFORMED,SEED-TEST-02-ARRAY-LOOP,python,VARIABLE_RENAME,array_loop,G-a6ec091a67b7,PICAS_RULE_DYNAMIC,0.814634,0.824366,False,False,True,0.7963,0.3,
SEED-TEST-02-ARRAY-LOOP-03-UNSUPPORTED_SYNTAX,test,TRANSFORMED,SEED-TEST-02-ARRAY-LOOP,python,UNSUPPORTED_SYNTAX,array_loop,G-a6ec091a67b7,PICAS_RULE_DYNAMIC,0.647059,0.824366,False,False,False,0.7887,0.3,Scope normalization is unavailable; weighted analysis fell back to raw tokens.
SEED-TEST-03-SORT-TEMPLATE-01-FORMAT_COMMENT_CHANGE,test,TRANSFORMED,SEED-TEST-03-SORT-TEMPLATE,python,FORMAT_COMMENT_CHANGE,sort_template,G-5a102d196ca4,PICAS_RULE_DYNAMIC,1.0,0.830995,True,True,True,2.0112,0.3,
SEED-TEST-03-SORT-TEMPLATE-02-LOCAL_REORDER,test,TRANSFORMED,SEED-TEST-03-SORT-TEMPLATE,python,LOCAL_REORDER,sort_template,G-5a102d196ca4,PICAS_RULE_DYNAMIC,0.882821,0.830995,True,True,True,2.1007,0.4,
SEED-TEST-04-STRING-PROCESSING-01-FUNCTION_RENAME,test,TRANSFORMED,SEED-TEST-04-STRING-PROCESSING,python,FUNCTION_RENAME,string_processing,G-309c6f7637ad,PICAS_RULE_DYNAMIC,0.968,0.85041,True,True,True,0.8528,0.3,
SEED-TEST-04-STRING-PROCESSING-02-PARAMETER_RENAME,test,TRANSFORMED,SEED-TEST-04-STRING-PROCESSING,java,PARAMETER_RENAME,string_processing,G-309c6f7637ad,PICAS_RULE_DYNAMIC,0.944615,0.85041,True,True,True,1.6608,0.4,
SEED-TEST-04-STRING-PROCESSING-03-COMMON_STRUCTURE,test,INDEPENDENT,SEED-TEST-04-STRING-PROCESSING,python,COMMON_STRUCTURE,string_processing,G-309c6f7637ad,PICAS_RULE_DYNAMIC,0.482576,0.85041,False,True,True,0.8286,0.4,
SEED-TEST-05-DFS-GRAPH-01-SPLIT_MERGE,test,TRANSFORMED,SEED-TEST-05-DFS-GRAPH,python,SPLIT_MERGE,dfs_graph,G-0aa256ed50ef,PICAS_RULE_DYNAMIC,0.409957,0.820007,False,False,True,1.9087,0.4,
SEED-TEST-05-DFS-GRAPH-02-HUMAN_REWRITE,test,SUSPICIOUS,SEED-TEST-05-DFS-GRAPH,python,HUMAN_REWRITE,dfs_graph,G-0aa256ed50ef,PICAS_RULE_DYNAMIC,0.0,0.820007,False,False,False,1.3809,0.3,Scope normalization is unavailable; weighted analysis fell back to raw tokens.
SEED-TEST-05-DFS-GRAPH-03-NATURAL_TEMPLATE,test,NATURAL_SIMILAR,SEED-TEST-05-DFS-GRAPH,python,NATURAL_TEMPLATE,dfs_graph,G-0aa256ed50ef,PICAS_RULE_DYNAMIC,0.959375,0.820007,True,False,True,1.8121,0.3,
SEED-TEST-06-BFS-GRAPH-02-COMMON_STRUCTURE,test,INDEPENDENT,SEED-TEST-06-BFS-GRAPH,python,COMMON_STRUCTURE,bfs_graph,G-c4feb47ceaf4,PICAS_RULE_DYNAMIC,0.140801,0.801584,False,True,True,1.2689,0.3,
SEED-TEST-06-BFS-GRAPH-03-UNSUPPORTED_SYNTAX,test,TRANSFORMED,SEED-TEST-06-BFS-GRAPH,python,UNSUPPORTED_SYNTAX,bfs_graph,G-c4feb47ceaf4,PICAS_RULE_DYNAMIC,0.830986,0.801584,True,True,False,1.6591,0.3,Scope normalization is unavailable; weighted analysis fell back to raw tokens.
SEED-TEST-07-DP-VARIANT-01-VARIABLE_RENAME,test,TRANSFORMED,SEED-TEST-07-DP-VARIANT,java,VARIABLE_RENAME,dp_variant,G-8ead3e4ae352,PICAS_RULE_DYNAMIC,0.858065,0.831123,True,True,True,1.2897,0.3,
SEED-TEST-07-DP-VARIANT-02-FORMAT_COMMENT_CHANGE,test,TRANSFORMED,SEED-TEST-07-DP-VARIANT,python,FORMAT_COMMENT_CHANGE,dp_variant,G-8ead3e4ae352,PICAS_RULE_DYNAMIC,1.0,0.831123,True,True,True,1.0908,0.3,
SEED-TEST-07-DP-VARIANT-03-INDEPENDENT_SOLUTION,test,INDEPENDENT,SEED-TEST-07-DP-VARIANT,python,INDEPENDENT_SOLUTION,dp_variant,G-8ead3e4ae352,PICAS_RULE_DYNAMIC,0.089552,0.831123,False,True,False,1.0047,0.3,Scope normalization is unavailable; weighted analysis fell back to raw tokens.
SEED-TEST-08-SIMULATION-01-LOCAL_REORDER,test,TRANSFORMED,SEED-TEST-08-SIMULATION,java,LOCAL_REORDER,simulation,G-12846af3e054,PICAS_RULE_DYNAMIC,1.0,0.831155,True,True,True,1.3639,0.4,
SEED-TEST-08-SIMULATION-02-SPLIT_MERGE,test,TRANSFORMED,SEED-TEST-08-SIMULATION,python,SPLIT_MERGE,simulation,G-12846af3e054,PICAS_RULE_DYNAMIC,0.381643,0.831155,False,False,True,1.1275,0.4,
VALIDATION-SIMPLE-IO-01-RENAME,validation,TRANSFORMED,VALIDATION-SIMPLE-IO-01,python,PARAMETER_RENAME,simple_io,G-314b9ce84860,PICAS_DYNAMIC_OFFSET,0.808,0.751498,True,True,True,1.2203,0.4,
VALIDATION-SIMPLE-IO-01-NATURAL,validation,NATURAL_SIMILAR,VALIDATION-SIMPLE-IO-01,python,NATURAL_TEMPLATE,simple_io,G-314b9ce84860,PICAS_DYNAMIC_OFFSET,0.690588,0.751498,False,True,True,0.6566,0.4,
VALIDATION-SIMPLE-IO-01-INDEPENDENT,validation,INDEPENDENT,VALIDATION-SIMPLE-IO-01,python,INDEPENDENT_SOLUTION,simple_io,G-314b9ce84860,PICAS_DYNAMIC_OFFSET,0.341763,0.751498,False,True,True,0.5473,0.3,
TEST-SIMPLE-IO-01-RENAME,test,TRANSFORMED,TEST-SIMPLE-IO-01,python,PARAMETER_RENAME,simple_io,G-8b1eb27d8463,PICAS_DYNAMIC_OFFSET,0.808,0.751498,True,True,True,0.5562,0.3,
TEST-SIMPLE-IO-01-NATURAL,test,NATURAL_SIMILAR,TEST-SIMPLE-IO-01,python,NATURAL_TEMPLATE,simple_io,G-8b1eb27d8463,PICAS_DYNAMIC_OFFSET,0.690588,0.751498,False,True,True,0.5855,0.4,
TEST-SIMPLE-IO-01-INDEPENDENT,test,INDEPENDENT,TEST-SIMPLE-IO-01,python,INDEPENDENT_SOLUTION,simple_io,G-8b1eb27d8463,PICAS_DYNAMIC_OFFSET,0.341763,0.751498,False,True,True,0.6006,0.3,
TEST-SIMPLE-IO-01-SUSPICIOUS-FORMAT,test,SUSPICIOUS,TEST-SIMPLE-IO-01,python,FORMAT_COMMENT_CHANGE,simple_io,G-8b1eb27d8463,PICAS_DYNAMIC_OFFSET,0.808,0.751498,True,True,True,0.5582,0.3,
VALIDATION-ARRAY-LOOP-01-RENAME,validation,TRANSFORMED,VALIDATION-ARRAY-LOOP-01,python,VARIABLE_RENAME,array_loop,G-757a3bd8c3b8,PICAS_DYNAMIC_OFFSET,0.814634,0.7070000000000001,True,True,True,0.8537,0.3,
VALIDATION-ARRAY-LOOP-01-NATURAL,validation,NATURAL_SIMILAR,VALIDATION-ARRAY-LOOP-01,python,NATURAL_TEMPLATE,array_loop,G-757a3bd8c3b8,PICAS_DYNAMIC_OFFSET,0.53544,0.7070000000000001,False,True,True,0.8106,0.4,
VALIDATION-ARRAY-LOOP-01-INDEPENDENT,validation,INDEPENDENT,VALIDATION-ARRAY-LOOP-01,python,INDEPENDENT_SOLUTION,array_loop,G-757a3bd8c3b8,PICAS_DYNAMIC_OFFSET,0.170911,0.7070000000000001,False,True,True,0.7392,0.3,
TEST-ARRAY-LOOP-01-RENAME,test,TRANSFORMED,TEST-ARRAY-LOOP-01,python,VARIABLE_RENAME,array_loop,G-d2407dbc1a72,PICAS_DYNAMIC_OFFSET,0.814634,0.7070000000000001,True,True,True,0.7823,0.3,
TEST-ARRAY-LOOP-01-NATURAL,test,NATURAL_SIMILAR,TEST-ARRAY-LOOP-01,python,NATURAL_TEMPLATE,array_loop,G-d2407dbc1a72,PICAS_DYNAMIC_OFFSET,0.53544,0.7070000000000001,False,True,True,0.7981,0.3,
TEST-ARRAY-LOOP-01-INDEPENDENT,test,INDEPENDENT,TEST-ARRAY-LOOP-01,python,INDEPENDENT_SOLUTION,array_loop,G-d2407dbc1a72,PICAS_DYNAMIC_OFFSET,0.170911,0.7070000000000001,False,True,True,0.7543,0.4,
TEST-ARRAY-LOOP-01-SUSPICIOUS-FORMAT,test,SUSPICIOUS,TEST-ARRAY-LOOP-01,python,FORMAT_COMMENT_CHANGE,array_loop,G-d2407dbc1a72,PICAS_DYNAMIC_OFFSET,0.814634,0.7070000000000001,True,True,True,0.7886,0.3,
VALIDATION-SORT-TEMPLATE-01-RENAME,validation,TRANSFORMED,VALIDATION-SORT-TEMPLATE-01,python,FUNCTION_RENAME,sort_template,G-4bed6eba3770,PICAS_DYNAMIC_OFFSET,0.828571,0.706648,True,True,True,1.9827,0.4,
VALIDATION-SORT-TEMPLATE-01-NATURAL,validation,NATURAL_SIMILAR,VALIDATION-SORT-TEMPLATE-01,python,NATURAL_TEMPLATE,sort_template,G-4bed6eba3770,PICAS_DYNAMIC_OFFSET,0.912777,0.706648,True,False,True,2.007,0.4,
VALIDATION-SORT-TEMPLATE-01-INDEPENDENT,validation,INDEPENDENT,VALIDATION-SORT-TEMPLATE-01,python,INDEPENDENT_SOLUTION,sort_template,G-4bed6eba3770,PICAS_DYNAMIC_OFFSET,0.10601,0.706648,False,True,True,1.1921,0.3,
TEST-SORT-TEMPLATE-01-RENAME,test,TRANSFORMED,TEST-SORT-TEMPLATE-01,python,FUNCTION_RENAME,sort_template,G-1df5b9b2b1b6,PICAS_DYNAMIC_OFFSET,0.820183,0.706648,True,True,True,1.9822,0.3,
TEST-SORT-TEMPLATE-01-NATURAL,test,NATURAL_SIMILAR,TEST-SORT-TEMPLATE-01,python,NATURAL_TEMPLATE,sort_template,G-1df5b9b2b1b6,PICAS_DYNAMIC_OFFSET,0.912777,0.706648,True,False,True,2.1706,0.3,
TEST-SORT-TEMPLATE-01-INDEPENDENT,test,INDEPENDENT,TEST-SORT-TEMPLATE-01,python,INDEPENDENT_SOLUTION,sort_template,G-1df5b9b2b1b6,PICAS_DYNAMIC_OFFSET,0.10601,0.706648,False,True,True,1.1775,0.3,
TEST-SORT-TEMPLATE-01-SUSPICIOUS-FORMAT,test,SUSPICIOUS,TEST-SORT-TEMPLATE-01,python,FORMAT_COMMENT_CHANGE,sort_template,G-1df5b9b2b1b6,PICAS_DYNAMIC_OFFSET,0.820183,0.706648,True,True,True,1.956,0.3,
VALIDATION-DFS-GRAPH-01-RENAME,validation,TRANSFORMED,VALIDATION-DFS-GRAPH-01,python,PARAMETER_RENAME,dfs_graph,G-2d763db84780,PICAS_DYNAMIC_OFFSET,0.814141,0.6588780000000001,True,True,True,1.5236,0.3,
VALIDATION-DFS-GRAPH-01-NATURAL,validation,NATURAL_SIMILAR,VALIDATION-DFS-GRAPH-01,python,NATURAL_TEMPLATE,dfs_graph,G-2d763db84780,PICAS_DYNAMIC_OFFSET,0.855833,0.6588780000000001,True,False,True,1.6621,0.3,
VALIDATION-DFS-GRAPH-01-INDEPENDENT,validation,INDEPENDENT,VALIDATION-DFS-GRAPH-01,python,INDEPENDENT_SOLUTION,dfs_graph,G-2d763db84780,PICAS_DYNAMIC_OFFSET,0.242798,0.6588780000000001,False,True,True,1.4554,0.4,
TEST-DFS-GRAPH-01-RENAME,test,TRANSFORMED,TEST-DFS-GRAPH-01,python,PARAMETER_RENAME,dfs_graph,G-58c393589490,PICAS_DYNAMIC_OFFSET,0.814141,0.6588780000000001,True,True,True,1.5291,0.4,
TEST-DFS-GRAPH-01-NATURAL,test,NATURAL_SIMILAR,TEST-DFS-GRAPH-01,python,NATURAL_TEMPLATE,dfs_graph,G-58c393589490,PICAS_DYNAMIC_OFFSET,0.855833,0.6588780000000001,True,False,True,1.5814,0.3,
TEST-DFS-GRAPH-01-INDEPENDENT,test,INDEPENDENT,TEST-DFS-GRAPH-01,python,INDEPENDENT_SOLUTION,dfs_graph,G-58c393589490,PICAS_DYNAMIC_OFFSET,0.242798,0.6588780000000001,False,True,True,1.5393,0.4,
TEST-DFS-GRAPH-01-SUSPICIOUS-FORMAT,test,SUSPICIOUS,TEST-DFS-GRAPH-01,python,FORMAT_COMMENT_CHANGE,dfs_graph,G-58c393589490,PICAS_DYNAMIC_OFFSET,0.814141,0.6588780000000001,True,True,True,1.5216,0.3,
VALIDATION-DP-VARIANT-01-RENAME,validation,TRANSFORMED,VALIDATION-DP-VARIANT-01,python,VARIABLE_RENAME,dp_variant,G-ea7d15d8556b,PICAS_DYNAMIC_OFFSET,0.809231,0.713468,True,True,True,1.2365,0.3,
VALIDATION-DP-VARIANT-01-NATURAL,validation,NATURAL_SIMILAR,VALIDATION-DP-VARIANT-01,python,NATURAL_TEMPLATE,dp_variant,G-ea7d15d8556b,PICAS_DYNAMIC_OFFSET,0.712023,0.713468,False,True,True,1.1988,0.4,
VALIDATION-DP-VARIANT-01-INDEPENDENT,validation,INDEPENDENT,VALIDATION-DP-VARIANT-01,python,INDEPENDENT_SOLUTION,dp_variant,G-ea7d15d8556b,PICAS_DYNAMIC_OFFSET,0.160584,0.713468,False,True,True,1.5635,0.3,
TEST-DP-VARIANT-01-RENAME,test,TRANSFORMED,TEST-DP-VARIANT-01,python,VARIABLE_RENAME,dp_variant,G-1bc17e655062,PICAS_DYNAMIC_OFFSET,0.809231,0.713468,True,True,True,1.1512,0.3,
TEST-DP-VARIANT-01-NATURAL,test,NATURAL_SIMILAR,TEST-DP-VARIANT-01,python,NATURAL_TEMPLATE,dp_variant,G-1bc17e655062,PICAS_DYNAMIC_OFFSET,0.712023,0.713468,False,True,True,1.1366,0.4,
TEST-DP-VARIANT-01-INDEPENDENT,test,INDEPENDENT,TEST-DP-VARIANT-01,python,INDEPENDENT_SOLUTION,dp_variant,G-1bc17e655062,PICAS_DYNAMIC_OFFSET,0.160584,0.713468,False,True,True,1.4081,0.4,
TEST-DP-VARIANT-01-SUSPICIOUS-FORMAT,test,SUSPICIOUS,TEST-DP-VARIANT-01,python,FORMAT_COMMENT_CHANGE,dp_variant,G-1bc17e655062,PICAS_DYNAMIC_OFFSET,0.809231,0.713468,True,True,True,1.1386,0.4,
SEED-VALIDATION-01-SIMPLE-IO-01-NATURAL_TEMPLATE,validation,NATURAL_SIMILAR,SEED-VALIDATION-01-SIMPLE-IO,python,NATURAL_TEMPLATE,simple_io,G-37eed964aaa4,PICAS_DYNAMIC_OFFSET,0.855556,0.731283,True,False,True,0.6512,0.4,
SEED-VALIDATION-01-SIMPLE-IO-02-PARAMETER_RENAME,validation,TRANSFORMED,SEED-VALIDATION-01-SIMPLE-IO,python,PARAMETER_RENAME,simple_io,G-37eed964aaa4,PICAS_DYNAMIC_OFFSET,0.84,0.731283,True,True,True,0.6024,0.3,
SEED-VALIDATION-01-SIMPLE-IO-03-FORMAT_COMMENT_CHANGE,validation,TRANSFORMED,SEED-VALIDATION-01-SIMPLE-IO,java,FORMAT_COMMENT_CHANGE,simple_io,G-37eed964aaa4,PICAS_DYNAMIC_OFFSET,1.0,0.731283,True,True,True,1.1021,0.3,
SEED-VALIDATION-02-ARRAY-LOOP-01-VARIABLE_RENAME,validation,TRANSFORMED,SEED-VALIDATION-02-ARRAY-LOOP,java,VARIABLE_RENAME,array_loop,G-1f5ad99c3c54,PICAS_DYNAMIC_OFFSET,0.858065,0.7243660000000001,True,True,True,1.3041,0.4,
SEED-VALIDATION-02-ARRAY-LOOP-02-LOCAL_REORDER,validation,TRANSFORMED,SEED-VALIDATION-02-ARRAY-LOOP,python,LOCAL_REORDER,array_loop,G-1f5ad99c3c54,PICAS_DYNAMIC_OFFSET,0.772005,0.7243660000000001,True,True,True,0.9535,0.3,
SEED-VALIDATION-02-ARRAY-LOOP-03-INDEPENDENT_SOLUTION,validation,INDEPENDENT,SEED-VALIDATION-02-ARRAY-LOOP,python,INDEPENDENT_SOLUTION,array_loop,G-1f5ad99c3c54,PICAS_DYNAMIC_OFFSET,0.1,0.7243660000000001,False,True,False,0.6919,0.3,Scope normalization is unavailable; weighted analysis fell back to raw tokens.
SEED-VALIDATION-03-SORT-TEMPLATE-01-FUNCTION_RENAME,validation,TRANSFORMED,SEED-VALIDATION-03-SORT-TEMPLATE,java,FUNCTION_RENAME,sort_template,G-f36d36dda4ce,PICAS_DYNAMIC_OFFSET,0.972093,0.7309950000000001,True,True,True,1.2766,0.3,
SEED-VALIDATION-03-SORT-TEMPLATE-02-HUMAN_REWRITE,validation,SUSPICIOUS,SEED-VALIDATION-03-SORT-TEMPLATE,python,HUMAN_REWRITE,sort_template,G-f36d36dda4ce,PICAS_DYNAMIC_OFFSET,0.09957,0.7309950000000001,False,False,True,1.2202,0.3,
SEED-VALIDATION-03-SORT-TEMPLATE-03-COMMON_STRUCTURE,validation,INDEPENDENT,SEED-VALIDATION-03-SORT-TEMPLATE,python,COMMON_STRUCTURE,sort_template,G-f36d36dda4ce,PICAS_DYNAMIC_OFFSET,0.179,0.7309950000000001,False,True,True,1.423,0.4,
SEED-VALIDATION-04-STRING-PROCESSING-01-SPLIT_MERGE,validation,TRANSFORMED,SEED-VALIDATION-04-STRING-PROCESSING,python,SPLIT_MERGE,string_processing,G-a3a6560f116d,PICAS_DYNAMIC_OFFSET,0.460801,0.75041,False,False,True,0.9062,0.3,
SEED-VALIDATION-04-STRING-PROCESSING-02-UNSUPPORTED_SYNTAX,validation,TRANSFORMED,SEED-VALIDATION-04-STRING-PROCESSING,python,UNSUPPORTED_SYNTAX,string_processing,G-a3a6560f116d,PICAS_DYNAMIC_OFFSET,0.657143,0.75041,False,False,False,0.8221,0.3,Scope normalization is unavailable; weighted analysis fell back to raw tokens.
SEED-VALIDATION-05-DFS-GRAPH-02-VARIABLE_RENAME,validation,TRANSFORMED,SEED-VALIDATION-05-DFS-GRAPH,python,VARIABLE_RENAME,dfs_graph,G-a5d051fec4db,PICAS_DYNAMIC_OFFSET,0.943662,0.7200070000000001,True,True,True,1.7749,0.4,
SEED-VALIDATION-05-DFS-GRAPH-03-NATURAL_TEMPLATE,validation,NATURAL_SIMILAR,SEED-VALIDATION-05-DFS-GRAPH,python,NATURAL_TEMPLATE,dfs_graph,G-a5d051fec4db,PICAS_DYNAMIC_OFFSET,0.959375,0.7200070000000001,True,False,True,1.7091,0.3,
SEED-VALIDATION-06-BFS-GRAPH-01-HUMAN_REWRITE,validation,SUSPICIOUS,SEED-VALIDATION-06-BFS-GRAPH,python,HUMAN_REWRITE,bfs_graph,G-21cf422ad152,PICAS_DYNAMIC_OFFSET,0.0,0.701584,False,False,False,1.3617,0.4,Scope normalization is unavailable; weighted analysis fell back to raw tokens.
SEED-VALIDATION-06-BFS-GRAPH-02-FUNCTION_RENAME,validation,TRANSFORMED,SEED-VALIDATION-06-BFS-GRAPH,python,FUNCTION_RENAME,bfs_graph,G-21cf422ad152,PICAS_DYNAMIC_OFFSET,0.986885,0.701584,True,True,True,1.7198,0.4,
SEED-VALIDATION-06-BFS-GRAPH-03-INDEPENDENT_SOLUTION,validation,INDEPENDENT,SEED-VALIDATION-06-BFS-GRAPH,java,INDEPENDENT_SOLUTION,bfs_graph,G-21cf422ad152,PICAS_DYNAMIC_OFFSET,0.235778,0.701584,False,True,True,1.3368,0.3,
SEED-VALIDATION-07-DP-VARIANT-01-SPLIT_MERGE,validation,TRANSFORMED,SEED-VALIDATION-07-DP-VARIANT,python,SPLIT_MERGE,dp_variant,G-7a19db4fd5a2,PICAS_DYNAMIC_OFFSET,0.375326,0.731123,False,False,True,1.2889,0.4,
SEED-VALIDATION-07-DP-VARIANT-02-PARAMETER_RENAME,validation,TRANSFORMED,SEED-VALIDATION-07-DP-VARIANT,python,PARAMETER_RENAME,dp_variant,G-7a19db4fd5a2,PICAS_DYNAMIC_OFFSET,0.938462,0.731123,True,True,True,1.2151,0.3,
SEED-VALIDATION-07-DP-VARIANT-03-COMMON_STRUCTURE,validation,INDEPENDENT,SEED-VALIDATION-07-DP-VARIANT,python,COMMON_STRUCTURE,dp_variant,G-7a19db4fd5a2,PICAS_DYNAMIC_OFFSET,0.24383,0.731123,False,True,True,0.9375,0.4,
SEED-VALIDATION-08-SIMULATION-01-LOCAL_REORDER,validation,TRANSFORMED,SEED-VALIDATION-08-SIMULATION,python,LOCAL_REORDER,simulation,G-59cdddf595d1,PICAS_DYNAMIC_OFFSET,0.803715,0.731155,True,True,True,1.1657,0.4,
SEED-TEST-01-SIMPLE-IO-01-HUMAN_REWRITE,test,SUSPICIOUS,SEED-TEST-01-SIMPLE-IO,python,HUMAN_REWRITE,simple_io,G-6bee25961fdf,PICAS_DYNAMIC_OFFSET,0.277198,0.731283,False,False,True,0.6431,0.3,
SEED-TEST-01-SIMPLE-IO-02-INDEPENDENT_SOLUTION,test,INDEPENDENT,SEED-TEST-01-SIMPLE-IO,java,INDEPENDENT_SOLUTION,simple_io,G-6bee25961fdf,PICAS_DYNAMIC_OFFSET,0.359474,0.731283,False,True,True,0.9202,0.3,
SEED-TEST-02-ARRAY-LOOP-01-NATURAL_TEMPLATE,test,NATURAL_SIMILAR,SEED-TEST-02-ARRAY-LOOP,python,NATURAL_TEMPLATE,array_loop,G-a6ec091a67b7,PICAS_DYNAMIC_OFFSET,1.0,0.7243660000000001,True,False,True,0.8225,0.4,
SEED-TEST-02-ARRAY-LOOP-02-VARIABLE_RENAME,test,TRANSFORMED,SEED-TEST-02-ARRAY-LOOP,python,VARIABLE_RENAME,array_loop,G-a6ec091a67b7,PICAS_DYNAMIC_OFFSET,0.814634,0.7243660000000001,True,True,True,0.7963,0.4,
SEED-TEST-02-ARRAY-LOOP-03-UNSUPPORTED_SYNTAX,test,TRANSFORMED,SEED-TEST-02-ARRAY-LOOP,python,UNSUPPORTED_SYNTAX,array_loop,G-a6ec091a67b7,PICAS_DYNAMIC_OFFSET,0.647059,0.7243660000000001,False,False,False,0.7887,0.3,Scope normalization is unavailable; weighted analysis fell back to raw tokens.
SEED-TEST-03-SORT-TEMPLATE-01-FORMAT_COMMENT_CHANGE,test,TRANSFORMED,SEED-TEST-03-SORT-TEMPLATE,python,FORMAT_COMMENT_CHANGE,sort_template,G-5a102d196ca4,PICAS_DYNAMIC_OFFSET,1.0,0.7309950000000001,True,True,True,2.0112,0.4,
SEED-TEST-03-SORT-TEMPLATE-02-LOCAL_REORDER,test,TRANSFORMED,SEED-TEST-03-SORT-TEMPLATE,python,LOCAL_REORDER,sort_template,G-5a102d196ca4,PICAS_DYNAMIC_OFFSET,0.882821,0.7309950000000001,True,True,True,2.1007,0.3,
SEED-TEST-04-STRING-PROCESSING-01-FUNCTION_RENAME,test,TRANSFORMED,SEED-TEST-04-STRING-PROCESSING,python,FUNCTION_RENAME,string_processing,G-309c6f7637ad,PICAS_DYNAMIC_OFFSET,0.968,0.75041,True,True,True,0.8528,0.3,
SEED-TEST-04-STRING-PROCESSING-02-PARAMETER_RENAME,test,TRANSFORMED,SEED-TEST-04-STRING-PROCESSING,java,PARAMETER_RENAME,string_processing,G-309c6f7637ad,PICAS_DYNAMIC_OFFSET,0.944615,0.75041,True,True,True,1.6608,0.3,
SEED-TEST-04-STRING-PROCESSING-03-COMMON_STRUCTURE,test,INDEPENDENT,SEED-TEST-04-STRING-PROCESSING,python,COMMON_STRUCTURE,string_processing,G-309c6f7637ad,PICAS_DYNAMIC_OFFSET,0.482576,0.75041,False,True,True,0.8286,0.4,
SEED-TEST-05-DFS-GRAPH-01-SPLIT_MERGE,test,TRANSFORMED,SEED-TEST-05-DFS-GRAPH,python,SPLIT_MERGE,dfs_graph,G-0aa256ed50ef,PICAS_DYNAMIC_OFFSET,0.409957,0.7200070000000001,False,False,True,1.9087,0.3,
SEED-TEST-05-DFS-GRAPH-02-HUMAN_REWRITE,test,SUSPICIOUS,SEED-TEST-05-DFS-GRAPH,python,HUMAN_REWRITE,dfs_graph,G-0aa256ed50ef,PICAS_DYNAMIC_OFFSET,0.0,0.7200070000000001,False,False,False,1.3809,0.4,Scope normalization is unavailable; weighted analysis fell back to raw tokens.
SEED-TEST-05-DFS-GRAPH-03-NATURAL_TEMPLATE,test,NATURAL_SIMILAR,SEED-TEST-05-DFS-GRAPH,python,NATURAL_TEMPLATE,dfs_graph,G-0aa256ed50ef,PICAS_DYNAMIC_OFFSET,0.959375,0.7200070000000001,True,False,True,1.8121,0.3,
SEED-TEST-06-BFS-GRAPH-02-COMMON_STRUCTURE,test,INDEPENDENT,SEED-TEST-06-BFS-GRAPH,python,COMMON_STRUCTURE,bfs_graph,G-c4feb47ceaf4,PICAS_DYNAMIC_OFFSET,0.140801,0.701584,False,True,True,1.2689,0.3,
SEED-TEST-06-BFS-GRAPH-03-UNSUPPORTED_SYNTAX,test,TRANSFORMED,SEED-TEST-06-BFS-GRAPH,python,UNSUPPORTED_SYNTAX,bfs_graph,G-c4feb47ceaf4,PICAS_DYNAMIC_OFFSET,0.830986,0.701584,True,True,False,1.6591,0.3,Scope normalization is unavailable; weighted analysis fell back to raw tokens.
SEED-TEST-07-DP-VARIANT-01-VARIABLE_RENAME,test,TRANSFORMED,SEED-TEST-07-DP-VARIANT,java,VARIABLE_RENAME,dp_variant,G-8ead3e4ae352,PICAS_DYNAMIC_OFFSET,0.858065,0.731123,True,True,True,1.2897,0.3,
SEED-TEST-07-DP-VARIANT-02-FORMAT_COMMENT_CHANGE,test,TRANSFORMED,SEED-TEST-07-DP-VARIANT,python,FORMAT_COMMENT_CHANGE,dp_variant,G-8ead3e4ae352,PICAS_DYNAMIC_OFFSET,1.0,0.731123,True,True,True,1.0908,0.3,
SEED-TEST-07-DP-VARIANT-03-INDEPENDENT_SOLUTION,test,INDEPENDENT,SEED-TEST-07-DP-VARIANT,python,INDEPENDENT_SOLUTION,dp_variant,G-8ead3e4ae352,PICAS_DYNAMIC_OFFSET,0.089552,0.731123,False,True,False,1.0047,0.3,Scope normalization is unavailable; weighted analysis fell back to raw tokens.
SEED-TEST-08-SIMULATION-01-LOCAL_REORDER,test,TRANSFORMED,SEED-TEST-08-SIMULATION,java,LOCAL_REORDER,simulation,G-12846af3e054,PICAS_DYNAMIC_OFFSET,1.0,0.731155,True,True,True,1.3639,0.4,
SEED-TEST-08-SIMULATION-02-SPLIT_MERGE,test,TRANSFORMED,SEED-TEST-08-SIMULATION,python,SPLIT_MERGE,simulation,G-12846af3e054,PICAS_DYNAMIC_OFFSET,0.381643,0.731155,False,False,True,1.1275,0.3,
