fixture,language,variant,method,source_type,formal_eligible,reference_type,before_score,after_score,delta,source_sha256,variant_sha256,mapping_json,analysis_elapsed_ms
python-keyword,python,0,RAW_ONLY,synthetic,False,IDENTICAL_SELF_PAIR,1.0,1.0,0.0,eda282d5628767551e4013e18e17923c9ee91660e2fceb7824bf7f50fd8d923d,eda282d5628767551e4013e18e17923c9ee91660e2fceb7824bf7f50fd8d923d,"{""alpha"": ""alpha"", ""beta"": ""beta"", ""fold"": ""fold"", ""gamma"": ""gamma"", ""result"": ""result"", ""value"": ""value""}",0.7019
python-keyword,python,0,AST_ONLY,synthetic,False,IDENTICAL_SELF_PAIR,1.0,1.0,0.0,eda282d5628767551e4013e18e17923c9ee91660e2fceb7824bf7f50fd8d923d,eda282d5628767551e4013e18e17923c9ee91660e2fceb7824bf7f50fd8d923d,"{""alpha"": ""alpha"", ""beta"": ""beta"", ""fold"": ""fold"", ""gamma"": ""gamma"", ""result"": ""result"", ""value"": ""value""}",0.7019
python-keyword,python,0,CANONICAL_ONLY,synthetic,False,IDENTICAL_SELF_PAIR,1.0,1.0,0.0,eda282d5628767551e4013e18e17923c9ee91660e2fceb7824bf7f50fd8d923d,eda282d5628767551e4013e18e17923c9ee91660e2fceb7824bf7f50fd8d923d,"{""alpha"": ""alpha"", ""beta"": ""beta"", ""fold"": ""fold"", ""gamma"": ""gamma"", ""result"": ""result"", ""value"": ""value""}",0.7019
python-keyword,python,0,MAPPING_ONLY,synthetic,False,IDENTICAL_SELF_PAIR,1.0,1.0,0.0,eda282d5628767551e4013e18e17923c9ee91660e2fceb7824bf7f50fd8d923d,eda282d5628767551e4013e18e17923c9ee91660e2fceb7824bf7f50fd8d923d,"{""alpha"": ""alpha"", ""beta"": ""beta"", ""fold"": ""fold"", ""gamma"": ""gamma"", ""result"": ""result"", ""value"": ""value""}",0.7019
python-keyword,python,0,RAW_AST_EQUAL,synthetic,False,IDENTICAL_SELF_PAIR,1.0,1.0,0.0,eda282d5628767551e4013e18e17923c9ee91660e2fceb7824bf7f50fd8d923d,eda282d5628767551e4013e18e17923c9ee91660e2fceb7824bf7f50fd8d923d,"{""alpha"": ""alpha"", ""beta"": ""beta"", ""fold"": ""fold"", ""gamma"": ""gamma"", ""result"": ""result"", ""value"": ""value""}",0.7019
python-keyword,python,0,RAW_CANONICAL_EQUAL,synthetic,False,IDENTICAL_SELF_PAIR,1.0,1.0,0.0,eda282d5628767551e4013e18e17923c9ee91660e2fceb7824bf7f50fd8d923d,eda282d5628767551e4013e18e17923c9ee91660e2fceb7824bf7f50fd8d923d,"{""alpha"": ""alpha"", ""beta"": ""beta"", ""fold"": ""fold"", ""gamma"": ""gamma"", ""result"": ""result"", ""value"": ""value""}",0.7019
python-keyword,python,0,RAW_MAPPING_EQUAL,synthetic,False,IDENTICAL_SELF_PAIR,1.0,1.0,0.0,eda282d5628767551e4013e18e17923c9ee91660e2fceb7824bf7f50fd8d923d,eda282d5628767551e4013e18e17923c9ee91660e2fceb7824bf7f50fd8d923d,"{""alpha"": ""alpha"", ""beta"": ""beta"", ""fold"": ""fold"", ""gamma"": ""gamma"", ""result"": ""result"", ""value"": ""value""}",0.7019
python-keyword,python,0,AST_CANONICAL_EQUAL,synthetic,False,IDENTICAL_SELF_PAIR,1.0,1.0,0.0,eda282d5628767551e4013e18e17923c9ee91660e2fceb7824bf7f50fd8d923d,eda282d5628767551e4013e18e17923c9ee91660e2fceb7824bf7f50fd8d923d,"{""alpha"": ""alpha"", ""beta"": ""beta"", ""fold"": ""fold"", ""gamma"": ""gamma"", ""result"": ""result"", ""value"": ""value""}",0.7019
python-keyword,python,0,AST_MAPPING_EQUAL,synthetic,False,IDENTICAL_SELF_PAIR,1.0,1.0,0.0,eda282d5628767551e4013e18e17923c9ee91660e2fceb7824bf7f50fd8d923d,eda282d5628767551e4013e18e17923c9ee91660e2fceb7824bf7f50fd8d923d,"{""alpha"": ""alpha"", ""beta"": ""beta"", ""fold"": ""fold"", ""gamma"": ""gamma"", ""result"": ""result"", ""value"": ""value""}",0.7019
python-keyword,python,0,CANONICAL_MAPPING_EQUAL,synthetic,False,IDENTICAL_SELF_PAIR,1.0,1.0,0.0,eda282d5628767551e4013e18e17923c9ee91660e2fceb7824bf7f50fd8d923d,eda282d5628767551e4013e18e17923c9ee91660e2fceb7824bf7f50fd8d923d,"{""alpha"": ""alpha"", ""beta"": ""beta"", ""fold"": ""fold"", ""gamma"": ""gamma"", ""result"": ""result"", ""value"": ""value""}",0.7019
python-keyword,python,0,ALL_EQUAL,synthetic,False,IDENTICAL_SELF_PAIR,1.0,1.0,0.0,eda282d5628767551e4013e18e17923c9ee91660e2fceb7824bf7f50fd8d923d,eda282d5628767551e4013e18e17923c9ee91660e2fceb7824bf7f50fd8d923d,"{""alpha"": ""alpha"", ""beta"": ""beta"", ""fold"": ""fold"", ""gamma"": ""gamma"", ""result"": ""result"", ""value"": ""value""}",0.7019
python-keyword,python,0,PICAS_FIXED,synthetic,False,IDENTICAL_SELF_PAIR,1.0,1.0,0.0,eda282d5628767551e4013e18e17923c9ee91660e2fceb7824bf7f50fd8d923d,eda282d5628767551e4013e18e17923c9ee91660e2fceb7824bf7f50fd8d923d,"{""alpha"": ""alpha"", ""beta"": ""beta"", ""fold"": ""fold"", ""gamma"": ""gamma"", ""result"": ""result"", ""value"": ""value""}",0.7019
python-keyword,python,0,PICAS_RULE_DYNAMIC,synthetic,False,IDENTICAL_SELF_PAIR,1.0,1.0,0.0,eda282d5628767551e4013e18e17923c9ee91660e2fceb7824bf7f50fd8d923d,eda282d5628767551e4013e18e17923c9ee91660e2fceb7824bf7f50fd8d923d,"{""alpha"": ""alpha"", ""beta"": ""beta"", ""fold"": ""fold"", ""gamma"": ""gamma"", ""result"": ""result"", ""value"": ""value""}",0.7019
python-keyword,python,0,PICAS_DYNAMIC_OFFSET,synthetic,False,IDENTICAL_SELF_PAIR,1.0,1.0,0.0,eda282d5628767551e4013e18e17923c9ee91660e2fceb7824bf7f50fd8d923d,eda282d5628767551e4013e18e17923c9ee91660e2fceb7824bf7f50fd8d923d,"{""alpha"": ""alpha"", ""beta"": ""beta"", ""fold"": ""fold"", ""gamma"": ""gamma"", ""result"": ""result"", ""value"": ""value""}",0.7019
python-keyword,python,1,RAW_ONLY,synthetic,False,IDENTICAL_SELF_PAIR,1.0,0.066667,-0.933333,eda282d5628767551e4013e18e17923c9ee91660e2fceb7824bf7f50fd8d923d,94254c32603146961316f708f4953764211cd1d363b72919b946fe115f7264db,"{""alpha"": ""fold"", ""beta"": ""value"", ""fold"": ""alpha"", ""gamma"": ""result"", ""result"": ""gamma"", ""value"": ""beta""}",0.6797
python-keyword,python,1,AST_ONLY,synthetic,False,IDENTICAL_SELF_PAIR,1.0,1.0,0.0,eda282d5628767551e4013e18e17923c9ee91660e2fceb7824bf7f50fd8d923d,94254c32603146961316f708f4953764211cd1d363b72919b946fe115f7264db,"{""alpha"": ""fold"", ""beta"": ""value"", ""fold"": ""alpha"", ""gamma"": ""result"", ""result"": ""gamma"", ""value"": ""beta""}",0.6797
python-keyword,python,1,CANONICAL_ONLY,synthetic,False,IDENTICAL_SELF_PAIR,1.0,1.0,0.0,eda282d5628767551e4013e18e17923c9ee91660e2fceb7824bf7f50fd8d923d,94254c32603146961316f708f4953764211cd1d363b72919b946fe115f7264db,"{""alpha"": ""fold"", ""beta"": ""value"", ""fold"": ""alpha"", ""gamma"": ""result"", ""result"": ""gamma"", ""value"": ""beta""}",0.6797
python-keyword,python,1,MAPPING_ONLY,synthetic,False,IDENTICAL_SELF_PAIR,1.0,1.0,0.0,eda282d5628767551e4013e18e17923c9ee91660e2fceb7824bf7f50fd8d923d,94254c32603146961316f708f4953764211cd1d363b72919b946fe115f7264db,"{""alpha"": ""fold"", ""beta"": ""value"", ""fold"": ""alpha"", ""gamma"": ""result"", ""result"": ""gamma"", ""value"": ""beta""}",0.6797
python-keyword,python,1,RAW_AST_EQUAL,synthetic,False,IDENTICAL_SELF_PAIR,1.0,0.5333335,-0.4666665,eda282d5628767551e4013e18e17923c9ee91660e2fceb7824bf7f50fd8d923d,94254c32603146961316f708f4953764211cd1d363b72919b946fe115f7264db,"{""alpha"": ""fold"", ""beta"": ""value"", ""fold"": ""alpha"", ""gamma"": ""result"", ""result"": ""gamma"", ""value"": ""beta""}",0.6797
python-keyword,python,1,RAW_CANONICAL_EQUAL,synthetic,False,IDENTICAL_SELF_PAIR,1.0,0.5333335,-0.4666665,eda282d5628767551e4013e18e17923c9ee91660e2fceb7824bf7f50fd8d923d,94254c32603146961316f708f4953764211cd1d363b72919b946fe115f7264db,"{""alpha"": ""fold"", ""beta"": ""value"", ""fold"": ""alpha"", ""gamma"": ""result"", ""result"": ""gamma"", ""value"": ""beta""}",0.6797
python-keyword,python,1,RAW_MAPPING_EQUAL,synthetic,False,IDENTICAL_SELF_PAIR,1.0,0.5333335,-0.4666665,eda282d5628767551e4013e18e17923c9ee91660e2fceb7824bf7f50fd8d923d,94254c32603146961316f708f4953764211cd1d363b72919b946fe115f7264db,"{""alpha"": ""fold"", ""beta"": ""value"", ""fold"": ""alpha"", ""gamma"": ""result"", ""result"": ""gamma"", ""value"": ""beta""}",0.6797
python-keyword,python,1,AST_CANONICAL_EQUAL,synthetic,False,IDENTICAL_SELF_PAIR,1.0,1.0,0.0,eda282d5628767551e4013e18e17923c9ee91660e2fceb7824bf7f50fd8d923d,94254c32603146961316f708f4953764211cd1d363b72919b946fe115f7264db,"{""alpha"": ""fold"", ""beta"": ""value"", ""fold"": ""alpha"", ""gamma"": ""result"", ""result"": ""gamma"", ""value"": ""beta""}",0.6797
python-keyword,python,1,AST_MAPPING_EQUAL,synthetic,False,IDENTICAL_SELF_PAIR,1.0,1.0,0.0,eda282d5628767551e4013e18e17923c9ee91660e2fceb7824bf7f50fd8d923d,94254c32603146961316f708f4953764211cd1d363b72919b946fe115f7264db,"{""alpha"": ""fold"", ""beta"": ""value"", ""fold"": ""alpha"", ""gamma"": ""result"", ""result"": ""gamma"", ""value"": ""beta""}",0.6797
python-keyword,python,1,CANONICAL_MAPPING_EQUAL,synthetic,False,IDENTICAL_SELF_PAIR,1.0,1.0,0.0,eda282d5628767551e4013e18e17923c9ee91660e2fceb7824bf7f50fd8d923d,94254c32603146961316f708f4953764211cd1d363b72919b946fe115f7264db,"{""alpha"": ""fold"", ""beta"": ""value"", ""fold"": ""alpha"", ""gamma"": ""result"", ""result"": ""gamma"", ""value"": ""beta""}",0.6797
python-keyword,python,1,ALL_EQUAL,synthetic,False,IDENTICAL_SELF_PAIR,1.0,0.76666675,-0.23333325000000005,eda282d5628767551e4013e18e17923c9ee91660e2fceb7824bf7f50fd8d923d,94254c32603146961316f708f4953764211cd1d363b72919b946fe115f7264db,"{""alpha"": ""fold"", ""beta"": ""value"", ""fold"": ""alpha"", ""gamma"": ""result"", ""result"": ""gamma"", ""value"": ""beta""}",0.6797
python-keyword,python,1,PICAS_FIXED,synthetic,False,IDENTICAL_SELF_PAIR,1.0,0.813333,-0.18666700000000003,eda282d5628767551e4013e18e17923c9ee91660e2fceb7824bf7f50fd8d923d,94254c32603146961316f708f4953764211cd1d363b72919b946fe115f7264db,"{""alpha"": ""fold"", ""beta"": ""value"", ""fold"": ""alpha"", ""gamma"": ""result"", ""result"": ""gamma"", ""value"": ""beta""}",0.6797
python-keyword,python,1,PICAS_RULE_DYNAMIC,synthetic,False,IDENTICAL_SELF_PAIR,1.0,0.813333,-0.18666700000000003,eda282d5628767551e4013e18e17923c9ee91660e2fceb7824bf7f50fd8d923d,94254c32603146961316f708f4953764211cd1d363b72919b946fe115f7264db,"{""alpha"": ""fold"", ""beta"": ""value"", ""fold"": ""alpha"", ""gamma"": ""result"", ""result"": ""gamma"", ""value"": ""beta""}",0.6797
python-keyword,python,1,PICAS_DYNAMIC_OFFSET,synthetic,False,IDENTICAL_SELF_PAIR,1.0,0.813333,-0.18666700000000003,eda282d5628767551e4013e18e17923c9ee91660e2fceb7824bf7f50fd8d923d,94254c32603146961316f708f4953764211cd1d363b72919b946fe115f7264db,"{""alpha"": ""fold"", ""beta"": ""value"", ""fold"": ""alpha"", ""gamma"": ""result"", ""result"": ""gamma"", ""value"": ""beta""}",0.6797
python-keyword,python,2,RAW_ONLY,synthetic,False,IDENTICAL_SELF_PAIR,1.0,0.103448,-0.896552,eda282d5628767551e4013e18e17923c9ee91660e2fceb7824bf7f50fd8d923d,e0a585b6a080e7ed70d2783956a92c858559f9af2f80dbf819d967ae518b726d,"{""alpha"": ""gamma"", ""beta"": ""alpha"", ""fold"": ""fold"", ""gamma"": ""result"", ""result"": ""value"", ""value"": ""beta""}",0.6831
python-keyword,python,2,AST_ONLY,synthetic,False,IDENTICAL_SELF_PAIR,1.0,1.0,0.0,eda282d5628767551e4013e18e17923c9ee91660e2fceb7824bf7f50fd8d923d,e0a585b6a080e7ed70d2783956a92c858559f9af2f80dbf819d967ae518b726d,"{""alpha"": ""gamma"", ""beta"": ""alpha"", ""fold"": ""fold"", ""gamma"": ""result"", ""result"": ""value"", ""value"": ""beta""}",0.6831
python-keyword,python,2,CANONICAL_ONLY,synthetic,False,IDENTICAL_SELF_PAIR,1.0,1.0,0.0,eda282d5628767551e4013e18e17923c9ee91660e2fceb7824bf7f50fd8d923d,e0a585b6a080e7ed70d2783956a92c858559f9af2f80dbf819d967ae518b726d,"{""alpha"": ""gamma"", ""beta"": ""alpha"", ""fold"": ""fold"", ""gamma"": ""result"", ""result"": ""value"", ""value"": ""beta""}",0.6831
python-keyword,python,2,MAPPING_ONLY,synthetic,False,IDENTICAL_SELF_PAIR,1.0,1.0,0.0,eda282d5628767551e4013e18e17923c9ee91660e2fceb7824bf7f50fd8d923d,e0a585b6a080e7ed70d2783956a92c858559f9af2f80dbf819d967ae518b726d,"{""alpha"": ""gamma"", ""beta"": ""alpha"", ""fold"": ""fold"", ""gamma"": ""result"", ""result"": ""value"", ""value"": ""beta""}",0.6831
python-keyword,python,2,RAW_AST_EQUAL,synthetic,False,IDENTICAL_SELF_PAIR,1.0,0.551724,-0.448276,eda282d5628767551e4013e18e17923c9ee91660e2fceb7824bf7f50fd8d923d,e0a585b6a080e7ed70d2783956a92c858559f9af2f80dbf819d967ae518b726d,"{""alpha"": ""gamma"", ""beta"": ""alpha"", ""fold"": ""fold"", ""gamma"": ""result"", ""result"": ""value"", ""value"": ""beta""}",0.6831
python-keyword,python,2,RAW_CANONICAL_EQUAL,synthetic,False,IDENTICAL_SELF_PAIR,1.0,0.551724,-0.448276,eda282d5628767551e4013e18e17923c9ee91660e2fceb7824bf7f50fd8d923d,e0a585b6a080e7ed70d2783956a92c858559f9af2f80dbf819d967ae518b726d,"{""alpha"": ""gamma"", ""beta"": ""alpha"", ""fold"": ""fold"", ""gamma"": ""result"", ""result"": ""value"", ""value"": ""beta""}",0.6831
python-keyword,python,2,RAW_MAPPING_EQUAL,synthetic,False,IDENTICAL_SELF_PAIR,1.0,0.551724,-0.448276,eda282d5628767551e4013e18e17923c9ee91660e2fceb7824bf7f50fd8d923d,e0a585b6a080e7ed70d2783956a92c858559f9af2f80dbf819d967ae518b726d,"{""alpha"": ""gamma"", ""beta"": ""alpha"", ""fold"": ""fold"", ""gamma"": ""result"", ""result"": ""value"", ""value"": ""beta""}",0.6831
python-keyword,python,2,AST_CANONICAL_EQUAL,synthetic,False,IDENTICAL_SELF_PAIR,1.0,1.0,0.0,eda282d5628767551e4013e18e17923c9ee91660e2fceb7824bf7f50fd8d923d,e0a585b6a080e7ed70d2783956a92c858559f9af2f80dbf819d967ae518b726d,"{""alpha"": ""gamma"", ""beta"": ""alpha"", ""fold"": ""fold"", ""gamma"": ""result"", ""result"": ""value"", ""value"": ""beta""}",0.6831
python-keyword,python,2,AST_MAPPING_EQUAL,synthetic,False,IDENTICAL_SELF_PAIR,1.0,1.0,0.0,eda282d5628767551e4013e18e17923c9ee91660e2fceb7824bf7f50fd8d923d,e0a585b6a080e7ed70d2783956a92c858559f9af2f80dbf819d967ae518b726d,"{""alpha"": ""gamma"", ""beta"": ""alpha"", ""fold"": ""fold"", ""gamma"": ""result"", ""result"": ""value"", ""value"": ""beta""}",0.6831
python-keyword,python,2,CANONICAL_MAPPING_EQUAL,synthetic,False,IDENTICAL_SELF_PAIR,1.0,1.0,0.0,eda282d5628767551e4013e18e17923c9ee91660e2fceb7824bf7f50fd8d923d,e0a585b6a080e7ed70d2783956a92c858559f9af2f80dbf819d967ae518b726d,"{""alpha"": ""gamma"", ""beta"": ""alpha"", ""fold"": ""fold"", ""gamma"": ""result"", ""result"": ""value"", ""value"": ""beta""}",0.6831
python-keyword,python,2,ALL_EQUAL,synthetic,False,IDENTICAL_SELF_PAIR,1.0,0.775862,-0.22413799999999995,eda282d5628767551e4013e18e17923c9ee91660e2fceb7824bf7f50fd8d923d,e0a585b6a080e7ed70d2783956a92c858559f9af2f80dbf819d967ae518b726d,"{""alpha"": ""gamma"", ""beta"": ""alpha"", ""fold"": ""fold"", ""gamma"": ""result"", ""result"": ""value"", ""value"": ""beta""}",0.6831
python-keyword,python,2,PICAS_FIXED,synthetic,False,IDENTICAL_SELF_PAIR,1.0,0.82069,-0.17930999999999997,eda282d5628767551e4013e18e17923c9ee91660e2fceb7824bf7f50fd8d923d,e0a585b6a080e7ed70d2783956a92c858559f9af2f80dbf819d967ae518b726d,"{""alpha"": ""gamma"", ""beta"": ""alpha"", ""fold"": ""fold"", ""gamma"": ""result"", ""result"": ""value"", ""value"": ""beta""}",0.6831
python-keyword,python,2,PICAS_RULE_DYNAMIC,synthetic,False,IDENTICAL_SELF_PAIR,1.0,0.82069,-0.17930999999999997,eda282d5628767551e4013e18e17923c9ee91660e2fceb7824bf7f50fd8d923d,e0a585b6a080e7ed70d2783956a92c858559f9af2f80dbf819d967ae518b726d,"{""alpha"": ""gamma"", ""beta"": ""alpha"", ""fold"": ""fold"", ""gamma"": ""result"", ""result"": ""value"", ""value"": ""beta""}",0.6831
python-keyword,python,2,PICAS_DYNAMIC_OFFSET,synthetic,False,IDENTICAL_SELF_PAIR,1.0,0.82069,-0.17930999999999997,eda282d5628767551e4013e18e17923c9ee91660e2fceb7824bf7f50fd8d923d,e0a585b6a080e7ed70d2783956a92c858559f9af2f80dbf819d967ae518b726d,"{""alpha"": ""gamma"", ""beta"": ""alpha"", ""fold"": ""fold"", ""gamma"": ""result"", ""result"": ""value"", ""value"": ""beta""}",0.6831
python-keyword,python,3,RAW_ONLY,synthetic,False,IDENTICAL_SELF_PAIR,1.0,0.103448,-0.896552,eda282d5628767551e4013e18e17923c9ee91660e2fceb7824bf7f50fd8d923d,0969c4f6b6f2d0e08682747be97d6f5939740fb36a958b16e3204607ac17be0d,"{""alpha"": ""beta"", ""beta"": ""value"", ""fold"": ""fold"", ""gamma"": ""gamma"", ""result"": ""alpha"", ""value"": ""result""}",0.665
python-keyword,python,3,AST_ONLY,synthetic,False,IDENTICAL_SELF_PAIR,1.0,1.0,0.0,eda282d5628767551e4013e18e17923c9ee91660e2fceb7824bf7f50fd8d923d,0969c4f6b6f2d0e08682747be97d6f5939740fb36a958b16e3204607ac17be0d,"{""alpha"": ""beta"", ""beta"": ""value"", ""fold"": ""fold"", ""gamma"": ""gamma"", ""result"": ""alpha"", ""value"": ""result""}",0.665
python-keyword,python,3,CANONICAL_ONLY,synthetic,False,IDENTICAL_SELF_PAIR,1.0,1.0,0.0,eda282d5628767551e4013e18e17923c9ee91660e2fceb7824bf7f50fd8d923d,0969c4f6b6f2d0e08682747be97d6f5939740fb36a958b16e3204607ac17be0d,"{""alpha"": ""beta"", ""beta"": ""value"", ""fold"": ""fold"", ""gamma"": ""gamma"", ""result"": ""alpha"", ""value"": ""result""}",0.665
python-keyword,python,3,MAPPING_ONLY,synthetic,False,IDENTICAL_SELF_PAIR,1.0,1.0,0.0,eda282d5628767551e4013e18e17923c9ee91660e2fceb7824bf7f50fd8d923d,0969c4f6b6f2d0e08682747be97d6f5939740fb36a958b16e3204607ac17be0d,"{""alpha"": ""beta"", ""beta"": ""value"", ""fold"": ""fold"", ""gamma"": ""gamma"", ""result"": ""alpha"", ""value"": ""result""}",0.665
python-keyword,python,3,RAW_AST_EQUAL,synthetic,False,IDENTICAL_SELF_PAIR,1.0,0.551724,-0.448276,eda282d5628767551e4013e18e17923c9ee91660e2fceb7824bf7f50fd8d923d,0969c4f6b6f2d0e08682747be97d6f5939740fb36a958b16e3204607ac17be0d,"{""alpha"": ""beta"", ""beta"": ""value"", ""fold"": ""fold"", ""gamma"": ""gamma"", ""result"": ""alpha"", ""value"": ""result""}",0.665
python-keyword,python,3,RAW_CANONICAL_EQUAL,synthetic,False,IDENTICAL_SELF_PAIR,1.0,0.551724,-0.448276,eda282d5628767551e4013e18e17923c9ee91660e2fceb7824bf7f50fd8d923d,0969c4f6b6f2d0e08682747be97d6f5939740fb36a958b16e3204607ac17be0d,"{""alpha"": ""beta"", ""beta"": ""value"", ""fold"": ""fold"", ""gamma"": ""gamma"", ""result"": ""alpha"", ""value"": ""result""}",0.665
python-keyword,python,3,RAW_MAPPING_EQUAL,synthetic,False,IDENTICAL_SELF_PAIR,1.0,0.551724,-0.448276,eda282d5628767551e4013e18e17923c9ee91660e2fceb7824bf7f50fd8d923d,0969c4f6b6f2d0e08682747be97d6f5939740fb36a958b16e3204607ac17be0d,"{""alpha"": ""beta"", ""beta"": ""value"", ""fold"": ""fold"", ""gamma"": ""gamma"", ""result"": ""alpha"", ""value"": ""result""}",0.665
python-keyword,python,3,AST_CANONICAL_EQUAL,synthetic,False,IDENTICAL_SELF_PAIR,1.0,1.0,0.0,eda282d5628767551e4013e18e17923c9ee91660e2fceb7824bf7f50fd8d923d,0969c4f6b6f2d0e08682747be97d6f5939740fb36a958b16e3204607ac17be0d,"{""alpha"": ""beta"", ""beta"": ""value"", ""fold"": ""fold"", ""gamma"": ""gamma"", ""result"": ""alpha"", ""value"": ""result""}",0.665
python-keyword,python,3,AST_MAPPING_EQUAL,synthetic,False,IDENTICAL_SELF_PAIR,1.0,1.0,0.0,eda282d5628767551e4013e18e17923c9ee91660e2fceb7824bf7f50fd8d923d,0969c4f6b6f2d0e08682747be97d6f5939740fb36a958b16e3204607ac17be0d,"{""alpha"": ""beta"", ""beta"": ""value"", ""fold"": ""fold"", ""gamma"": ""gamma"", ""result"": ""alpha"", ""value"": ""result""}",0.665
python-keyword,python,3,CANONICAL_MAPPING_EQUAL,synthetic,False,IDENTICAL_SELF_PAIR,1.0,1.0,0.0,eda282d5628767551e4013e18e17923c9ee91660e2fceb7824bf7f50fd8d923d,0969c4f6b6f2d0e08682747be97d6f5939740fb36a958b16e3204607ac17be0d,"{""alpha"": ""beta"", ""beta"": ""value"", ""fold"": ""fold"", ""gamma"": ""gamma"", ""result"": ""alpha"", ""value"": ""result""}",0.665
python-keyword,python,3,ALL_EQUAL,synthetic,False,IDENTICAL_SELF_PAIR,1.0,0.775862,-0.22413799999999995,eda282d5628767551e4013e18e17923c9ee91660e2fceb7824bf7f50fd8d923d,0969c4f6b6f2d0e08682747be97d6f5939740fb36a958b16e3204607ac17be0d,"{""alpha"": ""beta"", ""beta"": ""value"", ""fold"": ""fold"", ""gamma"": ""gamma"", ""result"": ""alpha"", ""value"": ""result""}",0.665
python-keyword,python,3,PICAS_FIXED,synthetic,False,IDENTICAL_SELF_PAIR,1.0,0.82069,-0.17930999999999997,eda282d5628767551e4013e18e17923c9ee91660e2fceb7824bf7f50fd8d923d,0969c4f6b6f2d0e08682747be97d6f5939740fb36a958b16e3204607ac17be0d,"{""alpha"": ""beta"", ""beta"": ""value"", ""fold"": ""fold"", ""gamma"": ""gamma"", ""result"": ""alpha"", ""value"": ""result""}",0.665
python-keyword,python,3,PICAS_RULE_DYNAMIC,synthetic,False,IDENTICAL_SELF_PAIR,1.0,0.82069,-0.17930999999999997,eda282d5628767551e4013e18e17923c9ee91660e2fceb7824bf7f50fd8d923d,0969c4f6b6f2d0e08682747be97d6f5939740fb36a958b16e3204607ac17be0d,"{""alpha"": ""beta"", ""beta"": ""value"", ""fold"": ""fold"", ""gamma"": ""gamma"", ""result"": ""alpha"", ""value"": ""result""}",0.665
python-keyword,python,3,PICAS_DYNAMIC_OFFSET,synthetic,False,IDENTICAL_SELF_PAIR,1.0,0.82069,-0.17930999999999997,eda282d5628767551e4013e18e17923c9ee91660e2fceb7824bf7f50fd8d923d,0969c4f6b6f2d0e08682747be97d6f5939740fb36a958b16e3204607ac17be0d,"{""alpha"": ""beta"", ""beta"": ""value"", ""fold"": ""fold"", ""gamma"": ""gamma"", ""result"": ""alpha"", ""value"": ""result""}",0.665
python-keyword,python,4,RAW_ONLY,synthetic,False,IDENTICAL_SELF_PAIR,1.0,0.066667,-0.933333,eda282d5628767551e4013e18e17923c9ee91660e2fceb7824bf7f50fd8d923d,bcc323787f401505f3263a65b3958fd4714ad9e5c354cd351996b15245828aba,"{""alpha"": ""result"", ""beta"": ""beta"", ""fold"": ""gamma"", ""gamma"": ""fold"", ""result"": ""value"", ""value"": ""alpha""}",0.7326
python-keyword,python,4,AST_ONLY,synthetic,False,IDENTICAL_SELF_PAIR,1.0,1.0,0.0,eda282d5628767551e4013e18e17923c9ee91660e2fceb7824bf7f50fd8d923d,bcc323787f401505f3263a65b3958fd4714ad9e5c354cd351996b15245828aba,"{""alpha"": ""result"", ""beta"": ""beta"", ""fold"": ""gamma"", ""gamma"": ""fold"", ""result"": ""value"", ""value"": ""alpha""}",0.7326
python-keyword,python,4,CANONICAL_ONLY,synthetic,False,IDENTICAL_SELF_PAIR,1.0,1.0,0.0,eda282d5628767551e4013e18e17923c9ee91660e2fceb7824bf7f50fd8d923d,bcc323787f401505f3263a65b3958fd4714ad9e5c354cd351996b15245828aba,"{""alpha"": ""result"", ""beta"": ""beta"", ""fold"": ""gamma"", ""gamma"": ""fold"", ""result"": ""value"", ""value"": ""alpha""}",0.7326
python-keyword,python,4,MAPPING_ONLY,synthetic,False,IDENTICAL_SELF_PAIR,1.0,1.0,0.0,eda282d5628767551e4013e18e17923c9ee91660e2fceb7824bf7f50fd8d923d,bcc323787f401505f3263a65b3958fd4714ad9e5c354cd351996b15245828aba,"{""alpha"": ""result"", ""beta"": ""beta"", ""fold"": ""gamma"", ""gamma"": ""fold"", ""result"": ""value"", ""value"": ""alpha""}",0.7326
python-keyword,python,4,RAW_AST_EQUAL,synthetic,False,IDENTICAL_SELF_PAIR,1.0,0.5333335,-0.4666665,eda282d5628767551e4013e18e17923c9ee91660e2fceb7824bf7f50fd8d923d,bcc323787f401505f3263a65b3958fd4714ad9e5c354cd351996b15245828aba,"{""alpha"": ""result"", ""beta"": ""beta"", ""fold"": ""gamma"", ""gamma"": ""fold"", ""result"": ""value"", ""value"": ""alpha""}",0.7326
python-keyword,python,4,RAW_CANONICAL_EQUAL,synthetic,False,IDENTICAL_SELF_PAIR,1.0,0.5333335,-0.4666665,eda282d5628767551e4013e18e17923c9ee91660e2fceb7824bf7f50fd8d923d,bcc323787f401505f3263a65b3958fd4714ad9e5c354cd351996b15245828aba,"{""alpha"": ""result"", ""beta"": ""beta"", ""fold"": ""gamma"", ""gamma"": ""fold"", ""result"": ""value"", ""value"": ""alpha""}",0.7326
python-keyword,python,4,RAW_MAPPING_EQUAL,synthetic,False,IDENTICAL_SELF_PAIR,1.0,0.5333335,-0.4666665,eda282d5628767551e4013e18e17923c9ee91660e2fceb7824bf7f50fd8d923d,bcc323787f401505f3263a65b3958fd4714ad9e5c354cd351996b15245828aba,"{""alpha"": ""result"", ""beta"": ""beta"", ""fold"": ""gamma"", ""gamma"": ""fold"", ""result"": ""value"", ""value"": ""alpha""}",0.7326
python-keyword,python,4,AST_CANONICAL_EQUAL,synthetic,False,IDENTICAL_SELF_PAIR,1.0,1.0,0.0,eda282d5628767551e4013e18e17923c9ee91660e2fceb7824bf7f50fd8d923d,bcc323787f401505f3263a65b3958fd4714ad9e5c354cd351996b15245828aba,"{""alpha"": ""result"", ""beta"": ""beta"", ""fold"": ""gamma"", ""gamma"": ""fold"", ""result"": ""value"", ""value"": ""alpha""}",0.7326
python-keyword,python,4,AST_MAPPING_EQUAL,synthetic,False,IDENTICAL_SELF_PAIR,1.0,1.0,0.0,eda282d5628767551e4013e18e17923c9ee91660e2fceb7824bf7f50fd8d923d,bcc323787f401505f3263a65b3958fd4714ad9e5c354cd351996b15245828aba,"{""alpha"": ""result"", ""beta"": ""beta"", ""fold"": ""gamma"", ""gamma"": ""fold"", ""result"": ""value"", ""value"": ""alpha""}",0.7326
python-keyword,python,4,CANONICAL_MAPPING_EQUAL,synthetic,False,IDENTICAL_SELF_PAIR,1.0,1.0,0.0,eda282d5628767551e4013e18e17923c9ee91660e2fceb7824bf7f50fd8d923d,bcc323787f401505f3263a65b3958fd4714ad9e5c354cd351996b15245828aba,"{""alpha"": ""result"", ""beta"": ""beta"", ""fold"": ""gamma"", ""gamma"": ""fold"", ""result"": ""value"", ""value"": ""alpha""}",0.7326
python-keyword,python,4,ALL_EQUAL,synthetic,False,IDENTICAL_SELF_PAIR,1.0,0.76666675,-0.23333325000000005,eda282d5628767551e4013e18e17923c9ee91660e2fceb7824bf7f50fd8d923d,bcc323787f401505f3263a65b3958fd4714ad9e5c354cd351996b15245828aba,"{""alpha"": ""result"", ""beta"": ""beta"", ""fold"": ""gamma"", ""gamma"": ""fold"", ""result"": ""value"", ""value"": ""alpha""}",0.7326
python-keyword,python,4,PICAS_FIXED,synthetic,False,IDENTICAL_SELF_PAIR,1.0,0.813333,-0.18666700000000003,eda282d5628767551e4013e18e17923c9ee91660e2fceb7824bf7f50fd8d923d,bcc323787f401505f3263a65b3958fd4714ad9e5c354cd351996b15245828aba,"{""alpha"": ""result"", ""beta"": ""beta"", ""fold"": ""gamma"", ""gamma"": ""fold"", ""result"": ""value"", ""value"": ""alpha""}",0.7326
python-keyword,python,4,PICAS_RULE_DYNAMIC,synthetic,False,IDENTICAL_SELF_PAIR,1.0,0.813333,-0.18666700000000003,eda282d5628767551e4013e18e17923c9ee91660e2fceb7824bf7f50fd8d923d,bcc323787f401505f3263a65b3958fd4714ad9e5c354cd351996b15245828aba,"{""alpha"": ""result"", ""beta"": ""beta"", ""fold"": ""gamma"", ""gamma"": ""fold"", ""result"": ""value"", ""value"": ""alpha""}",0.7326
python-keyword,python,4,PICAS_DYNAMIC_OFFSET,synthetic,False,IDENTICAL_SELF_PAIR,1.0,0.813333,-0.18666700000000003,eda282d5628767551e4013e18e17923c9ee91660e2fceb7824bf7f50fd8d923d,bcc323787f401505f3263a65b3958fd4714ad9e5c354cd351996b15245828aba,"{""alpha"": ""result"", ""beta"": ""beta"", ""fold"": ""gamma"", ""gamma"": ""fold"", ""result"": ""value"", ""value"": ""alpha""}",0.7326
python-keyword,python,5,RAW_ONLY,synthetic,False,IDENTICAL_SELF_PAIR,1.0,0.103448,-0.896552,eda282d5628767551e4013e18e17923c9ee91660e2fceb7824bf7f50fd8d923d,0969c4f6b6f2d0e08682747be97d6f5939740fb36a958b16e3204607ac17be0d,"{""alpha"": ""gamma"", ""beta"": ""value"", ""fold"": ""fold"", ""gamma"": ""beta"", ""result"": ""alpha"", ""value"": ""result""}",0.6749
python-keyword,python,5,AST_ONLY,synthetic,False,IDENTICAL_SELF_PAIR,1.0,1.0,0.0,eda282d5628767551e4013e18e17923c9ee91660e2fceb7824bf7f50fd8d923d,0969c4f6b6f2d0e08682747be97d6f5939740fb36a958b16e3204607ac17be0d,"{""alpha"": ""gamma"", ""beta"": ""value"", ""fold"": ""fold"", ""gamma"": ""beta"", ""result"": ""alpha"", ""value"": ""result""}",0.6749
python-keyword,python,5,CANONICAL_ONLY,synthetic,False,IDENTICAL_SELF_PAIR,1.0,1.0,0.0,eda282d5628767551e4013e18e17923c9ee91660e2fceb7824bf7f50fd8d923d,0969c4f6b6f2d0e08682747be97d6f5939740fb36a958b16e3204607ac17be0d,"{""alpha"": ""gamma"", ""beta"": ""value"", ""fold"": ""fold"", ""gamma"": ""beta"", ""result"": ""alpha"", ""value"": ""result""}",0.6749
python-keyword,python,5,MAPPING_ONLY,synthetic,False,IDENTICAL_SELF_PAIR,1.0,1.0,0.0,eda282d5628767551e4013e18e17923c9ee91660e2fceb7824bf7f50fd8d923d,0969c4f6b6f2d0e08682747be97d6f5939740fb36a958b16e3204607ac17be0d,"{""alpha"": ""gamma"", ""beta"": ""value"", ""fold"": ""fold"", ""gamma"": ""beta"", ""result"": ""alpha"", ""value"": ""result""}",0.6749
python-keyword,python,5,RAW_AST_EQUAL,synthetic,False,IDENTICAL_SELF_PAIR,1.0,0.551724,-0.448276,eda282d5628767551e4013e18e17923c9ee91660e2fceb7824bf7f50fd8d923d,0969c4f6b6f2d0e08682747be97d6f5939740fb36a958b16e3204607ac17be0d,"{""alpha"": ""gamma"", ""beta"": ""value"", ""fold"": ""fold"", ""gamma"": ""beta"", ""result"": ""alpha"", ""value"": ""result""}",0.6749
python-keyword,python,5,RAW_CANONICAL_EQUAL,synthetic,False,IDENTICAL_SELF_PAIR,1.0,0.551724,-0.448276,eda282d5628767551e4013e18e17923c9ee91660e2fceb7824bf7f50fd8d923d,0969c4f6b6f2d0e08682747be97d6f5939740fb36a958b16e3204607ac17be0d,"{""alpha"": ""gamma"", ""beta"": ""value"", ""fold"": ""fold"", ""gamma"": ""beta"", ""result"": ""alpha"", ""value"": ""result""}",0.6749
python-keyword,python,5,RAW_MAPPING_EQUAL,synthetic,False,IDENTICAL_SELF_PAIR,1.0,0.551724,-0.448276,eda282d5628767551e4013e18e17923c9ee91660e2fceb7824bf7f50fd8d923d,0969c4f6b6f2d0e08682747be97d6f5939740fb36a958b16e3204607ac17be0d,"{""alpha"": ""gamma"", ""beta"": ""value"", ""fold"": ""fold"", ""gamma"": ""beta"", ""result"": ""alpha"", ""value"": ""result""}",0.6749
python-keyword,python,5,AST_CANONICAL_EQUAL,synthetic,False,IDENTICAL_SELF_PAIR,1.0,1.0,0.0,eda282d5628767551e4013e18e17923c9ee91660e2fceb7824bf7f50fd8d923d,0969c4f6b6f2d0e08682747be97d6f5939740fb36a958b16e3204607ac17be0d,"{""alpha"": ""gamma"", ""beta"": ""value"", ""fold"": ""fold"", ""gamma"": ""beta"", ""result"": ""alpha"", ""value"": ""result""}",0.6749
python-keyword,python,5,AST_MAPPING_EQUAL,synthetic,False,IDENTICAL_SELF_PAIR,1.0,1.0,0.0,eda282d5628767551e4013e18e17923c9ee91660e2fceb7824bf7f50fd8d923d,0969c4f6b6f2d0e08682747be97d6f5939740fb36a958b16e3204607ac17be0d,"{""alpha"": ""gamma"", ""beta"": ""value"", ""fold"": ""fold"", ""gamma"": ""beta"", ""result"": ""alpha"", ""value"": ""result""}",0.6749
python-keyword,python,5,CANONICAL_MAPPING_EQUAL,synthetic,False,IDENTICAL_SELF_PAIR,1.0,1.0,0.0,eda282d5628767551e4013e18e17923c9ee91660e2fceb7824bf7f50fd8d923d,0969c4f6b6f2d0e08682747be97d6f5939740fb36a958b16e3204607ac17be0d,"{""alpha"": ""gamma"", ""beta"": ""value"", ""fold"": ""fold"", ""gamma"": ""beta"", ""result"": ""alpha"", ""value"": ""result""}",0.6749
python-keyword,python,5,ALL_EQUAL,synthetic,False,IDENTICAL_SELF_PAIR,1.0,0.775862,-0.22413799999999995,eda282d5628767551e4013e18e17923c9ee91660e2fceb7824bf7f50fd8d923d,0969c4f6b6f2d0e08682747be97d6f5939740fb36a958b16e3204607ac17be0d,"{""alpha"": ""gamma"", ""beta"": ""value"", ""fold"": ""fold"", ""gamma"": ""beta"", ""result"": ""alpha"", ""value"": ""result""}",0.6749
python-keyword,python,5,PICAS_FIXED,synthetic,False,IDENTICAL_SELF_PAIR,1.0,0.82069,-0.17930999999999997,eda282d5628767551e4013e18e17923c9ee91660e2fceb7824bf7f50fd8d923d,0969c4f6b6f2d0e08682747be97d6f5939740fb36a958b16e3204607ac17be0d,"{""alpha"": ""gamma"", ""beta"": ""value"", ""fold"": ""fold"", ""gamma"": ""beta"", ""result"": ""alpha"", ""value"": ""result""}",0.6749
python-keyword,python,5,PICAS_RULE_DYNAMIC,synthetic,False,IDENTICAL_SELF_PAIR,1.0,0.82069,-0.17930999999999997,eda282d5628767551e4013e18e17923c9ee91660e2fceb7824bf7f50fd8d923d,0969c4f6b6f2d0e08682747be97d6f5939740fb36a958b16e3204607ac17be0d,"{""alpha"": ""gamma"", ""beta"": ""value"", ""fold"": ""fold"", ""gamma"": ""beta"", ""result"": ""alpha"", ""value"": ""result""}",0.6749
python-keyword,python,5,PICAS_DYNAMIC_OFFSET,synthetic,False,IDENTICAL_SELF_PAIR,1.0,0.82069,-0.17930999999999997,eda282d5628767551e4013e18e17923c9ee91660e2fceb7824bf7f50fd8d923d,0969c4f6b6f2d0e08682747be97d6f5939740fb36a958b16e3204607ac17be0d,"{""alpha"": ""gamma"", ""beta"": ""value"", ""fold"": ""fold"", ""gamma"": ""beta"", ""result"": ""alpha"", ""value"": ""result""}",0.6749
python-keyword,python,6,RAW_ONLY,synthetic,False,IDENTICAL_SELF_PAIR,1.0,0.066667,-0.933333,eda282d5628767551e4013e18e17923c9ee91660e2fceb7824bf7f50fd8d923d,795d01a9b502a57256c2b9f0281259597614459fa016937074a9942754e09cea,"{""alpha"": ""beta"", ""beta"": ""fold"", ""fold"": ""value"", ""gamma"": ""result"", ""result"": ""gamma"", ""value"": ""alpha""}",0.6832
python-keyword,python,6,AST_ONLY,synthetic,False,IDENTICAL_SELF_PAIR,1.0,1.0,0.0,eda282d5628767551e4013e18e17923c9ee91660e2fceb7824bf7f50fd8d923d,795d01a9b502a57256c2b9f0281259597614459fa016937074a9942754e09cea,"{""alpha"": ""beta"", ""beta"": ""fold"", ""fold"": ""value"", ""gamma"": ""result"", ""result"": ""gamma"", ""value"": ""alpha""}",0.6832
python-keyword,python,6,CANONICAL_ONLY,synthetic,False,IDENTICAL_SELF_PAIR,1.0,1.0,0.0,eda282d5628767551e4013e18e17923c9ee91660e2fceb7824bf7f50fd8d923d,795d01a9b502a57256c2b9f0281259597614459fa016937074a9942754e09cea,"{""alpha"": ""beta"", ""beta"": ""fold"", ""fold"": ""value"", ""gamma"": ""result"", ""result"": ""gamma"", ""value"": ""alpha""}",0.6832
python-keyword,python,6,MAPPING_ONLY,synthetic,False,IDENTICAL_SELF_PAIR,1.0,1.0,0.0,eda282d5628767551e4013e18e17923c9ee91660e2fceb7824bf7f50fd8d923d,795d01a9b502a57256c2b9f0281259597614459fa016937074a9942754e09cea,"{""alpha"": ""beta"", ""beta"": ""fold"", ""fold"": ""value"", ""gamma"": ""result"", ""result"": ""gamma"", ""value"": ""alpha""}",0.6832
python-keyword,python,6,RAW_AST_EQUAL,synthetic,False,IDENTICAL_SELF_PAIR,1.0,0.5333335,-0.4666665,eda282d5628767551e4013e18e17923c9ee91660e2fceb7824bf7f50fd8d923d,795d01a9b502a57256c2b9f0281259597614459fa016937074a9942754e09cea,"{""alpha"": ""beta"", ""beta"": ""fold"", ""fold"": ""value"", ""gamma"": ""result"", ""result"": ""gamma"", ""value"": ""alpha""}",0.6832
python-keyword,python,6,RAW_CANONICAL_EQUAL,synthetic,False,IDENTICAL_SELF_PAIR,1.0,0.5333335,-0.4666665,eda282d5628767551e4013e18e17923c9ee91660e2fceb7824bf7f50fd8d923d,795d01a9b502a57256c2b9f0281259597614459fa016937074a9942754e09cea,"{""alpha"": ""beta"", ""beta"": ""fold"", ""fold"": ""value"", ""gamma"": ""result"", ""result"": ""gamma"", ""value"": ""alpha""}",0.6832
python-keyword,python,6,RAW_MAPPING_EQUAL,synthetic,False,IDENTICAL_SELF_PAIR,1.0,0.5333335,-0.4666665,eda282d5628767551e4013e18e17923c9ee91660e2fceb7824bf7f50fd8d923d,795d01a9b502a57256c2b9f0281259597614459fa016937074a9942754e09cea,"{""alpha"": ""beta"", ""beta"": ""fold"", ""fold"": ""value"", ""gamma"": ""result"", ""result"": ""gamma"", ""value"": ""alpha""}",0.6832
python-keyword,python,6,AST_CANONICAL_EQUAL,synthetic,False,IDENTICAL_SELF_PAIR,1.0,1.0,0.0,eda282d5628767551e4013e18e17923c9ee91660e2fceb7824bf7f50fd8d923d,795d01a9b502a57256c2b9f0281259597614459fa016937074a9942754e09cea,"{""alpha"": ""beta"", ""beta"": ""fold"", ""fold"": ""value"", ""gamma"": ""result"", ""result"": ""gamma"", ""value"": ""alpha""}",0.6832
python-keyword,python,6,AST_MAPPING_EQUAL,synthetic,False,IDENTICAL_SELF_PAIR,1.0,1.0,0.0,eda282d5628767551e4013e18e17923c9ee91660e2fceb7824bf7f50fd8d923d,795d01a9b502a57256c2b9f0281259597614459fa016937074a9942754e09cea,"{""alpha"": ""beta"", ""beta"": ""fold"", ""fold"": ""value"", ""gamma"": ""result"", ""result"": ""gamma"", ""value"": ""alpha""}",0.6832
python-keyword,python,6,CANONICAL_MAPPING_EQUAL,synthetic,False,IDENTICAL_SELF_PAIR,1.0,1.0,0.0,eda282d5628767551e4013e18e17923c9ee91660e2fceb7824bf7f50fd8d923d,795d01a9b502a57256c2b9f0281259597614459fa016937074a9942754e09cea,"{""alpha"": ""beta"", ""beta"": ""fold"", ""fold"": ""value"", ""gamma"": ""result"", ""result"": ""gamma"", ""value"": ""alpha""}",0.6832
python-keyword,python,6,ALL_EQUAL,synthetic,False,IDENTICAL_SELF_PAIR,1.0,0.76666675,-0.23333325000000005,eda282d5628767551e4013e18e17923c9ee91660e2fceb7824bf7f50fd8d923d,795d01a9b502a57256c2b9f0281259597614459fa016937074a9942754e09cea,"{""alpha"": ""beta"", ""beta"": ""fold"", ""fold"": ""value"", ""gamma"": ""result"", ""result"": ""gamma"", ""value"": ""alpha""}",0.6832
python-keyword,python,6,PICAS_FIXED,synthetic,False,IDENTICAL_SELF_PAIR,1.0,0.813333,-0.18666700000000003,eda282d5628767551e4013e18e17923c9ee91660e2fceb7824bf7f50fd8d923d,795d01a9b502a57256c2b9f0281259597614459fa016937074a9942754e09cea,"{""alpha"": ""beta"", ""beta"": ""fold"", ""fold"": ""value"", ""gamma"": ""result"", ""result"": ""gamma"", ""value"": ""alpha""}",0.6832
python-keyword,python,6,PICAS_RULE_DYNAMIC,synthetic,False,IDENTICAL_SELF_PAIR,1.0,0.813333,-0.18666700000000003,eda282d5628767551e4013e18e17923c9ee91660e2fceb7824bf7f50fd8d923d,795d01a9b502a57256c2b9f0281259597614459fa016937074a9942754e09cea,"{""alpha"": ""beta"", ""beta"": ""fold"", ""fold"": ""value"", ""gamma"": ""result"", ""result"": ""gamma"", ""value"": ""alpha""}",0.6832
python-keyword,python,6,PICAS_DYNAMIC_OFFSET,synthetic,False,IDENTICAL_SELF_PAIR,1.0,0.813333,-0.18666700000000003,eda282d5628767551e4013e18e17923c9ee91660e2fceb7824bf7f50fd8d923d,795d01a9b502a57256c2b9f0281259597614459fa016937074a9942754e09cea,"{""alpha"": ""beta"", ""beta"": ""fold"", ""fold"": ""value"", ""gamma"": ""result"", ""result"": ""gamma"", ""value"": ""alpha""}",0.6832
python-keyword,python,7,RAW_ONLY,synthetic,False,IDENTICAL_SELF_PAIR,1.0,0.066667,-0.933333,eda282d5628767551e4013e18e17923c9ee91660e2fceb7824bf7f50fd8d923d,bcc323787f401505f3263a65b3958fd4714ad9e5c354cd351996b15245828aba,"{""alpha"": ""beta"", ""beta"": ""result"", ""fold"": ""gamma"", ""gamma"": ""fold"", ""result"": ""value"", ""value"": ""alpha""}",0.6799
python-keyword,python,7,AST_ONLY,synthetic,False,IDENTICAL_SELF_PAIR,1.0,1.0,0.0,eda282d5628767551e4013e18e17923c9ee91660e2fceb7824bf7f50fd8d923d,bcc323787f401505f3263a65b3958fd4714ad9e5c354cd351996b15245828aba,"{""alpha"": ""beta"", ""beta"": ""result"", ""fold"": ""gamma"", ""gamma"": ""fold"", ""result"": ""value"", ""value"": ""alpha""}",0.6799
python-keyword,python,7,CANONICAL_ONLY,synthetic,False,IDENTICAL_SELF_PAIR,1.0,1.0,0.0,eda282d5628767551e4013e18e17923c9ee91660e2fceb7824bf7f50fd8d923d,bcc323787f401505f3263a65b3958fd4714ad9e5c354cd351996b15245828aba,"{""alpha"": ""beta"", ""beta"": ""result"", ""fold"": ""gamma"", ""gamma"": ""fold"", ""result"": ""value"", ""value"": ""alpha""}",0.6799
python-keyword,python,7,MAPPING_ONLY,synthetic,False,IDENTICAL_SELF_PAIR,1.0,1.0,0.0,eda282d5628767551e4013e18e17923c9ee91660e2fceb7824bf7f50fd8d923d,bcc323787f401505f3263a65b3958fd4714ad9e5c354cd351996b15245828aba,"{""alpha"": ""beta"", ""beta"": ""result"", ""fold"": ""gamma"", ""gamma"": ""fold"", ""result"": ""value"", ""value"": ""alpha""}",0.6799
python-keyword,python,7,RAW_AST_EQUAL,synthetic,False,IDENTICAL_SELF_PAIR,1.0,0.5333335,-0.4666665,eda282d5628767551e4013e18e17923c9ee91660e2fceb7824bf7f50fd8d923d,bcc323787f401505f3263a65b3958fd4714ad9e5c354cd351996b15245828aba,"{""alpha"": ""beta"", ""beta"": ""result"", ""fold"": ""gamma"", ""gamma"": ""fold"", ""result"": ""value"", ""value"": ""alpha""}",0.6799
python-keyword,python,7,RAW_CANONICAL_EQUAL,synthetic,False,IDENTICAL_SELF_PAIR,1.0,0.5333335,-0.4666665,eda282d5628767551e4013e18e17923c9ee91660e2fceb7824bf7f50fd8d923d,bcc323787f401505f3263a65b3958fd4714ad9e5c354cd351996b15245828aba,"{""alpha"": ""beta"", ""beta"": ""result"", ""fold"": ""gamma"", ""gamma"": ""fold"", ""result"": ""value"", ""value"": ""alpha""}",0.6799
python-keyword,python,7,RAW_MAPPING_EQUAL,synthetic,False,IDENTICAL_SELF_PAIR,1.0,0.5333335,-0.4666665,eda282d5628767551e4013e18e17923c9ee91660e2fceb7824bf7f50fd8d923d,bcc323787f401505f3263a65b3958fd4714ad9e5c354cd351996b15245828aba,"{""alpha"": ""beta"", ""beta"": ""result"", ""fold"": ""gamma"", ""gamma"": ""fold"", ""result"": ""value"", ""value"": ""alpha""}",0.6799
python-keyword,python,7,AST_CANONICAL_EQUAL,synthetic,False,IDENTICAL_SELF_PAIR,1.0,1.0,0.0,eda282d5628767551e4013e18e17923c9ee91660e2fceb7824bf7f50fd8d923d,bcc323787f401505f3263a65b3958fd4714ad9e5c354cd351996b15245828aba,"{""alpha"": ""beta"", ""beta"": ""result"", ""fold"": ""gamma"", ""gamma"": ""fold"", ""result"": ""value"", ""value"": ""alpha""}",0.6799
python-keyword,python,7,AST_MAPPING_EQUAL,synthetic,False,IDENTICAL_SELF_PAIR,1.0,1.0,0.0,eda282d5628767551e4013e18e17923c9ee91660e2fceb7824bf7f50fd8d923d,bcc323787f401505f3263a65b3958fd4714ad9e5c354cd351996b15245828aba,"{""alpha"": ""beta"", ""beta"": ""result"", ""fold"": ""gamma"", ""gamma"": ""fold"", ""result"": ""value"", ""value"": ""alpha""}",0.6799
python-keyword,python,7,CANONICAL_MAPPING_EQUAL,synthetic,False,IDENTICAL_SELF_PAIR,1.0,1.0,0.0,eda282d5628767551e4013e18e17923c9ee91660e2fceb7824bf7f50fd8d923d,bcc323787f401505f3263a65b3958fd4714ad9e5c354cd351996b15245828aba,"{""alpha"": ""beta"", ""beta"": ""result"", ""fold"": ""gamma"", ""gamma"": ""fold"", ""result"": ""value"", ""value"": ""alpha""}",0.6799
python-keyword,python,7,ALL_EQUAL,synthetic,False,IDENTICAL_SELF_PAIR,1.0,0.76666675,-0.23333325000000005,eda282d5628767551e4013e18e17923c9ee91660e2fceb7824bf7f50fd8d923d,bcc323787f401505f3263a65b3958fd4714ad9e5c354cd351996b15245828aba,"{""alpha"": ""beta"", ""beta"": ""result"", ""fold"": ""gamma"", ""gamma"": ""fold"", ""result"": ""value"", ""value"": ""alpha""}",0.6799
python-keyword,python,7,PICAS_FIXED,synthetic,False,IDENTICAL_SELF_PAIR,1.0,0.813333,-0.18666700000000003,eda282d5628767551e4013e18e17923c9ee91660e2fceb7824bf7f50fd8d923d,bcc323787f401505f3263a65b3958fd4714ad9e5c354cd351996b15245828aba,"{""alpha"": ""beta"", ""beta"": ""result"", ""fold"": ""gamma"", ""gamma"": ""fold"", ""result"": ""value"", ""value"": ""alpha""}",0.6799
python-keyword,python,7,PICAS_RULE_DYNAMIC,synthetic,False,IDENTICAL_SELF_PAIR,1.0,0.813333,-0.18666700000000003,eda282d5628767551e4013e18e17923c9ee91660e2fceb7824bf7f50fd8d923d,bcc323787f401505f3263a65b3958fd4714ad9e5c354cd351996b15245828aba,"{""alpha"": ""beta"", ""beta"": ""result"", ""fold"": ""gamma"", ""gamma"": ""fold"", ""result"": ""value"", ""value"": ""alpha""}",0.6799
python-keyword,python,7,PICAS_DYNAMIC_OFFSET,synthetic,False,IDENTICAL_SELF_PAIR,1.0,0.813333,-0.18666700000000003,eda282d5628767551e4013e18e17923c9ee91660e2fceb7824bf7f50fd8d923d,bcc323787f401505f3263a65b3958fd4714ad9e5c354cd351996b15245828aba,"{""alpha"": ""beta"", ""beta"": ""result"", ""fold"": ""gamma"", ""gamma"": ""fold"", ""result"": ""value"", ""value"": ""alpha""}",0.6799
python-shadow,python,0,RAW_ONLY,synthetic,False,IDENTICAL_SELF_PAIR,1.0,1.0,0.0,dc9abd5b161240160c26b488a4f152ce7378acebe096d0d9bdae587c9f5cd63e,dc9abd5b161240160c26b488a4f152ce7378acebe096d0d9bdae587c9f5cd63e,"{""alpha"": ""alpha"", ""beta"": ""beta"", ""inner"": ""inner"", ""outer"": ""outer"", ""total"": ""total"", ""value"": ""value""}",1.1083
python-shadow,python,0,AST_ONLY,synthetic,False,IDENTICAL_SELF_PAIR,1.0,1.0,0.0,dc9abd5b161240160c26b488a4f152ce7378acebe096d0d9bdae587c9f5cd63e,dc9abd5b161240160c26b488a4f152ce7378acebe096d0d9bdae587c9f5cd63e,"{""alpha"": ""alpha"", ""beta"": ""beta"", ""inner"": ""inner"", ""outer"": ""outer"", ""total"": ""total"", ""value"": ""value""}",1.1083
python-shadow,python,0,CANONICAL_ONLY,synthetic,False,IDENTICAL_SELF_PAIR,1.0,1.0,0.0,dc9abd5b161240160c26b488a4f152ce7378acebe096d0d9bdae587c9f5cd63e,dc9abd5b161240160c26b488a4f152ce7378acebe096d0d9bdae587c9f5cd63e,"{""alpha"": ""alpha"", ""beta"": ""beta"", ""inner"": ""inner"", ""outer"": ""outer"", ""total"": ""total"", ""value"": ""value""}",1.1083
python-shadow,python,0,MAPPING_ONLY,synthetic,False,IDENTICAL_SELF_PAIR,1.0,1.0,0.0,dc9abd5b161240160c26b488a4f152ce7378acebe096d0d9bdae587c9f5cd63e,dc9abd5b161240160c26b488a4f152ce7378acebe096d0d9bdae587c9f5cd63e,"{""alpha"": ""alpha"", ""beta"": ""beta"", ""inner"": ""inner"", ""outer"": ""outer"", ""total"": ""total"", ""value"": ""value""}",1.1083
python-shadow,python,0,RAW_AST_EQUAL,synthetic,False,IDENTICAL_SELF_PAIR,1.0,1.0,0.0,dc9abd5b161240160c26b488a4f152ce7378acebe096d0d9bdae587c9f5cd63e,dc9abd5b161240160c26b488a4f152ce7378acebe096d0d9bdae587c9f5cd63e,"{""alpha"": ""alpha"", ""beta"": ""beta"", ""inner"": ""inner"", ""outer"": ""outer"", ""total"": ""total"", ""value"": ""value""}",1.1083
python-shadow,python,0,RAW_CANONICAL_EQUAL,synthetic,False,IDENTICAL_SELF_PAIR,1.0,1.0,0.0,dc9abd5b161240160c26b488a4f152ce7378acebe096d0d9bdae587c9f5cd63e,dc9abd5b161240160c26b488a4f152ce7378acebe096d0d9bdae587c9f5cd63e,"{""alpha"": ""alpha"", ""beta"": ""beta"", ""inner"": ""inner"", ""outer"": ""outer"", ""total"": ""total"", ""value"": ""value""}",1.1083
python-shadow,python,0,RAW_MAPPING_EQUAL,synthetic,False,IDENTICAL_SELF_PAIR,1.0,1.0,0.0,dc9abd5b161240160c26b488a4f152ce7378acebe096d0d9bdae587c9f5cd63e,dc9abd5b161240160c26b488a4f152ce7378acebe096d0d9bdae587c9f5cd63e,"{""alpha"": ""alpha"", ""beta"": ""beta"", ""inner"": ""inner"", ""outer"": ""outer"", ""total"": ""total"", ""value"": ""value""}",1.1083
python-shadow,python,0,AST_CANONICAL_EQUAL,synthetic,False,IDENTICAL_SELF_PAIR,1.0,1.0,0.0,dc9abd5b161240160c26b488a4f152ce7378acebe096d0d9bdae587c9f5cd63e,dc9abd5b161240160c26b488a4f152ce7378acebe096d0d9bdae587c9f5cd63e,"{""alpha"": ""alpha"", ""beta"": ""beta"", ""inner"": ""inner"", ""outer"": ""outer"", ""total"": ""total"", ""value"": ""value""}",1.1083
python-shadow,python,0,AST_MAPPING_EQUAL,synthetic,False,IDENTICAL_SELF_PAIR,1.0,1.0,0.0,dc9abd5b161240160c26b488a4f152ce7378acebe096d0d9bdae587c9f5cd63e,dc9abd5b161240160c26b488a4f152ce7378acebe096d0d9bdae587c9f5cd63e,"{""alpha"": ""alpha"", ""beta"": ""beta"", ""inner"": ""inner"", ""outer"": ""outer"", ""total"": ""total"", ""value"": ""value""}",1.1083
python-shadow,python,0,CANONICAL_MAPPING_EQUAL,synthetic,False,IDENTICAL_SELF_PAIR,1.0,1.0,0.0,dc9abd5b161240160c26b488a4f152ce7378acebe096d0d9bdae587c9f5cd63e,dc9abd5b161240160c26b488a4f152ce7378acebe096d0d9bdae587c9f5cd63e,"{""alpha"": ""alpha"", ""beta"": ""beta"", ""inner"": ""inner"", ""outer"": ""outer"", ""total"": ""total"", ""value"": ""value""}",1.1083
python-shadow,python,0,ALL_EQUAL,synthetic,False,IDENTICAL_SELF_PAIR,1.0,1.0,0.0,dc9abd5b161240160c26b488a4f152ce7378acebe096d0d9bdae587c9f5cd63e,dc9abd5b161240160c26b488a4f152ce7378acebe096d0d9bdae587c9f5cd63e,"{""alpha"": ""alpha"", ""beta"": ""beta"", ""inner"": ""inner"", ""outer"": ""outer"", ""total"": ""total"", ""value"": ""value""}",1.1083
python-shadow,python,0,PICAS_FIXED,synthetic,False,IDENTICAL_SELF_PAIR,1.0,1.0,0.0,dc9abd5b161240160c26b488a4f152ce7378acebe096d0d9bdae587c9f5cd63e,dc9abd5b161240160c26b488a4f152ce7378acebe096d0d9bdae587c9f5cd63e,"{""alpha"": ""alpha"", ""beta"": ""beta"", ""inner"": ""inner"", ""outer"": ""outer"", ""total"": ""total"", ""value"": ""value""}",1.1083
python-shadow,python,0,PICAS_RULE_DYNAMIC,synthetic,False,IDENTICAL_SELF_PAIR,1.0,1.0,0.0,dc9abd5b161240160c26b488a4f152ce7378acebe096d0d9bdae587c9f5cd63e,dc9abd5b161240160c26b488a4f152ce7378acebe096d0d9bdae587c9f5cd63e,"{""alpha"": ""alpha"", ""beta"": ""beta"", ""inner"": ""inner"", ""outer"": ""outer"", ""total"": ""total"", ""value"": ""value""}",1.1083
python-shadow,python,0,PICAS_DYNAMIC_OFFSET,synthetic,False,IDENTICAL_SELF_PAIR,1.0,1.0,0.0,dc9abd5b161240160c26b488a4f152ce7378acebe096d0d9bdae587c9f5cd63e,dc9abd5b161240160c26b488a4f152ce7378acebe096d0d9bdae587c9f5cd63e,"{""alpha"": ""alpha"", ""beta"": ""beta"", ""inner"": ""inner"", ""outer"": ""outer"", ""total"": ""total"", ""value"": ""value""}",1.1083
python-shadow,python,1,RAW_ONLY,synthetic,False,IDENTICAL_SELF_PAIR,1.0,0.041667,-0.958333,dc9abd5b161240160c26b488a4f152ce7378acebe096d0d9bdae587c9f5cd63e,b219ae4530d2dab1784e0032fc6e30291bc3ba5c887c35bc34d5809bb8a37c83,"{""alpha"": ""inner"", ""beta"": ""value"", ""inner"": ""alpha"", ""outer"": ""total"", ""total"": ""outer"", ""value"": ""beta""}",1.0572
python-shadow,python,1,AST_ONLY,synthetic,False,IDENTICAL_SELF_PAIR,1.0,1.0,0.0,dc9abd5b161240160c26b488a4f152ce7378acebe096d0d9bdae587c9f5cd63e,b219ae4530d2dab1784e0032fc6e30291bc3ba5c887c35bc34d5809bb8a37c83,"{""alpha"": ""inner"", ""beta"": ""value"", ""inner"": ""alpha"", ""outer"": ""total"", ""total"": ""outer"", ""value"": ""beta""}",1.0572
python-shadow,python,1,CANONICAL_ONLY,synthetic,False,IDENTICAL_SELF_PAIR,1.0,1.0,0.0,dc9abd5b161240160c26b488a4f152ce7378acebe096d0d9bdae587c9f5cd63e,b219ae4530d2dab1784e0032fc6e30291bc3ba5c887c35bc34d5809bb8a37c83,"{""alpha"": ""inner"", ""beta"": ""value"", ""inner"": ""alpha"", ""outer"": ""total"", ""total"": ""outer"", ""value"": ""beta""}",1.0572
python-shadow,python,1,MAPPING_ONLY,synthetic,False,IDENTICAL_SELF_PAIR,1.0,1.0,0.0,dc9abd5b161240160c26b488a4f152ce7378acebe096d0d9bdae587c9f5cd63e,b219ae4530d2dab1784e0032fc6e30291bc3ba5c887c35bc34d5809bb8a37c83,"{""alpha"": ""inner"", ""beta"": ""value"", ""inner"": ""alpha"", ""outer"": ""total"", ""total"": ""outer"", ""value"": ""beta""}",1.0572
python-shadow,python,1,RAW_AST_EQUAL,synthetic,False,IDENTICAL_SELF_PAIR,1.0,0.5208335,-0.47916650000000005,dc9abd5b161240160c26b488a4f152ce7378acebe096d0d9bdae587c9f5cd63e,b219ae4530d2dab1784e0032fc6e30291bc3ba5c887c35bc34d5809bb8a37c83,"{""alpha"": ""inner"", ""beta"": ""value"", ""inner"": ""alpha"", ""outer"": ""total"", ""total"": ""outer"", ""value"": ""beta""}",1.0572
python-shadow,python,1,RAW_CANONICAL_EQUAL,synthetic,False,IDENTICAL_SELF_PAIR,1.0,0.5208335,-0.47916650000000005,dc9abd5b161240160c26b488a4f152ce7378acebe096d0d9bdae587c9f5cd63e,b219ae4530d2dab1784e0032fc6e30291bc3ba5c887c35bc34d5809bb8a37c83,"{""alpha"": ""inner"", ""beta"": ""value"", ""inner"": ""alpha"", ""outer"": ""total"", ""total"": ""outer"", ""value"": ""beta""}",1.0572
python-shadow,python,1,RAW_MAPPING_EQUAL,synthetic,False,IDENTICAL_SELF_PAIR,1.0,0.5208335,-0.47916650000000005,dc9abd5b161240160c26b488a4f152ce7378acebe096d0d9bdae587c9f5cd63e,b219ae4530d2dab1784e0032fc6e30291bc3ba5c887c35bc34d5809bb8a37c83,"{""alpha"": ""inner"", ""beta"": ""value"", ""inner"": ""alpha"", ""outer"": ""total"", ""total"": ""outer"", ""value"": ""beta""}",1.0572
python-shadow,python,1,AST_CANONICAL_EQUAL,synthetic,False,IDENTICAL_SELF_PAIR,1.0,1.0,0.0,dc9abd5b161240160c26b488a4f152ce7378acebe096d0d9bdae587c9f5cd63e,b219ae4530d2dab1784e0032fc6e30291bc3ba5c887c35bc34d5809bb8a37c83,"{""alpha"": ""inner"", ""beta"": ""value"", ""inner"": ""alpha"", ""outer"": ""total"", ""total"": ""outer"", ""value"": ""beta""}",1.0572
python-shadow,python,1,AST_MAPPING_EQUAL,synthetic,False,IDENTICAL_SELF_PAIR,1.0,1.0,0.0,dc9abd5b161240160c26b488a4f152ce7378acebe096d0d9bdae587c9f5cd63e,b219ae4530d2dab1784e0032fc6e30291bc3ba5c887c35bc34d5809bb8a37c83,"{""alpha"": ""inner"", ""beta"": ""value"", ""inner"": ""alpha"", ""outer"": ""total"", ""total"": ""outer"", ""value"": ""beta""}",1.0572
python-shadow,python,1,CANONICAL_MAPPING_EQUAL,synthetic,False,IDENTICAL_SELF_PAIR,1.0,1.0,0.0,dc9abd5b161240160c26b488a4f152ce7378acebe096d0d9bdae587c9f5cd63e,b219ae4530d2dab1784e0032fc6e30291bc3ba5c887c35bc34d5809bb8a37c83,"{""alpha"": ""inner"", ""beta"": ""value"", ""inner"": ""alpha"", ""outer"": ""total"", ""total"": ""outer"", ""value"": ""beta""}",1.0572
python-shadow,python,1,ALL_EQUAL,synthetic,False,IDENTICAL_SELF_PAIR,1.0,0.76041675,-0.23958325000000003,dc9abd5b161240160c26b488a4f152ce7378acebe096d0d9bdae587c9f5cd63e,b219ae4530d2dab1784e0032fc6e30291bc3ba5c887c35bc34d5809bb8a37c83,"{""alpha"": ""inner"", ""beta"": ""value"", ""inner"": ""alpha"", ""outer"": ""total"", ""total"": ""outer"", ""value"": ""beta""}",1.0572
python-shadow,python,1,PICAS_FIXED,synthetic,False,IDENTICAL_SELF_PAIR,1.0,0.808333,-0.19166700000000003,dc9abd5b161240160c26b488a4f152ce7378acebe096d0d9bdae587c9f5cd63e,b219ae4530d2dab1784e0032fc6e30291bc3ba5c887c35bc34d5809bb8a37c83,"{""alpha"": ""inner"", ""beta"": ""value"", ""inner"": ""alpha"", ""outer"": ""total"", ""total"": ""outer"", ""value"": ""beta""}",1.0572
python-shadow,python,1,PICAS_RULE_DYNAMIC,synthetic,False,IDENTICAL_SELF_PAIR,1.0,0.808333,-0.19166700000000003,dc9abd5b161240160c26b488a4f152ce7378acebe096d0d9bdae587c9f5cd63e,b219ae4530d2dab1784e0032fc6e30291bc3ba5c887c35bc34d5809bb8a37c83,"{""alpha"": ""inner"", ""beta"": ""value"", ""inner"": ""alpha"", ""outer"": ""total"", ""total"": ""outer"", ""value"": ""beta""}",1.0572
python-shadow,python,1,PICAS_DYNAMIC_OFFSET,synthetic,False,IDENTICAL_SELF_PAIR,1.0,0.808333,-0.19166700000000003,dc9abd5b161240160c26b488a4f152ce7378acebe096d0d9bdae587c9f5cd63e,b219ae4530d2dab1784e0032fc6e30291bc3ba5c887c35bc34d5809bb8a37c83,"{""alpha"": ""inner"", ""beta"": ""value"", ""inner"": ""alpha"", ""outer"": ""total"", ""total"": ""outer"", ""value"": ""beta""}",1.0572
python-shadow,python,2,RAW_ONLY,synthetic,False,IDENTICAL_SELF_PAIR,1.0,0.086957,-0.913043,dc9abd5b161240160c26b488a4f152ce7378acebe096d0d9bdae587c9f5cd63e,9f4126f6a2ac22fae6258c76c256613066e5d10a8d1f2a7d468a7b17c99bc7ae,"{""alpha"": ""total"", ""beta"": ""value"", ""inner"": ""alpha"", ""outer"": ""outer"", ""total"": ""beta"", ""value"": ""inner""}",1.1936
python-shadow,python,2,AST_ONLY,synthetic,False,IDENTICAL_SELF_PAIR,1.0,1.0,0.0,dc9abd5b161240160c26b488a4f152ce7378acebe096d0d9bdae587c9f5cd63e,9f4126f6a2ac22fae6258c76c256613066e5d10a8d1f2a7d468a7b17c99bc7ae,"{""alpha"": ""total"", ""beta"": ""value"", ""inner"": ""alpha"", ""outer"": ""outer"", ""total"": ""beta"", ""value"": ""inner""}",1.1936
python-shadow,python,2,CANONICAL_ONLY,synthetic,False,IDENTICAL_SELF_PAIR,1.0,1.0,0.0,dc9abd5b161240160c26b488a4f152ce7378acebe096d0d9bdae587c9f5cd63e,9f4126f6a2ac22fae6258c76c256613066e5d10a8d1f2a7d468a7b17c99bc7ae,"{""alpha"": ""total"", ""beta"": ""value"", ""inner"": ""alpha"", ""outer"": ""outer"", ""total"": ""beta"", ""value"": ""inner""}",1.1936
python-shadow,python,2,MAPPING_ONLY,synthetic,False,IDENTICAL_SELF_PAIR,1.0,1.0,0.0,dc9abd5b161240160c26b488a4f152ce7378acebe096d0d9bdae587c9f5cd63e,9f4126f6a2ac22fae6258c76c256613066e5d10a8d1f2a7d468a7b17c99bc7ae,"{""alpha"": ""total"", ""beta"": ""value"", ""inner"": ""alpha"", ""outer"": ""outer"", ""total"": ""beta"", ""value"": ""inner""}",1.1936
python-shadow,python,2,RAW_AST_EQUAL,synthetic,False,IDENTICAL_SELF_PAIR,1.0,0.5434785,-0.4565215,dc9abd5b161240160c26b488a4f152ce7378acebe096d0d9bdae587c9f5cd63e,9f4126f6a2ac22fae6258c76c256613066e5d10a8d1f2a7d468a7b17c99bc7ae,"{""alpha"": ""total"", ""beta"": ""value"", ""inner"": ""alpha"", ""outer"": ""outer"", ""total"": ""beta"", ""value"": ""inner""}",1.1936
python-shadow,python,2,RAW_CANONICAL_EQUAL,synthetic,False,IDENTICAL_SELF_PAIR,1.0,0.5434785,-0.4565215,dc9abd5b161240160c26b488a4f152ce7378acebe096d0d9bdae587c9f5cd63e,9f4126f6a2ac22fae6258c76c256613066e5d10a8d1f2a7d468a7b17c99bc7ae,"{""alpha"": ""total"", ""beta"": ""value"", ""inner"": ""alpha"", ""outer"": ""outer"", ""total"": ""beta"", ""value"": ""inner""}",1.1936
python-shadow,python,2,RAW_MAPPING_EQUAL,synthetic,False,IDENTICAL_SELF_PAIR,1.0,0.5434785,-0.4565215,dc9abd5b161240160c26b488a4f152ce7378acebe096d0d9bdae587c9f5cd63e,9f4126f6a2ac22fae6258c76c256613066e5d10a8d1f2a7d468a7b17c99bc7ae,"{""alpha"": ""total"", ""beta"": ""value"", ""inner"": ""alpha"", ""outer"": ""outer"", ""total"": ""beta"", ""value"": ""inner""}",1.1936
python-shadow,python,2,AST_CANONICAL_EQUAL,synthetic,False,IDENTICAL_SELF_PAIR,1.0,1.0,0.0,dc9abd5b161240160c26b488a4f152ce7378acebe096d0d9bdae587c9f5cd63e,9f4126f6a2ac22fae6258c76c256613066e5d10a8d1f2a7d468a7b17c99bc7ae,"{""alpha"": ""total"", ""beta"": ""value"", ""inner"": ""alpha"", ""outer"": ""outer"", ""total"": ""beta"", ""value"": ""inner""}",1.1936
python-shadow,python,2,AST_MAPPING_EQUAL,synthetic,False,IDENTICAL_SELF_PAIR,1.0,1.0,0.0,dc9abd5b161240160c26b488a4f152ce7378acebe096d0d9bdae587c9f5cd63e,9f4126f6a2ac22fae6258c76c256613066e5d10a8d1f2a7d468a7b17c99bc7ae,"{""alpha"": ""total"", ""beta"": ""value"", ""inner"": ""alpha"", ""outer"": ""outer"", ""total"": ""beta"", ""value"": ""inner""}",1.1936
python-shadow,python,2,CANONICAL_MAPPING_EQUAL,synthetic,False,IDENTICAL_SELF_PAIR,1.0,1.0,0.0,dc9abd5b161240160c26b488a4f152ce7378acebe096d0d9bdae587c9f5cd63e,9f4126f6a2ac22fae6258c76c256613066e5d10a8d1f2a7d468a7b17c99bc7ae,"{""alpha"": ""total"", ""beta"": ""value"", ""inner"": ""alpha"", ""outer"": ""outer"", ""total"": ""beta"", ""value"": ""inner""}",1.1936
python-shadow,python,2,ALL_EQUAL,synthetic,False,IDENTICAL_SELF_PAIR,1.0,0.77173925,-0.22826075,dc9abd5b161240160c26b488a4f152ce7378acebe096d0d9bdae587c9f5cd63e,9f4126f6a2ac22fae6258c76c256613066e5d10a8d1f2a7d468a7b17c99bc7ae,"{""alpha"": ""total"", ""beta"": ""value"", ""inner"": ""alpha"", ""outer"": ""outer"", ""total"": ""beta"", ""value"": ""inner""}",1.1936
python-shadow,python,2,PICAS_FIXED,synthetic,False,IDENTICAL_SELF_PAIR,1.0,0.817391,-0.18260900000000002,dc9abd5b161240160c26b488a4f152ce7378acebe096d0d9bdae587c9f5cd63e,9f4126f6a2ac22fae6258c76c256613066e5d10a8d1f2a7d468a7b17c99bc7ae,"{""alpha"": ""total"", ""beta"": ""value"", ""inner"": ""alpha"", ""outer"": ""outer"", ""total"": ""beta"", ""value"": ""inner""}",1.1936
python-shadow,python,2,PICAS_RULE_DYNAMIC,synthetic,False,IDENTICAL_SELF_PAIR,1.0,0.817391,-0.18260900000000002,dc9abd5b161240160c26b488a4f152ce7378acebe096d0d9bdae587c9f5cd63e,9f4126f6a2ac22fae6258c76c256613066e5d10a8d1f2a7d468a7b17c99bc7ae,"{""alpha"": ""total"", ""beta"": ""value"", ""inner"": ""alpha"", ""outer"": ""outer"", ""total"": ""beta"", ""value"": ""inner""}",1.1936
python-shadow,python,2,PICAS_DYNAMIC_OFFSET,synthetic,False,IDENTICAL_SELF_PAIR,1.0,0.817391,-0.18260900000000002,dc9abd5b161240160c26b488a4f152ce7378acebe096d0d9bdae587c9f5cd63e,9f4126f6a2ac22fae6258c76c256613066e5d10a8d1f2a7d468a7b17c99bc7ae,"{""alpha"": ""total"", ""beta"": ""value"", ""inner"": ""alpha"", ""outer"": ""outer"", ""total"": ""beta"", ""value"": ""inner""}",1.1936
python-shadow,python,3,RAW_ONLY,synthetic,False,IDENTICAL_SELF_PAIR,1.0,0.086957,-0.913043,dc9abd5b161240160c26b488a4f152ce7378acebe096d0d9bdae587c9f5cd63e,9d838e5d67cff67328d84a1900b25a41cdedbb8b3baa7b80af540238bdcbf125,"{""alpha"": ""inner"", ""beta"": ""beta"", ""inner"": ""value"", ""outer"": ""outer"", ""total"": ""alpha"", ""value"": ""total""}",1.0361
python-shadow,python,3,AST_ONLY,synthetic,False,IDENTICAL_SELF_PAIR,1.0,1.0,0.0,dc9abd5b161240160c26b488a4f152ce7378acebe096d0d9bdae587c9f5cd63e,9d838e5d67cff67328d84a1900b25a41cdedbb8b3baa7b80af540238bdcbf125,"{""alpha"": ""inner"", ""beta"": ""beta"", ""inner"": ""value"", ""outer"": ""outer"", ""total"": ""alpha"", ""value"": ""total""}",1.0361
python-shadow,python,3,CANONICAL_ONLY,synthetic,False,IDENTICAL_SELF_PAIR,1.0,1.0,0.0,dc9abd5b161240160c26b488a4f152ce7378acebe096d0d9bdae587c9f5cd63e,9d838e5d67cff67328d84a1900b25a41cdedbb8b3baa7b80af540238bdcbf125,"{""alpha"": ""inner"", ""beta"": ""beta"", ""inner"": ""value"", ""outer"": ""outer"", ""total"": ""alpha"", ""value"": ""total""}",1.0361
python-shadow,python,3,MAPPING_ONLY,synthetic,False,IDENTICAL_SELF_PAIR,1.0,1.0,0.0,dc9abd5b161240160c26b488a4f152ce7378acebe096d0d9bdae587c9f5cd63e,9d838e5d67cff67328d84a1900b25a41cdedbb8b3baa7b80af540238bdcbf125,"{""alpha"": ""inner"", ""beta"": ""beta"", ""inner"": ""value"", ""outer"": ""outer"", ""total"": ""alpha"", ""value"": ""total""}",1.0361
python-shadow,python,3,RAW_AST_EQUAL,synthetic,False,IDENTICAL_SELF_PAIR,1.0,0.5434785,-0.4565215,dc9abd5b161240160c26b488a4f152ce7378acebe096d0d9bdae587c9f5cd63e,9d838e5d67cff67328d84a1900b25a41cdedbb8b3baa7b80af540238bdcbf125,"{""alpha"": ""inner"", ""beta"": ""beta"", ""inner"": ""value"", ""outer"": ""outer"", ""total"": ""alpha"", ""value"": ""total""}",1.0361
python-shadow,python,3,RAW_CANONICAL_EQUAL,synthetic,False,IDENTICAL_SELF_PAIR,1.0,0.5434785,-0.4565215,dc9abd5b161240160c26b488a4f152ce7378acebe096d0d9bdae587c9f5cd63e,9d838e5d67cff67328d84a1900b25a41cdedbb8b3baa7b80af540238bdcbf125,"{""alpha"": ""inner"", ""beta"": ""beta"", ""inner"": ""value"", ""outer"": ""outer"", ""total"": ""alpha"", ""value"": ""total""}",1.0361
python-shadow,python,3,RAW_MAPPING_EQUAL,synthetic,False,IDENTICAL_SELF_PAIR,1.0,0.5434785,-0.4565215,dc9abd5b161240160c26b488a4f152ce7378acebe096d0d9bdae587c9f5cd63e,9d838e5d67cff67328d84a1900b25a41cdedbb8b3baa7b80af540238bdcbf125,"{""alpha"": ""inner"", ""beta"": ""beta"", ""inner"": ""value"", ""outer"": ""outer"", ""total"": ""alpha"", ""value"": ""total""}",1.0361
python-shadow,python,3,AST_CANONICAL_EQUAL,synthetic,False,IDENTICAL_SELF_PAIR,1.0,1.0,0.0,dc9abd5b161240160c26b488a4f152ce7378acebe096d0d9bdae587c9f5cd63e,9d838e5d67cff67328d84a1900b25a41cdedbb8b3baa7b80af540238bdcbf125,"{""alpha"": ""inner"", ""beta"": ""beta"", ""inner"": ""value"", ""outer"": ""outer"", ""total"": ""alpha"", ""value"": ""total""}",1.0361
python-shadow,python,3,AST_MAPPING_EQUAL,synthetic,False,IDENTICAL_SELF_PAIR,1.0,1.0,0.0,dc9abd5b161240160c26b488a4f152ce7378acebe096d0d9bdae587c9f5cd63e,9d838e5d67cff67328d84a1900b25a41cdedbb8b3baa7b80af540238bdcbf125,"{""alpha"": ""inner"", ""beta"": ""beta"", ""inner"": ""value"", ""outer"": ""outer"", ""total"": ""alpha"", ""value"": ""total""}",1.0361
python-shadow,python,3,CANONICAL_MAPPING_EQUAL,synthetic,False,IDENTICAL_SELF_PAIR,1.0,1.0,0.0,dc9abd5b161240160c26b488a4f152ce7378acebe096d0d9bdae587c9f5cd63e,9d838e5d67cff67328d84a1900b25a41cdedbb8b3baa7b80af540238bdcbf125,"{""alpha"": ""inner"", ""beta"": ""beta"", ""inner"": ""value"", ""outer"": ""outer"", ""total"": ""alpha"", ""value"": ""total""}",1.0361
python-shadow,python,3,ALL_EQUAL,synthetic,False,IDENTICAL_SELF_PAIR,1.0,0.77173925,-0.22826075,dc9abd5b161240160c26b488a4f152ce7378acebe096d0d9bdae587c9f5cd63e,9d838e5d67cff67328d84a1900b25a41cdedbb8b3baa7b80af540238bdcbf125,"{""alpha"": ""inner"", ""beta"": ""beta"", ""inner"": ""value"", ""outer"": ""outer"", ""total"": ""alpha"", ""value"": ""total""}",1.0361
python-shadow,python,3,PICAS_FIXED,synthetic,False,IDENTICAL_SELF_PAIR,1.0,0.817391,-0.18260900000000002,dc9abd5b161240160c26b488a4f152ce7378acebe096d0d9bdae587c9f5cd63e,9d838e5d67cff67328d84a1900b25a41cdedbb8b3baa7b80af540238bdcbf125,"{""alpha"": ""inner"", ""beta"": ""beta"", ""inner"": ""value"", ""outer"": ""outer"", ""total"": ""alpha"", ""value"": ""total""}",1.0361
python-shadow,python,3,PICAS_RULE_DYNAMIC,synthetic,False,IDENTICAL_SELF_PAIR,1.0,0.817391,-0.18260900000000002,dc9abd5b161240160c26b488a4f152ce7378acebe096d0d9bdae587c9f5cd63e,9d838e5d67cff67328d84a1900b25a41cdedbb8b3baa7b80af540238bdcbf125,"{""alpha"": ""inner"", ""beta"": ""beta"", ""inner"": ""value"", ""outer"": ""outer"", ""total"": ""alpha"", ""value"": ""total""}",1.0361
python-shadow,python,3,PICAS_DYNAMIC_OFFSET,synthetic,False,IDENTICAL_SELF_PAIR,1.0,0.817391,-0.18260900000000002,dc9abd5b161240160c26b488a4f152ce7378acebe096d0d9bdae587c9f5cd63e,9d838e5d67cff67328d84a1900b25a41cdedbb8b3baa7b80af540238bdcbf125,"{""alpha"": ""inner"", ""beta"": ""beta"", ""inner"": ""value"", ""outer"": ""outer"", ""total"": ""alpha"", ""value"": ""total""}",1.0361
python-shadow,python,4,RAW_ONLY,synthetic,False,IDENTICAL_SELF_PAIR,1.0,0.041667,-0.958333,dc9abd5b161240160c26b488a4f152ce7378acebe096d0d9bdae587c9f5cd63e,7437b9c016332793427b27ec41d11363dd5a5a65c79a73891781b7072e12a65a,"{""alpha"": ""alpha"", ""beta"": ""outer"", ""inner"": ""total"", ""outer"": ""beta"", ""total"": ""value"", ""value"": ""inner""}",1.0984
python-shadow,python,4,AST_ONLY,synthetic,False,IDENTICAL_SELF_PAIR,1.0,1.0,0.0,dc9abd5b161240160c26b488a4f152ce7378acebe096d0d9bdae587c9f5cd63e,7437b9c016332793427b27ec41d11363dd5a5a65c79a73891781b7072e12a65a,"{""alpha"": ""alpha"", ""beta"": ""outer"", ""inner"": ""total"", ""outer"": ""beta"", ""total"": ""value"", ""value"": ""inner""}",1.0984
python-shadow,python,4,CANONICAL_ONLY,synthetic,False,IDENTICAL_SELF_PAIR,1.0,1.0,0.0,dc9abd5b161240160c26b488a4f152ce7378acebe096d0d9bdae587c9f5cd63e,7437b9c016332793427b27ec41d11363dd5a5a65c79a73891781b7072e12a65a,"{""alpha"": ""alpha"", ""beta"": ""outer"", ""inner"": ""total"", ""outer"": ""beta"", ""total"": ""value"", ""value"": ""inner""}",1.0984
python-shadow,python,4,MAPPING_ONLY,synthetic,False,IDENTICAL_SELF_PAIR,1.0,1.0,0.0,dc9abd5b161240160c26b488a4f152ce7378acebe096d0d9bdae587c9f5cd63e,7437b9c016332793427b27ec41d11363dd5a5a65c79a73891781b7072e12a65a,"{""alpha"": ""alpha"", ""beta"": ""outer"", ""inner"": ""total"", ""outer"": ""beta"", ""total"": ""value"", ""value"": ""inner""}",1.0984
python-shadow,python,4,RAW_AST_EQUAL,synthetic,False,IDENTICAL_SELF_PAIR,1.0,0.5208335,-0.47916650000000005,dc9abd5b161240160c26b488a4f152ce7378acebe096d0d9bdae587c9f5cd63e,7437b9c016332793427b27ec41d11363dd5a5a65c79a73891781b7072e12a65a,"{""alpha"": ""alpha"", ""beta"": ""outer"", ""inner"": ""total"", ""outer"": ""beta"", ""total"": ""value"", ""value"": ""inner""}",1.0984
python-shadow,python,4,RAW_CANONICAL_EQUAL,synthetic,False,IDENTICAL_SELF_PAIR,1.0,0.5208335,-0.47916650000000005,dc9abd5b161240160c26b488a4f152ce7378acebe096d0d9bdae587c9f5cd63e,7437b9c016332793427b27ec41d11363dd5a5a65c79a73891781b7072e12a65a,"{""alpha"": ""alpha"", ""beta"": ""outer"", ""inner"": ""total"", ""outer"": ""beta"", ""total"": ""value"", ""value"": ""inner""}",1.0984
python-shadow,python,4,RAW_MAPPING_EQUAL,synthetic,False,IDENTICAL_SELF_PAIR,1.0,0.5208335,-0.47916650000000005,dc9abd5b161240160c26b488a4f152ce7378acebe096d0d9bdae587c9f5cd63e,7437b9c016332793427b27ec41d11363dd5a5a65c79a73891781b7072e12a65a,"{""alpha"": ""alpha"", ""beta"": ""outer"", ""inner"": ""total"", ""outer"": ""beta"", ""total"": ""value"", ""value"": ""inner""}",1.0984
python-shadow,python,4,AST_CANONICAL_EQUAL,synthetic,False,IDENTICAL_SELF_PAIR,1.0,1.0,0.0,dc9abd5b161240160c26b488a4f152ce7378acebe096d0d9bdae587c9f5cd63e,7437b9c016332793427b27ec41d11363dd5a5a65c79a73891781b7072e12a65a,"{""alpha"": ""alpha"", ""beta"": ""outer"", ""inner"": ""total"", ""outer"": ""beta"", ""total"": ""value"", ""value"": ""inner""}",1.0984
python-shadow,python,4,AST_MAPPING_EQUAL,synthetic,False,IDENTICAL_SELF_PAIR,1.0,1.0,0.0,dc9abd5b161240160c26b488a4f152ce7378acebe096d0d9bdae587c9f5cd63e,7437b9c016332793427b27ec41d11363dd5a5a65c79a73891781b7072e12a65a,"{""alpha"": ""alpha"", ""beta"": ""outer"", ""inner"": ""total"", ""outer"": ""beta"", ""total"": ""value"", ""value"": ""inner""}",1.0984
python-shadow,python,4,CANONICAL_MAPPING_EQUAL,synthetic,False,IDENTICAL_SELF_PAIR,1.0,1.0,0.0,dc9abd5b161240160c26b488a4f152ce7378acebe096d0d9bdae587c9f5cd63e,7437b9c016332793427b27ec41d11363dd5a5a65c79a73891781b7072e12a65a,"{""alpha"": ""alpha"", ""beta"": ""outer"", ""inner"": ""total"", ""outer"": ""beta"", ""total"": ""value"", ""value"": ""inner""}",1.0984
python-shadow,python,4,ALL_EQUAL,synthetic,False,IDENTICAL_SELF_PAIR,1.0,0.76041675,-0.23958325000000003,dc9abd5b161240160c26b488a4f152ce7378acebe096d0d9bdae587c9f5cd63e,7437b9c016332793427b27ec41d11363dd5a5a65c79a73891781b7072e12a65a,"{""alpha"": ""alpha"", ""beta"": ""outer"", ""inner"": ""total"", ""outer"": ""beta"", ""total"": ""value"", ""value"": ""inner""}",1.0984
python-shadow,python,4,PICAS_FIXED,synthetic,False,IDENTICAL_SELF_PAIR,1.0,0.808333,-0.19166700000000003,dc9abd5b161240160c26b488a4f152ce7378acebe096d0d9bdae587c9f5cd63e,7437b9c016332793427b27ec41d11363dd5a5a65c79a73891781b7072e12a65a,"{""alpha"": ""alpha"", ""beta"": ""outer"", ""inner"": ""total"", ""outer"": ""beta"", ""total"": ""value"", ""value"": ""inner""}",1.0984
python-shadow,python,4,PICAS_RULE_DYNAMIC,synthetic,False,IDENTICAL_SELF_PAIR,1.0,0.808333,-0.19166700000000003,dc9abd5b161240160c26b488a4f152ce7378acebe096d0d9bdae587c9f5cd63e,7437b9c016332793427b27ec41d11363dd5a5a65c79a73891781b7072e12a65a,"{""alpha"": ""alpha"", ""beta"": ""outer"", ""inner"": ""total"", ""outer"": ""beta"", ""total"": ""value"", ""value"": ""inner""}",1.0984
python-shadow,python,4,PICAS_DYNAMIC_OFFSET,synthetic,False,IDENTICAL_SELF_PAIR,1.0,0.808333,-0.19166700000000003,dc9abd5b161240160c26b488a4f152ce7378acebe096d0d9bdae587c9f5cd63e,7437b9c016332793427b27ec41d11363dd5a5a65c79a73891781b7072e12a65a,"{""alpha"": ""alpha"", ""beta"": ""outer"", ""inner"": ""total"", ""outer"": ""beta"", ""total"": ""value"", ""value"": ""inner""}",1.0984
python-shadow,python,5,RAW_ONLY,synthetic,False,IDENTICAL_SELF_PAIR,1.0,0.086957,-0.913043,dc9abd5b161240160c26b488a4f152ce7378acebe096d0d9bdae587c9f5cd63e,452f3d568bfe0ebbe1f2de3ab9343f30402a5ef8782f0d92681b8571f78cb43f,"{""alpha"": ""inner"", ""beta"": ""alpha"", ""inner"": ""value"", ""outer"": ""outer"", ""total"": ""beta"", ""value"": ""total""}",1.0483
python-shadow,python,5,AST_ONLY,synthetic,False,IDENTICAL_SELF_PAIR,1.0,1.0,0.0,dc9abd5b161240160c26b488a4f152ce7378acebe096d0d9bdae587c9f5cd63e,452f3d568bfe0ebbe1f2de3ab9343f30402a5ef8782f0d92681b8571f78cb43f,"{""alpha"": ""inner"", ""beta"": ""alpha"", ""inner"": ""value"", ""outer"": ""outer"", ""total"": ""beta"", ""value"": ""total""}",1.0483
python-shadow,python,5,CANONICAL_ONLY,synthetic,False,IDENTICAL_SELF_PAIR,1.0,1.0,0.0,dc9abd5b161240160c26b488a4f152ce7378acebe096d0d9bdae587c9f5cd63e,452f3d568bfe0ebbe1f2de3ab9343f30402a5ef8782f0d92681b8571f78cb43f,"{""alpha"": ""inner"", ""beta"": ""alpha"", ""inner"": ""value"", ""outer"": ""outer"", ""total"": ""beta"", ""value"": ""total""}",1.0483
python-shadow,python,5,MAPPING_ONLY,synthetic,False,IDENTICAL_SELF_PAIR,1.0,1.0,0.0,dc9abd5b161240160c26b488a4f152ce7378acebe096d0d9bdae587c9f5cd63e,452f3d568bfe0ebbe1f2de3ab9343f30402a5ef8782f0d92681b8571f78cb43f,"{""alpha"": ""inner"", ""beta"": ""alpha"", ""inner"": ""value"", ""outer"": ""outer"", ""total"": ""beta"", ""value"": ""total""}",1.0483
python-shadow,python,5,RAW_AST_EQUAL,synthetic,False,IDENTICAL_SELF_PAIR,1.0,0.5434785,-0.4565215,dc9abd5b161240160c26b488a4f152ce7378acebe096d0d9bdae587c9f5cd63e,452f3d568bfe0ebbe1f2de3ab9343f30402a5ef8782f0d92681b8571f78cb43f,"{""alpha"": ""inner"", ""beta"": ""alpha"", ""inner"": ""value"", ""outer"": ""outer"", ""total"": ""beta"", ""value"": ""total""}",1.0483
python-shadow,python,5,RAW_CANONICAL_EQUAL,synthetic,False,IDENTICAL_SELF_PAIR,1.0,0.5434785,-0.4565215,dc9abd5b161240160c26b488a4f152ce7378acebe096d0d9bdae587c9f5cd63e,452f3d568bfe0ebbe1f2de3ab9343f30402a5ef8782f0d92681b8571f78cb43f,"{""alpha"": ""inner"", ""beta"": ""alpha"", ""inner"": ""value"", ""outer"": ""outer"", ""total"": ""beta"", ""value"": ""total""}",1.0483
python-shadow,python,5,RAW_MAPPING_EQUAL,synthetic,False,IDENTICAL_SELF_PAIR,1.0,0.5434785,-0.4565215,dc9abd5b161240160c26b488a4f152ce7378acebe096d0d9bdae587c9f5cd63e,452f3d568bfe0ebbe1f2de3ab9343f30402a5ef8782f0d92681b8571f78cb43f,"{""alpha"": ""inner"", ""beta"": ""alpha"", ""inner"": ""value"", ""outer"": ""outer"", ""total"": ""beta"", ""value"": ""total""}",1.0483
python-shadow,python,5,AST_CANONICAL_EQUAL,synthetic,False,IDENTICAL_SELF_PAIR,1.0,1.0,0.0,dc9abd5b161240160c26b488a4f152ce7378acebe096d0d9bdae587c9f5cd63e,452f3d568bfe0ebbe1f2de3ab9343f30402a5ef8782f0d92681b8571f78cb43f,"{""alpha"": ""inner"", ""beta"": ""alpha"", ""inner"": ""value"", ""outer"": ""outer"", ""total"": ""beta"", ""value"": ""total""}",1.0483
python-shadow,python,5,AST_MAPPING_EQUAL,synthetic,False,IDENTICAL_SELF_PAIR,1.0,1.0,0.0,dc9abd5b161240160c26b488a4f152ce7378acebe096d0d9bdae587c9f5cd63e,452f3d568bfe0ebbe1f2de3ab9343f30402a5ef8782f0d92681b8571f78cb43f,"{""alpha"": ""inner"", ""beta"": ""alpha"", ""inner"": ""value"", ""outer"": ""outer"", ""total"": ""beta"", ""value"": ""total""}",1.0483
python-shadow,python,5,CANONICAL_MAPPING_EQUAL,synthetic,False,IDENTICAL_SELF_PAIR,1.0,1.0,0.0,dc9abd5b161240160c26b488a4f152ce7378acebe096d0d9bdae587c9f5cd63e,452f3d568bfe0ebbe1f2de3ab9343f30402a5ef8782f0d92681b8571f78cb43f,"{""alpha"": ""inner"", ""beta"": ""alpha"", ""inner"": ""value"", ""outer"": ""outer"", ""total"": ""beta"", ""value"": ""total""}",1.0483
python-shadow,python,5,ALL_EQUAL,synthetic,False,IDENTICAL_SELF_PAIR,1.0,0.77173925,-0.22826075,dc9abd5b161240160c26b488a4f152ce7378acebe096d0d9bdae587c9f5cd63e,452f3d568bfe0ebbe1f2de3ab9343f30402a5ef8782f0d92681b8571f78cb43f,"{""alpha"": ""inner"", ""beta"": ""alpha"", ""inner"": ""value"", ""outer"": ""outer"", ""total"": ""beta"", ""value"": ""total""}",1.0483
python-shadow,python,5,PICAS_FIXED,synthetic,False,IDENTICAL_SELF_PAIR,1.0,0.817391,-0.18260900000000002,dc9abd5b161240160c26b488a4f152ce7378acebe096d0d9bdae587c9f5cd63e,452f3d568bfe0ebbe1f2de3ab9343f30402a5ef8782f0d92681b8571f78cb43f,"{""alpha"": ""inner"", ""beta"": ""alpha"", ""inner"": ""value"", ""outer"": ""outer"", ""total"": ""beta"", ""value"": ""total""}",1.0483
python-shadow,python,5,PICAS_RULE_DYNAMIC,synthetic,False,IDENTICAL_SELF_PAIR,1.0,0.817391,-0.18260900000000002,dc9abd5b161240160c26b488a4f152ce7378acebe096d0d9bdae587c9f5cd63e,452f3d568bfe0ebbe1f2de3ab9343f30402a5ef8782f0d92681b8571f78cb43f,"{""alpha"": ""inner"", ""beta"": ""alpha"", ""inner"": ""value"", ""outer"": ""outer"", ""total"": ""beta"", ""value"": ""total""}",1.0483
python-shadow,python,5,PICAS_DYNAMIC_OFFSET,synthetic,False,IDENTICAL_SELF_PAIR,1.0,0.817391,-0.18260900000000002,dc9abd5b161240160c26b488a4f152ce7378acebe096d0d9bdae587c9f5cd63e,452f3d568bfe0ebbe1f2de3ab9343f30402a5ef8782f0d92681b8571f78cb43f,"{""alpha"": ""inner"", ""beta"": ""alpha"", ""inner"": ""value"", ""outer"": ""outer"", ""total"": ""beta"", ""value"": ""total""}",1.0483
python-shadow,python,6,RAW_ONLY,synthetic,False,IDENTICAL_SELF_PAIR,1.0,0.06383,-0.93617,dc9abd5b161240160c26b488a4f152ce7378acebe096d0d9bdae587c9f5cd63e,868047a3f950b9796baa6ef0f0184ba0db9fbb7a30b91121002740fbe4737172,"{""alpha"": ""outer"", ""beta"": ""value"", ""inner"": ""total"", ""outer"": ""inner"", ""total"": ""alpha"", ""value"": ""beta""}",1.0411
python-shadow,python,6,AST_ONLY,synthetic,False,IDENTICAL_SELF_PAIR,1.0,1.0,0.0,dc9abd5b161240160c26b488a4f152ce7378acebe096d0d9bdae587c9f5cd63e,868047a3f950b9796baa6ef0f0184ba0db9fbb7a30b91121002740fbe4737172,"{""alpha"": ""outer"", ""beta"": ""value"", ""inner"": ""total"", ""outer"": ""inner"", ""total"": ""alpha"", ""value"": ""beta""}",1.0411
python-shadow,python,6,CANONICAL_ONLY,synthetic,False,IDENTICAL_SELF_PAIR,1.0,1.0,0.0,dc9abd5b161240160c26b488a4f152ce7378acebe096d0d9bdae587c9f5cd63e,868047a3f950b9796baa6ef0f0184ba0db9fbb7a30b91121002740fbe4737172,"{""alpha"": ""outer"", ""beta"": ""value"", ""inner"": ""total"", ""outer"": ""inner"", ""total"": ""alpha"", ""value"": ""beta""}",1.0411
python-shadow,python,6,MAPPING_ONLY,synthetic,False,IDENTICAL_SELF_PAIR,1.0,1.0,0.0,dc9abd5b161240160c26b488a4f152ce7378acebe096d0d9bdae587c9f5cd63e,868047a3f950b9796baa6ef0f0184ba0db9fbb7a30b91121002740fbe4737172,"{""alpha"": ""outer"", ""beta"": ""value"", ""inner"": ""total"", ""outer"": ""inner"", ""total"": ""alpha"", ""value"": ""beta""}",1.0411
python-shadow,python,6,RAW_AST_EQUAL,synthetic,False,IDENTICAL_SELF_PAIR,1.0,0.531915,-0.468085,dc9abd5b161240160c26b488a4f152ce7378acebe096d0d9bdae587c9f5cd63e,868047a3f950b9796baa6ef0f0184ba0db9fbb7a30b91121002740fbe4737172,"{""alpha"": ""outer"", ""beta"": ""value"", ""inner"": ""total"", ""outer"": ""inner"", ""total"": ""alpha"", ""value"": ""beta""}",1.0411
python-shadow,python,6,RAW_CANONICAL_EQUAL,synthetic,False,IDENTICAL_SELF_PAIR,1.0,0.531915,-0.468085,dc9abd5b161240160c26b488a4f152ce7378acebe096d0d9bdae587c9f5cd63e,868047a3f950b9796baa6ef0f0184ba0db9fbb7a30b91121002740fbe4737172,"{""alpha"": ""outer"", ""beta"": ""value"", ""inner"": ""total"", ""outer"": ""inner"", ""total"": ""alpha"", ""value"": ""beta""}",1.0411
python-shadow,python,6,RAW_MAPPING_EQUAL,synthetic,False,IDENTICAL_SELF_PAIR,1.0,0.531915,-0.468085,dc9abd5b161240160c26b488a4f152ce7378acebe096d0d9bdae587c9f5cd63e,868047a3f950b9796baa6ef0f0184ba0db9fbb7a30b91121002740fbe4737172,"{""alpha"": ""outer"", ""beta"": ""value"", ""inner"": ""total"", ""outer"": ""inner"", ""total"": ""alpha"", ""value"": ""beta""}",1.0411
python-shadow,python,6,AST_CANONICAL_EQUAL,synthetic,False,IDENTICAL_SELF_PAIR,1.0,1.0,0.0,dc9abd5b161240160c26b488a4f152ce7378acebe096d0d9bdae587c9f5cd63e,868047a3f950b9796baa6ef0f0184ba0db9fbb7a30b91121002740fbe4737172,"{""alpha"": ""outer"", ""beta"": ""value"", ""inner"": ""total"", ""outer"": ""inner"", ""total"": ""alpha"", ""value"": ""beta""}",1.0411
python-shadow,python,6,AST_MAPPING_EQUAL,synthetic,False,IDENTICAL_SELF_PAIR,1.0,1.0,0.0,dc9abd5b161240160c26b488a4f152ce7378acebe096d0d9bdae587c9f5cd63e,868047a3f950b9796baa6ef0f0184ba0db9fbb7a30b91121002740fbe4737172,"{""alpha"": ""outer"", ""beta"": ""value"", ""inner"": ""total"", ""outer"": ""inner"", ""total"": ""alpha"", ""value"": ""beta""}",1.0411
python-shadow,python,6,CANONICAL_MAPPING_EQUAL,synthetic,False,IDENTICAL_SELF_PAIR,1.0,1.0,0.0,dc9abd5b161240160c26b488a4f152ce7378acebe096d0d9bdae587c9f5cd63e,868047a3f950b9796baa6ef0f0184ba0db9fbb7a30b91121002740fbe4737172,"{""alpha"": ""outer"", ""beta"": ""value"", ""inner"": ""total"", ""outer"": ""inner"", ""total"": ""alpha"", ""value"": ""beta""}",1.0411
python-shadow,python,6,ALL_EQUAL,synthetic,False,IDENTICAL_SELF_PAIR,1.0,0.7659575,-0.23404250000000004,dc9abd5b161240160c26b488a4f152ce7378acebe096d0d9bdae587c9f5cd63e,868047a3f950b9796baa6ef0f0184ba0db9fbb7a30b91121002740fbe4737172,"{""alpha"": ""outer"", ""beta"": ""value"", ""inner"": ""total"", ""outer"": ""inner"", ""total"": ""alpha"", ""value"": ""beta""}",1.0411
python-shadow,python,6,PICAS_FIXED,synthetic,False,IDENTICAL_SELF_PAIR,1.0,0.812766,-0.187234,dc9abd5b161240160c26b488a4f152ce7378acebe096d0d9bdae587c9f5cd63e,868047a3f950b9796baa6ef0f0184ba0db9fbb7a30b91121002740fbe4737172,"{""alpha"": ""outer"", ""beta"": ""value"", ""inner"": ""total"", ""outer"": ""inner"", ""total"": ""alpha"", ""value"": ""beta""}",1.0411
python-shadow,python,6,PICAS_RULE_DYNAMIC,synthetic,False,IDENTICAL_SELF_PAIR,1.0,0.812766,-0.187234,dc9abd5b161240160c26b488a4f152ce7378acebe096d0d9bdae587c9f5cd63e,868047a3f950b9796baa6ef0f0184ba0db9fbb7a30b91121002740fbe4737172,"{""alpha"": ""outer"", ""beta"": ""value"", ""inner"": ""total"", ""outer"": ""inner"", ""total"": ""alpha"", ""value"": ""beta""}",1.0411
python-shadow,python,6,PICAS_DYNAMIC_OFFSET,synthetic,False,IDENTICAL_SELF_PAIR,1.0,0.812766,-0.187234,dc9abd5b161240160c26b488a4f152ce7378acebe096d0d9bdae587c9f5cd63e,868047a3f950b9796baa6ef0f0184ba0db9fbb7a30b91121002740fbe4737172,"{""alpha"": ""outer"", ""beta"": ""value"", ""inner"": ""total"", ""outer"": ""inner"", ""total"": ""alpha"", ""value"": ""beta""}",1.0411
python-shadow,python,7,RAW_ONLY,synthetic,False,IDENTICAL_SELF_PAIR,1.0,0.041667,-0.958333,dc9abd5b161240160c26b488a4f152ce7378acebe096d0d9bdae587c9f5cd63e,f3006abe3658ec16bfadad19cbe0e0d1acb4c1fc7c6b29cd18183eb78e35d6fd,"{""alpha"": ""value"", ""beta"": ""outer"", ""inner"": ""total"", ""outer"": ""beta"", ""total"": ""alpha"", ""value"": ""inner""}",1.0481
python-shadow,python,7,AST_ONLY,synthetic,False,IDENTICAL_SELF_PAIR,1.0,1.0,0.0,dc9abd5b161240160c26b488a4f152ce7378acebe096d0d9bdae587c9f5cd63e,f3006abe3658ec16bfadad19cbe0e0d1acb4c1fc7c6b29cd18183eb78e35d6fd,"{""alpha"": ""value"", ""beta"": ""outer"", ""inner"": ""total"", ""outer"": ""beta"", ""total"": ""alpha"", ""value"": ""inner""}",1.0481
python-shadow,python,7,CANONICAL_ONLY,synthetic,False,IDENTICAL_SELF_PAIR,1.0,1.0,0.0,dc9abd5b161240160c26b488a4f152ce7378acebe096d0d9bdae587c9f5cd63e,f3006abe3658ec16bfadad19cbe0e0d1acb4c1fc7c6b29cd18183eb78e35d6fd,"{""alpha"": ""value"", ""beta"": ""outer"", ""inner"": ""total"", ""outer"": ""beta"", ""total"": ""alpha"", ""value"": ""inner""}",1.0481
python-shadow,python,7,MAPPING_ONLY,synthetic,False,IDENTICAL_SELF_PAIR,1.0,1.0,0.0,dc9abd5b161240160c26b488a4f152ce7378acebe096d0d9bdae587c9f5cd63e,f3006abe3658ec16bfadad19cbe0e0d1acb4c1fc7c6b29cd18183eb78e35d6fd,"{""alpha"": ""value"", ""beta"": ""outer"", ""inner"": ""total"", ""outer"": ""beta"", ""total"": ""alpha"", ""value"": ""inner""}",1.0481
python-shadow,python,7,RAW_AST_EQUAL,synthetic,False,IDENTICAL_SELF_PAIR,1.0,0.5208335,-0.47916650000000005,dc9abd5b161240160c26b488a4f152ce7378acebe096d0d9bdae587c9f5cd63e,f3006abe3658ec16bfadad19cbe0e0d1acb4c1fc7c6b29cd18183eb78e35d6fd,"{""alpha"": ""value"", ""beta"": ""outer"", ""inner"": ""total"", ""outer"": ""beta"", ""total"": ""alpha"", ""value"": ""inner""}",1.0481
python-shadow,python,7,RAW_CANONICAL_EQUAL,synthetic,False,IDENTICAL_SELF_PAIR,1.0,0.5208335,-0.47916650000000005,dc9abd5b161240160c26b488a4f152ce7378acebe096d0d9bdae587c9f5cd63e,f3006abe3658ec16bfadad19cbe0e0d1acb4c1fc7c6b29cd18183eb78e35d6fd,"{""alpha"": ""value"", ""beta"": ""outer"", ""inner"": ""total"", ""outer"": ""beta"", ""total"": ""alpha"", ""value"": ""inner""}",1.0481
python-shadow,python,7,RAW_MAPPING_EQUAL,synthetic,False,IDENTICAL_SELF_PAIR,1.0,0.5208335,-0.47916650000000005,dc9abd5b161240160c26b488a4f152ce7378acebe096d0d9bdae587c9f5cd63e,f3006abe3658ec16bfadad19cbe0e0d1acb4c1fc7c6b29cd18183eb78e35d6fd,"{""alpha"": ""value"", ""beta"": ""outer"", ""inner"": ""total"", ""outer"": ""beta"", ""total"": ""alpha"", ""value"": ""inner""}",1.0481
python-shadow,python,7,AST_CANONICAL_EQUAL,synthetic,False,IDENTICAL_SELF_PAIR,1.0,1.0,0.0,dc9abd5b161240160c26b488a4f152ce7378acebe096d0d9bdae587c9f5cd63e,f3006abe3658ec16bfadad19cbe0e0d1acb4c1fc7c6b29cd18183eb78e35d6fd,"{""alpha"": ""value"", ""beta"": ""outer"", ""inner"": ""total"", ""outer"": ""beta"", ""total"": ""alpha"", ""value"": ""inner""}",1.0481
python-shadow,python,7,AST_MAPPING_EQUAL,synthetic,False,IDENTICAL_SELF_PAIR,1.0,1.0,0.0,dc9abd5b161240160c26b488a4f152ce7378acebe096d0d9bdae587c9f5cd63e,f3006abe3658ec16bfadad19cbe0e0d1acb4c1fc7c6b29cd18183eb78e35d6fd,"{""alpha"": ""value"", ""beta"": ""outer"", ""inner"": ""total"", ""outer"": ""beta"", ""total"": ""alpha"", ""value"": ""inner""}",1.0481
python-shadow,python,7,CANONICAL_MAPPING_EQUAL,synthetic,False,IDENTICAL_SELF_PAIR,1.0,1.0,0.0,dc9abd5b161240160c26b488a4f152ce7378acebe096d0d9bdae587c9f5cd63e,f3006abe3658ec16bfadad19cbe0e0d1acb4c1fc7c6b29cd18183eb78e35d6fd,"{""alpha"": ""value"", ""beta"": ""outer"", ""inner"": ""total"", ""outer"": ""beta"", ""total"": ""alpha"", ""value"": ""inner""}",1.0481
python-shadow,python,7,ALL_EQUAL,synthetic,False,IDENTICAL_SELF_PAIR,1.0,0.76041675,-0.23958325000000003,dc9abd5b161240160c26b488a4f152ce7378acebe096d0d9bdae587c9f5cd63e,f3006abe3658ec16bfadad19cbe0e0d1acb4c1fc7c6b29cd18183eb78e35d6fd,"{""alpha"": ""value"", ""beta"": ""outer"", ""inner"": ""total"", ""outer"": ""beta"", ""total"": ""alpha"", ""value"": ""inner""}",1.0481
python-shadow,python,7,PICAS_FIXED,synthetic,False,IDENTICAL_SELF_PAIR,1.0,0.808333,-0.19166700000000003,dc9abd5b161240160c26b488a4f152ce7378acebe096d0d9bdae587c9f5cd63e,f3006abe3658ec16bfadad19cbe0e0d1acb4c1fc7c6b29cd18183eb78e35d6fd,"{""alpha"": ""value"", ""beta"": ""outer"", ""inner"": ""total"", ""outer"": ""beta"", ""total"": ""alpha"", ""value"": ""inner""}",1.0481
python-shadow,python,7,PICAS_RULE_DYNAMIC,synthetic,False,IDENTICAL_SELF_PAIR,1.0,0.808333,-0.19166700000000003,dc9abd5b161240160c26b488a4f152ce7378acebe096d0d9bdae587c9f5cd63e,f3006abe3658ec16bfadad19cbe0e0d1acb4c1fc7c6b29cd18183eb78e35d6fd,"{""alpha"": ""value"", ""beta"": ""outer"", ""inner"": ""total"", ""outer"": ""beta"", ""total"": ""alpha"", ""value"": ""inner""}",1.0481
python-shadow,python,7,PICAS_DYNAMIC_OFFSET,synthetic,False,IDENTICAL_SELF_PAIR,1.0,0.808333,-0.19166700000000003,dc9abd5b161240160c26b488a4f152ce7378acebe096d0d9bdae587c9f5cd63e,f3006abe3658ec16bfadad19cbe0e0d1acb4c1fc7c6b29cd18183eb78e35d6fd,"{""alpha"": ""value"", ""beta"": ""outer"", ""inner"": ""total"", ""outer"": ""beta"", ""total"": ""alpha"", ""value"": ""inner""}",1.0481
python-lambda-default,python,0,RAW_ONLY,synthetic,False,IDENTICAL_SELF_PAIR,1.0,1.0,0.0,842056e9d3df9e1412862a170d4e82b01a643f9aec341bc55878148f92e27e35,842056e9d3df9e1412862a170d4e82b01a643f9aec341bc55878148f92e27e35,"{""alpha"": ""alpha"", ""beta"": ""beta"", ""func"": ""func"", ""result"": ""result"", ""seed"": ""seed"", ""value"": ""value""}",0.6903
python-lambda-default,python,0,AST_ONLY,synthetic,False,IDENTICAL_SELF_PAIR,1.0,1.0,0.0,842056e9d3df9e1412862a170d4e82b01a643f9aec341bc55878148f92e27e35,842056e9d3df9e1412862a170d4e82b01a643f9aec341bc55878148f92e27e35,"{""alpha"": ""alpha"", ""beta"": ""beta"", ""func"": ""func"", ""result"": ""result"", ""seed"": ""seed"", ""value"": ""value""}",0.6903
python-lambda-default,python,0,CANONICAL_ONLY,synthetic,False,IDENTICAL_SELF_PAIR,1.0,1.0,0.0,842056e9d3df9e1412862a170d4e82b01a643f9aec341bc55878148f92e27e35,842056e9d3df9e1412862a170d4e82b01a643f9aec341bc55878148f92e27e35,"{""alpha"": ""alpha"", ""beta"": ""beta"", ""func"": ""func"", ""result"": ""result"", ""seed"": ""seed"", ""value"": ""value""}",0.6903
python-lambda-default,python,0,MAPPING_ONLY,synthetic,False,IDENTICAL_SELF_PAIR,1.0,1.0,0.0,842056e9d3df9e1412862a170d4e82b01a643f9aec341bc55878148f92e27e35,842056e9d3df9e1412862a170d4e82b01a643f9aec341bc55878148f92e27e35,"{""alpha"": ""alpha"", ""beta"": ""beta"", ""func"": ""func"", ""result"": ""result"", ""seed"": ""seed"", ""value"": ""value""}",0.6903
python-lambda-default,python,0,RAW_AST_EQUAL,synthetic,False,IDENTICAL_SELF_PAIR,1.0,1.0,0.0,842056e9d3df9e1412862a170d4e82b01a643f9aec341bc55878148f92e27e35,842056e9d3df9e1412862a170d4e82b01a643f9aec341bc55878148f92e27e35,"{""alpha"": ""alpha"", ""beta"": ""beta"", ""func"": ""func"", ""result"": ""result"", ""seed"": ""seed"", ""value"": ""value""}",0.6903
python-lambda-default,python,0,RAW_CANONICAL_EQUAL,synthetic,False,IDENTICAL_SELF_PAIR,1.0,1.0,0.0,842056e9d3df9e1412862a170d4e82b01a643f9aec341bc55878148f92e27e35,842056e9d3df9e1412862a170d4e82b01a643f9aec341bc55878148f92e27e35,"{""alpha"": ""alpha"", ""beta"": ""beta"", ""func"": ""func"", ""result"": ""result"", ""seed"": ""seed"", ""value"": ""value""}",0.6903
python-lambda-default,python,0,RAW_MAPPING_EQUAL,synthetic,False,IDENTICAL_SELF_PAIR,1.0,1.0,0.0,842056e9d3df9e1412862a170d4e82b01a643f9aec341bc55878148f92e27e35,842056e9d3df9e1412862a170d4e82b01a643f9aec341bc55878148f92e27e35,"{""alpha"": ""alpha"", ""beta"": ""beta"", ""func"": ""func"", ""result"": ""result"", ""seed"": ""seed"", ""value"": ""value""}",0.6903
python-lambda-default,python,0,AST_CANONICAL_EQUAL,synthetic,False,IDENTICAL_SELF_PAIR,1.0,1.0,0.0,842056e9d3df9e1412862a170d4e82b01a643f9aec341bc55878148f92e27e35,842056e9d3df9e1412862a170d4e82b01a643f9aec341bc55878148f92e27e35,"{""alpha"": ""alpha"", ""beta"": ""beta"", ""func"": ""func"", ""result"": ""result"", ""seed"": ""seed"", ""value"": ""value""}",0.6903
python-lambda-default,python,0,AST_MAPPING_EQUAL,synthetic,False,IDENTICAL_SELF_PAIR,1.0,1.0,0.0,842056e9d3df9e1412862a170d4e82b01a643f9aec341bc55878148f92e27e35,842056e9d3df9e1412862a170d4e82b01a643f9aec341bc55878148f92e27e35,"{""alpha"": ""alpha"", ""beta"": ""beta"", ""func"": ""func"", ""result"": ""result"", ""seed"": ""seed"", ""value"": ""value""}",0.6903
python-lambda-default,python,0,CANONICAL_MAPPING_EQUAL,synthetic,False,IDENTICAL_SELF_PAIR,1.0,1.0,0.0,842056e9d3df9e1412862a170d4e82b01a643f9aec341bc55878148f92e27e35,842056e9d3df9e1412862a170d4e82b01a643f9aec341bc55878148f92e27e35,"{""alpha"": ""alpha"", ""beta"": ""beta"", ""func"": ""func"", ""result"": ""result"", ""seed"": ""seed"", ""value"": ""value""}",0.6903
python-lambda-default,python,0,ALL_EQUAL,synthetic,False,IDENTICAL_SELF_PAIR,1.0,1.0,0.0,842056e9d3df9e1412862a170d4e82b01a643f9aec341bc55878148f92e27e35,842056e9d3df9e1412862a170d4e82b01a643f9aec341bc55878148f92e27e35,"{""alpha"": ""alpha"", ""beta"": ""beta"", ""func"": ""func"", ""result"": ""result"", ""seed"": ""seed"", ""value"": ""value""}",0.6903
python-lambda-default,python,0,PICAS_FIXED,synthetic,False,IDENTICAL_SELF_PAIR,1.0,1.0,0.0,842056e9d3df9e1412862a170d4e82b01a643f9aec341bc55878148f92e27e35,842056e9d3df9e1412862a170d4e82b01a643f9aec341bc55878148f92e27e35,"{""alpha"": ""alpha"", ""beta"": ""beta"", ""func"": ""func"", ""result"": ""result"", ""seed"": ""seed"", ""value"": ""value""}",0.6903
python-lambda-default,python,0,PICAS_RULE_DYNAMIC,synthetic,False,IDENTICAL_SELF_PAIR,1.0,1.0,0.0,842056e9d3df9e1412862a170d4e82b01a643f9aec341bc55878148f92e27e35,842056e9d3df9e1412862a170d4e82b01a643f9aec341bc55878148f92e27e35,"{""alpha"": ""alpha"", ""beta"": ""beta"", ""func"": ""func"", ""result"": ""result"", ""seed"": ""seed"", ""value"": ""value""}",0.6903
python-lambda-default,python,0,PICAS_DYNAMIC_OFFSET,synthetic,False,IDENTICAL_SELF_PAIR,1.0,1.0,0.0,842056e9d3df9e1412862a170d4e82b01a643f9aec341bc55878148f92e27e35,842056e9d3df9e1412862a170d4e82b01a643f9aec341bc55878148f92e27e35,"{""alpha"": ""alpha"", ""beta"": ""beta"", ""func"": ""func"", ""result"": ""result"", ""seed"": ""seed"", ""value"": ""value""}",0.6903
python-lambda-default,python,1,RAW_ONLY,synthetic,False,IDENTICAL_SELF_PAIR,1.0,0.030303,-0.969697,842056e9d3df9e1412862a170d4e82b01a643f9aec341bc55878148f92e27e35,eb8eb5ffaa5e8e3d37b272082f7b352445000b614acaa2b8768831bde3b84813,"{""alpha"": ""func"", ""beta"": ""value"", ""func"": ""alpha"", ""result"": ""seed"", ""seed"": ""result"", ""value"": ""beta""}",0.8364
python-lambda-default,python,1,AST_ONLY,synthetic,False,IDENTICAL_SELF_PAIR,1.0,1.0,0.0,842056e9d3df9e1412862a170d4e82b01a643f9aec341bc55878148f92e27e35,eb8eb5ffaa5e8e3d37b272082f7b352445000b614acaa2b8768831bde3b84813,"{""alpha"": ""func"", ""beta"": ""value"", ""func"": ""alpha"", ""result"": ""seed"", ""seed"": ""result"", ""value"": ""beta""}",0.8364
python-lambda-default,python,1,CANONICAL_ONLY,synthetic,False,IDENTICAL_SELF_PAIR,1.0,1.0,0.0,842056e9d3df9e1412862a170d4e82b01a643f9aec341bc55878148f92e27e35,eb8eb5ffaa5e8e3d37b272082f7b352445000b614acaa2b8768831bde3b84813,"{""alpha"": ""func"", ""beta"": ""value"", ""func"": ""alpha"", ""result"": ""seed"", ""seed"": ""result"", ""value"": ""beta""}",0.8364
python-lambda-default,python,1,MAPPING_ONLY,synthetic,False,IDENTICAL_SELF_PAIR,1.0,1.0,0.0,842056e9d3df9e1412862a170d4e82b01a643f9aec341bc55878148f92e27e35,eb8eb5ffaa5e8e3d37b272082f7b352445000b614acaa2b8768831bde3b84813,"{""alpha"": ""func"", ""beta"": ""value"", ""func"": ""alpha"", ""result"": ""seed"", ""seed"": ""result"", ""value"": ""beta""}",0.8364
python-lambda-default,python,1,RAW_AST_EQUAL,synthetic,False,IDENTICAL_SELF_PAIR,1.0,0.5151515,-0.4848485,842056e9d3df9e1412862a170d4e82b01a643f9aec341bc55878148f92e27e35,eb8eb5ffaa5e8e3d37b272082f7b352445000b614acaa2b8768831bde3b84813,"{""alpha"": ""func"", ""beta"": ""value"", ""func"": ""alpha"", ""result"": ""seed"", ""seed"": ""result"", ""value"": ""beta""}",0.8364
python-lambda-default,python,1,RAW_CANONICAL_EQUAL,synthetic,False,IDENTICAL_SELF_PAIR,1.0,0.5151515,-0.4848485,842056e9d3df9e1412862a170d4e82b01a643f9aec341bc55878148f92e27e35,eb8eb5ffaa5e8e3d37b272082f7b352445000b614acaa2b8768831bde3b84813,"{""alpha"": ""func"", ""beta"": ""value"", ""func"": ""alpha"", ""result"": ""seed"", ""seed"": ""result"", ""value"": ""beta""}",0.8364
python-lambda-default,python,1,RAW_MAPPING_EQUAL,synthetic,False,IDENTICAL_SELF_PAIR,1.0,0.5151515,-0.4848485,842056e9d3df9e1412862a170d4e82b01a643f9aec341bc55878148f92e27e35,eb8eb5ffaa5e8e3d37b272082f7b352445000b614acaa2b8768831bde3b84813,"{""alpha"": ""func"", ""beta"": ""value"", ""func"": ""alpha"", ""result"": ""seed"", ""seed"": ""result"", ""value"": ""beta""}",0.8364
python-lambda-default,python,1,AST_CANONICAL_EQUAL,synthetic,False,IDENTICAL_SELF_PAIR,1.0,1.0,0.0,842056e9d3df9e1412862a170d4e82b01a643f9aec341bc55878148f92e27e35,eb8eb5ffaa5e8e3d37b272082f7b352445000b614acaa2b8768831bde3b84813,"{""alpha"": ""func"", ""beta"": ""value"", ""func"": ""alpha"", ""result"": ""seed"", ""seed"": ""result"", ""value"": ""beta""}",0.8364
python-lambda-default,python,1,AST_MAPPING_EQUAL,synthetic,False,IDENTICAL_SELF_PAIR,1.0,1.0,0.0,842056e9d3df9e1412862a170d4e82b01a643f9aec341bc55878148f92e27e35,eb8eb5ffaa5e8e3d37b272082f7b352445000b614acaa2b8768831bde3b84813,"{""alpha"": ""func"", ""beta"": ""value"", ""func"": ""alpha"", ""result"": ""seed"", ""seed"": ""result"", ""value"": ""beta""}",0.8364
python-lambda-default,python,1,CANONICAL_MAPPING_EQUAL,synthetic,False,IDENTICAL_SELF_PAIR,1.0,1.0,0.0,842056e9d3df9e1412862a170d4e82b01a643f9aec341bc55878148f92e27e35,eb8eb5ffaa5e8e3d37b272082f7b352445000b614acaa2b8768831bde3b84813,"{""alpha"": ""func"", ""beta"": ""value"", ""func"": ""alpha"", ""result"": ""seed"", ""seed"": ""result"", ""value"": ""beta""}",0.8364
python-lambda-default,python,1,ALL_EQUAL,synthetic,False,IDENTICAL_SELF_PAIR,1.0,0.75757575,-0.24242425,842056e9d3df9e1412862a170d4e82b01a643f9aec341bc55878148f92e27e35,eb8eb5ffaa5e8e3d37b272082f7b352445000b614acaa2b8768831bde3b84813,"{""alpha"": ""func"", ""beta"": ""value"", ""func"": ""alpha"", ""result"": ""seed"", ""seed"": ""result"", ""value"": ""beta""}",0.8364
python-lambda-default,python,1,PICAS_FIXED,synthetic,False,IDENTICAL_SELF_PAIR,1.0,0.806061,-0.19393899999999997,842056e9d3df9e1412862a170d4e82b01a643f9aec341bc55878148f92e27e35,eb8eb5ffaa5e8e3d37b272082f7b352445000b614acaa2b8768831bde3b84813,"{""alpha"": ""func"", ""beta"": ""value"", ""func"": ""alpha"", ""result"": ""seed"", ""seed"": ""result"", ""value"": ""beta""}",0.8364
python-lambda-default,python,1,PICAS_RULE_DYNAMIC,synthetic,False,IDENTICAL_SELF_PAIR,1.0,0.806061,-0.19393899999999997,842056e9d3df9e1412862a170d4e82b01a643f9aec341bc55878148f92e27e35,eb8eb5ffaa5e8e3d37b272082f7b352445000b614acaa2b8768831bde3b84813,"{""alpha"": ""func"", ""beta"": ""value"", ""func"": ""alpha"", ""result"": ""seed"", ""seed"": ""result"", ""value"": ""beta""}",0.8364
python-lambda-default,python,1,PICAS_DYNAMIC_OFFSET,synthetic,False,IDENTICAL_SELF_PAIR,1.0,0.806061,-0.19393899999999997,842056e9d3df9e1412862a170d4e82b01a643f9aec341bc55878148f92e27e35,eb8eb5ffaa5e8e3d37b272082f7b352445000b614acaa2b8768831bde3b84813,"{""alpha"": ""func"", ""beta"": ""value"", ""func"": ""alpha"", ""result"": ""seed"", ""seed"": ""result"", ""value"": ""beta""}",0.8364
python-lambda-default,python,2,RAW_ONLY,synthetic,False,IDENTICAL_SELF_PAIR,1.0,0.096774,-0.903226,842056e9d3df9e1412862a170d4e82b01a643f9aec341bc55878148f92e27e35,8281a851c513770f361332c4065f28a93447b7b22110d28cf0ce1160e6d2bac8,"{""alpha"": ""result"", ""beta"": ""value"", ""func"": ""alpha"", ""result"": ""beta"", ""seed"": ""seed"", ""value"": ""func""}",0.7019
python-lambda-default,python,2,AST_ONLY,synthetic,False,IDENTICAL_SELF_PAIR,1.0,1.0,0.0,842056e9d3df9e1412862a170d4e82b01a643f9aec341bc55878148f92e27e35,8281a851c513770f361332c4065f28a93447b7b22110d28cf0ce1160e6d2bac8,"{""alpha"": ""result"", ""beta"": ""value"", ""func"": ""alpha"", ""result"": ""beta"", ""seed"": ""seed"", ""value"": ""func""}",0.7019
python-lambda-default,python,2,CANONICAL_ONLY,synthetic,False,IDENTICAL_SELF_PAIR,1.0,1.0,0.0,842056e9d3df9e1412862a170d4e82b01a643f9aec341bc55878148f92e27e35,8281a851c513770f361332c4065f28a93447b7b22110d28cf0ce1160e6d2bac8,"{""alpha"": ""result"", ""beta"": ""value"", ""func"": ""alpha"", ""result"": ""beta"", ""seed"": ""seed"", ""value"": ""func""}",0.7019
python-lambda-default,python,2,MAPPING_ONLY,synthetic,False,IDENTICAL_SELF_PAIR,1.0,1.0,0.0,842056e9d3df9e1412862a170d4e82b01a643f9aec341bc55878148f92e27e35,8281a851c513770f361332c4065f28a93447b7b22110d28cf0ce1160e6d2bac8,"{""alpha"": ""result"", ""beta"": ""value"", ""func"": ""alpha"", ""result"": ""beta"", ""seed"": ""seed"", ""value"": ""func""}",0.7019
python-lambda-default,python,2,RAW_AST_EQUAL,synthetic,False,IDENTICAL_SELF_PAIR,1.0,0.548387,-0.45161300000000004,842056e9d3df9e1412862a170d4e82b01a643f9aec341bc55878148f92e27e35,8281a851c513770f361332c4065f28a93447b7b22110d28cf0ce1160e6d2bac8,"{""alpha"": ""result"", ""beta"": ""value"", ""func"": ""alpha"", ""result"": ""beta"", ""seed"": ""seed"", ""value"": ""func""}",0.7019
python-lambda-default,python,2,RAW_CANONICAL_EQUAL,synthetic,False,IDENTICAL_SELF_PAIR,1.0,0.548387,-0.45161300000000004,842056e9d3df9e1412862a170d4e82b01a643f9aec341bc55878148f92e27e35,8281a851c513770f361332c4065f28a93447b7b22110d28cf0ce1160e6d2bac8,"{""alpha"": ""result"", ""beta"": ""value"", ""func"": ""alpha"", ""result"": ""beta"", ""seed"": ""seed"", ""value"": ""func""}",0.7019
python-lambda-default,python,2,RAW_MAPPING_EQUAL,synthetic,False,IDENTICAL_SELF_PAIR,1.0,0.548387,-0.45161300000000004,842056e9d3df9e1412862a170d4e82b01a643f9aec341bc55878148f92e27e35,8281a851c513770f361332c4065f28a93447b7b22110d28cf0ce1160e6d2bac8,"{""alpha"": ""result"", ""beta"": ""value"", ""func"": ""alpha"", ""result"": ""beta"", ""seed"": ""seed"", ""value"": ""func""}",0.7019
python-lambda-default,python,2,AST_CANONICAL_EQUAL,synthetic,False,IDENTICAL_SELF_PAIR,1.0,1.0,0.0,842056e9d3df9e1412862a170d4e82b01a643f9aec341bc55878148f92e27e35,8281a851c513770f361332c4065f28a93447b7b22110d28cf0ce1160e6d2bac8,"{""alpha"": ""result"", ""beta"": ""value"", ""func"": ""alpha"", ""result"": ""beta"", ""seed"": ""seed"", ""value"": ""func""}",0.7019
python-lambda-default,python,2,AST_MAPPING_EQUAL,synthetic,False,IDENTICAL_SELF_PAIR,1.0,1.0,0.0,842056e9d3df9e1412862a170d4e82b01a643f9aec341bc55878148f92e27e35,8281a851c513770f361332c4065f28a93447b7b22110d28cf0ce1160e6d2bac8,"{""alpha"": ""result"", ""beta"": ""value"", ""func"": ""alpha"", ""result"": ""beta"", ""seed"": ""seed"", ""value"": ""func""}",0.7019
python-lambda-default,python,2,CANONICAL_MAPPING_EQUAL,synthetic,False,IDENTICAL_SELF_PAIR,1.0,1.0,0.0,842056e9d3df9e1412862a170d4e82b01a643f9aec341bc55878148f92e27e35,8281a851c513770f361332c4065f28a93447b7b22110d28cf0ce1160e6d2bac8,"{""alpha"": ""result"", ""beta"": ""value"", ""func"": ""alpha"", ""result"": ""beta"", ""seed"": ""seed"", ""value"": ""func""}",0.7019
python-lambda-default,python,2,ALL_EQUAL,synthetic,False,IDENTICAL_SELF_PAIR,1.0,0.7741935,-0.22580650000000002,842056e9d3df9e1412862a170d4e82b01a643f9aec341bc55878148f92e27e35,8281a851c513770f361332c4065f28a93447b7b22110d28cf0ce1160e6d2bac8,"{""alpha"": ""result"", ""beta"": ""value"", ""func"": ""alpha"", ""result"": ""beta"", ""seed"": ""seed"", ""value"": ""func""}",0.7019
python-lambda-default,python,2,PICAS_FIXED,synthetic,False,IDENTICAL_SELF_PAIR,1.0,0.819355,-0.18064499999999994,842056e9d3df9e1412862a170d4e82b01a643f9aec341bc55878148f92e27e35,8281a851c513770f361332c4065f28a93447b7b22110d28cf0ce1160e6d2bac8,"{""alpha"": ""result"", ""beta"": ""value"", ""func"": ""alpha"", ""result"": ""beta"", ""seed"": ""seed"", ""value"": ""func""}",0.7019
python-lambda-default,python,2,PICAS_RULE_DYNAMIC,synthetic,False,IDENTICAL_SELF_PAIR,1.0,0.819355,-0.18064499999999994,842056e9d3df9e1412862a170d4e82b01a643f9aec341bc55878148f92e27e35,8281a851c513770f361332c4065f28a93447b7b22110d28cf0ce1160e6d2bac8,"{""alpha"": ""result"", ""beta"": ""value"", ""func"": ""alpha"", ""result"": ""beta"", ""seed"": ""seed"", ""value"": ""func""}",0.7019
python-lambda-default,python,2,PICAS_DYNAMIC_OFFSET,synthetic,False,IDENTICAL_SELF_PAIR,1.0,0.819355,-0.18064499999999994,842056e9d3df9e1412862a170d4e82b01a643f9aec341bc55878148f92e27e35,8281a851c513770f361332c4065f28a93447b7b22110d28cf0ce1160e6d2bac8,"{""alpha"": ""result"", ""beta"": ""value"", ""func"": ""alpha"", ""result"": ""beta"", ""seed"": ""seed"", ""value"": ""func""}",0.7019
python-lambda-default,python,3,RAW_ONLY,synthetic,False,IDENTICAL_SELF_PAIR,1.0,0.096774,-0.903226,842056e9d3df9e1412862a170d4e82b01a643f9aec341bc55878148f92e27e35,9f1a55f2eaa6713a89896a21a82bfd6c370dccf386d6f231918af7b0106f2307,"{""alpha"": ""func"", ""beta"": ""beta"", ""func"": ""value"", ""result"": ""alpha"", ""seed"": ""seed"", ""value"": ""result""}",0.6936
python-lambda-default,python,3,AST_ONLY,synthetic,False,IDENTICAL_SELF_PAIR,1.0,1.0,0.0,842056e9d3df9e1412862a170d4e82b01a643f9aec341bc55878148f92e27e35,9f1a55f2eaa6713a89896a21a82bfd6c370dccf386d6f231918af7b0106f2307,"{""alpha"": ""func"", ""beta"": ""beta"", ""func"": ""value"", ""result"": ""alpha"", ""seed"": ""seed"", ""value"": ""result""}",0.6936
python-lambda-default,python,3,CANONICAL_ONLY,synthetic,False,IDENTICAL_SELF_PAIR,1.0,1.0,0.0,842056e9d3df9e1412862a170d4e82b01a643f9aec341bc55878148f92e27e35,9f1a55f2eaa6713a89896a21a82bfd6c370dccf386d6f231918af7b0106f2307,"{""alpha"": ""func"", ""beta"": ""beta"", ""func"": ""value"", ""result"": ""alpha"", ""seed"": ""seed"", ""value"": ""result""}",0.6936
python-lambda-default,python,3,MAPPING_ONLY,synthetic,False,IDENTICAL_SELF_PAIR,1.0,1.0,0.0,842056e9d3df9e1412862a170d4e82b01a643f9aec341bc55878148f92e27e35,9f1a55f2eaa6713a89896a21a82bfd6c370dccf386d6f231918af7b0106f2307,"{""alpha"": ""func"", ""beta"": ""beta"", ""func"": ""value"", ""result"": ""alpha"", ""seed"": ""seed"", ""value"": ""result""}",0.6936
python-lambda-default,python,3,RAW_AST_EQUAL,synthetic,False,IDENTICAL_SELF_PAIR,1.0,0.548387,-0.45161300000000004,842056e9d3df9e1412862a170d4e82b01a643f9aec341bc55878148f92e27e35,9f1a55f2eaa6713a89896a21a82bfd6c370dccf386d6f231918af7b0106f2307,"{""alpha"": ""func"", ""beta"": ""beta"", ""func"": ""value"", ""result"": ""alpha"", ""seed"": ""seed"", ""value"": ""result""}",0.6936
python-lambda-default,python,3,RAW_CANONICAL_EQUAL,synthetic,False,IDENTICAL_SELF_PAIR,1.0,0.548387,-0.45161300000000004,842056e9d3df9e1412862a170d4e82b01a643f9aec341bc55878148f92e27e35,9f1a55f2eaa6713a89896a21a82bfd6c370dccf386d6f231918af7b0106f2307,"{""alpha"": ""func"", ""beta"": ""beta"", ""func"": ""value"", ""result"": ""alpha"", ""seed"": ""seed"", ""value"": ""result""}",0.6936
python-lambda-default,python,3,RAW_MAPPING_EQUAL,synthetic,False,IDENTICAL_SELF_PAIR,1.0,0.548387,-0.45161300000000004,842056e9d3df9e1412862a170d4e82b01a643f9aec341bc55878148f92e27e35,9f1a55f2eaa6713a89896a21a82bfd6c370dccf386d6f231918af7b0106f2307,"{""alpha"": ""func"", ""beta"": ""beta"", ""func"": ""value"", ""result"": ""alpha"", ""seed"": ""seed"", ""value"": ""result""}",0.6936
python-lambda-default,python,3,AST_CANONICAL_EQUAL,synthetic,False,IDENTICAL_SELF_PAIR,1.0,1.0,0.0,842056e9d3df9e1412862a170d4e82b01a643f9aec341bc55878148f92e27e35,9f1a55f2eaa6713a89896a21a82bfd6c370dccf386d6f231918af7b0106f2307,"{""alpha"": ""func"", ""beta"": ""beta"", ""func"": ""value"", ""result"": ""alpha"", ""seed"": ""seed"", ""value"": ""result""}",0.6936
python-lambda-default,python,3,AST_MAPPING_EQUAL,synthetic,False,IDENTICAL_SELF_PAIR,1.0,1.0,0.0,842056e9d3df9e1412862a170d4e82b01a643f9aec341bc55878148f92e27e35,9f1a55f2eaa6713a89896a21a82bfd6c370dccf386d6f231918af7b0106f2307,"{""alpha"": ""func"", ""beta"": ""beta"", ""func"": ""value"", ""result"": ""alpha"", ""seed"": ""seed"", ""value"": ""result""}",0.6936
python-lambda-default,python,3,CANONICAL_MAPPING_EQUAL,synthetic,False,IDENTICAL_SELF_PAIR,1.0,1.0,0.0,842056e9d3df9e1412862a170d4e82b01a643f9aec341bc55878148f92e27e35,9f1a55f2eaa6713a89896a21a82bfd6c370dccf386d6f231918af7b0106f2307,"{""alpha"": ""func"", ""beta"": ""beta"", ""func"": ""value"", ""result"": ""alpha"", ""seed"": ""seed"", ""value"": ""result""}",0.6936
python-lambda-default,python,3,ALL_EQUAL,synthetic,False,IDENTICAL_SELF_PAIR,1.0,0.7741935,-0.22580650000000002,842056e9d3df9e1412862a170d4e82b01a643f9aec341bc55878148f92e27e35,9f1a55f2eaa6713a89896a21a82bfd6c370dccf386d6f231918af7b0106f2307,"{""alpha"": ""func"", ""beta"": ""beta"", ""func"": ""value"", ""result"": ""alpha"", ""seed"": ""seed"", ""value"": ""result""}",0.6936
python-lambda-default,python,3,PICAS_FIXED,synthetic,False,IDENTICAL_SELF_PAIR,1.0,0.819355,-0.18064499999999994,842056e9d3df9e1412862a170d4e82b01a643f9aec341bc55878148f92e27e35,9f1a55f2eaa6713a89896a21a82bfd6c370dccf386d6f231918af7b0106f2307,"{""alpha"": ""func"", ""beta"": ""beta"", ""func"": ""value"", ""result"": ""alpha"", ""seed"": ""seed"", ""value"": ""result""}",0.6936
python-lambda-default,python,3,PICAS_RULE_DYNAMIC,synthetic,False,IDENTICAL_SELF_PAIR,1.0,0.819355,-0.18064499999999994,842056e9d3df9e1412862a170d4e82b01a643f9aec341bc55878148f92e27e35,9f1a55f2eaa6713a89896a21a82bfd6c370dccf386d6f231918af7b0106f2307,"{""alpha"": ""func"", ""beta"": ""beta"", ""func"": ""value"", ""result"": ""alpha"", ""seed"": ""seed"", ""value"": ""result""}",0.6936
python-lambda-default,python,3,PICAS_DYNAMIC_OFFSET,synthetic,False,IDENTICAL_SELF_PAIR,1.0,0.819355,-0.18064499999999994,842056e9d3df9e1412862a170d4e82b01a643f9aec341bc55878148f92e27e35,9f1a55f2eaa6713a89896a21a82bfd6c370dccf386d6f231918af7b0106f2307,"{""alpha"": ""func"", ""beta"": ""beta"", ""func"": ""value"", ""result"": ""alpha"", ""seed"": ""seed"", ""value"": ""result""}",0.6936
python-lambda-default,python,4,RAW_ONLY,synthetic,False,IDENTICAL_SELF_PAIR,1.0,0.030303,-0.969697,842056e9d3df9e1412862a170d4e82b01a643f9aec341bc55878148f92e27e35,ee2b8b7349632e8aea584d77f4717258c1e6fd5a59d8b39e603c668ec29e8f28,"{""alpha"": ""alpha"", ""beta"": ""seed"", ""func"": ""result"", ""result"": ""value"", ""seed"": ""beta"", ""value"": ""func""}",0.7957
python-lambda-default,python,4,AST_ONLY,synthetic,False,IDENTICAL_SELF_PAIR,1.0,1.0,0.0,842056e9d3df9e1412862a170d4e82b01a643f9aec341bc55878148f92e27e35,ee2b8b7349632e8aea584d77f4717258c1e6fd5a59d8b39e603c668ec29e8f28,"{""alpha"": ""alpha"", ""beta"": ""seed"", ""func"": ""result"", ""result"": ""value"", ""seed"": ""beta"", ""value"": ""func""}",0.7957
python-lambda-default,python,4,CANONICAL_ONLY,synthetic,False,IDENTICAL_SELF_PAIR,1.0,1.0,0.0,842056e9d3df9e1412862a170d4e82b01a643f9aec341bc55878148f92e27e35,ee2b8b7349632e8aea584d77f4717258c1e6fd5a59d8b39e603c668ec29e8f28,"{""alpha"": ""alpha"", ""beta"": ""seed"", ""func"": ""result"", ""result"": ""value"", ""seed"": ""beta"", ""value"": ""func""}",0.7957
python-lambda-default,python,4,MAPPING_ONLY,synthetic,False,IDENTICAL_SELF_PAIR,1.0,1.0,0.0,842056e9d3df9e1412862a170d4e82b01a643f9aec341bc55878148f92e27e35,ee2b8b7349632e8aea584d77f4717258c1e6fd5a59d8b39e603c668ec29e8f28,"{""alpha"": ""alpha"", ""beta"": ""seed"", ""func"": ""result"", ""result"": ""value"", ""seed"": ""beta"", ""value"": ""func""}",0.7957
python-lambda-default,python,4,RAW_AST_EQUAL,synthetic,False,IDENTICAL_SELF_PAIR,1.0,0.5151515,-0.4848485,842056e9d3df9e1412862a170d4e82b01a643f9aec341bc55878148f92e27e35,ee2b8b7349632e8aea584d77f4717258c1e6fd5a59d8b39e603c668ec29e8f28,"{""alpha"": ""alpha"", ""beta"": ""seed"", ""func"": ""result"", ""result"": ""value"", ""seed"": ""beta"", ""value"": ""func""}",0.7957
python-lambda-default,python,4,RAW_CANONICAL_EQUAL,synthetic,False,IDENTICAL_SELF_PAIR,1.0,0.5151515,-0.4848485,842056e9d3df9e1412862a170d4e82b01a643f9aec341bc55878148f92e27e35,ee2b8b7349632e8aea584d77f4717258c1e6fd5a59d8b39e603c668ec29e8f28,"{""alpha"": ""alpha"", ""beta"": ""seed"", ""func"": ""result"", ""result"": ""value"", ""seed"": ""beta"", ""value"": ""func""}",0.7957
python-lambda-default,python,4,RAW_MAPPING_EQUAL,synthetic,False,IDENTICAL_SELF_PAIR,1.0,0.5151515,-0.4848485,842056e9d3df9e1412862a170d4e82b01a643f9aec341bc55878148f92e27e35,ee2b8b7349632e8aea584d77f4717258c1e6fd5a59d8b39e603c668ec29e8f28,"{""alpha"": ""alpha"", ""beta"": ""seed"", ""func"": ""result"", ""result"": ""value"", ""seed"": ""beta"", ""value"": ""func""}",0.7957
python-lambda-default,python,4,AST_CANONICAL_EQUAL,synthetic,False,IDENTICAL_SELF_PAIR,1.0,1.0,0.0,842056e9d3df9e1412862a170d4e82b01a643f9aec341bc55878148f92e27e35,ee2b8b7349632e8aea584d77f4717258c1e6fd5a59d8b39e603c668ec29e8f28,"{""alpha"": ""alpha"", ""beta"": ""seed"", ""func"": ""result"", ""result"": ""value"", ""seed"": ""beta"", ""value"": ""func""}",0.7957
python-lambda-default,python,4,AST_MAPPING_EQUAL,synthetic,False,IDENTICAL_SELF_PAIR,1.0,1.0,0.0,842056e9d3df9e1412862a170d4e82b01a643f9aec341bc55878148f92e27e35,ee2b8b7349632e8aea584d77f4717258c1e6fd5a59d8b39e603c668ec29e8f28,"{""alpha"": ""alpha"", ""beta"": ""seed"", ""func"": ""result"", ""result"": ""value"", ""seed"": ""beta"", ""value"": ""func""}",0.7957
python-lambda-default,python,4,CANONICAL_MAPPING_EQUAL,synthetic,False,IDENTICAL_SELF_PAIR,1.0,1.0,0.0,842056e9d3df9e1412862a170d4e82b01a643f9aec341bc55878148f92e27e35,ee2b8b7349632e8aea584d77f4717258c1e6fd5a59d8b39e603c668ec29e8f28,"{""alpha"": ""alpha"", ""beta"": ""seed"", ""func"": ""result"", ""result"": ""value"", ""seed"": ""beta"", ""value"": ""func""}",0.7957
python-lambda-default,python,4,ALL_EQUAL,synthetic,False,IDENTICAL_SELF_PAIR,1.0,0.75757575,-0.24242425,842056e9d3df9e1412862a170d4e82b01a643f9aec341bc55878148f92e27e35,ee2b8b7349632e8aea584d77f4717258c1e6fd5a59d8b39e603c668ec29e8f28,"{""alpha"": ""alpha"", ""beta"": ""seed"", ""func"": ""result"", ""result"": ""value"", ""seed"": ""beta"", ""value"": ""func""}",0.7957
python-lambda-default,python,4,PICAS_FIXED,synthetic,False,IDENTICAL_SELF_PAIR,1.0,0.806061,-0.19393899999999997,842056e9d3df9e1412862a170d4e82b01a643f9aec341bc55878148f92e27e35,ee2b8b7349632e8aea584d77f4717258c1e6fd5a59d8b39e603c668ec29e8f28,"{""alpha"": ""alpha"", ""beta"": ""seed"", ""func"": ""result"", ""result"": ""value"", ""seed"": ""beta"", ""value"": ""func""}",0.7957
python-lambda-default,python,4,PICAS_RULE_DYNAMIC,synthetic,False,IDENTICAL_SELF_PAIR,1.0,0.806061,-0.19393899999999997,842056e9d3df9e1412862a170d4e82b01a643f9aec341bc55878148f92e27e35,ee2b8b7349632e8aea584d77f4717258c1e6fd5a59d8b39e603c668ec29e8f28,"{""alpha"": ""alpha"", ""beta"": ""seed"", ""func"": ""result"", ""result"": ""value"", ""seed"": ""beta"", ""value"": ""func""}",0.7957
python-lambda-default,python,4,PICAS_DYNAMIC_OFFSET,synthetic,False,IDENTICAL_SELF_PAIR,1.0,0.806061,-0.19393899999999997,842056e9d3df9e1412862a170d4e82b01a643f9aec341bc55878148f92e27e35,ee2b8b7349632e8aea584d77f4717258c1e6fd5a59d8b39e603c668ec29e8f28,"{""alpha"": ""alpha"", ""beta"": ""seed"", ""func"": ""result"", ""result"": ""value"", ""seed"": ""beta"", ""value"": ""func""}",0.7957
python-lambda-default,python,5,RAW_ONLY,synthetic,False,IDENTICAL_SELF_PAIR,1.0,0.096774,-0.903226,842056e9d3df9e1412862a170d4e82b01a643f9aec341bc55878148f92e27e35,2e537a6c419e63eb926e70e38fabafdce00b832121048217b910ff698e53a6f1,"{""alpha"": ""func"", ""beta"": ""alpha"", ""func"": ""value"", ""result"": ""beta"", ""seed"": ""seed"", ""value"": ""result""}",0.687
python-lambda-default,python,5,AST_ONLY,synthetic,False,IDENTICAL_SELF_PAIR,1.0,1.0,0.0,842056e9d3df9e1412862a170d4e82b01a643f9aec341bc55878148f92e27e35,2e537a6c419e63eb926e70e38fabafdce00b832121048217b910ff698e53a6f1,"{""alpha"": ""func"", ""beta"": ""alpha"", ""func"": ""value"", ""result"": ""beta"", ""seed"": ""seed"", ""value"": ""result""}",0.687
python-lambda-default,python,5,CANONICAL_ONLY,synthetic,False,IDENTICAL_SELF_PAIR,1.0,1.0,0.0,842056e9d3df9e1412862a170d4e82b01a643f9aec341bc55878148f92e27e35,2e537a6c419e63eb926e70e38fabafdce00b832121048217b910ff698e53a6f1,"{""alpha"": ""func"", ""beta"": ""alpha"", ""func"": ""value"", ""result"": ""beta"", ""seed"": ""seed"", ""value"": ""result""}",0.687
python-lambda-default,python,5,MAPPING_ONLY,synthetic,False,IDENTICAL_SELF_PAIR,1.0,1.0,0.0,842056e9d3df9e1412862a170d4e82b01a643f9aec341bc55878148f92e27e35,2e537a6c419e63eb926e70e38fabafdce00b832121048217b910ff698e53a6f1,"{""alpha"": ""func"", ""beta"": ""alpha"", ""func"": ""value"", ""result"": ""beta"", ""seed"": ""seed"", ""value"": ""result""}",0.687
python-lambda-default,python,5,RAW_AST_EQUAL,synthetic,False,IDENTICAL_SELF_PAIR,1.0,0.548387,-0.45161300000000004,842056e9d3df9e1412862a170d4e82b01a643f9aec341bc55878148f92e27e35,2e537a6c419e63eb926e70e38fabafdce00b832121048217b910ff698e53a6f1,"{""alpha"": ""func"", ""beta"": ""alpha"", ""func"": ""value"", ""result"": ""beta"", ""seed"": ""seed"", ""value"": ""result""}",0.687
python-lambda-default,python,5,RAW_CANONICAL_EQUAL,synthetic,False,IDENTICAL_SELF_PAIR,1.0,0.548387,-0.45161300000000004,842056e9d3df9e1412862a170d4e82b01a643f9aec341bc55878148f92e27e35,2e537a6c419e63eb926e70e38fabafdce00b832121048217b910ff698e53a6f1,"{""alpha"": ""func"", ""beta"": ""alpha"", ""func"": ""value"", ""result"": ""beta"", ""seed"": ""seed"", ""value"": ""result""}",0.687
python-lambda-default,python,5,RAW_MAPPING_EQUAL,synthetic,False,IDENTICAL_SELF_PAIR,1.0,0.548387,-0.45161300000000004,842056e9d3df9e1412862a170d4e82b01a643f9aec341bc55878148f92e27e35,2e537a6c419e63eb926e70e38fabafdce00b832121048217b910ff698e53a6f1,"{""alpha"": ""func"", ""beta"": ""alpha"", ""func"": ""value"", ""result"": ""beta"", ""seed"": ""seed"", ""value"": ""result""}",0.687
python-lambda-default,python,5,AST_CANONICAL_EQUAL,synthetic,False,IDENTICAL_SELF_PAIR,1.0,1.0,0.0,842056e9d3df9e1412862a170d4e82b01a643f9aec341bc55878148f92e27e35,2e537a6c419e63eb926e70e38fabafdce00b832121048217b910ff698e53a6f1,"{""alpha"": ""func"", ""beta"": ""alpha"", ""func"": ""value"", ""result"": ""beta"", ""seed"": ""seed"", ""value"": ""result""}",0.687
python-lambda-default,python,5,AST_MAPPING_EQUAL,synthetic,False,IDENTICAL_SELF_PAIR,1.0,1.0,0.0,842056e9d3df9e1412862a170d4e82b01a643f9aec341bc55878148f92e27e35,2e537a6c419e63eb926e70e38fabafdce00b832121048217b910ff698e53a6f1,"{""alpha"": ""func"", ""beta"": ""alpha"", ""func"": ""value"", ""result"": ""beta"", ""seed"": ""seed"", ""value"": ""result""}",0.687
python-lambda-default,python,5,CANONICAL_MAPPING_EQUAL,synthetic,False,IDENTICAL_SELF_PAIR,1.0,1.0,0.0,842056e9d3df9e1412862a170d4e82b01a643f9aec341bc55878148f92e27e35,2e537a6c419e63eb926e70e38fabafdce00b832121048217b910ff698e53a6f1,"{""alpha"": ""func"", ""beta"": ""alpha"", ""func"": ""value"", ""result"": ""beta"", ""seed"": ""seed"", ""value"": ""result""}",0.687
python-lambda-default,python,5,ALL_EQUAL,synthetic,False,IDENTICAL_SELF_PAIR,1.0,0.7741935,-0.22580650000000002,842056e9d3df9e1412862a170d4e82b01a643f9aec341bc55878148f92e27e35,2e537a6c419e63eb926e70e38fabafdce00b832121048217b910ff698e53a6f1,"{""alpha"": ""func"", ""beta"": ""alpha"", ""func"": ""value"", ""result"": ""beta"", ""seed"": ""seed"", ""value"": ""result""}",0.687
python-lambda-default,python,5,PICAS_FIXED,synthetic,False,IDENTICAL_SELF_PAIR,1.0,0.819355,-0.18064499999999994,842056e9d3df9e1412862a170d4e82b01a643f9aec341bc55878148f92e27e35,2e537a6c419e63eb926e70e38fabafdce00b832121048217b910ff698e53a6f1,"{""alpha"": ""func"", ""beta"": ""alpha"", ""func"": ""value"", ""result"": ""beta"", ""seed"": ""seed"", ""value"": ""result""}",0.687
python-lambda-default,python,5,PICAS_RULE_DYNAMIC,synthetic,False,IDENTICAL_SELF_PAIR,1.0,0.819355,-0.18064499999999994,842056e9d3df9e1412862a170d4e82b01a643f9aec341bc55878148f92e27e35,2e537a6c419e63eb926e70e38fabafdce00b832121048217b910ff698e53a6f1,"{""alpha"": ""func"", ""beta"": ""alpha"", ""func"": ""value"", ""result"": ""beta"", ""seed"": ""seed"", ""value"": ""result""}",0.687
python-lambda-default,python,5,PICAS_DYNAMIC_OFFSET,synthetic,False,IDENTICAL_SELF_PAIR,1.0,0.819355,-0.18064499999999994,842056e9d3df9e1412862a170d4e82b01a643f9aec341bc55878148f92e27e35,2e537a6c419e63eb926e70e38fabafdce00b832121048217b910ff698e53a6f1,"{""alpha"": ""func"", ""beta"": ""alpha"", ""func"": ""value"", ""result"": ""beta"", ""seed"": ""seed"", ""value"": ""result""}",0.687
python-lambda-default,python,6,RAW_ONLY,synthetic,False,IDENTICAL_SELF_PAIR,1.0,0.030303,-0.969697,842056e9d3df9e1412862a170d4e82b01a643f9aec341bc55878148f92e27e35,4490b2c23dc7579a7a38ec441d44cc1c81d126e8644f7881d5921a722a99c686,"{""alpha"": ""seed"", ""beta"": ""value"", ""func"": ""result"", ""result"": ""alpha"", ""seed"": ""func"", ""value"": ""beta""}",0.709
python-lambda-default,python,6,AST_ONLY,synthetic,False,IDENTICAL_SELF_PAIR,1.0,1.0,0.0,842056e9d3df9e1412862a170d4e82b01a643f9aec341bc55878148f92e27e35,4490b2c23dc7579a7a38ec441d44cc1c81d126e8644f7881d5921a722a99c686,"{""alpha"": ""seed"", ""beta"": ""value"", ""func"": ""result"", ""result"": ""alpha"", ""seed"": ""func"", ""value"": ""beta""}",0.709
python-lambda-default,python,6,CANONICAL_ONLY,synthetic,False,IDENTICAL_SELF_PAIR,1.0,1.0,0.0,842056e9d3df9e1412862a170d4e82b01a643f9aec341bc55878148f92e27e35,4490b2c23dc7579a7a38ec441d44cc1c81d126e8644f7881d5921a722a99c686,"{""alpha"": ""seed"", ""beta"": ""value"", ""func"": ""result"", ""result"": ""alpha"", ""seed"": ""func"", ""value"": ""beta""}",0.709
python-lambda-default,python,6,MAPPING_ONLY,synthetic,False,IDENTICAL_SELF_PAIR,1.0,1.0,0.0,842056e9d3df9e1412862a170d4e82b01a643f9aec341bc55878148f92e27e35,4490b2c23dc7579a7a38ec441d44cc1c81d126e8644f7881d5921a722a99c686,"{""alpha"": ""seed"", ""beta"": ""value"", ""func"": ""result"", ""result"": ""alpha"", ""seed"": ""func"", ""value"": ""beta""}",0.709
python-lambda-default,python,6,RAW_AST_EQUAL,synthetic,False,IDENTICAL_SELF_PAIR,1.0,0.5151515,-0.4848485,842056e9d3df9e1412862a170d4e82b01a643f9aec341bc55878148f92e27e35,4490b2c23dc7579a7a38ec441d44cc1c81d126e8644f7881d5921a722a99c686,"{""alpha"": ""seed"", ""beta"": ""value"", ""func"": ""result"", ""result"": ""alpha"", ""seed"": ""func"", ""value"": ""beta""}",0.709
python-lambda-default,python,6,RAW_CANONICAL_EQUAL,synthetic,False,IDENTICAL_SELF_PAIR,1.0,0.5151515,-0.4848485,842056e9d3df9e1412862a170d4e82b01a643f9aec341bc55878148f92e27e35,4490b2c23dc7579a7a38ec441d44cc1c81d126e8644f7881d5921a722a99c686,"{""alpha"": ""seed"", ""beta"": ""value"", ""func"": ""result"", ""result"": ""alpha"", ""seed"": ""func"", ""value"": ""beta""}",0.709
python-lambda-default,python,6,RAW_MAPPING_EQUAL,synthetic,False,IDENTICAL_SELF_PAIR,1.0,0.5151515,-0.4848485,842056e9d3df9e1412862a170d4e82b01a643f9aec341bc55878148f92e27e35,4490b2c23dc7579a7a38ec441d44cc1c81d126e8644f7881d5921a722a99c686,"{""alpha"": ""seed"", ""beta"": ""value"", ""func"": ""result"", ""result"": ""alpha"", ""seed"": ""func"", ""value"": ""beta""}",0.709
python-lambda-default,python,6,AST_CANONICAL_EQUAL,synthetic,False,IDENTICAL_SELF_PAIR,1.0,1.0,0.0,842056e9d3df9e1412862a170d4e82b01a643f9aec341bc55878148f92e27e35,4490b2c23dc7579a7a38ec441d44cc1c81d126e8644f7881d5921a722a99c686,"{""alpha"": ""seed"", ""beta"": ""value"", ""func"": ""result"", ""result"": ""alpha"", ""seed"": ""func"", ""value"": ""beta""}",0.709
python-lambda-default,python,6,AST_MAPPING_EQUAL,synthetic,False,IDENTICAL_SELF_PAIR,1.0,1.0,0.0,842056e9d3df9e1412862a170d4e82b01a643f9aec341bc55878148f92e27e35,4490b2c23dc7579a7a38ec441d44cc1c81d126e8644f7881d5921a722a99c686,"{""alpha"": ""seed"", ""beta"": ""value"", ""func"": ""result"", ""result"": ""alpha"", ""seed"": ""func"", ""value"": ""beta""}",0.709
python-lambda-default,python,6,CANONICAL_MAPPING_EQUAL,synthetic,False,IDENTICAL_SELF_PAIR,1.0,1.0,0.0,842056e9d3df9e1412862a170d4e82b01a643f9aec341bc55878148f92e27e35,4490b2c23dc7579a7a38ec441d44cc1c81d126e8644f7881d5921a722a99c686,"{""alpha"": ""seed"", ""beta"": ""value"", ""func"": ""result"", ""result"": ""alpha"", ""seed"": ""func"", ""value"": ""beta""}",0.709
python-lambda-default,python,6,ALL_EQUAL,synthetic,False,IDENTICAL_SELF_PAIR,1.0,0.75757575,-0.24242425,842056e9d3df9e1412862a170d4e82b01a643f9aec341bc55878148f92e27e35,4490b2c23dc7579a7a38ec441d44cc1c81d126e8644f7881d5921a722a99c686,"{""alpha"": ""seed"", ""beta"": ""value"", ""func"": ""result"", ""result"": ""alpha"", ""seed"": ""func"", ""value"": ""beta""}",0.709
python-lambda-default,python,6,PICAS_FIXED,synthetic,False,IDENTICAL_SELF_PAIR,1.0,0.806061,-0.19393899999999997,842056e9d3df9e1412862a170d4e82b01a643f9aec341bc55878148f92e27e35,4490b2c23dc7579a7a38ec441d44cc1c81d126e8644f7881d5921a722a99c686,"{""alpha"": ""seed"", ""beta"": ""value"", ""func"": ""result"", ""result"": ""alpha"", ""seed"": ""func"", ""value"": ""beta""}",0.709
python-lambda-default,python,6,PICAS_RULE_DYNAMIC,synthetic,False,IDENTICAL_SELF_PAIR,1.0,0.806061,-0.19393899999999997,842056e9d3df9e1412862a170d4e82b01a643f9aec341bc55878148f92e27e35,4490b2c23dc7579a7a38ec441d44cc1c81d126e8644f7881d5921a722a99c686,"{""alpha"": ""seed"", ""beta"": ""value"", ""func"": ""result"", ""result"": ""alpha"", ""seed"": ""func"", ""value"": ""beta""}",0.709
python-lambda-default,python,6,PICAS_DYNAMIC_OFFSET,synthetic,False,IDENTICAL_SELF_PAIR,1.0,0.806061,-0.19393899999999997,842056e9d3df9e1412862a170d4e82b01a643f9aec341bc55878148f92e27e35,4490b2c23dc7579a7a38ec441d44cc1c81d126e8644f7881d5921a722a99c686,"{""alpha"": ""seed"", ""beta"": ""value"", ""func"": ""result"", ""result"": ""alpha"", ""seed"": ""func"", ""value"": ""beta""}",0.709
python-lambda-default,python,7,RAW_ONLY,synthetic,False,IDENTICAL_SELF_PAIR,1.0,0.030303,-0.969697,842056e9d3df9e1412862a170d4e82b01a643f9aec341bc55878148f92e27e35,2ee8045af091c66d9cdbdae668d5f155e6d884c329f1fc927ce16d3dc2821bba,"{""alpha"": ""value"", ""beta"": ""seed"", ""func"": ""result"", ""result"": ""alpha"", ""seed"": ""beta"", ""value"": ""func""}",0.9962
python-lambda-default,python,7,AST_ONLY,synthetic,False,IDENTICAL_SELF_PAIR,1.0,1.0,0.0,842056e9d3df9e1412862a170d4e82b01a643f9aec341bc55878148f92e27e35,2ee8045af091c66d9cdbdae668d5f155e6d884c329f1fc927ce16d3dc2821bba,"{""alpha"": ""value"", ""beta"": ""seed"", ""func"": ""result"", ""result"": ""alpha"", ""seed"": ""beta"", ""value"": ""func""}",0.9962
python-lambda-default,python,7,CANONICAL_ONLY,synthetic,False,IDENTICAL_SELF_PAIR,1.0,1.0,0.0,842056e9d3df9e1412862a170d4e82b01a643f9aec341bc55878148f92e27e35,2ee8045af091c66d9cdbdae668d5f155e6d884c329f1fc927ce16d3dc2821bba,"{""alpha"": ""value"", ""beta"": ""seed"", ""func"": ""result"", ""result"": ""alpha"", ""seed"": ""beta"", ""value"": ""func""}",0.9962
python-lambda-default,python,7,MAPPING_ONLY,synthetic,False,IDENTICAL_SELF_PAIR,1.0,1.0,0.0,842056e9d3df9e1412862a170d4e82b01a643f9aec341bc55878148f92e27e35,2ee8045af091c66d9cdbdae668d5f155e6d884c329f1fc927ce16d3dc2821bba,"{""alpha"": ""value"", ""beta"": ""seed"", ""func"": ""result"", ""result"": ""alpha"", ""seed"": ""beta"", ""value"": ""func""}",0.9962
python-lambda-default,python,7,RAW_AST_EQUAL,synthetic,False,IDENTICAL_SELF_PAIR,1.0,0.5151515,-0.4848485,842056e9d3df9e1412862a170d4e82b01a643f9aec341bc55878148f92e27e35,2ee8045af091c66d9cdbdae668d5f155e6d884c329f1fc927ce16d3dc2821bba,"{""alpha"": ""value"", ""beta"": ""seed"", ""func"": ""result"", ""result"": ""alpha"", ""seed"": ""beta"", ""value"": ""func""}",0.9962
python-lambda-default,python,7,RAW_CANONICAL_EQUAL,synthetic,False,IDENTICAL_SELF_PAIR,1.0,0.5151515,-0.4848485,842056e9d3df9e1412862a170d4e82b01a643f9aec341bc55878148f92e27e35,2ee8045af091c66d9cdbdae668d5f155e6d884c329f1fc927ce16d3dc2821bba,"{""alpha"": ""value"", ""beta"": ""seed"", ""func"": ""result"", ""result"": ""alpha"", ""seed"": ""beta"", ""value"": ""func""}",0.9962
python-lambda-default,python,7,RAW_MAPPING_EQUAL,synthetic,False,IDENTICAL_SELF_PAIR,1.0,0.5151515,-0.4848485,842056e9d3df9e1412862a170d4e82b01a643f9aec341bc55878148f92e27e35,2ee8045af091c66d9cdbdae668d5f155e6d884c329f1fc927ce16d3dc2821bba,"{""alpha"": ""value"", ""beta"": ""seed"", ""func"": ""result"", ""result"": ""alpha"", ""seed"": ""beta"", ""value"": ""func""}",0.9962
python-lambda-default,python,7,AST_CANONICAL_EQUAL,synthetic,False,IDENTICAL_SELF_PAIR,1.0,1.0,0.0,842056e9d3df9e1412862a170d4e82b01a643f9aec341bc55878148f92e27e35,2ee8045af091c66d9cdbdae668d5f155e6d884c329f1fc927ce16d3dc2821bba,"{""alpha"": ""value"", ""beta"": ""seed"", ""func"": ""result"", ""result"": ""alpha"", ""seed"": ""beta"", ""value"": ""func""}",0.9962
python-lambda-default,python,7,AST_MAPPING_EQUAL,synthetic,False,IDENTICAL_SELF_PAIR,1.0,1.0,0.0,842056e9d3df9e1412862a170d4e82b01a643f9aec341bc55878148f92e27e35,2ee8045af091c66d9cdbdae668d5f155e6d884c329f1fc927ce16d3dc2821bba,"{""alpha"": ""value"", ""beta"": ""seed"", ""func"": ""result"", ""result"": ""alpha"", ""seed"": ""beta"", ""value"": ""func""}",0.9962
python-lambda-default,python,7,CANONICAL_MAPPING_EQUAL,synthetic,False,IDENTICAL_SELF_PAIR,1.0,1.0,0.0,842056e9d3df9e1412862a170d4e82b01a643f9aec341bc55878148f92e27e35,2ee8045af091c66d9cdbdae668d5f155e6d884c329f1fc927ce16d3dc2821bba,"{""alpha"": ""value"", ""beta"": ""seed"", ""func"": ""result"", ""result"": ""alpha"", ""seed"": ""beta"", ""value"": ""func""}",0.9962
python-lambda-default,python,7,ALL_EQUAL,synthetic,False,IDENTICAL_SELF_PAIR,1.0,0.75757575,-0.24242425,842056e9d3df9e1412862a170d4e82b01a643f9aec341bc55878148f92e27e35,2ee8045af091c66d9cdbdae668d5f155e6d884c329f1fc927ce16d3dc2821bba,"{""alpha"": ""value"", ""beta"": ""seed"", ""func"": ""result"", ""result"": ""alpha"", ""seed"": ""beta"", ""value"": ""func""}",0.9962
python-lambda-default,python,7,PICAS_FIXED,synthetic,False,IDENTICAL_SELF_PAIR,1.0,0.806061,-0.19393899999999997,842056e9d3df9e1412862a170d4e82b01a643f9aec341bc55878148f92e27e35,2ee8045af091c66d9cdbdae668d5f155e6d884c329f1fc927ce16d3dc2821bba,"{""alpha"": ""value"", ""beta"": ""seed"", ""func"": ""result"", ""result"": ""alpha"", ""seed"": ""beta"", ""value"": ""func""}",0.9962
python-lambda-default,python,7,PICAS_RULE_DYNAMIC,synthetic,False,IDENTICAL_SELF_PAIR,1.0,0.806061,-0.19393899999999997,842056e9d3df9e1412862a170d4e82b01a643f9aec341bc55878148f92e27e35,2ee8045af091c66d9cdbdae668d5f155e6d884c329f1fc927ce16d3dc2821bba,"{""alpha"": ""value"", ""beta"": ""seed"", ""func"": ""result"", ""result"": ""alpha"", ""seed"": ""beta"", ""value"": ""func""}",0.9962
python-lambda-default,python,7,PICAS_DYNAMIC_OFFSET,synthetic,False,IDENTICAL_SELF_PAIR,1.0,0.806061,-0.19393899999999997,842056e9d3df9e1412862a170d4e82b01a643f9aec341bc55878148f92e27e35,2ee8045af091c66d9cdbdae668d5f155e6d884c329f1fc927ce16d3dc2821bba,"{""alpha"": ""value"", ""beta"": ""seed"", ""func"": ""result"", ""result"": ""alpha"", ""seed"": ""beta"", ""value"": ""func""}",0.9962
python-library,python,0,RAW_ONLY,synthetic,False,IDENTICAL_SELF_PAIR,1.0,1.0,0.0,754e5caa1a2a6501f8890307f3d122fe17feea86abc17971d44cb302951ef887,754e5caa1a2a6501f8890307f3d122fe17feea86abc17971d44cb302951ef887,"{""alpha"": ""alpha"", ""beta"": ""beta"", ""gamma"": ""gamma"", ""solve"": ""solve"", ""total"": ""total"", ""values"": ""values""}",0.8689
python-library,python,0,AST_ONLY,synthetic,False,IDENTICAL_SELF_PAIR,1.0,1.0,0.0,754e5caa1a2a6501f8890307f3d122fe17feea86abc17971d44cb302951ef887,754e5caa1a2a6501f8890307f3d122fe17feea86abc17971d44cb302951ef887,"{""alpha"": ""alpha"", ""beta"": ""beta"", ""gamma"": ""gamma"", ""solve"": ""solve"", ""total"": ""total"", ""values"": ""values""}",0.8689
python-library,python,0,CANONICAL_ONLY,synthetic,False,IDENTICAL_SELF_PAIR,1.0,1.0,0.0,754e5caa1a2a6501f8890307f3d122fe17feea86abc17971d44cb302951ef887,754e5caa1a2a6501f8890307f3d122fe17feea86abc17971d44cb302951ef887,"{""alpha"": ""alpha"", ""beta"": ""beta"", ""gamma"": ""gamma"", ""solve"": ""solve"", ""total"": ""total"", ""values"": ""values""}",0.8689
python-library,python,0,MAPPING_ONLY,synthetic,False,IDENTICAL_SELF_PAIR,1.0,1.0,0.0,754e5caa1a2a6501f8890307f3d122fe17feea86abc17971d44cb302951ef887,754e5caa1a2a6501f8890307f3d122fe17feea86abc17971d44cb302951ef887,"{""alpha"": ""alpha"", ""beta"": ""beta"", ""gamma"": ""gamma"", ""solve"": ""solve"", ""total"": ""total"", ""values"": ""values""}",0.8689
python-library,python,0,RAW_AST_EQUAL,synthetic,False,IDENTICAL_SELF_PAIR,1.0,1.0,0.0,754e5caa1a2a6501f8890307f3d122fe17feea86abc17971d44cb302951ef887,754e5caa1a2a6501f8890307f3d122fe17feea86abc17971d44cb302951ef887,"{""alpha"": ""alpha"", ""beta"": ""beta"", ""gamma"": ""gamma"", ""solve"": ""solve"", ""total"": ""total"", ""values"": ""values""}",0.8689
python-library,python,0,RAW_CANONICAL_EQUAL,synthetic,False,IDENTICAL_SELF_PAIR,1.0,1.0,0.0,754e5caa1a2a6501f8890307f3d122fe17feea86abc17971d44cb302951ef887,754e5caa1a2a6501f8890307f3d122fe17feea86abc17971d44cb302951ef887,"{""alpha"": ""alpha"", ""beta"": ""beta"", ""gamma"": ""gamma"", ""solve"": ""solve"", ""total"": ""total"", ""values"": ""values""}",0.8689
python-library,python,0,RAW_MAPPING_EQUAL,synthetic,False,IDENTICAL_SELF_PAIR,1.0,1.0,0.0,754e5caa1a2a6501f8890307f3d122fe17feea86abc17971d44cb302951ef887,754e5caa1a2a6501f8890307f3d122fe17feea86abc17971d44cb302951ef887,"{""alpha"": ""alpha"", ""beta"": ""beta"", ""gamma"": ""gamma"", ""solve"": ""solve"", ""total"": ""total"", ""values"": ""values""}",0.8689
python-library,python,0,AST_CANONICAL_EQUAL,synthetic,False,IDENTICAL_SELF_PAIR,1.0,1.0,0.0,754e5caa1a2a6501f8890307f3d122fe17feea86abc17971d44cb302951ef887,754e5caa1a2a6501f8890307f3d122fe17feea86abc17971d44cb302951ef887,"{""alpha"": ""alpha"", ""beta"": ""beta"", ""gamma"": ""gamma"", ""solve"": ""solve"", ""total"": ""total"", ""values"": ""values""}",0.8689
python-library,python,0,AST_MAPPING_EQUAL,synthetic,False,IDENTICAL_SELF_PAIR,1.0,1.0,0.0,754e5caa1a2a6501f8890307f3d122fe17feea86abc17971d44cb302951ef887,754e5caa1a2a6501f8890307f3d122fe17feea86abc17971d44cb302951ef887,"{""alpha"": ""alpha"", ""beta"": ""beta"", ""gamma"": ""gamma"", ""solve"": ""solve"", ""total"": ""total"", ""values"": ""values""}",0.8689
python-library,python,0,CANONICAL_MAPPING_EQUAL,synthetic,False,IDENTICAL_SELF_PAIR,1.0,1.0,0.0,754e5caa1a2a6501f8890307f3d122fe17feea86abc17971d44cb302951ef887,754e5caa1a2a6501f8890307f3d122fe17feea86abc17971d44cb302951ef887,"{""alpha"": ""alpha"", ""beta"": ""beta"", ""gamma"": ""gamma"", ""solve"": ""solve"", ""total"": ""total"", ""values"": ""values""}",0.8689
python-library,python,0,ALL_EQUAL,synthetic,False,IDENTICAL_SELF_PAIR,1.0,1.0,0.0,754e5caa1a2a6501f8890307f3d122fe17feea86abc17971d44cb302951ef887,754e5caa1a2a6501f8890307f3d122fe17feea86abc17971d44cb302951ef887,"{""alpha"": ""alpha"", ""beta"": ""beta"", ""gamma"": ""gamma"", ""solve"": ""solve"", ""total"": ""total"", ""values"": ""values""}",0.8689
python-library,python,0,PICAS_FIXED,synthetic,False,IDENTICAL_SELF_PAIR,1.0,1.0,0.0,754e5caa1a2a6501f8890307f3d122fe17feea86abc17971d44cb302951ef887,754e5caa1a2a6501f8890307f3d122fe17feea86abc17971d44cb302951ef887,"{""alpha"": ""alpha"", ""beta"": ""beta"", ""gamma"": ""gamma"", ""solve"": ""solve"", ""total"": ""total"", ""values"": ""values""}",0.8689
python-library,python,0,PICAS_RULE_DYNAMIC,synthetic,False,IDENTICAL_SELF_PAIR,1.0,1.0,0.0,754e5caa1a2a6501f8890307f3d122fe17feea86abc17971d44cb302951ef887,754e5caa1a2a6501f8890307f3d122fe17feea86abc17971d44cb302951ef887,"{""alpha"": ""alpha"", ""beta"": ""beta"", ""gamma"": ""gamma"", ""solve"": ""solve"", ""total"": ""total"", ""values"": ""values""}",0.8689
python-library,python,0,PICAS_DYNAMIC_OFFSET,synthetic,False,IDENTICAL_SELF_PAIR,1.0,1.0,0.0,754e5caa1a2a6501f8890307f3d122fe17feea86abc17971d44cb302951ef887,754e5caa1a2a6501f8890307f3d122fe17feea86abc17971d44cb302951ef887,"{""alpha"": ""alpha"", ""beta"": ""beta"", ""gamma"": ""gamma"", ""solve"": ""solve"", ""total"": ""total"", ""values"": ""values""}",0.8689
python-library,python,1,RAW_ONLY,synthetic,False,IDENTICAL_SELF_PAIR,1.0,0.179487,-0.820513,754e5caa1a2a6501f8890307f3d122fe17feea86abc17971d44cb302951ef887,45b94218eae94878fd5b32eac4b88bdb4d076bc07aa1df8a3773cfafdf939d66,"{""alpha"": ""solve"", ""beta"": ""values"", ""gamma"": ""total"", ""solve"": ""alpha"", ""total"": ""gamma"", ""values"": ""beta""}",0.8103
python-library,python,1,AST_ONLY,synthetic,False,IDENTICAL_SELF_PAIR,1.0,1.0,0.0,754e5caa1a2a6501f8890307f3d122fe17feea86abc17971d44cb302951ef887,45b94218eae94878fd5b32eac4b88bdb4d076bc07aa1df8a3773cfafdf939d66,"{""alpha"": ""solve"", ""beta"": ""values"", ""gamma"": ""total"", ""solve"": ""alpha"", ""total"": ""gamma"", ""values"": ""beta""}",0.8103
python-library,python,1,CANONICAL_ONLY,synthetic,False,IDENTICAL_SELF_PAIR,1.0,1.0,0.0,754e5caa1a2a6501f8890307f3d122fe17feea86abc17971d44cb302951ef887,45b94218eae94878fd5b32eac4b88bdb4d076bc07aa1df8a3773cfafdf939d66,"{""alpha"": ""solve"", ""beta"": ""values"", ""gamma"": ""total"", ""solve"": ""alpha"", ""total"": ""gamma"", ""values"": ""beta""}",0.8103
python-library,python,1,MAPPING_ONLY,synthetic,False,IDENTICAL_SELF_PAIR,1.0,1.0,0.0,754e5caa1a2a6501f8890307f3d122fe17feea86abc17971d44cb302951ef887,45b94218eae94878fd5b32eac4b88bdb4d076bc07aa1df8a3773cfafdf939d66,"{""alpha"": ""solve"", ""beta"": ""values"", ""gamma"": ""total"", ""solve"": ""alpha"", ""total"": ""gamma"", ""values"": ""beta""}",0.8103
python-library,python,1,RAW_AST_EQUAL,synthetic,False,IDENTICAL_SELF_PAIR,1.0,0.5897435,-0.4102565,754e5caa1a2a6501f8890307f3d122fe17feea86abc17971d44cb302951ef887,45b94218eae94878fd5b32eac4b88bdb4d076bc07aa1df8a3773cfafdf939d66,"{""alpha"": ""solve"", ""beta"": ""values"", ""gamma"": ""total"", ""solve"": ""alpha"", ""total"": ""gamma"", ""values"": ""beta""}",0.8103
python-library,python,1,RAW_CANONICAL_EQUAL,synthetic,False,IDENTICAL_SELF_PAIR,1.0,0.5897435,-0.4102565,754e5caa1a2a6501f8890307f3d122fe17feea86abc17971d44cb302951ef887,45b94218eae94878fd5b32eac4b88bdb4d076bc07aa1df8a3773cfafdf939d66,"{""alpha"": ""solve"", ""beta"": ""values"", ""gamma"": ""total"", ""solve"": ""alpha"", ""total"": ""gamma"", ""values"": ""beta""}",0.8103
python-library,python,1,RAW_MAPPING_EQUAL,synthetic,False,IDENTICAL_SELF_PAIR,1.0,0.5897435,-0.4102565,754e5caa1a2a6501f8890307f3d122fe17feea86abc17971d44cb302951ef887,45b94218eae94878fd5b32eac4b88bdb4d076bc07aa1df8a3773cfafdf939d66,"{""alpha"": ""solve"", ""beta"": ""values"", ""gamma"": ""total"", ""solve"": ""alpha"", ""total"": ""gamma"", ""values"": ""beta""}",0.8103
python-library,python,1,AST_CANONICAL_EQUAL,synthetic,False,IDENTICAL_SELF_PAIR,1.0,1.0,0.0,754e5caa1a2a6501f8890307f3d122fe17feea86abc17971d44cb302951ef887,45b94218eae94878fd5b32eac4b88bdb4d076bc07aa1df8a3773cfafdf939d66,"{""alpha"": ""solve"", ""beta"": ""values"", ""gamma"": ""total"", ""solve"": ""alpha"", ""total"": ""gamma"", ""values"": ""beta""}",0.8103
python-library,python,1,AST_MAPPING_EQUAL,synthetic,False,IDENTICAL_SELF_PAIR,1.0,1.0,0.0,754e5caa1a2a6501f8890307f3d122fe17feea86abc17971d44cb302951ef887,45b94218eae94878fd5b32eac4b88bdb4d076bc07aa1df8a3773cfafdf939d66,"{""alpha"": ""solve"", ""beta"": ""values"", ""gamma"": ""total"", ""solve"": ""alpha"", ""total"": ""gamma"", ""values"": ""beta""}",0.8103
python-library,python,1,CANONICAL_MAPPING_EQUAL,synthetic,False,IDENTICAL_SELF_PAIR,1.0,1.0,0.0,754e5caa1a2a6501f8890307f3d122fe17feea86abc17971d44cb302951ef887,45b94218eae94878fd5b32eac4b88bdb4d076bc07aa1df8a3773cfafdf939d66,"{""alpha"": ""solve"", ""beta"": ""values"", ""gamma"": ""total"", ""solve"": ""alpha"", ""total"": ""gamma"", ""values"": ""beta""}",0.8103
python-library,python,1,ALL_EQUAL,synthetic,False,IDENTICAL_SELF_PAIR,1.0,0.79487175,-0.20512825,754e5caa1a2a6501f8890307f3d122fe17feea86abc17971d44cb302951ef887,45b94218eae94878fd5b32eac4b88bdb4d076bc07aa1df8a3773cfafdf939d66,"{""alpha"": ""solve"", ""beta"": ""values"", ""gamma"": ""total"", ""solve"": ""alpha"", ""total"": ""gamma"", ""values"": ""beta""}",0.8103
python-library,python,1,PICAS_FIXED,synthetic,False,IDENTICAL_SELF_PAIR,1.0,0.835897,-0.164103,754e5caa1a2a6501f8890307f3d122fe17feea86abc17971d44cb302951ef887,45b94218eae94878fd5b32eac4b88bdb4d076bc07aa1df8a3773cfafdf939d66,"{""alpha"": ""solve"", ""beta"": ""values"", ""gamma"": ""total"", ""solve"": ""alpha"", ""total"": ""gamma"", ""values"": ""beta""}",0.8103
python-library,python,1,PICAS_RULE_DYNAMIC,synthetic,False,IDENTICAL_SELF_PAIR,1.0,0.835897,-0.164103,754e5caa1a2a6501f8890307f3d122fe17feea86abc17971d44cb302951ef887,45b94218eae94878fd5b32eac4b88bdb4d076bc07aa1df8a3773cfafdf939d66,"{""alpha"": ""solve"", ""beta"": ""values"", ""gamma"": ""total"", ""solve"": ""alpha"", ""total"": ""gamma"", ""values"": ""beta""}",0.8103
python-library,python,1,PICAS_DYNAMIC_OFFSET,synthetic,False,IDENTICAL_SELF_PAIR,1.0,0.835897,-0.164103,754e5caa1a2a6501f8890307f3d122fe17feea86abc17971d44cb302951ef887,45b94218eae94878fd5b32eac4b88bdb4d076bc07aa1df8a3773cfafdf939d66,"{""alpha"": ""solve"", ""beta"": ""values"", ""gamma"": ""total"", ""solve"": ""alpha"", ""total"": ""gamma"", ""values"": ""beta""}",0.8103
python-library,python,2,RAW_ONLY,synthetic,False,IDENTICAL_SELF_PAIR,1.0,0.277778,-0.7222219999999999,754e5caa1a2a6501f8890307f3d122fe17feea86abc17971d44cb302951ef887,6df4a55692905e50e0862777eb2f41d86a96cffc9900ffe4df09c946cb1cf62c,"{""alpha"": ""gamma"", ""beta"": ""alpha"", ""gamma"": ""total"", ""solve"": ""solve"", ""total"": ""values"", ""values"": ""beta""}",0.8712
python-library,python,2,AST_ONLY,synthetic,False,IDENTICAL_SELF_PAIR,1.0,1.0,0.0,754e5caa1a2a6501f8890307f3d122fe17feea86abc17971d44cb302951ef887,6df4a55692905e50e0862777eb2f41d86a96cffc9900ffe4df09c946cb1cf62c,"{""alpha"": ""gamma"", ""beta"": ""alpha"", ""gamma"": ""total"", ""solve"": ""solve"", ""total"": ""values"", ""values"": ""beta""}",0.8712
python-library,python,2,CANONICAL_ONLY,synthetic,False,IDENTICAL_SELF_PAIR,1.0,1.0,0.0,754e5caa1a2a6501f8890307f3d122fe17feea86abc17971d44cb302951ef887,6df4a55692905e50e0862777eb2f41d86a96cffc9900ffe4df09c946cb1cf62c,"{""alpha"": ""gamma"", ""beta"": ""alpha"", ""gamma"": ""total"", ""solve"": ""solve"", ""total"": ""values"", ""values"": ""beta""}",0.8712
python-library,python,2,MAPPING_ONLY,synthetic,False,IDENTICAL_SELF_PAIR,1.0,1.0,0.0,754e5caa1a2a6501f8890307f3d122fe17feea86abc17971d44cb302951ef887,6df4a55692905e50e0862777eb2f41d86a96cffc9900ffe4df09c946cb1cf62c,"{""alpha"": ""gamma"", ""beta"": ""alpha"", ""gamma"": ""total"", ""solve"": ""solve"", ""total"": ""values"", ""values"": ""beta""}",0.8712
python-library,python,2,RAW_AST_EQUAL,synthetic,False,IDENTICAL_SELF_PAIR,1.0,0.638889,-0.36111099999999996,754e5caa1a2a6501f8890307f3d122fe17feea86abc17971d44cb302951ef887,6df4a55692905e50e0862777eb2f41d86a96cffc9900ffe4df09c946cb1cf62c,"{""alpha"": ""gamma"", ""beta"": ""alpha"", ""gamma"": ""total"", ""solve"": ""solve"", ""total"": ""values"", ""values"": ""beta""}",0.8712
python-library,python,2,RAW_CANONICAL_EQUAL,synthetic,False,IDENTICAL_SELF_PAIR,1.0,0.638889,-0.36111099999999996,754e5caa1a2a6501f8890307f3d122fe17feea86abc17971d44cb302951ef887,6df4a55692905e50e0862777eb2f41d86a96cffc9900ffe4df09c946cb1cf62c,"{""alpha"": ""gamma"", ""beta"": ""alpha"", ""gamma"": ""total"", ""solve"": ""solve"", ""total"": ""values"", ""values"": ""beta""}",0.8712
python-library,python,2,RAW_MAPPING_EQUAL,synthetic,False,IDENTICAL_SELF_PAIR,1.0,0.638889,-0.36111099999999996,754e5caa1a2a6501f8890307f3d122fe17feea86abc17971d44cb302951ef887,6df4a55692905e50e0862777eb2f41d86a96cffc9900ffe4df09c946cb1cf62c,"{""alpha"": ""gamma"", ""beta"": ""alpha"", ""gamma"": ""total"", ""solve"": ""solve"", ""total"": ""values"", ""values"": ""beta""}",0.8712
python-library,python,2,AST_CANONICAL_EQUAL,synthetic,False,IDENTICAL_SELF_PAIR,1.0,1.0,0.0,754e5caa1a2a6501f8890307f3d122fe17feea86abc17971d44cb302951ef887,6df4a55692905e50e0862777eb2f41d86a96cffc9900ffe4df09c946cb1cf62c,"{""alpha"": ""gamma"", ""beta"": ""alpha"", ""gamma"": ""total"", ""solve"": ""solve"", ""total"": ""values"", ""values"": ""beta""}",0.8712
python-library,python,2,AST_MAPPING_EQUAL,synthetic,False,IDENTICAL_SELF_PAIR,1.0,1.0,0.0,754e5caa1a2a6501f8890307f3d122fe17feea86abc17971d44cb302951ef887,6df4a55692905e50e0862777eb2f41d86a96cffc9900ffe4df09c946cb1cf62c,"{""alpha"": ""gamma"", ""beta"": ""alpha"", ""gamma"": ""total"", ""solve"": ""solve"", ""total"": ""values"", ""values"": ""beta""}",0.8712
python-library,python,2,CANONICAL_MAPPING_EQUAL,synthetic,False,IDENTICAL_SELF_PAIR,1.0,1.0,0.0,754e5caa1a2a6501f8890307f3d122fe17feea86abc17971d44cb302951ef887,6df4a55692905e50e0862777eb2f41d86a96cffc9900ffe4df09c946cb1cf62c,"{""alpha"": ""gamma"", ""beta"": ""alpha"", ""gamma"": ""total"", ""solve"": ""solve"", ""total"": ""values"", ""values"": ""beta""}",0.8712
python-library,python,2,ALL_EQUAL,synthetic,False,IDENTICAL_SELF_PAIR,1.0,0.8194445,-0.18055549999999998,754e5caa1a2a6501f8890307f3d122fe17feea86abc17971d44cb302951ef887,6df4a55692905e50e0862777eb2f41d86a96cffc9900ffe4df09c946cb1cf62c,"{""alpha"": ""gamma"", ""beta"": ""alpha"", ""gamma"": ""total"", ""solve"": ""solve"", ""total"": ""values"", ""values"": ""beta""}",0.8712
python-library,python,2,PICAS_FIXED,synthetic,False,IDENTICAL_SELF_PAIR,1.0,0.855556,-0.14444400000000002,754e5caa1a2a6501f8890307f3d122fe17feea86abc17971d44cb302951ef887,6df4a55692905e50e0862777eb2f41d86a96cffc9900ffe4df09c946cb1cf62c,"{""alpha"": ""gamma"", ""beta"": ""alpha"", ""gamma"": ""total"", ""solve"": ""solve"", ""total"": ""values"", ""values"": ""beta""}",0.8712
python-library,python,2,PICAS_RULE_DYNAMIC,synthetic,False,IDENTICAL_SELF_PAIR,1.0,0.855556,-0.14444400000000002,754e5caa1a2a6501f8890307f3d122fe17feea86abc17971d44cb302951ef887,6df4a55692905e50e0862777eb2f41d86a96cffc9900ffe4df09c946cb1cf62c,"{""alpha"": ""gamma"", ""beta"": ""alpha"", ""gamma"": ""total"", ""solve"": ""solve"", ""total"": ""values"", ""values"": ""beta""}",0.8712
python-library,python,2,PICAS_DYNAMIC_OFFSET,synthetic,False,IDENTICAL_SELF_PAIR,1.0,0.855556,-0.14444400000000002,754e5caa1a2a6501f8890307f3d122fe17feea86abc17971d44cb302951ef887,6df4a55692905e50e0862777eb2f41d86a96cffc9900ffe4df09c946cb1cf62c,"{""alpha"": ""gamma"", ""beta"": ""alpha"", ""gamma"": ""total"", ""solve"": ""solve"", ""total"": ""values"", ""values"": ""beta""}",0.8712
python-library,python,3,RAW_ONLY,synthetic,False,IDENTICAL_SELF_PAIR,1.0,0.277778,-0.7222219999999999,754e5caa1a2a6501f8890307f3d122fe17feea86abc17971d44cb302951ef887,157183b23c86380fafd6fce2472931f997970b15dbfc310037624ea4486e5bbd,"{""alpha"": ""beta"", ""beta"": ""values"", ""gamma"": ""gamma"", ""solve"": ""solve"", ""total"": ""alpha"", ""values"": ""total""}",0.8249
python-library,python,3,AST_ONLY,synthetic,False,IDENTICAL_SELF_PAIR,1.0,1.0,0.0,754e5caa1a2a6501f8890307f3d122fe17feea86abc17971d44cb302951ef887,157183b23c86380fafd6fce2472931f997970b15dbfc310037624ea4486e5bbd,"{""alpha"": ""beta"", ""beta"": ""values"", ""gamma"": ""gamma"", ""solve"": ""solve"", ""total"": ""alpha"", ""values"": ""total""}",0.8249
python-library,python,3,CANONICAL_ONLY,synthetic,False,IDENTICAL_SELF_PAIR,1.0,1.0,0.0,754e5caa1a2a6501f8890307f3d122fe17feea86abc17971d44cb302951ef887,157183b23c86380fafd6fce2472931f997970b15dbfc310037624ea4486e5bbd,"{""alpha"": ""beta"", ""beta"": ""values"", ""gamma"": ""gamma"", ""solve"": ""solve"", ""total"": ""alpha"", ""values"": ""total""}",0.8249
python-library,python,3,MAPPING_ONLY,synthetic,False,IDENTICAL_SELF_PAIR,1.0,1.0,0.0,754e5caa1a2a6501f8890307f3d122fe17feea86abc17971d44cb302951ef887,157183b23c86380fafd6fce2472931f997970b15dbfc310037624ea4486e5bbd,"{""alpha"": ""beta"", ""beta"": ""values"", ""gamma"": ""gamma"", ""solve"": ""solve"", ""total"": ""alpha"", ""values"": ""total""}",0.8249
python-library,python,3,RAW_AST_EQUAL,synthetic,False,IDENTICAL_SELF_PAIR,1.0,0.638889,-0.36111099999999996,754e5caa1a2a6501f8890307f3d122fe17feea86abc17971d44cb302951ef887,157183b23c86380fafd6fce2472931f997970b15dbfc310037624ea4486e5bbd,"{""alpha"": ""beta"", ""beta"": ""values"", ""gamma"": ""gamma"", ""solve"": ""solve"", ""total"": ""alpha"", ""values"": ""total""}",0.8249
python-library,python,3,RAW_CANONICAL_EQUAL,synthetic,False,IDENTICAL_SELF_PAIR,1.0,0.638889,-0.36111099999999996,754e5caa1a2a6501f8890307f3d122fe17feea86abc17971d44cb302951ef887,157183b23c86380fafd6fce2472931f997970b15dbfc310037624ea4486e5bbd,"{""alpha"": ""beta"", ""beta"": ""values"", ""gamma"": ""gamma"", ""solve"": ""solve"", ""total"": ""alpha"", ""values"": ""total""}",0.8249
python-library,python,3,RAW_MAPPING_EQUAL,synthetic,False,IDENTICAL_SELF_PAIR,1.0,0.638889,-0.36111099999999996,754e5caa1a2a6501f8890307f3d122fe17feea86abc17971d44cb302951ef887,157183b23c86380fafd6fce2472931f997970b15dbfc310037624ea4486e5bbd,"{""alpha"": ""beta"", ""beta"": ""values"", ""gamma"": ""gamma"", ""solve"": ""solve"", ""total"": ""alpha"", ""values"": ""total""}",0.8249
python-library,python,3,AST_CANONICAL_EQUAL,synthetic,False,IDENTICAL_SELF_PAIR,1.0,1.0,0.0,754e5caa1a2a6501f8890307f3d122fe17feea86abc17971d44cb302951ef887,157183b23c86380fafd6fce2472931f997970b15dbfc310037624ea4486e5bbd,"{""alpha"": ""beta"", ""beta"": ""values"", ""gamma"": ""gamma"", ""solve"": ""solve"", ""total"": ""alpha"", ""values"": ""total""}",0.8249
python-library,python,3,AST_MAPPING_EQUAL,synthetic,False,IDENTICAL_SELF_PAIR,1.0,1.0,0.0,754e5caa1a2a6501f8890307f3d122fe17feea86abc17971d44cb302951ef887,157183b23c86380fafd6fce2472931f997970b15dbfc310037624ea4486e5bbd,"{""alpha"": ""beta"", ""beta"": ""values"", ""gamma"": ""gamma"", ""solve"": ""solve"", ""total"": ""alpha"", ""values"": ""total""}",0.8249
python-library,python,3,CANONICAL_MAPPING_EQUAL,synthetic,False,IDENTICAL_SELF_PAIR,1.0,1.0,0.0,754e5caa1a2a6501f8890307f3d122fe17feea86abc17971d44cb302951ef887,157183b23c86380fafd6fce2472931f997970b15dbfc310037624ea4486e5bbd,"{""alpha"": ""beta"", ""beta"": ""values"", ""gamma"": ""gamma"", ""solve"": ""solve"", ""total"": ""alpha"", ""values"": ""total""}",0.8249
python-library,python,3,ALL_EQUAL,synthetic,False,IDENTICAL_SELF_PAIR,1.0,0.8194445,-0.18055549999999998,754e5caa1a2a6501f8890307f3d122fe17feea86abc17971d44cb302951ef887,157183b23c86380fafd6fce2472931f997970b15dbfc310037624ea4486e5bbd,"{""alpha"": ""beta"", ""beta"": ""values"", ""gamma"": ""gamma"", ""solve"": ""solve"", ""total"": ""alpha"", ""values"": ""total""}",0.8249
python-library,python,3,PICAS_FIXED,synthetic,False,IDENTICAL_SELF_PAIR,1.0,0.855556,-0.14444400000000002,754e5caa1a2a6501f8890307f3d122fe17feea86abc17971d44cb302951ef887,157183b23c86380fafd6fce2472931f997970b15dbfc310037624ea4486e5bbd,"{""alpha"": ""beta"", ""beta"": ""values"", ""gamma"": ""gamma"", ""solve"": ""solve"", ""total"": ""alpha"", ""values"": ""total""}",0.8249
python-library,python,3,PICAS_RULE_DYNAMIC,synthetic,False,IDENTICAL_SELF_PAIR,1.0,0.855556,-0.14444400000000002,754e5caa1a2a6501f8890307f3d122fe17feea86abc17971d44cb302951ef887,157183b23c86380fafd6fce2472931f997970b15dbfc310037624ea4486e5bbd,"{""alpha"": ""beta"", ""beta"": ""values"", ""gamma"": ""gamma"", ""solve"": ""solve"", ""total"": ""alpha"", ""values"": ""total""}",0.8249
python-library,python,3,PICAS_DYNAMIC_OFFSET,synthetic,False,IDENTICAL_SELF_PAIR,1.0,0.855556,-0.14444400000000002,754e5caa1a2a6501f8890307f3d122fe17feea86abc17971d44cb302951ef887,157183b23c86380fafd6fce2472931f997970b15dbfc310037624ea4486e5bbd,"{""alpha"": ""beta"", ""beta"": ""values"", ""gamma"": ""gamma"", ""solve"": ""solve"", ""total"": ""alpha"", ""values"": ""total""}",0.8249
python-library,python,4,RAW_ONLY,synthetic,False,IDENTICAL_SELF_PAIR,1.0,0.210526,-0.789474,754e5caa1a2a6501f8890307f3d122fe17feea86abc17971d44cb302951ef887,a3248f03b0d3e3dce53a852837ba72754712792edcf723960cbcbfb69d0bfab8,"{""alpha"": ""total"", ""beta"": ""beta"", ""gamma"": ""solve"", ""solve"": ""gamma"", ""total"": ""values"", ""values"": ""alpha""}",0.8692
python-library,python,4,AST_ONLY,synthetic,False,IDENTICAL_SELF_PAIR,1.0,1.0,0.0,754e5caa1a2a6501f8890307f3d122fe17feea86abc17971d44cb302951ef887,a3248f03b0d3e3dce53a852837ba72754712792edcf723960cbcbfb69d0bfab8,"{""alpha"": ""total"", ""beta"": ""beta"", ""gamma"": ""solve"", ""solve"": ""gamma"", ""total"": ""values"", ""values"": ""alpha""}",0.8692
python-library,python,4,CANONICAL_ONLY,synthetic,False,IDENTICAL_SELF_PAIR,1.0,1.0,0.0,754e5caa1a2a6501f8890307f3d122fe17feea86abc17971d44cb302951ef887,a3248f03b0d3e3dce53a852837ba72754712792edcf723960cbcbfb69d0bfab8,"{""alpha"": ""total"", ""beta"": ""beta"", ""gamma"": ""solve"", ""solve"": ""gamma"", ""total"": ""values"", ""values"": ""alpha""}",0.8692
python-library,python,4,MAPPING_ONLY,synthetic,False,IDENTICAL_SELF_PAIR,1.0,1.0,0.0,754e5caa1a2a6501f8890307f3d122fe17feea86abc17971d44cb302951ef887,a3248f03b0d3e3dce53a852837ba72754712792edcf723960cbcbfb69d0bfab8,"{""alpha"": ""total"", ""beta"": ""beta"", ""gamma"": ""solve"", ""solve"": ""gamma"", ""total"": ""values"", ""values"": ""alpha""}",0.8692
python-library,python,4,RAW_AST_EQUAL,synthetic,False,IDENTICAL_SELF_PAIR,1.0,0.605263,-0.394737,754e5caa1a2a6501f8890307f3d122fe17feea86abc17971d44cb302951ef887,a3248f03b0d3e3dce53a852837ba72754712792edcf723960cbcbfb69d0bfab8,"{""alpha"": ""total"", ""beta"": ""beta"", ""gamma"": ""solve"", ""solve"": ""gamma"", ""total"": ""values"", ""values"": ""alpha""}",0.8692
python-library,python,4,RAW_CANONICAL_EQUAL,synthetic,False,IDENTICAL_SELF_PAIR,1.0,0.605263,-0.394737,754e5caa1a2a6501f8890307f3d122fe17feea86abc17971d44cb302951ef887,a3248f03b0d3e3dce53a852837ba72754712792edcf723960cbcbfb69d0bfab8,"{""alpha"": ""total"", ""beta"": ""beta"", ""gamma"": ""solve"", ""solve"": ""gamma"", ""total"": ""values"", ""values"": ""alpha""}",0.8692
python-library,python,4,RAW_MAPPING_EQUAL,synthetic,False,IDENTICAL_SELF_PAIR,1.0,0.605263,-0.394737,754e5caa1a2a6501f8890307f3d122fe17feea86abc17971d44cb302951ef887,a3248f03b0d3e3dce53a852837ba72754712792edcf723960cbcbfb69d0bfab8,"{""alpha"": ""total"", ""beta"": ""beta"", ""gamma"": ""solve"", ""solve"": ""gamma"", ""total"": ""values"", ""values"": ""alpha""}",0.8692
python-library,python,4,AST_CANONICAL_EQUAL,synthetic,False,IDENTICAL_SELF_PAIR,1.0,1.0,0.0,754e5caa1a2a6501f8890307f3d122fe17feea86abc17971d44cb302951ef887,a3248f03b0d3e3dce53a852837ba72754712792edcf723960cbcbfb69d0bfab8,"{""alpha"": ""total"", ""beta"": ""beta"", ""gamma"": ""solve"", ""solve"": ""gamma"", ""total"": ""values"", ""values"": ""alpha""}",0.8692
python-library,python,4,AST_MAPPING_EQUAL,synthetic,False,IDENTICAL_SELF_PAIR,1.0,1.0,0.0,754e5caa1a2a6501f8890307f3d122fe17feea86abc17971d44cb302951ef887,a3248f03b0d3e3dce53a852837ba72754712792edcf723960cbcbfb69d0bfab8,"{""alpha"": ""total"", ""beta"": ""beta"", ""gamma"": ""solve"", ""solve"": ""gamma"", ""total"": ""values"", ""values"": ""alpha""}",0.8692
python-library,python,4,CANONICAL_MAPPING_EQUAL,synthetic,False,IDENTICAL_SELF_PAIR,1.0,1.0,0.0,754e5caa1a2a6501f8890307f3d122fe17feea86abc17971d44cb302951ef887,a3248f03b0d3e3dce53a852837ba72754712792edcf723960cbcbfb69d0bfab8,"{""alpha"": ""total"", ""beta"": ""beta"", ""gamma"": ""solve"", ""solve"": ""gamma"", ""total"": ""values"", ""values"": ""alpha""}",0.8692
python-library,python,4,ALL_EQUAL,synthetic,False,IDENTICAL_SELF_PAIR,1.0,0.8026314999999999,-0.19736850000000006,754e5caa1a2a6501f8890307f3d122fe17feea86abc17971d44cb302951ef887,a3248f03b0d3e3dce53a852837ba72754712792edcf723960cbcbfb69d0bfab8,"{""alpha"": ""total"", ""beta"": ""beta"", ""gamma"": ""solve"", ""solve"": ""gamma"", ""total"": ""values"", ""values"": ""alpha""}",0.8692
python-library,python,4,PICAS_FIXED,synthetic,False,IDENTICAL_SELF_PAIR,1.0,0.842105,-0.157895,754e5caa1a2a6501f8890307f3d122fe17feea86abc17971d44cb302951ef887,a3248f03b0d3e3dce53a852837ba72754712792edcf723960cbcbfb69d0bfab8,"{""alpha"": ""total"", ""beta"": ""beta"", ""gamma"": ""solve"", ""solve"": ""gamma"", ""total"": ""values"", ""values"": ""alpha""}",0.8692
python-library,python,4,PICAS_RULE_DYNAMIC,synthetic,False,IDENTICAL_SELF_PAIR,1.0,0.842105,-0.157895,754e5caa1a2a6501f8890307f3d122fe17feea86abc17971d44cb302951ef887,a3248f03b0d3e3dce53a852837ba72754712792edcf723960cbcbfb69d0bfab8,"{""alpha"": ""total"", ""beta"": ""beta"", ""gamma"": ""solve"", ""solve"": ""gamma"", ""total"": ""values"", ""values"": ""alpha""}",0.8692
python-library,python,4,PICAS_DYNAMIC_OFFSET,synthetic,False,IDENTICAL_SELF_PAIR,1.0,0.842105,-0.157895,754e5caa1a2a6501f8890307f3d122fe17feea86abc17971d44cb302951ef887,a3248f03b0d3e3dce53a852837ba72754712792edcf723960cbcbfb69d0bfab8,"{""alpha"": ""total"", ""beta"": ""beta"", ""gamma"": ""solve"", ""solve"": ""gamma"", ""total"": ""values"", ""values"": ""alpha""}",0.8692
python-library,python,5,RAW_ONLY,synthetic,False,IDENTICAL_SELF_PAIR,1.0,0.277778,-0.7222219999999999,754e5caa1a2a6501f8890307f3d122fe17feea86abc17971d44cb302951ef887,157183b23c86380fafd6fce2472931f997970b15dbfc310037624ea4486e5bbd,"{""alpha"": ""gamma"", ""beta"": ""values"", ""gamma"": ""beta"", ""solve"": ""solve"", ""total"": ""alpha"", ""values"": ""total""}",0.9221
python-library,python,5,AST_ONLY,synthetic,False,IDENTICAL_SELF_PAIR,1.0,1.0,0.0,754e5caa1a2a6501f8890307f3d122fe17feea86abc17971d44cb302951ef887,157183b23c86380fafd6fce2472931f997970b15dbfc310037624ea4486e5bbd,"{""alpha"": ""gamma"", ""beta"": ""values"", ""gamma"": ""beta"", ""solve"": ""solve"", ""total"": ""alpha"", ""values"": ""total""}",0.9221
python-library,python,5,CANONICAL_ONLY,synthetic,False,IDENTICAL_SELF_PAIR,1.0,1.0,0.0,754e5caa1a2a6501f8890307f3d122fe17feea86abc17971d44cb302951ef887,157183b23c86380fafd6fce2472931f997970b15dbfc310037624ea4486e5bbd,"{""alpha"": ""gamma"", ""beta"": ""values"", ""gamma"": ""beta"", ""solve"": ""solve"", ""total"": ""alpha"", ""values"": ""total""}",0.9221
python-library,python,5,MAPPING_ONLY,synthetic,False,IDENTICAL_SELF_PAIR,1.0,1.0,0.0,754e5caa1a2a6501f8890307f3d122fe17feea86abc17971d44cb302951ef887,157183b23c86380fafd6fce2472931f997970b15dbfc310037624ea4486e5bbd,"{""alpha"": ""gamma"", ""beta"": ""values"", ""gamma"": ""beta"", ""solve"": ""solve"", ""total"": ""alpha"", ""values"": ""total""}",0.9221
python-library,python,5,RAW_AST_EQUAL,synthetic,False,IDENTICAL_SELF_PAIR,1.0,0.638889,-0.36111099999999996,754e5caa1a2a6501f8890307f3d122fe17feea86abc17971d44cb302951ef887,157183b23c86380fafd6fce2472931f997970b15dbfc310037624ea4486e5bbd,"{""alpha"": ""gamma"", ""beta"": ""values"", ""gamma"": ""beta"", ""solve"": ""solve"", ""total"": ""alpha"", ""values"": ""total""}",0.9221
python-library,python,5,RAW_CANONICAL_EQUAL,synthetic,False,IDENTICAL_SELF_PAIR,1.0,0.638889,-0.36111099999999996,754e5caa1a2a6501f8890307f3d122fe17feea86abc17971d44cb302951ef887,157183b23c86380fafd6fce2472931f997970b15dbfc310037624ea4486e5bbd,"{""alpha"": ""gamma"", ""beta"": ""values"", ""gamma"": ""beta"", ""solve"": ""solve"", ""total"": ""alpha"", ""values"": ""total""}",0.9221
python-library,python,5,RAW_MAPPING_EQUAL,synthetic,False,IDENTICAL_SELF_PAIR,1.0,0.638889,-0.36111099999999996,754e5caa1a2a6501f8890307f3d122fe17feea86abc17971d44cb302951ef887,157183b23c86380fafd6fce2472931f997970b15dbfc310037624ea4486e5bbd,"{""alpha"": ""gamma"", ""beta"": ""values"", ""gamma"": ""beta"", ""solve"": ""solve"", ""total"": ""alpha"", ""values"": ""total""}",0.9221
python-library,python,5,AST_CANONICAL_EQUAL,synthetic,False,IDENTICAL_SELF_PAIR,1.0,1.0,0.0,754e5caa1a2a6501f8890307f3d122fe17feea86abc17971d44cb302951ef887,157183b23c86380fafd6fce2472931f997970b15dbfc310037624ea4486e5bbd,"{""alpha"": ""gamma"", ""beta"": ""values"", ""gamma"": ""beta"", ""solve"": ""solve"", ""total"": ""alpha"", ""values"": ""total""}",0.9221
python-library,python,5,AST_MAPPING_EQUAL,synthetic,False,IDENTICAL_SELF_PAIR,1.0,1.0,0.0,754e5caa1a2a6501f8890307f3d122fe17feea86abc17971d44cb302951ef887,157183b23c86380fafd6fce2472931f997970b15dbfc310037624ea4486e5bbd,"{""alpha"": ""gamma"", ""beta"": ""values"", ""gamma"": ""beta"", ""solve"": ""solve"", ""total"": ""alpha"", ""values"": ""total""}",0.9221
python-library,python,5,CANONICAL_MAPPING_EQUAL,synthetic,False,IDENTICAL_SELF_PAIR,1.0,1.0,0.0,754e5caa1a2a6501f8890307f3d122fe17feea86abc17971d44cb302951ef887,157183b23c86380fafd6fce2472931f997970b15dbfc310037624ea4486e5bbd,"{""alpha"": ""gamma"", ""beta"": ""values"", ""gamma"": ""beta"", ""solve"": ""solve"", ""total"": ""alpha"", ""values"": ""total""}",0.9221
python-library,python,5,ALL_EQUAL,synthetic,False,IDENTICAL_SELF_PAIR,1.0,0.8194445,-0.18055549999999998,754e5caa1a2a6501f8890307f3d122fe17feea86abc17971d44cb302951ef887,157183b23c86380fafd6fce2472931f997970b15dbfc310037624ea4486e5bbd,"{""alpha"": ""gamma"", ""beta"": ""values"", ""gamma"": ""beta"", ""solve"": ""solve"", ""total"": ""alpha"", ""values"": ""total""}",0.9221
python-library,python,5,PICAS_FIXED,synthetic,False,IDENTICAL_SELF_PAIR,1.0,0.855556,-0.14444400000000002,754e5caa1a2a6501f8890307f3d122fe17feea86abc17971d44cb302951ef887,157183b23c86380fafd6fce2472931f997970b15dbfc310037624ea4486e5bbd,"{""alpha"": ""gamma"", ""beta"": ""values"", ""gamma"": ""beta"", ""solve"": ""solve"", ""total"": ""alpha"", ""values"": ""total""}",0.9221
python-library,python,5,PICAS_RULE_DYNAMIC,synthetic,False,IDENTICAL_SELF_PAIR,1.0,0.855556,-0.14444400000000002,754e5caa1a2a6501f8890307f3d122fe17feea86abc17971d44cb302951ef887,157183b23c86380fafd6fce2472931f997970b15dbfc310037624ea4486e5bbd,"{""alpha"": ""gamma"", ""beta"": ""values"", ""gamma"": ""beta"", ""solve"": ""solve"", ""total"": ""alpha"", ""values"": ""total""}",0.9221
python-library,python,5,PICAS_DYNAMIC_OFFSET,synthetic,False,IDENTICAL_SELF_PAIR,1.0,0.855556,-0.14444400000000002,754e5caa1a2a6501f8890307f3d122fe17feea86abc17971d44cb302951ef887,157183b23c86380fafd6fce2472931f997970b15dbfc310037624ea4486e5bbd,"{""alpha"": ""gamma"", ""beta"": ""values"", ""gamma"": ""beta"", ""solve"": ""solve"", ""total"": ""alpha"", ""values"": ""total""}",0.9221
python-library,python,6,RAW_ONLY,synthetic,False,IDENTICAL_SELF_PAIR,1.0,0.179487,-0.820513,754e5caa1a2a6501f8890307f3d122fe17feea86abc17971d44cb302951ef887,9d4128c3b9c8ad03a7d0d7a53568f2c6821fcbbec67886b43594c22ace91dd55,"{""alpha"": ""beta"", ""beta"": ""solve"", ""gamma"": ""total"", ""solve"": ""values"", ""total"": ""gamma"", ""values"": ""alpha""}",0.8331
python-library,python,6,AST_ONLY,synthetic,False,IDENTICAL_SELF_PAIR,1.0,1.0,0.0,754e5caa1a2a6501f8890307f3d122fe17feea86abc17971d44cb302951ef887,9d4128c3b9c8ad03a7d0d7a53568f2c6821fcbbec67886b43594c22ace91dd55,"{""alpha"": ""beta"", ""beta"": ""solve"", ""gamma"": ""total"", ""solve"": ""values"", ""total"": ""gamma"", ""values"": ""alpha""}",0.8331
python-library,python,6,CANONICAL_ONLY,synthetic,False,IDENTICAL_SELF_PAIR,1.0,1.0,0.0,754e5caa1a2a6501f8890307f3d122fe17feea86abc17971d44cb302951ef887,9d4128c3b9c8ad03a7d0d7a53568f2c6821fcbbec67886b43594c22ace91dd55,"{""alpha"": ""beta"", ""beta"": ""solve"", ""gamma"": ""total"", ""solve"": ""values"", ""total"": ""gamma"", ""values"": ""alpha""}",0.8331
python-library,python,6,MAPPING_ONLY,synthetic,False,IDENTICAL_SELF_PAIR,1.0,1.0,0.0,754e5caa1a2a6501f8890307f3d122fe17feea86abc17971d44cb302951ef887,9d4128c3b9c8ad03a7d0d7a53568f2c6821fcbbec67886b43594c22ace91dd55,"{""alpha"": ""beta"", ""beta"": ""solve"", ""gamma"": ""total"", ""solve"": ""values"", ""total"": ""gamma"", ""values"": ""alpha""}",0.8331
python-library,python,6,RAW_AST_EQUAL,synthetic,False,IDENTICAL_SELF_PAIR,1.0,0.5897435,-0.4102565,754e5caa1a2a6501f8890307f3d122fe17feea86abc17971d44cb302951ef887,9d4128c3b9c8ad03a7d0d7a53568f2c6821fcbbec67886b43594c22ace91dd55,"{""alpha"": ""beta"", ""beta"": ""solve"", ""gamma"": ""total"", ""solve"": ""values"", ""total"": ""gamma"", ""values"": ""alpha""}",0.8331
python-library,python,6,RAW_CANONICAL_EQUAL,synthetic,False,IDENTICAL_SELF_PAIR,1.0,0.5897435,-0.4102565,754e5caa1a2a6501f8890307f3d122fe17feea86abc17971d44cb302951ef887,9d4128c3b9c8ad03a7d0d7a53568f2c6821fcbbec67886b43594c22ace91dd55,"{""alpha"": ""beta"", ""beta"": ""solve"", ""gamma"": ""total"", ""solve"": ""values"", ""total"": ""gamma"", ""values"": ""alpha""}",0.8331
python-library,python,6,RAW_MAPPING_EQUAL,synthetic,False,IDENTICAL_SELF_PAIR,1.0,0.5897435,-0.4102565,754e5caa1a2a6501f8890307f3d122fe17feea86abc17971d44cb302951ef887,9d4128c3b9c8ad03a7d0d7a53568f2c6821fcbbec67886b43594c22ace91dd55,"{""alpha"": ""beta"", ""beta"": ""solve"", ""gamma"": ""total"", ""solve"": ""values"", ""total"": ""gamma"", ""values"": ""alpha""}",0.8331
python-library,python,6,AST_CANONICAL_EQUAL,synthetic,False,IDENTICAL_SELF_PAIR,1.0,1.0,0.0,754e5caa1a2a6501f8890307f3d122fe17feea86abc17971d44cb302951ef887,9d4128c3b9c8ad03a7d0d7a53568f2c6821fcbbec67886b43594c22ace91dd55,"{""alpha"": ""beta"", ""beta"": ""solve"", ""gamma"": ""total"", ""solve"": ""values"", ""total"": ""gamma"", ""values"": ""alpha""}",0.8331
python-library,python,6,AST_MAPPING_EQUAL,synthetic,False,IDENTICAL_SELF_PAIR,1.0,1.0,0.0,754e5caa1a2a6501f8890307f3d122fe17feea86abc17971d44cb302951ef887,9d4128c3b9c8ad03a7d0d7a53568f2c6821fcbbec67886b43594c22ace91dd55,"{""alpha"": ""beta"", ""beta"": ""solve"", ""gamma"": ""total"", ""solve"": ""values"", ""total"": ""gamma"", ""values"": ""alpha""}",0.8331
python-library,python,6,CANONICAL_MAPPING_EQUAL,synthetic,False,IDENTICAL_SELF_PAIR,1.0,1.0,0.0,754e5caa1a2a6501f8890307f3d122fe17feea86abc17971d44cb302951ef887,9d4128c3b9c8ad03a7d0d7a53568f2c6821fcbbec67886b43594c22ace91dd55,"{""alpha"": ""beta"", ""beta"": ""solve"", ""gamma"": ""total"", ""solve"": ""values"", ""total"": ""gamma"", ""values"": ""alpha""}",0.8331
python-library,python,6,ALL_EQUAL,synthetic,False,IDENTICAL_SELF_PAIR,1.0,0.79487175,-0.20512825,754e5caa1a2a6501f8890307f3d122fe17feea86abc17971d44cb302951ef887,9d4128c3b9c8ad03a7d0d7a53568f2c6821fcbbec67886b43594c22ace91dd55,"{""alpha"": ""beta"", ""beta"": ""solve"", ""gamma"": ""total"", ""solve"": ""values"", ""total"": ""gamma"", ""values"": ""alpha""}",0.8331
python-library,python,6,PICAS_FIXED,synthetic,False,IDENTICAL_SELF_PAIR,1.0,0.835897,-0.164103,754e5caa1a2a6501f8890307f3d122fe17feea86abc17971d44cb302951ef887,9d4128c3b9c8ad03a7d0d7a53568f2c6821fcbbec67886b43594c22ace91dd55,"{""alpha"": ""beta"", ""beta"": ""solve"", ""gamma"": ""total"", ""solve"": ""values"", ""total"": ""gamma"", ""values"": ""alpha""}",0.8331
python-library,python,6,PICAS_RULE_DYNAMIC,synthetic,False,IDENTICAL_SELF_PAIR,1.0,0.835897,-0.164103,754e5caa1a2a6501f8890307f3d122fe17feea86abc17971d44cb302951ef887,9d4128c3b9c8ad03a7d0d7a53568f2c6821fcbbec67886b43594c22ace91dd55,"{""alpha"": ""beta"", ""beta"": ""solve"", ""gamma"": ""total"", ""solve"": ""values"", ""total"": ""gamma"", ""values"": ""alpha""}",0.8331
python-library,python,6,PICAS_DYNAMIC_OFFSET,synthetic,False,IDENTICAL_SELF_PAIR,1.0,0.835897,-0.164103,754e5caa1a2a6501f8890307f3d122fe17feea86abc17971d44cb302951ef887,9d4128c3b9c8ad03a7d0d7a53568f2c6821fcbbec67886b43594c22ace91dd55,"{""alpha"": ""beta"", ""beta"": ""solve"", ""gamma"": ""total"", ""solve"": ""values"", ""total"": ""gamma"", ""values"": ""alpha""}",0.8331
python-library,python,7,RAW_ONLY,synthetic,False,IDENTICAL_SELF_PAIR,1.0,0.210526,-0.789474,754e5caa1a2a6501f8890307f3d122fe17feea86abc17971d44cb302951ef887,a3248f03b0d3e3dce53a852837ba72754712792edcf723960cbcbfb69d0bfab8,"{""alpha"": ""beta"", ""beta"": ""total"", ""gamma"": ""solve"", ""solve"": ""gamma"", ""total"": ""values"", ""values"": ""alpha""}",0.8098
python-library,python,7,AST_ONLY,synthetic,False,IDENTICAL_SELF_PAIR,1.0,1.0,0.0,754e5caa1a2a6501f8890307f3d122fe17feea86abc17971d44cb302951ef887,a3248f03b0d3e3dce53a852837ba72754712792edcf723960cbcbfb69d0bfab8,"{""alpha"": ""beta"", ""beta"": ""total"", ""gamma"": ""solve"", ""solve"": ""gamma"", ""total"": ""values"", ""values"": ""alpha""}",0.8098
python-library,python,7,CANONICAL_ONLY,synthetic,False,IDENTICAL_SELF_PAIR,1.0,1.0,0.0,754e5caa1a2a6501f8890307f3d122fe17feea86abc17971d44cb302951ef887,a3248f03b0d3e3dce53a852837ba72754712792edcf723960cbcbfb69d0bfab8,"{""alpha"": ""beta"", ""beta"": ""total"", ""gamma"": ""solve"", ""solve"": ""gamma"", ""total"": ""values"", ""values"": ""alpha""}",0.8098
python-library,python,7,MAPPING_ONLY,synthetic,False,IDENTICAL_SELF_PAIR,1.0,1.0,0.0,754e5caa1a2a6501f8890307f3d122fe17feea86abc17971d44cb302951ef887,a3248f03b0d3e3dce53a852837ba72754712792edcf723960cbcbfb69d0bfab8,"{""alpha"": ""beta"", ""beta"": ""total"", ""gamma"": ""solve"", ""solve"": ""gamma"", ""total"": ""values"", ""values"": ""alpha""}",0.8098
python-library,python,7,RAW_AST_EQUAL,synthetic,False,IDENTICAL_SELF_PAIR,1.0,0.605263,-0.394737,754e5caa1a2a6501f8890307f3d122fe17feea86abc17971d44cb302951ef887,a3248f03b0d3e3dce53a852837ba72754712792edcf723960cbcbfb69d0bfab8,"{""alpha"": ""beta"", ""beta"": ""total"", ""gamma"": ""solve"", ""solve"": ""gamma"", ""total"": ""values"", ""values"": ""alpha""}",0.8098
python-library,python,7,RAW_CANONICAL_EQUAL,synthetic,False,IDENTICAL_SELF_PAIR,1.0,0.605263,-0.394737,754e5caa1a2a6501f8890307f3d122fe17feea86abc17971d44cb302951ef887,a3248f03b0d3e3dce53a852837ba72754712792edcf723960cbcbfb69d0bfab8,"{""alpha"": ""beta"", ""beta"": ""total"", ""gamma"": ""solve"", ""solve"": ""gamma"", ""total"": ""values"", ""values"": ""alpha""}",0.8098
python-library,python,7,RAW_MAPPING_EQUAL,synthetic,False,IDENTICAL_SELF_PAIR,1.0,0.605263,-0.394737,754e5caa1a2a6501f8890307f3d122fe17feea86abc17971d44cb302951ef887,a3248f03b0d3e3dce53a852837ba72754712792edcf723960cbcbfb69d0bfab8,"{""alpha"": ""beta"", ""beta"": ""total"", ""gamma"": ""solve"", ""solve"": ""gamma"", ""total"": ""values"", ""values"": ""alpha""}",0.8098
python-library,python,7,AST_CANONICAL_EQUAL,synthetic,False,IDENTICAL_SELF_PAIR,1.0,1.0,0.0,754e5caa1a2a6501f8890307f3d122fe17feea86abc17971d44cb302951ef887,a3248f03b0d3e3dce53a852837ba72754712792edcf723960cbcbfb69d0bfab8,"{""alpha"": ""beta"", ""beta"": ""total"", ""gamma"": ""solve"", ""solve"": ""gamma"", ""total"": ""values"", ""values"": ""alpha""}",0.8098
python-library,python,7,AST_MAPPING_EQUAL,synthetic,False,IDENTICAL_SELF_PAIR,1.0,1.0,0.0,754e5caa1a2a6501f8890307f3d122fe17feea86abc17971d44cb302951ef887,a3248f03b0d3e3dce53a852837ba72754712792edcf723960cbcbfb69d0bfab8,"{""alpha"": ""beta"", ""beta"": ""total"", ""gamma"": ""solve"", ""solve"": ""gamma"", ""total"": ""values"", ""values"": ""alpha""}",0.8098
python-library,python,7,CANONICAL_MAPPING_EQUAL,synthetic,False,IDENTICAL_SELF_PAIR,1.0,1.0,0.0,754e5caa1a2a6501f8890307f3d122fe17feea86abc17971d44cb302951ef887,a3248f03b0d3e3dce53a852837ba72754712792edcf723960cbcbfb69d0bfab8,"{""alpha"": ""beta"", ""beta"": ""total"", ""gamma"": ""solve"", ""solve"": ""gamma"", ""total"": ""values"", ""values"": ""alpha""}",0.8098
python-library,python,7,ALL_EQUAL,synthetic,False,IDENTICAL_SELF_PAIR,1.0,0.8026314999999999,-0.19736850000000006,754e5caa1a2a6501f8890307f3d122fe17feea86abc17971d44cb302951ef887,a3248f03b0d3e3dce53a852837ba72754712792edcf723960cbcbfb69d0bfab8,"{""alpha"": ""beta"", ""beta"": ""total"", ""gamma"": ""solve"", ""solve"": ""gamma"", ""total"": ""values"", ""values"": ""alpha""}",0.8098
python-library,python,7,PICAS_FIXED,synthetic,False,IDENTICAL_SELF_PAIR,1.0,0.842105,-0.157895,754e5caa1a2a6501f8890307f3d122fe17feea86abc17971d44cb302951ef887,a3248f03b0d3e3dce53a852837ba72754712792edcf723960cbcbfb69d0bfab8,"{""alpha"": ""beta"", ""beta"": ""total"", ""gamma"": ""solve"", ""solve"": ""gamma"", ""total"": ""values"", ""values"": ""alpha""}",0.8098
python-library,python,7,PICAS_RULE_DYNAMIC,synthetic,False,IDENTICAL_SELF_PAIR,1.0,0.842105,-0.157895,754e5caa1a2a6501f8890307f3d122fe17feea86abc17971d44cb302951ef887,a3248f03b0d3e3dce53a852837ba72754712792edcf723960cbcbfb69d0bfab8,"{""alpha"": ""beta"", ""beta"": ""total"", ""gamma"": ""solve"", ""solve"": ""gamma"", ""total"": ""values"", ""values"": ""alpha""}",0.8098
python-library,python,7,PICAS_DYNAMIC_OFFSET,synthetic,False,IDENTICAL_SELF_PAIR,1.0,0.842105,-0.157895,754e5caa1a2a6501f8890307f3d122fe17feea86abc17971d44cb302951ef887,a3248f03b0d3e3dce53a852837ba72754712792edcf723960cbcbfb69d0bfab8,"{""alpha"": ""beta"", ""beta"": ""total"", ""gamma"": ""solve"", ""solve"": ""gamma"", ""total"": ""values"", ""values"": ""alpha""}",0.8098
java-method,java,0,RAW_ONLY,synthetic,False,IDENTICAL_SELF_PAIR,1.0,1.0,0.0,94bec7d18f484d842842cb99b19066aa5f3b90e3118e1639f9f3dcf3ed473462,94bec7d18f484d842842cb99b19066aa5f3b90e3118e1639f9f3dcf3ed473462,"{""alpha"": ""alpha"", ""beta"": ""beta"", ""fold"": ""fold"", ""gamma"": ""gamma"", ""result"": ""result"", ""value"": ""value""}",0.9158
java-method,java,0,AST_ONLY,synthetic,False,IDENTICAL_SELF_PAIR,1.0,1.0,0.0,94bec7d18f484d842842cb99b19066aa5f3b90e3118e1639f9f3dcf3ed473462,94bec7d18f484d842842cb99b19066aa5f3b90e3118e1639f9f3dcf3ed473462,"{""alpha"": ""alpha"", ""beta"": ""beta"", ""fold"": ""fold"", ""gamma"": ""gamma"", ""result"": ""result"", ""value"": ""value""}",0.9158
java-method,java,0,CANONICAL_ONLY,synthetic,False,IDENTICAL_SELF_PAIR,1.0,1.0,0.0,94bec7d18f484d842842cb99b19066aa5f3b90e3118e1639f9f3dcf3ed473462,94bec7d18f484d842842cb99b19066aa5f3b90e3118e1639f9f3dcf3ed473462,"{""alpha"": ""alpha"", ""beta"": ""beta"", ""fold"": ""fold"", ""gamma"": ""gamma"", ""result"": ""result"", ""value"": ""value""}",0.9158
java-method,java,0,MAPPING_ONLY,synthetic,False,IDENTICAL_SELF_PAIR,1.0,1.0,0.0,94bec7d18f484d842842cb99b19066aa5f3b90e3118e1639f9f3dcf3ed473462,94bec7d18f484d842842cb99b19066aa5f3b90e3118e1639f9f3dcf3ed473462,"{""alpha"": ""alpha"", ""beta"": ""beta"", ""fold"": ""fold"", ""gamma"": ""gamma"", ""result"": ""result"", ""value"": ""value""}",0.9158
java-method,java,0,RAW_AST_EQUAL,synthetic,False,IDENTICAL_SELF_PAIR,1.0,1.0,0.0,94bec7d18f484d842842cb99b19066aa5f3b90e3118e1639f9f3dcf3ed473462,94bec7d18f484d842842cb99b19066aa5f3b90e3118e1639f9f3dcf3ed473462,"{""alpha"": ""alpha"", ""beta"": ""beta"", ""fold"": ""fold"", ""gamma"": ""gamma"", ""result"": ""result"", ""value"": ""value""}",0.9158
java-method,java,0,RAW_CANONICAL_EQUAL,synthetic,False,IDENTICAL_SELF_PAIR,1.0,1.0,0.0,94bec7d18f484d842842cb99b19066aa5f3b90e3118e1639f9f3dcf3ed473462,94bec7d18f484d842842cb99b19066aa5f3b90e3118e1639f9f3dcf3ed473462,"{""alpha"": ""alpha"", ""beta"": ""beta"", ""fold"": ""fold"", ""gamma"": ""gamma"", ""result"": ""result"", ""value"": ""value""}",0.9158
java-method,java,0,RAW_MAPPING_EQUAL,synthetic,False,IDENTICAL_SELF_PAIR,1.0,1.0,0.0,94bec7d18f484d842842cb99b19066aa5f3b90e3118e1639f9f3dcf3ed473462,94bec7d18f484d842842cb99b19066aa5f3b90e3118e1639f9f3dcf3ed473462,"{""alpha"": ""alpha"", ""beta"": ""beta"", ""fold"": ""fold"", ""gamma"": ""gamma"", ""result"": ""result"", ""value"": ""value""}",0.9158
java-method,java,0,AST_CANONICAL_EQUAL,synthetic,False,IDENTICAL_SELF_PAIR,1.0,1.0,0.0,94bec7d18f484d842842cb99b19066aa5f3b90e3118e1639f9f3dcf3ed473462,94bec7d18f484d842842cb99b19066aa5f3b90e3118e1639f9f3dcf3ed473462,"{""alpha"": ""alpha"", ""beta"": ""beta"", ""fold"": ""fold"", ""gamma"": ""gamma"", ""result"": ""result"", ""value"": ""value""}",0.9158
java-method,java,0,AST_MAPPING_EQUAL,synthetic,False,IDENTICAL_SELF_PAIR,1.0,1.0,0.0,94bec7d18f484d842842cb99b19066aa5f3b90e3118e1639f9f3dcf3ed473462,94bec7d18f484d842842cb99b19066aa5f3b90e3118e1639f9f3dcf3ed473462,"{""alpha"": ""alpha"", ""beta"": ""beta"", ""fold"": ""fold"", ""gamma"": ""gamma"", ""result"": ""result"", ""value"": ""value""}",0.9158
java-method,java,0,CANONICAL_MAPPING_EQUAL,synthetic,False,IDENTICAL_SELF_PAIR,1.0,1.0,0.0,94bec7d18f484d842842cb99b19066aa5f3b90e3118e1639f9f3dcf3ed473462,94bec7d18f484d842842cb99b19066aa5f3b90e3118e1639f9f3dcf3ed473462,"{""alpha"": ""alpha"", ""beta"": ""beta"", ""fold"": ""fold"", ""gamma"": ""gamma"", ""result"": ""result"", ""value"": ""value""}",0.9158
java-method,java,0,ALL_EQUAL,synthetic,False,IDENTICAL_SELF_PAIR,1.0,1.0,0.0,94bec7d18f484d842842cb99b19066aa5f3b90e3118e1639f9f3dcf3ed473462,94bec7d18f484d842842cb99b19066aa5f3b90e3118e1639f9f3dcf3ed473462,"{""alpha"": ""alpha"", ""beta"": ""beta"", ""fold"": ""fold"", ""gamma"": ""gamma"", ""result"": ""result"", ""value"": ""value""}",0.9158
java-method,java,0,PICAS_FIXED,synthetic,False,IDENTICAL_SELF_PAIR,1.0,1.0,0.0,94bec7d18f484d842842cb99b19066aa5f3b90e3118e1639f9f3dcf3ed473462,94bec7d18f484d842842cb99b19066aa5f3b90e3118e1639f9f3dcf3ed473462,"{""alpha"": ""alpha"", ""beta"": ""beta"", ""fold"": ""fold"", ""gamma"": ""gamma"", ""result"": ""result"", ""value"": ""value""}",0.9158
java-method,java,0,PICAS_RULE_DYNAMIC,synthetic,False,IDENTICAL_SELF_PAIR,1.0,1.0,0.0,94bec7d18f484d842842cb99b19066aa5f3b90e3118e1639f9f3dcf3ed473462,94bec7d18f484d842842cb99b19066aa5f3b90e3118e1639f9f3dcf3ed473462,"{""alpha"": ""alpha"", ""beta"": ""beta"", ""fold"": ""fold"", ""gamma"": ""gamma"", ""result"": ""result"", ""value"": ""value""}",0.9158
java-method,java,0,PICAS_DYNAMIC_OFFSET,synthetic,False,IDENTICAL_SELF_PAIR,1.0,1.0,0.0,94bec7d18f484d842842cb99b19066aa5f3b90e3118e1639f9f3dcf3ed473462,94bec7d18f484d842842cb99b19066aa5f3b90e3118e1639f9f3dcf3ed473462,"{""alpha"": ""alpha"", ""beta"": ""beta"", ""fold"": ""fold"", ""gamma"": ""gamma"", ""result"": ""result"", ""value"": ""value""}",0.9158
java-method,java,1,RAW_ONLY,synthetic,False,IDENTICAL_SELF_PAIR,1.0,0.26087,-0.7391300000000001,94bec7d18f484d842842cb99b19066aa5f3b90e3118e1639f9f3dcf3ed473462,bd60074cb682d03ba680a1d15b4b8b3de2f3c2659e8edbfad087f67902be2741,"{""alpha"": ""fold"", ""beta"": ""value"", ""fold"": ""alpha"", ""gamma"": ""result"", ""result"": ""gamma"", ""value"": ""beta""}",0.925
java-method,java,1,AST_ONLY,synthetic,False,IDENTICAL_SELF_PAIR,1.0,1.0,0.0,94bec7d18f484d842842cb99b19066aa5f3b90e3118e1639f9f3dcf3ed473462,bd60074cb682d03ba680a1d15b4b8b3de2f3c2659e8edbfad087f67902be2741,"{""alpha"": ""fold"", ""beta"": ""value"", ""fold"": ""alpha"", ""gamma"": ""result"", ""result"": ""gamma"", ""value"": ""beta""}",0.925
java-method,java,1,CANONICAL_ONLY,synthetic,False,IDENTICAL_SELF_PAIR,1.0,1.0,0.0,94bec7d18f484d842842cb99b19066aa5f3b90e3118e1639f9f3dcf3ed473462,bd60074cb682d03ba680a1d15b4b8b3de2f3c2659e8edbfad087f67902be2741,"{""alpha"": ""fold"", ""beta"": ""value"", ""fold"": ""alpha"", ""gamma"": ""result"", ""result"": ""gamma"", ""value"": ""beta""}",0.925
java-method,java,1,MAPPING_ONLY,synthetic,False,IDENTICAL_SELF_PAIR,1.0,1.0,0.0,94bec7d18f484d842842cb99b19066aa5f3b90e3118e1639f9f3dcf3ed473462,bd60074cb682d03ba680a1d15b4b8b3de2f3c2659e8edbfad087f67902be2741,"{""alpha"": ""fold"", ""beta"": ""value"", ""fold"": ""alpha"", ""gamma"": ""result"", ""result"": ""gamma"", ""value"": ""beta""}",0.925
java-method,java,1,RAW_AST_EQUAL,synthetic,False,IDENTICAL_SELF_PAIR,1.0,0.630435,-0.36956500000000003,94bec7d18f484d842842cb99b19066aa5f3b90e3118e1639f9f3dcf3ed473462,bd60074cb682d03ba680a1d15b4b8b3de2f3c2659e8edbfad087f67902be2741,"{""alpha"": ""fold"", ""beta"": ""value"", ""fold"": ""alpha"", ""gamma"": ""result"", ""result"": ""gamma"", ""value"": ""beta""}",0.925
java-method,java,1,RAW_CANONICAL_EQUAL,synthetic,False,IDENTICAL_SELF_PAIR,1.0,0.630435,-0.36956500000000003,94bec7d18f484d842842cb99b19066aa5f3b90e3118e1639f9f3dcf3ed473462,bd60074cb682d03ba680a1d15b4b8b3de2f3c2659e8edbfad087f67902be2741,"{""alpha"": ""fold"", ""beta"": ""value"", ""fold"": ""alpha"", ""gamma"": ""result"", ""result"": ""gamma"", ""value"": ""beta""}",0.925
java-method,java,1,RAW_MAPPING_EQUAL,synthetic,False,IDENTICAL_SELF_PAIR,1.0,0.630435,-0.36956500000000003,94bec7d18f484d842842cb99b19066aa5f3b90e3118e1639f9f3dcf3ed473462,bd60074cb682d03ba680a1d15b4b8b3de2f3c2659e8edbfad087f67902be2741,"{""alpha"": ""fold"", ""beta"": ""value"", ""fold"": ""alpha"", ""gamma"": ""result"", ""result"": ""gamma"", ""value"": ""beta""}",0.925
java-method,java,1,AST_CANONICAL_EQUAL,synthetic,False,IDENTICAL_SELF_PAIR,1.0,1.0,0.0,94bec7d18f484d842842cb99b19066aa5f3b90e3118e1639f9f3dcf3ed473462,bd60074cb682d03ba680a1d15b4b8b3de2f3c2659e8edbfad087f67902be2741,"{""alpha"": ""fold"", ""beta"": ""value"", ""fold"": ""alpha"", ""gamma"": ""result"", ""result"": ""gamma"", ""value"": ""beta""}",0.925
java-method,java,1,AST_MAPPING_EQUAL,synthetic,False,IDENTICAL_SELF_PAIR,1.0,1.0,0.0,94bec7d18f484d842842cb99b19066aa5f3b90e3118e1639f9f3dcf3ed473462,bd60074cb682d03ba680a1d15b4b8b3de2f3c2659e8edbfad087f67902be2741,"{""alpha"": ""fold"", ""beta"": ""value"", ""fold"": ""alpha"", ""gamma"": ""result"", ""result"": ""gamma"", ""value"": ""beta""}",0.925
java-method,java,1,CANONICAL_MAPPING_EQUAL,synthetic,False,IDENTICAL_SELF_PAIR,1.0,1.0,0.0,94bec7d18f484d842842cb99b19066aa5f3b90e3118e1639f9f3dcf3ed473462,bd60074cb682d03ba680a1d15b4b8b3de2f3c2659e8edbfad087f67902be2741,"{""alpha"": ""fold"", ""beta"": ""value"", ""fold"": ""alpha"", ""gamma"": ""result"", ""result"": ""gamma"", ""value"": ""beta""}",0.925
java-method,java,1,ALL_EQUAL,synthetic,False,IDENTICAL_SELF_PAIR,1.0,0.8152175,-0.18478249999999996,94bec7d18f484d842842cb99b19066aa5f3b90e3118e1639f9f3dcf3ed473462,bd60074cb682d03ba680a1d15b4b8b3de2f3c2659e8edbfad087f67902be2741,"{""alpha"": ""fold"", ""beta"": ""value"", ""fold"": ""alpha"", ""gamma"": ""result"", ""result"": ""gamma"", ""value"": ""beta""}",0.925
java-method,java,1,PICAS_FIXED,synthetic,False,IDENTICAL_SELF_PAIR,1.0,0.852174,-0.147826,94bec7d18f484d842842cb99b19066aa5f3b90e3118e1639f9f3dcf3ed473462,bd60074cb682d03ba680a1d15b4b8b3de2f3c2659e8edbfad087f67902be2741,"{""alpha"": ""fold"", ""beta"": ""value"", ""fold"": ""alpha"", ""gamma"": ""result"", ""result"": ""gamma"", ""value"": ""beta""}",0.925
java-method,java,1,PICAS_RULE_DYNAMIC,synthetic,False,IDENTICAL_SELF_PAIR,1.0,0.852174,-0.147826,94bec7d18f484d842842cb99b19066aa5f3b90e3118e1639f9f3dcf3ed473462,bd60074cb682d03ba680a1d15b4b8b3de2f3c2659e8edbfad087f67902be2741,"{""alpha"": ""fold"", ""beta"": ""value"", ""fold"": ""alpha"", ""gamma"": ""result"", ""result"": ""gamma"", ""value"": ""beta""}",0.925
java-method,java,1,PICAS_DYNAMIC_OFFSET,synthetic,False,IDENTICAL_SELF_PAIR,1.0,0.852174,-0.147826,94bec7d18f484d842842cb99b19066aa5f3b90e3118e1639f9f3dcf3ed473462,bd60074cb682d03ba680a1d15b4b8b3de2f3c2659e8edbfad087f67902be2741,"{""alpha"": ""fold"", ""beta"": ""value"", ""fold"": ""alpha"", ""gamma"": ""result"", ""result"": ""gamma"", ""value"": ""beta""}",0.925
java-method,java,2,RAW_ONLY,synthetic,False,IDENTICAL_SELF_PAIR,1.0,0.348837,-0.6511629999999999,94bec7d18f484d842842cb99b19066aa5f3b90e3118e1639f9f3dcf3ed473462,0ef0a1b33a509efcac58940148a033ff4bbffe43f6d19b2e1d04038cd89c09c2,"{""alpha"": ""gamma"", ""beta"": ""alpha"", ""fold"": ""fold"", ""gamma"": ""result"", ""result"": ""value"", ""value"": ""beta""}",0.9112
java-method,java,2,AST_ONLY,synthetic,False,IDENTICAL_SELF_PAIR,1.0,1.0,0.0,94bec7d18f484d842842cb99b19066aa5f3b90e3118e1639f9f3dcf3ed473462,0ef0a1b33a509efcac58940148a033ff4bbffe43f6d19b2e1d04038cd89c09c2,"{""alpha"": ""gamma"", ""beta"": ""alpha"", ""fold"": ""fold"", ""gamma"": ""result"", ""result"": ""value"", ""value"": ""beta""}",0.9112
java-method,java,2,CANONICAL_ONLY,synthetic,False,IDENTICAL_SELF_PAIR,1.0,1.0,0.0,94bec7d18f484d842842cb99b19066aa5f3b90e3118e1639f9f3dcf3ed473462,0ef0a1b33a509efcac58940148a033ff4bbffe43f6d19b2e1d04038cd89c09c2,"{""alpha"": ""gamma"", ""beta"": ""alpha"", ""fold"": ""fold"", ""gamma"": ""result"", ""result"": ""value"", ""value"": ""beta""}",0.9112
java-method,java,2,MAPPING_ONLY,synthetic,False,IDENTICAL_SELF_PAIR,1.0,1.0,0.0,94bec7d18f484d842842cb99b19066aa5f3b90e3118e1639f9f3dcf3ed473462,0ef0a1b33a509efcac58940148a033ff4bbffe43f6d19b2e1d04038cd89c09c2,"{""alpha"": ""gamma"", ""beta"": ""alpha"", ""fold"": ""fold"", ""gamma"": ""result"", ""result"": ""value"", ""value"": ""beta""}",0.9112
java-method,java,2,RAW_AST_EQUAL,synthetic,False,IDENTICAL_SELF_PAIR,1.0,0.6744185,-0.32558149999999997,94bec7d18f484d842842cb99b19066aa5f3b90e3118e1639f9f3dcf3ed473462,0ef0a1b33a509efcac58940148a033ff4bbffe43f6d19b2e1d04038cd89c09c2,"{""alpha"": ""gamma"", ""beta"": ""alpha"", ""fold"": ""fold"", ""gamma"": ""result"", ""result"": ""value"", ""value"": ""beta""}",0.9112
java-method,java,2,RAW_CANONICAL_EQUAL,synthetic,False,IDENTICAL_SELF_PAIR,1.0,0.6744185,-0.32558149999999997,94bec7d18f484d842842cb99b19066aa5f3b90e3118e1639f9f3dcf3ed473462,0ef0a1b33a509efcac58940148a033ff4bbffe43f6d19b2e1d04038cd89c09c2,"{""alpha"": ""gamma"", ""beta"": ""alpha"", ""fold"": ""fold"", ""gamma"": ""result"", ""result"": ""value"", ""value"": ""beta""}",0.9112
java-method,java,2,RAW_MAPPING_EQUAL,synthetic,False,IDENTICAL_SELF_PAIR,1.0,0.6744185,-0.32558149999999997,94bec7d18f484d842842cb99b19066aa5f3b90e3118e1639f9f3dcf3ed473462,0ef0a1b33a509efcac58940148a033ff4bbffe43f6d19b2e1d04038cd89c09c2,"{""alpha"": ""gamma"", ""beta"": ""alpha"", ""fold"": ""fold"", ""gamma"": ""result"", ""result"": ""value"", ""value"": ""beta""}",0.9112
java-method,java,2,AST_CANONICAL_EQUAL,synthetic,False,IDENTICAL_SELF_PAIR,1.0,1.0,0.0,94bec7d18f484d842842cb99b19066aa5f3b90e3118e1639f9f3dcf3ed473462,0ef0a1b33a509efcac58940148a033ff4bbffe43f6d19b2e1d04038cd89c09c2,"{""alpha"": ""gamma"", ""beta"": ""alpha"", ""fold"": ""fold"", ""gamma"": ""result"", ""result"": ""value"", ""value"": ""beta""}",0.9112
java-method,java,2,AST_MAPPING_EQUAL,synthetic,False,IDENTICAL_SELF_PAIR,1.0,1.0,0.0,94bec7d18f484d842842cb99b19066aa5f3b90e3118e1639f9f3dcf3ed473462,0ef0a1b33a509efcac58940148a033ff4bbffe43f6d19b2e1d04038cd89c09c2,"{""alpha"": ""gamma"", ""beta"": ""alpha"", ""fold"": ""fold"", ""gamma"": ""result"", ""result"": ""value"", ""value"": ""beta""}",0.9112
java-method,java,2,CANONICAL_MAPPING_EQUAL,synthetic,False,IDENTICAL_SELF_PAIR,1.0,1.0,0.0,94bec7d18f484d842842cb99b19066aa5f3b90e3118e1639f9f3dcf3ed473462,0ef0a1b33a509efcac58940148a033ff4bbffe43f6d19b2e1d04038cd89c09c2,"{""alpha"": ""gamma"", ""beta"": ""alpha"", ""fold"": ""fold"", ""gamma"": ""result"", ""result"": ""value"", ""value"": ""beta""}",0.9112
java-method,java,2,ALL_EQUAL,synthetic,False,IDENTICAL_SELF_PAIR,1.0,0.83720925,-0.16279074999999998,94bec7d18f484d842842cb99b19066aa5f3b90e3118e1639f9f3dcf3ed473462,0ef0a1b33a509efcac58940148a033ff4bbffe43f6d19b2e1d04038cd89c09c2,"{""alpha"": ""gamma"", ""beta"": ""alpha"", ""fold"": ""fold"", ""gamma"": ""result"", ""result"": ""value"", ""value"": ""beta""}",0.9112
java-method,java,2,PICAS_FIXED,synthetic,False,IDENTICAL_SELF_PAIR,1.0,0.869767,-0.13023300000000004,94bec7d18f484d842842cb99b19066aa5f3b90e3118e1639f9f3dcf3ed473462,0ef0a1b33a509efcac58940148a033ff4bbffe43f6d19b2e1d04038cd89c09c2,"{""alpha"": ""gamma"", ""beta"": ""alpha"", ""fold"": ""fold"", ""gamma"": ""result"", ""result"": ""value"", ""value"": ""beta""}",0.9112
java-method,java,2,PICAS_RULE_DYNAMIC,synthetic,False,IDENTICAL_SELF_PAIR,1.0,0.869767,-0.13023300000000004,94bec7d18f484d842842cb99b19066aa5f3b90e3118e1639f9f3dcf3ed473462,0ef0a1b33a509efcac58940148a033ff4bbffe43f6d19b2e1d04038cd89c09c2,"{""alpha"": ""gamma"", ""beta"": ""alpha"", ""fold"": ""fold"", ""gamma"": ""result"", ""result"": ""value"", ""value"": ""beta""}",0.9112
java-method,java,2,PICAS_DYNAMIC_OFFSET,synthetic,False,IDENTICAL_SELF_PAIR,1.0,0.869767,-0.13023300000000004,94bec7d18f484d842842cb99b19066aa5f3b90e3118e1639f9f3dcf3ed473462,0ef0a1b33a509efcac58940148a033ff4bbffe43f6d19b2e1d04038cd89c09c2,"{""alpha"": ""gamma"", ""beta"": ""alpha"", ""fold"": ""fold"", ""gamma"": ""result"", ""result"": ""value"", ""value"": ""beta""}",0.9112
java-method,java,3,RAW_ONLY,synthetic,False,IDENTICAL_SELF_PAIR,1.0,0.348837,-0.6511629999999999,94bec7d18f484d842842cb99b19066aa5f3b90e3118e1639f9f3dcf3ed473462,c83868520afad4ec1d087da4612f205a2a0b7688929a7d4323b460f236d20f1e,"{""alpha"": ""beta"", ""beta"": ""value"", ""fold"": ""fold"", ""gamma"": ""gamma"", ""result"": ""alpha"", ""value"": ""result""}",0.9589
java-method,java,3,AST_ONLY,synthetic,False,IDENTICAL_SELF_PAIR,1.0,1.0,0.0,94bec7d18f484d842842cb99b19066aa5f3b90e3118e1639f9f3dcf3ed473462,c83868520afad4ec1d087da4612f205a2a0b7688929a7d4323b460f236d20f1e,"{""alpha"": ""beta"", ""beta"": ""value"", ""fold"": ""fold"", ""gamma"": ""gamma"", ""result"": ""alpha"", ""value"": ""result""}",0.9589
java-method,java,3,CANONICAL_ONLY,synthetic,False,IDENTICAL_SELF_PAIR,1.0,1.0,0.0,94bec7d18f484d842842cb99b19066aa5f3b90e3118e1639f9f3dcf3ed473462,c83868520afad4ec1d087da4612f205a2a0b7688929a7d4323b460f236d20f1e,"{""alpha"": ""beta"", ""beta"": ""value"", ""fold"": ""fold"", ""gamma"": ""gamma"", ""result"": ""alpha"", ""value"": ""result""}",0.9589
java-method,java,3,MAPPING_ONLY,synthetic,False,IDENTICAL_SELF_PAIR,1.0,1.0,0.0,94bec7d18f484d842842cb99b19066aa5f3b90e3118e1639f9f3dcf3ed473462,c83868520afad4ec1d087da4612f205a2a0b7688929a7d4323b460f236d20f1e,"{""alpha"": ""beta"", ""beta"": ""value"", ""fold"": ""fold"", ""gamma"": ""gamma"", ""result"": ""alpha"", ""value"": ""result""}",0.9589
java-method,java,3,RAW_AST_EQUAL,synthetic,False,IDENTICAL_SELF_PAIR,1.0,0.6744185,-0.32558149999999997,94bec7d18f484d842842cb99b19066aa5f3b90e3118e1639f9f3dcf3ed473462,c83868520afad4ec1d087da4612f205a2a0b7688929a7d4323b460f236d20f1e,"{""alpha"": ""beta"", ""beta"": ""value"", ""fold"": ""fold"", ""gamma"": ""gamma"", ""result"": ""alpha"", ""value"": ""result""}",0.9589
java-method,java,3,RAW_CANONICAL_EQUAL,synthetic,False,IDENTICAL_SELF_PAIR,1.0,0.6744185,-0.32558149999999997,94bec7d18f484d842842cb99b19066aa5f3b90e3118e1639f9f3dcf3ed473462,c83868520afad4ec1d087da4612f205a2a0b7688929a7d4323b460f236d20f1e,"{""alpha"": ""beta"", ""beta"": ""value"", ""fold"": ""fold"", ""gamma"": ""gamma"", ""result"": ""alpha"", ""value"": ""result""}",0.9589
java-method,java,3,RAW_MAPPING_EQUAL,synthetic,False,IDENTICAL_SELF_PAIR,1.0,0.6744185,-0.32558149999999997,94bec7d18f484d842842cb99b19066aa5f3b90e3118e1639f9f3dcf3ed473462,c83868520afad4ec1d087da4612f205a2a0b7688929a7d4323b460f236d20f1e,"{""alpha"": ""beta"", ""beta"": ""value"", ""fold"": ""fold"", ""gamma"": ""gamma"", ""result"": ""alpha"", ""value"": ""result""}",0.9589
java-method,java,3,AST_CANONICAL_EQUAL,synthetic,False,IDENTICAL_SELF_PAIR,1.0,1.0,0.0,94bec7d18f484d842842cb99b19066aa5f3b90e3118e1639f9f3dcf3ed473462,c83868520afad4ec1d087da4612f205a2a0b7688929a7d4323b460f236d20f1e,"{""alpha"": ""beta"", ""beta"": ""value"", ""fold"": ""fold"", ""gamma"": ""gamma"", ""result"": ""alpha"", ""value"": ""result""}",0.9589
java-method,java,3,AST_MAPPING_EQUAL,synthetic,False,IDENTICAL_SELF_PAIR,1.0,1.0,0.0,94bec7d18f484d842842cb99b19066aa5f3b90e3118e1639f9f3dcf3ed473462,c83868520afad4ec1d087da4612f205a2a0b7688929a7d4323b460f236d20f1e,"{""alpha"": ""beta"", ""beta"": ""value"", ""fold"": ""fold"", ""gamma"": ""gamma"", ""result"": ""alpha"", ""value"": ""result""}",0.9589
java-method,java,3,CANONICAL_MAPPING_EQUAL,synthetic,False,IDENTICAL_SELF_PAIR,1.0,1.0,0.0,94bec7d18f484d842842cb99b19066aa5f3b90e3118e1639f9f3dcf3ed473462,c83868520afad4ec1d087da4612f205a2a0b7688929a7d4323b460f236d20f1e,"{""alpha"": ""beta"", ""beta"": ""value"", ""fold"": ""fold"", ""gamma"": ""gamma"", ""result"": ""alpha"", ""value"": ""result""}",0.9589
java-method,java,3,ALL_EQUAL,synthetic,False,IDENTICAL_SELF_PAIR,1.0,0.83720925,-0.16279074999999998,94bec7d18f484d842842cb99b19066aa5f3b90e3118e1639f9f3dcf3ed473462,c83868520afad4ec1d087da4612f205a2a0b7688929a7d4323b460f236d20f1e,"{""alpha"": ""beta"", ""beta"": ""value"", ""fold"": ""fold"", ""gamma"": ""gamma"", ""result"": ""alpha"", ""value"": ""result""}",0.9589
java-method,java,3,PICAS_FIXED,synthetic,False,IDENTICAL_SELF_PAIR,1.0,0.869767,-0.13023300000000004,94bec7d18f484d842842cb99b19066aa5f3b90e3118e1639f9f3dcf3ed473462,c83868520afad4ec1d087da4612f205a2a0b7688929a7d4323b460f236d20f1e,"{""alpha"": ""beta"", ""beta"": ""value"", ""fold"": ""fold"", ""gamma"": ""gamma"", ""result"": ""alpha"", ""value"": ""result""}",0.9589
java-method,java,3,PICAS_RULE_DYNAMIC,synthetic,False,IDENTICAL_SELF_PAIR,1.0,0.869767,-0.13023300000000004,94bec7d18f484d842842cb99b19066aa5f3b90e3118e1639f9f3dcf3ed473462,c83868520afad4ec1d087da4612f205a2a0b7688929a7d4323b460f236d20f1e,"{""alpha"": ""beta"", ""beta"": ""value"", ""fold"": ""fold"", ""gamma"": ""gamma"", ""result"": ""alpha"", ""value"": ""result""}",0.9589
java-method,java,3,PICAS_DYNAMIC_OFFSET,synthetic,False,IDENTICAL_SELF_PAIR,1.0,0.869767,-0.13023300000000004,94bec7d18f484d842842cb99b19066aa5f3b90e3118e1639f9f3dcf3ed473462,c83868520afad4ec1d087da4612f205a2a0b7688929a7d4323b460f236d20f1e,"{""alpha"": ""beta"", ""beta"": ""value"", ""fold"": ""fold"", ""gamma"": ""gamma"", ""result"": ""alpha"", ""value"": ""result""}",0.9589
java-method,java,4,RAW_ONLY,synthetic,False,IDENTICAL_SELF_PAIR,1.0,0.26087,-0.7391300000000001,94bec7d18f484d842842cb99b19066aa5f3b90e3118e1639f9f3dcf3ed473462,7f8426476fa9bd87ea6f4b9046dc5086f9b09e0511a2191ba246cb637c499742,"{""alpha"": ""result"", ""beta"": ""beta"", ""fold"": ""gamma"", ""gamma"": ""fold"", ""result"": ""value"", ""value"": ""alpha""}",0.9136
java-method,java,4,AST_ONLY,synthetic,False,IDENTICAL_SELF_PAIR,1.0,1.0,0.0,94bec7d18f484d842842cb99b19066aa5f3b90e3118e1639f9f3dcf3ed473462,7f8426476fa9bd87ea6f4b9046dc5086f9b09e0511a2191ba246cb637c499742,"{""alpha"": ""result"", ""beta"": ""beta"", ""fold"": ""gamma"", ""gamma"": ""fold"", ""result"": ""value"", ""value"": ""alpha""}",0.9136
java-method,java,4,CANONICAL_ONLY,synthetic,False,IDENTICAL_SELF_PAIR,1.0,1.0,0.0,94bec7d18f484d842842cb99b19066aa5f3b90e3118e1639f9f3dcf3ed473462,7f8426476fa9bd87ea6f4b9046dc5086f9b09e0511a2191ba246cb637c499742,"{""alpha"": ""result"", ""beta"": ""beta"", ""fold"": ""gamma"", ""gamma"": ""fold"", ""result"": ""value"", ""value"": ""alpha""}",0.9136
java-method,java,4,MAPPING_ONLY,synthetic,False,IDENTICAL_SELF_PAIR,1.0,1.0,0.0,94bec7d18f484d842842cb99b19066aa5f3b90e3118e1639f9f3dcf3ed473462,7f8426476fa9bd87ea6f4b9046dc5086f9b09e0511a2191ba246cb637c499742,"{""alpha"": ""result"", ""beta"": ""beta"", ""fold"": ""gamma"", ""gamma"": ""fold"", ""result"": ""value"", ""value"": ""alpha""}",0.9136
java-method,java,4,RAW_AST_EQUAL,synthetic,False,IDENTICAL_SELF_PAIR,1.0,0.630435,-0.36956500000000003,94bec7d18f484d842842cb99b19066aa5f3b90e3118e1639f9f3dcf3ed473462,7f8426476fa9bd87ea6f4b9046dc5086f9b09e0511a2191ba246cb637c499742,"{""alpha"": ""result"", ""beta"": ""beta"", ""fold"": ""gamma"", ""gamma"": ""fold"", ""result"": ""value"", ""value"": ""alpha""}",0.9136
java-method,java,4,RAW_CANONICAL_EQUAL,synthetic,False,IDENTICAL_SELF_PAIR,1.0,0.630435,-0.36956500000000003,94bec7d18f484d842842cb99b19066aa5f3b90e3118e1639f9f3dcf3ed473462,7f8426476fa9bd87ea6f4b9046dc5086f9b09e0511a2191ba246cb637c499742,"{""alpha"": ""result"", ""beta"": ""beta"", ""fold"": ""gamma"", ""gamma"": ""fold"", ""result"": ""value"", ""value"": ""alpha""}",0.9136
java-method,java,4,RAW_MAPPING_EQUAL,synthetic,False,IDENTICAL_SELF_PAIR,1.0,0.630435,-0.36956500000000003,94bec7d18f484d842842cb99b19066aa5f3b90e3118e1639f9f3dcf3ed473462,7f8426476fa9bd87ea6f4b9046dc5086f9b09e0511a2191ba246cb637c499742,"{""alpha"": ""result"", ""beta"": ""beta"", ""fold"": ""gamma"", ""gamma"": ""fold"", ""result"": ""value"", ""value"": ""alpha""}",0.9136
java-method,java,4,AST_CANONICAL_EQUAL,synthetic,False,IDENTICAL_SELF_PAIR,1.0,1.0,0.0,94bec7d18f484d842842cb99b19066aa5f3b90e3118e1639f9f3dcf3ed473462,7f8426476fa9bd87ea6f4b9046dc5086f9b09e0511a2191ba246cb637c499742,"{""alpha"": ""result"", ""beta"": ""beta"", ""fold"": ""gamma"", ""gamma"": ""fold"", ""result"": ""value"", ""value"": ""alpha""}",0.9136
java-method,java,4,AST_MAPPING_EQUAL,synthetic,False,IDENTICAL_SELF_PAIR,1.0,1.0,0.0,94bec7d18f484d842842cb99b19066aa5f3b90e3118e1639f9f3dcf3ed473462,7f8426476fa9bd87ea6f4b9046dc5086f9b09e0511a2191ba246cb637c499742,"{""alpha"": ""result"", ""beta"": ""beta"", ""fold"": ""gamma"", ""gamma"": ""fold"", ""result"": ""value"", ""value"": ""alpha""}",0.9136
java-method,java,4,CANONICAL_MAPPING_EQUAL,synthetic,False,IDENTICAL_SELF_PAIR,1.0,1.0,0.0,94bec7d18f484d842842cb99b19066aa5f3b90e3118e1639f9f3dcf3ed473462,7f8426476fa9bd87ea6f4b9046dc5086f9b09e0511a2191ba246cb637c499742,"{""alpha"": ""result"", ""beta"": ""beta"", ""fold"": ""gamma"", ""gamma"": ""fold"", ""result"": ""value"", ""value"": ""alpha""}",0.9136
java-method,java,4,ALL_EQUAL,synthetic,False,IDENTICAL_SELF_PAIR,1.0,0.8152175,-0.18478249999999996,94bec7d18f484d842842cb99b19066aa5f3b90e3118e1639f9f3dcf3ed473462,7f8426476fa9bd87ea6f4b9046dc5086f9b09e0511a2191ba246cb637c499742,"{""alpha"": ""result"", ""beta"": ""beta"", ""fold"": ""gamma"", ""gamma"": ""fold"", ""result"": ""value"", ""value"": ""alpha""}",0.9136
java-method,java,4,PICAS_FIXED,synthetic,False,IDENTICAL_SELF_PAIR,1.0,0.852174,-0.147826,94bec7d18f484d842842cb99b19066aa5f3b90e3118e1639f9f3dcf3ed473462,7f8426476fa9bd87ea6f4b9046dc5086f9b09e0511a2191ba246cb637c499742,"{""alpha"": ""result"", ""beta"": ""beta"", ""fold"": ""gamma"", ""gamma"": ""fold"", ""result"": ""value"", ""value"": ""alpha""}",0.9136
java-method,java,4,PICAS_RULE_DYNAMIC,synthetic,False,IDENTICAL_SELF_PAIR,1.0,0.852174,-0.147826,94bec7d18f484d842842cb99b19066aa5f3b90e3118e1639f9f3dcf3ed473462,7f8426476fa9bd87ea6f4b9046dc5086f9b09e0511a2191ba246cb637c499742,"{""alpha"": ""result"", ""beta"": ""beta"", ""fold"": ""gamma"", ""gamma"": ""fold"", ""result"": ""value"", ""value"": ""alpha""}",0.9136
java-method,java,4,PICAS_DYNAMIC_OFFSET,synthetic,False,IDENTICAL_SELF_PAIR,1.0,0.852174,-0.147826,94bec7d18f484d842842cb99b19066aa5f3b90e3118e1639f9f3dcf3ed473462,7f8426476fa9bd87ea6f4b9046dc5086f9b09e0511a2191ba246cb637c499742,"{""alpha"": ""result"", ""beta"": ""beta"", ""fold"": ""gamma"", ""gamma"": ""fold"", ""result"": ""value"", ""value"": ""alpha""}",0.9136
java-method,java,5,RAW_ONLY,synthetic,False,IDENTICAL_SELF_PAIR,1.0,0.348837,-0.6511629999999999,94bec7d18f484d842842cb99b19066aa5f3b90e3118e1639f9f3dcf3ed473462,c83868520afad4ec1d087da4612f205a2a0b7688929a7d4323b460f236d20f1e,"{""alpha"": ""gamma"", ""beta"": ""value"", ""fold"": ""fold"", ""gamma"": ""beta"", ""result"": ""alpha"", ""value"": ""result""}",0.9391
java-method,java,5,AST_ONLY,synthetic,False,IDENTICAL_SELF_PAIR,1.0,1.0,0.0,94bec7d18f484d842842cb99b19066aa5f3b90e3118e1639f9f3dcf3ed473462,c83868520afad4ec1d087da4612f205a2a0b7688929a7d4323b460f236d20f1e,"{""alpha"": ""gamma"", ""beta"": ""value"", ""fold"": ""fold"", ""gamma"": ""beta"", ""result"": ""alpha"", ""value"": ""result""}",0.9391
java-method,java,5,CANONICAL_ONLY,synthetic,False,IDENTICAL_SELF_PAIR,1.0,1.0,0.0,94bec7d18f484d842842cb99b19066aa5f3b90e3118e1639f9f3dcf3ed473462,c83868520afad4ec1d087da4612f205a2a0b7688929a7d4323b460f236d20f1e,"{""alpha"": ""gamma"", ""beta"": ""value"", ""fold"": ""fold"", ""gamma"": ""beta"", ""result"": ""alpha"", ""value"": ""result""}",0.9391
java-method,java,5,MAPPING_ONLY,synthetic,False,IDENTICAL_SELF_PAIR,1.0,1.0,0.0,94bec7d18f484d842842cb99b19066aa5f3b90e3118e1639f9f3dcf3ed473462,c83868520afad4ec1d087da4612f205a2a0b7688929a7d4323b460f236d20f1e,"{""alpha"": ""gamma"", ""beta"": ""value"", ""fold"": ""fold"", ""gamma"": ""beta"", ""result"": ""alpha"", ""value"": ""result""}",0.9391
java-method,java,5,RAW_AST_EQUAL,synthetic,False,IDENTICAL_SELF_PAIR,1.0,0.6744185,-0.32558149999999997,94bec7d18f484d842842cb99b19066aa5f3b90e3118e1639f9f3dcf3ed473462,c83868520afad4ec1d087da4612f205a2a0b7688929a7d4323b460f236d20f1e,"{""alpha"": ""gamma"", ""beta"": ""value"", ""fold"": ""fold"", ""gamma"": ""beta"", ""result"": ""alpha"", ""value"": ""result""}",0.9391
java-method,java,5,RAW_CANONICAL_EQUAL,synthetic,False,IDENTICAL_SELF_PAIR,1.0,0.6744185,-0.32558149999999997,94bec7d18f484d842842cb99b19066aa5f3b90e3118e1639f9f3dcf3ed473462,c83868520afad4ec1d087da4612f205a2a0b7688929a7d4323b460f236d20f1e,"{""alpha"": ""gamma"", ""beta"": ""value"", ""fold"": ""fold"", ""gamma"": ""beta"", ""result"": ""alpha"", ""value"": ""result""}",0.9391
java-method,java,5,RAW_MAPPING_EQUAL,synthetic,False,IDENTICAL_SELF_PAIR,1.0,0.6744185,-0.32558149999999997,94bec7d18f484d842842cb99b19066aa5f3b90e3118e1639f9f3dcf3ed473462,c83868520afad4ec1d087da4612f205a2a0b7688929a7d4323b460f236d20f1e,"{""alpha"": ""gamma"", ""beta"": ""value"", ""fold"": ""fold"", ""gamma"": ""beta"", ""result"": ""alpha"", ""value"": ""result""}",0.9391
java-method,java,5,AST_CANONICAL_EQUAL,synthetic,False,IDENTICAL_SELF_PAIR,1.0,1.0,0.0,94bec7d18f484d842842cb99b19066aa5f3b90e3118e1639f9f3dcf3ed473462,c83868520afad4ec1d087da4612f205a2a0b7688929a7d4323b460f236d20f1e,"{""alpha"": ""gamma"", ""beta"": ""value"", ""fold"": ""fold"", ""gamma"": ""beta"", ""result"": ""alpha"", ""value"": ""result""}",0.9391
java-method,java,5,AST_MAPPING_EQUAL,synthetic,False,IDENTICAL_SELF_PAIR,1.0,1.0,0.0,94bec7d18f484d842842cb99b19066aa5f3b90e3118e1639f9f3dcf3ed473462,c83868520afad4ec1d087da4612f205a2a0b7688929a7d4323b460f236d20f1e,"{""alpha"": ""gamma"", ""beta"": ""value"", ""fold"": ""fold"", ""gamma"": ""beta"", ""result"": ""alpha"", ""value"": ""result""}",0.9391
java-method,java,5,CANONICAL_MAPPING_EQUAL,synthetic,False,IDENTICAL_SELF_PAIR,1.0,1.0,0.0,94bec7d18f484d842842cb99b19066aa5f3b90e3118e1639f9f3dcf3ed473462,c83868520afad4ec1d087da4612f205a2a0b7688929a7d4323b460f236d20f1e,"{""alpha"": ""gamma"", ""beta"": ""value"", ""fold"": ""fold"", ""gamma"": ""beta"", ""result"": ""alpha"", ""value"": ""result""}",0.9391
java-method,java,5,ALL_EQUAL,synthetic,False,IDENTICAL_SELF_PAIR,1.0,0.83720925,-0.16279074999999998,94bec7d18f484d842842cb99b19066aa5f3b90e3118e1639f9f3dcf3ed473462,c83868520afad4ec1d087da4612f205a2a0b7688929a7d4323b460f236d20f1e,"{""alpha"": ""gamma"", ""beta"": ""value"", ""fold"": ""fold"", ""gamma"": ""beta"", ""result"": ""alpha"", ""value"": ""result""}",0.9391
java-method,java,5,PICAS_FIXED,synthetic,False,IDENTICAL_SELF_PAIR,1.0,0.869767,-0.13023300000000004,94bec7d18f484d842842cb99b19066aa5f3b90e3118e1639f9f3dcf3ed473462,c83868520afad4ec1d087da4612f205a2a0b7688929a7d4323b460f236d20f1e,"{""alpha"": ""gamma"", ""beta"": ""value"", ""fold"": ""fold"", ""gamma"": ""beta"", ""result"": ""alpha"", ""value"": ""result""}",0.9391
java-method,java,5,PICAS_RULE_DYNAMIC,synthetic,False,IDENTICAL_SELF_PAIR,1.0,0.869767,-0.13023300000000004,94bec7d18f484d842842cb99b19066aa5f3b90e3118e1639f9f3dcf3ed473462,c83868520afad4ec1d087da4612f205a2a0b7688929a7d4323b460f236d20f1e,"{""alpha"": ""gamma"", ""beta"": ""value"", ""fold"": ""fold"", ""gamma"": ""beta"", ""result"": ""alpha"", ""value"": ""result""}",0.9391
java-method,java,5,PICAS_DYNAMIC_OFFSET,synthetic,False,IDENTICAL_SELF_PAIR,1.0,0.869767,-0.13023300000000004,94bec7d18f484d842842cb99b19066aa5f3b90e3118e1639f9f3dcf3ed473462,c83868520afad4ec1d087da4612f205a2a0b7688929a7d4323b460f236d20f1e,"{""alpha"": ""gamma"", ""beta"": ""value"", ""fold"": ""fold"", ""gamma"": ""beta"", ""result"": ""alpha"", ""value"": ""result""}",0.9391
java-method,java,6,RAW_ONLY,synthetic,False,IDENTICAL_SELF_PAIR,1.0,0.26087,-0.7391300000000001,94bec7d18f484d842842cb99b19066aa5f3b90e3118e1639f9f3dcf3ed473462,e98db875c5e4f91f266c0563024e15796f832b6a1c112a9bb0cda5a600dcebf8,"{""alpha"": ""beta"", ""beta"": ""fold"", ""fold"": ""value"", ""gamma"": ""result"", ""result"": ""gamma"", ""value"": ""alpha""}",0.9114
java-method,java,6,AST_ONLY,synthetic,False,IDENTICAL_SELF_PAIR,1.0,1.0,0.0,94bec7d18f484d842842cb99b19066aa5f3b90e3118e1639f9f3dcf3ed473462,e98db875c5e4f91f266c0563024e15796f832b6a1c112a9bb0cda5a600dcebf8,"{""alpha"": ""beta"", ""beta"": ""fold"", ""fold"": ""value"", ""gamma"": ""result"", ""result"": ""gamma"", ""value"": ""alpha""}",0.9114
java-method,java,6,CANONICAL_ONLY,synthetic,False,IDENTICAL_SELF_PAIR,1.0,1.0,0.0,94bec7d18f484d842842cb99b19066aa5f3b90e3118e1639f9f3dcf3ed473462,e98db875c5e4f91f266c0563024e15796f832b6a1c112a9bb0cda5a600dcebf8,"{""alpha"": ""beta"", ""beta"": ""fold"", ""fold"": ""value"", ""gamma"": ""result"", ""result"": ""gamma"", ""value"": ""alpha""}",0.9114
java-method,java,6,MAPPING_ONLY,synthetic,False,IDENTICAL_SELF_PAIR,1.0,1.0,0.0,94bec7d18f484d842842cb99b19066aa5f3b90e3118e1639f9f3dcf3ed473462,e98db875c5e4f91f266c0563024e15796f832b6a1c112a9bb0cda5a600dcebf8,"{""alpha"": ""beta"", ""beta"": ""fold"", ""fold"": ""value"", ""gamma"": ""result"", ""result"": ""gamma"", ""value"": ""alpha""}",0.9114
java-method,java,6,RAW_AST_EQUAL,synthetic,False,IDENTICAL_SELF_PAIR,1.0,0.630435,-0.36956500000000003,94bec7d18f484d842842cb99b19066aa5f3b90e3118e1639f9f3dcf3ed473462,e98db875c5e4f91f266c0563024e15796f832b6a1c112a9bb0cda5a600dcebf8,"{""alpha"": ""beta"", ""beta"": ""fold"", ""fold"": ""value"", ""gamma"": ""result"", ""result"": ""gamma"", ""value"": ""alpha""}",0.9114
java-method,java,6,RAW_CANONICAL_EQUAL,synthetic,False,IDENTICAL_SELF_PAIR,1.0,0.630435,-0.36956500000000003,94bec7d18f484d842842cb99b19066aa5f3b90e3118e1639f9f3dcf3ed473462,e98db875c5e4f91f266c0563024e15796f832b6a1c112a9bb0cda5a600dcebf8,"{""alpha"": ""beta"", ""beta"": ""fold"", ""fold"": ""value"", ""gamma"": ""result"", ""result"": ""gamma"", ""value"": ""alpha""}",0.9114
java-method,java,6,RAW_MAPPING_EQUAL,synthetic,False,IDENTICAL_SELF_PAIR,1.0,0.630435,-0.36956500000000003,94bec7d18f484d842842cb99b19066aa5f3b90e3118e1639f9f3dcf3ed473462,e98db875c5e4f91f266c0563024e15796f832b6a1c112a9bb0cda5a600dcebf8,"{""alpha"": ""beta"", ""beta"": ""fold"", ""fold"": ""value"", ""gamma"": ""result"", ""result"": ""gamma"", ""value"": ""alpha""}",0.9114
java-method,java,6,AST_CANONICAL_EQUAL,synthetic,False,IDENTICAL_SELF_PAIR,1.0,1.0,0.0,94bec7d18f484d842842cb99b19066aa5f3b90e3118e1639f9f3dcf3ed473462,e98db875c5e4f91f266c0563024e15796f832b6a1c112a9bb0cda5a600dcebf8,"{""alpha"": ""beta"", ""beta"": ""fold"", ""fold"": ""value"", ""gamma"": ""result"", ""result"": ""gamma"", ""value"": ""alpha""}",0.9114
java-method,java,6,AST_MAPPING_EQUAL,synthetic,False,IDENTICAL_SELF_PAIR,1.0,1.0,0.0,94bec7d18f484d842842cb99b19066aa5f3b90e3118e1639f9f3dcf3ed473462,e98db875c5e4f91f266c0563024e15796f832b6a1c112a9bb0cda5a600dcebf8,"{""alpha"": ""beta"", ""beta"": ""fold"", ""fold"": ""value"", ""gamma"": ""result"", ""result"": ""gamma"", ""value"": ""alpha""}",0.9114
java-method,java,6,CANONICAL_MAPPING_EQUAL,synthetic,False,IDENTICAL_SELF_PAIR,1.0,1.0,0.0,94bec7d18f484d842842cb99b19066aa5f3b90e3118e1639f9f3dcf3ed473462,e98db875c5e4f91f266c0563024e15796f832b6a1c112a9bb0cda5a600dcebf8,"{""alpha"": ""beta"", ""beta"": ""fold"", ""fold"": ""value"", ""gamma"": ""result"", ""result"": ""gamma"", ""value"": ""alpha""}",0.9114
java-method,java,6,ALL_EQUAL,synthetic,False,IDENTICAL_SELF_PAIR,1.0,0.8152175,-0.18478249999999996,94bec7d18f484d842842cb99b19066aa5f3b90e3118e1639f9f3dcf3ed473462,e98db875c5e4f91f266c0563024e15796f832b6a1c112a9bb0cda5a600dcebf8,"{""alpha"": ""beta"", ""beta"": ""fold"", ""fold"": ""value"", ""gamma"": ""result"", ""result"": ""gamma"", ""value"": ""alpha""}",0.9114
java-method,java,6,PICAS_FIXED,synthetic,False,IDENTICAL_SELF_PAIR,1.0,0.852174,-0.147826,94bec7d18f484d842842cb99b19066aa5f3b90e3118e1639f9f3dcf3ed473462,e98db875c5e4f91f266c0563024e15796f832b6a1c112a9bb0cda5a600dcebf8,"{""alpha"": ""beta"", ""beta"": ""fold"", ""fold"": ""value"", ""gamma"": ""result"", ""result"": ""gamma"", ""value"": ""alpha""}",0.9114
java-method,java,6,PICAS_RULE_DYNAMIC,synthetic,False,IDENTICAL_SELF_PAIR,1.0,0.852174,-0.147826,94bec7d18f484d842842cb99b19066aa5f3b90e3118e1639f9f3dcf3ed473462,e98db875c5e4f91f266c0563024e15796f832b6a1c112a9bb0cda5a600dcebf8,"{""alpha"": ""beta"", ""beta"": ""fold"", ""fold"": ""value"", ""gamma"": ""result"", ""result"": ""gamma"", ""value"": ""alpha""}",0.9114
java-method,java,6,PICAS_DYNAMIC_OFFSET,synthetic,False,IDENTICAL_SELF_PAIR,1.0,0.852174,-0.147826,94bec7d18f484d842842cb99b19066aa5f3b90e3118e1639f9f3dcf3ed473462,e98db875c5e4f91f266c0563024e15796f832b6a1c112a9bb0cda5a600dcebf8,"{""alpha"": ""beta"", ""beta"": ""fold"", ""fold"": ""value"", ""gamma"": ""result"", ""result"": ""gamma"", ""value"": ""alpha""}",0.9114
java-method,java,7,RAW_ONLY,synthetic,False,IDENTICAL_SELF_PAIR,1.0,0.26087,-0.7391300000000001,94bec7d18f484d842842cb99b19066aa5f3b90e3118e1639f9f3dcf3ed473462,7f8426476fa9bd87ea6f4b9046dc5086f9b09e0511a2191ba246cb637c499742,"{""alpha"": ""beta"", ""beta"": ""result"", ""fold"": ""gamma"", ""gamma"": ""fold"", ""result"": ""value"", ""value"": ""alpha""}",0.8917
java-method,java,7,AST_ONLY,synthetic,False,IDENTICAL_SELF_PAIR,1.0,1.0,0.0,94bec7d18f484d842842cb99b19066aa5f3b90e3118e1639f9f3dcf3ed473462,7f8426476fa9bd87ea6f4b9046dc5086f9b09e0511a2191ba246cb637c499742,"{""alpha"": ""beta"", ""beta"": ""result"", ""fold"": ""gamma"", ""gamma"": ""fold"", ""result"": ""value"", ""value"": ""alpha""}",0.8917
java-method,java,7,CANONICAL_ONLY,synthetic,False,IDENTICAL_SELF_PAIR,1.0,1.0,0.0,94bec7d18f484d842842cb99b19066aa5f3b90e3118e1639f9f3dcf3ed473462,7f8426476fa9bd87ea6f4b9046dc5086f9b09e0511a2191ba246cb637c499742,"{""alpha"": ""beta"", ""beta"": ""result"", ""fold"": ""gamma"", ""gamma"": ""fold"", ""result"": ""value"", ""value"": ""alpha""}",0.8917
java-method,java,7,MAPPING_ONLY,synthetic,False,IDENTICAL_SELF_PAIR,1.0,1.0,0.0,94bec7d18f484d842842cb99b19066aa5f3b90e3118e1639f9f3dcf3ed473462,7f8426476fa9bd87ea6f4b9046dc5086f9b09e0511a2191ba246cb637c499742,"{""alpha"": ""beta"", ""beta"": ""result"", ""fold"": ""gamma"", ""gamma"": ""fold"", ""result"": ""value"", ""value"": ""alpha""}",0.8917
java-method,java,7,RAW_AST_EQUAL,synthetic,False,IDENTICAL_SELF_PAIR,1.0,0.630435,-0.36956500000000003,94bec7d18f484d842842cb99b19066aa5f3b90e3118e1639f9f3dcf3ed473462,7f8426476fa9bd87ea6f4b9046dc5086f9b09e0511a2191ba246cb637c499742,"{""alpha"": ""beta"", ""beta"": ""result"", ""fold"": ""gamma"", ""gamma"": ""fold"", ""result"": ""value"", ""value"": ""alpha""}",0.8917
java-method,java,7,RAW_CANONICAL_EQUAL,synthetic,False,IDENTICAL_SELF_PAIR,1.0,0.630435,-0.36956500000000003,94bec7d18f484d842842cb99b19066aa5f3b90e3118e1639f9f3dcf3ed473462,7f8426476fa9bd87ea6f4b9046dc5086f9b09e0511a2191ba246cb637c499742,"{""alpha"": ""beta"", ""beta"": ""result"", ""fold"": ""gamma"", ""gamma"": ""fold"", ""result"": ""value"", ""value"": ""alpha""}",0.8917
java-method,java,7,RAW_MAPPING_EQUAL,synthetic,False,IDENTICAL_SELF_PAIR,1.0,0.630435,-0.36956500000000003,94bec7d18f484d842842cb99b19066aa5f3b90e3118e1639f9f3dcf3ed473462,7f8426476fa9bd87ea6f4b9046dc5086f9b09e0511a2191ba246cb637c499742,"{""alpha"": ""beta"", ""beta"": ""result"", ""fold"": ""gamma"", ""gamma"": ""fold"", ""result"": ""value"", ""value"": ""alpha""}",0.8917
java-method,java,7,AST_CANONICAL_EQUAL,synthetic,False,IDENTICAL_SELF_PAIR,1.0,1.0,0.0,94bec7d18f484d842842cb99b19066aa5f3b90e3118e1639f9f3dcf3ed473462,7f8426476fa9bd87ea6f4b9046dc5086f9b09e0511a2191ba246cb637c499742,"{""alpha"": ""beta"", ""beta"": ""result"", ""fold"": ""gamma"", ""gamma"": ""fold"", ""result"": ""value"", ""value"": ""alpha""}",0.8917
java-method,java,7,AST_MAPPING_EQUAL,synthetic,False,IDENTICAL_SELF_PAIR,1.0,1.0,0.0,94bec7d18f484d842842cb99b19066aa5f3b90e3118e1639f9f3dcf3ed473462,7f8426476fa9bd87ea6f4b9046dc5086f9b09e0511a2191ba246cb637c499742,"{""alpha"": ""beta"", ""beta"": ""result"", ""fold"": ""gamma"", ""gamma"": ""fold"", ""result"": ""value"", ""value"": ""alpha""}",0.8917
java-method,java,7,CANONICAL_MAPPING_EQUAL,synthetic,False,IDENTICAL_SELF_PAIR,1.0,1.0,0.0,94bec7d18f484d842842cb99b19066aa5f3b90e3118e1639f9f3dcf3ed473462,7f8426476fa9bd87ea6f4b9046dc5086f9b09e0511a2191ba246cb637c499742,"{""alpha"": ""beta"", ""beta"": ""result"", ""fold"": ""gamma"", ""gamma"": ""fold"", ""result"": ""value"", ""value"": ""alpha""}",0.8917
java-method,java,7,ALL_EQUAL,synthetic,False,IDENTICAL_SELF_PAIR,1.0,0.8152175,-0.18478249999999996,94bec7d18f484d842842cb99b19066aa5f3b90e3118e1639f9f3dcf3ed473462,7f8426476fa9bd87ea6f4b9046dc5086f9b09e0511a2191ba246cb637c499742,"{""alpha"": ""beta"", ""beta"": ""result"", ""fold"": ""gamma"", ""gamma"": ""fold"", ""result"": ""value"", ""value"": ""alpha""}",0.8917
java-method,java,7,PICAS_FIXED,synthetic,False,IDENTICAL_SELF_PAIR,1.0,0.852174,-0.147826,94bec7d18f484d842842cb99b19066aa5f3b90e3118e1639f9f3dcf3ed473462,7f8426476fa9bd87ea6f4b9046dc5086f9b09e0511a2191ba246cb637c499742,"{""alpha"": ""beta"", ""beta"": ""result"", ""fold"": ""gamma"", ""gamma"": ""fold"", ""result"": ""value"", ""value"": ""alpha""}",0.8917
java-method,java,7,PICAS_RULE_DYNAMIC,synthetic,False,IDENTICAL_SELF_PAIR,1.0,0.852174,-0.147826,94bec7d18f484d842842cb99b19066aa5f3b90e3118e1639f9f3dcf3ed473462,7f8426476fa9bd87ea6f4b9046dc5086f9b09e0511a2191ba246cb637c499742,"{""alpha"": ""beta"", ""beta"": ""result"", ""fold"": ""gamma"", ""gamma"": ""fold"", ""result"": ""value"", ""value"": ""alpha""}",0.8917
java-method,java,7,PICAS_DYNAMIC_OFFSET,synthetic,False,IDENTICAL_SELF_PAIR,1.0,0.852174,-0.147826,94bec7d18f484d842842cb99b19066aa5f3b90e3118e1639f9f3dcf3ed473462,7f8426476fa9bd87ea6f4b9046dc5086f9b09e0511a2191ba246cb637c499742,"{""alpha"": ""beta"", ""beta"": ""result"", ""fold"": ""gamma"", ""gamma"": ""fold"", ""result"": ""value"", ""value"": ""alpha""}",0.8917
java-blocks,java,0,RAW_ONLY,synthetic,False,IDENTICAL_SELF_PAIR,1.0,1.0,0.0,b19bd5b848f4bb671796f80c6961d28376153dd92f94fb247ff0d18ff52f172c,b19bd5b848f4bb671796f80c6961d28376153dd92f94fb247ff0d18ff52f172c,"{""alpha"": ""alpha"", ""beta"": ""beta"", ""fold"": ""fold"", ""left"": ""left"", ""right"": ""right"", ""value"": ""value""}",1.2499
java-blocks,java,0,AST_ONLY,synthetic,False,IDENTICAL_SELF_PAIR,1.0,1.0,0.0,b19bd5b848f4bb671796f80c6961d28376153dd92f94fb247ff0d18ff52f172c,b19bd5b848f4bb671796f80c6961d28376153dd92f94fb247ff0d18ff52f172c,"{""alpha"": ""alpha"", ""beta"": ""beta"", ""fold"": ""fold"", ""left"": ""left"", ""right"": ""right"", ""value"": ""value""}",1.2499
java-blocks,java,0,CANONICAL_ONLY,synthetic,False,IDENTICAL_SELF_PAIR,1.0,1.0,0.0,b19bd5b848f4bb671796f80c6961d28376153dd92f94fb247ff0d18ff52f172c,b19bd5b848f4bb671796f80c6961d28376153dd92f94fb247ff0d18ff52f172c,"{""alpha"": ""alpha"", ""beta"": ""beta"", ""fold"": ""fold"", ""left"": ""left"", ""right"": ""right"", ""value"": ""value""}",1.2499
java-blocks,java,0,MAPPING_ONLY,synthetic,False,IDENTICAL_SELF_PAIR,1.0,1.0,0.0,b19bd5b848f4bb671796f80c6961d28376153dd92f94fb247ff0d18ff52f172c,b19bd5b848f4bb671796f80c6961d28376153dd92f94fb247ff0d18ff52f172c,"{""alpha"": ""alpha"", ""beta"": ""beta"", ""fold"": ""fold"", ""left"": ""left"", ""right"": ""right"", ""value"": ""value""}",1.2499
java-blocks,java,0,RAW_AST_EQUAL,synthetic,False,IDENTICAL_SELF_PAIR,1.0,1.0,0.0,b19bd5b848f4bb671796f80c6961d28376153dd92f94fb247ff0d18ff52f172c,b19bd5b848f4bb671796f80c6961d28376153dd92f94fb247ff0d18ff52f172c,"{""alpha"": ""alpha"", ""beta"": ""beta"", ""fold"": ""fold"", ""left"": ""left"", ""right"": ""right"", ""value"": ""value""}",1.2499
java-blocks,java,0,RAW_CANONICAL_EQUAL,synthetic,False,IDENTICAL_SELF_PAIR,1.0,1.0,0.0,b19bd5b848f4bb671796f80c6961d28376153dd92f94fb247ff0d18ff52f172c,b19bd5b848f4bb671796f80c6961d28376153dd92f94fb247ff0d18ff52f172c,"{""alpha"": ""alpha"", ""beta"": ""beta"", ""fold"": ""fold"", ""left"": ""left"", ""right"": ""right"", ""value"": ""value""}",1.2499
java-blocks,java,0,RAW_MAPPING_EQUAL,synthetic,False,IDENTICAL_SELF_PAIR,1.0,1.0,0.0,b19bd5b848f4bb671796f80c6961d28376153dd92f94fb247ff0d18ff52f172c,b19bd5b848f4bb671796f80c6961d28376153dd92f94fb247ff0d18ff52f172c,"{""alpha"": ""alpha"", ""beta"": ""beta"", ""fold"": ""fold"", ""left"": ""left"", ""right"": ""right"", ""value"": ""value""}",1.2499
java-blocks,java,0,AST_CANONICAL_EQUAL,synthetic,False,IDENTICAL_SELF_PAIR,1.0,1.0,0.0,b19bd5b848f4bb671796f80c6961d28376153dd92f94fb247ff0d18ff52f172c,b19bd5b848f4bb671796f80c6961d28376153dd92f94fb247ff0d18ff52f172c,"{""alpha"": ""alpha"", ""beta"": ""beta"", ""fold"": ""fold"", ""left"": ""left"", ""right"": ""right"", ""value"": ""value""}",1.2499
java-blocks,java,0,AST_MAPPING_EQUAL,synthetic,False,IDENTICAL_SELF_PAIR,1.0,1.0,0.0,b19bd5b848f4bb671796f80c6961d28376153dd92f94fb247ff0d18ff52f172c,b19bd5b848f4bb671796f80c6961d28376153dd92f94fb247ff0d18ff52f172c,"{""alpha"": ""alpha"", ""beta"": ""beta"", ""fold"": ""fold"", ""left"": ""left"", ""right"": ""right"", ""value"": ""value""}",1.2499
java-blocks,java,0,CANONICAL_MAPPING_EQUAL,synthetic,False,IDENTICAL_SELF_PAIR,1.0,1.0,0.0,b19bd5b848f4bb671796f80c6961d28376153dd92f94fb247ff0d18ff52f172c,b19bd5b848f4bb671796f80c6961d28376153dd92f94fb247ff0d18ff52f172c,"{""alpha"": ""alpha"", ""beta"": ""beta"", ""fold"": ""fold"", ""left"": ""left"", ""right"": ""right"", ""value"": ""value""}",1.2499
java-blocks,java,0,ALL_EQUAL,synthetic,False,IDENTICAL_SELF_PAIR,1.0,1.0,0.0,b19bd5b848f4bb671796f80c6961d28376153dd92f94fb247ff0d18ff52f172c,b19bd5b848f4bb671796f80c6961d28376153dd92f94fb247ff0d18ff52f172c,"{""alpha"": ""alpha"", ""beta"": ""beta"", ""fold"": ""fold"", ""left"": ""left"", ""right"": ""right"", ""value"": ""value""}",1.2499
java-blocks,java,0,PICAS_FIXED,synthetic,False,IDENTICAL_SELF_PAIR,1.0,1.0,0.0,b19bd5b848f4bb671796f80c6961d28376153dd92f94fb247ff0d18ff52f172c,b19bd5b848f4bb671796f80c6961d28376153dd92f94fb247ff0d18ff52f172c,"{""alpha"": ""alpha"", ""beta"": ""beta"", ""fold"": ""fold"", ""left"": ""left"", ""right"": ""right"", ""value"": ""value""}",1.2499
java-blocks,java,0,PICAS_RULE_DYNAMIC,synthetic,False,IDENTICAL_SELF_PAIR,1.0,1.0,0.0,b19bd5b848f4bb671796f80c6961d28376153dd92f94fb247ff0d18ff52f172c,b19bd5b848f4bb671796f80c6961d28376153dd92f94fb247ff0d18ff52f172c,"{""alpha"": ""alpha"", ""beta"": ""beta"", ""fold"": ""fold"", ""left"": ""left"", ""right"": ""right"", ""value"": ""value""}",1.2499
java-blocks,java,0,PICAS_DYNAMIC_OFFSET,synthetic,False,IDENTICAL_SELF_PAIR,1.0,1.0,0.0,b19bd5b848f4bb671796f80c6961d28376153dd92f94fb247ff0d18ff52f172c,b19bd5b848f4bb671796f80c6961d28376153dd92f94fb247ff0d18ff52f172c,"{""alpha"": ""alpha"", ""beta"": ""beta"", ""fold"": ""fold"", ""left"": ""left"", ""right"": ""right"", ""value"": ""value""}",1.2499
java-blocks,java,1,RAW_ONLY,synthetic,False,IDENTICAL_SELF_PAIR,1.0,0.269841,-0.730159,b19bd5b848f4bb671796f80c6961d28376153dd92f94fb247ff0d18ff52f172c,0a8678c0e7e1396fff3ab1728e5ae93c15eb089592bbe387de2dccc8b06eab49,"{""alpha"": ""value"", ""beta"": ""left"", ""fold"": ""right"", ""left"": ""beta"", ""right"": ""fold"", ""value"": ""alpha""}",1.2186
java-blocks,java,1,AST_ONLY,synthetic,False,IDENTICAL_SELF_PAIR,1.0,1.0,0.0,b19bd5b848f4bb671796f80c6961d28376153dd92f94fb247ff0d18ff52f172c,0a8678c0e7e1396fff3ab1728e5ae93c15eb089592bbe387de2dccc8b06eab49,"{""alpha"": ""value"", ""beta"": ""left"", ""fold"": ""right"", ""left"": ""beta"", ""right"": ""fold"", ""value"": ""alpha""}",1.2186
java-blocks,java,1,CANONICAL_ONLY,synthetic,False,IDENTICAL_SELF_PAIR,1.0,1.0,0.0,b19bd5b848f4bb671796f80c6961d28376153dd92f94fb247ff0d18ff52f172c,0a8678c0e7e1396fff3ab1728e5ae93c15eb089592bbe387de2dccc8b06eab49,"{""alpha"": ""value"", ""beta"": ""left"", ""fold"": ""right"", ""left"": ""beta"", ""right"": ""fold"", ""value"": ""alpha""}",1.2186
java-blocks,java,1,MAPPING_ONLY,synthetic,False,IDENTICAL_SELF_PAIR,1.0,1.0,0.0,b19bd5b848f4bb671796f80c6961d28376153dd92f94fb247ff0d18ff52f172c,0a8678c0e7e1396fff3ab1728e5ae93c15eb089592bbe387de2dccc8b06eab49,"{""alpha"": ""value"", ""beta"": ""left"", ""fold"": ""right"", ""left"": ""beta"", ""right"": ""fold"", ""value"": ""alpha""}",1.2186
java-blocks,java,1,RAW_AST_EQUAL,synthetic,False,IDENTICAL_SELF_PAIR,1.0,0.6349205,-0.3650795,b19bd5b848f4bb671796f80c6961d28376153dd92f94fb247ff0d18ff52f172c,0a8678c0e7e1396fff3ab1728e5ae93c15eb089592bbe387de2dccc8b06eab49,"{""alpha"": ""value"", ""beta"": ""left"", ""fold"": ""right"", ""left"": ""beta"", ""right"": ""fold"", ""value"": ""alpha""}",1.2186
java-blocks,java,1,RAW_CANONICAL_EQUAL,synthetic,False,IDENTICAL_SELF_PAIR,1.0,0.6349205,-0.3650795,b19bd5b848f4bb671796f80c6961d28376153dd92f94fb247ff0d18ff52f172c,0a8678c0e7e1396fff3ab1728e5ae93c15eb089592bbe387de2dccc8b06eab49,"{""alpha"": ""value"", ""beta"": ""left"", ""fold"": ""right"", ""left"": ""beta"", ""right"": ""fold"", ""value"": ""alpha""}",1.2186
java-blocks,java,1,RAW_MAPPING_EQUAL,synthetic,False,IDENTICAL_SELF_PAIR,1.0,0.6349205,-0.3650795,b19bd5b848f4bb671796f80c6961d28376153dd92f94fb247ff0d18ff52f172c,0a8678c0e7e1396fff3ab1728e5ae93c15eb089592bbe387de2dccc8b06eab49,"{""alpha"": ""value"", ""beta"": ""left"", ""fold"": ""right"", ""left"": ""beta"", ""right"": ""fold"", ""value"": ""alpha""}",1.2186
java-blocks,java,1,AST_CANONICAL_EQUAL,synthetic,False,IDENTICAL_SELF_PAIR,1.0,1.0,0.0,b19bd5b848f4bb671796f80c6961d28376153dd92f94fb247ff0d18ff52f172c,0a8678c0e7e1396fff3ab1728e5ae93c15eb089592bbe387de2dccc8b06eab49,"{""alpha"": ""value"", ""beta"": ""left"", ""fold"": ""right"", ""left"": ""beta"", ""right"": ""fold"", ""value"": ""alpha""}",1.2186
java-blocks,java,1,AST_MAPPING_EQUAL,synthetic,False,IDENTICAL_SELF_PAIR,1.0,1.0,0.0,b19bd5b848f4bb671796f80c6961d28376153dd92f94fb247ff0d18ff52f172c,0a8678c0e7e1396fff3ab1728e5ae93c15eb089592bbe387de2dccc8b06eab49,"{""alpha"": ""value"", ""beta"": ""left"", ""fold"": ""right"", ""left"": ""beta"", ""right"": ""fold"", ""value"": ""alpha""}",1.2186
java-blocks,java,1,CANONICAL_MAPPING_EQUAL,synthetic,False,IDENTICAL_SELF_PAIR,1.0,1.0,0.0,b19bd5b848f4bb671796f80c6961d28376153dd92f94fb247ff0d18ff52f172c,0a8678c0e7e1396fff3ab1728e5ae93c15eb089592bbe387de2dccc8b06eab49,"{""alpha"": ""value"", ""beta"": ""left"", ""fold"": ""right"", ""left"": ""beta"", ""right"": ""fold"", ""value"": ""alpha""}",1.2186
java-blocks,java,1,ALL_EQUAL,synthetic,False,IDENTICAL_SELF_PAIR,1.0,0.81746025,-0.18253975,b19bd5b848f4bb671796f80c6961d28376153dd92f94fb247ff0d18ff52f172c,0a8678c0e7e1396fff3ab1728e5ae93c15eb089592bbe387de2dccc8b06eab49,"{""alpha"": ""value"", ""beta"": ""left"", ""fold"": ""right"", ""left"": ""beta"", ""right"": ""fold"", ""value"": ""alpha""}",1.2186
java-blocks,java,1,PICAS_FIXED,synthetic,False,IDENTICAL_SELF_PAIR,1.0,0.853968,-0.14603200000000005,b19bd5b848f4bb671796f80c6961d28376153dd92f94fb247ff0d18ff52f172c,0a8678c0e7e1396fff3ab1728e5ae93c15eb089592bbe387de2dccc8b06eab49,"{""alpha"": ""value"", ""beta"": ""left"", ""fold"": ""right"", ""left"": ""beta"", ""right"": ""fold"", ""value"": ""alpha""}",1.2186
java-blocks,java,1,PICAS_RULE_DYNAMIC,synthetic,False,IDENTICAL_SELF_PAIR,1.0,0.853968,-0.14603200000000005,b19bd5b848f4bb671796f80c6961d28376153dd92f94fb247ff0d18ff52f172c,0a8678c0e7e1396fff3ab1728e5ae93c15eb089592bbe387de2dccc8b06eab49,"{""alpha"": ""value"", ""beta"": ""left"", ""fold"": ""right"", ""left"": ""beta"", ""right"": ""fold"", ""value"": ""alpha""}",1.2186
java-blocks,java,1,PICAS_DYNAMIC_OFFSET,synthetic,False,IDENTICAL_SELF_PAIR,1.0,0.853968,-0.14603200000000005,b19bd5b848f4bb671796f80c6961d28376153dd92f94fb247ff0d18ff52f172c,0a8678c0e7e1396fff3ab1728e5ae93c15eb089592bbe387de2dccc8b06eab49,"{""alpha"": ""value"", ""beta"": ""left"", ""fold"": ""right"", ""left"": ""beta"", ""right"": ""fold"", ""value"": ""alpha""}",1.2186
java-blocks,java,2,RAW_ONLY,synthetic,False,IDENTICAL_SELF_PAIR,1.0,0.290323,-0.709677,b19bd5b848f4bb671796f80c6961d28376153dd92f94fb247ff0d18ff52f172c,39b2eae2faeb76e1f8abe778b689ac620821bb925b704181b37c0a6eede68276,"{""alpha"": ""right"", ""beta"": ""left"", ""fold"": ""fold"", ""left"": ""value"", ""right"": ""beta"", ""value"": ""alpha""}",1.198
java-blocks,java,2,AST_ONLY,synthetic,False,IDENTICAL_SELF_PAIR,1.0,1.0,0.0,b19bd5b848f4bb671796f80c6961d28376153dd92f94fb247ff0d18ff52f172c,39b2eae2faeb76e1f8abe778b689ac620821bb925b704181b37c0a6eede68276,"{""alpha"": ""right"", ""beta"": ""left"", ""fold"": ""fold"", ""left"": ""value"", ""right"": ""beta"", ""value"": ""alpha""}",1.198
java-blocks,java,2,CANONICAL_ONLY,synthetic,False,IDENTICAL_SELF_PAIR,1.0,1.0,0.0,b19bd5b848f4bb671796f80c6961d28376153dd92f94fb247ff0d18ff52f172c,39b2eae2faeb76e1f8abe778b689ac620821bb925b704181b37c0a6eede68276,"{""alpha"": ""right"", ""beta"": ""left"", ""fold"": ""fold"", ""left"": ""value"", ""right"": ""beta"", ""value"": ""alpha""}",1.198
java-blocks,java,2,MAPPING_ONLY,synthetic,False,IDENTICAL_SELF_PAIR,1.0,1.0,0.0,b19bd5b848f4bb671796f80c6961d28376153dd92f94fb247ff0d18ff52f172c,39b2eae2faeb76e1f8abe778b689ac620821bb925b704181b37c0a6eede68276,"{""alpha"": ""right"", ""beta"": ""left"", ""fold"": ""fold"", ""left"": ""value"", ""right"": ""beta"", ""value"": ""alpha""}",1.198
java-blocks,java,2,RAW_AST_EQUAL,synthetic,False,IDENTICAL_SELF_PAIR,1.0,0.6451614999999999,-0.35483850000000006,b19bd5b848f4bb671796f80c6961d28376153dd92f94fb247ff0d18ff52f172c,39b2eae2faeb76e1f8abe778b689ac620821bb925b704181b37c0a6eede68276,"{""alpha"": ""right"", ""beta"": ""left"", ""fold"": ""fold"", ""left"": ""value"", ""right"": ""beta"", ""value"": ""alpha""}",1.198
java-blocks,java,2,RAW_CANONICAL_EQUAL,synthetic,False,IDENTICAL_SELF_PAIR,1.0,0.6451614999999999,-0.35483850000000006,b19bd5b848f4bb671796f80c6961d28376153dd92f94fb247ff0d18ff52f172c,39b2eae2faeb76e1f8abe778b689ac620821bb925b704181b37c0a6eede68276,"{""alpha"": ""right"", ""beta"": ""left"", ""fold"": ""fold"", ""left"": ""value"", ""right"": ""beta"", ""value"": ""alpha""}",1.198
java-blocks,java,2,RAW_MAPPING_EQUAL,synthetic,False,IDENTICAL_SELF_PAIR,1.0,0.6451614999999999,-0.35483850000000006,b19bd5b848f4bb671796f80c6961d28376153dd92f94fb247ff0d18ff52f172c,39b2eae2faeb76e1f8abe778b689ac620821bb925b704181b37c0a6eede68276,"{""alpha"": ""right"", ""beta"": ""left"", ""fold"": ""fold"", ""left"": ""value"", ""right"": ""beta"", ""value"": ""alpha""}",1.198
java-blocks,java,2,AST_CANONICAL_EQUAL,synthetic,False,IDENTICAL_SELF_PAIR,1.0,1.0,0.0,b19bd5b848f4bb671796f80c6961d28376153dd92f94fb247ff0d18ff52f172c,39b2eae2faeb76e1f8abe778b689ac620821bb925b704181b37c0a6eede68276,"{""alpha"": ""right"", ""beta"": ""left"", ""fold"": ""fold"", ""left"": ""value"", ""right"": ""beta"", ""value"": ""alpha""}",1.198
java-blocks,java,2,AST_MAPPING_EQUAL,synthetic,False,IDENTICAL_SELF_PAIR,1.0,1.0,0.0,b19bd5b848f4bb671796f80c6961d28376153dd92f94fb247ff0d18ff52f172c,39b2eae2faeb76e1f8abe778b689ac620821bb925b704181b37c0a6eede68276,"{""alpha"": ""right"", ""beta"": ""left"", ""fold"": ""fold"", ""left"": ""value"", ""right"": ""beta"", ""value"": ""alpha""}",1.198
java-blocks,java,2,CANONICAL_MAPPING_EQUAL,synthetic,False,IDENTICAL_SELF_PAIR,1.0,1.0,0.0,b19bd5b848f4bb671796f80c6961d28376153dd92f94fb247ff0d18ff52f172c,39b2eae2faeb76e1f8abe778b689ac620821bb925b704181b37c0a6eede68276,"{""alpha"": ""right"", ""beta"": ""left"", ""fold"": ""fold"", ""left"": ""value"", ""right"": ""beta"", ""value"": ""alpha""}",1.198
java-blocks,java,2,ALL_EQUAL,synthetic,False,IDENTICAL_SELF_PAIR,1.0,0.82258075,-0.17741925000000003,b19bd5b848f4bb671796f80c6961d28376153dd92f94fb247ff0d18ff52f172c,39b2eae2faeb76e1f8abe778b689ac620821bb925b704181b37c0a6eede68276,"{""alpha"": ""right"", ""beta"": ""left"", ""fold"": ""fold"", ""left"": ""value"", ""right"": ""beta"", ""value"": ""alpha""}",1.198
java-blocks,java,2,PICAS_FIXED,synthetic,False,IDENTICAL_SELF_PAIR,1.0,0.858065,-0.14193500000000003,b19bd5b848f4bb671796f80c6961d28376153dd92f94fb247ff0d18ff52f172c,39b2eae2faeb76e1f8abe778b689ac620821bb925b704181b37c0a6eede68276,"{""alpha"": ""right"", ""beta"": ""left"", ""fold"": ""fold"", ""left"": ""value"", ""right"": ""beta"", ""value"": ""alpha""}",1.198
java-blocks,java,2,PICAS_RULE_DYNAMIC,synthetic,False,IDENTICAL_SELF_PAIR,1.0,0.858065,-0.14193500000000003,b19bd5b848f4bb671796f80c6961d28376153dd92f94fb247ff0d18ff52f172c,39b2eae2faeb76e1f8abe778b689ac620821bb925b704181b37c0a6eede68276,"{""alpha"": ""right"", ""beta"": ""left"", ""fold"": ""fold"", ""left"": ""value"", ""right"": ""beta"", ""value"": ""alpha""}",1.198
java-blocks,java,2,PICAS_DYNAMIC_OFFSET,synthetic,False,IDENTICAL_SELF_PAIR,1.0,0.858065,-0.14193500000000003,b19bd5b848f4bb671796f80c6961d28376153dd92f94fb247ff0d18ff52f172c,39b2eae2faeb76e1f8abe778b689ac620821bb925b704181b37c0a6eede68276,"{""alpha"": ""right"", ""beta"": ""left"", ""fold"": ""fold"", ""left"": ""value"", ""right"": ""beta"", ""value"": ""alpha""}",1.198
java-blocks,java,3,RAW_ONLY,synthetic,False,IDENTICAL_SELF_PAIR,1.0,0.403509,-0.596491,b19bd5b848f4bb671796f80c6961d28376153dd92f94fb247ff0d18ff52f172c,450689d36611a9e7bb254eac54f67043441aae325da71ffd9cc4d2db674d0f34,"{""alpha"": ""value"", ""beta"": ""beta"", ""fold"": ""fold"", ""left"": ""right"", ""right"": ""alpha"", ""value"": ""left""}",1.207
java-blocks,java,3,AST_ONLY,synthetic,False,IDENTICAL_SELF_PAIR,1.0,1.0,0.0,b19bd5b848f4bb671796f80c6961d28376153dd92f94fb247ff0d18ff52f172c,450689d36611a9e7bb254eac54f67043441aae325da71ffd9cc4d2db674d0f34,"{""alpha"": ""value"", ""beta"": ""beta"", ""fold"": ""fold"", ""left"": ""right"", ""right"": ""alpha"", ""value"": ""left""}",1.207
java-blocks,java,3,CANONICAL_ONLY,synthetic,False,IDENTICAL_SELF_PAIR,1.0,1.0,0.0,b19bd5b848f4bb671796f80c6961d28376153dd92f94fb247ff0d18ff52f172c,450689d36611a9e7bb254eac54f67043441aae325da71ffd9cc4d2db674d0f34,"{""alpha"": ""value"", ""beta"": ""beta"", ""fold"": ""fold"", ""left"": ""right"", ""right"": ""alpha"", ""value"": ""left""}",1.207
java-blocks,java,3,MAPPING_ONLY,synthetic,False,IDENTICAL_SELF_PAIR,1.0,1.0,0.0,b19bd5b848f4bb671796f80c6961d28376153dd92f94fb247ff0d18ff52f172c,450689d36611a9e7bb254eac54f67043441aae325da71ffd9cc4d2db674d0f34,"{""alpha"": ""value"", ""beta"": ""beta"", ""fold"": ""fold"", ""left"": ""right"", ""right"": ""alpha"", ""value"": ""left""}",1.207
java-blocks,java,3,RAW_AST_EQUAL,synthetic,False,IDENTICAL_SELF_PAIR,1.0,0.7017545000000001,-0.29824549999999994,b19bd5b848f4bb671796f80c6961d28376153dd92f94fb247ff0d18ff52f172c,450689d36611a9e7bb254eac54f67043441aae325da71ffd9cc4d2db674d0f34,"{""alpha"": ""value"", ""beta"": ""beta"", ""fold"": ""fold"", ""left"": ""right"", ""right"": ""alpha"", ""value"": ""left""}",1.207
java-blocks,java,3,RAW_CANONICAL_EQUAL,synthetic,False,IDENTICAL_SELF_PAIR,1.0,0.7017545000000001,-0.29824549999999994,b19bd5b848f4bb671796f80c6961d28376153dd92f94fb247ff0d18ff52f172c,450689d36611a9e7bb254eac54f67043441aae325da71ffd9cc4d2db674d0f34,"{""alpha"": ""value"", ""beta"": ""beta"", ""fold"": ""fold"", ""left"": ""right"", ""right"": ""alpha"", ""value"": ""left""}",1.207
java-blocks,java,3,RAW_MAPPING_EQUAL,synthetic,False,IDENTICAL_SELF_PAIR,1.0,0.7017545000000001,-0.29824549999999994,b19bd5b848f4bb671796f80c6961d28376153dd92f94fb247ff0d18ff52f172c,450689d36611a9e7bb254eac54f67043441aae325da71ffd9cc4d2db674d0f34,"{""alpha"": ""value"", ""beta"": ""beta"", ""fold"": ""fold"", ""left"": ""right"", ""right"": ""alpha"", ""value"": ""left""}",1.207
java-blocks,java,3,AST_CANONICAL_EQUAL,synthetic,False,IDENTICAL_SELF_PAIR,1.0,1.0,0.0,b19bd5b848f4bb671796f80c6961d28376153dd92f94fb247ff0d18ff52f172c,450689d36611a9e7bb254eac54f67043441aae325da71ffd9cc4d2db674d0f34,"{""alpha"": ""value"", ""beta"": ""beta"", ""fold"": ""fold"", ""left"": ""right"", ""right"": ""alpha"", ""value"": ""left""}",1.207
java-blocks,java,3,AST_MAPPING_EQUAL,synthetic,False,IDENTICAL_SELF_PAIR,1.0,1.0,0.0,b19bd5b848f4bb671796f80c6961d28376153dd92f94fb247ff0d18ff52f172c,450689d36611a9e7bb254eac54f67043441aae325da71ffd9cc4d2db674d0f34,"{""alpha"": ""value"", ""beta"": ""beta"", ""fold"": ""fold"", ""left"": ""right"", ""right"": ""alpha"", ""value"": ""left""}",1.207
java-blocks,java,3,CANONICAL_MAPPING_EQUAL,synthetic,False,IDENTICAL_SELF_PAIR,1.0,1.0,0.0,b19bd5b848f4bb671796f80c6961d28376153dd92f94fb247ff0d18ff52f172c,450689d36611a9e7bb254eac54f67043441aae325da71ffd9cc4d2db674d0f34,"{""alpha"": ""value"", ""beta"": ""beta"", ""fold"": ""fold"", ""left"": ""right"", ""right"": ""alpha"", ""value"": ""left""}",1.207
java-blocks,java,3,ALL_EQUAL,synthetic,False,IDENTICAL_SELF_PAIR,1.0,0.85087725,-0.14912274999999997,b19bd5b848f4bb671796f80c6961d28376153dd92f94fb247ff0d18ff52f172c,450689d36611a9e7bb254eac54f67043441aae325da71ffd9cc4d2db674d0f34,"{""alpha"": ""value"", ""beta"": ""beta"", ""fold"": ""fold"", ""left"": ""right"", ""right"": ""alpha"", ""value"": ""left""}",1.207
java-blocks,java,3,PICAS_FIXED,synthetic,False,IDENTICAL_SELF_PAIR,1.0,0.880702,-0.11929800000000002,b19bd5b848f4bb671796f80c6961d28376153dd92f94fb247ff0d18ff52f172c,450689d36611a9e7bb254eac54f67043441aae325da71ffd9cc4d2db674d0f34,"{""alpha"": ""value"", ""beta"": ""beta"", ""fold"": ""fold"", ""left"": ""right"", ""right"": ""alpha"", ""value"": ""left""}",1.207
java-blocks,java,3,PICAS_RULE_DYNAMIC,synthetic,False,IDENTICAL_SELF_PAIR,1.0,0.880702,-0.11929800000000002,b19bd5b848f4bb671796f80c6961d28376153dd92f94fb247ff0d18ff52f172c,450689d36611a9e7bb254eac54f67043441aae325da71ffd9cc4d2db674d0f34,"{""alpha"": ""value"", ""beta"": ""beta"", ""fold"": ""fold"", ""left"": ""right"", ""right"": ""alpha"", ""value"": ""left""}",1.207
java-blocks,java,3,PICAS_DYNAMIC_OFFSET,synthetic,False,IDENTICAL_SELF_PAIR,1.0,0.880702,-0.11929800000000002,b19bd5b848f4bb671796f80c6961d28376153dd92f94fb247ff0d18ff52f172c,450689d36611a9e7bb254eac54f67043441aae325da71ffd9cc4d2db674d0f34,"{""alpha"": ""value"", ""beta"": ""beta"", ""fold"": ""fold"", ""left"": ""right"", ""right"": ""alpha"", ""value"": ""left""}",1.207
java-blocks,java,4,RAW_ONLY,synthetic,False,IDENTICAL_SELF_PAIR,1.0,0.333333,-0.666667,b19bd5b848f4bb671796f80c6961d28376153dd92f94fb247ff0d18ff52f172c,cc5445a2ebbe41d0c539477eadb833f7c1fdbc9398dc985a84a90164a60b419d,"{""alpha"": ""alpha"", ""beta"": ""fold"", ""fold"": ""beta"", ""left"": ""value"", ""right"": ""left"", ""value"": ""right""}",1.2102
java-blocks,java,4,AST_ONLY,synthetic,False,IDENTICAL_SELF_PAIR,1.0,1.0,0.0,b19bd5b848f4bb671796f80c6961d28376153dd92f94fb247ff0d18ff52f172c,cc5445a2ebbe41d0c539477eadb833f7c1fdbc9398dc985a84a90164a60b419d,"{""alpha"": ""alpha"", ""beta"": ""fold"", ""fold"": ""beta"", ""left"": ""value"", ""right"": ""left"", ""value"": ""right""}",1.2102
java-blocks,java,4,CANONICAL_ONLY,synthetic,False,IDENTICAL_SELF_PAIR,1.0,1.0,0.0,b19bd5b848f4bb671796f80c6961d28376153dd92f94fb247ff0d18ff52f172c,cc5445a2ebbe41d0c539477eadb833f7c1fdbc9398dc985a84a90164a60b419d,"{""alpha"": ""alpha"", ""beta"": ""fold"", ""fold"": ""beta"", ""left"": ""value"", ""right"": ""left"", ""value"": ""right""}",1.2102
java-blocks,java,4,MAPPING_ONLY,synthetic,False,IDENTICAL_SELF_PAIR,1.0,1.0,0.0,b19bd5b848f4bb671796f80c6961d28376153dd92f94fb247ff0d18ff52f172c,cc5445a2ebbe41d0c539477eadb833f7c1fdbc9398dc985a84a90164a60b419d,"{""alpha"": ""alpha"", ""beta"": ""fold"", ""fold"": ""beta"", ""left"": ""value"", ""right"": ""left"", ""value"": ""right""}",1.2102
java-blocks,java,4,RAW_AST_EQUAL,synthetic,False,IDENTICAL_SELF_PAIR,1.0,0.6666665,-0.33333349999999995,b19bd5b848f4bb671796f80c6961d28376153dd92f94fb247ff0d18ff52f172c,cc5445a2ebbe41d0c539477eadb833f7c1fdbc9398dc985a84a90164a60b419d,"{""alpha"": ""alpha"", ""beta"": ""fold"", ""fold"": ""beta"", ""left"": ""value"", ""right"": ""left"", ""value"": ""right""}",1.2102
java-blocks,java,4,RAW_CANONICAL_EQUAL,synthetic,False,IDENTICAL_SELF_PAIR,1.0,0.6666665,-0.33333349999999995,b19bd5b848f4bb671796f80c6961d28376153dd92f94fb247ff0d18ff52f172c,cc5445a2ebbe41d0c539477eadb833f7c1fdbc9398dc985a84a90164a60b419d,"{""alpha"": ""alpha"", ""beta"": ""fold"", ""fold"": ""beta"", ""left"": ""value"", ""right"": ""left"", ""value"": ""right""}",1.2102
java-blocks,java,4,RAW_MAPPING_EQUAL,synthetic,False,IDENTICAL_SELF_PAIR,1.0,0.6666665,-0.33333349999999995,b19bd5b848f4bb671796f80c6961d28376153dd92f94fb247ff0d18ff52f172c,cc5445a2ebbe41d0c539477eadb833f7c1fdbc9398dc985a84a90164a60b419d,"{""alpha"": ""alpha"", ""beta"": ""fold"", ""fold"": ""beta"", ""left"": ""value"", ""right"": ""left"", ""value"": ""right""}",1.2102
java-blocks,java,4,AST_CANONICAL_EQUAL,synthetic,False,IDENTICAL_SELF_PAIR,1.0,1.0,0.0,b19bd5b848f4bb671796f80c6961d28376153dd92f94fb247ff0d18ff52f172c,cc5445a2ebbe41d0c539477eadb833f7c1fdbc9398dc985a84a90164a60b419d,"{""alpha"": ""alpha"", ""beta"": ""fold"", ""fold"": ""beta"", ""left"": ""value"", ""right"": ""left"", ""value"": ""right""}",1.2102
java-blocks,java,4,AST_MAPPING_EQUAL,synthetic,False,IDENTICAL_SELF_PAIR,1.0,1.0,0.0,b19bd5b848f4bb671796f80c6961d28376153dd92f94fb247ff0d18ff52f172c,cc5445a2ebbe41d0c539477eadb833f7c1fdbc9398dc985a84a90164a60b419d,"{""alpha"": ""alpha"", ""beta"": ""fold"", ""fold"": ""beta"", ""left"": ""value"", ""right"": ""left"", ""value"": ""right""}",1.2102
java-blocks,java,4,CANONICAL_MAPPING_EQUAL,synthetic,False,IDENTICAL_SELF_PAIR,1.0,1.0,0.0,b19bd5b848f4bb671796f80c6961d28376153dd92f94fb247ff0d18ff52f172c,cc5445a2ebbe41d0c539477eadb833f7c1fdbc9398dc985a84a90164a60b419d,"{""alpha"": ""alpha"", ""beta"": ""fold"", ""fold"": ""beta"", ""left"": ""value"", ""right"": ""left"", ""value"": ""right""}",1.2102
java-blocks,java,4,ALL_EQUAL,synthetic,False,IDENTICAL_SELF_PAIR,1.0,0.83333325,-0.16666674999999997,b19bd5b848f4bb671796f80c6961d28376153dd92f94fb247ff0d18ff52f172c,cc5445a2ebbe41d0c539477eadb833f7c1fdbc9398dc985a84a90164a60b419d,"{""alpha"": ""alpha"", ""beta"": ""fold"", ""fold"": ""beta"", ""left"": ""value"", ""right"": ""left"", ""value"": ""right""}",1.2102
java-blocks,java,4,PICAS_FIXED,synthetic,False,IDENTICAL_SELF_PAIR,1.0,0.866667,-0.13333300000000003,b19bd5b848f4bb671796f80c6961d28376153dd92f94fb247ff0d18ff52f172c,cc5445a2ebbe41d0c539477eadb833f7c1fdbc9398dc985a84a90164a60b419d,"{""alpha"": ""alpha"", ""beta"": ""fold"", ""fold"": ""beta"", ""left"": ""value"", ""right"": ""left"", ""value"": ""right""}",1.2102
java-blocks,java,4,PICAS_RULE_DYNAMIC,synthetic,False,IDENTICAL_SELF_PAIR,1.0,0.866667,-0.13333300000000003,b19bd5b848f4bb671796f80c6961d28376153dd92f94fb247ff0d18ff52f172c,cc5445a2ebbe41d0c539477eadb833f7c1fdbc9398dc985a84a90164a60b419d,"{""alpha"": ""alpha"", ""beta"": ""fold"", ""fold"": ""beta"", ""left"": ""value"", ""right"": ""left"", ""value"": ""right""}",1.2102
java-blocks,java,4,PICAS_DYNAMIC_OFFSET,synthetic,False,IDENTICAL_SELF_PAIR,1.0,0.866667,-0.13333300000000003,b19bd5b848f4bb671796f80c6961d28376153dd92f94fb247ff0d18ff52f172c,cc5445a2ebbe41d0c539477eadb833f7c1fdbc9398dc985a84a90164a60b419d,"{""alpha"": ""alpha"", ""beta"": ""fold"", ""fold"": ""beta"", ""left"": ""value"", ""right"": ""left"", ""value"": ""right""}",1.2102
java-blocks,java,5,RAW_ONLY,synthetic,False,IDENTICAL_SELF_PAIR,1.0,0.403509,-0.596491,b19bd5b848f4bb671796f80c6961d28376153dd92f94fb247ff0d18ff52f172c,cf261b2edd522de44103a8bc7a0e5e73190338057e70321148b7327a8a18c429,"{""alpha"": ""value"", ""beta"": ""alpha"", ""fold"": ""fold"", ""left"": ""right"", ""right"": ""beta"", ""value"": ""left""}",1.211
java-blocks,java,5,AST_ONLY,synthetic,False,IDENTICAL_SELF_PAIR,1.0,1.0,0.0,b19bd5b848f4bb671796f80c6961d28376153dd92f94fb247ff0d18ff52f172c,cf261b2edd522de44103a8bc7a0e5e73190338057e70321148b7327a8a18c429,"{""alpha"": ""value"", ""beta"": ""alpha"", ""fold"": ""fold"", ""left"": ""right"", ""right"": ""beta"", ""value"": ""left""}",1.211
java-blocks,java,5,CANONICAL_ONLY,synthetic,False,IDENTICAL_SELF_PAIR,1.0,1.0,0.0,b19bd5b848f4bb671796f80c6961d28376153dd92f94fb247ff0d18ff52f172c,cf261b2edd522de44103a8bc7a0e5e73190338057e70321148b7327a8a18c429,"{""alpha"": ""value"", ""beta"": ""alpha"", ""fold"": ""fold"", ""left"": ""right"", ""right"": ""beta"", ""value"": ""left""}",1.211
java-blocks,java,5,MAPPING_ONLY,synthetic,False,IDENTICAL_SELF_PAIR,1.0,1.0,0.0,b19bd5b848f4bb671796f80c6961d28376153dd92f94fb247ff0d18ff52f172c,cf261b2edd522de44103a8bc7a0e5e73190338057e70321148b7327a8a18c429,"{""alpha"": ""value"", ""beta"": ""alpha"", ""fold"": ""fold"", ""left"": ""right"", ""right"": ""beta"", ""value"": ""left""}",1.211
java-blocks,java,5,RAW_AST_EQUAL,synthetic,False,IDENTICAL_SELF_PAIR,1.0,0.7017545000000001,-0.29824549999999994,b19bd5b848f4bb671796f80c6961d28376153dd92f94fb247ff0d18ff52f172c,cf261b2edd522de44103a8bc7a0e5e73190338057e70321148b7327a8a18c429,"{""alpha"": ""value"", ""beta"": ""alpha"", ""fold"": ""fold"", ""left"": ""right"", ""right"": ""beta"", ""value"": ""left""}",1.211
java-blocks,java,5,RAW_CANONICAL_EQUAL,synthetic,False,IDENTICAL_SELF_PAIR,1.0,0.7017545000000001,-0.29824549999999994,b19bd5b848f4bb671796f80c6961d28376153dd92f94fb247ff0d18ff52f172c,cf261b2edd522de44103a8bc7a0e5e73190338057e70321148b7327a8a18c429,"{""alpha"": ""value"", ""beta"": ""alpha"", ""fold"": ""fold"", ""left"": ""right"", ""right"": ""beta"", ""value"": ""left""}",1.211
java-blocks,java,5,RAW_MAPPING_EQUAL,synthetic,False,IDENTICAL_SELF_PAIR,1.0,0.7017545000000001,-0.29824549999999994,b19bd5b848f4bb671796f80c6961d28376153dd92f94fb247ff0d18ff52f172c,cf261b2edd522de44103a8bc7a0e5e73190338057e70321148b7327a8a18c429,"{""alpha"": ""value"", ""beta"": ""alpha"", ""fold"": ""fold"", ""left"": ""right"", ""right"": ""beta"", ""value"": ""left""}",1.211
java-blocks,java,5,AST_CANONICAL_EQUAL,synthetic,False,IDENTICAL_SELF_PAIR,1.0,1.0,0.0,b19bd5b848f4bb671796f80c6961d28376153dd92f94fb247ff0d18ff52f172c,cf261b2edd522de44103a8bc7a0e5e73190338057e70321148b7327a8a18c429,"{""alpha"": ""value"", ""beta"": ""alpha"", ""fold"": ""fold"", ""left"": ""right"", ""right"": ""beta"", ""value"": ""left""}",1.211
java-blocks,java,5,AST_MAPPING_EQUAL,synthetic,False,IDENTICAL_SELF_PAIR,1.0,1.0,0.0,b19bd5b848f4bb671796f80c6961d28376153dd92f94fb247ff0d18ff52f172c,cf261b2edd522de44103a8bc7a0e5e73190338057e70321148b7327a8a18c429,"{""alpha"": ""value"", ""beta"": ""alpha"", ""fold"": ""fold"", ""left"": ""right"", ""right"": ""beta"", ""value"": ""left""}",1.211
java-blocks,java,5,CANONICAL_MAPPING_EQUAL,synthetic,False,IDENTICAL_SELF_PAIR,1.0,1.0,0.0,b19bd5b848f4bb671796f80c6961d28376153dd92f94fb247ff0d18ff52f172c,cf261b2edd522de44103a8bc7a0e5e73190338057e70321148b7327a8a18c429,"{""alpha"": ""value"", ""beta"": ""alpha"", ""fold"": ""fold"", ""left"": ""right"", ""right"": ""beta"", ""value"": ""left""}",1.211
java-blocks,java,5,ALL_EQUAL,synthetic,False,IDENTICAL_SELF_PAIR,1.0,0.85087725,-0.14912274999999997,b19bd5b848f4bb671796f80c6961d28376153dd92f94fb247ff0d18ff52f172c,cf261b2edd522de44103a8bc7a0e5e73190338057e70321148b7327a8a18c429,"{""alpha"": ""value"", ""beta"": ""alpha"", ""fold"": ""fold"", ""left"": ""right"", ""right"": ""beta"", ""value"": ""left""}",1.211
java-blocks,java,5,PICAS_FIXED,synthetic,False,IDENTICAL_SELF_PAIR,1.0,0.880702,-0.11929800000000002,b19bd5b848f4bb671796f80c6961d28376153dd92f94fb247ff0d18ff52f172c,cf261b2edd522de44103a8bc7a0e5e73190338057e70321148b7327a8a18c429,"{""alpha"": ""value"", ""beta"": ""alpha"", ""fold"": ""fold"", ""left"": ""right"", ""right"": ""beta"", ""value"": ""left""}",1.211
java-blocks,java,5,PICAS_RULE_DYNAMIC,synthetic,False,IDENTICAL_SELF_PAIR,1.0,0.880702,-0.11929800000000002,b19bd5b848f4bb671796f80c6961d28376153dd92f94fb247ff0d18ff52f172c,cf261b2edd522de44103a8bc7a0e5e73190338057e70321148b7327a8a18c429,"{""alpha"": ""value"", ""beta"": ""alpha"", ""fold"": ""fold"", ""left"": ""right"", ""right"": ""beta"", ""value"": ""left""}",1.211
java-blocks,java,5,PICAS_DYNAMIC_OFFSET,synthetic,False,IDENTICAL_SELF_PAIR,1.0,0.880702,-0.11929800000000002,b19bd5b848f4bb671796f80c6961d28376153dd92f94fb247ff0d18ff52f172c,cf261b2edd522de44103a8bc7a0e5e73190338057e70321148b7327a8a18c429,"{""alpha"": ""value"", ""beta"": ""alpha"", ""fold"": ""fold"", ""left"": ""right"", ""right"": ""beta"", ""value"": ""left""}",1.211
java-blocks,java,6,RAW_ONLY,synthetic,False,IDENTICAL_SELF_PAIR,1.0,0.230769,-0.769231,b19bd5b848f4bb671796f80c6961d28376153dd92f94fb247ff0d18ff52f172c,910a17442b6e343631a2064c7e47a2ae1c9ed7e55296ff2a7da4c11207ddd418,"{""alpha"": ""fold"", ""beta"": ""left"", ""fold"": ""value"", ""left"": ""beta"", ""right"": ""alpha"", ""value"": ""right""}",1.2032
java-blocks,java,6,AST_ONLY,synthetic,False,IDENTICAL_SELF_PAIR,1.0,1.0,0.0,b19bd5b848f4bb671796f80c6961d28376153dd92f94fb247ff0d18ff52f172c,910a17442b6e343631a2064c7e47a2ae1c9ed7e55296ff2a7da4c11207ddd418,"{""alpha"": ""fold"", ""beta"": ""left"", ""fold"": ""value"", ""left"": ""beta"", ""right"": ""alpha"", ""value"": ""right""}",1.2032
java-blocks,java,6,CANONICAL_ONLY,synthetic,False,IDENTICAL_SELF_PAIR,1.0,1.0,0.0,b19bd5b848f4bb671796f80c6961d28376153dd92f94fb247ff0d18ff52f172c,910a17442b6e343631a2064c7e47a2ae1c9ed7e55296ff2a7da4c11207ddd418,"{""alpha"": ""fold"", ""beta"": ""left"", ""fold"": ""value"", ""left"": ""beta"", ""right"": ""alpha"", ""value"": ""right""}",1.2032
java-blocks,java,6,MAPPING_ONLY,synthetic,False,IDENTICAL_SELF_PAIR,1.0,1.0,0.0,b19bd5b848f4bb671796f80c6961d28376153dd92f94fb247ff0d18ff52f172c,910a17442b6e343631a2064c7e47a2ae1c9ed7e55296ff2a7da4c11207ddd418,"{""alpha"": ""fold"", ""beta"": ""left"", ""fold"": ""value"", ""left"": ""beta"", ""right"": ""alpha"", ""value"": ""right""}",1.2032
java-blocks,java,6,RAW_AST_EQUAL,synthetic,False,IDENTICAL_SELF_PAIR,1.0,0.6153845,-0.3846155,b19bd5b848f4bb671796f80c6961d28376153dd92f94fb247ff0d18ff52f172c,910a17442b6e343631a2064c7e47a2ae1c9ed7e55296ff2a7da4c11207ddd418,"{""alpha"": ""fold"", ""beta"": ""left"", ""fold"": ""value"", ""left"": ""beta"", ""right"": ""alpha"", ""value"": ""right""}",1.2032
java-blocks,java,6,RAW_CANONICAL_EQUAL,synthetic,False,IDENTICAL_SELF_PAIR,1.0,0.6153845,-0.3846155,b19bd5b848f4bb671796f80c6961d28376153dd92f94fb247ff0d18ff52f172c,910a17442b6e343631a2064c7e47a2ae1c9ed7e55296ff2a7da4c11207ddd418,"{""alpha"": ""fold"", ""beta"": ""left"", ""fold"": ""value"", ""left"": ""beta"", ""right"": ""alpha"", ""value"": ""right""}",1.2032
java-blocks,java,6,RAW_MAPPING_EQUAL,synthetic,False,IDENTICAL_SELF_PAIR,1.0,0.6153845,-0.3846155,b19bd5b848f4bb671796f80c6961d28376153dd92f94fb247ff0d18ff52f172c,910a17442b6e343631a2064c7e47a2ae1c9ed7e55296ff2a7da4c11207ddd418,"{""alpha"": ""fold"", ""beta"": ""left"", ""fold"": ""value"", ""left"": ""beta"", ""right"": ""alpha"", ""value"": ""right""}",1.2032
java-blocks,java,6,AST_CANONICAL_EQUAL,synthetic,False,IDENTICAL_SELF_PAIR,1.0,1.0,0.0,b19bd5b848f4bb671796f80c6961d28376153dd92f94fb247ff0d18ff52f172c,910a17442b6e343631a2064c7e47a2ae1c9ed7e55296ff2a7da4c11207ddd418,"{""alpha"": ""fold"", ""beta"": ""left"", ""fold"": ""value"", ""left"": ""beta"", ""right"": ""alpha"", ""value"": ""right""}",1.2032
java-blocks,java,6,AST_MAPPING_EQUAL,synthetic,False,IDENTICAL_SELF_PAIR,1.0,1.0,0.0,b19bd5b848f4bb671796f80c6961d28376153dd92f94fb247ff0d18ff52f172c,910a17442b6e343631a2064c7e47a2ae1c9ed7e55296ff2a7da4c11207ddd418,"{""alpha"": ""fold"", ""beta"": ""left"", ""fold"": ""value"", ""left"": ""beta"", ""right"": ""alpha"", ""value"": ""right""}",1.2032
java-blocks,java,6,CANONICAL_MAPPING_EQUAL,synthetic,False,IDENTICAL_SELF_PAIR,1.0,1.0,0.0,b19bd5b848f4bb671796f80c6961d28376153dd92f94fb247ff0d18ff52f172c,910a17442b6e343631a2064c7e47a2ae1c9ed7e55296ff2a7da4c11207ddd418,"{""alpha"": ""fold"", ""beta"": ""left"", ""fold"": ""value"", ""left"": ""beta"", ""right"": ""alpha"", ""value"": ""right""}",1.2032
java-blocks,java,6,ALL_EQUAL,synthetic,False,IDENTICAL_SELF_PAIR,1.0,0.80769225,-0.19230775,b19bd5b848f4bb671796f80c6961d28376153dd92f94fb247ff0d18ff52f172c,910a17442b6e343631a2064c7e47a2ae1c9ed7e55296ff2a7da4c11207ddd418,"{""alpha"": ""fold"", ""beta"": ""left"", ""fold"": ""value"", ""left"": ""beta"", ""right"": ""alpha"", ""value"": ""right""}",1.2032
java-blocks,java,6,PICAS_FIXED,synthetic,False,IDENTICAL_SELF_PAIR,1.0,0.846154,-0.15384600000000004,b19bd5b848f4bb671796f80c6961d28376153dd92f94fb247ff0d18ff52f172c,910a17442b6e343631a2064c7e47a2ae1c9ed7e55296ff2a7da4c11207ddd418,"{""alpha"": ""fold"", ""beta"": ""left"", ""fold"": ""value"", ""left"": ""beta"", ""right"": ""alpha"", ""value"": ""right""}",1.2032
java-blocks,java,6,PICAS_RULE_DYNAMIC,synthetic,False,IDENTICAL_SELF_PAIR,1.0,0.846154,-0.15384600000000004,b19bd5b848f4bb671796f80c6961d28376153dd92f94fb247ff0d18ff52f172c,910a17442b6e343631a2064c7e47a2ae1c9ed7e55296ff2a7da4c11207ddd418,"{""alpha"": ""fold"", ""beta"": ""left"", ""fold"": ""value"", ""left"": ""beta"", ""right"": ""alpha"", ""value"": ""right""}",1.2032
java-blocks,java,6,PICAS_DYNAMIC_OFFSET,synthetic,False,IDENTICAL_SELF_PAIR,1.0,0.846154,-0.15384600000000004,b19bd5b848f4bb671796f80c6961d28376153dd92f94fb247ff0d18ff52f172c,910a17442b6e343631a2064c7e47a2ae1c9ed7e55296ff2a7da4c11207ddd418,"{""alpha"": ""fold"", ""beta"": ""left"", ""fold"": ""value"", ""left"": ""beta"", ""right"": ""alpha"", ""value"": ""right""}",1.2032
java-blocks,java,7,RAW_ONLY,synthetic,False,IDENTICAL_SELF_PAIR,1.0,0.230769,-0.769231,b19bd5b848f4bb671796f80c6961d28376153dd92f94fb247ff0d18ff52f172c,f9eb12ebf63a8247dbc6f1ed314dc307ced3d16711a114c2e039d8dacb124252,"{""alpha"": ""left"", ""beta"": ""fold"", ""fold"": ""beta"", ""left"": ""value"", ""right"": ""alpha"", ""value"": ""right""}",1.1929
java-blocks,java,7,AST_ONLY,synthetic,False,IDENTICAL_SELF_PAIR,1.0,1.0,0.0,b19bd5b848f4bb671796f80c6961d28376153dd92f94fb247ff0d18ff52f172c,f9eb12ebf63a8247dbc6f1ed314dc307ced3d16711a114c2e039d8dacb124252,"{""alpha"": ""left"", ""beta"": ""fold"", ""fold"": ""beta"", ""left"": ""value"", ""right"": ""alpha"", ""value"": ""right""}",1.1929
java-blocks,java,7,CANONICAL_ONLY,synthetic,False,IDENTICAL_SELF_PAIR,1.0,1.0,0.0,b19bd5b848f4bb671796f80c6961d28376153dd92f94fb247ff0d18ff52f172c,f9eb12ebf63a8247dbc6f1ed314dc307ced3d16711a114c2e039d8dacb124252,"{""alpha"": ""left"", ""beta"": ""fold"", ""fold"": ""beta"", ""left"": ""value"", ""right"": ""alpha"", ""value"": ""right""}",1.1929
java-blocks,java,7,MAPPING_ONLY,synthetic,False,IDENTICAL_SELF_PAIR,1.0,1.0,0.0,b19bd5b848f4bb671796f80c6961d28376153dd92f94fb247ff0d18ff52f172c,f9eb12ebf63a8247dbc6f1ed314dc307ced3d16711a114c2e039d8dacb124252,"{""alpha"": ""left"", ""beta"": ""fold"", ""fold"": ""beta"", ""left"": ""value"", ""right"": ""alpha"", ""value"": ""right""}",1.1929
java-blocks,java,7,RAW_AST_EQUAL,synthetic,False,IDENTICAL_SELF_PAIR,1.0,0.6153845,-0.3846155,b19bd5b848f4bb671796f80c6961d28376153dd92f94fb247ff0d18ff52f172c,f9eb12ebf63a8247dbc6f1ed314dc307ced3d16711a114c2e039d8dacb124252,"{""alpha"": ""left"", ""beta"": ""fold"", ""fold"": ""beta"", ""left"": ""value"", ""right"": ""alpha"", ""value"": ""right""}",1.1929
java-blocks,java,7,RAW_CANONICAL_EQUAL,synthetic,False,IDENTICAL_SELF_PAIR,1.0,0.6153845,-0.3846155,b19bd5b848f4bb671796f80c6961d28376153dd92f94fb247ff0d18ff52f172c,f9eb12ebf63a8247dbc6f1ed314dc307ced3d16711a114c2e039d8dacb124252,"{""alpha"": ""left"", ""beta"": ""fold"", ""fold"": ""beta"", ""left"": ""value"", ""right"": ""alpha"", ""value"": ""right""}",1.1929
java-blocks,java,7,RAW_MAPPING_EQUAL,synthetic,False,IDENTICAL_SELF_PAIR,1.0,0.6153845,-0.3846155,b19bd5b848f4bb671796f80c6961d28376153dd92f94fb247ff0d18ff52f172c,f9eb12ebf63a8247dbc6f1ed314dc307ced3d16711a114c2e039d8dacb124252,"{""alpha"": ""left"", ""beta"": ""fold"", ""fold"": ""beta"", ""left"": ""value"", ""right"": ""alpha"", ""value"": ""right""}",1.1929
java-blocks,java,7,AST_CANONICAL_EQUAL,synthetic,False,IDENTICAL_SELF_PAIR,1.0,1.0,0.0,b19bd5b848f4bb671796f80c6961d28376153dd92f94fb247ff0d18ff52f172c,f9eb12ebf63a8247dbc6f1ed314dc307ced3d16711a114c2e039d8dacb124252,"{""alpha"": ""left"", ""beta"": ""fold"", ""fold"": ""beta"", ""left"": ""value"", ""right"": ""alpha"", ""value"": ""right""}",1.1929
java-blocks,java,7,AST_MAPPING_EQUAL,synthetic,False,IDENTICAL_SELF_PAIR,1.0,1.0,0.0,b19bd5b848f4bb671796f80c6961d28376153dd92f94fb247ff0d18ff52f172c,f9eb12ebf63a8247dbc6f1ed314dc307ced3d16711a114c2e039d8dacb124252,"{""alpha"": ""left"", ""beta"": ""fold"", ""fold"": ""beta"", ""left"": ""value"", ""right"": ""alpha"", ""value"": ""right""}",1.1929
java-blocks,java,7,CANONICAL_MAPPING_EQUAL,synthetic,False,IDENTICAL_SELF_PAIR,1.0,1.0,0.0,b19bd5b848f4bb671796f80c6961d28376153dd92f94fb247ff0d18ff52f172c,f9eb12ebf63a8247dbc6f1ed314dc307ced3d16711a114c2e039d8dacb124252,"{""alpha"": ""left"", ""beta"": ""fold"", ""fold"": ""beta"", ""left"": ""value"", ""right"": ""alpha"", ""value"": ""right""}",1.1929
java-blocks,java,7,ALL_EQUAL,synthetic,False,IDENTICAL_SELF_PAIR,1.0,0.80769225,-0.19230775,b19bd5b848f4bb671796f80c6961d28376153dd92f94fb247ff0d18ff52f172c,f9eb12ebf63a8247dbc6f1ed314dc307ced3d16711a114c2e039d8dacb124252,"{""alpha"": ""left"", ""beta"": ""fold"", ""fold"": ""beta"", ""left"": ""value"", ""right"": ""alpha"", ""value"": ""right""}",1.1929
java-blocks,java,7,PICAS_FIXED,synthetic,False,IDENTICAL_SELF_PAIR,1.0,0.846154,-0.15384600000000004,b19bd5b848f4bb671796f80c6961d28376153dd92f94fb247ff0d18ff52f172c,f9eb12ebf63a8247dbc6f1ed314dc307ced3d16711a114c2e039d8dacb124252,"{""alpha"": ""left"", ""beta"": ""fold"", ""fold"": ""beta"", ""left"": ""value"", ""right"": ""alpha"", ""value"": ""right""}",1.1929
java-blocks,java,7,PICAS_RULE_DYNAMIC,synthetic,False,IDENTICAL_SELF_PAIR,1.0,0.846154,-0.15384600000000004,b19bd5b848f4bb671796f80c6961d28376153dd92f94fb247ff0d18ff52f172c,f9eb12ebf63a8247dbc6f1ed314dc307ced3d16711a114c2e039d8dacb124252,"{""alpha"": ""left"", ""beta"": ""fold"", ""fold"": ""beta"", ""left"": ""value"", ""right"": ""alpha"", ""value"": ""right""}",1.1929
java-blocks,java,7,PICAS_DYNAMIC_OFFSET,synthetic,False,IDENTICAL_SELF_PAIR,1.0,0.846154,-0.15384600000000004,b19bd5b848f4bb671796f80c6961d28376153dd92f94fb247ff0d18ff52f172c,f9eb12ebf63a8247dbc6f1ed314dc307ced3d16711a114c2e039d8dacb124252,"{""alpha"": ""left"", ""beta"": ""fold"", ""fold"": ""beta"", ""left"": ""value"", ""right"": ""alpha"", ""value"": ""right""}",1.1929
