submissionName1,submissionName2,averageSimilarity,maxSimilarity
3cbcb1cc-7b7f34abbfcad355,6045e5d1-7b7f34abbfcad355,1.0,1.0
2b9dfed3-8642a36733054aca,351c9206-8642a36733054aca,1.0,1.0
11c2ab99-836a13764460b298,bdfe8110-ffa623ef7fcc38d6,1.0,1.0
8a39dbf5-5c1f52301bb01d53,ff3283cf-8274736030d5496c,1.0,1.0
80c384e4-af35838eb0b75e7d,967b67b0-af35838eb0b75e7d,1.0,1.0
079ad09e-6c66ff5d51abed6f,20012377-d788dc5bfb094ca7,1.0,1.0
e6a6e318-9f688e48dd5ac428,fadc1365-18491264f0f6840e,1.0,1.0
4d25818e-685916003c7f91bc,4f7af821-1edc6f9d9d4cfda9,0.9666666666666667,0.9666666666666667
3c667d4f-524cd7f06bda5cb0,4d25818e-685916003c7f91bc,0.957983193277311,0.9661016949152542
3c667d4f-524cd7f06bda5cb0,c57a973e-8bec26d0d270b7e2,0.944,1.0
3c667d4f-524cd7f06bda5cb0,4f7af821-1edc6f9d9d4cfda9,0.9411764705882353,0.9491525423728814
28c2d81a-e2ec233423815bfa,8f6421f3-ee31a7da9e3d7f85,0.9320388349514563,0.96
5e8d1aaa-328206718fef18b7,c4d04ce7-9cf8f4a664363ab2,0.9285714285714286,0.9848484848484849
8f6421f3-ee31a7da9e3d7f85,fadc1365-18491264f0f6840e,0.9259259259259259,0.9433962264150944
8f6421f3-ee31a7da9e3d7f85,e6a6e318-9f688e48dd5ac428,0.9259259259259259,0.9433962264150944
fadc1365-18491264f0f6840e,11c2ab99-836a13764460b298,0.9203539823008849,0.9454545454545454
e6a6e318-9f688e48dd5ac428,11c2ab99-836a13764460b298,0.9203539823008849,0.9454545454545454
fadc1365-18491264f0f6840e,bdfe8110-ffa623ef7fcc38d6,0.9203539823008849,0.9454545454545454
e6a6e318-9f688e48dd5ac428,bdfe8110-ffa623ef7fcc38d6,0.9203539823008849,0.9454545454545454
48c5f745-76116075ca0bc0f4,4548305b-59b7534a6e2eb29c,0.9090909090909091,0.9375
4d25818e-685916003c7f91bc,c57a973e-8bec26d0d270b7e2,0.9047619047619048,0.95
8f6421f3-ee31a7da9e3d7f85,11c2ab99-836a13764460b298,0.8828828828828829,0.9245283018867925
8f6421f3-ee31a7da9e3d7f85,bdfe8110-ffa623ef7fcc38d6,0.8828828828828829,0.9245283018867925
28c2d81a-e2ec233423815bfa,fadc1365-18491264f0f6840e,0.8761904761904762,0.92
28c2d81a-e2ec233423815bfa,e6a6e318-9f688e48dd5ac428,0.8761904761904762,0.92
28c2d81a-e2ec233423815bfa,11c2ab99-836a13764460b298,0.8703703703703703,0.94
28c2d81a-e2ec233423815bfa,bdfe8110-ffa623ef7fcc38d6,0.8703703703703703,0.94
fadc1365-18491264f0f6840e,a7894e0b-4e44f93da3e1e8f0,0.8672566371681416,0.8909090909090909
e6a6e318-9f688e48dd5ac428,a7894e0b-4e44f93da3e1e8f0,0.8672566371681416,0.8909090909090909
8f6421f3-ee31a7da9e3d7f85,ea2fc2bc-3044709d8ffadf97,0.8648648648648649,0.9056603773584906
3c667d4f-524cd7f06bda5cb0,48c5f745-76116075ca0bc0f4,0.8617886178861789,0.8983050847457628
48c5f745-76116075ca0bc0f4,c57a973e-8bec26d0d270b7e2,0.8615384615384616,0.875
a7894e0b-4e44f93da3e1e8f0,4548305b-59b7534a6e2eb29c,0.8571428571428571,0.9310344827586207
4f7af821-1edc6f9d9d4cfda9,48c5f745-76116075ca0bc0f4,0.8548387096774194,0.8833333333333333
a7894e0b-4e44f93da3e1e8f0,48c5f745-76116075ca0bc0f4,0.8524590163934426,0.896551724137931
28c2d81a-e2ec233423815bfa,ea2fc2bc-3044709d8ffadf97,0.8518518518518519,0.92
00c0b82a-a23297c71634ae34,2b2d3b84-8002a3802a32a0bb,0.8378378378378378,0.8857142857142857
c57a973e-8bec26d0d270b7e2,4548305b-59b7534a6e2eb29c,0.835820895522388,0.8484848484848485
bb0949b3-b5937c6bbc0c4cf2,00c0b82a-a23297c71634ae34,0.8345323741007195,0.8405797101449275
8f6421f3-ee31a7da9e3d7f85,c57a973e-8bec26d0d270b7e2,0.8235294117647058,0.9245283018867925
4d25818e-685916003c7f91bc,48c5f745-76116075ca0bc0f4,0.8225806451612904,0.85
ea2fc2bc-3044709d8ffadf97,c57a973e-8bec26d0d270b7e2,0.8225806451612904,0.8793103448275862
fadc1365-18491264f0f6840e,b9219544-4f0b882ccebbb0e7,0.8205128205128205,0.8727272727272727
e6a6e318-9f688e48dd5ac428,b9219544-4f0b882ccebbb0e7,0.8205128205128205,0.8727272727272727
c57a973e-8bec26d0d270b7e2,2b2d3b84-8002a3802a32a0bb,0.8194444444444444,0.8939393939393939
28c2d81a-e2ec233423815bfa,a7894e0b-4e44f93da3e1e8f0,0.8148148148148148,0.88
fadc1365-18491264f0f6840e,4548305b-59b7534a6e2eb29c,0.8130081300813008,0.9090909090909091
e6a6e318-9f688e48dd5ac428,4548305b-59b7534a6e2eb29c,0.8130081300813008,0.9090909090909091
28c2d81a-e2ec233423815bfa,c57a973e-8bec26d0d270b7e2,0.8103448275862069,0.94
3c667d4f-524cd7f06bda5cb0,2f8c3bf3-e73d8329c1717cd5,0.8099173553719008,0.8305084745762712
4f7af821-1edc6f9d9d4cfda9,c57a973e-8bec26d0d270b7e2,0.8095238095238095,0.85
4d25818e-685916003c7f91bc,e18ae6a1-56bf552fc9e76a67,0.8088235294117647,0.9166666666666666
28c2d81a-e2ec233423815bfa,3c667d4f-524cd7f06bda5cb0,0.8073394495412844,0.88
3c667d4f-524cd7f06bda5cb0,00c0b82a-a23297c71634ae34,0.8062015503875969,0.8813559322033898
e18ae6a1-56bf552fc9e76a67,2b2d3b84-8002a3802a32a0bb,0.8051948051948052,0.8157894736842105
c57a973e-8bec26d0d270b7e2,e1a5831a-8002f90b95c9a4f9,0.8,0.8787878787878788
28c2d81a-e2ec233423815bfa,0fdc80c5-b9cc17385a6b997a,0.8,0.88
2f8c3bf3-e73d8329c1717cd5,e18ae6a1-56bf552fc9e76a67,0.7971014492753623,0.8870967741935484
8f6421f3-ee31a7da9e3d7f85,0fdc80c5-b9cc17385a6b997a,0.7964601769911505,0.8490566037735849
a3abac01-756b4f81847c03a8,505f8562-c13678a91e6cf7c5,0.7956989247311828,0.8222222222222222
11c2ab99-836a13764460b298,c57a973e-8bec26d0d270b7e2,0.7903225806451613,0.8448275862068966
bdfe8110-ffa623ef7fcc38d6,c57a973e-8bec26d0d270b7e2,0.7903225806451613,0.8448275862068966
2b2d3b84-8002a3802a32a0bb,96cd6ee9-b4b6f058bca794bd,0.7885714285714286,0.8846153846153846
fadc1365-18491264f0f6840e,fa484fdd-d4c4bc5b8a7183da,0.7857142857142857,0.8
e6a6e318-9f688e48dd5ac428,fa484fdd-d4c4bc5b8a7183da,0.7857142857142857,0.8
b9219544-4f0b882ccebbb0e7,4548305b-59b7534a6e2eb29c,0.7846153846153846,0.8225806451612904
c57a973e-8bec26d0d270b7e2,00c0b82a-a23297c71634ae34,0.7794117647058824,0.803030303030303
11c2ab99-836a13764460b298,4548305b-59b7534a6e2eb29c,0.7777777777777778,0.8448275862068966
bdfe8110-ffa623ef7fcc38d6,4548305b-59b7534a6e2eb29c,0.7777777777777778,0.8448275862068966
fadc1365-18491264f0f6840e,c57a973e-8bec26d0d270b7e2,0.7768595041322314,0.8545454545454545
e6a6e318-9f688e48dd5ac428,c57a973e-8bec26d0d270b7e2,0.7768595041322314,0.8545454545454545
11c2ab99-836a13764460b298,a7894e0b-4e44f93da3e1e8f0,0.7758620689655172,0.7758620689655172
a7894e0b-4e44f93da3e1e8f0,bdfe8110-ffa623ef7fcc38d6,0.7758620689655172,0.7758620689655172
4548305b-59b7534a6e2eb29c,f870e76b-3ba460b78b587d9b,0.7755102040816326,0.8382352941176471
bb0949b3-b5937c6bbc0c4cf2,2b2d3b84-8002a3802a32a0bb,0.7755102040816326,0.8260869565217391
a7894e0b-4e44f93da3e1e8f0,c57a973e-8bec26d0d270b7e2,0.7741935483870968,0.8275862068965517
3c667d4f-524cd7f06bda5cb0,2b2d3b84-8002a3802a32a0bb,0.7737226277372263,0.8983050847457628
fadc1365-18491264f0f6840e,48c5f745-76116075ca0bc0f4,0.773109243697479,0.8363636363636363
e6a6e318-9f688e48dd5ac428,48c5f745-76116075ca0bc0f4,0.773109243697479,0.8363636363636363
ea2fc2bc-3044709d8ffadf97,3c667d4f-524cd7f06bda5cb0,0.7692307692307693,0.7758620689655172
4d25818e-685916003c7f91bc,00c0b82a-a23297c71634ae34,0.7692307692307693,0.8333333333333334
3c667d4f-524cd7f06bda5cb0,e1a5831a-8002f90b95c9a4f9,0.7681159420289855,0.8983050847457628
4d25818e-685916003c7f91bc,2b2d3b84-8002a3802a32a0bb,0.7681159420289855,0.8833333333333333
4f7af821-1edc6f9d9d4cfda9,2b2d3b84-8002a3802a32a0bb,0.7681159420289855,0.8833333333333333
2f8c3bf3-e73d8329c1717cd5,c57a973e-8bec26d0d270b7e2,0.765625,0.7903225806451613
fa484fdd-d4c4bc5b8a7183da,11c2ab99-836a13764460b298,0.7652173913043478,0.7719298245614035
fa484fdd-d4c4bc5b8a7183da,bdfe8110-ffa623ef7fcc38d6,0.7652173913043478,0.7719298245614035
00c0b82a-a23297c71634ae34,e1a5831a-8002f90b95c9a4f9,0.7651006711409396,0.8142857142857143
28c2d81a-e2ec233423815bfa,4d25818e-685916003c7f91bc,0.7636363636363637,0.84
a7894e0b-4e44f93da3e1e8f0,4f7af821-1edc6f9d9d4cfda9,0.7627118644067796,0.7758620689655172
4548305b-59b7534a6e2eb29c,04df7bb8-fb43ee8f991e01a2,0.7619047619047619,0.9411764705882353
a7894e0b-4e44f93da3e1e8f0,e18ae6a1-56bf552fc9e76a67,0.7611940298507462,0.8793103448275862
fadc1365-18491264f0f6840e,ea2fc2bc-3044709d8ffadf97,0.7610619469026548,0.7818181818181819
e6a6e318-9f688e48dd5ac428,ea2fc2bc-3044709d8ffadf97,0.7610619469026548,0.7818181818181819
00c0b82a-a23297c71634ae34,ee270b2a-4a0d00c96498d123,0.7605633802816901,0.7714285714285715
11c2ab99-836a13764460b298,ea2fc2bc-3044709d8ffadf97,0.7586206896551724,0.7586206896551724
bdfe8110-ffa623ef7fcc38d6,ea2fc2bc-3044709d8ffadf97,0.7586206896551724,0.7586206896551724
00c0b82a-a23297c71634ae34,aaccc000-cd3027809553b409,0.7571428571428571,0.7571428571428571
2f8c3bf3-e73d8329c1717cd5,2b2d3b84-8002a3802a32a0bb,0.7571428571428571,0.8548387096774194
8f6421f3-ee31a7da9e3d7f85,a7894e0b-4e44f93da3e1e8f0,0.7567567567567568,0.7924528301886793
3c667d4f-524cd7f06bda5cb0,4548305b-59b7534a6e2eb29c,0.7559055118110236,0.8135593220338984
28c2d81a-e2ec233423815bfa,48c5f745-76116075ca0bc0f4,0.7543859649122807,0.86
0fdc80c5-b9cc17385a6b997a,00c0b82a-a23297c71634ae34,0.7538461538461538,0.8166666666666667
4f7af821-1edc6f9d9d4cfda9,00c0b82a-a23297c71634ae34,0.7538461538461538,0.8166666666666667
a7894e0b-4e44f93da3e1e8f0,3c667d4f-524cd7f06bda5cb0,0.7521367521367521,0.7586206896551724
8f6421f3-ee31a7da9e3d7f85,3c667d4f-524cd7f06bda5cb0,0.75,0.7924528301886793
4f7af821-1edc6f9d9d4cfda9,4548305b-59b7534a6e2eb29c,0.75,0.8
0fdc80c5-b9cc17385a6b997a,4d25818e-685916003c7f91bc,0.75,0.75
967b67b0-af35838eb0b75e7d,ee270b2a-4a0d00c96498d123,0.75,0.796875
80c384e4-af35838eb0b75e7d,ee270b2a-4a0d00c96498d123,0.75,0.796875
28c2d81a-e2ec233423815bfa,2f8c3bf3-e73d8329c1717cd5,0.75,0.84
4d25818e-685916003c7f91bc,56a90e79-59d76e891525abc3,0.7480916030534351,0.8166666666666667
c57a973e-8bec26d0d270b7e2,e18ae6a1-56bf552fc9e76a67,0.7464788732394366,0.803030303030303
48c5f745-76116075ca0bc0f4,2b2d3b84-8002a3802a32a0bb,0.7464788732394366,0.828125
ea2fc2bc-3044709d8ffadf97,4548305b-59b7534a6e2eb29c,0.746031746031746,0.8103448275862069
a7894e0b-4e44f93da3e1e8f0,4d25818e-685916003c7f91bc,0.7457627118644068,0.7586206896551724
28c2d81a-e2ec233423815bfa,4f7af821-1edc6f9d9d4cfda9,0.7454545454545455,0.82
fadc1365-18491264f0f6840e,3cf63146-ed96a88172a99b64,0.7419354838709677,0.8363636363636363
e6a6e318-9f688e48dd5ac428,3cf63146-ed96a88172a99b64,0.7419354838709677,0.8363636363636363
2b2d3b84-8002a3802a32a0bb,04df7bb8-fb43ee8f991e01a2,0.7415730337078652,0.8461538461538461
3c667d4f-524cd7f06bda5cb0,e18ae6a1-56bf552fc9e76a67,0.7407407407407407,0.847457627118644
3c667d4f-524cd7f06bda5cb0,56a90e79-59d76e891525abc3,0.7384615384615385,0.8135593220338984
4d25818e-685916003c7f91bc,e1a5831a-8002f90b95c9a4f9,0.7338129496402878,0.85
4f7af821-1edc6f9d9d4cfda9,e1a5831a-8002f90b95c9a4f9,0.7338129496402878,0.85
11c2ab99-836a13764460b298,b9219544-4f0b882ccebbb0e7,0.7333333333333333,0.7586206896551724
bdfe8110-ffa623ef7fcc38d6,b9219544-4f0b882ccebbb0e7,0.7333333333333333,0.7586206896551724
b9219544-4f0b882ccebbb0e7,3cf63146-ed96a88172a99b64,0.732824427480916,0.7741935483870968
fadc1365-18491264f0f6840e,079ad09e-6c66ff5d51abed6f,0.732824427480916,0.8727272727272727
e6a6e318-9f688e48dd5ac428,079ad09e-6c66ff5d51abed6f,0.732824427480916,0.8727272727272727
2f8c3bf3-e73d8329c1717cd5,bb0949b3-b5937c6bbc0c4cf2,0.732824427480916,0.7741935483870968
fadc1365-18491264f0f6840e,20012377-d788dc5bfb094ca7,0.732824427480916,0.8727272727272727
e6a6e318-9f688e48dd5ac428,20012377-d788dc5bfb094ca7,0.732824427480916,0.8727272727272727
48c5f745-76116075ca0bc0f4,00c0b82a-a23297c71634ae34,0.7313432835820896,0.765625
b9219544-4f0b882ccebbb0e7,48c5f745-76116075ca0bc0f4,0.7301587301587301,0.7419354838709677
2f8c3bf3-e73d8329c1717cd5,96cd6ee9-b4b6f058bca794bd,0.7295597484276729,0.9354838709677419
48c5f745-76116075ca0bc0f4,e1a5831a-8002f90b95c9a4f9,0.7272727272727273,0.8125
4548305b-59b7534a6e2eb29c,2b2d3b84-8002a3802a32a0bb,0.726027397260274,0.7794117647058824
0fdc80c5-b9cc17385a6b997a,2b2d3b84-8002a3802a32a0bb,0.7246376811594203,0.8333333333333334
00c0b82a-a23297c71634ae34,56a90e79-59d76e891525abc3,0.723404255319149,0.7285714285714285
4d25818e-685916003c7f91bc,1ea771ea-31982b8d0676dce6,0.723404255319149,0.85
a7894e0b-4e44f93da3e1e8f0,c220c822-8f151b0df1073ade,0.7222222222222222,0.896551724137931
8f6421f3-ee31a7da9e3d7f85,3cf63146-ed96a88172a99b64,0.7213114754098361,0.8301886792452831
0fdc80c5-b9cc17385a6b997a,2f8c3bf3-e73d8329c1717cd5,0.7213114754098361,0.7333333333333333
4f7af821-1edc6f9d9d4cfda9,e18ae6a1-56bf552fc9e76a67,0.7205882352941176,0.8166666666666667
967b67b0-af35838eb0b75e7d,7ae0cb0d-6f3db1cbc26cea1c,0.7205882352941176,0.765625
80c384e4-af35838eb0b75e7d,7ae0cb0d-6f3db1cbc26cea1c,0.7205882352941176,0.765625
3c667d4f-524cd7f06bda5cb0,bb0949b3-b5937c6bbc0c4cf2,0.71875,0.7796610169491526
4d25818e-685916003c7f91bc,4548305b-59b7534a6e2eb29c,0.71875,0.7666666666666667
48c5f745-76116075ca0bc0f4,be3b1289-62071cd8d4a4e6d3,0.7172413793103448,0.8125
e18ae6a1-56bf552fc9e76a67,96cd6ee9-b4b6f058bca794bd,0.7167630057803468,0.8157894736842105
0fdc80c5-b9cc17385a6b997a,4f7af821-1edc6f9d9d4cfda9,0.7166666666666667,0.7166666666666667
fadc1365-18491264f0f6840e,1be078c4-32ca7e015a838482,0.7166666666666667,0.7818181818181819
e6a6e318-9f688e48dd5ac428,1be078c4-32ca7e015a838482,0.7166666666666667,0.7818181818181819
a7894e0b-4e44f93da3e1e8f0,b9219544-4f0b882ccebbb0e7,0.7166666666666667,0.7413793103448276
7ae0cb0d-6f3db1cbc26cea1c,85125ecb-495c620601720f05,0.7160493827160493,0.8055555555555556
a7894e0b-4e44f93da3e1e8f0,f870e76b-3ba460b78b587d9b,0.7153284671532847,0.8448275862068966
c57a973e-8bec26d0d270b7e2,56a90e79-59d76e891525abc3,0.7153284671532847,0.7424242424242424
28c2d81a-e2ec233423815bfa,1be078c4-32ca7e015a838482,0.7130434782608696,0.82
8f6421f3-ee31a7da9e3d7f85,e1a5831a-8002f90b95c9a4f9,0.7121212121212122,0.8867924528301887
fadc1365-18491264f0f6840e,0b5cff5a-cbc0ded58ec456a2,0.7107438016528925,0.7818181818181819
e6a6e318-9f688e48dd5ac428,0b5cff5a-cbc0ded58ec456a2,0.7107438016528925,0.7818181818181819
28c2d81a-e2ec233423815bfa,fa484fdd-d4c4bc5b8a7183da,0.7102803738317757,0.76
e18ae6a1-56bf552fc9e76a67,e1a5831a-8002f90b95c9a4f9,0.7096774193548387,0.7236842105263158
7ae0cb0d-6f3db1cbc26cea1c,c0aa6246-5388e8e2352267ce,0.7096774193548387,0.7638888888888888
bb0949b3-b5937c6bbc0c4cf2,ee270b2a-4a0d00c96498d123,0.7092198581560284,0.7246376811594203
8f6421f3-ee31a7da9e3d7f85,fa484fdd-d4c4bc5b8a7183da,0.7090909090909091,0.7358490566037735
b9219544-4f0b882ccebbb0e7,1be078c4-32ca7e015a838482,0.7086614173228346,0.7258064516129032
8f6421f3-ee31a7da9e3d7f85,4d25818e-685916003c7f91bc,0.7079646017699115,0.7547169811320755
8f6421f3-ee31a7da9e3d7f85,4f7af821-1edc6f9d9d4cfda9,0.7079646017699115,0.7547169811320755
a7894e0b-4e44f93da3e1e8f0,810cf242-d53df3adf0b7bf56,0.7058823529411765,0.7241379310344828
4548305b-59b7534a6e2eb29c,56a90e79-59d76e891525abc3,0.7050359712230215,0.7205882352941176
4d25818e-685916003c7f91bc,2f8c3bf3-e73d8329c1717cd5,0.7049180327868853,0.7166666666666667
4f7af821-1edc6f9d9d4cfda9,2f8c3bf3-e73d8329c1717cd5,0.7049180327868853,0.7166666666666667
fadc1365-18491264f0f6840e,3c667d4f-524cd7f06bda5cb0,0.7017543859649122,0.7272727272727273
e6a6e318-9f688e48dd5ac428,3c667d4f-524cd7f06bda5cb0,0.7017543859649122,0.7272727272727273
11c2ab99-836a13764460b298,3c667d4f-524cd7f06bda5cb0,0.7008547008547008,0.7068965517241379
bdfe8110-ffa623ef7fcc38d6,3c667d4f-524cd7f06bda5cb0,0.7008547008547008,0.7068965517241379
8f6421f3-ee31a7da9e3d7f85,48c5f745-76116075ca0bc0f4,0.7008547008547008,0.7735849056603774
3c667d4f-524cd7f06bda5cb0,1ea771ea-31982b8d0676dce6,0.7,0.8305084745762712
28c2d81a-e2ec233423815bfa,aaccc000-cd3027809553b409,0.7,0.84
48c5f745-76116075ca0bc0f4,e18ae6a1-56bf552fc9e76a67,0.7,0.765625
c0aa6246-5388e8e2352267ce,04df7bb8-fb43ee8f991e01a2,0.6994535519125683,0.7710843373493976
fcbe7917-527b4c7bcd90e160,953ac418-15324feaea2d4e8e,0.6979166666666666,0.7204301075268817
2b2d3b84-8002a3802a32a0bb,d12f26f0-817b664803bfb06a,0.6976744186046512,0.7692307692307693
4548305b-59b7534a6e2eb29c,ec607ca1-616e9cd4d73a5de6,0.6967741935483871,0.7941176470588235
8f6421f3-ee31a7da9e3d7f85,2f8c3bf3-e73d8329c1717cd5,0.6956521739130435,0.7547169811320755
ea2fc2bc-3044709d8ffadf97,4d25818e-685916003c7f91bc,0.6949152542372882,0.7068965517241379
a7894e0b-4e44f93da3e1e8f0,0b5cff5a-cbc0ded58ec456a2,0.6935483870967742,0.7413793103448276
8639f6c6-72a48601176340a9,f870e76b-3ba460b78b587d9b,0.6933333333333334,0.7323943661971831
f870e76b-3ba460b78b587d9b,04df7bb8-fb43ee8f991e01a2,0.6927374301675978,0.7848101265822784
8f778337-feb0d359ab443e78,f28b8cb4-1e050d8f56be3b93,0.6923076923076923,0.7
0fdc80c5-b9cc17385a6b997a,e1a5831a-8002f90b95c9a4f9,0.6906474820143885,0.8
11c2ab99-836a13764460b298,48c5f745-76116075ca0bc0f4,0.6885245901639344,0.7241379310344828
bdfe8110-ffa623ef7fcc38d6,48c5f745-76116075ca0bc0f4,0.6885245901639344,0.7241379310344828
ea2fc2bc-3044709d8ffadf97,aaccc000-cd3027809553b409,0.6875,0.7586206896551724
b9219544-4f0b882ccebbb0e7,0b5cff5a-cbc0ded58ec456a2,0.6875,0.7096774193548387
c57a973e-8bec26d0d270b7e2,04df7bb8-fb43ee8f991e01a2,0.6867469879518072,0.8636363636363636
11c2ab99-836a13764460b298,079ad09e-6c66ff5d51abed6f,0.6865671641791045,0.7931034482758621
11c2ab99-836a13764460b298,20012377-d788dc5bfb094ca7,0.6865671641791045,0.7931034482758621
bdfe8110-ffa623ef7fcc38d6,079ad09e-6c66ff5d51abed6f,0.6865671641791045,0.7931034482758621
2f8c3bf3-e73d8329c1717cd5,ee270b2a-4a0d00c96498d123,0.6865671641791045,0.7419354838709677
bdfe8110-ffa623ef7fcc38d6,20012377-d788dc5bfb094ca7,0.6865671641791045,0.7931034482758621
28c2d81a-e2ec233423815bfa,810cf242-d53df3adf0b7bf56,0.6846846846846847,0.76
a7894e0b-4e44f93da3e1e8f0,2f8c3bf3-e73d8329c1717cd5,0.6833333333333333,0.7068965517241379
2b2d3b84-8002a3802a32a0bb,c0aa6246-5388e8e2352267ce,0.6832298136645962,0.7051282051282052
3c667d4f-524cd7f06bda5cb0,aaccc000-cd3027809553b409,0.6821705426356589,0.7457627118644068
4d25818e-685916003c7f91bc,bb0949b3-b5937c6bbc0c4cf2,0.6821705426356589,0.7333333333333333
48c5f745-76116075ca0bc0f4,56a90e79-59d76e891525abc3,0.6814814814814815,0.71875
c57a973e-8bec26d0d270b7e2,bb0949b3-b5937c6bbc0c4cf2,0.6814814814814815,0.696969696969697
ee270b2a-4a0d00c96498d123,2b2d3b84-8002a3802a32a0bb,0.68,0.7083333333333334
bb0949b3-b5937c6bbc0c4cf2,1ea771ea-31982b8d0676dce6,0.68,0.7391304347826086
3c667d4f-524cd7f06bda5cb0,96cd6ee9-b4b6f058bca794bd,0.6794871794871795,0.8983050847457628
28c2d81a-e2ec233423815bfa,b9219544-4f0b882ccebbb0e7,0.6785714285714286,0.76
e1a5831a-8002f90b95c9a4f9,f28b8cb4-1e050d8f56be3b93,0.6783625730994152,0.7341772151898734
fadc1365-18491264f0f6840e,0fdc80c5-b9cc17385a6b997a,0.6782608695652174,0.7090909090909091
e6a6e318-9f688e48dd5ac428,0fdc80c5-b9cc17385a6b997a,0.6782608695652174,0.7090909090909091
fa484fdd-d4c4bc5b8a7183da,ea2fc2bc-3044709d8ffadf97,0.6782608695652174,0.6842105263157895
28c2d81a-e2ec233423815bfa,4548305b-59b7534a6e2eb29c,0.6779661016949152,0.8
11c2ab99-836a13764460b298,4f7af821-1edc6f9d9d4cfda9,0.6779661016949152,0.6896551724137931
bdfe8110-ffa623ef7fcc38d6,4f7af821-1edc6f9d9d4cfda9,0.6779661016949152,0.6896551724137931
4d25818e-685916003c7f91bc,810cf242-d53df3adf0b7bf56,0.6776859504132231,0.6833333333333333
11c2ab99-836a13764460b298,3cf63146-ed96a88172a99b64,0.6771653543307087,0.7413793103448276
bdfe8110-ffa623ef7fcc38d6,3cf63146-ed96a88172a99b64,0.6771653543307087,0.7413793103448276
0b5cff5a-cbc0ded58ec456a2,079ad09e-6c66ff5d51abed6f,0.676056338028169,0.7272727272727273
0b5cff5a-cbc0ded58ec456a2,20012377-d788dc5bfb094ca7,0.676056338028169,0.7272727272727273
48993e07-ef4d50df85eb7e96,d77f722c-85273902dd178793,0.6758620689655173,0.6901408450704225
2f8c3bf3-e73d8329c1717cd5,c0aa6246-5388e8e2352267ce,0.6758620689655173,0.7903225806451613
bb0949b3-b5937c6bbc0c4cf2,df594a00-86207ca113146fd3,0.6751592356687898,0.7681159420289855
2b2d3b84-8002a3802a32a0bb,df594a00-86207ca113146fd3,0.6746987951807228,0.717948717948718
3c667d4f-524cd7f06bda5cb0,0fdc80c5-b9cc17385a6b997a,0.6722689075630253,0.6779661016949152
2f8c3bf3-e73d8329c1717cd5,3cf63146-ed96a88172a99b64,0.6717557251908397,0.7096774193548387
fadc1365-18491264f0f6840e,e1a5831a-8002f90b95c9a4f9,0.6716417910447762,0.8181818181818182
e6a6e318-9f688e48dd5ac428,e1a5831a-8002f90b95c9a4f9,0.6716417910447762,0.8181818181818182
967b67b0-af35838eb0b75e7d,00c0b82a-a23297c71634ae34,0.6716417910447762,0.703125
80c384e4-af35838eb0b75e7d,00c0b82a-a23297c71634ae34,0.6716417910447762,0.703125
0fdc80c5-b9cc17385a6b997a,d77f722c-85273902dd178793,0.6716417910447762,0.75
4548305b-59b7534a6e2eb29c,3cf63146-ed96a88172a99b64,0.6715328467153284,0.6764705882352942
00c0b82a-a23297c71634ae34,e18ae6a1-56bf552fc9e76a67,0.6712328767123288,0.7
3cf63146-ed96a88172a99b64,c0aa6246-5388e8e2352267ce,0.6710526315789473,0.7391304347826086
e18ae6a1-56bf552fc9e76a67,d12f26f0-817b664803bfb06a,0.6705882352941176,0.75
96cd6ee9-b4b6f058bca794bd,04df7bb8-fb43ee8f991e01a2,0.6700507614213198,0.6804123711340206
3c667d4f-524cd7f06bda5cb0,810cf242-d53df3adf0b7bf56,0.6666666666666666,0.6779661016949152
2f8c3bf3-e73d8329c1717cd5,00c0b82a-a23297c71634ae34,0.6666666666666666,0.7096774193548387
00c0b82a-a23297c71634ae34,c220c822-8f151b0df1073ade,0.6666666666666666,0.7428571428571429
8f6421f3-ee31a7da9e3d7f85,e18ae6a1-56bf552fc9e76a67,0.6666666666666666,0.8113207547169812
4f7af821-1edc6f9d9d4cfda9,1ea771ea-31982b8d0676dce6,0.6666666666666666,0.7833333333333333
e18ae6a1-56bf552fc9e76a67,1ea771ea-31982b8d0676dce6,0.6624203821656051,0.6842105263157895
aaccc000-cd3027809553b409,2b2d3b84-8002a3802a32a0bb,0.6621621621621622,0.7
fa484fdd-d4c4bc5b8a7183da,f870e76b-3ba460b78b587d9b,0.6617647058823529,0.7894736842105263
c57a973e-8bec26d0d270b7e2,aaccc000-cd3027809553b409,0.6617647058823529,0.6818181818181818
0fdc80c5-b9cc17385a6b997a,079ad09e-6c66ff5d51abed6f,0.6617647058823529,0.75
0fdc80c5-b9cc17385a6b997a,20012377-d788dc5bfb094ca7,0.6617647058823529,0.75
ea2fc2bc-3044709d8ffadf97,2b2d3b84-8002a3802a32a0bb,0.6617647058823529,0.7758620689655172
48c5f745-76116075ca0bc0f4,bb0949b3-b5937c6bbc0c4cf2,0.6616541353383458,0.6875
0fdc80c5-b9cc17385a6b997a,aaccc000-cd3027809553b409,0.6615384615384615,0.7166666666666667
11c2ab99-836a13764460b298,0fdc80c5-b9cc17385a6b997a,0.6610169491525424,0.6724137931034483
ea2fc2bc-3044709d8ffadf97,0fdc80c5-b9cc17385a6b997a,0.6610169491525424,0.6724137931034483
bdfe8110-ffa623ef7fcc38d6,0fdc80c5-b9cc17385a6b997a,0.6610169491525424,0.6724137931034483
11c2ab99-836a13764460b298,4d25818e-685916003c7f91bc,0.6610169491525424,0.6724137931034483
8f6421f3-ee31a7da9e3d7f85,1be078c4-32ca7e015a838482,0.6610169491525424,0.7358490566037735
bdfe8110-ffa623ef7fcc38d6,4d25818e-685916003c7f91bc,0.6610169491525424,0.6724137931034483
ea2fc2bc-3044709d8ffadf97,4f7af821-1edc6f9d9d4cfda9,0.6610169491525424,0.6724137931034483
fadc1365-18491264f0f6840e,4d25818e-685916003c7f91bc,0.6608695652173913,0.6909090909090909
e6a6e318-9f688e48dd5ac428,4d25818e-685916003c7f91bc,0.6608695652173913,0.6909090909090909
fadc1365-18491264f0f6840e,4f7af821-1edc6f9d9d4cfda9,0.6608695652173913,0.6909090909090909
e6a6e318-9f688e48dd5ac428,4f7af821-1edc6f9d9d4cfda9,0.6608695652173913,0.6909090909090909
00c0b82a-a23297c71634ae34,96cd6ee9-b4b6f058bca794bd,0.6586826347305389,0.7857142857142857
48c5f745-76116075ca0bc0f4,96cd6ee9-b4b6f058bca794bd,0.6583850931677019,0.828125
d77f722c-85273902dd178793,2b2d3b84-8002a3802a32a0bb,0.6578947368421053,0.6756756756756757
ee270b2a-4a0d00c96498d123,268eb6c6-42aa9c40dfc146f9,0.6577181208053692,0.6805555555555556
bb0949b3-b5937c6bbc0c4cf2,d77f722c-85273902dd178793,0.6573426573426573,0.6811594202898551
3c667d4f-524cd7f06bda5cb0,be3b1289-62071cd8d4a4e6d3,0.6571428571428571,0.7796610169491526
fadc1365-18491264f0f6840e,f870e76b-3ba460b78b587d9b,0.6567164179104478,0.8
e6a6e318-9f688e48dd5ac428,f870e76b-3ba460b78b587d9b,0.6567164179104478,0.8
a7894e0b-4e44f93da3e1e8f0,079ad09e-6c66ff5d51abed6f,0.6567164179104478,0.7586206896551724
a7894e0b-4e44f93da3e1e8f0,20012377-d788dc5bfb094ca7,0.6567164179104478,0.7586206896551724
4f7af821-1edc6f9d9d4cfda9,56a90e79-59d76e891525abc3,0.6564885496183206,0.7166666666666667
28c2d81a-e2ec233423815bfa,3cf63146-ed96a88172a99b64,0.6554621848739496,0.78
b9219544-4f0b882ccebbb0e7,04df7bb8-fb43ee8f991e01a2,0.654320987654321,0.8548387096774194
56a90e79-59d76e891525abc3,e1a5831a-8002f90b95c9a4f9,0.6533333333333333,0.6901408450704225
7ae0cb0d-6f3db1cbc26cea1c,2b2d3b84-8002a3802a32a0bb,0.6533333333333333,0.6805555555555556
4548305b-59b7534a6e2eb29c,e1a5831a-8002f90b95c9a4f9,0.6530612244897959,0.7058823529411765
4548305b-59b7534a6e2eb29c,079ad09e-6c66ff5d51abed6f,0.6527777777777778,0.6911764705882353
4548305b-59b7534a6e2eb29c,20012377-d788dc5bfb094ca7,0.6527777777777778,0.6911764705882353
11c2ab99-836a13764460b298,c0aa6246-5388e8e2352267ce,0.6524822695035462,0.7931034482758621
bdfe8110-ffa623ef7fcc38d6,c0aa6246-5388e8e2352267ce,0.6524822695035462,0.7931034482758621
0fdc80c5-b9cc17385a6b997a,bb0949b3-b5937c6bbc0c4cf2,0.6511627906976745,0.7
4f7af821-1edc6f9d9d4cfda9,bb0949b3-b5937c6bbc0c4cf2,0.6511627906976745,0.7
8f6421f3-ee31a7da9e3d7f85,aaccc000-cd3027809553b409,0.6504065040650406,0.7547169811320755
4d25818e-685916003c7f91bc,96cd6ee9-b4b6f058bca794bd,0.6496815286624203,0.85
3cf63146-ed96a88172a99b64,e18ae6a1-56bf552fc9e76a67,0.6482758620689655,0.6811594202898551
48993e07-ef4d50df85eb7e96,fcbe7917-527b4c7bcd90e160,0.6463414634146342,0.7464788732394366
48c5f745-76116075ca0bc0f4,04df7bb8-fb43ee8f991e01a2,0.6463414634146342,0.828125
4d25818e-685916003c7f91bc,aaccc000-cd3027809553b409,0.6461538461538462,0.7
bb0949b3-b5937c6bbc0c4cf2,f28b8cb4-1e050d8f56be3b93,0.6459627329192547,0.7536231884057971
8f6421f3-ee31a7da9e3d7f85,4548305b-59b7534a6e2eb29c,0.6446280991735537,0.7358490566037735
aaccc000-cd3027809553b409,9fd33d5a-af26105191efe7e0,0.6442953020134228,0.6857142857142857
8f6421f3-ee31a7da9e3d7f85,b9219544-4f0b882ccebbb0e7,0.6434782608695652,0.6981132075471698
fa484fdd-d4c4bc5b8a7183da,c0aa6246-5388e8e2352267ce,0.6428571428571429,0.7894736842105263
0b5cff5a-cbc0ded58ec456a2,d77f722c-85273902dd178793,0.6428571428571429,0.6818181818181818
11c2ab99-836a13764460b298,e1a5831a-8002f90b95c9a4f9,0.6423357664233577,0.7586206896551724
bdfe8110-ffa623ef7fcc38d6,e1a5831a-8002f90b95c9a4f9,0.6423357664233577,0.7586206896551724
079ad09e-6c66ff5d51abed6f,c220c822-8f151b0df1073ade,0.6419753086419753,0.6842105263157895
20012377-d788dc5bfb094ca7,c220c822-8f151b0df1073ade,0.6419753086419753,0.6842105263157895
0b5cff5a-cbc0ded58ec456a2,4548305b-59b7534a6e2eb29c,0.6417910447761194,0.6515151515151515
3c667d4f-524cd7f06bda5cb0,ee270b2a-4a0d00c96498d123,0.6412213740458015,0.711864406779661
a7894e0b-4e44f93da3e1e8f0,aaccc000-cd3027809553b409,0.640625,0.7068965517241379
fa484fdd-d4c4bc5b8a7183da,8639f6c6-72a48601176340a9,0.640625,0.7192982456140351
28c2d81a-e2ec233423815bfa,2b2d3b84-8002a3802a32a0bb,0.640625,0.82
d77f722c-85273902dd178793,e18ae6a1-56bf552fc9e76a67,0.64,0.6486486486486487
c57a973e-8bec26d0d270b7e2,1ea771ea-31982b8d0676dce6,0.6394557823129252,0.7121212121212122
0fdc80c5-b9cc17385a6b997a,b9219544-4f0b882ccebbb0e7,0.639344262295082,0.65
ea2fc2bc-3044709d8ffadf97,48c5f745-76116075ca0bc0f4,0.639344262295082,0.6724137931034483
e1a5831a-8002f90b95c9a4f9,8f778337-feb0d359ab443e78,0.6390532544378699,0.6835443037974683
7ae0cb0d-6f3db1cbc26cea1c,d12f26f0-817b664803bfb06a,0.6385542168674698,0.7361111111111112
ee270b2a-4a0d00c96498d123,d12f26f0-817b664803bfb06a,0.6385542168674698,0.7361111111111112
c57a973e-8bec26d0d270b7e2,96cd6ee9-b4b6f058bca794bd,0.6380368098159509,0.7878787878787878
4548305b-59b7534a6e2eb29c,00c0b82a-a23297c71634ae34,0.6376811594202898,0.6470588235294118
48993e07-ef4d50df85eb7e96,c0aa6246-5388e8e2352267ce,0.6363636363636364,0.6901408450704225
2f8c3bf3-e73d8329c1717cd5,f28b8cb4-1e050d8f56be3b93,0.6363636363636364,0.7903225806451613
4d25818e-685916003c7f91bc,ee270b2a-4a0d00c96498d123,0.6363636363636364,0.7
00c0b82a-a23297c71634ae34,1ea771ea-31982b8d0676dce6,0.6357615894039735,0.6857142857142857
ee270b2a-4a0d00c96498d123,9fd33d5a-af26105191efe7e0,0.6357615894039735,0.6666666666666666
28c2d81a-e2ec233423815bfa,e1a5831a-8002f90b95c9a4f9,0.6356589147286822,0.82
a7894e0b-4e44f93da3e1e8f0,56a90e79-59d76e891525abc3,0.6356589147286822,0.7068965517241379
ea2fc2bc-3044709d8ffadf97,56a90e79-59d76e891525abc3,0.6356589147286822,0.7068965517241379
ee270b2a-4a0d00c96498d123,e18ae6a1-56bf552fc9e76a67,0.6351351351351351,0.6527777777777778
0fdc80c5-b9cc17385a6b997a,c57a973e-8bec26d0d270b7e2,0.6349206349206349,0.6666666666666666
0fdc80c5-b9cc17385a6b997a,0b5cff5a-cbc0ded58ec456a2,0.6349206349206349,0.6666666666666666
2f8c3bf3-e73d8329c1717cd5,48c5f745-76116075ca0bc0f4,0.6349206349206349,0.6451612903225806
bb0949b3-b5937c6bbc0c4cf2,e18ae6a1-56bf552fc9e76a67,0.6344827586206897,0.6666666666666666
b9219544-4f0b882ccebbb0e7,c0aa6246-5388e8e2352267ce,0.6344827586206897,0.7419354838709677
00c0b82a-a23297c71634ae34,d12f26f0-817b664803bfb06a,0.6341463414634146,0.7428571428571429
8f6421f3-ee31a7da9e3d7f85,00c0b82a-a23297c71634ae34,0.6341463414634146,0.7358490566037735
11c2ab99-836a13764460b298,1be078c4-32ca7e015a838482,0.6341463414634146,0.6724137931034483
a7894e0b-4e44f93da3e1e8f0,1be078c4-32ca7e015a838482,0.6341463414634146,0.6724137931034483
bdfe8110-ffa623ef7fcc38d6,1be078c4-32ca7e015a838482,0.6341463414634146,0.6724137931034483
28c2d81a-e2ec233423815bfa,00c0b82a-a23297c71634ae34,0.6333333333333333,0.76
967b67b0-af35838eb0b75e7d,d12f26f0-817b664803bfb06a,0.6329113924050633,0.78125
80c384e4-af35838eb0b75e7d,d12f26f0-817b664803bfb06a,0.6329113924050633,0.78125
3c667d4f-524cd7f06bda5cb0,8f778337-feb0d359ab443e78,0.6308724832214765,0.7966101694915254
aaccc000-cd3027809553b409,e1a5831a-8002f90b95c9a4f9,0.6308724832214765,0.6714285714285714
4f7af821-1edc6f9d9d4cfda9,aaccc000-cd3027809553b409,0.6307692307692307,0.6833333333333333
0fdc80c5-b9cc17385a6b997a,c220c822-8f151b0df1073ade,0.6301369863013698,0.7666666666666667
a7894e0b-4e44f93da3e1e8f0,3cf63146-ed96a88172a99b64,0.6299212598425197,0.6896551724137931
48c5f745-76116075ca0bc0f4,f870e76b-3ba460b78b587d9b,0.6293706293706294,0.703125
48993e07-ef4d50df85eb7e96,df594a00-86207ca113146fd3,0.6289308176100629,0.704225352112676
b9219544-4f0b882ccebbb0e7,2b2d3b84-8002a3802a32a0bb,0.6285714285714286,0.7096774193548387
d12f26f0-817b664803bfb06a,96cd6ee9-b4b6f058bca794bd,0.6282722513089005,0.6382978723404256
fa484fdd-d4c4bc5b8a7183da,967b67b0-af35838eb0b75e7d,0.628099173553719,0.6666666666666666
fa484fdd-d4c4bc5b8a7183da,80c384e4-af35838eb0b75e7d,0.628099173553719,0.6666666666666666
4f7af821-1edc6f9d9d4cfda9,810cf242-d53df3adf0b7bf56,0.628099173553719,0.6333333333333333
7ae0cb0d-6f3db1cbc26cea1c,04df7bb8-fb43ee8f991e01a2,0.627906976744186,0.75
ee270b2a-4a0d00c96498d123,1ea771ea-31982b8d0676dce6,0.6274509803921569,0.6666666666666666
2f8c3bf3-e73d8329c1717cd5,df594a00-86207ca113146fd3,0.6266666666666667,0.7580645161290323
1be078c4-32ca7e015a838482,0b5cff5a-cbc0ded58ec456a2,0.6259541984732825,0.6307692307692307
fadc1365-18491264f0f6840e,e18ae6a1-56bf552fc9e76a67,0.6259541984732825,0.7454545454545455
e6a6e318-9f688e48dd5ac428,e18ae6a1-56bf552fc9e76a67,0.6259541984732825,0.7454545454545455
3c667d4f-524cd7f06bda5cb0,df594a00-86207ca113146fd3,0.6258503401360545,0.7796610169491526
c57a973e-8bec26d0d270b7e2,be3b1289-62071cd8d4a4e6d3,0.6258503401360545,0.696969696969697
0b5cff5a-cbc0ded58ec456a2,96cd6ee9-b4b6f058bca794bd,0.6257668711656442,0.7727272727272727
b9219544-4f0b882ccebbb0e7,c57a973e-8bec26d0d270b7e2,0.625,0.6451612903225806
7ae0cb0d-6f3db1cbc26cea1c,ee270b2a-4a0d00c96498d123,0.625,0.625
4d25818e-685916003c7f91bc,be3b1289-62071cd8d4a4e6d3,0.624113475177305,0.7333333333333333
2f8c3bf3-e73d8329c1717cd5,e1a5831a-8002f90b95c9a4f9,0.624113475177305,0.7096774193548387
b9219544-4f0b882ccebbb0e7,f870e76b-3ba460b78b587d9b,0.624113475177305,0.7096774193548387
48c5f745-76116075ca0bc0f4,268eb6c6-42aa9c40dfc146f9,0.624113475177305,0.6875
00c0b82a-a23297c71634ae34,04df7bb8-fb43ee8f991e01a2,0.6235294117647059,0.7571428571428571
2b2d3b84-8002a3802a32a0bb,f28b8cb4-1e050d8f56be3b93,0.6235294117647059,0.6794871794871795
c0aa6246-5388e8e2352267ce,08b9908d-1e461d7c84f5af2e,0.6235294117647059,0.6385542168674698
b9219544-4f0b882ccebbb0e7,079ad09e-6c66ff5d51abed6f,0.6231884057971014,0.6935483870967742
b9219544-4f0b882ccebbb0e7,20012377-d788dc5bfb094ca7,0.6231884057971014,0.6935483870967742
e1a5831a-8002f90b95c9a4f9,df594a00-86207ca113146fd3,0.6227544910179641,0.6582278481012658
e18ae6a1-56bf552fc9e76a67,df594a00-86207ca113146fd3,0.6219512195121951,0.6710526315789473
08b9908d-1e461d7c84f5af2e,ec607ca1-616e9cd4d73a5de6,0.6206896551724138,0.6206896551724138
48c5f745-76116075ca0bc0f4,1ea771ea-31982b8d0676dce6,0.6206896551724138,0.703125
48c5f745-76116075ca0bc0f4,1be078c4-32ca7e015a838482,0.6201550387596899,0.625
fadc1365-18491264f0f6840e,04df7bb8-fb43ee8f991e01a2,0.6193548387096774,0.8727272727272727
e6a6e318-9f688e48dd5ac428,04df7bb8-fb43ee8f991e01a2,0.6193548387096774,0.8727272727272727
28c2d81a-e2ec233423815bfa,e18ae6a1-56bf552fc9e76a67,0.6190476190476191,0.78
b9219544-4f0b882ccebbb0e7,a3abac01-756b4f81847c03a8,0.618421052631579,0.7580645161290323
810cf242-d53df3adf0b7bf56,2f8c3bf3-e73d8329c1717cd5,0.6178861788617886,0.6229508196721312
7ae0cb0d-6f3db1cbc26cea1c,268eb6c6-42aa9c40dfc146f9,0.6174496644295302,0.6388888888888888
3c667d4f-524cd7f06bda5cb0,04df7bb8-fb43ee8f991e01a2,0.6163522012578616,0.8305084745762712
ee270b2a-4a0d00c96498d123,04df7bb8-fb43ee8f991e01a2,0.6162790697674418,0.7361111111111112
c57a973e-8bec26d0d270b7e2,8f778337-feb0d359ab443e78,0.6153846153846154,0.7272727272727273
4d25818e-685916003c7f91bc,8f778337-feb0d359ab443e78,0.6133333333333333,0.7666666666666667
11c2ab99-836a13764460b298,f870e76b-3ba460b78b587d9b,0.6131386861313869,0.7241379310344828
bdfe8110-ffa623ef7fcc38d6,f870e76b-3ba460b78b587d9b,0.6131386861313869,0.7241379310344828
4f7af821-1edc6f9d9d4cfda9,967b67b0-af35838eb0b75e7d,0.6129032258064516,0.6333333333333333
4f7af821-1edc6f9d9d4cfda9,80c384e4-af35838eb0b75e7d,0.6129032258064516,0.6333333333333333
4d25818e-685916003c7f91bc,04df7bb8-fb43ee8f991e01a2,0.6125,0.8166666666666667
4f7af821-1edc6f9d9d4cfda9,04df7bb8-fb43ee8f991e01a2,0.6125,0.8166666666666667
4f7af821-1edc6f9d9d4cfda9,96cd6ee9-b4b6f058bca794bd,0.6114649681528662,0.8
2b2d3b84-8002a3802a32a0bb,f870e76b-3ba460b78b587d9b,0.6114649681528662,0.6153846153846154
00c0b82a-a23297c71634ae34,d77f722c-85273902dd178793,0.6111111111111112,0.6285714285714286
4548305b-59b7534a6e2eb29c,e18ae6a1-56bf552fc9e76a67,0.6111111111111112,0.6470588235294118
8f6421f3-ee31a7da9e3d7f85,2b2d3b84-8002a3802a32a0bb,0.6106870229007634,0.7547169811320755
c57a973e-8bec26d0d270b7e2,df594a00-86207ca113146fd3,0.6103896103896104,0.7121212121212122
4d25818e-685916003c7f91bc,d12f26f0-817b664803bfb06a,0.6103896103896104,0.7833333333333333
a7894e0b-4e44f93da3e1e8f0,0fdc80c5-b9cc17385a6b997a,0.6101694915254238,0.6206896551724138
c0aa6246-5388e8e2352267ce,d12f26f0-817b664803bfb06a,0.6101694915254238,0.6506024096385542
967b67b0-af35838eb0b75e7d,268eb6c6-42aa9c40dfc146f9,0.6099290780141844,0.671875
80c384e4-af35838eb0b75e7d,268eb6c6-42aa9c40dfc146f9,0.6099290780141844,0.671875
ea2fc2bc-3044709d8ffadf97,00c0b82a-a23297c71634ae34,0.609375,0.6724137931034483
4548305b-59b7534a6e2eb29c,c0aa6246-5388e8e2352267ce,0.609271523178808,0.6764705882352942
268eb6c6-42aa9c40dfc146f9,d12f26f0-817b664803bfb06a,0.6081871345029239,0.6753246753246753
7ae0cb0d-6f3db1cbc26cea1c,e18ae6a1-56bf552fc9e76a67,0.6081081081081081,0.625
fa484fdd-d4c4bc5b8a7183da,4548305b-59b7534a6e2eb29c,0.608,0.6666666666666666
810cf242-d53df3adf0b7bf56,48c5f745-76116075ca0bc0f4,0.608,0.6229508196721312
2b2d3b84-8002a3802a32a0bb,71c7ac71-4925edee1db76573,0.6077348066298343,0.7051282051282052
0b5cff5a-cbc0ded58ec456a2,bb0949b3-b5937c6bbc0c4cf2,0.6074074074074074,0.6212121212121212
0b5cff5a-cbc0ded58ec456a2,f870e76b-3ba460b78b587d9b,0.6068965517241379,0.6666666666666666
3cf63146-ed96a88172a99b64,079ad09e-6c66ff5d51abed6f,0.6068965517241379,0.6376811594202898
3cf63146-ed96a88172a99b64,20012377-d788dc5bfb094ca7,0.6068965517241379,0.6376811594202898
a7894e0b-4e44f93da3e1e8f0,ec607ca1-616e9cd4d73a5de6,0.6068965517241379,0.7586206896551724
1ea771ea-31982b8d0676dce6,96cd6ee9-b4b6f058bca794bd,0.6067415730337079,0.6666666666666666
268eb6c6-42aa9c40dfc146f9,2b2d3b84-8002a3802a32a0bb,0.6064516129032258,0.6103896103896104
2f8c3bf3-e73d8329c1717cd5,aaccc000-cd3027809553b409,0.6060606060606061,0.6451612903225806
4f7af821-1edc6f9d9d4cfda9,ee270b2a-4a0d00c96498d123,0.6060606060606061,0.6666666666666666
c220c822-8f151b0df1073ade,8c591975-af23e108a219677c,0.6057142857142858,0.6162790697674418
fa484fdd-d4c4bc5b8a7183da,b9219544-4f0b882ccebbb0e7,0.6050420168067226,0.631578947368421
00c0b82a-a23297c71634ae34,f28b8cb4-1e050d8f56be3b93,0.6049382716049383,0.7
7ae0cb0d-6f3db1cbc26cea1c,a3abac01-756b4f81847c03a8,0.6049382716049383,0.6805555555555556
c57a973e-8bec26d0d270b7e2,505f8562-c13678a91e6cf7c5,0.6049382716049383,0.7424242424242424
a7894e0b-4e44f93da3e1e8f0,be3b1289-62071cd8d4a4e6d3,0.60431654676259,0.7241379310344828
bb0949b3-b5937c6bbc0c4cf2,aaccc000-cd3027809553b409,0.60431654676259,0.6086956521739131
ee270b2a-4a0d00c96498d123,96cd6ee9-b4b6f058bca794bd,0.6035502958579881,0.7083333333333334
fa484fdd-d4c4bc5b8a7183da,3cf63146-ed96a88172a99b64,0.6031746031746031,0.6666666666666666
3c667d4f-524cd7f06bda5cb0,268eb6c6-42aa9c40dfc146f9,0.6029411764705882,0.6949152542372882
0fdc80c5-b9cc17385a6b997a,e18ae6a1-56bf552fc9e76a67,0.6029411764705882,0.6833333333333333
48c5f745-76116075ca0bc0f4,ee270b2a-4a0d00c96498d123,0.6029411764705882,0.640625
bb0949b3-b5937c6bbc0c4cf2,96cd6ee9-b4b6f058bca794bd,0.6024096385542169,0.7246376811594203
9fd33d5a-af26105191efe7e0,ec607ca1-616e9cd4d73a5de6,0.6024096385542169,0.6329113924050633
fa484fdd-d4c4bc5b8a7183da,079ad09e-6c66ff5d51abed6f,0.6015037593984962,0.7017543859649122
fa484fdd-d4c4bc5b8a7183da,20012377-d788dc5bfb094ca7,0.6015037593984962,0.7017543859649122
2f8c3bf3-e73d8329c1717cd5,4548305b-59b7534a6e2eb29c,0.6,0.6290322580645161
11c2ab99-836a13764460b298,2f8c3bf3-e73d8329c1717cd5,0.6,0.6206896551724138
ea2fc2bc-3044709d8ffadf97,2f8c3bf3-e73d8329c1717cd5,0.6,0.6206896551724138
bdfe8110-ffa623ef7fcc38d6,2f8c3bf3-e73d8329c1717cd5,0.6,0.6206896551724138
aaccc000-cd3027809553b409,96cd6ee9-b4b6f058bca794bd,0.5988023952095808,0.7142857142857143
ea2fc2bc-3044709d8ffadf97,f870e76b-3ba460b78b587d9b,0.5985401459854015,0.7068965517241379
2f8c3bf3-e73d8329c1717cd5,1be078c4-32ca7e015a838482,0.5984251968503937,0.6129032258064516
fadc1365-18491264f0f6840e,2f8c3bf3-e73d8329c1717cd5,0.5982905982905983,0.6363636363636364
e6a6e318-9f688e48dd5ac428,2f8c3bf3-e73d8329c1717cd5,0.5982905982905983,0.6363636363636364
11c2ab99-836a13764460b298,0b5cff5a-cbc0ded58ec456a2,0.5967741935483871,0.6379310344827587
bdfe8110-ffa623ef7fcc38d6,0b5cff5a-cbc0ded58ec456a2,0.5967741935483871,0.6379310344827587
8f6421f3-ee31a7da9e3d7f85,810cf242-d53df3adf0b7bf56,0.5964912280701754,0.6415094339622641
aaccc000-cd3027809553b409,56a90e79-59d76e891525abc3,0.5957446808510638,0.6
df594a00-86207ca113146fd3,8f778337-feb0d359ab443e78,0.5955056179775281,0.6022727272727273
11c2ab99-836a13764460b298,04df7bb8-fb43ee8f991e01a2,0.5949367088607594,0.8103448275862069
bdfe8110-ffa623ef7fcc38d6,04df7bb8-fb43ee8f991e01a2,0.5949367088607594,0.8103448275862069
fcbe7917-527b4c7bcd90e160,ff3283cf-8274736030d5496c,0.5948717948717949,0.6236559139784946
fcbe7917-527b4c7bcd90e160,8a39dbf5-5c1f52301bb01d53,0.5948717948717949,0.6236559139784946
4d25818e-685916003c7f91bc,df594a00-86207ca113146fd3,0.5945945945945946,0.7333333333333333
fadc1365-18491264f0f6840e,c0aa6246-5388e8e2352267ce,0.5942028985507246,0.7454545454545455
e6a6e318-9f688e48dd5ac428,c0aa6246-5388e8e2352267ce,0.5942028985507246,0.7454545454545455
4548305b-59b7534a6e2eb29c,96cd6ee9-b4b6f058bca794bd,0.593939393939394,0.7205882352941176
28c2d81a-e2ec233423815bfa,259c1ea4-fe7cb4000a94c098,0.59375,0.76
2f8c3bf3-e73d8329c1717cd5,0b5cff5a-cbc0ded58ec456a2,0.59375,0.6129032258064516
f870e76b-3ba460b78b587d9b,c0aa6246-5388e8e2352267ce,0.5925925925925926,0.6075949367088608
c0aa6246-5388e8e2352267ce,505f8562-c13678a91e6cf7c5,0.5921787709497207,0.6385542168674698
a4e1511a-cebe30b4d1384ef0,5288afb7-d4163ec84d18479e,0.591715976331361,0.6410256410256411
3cf63146-ed96a88172a99b64,04df7bb8-fb43ee8f991e01a2,0.591715976331361,0.7246376811594203
bb0949b3-b5937c6bbc0c4cf2,04df7bb8-fb43ee8f991e01a2,0.591715976331361,0.7246376811594203
2b2d3b84-8002a3802a32a0bb,1ea771ea-31982b8d0676dce6,0.5911949685534591,0.6025641025641025
56a90e79-59d76e891525abc3,2b2d3b84-8002a3802a32a0bb,0.5906040268456376,0.6197183098591549
a7894e0b-4e44f93da3e1e8f0,967b67b0-af35838eb0b75e7d,0.5901639344262295,0.6206896551724138
a7894e0b-4e44f93da3e1e8f0,80c384e4-af35838eb0b75e7d,0.5901639344262295,0.6206896551724138
2f8c3bf3-e73d8329c1717cd5,268eb6c6-42aa9c40dfc146f9,0.5899280575539568,0.6612903225806451
11c2ab99-836a13764460b298,56a90e79-59d76e891525abc3,0.5891472868217055,0.6551724137931034
8f6421f3-ee31a7da9e3d7f85,079ad09e-6c66ff5d51abed6f,0.5891472868217055,0.7169811320754716
8f6421f3-ee31a7da9e3d7f85,20012377-d788dc5bfb094ca7,0.5891472868217055,0.7169811320754716
bdfe8110-ffa623ef7fcc38d6,56a90e79-59d76e891525abc3,0.5891472868217055,0.6551724137931034
c0aa6246-5388e8e2352267ce,96cd6ee9-b4b6f058bca794bd,0.5888888888888889,0.6385542168674698
3c667d4f-524cd7f06bda5cb0,d12f26f0-817b664803bfb06a,0.5882352941176471,0.7627118644067796
2f8c3bf3-e73d8329c1717cd5,d77f722c-85273902dd178793,0.5882352941176471,0.6451612903225806
28c2d81a-e2ec233423815bfa,bb0949b3-b5937c6bbc0c4cf2,0.5882352941176471,0.7
ee270b2a-4a0d00c96498d123,df594a00-86207ca113146fd3,0.5875,0.6527777777777778
268eb6c6-42aa9c40dfc146f9,c0aa6246-5388e8e2352267ce,0.5875,0.6103896103896104
28c2d81a-e2ec233423815bfa,079ad09e-6c66ff5d51abed6f,0.5873015873015873,0.74
28c2d81a-e2ec233423815bfa,20012377-d788dc5bfb094ca7,0.5873015873015873,0.74
56a90e79-59d76e891525abc3,9fd33d5a-af26105191efe7e0,0.5866666666666667,0.6197183098591549
28c2d81a-e2ec233423815bfa,c0aa6246-5388e8e2352267ce,0.5864661654135338,0.78
a7894e0b-4e44f93da3e1e8f0,ea2fc2bc-3044709d8ffadf97,0.5862068965517241,0.5862068965517241
28c2d81a-e2ec233423815bfa,0b5cff5a-cbc0ded58ec456a2,0.5862068965517241,0.68
bb0949b3-b5937c6bbc0c4cf2,48993e07-ef4d50df85eb7e96,0.5857142857142857,0.5942028985507246
fa484fdd-d4c4bc5b8a7183da,c57a973e-8bec26d0d270b7e2,0.5853658536585366,0.631578947368421
c220c822-8f151b0df1073ade,ff3283cf-8274736030d5496c,0.5851063829787234,0.6395348837209303
c220c822-8f151b0df1073ade,8a39dbf5-5c1f52301bb01d53,0.5851063829787234,0.6395348837209303
4548305b-59b7534a6e2eb29c,9fd33d5a-af26105191efe7e0,0.5850340136054422,0.6323529411764706
a7894e0b-4e44f93da3e1e8f0,e1a5831a-8002f90b95c9a4f9,0.583941605839416,0.6896551724137931
ea2fc2bc-3044709d8ffadf97,e1a5831a-8002f90b95c9a4f9,0.583941605839416,0.6896551724137931
967b67b0-af35838eb0b75e7d,96cd6ee9-b4b6f058bca794bd,0.5838509316770186,0.734375
80c384e4-af35838eb0b75e7d,96cd6ee9-b4b6f058bca794bd,0.5838509316770186,0.734375
df594a00-86207ca113146fd3,96cd6ee9-b4b6f058bca794bd,0.5837837837837838,0.6136363636363636
ea2fc2bc-3044709d8ffadf97,b9219544-4f0b882ccebbb0e7,0.5833333333333334,0.603448275862069
7ae0cb0d-6f3db1cbc26cea1c,f870e76b-3ba460b78b587d9b,0.5827814569536424,0.6111111111111112
00c0b82a-a23297c71634ae34,df594a00-86207ca113146fd3,0.5822784810126582,0.6571428571428571
4548305b-59b7534a6e2eb29c,8f778337-feb0d359ab443e78,0.5822784810126582,0.6764705882352942
8639f6c6-72a48601176340a9,ec607ca1-616e9cd4d73a5de6,0.5822784810126582,0.647887323943662
48c5f745-76116075ca0bc0f4,aaccc000-cd3027809553b409,0.582089552238806,0.609375
fadc1365-18491264f0f6840e,c220c822-8f151b0df1073ade,0.5815602836879432,0.7454545454545455
e6a6e318-9f688e48dd5ac428,c220c822-8f151b0df1073ade,0.5815602836879432,0.7454545454545455
079ad09e-6c66ff5d51abed6f,f870e76b-3ba460b78b587d9b,0.5806451612903226,0.5921052631578947
20012377-d788dc5bfb094ca7,f870e76b-3ba460b78b587d9b,0.5806451612903226,0.5921052631578947
1be078c4-32ca7e015a838482,96cd6ee9-b4b6f058bca794bd,0.5802469135802469,0.7230769230769231
28c2d81a-e2ec233423815bfa,be3b1289-62071cd8d4a4e6d3,0.5801526717557252,0.76
0fdc80c5-b9cc17385a6b997a,56a90e79-59d76e891525abc3,0.5801526717557252,0.6333333333333333
fa484fdd-d4c4bc5b8a7183da,be3b1289-62071cd8d4a4e6d3,0.5797101449275363,0.7017543859649122
bb0949b3-b5937c6bbc0c4cf2,c0aa6246-5388e8e2352267ce,0.5789473684210527,0.6376811594202898
b9219544-4f0b882ccebbb0e7,96cd6ee9-b4b6f058bca794bd,0.5786163522012578,0.7419354838709677
aaccc000-cd3027809553b409,ee270b2a-4a0d00c96498d123,0.5774647887323944,0.5857142857142857
d12f26f0-817b664803bfb06a,04df7bb8-fb43ee8f991e01a2,0.5773195876288659,0.5957446808510638
c57a973e-8bec26d0d270b7e2,c0aa6246-5388e8e2352267ce,0.5771812080536913,0.6515151515151515
ea2fc2bc-3044709d8ffadf97,be3b1289-62071cd8d4a4e6d3,0.5755395683453237,0.6896551724137931
4548305b-59b7534a6e2eb29c,8639f6c6-72a48601176340a9,0.5755395683453237,0.5882352941176471
4d25818e-685916003c7f91bc,c220c822-8f151b0df1073ade,0.5753424657534246,0.7
967b67b0-af35838eb0b75e7d,71c7ac71-4925edee1db76573,0.5748502994011976,0.75
80c384e4-af35838eb0b75e7d,71c7ac71-4925edee1db76573,0.5748502994011976,0.75
d77f722c-85273902dd178793,67241a76-381872dc8a0168c2,0.5748502994011976,0.6486486486486487
fadc1365-18491264f0f6840e,be3b1289-62071cd8d4a4e6d3,0.5735294117647058,0.7090909090909091
e6a6e318-9f688e48dd5ac428,be3b1289-62071cd8d4a4e6d3,0.5735294117647058,0.7090909090909091
8f6421f3-ee31a7da9e3d7f85,c0aa6246-5388e8e2352267ce,0.5735294117647058,0.7358490566037735
b9219544-4f0b882ccebbb0e7,be3b1289-62071cd8d4a4e6d3,0.5734265734265734,0.6612903225806451
48c5f745-76116075ca0bc0f4,9fd33d5a-af26105191efe7e0,0.5734265734265734,0.640625
1be078c4-32ca7e015a838482,2b2d3b84-8002a3802a32a0bb,0.5734265734265734,0.6307692307692307
8639f6c6-72a48601176340a9,7ae0cb0d-6f3db1cbc26cea1c,0.5734265734265734,0.5774647887323944
8639f6c6-72a48601176340a9,9fd33d5a-af26105191efe7e0,0.5733333333333334,0.6056338028169014
48c5f745-76116075ca0bc0f4,c220c822-8f151b0df1073ade,0.5733333333333334,0.671875
2b2d3b84-8002a3802a32a0bb,e1a5831a-8002f90b95c9a4f9,0.5732484076433121,0.5769230769230769
2b2d3b84-8002a3802a32a0bb,c220c822-8f151b0df1073ade,0.573170731707317,0.6025641025641025
00c0b82a-a23297c71634ae34,268eb6c6-42aa9c40dfc146f9,0.5714285714285714,0.6
1be078c4-32ca7e015a838482,4548305b-59b7534a6e2eb29c,0.5714285714285714,0.5846153846153846
4548305b-59b7534a6e2eb29c,c220c822-8f151b0df1073ade,0.5714285714285714,0.6470588235294118
28c2d81a-e2ec233423815bfa,96cd6ee9-b4b6f058bca794bd,0.5714285714285714,0.84
4f7af821-1edc6f9d9d4cfda9,d12f26f0-817b664803bfb06a,0.5714285714285714,0.7333333333333333
b9219544-4f0b882ccebbb0e7,56a90e79-59d76e891525abc3,0.5714285714285714,0.6129032258064516
48c5f745-76116075ca0bc0f4,d12f26f0-817b664803bfb06a,0.569620253164557,0.703125
48c5f745-76116075ca0bc0f4,ec607ca1-616e9cd4d73a5de6,0.5695364238410596,0.671875
4548305b-59b7534a6e2eb29c,bb0949b3-b5937c6bbc0c4cf2,0.5693430656934306,0.5735294117647058
4d25818e-685916003c7f91bc,268eb6c6-42aa9c40dfc146f9,0.5693430656934306,0.65
ea2fc2bc-3044709d8ffadf97,1be078c4-32ca7e015a838482,0.5691056910569106,0.603448275862069
d12f26f0-817b664803bfb06a,71c7ac71-4925edee1db76573,0.5685279187817259,0.5957446808510638
e18ae6a1-56bf552fc9e76a67,c220c822-8f151b0df1073ade,0.5679012345679012,0.6052631578947368
0fdc80c5-b9cc17385a6b997a,df594a00-86207ca113146fd3,0.5675675675675675,0.7
4f7af821-1edc6f9d9d4cfda9,df594a00-86207ca113146fd3,0.5675675675675675,0.7
3cf63146-ed96a88172a99b64,7ae0cb0d-6f3db1cbc26cea1c,0.5673758865248227,0.5797101449275363
1be078c4-32ca7e015a838482,079ad09e-6c66ff5d51abed6f,0.5673758865248227,0.6153846153846154
1be078c4-32ca7e015a838482,20012377-d788dc5bfb094ca7,0.5673758865248227,0.6153846153846154
ea2fc2bc-3044709d8ffadf97,e18ae6a1-56bf552fc9e76a67,0.5671641791044776,0.6551724137931034
810cf242-d53df3adf0b7bf56,c57a973e-8bec26d0d270b7e2,0.5669291338582677,0.5901639344262295
0b5cff5a-cbc0ded58ec456a2,04df7bb8-fb43ee8f991e01a2,0.5662650602409639,0.7121212121212122
0b5cff5a-cbc0ded58ec456a2,0048a372-6eaed78fa1daac8a,0.5655172413793104,0.6212121212121212
4548305b-59b7534a6e2eb29c,268eb6c6-42aa9c40dfc146f9,0.5655172413793104,0.6029411764705882
4548305b-59b7534a6e2eb29c,aaccc000-cd3027809553b409,0.5652173913043478,0.5735294117647058
4f7af821-1edc6f9d9d4cfda9,259c1ea4-fe7cb4000a94c098,0.5652173913043478,0.65
c57a973e-8bec26d0d270b7e2,ee270b2a-4a0d00c96498d123,0.5652173913043478,0.5909090909090909
0b5cff5a-cbc0ded58ec456a2,ee270b2a-4a0d00c96498d123,0.5652173913043478,0.5909090909090909
2f8c3bf3-e73d8329c1717cd5,d12f26f0-817b664803bfb06a,0.5641025641025641,0.7096774193548387
967b67b0-af35838eb0b75e7d,2b2d3b84-8002a3802a32a0bb,0.5633802816901409,0.625
80c384e4-af35838eb0b75e7d,2b2d3b84-8002a3802a32a0bb,0.5633802816901409,0.625
810cf242-d53df3adf0b7bf56,1ea771ea-31982b8d0676dce6,0.5633802816901409,0.6557377049180327
c57a973e-8bec26d0d270b7e2,3cf63146-ed96a88172a99b64,0.562962962962963,0.5757575757575758
0b5cff5a-cbc0ded58ec456a2,3cf63146-ed96a88172a99b64,0.562962962962963,0.5757575757575758
3c667d4f-524cd7f06bda5cb0,b9219544-4f0b882ccebbb0e7,0.5619834710743802,0.576271186440678
fadc1365-18491264f0f6840e,5e8d1aaa-328206718fef18b7,0.5619834710743802,0.6181818181818182
e6a6e318-9f688e48dd5ac428,5e8d1aaa-328206718fef18b7,0.5619834710743802,0.6181818181818182
2b2d3b84-8002a3802a32a0bb,c1fef98f-93ce267168c6c5a3,0.5617977528089888,0.6410256410256411
48993e07-ef4d50df85eb7e96,04df7bb8-fb43ee8f991e01a2,0.5614035087719298,0.676056338028169
48993e07-ef4d50df85eb7e96,3380fa52-8f91b9d91f6310aa,0.5614035087719298,0.676056338028169
be3b1289-62071cd8d4a4e6d3,a3abac01-756b4f81847c03a8,0.5614035087719298,0.5925925925925926
8639f6c6-72a48601176340a9,04df7bb8-fb43ee8f991e01a2,0.5614035087719298,0.676056338028169
a7894e0b-4e44f93da3e1e8f0,1ea771ea-31982b8d0676dce6,0.5611510791366906,0.6724137931034483
8f6421f3-ee31a7da9e3d7f85,c220c822-8f151b0df1073ade,0.5611510791366906,0.7358490566037735
f28b8cb4-1e050d8f56be3b93,96cd6ee9-b4b6f058bca794bd,0.5608465608465608,0.5760869565217391
b9219544-4f0b882ccebbb0e7,00c0b82a-a23297c71634ae34,0.5606060606060606,0.5967741935483871
0b5cff5a-cbc0ded58ec456a2,5e8d1aaa-328206718fef18b7,0.5606060606060606,0.5606060606060606
a7894e0b-4e44f93da3e1e8f0,d77f722c-85273902dd178793,0.5606060606060606,0.6379310344827587
56a90e79-59d76e891525abc3,c220c822-8f151b0df1073ade,0.5605095541401274,0.6197183098591549
3c667d4f-524cd7f06bda5cb0,a8e2cefc-6654f525bbc3acc5,0.56,0.711864406779661
3cf63146-ed96a88172a99b64,be3b1289-62071cd8d4a4e6d3,0.56,0.6086956521739131
96cd6ee9-b4b6f058bca794bd,71c7ac71-4925edee1db76573,0.56,0.5773195876288659
0fdc80c5-b9cc17385a6b997a,1be078c4-32ca7e015a838482,0.56,0.5833333333333334
1ea771ea-31982b8d0676dce6,d12f26f0-817b664803bfb06a,0.56,0.6049382716049383
4f7af821-1edc6f9d9d4cfda9,8f778337-feb0d359ab443e78,0.56,0.7
ee270b2a-4a0d00c96498d123,71c7ac71-4925edee1db76573,0.56,0.6805555555555556
967b67b0-af35838eb0b75e7d,e1a5831a-8002f90b95c9a4f9,0.5594405594405595,0.625
80c384e4-af35838eb0b75e7d,e1a5831a-8002f90b95c9a4f9,0.5594405594405595,0.625
8f6421f3-ee31a7da9e3d7f85,8f778337-feb0d359ab443e78,0.5594405594405595,0.7547169811320755
2f8c3bf3-e73d8329c1717cd5,1ea771ea-31982b8d0676dce6,0.5594405594405595,0.6451612903225806
0b5cff5a-cbc0ded58ec456a2,aaccc000-cd3027809553b409,0.5588235294117647,0.5757575757575758
fa484fdd-d4c4bc5b8a7183da,7ae0cb0d-6f3db1cbc26cea1c,0.5581395348837209,0.631578947368421
bb0949b3-b5937c6bbc0c4cf2,71c7ac71-4925edee1db76573,0.5581395348837209,0.6956521739130435
ee270b2a-4a0d00c96498d123,0adb1ee5-5c11ad888fca8057,0.5575757575757576,0.6388888888888888
4f7af821-1edc6f9d9d4cfda9,b9219544-4f0b882ccebbb0e7,0.5573770491803278,0.5666666666666667
4548305b-59b7534a6e2eb29c,7ae0cb0d-6f3db1cbc26cea1c,0.5571428571428572,0.5735294117647058
c57a973e-8bec26d0d270b7e2,f28b8cb4-1e050d8f56be3b93,0.5569620253164557,0.6666666666666666
e18ae6a1-56bf552fc9e76a67,04df7bb8-fb43ee8f991e01a2,0.5568181818181818,0.6447368421052632
48c5f745-76116075ca0bc0f4,b505f95e-1e7b44155e86a4a4,0.5568181818181818,0.765625
2f8c3bf3-e73d8329c1717cd5,48993e07-ef4d50df85eb7e96,0.556390977443609,0.5967741935483871
48c5f745-76116075ca0bc0f4,3cf63146-ed96a88172a99b64,0.556390977443609,0.578125
4d25818e-685916003c7f91bc,a8e2cefc-6654f525bbc3acc5,0.5562913907284768,0.7
967b67b0-af35838eb0b75e7d,ec607ca1-616e9cd4d73a5de6,0.5562913907284768,0.65625
80c384e4-af35838eb0b75e7d,ec607ca1-616e9cd4d73a5de6,0.5562913907284768,0.65625
7ae0cb0d-6f3db1cbc26cea1c,96cd6ee9-b4b6f058bca794bd,0.5562130177514792,0.6527777777777778
2f8c3bf3-e73d8329c1717cd5,04df7bb8-fb43ee8f991e01a2,0.5555555555555556,0.7258064516129032
8f6421f3-ee31a7da9e3d7f85,a8e2cefc-6654f525bbc3acc5,0.5555555555555556,0.7547169811320755
0b5cff5a-cbc0ded58ec456a2,2b2d3b84-8002a3802a32a0bb,0.5555555555555556,0.6060606060606061
ee270b2a-4a0d00c96498d123,c0aa6246-5388e8e2352267ce,0.5548387096774193,0.5972222222222222
a7894e0b-4e44f93da3e1e8f0,9fd33d5a-af26105191efe7e0,0.5547445255474452,0.6551724137931034
810cf242-d53df3adf0b7bf56,e18ae6a1-56bf552fc9e76a67,0.5547445255474452,0.6229508196721312
e18ae6a1-56bf552fc9e76a67,8f778337-feb0d359ab443e78,0.5542168674698795,0.6052631578947368
bb0949b3-b5937c6bbc0c4cf2,e1a5831a-8002f90b95c9a4f9,0.5540540540540541,0.5942028985507246
48c5f745-76116075ca0bc0f4,0b5cff5a-cbc0ded58ec456a2,0.5538461538461539,0.5625
e18ae6a1-56bf552fc9e76a67,c0aa6246-5388e8e2352267ce,0.5534591194968553,0.5789473684210527
7ae0cb0d-6f3db1cbc26cea1c,ec607ca1-616e9cd4d73a5de6,0.5534591194968553,0.6111111111111112
0fdc80c5-b9cc17385a6b997a,1ea771ea-31982b8d0676dce6,0.5531914893617021,0.65
28c2d81a-e2ec233423815bfa,a8e2cefc-6654f525bbc3acc5,0.5531914893617021,0.78
1be078c4-32ca7e015a838482,e18ae6a1-56bf552fc9e76a67,0.5531914893617021,0.6
2f8c3bf3-e73d8329c1717cd5,8f778337-feb0d359ab443e78,0.5526315789473685,0.6774193548387096
c57a973e-8bec26d0d270b7e2,c220c822-8f151b0df1073ade,0.5526315789473685,0.6363636363636364
1ea771ea-31982b8d0676dce6,04df7bb8-fb43ee8f991e01a2,0.5524861878453039,0.6172839506172839
48993e07-ef4d50df85eb7e96,f28b8cb4-1e050d8f56be3b93,0.5521472392638037,0.6338028169014085
3c667d4f-524cd7f06bda5cb0,c220c822-8f151b0df1073ade,0.5517241379310345,0.6779661016949152
c57a973e-8bec26d0d270b7e2,f870e76b-3ba460b78b587d9b,0.5517241379310345,0.6060606060606061
5e8d1aaa-328206718fef18b7,9fd33d5a-af26105191efe7e0,0.5517241379310345,0.6060606060606061
b9219544-4f0b882ccebbb0e7,b505f95e-1e7b44155e86a4a4,0.5517241379310345,0.7741935483870968
fadc1365-18491264f0f6840e,810cf242-d53df3adf0b7bf56,0.5517241379310345,0.5818181818181818
e6a6e318-9f688e48dd5ac428,810cf242-d53df3adf0b7bf56,0.5517241379310345,0.5818181818181818
f28b8cb4-1e050d8f56be3b93,fcbe7917-527b4c7bcd90e160,0.5513513513513514,0.5543478260869565
ea2fc2bc-3044709d8ffadf97,3cf63146-ed96a88172a99b64,0.5511811023622047,0.603448275862069
ea2fc2bc-3044709d8ffadf97,bb0949b3-b5937c6bbc0c4cf2,0.5511811023622047,0.603448275862069
4d25818e-685916003c7f91bc,259c1ea4-fe7cb4000a94c098,0.5507246376811594,0.6333333333333333
4548305b-59b7534a6e2eb29c,be3b1289-62071cd8d4a4e6d3,0.5503355704697986,0.6029411764705882
00c0b82a-a23297c71634ae34,f870e76b-3ba460b78b587d9b,0.5503355704697986,0.5857142857142857
b9219544-4f0b882ccebbb0e7,ec607ca1-616e9cd4d73a5de6,0.5503355704697986,0.6612903225806451
0048a372-6eaed78fa1daac8a,1ea771ea-31982b8d0676dce6,0.55,0.5569620253164557
810cf242-d53df3adf0b7bf56,aaccc000-cd3027809553b409,0.549618320610687,0.5901639344262295
1be078c4-32ca7e015a838482,c57a973e-8bec26d0d270b7e2,0.549618320610687,0.5538461538461539
b9219544-4f0b882ccebbb0e7,bb0949b3-b5937c6bbc0c4cf2,0.549618320610687,0.5806451612903226
28c2d81a-e2ec233423815bfa,1ea771ea-31982b8d0676dce6,0.549618320610687,0.72
fa484fdd-d4c4bc5b8a7183da,505f8562-c13678a91e6cf7c5,0.5490196078431373,0.7368421052631579
c57a973e-8bec26d0d270b7e2,ec607ca1-616e9cd4d73a5de6,0.5490196078431373,0.6363636363636364
7ae0cb0d-6f3db1cbc26cea1c,1ea771ea-31982b8d0676dce6,0.5490196078431373,0.5833333333333334
c0aa6246-5388e8e2352267ce,f28b8cb4-1e050d8f56be3b93,0.5485714285714286,0.5783132530120482
2f8c3bf3-e73d8329c1717cd5,b9219544-4f0b882ccebbb0e7,0.5483870967741935,0.5483870967741935
28c2d81a-e2ec233423815bfa,d77f722c-85273902dd178793,0.5483870967741935,0.68
0fdc80c5-b9cc17385a6b997a,96cd6ee9-b4b6f058bca794bd,0.5477707006369427,0.7166666666666667
c57a973e-8bec26d0d270b7e2,a8e2cefc-6654f525bbc3acc5,0.5477707006369427,0.6515151515151515
56a90e79-59d76e891525abc3,96cd6ee9-b4b6f058bca794bd,0.5476190476190477,0.647887323943662
e18ae6a1-56bf552fc9e76a67,f28b8cb4-1e050d8f56be3b93,0.5476190476190477,0.6052631578947368
fa484fdd-d4c4bc5b8a7183da,0fdc80c5-b9cc17385a6b997a,0.5470085470085471,0.5614035087719298
11c2ab99-836a13764460b298,aaccc000-cd3027809553b409,0.546875,0.603448275862069
bdfe8110-ffa623ef7fcc38d6,aaccc000-cd3027809553b409,0.546875,0.603448275862069
00c0b82a-a23297c71634ae34,a8e2cefc-6654f525bbc3acc5,0.546583850931677,0.6285714285714286
56a90e79-59d76e891525abc3,fdd85afb-6dd1aa9cefb9a8e4,0.546583850931677,0.6197183098591549
8f778337-feb0d359ab443e78,96cd6ee9-b4b6f058bca794bd,0.5454545454545454,0.5666666666666667
0fdc80c5-b9cc17385a6b997a,ee270b2a-4a0d00c96498d123,0.5454545454545454,0.6
967b67b0-af35838eb0b75e7d,9fd33d5a-af26105191efe7e0,0.5454545454545454,0.609375
80c384e4-af35838eb0b75e7d,9fd33d5a-af26105191efe7e0,0.5454545454545454,0.609375
fdd85afb-6dd1aa9cefb9a8e4,4fb09c5f-8831ec2acac02462,0.5454545454545454,0.6
48c5f745-76116075ca0bc0f4,8f778337-feb0d359ab443e78,0.5454545454545454,0.65625
df594a00-86207ca113146fd3,f28b8cb4-1e050d8f56be3b93,0.5444444444444444,0.5568181818181818
9fd33d5a-af26105191efe7e0,f870e76b-3ba460b78b587d9b,0.5443037974683544,0.5443037974683544
3cf63146-ed96a88172a99b64,2b2d3b84-8002a3802a32a0bb,0.54421768707483,0.5797101449275363
fa484fdd-d4c4bc5b8a7183da,a3abac01-756b4f81847c03a8,0.54421768707483,0.7017543859649122
11c2ab99-836a13764460b298,2b2d3b84-8002a3802a32a0bb,0.5441176470588235,0.6379310344827587
a7894e0b-4e44f93da3e1e8f0,2b2d3b84-8002a3802a32a0bb,0.5441176470588235,0.6379310344827587
bdfe8110-ffa623ef7fcc38d6,2b2d3b84-8002a3802a32a0bb,0.5441176470588235,0.6379310344827587
b9219544-4f0b882ccebbb0e7,d77f722c-85273902dd178793,0.5441176470588235,0.5967741935483871
fadc1365-18491264f0f6840e,aaccc000-cd3027809553b409,0.544,0.6181818181818182
e6a6e318-9f688e48dd5ac428,aaccc000-cd3027809553b409,0.544,0.6181818181818182
c0aa6246-5388e8e2352267ce,a3abac01-756b4f81847c03a8,0.5433526011560693,0.5662650602409639
3cf63146-ed96a88172a99b64,48993e07-ef4d50df85eb7e96,0.5428571428571428,0.5507246376811594
48c5f745-76116075ca0bc0f4,079ad09e-6c66ff5d51abed6f,0.5428571428571428,0.59375
48c5f745-76116075ca0bc0f4,20012377-d788dc5bfb094ca7,0.5428571428571428,0.59375
bb0949b3-b5937c6bbc0c4cf2,56a90e79-59d76e891525abc3,0.5428571428571428,0.5507246376811594
08b9908d-1e461d7c84f5af2e,fdd85afb-6dd1aa9cefb9a8e4,0.5423728813559322,0.5517241379310345
f870e76b-3ba460b78b587d9b,ec607ca1-616e9cd4d73a5de6,0.5421686746987951,0.569620253164557
c57a973e-8bec26d0d270b7e2,8c591975-af23e108a219677c,0.5419354838709678,0.6363636363636364
11c2ab99-836a13764460b298,c220c822-8f151b0df1073ade,0.5416666666666666,0.6724137931034483
bdfe8110-ffa623ef7fcc38d6,c220c822-8f151b0df1073ade,0.5416666666666666,0.6724137931034483
2f8c3bf3-e73d8329c1717cd5,56a90e79-59d76e891525abc3,0.5413533834586466,0.5806451612903226
8f6421f3-ee31a7da9e3d7f85,bb0949b3-b5937c6bbc0c4cf2,0.5409836065573771,0.6226415094339622
ea2fc2bc-3044709d8ffadf97,8f778337-feb0d359ab443e78,0.5405405405405406,0.6896551724137931
b9219544-4f0b882ccebbb0e7,c220c822-8f151b0df1073ade,0.5405405405405406,0.6451612903225806
3c667d4f-524cd7f06bda5cb0,259c1ea4-fe7cb4000a94c098,0.5401459854014599,0.6271186440677966
4f7af821-1edc6f9d9d4cfda9,268eb6c6-42aa9c40dfc146f9,0.5401459854014599,0.6166666666666667
04df7bb8-fb43ee8f991e01a2,3380fa52-8f91b9d91f6310aa,0.54,0.54
fadc1365-18491264f0f6840e,56a90e79-59d76e891525abc3,0.5396825396825397,0.6181818181818182
e6a6e318-9f688e48dd5ac428,56a90e79-59d76e891525abc3,0.5396825396825397,0.6181818181818182
48c5f745-76116075ca0bc0f4,df594a00-86207ca113146fd3,0.5394736842105263,0.640625
0fdc80c5-b9cc17385a6b997a,be3b1289-62071cd8d4a4e6d3,0.5390070921985816,0.6333333333333333
d77f722c-85273902dd178793,fcbe7917-527b4c7bcd90e160,0.5389221556886228,0.6081081081081081
2b2d3b84-8002a3802a32a0bb,8c591975-af23e108a219677c,0.5389221556886228,0.5769230769230769
268eb6c6-42aa9c40dfc146f9,9fd33d5a-af26105191efe7e0,0.5384615384615384,0.5454545454545454
56a90e79-59d76e891525abc3,04df7bb8-fb43ee8f991e01a2,0.5380116959064327,0.647887323943662
11c2ab99-836a13764460b298,ec607ca1-616e9cd4d73a5de6,0.5379310344827586,0.6724137931034483
bdfe8110-ffa623ef7fcc38d6,ec607ca1-616e9cd4d73a5de6,0.5379310344827586,0.6724137931034483
11c2ab99-836a13764460b298,810cf242-d53df3adf0b7bf56,0.5378151260504201,0.5517241379310345
bdfe8110-ffa623ef7fcc38d6,810cf242-d53df3adf0b7bf56,0.5378151260504201,0.5517241379310345
85125ecb-495c620601720f05,505f8562-c13678a91e6cf7c5,0.5376344086021505,0.5555555555555556
11c2ab99-836a13764460b298,ff3283cf-8274736030d5496c,0.5375,0.7413793103448276
11c2ab99-836a13764460b298,8a39dbf5-5c1f52301bb01d53,0.5375,0.7413793103448276
bdfe8110-ffa623ef7fcc38d6,ff3283cf-8274736030d5496c,0.5375,0.7413793103448276
bdfe8110-ffa623ef7fcc38d6,8a39dbf5-5c1f52301bb01d53,0.5375,0.7413793103448276
11c2ab99-836a13764460b298,e18ae6a1-56bf552fc9e76a67,0.5373134328358209,0.6206896551724138
bdfe8110-ffa623ef7fcc38d6,e18ae6a1-56bf552fc9e76a67,0.5373134328358209,0.6206896551724138
268eb6c6-42aa9c40dfc146f9,ec607ca1-616e9cd4d73a5de6,0.5365853658536586,0.5714285714285714
268eb6c6-42aa9c40dfc146f9,ff3283cf-8274736030d5496c,0.5363128491620112,0.6233766233766234
268eb6c6-42aa9c40dfc146f9,8a39dbf5-5c1f52301bb01d53,0.5363128491620112,0.6233766233766234
28c2d81a-e2ec233423815bfa,df594a00-86207ca113146fd3,0.5362318840579711,0.74
2b2d3b84-8002a3802a32a0bb,8f778337-feb0d359ab443e78,0.5357142857142857,0.5769230769230769
11c2ab99-836a13764460b298,bb0949b3-b5937c6bbc0c4cf2,0.5354330708661418,0.5862068965517241
bdfe8110-ffa623ef7fcc38d6,bb0949b3-b5937c6bbc0c4cf2,0.5354330708661418,0.5862068965517241
3c667d4f-524cd7f06bda5cb0,c0aa6246-5388e8e2352267ce,0.5352112676056338,0.6440677966101694
c57a973e-8bec26d0d270b7e2,079ad09e-6c66ff5d51abed6f,0.5352112676056338,0.5757575757575758
c57a973e-8bec26d0d270b7e2,20012377-d788dc5bfb094ca7,0.5352112676056338,0.5757575757575758
fadc1365-18491264f0f6840e,ec607ca1-616e9cd4d73a5de6,0.5352112676056338,0.6909090909090909
e6a6e318-9f688e48dd5ac428,ec607ca1-616e9cd4d73a5de6,0.5352112676056338,0.6909090909090909
2b2d3b84-8002a3802a32a0bb,9fd33d5a-af26105191efe7e0,0.535031847133758,0.5384615384615384
ea2fc2bc-3044709d8ffadf97,df594a00-86207ca113146fd3,0.5342465753424658,0.6724137931034483
079ad09e-6c66ff5d51abed6f,04df7bb8-fb43ee8f991e01a2,0.5340909090909091,0.618421052631579
20012377-d788dc5bfb094ca7,04df7bb8-fb43ee8f991e01a2,0.5340909090909091,0.618421052631579
4d25818e-685916003c7f91bc,fdd85afb-6dd1aa9cefb9a8e4,0.5333333333333333,0.6666666666666666
4f7af821-1edc6f9d9d4cfda9,fdd85afb-6dd1aa9cefb9a8e4,0.5333333333333333,0.6666666666666666
967b67b0-af35838eb0b75e7d,56a90e79-59d76e891525abc3,0.5333333333333333,0.5625
80c384e4-af35838eb0b75e7d,56a90e79-59d76e891525abc3,0.5333333333333333,0.5625
2f8c3bf3-e73d8329c1717cd5,71c7ac71-4925edee1db76573,0.5333333333333333,0.7096774193548387
2b2d3b84-8002a3802a32a0bb,ec607ca1-616e9cd4d73a5de6,0.5333333333333333,0.5641025641025641
967b67b0-af35838eb0b75e7d,85125ecb-495c620601720f05,0.5324675324675324,0.640625
80c384e4-af35838eb0b75e7d,85125ecb-495c620601720f05,0.5324675324675324,0.640625
1be078c4-32ca7e015a838482,d77f722c-85273902dd178793,0.5323741007194245,0.5692307692307692
810cf242-d53df3adf0b7bf56,2b2d3b84-8002a3802a32a0bb,0.5323741007194245,0.6065573770491803
3c667d4f-524cd7f06bda5cb0,1be078c4-32ca7e015a838482,0.532258064516129,0.559322033898305
0fdc80c5-b9cc17385a6b997a,967b67b0-af35838eb0b75e7d,0.532258064516129,0.55
0fdc80c5-b9cc17385a6b997a,80c384e4-af35838eb0b75e7d,0.532258064516129,0.55
0fdc80c5-b9cc17385a6b997a,48c5f745-76116075ca0bc0f4,0.532258064516129,0.55
8f6421f3-ee31a7da9e3d7f85,56a90e79-59d76e891525abc3,0.532258064516129,0.6226415094339622
fadc1365-18491264f0f6840e,bb0949b3-b5937c6bbc0c4cf2,0.532258064516129,0.6
e6a6e318-9f688e48dd5ac428,bb0949b3-b5937c6bbc0c4cf2,0.532258064516129,0.6
079ad09e-6c66ff5d51abed6f,96cd6ee9-b4b6f058bca794bd,0.5317919075144508,0.6052631578947368
20012377-d788dc5bfb094ca7,96cd6ee9-b4b6f058bca794bd,0.5317919075144508,0.6052631578947368
a7894e0b-4e44f93da3e1e8f0,04df7bb8-fb43ee8f991e01a2,0.5316455696202531,0.7241379310344828
b9219544-4f0b882ccebbb0e7,505f8562-c13678a91e6cf7c5,0.5316455696202531,0.6774193548387096
48993e07-ef4d50df85eb7e96,7ae0cb0d-6f3db1cbc26cea1c,0.5314685314685315,0.5352112676056338
c57a973e-8bec26d0d270b7e2,268eb6c6-42aa9c40dfc146f9,0.5314685314685315,0.5757575757575758
b9219544-4f0b882ccebbb0e7,5e8d1aaa-328206718fef18b7,0.53125,0.5483870967741935
d77f722c-85273902dd178793,df594a00-86207ca113146fd3,0.5308641975308642,0.581081081081081
df594a00-86207ca113146fd3,fcbe7917-527b4c7bcd90e160,0.5303867403314917,0.5454545454545454
810cf242-d53df3adf0b7bf56,56a90e79-59d76e891525abc3,0.5303030303030303,0.5737704918032787
0b5cff5a-cbc0ded58ec456a2,c57a973e-8bec26d0d270b7e2,0.5303030303030303,0.5303030303030303
d77f722c-85273902dd178793,f28b8cb4-1e050d8f56be3b93,0.5301204819277109,0.5945945945945946
ee270b2a-4a0d00c96498d123,f870e76b-3ba460b78b587d9b,0.5298013245033113,0.5555555555555556
4d25818e-685916003c7f91bc,079ad09e-6c66ff5d51abed6f,0.5294117647058824,0.6
4d25818e-685916003c7f91bc,20012377-d788dc5bfb094ca7,0.5294117647058824,0.6
3c667d4f-524cd7f06bda5cb0,505f8562-c13678a91e6cf7c5,0.5290322580645161,0.6949152542372882
ea2fc2bc-3044709d8ffadf97,96cd6ee9-b4b6f058bca794bd,0.5290322580645161,0.7068965517241379
28c2d81a-e2ec233423815bfa,56a90e79-59d76e891525abc3,0.5289256198347108,0.64
268eb6c6-42aa9c40dfc146f9,96cd6ee9-b4b6f058bca794bd,0.5287356321839081,0.5974025974025974
d77f722c-85273902dd178793,04df7bb8-fb43ee8f991e01a2,0.5287356321839081,0.6216216216216216
f339ef6f-605077274c5e20e4,c1fef98f-93ce267168c6c5a3,0.5284974093264249,0.5483870967741935
3c667d4f-524cd7f06bda5cb0,0b5cff5a-cbc0ded58ec456a2,0.528,0.559322033898305
4f7af821-1edc6f9d9d4cfda9,1be078c4-32ca7e015a838482,0.528,0.55
fa484fdd-d4c4bc5b8a7183da,08b9908d-1e461d7c84f5af2e,0.5277777777777778,0.6666666666666666
fa484fdd-d4c4bc5b8a7183da,ec607ca1-616e9cd4d73a5de6,0.5277777777777778,0.6666666666666666
bb0949b3-b5937c6bbc0c4cf2,d12f26f0-817b664803bfb06a,0.5276073619631901,0.6231884057971014
079ad09e-6c66ff5d51abed6f,ec607ca1-616e9cd4d73a5de6,0.5276073619631901,0.5657894736842105
20012377-d788dc5bfb094ca7,ec607ca1-616e9cd4d73a5de6,0.5276073619631901,0.5657894736842105
810cf242-d53df3adf0b7bf56,4548305b-59b7534a6e2eb29c,0.5271317829457365,0.5573770491803278
28c2d81a-e2ec233423815bfa,f870e76b-3ba460b78b587d9b,0.5271317829457365,0.68
3c667d4f-524cd7f06bda5cb0,8c591975-af23e108a219677c,0.527027027027027,0.6610169491525424
aaccc000-cd3027809553b409,259c1ea4-fe7cb4000a94c098,0.527027027027027,0.5571428571428572
a7894e0b-4e44f93da3e1e8f0,fdd85afb-6dd1aa9cefb9a8e4,0.527027027027027,0.6724137931034483
1be078c4-32ca7e015a838482,c0aa6246-5388e8e2352267ce,0.527027027027027,0.6
d77f722c-85273902dd178793,96cd6ee9-b4b6f058bca794bd,0.5263157894736842,0.6081081081081081
4d25818e-685916003c7f91bc,f28b8cb4-1e050d8f56be3b93,0.5263157894736842,0.6666666666666666
810cf242-d53df3adf0b7bf56,ee270b2a-4a0d00c96498d123,0.5263157894736842,0.5737704918032787
4548305b-59b7534a6e2eb29c,df594a00-86207ca113146fd3,0.5256410256410257,0.6029411764705882
c57a973e-8bec26d0d270b7e2,d12f26f0-817b664803bfb06a,0.525,0.6363636363636364
8f6421f3-ee31a7da9e3d7f85,df594a00-86207ca113146fd3,0.524822695035461,0.6981132075471698
4f7af821-1edc6f9d9d4cfda9,be3b1289-62071cd8d4a4e6d3,0.524822695035461,0.6166666666666667
b9219544-4f0b882ccebbb0e7,e1a5831a-8002f90b95c9a4f9,0.524822695035461,0.5967741935483871
4d25818e-685916003c7f91bc,b9219544-4f0b882ccebbb0e7,0.5245901639344263,0.5333333333333333
967b67b0-af35838eb0b75e7d,1ea771ea-31982b8d0676dce6,0.5241379310344828,0.59375
80c384e4-af35838eb0b75e7d,1ea771ea-31982b8d0676dce6,0.5241379310344828,0.59375
2f8c3bf3-e73d8329c1717cd5,967b67b0-af35838eb0b75e7d,0.5238095238095238,0.532258064516129
2f8c3bf3-e73d8329c1717cd5,80c384e4-af35838eb0b75e7d,0.5238095238095238,0.532258064516129
00c0b82a-a23297c71634ae34,9fd33d5a-af26105191efe7e0,0.5234899328859061,0.5571428571428572
b6724dd9-9cb537caa0747bf8,9fd33d5a-af26105191efe7e0,0.5234899328859061,0.5571428571428572
4f7af821-1edc6f9d9d4cfda9,8c591975-af23e108a219677c,0.5234899328859061,0.65
0b5cff5a-cbc0ded58ec456a2,c0aa6246-5388e8e2352267ce,0.5234899328859061,0.5909090909090909
a7894e0b-4e44f93da3e1e8f0,7ae0cb0d-6f3db1cbc26cea1c,0.5230769230769231,0.5862068965517241
00c0b82a-a23297c71634ae34,c0aa6246-5388e8e2352267ce,0.5228758169934641,0.5714285714285714
e18ae6a1-56bf552fc9e76a67,268eb6c6-42aa9c40dfc146f9,0.5228758169934641,0.5263157894736842
48c5f745-76116075ca0bc0f4,8c591975-af23e108a219677c,0.5228758169934641,0.625
1be078c4-32ca7e015a838482,3cf63146-ed96a88172a99b64,0.5223880597014925,0.5384615384615384
4d25818e-685916003c7f91bc,d77f722c-85273902dd178793,0.5223880597014925,0.5833333333333334
ea2fc2bc-3044709d8ffadf97,079ad09e-6c66ff5d51abed6f,0.5223880597014925,0.603448275862069
ea2fc2bc-3044709d8ffadf97,20012377-d788dc5bfb094ca7,0.5223880597014925,0.603448275862069
e18ae6a1-56bf552fc9e76a67,be3b1289-62071cd8d4a4e6d3,0.5222929936305732,0.5394736842105263
fa484fdd-d4c4bc5b8a7183da,a7894e0b-4e44f93da3e1e8f0,0.5217391304347826,0.5263157894736842
b9219544-4f0b882ccebbb0e7,e18ae6a1-56bf552fc9e76a67,0.5217391304347826,0.5806451612903226
1ea771ea-31982b8d0676dce6,df594a00-86207ca113146fd3,0.5207100591715976,0.5432098765432098
0b5cff5a-cbc0ded58ec456a2,71c7ac71-4925edee1db76573,0.5207100591715976,0.6666666666666666
3c667d4f-524cd7f06bda5cb0,ec607ca1-616e9cd4d73a5de6,0.5205479452054794,0.6440677966101694
aaccc000-cd3027809553b409,e18ae6a1-56bf552fc9e76a67,0.5205479452054794,0.5428571428571428
4f7af821-1edc6f9d9d4cfda9,c220c822-8f151b0df1073ade,0.5205479452054794,0.6333333333333333
ee270b2a-4a0d00c96498d123,d77f722c-85273902dd178793,0.5205479452054794,0.5277777777777778
3c667d4f-524cd7f06bda5cb0,967b67b0-af35838eb0b75e7d,0.5203252032520326,0.5423728813559322
3c667d4f-524cd7f06bda5cb0,80c384e4-af35838eb0b75e7d,0.5203252032520326,0.5423728813559322
8f6421f3-ee31a7da9e3d7f85,96cd6ee9-b4b6f058bca794bd,0.52,0.7358490566037735
56a90e79-59d76e891525abc3,f870e76b-3ba460b78b587d9b,0.52,0.5492957746478874
d77f722c-85273902dd178793,079ad09e-6c66ff5d51abed6f,0.52,0.527027027027027
d77f722c-85273902dd178793,20012377-d788dc5bfb094ca7,0.52,0.527027027027027
268eb6c6-42aa9c40dfc146f9,04df7bb8-fb43ee8f991e01a2,0.519774011299435,0.5974025974025974
d77f722c-85273902dd178793,71c7ac71-4925edee1db76573,0.519774011299435,0.6216216216216216
be3b1289-62071cd8d4a4e6d3,04df7bb8-fb43ee8f991e01a2,0.5193370165745856,0.5802469135802469
1be078c4-32ca7e015a838482,5e8d1aaa-328206718fef18b7,0.5190839694656488,0.5230769230769231
ea2fc2bc-3044709d8ffadf97,04df7bb8-fb43ee8f991e01a2,0.5189873417721519,0.7068965517241379
aaccc000-cd3027809553b409,f28b8cb4-1e050d8f56be3b93,0.5185185185185185,0.6
1be078c4-32ca7e015a838482,aaccc000-cd3027809553b409,0.5185185185185185,0.5384615384615384
bb0949b3-b5937c6bbc0c4cf2,fcbe7917-527b4c7bcd90e160,0.5185185185185185,0.6086956521739131
967b67b0-af35838eb0b75e7d,8639f6c6-72a48601176340a9,0.5185185185185185,0.546875
80c384e4-af35838eb0b75e7d,8639f6c6-72a48601176340a9,0.5185185185185185,0.546875
4f7af821-1edc6f9d9d4cfda9,9fd33d5a-af26105191efe7e0,0.5179856115107914,0.6
967b67b0-af35838eb0b75e7d,f870e76b-3ba460b78b587d9b,0.5174825174825175,0.578125
80c384e4-af35838eb0b75e7d,f870e76b-3ba460b78b587d9b,0.5174825174825175,0.578125
fa484fdd-d4c4bc5b8a7183da,3c667d4f-524cd7f06bda5cb0,0.5172413793103449,0.5263157894736842
a7894e0b-4e44f93da3e1e8f0,8c591975-af23e108a219677c,0.5170068027210885,0.6551724137931034
48c5f745-76116075ca0bc0f4,c0aa6246-5388e8e2352267ce,0.5170068027210885,0.59375
3c667d4f-524cd7f06bda5cb0,f28b8cb4-1e050d8f56be3b93,0.5165562913907285,0.6610169491525424
aaccc000-cd3027809553b409,1ea771ea-31982b8d0676dce6,0.5165562913907285,0.5571428571428572
4f7af821-1edc6f9d9d4cfda9,a8e2cefc-6654f525bbc3acc5,0.5165562913907285,0.65
c4d04ce7-9cf8f4a664363ab2,be3b1289-62071cd8d4a4e6d3,0.5161290322580645,0.5405405405405406
079ad09e-6c66ff5d51abed6f,e1a5831a-8002f90b95c9a4f9,0.5161290322580645,0.5263157894736842
20012377-d788dc5bfb094ca7,e1a5831a-8002f90b95c9a4f9,0.5161290322580645,0.5263157894736842
4d25818e-685916003c7f91bc,967b67b0-af35838eb0b75e7d,0.5161290322580645,0.5333333333333333
4d25818e-685916003c7f91bc,80c384e4-af35838eb0b75e7d,0.5161290322580645,0.5333333333333333
fdd85afb-6dd1aa9cefb9a8e4,c1fef98f-93ce267168c6c5a3,0.5157894736842106,0.5444444444444444
11c2ab99-836a13764460b298,00c0b82a-a23297c71634ae34,0.515625,0.5689655172413793
bdfe8110-ffa623ef7fcc38d6,00c0b82a-a23297c71634ae34,0.515625,0.5689655172413793
0fdc80c5-b9cc17385a6b997a,4548305b-59b7534a6e2eb29c,0.515625,0.55
967b67b0-af35838eb0b75e7d,4548305b-59b7534a6e2eb29c,0.5151515151515151,0.53125
80c384e4-af35838eb0b75e7d,4548305b-59b7534a6e2eb29c,0.5151515151515151,0.53125
b9219544-4f0b882ccebbb0e7,aaccc000-cd3027809553b409,0.5151515151515151,0.5483870967741935
a3abac01-756b4f81847c03a8,b505f95e-1e7b44155e86a4a4,0.5148514851485149,0.5777777777777777
d12f26f0-817b664803bfb06a,b505f95e-1e7b44155e86a4a4,0.5145631067961165,0.5638297872340425
4548305b-59b7534a6e2eb29c,ee270b2a-4a0d00c96498d123,0.5142857142857142,0.5294117647058824
2f8c3bf3-e73d8329c1717cd5,259c1ea4-fe7cb4000a94c098,0.5142857142857142,0.5806451612903226
0b5cff5a-cbc0ded58ec456a2,c4d04ce7-9cf8f4a664363ab2,0.5142857142857142,0.5454545454545454
fadc1365-18491264f0f6840e,8c591975-af23e108a219677c,0.5138888888888888,0.6727272727272727
e6a6e318-9f688e48dd5ac428,8c591975-af23e108a219677c,0.5138888888888888,0.6727272727272727
11c2ab99-836a13764460b298,a3abac01-756b4f81847c03a8,0.5135135135135135,0.6551724137931034
bdfe8110-ffa623ef7fcc38d6,a3abac01-756b4f81847c03a8,0.5135135135135135,0.6551724137931034
56a90e79-59d76e891525abc3,be3b1289-62071cd8d4a4e6d3,0.5131578947368421,0.5492957746478874
4f7af821-1edc6f9d9d4cfda9,f28b8cb4-1e050d8f56be3b93,0.5131578947368421,0.65
ec607ca1-616e9cd4d73a5de6,4fb09c5f-8831ec2acac02462,0.5128205128205128,0.5747126436781609
a7894e0b-4e44f93da3e1e8f0,ff3283cf-8274736030d5496c,0.5125,0.7068965517241379
a7894e0b-4e44f93da3e1e8f0,8a39dbf5-5c1f52301bb01d53,0.5125,0.7068965517241379
48c5f745-76116075ca0bc0f4,505f8562-c13678a91e6cf7c5,0.5125,0.640625
7ae0cb0d-6f3db1cbc26cea1c,505f8562-c13678a91e6cf7c5,0.5119047619047619,0.5972222222222222
a7894e0b-4e44f93da3e1e8f0,8639f6c6-72a48601176340a9,0.5116279069767442,0.5689655172413793
fadc1365-18491264f0f6840e,c4d04ce7-9cf8f4a664363ab2,0.5116279069767442,0.6
e6a6e318-9f688e48dd5ac428,c4d04ce7-9cf8f4a664363ab2,0.5116279069767442,0.6
fadc1365-18491264f0f6840e,d77f722c-85273902dd178793,0.5116279069767442,0.6
e6a6e318-9f688e48dd5ac428,d77f722c-85273902dd178793,0.5116279069767442,0.6
e1a5831a-8002f90b95c9a4f9,96cd6ee9-b4b6f058bca794bd,0.5113636363636364,0.569620253164557
f870e76b-3ba460b78b587d9b,96cd6ee9-b4b6f058bca794bd,0.5113636363636364,0.569620253164557
268eb6c6-42aa9c40dfc146f9,953ac418-15324feaea2d4e8e,0.5113636363636364,0.5844155844155844
b9219544-4f0b882ccebbb0e7,8639f6c6-72a48601176340a9,0.5112781954887218,0.5483870967741935
fadc1365-18491264f0f6840e,2b2d3b84-8002a3802a32a0bb,0.5112781954887218,0.6181818181818182
e6a6e318-9f688e48dd5ac428,2b2d3b84-8002a3802a32a0bb,0.5112781954887218,0.6181818181818182
268eb6c6-42aa9c40dfc146f9,71c7ac71-4925edee1db76573,0.5111111111111111,0.5974025974025974
85125ecb-495c620601720f05,d12f26f0-817b664803bfb06a,0.5108695652173914,0.5222222222222223
0b5cff5a-cbc0ded58ec456a2,9fd33d5a-af26105191efe7e0,0.5103448275862069,0.5606060606060606
48993e07-ef4d50df85eb7e96,2b2d3b84-8002a3802a32a0bb,0.5100671140939598,0.5352112676056338
4548305b-59b7534a6e2eb29c,1ea771ea-31982b8d0676dce6,0.5100671140939598,0.5588235294117647
aaccc000-cd3027809553b409,f870e76b-3ba460b78b587d9b,0.5100671140939598,0.5428571428571428
11c2ab99-836a13764460b298,a8e2cefc-6654f525bbc3acc5,0.5100671140939598,0.6551724137931034
ea2fc2bc-3044709d8ffadf97,a8e2cefc-6654f525bbc3acc5,0.5100671140939598,0.6551724137931034
bdfe8110-ffa623ef7fcc38d6,a8e2cefc-6654f525bbc3acc5,0.5100671140939598,0.6551724137931034
2f8c3bf3-e73d8329c1717cd5,08b9908d-1e461d7c84f5af2e,0.5100671140939598,0.6129032258064516
2f8c3bf3-e73d8329c1717cd5,ec607ca1-616e9cd4d73a5de6,0.5100671140939598,0.6129032258064516
5e8d1aaa-328206718fef18b7,08b9908d-1e461d7c84f5af2e,0.5098039215686274,0.5909090909090909
c4d04ce7-9cf8f4a664363ab2,9fd33d5a-af26105191efe7e0,0.5098039215686274,0.527027027027027
505f8562-c13678a91e6cf7c5,b505f95e-1e7b44155e86a4a4,0.5096153846153846,0.5520833333333334
fadc1365-18491264f0f6840e,ff3283cf-8274736030d5496c,0.5095541401273885,0.7272727272727273
e6a6e318-9f688e48dd5ac428,ff3283cf-8274736030d5496c,0.5095541401273885,0.7272727272727273
fadc1365-18491264f0f6840e,8a39dbf5-5c1f52301bb01d53,0.5095541401273885,0.7272727272727273
e6a6e318-9f688e48dd5ac428,8a39dbf5-5c1f52301bb01d53,0.5095541401273885,0.7272727272727273
c4d04ce7-9cf8f4a664363ab2,08b9908d-1e461d7c84f5af2e,0.5093167701863354,0.5540540540540541
8639f6c6-72a48601176340a9,d12f26f0-817b664803bfb06a,0.509090909090909,0.5915492957746479
bb0949b3-b5937c6bbc0c4cf2,505f8562-c13678a91e6cf7c5,0.509090909090909,0.6086956521739131
e18ae6a1-56bf552fc9e76a67,8c591975-af23e108a219677c,0.509090909090909,0.5526315789473685
3cf63146-ed96a88172a99b64,c1fef98f-93ce267168c6c5a3,0.5088757396449705,0.6231884057971014
2b2d3b84-8002a3802a32a0bb,a8e2cefc-6654f525bbc3acc5,0.5088757396449705,0.5512820512820513
c0aa6246-5388e8e2352267ce,85125ecb-495c620601720f05,0.5086705202312138,0.5301204819277109
10bbe9de-2f884914858d5d43,f5fb1b62-b0f09cee8a09a971,0.5076923076923077,0.5116279069767442
1be078c4-32ca7e015a838482,bb0949b3-b5937c6bbc0c4cf2,0.5074626865671642,0.5230769230769231
8f6421f3-ee31a7da9e3d7f85,1ea771ea-31982b8d0676dce6,0.5074626865671642,0.6415094339622641
4f7af821-1edc6f9d9d4cfda9,d77f722c-85273902dd178793,0.5074626865671642,0.5666666666666667
3c667d4f-524cd7f06bda5cb0,f870e76b-3ba460b78b587d9b,0.5072463768115942,0.5932203389830508
3c667d4f-524cd7f06bda5cb0,9fd33d5a-af26105191efe7e0,0.5072463768115942,0.5932203389830508
48c5f745-76116075ca0bc0f4,d77f722c-85273902dd178793,0.5072463768115942,0.546875
f28b8cb4-1e050d8f56be3b93,e7024f3e-4076641a4a18b6d7,0.5066666666666667,0.6195652173913043
0fdc80c5-b9cc17385a6b997a,a3abac01-756b4f81847c03a8,0.5066666666666667,0.6333333333333333
8639f6c6-72a48601176340a9,c0aa6246-5388e8e2352267ce,0.5064935064935064,0.5492957746478874
56a90e79-59d76e891525abc3,c0aa6246-5388e8e2352267ce,0.5064935064935064,0.5492957746478874
0fdc80c5-b9cc17385a6b997a,ff3283cf-8274736030d5496c,0.5061728395061729,0.6833333333333333
0fdc80c5-b9cc17385a6b997a,8a39dbf5-5c1f52301bb01d53,0.5061728395061729,0.6833333333333333
56a90e79-59d76e891525abc3,a8e2cefc-6654f525bbc3acc5,0.5061728395061729,0.5774647887323944
9fd33d5a-af26105191efe7e0,08b9908d-1e461d7c84f5af2e,0.5060240963855421,0.5316455696202531
c0aa6246-5388e8e2352267ce,ec607ca1-616e9cd4d73a5de6,0.5058823529411764,0.5180722891566265
be3b1289-62071cd8d4a4e6d3,0adb1ee5-5c11ad888fca8057,0.5057471264367817,0.5432098765432098
8c591975-af23e108a219677c,0adb1ee5-5c11ad888fca8057,0.5054945054945055,0.5168539325842697
c0aa6246-5388e8e2352267ce,71c7ac71-4925edee1db76573,0.5053763440860215,0.5662650602409639
8f6421f3-ee31a7da9e3d7f85,0b5cff5a-cbc0ded58ec456a2,0.5042016806722689,0.5660377358490566
8f6421f3-ee31a7da9e3d7f85,d77f722c-85273902dd178793,0.5039370078740157,0.6037735849056604
810cf242-d53df3adf0b7bf56,0b5cff5a-cbc0ded58ec456a2,0.5039370078740157,0.5245901639344263
fadc1365-18491264f0f6840e,7ae0cb0d-6f3db1cbc26cea1c,0.5039370078740157,0.5818181818181818
e6a6e318-9f688e48dd5ac428,7ae0cb0d-6f3db1cbc26cea1c,0.5039370078740157,0.5818181818181818
0fdc80c5-b9cc17385a6b997a,48993e07-ef4d50df85eb7e96,0.5038167938931297,0.55
fa484fdd-d4c4bc5b8a7183da,2b2d3b84-8002a3802a32a0bb,0.5037037037037037,0.5964912280701754
a7894e0b-4e44f93da3e1e8f0,268eb6c6-42aa9c40dfc146f9,0.5037037037037037,0.5862068965517241
4548305b-59b7534a6e2eb29c,48993e07-ef4d50df85eb7e96,0.5035971223021583,0.5147058823529411
0fdc80c5-b9cc17385a6b997a,f870e76b-3ba460b78b587d9b,0.5035971223021583,0.5833333333333334
4d25818e-685916003c7f91bc,9fd33d5a-af26105191efe7e0,0.5035971223021583,0.5833333333333334
48993e07-ef4d50df85eb7e96,ee270b2a-4a0d00c96498d123,0.5034965034965035,0.5070422535211268
0fdc80c5-b9cc17385a6b997a,c0aa6246-5388e8e2352267ce,0.5034965034965035,0.6
4d25818e-685916003c7f91bc,c0aa6246-5388e8e2352267ce,0.5034965034965035,0.6
5e8d1aaa-328206718fef18b7,be3b1289-62071cd8d4a4e6d3,0.5034013605442177,0.5606060606060606
0fdc80c5-b9cc17385a6b997a,08b9908d-1e461d7c84f5af2e,0.5034013605442177,0.6166666666666667
ea2fc2bc-3044709d8ffadf97,8c591975-af23e108a219677c,0.5034013605442177,0.6379310344827587
0b5cff5a-cbc0ded58ec456a2,1ea771ea-31982b8d0676dce6,0.5034013605442177,0.5606060606060606
ee270b2a-4a0d00c96498d123,e1a5831a-8002f90b95c9a4f9,0.5033112582781457,0.5277777777777778
3cf63146-ed96a88172a99b64,c220c822-8f151b0df1073ade,0.5032258064516129,0.5652173913043478
bb0949b3-b5937c6bbc0c4cf2,c220c822-8f151b0df1073ade,0.5032258064516129,0.5652173913043478
079ad09e-6c66ff5d51abed6f,c0aa6246-5388e8e2352267ce,0.5031446540880503,0.5263157894736842
20012377-d788dc5bfb094ca7,c0aa6246-5388e8e2352267ce,0.5031446540880503,0.5263157894736842
4f7af821-1edc6f9d9d4cfda9,71c7ac71-4925edee1db76573,0.5030674846625767,0.6833333333333333
e18ae6a1-56bf552fc9e76a67,a8e2cefc-6654f525bbc3acc5,0.5029940119760479,0.5526315789473685
ec607ca1-616e9cd4d73a5de6,04df7bb8-fb43ee8f991e01a2,0.5026737967914439,0.5402298850574713
f28b8cb4-1e050d8f56be3b93,71c7ac71-4925edee1db76573,0.5025641025641026,0.532608695652174
c0aa6246-5388e8e2352267ce,b505f95e-1e7b44155e86a4a4,0.5025641025641026,0.5903614457831325
3c667d4f-524cd7f06bda5cb0,3cf63146-ed96a88172a99b64,0.5,0.5423728813559322
fa484fdd-d4c4bc5b8a7183da,48993e07-ef4d50df85eb7e96,0.5,0.5614035087719298
967b67b0-af35838eb0b75e7d,df594a00-86207ca113146fd3,0.5,0.59375
80c384e4-af35838eb0b75e7d,df594a00-86207ca113146fd3,0.5,0.59375
2b2d3b84-8002a3802a32a0bb,a4e1511a-cebe30b4d1384ef0,0.5,0.5
00c0b82a-a23297c71634ae34,259c1ea4-fe7cb4000a94c098,0.5,0.5285714285714286
f28b8cb4-1e050d8f56be3b93,04df7bb8-fb43ee8f991e01a2,0.5,0.5217391304347826
ee270b2a-4a0d00c96498d123,f28b8cb4-1e050d8f56be3b93,0.5,0.5694444444444444
48c5f745-76116075ca0bc0f4,f28b8cb4-1e050d8f56be3b93,0.5,0.609375
a7894e0b-4e44f93da3e1e8f0,5e8d1aaa-328206718fef18b7,0.5,0.5344827586206896
aaccc000-cd3027809553b409,d12f26f0-817b664803bfb06a,0.5,0.5857142857142857
0fdc80c5-b9cc17385a6b997a,04df7bb8-fb43ee8f991e01a2,0.5,0.6666666666666666
11c2ab99-836a13764460b298,fdd85afb-6dd1aa9cefb9a8e4,0.5,0.6379310344827587
bdfe8110-ffa623ef7fcc38d6,fdd85afb-6dd1aa9cefb9a8e4,0.5,0.6379310344827587
1be078c4-32ca7e015a838482,71c7ac71-4925edee1db76573,0.5,0.6461538461538462
d77f722c-85273902dd178793,d12f26f0-817b664803bfb06a,0.5,0.5675675675675675
28c2d81a-e2ec233423815bfa,8f778337-feb0d359ab443e78,0.5,0.7
4d25818e-685916003c7f91bc,505f8562-c13678a91e6cf7c5,0.5,0.65
ea2fc2bc-3044709d8ffadf97,259c1ea4-fe7cb4000a94c098,0.5,0.5862068965517241
259c1ea4-fe7cb4000a94c098,2b2d3b84-8002a3802a32a0bb,0.5,0.5
4f7af821-1edc6f9d9d4cfda9,505f8562-c13678a91e6cf7c5,0.5,0.65
7ae0cb0d-6f3db1cbc26cea1c,c1fef98f-93ce267168c6c5a3,0.5,0.5972222222222222
ea2fc2bc-3044709d8ffadf97,0b5cff5a-cbc0ded58ec456a2,0.5,0.5344827586206896
48c5f745-76116075ca0bc0f4,967b67b0-af35838eb0b75e7d,0.5,0.5
48c5f745-76116075ca0bc0f4,80c384e4-af35838eb0b75e7d,0.5,0.5
56a90e79-59d76e891525abc3,8c591975-af23e108a219677c,0.5,0.5633802816901409
28c2d81a-e2ec233423815bfa,c220c822-8f151b0df1073ade,0.5,0.68
56a90e79-59d76e891525abc3,1ea771ea-31982b8d0676dce6,0.5,0.5352112676056338
1ea771ea-31982b8d0676dce6,3380fa52-8f91b9d91f6310aa,0.4972375690607735,0.5555555555555556
c220c822-8f151b0df1073ade,ec607ca1-616e9cd4d73a5de6,0.49710982658959535,0.5
4f7af821-1edc6f9d9d4cfda9,fcbe7917-527b4c7bcd90e160,0.49673202614379086,0.6333333333333333
bb0949b3-b5937c6bbc0c4cf2,079ad09e-6c66ff5d51abed6f,0.496551724137931,0.5217391304347826
bb0949b3-b5937c6bbc0c4cf2,20012377-d788dc5bfb094ca7,0.496551724137931,0.5217391304347826
0b5cff5a-cbc0ded58ec456a2,48993e07-ef4d50df85eb7e96,0.49635036496350365,0.5151515151515151
c57a973e-8bec26d0d270b7e2,8639f6c6-72a48601176340a9,0.49635036496350365,0.5151515151515151
a7894e0b-4e44f93da3e1e8f0,48993e07-ef4d50df85eb7e96,0.49612403100775193,0.5517241379310345
4d25818e-685916003c7f91bc,3cf63146-ed96a88172a99b64,0.49612403100775193,0.5333333333333333
4f7af821-1edc6f9d9d4cfda9,3cf63146-ed96a88172a99b64,0.49612403100775193,0.5333333333333333
11c2ab99-836a13764460b298,8639f6c6-72a48601176340a9,0.49612403100775193,0.5517241379310345
bdfe8110-ffa623ef7fcc38d6,8639f6c6-72a48601176340a9,0.49612403100775193,0.5517241379310345
fa484fdd-d4c4bc5b8a7183da,48c5f745-76116075ca0bc0f4,0.49586776859504134,0.5263157894736842
fa484fdd-d4c4bc5b8a7183da,4d25818e-685916003c7f91bc,0.49572649572649574,0.5087719298245614
fa484fdd-d4c4bc5b8a7183da,4f7af821-1edc6f9d9d4cfda9,0.49572649572649574,0.5087719298245614
00c0b82a-a23297c71634ae34,3380fa52-8f91b9d91f6310aa,0.49411764705882355,0.6
5e8d1aaa-328206718fef18b7,04df7bb8-fb43ee8f991e01a2,0.4939759036144578,0.6212121212121212
4548305b-59b7534a6e2eb29c,d12f26f0-817b664803bfb06a,0.49382716049382713,0.5882352941176471
0b5cff5a-cbc0ded58ec456a2,df594a00-86207ca113146fd3,0.4935064935064935,0.5757575757575758
079ad09e-6c66ff5d51abed6f,2b2d3b84-8002a3802a32a0bb,0.4935064935064935,0.5
20012377-d788dc5bfb094ca7,2b2d3b84-8002a3802a32a0bb,0.4935064935064935,0.5
48993e07-ef4d50df85eb7e96,e1a5831a-8002f90b95c9a4f9,0.49333333333333335,0.5211267605633803
1be078c4-32ca7e015a838482,be3b1289-62071cd8d4a4e6d3,0.4931506849315068,0.5538461538461539
fadc1365-18491264f0f6840e,a8e2cefc-6654f525bbc3acc5,0.4931506849315068,0.6545454545454545
e6a6e318-9f688e48dd5ac428,a8e2cefc-6654f525bbc3acc5,0.4931506849315068,0.6545454545454545
bb0949b3-b5937c6bbc0c4cf2,268eb6c6-42aa9c40dfc146f9,0.4931506849315068,0.5217391304347826
4548305b-59b7534a6e2eb29c,d77f722c-85273902dd178793,0.49295774647887325,0.5147058823529411
c57a973e-8bec26d0d270b7e2,7ae0cb0d-6f3db1cbc26cea1c,0.4927536231884058,0.5151515151515151
8f6421f3-ee31a7da9e3d7f85,be3b1289-62071cd8d4a4e6d3,0.4925373134328358,0.6226415094339622
fadc1365-18491264f0f6840e,9fd33d5a-af26105191efe7e0,0.4925373134328358,0.6
e6a6e318-9f688e48dd5ac428,9fd33d5a-af26105191efe7e0,0.4925373134328358,0.6
810cf242-d53df3adf0b7bf56,3cf63146-ed96a88172a99b64,0.49230769230769234,0.5245901639344263
11c2ab99-836a13764460b298,7ae0cb0d-6f3db1cbc26cea1c,0.49230769230769234,0.5517241379310345
bdfe8110-ffa623ef7fcc38d6,7ae0cb0d-6f3db1cbc26cea1c,0.49230769230769234,0.5517241379310345
fa484fdd-d4c4bc5b8a7183da,bb0949b3-b5937c6bbc0c4cf2,0.49206349206349204,0.543859649122807
fa484fdd-d4c4bc5b8a7183da,1be078c4-32ca7e015a838482,0.4918032786885246,0.5263157894736842
8f778337-feb0d359ab443e78,fcbe7917-527b4c7bcd90e160,0.4918032786885246,0.5
c0aa6246-5388e8e2352267ce,c1fef98f-93ce267168c6c5a3,0.4918032786885246,0.5421686746987951
fa484fdd-d4c4bc5b8a7183da,810cf242-d53df3adf0b7bf56,0.4915254237288136,0.5087719298245614
e1a5831a-8002f90b95c9a4f9,505f8562-c13678a91e6cf7c5,0.49142857142857144,0.5443037974683544
2b2d3b84-8002a3802a32a0bb,fcbe7917-527b4c7bcd90e160,0.49122807017543857,0.5384615384615384
268eb6c6-42aa9c40dfc146f9,85125ecb-495c620601720f05,0.49101796407185627,0.5324675324675324
268eb6c6-42aa9c40dfc146f9,c220c822-8f151b0df1073ade,0.49079754601226994,0.5194805194805194
3cf63146-ed96a88172a99b64,a3abac01-756b4f81847c03a8,0.49056603773584906,0.5652173913043478
1be078c4-32ca7e015a838482,d12f26f0-817b664803bfb06a,0.49056603773584906,0.6
48c5f745-76116075ca0bc0f4,a8e2cefc-6654f525bbc3acc5,0.49032258064516127,0.59375
fa484fdd-d4c4bc5b8a7183da,d12f26f0-817b664803bfb06a,0.4900662251655629,0.6491228070175439
0fdc80c5-b9cc17385a6b997a,ec607ca1-616e9cd4d73a5de6,0.4897959183673469,0.6
4f7af821-1edc6f9d9d4cfda9,c0aa6246-5388e8e2352267ce,0.48951048951048953,0.5833333333333334
56a90e79-59d76e891525abc3,ee270b2a-4a0d00c96498d123,0.48951048951048953,0.49295774647887325
1be078c4-32ca7e015a838482,c4d04ce7-9cf8f4a664363ab2,0.4892086330935252,0.5230769230769231
48c5f745-76116075ca0bc0f4,48993e07-ef4d50df85eb7e96,0.4888888888888889,0.515625
1be078c4-32ca7e015a838482,00c0b82a-a23297c71634ae34,0.4888888888888889,0.5076923076923077
4548305b-59b7534a6e2eb29c,b505f95e-1e7b44155e86a4a4,0.4888888888888889,0.6470588235294118
e1a5831a-8002f90b95c9a4f9,68d422ec-8e2a4607563a1184,0.48868778280542985,0.6835443037974683
c220c822-8f151b0df1073ade,fdd85afb-6dd1aa9cefb9a8e4,0.48863636363636365,0.5
8f6421f3-ee31a7da9e3d7f85,259c1ea4-fe7cb4000a94c098,0.48854961832061067,0.6037735849056604
be3b1289-62071cd8d4a4e6d3,ec607ca1-616e9cd4d73a5de6,0.4880952380952381,0.5061728395061729
079ad09e-6c66ff5d51abed6f,f28b8cb4-1e050d8f56be3b93,0.4880952380952381,0.5394736842105263
20012377-d788dc5bfb094ca7,f28b8cb4-1e050d8f56be3b93,0.4880952380952381,0.5394736842105263
268eb6c6-42aa9c40dfc146f9,08b9908d-1e461d7c84f5af2e,0.4878048780487805,0.5194805194805194
953ac418-15324feaea2d4e8e,ff3283cf-8274736030d5496c,0.48756218905472637,0.494949494949495
953ac418-15324feaea2d4e8e,8a39dbf5-5c1f52301bb01d53,0.48756218905472637,0.494949494949495
e1a5831a-8002f90b95c9a4f9,1ea771ea-31982b8d0676dce6,0.4875,0.4936708860759494
00c0b82a-a23297c71634ae34,8f778337-feb0d359ab443e78,0.4875,0.5571428571428572
aaccc000-cd3027809553b409,8f778337-feb0d359ab443e78,0.4875,0.5571428571428572
4d25818e-685916003c7f91bc,c1fef98f-93ce267168c6c5a3,0.4875,0.65
4d25818e-685916003c7f91bc,3380fa52-8f91b9d91f6310aa,0.4875,0.65
ea2fc2bc-3044709d8ffadf97,810cf242-d53df3adf0b7bf56,0.48739495798319327,0.5
fadc1365-18491264f0f6840e,967b67b0-af35838eb0b75e7d,0.48739495798319327,0.5272727272727272
e6a6e318-9f688e48dd5ac428,967b67b0-af35838eb0b75e7d,0.48739495798319327,0.5272727272727272
fadc1365-18491264f0f6840e,80c384e4-af35838eb0b75e7d,0.48739495798319327,0.5272727272727272
e6a6e318-9f688e48dd5ac428,80c384e4-af35838eb0b75e7d,0.48739495798319327,0.5272727272727272
3cf63146-ed96a88172a99b64,ec607ca1-616e9cd4d73a5de6,0.48717948717948717,0.5507246376811594
48993e07-ef4d50df85eb7e96,1ea771ea-31982b8d0676dce6,0.4868421052631579,0.5211267605633803
2f8c3bf3-e73d8329c1717cd5,a3abac01-756b4f81847c03a8,0.4868421052631579,0.5967741935483871
8f778337-feb0d359ab443e78,953ac418-15324feaea2d4e8e,0.48677248677248675,0.5111111111111111
f28b8cb4-1e050d8f56be3b93,67241a76-381872dc8a0168c2,0.4864864864864865,0.4891304347826087
ea2fc2bc-3044709d8ffadf97,a3abac01-756b4f81847c03a8,0.4864864864864865,0.6206896551724138
268eb6c6-42aa9c40dfc146f9,4fb09c5f-8831ec2acac02462,0.4864864864864865,0.5844155844155844
be3b1289-62071cd8d4a4e6d3,c1fef98f-93ce267168c6c5a3,0.4861878453038674,0.5432098765432098
5e8d1aaa-328206718fef18b7,b6724dd9-9cb537caa0747bf8,0.4852941176470588,0.5
b9219544-4f0b882ccebbb0e7,c4d04ce7-9cf8f4a664363ab2,0.4852941176470588,0.532258064516129
259c1ea4-fe7cb4000a94c098,a8e2cefc-6654f525bbc3acc5,0.48520710059171596,0.5256410256410257
8f6421f3-ee31a7da9e3d7f85,f870e76b-3ba460b78b587d9b,0.48484848484848486,0.6037735849056604
11c2ab99-836a13764460b298,d77f722c-85273902dd178793,0.48484848484848486,0.5517241379310345
bdfe8110-ffa623ef7fcc38d6,d77f722c-85273902dd178793,0.48484848484848486,0.5517241379310345
56a90e79-59d76e891525abc3,8f778337-feb0d359ab443e78,0.484472049689441,0.5492957746478874
d77f722c-85273902dd178793,ec607ca1-616e9cd4d73a5de6,0.484472049689441,0.527027027027027
a7894e0b-4e44f93da3e1e8f0,00c0b82a-a23297c71634ae34,0.484375,0.5344827586206896
d77f722c-85273902dd178793,c0aa6246-5388e8e2352267ce,0.4840764331210191,0.5135135135135135
f28b8cb4-1e050d8f56be3b93,d12f26f0-817b664803bfb06a,0.4838709677419355,0.4891304347826087
8f6421f3-ee31a7da9e3d7f85,04df7bb8-fb43ee8f991e01a2,0.48366013071895425,0.6981132075471698
4d25818e-685916003c7f91bc,8c591975-af23e108a219677c,0.48322147651006714,0.6
8639f6c6-72a48601176340a9,2b2d3b84-8002a3802a32a0bb,0.48322147651006714,0.5070422535211268
2b2d3b84-8002a3802a32a0bb,3380fa52-8f91b9d91f6310aa,0.48314606741573035,0.5512820512820513
c57a973e-8bec26d0d270b7e2,b505f95e-1e7b44155e86a4a4,0.48314606741573035,0.6515151515151515
312d9460-d4e6393f614dfffb,ba9b94f7-61dd5eaa4f08713e,0.4827586206896552,0.5
5e8d1aaa-328206718fef18b7,0048a372-6eaed78fa1daac8a,0.4827586206896552,0.5303030303030303
fadc1365-18491264f0f6840e,fdd85afb-6dd1aa9cefb9a8e4,0.4827586206896552,0.6363636363636364
e6a6e318-9f688e48dd5ac428,fdd85afb-6dd1aa9cefb9a8e4,0.4827586206896552,0.6363636363636364
4548305b-59b7534a6e2eb29c,ff3283cf-8274736030d5496c,0.4823529411764706,0.6029411764705882
4548305b-59b7534a6e2eb29c,8a39dbf5-5c1f52301bb01d53,0.4823529411764706,0.6029411764705882
bb0949b3-b5937c6bbc0c4cf2,7ae0cb0d-6f3db1cbc26cea1c,0.48226950354609927,0.4927536231884058
3cf63146-ed96a88172a99b64,96cd6ee9-b4b6f058bca794bd,0.4819277108433735,0.5797101449275363
f870e76b-3ba460b78b587d9b,08b9908d-1e461d7c84f5af2e,0.4819277108433735,0.5063291139240507
3c667d4f-524cd7f06bda5cb0,a4e1511a-cebe30b4d1384ef0,0.48175182481751827,0.559322033898305
08b9908d-1e461d7c84f5af2e,c1fef98f-93ce267168c6c5a3,0.48128342245989303,0.5172413793103449
3c667d4f-524cd7f06bda5cb0,d77f722c-85273902dd178793,0.48120300751879697,0.5423728813559322
4548305b-59b7534a6e2eb29c,fdd85afb-6dd1aa9cefb9a8e4,0.4810126582278481,0.5588235294117647
08b9908d-1e461d7c84f5af2e,505f8562-c13678a91e6cf7c5,0.4808743169398907,0.5057471264367817
c0aa6246-5388e8e2352267ce,3380fa52-8f91b9d91f6310aa,0.4808743169398907,0.5301204819277109
48c5f745-76116075ca0bc0f4,fdd85afb-6dd1aa9cefb9a8e4,0.4805194805194805,0.578125
11c2ab99-836a13764460b298,505f8562-c13678a91e6cf7c5,0.4805194805194805,0.6379310344827587
bdfe8110-ffa623ef7fcc38d6,505f8562-c13678a91e6cf7c5,0.4805194805194805,0.6379310344827587
e18ae6a1-56bf552fc9e76a67,71c7ac71-4925edee1db76573,0.48044692737430167,0.5657894736842105
bb0949b3-b5937c6bbc0c4cf2,be3b1289-62071cd8d4a4e6d3,0.48,0.5217391304347826
04df7bb8-fb43ee8f991e01a2,c1fef98f-93ce267168c6c5a3,0.48,0.48
28c2d81a-e2ec233423815bfa,04df7bb8-fb43ee8f991e01a2,0.48,0.72
0fdc80c5-b9cc17385a6b997a,8f778337-feb0d359ab443e78,0.48,0.6
810cf242-d53df3adf0b7bf56,967b67b0-af35838eb0b75e7d,0.48,0.4918032786885246
810cf242-d53df3adf0b7bf56,80c384e4-af35838eb0b75e7d,0.48,0.4918032786885246
c0aa6246-5388e8e2352267ce,df594a00-86207ca113146fd3,0.47953216374269003,0.4939759036144578
28c2d81a-e2ec233423815bfa,8639f6c6-72a48601176340a9,0.4793388429752066,0.58
f28b8cb4-1e050d8f56be3b93,3380fa52-8f91b9d91f6310aa,0.4791666666666667,0.5
810cf242-d53df3adf0b7bf56,be3b1289-62071cd8d4a4e6d3,0.4788732394366197,0.5573770491803278
df594a00-86207ca113146fd3,04df7bb8-fb43ee8f991e01a2,0.4787234042553192,0.5113636363636364
f28b8cb4-1e050d8f56be3b93,505f8562-c13678a91e6cf7c5,0.4787234042553192,0.4891304347826087
d77f722c-85273902dd178793,8c591975-af23e108a219677c,0.4785276073619632,0.527027027027027
96cd6ee9-b4b6f058bca794bd,b505f95e-1e7b44155e86a4a4,0.4784688995215311,0.5154639175257731
3cf63146-ed96a88172a99b64,bb0949b3-b5937c6bbc0c4cf2,0.4782608695652174,0.4782608695652174
0fdc80c5-b9cc17385a6b997a,259c1ea4-fe7cb4000a94c098,0.4782608695652174,0.55
00c0b82a-a23297c71634ae34,8c591975-af23e108a219677c,0.4779874213836478,0.5428571428571428
3cf63146-ed96a88172a99b64,fdd85afb-6dd1aa9cefb9a8e4,0.4779874213836478,0.5507246376811594
3cf63146-ed96a88172a99b64,85125ecb-495c620601720f05,0.4779874213836478,0.5507246376811594
ee270b2a-4a0d00c96498d123,ec607ca1-616e9cd4d73a5de6,0.4779874213836478,0.5277777777777778
2f8c3bf3-e73d8329c1717cd5,7ae0cb0d-6f3db1cbc26cea1c,0.47761194029850745,0.5161290322580645
b9219544-4f0b882ccebbb0e7,7ae0cb0d-6f3db1cbc26cea1c,0.47761194029850745,0.5161290322580645
e18ae6a1-56bf552fc9e76a67,f870e76b-3ba460b78b587d9b,0.4774193548387097,0.4868421052631579
e18ae6a1-56bf552fc9e76a67,9fd33d5a-af26105191efe7e0,0.4774193548387097,0.4868421052631579
d77f722c-85273902dd178793,1ea771ea-31982b8d0676dce6,0.4774193548387097,0.5
e18ae6a1-56bf552fc9e76a67,c1fef98f-93ce267168c6c5a3,0.4772727272727273,0.5526315789473685
c0aa6246-5388e8e2352267ce,0adb1ee5-5c11ad888fca8057,0.4772727272727273,0.5060240963855421
967b67b0-af35838eb0b75e7d,c57a973e-8bec26d0d270b7e2,0.47692307692307695,0.484375
967b67b0-af35838eb0b75e7d,0b5cff5a-cbc0ded58ec456a2,0.47692307692307695,0.484375
80c384e4-af35838eb0b75e7d,c57a973e-8bec26d0d270b7e2,0.47692307692307695,0.484375
80c384e4-af35838eb0b75e7d,0b5cff5a-cbc0ded58ec456a2,0.47692307692307695,0.484375
0fdc80c5-b9cc17385a6b997a,a8e2cefc-6654f525bbc3acc5,0.4768211920529801,0.6
7ae0cb0d-6f3db1cbc26cea1c,9fd33d5a-af26105191efe7e0,0.4768211920529801,0.5
d77f722c-85273902dd178793,268eb6c6-42aa9c40dfc146f9,0.4768211920529801,0.4864864864864865
be3b1289-62071cd8d4a4e6d3,a8e2cefc-6654f525bbc3acc5,0.47674418604651164,0.5061728395061729
079ad09e-6c66ff5d51abed6f,505f8562-c13678a91e6cf7c5,0.47674418604651164,0.5394736842105263
20012377-d788dc5bfb094ca7,505f8562-c13678a91e6cf7c5,0.47674418604651164,0.5394736842105263
be3b1289-62071cd8d4a4e6d3,08b9908d-1e461d7c84f5af2e,0.47619047619047616,0.49382716049382713
0b5cff5a-cbc0ded58ec456a2,be3b1289-62071cd8d4a4e6d3,0.47619047619047616,0.5303030303030303
ee270b2a-4a0d00c96498d123,505f8562-c13678a91e6cf7c5,0.47619047619047616,0.5555555555555556
4f7af821-1edc6f9d9d4cfda9,0b5cff5a-cbc0ded58ec456a2,0.47619047619047616,0.5
56a90e79-59d76e891525abc3,e18ae6a1-56bf552fc9e76a67,0.47619047619047616,0.49295774647887325
56a90e79-59d76e891525abc3,079ad09e-6c66ff5d51abed6f,0.47619047619047616,0.49295774647887325
56a90e79-59d76e891525abc3,20012377-d788dc5bfb094ca7,0.47619047619047616,0.49295774647887325
11c2ab99-836a13764460b298,967b67b0-af35838eb0b75e7d,0.47540983606557374,0.5
11c2ab99-836a13764460b298,80c384e4-af35838eb0b75e7d,0.47540983606557374,0.5
bdfe8110-ffa623ef7fcc38d6,967b67b0-af35838eb0b75e7d,0.47540983606557374,0.5
bdfe8110-ffa623ef7fcc38d6,80c384e4-af35838eb0b75e7d,0.47540983606557374,0.5
f870e76b-3ba460b78b587d9b,be3b1289-62071cd8d4a4e6d3,0.475,0.4810126582278481
4548305b-59b7534a6e2eb29c,f28b8cb4-1e050d8f56be3b93,0.475,0.5588235294117647
bb0949b3-b5937c6bbc0c4cf2,a8e2cefc-6654f525bbc3acc5,0.475,0.5507246376811594
967b67b0-af35838eb0b75e7d,505f8562-c13678a91e6cf7c5,0.475,0.59375
80c384e4-af35838eb0b75e7d,505f8562-c13678a91e6cf7c5,0.475,0.59375
810cf242-d53df3adf0b7bf56,a4e1511a-cebe30b4d1384ef0,0.4748201438848921,0.5409836065573771
11c2ab99-836a13764460b298,be3b1289-62071cd8d4a4e6d3,0.4748201438848921,0.5689655172413793
bdfe8110-ffa623ef7fcc38d6,be3b1289-62071cd8d4a4e6d3,0.4748201438848921,0.5689655172413793
4d25818e-685916003c7f91bc,f870e76b-3ba460b78b587d9b,0.4748201438848921,0.55
11c2ab99-836a13764460b298,1ea771ea-31982b8d0676dce6,0.4748201438848921,0.5689655172413793
ea2fc2bc-3044709d8ffadf97,1ea771ea-31982b8d0676dce6,0.4748201438848921,0.5689655172413793
bdfe8110-ffa623ef7fcc38d6,1ea771ea-31982b8d0676dce6,0.4748201438848921,0.5689655172413793
71c7ac71-4925edee1db76573,b505f95e-1e7b44155e86a4a4,0.4744186046511628,0.49514563106796117
268eb6c6-42aa9c40dfc146f9,f870e76b-3ba460b78b587d9b,0.47435897435897434,0.4805194805194805
3cf63146-ed96a88172a99b64,08b9908d-1e461d7c84f5af2e,0.47435897435897434,0.5362318840579711
b9219544-4f0b882ccebbb0e7,d12f26f0-817b664803bfb06a,0.47435897435897434,0.5967741935483871
3c667d4f-524cd7f06bda5cb0,079ad09e-6c66ff5d51abed6f,0.4740740740740741,0.5423728813559322
3c667d4f-524cd7f06bda5cb0,20012377-d788dc5bfb094ca7,0.4740740740740741,0.5423728813559322
5e8d1aaa-328206718fef18b7,3cf63146-ed96a88172a99b64,0.4740740740740741,0.48484848484848486
48993e07-ef4d50df85eb7e96,ff3283cf-8274736030d5496c,0.47398843930635837,0.5774647887323944
48993e07-ef4d50df85eb7e96,8a39dbf5-5c1f52301bb01d53,0.47398843930635837,0.5774647887323944
00c0b82a-a23297c71634ae34,71c7ac71-4925edee1db76573,0.47398843930635837,0.5857142857142857
0adb1ee5-5c11ad888fca8057,96cd6ee9-b4b6f058bca794bd,0.47368421052631576,0.4838709677419355
85125ecb-495c620601720f05,04df7bb8-fb43ee8f991e01a2,0.47368421052631576,0.5
bb0949b3-b5937c6bbc0c4cf2,3380fa52-8f91b9d91f6310aa,0.47337278106508873,0.5797101449275363
810cf242-d53df3adf0b7bf56,00c0b82a-a23297c71634ae34,0.4732824427480916,0.5081967213114754
8639f6c6-72a48601176340a9,268eb6c6-42aa9c40dfc146f9,0.47297297297297297,0.49295774647887325
48993e07-ef4d50df85eb7e96,d12f26f0-817b664803bfb06a,0.4727272727272727,0.5492957746478874
f870e76b-3ba460b78b587d9b,c220c822-8f151b0df1073ade,0.4727272727272727,0.4936708860759494
1be078c4-32ca7e015a838482,04df7bb8-fb43ee8f991e01a2,0.4727272727272727,0.6
c57a973e-8bec26d0d270b7e2,a4e1511a-cebe30b4d1384ef0,0.4722222222222222,0.5151515151515151
c57a973e-8bec26d0d270b7e2,259c1ea4-fe7cb4000a94c098,0.4722222222222222,0.5151515151515151
0b5cff5a-cbc0ded58ec456a2,259c1ea4-fe7cb4000a94c098,0.4722222222222222,0.5151515151515151
48993e07-ef4d50df85eb7e96,8f778337-feb0d359ab443e78,0.4720496894409938,0.5352112676056338
aaccc000-cd3027809553b409,a8e2cefc-6654f525bbc3acc5,0.4720496894409938,0.5428571428571428
810cf242-d53df3adf0b7bf56,e1a5831a-8002f90b95c9a4f9,0.4714285714285714,0.5409836065573771
3cf63146-ed96a88172a99b64,8639f6c6-72a48601176340a9,0.4714285714285714,0.4782608695652174
28c2d81a-e2ec233423815bfa,a3abac01-756b4f81847c03a8,0.4714285714285714,0.66
079ad09e-6c66ff5d51abed6f,be3b1289-62071cd8d4a4e6d3,0.4713375796178344,0.4868421052631579
20012377-d788dc5bfb094ca7,be3b1289-62071cd8d4a4e6d3,0.4713375796178344,0.4868421052631579
b6724dd9-9cb537caa0747bf8,ec607ca1-616e9cd4d73a5de6,0.4713375796178344,0.5285714285714286
1be078c4-32ca7e015a838482,f28b8cb4-1e050d8f56be3b93,0.4713375796178344,0.5692307692307692
fa484fdd-d4c4bc5b8a7183da,04df7bb8-fb43ee8f991e01a2,0.4713375796178344,0.6491228070175439
079ad09e-6c66ff5d51abed6f,1ea771ea-31982b8d0676dce6,0.4713375796178344,0.4868421052631579
20012377-d788dc5bfb094ca7,1ea771ea-31982b8d0676dce6,0.4713375796178344,0.4868421052631579
0b5cff5a-cbc0ded58ec456a2,00c0b82a-a23297c71634ae34,0.47058823529411764,0.48484848484848486
aaccc000-cd3027809553b409,04df7bb8-fb43ee8f991e01a2,0.47058823529411764,0.5714285714285714
fa484fdd-d4c4bc5b8a7183da,9fd33d5a-af26105191efe7e0,0.47058823529411764,0.5614035087719298
d77f722c-85273902dd178793,9fd33d5a-af26105191efe7e0,0.47058823529411764,0.4864864864864865
953ac418-15324feaea2d4e8e,ba9b94f7-61dd5eaa4f08713e,0.47058823529411764,0.48484848484848486
fadc1365-18491264f0f6840e,1ea771ea-31982b8d0676dce6,0.47058823529411764,0.5818181818181818
e6a6e318-9f688e48dd5ac428,1ea771ea-31982b8d0676dce6,0.47058823529411764,0.5818181818181818
c220c822-8f151b0df1073ade,96cd6ee9-b4b6f058bca794bd,0.46994535519125685,0.5
e18ae6a1-56bf552fc9e76a67,a3abac01-756b4f81847c03a8,0.46987951807228917,0.5131578947368421
0fdc80c5-b9cc17385a6b997a,8c591975-af23e108a219677c,0.4697986577181208,0.5833333333333334
a7894e0b-4e44f93da3e1e8f0,a8e2cefc-6654f525bbc3acc5,0.4697986577181208,0.603448275862069
8f6421f3-ee31a7da9e3d7f85,505f8562-c13678a91e6cf7c5,0.4697986577181208,0.660377358490566
ea2fc2bc-3044709d8ffadf97,d77f722c-85273902dd178793,0.4696969696969697,0.5344827586206896
1ea771ea-31982b8d0676dce6,be3b1289-62071cd8d4a4e6d3,0.4691358024691358,0.4691358024691358
8f6421f3-ee31a7da9e3d7f85,f28b8cb4-1e050d8f56be3b93,0.4689655172413793,0.6415094339622641
505f8562-c13678a91e6cf7c5,1a400c1b-0e9438ab89a10e6d,0.4688995215311005,0.5104166666666666
fadc1365-18491264f0f6840e,71c7ac71-4925edee1db76573,0.46835443037974683,0.6727272727272727
e6a6e318-9f688e48dd5ac428,71c7ac71-4925edee1db76573,0.46835443037974683,0.6727272727272727
bb0949b3-b5937c6bbc0c4cf2,8c591975-af23e108a219677c,0.46835443037974683,0.5362318840579711
56a90e79-59d76e891525abc3,ec607ca1-616e9cd4d73a5de6,0.46835443037974683,0.5211267605633803
00c0b82a-a23297c71634ae34,48993e07-ef4d50df85eb7e96,0.46808510638297873,0.4714285714285714
b9219544-4f0b882ccebbb0e7,9fd33d5a-af26105191efe7e0,0.46808510638297873,0.532258064516129
a7894e0b-4e44f93da3e1e8f0,c0aa6246-5388e8e2352267ce,0.46808510638297873,0.5689655172413793
b9219544-4f0b882ccebbb0e7,f28b8cb4-1e050d8f56be3b93,0.4675324675324675,0.5806451612903226
11c2ab99-836a13764460b298,9fd33d5a-af26105191efe7e0,0.46715328467153283,0.5517241379310345
bdfe8110-ffa623ef7fcc38d6,9fd33d5a-af26105191efe7e0,0.46715328467153283,0.5517241379310345
0b5cff5a-cbc0ded58ec456a2,56a90e79-59d76e891525abc3,0.46715328467153283,0.48484848484848486
96cd6ee9-b4b6f058bca794bd,3380fa52-8f91b9d91f6310aa,0.467005076142132,0.4742268041237113
ec607ca1-616e9cd4d73a5de6,fcbe7917-527b4c7bcd90e160,0.4666666666666667,0.4827586206896552
0adb1ee5-5c11ad888fca8057,04df7bb8-fb43ee8f991e01a2,0.46632124352331605,0.4838709677419355
b9219544-4f0b882ccebbb0e7,48993e07-ef4d50df85eb7e96,0.46616541353383456,0.5
a7894e0b-4e44f93da3e1e8f0,df594a00-86207ca113146fd3,0.4657534246575342,0.5862068965517241
28c2d81a-e2ec233423815bfa,505f8562-c13678a91e6cf7c5,0.4657534246575342,0.68
8c591975-af23e108a219677c,c1fef98f-93ce267168c6c5a3,0.4656084656084656,0.4943820224719101
268eb6c6-42aa9c40dfc146f9,b505f95e-1e7b44155e86a4a4,0.4656084656084656,0.5714285714285714
bb0949b3-b5937c6bbc0c4cf2,8f778337-feb0d359ab443e78,0.46540880503144655,0.5362318840579711
0fdc80c5-b9cc17385a6b997a,3cf63146-ed96a88172a99b64,0.46511627906976744,0.5
967b67b0-af35838eb0b75e7d,1be078c4-32ca7e015a838482,0.46511627906976744,0.46875
80c384e4-af35838eb0b75e7d,1be078c4-32ca7e015a838482,0.46511627906976744,0.46875
ea2fc2bc-3044709d8ffadf97,8639f6c6-72a48601176340a9,0.46511627906976744,0.5172413793103449
7ae0cb0d-6f3db1cbc26cea1c,3380fa52-8f91b9d91f6310aa,0.46511627906976744,0.5555555555555556
48993e07-ef4d50df85eb7e96,56a90e79-59d76e891525abc3,0.4647887323943662,0.4647887323943662
00c0b82a-a23297c71634ae34,7ae0cb0d-6f3db1cbc26cea1c,0.4647887323943662,0.4714285714285714
28c2d81a-e2ec233423815bfa,f28b8cb4-1e050d8f56be3b93,0.4647887323943662,0.66
48c5f745-76116075ca0bc0f4,259c1ea4-fe7cb4000a94c098,0.4647887323943662,0.515625
a7894e0b-4e44f93da3e1e8f0,96cd6ee9-b4b6f058bca794bd,0.4645161290322581,0.6206896551724138
1be078c4-32ca7e015a838482,8f778337-feb0d359ab443e78,0.4645161290322581,0.5538461538461539
259c1ea4-fe7cb4000a94c098,fdd85afb-6dd1aa9cefb9a8e4,0.4642857142857143,0.5
2b2d3b84-8002a3802a32a0bb,85125ecb-495c620601720f05,0.4642857142857143,0.5
e1a5831a-8002f90b95c9a4f9,ff3283cf-8274736030d5496c,0.46408839779005523,0.5316455696202531
e1a5831a-8002f90b95c9a4f9,8a39dbf5-5c1f52301bb01d53,0.46408839779005523,0.5316455696202531
08b9908d-1e461d7c84f5af2e,d12f26f0-817b664803bfb06a,0.46408839779005523,0.4827586206896552
fadc1365-18491264f0f6840e,00c0b82a-a23297c71634ae34,0.464,0.5272727272727272
e6a6e318-9f688e48dd5ac428,00c0b82a-a23297c71634ae34,0.464,0.5272727272727272
0fdc80c5-b9cc17385a6b997a,a4e1511a-cebe30b4d1384ef0,0.463768115942029,0.5333333333333333
4d25818e-685916003c7f91bc,a4e1511a-cebe30b4d1384ef0,0.463768115942029,0.5333333333333333
4f7af821-1edc6f9d9d4cfda9,a4e1511a-cebe30b4d1384ef0,0.463768115942029,0.5333333333333333
810cf242-d53df3adf0b7bf56,268eb6c6-42aa9c40dfc146f9,0.463768115942029,0.5245901639344263
0b5cff5a-cbc0ded58ec456a2,7ae0cb0d-6f3db1cbc26cea1c,0.463768115942029,0.48484848484848486
1be078c4-32ca7e015a838482,c220c822-8f151b0df1073ade,0.46357615894039733,0.5384615384615384
fadc1365-18491264f0f6840e,505f8562-c13678a91e6cf7c5,0.46357615894039733,0.6363636363636364
e6a6e318-9f688e48dd5ac428,505f8562-c13678a91e6cf7c5,0.46357615894039733,0.6363636363636364
079ad09e-6c66ff5d51abed6f,df594a00-86207ca113146fd3,0.4634146341463415,0.5
20012377-d788dc5bfb094ca7,df594a00-86207ca113146fd3,0.4634146341463415,0.5
be3b1289-62071cd8d4a4e6d3,c0aa6246-5388e8e2352267ce,0.4634146341463415,0.4691358024691358
4548305b-59b7534a6e2eb29c,505f8562-c13678a91e6cf7c5,0.4634146341463415,0.5588235294117647
d77f722c-85273902dd178793,a3abac01-756b4f81847c03a8,0.4634146341463415,0.5135135135135135
1ea771ea-31982b8d0676dce6,c0aa6246-5388e8e2352267ce,0.4634146341463415,0.4691358024691358
08b9908d-1e461d7c84f5af2e,a3abac01-756b4f81847c03a8,0.4632768361581921,0.47126436781609193
5e8d1aaa-328206718fef18b7,4548305b-59b7534a6e2eb29c,0.4626865671641791,0.4696969696969697
fa484fdd-d4c4bc5b8a7183da,268eb6c6-42aa9c40dfc146f9,0.4626865671641791,0.543859649122807
fa484fdd-d4c4bc5b8a7183da,85125ecb-495c620601720f05,0.46258503401360546,0.5964912280701754
8639f6c6-72a48601176340a9,e18ae6a1-56bf552fc9e76a67,0.46258503401360546,0.4788732394366197
9fd33d5a-af26105191efe7e0,be3b1289-62071cd8d4a4e6d3,0.4625,0.46835443037974683
0b5cff5a-cbc0ded58ec456a2,d12f26f0-817b664803bfb06a,0.4625,0.5606060606060606
f870e76b-3ba460b78b587d9b,d12f26f0-817b664803bfb06a,0.4624277456647399,0.5063291139240507
8c591975-af23e108a219677c,96cd6ee9-b4b6f058bca794bd,0.46236559139784944,0.48314606741573035
2f8c3bf3-e73d8329c1717cd5,be3b1289-62071cd8d4a4e6d3,0.46153846153846156,0.532258064516129
fa484fdd-d4c4bc5b8a7183da,c220c822-8f151b0df1073ade,0.46153846153846156,0.5789473684210527
8f6421f3-ee31a7da9e3d7f85,a3abac01-756b4f81847c03a8,0.46153846153846156,0.6226415094339622
c57a973e-8bec26d0d270b7e2,a3abac01-756b4f81847c03a8,0.46153846153846156,0.5454545454545454
c1fef98f-93ce267168c6c5a3,4fb09c5f-8831ec2acac02462,0.46153846153846156,0.48
810cf242-d53df3adf0b7bf56,bb0949b3-b5937c6bbc0c4cf2,0.46153846153846156,0.4918032786885246
56a90e79-59d76e891525abc3,7ae0cb0d-6f3db1cbc26cea1c,0.46153846153846156,0.4647887323943662
e1a5831a-8002f90b95c9a4f9,b505f95e-1e7b44155e86a4a4,0.4607329842931937,0.5569620253164557
4d25818e-685916003c7f91bc,ed37ba7d-26b084b47630173e,0.4607329842931937,0.7333333333333333
268eb6c6-42aa9c40dfc146f9,df594a00-86207ca113146fd3,0.46060606060606063,0.4935064935064935
2f8c3bf3-e73d8329c1717cd5,85125ecb-495c620601720f05,0.4605263157894737,0.5645161290322581
3cf63146-ed96a88172a99b64,00c0b82a-a23297c71634ae34,0.460431654676259,0.463768115942029
fadc1365-18491264f0f6840e,48993e07-ef4d50df85eb7e96,0.4603174603174603,0.5272727272727272
e6a6e318-9f688e48dd5ac428,48993e07-ef4d50df85eb7e96,0.4603174603174603,0.5272727272727272
fadc1365-18491264f0f6840e,8639f6c6-72a48601176340a9,0.4603174603174603,0.5272727272727272
e6a6e318-9f688e48dd5ac428,8639f6c6-72a48601176340a9,0.4603174603174603,0.5272727272727272
bb0949b3-b5937c6bbc0c4cf2,ed37ba7d-26b084b47630173e,0.46,0.6666666666666666
48993e07-ef4d50df85eb7e96,71c7ac71-4925edee1db76573,0.45977011494252873,0.5633802816901409
c4d04ce7-9cf8f4a664363ab2,04df7bb8-fb43ee8f991e01a2,0.45977011494252873,0.5405405405405406
11c2ab99-836a13764460b298,71c7ac71-4925edee1db76573,0.45962732919254656,0.6379310344827587
8639f6c6-72a48601176340a9,85125ecb-495c620601720f05,0.45962732919254656,0.5211267605633803
a7894e0b-4e44f93da3e1e8f0,71c7ac71-4925edee1db76573,0.45962732919254656,0.6379310344827587
bdfe8110-ffa623ef7fcc38d6,71c7ac71-4925edee1db76573,0.45962732919254656,0.6379310344827587
3cf63146-ed96a88172a99b64,f870e76b-3ba460b78b587d9b,0.4594594594594595,0.4927536231884058
967b67b0-af35838eb0b75e7d,48993e07-ef4d50df85eb7e96,0.45925925925925926,0.484375
80c384e4-af35838eb0b75e7d,48993e07-ef4d50df85eb7e96,0.45925925925925926,0.484375
8f778337-feb0d359ab443e78,67241a76-381872dc8a0168c2,0.45901639344262296,0.4666666666666667
28c2d81a-e2ec233423815bfa,ee270b2a-4a0d00c96498d123,0.45901639344262296,0.56
4548305b-59b7534a6e2eb29c,8c591975-af23e108a219677c,0.4585987261146497,0.5294117647058824
ff3283cf-8274736030d5496c,71c7ac71-4925edee1db76573,0.4585365853658537,0.46078431372549017
079ad09e-6c66ff5d51abed6f,10bbe9de-2f884914858d5d43,0.4585365853658537,0.618421052631579
8a39dbf5-5c1f52301bb01d53,71c7ac71-4925edee1db76573,0.4585365853658537,0.46078431372549017
20012377-d788dc5bfb094ca7,10bbe9de-2f884914858d5d43,0.4585365853658537,0.618421052631579
1be078c4-32ca7e015a838482,e1a5831a-8002f90b95c9a4f9,0.4583333333333333,0.5076923076923077
aaccc000-cd3027809553b409,d77f722c-85273902dd178793,0.4583333333333333,0.4714285714285714
4d25818e-685916003c7f91bc,48993e07-ef4d50df85eb7e96,0.4580152671755725,0.5
079ad09e-6c66ff5d51abed6f,a3abac01-756b4f81847c03a8,0.4578313253012048,0.5
20012377-d788dc5bfb094ca7,a3abac01-756b4f81847c03a8,0.4578313253012048,0.5
48c5f745-76116075ca0bc0f4,ff3283cf-8274736030d5496c,0.4578313253012048,0.59375
0b5cff5a-cbc0ded58ec456a2,3380fa52-8f91b9d91f6310aa,0.4578313253012048,0.5757575757575758
48c5f745-76116075ca0bc0f4,8a39dbf5-5c1f52301bb01d53,0.4578313253012048,0.59375
c4d04ce7-9cf8f4a664363ab2,0048a372-6eaed78fa1daac8a,0.45751633986928103,0.47297297297297297
0b5cff5a-cbc0ded58ec456a2,ec607ca1-616e9cd4d73a5de6,0.45751633986928103,0.5303030303030303
2f8c3bf3-e73d8329c1717cd5,a4e1511a-cebe30b4d1384ef0,0.45714285714285713,0.5161290322580645
7ae0cb0d-6f3db1cbc26cea1c,71c7ac71-4925edee1db76573,0.45714285714285713,0.5555555555555556
28c2d81a-e2ec233423815bfa,b505f95e-1e7b44155e86a4a4,0.4567901234567901,0.74
bb0949b3-b5937c6bbc0c4cf2,0adb1ee5-5c11ad888fca8057,0.4567901234567901,0.5362318840579711
8f778337-feb0d359ab443e78,d12f26f0-817b664803bfb06a,0.45652173913043476,0.4666666666666667
b9219544-4f0b882ccebbb0e7,08b9908d-1e461d7c84f5af2e,0.4563758389261745,0.5483870967741935
2b2d3b84-8002a3802a32a0bb,0adb1ee5-5c11ad888fca8057,0.45614035087719296,0.5
be3b1289-62071cd8d4a4e6d3,b505f95e-1e7b44155e86a4a4,0.45595854922279794,0.5432098765432098
aaccc000-cd3027809553b409,df594a00-86207ca113146fd3,0.45569620253164556,0.5142857142857142
4548305b-59b7534a6e2eb29c,a3abac01-756b4f81847c03a8,0.45569620253164556,0.5294117647058824
0b5cff5a-cbc0ded58ec456a2,f28b8cb4-1e050d8f56be3b93,0.45569620253164556,0.5454545454545454
c57a973e-8bec26d0d270b7e2,9fd33d5a-af26105191efe7e0,0.45517241379310347,0.5
fadc1365-18491264f0f6840e,a3abac01-756b4f81847c03a8,0.45517241379310347,0.6
e6a6e318-9f688e48dd5ac428,a3abac01-756b4f81847c03a8,0.45517241379310347,0.6
c4d04ce7-9cf8f4a664363ab2,0adb1ee5-5c11ad888fca8057,0.4550898203592814,0.5135135135135135
48993e07-ef4d50df85eb7e96,3cbcb1cc-7b7f34abbfcad355,0.45454545454545453,0.49295774647887325
48993e07-ef4d50df85eb7e96,6045e5d1-7b7f34abbfcad355,0.45454545454545453,0.49295774647887325
0fdc80c5-b9cc17385a6b997a,d12f26f0-817b664803bfb06a,0.45454545454545453,0.5833333333333334
a7894e0b-4e44f93da3e1e8f0,c4d04ce7-9cf8f4a664363ab2,0.45454545454545453,0.5172413793103449
ee270b2a-4a0d00c96498d123,a8e2cefc-6654f525bbc3acc5,0.4539877300613497,0.5138888888888888
ea2fc2bc-3044709d8ffadf97,c0aa6246-5388e8e2352267ce,0.45390070921985815,0.5517241379310345
d12f26f0-817b664803bfb06a,3380fa52-8f91b9d91f6310aa,0.4536082474226804,0.46808510638297873
c220c822-8f151b0df1073ade,4fb09c5f-8831ec2acac02462,0.4536082474226804,0.5116279069767442
e1a5831a-8002f90b95c9a4f9,67241a76-381872dc8a0168c2,0.45348837209302323,0.4936708860759494
48c5f745-76116075ca0bc0f4,4fb09c5f-8831ec2acac02462,0.45348837209302323,0.609375
11c2ab99-836a13764460b298,f28b8cb4-1e050d8f56be3b93,0.4533333333333333,0.5862068965517241
ea2fc2bc-3044709d8ffadf97,f28b8cb4-1e050d8f56be3b93,0.4533333333333333,0.5862068965517241
bdfe8110-ffa623ef7fcc38d6,f28b8cb4-1e050d8f56be3b93,0.4533333333333333,0.5862068965517241
2f8c3bf3-e73d8329c1717cd5,5e8d1aaa-328206718fef18b7,0.453125,0.46774193548387094
1ea771ea-31982b8d0676dce6,c1fef98f-93ce267168c6c5a3,0.4530386740331492,0.5061728395061729
bb0949b3-b5937c6bbc0c4cf2,b505f95e-1e7b44155e86a4a4,0.4530386740331492,0.5942028985507246
1ea771ea-31982b8d0676dce6,ed37ba7d-26b084b47630173e,0.4528301886792453,0.5925925925925926
08b9908d-1e461d7c84f5af2e,71c7ac71-4925edee1db76573,0.45263157894736844,0.4942528735632184
1be078c4-32ca7e015a838482,7ae0cb0d-6f3db1cbc26cea1c,0.45255474452554745,0.47692307692307695
1be078c4-32ca7e015a838482,ee270b2a-4a0d00c96498d123,0.45255474452554745,0.47692307692307695
4548305b-59b7534a6e2eb29c,259c1ea4-fe7cb4000a94c098,0.4520547945205479,0.4852941176470588
1be078c4-32ca7e015a838482,1ea771ea-31982b8d0676dce6,0.4520547945205479,0.5076923076923077
be3b1289-62071cd8d4a4e6d3,505f8562-c13678a91e6cf7c5,0.4519774011299435,0.49382716049382713
11c2ab99-836a13764460b298,5e8d1aaa-328206718fef18b7,0.45161290322580644,0.4827586206896552
ea2fc2bc-3044709d8ffadf97,5e8d1aaa-328206718fef18b7,0.45161290322580644,0.4827586206896552
bdfe8110-ffa623ef7fcc38d6,5e8d1aaa-328206718fef18b7,0.45161290322580644,0.4827586206896552
1be078c4-32ca7e015a838482,a3abac01-756b4f81847c03a8,0.45161290322580644,0.5384615384615384
d77f722c-85273902dd178793,b505f95e-1e7b44155e86a4a4,0.45161290322580644,0.5675675675675675
967b67b0-af35838eb0b75e7d,04df7bb8-fb43ee8f991e01a2,0.45121951219512196,0.578125
80c384e4-af35838eb0b75e7d,04df7bb8-fb43ee8f991e01a2,0.45121951219512196,0.578125
d77f722c-85273902dd178793,8f778337-feb0d359ab443e78,0.45121951219512196,0.5
56a90e79-59d76e891525abc3,0adb1ee5-5c11ad888fca8057,0.45121951219512196,0.5211267605633803
967b67b0-af35838eb0b75e7d,bb0949b3-b5937c6bbc0c4cf2,0.45112781954887216,0.46875
80c384e4-af35838eb0b75e7d,bb0949b3-b5937c6bbc0c4cf2,0.45112781954887216,0.46875
48c5f745-76116075ca0bc0f4,a4e1511a-cebe30b4d1384ef0,0.4507042253521127,0.5
5e8d1aaa-328206718fef18b7,079ad09e-6c66ff5d51abed6f,0.4507042253521127,0.48484848484848486
5e8d1aaa-328206718fef18b7,20012377-d788dc5bfb094ca7,0.4507042253521127,0.48484848484848486
00c0b82a-a23297c71634ae34,be3b1289-62071cd8d4a4e6d3,0.4503311258278146,0.4857142857142857
aaccc000-cd3027809553b409,be3b1289-62071cd8d4a4e6d3,0.4503311258278146,0.4857142857142857
11c2ab99-836a13764460b298,0adb1ee5-5c11ad888fca8057,0.4503311258278146,0.5862068965517241
bdfe8110-ffa623ef7fcc38d6,0adb1ee5-5c11ad888fca8057,0.4503311258278146,0.5862068965517241
df594a00-86207ca113146fd3,71c7ac71-4925edee1db76573,0.450261780104712,0.48863636363636365
fa484fdd-d4c4bc5b8a7183da,b505f95e-1e7b44155e86a4a4,0.44970414201183434,0.6666666666666666
079ad09e-6c66ff5d51abed6f,0adb1ee5-5c11ad888fca8057,0.44970414201183434,0.5
20012377-d788dc5bfb094ca7,0adb1ee5-5c11ad888fca8057,0.44970414201183434,0.5
11c2ab99-836a13764460b298,48993e07-ef4d50df85eb7e96,0.4496124031007752,0.5
bdfe8110-ffa623ef7fcc38d6,48993e07-ef4d50df85eb7e96,0.4496124031007752,0.5
48993e07-ef4d50df85eb7e96,079ad09e-6c66ff5d51abed6f,0.4489795918367347,0.4647887323943662
48993e07-ef4d50df85eb7e96,20012377-d788dc5bfb094ca7,0.4489795918367347,0.4647887323943662
fadc1365-18491264f0f6840e,f28b8cb4-1e050d8f56be3b93,0.4489795918367347,0.6
e6a6e318-9f688e48dd5ac428,f28b8cb4-1e050d8f56be3b93,0.4489795918367347,0.6
bb0949b3-b5937c6bbc0c4cf2,259c1ea4-fe7cb4000a94c098,0.4489795918367347,0.4782608695652174
aaccc000-cd3027809553b409,c220c822-8f151b0df1073ade,0.44871794871794873,0.5
56a90e79-59d76e891525abc3,d12f26f0-817b664803bfb06a,0.4484848484848485,0.5211267605633803
8f6421f3-ee31a7da9e3d7f85,b505f95e-1e7b44155e86a4a4,0.4484848484848485,0.6981132075471698
7ae0cb0d-6f3db1cbc26cea1c,0adb1ee5-5c11ad888fca8057,0.4484848484848485,0.5138888888888888
28c2d81a-e2ec233423815bfa,5e8d1aaa-328206718fef18b7,0.4482758620689655,0.52
1ea771ea-31982b8d0676dce6,0adb1ee5-5c11ad888fca8057,0.4482758620689655,0.48148148148148145
4d25818e-685916003c7f91bc,1be078c4-32ca7e015a838482,0.448,0.4666666666666667
e1a5831a-8002f90b95c9a4f9,1a400c1b-0e9438ab89a10e6d,0.4479166666666667,0.5443037974683544
8639f6c6-72a48601176340a9,ee270b2a-4a0d00c96498d123,0.44755244755244755,0.4507042253521127
8639f6c6-72a48601176340a9,be3b1289-62071cd8d4a4e6d3,0.4473684210526316,0.4788732394366197
079ad09e-6c66ff5d51abed6f,e18ae6a1-56bf552fc9e76a67,0.4473684210526316,0.4473684210526316
20012377-d788dc5bfb094ca7,e18ae6a1-56bf552fc9e76a67,0.4473684210526316,0.4473684210526316
df594a00-86207ca113146fd3,3380fa52-8f91b9d91f6310aa,0.44680851063829785,0.4772727272727273
28c2d81a-e2ec233423815bfa,48993e07-ef4d50df85eb7e96,0.4462809917355372,0.54
0fdc80c5-b9cc17385a6b997a,810cf242-d53df3adf0b7bf56,0.4462809917355372,0.45
3c667d4f-524cd7f06bda5cb0,8639f6c6-72a48601176340a9,0.4461538461538462,0.4915254237288136
48c5f745-76116075ca0bc0f4,5e8d1aaa-328206718fef18b7,0.4461538461538462,0.453125
28c2d81a-e2ec233423815bfa,8c591975-af23e108a219677c,0.4460431654676259,0.62
48993e07-ef4d50df85eb7e96,268eb6c6-42aa9c40dfc146f9,0.44594594594594594,0.4647887323943662
00c0b82a-a23297c71634ae34,a4e1511a-cebe30b4d1384ef0,0.44594594594594594,0.4714285714285714
aaccc000-cd3027809553b409,a4e1511a-cebe30b4d1384ef0,0.44594594594594594,0.4714285714285714
2f8c3bf3-e73d8329c1717cd5,c220c822-8f151b0df1073ade,0.44594594594594594,0.532258064516129
967b67b0-af35838eb0b75e7d,0adb1ee5-5c11ad888fca8057,0.445859872611465,0.546875
80c384e4-af35838eb0b75e7d,0adb1ee5-5c11ad888fca8057,0.445859872611465,0.546875
48c5f745-76116075ca0bc0f4,0adb1ee5-5c11ad888fca8057,0.445859872611465,0.546875
e18ae6a1-56bf552fc9e76a67,fdd85afb-6dd1aa9cefb9a8e4,0.4457831325301205,0.4868421052631579
e18ae6a1-56bf552fc9e76a67,85125ecb-495c620601720f05,0.4457831325301205,0.4868421052631579
3c667d4f-524cd7f06bda5cb0,b505f95e-1e7b44155e86a4a4,0.4444444444444444,0.6440677966101694
48993e07-ef4d50df85eb7e96,5288afb7-d4163ec84d18479e,0.4444444444444444,0.5070422535211268
1be078c4-32ca7e015a838482,0048a372-6eaed78fa1daac8a,0.4444444444444444,0.49230769230769234
b6724dd9-9cb537caa0747bf8,c4d04ce7-9cf8f4a664363ab2,0.4444444444444444,0.45714285714285713
1be078c4-32ca7e015a838482,f870e76b-3ba460b78b587d9b,0.4444444444444444,0.49230769230769234
aaccc000-cd3027809553b409,c0aa6246-5388e8e2352267ce,0.4444444444444444,0.4857142857142857
810cf242-d53df3adf0b7bf56,1be078c4-32ca7e015a838482,0.4444444444444444,0.45901639344262296
28c2d81a-e2ec233423815bfa,d12f26f0-817b664803bfb06a,0.4444444444444444,0.64
4d25818e-685916003c7f91bc,fcbe7917-527b4c7bcd90e160,0.4444444444444444,0.5666666666666667
ec607ca1-616e9cd4d73a5de6,ff3283cf-8274736030d5496c,0.4444444444444444,0.4827586206896552
b9219544-4f0b882ccebbb0e7,967b67b0-af35838eb0b75e7d,0.4444444444444444,0.45161290322580644
b9219544-4f0b882ccebbb0e7,80c384e4-af35838eb0b75e7d,0.4444444444444444,0.45161290322580644
ec607ca1-616e9cd4d73a5de6,8a39dbf5-5c1f52301bb01d53,0.4444444444444444,0.4827586206896552
1ea771ea-31982b8d0676dce6,f5fb1b62-b0f09cee8a09a971,0.44339622641509435,0.5802469135802469
3cbcb1cc-7b7f34abbfcad355,ff3283cf-8274736030d5496c,0.44324324324324327,0.4939759036144578
3cbcb1cc-7b7f34abbfcad355,8a39dbf5-5c1f52301bb01d53,0.44324324324324327,0.4939759036144578
6045e5d1-7b7f34abbfcad355,ff3283cf-8274736030d5496c,0.44324324324324327,0.4939759036144578
6045e5d1-7b7f34abbfcad355,8a39dbf5-5c1f52301bb01d53,0.44324324324324327,0.4939759036144578
079ad09e-6c66ff5d51abed6f,c1fef98f-93ce267168c6c5a3,0.4431818181818182,0.5131578947368421
20012377-d788dc5bfb094ca7,c1fef98f-93ce267168c6c5a3,0.4431818181818182,0.5131578947368421
d77f722c-85273902dd178793,ff3283cf-8274736030d5496c,0.4431818181818182,0.527027027027027
d77f722c-85273902dd178793,8a39dbf5-5c1f52301bb01d53,0.4431818181818182,0.527027027027027
fadc1365-18491264f0f6840e,b505f95e-1e7b44155e86a4a4,0.4431137724550898,0.6727272727272727
e6a6e318-9f688e48dd5ac428,b505f95e-1e7b44155e86a4a4,0.4431137724550898,0.6727272727272727
48993e07-ef4d50df85eb7e96,ec607ca1-616e9cd4d73a5de6,0.4430379746835443,0.49295774647887325
268eb6c6-42aa9c40dfc146f9,be3b1289-62071cd8d4a4e6d3,0.4430379746835443,0.45454545454545453
810cf242-d53df3adf0b7bf56,96cd6ee9-b4b6f058bca794bd,0.4430379746835443,0.5737704918032787
268eb6c6-42aa9c40dfc146f9,1ea771ea-31982b8d0676dce6,0.4430379746835443,0.45454545454545453
7ae0cb0d-6f3db1cbc26cea1c,c220c822-8f151b0df1073ade,0.4430379746835443,0.4861111111111111
3c667d4f-524cd7f06bda5cb0,fdd85afb-6dd1aa9cefb9a8e4,0.4429530201342282,0.559322033898305
810cf242-d53df3adf0b7bf56,df594a00-86207ca113146fd3,0.4429530201342282,0.5409836065573771
c57a973e-8bec26d0d270b7e2,d77f722c-85273902dd178793,0.44285714285714284,0.4696969696969697
4d25818e-685916003c7f91bc,8639f6c6-72a48601176340a9,0.44274809160305345,0.48333333333333334
ec607ca1-616e9cd4d73a5de6,71c7ac71-4925edee1db76573,0.4421052631578947,0.4827586206896552
df594a00-86207ca113146fd3,67241a76-381872dc8a0168c2,0.4419889502762431,0.45454545454545453
ec607ca1-616e9cd4d73a5de6,d12f26f0-817b664803bfb06a,0.4419889502762431,0.45977011494252873
e1a5831a-8002f90b95c9a4f9,fcbe7917-527b4c7bcd90e160,0.4418604651162791,0.4810126582278481
1ea771ea-31982b8d0676dce6,a8e2cefc-6654f525bbc3acc5,0.4418604651162791,0.4691358024691358
967b67b0-af35838eb0b75e7d,a3abac01-756b4f81847c03a8,0.44155844155844154,0.53125
80c384e4-af35838eb0b75e7d,a3abac01-756b4f81847c03a8,0.44155844155844154,0.53125
4f7af821-1edc6f9d9d4cfda9,079ad09e-6c66ff5d51abed6f,0.4411764705882353,0.5
4f7af821-1edc6f9d9d4cfda9,20012377-d788dc5bfb094ca7,0.4411764705882353,0.5
fa484fdd-d4c4bc5b8a7183da,00c0b82a-a23297c71634ae34,0.4409448818897638,0.49122807017543857
a7894e0b-4e44f93da3e1e8f0,bb0949b3-b5937c6bbc0c4cf2,0.4409448818897638,0.4827586206896552
c220c822-8f151b0df1073ade,04df7bb8-fb43ee8f991e01a2,0.44086021505376344,0.47674418604651164
48993e07-ef4d50df85eb7e96,96cd6ee9-b4b6f058bca794bd,0.44047619047619047,0.5211267605633803
2b2d3b84-8002a3802a32a0bb,fdd85afb-6dd1aa9cefb9a8e4,0.44047619047619047,0.47435897435897434
0b5cff5a-cbc0ded58ec456a2,fcbe7917-527b4c7bcd90e160,0.44025157232704404,0.5303030303030303
b9219544-4f0b882ccebbb0e7,df594a00-86207ca113146fd3,0.44,0.532258064516129
2f8c3bf3-e73d8329c1717cd5,9fd33d5a-af26105191efe7e0,0.4397163120567376,0.5
71c7ac71-4925edee1db76573,10bbe9de-2f884914858d5d43,0.4396551724137931,0.49514563106796117
df594a00-86207ca113146fd3,d12f26f0-817b664803bfb06a,0.43956043956043955,0.45454545454545453
4fb09c5f-8831ec2acac02462,fc80cbe0-ea5e5e8bb4665a02,0.43946188340807174,0.4537037037037037
1ea771ea-31982b8d0676dce6,f28b8cb4-1e050d8f56be3b93,0.4393063583815029,0.4691358024691358
48993e07-ef4d50df85eb7e96,67241a76-381872dc8a0168c2,0.43902439024390244,0.5070422535211268
fa484fdd-d4c4bc5b8a7183da,0b5cff5a-cbc0ded58ec456a2,0.43902439024390244,0.47368421052631576
810cf242-d53df3adf0b7bf56,b9219544-4f0b882ccebbb0e7,0.43902439024390244,0.4426229508196721
d77f722c-85273902dd178793,be3b1289-62071cd8d4a4e6d3,0.43870967741935485,0.4594594594594595
810cf242-d53df3adf0b7bf56,d12f26f0-817b664803bfb06a,0.43870967741935485,0.5573770491803278
08b9908d-1e461d7c84f5af2e,04df7bb8-fb43ee8f991e01a2,0.4385026737967914,0.47126436781609193
28c2d81a-e2ec233423815bfa,08b9908d-1e461d7c84f5af2e,0.43795620437956206,0.6
28c2d81a-e2ec233423815bfa,a4e1511a-cebe30b4d1384ef0,0.4375,0.56
a7894e0b-4e44f93da3e1e8f0,b6724dd9-9cb537caa0747bf8,0.4375,0.4827586206896552
9fd33d5a-af26105191efe7e0,1ea771ea-31982b8d0676dce6,0.4375,0.4430379746835443
fa484fdd-d4c4bc5b8a7183da,56a90e79-59d76e891525abc3,0.4375,0.49122807017543857
8f778337-feb0d359ab443e78,ff3283cf-8274736030d5496c,0.4375,0.4666666666666667
8f778337-feb0d359ab443e78,8a39dbf5-5c1f52301bb01d53,0.4375,0.4666666666666667
810cf242-d53df3adf0b7bf56,fdd85afb-6dd1aa9cefb9a8e4,0.4370860927152318,0.5409836065573771
2b2d3b84-8002a3802a32a0bb,505f8562-c13678a91e6cf7c5,0.4367816091954023,0.48717948717948717
2f8c3bf3-e73d8329c1717cd5,b505f95e-1e7b44155e86a4a4,0.4367816091954023,0.6129032258064516
8f6421f3-ee31a7da9e3d7f85,8c591975-af23e108a219677c,0.43661971830985913,0.5849056603773585
0b5cff5a-cbc0ded58ec456a2,e18ae6a1-56bf552fc9e76a67,0.43661971830985913,0.4696969696969697
56a90e79-59d76e891525abc3,8639f6c6-72a48601176340a9,0.43661971830985913,0.43661971830985913
3cf63146-ed96a88172a99b64,505f8562-c13678a91e6cf7c5,0.43636363636363634,0.5217391304347826
2b2d3b84-8002a3802a32a0bb,08b9908d-1e461d7c84f5af2e,0.43636363636363634,0.46153846153846156
1be078c4-32ca7e015a838482,c1fef98f-93ce267168c6c5a3,0.43636363636363634,0.5538461538461539
b9219544-4f0b882ccebbb0e7,71c7ac71-4925edee1db76573,0.43636363636363634,0.5806451612903226
71c7ac71-4925edee1db76573,f5fb1b62-b0f09cee8a09a971,0.4358974358974359,0.49514563106796117
079ad09e-6c66ff5d51abed6f,71c7ac71-4925edee1db76573,0.43575418994413406,0.5131578947368421
20012377-d788dc5bfb094ca7,71c7ac71-4925edee1db76573,0.43575418994413406,0.5131578947368421
8f6421f3-ee31a7da9e3d7f85,48993e07-ef4d50df85eb7e96,0.43548387096774194,0.5094339622641509
8f6421f3-ee31a7da9e3d7f85,8639f6c6-72a48601176340a9,0.43548387096774194,0.5094339622641509
4d25818e-685916003c7f91bc,ec607ca1-616e9cd4d73a5de6,0.43537414965986393,0.5333333333333333
11c2ab99-836a13764460b298,b505f95e-1e7b44155e86a4a4,0.43529411764705883,0.6379310344827587
bdfe8110-ffa623ef7fcc38d6,b505f95e-1e7b44155e86a4a4,0.43529411764705883,0.6379310344827587
85125ecb-495c620601720f05,71c7ac71-4925edee1db76573,0.43523316062176165,0.4666666666666667
0adb1ee5-5c11ad888fca8057,3380fa52-8f91b9d91f6310aa,0.43523316062176165,0.45161290322580644
2f8c3bf3-e73d8329c1717cd5,079ad09e-6c66ff5d51abed6f,0.43478260869565216,0.4838709677419355
2f8c3bf3-e73d8329c1717cd5,20012377-d788dc5bfb094ca7,0.43478260869565216,0.4838709677419355
259c1ea4-fe7cb4000a94c098,96cd6ee9-b4b6f058bca794bd,0.4342857142857143,0.48717948717948717
f870e76b-3ba460b78b587d9b,505f8562-c13678a91e6cf7c5,0.4342857142857143,0.4810126582278481
fadc1365-18491264f0f6840e,96cd6ee9-b4b6f058bca794bd,0.4342105263157895,0.6
e6a6e318-9f688e48dd5ac428,96cd6ee9-b4b6f058bca794bd,0.4342105263157895,0.6
0fdc80c5-b9cc17385a6b997a,f28b8cb4-1e050d8f56be3b93,0.4342105263157895,0.55
8c591975-af23e108a219677c,04df7bb8-fb43ee8f991e01a2,0.43386243386243384,0.4606741573033708
c220c822-8f151b0df1073ade,71c7ac71-4925edee1db76573,0.43386243386243384,0.47674418604651164
e1a5831a-8002f90b95c9a4f9,ec607ca1-616e9cd4d73a5de6,0.43373493975903615,0.45569620253164556
00c0b82a-a23297c71634ae34,505f8562-c13678a91e6cf7c5,0.43373493975903615,0.5142857142857142
c57a973e-8bec26d0d270b7e2,c1fef98f-93ce267168c6c5a3,0.43373493975903615,0.5454545454545454
fadc1365-18491264f0f6840e,df594a00-86207ca113146fd3,0.43356643356643354,0.5636363636363636
e6a6e318-9f688e48dd5ac428,df594a00-86207ca113146fd3,0.43356643356643354,0.5636363636363636
3cf63146-ed96a88172a99b64,c4d04ce7-9cf8f4a664363ab2,0.43356643356643354,0.4492753623188406
04df7bb8-fb43ee8f991e01a2,71c7ac71-4925edee1db76573,0.43349753694581283,0.44
8c591975-af23e108a219677c,a8e2cefc-6654f525bbc3acc5,0.43333333333333335,0.43820224719101125
fa484fdd-d4c4bc5b8a7183da,c1fef98f-93ce267168c6c5a3,0.43312101910828027,0.5964912280701754
967b67b0-af35838eb0b75e7d,aaccc000-cd3027809553b409,0.43283582089552236,0.453125
80c384e4-af35838eb0b75e7d,aaccc000-cd3027809553b409,0.43283582089552236,0.453125
4548305b-59b7534a6e2eb29c,71c7ac71-4925edee1db76573,0.4327485380116959,0.5441176470588235
1ea771ea-31982b8d0676dce6,a3abac01-756b4f81847c03a8,0.4327485380116959,0.4567901234567901
f339ef6f-605077274c5e20e4,10bbe9de-2f884914858d5d43,0.43243243243243246,0.5161290322580645
3cf63146-ed96a88172a99b64,e1a5831a-8002f90b95c9a4f9,0.43243243243243246,0.463768115942029
810cf242-d53df3adf0b7bf56,08b9908d-1e461d7c84f5af2e,0.43243243243243246,0.5245901639344263
a7894e0b-4e44f93da3e1e8f0,85125ecb-495c620601720f05,0.43243243243243246,0.5517241379310345
e1a5831a-8002f90b95c9a4f9,c0aa6246-5388e8e2352267ce,0.43209876543209874,0.4430379746835443
9fd33d5a-af26105191efe7e0,c0aa6246-5388e8e2352267ce,0.43209876543209874,0.4430379746835443
8f6421f3-ee31a7da9e3d7f85,7ae0cb0d-6f3db1cbc26cea1c,0.432,0.5094339622641509
ec607ca1-616e9cd4d73a5de6,8c591975-af23e108a219677c,0.4318181818181818,0.4367816091954023
4f7af821-1edc6f9d9d4cfda9,f870e76b-3ba460b78b587d9b,0.4316546762589928,0.5
fcbe7917-527b4c7bcd90e160,96cd6ee9-b4b6f058bca794bd,0.43157894736842106,0.44086021505376344
85125ecb-495c620601720f05,3380fa52-8f91b9d91f6310aa,0.43157894736842106,0.45555555555555555
2b2d3b84-8002a3802a32a0bb,b505f95e-1e7b44155e86a4a4,0.43157894736842106,0.5256410256410257
1ea771ea-31982b8d0676dce6,c220c822-8f151b0df1073ade,0.4311377245508982,0.4444444444444444
8c591975-af23e108a219677c,f28b8cb4-1e050d8f56be3b93,0.430939226519337,0.43820224719101125
3c667d4f-524cd7f06bda5cb0,48993e07-ef4d50df85eb7e96,0.4307692307692308,0.4745762711864407
a7894e0b-4e44f93da3e1e8f0,ee270b2a-4a0d00c96498d123,0.4307692307692308,0.4827586206896552
ea2fc2bc-3044709d8ffadf97,c220c822-8f151b0df1073ade,0.4305555555555556,0.5344827586206896
810cf242-d53df3adf0b7bf56,c0aa6246-5388e8e2352267ce,0.4305555555555556,0.5081967213114754
f870e76b-3ba460b78b587d9b,0adb1ee5-5c11ad888fca8057,0.43023255813953487,0.46835443037974683
3cf63146-ed96a88172a99b64,71c7ac71-4925edee1db76573,0.43023255813953487,0.5362318840579711
67241a76-381872dc8a0168c2,fcbe7917-527b4c7bcd90e160,0.43010752688172044,0.43010752688172044
2b2d3b84-8002a3802a32a0bb,4fb09c5f-8831ec2acac02462,0.43010752688172044,0.5128205128205128
96cd6ee9-b4b6f058bca794bd,ed37ba7d-26b084b47630173e,0.4298245614035088,0.5051546391752577
48c5f745-76116075ca0bc0f4,8639f6c6-72a48601176340a9,0.42962962962962964,0.453125
00c0b82a-a23297c71634ae34,0adb1ee5-5c11ad888fca8057,0.4294478527607362,0.5
aaccc000-cd3027809553b409,fcbe7917-527b4c7bcd90e160,0.4294478527607362,0.5
08b9908d-1e461d7c84f5af2e,85125ecb-495c620601720f05,0.4293785310734463,0.4367816091954023
1be078c4-32ca7e015a838482,b505f95e-1e7b44155e86a4a4,0.4293785310734463,0.5846153846153846
2b2d3b84-8002a3802a32a0bb,953ac418-15324feaea2d4e8e,0.4293785310734463,0.48717948717948717
a8e2cefc-6654f525bbc3acc5,04df7bb8-fb43ee8f991e01a2,0.4293193717277487,0.45054945054945056
0048a372-6eaed78fa1daac8a,8c591975-af23e108a219677c,0.42857142857142855,0.45569620253164556
505f8562-c13678a91e6cf7c5,04df7bb8-fb43ee8f991e01a2,0.42857142857142855,0.4375
810cf242-d53df3adf0b7bf56,9fd33d5a-af26105191efe7e0,0.42857142857142855,0.4918032786885246
28c2d81a-e2ec233423815bfa,fdd85afb-6dd1aa9cefb9a8e4,0.42857142857142855,0.6
4d25818e-685916003c7f91bc,0b5cff5a-cbc0ded58ec456a2,0.42857142857142855,0.45
b9219544-4f0b882ccebbb0e7,259c1ea4-fe7cb4000a94c098,0.42857142857142855,0.4838709677419355
505f8562-c13678a91e6cf7c5,3380fa52-8f91b9d91f6310aa,0.42857142857142855,0.4375
85125ecb-495c620601720f05,96cd6ee9-b4b6f058bca794bd,0.42780748663101603,0.4444444444444444
0adb1ee5-5c11ad888fca8057,d12f26f0-817b664803bfb06a,0.42780748663101603,0.43010752688172044
e1a5831a-8002f90b95c9a4f9,d12f26f0-817b664803bfb06a,0.4277456647398844,0.46835443037974683
3c667d4f-524cd7f06bda5cb0,3380fa52-8f91b9d91f6310aa,0.4276729559748428,0.576271186440678
967b67b0-af35838eb0b75e7d,be3b1289-62071cd8d4a4e6d3,0.42758620689655175,0.484375
80c384e4-af35838eb0b75e7d,be3b1289-62071cd8d4a4e6d3,0.42758620689655175,0.484375
3c667d4f-524cd7f06bda5cb0,7ae0cb0d-6f3db1cbc26cea1c,0.42748091603053434,0.4745762711864407
fa484fdd-d4c4bc5b8a7183da,d77f722c-85273902dd178793,0.42748091603053434,0.49122807017543857
be3b1289-62071cd8d4a4e6d3,96cd6ee9-b4b6f058bca794bd,0.42696629213483145,0.4691358024691358
259c1ea4-fe7cb4000a94c098,c1fef98f-93ce267168c6c5a3,0.42696629213483145,0.48717948717948717
48993e07-ef4d50df85eb7e96,0adb1ee5-5c11ad888fca8057,0.4268292682926829,0.49295774647887325
28c2d81a-e2ec233423815bfa,c1fef98f-93ce267168c6c5a3,0.4266666666666667,0.64
c4d04ce7-9cf8f4a664363ab2,079ad09e-6c66ff5d51abed6f,0.4266666666666667,0.43243243243243246
c4d04ce7-9cf8f4a664363ab2,20012377-d788dc5bfb094ca7,0.4266666666666667,0.43243243243243246
259c1ea4-fe7cb4000a94c098,e7024f3e-4076641a4a18b6d7,0.4265402843601896,0.5769230769230769
fa484fdd-d4c4bc5b8a7183da,e1a5831a-8002f90b95c9a4f9,0.4264705882352941,0.5087719298245614
8f6421f3-ee31a7da9e3d7f85,3cbcb1cc-7b7f34abbfcad355,0.4264705882352941,0.5471698113207547
1be078c4-32ca7e015a838482,8639f6c6-72a48601176340a9,0.4264705882352941,0.4461538461538462
8f6421f3-ee31a7da9e3d7f85,6045e5d1-7b7f34abbfcad355,0.4264705882352941,0.5471698113207547
2f8c3bf3-e73d8329c1717cd5,c4d04ce7-9cf8f4a664363ab2,0.4264705882352941,0.46774193548387094
e1a5831a-8002f90b95c9a4f9,a3abac01-756b4f81847c03a8,0.4260355029585799,0.45569620253164556
f870e76b-3ba460b78b587d9b,a3abac01-756b4f81847c03a8,0.4260355029585799,0.45569620253164556
e18ae6a1-56bf552fc9e76a67,0adb1ee5-5c11ad888fca8057,0.4260355029585799,0.47368421052631576
11c2ab99-836a13764460b298,96cd6ee9-b4b6f058bca794bd,0.4258064516129032,0.5689655172413793
bdfe8110-ffa623ef7fcc38d6,96cd6ee9-b4b6f058bca794bd,0.4258064516129032,0.5689655172413793
2f8c3bf3-e73d8329c1717cd5,fcbe7917-527b4c7bcd90e160,0.4258064516129032,0.532258064516129
8f6421f3-ee31a7da9e3d7f85,ff3283cf-8274736030d5496c,0.4258064516129032,0.6226415094339622
8f6421f3-ee31a7da9e3d7f85,8a39dbf5-5c1f52301bb01d53,0.4258064516129032,0.6226415094339622
85125ecb-495c620601720f05,b505f95e-1e7b44155e86a4a4,0.42574257425742573,0.4777777777777778
953ac418-15324feaea2d4e8e,4fb09c5f-8831ec2acac02462,0.4251207729468599,0.4444444444444444
7ae0cb0d-6f3db1cbc26cea1c,df594a00-86207ca113146fd3,0.425,0.4722222222222222
e1a5831a-8002f90b95c9a4f9,be3b1289-62071cd8d4a4e6d3,0.425,0.43037974683544306
4f7af821-1edc6f9d9d4cfda9,c1fef98f-93ce267168c6c5a3,0.425,0.5666666666666667
d77f722c-85273902dd178793,c220c822-8f151b0df1073ade,0.425,0.4594594594594595
8f778337-feb0d359ab443e78,71c7ac71-4925edee1db76573,0.42487046632124353,0.45555555555555555
11c2ab99-836a13764460b298,df594a00-86207ca113146fd3,0.4246575342465753,0.5344827586206896
bdfe8110-ffa623ef7fcc38d6,df594a00-86207ca113146fd3,0.4246575342465753,0.5344827586206896
aaccc000-cd3027809553b409,079ad09e-6c66ff5d51abed6f,0.4246575342465753,0.44285714285714284
aaccc000-cd3027809553b409,20012377-d788dc5bfb094ca7,0.4246575342465753,0.44285714285714284
7ae0cb0d-6f3db1cbc26cea1c,d77f722c-85273902dd178793,0.4246575342465753,0.4305555555555556
7ae0cb0d-6f3db1cbc26cea1c,f339ef6f-605077274c5e20e4,0.42424242424242425,0.4861111111111111
4d25818e-685916003c7f91bc,7ae0cb0d-6f3db1cbc26cea1c,0.42424242424242425,0.4666666666666667
ea2fc2bc-3044709d8ffadf97,c4d04ce7-9cf8f4a664363ab2,0.42424242424242425,0.4827586206896552
079ad09e-6c66ff5d51abed6f,8c591975-af23e108a219677c,0.42424242424242425,0.4605263157894737
20012377-d788dc5bfb094ca7,8c591975-af23e108a219677c,0.42424242424242425,0.4605263157894737
08b9908d-1e461d7c84f5af2e,96cd6ee9-b4b6f058bca794bd,0.42391304347826086,0.4482758620689655
ec607ca1-616e9cd4d73a5de6,96cd6ee9-b4b6f058bca794bd,0.42391304347826086,0.4482758620689655
a3abac01-756b4f81847c03a8,1a400c1b-0e9438ab89a10e6d,0.4236453201970443,0.4777777777777778
0fdc80c5-b9cc17385a6b997a,268eb6c6-42aa9c40dfc146f9,0.4233576642335766,0.48333333333333334
be3b1289-62071cd8d4a4e6d3,1a400c1b-0e9438ab89a10e6d,0.422680412371134,0.5061728395061729
4548305b-59b7534a6e2eb29c,c4d04ce7-9cf8f4a664363ab2,0.4225352112676056,0.4411764705882353
48993e07-ef4d50df85eb7e96,85125ecb-495c620601720f05,0.422360248447205,0.4788732394366197
56a90e79-59d76e891525abc3,a3abac01-756b4f81847c03a8,0.422360248447205,0.4788732394366197
11c2ab99-836a13764460b298,8c591975-af23e108a219677c,0.4217687074829932,0.5344827586206896
8639f6c6-72a48601176340a9,079ad09e-6c66ff5d51abed6f,0.4217687074829932,0.43661971830985913
8639f6c6-72a48601176340a9,20012377-d788dc5bfb094ca7,0.4217687074829932,0.43661971830985913
bdfe8110-ffa623ef7fcc38d6,8c591975-af23e108a219677c,0.4217687074829932,0.5344827586206896
079ad09e-6c66ff5d51abed6f,8f778337-feb0d359ab443e78,0.42168674698795183,0.4605263157894737
20012377-d788dc5bfb094ca7,8f778337-feb0d359ab443e78,0.42168674698795183,0.4605263157894737
f28b8cb4-1e050d8f56be3b93,b505f95e-1e7b44155e86a4a4,0.4215686274509804,0.4673913043478261
48993e07-ef4d50df85eb7e96,c1fef98f-93ce267168c6c5a3,0.42105263157894735,0.5070422535211268
df594a00-86207ca113146fd3,ff3283cf-8274736030d5496c,0.42105263157894735,0.45454545454545453
df594a00-86207ca113146fd3,8a39dbf5-5c1f52301bb01d53,0.42105263157894735,0.45454545454545453
967b67b0-af35838eb0b75e7d,3cf63146-ed96a88172a99b64,0.42105263157894735,0.4375
80c384e4-af35838eb0b75e7d,3cf63146-ed96a88172a99b64,0.42105263157894735,0.4375
ea2fc2bc-3044709d8ffadf97,d12f26f0-817b664803bfb06a,0.42105263157894735,0.5517241379310345
fa484fdd-d4c4bc5b8a7183da,e18ae6a1-56bf552fc9e76a67,0.42105263157894735,0.49122807017543857
b9219544-4f0b882ccebbb0e7,8f778337-feb0d359ab443e78,0.42105263157894735,0.5161290322580645
a3abac01-756b4f81847c03a8,c1fef98f-93ce267168c6c5a3,0.42105263157894735,0.4444444444444444
a3abac01-756b4f81847c03a8,3380fa52-8f91b9d91f6310aa,0.42105263157894735,0.4444444444444444
b9219544-4f0b882ccebbb0e7,85125ecb-495c620601720f05,0.42105263157894735,0.5161290322580645
28c2d81a-e2ec233423815bfa,967b67b0-af35838eb0b75e7d,0.42105263157894735,0.48
28c2d81a-e2ec233423815bfa,80c384e4-af35838eb0b75e7d,0.42105263157894735,0.48
810cf242-d53df3adf0b7bf56,7ae0cb0d-6f3db1cbc26cea1c,0.42105263157894735,0.45901639344262296
0b5cff5a-cbc0ded58ec456a2,c220c822-8f151b0df1073ade,0.42105263157894735,0.48484848484848486
08b9908d-1e461d7c84f5af2e,4fb09c5f-8831ec2acac02462,0.4205128205128205,0.47126436781609193
259c1ea4-fe7cb4000a94c098,e1a5831a-8002f90b95c9a4f9,0.42038216560509556,0.4230769230769231
fadc1365-18491264f0f6840e,3cbcb1cc-7b7f34abbfcad355,0.42028985507246375,0.5272727272727272
e6a6e318-9f688e48dd5ac428,3cbcb1cc-7b7f34abbfcad355,0.42028985507246375,0.5272727272727272
967b67b0-af35838eb0b75e7d,d77f722c-85273902dd178793,0.42028985507246375,0.453125
80c384e4-af35838eb0b75e7d,d77f722c-85273902dd178793,0.42028985507246375,0.453125
48c5f745-76116075ca0bc0f4,c4d04ce7-9cf8f4a664363ab2,0.42028985507246375,0.453125
fadc1365-18491264f0f6840e,6045e5d1-7b7f34abbfcad355,0.42028985507246375,0.5272727272727272
e6a6e318-9f688e48dd5ac428,6045e5d1-7b7f34abbfcad355,0.42028985507246375,0.5272727272727272
4d25818e-685916003c7f91bc,ff3283cf-8274736030d5496c,0.41975308641975306,0.5666666666666667
4d25818e-685916003c7f91bc,8a39dbf5-5c1f52301bb01d53,0.41975308641975306,0.5666666666666667
b9219544-4f0b882ccebbb0e7,c1fef98f-93ce267168c6c5a3,0.41975308641975306,0.5483870967741935
b9219544-4f0b882ccebbb0e7,1ea771ea-31982b8d0676dce6,0.4195804195804196,0.4838709677419355
28c2d81a-e2ec233423815bfa,c4d04ce7-9cf8f4a664363ab2,0.41935483870967744,0.52
48c5f745-76116075ca0bc0f4,71c7ac71-4925edee1db76573,0.41916167664670656,0.546875
3cf63146-ed96a88172a99b64,9fd33d5a-af26105191efe7e0,0.4189189189189189,0.4492753623188406
bb0949b3-b5937c6bbc0c4cf2,9fd33d5a-af26105191efe7e0,0.4189189189189189,0.4492753623188406
ea2fc2bc-3044709d8ffadf97,fdd85afb-6dd1aa9cefb9a8e4,0.4189189189189189,0.5344827586206896
7ae0cb0d-6f3db1cbc26cea1c,079ad09e-6c66ff5d51abed6f,0.4189189189189189,0.4305555555555556
7ae0cb0d-6f3db1cbc26cea1c,20012377-d788dc5bfb094ca7,0.4189189189189189,0.4305555555555556
810cf242-d53df3adf0b7bf56,ec607ca1-616e9cd4d73a5de6,0.4189189189189189,0.5081967213114754
00c0b82a-a23297c71634ae34,ff3283cf-8274736030d5496c,0.4186046511627907,0.5142857142857142
00c0b82a-a23297c71634ae34,8a39dbf5-5c1f52301bb01d53,0.4186046511627907,0.5142857142857142
fa484fdd-d4c4bc5b8a7183da,ee270b2a-4a0d00c96498d123,0.4186046511627907,0.47368421052631576
4d25818e-685916003c7f91bc,b505f95e-1e7b44155e86a4a4,0.4186046511627907,0.6
4f7af821-1edc6f9d9d4cfda9,b505f95e-1e7b44155e86a4a4,0.4186046511627907,0.6
fcbe7917-527b4c7bcd90e160,71c7ac71-4925edee1db76573,0.41836734693877553,0.44086021505376344
b6724dd9-9cb537caa0747bf8,3cbcb1cc-7b7f34abbfcad355,0.41830065359477125,0.45714285714285713
b6724dd9-9cb537caa0747bf8,6045e5d1-7b7f34abbfcad355,0.41830065359477125,0.45714285714285713
5e8d1aaa-328206718fef18b7,ec607ca1-616e9cd4d73a5de6,0.41830065359477125,0.48484848484848486
0fdc80c5-b9cc17385a6b997a,fcbe7917-527b4c7bcd90e160,0.41830065359477125,0.5333333333333333
28c2d81a-e2ec233423815bfa,71c7ac71-4925edee1db76573,0.41830065359477125,0.64
c220c822-8f151b0df1073ade,a8e2cefc-6654f525bbc3acc5,0.4180790960451977,0.43023255813953487
ec607ca1-616e9cd4d73a5de6,fdd85afb-6dd1aa9cefb9a8e4,0.4180790960451977,0.42528735632183906
fadc1365-18491264f0f6840e,0048a372-6eaed78fa1daac8a,0.417910447761194,0.509090909090909
e6a6e318-9f688e48dd5ac428,0048a372-6eaed78fa1daac8a,0.417910447761194,0.509090909090909
b9219544-4f0b882ccebbb0e7,ee270b2a-4a0d00c96498d123,0.417910447761194,0.45161290322580644
48993e07-ef4d50df85eb7e96,08b9908d-1e461d7c84f5af2e,0.4177215189873418,0.4647887323943662
b9219544-4f0b882ccebbb0e7,268eb6c6-42aa9c40dfc146f9,0.4172661870503597,0.46774193548387094
56a90e79-59d76e891525abc3,f28b8cb4-1e050d8f56be3b93,0.4171779141104294,0.4788732394366197
4d25818e-685916003c7f91bc,71c7ac71-4925edee1db76573,0.4171779141104294,0.5666666666666667
5e8d1aaa-328206718fef18b7,ff3283cf-8274736030d5496c,0.4166666666666667,0.5303030303030303
5e8d1aaa-328206718fef18b7,8a39dbf5-5c1f52301bb01d53,0.4166666666666667,0.5303030303030303
67241a76-381872dc8a0168c2,953ac418-15324feaea2d4e8e,0.4166666666666667,0.43010752688172044
9fd33d5a-af26105191efe7e0,d12f26f0-817b664803bfb06a,0.4161849710982659,0.45569620253164556
d77f722c-85273902dd178793,953ac418-15324feaea2d4e8e,0.4161849710982659,0.4864864864864865
56a90e79-59d76e891525abc3,ff3283cf-8274736030d5496c,0.4161849710982659,0.5070422535211268
56a90e79-59d76e891525abc3,8a39dbf5-5c1f52301bb01d53,0.4161849710982659,0.5070422535211268
3c667d4f-524cd7f06bda5cb0,a3abac01-756b4f81847c03a8,0.4161073825503356,0.5254237288135594
0b5cff5a-cbc0ded58ec456a2,b505f95e-1e7b44155e86a4a4,0.4157303370786517,0.5606060606060606
04df7bb8-fb43ee8f991e01a2,ed37ba7d-26b084b47630173e,0.4155844155844156,0.48
e18ae6a1-56bf552fc9e76a67,259c1ea4-fe7cb4000a94c098,0.4155844155844156,0.42105263157894735
71c7ac71-4925edee1db76573,e7024f3e-4076641a4a18b6d7,0.4152542372881356,0.47572815533980584
3c667d4f-524cd7f06bda5cb0,c1fef98f-93ce267168c6c5a3,0.41509433962264153,0.559322033898305
e18ae6a1-56bf552fc9e76a67,3cbcb1cc-7b7f34abbfcad355,0.41509433962264153,0.4342105263157895
5e8d1aaa-328206718fef18b7,0adb1ee5-5c11ad888fca8057,0.41509433962264153,0.5
04df7bb8-fb43ee8f991e01a2,b505f95e-1e7b44155e86a4a4,0.41509433962264153,0.44
bb0949b3-b5937c6bbc0c4cf2,a3abac01-756b4f81847c03a8,0.41509433962264153,0.4782608695652174
e18ae6a1-56bf552fc9e76a67,6045e5d1-7b7f34abbfcad355,0.41509433962264153,0.4342105263157895
c57a973e-8bec26d0d270b7e2,67241a76-381872dc8a0168c2,0.41509433962264153,0.5
0b5cff5a-cbc0ded58ec456a2,0adb1ee5-5c11ad888fca8057,0.41509433962264153,0.5
079ad09e-6c66ff5d51abed6f,b505f95e-1e7b44155e86a4a4,0.4148936170212766,0.5131578947368421
20012377-d788dc5bfb094ca7,b505f95e-1e7b44155e86a4a4,0.4148936170212766,0.5131578947368421
810cf242-d53df3adf0b7bf56,d77f722c-85273902dd178793,0.4148148148148148,0.45901639344262296
d77f722c-85273902dd178793,85125ecb-495c620601720f05,0.4146341463414634,0.4594594594594595
b9219544-4f0b882ccebbb0e7,ff3283cf-8274736030d5496c,0.4146341463414634,0.5483870967741935
48c5f745-76116075ca0bc0f4,3380fa52-8f91b9d91f6310aa,0.4146341463414634,0.53125
b9219544-4f0b882ccebbb0e7,8a39dbf5-5c1f52301bb01d53,0.4146341463414634,0.5483870967741935
0adb1ee5-5c11ad888fca8057,10bbe9de-2f884914858d5d43,0.4144144144144144,0.4946236559139785
810cf242-d53df3adf0b7bf56,f870e76b-3ba460b78b587d9b,0.4142857142857143,0.47540983606557374
967b67b0-af35838eb0b75e7d,079ad09e-6c66ff5d51abed6f,0.4142857142857143,0.453125
967b67b0-af35838eb0b75e7d,20012377-d788dc5bfb094ca7,0.4142857142857143,0.453125
80c384e4-af35838eb0b75e7d,079ad09e-6c66ff5d51abed6f,0.4142857142857143,0.453125
80c384e4-af35838eb0b75e7d,20012377-d788dc5bfb094ca7,0.4142857142857143,0.453125
3cbcb1cc-7b7f34abbfcad355,c220c822-8f151b0df1073ade,0.41420118343195267,0.42168674698795183
bb0949b3-b5937c6bbc0c4cf2,c1fef98f-93ce267168c6c5a3,0.41420118343195267,0.5072463768115942
6045e5d1-7b7f34abbfcad355,c220c822-8f151b0df1073ade,0.41420118343195267,0.42168674698795183
0b5cff5a-cbc0ded58ec456a2,e1a5831a-8002f90b95c9a4f9,0.41379310344827586,0.45454545454545453
c1fef98f-93ce267168c6c5a3,71c7ac71-4925edee1db76573,0.41379310344827586,0.42
df594a00-86207ca113146fd3,5288afb7-d4163ec84d18479e,0.4134078212290503,0.42045454545454547
f870e76b-3ba460b78b587d9b,3380fa52-8f91b9d91f6310aa,0.4134078212290503,0.46835443037974683
9fd33d5a-af26105191efe7e0,04df7bb8-fb43ee8f991e01a2,0.4134078212290503,0.46835443037974683
56a90e79-59d76e891525abc3,4fb09c5f-8831ec2acac02462,0.4134078212290503,0.5211267605633803
48993e07-ef4d50df85eb7e96,f870e76b-3ba460b78b587d9b,0.41333333333333333,0.43661971830985913
ee270b2a-4a0d00c96498d123,259c1ea4-fe7cb4000a94c098,0.41333333333333333,0.4305555555555556
967b67b0-af35838eb0b75e7d,c220c822-8f151b0df1073ade,0.41333333333333333,0.484375
80c384e4-af35838eb0b75e7d,c220c822-8f151b0df1073ade,0.41333333333333333,0.484375
ee270b2a-4a0d00c96498d123,b505f95e-1e7b44155e86a4a4,0.41304347826086957,0.5277777777777778
1be078c4-32ca7e015a838482,fdd85afb-6dd1aa9cefb9a8e4,0.4129032258064516,0.49230769230769234
0fdc80c5-b9cc17385a6b997a,5e8d1aaa-328206718fef18b7,0.4126984126984127,0.43333333333333335
0048a372-6eaed78fa1daac8a,be3b1289-62071cd8d4a4e6d3,0.4125,0.4177215189873418
00c0b82a-a23297c71634ae34,85125ecb-495c620601720f05,0.4125,0.4714285714285714
4f7af821-1edc6f9d9d4cfda9,3380fa52-8f91b9d91f6310aa,0.4125,0.55
d12f26f0-817b664803bfb06a,c1fef98f-93ce267168c6c5a3,0.41237113402061853,0.425531914893617
4f7af821-1edc6f9d9d4cfda9,8639f6c6-72a48601176340a9,0.4122137404580153,0.45
9fd33d5a-af26105191efe7e0,c220c822-8f151b0df1073ade,0.4121212121212121,0.43037974683544306
ee270b2a-4a0d00c96498d123,fcbe7917-527b4c7bcd90e160,0.4121212121212121,0.4722222222222222
1be078c4-32ca7e015a838482,48993e07-ef4d50df85eb7e96,0.4117647058823529,0.4307692307692308
0048a372-6eaed78fa1daac8a,5288afb7-d4163ec84d18479e,0.4117647058823529,0.4430379746835443
11c2ab99-836a13764460b298,259c1ea4-fe7cb4000a94c098,0.4117647058823529,0.4827586206896552
1be078c4-32ca7e015a838482,56a90e79-59d76e891525abc3,0.4117647058823529,0.4307692307692308
a7894e0b-4e44f93da3e1e8f0,259c1ea4-fe7cb4000a94c098,0.4117647058823529,0.4827586206896552
bdfe8110-ffa623ef7fcc38d6,259c1ea4-fe7cb4000a94c098,0.4117647058823529,0.4827586206896552
48c5f745-76116075ca0bc0f4,7ae0cb0d-6f3db1cbc26cea1c,0.4117647058823529,0.4375
2b2d3b84-8002a3802a32a0bb,ed37ba7d-26b084b47630173e,0.41148325358851673,0.5512820512820513
be3b1289-62071cd8d4a4e6d3,d12f26f0-817b664803bfb06a,0.4114285714285714,0.4444444444444444
b9219544-4f0b882ccebbb0e7,0048a372-6eaed78fa1daac8a,0.41134751773049644,0.46774193548387094
aaccc000-cd3027809553b409,8639f6c6-72a48601176340a9,0.41134751773049644,0.4142857142857143
00c0b82a-a23297c71634ae34,079ad09e-6c66ff5d51abed6f,0.410958904109589,0.42857142857142855
00c0b82a-a23297c71634ae34,20012377-d788dc5bfb094ca7,0.410958904109589,0.42857142857142855
c57a973e-8bec26d0d270b7e2,fdd85afb-6dd1aa9cefb9a8e4,0.41025641025641024,0.48484848484848486
8f6421f3-ee31a7da9e3d7f85,967b67b0-af35838eb0b75e7d,0.41025641025641024,0.4528301886792453
8f6421f3-ee31a7da9e3d7f85,80c384e4-af35838eb0b75e7d,0.41025641025641024,0.4528301886792453
8f6421f3-ee31a7da9e3d7f85,71c7ac71-4925edee1db76573,0.41025641025641024,0.6037735849056604
d77f722c-85273902dd178793,08b9908d-1e461d7c84f5af2e,0.40993788819875776,0.44594594594594594
079ad09e-6c66ff5d51abed6f,fdd85afb-6dd1aa9cefb9a8e4,0.40963855421686746,0.4473684210526316
20012377-d788dc5bfb094ca7,fdd85afb-6dd1aa9cefb9a8e4,0.40963855421686746,0.4473684210526316
c57a973e-8bec26d0d270b7e2,3380fa52-8f91b9d91f6310aa,0.40963855421686746,0.5151515151515151
bb0949b3-b5937c6bbc0c4cf2,ff3283cf-8274736030d5496c,0.4093567251461988,0.5072463768115942
bb0949b3-b5937c6bbc0c4cf2,8a39dbf5-5c1f52301bb01d53,0.4093567251461988,0.5072463768115942
810cf242-d53df3adf0b7bf56,48993e07-ef4d50df85eb7e96,0.4090909090909091,0.4426229508196721
4548305b-59b7534a6e2eb29c,4fb09c5f-8831ec2acac02462,0.4090909090909091,0.5294117647058824
9fd33d5a-af26105191efe7e0,96cd6ee9-b4b6f058bca794bd,0.4090909090909091,0.45569620253164556
3cbcb1cc-7b7f34abbfcad355,fcbe7917-527b4c7bcd90e160,0.4090909090909091,0.43373493975903615
11c2ab99-836a13764460b298,c4d04ce7-9cf8f4a664363ab2,0.4090909090909091,0.46551724137931033
6045e5d1-7b7f34abbfcad355,fcbe7917-527b4c7bcd90e160,0.4090909090909091,0.43373493975903615
bdfe8110-ffa623ef7fcc38d6,c4d04ce7-9cf8f4a664363ab2,0.4090909090909091,0.46551724137931033
c57a973e-8bec26d0d270b7e2,48993e07-ef4d50df85eb7e96,0.40875912408759124,0.42424242424242425
0b5cff5a-cbc0ded58ec456a2,8639f6c6-72a48601176340a9,0.40875912408759124,0.42424242424242425
28c2d81a-e2ec233423815bfa,ec607ca1-616e9cd4d73a5de6,0.40875912408759124,0.56
fadc1365-18491264f0f6840e,08b9908d-1e461d7c84f5af2e,0.4084507042253521,0.5272727272727272
e6a6e318-9f688e48dd5ac428,08b9908d-1e461d7c84f5af2e,0.4084507042253521,0.5272727272727272
810cf242-d53df3adf0b7bf56,c220c822-8f151b0df1073ade,0.40816326530612246,0.4918032786885246
00c0b82a-a23297c71634ae34,ec607ca1-616e9cd4d73a5de6,0.40764331210191085,0.45714285714285713
0fdc80c5-b9cc17385a6b997a,b505f95e-1e7b44155e86a4a4,0.4069767441860465,0.5833333333333334
3380fa52-8f91b9d91f6310aa,ed37ba7d-26b084b47630173e,0.4069264069264069,0.47
3cf63146-ed96a88172a99b64,4fb09c5f-8831ec2acac02462,0.4067796610169492,0.5217391304347826
00c0b82a-a23297c71634ae34,b505f95e-1e7b44155e86a4a4,0.4065934065934066,0.5285714285714286
fa484fdd-d4c4bc5b8a7183da,5e8d1aaa-328206718fef18b7,0.4065040650406504,0.43859649122807015
312d9460-d4e6393f614dfffb,953ac418-15324feaea2d4e8e,0.40609137055837563,0.40816326530612246
c57a973e-8bec26d0d270b7e2,ed37ba7d-26b084b47630173e,0.40609137055837563,0.6060606060606061
fadc1365-18491264f0f6840e,259c1ea4-fe7cb4000a94c098,0.40601503759398494,0.4909090909090909
e6a6e318-9f688e48dd5ac428,259c1ea4-fe7cb4000a94c098,0.40601503759398494,0.4909090909090909
8639f6c6-72a48601176340a9,f5fb1b62-b0f09cee8a09a971,0.40594059405940597,0.5774647887323944
0b5cff5a-cbc0ded58ec456a2,268eb6c6-42aa9c40dfc146f9,0.40559440559440557,0.4393939393939394
3cf63146-ed96a88172a99b64,0048a372-6eaed78fa1daac8a,0.40540540540540543,0.43478260869565216
1be078c4-32ca7e015a838482,3cbcb1cc-7b7f34abbfcad355,0.40540540540540543,0.46153846153846156
1be078c4-32ca7e015a838482,6045e5d1-7b7f34abbfcad355,0.40540540540540543,0.46153846153846156
1be078c4-32ca7e015a838482,df594a00-86207ca113146fd3,0.40522875816993464,0.47692307692307695
d77f722c-85273902dd178793,f870e76b-3ba460b78b587d9b,0.40522875816993464,0.4189189189189189
4d25818e-685916003c7f91bc,0adb1ee5-5c11ad888fca8057,0.40522875816993464,0.5166666666666667
953ac418-15324feaea2d4e8e,e7024f3e-4076641a4a18b6d7,0.4051724137931034,0.47474747474747475
4548305b-59b7534a6e2eb29c,85125ecb-495c620601720f05,0.4050632911392405,0.47058823529411764
8639f6c6-72a48601176340a9,08b9908d-1e461d7c84f5af2e,0.4050632911392405,0.4507042253521127
00c0b82a-a23297c71634ae34,fcbe7917-527b4c7bcd90e160,0.4049079754601227,0.4714285714285714
48c5f745-76116075ca0bc0f4,953ac418-15324feaea2d4e8e,0.4049079754601227,0.515625
e18ae6a1-56bf552fc9e76a67,ec607ca1-616e9cd4d73a5de6,0.4049079754601227,0.4342105263157895
28c2d81a-e2ec233423815bfa,1a400c1b-0e9438ab89a10e6d,0.4049079754601227,0.66
4548305b-59b7534a6e2eb29c,c1fef98f-93ce267168c6c5a3,0.40476190476190477,0.5
4548305b-59b7534a6e2eb29c,3380fa52-8f91b9d91f6310aa,0.40476190476190477,0.5
8639f6c6-72a48601176340a9,96cd6ee9-b4b6f058bca794bd,0.40476190476190477,0.4788732394366197
2b2d3b84-8002a3802a32a0bb,a3abac01-756b4f81847c03a8,0.40476190476190477,0.4358974358974359
bb0949b3-b5937c6bbc0c4cf2,953ac418-15324feaea2d4e8e,0.40476190476190477,0.4927536231884058
c57a973e-8bec26d0d270b7e2,ff3283cf-8274736030d5496c,0.40476190476190477,0.5151515151515151
c57a973e-8bec26d0d270b7e2,8a39dbf5-5c1f52301bb01d53,0.40476190476190477,0.5151515151515151
a8e2cefc-6654f525bbc3acc5,96cd6ee9-b4b6f058bca794bd,0.40425531914893614,0.4175824175824176
fcbe7917-527b4c7bcd90e160,04df7bb8-fb43ee8f991e01a2,0.40414507772020725,0.41935483870967744
fcbe7917-527b4c7bcd90e160,fc80cbe0-ea5e5e8bb4665a02,0.40384615384615385,0.45161290322580644
56a90e79-59d76e891525abc3,259c1ea4-fe7cb4000a94c098,0.40268456375838924,0.4225352112676056
48c5f745-76116075ca0bc0f4,a3abac01-756b4f81847c03a8,0.4025974025974026,0.484375
56a90e79-59d76e891525abc3,df594a00-86207ca113146fd3,0.4025157232704403,0.4507042253521127
a4e1511a-cebe30b4d1384ef0,1ea771ea-31982b8d0676dce6,0.4025157232704403,0.41025641025641024
bb0949b3-b5937c6bbc0c4cf2,85125ecb-495c620601720f05,0.4025157232704403,0.463768115942029
48c5f745-76116075ca0bc0f4,c1fef98f-93ce267168c6c5a3,0.4024390243902439,0.515625
2f8c3bf3-e73d8329c1717cd5,ff3283cf-8274736030d5496c,0.4024390243902439,0.532258064516129
2f8c3bf3-e73d8329c1717cd5,8a39dbf5-5c1f52301bb01d53,0.4024390243902439,0.532258064516129
56a90e79-59d76e891525abc3,67241a76-381872dc8a0168c2,0.4024390243902439,0.4647887323943662
00c0b82a-a23297c71634ae34,953ac418-15324feaea2d4e8e,0.40236686390532544,0.4857142857142857
e18ae6a1-56bf552fc9e76a67,fcbe7917-527b4c7bcd90e160,0.40236686390532544,0.4473684210526316
7ae0cb0d-6f3db1cbc26cea1c,ff3283cf-8274736030d5496c,0.40229885057471265,0.4861111111111111
d77f722c-85273902dd178793,3380fa52-8f91b9d91f6310aa,0.40229885057471265,0.47297297297297297
7ae0cb0d-6f3db1cbc26cea1c,8a39dbf5-5c1f52301bb01d53,0.40229885057471265,0.4861111111111111
e1a5831a-8002f90b95c9a4f9,3380fa52-8f91b9d91f6310aa,0.4022346368715084,0.45569620253164556
8639f6c6-72a48601176340a9,4fb09c5f-8831ec2acac02462,0.4022346368715084,0.5070422535211268
c57a973e-8bec26d0d270b7e2,1a400c1b-0e9438ab89a10e6d,0.4022346368715084,0.5454545454545454
e18ae6a1-56bf552fc9e76a67,4fb09c5f-8831ec2acac02462,0.40217391304347827,0.4868421052631579
ee270b2a-4a0d00c96498d123,68d422ec-8e2a4607563a1184,0.40186915887850466,0.5972222222222222
3c667d4f-524cd7f06bda5cb0,ed37ba7d-26b084b47630173e,0.4,0.6440677966101694
3cf63146-ed96a88172a99b64,5288afb7-d4163ec84d18479e,0.4,0.463768115942029
e18ae6a1-56bf552fc9e76a67,0048a372-6eaed78fa1daac8a,0.4,0.40789473684210525
0048a372-6eaed78fa1daac8a,c220c822-8f151b0df1073ade,0.4,0.4177215189873418
e1a5831a-8002f90b95c9a4f9,a8e2cefc-6654f525bbc3acc5,0.4,0.43037974683544306
e1a5831a-8002f90b95c9a4f9,c220c822-8f151b0df1073ade,0.4,0.4177215189873418
48c5f745-76116075ca0bc0f4,ed37ba7d-26b084b47630173e,0.4,0.609375
00c0b82a-a23297c71634ae34,fdd85afb-6dd1aa9cefb9a8e4,0.4,0.45714285714285713
2f8c3bf3-e73d8329c1717cd5,3cbcb1cc-7b7f34abbfcad355,0.4,0.46774193548387094
5e8d1aaa-328206718fef18b7,f870e76b-3ba460b78b587d9b,0.4,0.4393939393939394
3cf63146-ed96a88172a99b64,1ea771ea-31982b8d0676dce6,0.4,0.43478260869565216
a3abac01-756b4f81847c03a8,04df7bb8-fb43ee8f991e01a2,0.4,0.4222222222222222
9fd33d5a-af26105191efe7e0,a8e2cefc-6654f525bbc3acc5,0.4,0.43037974683544306
11c2ab99-836a13764460b298,08b9908d-1e461d7c84f5af2e,0.4,0.5
8f6421f3-ee31a7da9e3d7f85,08b9908d-1e461d7c84f5af2e,0.4,0.5283018867924528
bdfe8110-ffa623ef7fcc38d6,08b9908d-1e461d7c84f5af2e,0.4,0.5
fa484fdd-d4c4bc5b8a7183da,0adb1ee5-5c11ad888fca8057,0.4,0.5263157894736842
8f778337-feb0d359ab443e78,3380fa52-8f91b9d91f6310aa,0.4,0.4222222222222222
fadc1365-18491264f0f6840e,8f778337-feb0d359ab443e78,0.4,0.5272727272727272
e6a6e318-9f688e48dd5ac428,8f778337-feb0d359ab443e78,0.4,0.5272727272727272
4d25818e-685916003c7f91bc,a3abac01-756b4f81847c03a8,0.4,0.5
85125ecb-495c620601720f05,a3abac01-756b4f81847c03a8,0.4,0.4
4f7af821-1edc6f9d9d4cfda9,a3abac01-756b4f81847c03a8,0.4,0.5
8f6421f3-ee31a7da9e3d7f85,ee270b2a-4a0d00c96498d123,0.4,0.4716981132075472
3380fa52-8f91b9d91f6310aa,c1fef98f-93ce267168c6c5a3,0.4,0.4
2b2d3b84-8002a3802a32a0bb,ff3283cf-8274736030d5496c,0.4,0.46153846153846156
67241a76-381872dc8a0168c2,ff3283cf-8274736030d5496c,0.4,0.41935483870967744
967b67b0-af35838eb0b75e7d,e18ae6a1-56bf552fc9e76a67,0.4,0.4375
80c384e4-af35838eb0b75e7d,e18ae6a1-56bf552fc9e76a67,0.4,0.4375
2b2d3b84-8002a3802a32a0bb,8a39dbf5-5c1f52301bb01d53,0.4,0.46153846153846156
67241a76-381872dc8a0168c2,8a39dbf5-5c1f52301bb01d53,0.4,0.41935483870967744
2f8c3bf3-e73d8329c1717cd5,6045e5d1-7b7f34abbfcad355,0.4,0.46774193548387094
505f8562-c13678a91e6cf7c5,c1fef98f-93ce267168c6c5a3,0.3979591836734694,0.40625
be3b1289-62071cd8d4a4e6d3,3380fa52-8f91b9d91f6310aa,0.39779005524861877,0.4444444444444444
967b67b0-af35838eb0b75e7d,b505f95e-1e7b44155e86a4a4,0.3977272727272727,0.546875
80c384e4-af35838eb0b75e7d,b505f95e-1e7b44155e86a4a4,0.3977272727272727,0.546875
2b2d3b84-8002a3802a32a0bb,f339ef6f-605077274c5e20e4,0.39766081871345027,0.4358974358974359
1ea771ea-31982b8d0676dce6,8f778337-feb0d359ab443e78,0.39766081871345027,0.41975308641975306
56a90e79-59d76e891525abc3,3380fa52-8f91b9d91f6310aa,0.39766081871345027,0.4788732394366197
3cbcb1cc-7b7f34abbfcad355,c0aa6246-5388e8e2352267ce,0.39759036144578314,0.39759036144578314
a7894e0b-4e44f93da3e1e8f0,4fb09c5f-8831ec2acac02462,0.39759036144578314,0.5689655172413793
8f6421f3-ee31a7da9e3d7f85,1a400c1b-0e9438ab89a10e6d,0.39759036144578314,0.6226415094339622
6045e5d1-7b7f34abbfcad355,c0aa6246-5388e8e2352267ce,0.39759036144578314,0.39759036144578314
3c667d4f-524cd7f06bda5cb0,ff3283cf-8274736030d5496c,0.39751552795031053,0.5423728813559322
3c667d4f-524cd7f06bda5cb0,8a39dbf5-5c1f52301bb01d53,0.39751552795031053,0.5423728813559322
48993e07-ef4d50df85eb7e96,a3abac01-756b4f81847c03a8,0.39751552795031053,0.4507042253521127
1be078c4-32ca7e015a838482,505f8562-c13678a91e6cf7c5,0.39751552795031053,0.49230769230769234
56a90e79-59d76e891525abc3,85125ecb-495c620601720f05,0.39751552795031053,0.4507042253521127
7ae0cb0d-6f3db1cbc26cea1c,8c591975-af23e108a219677c,0.39751552795031053,0.4444444444444444
0b5cff5a-cbc0ded58ec456a2,fdd85afb-6dd1aa9cefb9a8e4,0.3974358974358974,0.4696969696969697
7ae0cb0d-6f3db1cbc26cea1c,e1a5831a-8002f90b95c9a4f9,0.3973509933774834,0.4166666666666667
a7894e0b-4e44f93da3e1e8f0,67241a76-381872dc8a0168c2,0.3973509933774834,0.5172413793103449
a7894e0b-4e44f93da3e1e8f0,0adb1ee5-5c11ad888fca8057,0.3973509933774834,0.5172413793103449
3c667d4f-524cd7f06bda5cb0,08b9908d-1e461d7c84f5af2e,0.3972602739726027,0.4915254237288136
11c2ab99-836a13764460b298,3cbcb1cc-7b7f34abbfcad355,0.3971631205673759,0.4827586206896552
bdfe8110-ffa623ef7fcc38d6,3cbcb1cc-7b7f34abbfcad355,0.3971631205673759,0.4827586206896552
2f8c3bf3-e73d8329c1717cd5,f870e76b-3ba460b78b587d9b,0.3971631205673759,0.45161290322580644
11c2ab99-836a13764460b298,6045e5d1-7b7f34abbfcad355,0.3971631205673759,0.4827586206896552
bdfe8110-ffa623ef7fcc38d6,6045e5d1-7b7f34abbfcad355,0.3971631205673759,0.4827586206896552
4f7af821-1edc6f9d9d4cfda9,48993e07-ef4d50df85eb7e96,0.3969465648854962,0.43333333333333335
8f6421f3-ee31a7da9e3d7f85,a4e1511a-cebe30b4d1384ef0,0.3969465648854962,0.49056603773584906
df594a00-86207ca113146fd3,953ac418-15324feaea2d4e8e,0.39572192513368987,0.42045454545454547
aaccc000-cd3027809553b409,ff3283cf-8274736030d5496c,0.3953488372093023,0.4857142857142857
aaccc000-cd3027809553b409,8a39dbf5-5c1f52301bb01d53,0.3953488372093023,0.4857142857142857
ee270b2a-4a0d00c96498d123,3380fa52-8f91b9d91f6310aa,0.3953488372093023,0.4722222222222222
0048a372-6eaed78fa1daac8a,c0aa6246-5388e8e2352267ce,0.3950617283950617,0.4050632911392405
e1a5831a-8002f90b95c9a4f9,3cbcb1cc-7b7f34abbfcad355,0.3950617283950617,0.4050632911392405
e1a5831a-8002f90b95c9a4f9,6045e5d1-7b7f34abbfcad355,0.3950617283950617,0.4050632911392405
ee270b2a-4a0d00c96498d123,85125ecb-495c620601720f05,0.3950617283950617,0.4444444444444444
ba9b94f7-61dd5eaa4f08713e,e7024f3e-4076641a4a18b6d7,0.3949579831932773,0.44761904761904764
3c667d4f-524cd7f06bda5cb0,0adb1ee5-5c11ad888fca8057,0.39473684210526316,0.5084745762711864
2f8c3bf3-e73d8329c1717cd5,fdd85afb-6dd1aa9cefb9a8e4,0.39473684210526316,0.4838709677419355
b9219544-4f0b882ccebbb0e7,fdd85afb-6dd1aa9cefb9a8e4,0.39473684210526316,0.4838709677419355
48993e07-ef4d50df85eb7e96,e18ae6a1-56bf552fc9e76a67,0.3945578231292517,0.4084507042253521
8f6421f3-ee31a7da9e3d7f85,d12f26f0-817b664803bfb06a,0.3945578231292517,0.5471698113207547
4f7af821-1edc6f9d9d4cfda9,ec607ca1-616e9cd4d73a5de6,0.3945578231292517,0.48333333333333334
810cf242-d53df3adf0b7bf56,079ad09e-6c66ff5d51abed6f,0.39416058394160586,0.4426229508196721
810cf242-d53df3adf0b7bf56,20012377-d788dc5bfb094ca7,0.39416058394160586,0.4426229508196721
8f6421f3-ee31a7da9e3d7f85,0048a372-6eaed78fa1daac8a,0.3939393939393939,0.49056603773584906
4f7af821-1edc6f9d9d4cfda9,7ae0cb0d-6f3db1cbc26cea1c,0.3939393939393939,0.43333333333333335
fa484fdd-d4c4bc5b8a7183da,aaccc000-cd3027809553b409,0.3937007874015748,0.43859649122807015
c220c822-8f151b0df1073ade,08b9908d-1e461d7c84f5af2e,0.3930635838150289,0.3953488372093023
fadc1365-18491264f0f6840e,1a400c1b-0e9438ab89a10e6d,0.39285714285714285,0.6
e6a6e318-9f688e48dd5ac428,1a400c1b-0e9438ab89a10e6d,0.39285714285714285,0.6
0fdc80c5-b9cc17385a6b997a,71c7ac71-4925edee1db76573,0.39263803680981596,0.5333333333333333
fadc1365-18491264f0f6840e,4fb09c5f-8831ec2acac02462,0.39263803680981596,0.5818181818181818
e6a6e318-9f688e48dd5ac428,4fb09c5f-8831ec2acac02462,0.39263803680981596,0.5818181818181818
c0aa6246-5388e8e2352267ce,f5fb1b62-b0f09cee8a09a971,0.3925233644859813,0.5060240963855421
0048a372-6eaed78fa1daac8a,e1a5831a-8002f90b95c9a4f9,0.3924050632911392,0.3924050632911392
ee270b2a-4a0d00c96498d123,c220c822-8f151b0df1073ade,0.3924050632911392,0.4305555555555556
48993e07-ef4d50df85eb7e96,e7024f3e-4076641a4a18b6d7,0.39215686274509803,0.5633802816901409
d77f722c-85273902dd178793,0048a372-6eaed78fa1daac8a,0.39215686274509803,0.40540540540540543
7ae0cb0d-6f3db1cbc26cea1c,be3b1289-62071cd8d4a4e6d3,0.39215686274509803,0.4166666666666667
d77f722c-85273902dd178793,e1a5831a-8002f90b95c9a4f9,0.39215686274509803,0.40540540540540543
0fdc80c5-b9cc17385a6b997a,67241a76-381872dc8a0168c2,0.39215686274509803,0.5
0b5cff5a-cbc0ded58ec456a2,08b9908d-1e461d7c84f5af2e,0.39215686274509803,0.45454545454545453
4f7af821-1edc6f9d9d4cfda9,0adb1ee5-5c11ad888fca8057,0.39215686274509803,0.5
08b9908d-1e461d7c84f5af2e,b505f95e-1e7b44155e86a4a4,0.39195979899497485,0.4482758620689655
11c2ab99-836a13764460b298,8f778337-feb0d359ab443e78,0.3918918918918919,0.5
bdfe8110-ffa623ef7fcc38d6,8f778337-feb0d359ab443e78,0.3918918918918919,0.5
a7894e0b-4e44f93da3e1e8f0,a3abac01-756b4f81847c03a8,0.3918918918918919,0.5
ee270b2a-4a0d00c96498d123,079ad09e-6c66ff5d51abed6f,0.3918918918918919,0.4027777777777778
c4d04ce7-9cf8f4a664363ab2,d77f722c-85273902dd178793,0.3918918918918919,0.3918918918918919
ee270b2a-4a0d00c96498d123,20012377-d788dc5bfb094ca7,0.3918918918918919,0.4027777777777778
56a90e79-59d76e891525abc3,268eb6c6-42aa9c40dfc146f9,0.3918918918918919,0.4084507042253521
8f6421f3-ee31a7da9e3d7f85,fdd85afb-6dd1aa9cefb9a8e4,0.3916083916083916,0.5283018867924528
1be078c4-32ca7e015a838482,259c1ea4-fe7cb4000a94c098,0.3916083916083916,0.4307692307692308
1ea771ea-31982b8d0676dce6,71c7ac71-4925edee1db76573,0.391304347826087,0.4444444444444444
2f8c3bf3-e73d8329c1717cd5,8639f6c6-72a48601176340a9,0.39097744360902253,0.41935483870967744
f870e76b-3ba460b78b587d9b,85125ecb-495c620601720f05,0.3905325443786982,0.4177215189873418
7ae0cb0d-6f3db1cbc26cea1c,f28b8cb4-1e050d8f56be3b93,0.3902439024390244,0.4444444444444444
8639f6c6-72a48601176340a9,0adb1ee5-5c11ad888fca8057,0.3902439024390244,0.4507042253521127
c57a973e-8bec26d0d270b7e2,f339ef6f-605077274c5e20e4,0.389937106918239,0.4696969696969697
2b2d3b84-8002a3802a32a0bb,be3b1289-62071cd8d4a4e6d3,0.389937106918239,0.3974358974358974
967b67b0-af35838eb0b75e7d,ed37ba7d-26b084b47630173e,0.38974358974358975,0.59375
80c384e4-af35838eb0b75e7d,ed37ba7d-26b084b47630173e,0.38974358974358975,0.59375
0b5cff5a-cbc0ded58ec456a2,10bbe9de-2f884914858d5d43,0.38974358974358975,0.5757575757575758
fa484fdd-d4c4bc5b8a7183da,96cd6ee9-b4b6f058bca794bd,0.38961038961038963,0.5263157894736842
04df7bb8-fb43ee8f991e01a2,f5fb1b62-b0f09cee8a09a971,0.38961038961038963,0.45
ea2fc2bc-3044709d8ffadf97,505f8562-c13678a91e6cf7c5,0.38961038961038963,0.5172413793103449
810cf242-d53df3adf0b7bf56,0adb1ee5-5c11ad888fca8057,0.38961038961038963,0.4918032786885246
67241a76-381872dc8a0168c2,e7024f3e-4076641a4a18b6d7,0.3893805309734513,0.4731182795698925
fa484fdd-d4c4bc5b8a7183da,f28b8cb4-1e050d8f56be3b93,0.38926174496644295,0.5087719298245614
5e8d1aaa-328206718fef18b7,c0aa6246-5388e8e2352267ce,0.38926174496644295,0.4393939393939394
a8e2cefc-6654f525bbc3acc5,d12f26f0-817b664803bfb06a,0.3891891891891892,0.3956043956043956
8c591975-af23e108a219677c,505f8562-c13678a91e6cf7c5,0.3891891891891892,0.4044943820224719
810cf242-d53df3adf0b7bf56,259c1ea4-fe7cb4000a94c098,0.38848920863309355,0.4426229508196721
fa484fdd-d4c4bc5b8a7183da,1a400c1b-0e9438ab89a10e6d,0.38823529411764707,0.5789473684210527
a7894e0b-4e44f93da3e1e8f0,b505f95e-1e7b44155e86a4a4,0.38823529411764707,0.5689655172413793
0fdc80c5-b9cc17385a6b997a,c4d04ce7-9cf8f4a664363ab2,0.3880597014925373,0.43333333333333335
c0aa6246-5388e8e2352267ce,1a400c1b-0e9438ab89a10e6d,0.3877551020408163,0.4578313253012048
28c2d81a-e2ec233423815bfa,9fd33d5a-af26105191efe7e0,0.3875968992248062,0.5
fa484fdd-d4c4bc5b8a7183da,71c7ac71-4925edee1db76573,0.3875,0.543859649122807
f28b8cb4-1e050d8f56be3b93,953ac418-15324feaea2d4e8e,0.387434554973822,0.40217391304347827
079ad09e-6c66ff5d51abed6f,0048a372-6eaed78fa1daac8a,0.3870967741935484,0.39473684210526316
20012377-d788dc5bfb094ca7,0048a372-6eaed78fa1daac8a,0.3870967741935484,0.39473684210526316
4548305b-59b7534a6e2eb29c,08b9908d-1e461d7c84f5af2e,0.3870967741935484,0.4411764705882353
079ad09e-6c66ff5d51abed6f,9fd33d5a-af26105191efe7e0,0.3870967741935484,0.39473684210526316
20012377-d788dc5bfb094ca7,9fd33d5a-af26105191efe7e0,0.3870967741935484,0.39473684210526316
268eb6c6-42aa9c40dfc146f9,259c1ea4-fe7cb4000a94c098,0.3870967741935484,0.38961038961038963
9fd33d5a-af26105191efe7e0,ff3283cf-8274736030d5496c,0.3867403314917127,0.4430379746835443
9fd33d5a-af26105191efe7e0,8a39dbf5-5c1f52301bb01d53,0.3867403314917127,0.4430379746835443
e18ae6a1-56bf552fc9e76a67,f5fb1b62-b0f09cee8a09a971,0.3864734299516908,0.5263157894736842
d77f722c-85273902dd178793,e7024f3e-4076641a4a18b6d7,0.3864734299516908,0.5405405405405406
c4d04ce7-9cf8f4a664363ab2,ff3283cf-8274736030d5496c,0.38636363636363635,0.4594594594594595
c4d04ce7-9cf8f4a664363ab2,8a39dbf5-5c1f52301bb01d53,0.38636363636363635,0.4594594594594595
ea2fc2bc-3044709d8ffadf97,ec607ca1-616e9cd4d73a5de6,0.38620689655172413,0.4827586206896552
56a90e79-59d76e891525abc3,d77f722c-85273902dd178793,0.38620689655172413,0.39436619718309857
1ea771ea-31982b8d0676dce6,fdd85afb-6dd1aa9cefb9a8e4,0.38596491228070173,0.4074074074074074
11c2ab99-836a13764460b298,1a400c1b-0e9438ab89a10e6d,0.38596491228070173,0.5689655172413793
bdfe8110-ffa623ef7fcc38d6,1a400c1b-0e9438ab89a10e6d,0.38596491228070173,0.5689655172413793
0b5cff5a-cbc0ded58ec456a2,f5fb1b62-b0f09cee8a09a971,0.38578680203045684,0.5757575757575758
b9219544-4f0b882ccebbb0e7,a4e1511a-cebe30b4d1384ef0,0.38571428571428573,0.43548387096774194
3cf63146-ed96a88172a99b64,56a90e79-59d76e891525abc3,0.38571428571428573,0.391304347826087
8f6421f3-ee31a7da9e3d7f85,ec607ca1-616e9cd4d73a5de6,0.38571428571428573,0.5094339622641509
aaccc000-cd3027809553b409,505f8562-c13678a91e6cf7c5,0.3855421686746988,0.45714285714285713
ea2fc2bc-3044709d8ffadf97,4fb09c5f-8831ec2acac02462,0.3855421686746988,0.5517241379310345
4548305b-59b7534a6e2eb29c,f339ef6f-605077274c5e20e4,0.38509316770186336,0.45588235294117646
8639f6c6-72a48601176340a9,a3abac01-756b4f81847c03a8,0.38509316770186336,0.43661971830985913
c4d04ce7-9cf8f4a664363ab2,ec607ca1-616e9cd4d73a5de6,0.38509316770186336,0.4189189189189189
08b9908d-1e461d7c84f5af2e,3380fa52-8f91b9d91f6310aa,0.3850267379679144,0.41379310344827586
e1a5831a-8002f90b95c9a4f9,71c7ac71-4925edee1db76573,0.38461538461538464,0.4430379746835443
bb0949b3-b5937c6bbc0c4cf2,08b9908d-1e461d7c84f5af2e,0.38461538461538464,0.43478260869565216
0b5cff5a-cbc0ded58ec456a2,85125ecb-495c620601720f05,0.38461538461538464,0.45454545454545453
ea2fc2bc-3044709d8ffadf97,ee270b2a-4a0d00c96498d123,0.38461538461538464,0.43103448275862066
48c5f745-76116075ca0bc0f4,08b9908d-1e461d7c84f5af2e,0.3841059602649007,0.453125
ea2fc2bc-3044709d8ffadf97,fcbe7917-527b4c7bcd90e160,0.3841059602649007,0.5
259c1ea4-fe7cb4000a94c098,d12f26f0-817b664803bfb06a,0.38372093023255816,0.4230769230769231
3cf63146-ed96a88172a99b64,268eb6c6-42aa9c40dfc146f9,0.3835616438356164,0.4057971014492754
f339ef6f-605077274c5e20e4,04df7bb8-fb43ee8f991e01a2,0.38341968911917096,0.3978494623655914
fdd85afb-6dd1aa9cefb9a8e4,71c7ac71-4925edee1db76573,0.38341968911917096,0.4111111111111111
fcbe7917-527b4c7bcd90e160,3380fa52-8f91b9d91f6310aa,0.38341968911917096,0.3978494623655914
56a90e79-59d76e891525abc3,505f8562-c13678a91e6cf7c5,0.38323353293413176,0.4507042253521127
3cf63146-ed96a88172a99b64,ee270b2a-4a0d00c96498d123,0.3829787234042553,0.391304347826087
3cf63146-ed96a88172a99b64,f339ef6f-605077274c5e20e4,0.38271604938271603,0.4492753623188406
7ae0cb0d-6f3db1cbc26cea1c,8f778337-feb0d359ab443e78,0.38271604938271603,0.4305555555555556
4f7af821-1edc6f9d9d4cfda9,ff3283cf-8274736030d5496c,0.38271604938271603,0.5166666666666667
4f7af821-1edc6f9d9d4cfda9,8a39dbf5-5c1f52301bb01d53,0.38271604938271603,0.5166666666666667
3cbcb1cc-7b7f34abbfcad355,3380fa52-8f91b9d91f6310aa,0.3825136612021858,0.42168674698795183
ec607ca1-616e9cd4d73a5de6,505f8562-c13678a91e6cf7c5,0.3825136612021858,0.40229885057471265
6045e5d1-7b7f34abbfcad355,3380fa52-8f91b9d91f6310aa,0.3825136612021858,0.42168674698795183
a7894e0b-4e44f93da3e1e8f0,a4e1511a-cebe30b4d1384ef0,0.38235294117647056,0.4482758620689655
ea2fc2bc-3044709d8ffadf97,a4e1511a-cebe30b4d1384ef0,0.38235294117647056,0.4482758620689655
48993e07-ef4d50df85eb7e96,c220c822-8f151b0df1073ade,0.3821656050955414,0.4225352112676056
a4e1511a-cebe30b4d1384ef0,e1a5831a-8002f90b95c9a4f9,0.3821656050955414,0.38461538461538464
e1a5831a-8002f90b95c9a4f9,953ac418-15324feaea2d4e8e,0.38202247191011235,0.43037974683544306
079ad09e-6c66ff5d51abed6f,ff3283cf-8274736030d5496c,0.38202247191011235,0.4473684210526316
20012377-d788dc5bfb094ca7,ff3283cf-8274736030d5496c,0.38202247191011235,0.4473684210526316
079ad09e-6c66ff5d51abed6f,8a39dbf5-5c1f52301bb01d53,0.38202247191011235,0.4473684210526316
20012377-d788dc5bfb094ca7,8a39dbf5-5c1f52301bb01d53,0.38202247191011235,0.4473684210526316
fa484fdd-d4c4bc5b8a7183da,c4d04ce7-9cf8f4a664363ab2,0.3816793893129771,0.43859649122807015
3c667d4f-524cd7f06bda5cb0,fcbe7917-527b4c7bcd90e160,0.3815789473684211,0.4915254237288136
48993e07-ef4d50df85eb7e96,be3b1289-62071cd8d4a4e6d3,0.3815789473684211,0.4084507042253521
1be078c4-32ca7e015a838482,08b9908d-1e461d7c84f5af2e,0.3815789473684211,0.4461538461538462
a7894e0b-4e44f93da3e1e8f0,d12f26f0-817b664803bfb06a,0.3815789473684211,0.5
4d25818e-685916003c7f91bc,1a400c1b-0e9438ab89a10e6d,0.3815028901734104,0.55
f28b8cb4-1e050d8f56be3b93,ff3283cf-8274736030d5496c,0.38144329896907214,0.40217391304347827
f28b8cb4-1e050d8f56be3b93,8a39dbf5-5c1f52301bb01d53,0.38144329896907214,0.40217391304347827
967b67b0-af35838eb0b75e7d,c0aa6246-5388e8e2352267ce,0.38095238095238093,0.4375
80c384e4-af35838eb0b75e7d,c0aa6246-5388e8e2352267ce,0.38095238095238093,0.4375
8f6421f3-ee31a7da9e3d7f85,ed37ba7d-26b084b47630173e,0.3804347826086957,0.660377358490566
a8e2cefc-6654f525bbc3acc5,fcbe7917-527b4c7bcd90e160,0.3804347826086957,0.38461538461538464
079ad09e-6c66ff5d51abed6f,08b9908d-1e461d7c84f5af2e,0.3803680981595092,0.40789473684210525
20012377-d788dc5bfb094ca7,08b9908d-1e461d7c84f5af2e,0.3803680981595092,0.40789473684210525
e1a5831a-8002f90b95c9a4f9,f870e76b-3ba460b78b587d9b,0.379746835443038,0.379746835443038
11c2ab99-836a13764460b298,c1fef98f-93ce267168c6c5a3,0.379746835443038,0.5172413793103449
bdfe8110-ffa623ef7fcc38d6,c1fef98f-93ce267168c6c5a3,0.379746835443038,0.5172413793103449
11c2ab99-836a13764460b298,0048a372-6eaed78fa1daac8a,0.3795620437956204,0.4482758620689655
bdfe8110-ffa623ef7fcc38d6,0048a372-6eaed78fa1daac8a,0.3795620437956204,0.4482758620689655
5e8d1aaa-328206718fef18b7,56a90e79-59d76e891525abc3,0.3795620437956204,0.3939393939393939
ea2fc2bc-3044709d8ffadf97,9fd33d5a-af26105191efe7e0,0.3795620437956204,0.4482758620689655
8f6421f3-ee31a7da9e3d7f85,68d422ec-8e2a4607563a1184,0.37948717948717947,0.6981132075471698
1ea771ea-31982b8d0676dce6,fcbe7917-527b4c7bcd90e160,0.3793103448275862,0.4074074074074074
d77f722c-85273902dd178793,c1fef98f-93ce267168c6c5a3,0.3793103448275862,0.44594594594594594
ee270b2a-4a0d00c96498d123,be3b1289-62071cd8d4a4e6d3,0.3790849673202614,0.4027777777777778
2f8c3bf3-e73d8329c1717cd5,a8e2cefc-6654f525bbc3acc5,0.3790849673202614,0.46774193548387094
fdd85afb-6dd1aa9cefb9a8e4,04df7bb8-fb43ee8f991e01a2,0.37894736842105264,0.4
8f778337-feb0d359ab443e78,04df7bb8-fb43ee8f991e01a2,0.37894736842105264,0.4
85125ecb-495c620601720f05,c1fef98f-93ce267168c6c5a3,0.37894736842105264,0.4
8f6421f3-ee31a7da9e3d7f85,9fd33d5a-af26105191efe7e0,0.3787878787878788,0.4716981132075472
3cf63146-ed96a88172a99b64,3380fa52-8f91b9d91f6310aa,0.378698224852071,0.463768115942029
9fd33d5a-af26105191efe7e0,85125ecb-495c620601720f05,0.378698224852071,0.4050632911392405
0adb1ee5-5c11ad888fca8057,1a400c1b-0e9438ab89a10e6d,0.3786407766990291,0.41935483870967744
bb0949b3-b5937c6bbc0c4cf2,f870e76b-3ba460b78b587d9b,0.3783783783783784,0.4057971014492754
fa484fdd-d4c4bc5b8a7183da,a8e2cefc-6654f525bbc3acc5,0.3783783783783784,0.49122807017543857
a7894e0b-4e44f93da3e1e8f0,8f778337-feb0d359ab443e78,0.3783783783783784,0.4827586206896552
fcbe7917-527b4c7bcd90e160,10bbe9de-2f884914858d5d43,0.3783783783783784,0.45161290322580644
8c591975-af23e108a219677c,e7024f3e-4076641a4a18b6d7,0.3783783783783784,0.47191011235955055
fadc1365-18491264f0f6840e,0adb1ee5-5c11ad888fca8057,0.3783783783783784,0.509090909090909
e6a6e318-9f688e48dd5ac428,0adb1ee5-5c11ad888fca8057,0.3783783783783784,0.509090909090909
56a90e79-59d76e891525abc3,fcbe7917-527b4c7bcd90e160,0.3780487804878049,0.43661971830985913
c220c822-8f151b0df1073ade,ed37ba7d-26b084b47630173e,0.3778801843317972,0.47674418604651164
1be078c4-32ca7e015a838482,a4e1511a-cebe30b4d1384ef0,0.3776223776223776,0.4153846153846154
e1a5831a-8002f90b95c9a4f9,e7024f3e-4076641a4a18b6d7,0.37735849056603776,0.5063291139240507
4548305b-59b7534a6e2eb29c,a8e2cefc-6654f525bbc3acc5,0.37735849056603776,0.4411764705882353
7ae0cb0d-6f3db1cbc26cea1c,08b9908d-1e461d7c84f5af2e,0.37735849056603776,0.4166666666666667
ee270b2a-4a0d00c96498d123,08b9908d-1e461d7c84f5af2e,0.37735849056603776,0.4166666666666667
bb0949b3-b5937c6bbc0c4cf2,fdd85afb-6dd1aa9cefb9a8e4,0.37735849056603776,0.43478260869565216
c57a973e-8bec26d0d270b7e2,fcbe7917-527b4c7bcd90e160,0.37735849056603776,0.45454545454545453
259c1ea4-fe7cb4000a94c098,1ea771ea-31982b8d0676dce6,0.37735849056603776,0.38461538461538464
fcbe7917-527b4c7bcd90e160,312d9460-d4e6393f614dfffb,0.3769633507853403,0.3870967741935484
4548305b-59b7534a6e2eb29c,b6724dd9-9cb537caa0747bf8,0.37681159420289856,0.38235294117647056
1be078c4-32ca7e015a838482,68d422ec-8e2a4607563a1184,0.37681159420289856,0.6
079ad09e-6c66ff5d51abed6f,d12f26f0-817b664803bfb06a,0.3764705882352941,0.42105263157894735
20012377-d788dc5bfb094ca7,d12f26f0-817b664803bfb06a,0.3764705882352941,0.42105263157894735
1ea771ea-31982b8d0676dce6,8c591975-af23e108a219677c,0.3764705882352941,0.3950617283950617
08b9908d-1e461d7c84f5af2e,953ac418-15324feaea2d4e8e,0.3763440860215054,0.40229885057471265
e18ae6a1-56bf552fc9e76a67,68d422ec-8e2a4607563a1184,0.3761467889908257,0.5394736842105263
71c7ac71-4925edee1db76573,ed37ba7d-26b084b47630173e,0.37606837606837606,0.42718446601941745
c57a973e-8bec26d0d270b7e2,953ac418-15324feaea2d4e8e,0.37575757575757573,0.4696969696969697
fdd85afb-6dd1aa9cefb9a8e4,a8e2cefc-6654f525bbc3acc5,0.3756906077348066,0.37777777777777777
259c1ea4-fe7cb4000a94c098,71c7ac71-4925edee1db76573,0.3756906077348066,0.4358974358974359
fadc1365-18491264f0f6840e,68d422ec-8e2a4607563a1184,0.3756345177664975,0.6727272727272727
e6a6e318-9f688e48dd5ac428,68d422ec-8e2a4607563a1184,0.3756345177664975,0.6727272727272727
3380fa52-8f91b9d91f6310aa,1a400c1b-0e9438ab89a10e6d,0.3755868544600939,0.4
3cf63146-ed96a88172a99b64,a8e2cefc-6654f525bbc3acc5,0.375,0.43478260869565216
aaccc000-cd3027809553b409,fdd85afb-6dd1aa9cefb9a8e4,0.375,0.42857142857142855
c220c822-8f151b0df1073ade,85125ecb-495c620601720f05,0.375,0.38372093023255816
e18ae6a1-56bf552fc9e76a67,3380fa52-8f91b9d91f6310aa,0.375,0.4342105263157895
8c591975-af23e108a219677c,71c7ac71-4925edee1db76573,0.375,0.4044943820224719
ee270b2a-4a0d00c96498d123,f5fb1b62-b0f09cee8a09a971,0.37438423645320196,0.5277777777777778
a3abac01-756b4f81847c03a8,96cd6ee9-b4b6f058bca794bd,0.37433155080213903,0.3888888888888889
f870e76b-3ba460b78b587d9b,4fb09c5f-8831ec2acac02462,0.37433155080213903,0.4430379746835443
ea2fc2bc-3044709d8ffadf97,10bbe9de-2f884914858d5d43,0.37433155080213903,0.603448275862069
0fdc80c5-b9cc17385a6b997a,0048a372-6eaed78fa1daac8a,0.37410071942446044,0.43333333333333335
0fdc80c5-b9cc17385a6b997a,9fd33d5a-af26105191efe7e0,0.37410071942446044,0.43333333333333335
67241a76-381872dc8a0168c2,ba9b94f7-61dd5eaa4f08713e,0.37373737373737376,0.3978494623655914
3cbcb1cc-7b7f34abbfcad355,953ac418-15324feaea2d4e8e,0.37362637362637363,0.40963855421686746
aaccc000-cd3027809553b409,b505f95e-1e7b44155e86a4a4,0.37362637362637363,0.4857142857142857
6045e5d1-7b7f34abbfcad355,953ac418-15324feaea2d4e8e,0.37362637362637363,0.40963855421686746
bb0949b3-b5937c6bbc0c4cf2,1a400c1b-0e9438ab89a10e6d,0.37362637362637363,0.4927536231884058
0fdc80c5-b9cc17385a6b997a,fdd85afb-6dd1aa9cefb9a8e4,0.37333333333333335,0.4666666666666667
4f7af821-1edc6f9d9d4cfda9,85125ecb-495c620601720f05,0.37333333333333335,0.4666666666666667
2b2d3b84-8002a3802a32a0bb,f5fb1b62-b0f09cee8a09a971,0.37320574162679426,0.5
4548305b-59b7534a6e2eb29c,0adb1ee5-5c11ad888fca8057,0.37267080745341613,0.4411764705882353
810cf242-d53df3adf0b7bf56,04df7bb8-fb43ee8f991e01a2,0.37267080745341613,0.4918032786885246
2f8c3bf3-e73d8329c1717cd5,953ac418-15324feaea2d4e8e,0.37267080745341613,0.4838709677419355
a7894e0b-4e44f93da3e1e8f0,08b9908d-1e461d7c84f5af2e,0.3724137931034483,0.46551724137931033
e1a5831a-8002f90b95c9a4f9,0adb1ee5-5c11ad888fca8057,0.37209302325581395,0.4050632911392405
e18ae6a1-56bf552fc9e76a67,505f8562-c13678a91e6cf7c5,0.37209302325581395,0.42105263157894735
967b67b0-af35838eb0b75e7d,f28b8cb4-1e050d8f56be3b93,0.3717948717948718,0.453125
80c384e4-af35838eb0b75e7d,f28b8cb4-1e050d8f56be3b93,0.3717948717948718,0.453125
0fdc80c5-b9cc17385a6b997a,505f8562-c13678a91e6cf7c5,0.3717948717948718,0.48333333333333334
bb0949b3-b5937c6bbc0c4cf2,ec607ca1-616e9cd4d73a5de6,0.3717948717948718,0.42028985507246375
8c591975-af23e108a219677c,d12f26f0-817b664803bfb06a,0.37158469945355194,0.38202247191011235
4548305b-59b7534a6e2eb29c,953ac418-15324feaea2d4e8e,0.3712574850299401,0.45588235294117646
1be078c4-32ca7e015a838482,ff3283cf-8274736030d5496c,0.3712574850299401,0.47692307692307695
1be078c4-32ca7e015a838482,8a39dbf5-5c1f52301bb01d53,0.3712574850299401,0.47692307692307695
259c1ea4-fe7cb4000a94c098,04df7bb8-fb43ee8f991e01a2,0.3707865168539326,0.4230769230769231
ec607ca1-616e9cd4d73a5de6,a8e2cefc-6654f525bbc3acc5,0.3707865168539326,0.3793103448275862
0048a372-6eaed78fa1daac8a,3cbcb1cc-7b7f34abbfcad355,0.37037037037037035,0.379746835443038
0048a372-6eaed78fa1daac8a,6045e5d1-7b7f34abbfcad355,0.37037037037037035,0.379746835443038
9fd33d5a-af26105191efe7e0,3cbcb1cc-7b7f34abbfcad355,0.37037037037037035,0.379746835443038
9fd33d5a-af26105191efe7e0,6045e5d1-7b7f34abbfcad355,0.37037037037037035,0.379746835443038
e18ae6a1-56bf552fc9e76a67,1a400c1b-0e9438ab89a10e6d,0.37037037037037035,0.4605263157894737
d77f722c-85273902dd178793,fc80cbe0-ea5e5e8bb4665a02,0.37037037037037035,0.47297297297297297
df594a00-86207ca113146fd3,b505f95e-1e7b44155e86a4a4,0.37,0.42045454545454547
56a90e79-59d76e891525abc3,10bbe9de-2f884914858d5d43,0.37,0.5211267605633803
1be078c4-32ca7e015a838482,4fb09c5f-8831ec2acac02462,0.3699421965317919,0.49230769230769234
4f7af821-1edc6f9d9d4cfda9,1a400c1b-0e9438ab89a10e6d,0.3699421965317919,0.5333333333333333
4548305b-59b7534a6e2eb29c,a4e1511a-cebe30b4d1384ef0,0.3698630136986301,0.39705882352941174
fa484fdd-d4c4bc5b8a7183da,8c591975-af23e108a219677c,0.3698630136986301,0.47368421052631576
fa484fdd-d4c4bc5b8a7183da,2f8c3bf3-e73d8329c1717cd5,0.3697478991596639,0.38596491228070173
a3abac01-756b4f81847c03a8,d12f26f0-817b664803bfb06a,0.3695652173913043,0.37777777777777777
079ad09e-6c66ff5d51abed6f,4fb09c5f-8831ec2acac02462,0.3695652173913043,0.4473684210526316
20012377-d788dc5bfb094ca7,4fb09c5f-8831ec2acac02462,0.3695652173913043,0.4473684210526316
48c5f745-76116075ca0bc0f4,fcbe7917-527b4c7bcd90e160,0.36942675159235666,0.453125
967b67b0-af35838eb0b75e7d,67241a76-381872dc8a0168c2,0.36942675159235666,0.453125
80c384e4-af35838eb0b75e7d,67241a76-381872dc8a0168c2,0.36942675159235666,0.453125
ea2fc2bc-3044709d8ffadf97,7ae0cb0d-6f3db1cbc26cea1c,0.36923076923076925,0.41379310344827586
a4e1511a-cebe30b4d1384ef0,fdd85afb-6dd1aa9cefb9a8e4,0.36904761904761907,0.3974358974358974
a7894e0b-4e44f93da3e1e8f0,3cbcb1cc-7b7f34abbfcad355,0.36879432624113473,0.4482758620689655
a7894e0b-4e44f93da3e1e8f0,6045e5d1-7b7f34abbfcad355,0.36879432624113473,0.4482758620689655
3c667d4f-524cd7f06bda5cb0,67241a76-381872dc8a0168c2,0.3684210526315789,0.4745762711864407
aaccc000-cd3027809553b409,0adb1ee5-5c11ad888fca8057,0.36809815950920244,0.42857142857142855
3c667d4f-524cd7f06bda5cb0,5e8d1aaa-328206718fef18b7,0.368,0.3898305084745763
c57a973e-8bec26d0d270b7e2,4fb09c5f-8831ec2acac02462,0.367816091954023,0.48484848484848486
1ea771ea-31982b8d0676dce6,67241a76-381872dc8a0168c2,0.367816091954023,0.3950617283950617
11c2ab99-836a13764460b298,a4e1511a-cebe30b4d1384ef0,0.36764705882352944,0.43103448275862066
bdfe8110-ffa623ef7fcc38d6,a4e1511a-cebe30b4d1384ef0,0.36764705882352944,0.43103448275862066
c220c822-8f151b0df1073ade,953ac418-15324feaea2d4e8e,0.3675675675675676,0.3953488372093023
4d25818e-685916003c7f91bc,08b9908d-1e461d7c84f5af2e,0.3673469387755102,0.45
e18ae6a1-56bf552fc9e76a67,ed37ba7d-26b084b47630173e,0.3671497584541063,0.5
079ad09e-6c66ff5d51abed6f,ed37ba7d-26b084b47630173e,0.3671497584541063,0.5
20012377-d788dc5bfb094ca7,ed37ba7d-26b084b47630173e,0.3671497584541063,0.5
3c667d4f-524cd7f06bda5cb0,953ac418-15324feaea2d4e8e,0.3670886075949367,0.4915254237288136
1be078c4-32ca7e015a838482,fcbe7917-527b4c7bcd90e160,0.3670886075949367,0.4461538461538462
2f8c3bf3-e73d8329c1717cd5,505f8562-c13678a91e6cf7c5,0.3670886075949367,0.46774193548387094
ea2fc2bc-3044709d8ffadf97,c1fef98f-93ce267168c6c5a3,0.3670886075949367,0.5
28c2d81a-e2ec233423815bfa,4fb09c5f-8831ec2acac02462,0.3670886075949367,0.58
be3b1289-62071cd8d4a4e6d3,df594a00-86207ca113146fd3,0.3668639053254438,0.38271604938271603
268eb6c6-42aa9c40dfc146f9,f28b8cb4-1e050d8f56be3b93,0.3668639053254438,0.4025974025974026
9fd33d5a-af26105191efe7e0,fdd85afb-6dd1aa9cefb9a8e4,0.3668639053254438,0.3924050632911392
c0aa6246-5388e8e2352267ce,c220c822-8f151b0df1073ade,0.3668639053254438,0.37349397590361444
c57a973e-8bec26d0d270b7e2,71c7ac71-4925edee1db76573,0.3668639053254438,0.4696969696969697
ec607ca1-616e9cd4d73a5de6,0adb1ee5-5c11ad888fca8057,0.36666666666666664,0.3793103448275862
4d25818e-685916003c7f91bc,68d422ec-8e2a4607563a1184,0.36633663366336633,0.6166666666666667
c1fef98f-93ce267168c6c5a3,ff3283cf-8274736030d5496c,0.36633663366336633,0.37
c1fef98f-93ce267168c6c5a3,8a39dbf5-5c1f52301bb01d53,0.36633663366336633,0.37
48993e07-ef4d50df85eb7e96,8639f6c6-72a48601176340a9,0.36619718309859156,0.36619718309859156
f339ef6f-605077274c5e20e4,f5fb1b62-b0f09cee8a09a971,0.36607142857142855,0.44086021505376344
c4d04ce7-9cf8f4a664363ab2,f870e76b-3ba460b78b587d9b,0.3660130718954248,0.3783783783783784
8f6421f3-ee31a7da9e3d7f85,c1fef98f-93ce267168c6c5a3,0.3660130718954248,0.5283018867924528
4f7af821-1edc6f9d9d4cfda9,67241a76-381872dc8a0168c2,0.3660130718954248,0.4666666666666667
d77f722c-85273902dd178793,fdd85afb-6dd1aa9cefb9a8e4,0.36585365853658536,0.40540540540540543
a4e1511a-cebe30b4d1384ef0,96cd6ee9-b4b6f058bca794bd,0.3657142857142857,0.41025641025641024
0b5cff5a-cbc0ded58ec456a2,ed37ba7d-26b084b47630173e,0.36548223350253806,0.5454545454545454
b6724dd9-9cb537caa0747bf8,259c1ea4-fe7cb4000a94c098,0.36486486486486486,0.38571428571428573
4d25818e-685916003c7f91bc,953ac418-15324feaea2d4e8e,0.36477987421383645,0.48333333333333334
4f7af821-1edc6f9d9d4cfda9,953ac418-15324feaea2d4e8e,0.36477987421383645,0.48333333333333334
c57a973e-8bec26d0d270b7e2,0adb1ee5-5c11ad888fca8057,0.36477987421383645,0.4393939393939394
be3b1289-62071cd8d4a4e6d3,8c591975-af23e108a219677c,0.36470588235294116,0.38271604938271603
3cbcb1cc-7b7f34abbfcad355,08b9908d-1e461d7c84f5af2e,0.36470588235294116,0.37349397590361444
6045e5d1-7b7f34abbfcad355,08b9908d-1e461d7c84f5af2e,0.36470588235294116,0.37349397590361444
fdd85afb-6dd1aa9cefb9a8e4,ff3283cf-8274736030d5496c,0.3645833333333333,0.3888888888888889
fdd85afb-6dd1aa9cefb9a8e4,8a39dbf5-5c1f52301bb01d53,0.3645833333333333,0.3888888888888889
d12f26f0-817b664803bfb06a,ed37ba7d-26b084b47630173e,0.36444444444444446,0.43617021276595747
b505f95e-1e7b44155e86a4a4,1a400c1b-0e9438ab89a10e6d,0.36444444444444446,0.36607142857142855
c0aa6246-5388e8e2352267ce,f339ef6f-605077274c5e20e4,0.36363636363636365,0.3855421686746988
48c5f745-76116075ca0bc0f4,0048a372-6eaed78fa1daac8a,0.36363636363636365,0.40625
e18ae6a1-56bf552fc9e76a67,a4e1511a-cebe30b4d1384ef0,0.36363636363636365,0.3684210526315789
0fdc80c5-b9cc17385a6b997a,3cbcb1cc-7b7f34abbfcad355,0.36363636363636365,0.43333333333333335
3cf63146-ed96a88172a99b64,d77f722c-85273902dd178793,0.36363636363636365,0.37681159420289856
0fdc80c5-b9cc17385a6b997a,6045e5d1-7b7f34abbfcad355,0.36363636363636365,0.43333333333333335
0fdc80c5-b9cc17385a6b997a,7ae0cb0d-6f3db1cbc26cea1c,0.36363636363636365,0.4
fcbe7917-527b4c7bcd90e160,d12f26f0-817b664803bfb06a,0.36363636363636365,0.3655913978494624
c220c822-8f151b0df1073ade,8f778337-feb0d359ab443e78,0.36363636363636365,0.37209302325581395
fcbe7917-527b4c7bcd90e160,ba9b94f7-61dd5eaa4f08713e,0.36363636363636365,0.3870967741935484
a7894e0b-4e44f93da3e1e8f0,505f8562-c13678a91e6cf7c5,0.36363636363636365,0.4827586206896552
ec607ca1-616e9cd4d73a5de6,c1fef98f-93ce267168c6c5a3,0.36363636363636365,0.39080459770114945
96cd6ee9-b4b6f058bca794bd,10bbe9de-2f884914858d5d43,0.36283185840707965,0.422680412371134
c220c822-8f151b0df1073ade,10bbe9de-2f884914858d5d43,0.3627906976744186,0.45348837209302323
85125ecb-495c620601720f05,f28b8cb4-1e050d8f56be3b93,0.3626373626373626,0.36666666666666664
c220c822-8f151b0df1073ade,505f8562-c13678a91e6cf7c5,0.3626373626373626,0.38372093023255816
be3b1289-62071cd8d4a4e6d3,8f778337-feb0d359ab443e78,0.36257309941520466,0.38271604938271603
be3b1289-62071cd8d4a4e6d3,85125ecb-495c620601720f05,0.36257309941520466,0.38271604938271603
00c0b82a-a23297c71634ae34,a3abac01-756b4f81847c03a8,0.3625,0.4142857142857143
f870e76b-3ba460b78b587d9b,1ea771ea-31982b8d0676dce6,0.3625,0.3670886075949367
3c667d4f-524cd7f06bda5cb0,85125ecb-495c620601720f05,0.3624161073825503,0.4576271186440678
56a90e79-59d76e891525abc3,a4e1511a-cebe30b4d1384ef0,0.3624161073825503,0.38028169014084506
0b5cff5a-cbc0ded58ec456a2,3cbcb1cc-7b7f34abbfcad355,0.3624161073825503,0.4090909090909091
0b5cff5a-cbc0ded58ec456a2,6045e5d1-7b7f34abbfcad355,0.3624161073825503,0.4090909090909091
fa484fdd-d4c4bc5b8a7183da,1ea771ea-31982b8d0676dce6,0.36231884057971014,0.43859649122807015
505f8562-c13678a91e6cf7c5,71c7ac71-4925edee1db76573,0.36180904522613067,0.375
259c1ea4-fe7cb4000a94c098,df594a00-86207ca113146fd3,0.3614457831325301,0.38461538461538464
e1a5831a-8002f90b95c9a4f9,08b9908d-1e461d7c84f5af2e,0.3614457831325301,0.379746835443038
079ad09e-6c66ff5d51abed6f,85125ecb-495c620601720f05,0.3614457831325301,0.39473684210526316
20012377-d788dc5bfb094ca7,85125ecb-495c620601720f05,0.3614457831325301,0.39473684210526316
1be078c4-32ca7e015a838482,85125ecb-495c620601720f05,0.36129032258064514,0.4307692307692308
fadc1365-18491264f0f6840e,c1fef98f-93ce267168c6c5a3,0.36129032258064514,0.509090909090909
e6a6e318-9f688e48dd5ac428,c1fef98f-93ce267168c6c5a3,0.36129032258064514,0.509090909090909
2f8c3bf3-e73d8329c1717cd5,0adb1ee5-5c11ad888fca8057,0.36129032258064514,0.45161290322580644
c0aa6246-5388e8e2352267ce,e7024f3e-4076641a4a18b6d7,0.3611111111111111,0.46987951807228917
fadc1365-18491264f0f6840e,a4e1511a-cebe30b4d1384ef0,0.3609022556390977,0.43636363636363634
e6a6e318-9f688e48dd5ac428,a4e1511a-cebe30b4d1384ef0,0.3609022556390977,0.43636363636363634
48993e07-ef4d50df85eb7e96,b505f95e-1e7b44155e86a4a4,0.36065573770491804,0.4647887323943662
ea2fc2bc-3044709d8ffadf97,967b67b0-af35838eb0b75e7d,0.36065573770491804,0.3793103448275862
ea2fc2bc-3044709d8ffadf97,80c384e4-af35838eb0b75e7d,0.36065573770491804,0.3793103448275862
3c667d4f-524cd7f06bda5cb0,1a400c1b-0e9438ab89a10e6d,0.36046511627906974,0.5254237288135594
9fd33d5a-af26105191efe7e0,0adb1ee5-5c11ad888fca8057,0.36046511627906974,0.3924050632911392
3cf63146-ed96a88172a99b64,f28b8cb4-1e050d8f56be3b93,0.36024844720496896,0.42028985507246375
48993e07-ef4d50df85eb7e96,9fd33d5a-af26105191efe7e0,0.36,0.38028169014084506
4d25818e-685916003c7f91bc,85125ecb-495c620601720f05,0.36,0.45
0fdc80c5-b9cc17385a6b997a,10bbe9de-2f884914858d5d43,0.35978835978835977,0.5666666666666667
e18ae6a1-56bf552fc9e76a67,ff3283cf-8274736030d5496c,0.3595505617977528,0.42105263157894735
e18ae6a1-56bf552fc9e76a67,8a39dbf5-5c1f52301bb01d53,0.3595505617977528,0.42105263157894735
9fd33d5a-af26105191efe7e0,df594a00-86207ca113146fd3,0.3592814371257485,0.379746835443038
e18ae6a1-56bf552fc9e76a67,5288afb7-d4163ec84d18479e,0.3592814371257485,0.39473684210526316
8639f6c6-72a48601176340a9,505f8562-c13678a91e6cf7c5,0.3592814371257485,0.4225352112676056
c57a973e-8bec26d0d270b7e2,10bbe9de-2f884914858d5d43,0.358974358974359,0.5303030303030303
56a90e79-59d76e891525abc3,1a400c1b-0e9438ab89a10e6d,0.358695652173913,0.4647887323943662
fadc1365-18491264f0f6840e,85125ecb-495c620601720f05,0.3586206896551724,0.4727272727272727
e6a6e318-9f688e48dd5ac428,85125ecb-495c620601720f05,0.3586206896551724,0.4727272727272727
56a90e79-59d76e891525abc3,c4d04ce7-9cf8f4a664363ab2,0.3586206896551724,0.36619718309859156
00c0b82a-a23297c71634ae34,ed37ba7d-26b084b47630173e,0.3582089552238806,0.5142857142857142
3c667d4f-524cd7f06bda5cb0,71c7ac71-4925edee1db76573,0.35802469135802467,0.4915254237288136
a8e2cefc-6654f525bbc3acc5,953ac418-15324feaea2d4e8e,0.35789473684210527,0.37362637362637363
810cf242-d53df3adf0b7bf56,8f778337-feb0d359ab443e78,0.3576158940397351,0.4426229508196721
a7894e0b-4e44f93da3e1e8f0,fcbe7917-527b4c7bcd90e160,0.3576158940397351,0.46551724137931033
b9219544-4f0b882ccebbb0e7,8c591975-af23e108a219677c,0.3576158940397351,0.43548387096774194
e1a5831a-8002f90b95c9a4f9,04df7bb8-fb43ee8f991e01a2,0.3575418994413408,0.4050632911392405
e1a5831a-8002f90b95c9a4f9,8c591975-af23e108a219677c,0.35714285714285715,0.379746835443038
1be078c4-32ca7e015a838482,ed37ba7d-26b084b47630173e,0.35714285714285715,0.5384615384615384
96cd6ee9-b4b6f058bca794bd,953ac418-15324feaea2d4e8e,0.35714285714285715,0.36082474226804123
0b5cff5a-cbc0ded58ec456a2,ff3283cf-8274736030d5496c,0.35714285714285715,0.45454545454545453
0b5cff5a-cbc0ded58ec456a2,8a39dbf5-5c1f52301bb01d53,0.35714285714285715,0.45454545454545453
fa484fdd-d4c4bc5b8a7183da,3380fa52-8f91b9d91f6310aa,0.35668789808917195,0.49122807017543857
c4d04ce7-9cf8f4a664363ab2,c0aa6246-5388e8e2352267ce,0.35668789808917195,0.3783783783783784
48c5f745-76116075ca0bc0f4,67241a76-381872dc8a0168c2,0.35668789808917195,0.4375
ea2fc2bc-3044709d8ffadf97,48993e07-ef4d50df85eb7e96,0.35658914728682173,0.39655172413793105
28c2d81a-e2ec233423815bfa,0048a372-6eaed78fa1daac8a,0.35658914728682173,0.46
00c0b82a-a23297c71634ae34,67241a76-381872dc8a0168c2,0.3558282208588957,0.4142857142857143
aaccc000-cd3027809553b409,67241a76-381872dc8a0168c2,0.3558282208588957,0.4142857142857143
04df7bb8-fb43ee8f991e01a2,4fb09c5f-8831ec2acac02462,0.3557692307692308,0.37
a7894e0b-4e44f93da3e1e8f0,968c1e7e-01f85653c0f76e74,0.3557692307692308,0.6379310344827587
c57a973e-8bec26d0d270b7e2,68d422ec-8e2a4607563a1184,0.3557692307692308,0.5606060606060606
ec607ca1-616e9cd4d73a5de6,f339ef6f-605077274c5e20e4,0.35555555555555557,0.367816091954023
3cbcb1cc-7b7f34abbfcad355,96cd6ee9-b4b6f058bca794bd,0.35555555555555557,0.3855421686746988
6045e5d1-7b7f34abbfcad355,96cd6ee9-b4b6f058bca794bd,0.35555555555555557,0.3855421686746988
c220c822-8f151b0df1073ade,d12f26f0-817b664803bfb06a,0.35555555555555557,0.37209302325581395
8f778337-feb0d359ab443e78,a3abac01-756b4f81847c03a8,0.35555555555555557,0.35555555555555557
bb0949b3-b5937c6bbc0c4cf2,3cbcb1cc-7b7f34abbfcad355,0.35526315789473684,0.391304347826087
28c2d81a-e2ec233423815bfa,ff3283cf-8274736030d5496c,0.35526315789473684,0.54
28c2d81a-e2ec233423815bfa,8a39dbf5-5c1f52301bb01d53,0.35526315789473684,0.54
bb0949b3-b5937c6bbc0c4cf2,6045e5d1-7b7f34abbfcad355,0.35526315789473684,0.391304347826087
f870e76b-3ba460b78b587d9b,8f778337-feb0d359ab443e78,0.35502958579881655,0.379746835443038
ff3283cf-8274736030d5496c,10bbe9de-2f884914858d5d43,0.354978354978355,0.4019607843137255
8a39dbf5-5c1f52301bb01d53,10bbe9de-2f884914858d5d43,0.354978354978355,0.4019607843137255
ec607ca1-616e9cd4d73a5de6,953ac418-15324feaea2d4e8e,0.3548387096774194,0.3793103448275862
7ae0cb0d-6f3db1cbc26cea1c,ed37ba7d-26b084b47630173e,0.35467980295566504,0.5
ee270b2a-4a0d00c96498d123,ed37ba7d-26b084b47630173e,0.35467980295566504,0.5
7ae0cb0d-6f3db1cbc26cea1c,f5fb1b62-b0f09cee8a09a971,0.35467980295566504,0.5
00c0b82a-a23297c71634ae34,8639f6c6-72a48601176340a9,0.3546099290780142,0.35714285714285715
a7894e0b-4e44f93da3e1e8f0,c1fef98f-93ce267168c6c5a3,0.35443037974683544,0.4827586206896552
e18ae6a1-56bf552fc9e76a67,953ac418-15324feaea2d4e8e,0.35428571428571426,0.40789473684210525
259c1ea4-fe7cb4000a94c098,f5fb1b62-b0f09cee8a09a971,0.35406698564593303,0.47435897435897434
fcbe7917-527b4c7bcd90e160,e7024f3e-4076641a4a18b6d7,0.35398230088495575,0.43010752688172044
aaccc000-cd3027809553b409,268eb6c6-42aa9c40dfc146f9,0.35374149659863946,0.37142857142857144
fa484fdd-d4c4bc5b8a7183da,fdd85afb-6dd1aa9cefb9a8e4,0.35374149659863946,0.45614035087719296
810cf242-d53df3adf0b7bf56,71c7ac71-4925edee1db76573,0.35365853658536583,0.47540983606557374
f870e76b-3ba460b78b587d9b,ff3283cf-8274736030d5496c,0.35359116022099446,0.4050632911392405
f870e76b-3ba460b78b587d9b,8a39dbf5-5c1f52301bb01d53,0.35359116022099446,0.4050632911392405
8f778337-feb0d359ab443e78,68d422ec-8e2a4607563a1184,0.35344827586206895,0.45555555555555555
0b5cff5a-cbc0ded58ec456a2,b6724dd9-9cb537caa0747bf8,0.35294117647058826,0.36363636363636365
259c1ea4-fe7cb4000a94c098,f28b8cb4-1e050d8f56be3b93,0.35294117647058826,0.38461538461538464
810cf242-d53df3adf0b7bf56,f28b8cb4-1e050d8f56be3b93,0.35294117647058826,0.4426229508196721
8f6421f3-ee31a7da9e3d7f85,5e8d1aaa-328206718fef18b7,0.35294117647058826,0.39622641509433965
c57a973e-8bec26d0d270b7e2,08b9908d-1e461d7c84f5af2e,0.35294117647058826,0.4090909090909091
d77f722c-85273902dd178793,505f8562-c13678a91e6cf7c5,0.35294117647058826,0.40540540540540543
ec607ca1-616e9cd4d73a5de6,3380fa52-8f91b9d91f6310aa,0.35294117647058826,0.3793103448275862
079ad09e-6c66ff5d51abed6f,268eb6c6-42aa9c40dfc146f9,0.35294117647058826,0.35526315789473684
20012377-d788dc5bfb094ca7,268eb6c6-42aa9c40dfc146f9,0.35294117647058826,0.35526315789473684
b9219544-4f0b882ccebbb0e7,4fb09c5f-8831ec2acac02462,0.35294117647058826,0.4838709677419355
ff3283cf-8274736030d5496c,68d422ec-8e2a4607563a1184,0.3524590163934426,0.4215686274509804
8a39dbf5-5c1f52301bb01d53,68d422ec-8e2a4607563a1184,0.3524590163934426,0.4215686274509804
505f8562-c13678a91e6cf7c5,f5fb1b62-b0f09cee8a09a971,0.3524229074889868,0.4166666666666667
967b67b0-af35838eb0b75e7d,259c1ea4-fe7cb4000a94c098,0.352112676056338,0.390625
80c384e4-af35838eb0b75e7d,259c1ea4-fe7cb4000a94c098,0.352112676056338,0.390625
ec607ca1-616e9cd4d73a5de6,10bbe9de-2f884914858d5d43,0.35185185185185186,0.4367816091954023
0b5cff5a-cbc0ded58ec456a2,e7024f3e-4076641a4a18b6d7,0.35175879396984927,0.5303030303030303
11c2ab99-836a13764460b298,85125ecb-495c620601720f05,0.35135135135135137,0.4482758620689655
bdfe8110-ffa623ef7fcc38d6,85125ecb-495c620601720f05,0.35135135135135137,0.4482758620689655
f870e76b-3ba460b78b587d9b,f28b8cb4-1e050d8f56be3b93,0.3508771929824561,0.379746835443038
1ea771ea-31982b8d0676dce6,85125ecb-495c620601720f05,0.3508771929824561,0.37037037037037035
48c5f745-76116075ca0bc0f4,85125ecb-495c620601720f05,0.35064935064935066,0.421875
079ad09e-6c66ff5d51abed6f,259c1ea4-fe7cb4000a94c098,0.35064935064935066,0.35526315789473684
20012377-d788dc5bfb094ca7,259c1ea4-fe7cb4000a94c098,0.35064935064935066,0.35526315789473684
1ea771ea-31982b8d0676dce6,1a400c1b-0e9438ab89a10e6d,0.35051546391752575,0.41975308641975306
5e8d1aaa-328206718fef18b7,48993e07-ef4d50df85eb7e96,0.35036496350364965,0.36363636363636365
48c5f745-76116075ca0bc0f4,1a400c1b-0e9438ab89a10e6d,0.3502824858757062,0.484375
ea2fc2bc-3044709d8ffadf97,ff3283cf-8274736030d5496c,0.35,0.4827586206896552
ea2fc2bc-3044709d8ffadf97,8a39dbf5-5c1f52301bb01d53,0.35,0.4827586206896552
00c0b82a-a23297c71634ae34,1a400c1b-0e9438ab89a10e6d,0.34972677595628415,0.45714285714285713
fdd85afb-6dd1aa9cefb9a8e4,0adb1ee5-5c11ad888fca8057,0.34972677595628415,0.35555555555555557
56a90e79-59d76e891525abc3,b505f95e-1e7b44155e86a4a4,0.34972677595628415,0.4507042253521127
28c2d81a-e2ec233423815bfa,fcbe7917-527b4c7bcd90e160,0.34965034965034963,0.5
11c2ab99-836a13764460b298,4fb09c5f-8831ec2acac02462,0.3493975903614458,0.5
967b67b0-af35838eb0b75e7d,ff3283cf-8274736030d5496c,0.3493975903614458,0.453125
80c384e4-af35838eb0b75e7d,ff3283cf-8274736030d5496c,0.3493975903614458,0.453125
967b67b0-af35838eb0b75e7d,8a39dbf5-5c1f52301bb01d53,0.3493975903614458,0.453125
80c384e4-af35838eb0b75e7d,8a39dbf5-5c1f52301bb01d53,0.3493975903614458,0.453125
bdfe8110-ffa623ef7fcc38d6,4fb09c5f-8831ec2acac02462,0.3493975903614458,0.5
be3b1289-62071cd8d4a4e6d3,4fb09c5f-8831ec2acac02462,0.3492063492063492,0.4074074074074074
c0aa6246-5388e8e2352267ce,10bbe9de-2f884914858d5d43,0.3490566037735849,0.4457831325301205
5e8d1aaa-328206718fef18b7,3cbcb1cc-7b7f34abbfcad355,0.348993288590604,0.3939393939393939
5e8d1aaa-328206718fef18b7,6045e5d1-7b7f34abbfcad355,0.348993288590604,0.3939393939393939
967b67b0-af35838eb0b75e7d,f5fb1b62-b0f09cee8a09a971,0.3487179487179487,0.53125
80c384e4-af35838eb0b75e7d,f5fb1b62-b0f09cee8a09a971,0.3487179487179487,0.53125
079ad09e-6c66ff5d51abed6f,68d422ec-8e2a4607563a1184,0.3486238532110092,0.5
20012377-d788dc5bfb094ca7,68d422ec-8e2a4607563a1184,0.3486238532110092,0.5
8c591975-af23e108a219677c,10bbe9de-2f884914858d5d43,0.3486238532110092,0.42696629213483145
b9219544-4f0b882ccebbb0e7,b6724dd9-9cb537caa0747bf8,0.3484848484848485,0.3709677419354839
5e8d1aaa-328206718fef18b7,c57a973e-8bec26d0d270b7e2,0.3484848484848485,0.3484848484848485
fadc1365-18491264f0f6840e,268eb6c6-42aa9c40dfc146f9,0.3484848484848485,0.41818181818181815
e6a6e318-9f688e48dd5ac428,268eb6c6-42aa9c40dfc146f9,0.3484848484848485,0.41818181818181815
c220c822-8f151b0df1073ade,f28b8cb4-1e050d8f56be3b93,0.34831460674157305,0.36046511627906974
8c591975-af23e108a219677c,b505f95e-1e7b44155e86a4a4,0.3482587064676617,0.39325842696629215
a8e2cefc-6654f525bbc3acc5,e7024f3e-4076641a4a18b6d7,0.3482142857142857,0.42857142857142855
48993e07-ef4d50df85eb7e96,fdd85afb-6dd1aa9cefb9a8e4,0.34782608695652173,0.39436619718309857
4548305b-59b7534a6e2eb29c,67241a76-381872dc8a0168c2,0.34782608695652173,0.4117647058823529
2b2d3b84-8002a3802a32a0bb,3cbcb1cc-7b7f34abbfcad355,0.34782608695652173,0.358974358974359
079ad09e-6c66ff5d51abed6f,f5fb1b62-b0f09cee8a09a971,0.34782608695652173,0.47368421052631576
20012377-d788dc5bfb094ca7,f5fb1b62-b0f09cee8a09a971,0.34782608695652173,0.47368421052631576
8f6421f3-ee31a7da9e3d7f85,4fb09c5f-8831ec2acac02462,0.34782608695652173,0.5283018867924528
ff3283cf-8274736030d5496c,ba9b94f7-61dd5eaa4f08713e,0.34782608695652173,0.35294117647058826
8a39dbf5-5c1f52301bb01d53,ba9b94f7-61dd5eaa4f08713e,0.34782608695652173,0.35294117647058826
2b2d3b84-8002a3802a32a0bb,6045e5d1-7b7f34abbfcad355,0.34782608695652173,0.358974358974359
ee270b2a-4a0d00c96498d123,8c591975-af23e108a219677c,0.34782608695652173,0.3888888888888889
fadc1365-18491264f0f6840e,10bbe9de-2f884914858d5d43,0.34782608695652173,0.5818181818181818
7ae0cb0d-6f3db1cbc26cea1c,b505f95e-1e7b44155e86a4a4,0.34782608695652173,0.4444444444444444
e6a6e318-9f688e48dd5ac428,10bbe9de-2f884914858d5d43,0.34782608695652173,0.5818181818181818
d12f26f0-817b664803bfb06a,505f8562-c13678a91e6cf7c5,0.3473684210526316,0.35106382978723405
259c1ea4-fe7cb4000a94c098,b505f95e-1e7b44155e86a4a4,0.3473684210526316,0.4230769230769231
48993e07-ef4d50df85eb7e96,505f8562-c13678a91e6cf7c5,0.3473053892215569,0.4084507042253521
b6724dd9-9cb537caa0747bf8,71c7ac71-4925edee1db76573,0.3468208092485549,0.42857142857142855
a7894e0b-4e44f93da3e1e8f0,f28b8cb4-1e050d8f56be3b93,0.3466666666666667,0.4482758620689655
8f778337-feb0d359ab443e78,b505f95e-1e7b44155e86a4a4,0.3465346534653465,0.3888888888888889
810cf242-d53df3adf0b7bf56,5e8d1aaa-328206718fef18b7,0.3464566929133858,0.36065573770491804
df594a00-86207ca113146fd3,a8e2cefc-6654f525bbc3acc5,0.3463687150837989,0.3522727272727273
0048a372-6eaed78fa1daac8a,04df7bb8-fb43ee8f991e01a2,0.3463687150837989,0.3924050632911392
08b9908d-1e461d7c84f5af2e,f28b8cb4-1e050d8f56be3b93,0.3463687150837989,0.3563218390804598
ec607ca1-616e9cd4d73a5de6,f28b8cb4-1e050d8f56be3b93,0.3463687150837989,0.3563218390804598
268eb6c6-42aa9c40dfc146f9,e1a5831a-8002f90b95c9a4f9,0.34615384615384615,0.35064935064935066
c57a973e-8bec26d0d270b7e2,85125ecb-495c620601720f05,0.34615384615384615,0.4090909090909091
3c667d4f-524cd7f06bda5cb0,c4d04ce7-9cf8f4a664363ab2,0.3458646616541353,0.3898305084745763
48c5f745-76116075ca0bc0f4,968c1e7e-01f85653c0f76e74,0.34579439252336447,0.578125
ee270b2a-4a0d00c96498d123,8f778337-feb0d359ab443e78,0.345679012345679,0.3888888888888889
4f7af821-1edc6f9d9d4cfda9,ed37ba7d-26b084b47630173e,0.34554973821989526,0.55
8c591975-af23e108a219677c,ed37ba7d-26b084b47630173e,0.34545454545454546,0.42696629213483145
f870e76b-3ba460b78b587d9b,8c591975-af23e108a219677c,0.34523809523809523,0.3670886075949367
3cf63146-ed96a88172a99b64,953ac418-15324feaea2d4e8e,0.34523809523809523,0.42028985507246375
96cd6ee9-b4b6f058bca794bd,c1fef98f-93ce267168c6c5a3,0.34517766497461927,0.35051546391752575
be3b1289-62071cd8d4a4e6d3,f339ef6f-605077274c5e20e4,0.3448275862068966,0.37037037037037035
be3b1289-62071cd8d4a4e6d3,67241a76-381872dc8a0168c2,0.3448275862068966,0.37037037037037035
c0aa6246-5388e8e2352267ce,a8e2cefc-6654f525bbc3acc5,0.3448275862068966,0.3614457831325301
3380fa52-8f91b9d91f6310aa,71c7ac71-4925edee1db76573,0.3448275862068966,0.35
d77f722c-85273902dd178793,10bbe9de-2f884914858d5d43,0.3448275862068966,0.47297297297297297
08b9908d-1e461d7c84f5af2e,fcbe7917-527b4c7bcd90e160,0.34444444444444444,0.3563218390804598
810cf242-d53df3adf0b7bf56,a3abac01-756b4f81847c03a8,0.3443708609271523,0.4262295081967213
28c2d81a-e2ec233423815bfa,7ae0cb0d-6f3db1cbc26cea1c,0.3442622950819672,0.42
0adb1ee5-5c11ad888fca8057,f339ef6f-605077274c5e20e4,0.34408602150537637,0.34408602150537637
a4e1511a-cebe30b4d1384ef0,4fb09c5f-8831ec2acac02462,0.34408602150537637,0.41025641025641024
c220c822-8f151b0df1073ade,c1fef98f-93ce267168c6c5a3,0.34408602150537637,0.37209302325581395
3cf63146-ed96a88172a99b64,df594a00-86207ca113146fd3,0.34394904458598724,0.391304347826087
967b67b0-af35838eb0b75e7d,f339ef6f-605077274c5e20e4,0.34394904458598724,0.421875
80c384e4-af35838eb0b75e7d,f339ef6f-605077274c5e20e4,0.34394904458598724,0.421875
00c0b82a-a23297c71634ae34,08b9908d-1e461d7c84f5af2e,0.34394904458598724,0.38571428571428573
b6724dd9-9cb537caa0747bf8,08b9908d-1e461d7c84f5af2e,0.34394904458598724,0.38571428571428573
3cf63146-ed96a88172a99b64,d12f26f0-817b664803bfb06a,0.34355828220858897,0.4057971014492754
7ae0cb0d-6f3db1cbc26cea1c,a8e2cefc-6654f525bbc3acc5,0.34355828220858897,0.3888888888888889
e1a5831a-8002f90b95c9a4f9,85125ecb-495c620601720f05,0.3431952662721893,0.3670886075949367
f870e76b-3ba460b78b587d9b,fdd85afb-6dd1aa9cefb9a8e4,0.3431952662721893,0.3670886075949367
079ad09e-6c66ff5d51abed6f,fcbe7917-527b4c7bcd90e160,0.3431952662721893,0.3815789473684211
20012377-d788dc5bfb094ca7,fcbe7917-527b4c7bcd90e160,0.3431952662721893,0.3815789473684211
e18ae6a1-56bf552fc9e76a67,67241a76-381872dc8a0168c2,0.3431952662721893,0.3815789473684211
08b9908d-1e461d7c84f5af2e,df594a00-86207ca113146fd3,0.34285714285714286,0.3448275862068966
e1a5831a-8002f90b95c9a4f9,ed37ba7d-26b084b47630173e,0.34285714285714286,0.45569620253164556
3cbcb1cc-7b7f34abbfcad355,f28b8cb4-1e050d8f56be3b93,0.34285714285714286,0.3614457831325301
6045e5d1-7b7f34abbfcad355,f28b8cb4-1e050d8f56be3b93,0.34285714285714286,0.3614457831325301
bb0949b3-b5937c6bbc0c4cf2,8639f6c6-72a48601176340a9,0.34285714285714286,0.34782608695652173
b9219544-4f0b882ccebbb0e7,1a400c1b-0e9438ab89a10e6d,0.34285714285714286,0.4838709677419355
1ea771ea-31982b8d0676dce6,10bbe9de-2f884914858d5d43,0.34285714285714286,0.4444444444444444
3cf63146-ed96a88172a99b64,b505f95e-1e7b44155e86a4a4,0.3425414364640884,0.4492753623188406
28c2d81a-e2ec233423815bfa,f5fb1b62-b0f09cee8a09a971,0.3425414364640884,0.62
8f6421f3-ee31a7da9e3d7f85,fcbe7917-527b4c7bcd90e160,0.3424657534246575,0.4716981132075472
fdd85afb-6dd1aa9cefb9a8e4,96cd6ee9-b4b6f058bca794bd,0.3422459893048128,0.35555555555555557
5e8d1aaa-328206718fef18b7,c220c822-8f151b0df1073ade,0.34210526315789475,0.3939393939393939
d77f722c-85273902dd178793,259c1ea4-fe7cb4000a94c098,0.34210526315789475,0.35135135135135137
505f8562-c13678a91e6cf7c5,96cd6ee9-b4b6f058bca794bd,0.34196891191709844,0.34375
fcbe7917-527b4c7bcd90e160,c1fef98f-93ce267168c6c5a3,0.34196891191709844,0.3548387096774194
67241a76-381872dc8a0168c2,3380fa52-8f91b9d91f6310aa,0.34196891191709844,0.3548387096774194
56a90e79-59d76e891525abc3,08b9908d-1e461d7c84f5af2e,0.34177215189873417,0.38028169014084506
96cd6ee9-b4b6f058bca794bd,4fb09c5f-8831ec2acac02462,0.34146341463414637,0.36082474226804123
c4d04ce7-9cf8f4a664363ab2,a3abac01-756b4f81847c03a8,0.34146341463414637,0.3783783783783784
967b67b0-af35838eb0b75e7d,c1fef98f-93ce267168c6c5a3,0.34146341463414637,0.4375
80c384e4-af35838eb0b75e7d,c1fef98f-93ce267168c6c5a3,0.34146341463414637,0.4375
fadc1365-18491264f0f6840e,968c1e7e-01f85653c0f76e74,0.34146341463414637,0.6363636363636364
e6a6e318-9f688e48dd5ac428,968c1e7e-01f85653c0f76e74,0.34146341463414637,0.6363636363636364
967b67b0-af35838eb0b75e7d,3380fa52-8f91b9d91f6310aa,0.34146341463414637,0.4375
80c384e4-af35838eb0b75e7d,3380fa52-8f91b9d91f6310aa,0.34146341463414637,0.4375
4fb09c5f-8831ec2acac02462,968c1e7e-01f85653c0f76e74,0.34108527131782945,0.4074074074074074
df594a00-86207ca113146fd3,10bbe9de-2f884914858d5d43,0.34101382488479265,0.42045454545454547
8f778337-feb0d359ab443e78,e7024f3e-4076641a4a18b6d7,0.34080717488789236,0.4222222222222222
5e8d1aaa-328206718fef18b7,bb0949b3-b5937c6bbc0c4cf2,0.34074074074074073,0.3484848484848485
11c2ab99-836a13764460b298,268eb6c6-42aa9c40dfc146f9,0.34074074074074073,0.39655172413793105
bdfe8110-ffa623ef7fcc38d6,268eb6c6-42aa9c40dfc146f9,0.34074074074074073,0.39655172413793105
0048a372-6eaed78fa1daac8a,71c7ac71-4925edee1db76573,0.34065934065934067,0.3924050632911392
a3abac01-756b4f81847c03a8,f28b8cb4-1e050d8f56be3b93,0.34065934065934067,0.34444444444444444
9fd33d5a-af26105191efe7e0,71c7ac71-4925edee1db76573,0.34065934065934067,0.3924050632911392
8c591975-af23e108a219677c,fcbe7917-527b4c7bcd90e160,0.34065934065934067,0.34831460674157305
d77f722c-85273902dd178793,4fb09c5f-8831ec2acac02462,0.34065934065934067,0.4189189189189189
c1fef98f-93ce267168c6c5a3,10bbe9de-2f884914858d5d43,0.3406113537117904,0.39
b6724dd9-9cb537caa0747bf8,8639f6c6-72a48601176340a9,0.3404255319148936,0.34285714285714286
fa484fdd-d4c4bc5b8a7183da,f5fb1b62-b0f09cee8a09a971,0.3404255319148936,0.5614035087719298
e18ae6a1-56bf552fc9e76a67,b505f95e-1e7b44155e86a4a4,0.3404255319148936,0.42105263157894735
67241a76-381872dc8a0168c2,68d422ec-8e2a4607563a1184,0.3404255319148936,0.43010752688172044
4f7af821-1edc6f9d9d4cfda9,08b9908d-1e461d7c84f5af2e,0.3401360544217687,0.4166666666666667
ee270b2a-4a0d00c96498d123,67241a76-381872dc8a0168c2,0.3393939393939394,0.3888888888888889
0adb1ee5-5c11ad888fca8057,f5fb1b62-b0f09cee8a09a971,0.3392857142857143,0.40860215053763443
259c1ea4-fe7cb4000a94c098,fcbe7917-527b4c7bcd90e160,0.3391812865497076,0.3717948717948718
8639f6c6-72a48601176340a9,c1fef98f-93ce267168c6c5a3,0.3391812865497076,0.4084507042253521
ec607ca1-616e9cd4d73a5de6,85125ecb-495c620601720f05,0.3389830508474576,0.3448275862068966
bb0949b3-b5937c6bbc0c4cf2,4fb09c5f-8831ec2acac02462,0.3389830508474576,0.43478260869565216
a3abac01-756b4f81847c03a8,67241a76-381872dc8a0168c2,0.33879781420765026,0.34444444444444444
0adb1ee5-5c11ad888fca8057,505f8562-c13678a91e6cf7c5,0.3386243386243386,0.34408602150537637
079ad09e-6c66ff5d51abed6f,1a400c1b-0e9438ab89a10e6d,0.3386243386243386,0.42105263157894735
20012377-d788dc5bfb094ca7,1a400c1b-0e9438ab89a10e6d,0.3386243386243386,0.42105263157894735
967b67b0-af35838eb0b75e7d,5e8d1aaa-328206718fef18b7,0.3384615384615385,0.34375
80c384e4-af35838eb0b75e7d,5e8d1aaa-328206718fef18b7,0.3384615384615385,0.34375
5e8d1aaa-328206718fef18b7,aaccc000-cd3027809553b409,0.3382352941176471,0.3484848484848485
aaccc000-cd3027809553b409,7ae0cb0d-6f3db1cbc26cea1c,0.3380281690140845,0.34285714285714286
56a90e79-59d76e891525abc3,68d422ec-8e2a4607563a1184,0.3380281690140845,0.5070422535211268
56a90e79-59d76e891525abc3,3cbcb1cc-7b7f34abbfcad355,0.33766233766233766,0.36619718309859156
967b67b0-af35838eb0b75e7d,fdd85afb-6dd1aa9cefb9a8e4,0.33766233766233766,0.40625
80c384e4-af35838eb0b75e7d,fdd85afb-6dd1aa9cefb9a8e4,0.33766233766233766,0.40625
1be078c4-32ca7e015a838482,8c591975-af23e108a219677c,0.33766233766233766,0.4
56a90e79-59d76e891525abc3,6045e5d1-7b7f34abbfcad355,0.33766233766233766,0.36619718309859156
48993e07-ef4d50df85eb7e96,8c591975-af23e108a219677c,0.3375,0.38028169014084506
0fdc80c5-b9cc17385a6b997a,3380fa52-8f91b9d91f6310aa,0.3375,0.45
df594a00-86207ca113146fd3,85125ecb-495c620601720f05,0.33707865168539325,0.3409090909090909
a4e1511a-cebe30b4d1384ef0,c1fef98f-93ce267168c6c5a3,0.33707865168539325,0.38461538461538464
00c0b82a-a23297c71634ae34,4fb09c5f-8831ec2acac02462,0.33707865168539325,0.42857142857142855
aaccc000-cd3027809553b409,4fb09c5f-8831ec2acac02462,0.33707865168539325,0.42857142857142855
9fd33d5a-af26105191efe7e0,953ac418-15324feaea2d4e8e,0.33707865168539325,0.379746835443038
df594a00-86207ca113146fd3,505f8562-c13678a91e6cf7c5,0.33695652173913043,0.3522727272727273
953ac418-15324feaea2d4e8e,71c7ac71-4925edee1db76573,0.33663366336633666,0.3434343434343434
953ac418-15324feaea2d4e8e,fc80cbe0-ea5e5e8bb4665a02,0.3364485981308411,0.36363636363636365
0fdc80c5-b9cc17385a6b997a,8639f6c6-72a48601176340a9,0.33587786259541985,0.36666666666666664
a7894e0b-4e44f93da3e1e8f0,0048a372-6eaed78fa1daac8a,0.3357664233576642,0.39655172413793105
28c2d81a-e2ec233423815bfa,0adb1ee5-5c11ad888fca8057,0.3356643356643357,0.48
8639f6c6-72a48601176340a9,259c1ea4-fe7cb4000a94c098,0.33557046979865773,0.352112676056338
079ad09e-6c66ff5d51abed6f,a8e2cefc-6654f525bbc3acc5,0.33532934131736525,0.3684210526315789
20012377-d788dc5bfb094ca7,a8e2cefc-6654f525bbc3acc5,0.33532934131736525,0.3684210526315789
268eb6c6-42aa9c40dfc146f9,fdd85afb-6dd1aa9cefb9a8e4,0.33532934131736525,0.36363636363636365
c0aa6246-5388e8e2352267ce,fdd85afb-6dd1aa9cefb9a8e4,0.3352601156069364,0.3493975903614458
f870e76b-3ba460b78b587d9b,c1fef98f-93ce267168c6c5a3,0.33519553072625696,0.379746835443038
c220c822-8f151b0df1073ade,0adb1ee5-5c11ad888fca8057,0.33519553072625696,0.3488372093023256
5288afb7-d4163ec84d18479e,3380fa52-8f91b9d91f6310aa,0.33507853403141363,0.3516483516483517
0048a372-6eaed78fa1daac8a,b505f95e-1e7b44155e86a4a4,0.33507853403141363,0.4050632911392405
f870e76b-3ba460b78b587d9b,b505f95e-1e7b44155e86a4a4,0.33507853403141363,0.4050632911392405
04df7bb8-fb43ee8f991e01a2,e7024f3e-4076641a4a18b6d7,0.33476394849785407,0.39
8639f6c6-72a48601176340a9,e1a5831a-8002f90b95c9a4f9,0.3333333333333333,0.352112676056338
2f8c3bf3-e73d8329c1717cd5,b6724dd9-9cb537caa0747bf8,0.3333333333333333,0.3548387096774194
f870e76b-3ba460b78b587d9b,f5fb1b62-b0f09cee8a09a971,0.3333333333333333,0.4430379746835443
5e8d1aaa-328206718fef18b7,fdd85afb-6dd1aa9cefb9a8e4,0.3333333333333333,0.3939393939393939
4d25818e-685916003c7f91bc,5e8d1aaa-328206718fef18b7,0.3333333333333333,0.35
1be078c4-32ca7e015a838482,a8e2cefc-6654f525bbc3acc5,0.3333333333333333,0.4
9fd33d5a-af26105191efe7e0,8c591975-af23e108a219677c,0.3333333333333333,0.35443037974683544
a3abac01-756b4f81847c03a8,ff3283cf-8274736030d5496c,0.3333333333333333,0.35555555555555557
a3abac01-756b4f81847c03a8,8a39dbf5-5c1f52301bb01d53,0.3333333333333333,0.35555555555555557
0b5cff5a-cbc0ded58ec456a2,505f8562-c13678a91e6cf7c5,0.3333333333333333,0.4090909090909091
c4d04ce7-9cf8f4a664363ab2,c1fef98f-93ce267168c6c5a3,0.3333333333333333,0.3918918918918919
7ae0cb0d-6f3db1cbc26cea1c,4fb09c5f-8831ec2acac02462,0.3333333333333333,0.4166666666666667
0b5cff5a-cbc0ded58ec456a2,4fb09c5f-8831ec2acac02462,0.3333333333333333,0.4393939393939394
56a90e79-59d76e891525abc3,fc80cbe0-ea5e5e8bb4665a02,0.3333333333333333,0.43661971830985913
28c2d81a-e2ec233423815bfa,68d422ec-8e2a4607563a1184,0.3333333333333333,0.64
f28b8cb4-1e050d8f56be3b93,ed37ba7d-26b084b47630173e,0.33183856502242154,0.40217391304347827
d77f722c-85273902dd178793,f5fb1b62-b0f09cee8a09a971,0.33170731707317075,0.4594594594594595
4548305b-59b7534a6e2eb29c,ed37ba7d-26b084b47630173e,0.3316582914572864,0.4852941176470588
00c0b82a-a23297c71634ae34,10bbe9de-2f884914858d5d43,0.3316582914572864,0.4714285714285714
96cd6ee9-b4b6f058bca794bd,ff3283cf-8274736030d5496c,0.3316582914572864,0.3402061855670103
96cd6ee9-b4b6f058bca794bd,8a39dbf5-5c1f52301bb01d53,0.3316582914572864,0.3402061855670103
5288afb7-d4163ec84d18479e,ff3283cf-8274736030d5496c,0.3316062176165803,0.3516483516483517
5288afb7-d4163ec84d18479e,8a39dbf5-5c1f52301bb01d53,0.3316062176165803,0.3516483516483517
67241a76-381872dc8a0168c2,04df7bb8-fb43ee8f991e01a2,0.3316062176165803,0.34408602150537637
2f8c3bf3-e73d8329c1717cd5,f5fb1b62-b0f09cee8a09a971,0.3316062176165803,0.5161290322580645
a3abac01-756b4f81847c03a8,71c7ac71-4925edee1db76573,0.3316062176165803,0.35555555555555557
28c2d81a-e2ec233423815bfa,ed37ba7d-26b084b47630173e,0.3314917127071823,0.6
4548305b-59b7534a6e2eb29c,1a400c1b-0e9438ab89a10e6d,0.3314917127071823,0.4411764705882353
48993e07-ef4d50df85eb7e96,312d9460-d4e6393f614dfffb,0.33136094674556216,0.39436619718309857
8639f6c6-72a48601176340a9,f28b8cb4-1e050d8f56be3b93,0.3312883435582822,0.38028169014084506
c4d04ce7-9cf8f4a664363ab2,3cbcb1cc-7b7f34abbfcad355,0.33121019108280253,0.35135135135135137
259c1ea4-fe7cb4000a94c098,f870e76b-3ba460b78b587d9b,0.33121019108280253,0.3333333333333333
810cf242-d53df3adf0b7bf56,505f8562-c13678a91e6cf7c5,0.33121019108280253,0.4262295081967213
c4d04ce7-9cf8f4a664363ab2,6045e5d1-7b7f34abbfcad355,0.33121019108280253,0.35135135135135137
ea2fc2bc-3044709d8ffadf97,67241a76-381872dc8a0168c2,0.33112582781456956,0.43103448275862066
2f8c3bf3-e73d8329c1717cd5,8c591975-af23e108a219677c,0.33112582781456956,0.4032258064516129
fa484fdd-d4c4bc5b8a7183da,df594a00-86207ca113146fd3,0.3310344827586207,0.42105263157894735
c57a973e-8bec26d0d270b7e2,0048a372-6eaed78fa1daac8a,0.3310344827586207,0.36363636363636365
3cf63146-ed96a88172a99b64,aaccc000-cd3027809553b409,0.33093525179856115,0.3333333333333333
28c2d81a-e2ec233423815bfa,3cbcb1cc-7b7f34abbfcad355,0.3308270676691729,0.44
28c2d81a-e2ec233423815bfa,6045e5d1-7b7f34abbfcad355,0.3308270676691729,0.44
8f6421f3-ee31a7da9e3d7f85,c4d04ce7-9cf8f4a664363ab2,0.33070866141732286,0.39622641509433965
28c2d81a-e2ec233423815bfa,268eb6c6-42aa9c40dfc146f9,0.33070866141732286,0.42
04df7bb8-fb43ee8f991e01a2,68d422ec-8e2a4607563a1184,0.3305785123966942,0.4
0adb1ee5-5c11ad888fca8057,ed37ba7d-26b084b47630173e,0.33035714285714285,0.3978494623655914
3380fa52-8f91b9d91f6310aa,b505f95e-1e7b44155e86a4a4,0.330188679245283,0.35
0048a372-6eaed78fa1daac8a,fc80cbe0-ea5e5e8bb4665a02,0.32989690721649484,0.4050632911392405
3cf63146-ed96a88172a99b64,1a400c1b-0e9438ab89a10e6d,0.32967032967032966,0.43478260869565216
079ad09e-6c66ff5d51abed6f,3380fa52-8f91b9d91f6310aa,0.32954545454545453,0.3815789473684211
20012377-d788dc5bfb094ca7,3380fa52-8f91b9d91f6310aa,0.32954545454545453,0.3815789473684211
8639f6c6-72a48601176340a9,953ac418-15324feaea2d4e8e,0.32941176470588235,0.39436619718309857
c4d04ce7-9cf8f4a664363ab2,505f8562-c13678a91e6cf7c5,0.32941176470588235,0.3783783783783784
ea2fc2bc-3044709d8ffadf97,b505f95e-1e7b44155e86a4a4,0.32941176470588235,0.4827586206896552
268eb6c6-42aa9c40dfc146f9,0adb1ee5-5c11ad888fca8057,0.32941176470588235,0.36363636363636365
259c1ea4-fe7cb4000a94c098,c220c822-8f151b0df1073ade,0.32926829268292684,0.34615384615384615
9fd33d5a-af26105191efe7e0,e1a5831a-8002f90b95c9a4f9,0.3291139240506329,0.3291139240506329
8639f6c6-72a48601176340a9,1ea771ea-31982b8d0676dce6,0.32894736842105265,0.352112676056338
df594a00-86207ca113146fd3,ed37ba7d-26b084b47630173e,0.3287671232876712,0.4090909090909091
5e8d1aaa-328206718fef18b7,d77f722c-85273902dd178793,0.32857142857142857,0.3484848484848485
c57a973e-8bec26d0d270b7e2,c4d04ce7-9cf8f4a664363ab2,0.32857142857142857,0.3484848484848485
2b2d3b84-8002a3802a32a0bb,10bbe9de-2f884914858d5d43,0.3285024154589372,0.4358974358974359
08b9908d-1e461d7c84f5af2e,ff3283cf-8274736030d5496c,0.328042328042328,0.3563218390804598
08b9908d-1e461d7c84f5af2e,8a39dbf5-5c1f52301bb01d53,0.328042328042328,0.3563218390804598
ea2fc2bc-3044709d8ffadf97,f5fb1b62-b0f09cee8a09a971,0.328042328042328,0.5344827586206896
be3b1289-62071cd8d4a4e6d3,ff3283cf-8274736030d5496c,0.32786885245901637,0.37037037037037035
be3b1289-62071cd8d4a4e6d3,8a39dbf5-5c1f52301bb01d53,0.32786885245901637,0.37037037037037035
aaccc000-cd3027809553b409,1a400c1b-0e9438ab89a10e6d,0.32786885245901637,0.42857142857142855
ec607ca1-616e9cd4d73a5de6,a3abac01-756b4f81847c03a8,0.327683615819209,0.3333333333333333
1ea771ea-31982b8d0676dce6,505f8562-c13678a91e6cf7c5,0.327683615819209,0.35802469135802467
268eb6c6-42aa9c40dfc146f9,3380fa52-8f91b9d91f6310aa,0.327683615819209,0.37662337662337664
a4e1511a-cebe30b4d1384ef0,0adb1ee5-5c11ad888fca8057,0.32748538011695905,0.358974358974359
be3b1289-62071cd8d4a4e6d3,fdd85afb-6dd1aa9cefb9a8e4,0.32748538011695905,0.345679012345679
56a90e79-59d76e891525abc3,c1fef98f-93ce267168c6c5a3,0.32748538011695905,0.39436619718309857
1be078c4-32ca7e015a838482,3380fa52-8f91b9d91f6310aa,0.32727272727272727,0.4153846153846154
aaccc000-cd3027809553b409,8c591975-af23e108a219677c,0.3270440251572327,0.37142857142857144
0fdc80c5-b9cc17385a6b997a,0adb1ee5-5c11ad888fca8057,0.32679738562091504,0.4166666666666667
b9219544-4f0b882ccebbb0e7,a8e2cefc-6654f525bbc3acc5,0.32679738562091504,0.4032258064516129
8c591975-af23e108a219677c,1a400c1b-0e9438ab89a10e6d,0.32673267326732675,0.3707865168539326
67241a76-381872dc8a0168c2,71c7ac71-4925edee1db76573,0.32653061224489793,0.34408602150537637
aaccc000-cd3027809553b409,48993e07-ef4d50df85eb7e96,0.3262411347517731,0.32857142857142857
8f6421f3-ee31a7da9e3d7f85,f5fb1b62-b0f09cee8a09a971,0.32608695652173914,0.5660377358490566
810cf242-d53df3adf0b7bf56,c4d04ce7-9cf8f4a664363ab2,0.32592592592592595,0.36065573770491804
8f778337-feb0d359ab443e78,ed37ba7d-26b084b47630173e,0.3257918552036199,0.4
f28b8cb4-1e050d8f56be3b93,10bbe9de-2f884914858d5d43,0.3257918552036199,0.391304347826087
f870e76b-3ba460b78b587d9b,f339ef6f-605077274c5e20e4,0.32558139534883723,0.35443037974683544
b6724dd9-9cb537caa0747bf8,ff3283cf-8274736030d5496c,0.32558139534883723,0.4
b6724dd9-9cb537caa0747bf8,8a39dbf5-5c1f52301bb01d53,0.32558139534883723,0.4
f870e76b-3ba460b78b587d9b,67241a76-381872dc8a0168c2,0.32558139534883723,0.35443037974683544
c0aa6246-5388e8e2352267ce,8c591975-af23e108a219677c,0.32558139534883723,0.3373493975903614
e18ae6a1-56bf552fc9e76a67,e7024f3e-4076641a4a18b6d7,0.3253588516746411,0.4473684210526316
0b5cff5a-cbc0ded58ec456a2,c1fef98f-93ce267168c6c5a3,0.3253012048192771,0.4090909090909091
aaccc000-cd3027809553b409,a3abac01-756b4f81847c03a8,0.325,0.37142857142857144
0fdc80c5-b9cc17385a6b997a,c1fef98f-93ce267168c6c5a3,0.325,0.43333333333333335
fdd85afb-6dd1aa9cefb9a8e4,968c1e7e-01f85653c0f76e74,0.325,0.43333333333333335
c4d04ce7-9cf8f4a664363ab2,c220c822-8f151b0df1073ade,0.325,0.35135135135135137
f28b8cb4-1e050d8f56be3b93,ba9b94f7-61dd5eaa4f08713e,0.3248730964467005,0.34782608695652173
967b67b0-af35838eb0b75e7d,8f778337-feb0d359ab443e78,0.3246753246753247,0.390625
80c384e4-af35838eb0b75e7d,8f778337-feb0d359ab443e78,0.3246753246753247,0.390625
a8e2cefc-6654f525bbc3acc5,c1fef98f-93ce267168c6c5a3,0.32460732984293195,0.34065934065934067
4d25818e-685916003c7f91bc,f5fb1b62-b0f09cee8a09a971,0.32460732984293195,0.5166666666666667
2b2d3b84-8002a3802a32a0bb,1a400c1b-0e9438ab89a10e6d,0.32460732984293195,0.3974358974358974
96cd6ee9-b4b6f058bca794bd,f5fb1b62-b0f09cee8a09a971,0.32456140350877194,0.38144329896907214
fadc1365-18491264f0f6840e,fcbe7917-527b4c7bcd90e160,0.32432432432432434,0.43636363636363634
e6a6e318-9f688e48dd5ac428,fcbe7917-527b4c7bcd90e160,0.32432432432432434,0.43636363636363634
8c591975-af23e108a219677c,fdd85afb-6dd1aa9cefb9a8e4,0.3240223463687151,0.3258426966292135
8c591975-af23e108a219677c,a3abac01-756b4f81847c03a8,0.3240223463687151,0.3258426966292135
4d25818e-685916003c7f91bc,968c1e7e-01f85653c0f76e74,0.3238095238095238,0.5666666666666667
11c2ab99-836a13764460b298,fc80cbe0-ea5e5e8bb4665a02,0.3236994219653179,0.4827586206896552
c0aa6246-5388e8e2352267ce,8f778337-feb0d359ab443e78,0.3236994219653179,0.3373493975903614
bdfe8110-ffa623ef7fcc38d6,fc80cbe0-ea5e5e8bb4665a02,0.3236994219653179,0.4827586206896552
be3b1289-62071cd8d4a4e6d3,c220c822-8f151b0df1073ade,0.32335329341317365,0.3333333333333333
268eb6c6-42aa9c40dfc146f9,8f778337-feb0d359ab443e78,0.32335329341317365,0.35064935064935066
d77f722c-85273902dd178793,0adb1ee5-5c11ad888fca8057,0.32335329341317365,0.36486486486486486
259c1ea4-fe7cb4000a94c098,c0aa6246-5388e8e2352267ce,0.32298136645962733,0.3333333333333333
f28b8cb4-1e050d8f56be3b93,c1fef98f-93ce267168c6c5a3,0.3229166666666667,0.33695652173913043
fadc1365-18491264f0f6840e,ed37ba7d-26b084b47630173e,0.3225806451612903,0.5454545454545454
e6a6e318-9f688e48dd5ac428,ed37ba7d-26b084b47630173e,0.3225806451612903,0.5454545454545454
7ae0cb0d-6f3db1cbc26cea1c,3cbcb1cc-7b7f34abbfcad355,0.3225806451612903,0.3472222222222222
967b67b0-af35838eb0b75e7d,a8e2cefc-6654f525bbc3acc5,0.3225806451612903,0.390625
80c384e4-af35838eb0b75e7d,a8e2cefc-6654f525bbc3acc5,0.3225806451612903,0.390625
2f8c3bf3-e73d8329c1717cd5,67241a76-381872dc8a0168c2,0.3225806451612903,0.4032258064516129
0b5cff5a-cbc0ded58ec456a2,8c591975-af23e108a219677c,0.3225806451612903,0.3787878787878788
7ae0cb0d-6f3db1cbc26cea1c,6045e5d1-7b7f34abbfcad355,0.3225806451612903,0.3472222222222222
fadc1365-18491264f0f6840e,d12f26f0-817b664803bfb06a,0.3221476510067114,0.43636363636363634
e6a6e318-9f688e48dd5ac428,d12f26f0-817b664803bfb06a,0.3221476510067114,0.43636363636363634
28c2d81a-e2ec233423815bfa,953ac418-15324feaea2d4e8e,0.3221476510067114,0.48
f28b8cb4-1e050d8f56be3b93,1a400c1b-0e9438ab89a10e6d,0.32195121951219513,0.358695652173913
c220c822-8f151b0df1073ade,df594a00-86207ca113146fd3,0.3218390804597701,0.32558139534883723
8639f6c6-72a48601176340a9,71c7ac71-4925edee1db76573,0.3218390804597701,0.39436619718309857
96cd6ee9-b4b6f058bca794bd,e7024f3e-4076641a4a18b6d7,0.3217391304347826,0.38144329896907214
bb0949b3-b5937c6bbc0c4cf2,c4d04ce7-9cf8f4a664363ab2,0.32167832167832167,0.3333333333333333
4548305b-59b7534a6e2eb29c,f5fb1b62-b0f09cee8a09a971,0.32160804020100503,0.47058823529411764
b6724dd9-9cb537caa0747bf8,10bbe9de-2f884914858d5d43,0.32160804020100503,0.45714285714285713
0fdc80c5-b9cc17385a6b997a,4fb09c5f-8831ec2acac02462,0.32142857142857145,0.45
4548305b-59b7534a6e2eb29c,968c1e7e-01f85653c0f76e74,0.3211009174311927,0.5147058823529411
48993e07-ef4d50df85eb7e96,a8e2cefc-6654f525bbc3acc5,0.32098765432098764,0.36619718309859156
7ae0cb0d-6f3db1cbc26cea1c,fc80cbe0-ea5e5e8bb4665a02,0.32085561497326204,0.4166666666666667
312d9460-d4e6393f614dfffb,e7024f3e-4076641a4a18b6d7,0.3203463203463203,0.37755102040816324
fadc1365-18491264f0f6840e,b6724dd9-9cb537caa0747bf8,0.32,0.36363636363636365
e6a6e318-9f688e48dd5ac428,b6724dd9-9cb537caa0747bf8,0.32,0.36363636363636365
11c2ab99-836a13764460b298,68d422ec-8e2a4607563a1184,0.32,0.5517241379310345
28c2d81a-e2ec233423815bfa,968c1e7e-01f85653c0f76e74,0.32,0.64
bdfe8110-ffa623ef7fcc38d6,68d422ec-8e2a4607563a1184,0.32,0.5517241379310345
e18ae6a1-56bf552fc9e76a67,f339ef6f-605077274c5e20e4,0.31952662721893493,0.35526315789473684
aaccc000-cd3027809553b409,c4d04ce7-9cf8f4a664363ab2,0.3194444444444444,0.32857142857142857
1be078c4-32ca7e015a838482,9fd33d5a-af26105191efe7e0,0.3194444444444444,0.35384615384615387
c1fef98f-93ce267168c6c5a3,1a400c1b-0e9438ab89a10e6d,0.3192488262910798,0.34
8f778337-feb0d359ab443e78,312d9460-d4e6393f614dfffb,0.3191489361702128,0.3333333333333333
5e8d1aaa-328206718fef18b7,96cd6ee9-b4b6f058bca794bd,0.31901840490797545,0.3939393939393939
5e8d1aaa-328206718fef18b7,7ae0cb0d-6f3db1cbc26cea1c,0.3188405797101449,0.3333333333333333
967b67b0-af35838eb0b75e7d,c4d04ce7-9cf8f4a664363ab2,0.3188405797101449,0.34375
80c384e4-af35838eb0b75e7d,c4d04ce7-9cf8f4a664363ab2,0.3188405797101449,0.34375
079ad09e-6c66ff5d51abed6f,968c1e7e-01f85653c0f76e74,0.3185840707964602,0.47368421052631576
20012377-d788dc5bfb094ca7,968c1e7e-01f85653c0f76e74,0.3185840707964602,0.47368421052631576
0b5cff5a-cbc0ded58ec456a2,5288afb7-d4163ec84d18479e,0.3184713375796178,0.3787878787878788
aaccc000-cd3027809553b409,08b9908d-1e461d7c84f5af2e,0.3184713375796178,0.35714285714285715
aaccc000-cd3027809553b409,ec607ca1-616e9cd4d73a5de6,0.3184713375796178,0.35714285714285715
a7894e0b-4e44f93da3e1e8f0,953ac418-15324feaea2d4e8e,0.3184713375796178,0.43103448275862066
7ae0cb0d-6f3db1cbc26cea1c,10bbe9de-2f884914858d5d43,0.31840796019900497,0.4444444444444444
c0aa6246-5388e8e2352267ce,fcbe7917-527b4c7bcd90e160,0.3181818181818182,0.3373493975903614
2b2d3b84-8002a3802a32a0bb,68d422ec-8e2a4607563a1184,0.3181818181818182,0.44871794871794873
ea2fc2bc-3044709d8ffadf97,f339ef6f-605077274c5e20e4,0.31788079470198677,0.41379310344827586
11c2ab99-836a13764460b298,fcbe7917-527b4c7bcd90e160,0.31788079470198677,0.41379310344827586
bdfe8110-ffa623ef7fcc38d6,fcbe7917-527b4c7bcd90e160,0.31788079470198677,0.41379310344827586
810cf242-d53df3adf0b7bf56,85125ecb-495c620601720f05,0.31788079470198677,0.39344262295081966
aaccc000-cd3027809553b409,c1fef98f-93ce267168c6c5a3,0.3176470588235294,0.38571428571428573
56a90e79-59d76e891525abc3,953ac418-15324feaea2d4e8e,0.3176470588235294,0.38028169014084506
f339ef6f-605077274c5e20e4,505f8562-c13678a91e6cf7c5,0.31746031746031744,0.3225806451612903
11c2ab99-836a13764460b298,ed37ba7d-26b084b47630173e,0.31746031746031744,0.5172413793103449
a7894e0b-4e44f93da3e1e8f0,ed37ba7d-26b084b47630173e,0.31746031746031744,0.5172413793103449
bdfe8110-ffa623ef7fcc38d6,ed37ba7d-26b084b47630173e,0.31746031746031744,0.5172413793103449
fdd85afb-6dd1aa9cefb9a8e4,953ac418-15324feaea2d4e8e,0.31746031746031744,0.3333333333333333
67241a76-381872dc8a0168c2,505f8562-c13678a91e6cf7c5,0.31746031746031744,0.3225806451612903
8c591975-af23e108a219677c,3380fa52-8f91b9d91f6310aa,0.31746031746031744,0.33707865168539325
48993e07-ef4d50df85eb7e96,c4d04ce7-9cf8f4a664363ab2,0.31724137931034485,0.323943661971831
3cbcb1cc-7b7f34abbfcad355,c1fef98f-93ce267168c6c5a3,0.31693989071038253,0.3493975903614458
a8e2cefc-6654f525bbc3acc5,f28b8cb4-1e050d8f56be3b93,0.31693989071038253,0.31868131868131866
fdd85afb-6dd1aa9cefb9a8e4,fcbe7917-527b4c7bcd90e160,0.31693989071038253,0.32222222222222224
6045e5d1-7b7f34abbfcad355,c1fef98f-93ce267168c6c5a3,0.31693989071038253,0.3493975903614458
04df7bb8-fb43ee8f991e01a2,ff3283cf-8274736030d5496c,0.31683168316831684,0.32
04df7bb8-fb43ee8f991e01a2,8a39dbf5-5c1f52301bb01d53,0.31683168316831684,0.32
4f7af821-1edc6f9d9d4cfda9,68d422ec-8e2a4607563a1184,0.31683168316831684,0.5333333333333333
85125ecb-495c620601720f05,ed37ba7d-26b084b47630173e,0.3167420814479638,0.3888888888888889
1be078c4-32ca7e015a838482,67241a76-381872dc8a0168c2,0.31645569620253167,0.38461538461538464
a7894e0b-4e44f93da3e1e8f0,3380fa52-8f91b9d91f6310aa,0.31645569620253167,0.43103448275862066
967b67b0-af35838eb0b75e7d,1a400c1b-0e9438ab89a10e6d,0.3163841807909605,0.4375
80c384e4-af35838eb0b75e7d,1a400c1b-0e9438ab89a10e6d,0.3163841807909605,0.4375
f28b8cb4-1e050d8f56be3b93,68d422ec-8e2a4607563a1184,0.3162393162393162,0.40217391304347827
3c667d4f-524cd7f06bda5cb0,968c1e7e-01f85653c0f76e74,0.3157894736842105,0.559322033898305
3cf63146-ed96a88172a99b64,3cbcb1cc-7b7f34abbfcad355,0.3157894736842105,0.34782608695652173
3cf63146-ed96a88172a99b64,6045e5d1-7b7f34abbfcad355,0.3157894736842105,0.34782608695652173
11c2ab99-836a13764460b298,d12f26f0-817b664803bfb06a,0.3157894736842105,0.41379310344827586
bdfe8110-ffa623ef7fcc38d6,d12f26f0-817b664803bfb06a,0.3157894736842105,0.41379310344827586
8f6421f3-ee31a7da9e3d7f85,953ac418-15324feaea2d4e8e,0.3157894736842105,0.4528301886792453
259c1ea4-fe7cb4000a94c098,0adb1ee5-5c11ad888fca8057,0.3157894736842105,0.34615384615384615
ea2fc2bc-3044709d8ffadf97,1a400c1b-0e9438ab89a10e6d,0.3157894736842105,0.46551724137931033
079ad09e-6c66ff5d51abed6f,e7024f3e-4076641a4a18b6d7,0.3157894736842105,0.4342105263157895
20012377-d788dc5bfb094ca7,e7024f3e-4076641a4a18b6d7,0.3157894736842105,0.4342105263157895
a8e2cefc-6654f525bbc3acc5,968c1e7e-01f85653c0f76e74,0.3153526970954357,0.4175824175824176
8f6421f3-ee31a7da9e3d7f85,968c1e7e-01f85653c0f76e74,0.31527093596059114,0.6037735849056604
be3b1289-62071cd8d4a4e6d3,71c7ac71-4925edee1db76573,0.31521739130434784,0.35802469135802467
a8e2cefc-6654f525bbc3acc5,0adb1ee5-5c11ad888fca8057,0.31521739130434784,0.31868131868131866
fdd85afb-6dd1aa9cefb9a8e4,d12f26f0-817b664803bfb06a,0.31521739130434784,0.32222222222222224
d77f722c-85273902dd178793,5288afb7-d4163ec84d18479e,0.3151515151515151,0.35135135135135137
7ae0cb0d-6f3db1cbc26cea1c,fcbe7917-527b4c7bcd90e160,0.3151515151515151,0.3611111111111111
7ae0cb0d-6f3db1cbc26cea1c,67241a76-381872dc8a0168c2,0.3151515151515151,0.3611111111111111
8f6421f3-ee31a7da9e3d7f85,0adb1ee5-5c11ad888fca8057,0.3150684931506849,0.4339622641509434
0adb1ee5-5c11ad888fca8057,68d422ec-8e2a4607563a1184,0.3148936170212766,0.3978494623655914
c57a973e-8bec26d0d270b7e2,968c1e7e-01f85653c0f76e74,0.3148148148148148,0.5151515151515151
079ad09e-6c66ff5d51abed6f,3cbcb1cc-7b7f34abbfcad355,0.31446540880503143,0.32894736842105265
20012377-d788dc5bfb094ca7,3cbcb1cc-7b7f34abbfcad355,0.31446540880503143,0.32894736842105265
3cf63146-ed96a88172a99b64,8f778337-feb0d359ab443e78,0.31446540880503143,0.36231884057971014
079ad09e-6c66ff5d51abed6f,6045e5d1-7b7f34abbfcad355,0.31446540880503143,0.32894736842105265
20012377-d788dc5bfb094ca7,6045e5d1-7b7f34abbfcad355,0.31446540880503143,0.32894736842105265
505f8562-c13678a91e6cf7c5,e7024f3e-4076641a4a18b6d7,0.314410480349345,0.375
9fd33d5a-af26105191efe7e0,f5fb1b62-b0f09cee8a09a971,0.3142857142857143,0.4177215189873418
0fdc80c5-b9cc17385a6b997a,f5fb1b62-b0f09cee8a09a971,0.31413612565445026,0.5
4f7af821-1edc6f9d9d4cfda9,f5fb1b62-b0f09cee8a09a971,0.31413612565445026,0.5
079ad09e-6c66ff5d51abed6f,fc80cbe0-ea5e5e8bb4665a02,0.31413612565445026,0.39473684210526316
2f8c3bf3-e73d8329c1717cd5,10bbe9de-2f884914858d5d43,0.31413612565445026,0.4838709677419355
20012377-d788dc5bfb094ca7,fc80cbe0-ea5e5e8bb4665a02,0.31413612565445026,0.39473684210526316
c1fef98f-93ce267168c6c5a3,68d422ec-8e2a4607563a1184,0.3140495867768595,0.38
1ea771ea-31982b8d0676dce6,5288afb7-d4163ec84d18479e,0.313953488372093,0.3333333333333333
0048a372-6eaed78fa1daac8a,0adb1ee5-5c11ad888fca8057,0.313953488372093,0.34177215189873417
3cbcb1cc-7b7f34abbfcad355,8c591975-af23e108a219677c,0.313953488372093,0.3253012048192771
6045e5d1-7b7f34abbfcad355,8c591975-af23e108a219677c,0.313953488372093,0.3253012048192771
f28b8cb4-1e050d8f56be3b93,f5fb1b62-b0f09cee8a09a971,0.31390134529147984,0.3804347826086957
4d25818e-685916003c7f91bc,f339ef6f-605077274c5e20e4,0.3137254901960784,0.4
4d25818e-685916003c7f91bc,67241a76-381872dc8a0168c2,0.3137254901960784,0.4
f28b8cb4-1e050d8f56be3b93,0adb1ee5-5c11ad888fca8057,0.31351351351351353,0.31521739130434784
48c5f745-76116075ca0bc0f4,b6724dd9-9cb537caa0747bf8,0.31343283582089554,0.328125
4d25818e-685916003c7f91bc,c4d04ce7-9cf8f4a664363ab2,0.31343283582089554,0.35
3cbcb1cc-7b7f34abbfcad355,fc80cbe0-ea5e5e8bb4665a02,0.31313131313131315,0.37349397590361444
6045e5d1-7b7f34abbfcad355,fc80cbe0-ea5e5e8bb4665a02,0.31313131313131315,0.37349397590361444
bb0949b3-b5937c6bbc0c4cf2,10bbe9de-2f884914858d5d43,0.31313131313131315,0.4492753623188406
8c591975-af23e108a219677c,8f778337-feb0d359ab443e78,0.3128491620111732,0.3146067415730337
c220c822-8f151b0df1073ade,fcbe7917-527b4c7bcd90e160,0.3128491620111732,0.32558139534883723
fcbe7917-527b4c7bcd90e160,ed37ba7d-26b084b47630173e,0.3125,0.3763440860215054
810cf242-d53df3adf0b7bf56,953ac418-15324feaea2d4e8e,0.3125,0.4098360655737705
8639f6c6-72a48601176340a9,8c591975-af23e108a219677c,0.3125,0.352112676056338
d77f722c-85273902dd178793,ed37ba7d-26b084b47630173e,0.3121951219512195,0.43243243243243246
e18ae6a1-56bf552fc9e76a67,10bbe9de-2f884914858d5d43,0.3121951219512195,0.42105263157894735
7ae0cb0d-6f3db1cbc26cea1c,e7024f3e-4076641a4a18b6d7,0.3121951219512195,0.4444444444444444
ee270b2a-4a0d00c96498d123,e7024f3e-4076641a4a18b6d7,0.3121951219512195,0.4444444444444444
0fdc80c5-b9cc17385a6b997a,1a400c1b-0e9438ab89a10e6d,0.31213872832369943,0.45
810cf242-d53df3adf0b7bf56,b505f95e-1e7b44155e86a4a4,0.31213872832369943,0.4426229508196721
ec607ca1-616e9cd4d73a5de6,ed37ba7d-26b084b47630173e,0.3119266055045872,0.39080459770114945
3cbcb1cc-7b7f34abbfcad355,71c7ac71-4925edee1db76573,0.3118279569892473,0.3493975903614458
fa484fdd-d4c4bc5b8a7183da,10bbe9de-2f884914858d5d43,0.3118279569892473,0.5087719298245614
c220c822-8f151b0df1073ade,3380fa52-8f91b9d91f6310aa,0.3118279569892473,0.3372093023255814
6045e5d1-7b7f34abbfcad355,71c7ac71-4925edee1db76573,0.3118279569892473,0.3493975903614458
810cf242-d53df3adf0b7bf56,f339ef6f-605077274c5e20e4,0.3116883116883117,0.39344262295081966
c1fef98f-93ce267168c6c5a3,f5fb1b62-b0f09cee8a09a971,0.3116883116883117,0.36
810cf242-d53df3adf0b7bf56,fcbe7917-527b4c7bcd90e160,0.3116883116883117,0.39344262295081966
fadc1365-18491264f0f6840e,953ac418-15324feaea2d4e8e,0.3116883116883117,0.43636363636363634
e6a6e318-9f688e48dd5ac428,953ac418-15324feaea2d4e8e,0.3116883116883117,0.43636363636363634
ec607ca1-616e9cd4d73a5de6,b505f95e-1e7b44155e86a4a4,0.31155778894472363,0.3563218390804598
079ad09e-6c66ff5d51abed6f,5288afb7-d4163ec84d18479e,0.31137724550898205,0.34210526315789475
20012377-d788dc5bfb094ca7,5288afb7-d4163ec84d18479e,0.31137724550898205,0.34210526315789475
259c1ea4-fe7cb4000a94c098,8c591975-af23e108a219677c,0.31137724550898205,0.3333333333333333
be3b1289-62071cd8d4a4e6d3,ed37ba7d-26b084b47630173e,0.3113207547169811,0.4074074074074074
be3b1289-62071cd8d4a4e6d3,f5fb1b62-b0f09cee8a09a971,0.3113207547169811,0.4074074074074074
3cbcb1cc-7b7f34abbfcad355,68d422ec-8e2a4607563a1184,0.3111111111111111,0.42168674698795183
ea2fc2bc-3044709d8ffadf97,268eb6c6-42aa9c40dfc146f9,0.3111111111111111,0.3620689655172414
6045e5d1-7b7f34abbfcad355,68d422ec-8e2a4607563a1184,0.3111111111111111,0.42168674698795183
b9219544-4f0b882ccebbb0e7,f5fb1b62-b0f09cee8a09a971,0.31088082901554404,0.4838709677419355
b6724dd9-9cb537caa0747bf8,2b2d3b84-8002a3802a32a0bb,0.3108108108108108,0.32857142857142857
48c5f745-76116075ca0bc0f4,68d422ec-8e2a4607563a1184,0.3106796116504854,0.5
8639f6c6-72a48601176340a9,fdd85afb-6dd1aa9cefb9a8e4,0.3105590062111801,0.352112676056338
b9219544-4f0b882ccebbb0e7,953ac418-15324feaea2d4e8e,0.3105590062111801,0.4032258064516129
810cf242-d53df3adf0b7bf56,c1fef98f-93ce267168c6c5a3,0.3105590062111801,0.4098360655737705
56a90e79-59d76e891525abc3,71c7ac71-4925edee1db76573,0.3103448275862069,0.38028169014084506
71c7ac71-4925edee1db76573,68d422ec-8e2a4607563a1184,0.31020408163265306,0.36893203883495146
3cf63146-ed96a88172a99b64,f5fb1b62-b0f09cee8a09a971,0.31,0.4492753623188406
2f8c3bf3-e73d8329c1717cd5,f339ef6f-605077274c5e20e4,0.3096774193548387,0.3870967741935484
b9219544-4f0b882ccebbb0e7,f339ef6f-605077274c5e20e4,0.3096774193548387,0.3870967741935484
b9219544-4f0b882ccebbb0e7,fcbe7917-527b4c7bcd90e160,0.3096774193548387,0.3870967741935484
4d25818e-685916003c7f91bc,4fb09c5f-8831ec2acac02462,0.30952380952380953,0.43333333333333335
8f6421f3-ee31a7da9e3d7f85,fc80cbe0-ea5e5e8bb4665a02,0.30952380952380953,0.49056603773584906
4f7af821-1edc6f9d9d4cfda9,4fb09c5f-8831ec2acac02462,0.30952380952380953,0.43333333333333335
a4e1511a-cebe30b4d1384ef0,71c7ac71-4925edee1db76573,0.30939226519337015,0.358974358974359
5288afb7-d4163ec84d18479e,71c7ac71-4925edee1db76573,0.30927835051546393,0.32967032967032966
b6724dd9-9cb537caa0747bf8,f870e76b-3ba460b78b587d9b,0.3087248322147651,0.32857142857142857
c57a973e-8bec26d0d270b7e2,3cbcb1cc-7b7f34abbfcad355,0.3087248322147651,0.3484848484848485
c57a973e-8bec26d0d270b7e2,6045e5d1-7b7f34abbfcad355,0.3087248322147651,0.3484848484848485
ee270b2a-4a0d00c96498d123,fdd85afb-6dd1aa9cefb9a8e4,0.30864197530864196,0.3472222222222222
2f8c3bf3-e73d8329c1717cd5,c1fef98f-93ce267168c6c5a3,0.30864197530864196,0.4032258064516129
2f8c3bf3-e73d8329c1717cd5,3380fa52-8f91b9d91f6310aa,0.30864197530864196,0.4032258064516129
ec607ca1-616e9cd4d73a5de6,df594a00-86207ca113146fd3,0.30857142857142855,0.3103448275862069
8c591975-af23e108a219677c,953ac418-15324feaea2d4e8e,0.30851063829787234,0.3258426966292135
e1a5831a-8002f90b95c9a4f9,fdd85afb-6dd1aa9cefb9a8e4,0.3076923076923077,0.3291139240506329
b6724dd9-9cb537caa0747bf8,953ac418-15324feaea2d4e8e,0.3076923076923077,0.37142857142857144
f870e76b-3ba460b78b587d9b,71c7ac71-4925edee1db76573,0.3076923076923077,0.35443037974683544
5e8d1aaa-328206718fef18b7,71c7ac71-4925edee1db76573,0.3076923076923077,0.3939393939393939
a3abac01-756b4f81847c03a8,f5fb1b62-b0f09cee8a09a971,0.3076923076923077,0.37777777777777777
f5fb1b62-b0f09cee8a09a971,68d422ec-8e2a4607563a1184,0.3076923076923077,0.32061068702290074
11c2ab99-836a13764460b298,968c1e7e-01f85653c0f76e74,0.3076923076923077,0.5517241379310345
0b5cff5a-cbc0ded58ec456a2,8f778337-feb0d359ab443e78,0.3076923076923077,0.36363636363636365
0b5cff5a-cbc0ded58ec456a2,a3abac01-756b4f81847c03a8,0.3076923076923077,0.36363636363636365
bdfe8110-ffa623ef7fcc38d6,968c1e7e-01f85653c0f76e74,0.3076923076923077,0.5517241379310345
48993e07-ef4d50df85eb7e96,ed37ba7d-26b084b47630173e,0.3069306930693069,0.43661971830985913
56a90e79-59d76e891525abc3,ed37ba7d-26b084b47630173e,0.3069306930693069,0.43661971830985913
3380fa52-8f91b9d91f6310aa,ff3283cf-8274736030d5496c,0.3069306930693069,0.31
bb0949b3-b5937c6bbc0c4cf2,e7024f3e-4076641a4a18b6d7,0.3069306930693069,0.4492753623188406
3380fa52-8f91b9d91f6310aa,8a39dbf5-5c1f52301bb01d53,0.3069306930693069,0.31
08b9908d-1e461d7c84f5af2e,8c591975-af23e108a219677c,0.3068181818181818,0.3103448275862069
b6724dd9-9cb537caa0747bf8,fcbe7917-527b4c7bcd90e160,0.3067484662576687,0.35714285714285715
56a90e79-59d76e891525abc3,0048a372-6eaed78fa1daac8a,0.30666666666666664,0.323943661971831
5e8d1aaa-328206718fef18b7,8639f6c6-72a48601176340a9,0.30656934306569344,0.3181818181818182
ff3283cf-8274736030d5496c,e7024f3e-4076641a4a18b6d7,0.30638297872340425,0.35294117647058826
8a39dbf5-5c1f52301bb01d53,e7024f3e-4076641a4a18b6d7,0.30638297872340425,0.35294117647058826
a3abac01-756b4f81847c03a8,f339ef6f-605077274c5e20e4,0.30601092896174864,0.3111111111111111
a3abac01-756b4f81847c03a8,0adb1ee5-5c11ad888fca8057,0.30601092896174864,0.3111111111111111
48993e07-ef4d50df85eb7e96,953ac418-15324feaea2d4e8e,0.3058823529411765,0.36619718309859156
9fd33d5a-af26105191efe7e0,5288afb7-d4163ec84d18479e,0.3058823529411765,0.3291139240506329
2f8c3bf3-e73d8329c1717cd5,4fb09c5f-8831ec2acac02462,0.3058823529411765,0.41935483870967744
fadc1365-18491264f0f6840e,fc80cbe0-ea5e5e8bb4665a02,0.3058823529411765,0.4727272727272727
e6a6e318-9f688e48dd5ac428,fc80cbe0-ea5e5e8bb4665a02,0.3058823529411765,0.4727272727272727
2b2d3b84-8002a3802a32a0bb,0048a372-6eaed78fa1daac8a,0.3057324840764331,0.3076923076923077
11c2ab99-836a13764460b298,953ac418-15324feaea2d4e8e,0.3057324840764331,0.41379310344827586
ea2fc2bc-3044709d8ffadf97,953ac418-15324feaea2d4e8e,0.3057324840764331,0.41379310344827586
bdfe8110-ffa623ef7fcc38d6,953ac418-15324feaea2d4e8e,0.3057324840764331,0.41379310344827586
8639f6c6-72a48601176340a9,c220c822-8f151b0df1073ade,0.3057324840764331,0.3380281690140845
b6724dd9-9cb537caa0747bf8,d77f722c-85273902dd178793,0.3055555555555556,0.3142857142857143
00c0b82a-a23297c71634ae34,e7024f3e-4076641a4a18b6d7,0.3054187192118227,0.44285714285714284
3c667d4f-524cd7f06bda5cb0,f5fb1b62-b0f09cee8a09a971,0.30526315789473685,0.4915254237288136
fdd85afb-6dd1aa9cefb9a8e4,3380fa52-8f91b9d91f6310aa,0.30526315789473685,0.32222222222222224
d12f26f0-817b664803bfb06a,68d422ec-8e2a4607563a1184,0.3050847457627119,0.3829787234042553
1ea771ea-31982b8d0676dce6,68d422ec-8e2a4607563a1184,0.30493273542600896,0.41975308641975306
1ea771ea-31982b8d0676dce6,3cbcb1cc-7b7f34abbfcad355,0.3048780487804878,0.30864197530864196
c4d04ce7-9cf8f4a664363ab2,fdd85afb-6dd1aa9cefb9a8e4,0.3048780487804878,0.33783783783783783
1ea771ea-31982b8d0676dce6,6045e5d1-7b7f34abbfcad355,0.3048780487804878,0.30864197530864196
0fdc80c5-b9cc17385a6b997a,968c1e7e-01f85653c0f76e74,0.3047619047619048,0.5333333333333333
11c2ab99-836a13764460b298,f339ef6f-605077274c5e20e4,0.304635761589404,0.39655172413793105
bdfe8110-ffa623ef7fcc38d6,f339ef6f-605077274c5e20e4,0.304635761589404,0.39655172413793105
4548305b-59b7534a6e2eb29c,10bbe9de-2f884914858d5d43,0.30456852791878175,0.4411764705882353
c57a973e-8bec26d0d270b7e2,f5fb1b62-b0f09cee8a09a971,0.30456852791878175,0.45454545454545453
df594a00-86207ca113146fd3,68d422ec-8e2a4607563a1184,0.30434782608695654,0.3977272727272727
a8e2cefc-6654f525bbc3acc5,f339ef6f-605077274c5e20e4,0.30434782608695654,0.3076923076923077
5e8d1aaa-328206718fef18b7,ee270b2a-4a0d00c96498d123,0.30434782608695654,0.3181818181818182
ff3283cf-8274736030d5496c,fc80cbe0-ea5e5e8bb4665a02,0.30414746543778803,0.3235294117647059
8a39dbf5-5c1f52301bb01d53,fc80cbe0-ea5e5e8bb4665a02,0.30414746543778803,0.3235294117647059
c4d04ce7-9cf8f4a664363ab2,96cd6ee9-b4b6f058bca794bd,0.30409356725146197,0.35135135135135137
a7894e0b-4e44f93da3e1e8f0,1a400c1b-0e9438ab89a10e6d,0.30409356725146197,0.4482758620689655
3cf63146-ed96a88172a99b64,8c591975-af23e108a219677c,0.3037974683544304,0.34782608695652173
11c2ab99-836a13764460b298,e7024f3e-4076641a4a18b6d7,0.3036649214659686,0.5
bdfe8110-ffa623ef7fcc38d6,e7024f3e-4076641a4a18b6d7,0.3036649214659686,0.5
c0aa6246-5388e8e2352267ce,4fb09c5f-8831ec2acac02462,0.3036649214659686,0.3493975903614458
8639f6c6-72a48601176340a9,d77f722c-85273902dd178793,0.30344827586206896,0.30985915492957744
df594a00-86207ca113146fd3,fdd85afb-6dd1aa9cefb9a8e4,0.30337078651685395,0.3068181818181818
df594a00-86207ca113146fd3,a3abac01-756b4f81847c03a8,0.30337078651685395,0.3068181818181818
a4e1511a-cebe30b4d1384ef0,04df7bb8-fb43ee8f991e01a2,0.30337078651685395,0.34615384615384615
2b2d3b84-8002a3802a32a0bb,e7024f3e-4076641a4a18b6d7,0.3033175355450237,0.41025641025641024
c1fef98f-93ce267168c6c5a3,ed37ba7d-26b084b47630173e,0.30303030303030304,0.35
f5fb1b62-b0f09cee8a09a971,e7024f3e-4076641a4a18b6d7,0.30303030303030304,0.3053435114503817
8f778337-feb0d359ab443e78,4fb09c5f-8831ec2acac02462,0.30303030303030304,0.3333333333333333
810cf242-d53df3adf0b7bf56,8639f6c6-72a48601176340a9,0.30303030303030304,0.32786885245901637
ec607ca1-616e9cd4d73a5de6,f5fb1b62-b0f09cee8a09a971,0.30275229357798167,0.3793103448275862
c0aa6246-5388e8e2352267ce,ff3283cf-8274736030d5496c,0.3027027027027027,0.3373493975903614
c0aa6246-5388e8e2352267ce,8a39dbf5-5c1f52301bb01d53,0.3027027027027027,0.3373493975903614
3c667d4f-524cd7f06bda5cb0,f339ef6f-605077274c5e20e4,0.3026315789473684,0.3898305084745763
810cf242-d53df3adf0b7bf56,a8e2cefc-6654f525bbc3acc5,0.3026315789473684,0.3770491803278688
d12f26f0-817b664803bfb06a,f5fb1b62-b0f09cee8a09a971,0.3022222222222222,0.3617021276595745
259c1ea4-fe7cb4000a94c098,be3b1289-62071cd8d4a4e6d3,0.3018867924528302,0.3076923076923077
0fdc80c5-b9cc17385a6b997a,953ac418-15324feaea2d4e8e,0.3018867924528302,0.4
fa484fdd-d4c4bc5b8a7183da,ff3283cf-8274736030d5496c,0.3018867924528302,0.42105263157894735
fa484fdd-d4c4bc5b8a7183da,8a39dbf5-5c1f52301bb01d53,0.3018867924528302,0.42105263157894735
d77f722c-85273902dd178793,ba9b94f7-61dd5eaa4f08713e,0.3016759776536313,0.36486486486486486
0b5cff5a-cbc0ded58ec456a2,1a400c1b-0e9438ab89a10e6d,0.3016759776536313,0.4090909090909091
28c2d81a-e2ec233423815bfa,10bbe9de-2f884914858d5d43,0.3016759776536313,0.54
df594a00-86207ca113146fd3,f5fb1b62-b0f09cee8a09a971,0.3013698630136986,0.375
fadc1365-18491264f0f6840e,5288afb7-d4163ec84d18479e,0.3013698630136986,0.4
e6a6e318-9f688e48dd5ac428,5288afb7-d4163ec84d18479e,0.3013698630136986,0.4
7ae0cb0d-6f3db1cbc26cea1c,c4d04ce7-9cf8f4a664363ab2,0.3013698630136986,0.3055555555555556
96cd6ee9-b4b6f058bca794bd,68d422ec-8e2a4607563a1184,0.301255230125523,0.3711340206185567
268eb6c6-42aa9c40dfc146f9,8c591975-af23e108a219677c,0.30120481927710846,0.3246753246753247
967b67b0-af35838eb0b75e7d,68d422ec-8e2a4607563a1184,0.30097087378640774,0.484375
80c384e4-af35838eb0b75e7d,68d422ec-8e2a4607563a1184,0.30097087378640774,0.484375
268eb6c6-42aa9c40dfc146f9,10bbe9de-2f884914858d5d43,0.30097087378640774,0.4025974025974026
e18ae6a1-56bf552fc9e76a67,968c1e7e-01f85653c0f76e74,0.3008849557522124,0.4473684210526316
ea2fc2bc-3044709d8ffadf97,fc80cbe0-ea5e5e8bb4665a02,0.30057803468208094,0.4482758620689655
5e8d1aaa-328206718fef18b7,d12f26f0-817b664803bfb06a,0.3,0.36363636363636365
08b9908d-1e461d7c84f5af2e,1a400c1b-0e9438ab89a10e6d,0.3,0.3448275862068966
28c2d81a-e2ec233423815bfa,85125ecb-495c620601720f05,0.3,0.42
ee270b2a-4a0d00c96498d123,4fb09c5f-8831ec2acac02462,0.3,0.375
ba9b94f7-61dd5eaa4f08713e,fc80cbe0-ea5e5e8bb4665a02,0.3,0.3142857142857143
96cd6ee9-b4b6f058bca794bd,968c1e7e-01f85653c0f76e74,0.29959514170040485,0.38144329896907214
f28b8cb4-1e050d8f56be3b93,fc80cbe0-ea5e5e8bb4665a02,0.2995169082125604,0.33695652173913043
3c667d4f-524cd7f06bda5cb0,4fb09c5f-8831ec2acac02462,0.2994011976047904,0.423728813559322
3cf63146-ed96a88172a99b64,259c1ea4-fe7cb4000a94c098,0.29931972789115646,0.3188405797101449
5e8d1aaa-328206718fef18b7,1ea771ea-31982b8d0676dce6,0.29931972789115646,0.3333333333333333
fa484fdd-d4c4bc5b8a7183da,8f778337-feb0d359ab443e78,0.29931972789115646,0.38596491228070173
2b9dfed3-8642a36733054aca,ed37ba7d-26b084b47630173e,0.2992125984251969,0.3089430894308943
351c9206-8642a36733054aca,ed37ba7d-26b084b47630173e,0.2992125984251969,0.3089430894308943
fadc1365-18491264f0f6840e,ee270b2a-4a0d00c96498d123,0.2992125984251969,0.34545454545454546
e6a6e318-9f688e48dd5ac428,ee270b2a-4a0d00c96498d123,0.2992125984251969,0.34545454545454546
c4d04ce7-9cf8f4a664363ab2,3380fa52-8f91b9d91f6310aa,0.2988505747126437,0.35135135135135137
953ac418-15324feaea2d4e8e,68d422ec-8e2a4607563a1184,0.2987551867219917,0.36363636363636365
b6724dd9-9cb537caa0747bf8,f5fb1b62-b0f09cee8a09a971,0.29850746268656714,0.42857142857142855
c220c822-8f151b0df1073ade,fc80cbe0-ea5e5e8bb4665a02,0.29850746268656714,0.3488372093023256
df594a00-86207ca113146fd3,f339ef6f-605077274c5e20e4,0.2983425414364641,0.3068181818181818
8f778337-feb0d359ab443e78,a8e2cefc-6654f525bbc3acc5,0.2983425414364641,0.3
953ac418-15324feaea2d4e8e,10bbe9de-2f884914858d5d43,0.2982456140350877,0.3434343434343434
2b2d3b84-8002a3802a32a0bb,968c1e7e-01f85653c0f76e74,0.2982456140350877,0.4358974358974359
4548305b-59b7534a6e2eb29c,fcbe7917-527b4c7bcd90e160,0.2981366459627329,0.35294117647058826
ea2fc2bc-3044709d8ffadf97,71c7ac71-4925edee1db76573,0.2981366459627329,0.41379310344827586
810cf242-d53df3adf0b7bf56,3380fa52-8f91b9d91f6310aa,0.2981366459627329,0.39344262295081966
f870e76b-3ba460b78b587d9b,10bbe9de-2f884914858d5d43,0.2980769230769231,0.3924050632911392
9fd33d5a-af26105191efe7e0,10bbe9de-2f884914858d5d43,0.2980769230769231,0.3924050632911392
268eb6c6-42aa9c40dfc146f9,f5fb1b62-b0f09cee8a09a971,0.2980769230769231,0.4025974025974026
ea2fc2bc-3044709d8ffadf97,3cbcb1cc-7b7f34abbfcad355,0.2978723404255319,0.3620689655172414
ea2fc2bc-3044709d8ffadf97,6045e5d1-7b7f34abbfcad355,0.2978723404255319,0.3620689655172414
268eb6c6-42aa9c40dfc146f9,a8e2cefc-6654f525bbc3acc5,0.2976190476190476,0.3246753246753247
f339ef6f-605077274c5e20e4,ff3283cf-8274736030d5496c,0.29743589743589743,0.3118279569892473
f339ef6f-605077274c5e20e4,8a39dbf5-5c1f52301bb01d53,0.29743589743589743,0.3118279569892473
0adb1ee5-5c11ad888fca8057,ff3283cf-8274736030d5496c,0.29743589743589743,0.3118279569892473
2f8c3bf3-e73d8329c1717cd5,e7024f3e-4076641a4a18b6d7,0.29743589743589743,0.46774193548387094
0adb1ee5-5c11ad888fca8057,8a39dbf5-5c1f52301bb01d53,0.29743589743589743,0.3118279569892473
bb0949b3-b5937c6bbc0c4cf2,0048a372-6eaed78fa1daac8a,0.2972972972972973,0.3188405797101449
a8e2cefc-6654f525bbc3acc5,f5fb1b62-b0f09cee8a09a971,0.2972972972972973,0.3626373626373626
11c2ab99-836a13764460b298,b6724dd9-9cb537caa0747bf8,0.296875,0.3275862068965517
ea2fc2bc-3044709d8ffadf97,b6724dd9-9cb537caa0747bf8,0.296875,0.3275862068965517
bdfe8110-ffa623ef7fcc38d6,b6724dd9-9cb537caa0747bf8,0.296875,0.3275862068965517
fadc1365-18491264f0f6840e,3380fa52-8f91b9d91f6310aa,0.2967741935483871,0.41818181818181815
e6a6e318-9f688e48dd5ac428,3380fa52-8f91b9d91f6310aa,0.2967741935483871,0.41818181818181815
8f6421f3-ee31a7da9e3d7f85,10bbe9de-2f884914858d5d43,0.2967032967032967,0.5094339622641509
8c591975-af23e108a219677c,67241a76-381872dc8a0168c2,0.2967032967032967,0.30337078651685395
3cf63146-ed96a88172a99b64,0adb1ee5-5c11ad888fca8057,0.2962962962962963,0.34782608695652173
ee270b2a-4a0d00c96498d123,a3abac01-756b4f81847c03a8,0.2962962962962963,0.3333333333333333
4d25818e-685916003c7f91bc,10bbe9de-2f884914858d5d43,0.2962962962962963,0.4666666666666667
1ea771ea-31982b8d0676dce6,4fb09c5f-8831ec2acac02462,0.2962962962962963,0.345679012345679
bb0949b3-b5937c6bbc0c4cf2,67241a76-381872dc8a0168c2,0.2962962962962963,0.34782608695652173
0adb1ee5-5c11ad888fca8057,71c7ac71-4925edee1db76573,0.29591836734693877,0.3118279569892473
079ad09e-6c66ff5d51abed6f,f339ef6f-605077274c5e20e4,0.2958579881656805,0.32894736842105265
20012377-d788dc5bfb094ca7,f339ef6f-605077274c5e20e4,0.2958579881656805,0.32894736842105265
a4e1511a-cebe30b4d1384ef0,a8e2cefc-6654f525bbc3acc5,0.2958579881656805,0.32051282051282054
aaccc000-cd3027809553b409,953ac418-15324feaea2d4e8e,0.2958579881656805,0.35714285714285715
079ad09e-6c66ff5d51abed6f,67241a76-381872dc8a0168c2,0.2958579881656805,0.32894736842105265
20012377-d788dc5bfb094ca7,67241a76-381872dc8a0168c2,0.2958579881656805,0.32894736842105265
810cf242-d53df3adf0b7bf56,4fb09c5f-8831ec2acac02462,0.2958579881656805,0.4098360655737705
b6724dd9-9cb537caa0747bf8,e7024f3e-4076641a4a18b6d7,0.2955665024630542,0.42857142857142855
0048a372-6eaed78fa1daac8a,96cd6ee9-b4b6f058bca794bd,0.29545454545454547,0.3291139240506329
c220c822-8f151b0df1073ade,a3abac01-756b4f81847c03a8,0.29545454545454547,0.3023255813953488
11c2ab99-836a13764460b298,5288afb7-d4163ec84d18479e,0.2953020134228188,0.3793103448275862
a7894e0b-4e44f93da3e1e8f0,5288afb7-d4163ec84d18479e,0.2953020134228188,0.3793103448275862
bdfe8110-ffa623ef7fcc38d6,5288afb7-d4163ec84d18479e,0.2953020134228188,0.3793103448275862
4f7af821-1edc6f9d9d4cfda9,968c1e7e-01f85653c0f76e74,0.29523809523809524,0.5166666666666667
1a400c1b-0e9438ab89a10e6d,f5fb1b62-b0f09cee8a09a971,0.29508196721311475,0.3185840707964602
8639f6c6-72a48601176340a9,b505f95e-1e7b44155e86a4a4,0.29508196721311475,0.38028169014084506
b6724dd9-9cb537caa0747bf8,c220c822-8f151b0df1073ade,0.2948717948717949,0.32857142857142857
b6724dd9-9cb537caa0747bf8,0adb1ee5-5c11ad888fca8057,0.294478527607362,0.34285714285714286
e18ae6a1-56bf552fc9e76a67,08b9908d-1e461d7c84f5af2e,0.294478527607362,0.3157894736842105
967b67b0-af35838eb0b75e7d,953ac418-15324feaea2d4e8e,0.294478527607362,0.375
80c384e4-af35838eb0b75e7d,953ac418-15324feaea2d4e8e,0.294478527607362,0.375
0048a372-6eaed78fa1daac8a,a8e2cefc-6654f525bbc3acc5,0.29411764705882354,0.31645569620253167
f870e76b-3ba460b78b587d9b,a8e2cefc-6654f525bbc3acc5,0.29411764705882354,0.31645569620253167
3cbcb1cc-7b7f34abbfcad355,d12f26f0-817b664803bfb06a,0.2937853107344633,0.3132530120481928
6045e5d1-7b7f34abbfcad355,d12f26f0-817b664803bfb06a,0.2937853107344633,0.3132530120481928
c4d04ce7-9cf8f4a664363ab2,71c7ac71-4925edee1db76573,0.2937853107344633,0.35135135135135137
b9219544-4f0b882ccebbb0e7,fc80cbe0-ea5e5e8bb4665a02,0.2937853107344633,0.41935483870967744
8f6421f3-ee31a7da9e3d7f85,85125ecb-495c620601720f05,0.2937062937062937,0.39622641509433965
48993e07-ef4d50df85eb7e96,0048a372-6eaed78fa1daac8a,0.29333333333333333,0.30985915492957744
fa484fdd-d4c4bc5b8a7183da,f339ef6f-605077274c5e20e4,0.29333333333333333,0.38596491228070173
ee270b2a-4a0d00c96498d123,a4e1511a-cebe30b4d1384ef0,0.29333333333333333,0.3055555555555556
0fdc80c5-b9cc17385a6b997a,85125ecb-495c620601720f05,0.29333333333333333,0.36666666666666664
810cf242-d53df3adf0b7bf56,8c591975-af23e108a219677c,0.29333333333333333,0.36065573770491804
ed37ba7d-26b084b47630173e,68d422ec-8e2a4607563a1184,0.29304029304029305,0.3053435114503817
48c5f745-76116075ca0bc0f4,f339ef6f-605077274c5e20e4,0.2929936305732484,0.359375
d77f722c-85273902dd178793,3cbcb1cc-7b7f34abbfcad355,0.2929936305732484,0.3108108108108108
0b5cff5a-cbc0ded58ec456a2,a8e2cefc-6654f525bbc3acc5,0.2929936305732484,0.3484848484848485
d77f722c-85273902dd178793,6045e5d1-7b7f34abbfcad355,0.2929936305732484,0.3108108108108108
8639f6c6-72a48601176340a9,f339ef6f-605077274c5e20e4,0.2926829268292683,0.3380281690140845
1be078c4-32ca7e015a838482,953ac418-15324feaea2d4e8e,0.2926829268292683,0.36923076923076925
a3abac01-756b4f81847c03a8,fc80cbe0-ea5e5e8bb4665a02,0.2926829268292683,0.3333333333333333
259c1ea4-fe7cb4000a94c098,f339ef6f-605077274c5e20e4,0.29239766081871343,0.32051282051282054
8639f6c6-72a48601176340a9,3380fa52-8f91b9d91f6310aa,0.29239766081871343,0.352112676056338
2b2d3b84-8002a3802a32a0bb,67241a76-381872dc8a0168c2,0.29239766081871343,0.32051282051282054
11c2ab99-836a13764460b298,ee270b2a-4a0d00c96498d123,0.2923076923076923,0.3275862068965517
bdfe8110-ffa623ef7fcc38d6,ee270b2a-4a0d00c96498d123,0.2923076923076923,0.3275862068965517
3cf63146-ed96a88172a99b64,968c1e7e-01f85653c0f76e74,0.2922374429223744,0.463768115942029
5e8d1aaa-328206718fef18b7,2b2d3b84-8002a3802a32a0bb,0.2916666666666667,0.3181818181818182
a7894e0b-4e44f93da3e1e8f0,f339ef6f-605077274c5e20e4,0.2913907284768212,0.3793103448275862
b6724dd9-9cb537caa0747bf8,1ea771ea-31982b8d0676dce6,0.2913907284768212,0.3142857142857143
11c2ab99-836a13764460b298,67241a76-381872dc8a0168c2,0.2913907284768212,0.3793103448275862
bdfe8110-ffa623ef7fcc38d6,67241a76-381872dc8a0168c2,0.2913907284768212,0.3793103448275862
11c2ab99-836a13764460b298,3380fa52-8f91b9d91f6310aa,0.2911392405063291,0.39655172413793105
bdfe8110-ffa623ef7fcc38d6,3380fa52-8f91b9d91f6310aa,0.2911392405063291,0.39655172413793105
aaccc000-cd3027809553b409,968c1e7e-01f85653c0f76e74,0.2909090909090909,0.45714285714285713
0b5cff5a-cbc0ded58ec456a2,953ac418-15324feaea2d4e8e,0.2909090909090909,0.36363636363636365
d77f722c-85273902dd178793,312d9460-d4e6393f614dfffb,0.29069767441860467,0.33783783783783783
9fd33d5a-af26105191efe7e0,c1fef98f-93ce267168c6c5a3,0.2905027932960894,0.3291139240506329
8c591975-af23e108a219677c,85125ecb-495c620601720f05,0.2905027932960894,0.29213483146067415
8f778337-feb0d359ab443e78,505f8562-c13678a91e6cf7c5,0.2903225806451613,0.3
1a400c1b-0e9438ab89a10e6d,68d422ec-8e2a4607563a1184,0.2901960784313726,0.3274336283185841
d12f26f0-817b664803bfb06a,953ac418-15324feaea2d4e8e,0.29015544041450775,0.2978723404255319
48c5f745-76116075ca0bc0f4,10bbe9de-2f884914858d5d43,0.29015544041450775,0.4375
a7894e0b-4e44f93da3e1e8f0,68d422ec-8e2a4607563a1184,0.29,0.5
d12f26f0-817b664803bfb06a,1a400c1b-0e9438ab89a10e6d,0.2898550724637681,0.3191489361702128
ea2fc2bc-3044709d8ffadf97,08b9908d-1e461d7c84f5af2e,0.2896551724137931,0.3620689655172414
3380fa52-8f91b9d91f6310aa,68d422ec-8e2a4607563a1184,0.2892561983471074,0.35
a4e1511a-cebe30b4d1384ef0,df594a00-86207ca113146fd3,0.2891566265060241,0.3076923076923077
268eb6c6-42aa9c40dfc146f9,505f8562-c13678a91e6cf7c5,0.28901734104046245,0.3246753246753247
8f778337-feb0d359ab443e78,fdd85afb-6dd1aa9cefb9a8e4,0.28888888888888886,0.28888888888888886
0048a372-6eaed78fa1daac8a,4fb09c5f-8831ec2acac02462,0.2887700534759358,0.34177215189873417
11c2ab99-836a13764460b298,10bbe9de-2f884914858d5d43,0.2887700534759358,0.46551724137931033
bdfe8110-ffa623ef7fcc38d6,10bbe9de-2f884914858d5d43,0.2887700534759358,0.46551724137931033
a8e2cefc-6654f525bbc3acc5,71c7ac71-4925edee1db76573,0.28865979381443296,0.3076923076923077
0b5cff5a-cbc0ded58ec456a2,68d422ec-8e2a4607563a1184,0.28846153846153844,0.45454545454545453
1be078c4-32ca7e015a838482,968c1e7e-01f85653c0f76e74,0.28837209302325584,0.47692307692307695
b505f95e-1e7b44155e86a4a4,ed37ba7d-26b084b47630173e,0.2880658436213992,0.3125
b505f95e-1e7b44155e86a4a4,f5fb1b62-b0f09cee8a09a971,0.2880658436213992,0.3125
8f6421f3-ee31a7da9e3d7f85,f339ef6f-605077274c5e20e4,0.2876712328767123,0.39622641509433965
ee270b2a-4a0d00c96498d123,c4d04ce7-9cf8f4a664363ab2,0.2876712328767123,0.2916666666666667
2f8c3bf3-e73d8329c1717cd5,5288afb7-d4163ec84d18479e,0.2875816993464052,0.3548387096774194
00c0b82a-a23297c71634ae34,3cbcb1cc-7b7f34abbfcad355,0.2875816993464052,0.3142857142857143
00c0b82a-a23297c71634ae34,6045e5d1-7b7f34abbfcad355,0.2875816993464052,0.3142857142857143
bb0949b3-b5937c6bbc0c4cf2,5288afb7-d4163ec84d18479e,0.2875,0.3333333333333333
268eb6c6-42aa9c40dfc146f9,a3abac01-756b4f81847c03a8,0.2874251497005988,0.3116883116883117
85125ecb-495c620601720f05,a8e2cefc-6654f525bbc3acc5,0.287292817679558,0.28888888888888886
c57a973e-8bec26d0d270b7e2,fc80cbe0-ea5e5e8bb4665a02,0.287292817679558,0.3939393939393939
3c667d4f-524cd7f06bda5cb0,10bbe9de-2f884914858d5d43,0.2872340425531915,0.4576271186440678
0fdc80c5-b9cc17385a6b997a,68d422ec-8e2a4607563a1184,0.2871287128712871,0.48333333333333334
d12f26f0-817b664803bfb06a,4fb09c5f-8831ec2acac02462,0.2871287128712871,0.30851063829787234
0b5cff5a-cbc0ded58ec456a2,968c1e7e-01f85653c0f76e74,0.28703703703703703,0.4696969696969697
df594a00-86207ca113146fd3,4fb09c5f-8831ec2acac02462,0.2857142857142857,0.3181818181818182
df594a00-86207ca113146fd3,fc80cbe0-ea5e5e8bb4665a02,0.2857142857142857,0.32954545454545453
bb0949b3-b5937c6bbc0c4cf2,a4e1511a-cebe30b4d1384ef0,0.2857142857142857,0.30434782608695654
259c1ea4-fe7cb4000a94c098,3cbcb1cc-7b7f34abbfcad355,0.2857142857142857,0.2948717948717949
11c2ab99-836a13764460b298,f5fb1b62-b0f09cee8a09a971,0.2857142857142857,0.46551724137931033
bdfe8110-ffa623ef7fcc38d6,f5fb1b62-b0f09cee8a09a971,0.2857142857142857,0.46551724137931033
d12f26f0-817b664803bfb06a,ff3283cf-8274736030d5496c,0.2857142857142857,0.2978723404255319
d12f26f0-817b664803bfb06a,8a39dbf5-5c1f52301bb01d53,0.2857142857142857,0.2978723404255319
c4d04ce7-9cf8f4a664363ab2,d12f26f0-817b664803bfb06a,0.2857142857142857,0.32432432432432434
85125ecb-495c620601720f05,953ac418-15324feaea2d4e8e,0.2857142857142857,0.3
259c1ea4-fe7cb4000a94c098,6045e5d1-7b7f34abbfcad355,0.2857142857142857,0.2948717948717949
ff3283cf-8274736030d5496c,4fb09c5f-8831ec2acac02462,0.2857142857142857,0.29411764705882354
8a39dbf5-5c1f52301bb01d53,4fb09c5f-8831ec2acac02462,0.2857142857142857,0.29411764705882354
810cf242-d53df3adf0b7bf56,67241a76-381872dc8a0168c2,0.2857142857142857,0.36065573770491804
85125ecb-495c620601720f05,f339ef6f-605077274c5e20e4,0.28415300546448086,0.28888888888888886
48993e07-ef4d50df85eb7e96,ba9b94f7-61dd5eaa4f08713e,0.2840909090909091,0.352112676056338
2b2d3b84-8002a3802a32a0bb,5288afb7-d4163ec84d18479e,0.28402366863905326,0.3076923076923077
b9219544-4f0b882ccebbb0e7,3380fa52-8f91b9d91f6310aa,0.2839506172839506,0.3709677419354839
c4d04ce7-9cf8f4a664363ab2,1ea771ea-31982b8d0676dce6,0.2838709677419355,0.2972972972972973
fadc1365-18491264f0f6840e,f339ef6f-605077274c5e20e4,0.28378378378378377,0.38181818181818183
e6a6e318-9f688e48dd5ac428,f339ef6f-605077274c5e20e4,0.28378378378378377,0.38181818181818183
3380fa52-8f91b9d91f6310aa,e7024f3e-4076641a4a18b6d7,0.2832618025751073,0.33
bb0949b3-b5937c6bbc0c4cf2,968c1e7e-01f85653c0f76e74,0.2831050228310502,0.4492753623188406
00c0b82a-a23297c71634ae34,68d422ec-8e2a4607563a1184,0.2830188679245283,0.42857142857142855
3cf63146-ed96a88172a99b64,10bbe9de-2f884914858d5d43,0.2828282828282828,0.4057971014492754
a3abac01-756b4f81847c03a8,4fb09c5f-8831ec2acac02462,0.2828282828282828,0.3111111111111111
e18ae6a1-56bf552fc9e76a67,fc80cbe0-ea5e5e8bb4665a02,0.28272251308900526,0.35526315789473684
df594a00-86207ca113146fd3,8c591975-af23e108a219677c,0.2824858757062147,0.2840909090909091
a4e1511a-cebe30b4d1384ef0,953ac418-15324feaea2d4e8e,0.2824858757062147,0.32051282051282054
00c0b82a-a23297c71634ae34,c1fef98f-93ce267168c6c5a3,0.2823529411764706,0.34285714285714286
aaccc000-cd3027809553b409,3380fa52-8f91b9d91f6310aa,0.2823529411764706,0.34285714285714286
268eb6c6-42aa9c40dfc146f9,fcbe7917-527b4c7bcd90e160,0.2823529411764706,0.3116883116883117
810cf242-d53df3adf0b7bf56,ff3283cf-8274736030d5496c,0.2822085889570552,0.3770491803278688
810cf242-d53df3adf0b7bf56,8a39dbf5-5c1f52301bb01d53,0.2822085889570552,0.3770491803278688
5e8d1aaa-328206718fef18b7,a3abac01-756b4f81847c03a8,0.28205128205128205,0.3333333333333333
00c0b82a-a23297c71634ae34,968c1e7e-01f85653c0f76e74,0.2818181818181818,0.44285714285714284
fa484fdd-d4c4bc5b8a7183da,259c1ea4-fe7cb4000a94c098,0.2814814814814815,0.3333333333333333
aaccc000-cd3027809553b409,10bbe9de-2f884914858d5d43,0.2814070351758794,0.4
953ac418-15324feaea2d4e8e,04df7bb8-fb43ee8f991e01a2,0.2814070351758794,0.2828282828282828
810cf242-d53df3adf0b7bf56,ed37ba7d-26b084b47630173e,0.28125,0.4426229508196721
f870e76b-3ba460b78b587d9b,1a400c1b-0e9438ab89a10e6d,0.28125,0.34177215189873417
85125ecb-495c620601720f05,ff3283cf-8274736030d5496c,0.28125,0.3
85125ecb-495c620601720f05,8a39dbf5-5c1f52301bb01d53,0.28125,0.3
7ae0cb0d-6f3db1cbc26cea1c,1a400c1b-0e9438ab89a10e6d,0.2810810810810811,0.3611111111111111
ee270b2a-4a0d00c96498d123,1a400c1b-0e9438ab89a10e6d,0.2810810810810811,0.3611111111111111
5e8d1aaa-328206718fef18b7,b505f95e-1e7b44155e86a4a4,0.2808988764044944,0.3787878787878788
3cbcb1cc-7b7f34abbfcad355,df594a00-86207ca113146fd3,0.2807017543859649,0.2891566265060241
6045e5d1-7b7f34abbfcad355,df594a00-86207ca113146fd3,0.2807017543859649,0.2891566265060241
0048a372-6eaed78fa1daac8a,f28b8cb4-1e050d8f56be3b93,0.2807017543859649,0.3037974683544304
3cf63146-ed96a88172a99b64,ff3283cf-8274736030d5496c,0.2807017543859649,0.34782608695652173
3cf63146-ed96a88172a99b64,8a39dbf5-5c1f52301bb01d53,0.2807017543859649,0.34782608695652173
ee270b2a-4a0d00c96498d123,953ac418-15324feaea2d4e8e,0.2807017543859649,0.3333333333333333
df594a00-86207ca113146fd3,e7024f3e-4076641a4a18b6d7,0.28054298642533937,0.3522727272727273
56a90e79-59d76e891525abc3,968c1e7e-01f85653c0f76e74,0.28054298642533937,0.43661971830985913
48993e07-ef4d50df85eb7e96,f339ef6f-605077274c5e20e4,0.2804878048780488,0.323943661971831
c0aa6246-5388e8e2352267ce,ed37ba7d-26b084b47630173e,0.2803738317757009,0.3614457831325301
ff3283cf-8274736030d5496c,b505f95e-1e7b44155e86a4a4,0.2803738317757009,0.29411764705882354
8a39dbf5-5c1f52301bb01d53,b505f95e-1e7b44155e86a4a4,0.2803738317757009,0.29411764705882354
5e8d1aaa-328206718fef18b7,a8e2cefc-6654f525bbc3acc5,0.2802547770700637,0.3333333333333333
259c1ea4-fe7cb4000a94c098,9fd33d5a-af26105191efe7e0,0.2802547770700637,0.28205128205128205
b9219544-4f0b882ccebbb0e7,ed37ba7d-26b084b47630173e,0.27979274611398963,0.43548387096774194
1ea771ea-31982b8d0676dce6,b505f95e-1e7b44155e86a4a4,0.27979274611398963,0.3333333333333333
28c2d81a-e2ec233423815bfa,f339ef6f-605077274c5e20e4,0.27972027972027974,0.4
c220c822-8f151b0df1073ade,968c1e7e-01f85653c0f76e74,0.2796610169491525,0.38372093023255816
8639f6c6-72a48601176340a9,fc80cbe0-ea5e5e8bb4665a02,0.27956989247311825,0.36619718309859156
9fd33d5a-af26105191efe7e0,3380fa52-8f91b9d91f6310aa,0.27932960893854747,0.31645569620253167
a4e1511a-cebe30b4d1384ef0,d12f26f0-817b664803bfb06a,0.27906976744186046,0.3076923076923077
04df7bb8-fb43ee8f991e01a2,fc80cbe0-ea5e5e8bb4665a02,0.27906976744186046,0.3
ee270b2a-4a0d00c96498d123,c1fef98f-93ce267168c6c5a3,0.27906976744186046,0.3333333333333333
d77f722c-85273902dd178793,a8e2cefc-6654f525bbc3acc5,0.2787878787878788,0.3108108108108108
fa484fdd-d4c4bc5b8a7183da,4fb09c5f-8831ec2acac02462,0.2787878787878788,0.40350877192982454
00c0b82a-a23297c71634ae34,f5fb1b62-b0f09cee8a09a971,0.27860696517412936,0.4
aaccc000-cd3027809553b409,f5fb1b62-b0f09cee8a09a971,0.27860696517412936,0.4
1be078c4-32ca7e015a838482,0adb1ee5-5c11ad888fca8057,0.27848101265822783,0.3384615384615385
967b67b0-af35838eb0b75e7d,08b9908d-1e461d7c84f5af2e,0.2781456953642384,0.328125
80c384e4-af35838eb0b75e7d,08b9908d-1e461d7c84f5af2e,0.2781456953642384,0.328125
f339ef6f-605077274c5e20e4,d12f26f0-817b664803bfb06a,0.27807486631016043,0.27956989247311825
9fd33d5a-af26105191efe7e0,4fb09c5f-8831ec2acac02462,0.27807486631016043,0.3291139240506329
a3abac01-756b4f81847c03a8,e7024f3e-4076641a4a18b6d7,0.27802690582959644,0.34444444444444444
2b9dfed3-8642a36733054aca,10bbe9de-2f884914858d5d43,0.2777777777777778,0.2845528455284553
85125ecb-495c620601720f05,fdd85afb-6dd1aa9cefb9a8e4,0.2777777777777778,0.2777777777777778
1ea771ea-31982b8d0676dce6,953ac418-15324feaea2d4e8e,0.2777777777777778,0.30864197530864196
351c9206-8642a36733054aca,10bbe9de-2f884914858d5d43,0.2777777777777778,0.2845528455284553
259c1ea4-fe7cb4000a94c098,ff3283cf-8274736030d5496c,0.2777777777777778,0.32051282051282054
259c1ea4-fe7cb4000a94c098,8a39dbf5-5c1f52301bb01d53,0.2777777777777778,0.32051282051282054
71c7ac71-4925edee1db76573,1a400c1b-0e9438ab89a10e6d,0.2777777777777778,0.2912621359223301
be3b1289-62071cd8d4a4e6d3,f28b8cb4-1e050d8f56be3b93,0.2774566473988439,0.2962962962962963
3cbcb1cc-7b7f34abbfcad355,a3abac01-756b4f81847c03a8,0.2774566473988439,0.2891566265060241
3cbcb1cc-7b7f34abbfcad355,85125ecb-495c620601720f05,0.2774566473988439,0.2891566265060241
6045e5d1-7b7f34abbfcad355,a3abac01-756b4f81847c03a8,0.2774566473988439,0.2891566265060241
6045e5d1-7b7f34abbfcad355,85125ecb-495c620601720f05,0.2774566473988439,0.2891566265060241
8639f6c6-72a48601176340a9,ff3283cf-8274736030d5496c,0.2774566473988439,0.3380281690140845
8639f6c6-72a48601176340a9,8a39dbf5-5c1f52301bb01d53,0.2774566473988439,0.3380281690140845
3cf63146-ed96a88172a99b64,e7024f3e-4076641a4a18b6d7,0.27722772277227725,0.4057971014492754
5e8d1aaa-328206718fef18b7,c1fef98f-93ce267168c6c5a3,0.27710843373493976,0.3484848484848485
8f6421f3-ee31a7da9e3d7f85,268eb6c6-42aa9c40dfc146f9,0.27692307692307694,0.33962264150943394
67241a76-381872dc8a0168c2,ed37ba7d-26b084b47630173e,0.2767857142857143,0.3333333333333333
a4e1511a-cebe30b4d1384ef0,be3b1289-62071cd8d4a4e6d3,0.27672955974842767,0.28205128205128205
c4d04ce7-9cf8f4a664363ab2,2b2d3b84-8002a3802a32a0bb,0.27631578947368424,0.28378378378378377
0b5cff5a-cbc0ded58ec456a2,fc80cbe0-ea5e5e8bb4665a02,0.27624309392265195,0.3787878787878788
c0aa6246-5388e8e2352267ce,5288afb7-d4163ec84d18479e,0.27586206896551724,0.2891566265060241
b9219544-4f0b882ccebbb0e7,3cbcb1cc-7b7f34abbfcad355,0.27586206896551724,0.3225806451612903
8639f6c6-72a48601176340a9,c4d04ce7-9cf8f4a664363ab2,0.27586206896551724,0.28169014084507044
b9219544-4f0b882ccebbb0e7,6045e5d1-7b7f34abbfcad355,0.27586206896551724,0.3225806451612903
2b9dfed3-8642a36733054aca,f5fb1b62-b0f09cee8a09a971,0.2755905511811024,0.2845528455284553
351c9206-8642a36733054aca,f5fb1b62-b0f09cee8a09a971,0.2755905511811024,0.2845528455284553
b505f95e-1e7b44155e86a4a4,68d422ec-8e2a4607563a1184,0.2755905511811024,0.3125
1be078c4-32ca7e015a838482,f5fb1b62-b0f09cee8a09a971,0.2755102040816326,0.4153846153846154
f870e76b-3ba460b78b587d9b,df594a00-86207ca113146fd3,0.2754491017964072,0.2911392405063291
a4e1511a-cebe30b4d1384ef0,8c591975-af23e108a219677c,0.2754491017964072,0.2948717948717949
b6724dd9-9cb537caa0747bf8,96cd6ee9-b4b6f058bca794bd,0.2754491017964072,0.32857142857142857
2f8c3bf3-e73d8329c1717cd5,ba9b94f7-61dd5eaa4f08713e,0.2754491017964072,0.3709677419354839
5288afb7-d4163ec84d18479e,312d9460-d4e6393f614dfffb,0.2751322751322751,0.2857142857142857
aaccc000-cd3027809553b409,85125ecb-495c620601720f05,0.275,0.3142857142857143
8c591975-af23e108a219677c,f339ef6f-605077274c5e20e4,0.27472527472527475,0.2808988764044944
a8e2cefc-6654f525bbc3acc5,68d422ec-8e2a4607563a1184,0.27467811158798283,0.3516483516483517
b9219544-4f0b882ccebbb0e7,5288afb7-d4163ec84d18479e,0.27450980392156865,0.3387096774193548
967b67b0-af35838eb0b75e7d,8c591975-af23e108a219677c,0.27450980392156865,0.328125
8639f6c6-72a48601176340a9,e7024f3e-4076641a4a18b6d7,0.27450980392156865,0.39436619718309857
80c384e4-af35838eb0b75e7d,8c591975-af23e108a219677c,0.27450980392156865,0.328125
079ad09e-6c66ff5d51abed6f,953ac418-15324feaea2d4e8e,0.2742857142857143,0.3157894736842105
20012377-d788dc5bfb094ca7,953ac418-15324feaea2d4e8e,0.2742857142857143,0.3157894736842105
8f6421f3-ee31a7da9e3d7f85,67241a76-381872dc8a0168c2,0.273972602739726,0.37735849056603776
1ea771ea-31982b8d0676dce6,ec607ca1-616e9cd4d73a5de6,0.27380952380952384,0.2839506172839506
aaccc000-cd3027809553b409,68d422ec-8e2a4607563a1184,0.27358490566037735,0.4142857142857143
fdd85afb-6dd1aa9cefb9a8e4,f339ef6f-605077274c5e20e4,0.273224043715847,0.2777777777777778
85125ecb-495c620601720f05,0adb1ee5-5c11ad888fca8057,0.273224043715847,0.2777777777777778
3cbcb1cc-7b7f34abbfcad355,0adb1ee5-5c11ad888fca8057,0.2727272727272727,0.2891566265060241
c220c822-8f151b0df1073ade,b505f95e-1e7b44155e86a4a4,0.2727272727272727,0.313953488372093
6045e5d1-7b7f34abbfcad355,0adb1ee5-5c11ad888fca8057,0.2727272727272727,0.2891566265060241
04df7bb8-fb43ee8f991e01a2,1a400c1b-0e9438ab89a10e6d,0.27230046948356806,0.29
67241a76-381872dc8a0168c2,312d9460-d4e6393f614dfffb,0.27225130890052357,0.27956989247311825
b9219544-4f0b882ccebbb0e7,10bbe9de-2f884914858d5d43,0.27225130890052357,0.41935483870967744
9fd33d5a-af26105191efe7e0,a3abac01-756b4f81847c03a8,0.27218934911242604,0.2911392405063291
4548305b-59b7534a6e2eb29c,0048a372-6eaed78fa1daac8a,0.272108843537415,0.29411764705882354
48c5f745-76116075ca0bc0f4,3cbcb1cc-7b7f34abbfcad355,0.272108843537415,0.3125
48c5f745-76116075ca0bc0f4,6045e5d1-7b7f34abbfcad355,0.272108843537415,0.3125
04df7bb8-fb43ee8f991e01a2,968c1e7e-01f85653c0f76e74,0.272,0.34
c220c822-8f151b0df1073ade,68d422ec-8e2a4607563a1184,0.2719298245614035,0.36046511627906974
48993e07-ef4d50df85eb7e96,1a400c1b-0e9438ab89a10e6d,0.2717391304347826,0.352112676056338
a8e2cefc-6654f525bbc3acc5,67241a76-381872dc8a0168c2,0.2717391304347826,0.27472527472527475
bb0949b3-b5937c6bbc0c4cf2,fc80cbe0-ea5e5e8bb4665a02,0.2717391304347826,0.36231884057971014
5e8d1aaa-328206718fef18b7,505f8562-c13678a91e6cf7c5,0.2716049382716049,0.3333333333333333
8639f6c6-72a48601176340a9,a8e2cefc-6654f525bbc3acc5,0.2716049382716049,0.30985915492957744
fdd85afb-6dd1aa9cefb9a8e4,ed37ba7d-26b084b47630173e,0.27149321266968324,0.3333333333333333
c220c822-8f151b0df1073ade,5288afb7-d4163ec84d18479e,0.2711864406779661,0.27906976744186046
259c1ea4-fe7cb4000a94c098,953ac418-15324feaea2d4e8e,0.2711864406779661,0.3076923076923077
268eb6c6-42aa9c40dfc146f9,c1fef98f-93ce267168c6c5a3,0.2711864406779661,0.3116883116883117
268eb6c6-42aa9c40dfc146f9,a4e1511a-cebe30b4d1384ef0,0.2709677419354839,0.2727272727272727
b9219544-4f0b882ccebbb0e7,0adb1ee5-5c11ad888fca8057,0.2709677419354839,0.3387096774193548
810cf242-d53df3adf0b7bf56,f5fb1b62-b0f09cee8a09a971,0.2708333333333333,0.4262295081967213
04df7bb8-fb43ee8f991e01a2,10bbe9de-2f884914858d5d43,0.27074235807860264,0.31
268eb6c6-42aa9c40dfc146f9,f339ef6f-605077274c5e20e4,0.27058823529411763,0.2987012987012987
e1a5831a-8002f90b95c9a4f9,5288afb7-d4163ec84d18479e,0.27058823529411763,0.2911392405063291
268eb6c6-42aa9c40dfc146f9,67241a76-381872dc8a0168c2,0.27058823529411763,0.2987012987012987
1a400c1b-0e9438ab89a10e6d,ed37ba7d-26b084b47630173e,0.27049180327868855,0.2920353982300885
fadc1365-18491264f0f6840e,67241a76-381872dc8a0168c2,0.2702702702702703,0.36363636363636365
e6a6e318-9f688e48dd5ac428,67241a76-381872dc8a0168c2,0.2702702702702703,0.36363636363636365
ec607ca1-616e9cd4d73a5de6,968c1e7e-01f85653c0f76e74,0.270042194092827,0.367816091954023
00c0b82a-a23297c71634ae34,f339ef6f-605077274c5e20e4,0.26993865030674846,0.3142857142857143
7ae0cb0d-6f3db1cbc26cea1c,5288afb7-d4163ec84d18479e,0.26993865030674846,0.3055555555555556
c4d04ce7-9cf8f4a664363ab2,8c591975-af23e108a219677c,0.26993865030674846,0.2972972972972973
28c2d81a-e2ec233423815bfa,5288afb7-d4163ec84d18479e,0.2695035460992908,0.38
2f8c3bf3-e73d8329c1717cd5,0048a372-6eaed78fa1daac8a,0.2695035460992908,0.3064516129032258
b6724dd9-9cb537caa0747bf8,56a90e79-59d76e891525abc3,0.2695035460992908,0.2714285714285714
967b67b0-af35838eb0b75e7d,10bbe9de-2f884914858d5d43,0.2694300518134715,0.40625
80c384e4-af35838eb0b75e7d,10bbe9de-2f884914858d5d43,0.2694300518134715,0.40625
0048a372-6eaed78fa1daac8a,10bbe9de-2f884914858d5d43,0.2692307692307692,0.35443037974683544
e7024f3e-4076641a4a18b6d7,68d422ec-8e2a4607563a1184,0.2690909090909091,0.2781954887218045
9fd33d5a-af26105191efe7e0,f28b8cb4-1e050d8f56be3b93,0.26900584795321636,0.2911392405063291
fadc1365-18491264f0f6840e,f5fb1b62-b0f09cee8a09a971,0.26881720430107525,0.45454545454545453
e6a6e318-9f688e48dd5ac428,f5fb1b62-b0f09cee8a09a971,0.26881720430107525,0.45454545454545453
0adb1ee5-5c11ad888fca8057,fcbe7917-527b4c7bcd90e160,0.26881720430107525,0.26881720430107525
c4d04ce7-9cf8f4a664363ab2,b505f95e-1e7b44155e86a4a4,0.26881720430107525,0.33783783783783783
3c667d4f-524cd7f06bda5cb0,68d422ec-8e2a4607563a1184,0.26865671641791045,0.4576271186440678
df594a00-86207ca113146fd3,1a400c1b-0e9438ab89a10e6d,0.26865671641791045,0.3068181818181818
aaccc000-cd3027809553b409,ed37ba7d-26b084b47630173e,0.26865671641791045,0.38571428571428573
967b67b0-af35838eb0b75e7d,b6724dd9-9cb537caa0747bf8,0.26865671641791045,0.28125
80c384e4-af35838eb0b75e7d,b6724dd9-9cb537caa0747bf8,0.26865671641791045,0.28125
fcbe7917-527b4c7bcd90e160,4fb09c5f-8831ec2acac02462,0.26865671641791045,0.2903225806451613
48993e07-ef4d50df85eb7e96,259c1ea4-fe7cb4000a94c098,0.2684563758389262,0.28169014084507044
56a90e79-59d76e891525abc3,f339ef6f-605077274c5e20e4,0.2682926829268293,0.30985915492957744
c4d04ce7-9cf8f4a664363ab2,85125ecb-495c620601720f05,0.2682926829268293,0.2972972972972973
e1a5831a-8002f90b95c9a4f9,fc80cbe0-ea5e5e8bb4665a02,0.26804123711340205,0.3291139240506329
3c667d4f-524cd7f06bda5cb0,3cbcb1cc-7b7f34abbfcad355,0.2676056338028169,0.3220338983050847
3c667d4f-524cd7f06bda5cb0,6045e5d1-7b7f34abbfcad355,0.2676056338028169,0.3220338983050847
1be078c4-32ca7e015a838482,268eb6c6-42aa9c40dfc146f9,0.2676056338028169,0.2923076923076923
967b67b0-af35838eb0b75e7d,4fb09c5f-8831ec2acac02462,0.26744186046511625,0.359375
80c384e4-af35838eb0b75e7d,4fb09c5f-8831ec2acac02462,0.26744186046511625,0.359375
a7894e0b-4e44f93da3e1e8f0,10bbe9de-2f884914858d5d43,0.26737967914438504,0.43103448275862066
56a90e79-59d76e891525abc3,f5fb1b62-b0f09cee8a09a971,0.26732673267326734,0.38028169014084506
a4e1511a-cebe30b4d1384ef0,ff3283cf-8274736030d5496c,0.26666666666666666,0.3076923076923077
a4e1511a-cebe30b4d1384ef0,8a39dbf5-5c1f52301bb01d53,0.26666666666666666,0.3076923076923077
28c2d81a-e2ec233423815bfa,b6724dd9-9cb537caa0747bf8,0.26666666666666666,0.32
96cd6ee9-b4b6f058bca794bd,1a400c1b-0e9438ab89a10e6d,0.26666666666666666,0.28865979381443296
0fdc80c5-b9cc17385a6b997a,ba9b94f7-61dd5eaa4f08713e,0.26666666666666666,0.36666666666666664
c4d04ce7-9cf8f4a664363ab2,a8e2cefc-6654f525bbc3acc5,0.26666666666666666,0.2972972972972973
85125ecb-495c620601720f05,8f778337-feb0d359ab443e78,0.26666666666666666,0.26666666666666666
259c1ea4-fe7cb4000a94c098,ec607ca1-616e9cd4d73a5de6,0.26666666666666666,0.28205128205128205
c0aa6246-5388e8e2352267ce,68d422ec-8e2a4607563a1184,0.26666666666666666,0.3614457831325301
5288afb7-d4163ec84d18479e,68d422ec-8e2a4607563a1184,0.26609442060085836,0.34065934065934067
4d25818e-685916003c7f91bc,3cbcb1cc-7b7f34abbfcad355,0.26573426573426573,0.31666666666666665
4f7af821-1edc6f9d9d4cfda9,3cbcb1cc-7b7f34abbfcad355,0.26573426573426573,0.31666666666666665
5e8d1aaa-328206718fef18b7,268eb6c6-42aa9c40dfc146f9,0.26573426573426573,0.2878787878787879
4d25818e-685916003c7f91bc,6045e5d1-7b7f34abbfcad355,0.26573426573426573,0.31666666666666665
4f7af821-1edc6f9d9d4cfda9,6045e5d1-7b7f34abbfcad355,0.26573426573426573,0.31666666666666665
10bbe9de-2f884914858d5d43,68d422ec-8e2a4607563a1184,0.2656826568265683,0.27906976744186046
0adb1ee5-5c11ad888fca8057,e7024f3e-4076641a4a18b6d7,0.26548672566371684,0.3225806451612903
953ac418-15324feaea2d4e8e,b505f95e-1e7b44155e86a4a4,0.26540284360189575,0.2828282828282828
71c7ac71-4925edee1db76573,4fb09c5f-8831ec2acac02462,0.26540284360189575,0.27184466019417475
f339ef6f-605077274c5e20e4,71c7ac71-4925edee1db76573,0.2653061224489796,0.27956989247311825
1ea771ea-31982b8d0676dce6,fc80cbe0-ea5e5e8bb4665a02,0.2653061224489796,0.32098765432098764
e18ae6a1-56bf552fc9e76a67,ba9b94f7-61dd5eaa4f08713e,0.26519337016574585,0.3157894736842105
0048a372-6eaed78fa1daac8a,ec607ca1-616e9cd4d73a5de6,0.26506024096385544,0.27848101265822783
a3abac01-756b4f81847c03a8,10bbe9de-2f884914858d5d43,0.2648401826484018,0.32222222222222224
ee270b2a-4a0d00c96498d123,ff3283cf-8274736030d5496c,0.26436781609195403,0.3194444444444444
ee270b2a-4a0d00c96498d123,8a39dbf5-5c1f52301bb01d53,0.26436781609195403,0.3194444444444444
810cf242-d53df3adf0b7bf56,1a400c1b-0e9438ab89a10e6d,0.26436781609195403,0.3770491803278688
5e8d1aaa-328206718fef18b7,f339ef6f-605077274c5e20e4,0.2641509433962264,0.3181818181818182
4548305b-59b7534a6e2eb29c,5288afb7-d4163ec84d18479e,0.2641509433962264,0.3088235294117647
c1fef98f-93ce267168c6c5a3,b505f95e-1e7b44155e86a4a4,0.2641509433962264,0.28
8f6421f3-ee31a7da9e3d7f85,5288afb7-d4163ec84d18479e,0.2638888888888889,0.3584905660377358
5e8d1aaa-328206718fef18b7,259c1ea4-fe7cb4000a94c098,0.2638888888888889,0.2878787878787879
ed37ba7d-26b084b47630173e,968c1e7e-01f85653c0f76e74,0.26334519572953735,0.2824427480916031
f339ef6f-605077274c5e20e4,96cd6ee9-b4b6f058bca794bd,0.2631578947368421,0.26881720430107525
1be078c4-32ca7e015a838482,ec607ca1-616e9cd4d73a5de6,0.2631578947368421,0.3076923076923077
8f778337-feb0d359ab443e78,c1fef98f-93ce267168c6c5a3,0.2631578947368421,0.2777777777777778
48993e07-ef4d50df85eb7e96,68d422ec-8e2a4607563a1184,0.26291079812206575,0.39436619718309857
00c0b82a-a23297c71634ae34,ba9b94f7-61dd5eaa4f08713e,0.26285714285714284,0.32857142857142857
85125ecb-495c620601720f05,f5fb1b62-b0f09cee8a09a971,0.26244343891402716,0.32222222222222224
1ea771ea-31982b8d0676dce6,ff3283cf-8274736030d5496c,0.26229508196721313,0.2962962962962963
1ea771ea-31982b8d0676dce6,8a39dbf5-5c1f52301bb01d53,0.26229508196721313,0.2962962962962963
c0aa6246-5388e8e2352267ce,2b9dfed3-8642a36733054aca,0.2621359223300971,0.3253012048192771
c0aa6246-5388e8e2352267ce,351c9206-8642a36733054aca,0.2621359223300971,0.3253012048192771
e1a5831a-8002f90b95c9a4f9,968c1e7e-01f85653c0f76e74,0.26200873362445415,0.379746835443038
1ea771ea-31982b8d0676dce6,08b9908d-1e461d7c84f5af2e,0.2619047619047619,0.2716049382716049
259c1ea4-fe7cb4000a94c098,85125ecb-495c620601720f05,0.2619047619047619,0.28205128205128205
4f7af821-1edc6f9d9d4cfda9,f339ef6f-605077274c5e20e4,0.26143790849673204,0.3333333333333333
3c667d4f-524cd7f06bda5cb0,0048a372-6eaed78fa1daac8a,0.2608695652173913,0.3050847457627119
b6724dd9-9cb537caa0747bf8,a8e2cefc-6654f525bbc3acc5,0.2608695652173913,0.3
0adb1ee5-5c11ad888fca8057,953ac418-15324feaea2d4e8e,0.2604166666666667,0.26881720430107525
0048a372-6eaed78fa1daac8a,a3abac01-756b4f81847c03a8,0.2603550295857988,0.27848101265822783
b6724dd9-9cb537caa0747bf8,079ad09e-6c66ff5d51abed6f,0.2602739726027397,0.2714285714285714
b6724dd9-9cb537caa0747bf8,20012377-d788dc5bfb094ca7,0.2602739726027397,0.2714285714285714
312d9460-d4e6393f614dfffb,ff3283cf-8274736030d5496c,0.26,0.2653061224489796
312d9460-d4e6393f614dfffb,8a39dbf5-5c1f52301bb01d53,0.26,0.2653061224489796
be3b1289-62071cd8d4a4e6d3,968c1e7e-01f85653c0f76e74,0.2597402597402597,0.37037037037037035
8c591975-af23e108a219677c,68d422ec-8e2a4607563a1184,0.2597402597402597,0.33707865168539325
ea2fc2bc-3044709d8ffadf97,968c1e7e-01f85653c0f76e74,0.25961538461538464,0.46551724137931033
bb0949b3-b5937c6bbc0c4cf2,f339ef6f-605077274c5e20e4,0.25925925925925924,0.30434782608695654
d77f722c-85273902dd178793,68d422ec-8e2a4607563a1184,0.25925925925925924,0.3783783783783784
2f8c3bf3-e73d8329c1717cd5,ed37ba7d-26b084b47630173e,0.25906735751295334,0.4032258064516129
0fdc80c5-b9cc17385a6b997a,e7024f3e-4076641a4a18b6d7,0.25906735751295334,0.4166666666666667
4d25818e-685916003c7f91bc,0048a372-6eaed78fa1daac8a,0.2589928057553957,0.3
4f7af821-1edc6f9d9d4cfda9,0048a372-6eaed78fa1daac8a,0.2589928057553957,0.3
3cbcb1cc-7b7f34abbfcad355,ec607ca1-616e9cd4d73a5de6,0.25882352941176473,0.26506024096385544
6045e5d1-7b7f34abbfcad355,ec607ca1-616e9cd4d73a5de6,0.25882352941176473,0.26506024096385544
4548305b-59b7534a6e2eb29c,e7024f3e-4076641a4a18b6d7,0.25870646766169153,0.38235294117647056
48c5f745-76116075ca0bc0f4,5288afb7-d4163ec84d18479e,0.25806451612903225,0.3125
ee270b2a-4a0d00c96498d123,3cbcb1cc-7b7f34abbfcad355,0.25806451612903225,0.2777777777777778
0adb1ee5-5c11ad888fca8057,67241a76-381872dc8a0168c2,0.25806451612903225,0.25806451612903225
ee270b2a-4a0d00c96498d123,6045e5d1-7b7f34abbfcad355,0.25806451612903225,0.2777777777777778
505f8562-c13678a91e6cf7c5,10bbe9de-2f884914858d5d43,0.2577777777777778,0.3020833333333333
1be078c4-32ca7e015a838482,10bbe9de-2f884914858d5d43,0.25773195876288657,0.38461538461538464
48993e07-ef4d50df85eb7e96,f5fb1b62-b0f09cee8a09a971,0.25742574257425743,0.36619718309859156
0048a372-6eaed78fa1daac8a,f5fb1b62-b0f09cee8a09a971,0.2571428571428571,0.34177215189873417
be3b1289-62071cd8d4a4e6d3,10bbe9de-2f884914858d5d43,0.2571428571428571,0.3333333333333333
e1a5831a-8002f90b95c9a4f9,4fb09c5f-8831ec2acac02462,0.25668449197860965,0.3037974683544304
67241a76-381872dc8a0168c2,d12f26f0-817b664803bfb06a,0.25668449197860965,0.25806451612903225
c4d04ce7-9cf8f4a664363ab2,1a400c1b-0e9438ab89a10e6d,0.25668449197860965,0.32432432432432434
1be078c4-32ca7e015a838482,5288afb7-d4163ec84d18479e,0.2564102564102564,0.3076923076923077
8f778337-feb0d359ab443e78,ba9b94f7-61dd5eaa4f08713e,0.2564102564102564,0.2777777777777778
aaccc000-cd3027809553b409,e7024f3e-4076641a4a18b6d7,0.2561576354679803,0.37142857142857144
8639f6c6-72a48601176340a9,67241a76-381872dc8a0168c2,0.25609756097560976,0.29577464788732394
c1fef98f-93ce267168c6c5a3,968c1e7e-01f85653c0f76e74,0.256,0.32
f870e76b-3ba460b78b587d9b,fcbe7917-527b4c7bcd90e160,0.2558139534883721,0.27848101265822783
9fd33d5a-af26105191efe7e0,fcbe7917-527b4c7bcd90e160,0.2558139534883721,0.27848101265822783
9fd33d5a-af26105191efe7e0,67241a76-381872dc8a0168c2,0.2558139534883721,0.27848101265822783
fdd85afb-6dd1aa9cefb9a8e4,10bbe9de-2f884914858d5d43,0.2557077625570776,0.3111111111111111
c220c822-8f151b0df1073ade,e7024f3e-4076641a4a18b6d7,0.2557077625570776,0.32558139534883723
08b9908d-1e461d7c84f5af2e,f339ef6f-605077274c5e20e4,0.25555555555555554,0.26436781609195403
fcbe7917-527b4c7bcd90e160,68d422ec-8e2a4607563a1184,0.2553191489361702,0.3225806451612903
fadc1365-18491264f0f6840e,e7024f3e-4076641a4a18b6d7,0.2553191489361702,0.43636363636363634
e6a6e318-9f688e48dd5ac428,e7024f3e-4076641a4a18b6d7,0.2553191489361702,0.43636363636363634
b6724dd9-9cb537caa0747bf8,0048a372-6eaed78fa1daac8a,0.2550335570469799,0.2714285714285714
56a90e79-59d76e891525abc3,e7024f3e-4076641a4a18b6d7,0.2549019607843137,0.36619718309859156
a4e1511a-cebe30b4d1384ef0,f870e76b-3ba460b78b587d9b,0.25477707006369427,0.2564102564102564
9fd33d5a-af26105191efe7e0,e7024f3e-4076641a4a18b6d7,0.25471698113207547,0.34177215189873417
259c1ea4-fe7cb4000a94c098,08b9908d-1e461d7c84f5af2e,0.2545454545454545,0.2692307692307692
ec607ca1-616e9cd4d73a5de6,e7024f3e-4076641a4a18b6d7,0.2545454545454545,0.3218390804597701
aaccc000-cd3027809553b409,71c7ac71-4925edee1db76573,0.2543352601156069,0.3142857142857143
a7894e0b-4e44f93da3e1e8f0,fc80cbe0-ea5e5e8bb4665a02,0.2543352601156069,0.3793103448275862
df594a00-86207ca113146fd3,0adb1ee5-5c11ad888fca8057,0.2541436464088398,0.26136363636363635
0048a372-6eaed78fa1daac8a,ff3283cf-8274736030d5496c,0.2541436464088398,0.2911392405063291
0048a372-6eaed78fa1daac8a,8a39dbf5-5c1f52301bb01d53,0.2541436464088398,0.2911392405063291
4f7af821-1edc6f9d9d4cfda9,10bbe9de-2f884914858d5d43,0.25396825396825395,0.4
967b67b0-af35838eb0b75e7d,e7024f3e-4076641a4a18b6d7,0.25380710659898476,0.390625
80c384e4-af35838eb0b75e7d,e7024f3e-4076641a4a18b6d7,0.25380710659898476,0.390625
fcbe7917-527b4c7bcd90e160,b505f95e-1e7b44155e86a4a4,0.25365853658536586,0.27956989247311825
312d9460-d4e6393f614dfffb,fc80cbe0-ea5e5e8bb4665a02,0.2535211267605634,0.2755102040816326
0048a372-6eaed78fa1daac8a,968c1e7e-01f85653c0f76e74,0.25327510917030566,0.3670886075949367
f870e76b-3ba460b78b587d9b,968c1e7e-01f85653c0f76e74,0.25327510917030566,0.3670886075949367
9fd33d5a-af26105191efe7e0,968c1e7e-01f85653c0f76e74,0.25327510917030566,0.3670886075949367
1be078c4-32ca7e015a838482,f339ef6f-605077274c5e20e4,0.25316455696202533,0.3076923076923077
0048a372-6eaed78fa1daac8a,08b9908d-1e461d7c84f5af2e,0.25301204819277107,0.26582278481012656
5e8d1aaa-328206718fef18b7,3380fa52-8f91b9d91f6310aa,0.25301204819277107,0.3181818181818182
3cbcb1cc-7b7f34abbfcad355,a8e2cefc-6654f525bbc3acc5,0.25287356321839083,0.26506024096385544
5e8d1aaa-328206718fef18b7,4fb09c5f-8831ec2acac02462,0.25287356321839083,0.3333333333333333
6045e5d1-7b7f34abbfcad355,a8e2cefc-6654f525bbc3acc5,0.25287356321839083,0.26506024096385544
fdd85afb-6dd1aa9cefb9a8e4,f28b8cb4-1e050d8f56be3b93,0.25274725274725274,0.25555555555555554
c0aa6246-5388e8e2352267ce,fc80cbe0-ea5e5e8bb4665a02,0.25252525252525254,0.30120481927710846
4548305b-59b7534a6e2eb29c,3cbcb1cc-7b7f34abbfcad355,0.25165562913907286,0.27941176470588236
4548305b-59b7534a6e2eb29c,6045e5d1-7b7f34abbfcad355,0.25165562913907286,0.27941176470588236
ea2fc2bc-3044709d8ffadf97,0adb1ee5-5c11ad888fca8057,0.25165562913907286,0.3275862068965517
c4d04ce7-9cf8f4a664363ab2,268eb6c6-42aa9c40dfc146f9,0.25165562913907286,0.25675675675675674
c4d04ce7-9cf8f4a664363ab2,f339ef6f-605077274c5e20e4,0.25149700598802394,0.28378378378378377
9fd33d5a-af26105191efe7e0,505f8562-c13678a91e6cf7c5,0.25142857142857145,0.27848101265822783
5288afb7-d4163ec84d18479e,04df7bb8-fb43ee8f991e01a2,0.2513089005235602,0.26373626373626374
a8e2cefc-6654f525bbc3acc5,3380fa52-8f91b9d91f6310aa,0.2513089005235602,0.26373626373626374
c220c822-8f151b0df1073ade,ba9b94f7-61dd5eaa4f08713e,0.2513089005235602,0.27906976744186046
a8e2cefc-6654f525bbc3acc5,4fb09c5f-8831ec2acac02462,0.25125628140703515,0.27472527472527475
fa484fdd-d4c4bc5b8a7183da,68d422ec-8e2a4607563a1184,0.25125628140703515,0.43859649122807015
953ac418-15324feaea2d4e8e,c1fef98f-93ce267168c6c5a3,0.25125628140703515,0.25252525252525254
1ea771ea-31982b8d0676dce6,968c1e7e-01f85653c0f76e74,0.2510822510822511,0.35802469135802467
0048a372-6eaed78fa1daac8a,1a400c1b-0e9438ab89a10e6d,0.25,0.3037974683544304
268eb6c6-42aa9c40dfc146f9,ed37ba7d-26b084b47630173e,0.25,0.33766233766233766
f28b8cb4-1e050d8f56be3b93,4fb09c5f-8831ec2acac02462,0.25,0.2717391304347826
259c1ea4-fe7cb4000a94c098,8f778337-feb0d359ab443e78,0.25,0.2692307692307692
c4d04ce7-9cf8f4a664363ab2,259c1ea4-fe7cb4000a94c098,0.25,0.25675675675675674
b505f95e-1e7b44155e86a4a4,10bbe9de-2f884914858d5d43,0.24896265560165975,0.26785714285714285
ff3283cf-8274736030d5496c,f5fb1b62-b0f09cee8a09a971,0.24892703862660945,0.28431372549019607
8a39dbf5-5c1f52301bb01d53,f5fb1b62-b0f09cee8a09a971,0.24892703862660945,0.28431372549019607
0adb1ee5-5c11ad888fca8057,4fb09c5f-8831ec2acac02462,0.24875621890547264,0.26881720430107525
259c1ea4-fe7cb4000a94c098,fc80cbe0-ea5e5e8bb4665a02,0.24870466321243523,0.3076923076923077
0adb1ee5-5c11ad888fca8057,c1fef98f-93ce267168c6c5a3,0.24870466321243523,0.25806451612903225
2b2d3b84-8002a3802a32a0bb,fc80cbe0-ea5e5e8bb4665a02,0.24870466321243523,0.3076923076923077
ea2fc2bc-3044709d8ffadf97,0048a372-6eaed78fa1daac8a,0.24817518248175183,0.29310344827586204
48993e07-ef4d50df85eb7e96,fc80cbe0-ea5e5e8bb4665a02,0.24731182795698925,0.323943661971831
f339ef6f-605077274c5e20e4,fcbe7917-527b4c7bcd90e160,0.24731182795698925,0.24731182795698925
f870e76b-3ba460b78b587d9b,953ac418-15324feaea2d4e8e,0.24719101123595505,0.27848101265822783
08b9908d-1e461d7c84f5af2e,a8e2cefc-6654f525bbc3acc5,0.24719101123595505,0.25287356321839083
7ae0cb0d-6f3db1cbc26cea1c,fdd85afb-6dd1aa9cefb9a8e4,0.24691358024691357,0.2777777777777778
bb0949b3-b5937c6bbc0c4cf2,68d422ec-8e2a4607563a1184,0.24644549763033174,0.37681159420289856
810cf242-d53df3adf0b7bf56,68d422ec-8e2a4607563a1184,0.24630541871921183,0.4098360655737705
48c5f745-76116075ca0bc0f4,f5fb1b62-b0f09cee8a09a971,0.24615384615384617,0.375
505f8562-c13678a91e6cf7c5,953ac418-15324feaea2d4e8e,0.24615384615384617,0.25
b9219544-4f0b882ccebbb0e7,e7024f3e-4076641a4a18b6d7,0.24615384615384617,0.3870967741935484
48993e07-ef4d50df85eb7e96,4fb09c5f-8831ec2acac02462,0.24581005586592178,0.30985915492957744
b9219544-4f0b882ccebbb0e7,968c1e7e-01f85653c0f76e74,0.24528301886792453,0.41935483870967744
4fb09c5f-8831ec2acac02462,10bbe9de-2f884914858d5d43,0.24472573839662448,0.26851851851851855
5288afb7-d4163ec84d18479e,96cd6ee9-b4b6f058bca794bd,0.24468085106382978,0.25274725274725274
3cf63146-ed96a88172a99b64,b6724dd9-9cb537caa0747bf8,0.2446043165467626,0.2463768115942029
bb0949b3-b5937c6bbc0c4cf2,b6724dd9-9cb537caa0747bf8,0.2446043165467626,0.2463768115942029
08b9908d-1e461d7c84f5af2e,0adb1ee5-5c11ad888fca8057,0.24444444444444444,0.25287356321839083
1be078c4-32ca7e015a838482,fc80cbe0-ea5e5e8bb4665a02,0.24444444444444444,0.3384615384615385
10bbe9de-2f884914858d5d43,968c1e7e-01f85653c0f76e74,0.24372759856630824,0.26356589147286824
8c591975-af23e108a219677c,4fb09c5f-8831ec2acac02462,0.2436548223350254,0.2696629213483146
259c1ea4-fe7cb4000a94c098,a4e1511a-cebe30b4d1384ef0,0.24358974358974358,0.24358974358974358
ea2fc2bc-3044709d8ffadf97,ed37ba7d-26b084b47630173e,0.24338624338624337,0.39655172413793105
a3abac01-756b4f81847c03a8,a8e2cefc-6654f525bbc3acc5,0.2430939226519337,0.24444444444444444
3cbcb1cc-7b7f34abbfcad355,8f778337-feb0d359ab443e78,0.24277456647398843,0.25301204819277107
6045e5d1-7b7f34abbfcad355,8f778337-feb0d359ab443e78,0.24277456647398843,0.25301204819277107
f339ef6f-605077274c5e20e4,1a400c1b-0e9438ab89a10e6d,0.24271844660194175,0.26881720430107525
8c591975-af23e108a219677c,968c1e7e-01f85653c0f76e74,0.24267782426778242,0.3258426966292135
ee270b2a-4a0d00c96498d123,f339ef6f-605077274c5e20e4,0.24242424242424243,0.2777777777777778
5e8d1aaa-328206718fef18b7,953ac418-15324feaea2d4e8e,0.24242424242424243,0.30303030303030304
505f8562-c13678a91e6cf7c5,ff3283cf-8274736030d5496c,0.24242424242424243,0.25
505f8562-c13678a91e6cf7c5,8a39dbf5-5c1f52301bb01d53,0.24242424242424243,0.25
28c2d81a-e2ec233423815bfa,fc80cbe0-ea5e5e8bb4665a02,0.24242424242424243,0.4
5288afb7-d4163ec84d18479e,953ac418-15324feaea2d4e8e,0.24210526315789474,0.25274725274725274
67241a76-381872dc8a0168c2,96cd6ee9-b4b6f058bca794bd,0.24210526315789474,0.24731182795698925
5e8d1aaa-328206718fef18b7,5288afb7-d4163ec84d18479e,0.24203821656050956,0.2878787878787879
c57a973e-8bec26d0d270b7e2,5288afb7-d4163ec84d18479e,0.24203821656050956,0.2878787878787879
c0aa6246-5388e8e2352267ce,953ac418-15324feaea2d4e8e,0.24175824175824176,0.26506024096385544
c4d04ce7-9cf8f4a664363ab2,4fb09c5f-8831ec2acac02462,0.24175824175824176,0.2972972972972973
268eb6c6-42aa9c40dfc146f9,ba9b94f7-61dd5eaa4f08713e,0.24175824175824176,0.2857142857142857
259c1ea4-fe7cb4000a94c098,10bbe9de-2f884914858d5d43,0.24154589371980675,0.32051282051282054
b6724dd9-9cb537caa0747bf8,48993e07-ef4d50df85eb7e96,0.24113475177304963,0.24285714285714285
fcbe7917-527b4c7bcd90e160,f5fb1b62-b0f09cee8a09a971,0.24107142857142858,0.2903225806451613
0adb1ee5-5c11ad888fca8057,2b9dfed3-8642a36733054aca,0.24074074074074073,0.27956989247311825
0adb1ee5-5c11ad888fca8057,351c9206-8642a36733054aca,0.24074074074074073,0.27956989247311825
e1a5831a-8002f90b95c9a4f9,10bbe9de-2f884914858d5d43,0.2403846153846154,0.31645569620253167
71c7ac71-4925edee1db76573,ba9b94f7-61dd5eaa4f08713e,0.2403846153846154,0.24271844660194175
3c667d4f-524cd7f06bda5cb0,5288afb7-d4163ec84d18479e,0.24,0.3050847457627119
7ae0cb0d-6f3db1cbc26cea1c,a4e1511a-cebe30b4d1384ef0,0.24,0.25
28c2d81a-e2ec233423815bfa,3380fa52-8f91b9d91f6310aa,0.24,0.36
d77f722c-85273902dd178793,f339ef6f-605077274c5e20e4,0.23952095808383234,0.2702702702702703
967b67b0-af35838eb0b75e7d,a4e1511a-cebe30b4d1384ef0,0.23943661971830985,0.265625
80c384e4-af35838eb0b75e7d,a4e1511a-cebe30b4d1384ef0,0.23943661971830985,0.265625
0048a372-6eaed78fa1daac8a,ba9b94f7-61dd5eaa4f08713e,0.2391304347826087,0.27848101265822783
5e8d1aaa-328206718fef18b7,fcbe7917-527b4c7bcd90e160,0.2389937106918239,0.2878787878787879
0b5cff5a-cbc0ded58ec456a2,67241a76-381872dc8a0168c2,0.2389937106918239,0.2878787878787879
f339ef6f-605077274c5e20e4,4fb09c5f-8831ec2acac02462,0.23880597014925373,0.25806451612903225
fcbe7917-527b4c7bcd90e160,968c1e7e-01f85653c0f76e74,0.23868312757201646,0.3118279569892473
3cbcb1cc-7b7f34abbfcad355,67241a76-381872dc8a0168c2,0.23863636363636365,0.25301204819277107
c0aa6246-5388e8e2352267ce,67241a76-381872dc8a0168c2,0.23863636363636365,0.25301204819277107
6045e5d1-7b7f34abbfcad355,67241a76-381872dc8a0168c2,0.23863636363636365,0.25301204819277107
56a90e79-59d76e891525abc3,ba9b94f7-61dd5eaa4f08713e,0.23863636363636365,0.29577464788732394
08b9908d-1e461d7c84f5af2e,f5fb1b62-b0f09cee8a09a971,0.23853211009174313,0.2988505747126437
4d25818e-685916003c7f91bc,5288afb7-d4163ec84d18479e,0.23841059602649006,0.3
b6724dd9-9cb537caa0747bf8,fc80cbe0-ea5e5e8bb4665a02,0.23783783783783785,0.3142857142857143
fc80cbe0-ea5e5e8bb4665a02,10bbe9de-2f884914858d5d43,0.23770491803278687,0.25217391304347825
96cd6ee9-b4b6f058bca794bd,ba9b94f7-61dd5eaa4f08713e,0.2376237623762376,0.24742268041237114
b6724dd9-9cb537caa0747bf8,fdd85afb-6dd1aa9cefb9a8e4,0.2375,0.2714285714285714
85125ecb-495c620601720f05,10bbe9de-2f884914858d5d43,0.2374429223744292,0.28888888888888886
1be078c4-32ca7e015a838482,b6724dd9-9cb537caa0747bf8,0.23703703703703705,0.24615384615384617
3cf63146-ed96a88172a99b64,68d422ec-8e2a4607563a1184,0.23696682464454977,0.36231884057971014
259c1ea4-fe7cb4000a94c098,968c1e7e-01f85653c0f76e74,0.23684210526315788,0.34615384615384615
b505f95e-1e7b44155e86a4a4,e7024f3e-4076641a4a18b6d7,0.23673469387755103,0.25892857142857145
67241a76-381872dc8a0168c2,f339ef6f-605077274c5e20e4,0.23655913978494625,0.23655913978494625
259c1ea4-fe7cb4000a94c098,4fb09c5f-8831ec2acac02462,0.23655913978494625,0.28205128205128205
85125ecb-495c620601720f05,1a400c1b-0e9438ab89a10e6d,0.23645320197044334,0.26666666666666666
a8e2cefc-6654f525bbc3acc5,10bbe9de-2f884914858d5d43,0.23636363636363636,0.2857142857142857
4fb09c5f-8831ec2acac02462,b505f95e-1e7b44155e86a4a4,0.23636363636363636,0.24074074074074073
0048a372-6eaed78fa1daac8a,e7024f3e-4076641a4a18b6d7,0.2358490566037736,0.31645569620253167
1a400c1b-0e9438ab89a10e6d,e7024f3e-4076641a4a18b6d7,0.23577235772357724,0.25663716814159293
fadc1365-18491264f0f6840e,312d9460-d4e6393f614dfffb,0.23529411764705882,0.32727272727272727
e6a6e318-9f688e48dd5ac428,312d9460-d4e6393f614dfffb,0.23529411764705882,0.32727272727272727
48993e07-ef4d50df85eb7e96,968c1e7e-01f85653c0f76e74,0.23529411764705882,0.36619718309859156
0fdc80c5-b9cc17385a6b997a,f339ef6f-605077274c5e20e4,0.23529411764705882,0.3
5e8d1aaa-328206718fef18b7,00c0b82a-a23297c71634ae34,0.23529411764705882,0.24242424242424243
b6724dd9-9cb537caa0747bf8,c1fef98f-93ce267168c6c5a3,0.23529411764705882,0.2857142857142857
aaccc000-cd3027809553b409,3cbcb1cc-7b7f34abbfcad355,0.23529411764705882,0.2571428571428571
aaccc000-cd3027809553b409,6045e5d1-7b7f34abbfcad355,0.23529411764705882,0.2571428571428571
9fd33d5a-af26105191efe7e0,68d422ec-8e2a4607563a1184,0.23529411764705882,0.3291139240506329
8f6421f3-ee31a7da9e3d7f85,3380fa52-8f91b9d91f6310aa,0.23529411764705882,0.33962264150943394
b9219544-4f0b882ccebbb0e7,68d422ec-8e2a4607563a1184,0.23529411764705882,0.3870967741935484
953ac418-15324feaea2d4e8e,f5fb1b62-b0f09cee8a09a971,0.23478260869565218,0.2727272727272727
e1a5831a-8002f90b95c9a4f9,c1fef98f-93ce267168c6c5a3,0.2346368715083799,0.26582278481012656
56a90e79-59d76e891525abc3,5288afb7-d4163ec84d18479e,0.2345679012345679,0.2676056338028169
4fb09c5f-8831ec2acac02462,ed37ba7d-26b084b47630173e,0.23430962343096234,0.25925925925925924
4fb09c5f-8831ec2acac02462,f5fb1b62-b0f09cee8a09a971,0.23430962343096234,0.25925925925925924
0adb1ee5-5c11ad888fca8057,b505f95e-1e7b44155e86a4a4,0.23414634146341465,0.25806451612903225
fa484fdd-d4c4bc5b8a7183da,ed37ba7d-26b084b47630173e,0.23404255319148937,0.38596491228070173
a4e1511a-cebe30b4d1384ef0,fcbe7917-527b4c7bcd90e160,0.23391812865497075,0.2564102564102564
259c1ea4-fe7cb4000a94c098,67241a76-381872dc8a0168c2,0.23391812865497075,0.2564102564102564
1ea771ea-31982b8d0676dce6,e7024f3e-4076641a4a18b6d7,0.2336448598130841,0.30864197530864196
ec607ca1-616e9cd4d73a5de6,67241a76-381872dc8a0168c2,0.23333333333333334,0.2413793103448276
d12f26f0-817b664803bfb06a,10bbe9de-2f884914858d5d43,0.23318385650224216,0.2765957446808511
5288afb7-d4163ec84d18479e,fc80cbe0-ea5e5e8bb4665a02,0.23300970873786409,0.26373626373626374
3c667d4f-524cd7f06bda5cb0,b6724dd9-9cb537caa0747bf8,0.23255813953488372,0.2542372881355932
c1fef98f-93ce267168c6c5a3,fc80cbe0-ea5e5e8bb4665a02,0.23255813953488372,0.25
f339ef6f-605077274c5e20e4,ed37ba7d-26b084b47630173e,0.23214285714285715,0.27956989247311825
d77f722c-85273902dd178793,968c1e7e-01f85653c0f76e74,0.23214285714285715,0.35135135135135137
fdd85afb-6dd1aa9cefb9a8e4,5288afb7-d4163ec84d18479e,0.23204419889502761,0.23333333333333334
8f778337-feb0d359ab443e78,5288afb7-d4163ec84d18479e,0.23204419889502761,0.23333333333333334
ff3283cf-8274736030d5496c,ed37ba7d-26b084b47630173e,0.2317596566523605,0.2647058823529412
8a39dbf5-5c1f52301bb01d53,ed37ba7d-26b084b47630173e,0.2317596566523605,0.2647058823529412
fa484fdd-d4c4bc5b8a7183da,e7024f3e-4076641a4a18b6d7,0.23157894736842105,0.38596491228070173
c4d04ce7-9cf8f4a664363ab2,953ac418-15324feaea2d4e8e,0.23121387283236994,0.2702702702702703
e18ae6a1-56bf552fc9e76a67,2b9dfed3-8642a36733054aca,0.23115577889447236,0.3026315789473684
e18ae6a1-56bf552fc9e76a67,351c9206-8642a36733054aca,0.23115577889447236,0.3026315789473684
4d25818e-685916003c7f91bc,b6724dd9-9cb537caa0747bf8,0.23076923076923078,0.25
0fdc80c5-b9cc17385a6b997a,ed37ba7d-26b084b47630173e,0.23036649214659685,0.36666666666666664
9fd33d5a-af26105191efe7e0,b505f95e-1e7b44155e86a4a4,0.23036649214659685,0.27848101265822783
a7894e0b-4e44f93da3e1e8f0,e7024f3e-4076641a4a18b6d7,0.23036649214659685,0.3793103448275862
1ea771ea-31982b8d0676dce6,f339ef6f-605077274c5e20e4,0.22988505747126436,0.24691358024691357
a4e1511a-cebe30b4d1384ef0,f5fb1b62-b0f09cee8a09a971,0.22966507177033493,0.3076923076923077
5288afb7-d4163ec84d18479e,f28b8cb4-1e050d8f56be3b93,0.22950819672131148,0.23076923076923078
a4e1511a-cebe30b4d1384ef0,9fd33d5a-af26105191efe7e0,0.22929936305732485,0.23076923076923078
967b67b0-af35838eb0b75e7d,fcbe7917-527b4c7bcd90e160,0.22929936305732485,0.28125
80c384e4-af35838eb0b75e7d,fcbe7917-527b4c7bcd90e160,0.22929936305732485,0.28125
3cf63146-ed96a88172a99b64,2b9dfed3-8642a36733054aca,0.22916666666666666,0.3188405797101449
3cf63146-ed96a88172a99b64,351c9206-8642a36733054aca,0.22916666666666666,0.3188405797101449
9fd33d5a-af26105191efe7e0,1a400c1b-0e9438ab89a10e6d,0.22916666666666666,0.27848101265822783
505f8562-c13678a91e6cf7c5,ed37ba7d-26b084b47630173e,0.2290748898678414,0.2708333333333333
0048a372-6eaed78fa1daac8a,ed37ba7d-26b084b47630173e,0.22857142857142856,0.3037974683544304
e1a5831a-8002f90b95c9a4f9,f5fb1b62-b0f09cee8a09a971,0.22857142857142856,0.3037974683544304
4548305b-59b7534a6e2eb29c,68d422ec-8e2a4607563a1184,0.22857142857142856,0.35294117647058826
aaccc000-cd3027809553b409,b6724dd9-9cb537caa0747bf8,0.22857142857142856,0.22857142857142856
8f778337-feb0d359ab443e78,10bbe9de-2f884914858d5d43,0.228310502283105,0.2777777777777778
8639f6c6-72a48601176340a9,1a400c1b-0e9438ab89a10e6d,0.22826086956521738,0.29577464788732394
a8e2cefc-6654f525bbc3acc5,ff3283cf-8274736030d5496c,0.22797927461139897,0.24175824175824176
a8e2cefc-6654f525bbc3acc5,8a39dbf5-5c1f52301bb01d53,0.22797927461139897,0.24175824175824176
4f7af821-1edc6f9d9d4cfda9,e7024f3e-4076641a4a18b6d7,0.22797927461139897,0.36666666666666664
ea2fc2bc-3044709d8ffadf97,3380fa52-8f91b9d91f6310aa,0.22784810126582278,0.3103448275862069
c4d04ce7-9cf8f4a664363ab2,fcbe7917-527b4c7bcd90e160,0.2275449101796407,0.25675675675675674
8c591975-af23e108a219677c,f5fb1b62-b0f09cee8a09a971,0.22727272727272727,0.2808988764044944
df594a00-86207ca113146fd3,968c1e7e-01f85653c0f76e74,0.226890756302521,0.3068181818181818
fa484fdd-d4c4bc5b8a7183da,fcbe7917-527b4c7bcd90e160,0.22666666666666666,0.2982456140350877
7ae0cb0d-6f3db1cbc26cea1c,259c1ea4-fe7cb4000a94c098,0.22666666666666666,0.2361111111111111
8f778337-feb0d359ab443e78,1a400c1b-0e9438ab89a10e6d,0.22660098522167488,0.25555555555555554
2b9dfed3-8642a36733054aca,68d422ec-8e2a4607563a1184,0.22641509433962265,0.24390243902439024
351c9206-8642a36733054aca,68d422ec-8e2a4607563a1184,0.22641509433962265,0.24390243902439024
a3abac01-756b4f81847c03a8,ed37ba7d-26b084b47630173e,0.22624434389140272,0.2777777777777778
e1a5831a-8002f90b95c9a4f9,312d9460-d4e6393f614dfffb,0.22598870056497175,0.25316455696202533
fc80cbe0-ea5e5e8bb4665a02,68d422ec-8e2a4607563a1184,0.22568093385214008,0.25217391304347825
7ae0cb0d-6f3db1cbc26cea1c,2b9dfed3-8642a36733054aca,0.22564102564102564,0.3055555555555556
7ae0cb0d-6f3db1cbc26cea1c,351c9206-8642a36733054aca,0.22564102564102564,0.3055555555555556
8c591975-af23e108a219677c,fc80cbe0-ea5e5e8bb4665a02,0.22549019607843138,0.25842696629213485
b6724dd9-9cb537caa0747bf8,7ae0cb0d-6f3db1cbc26cea1c,0.22535211267605634,0.22857142857142856
b6724dd9-9cb537caa0747bf8,ee270b2a-4a0d00c96498d123,0.22535211267605634,0.22857142857142856
5e8d1aaa-328206718fef18b7,e18ae6a1-56bf552fc9e76a67,0.22535211267605634,0.24242424242424243
4f7af821-1edc6f9d9d4cfda9,5288afb7-d4163ec84d18479e,0.2251655629139073,0.2833333333333333
ee270b2a-4a0d00c96498d123,0048a372-6eaed78fa1daac8a,0.2251655629139073,0.2361111111111111
0048a372-6eaed78fa1daac8a,fdd85afb-6dd1aa9cefb9a8e4,0.22485207100591717,0.24050632911392406
1be078c4-32ca7e015a838482,1a400c1b-0e9438ab89a10e6d,0.2247191011235955,0.3076923076923077
a8e2cefc-6654f525bbc3acc5,505f8562-c13678a91e6cf7c5,0.22459893048128343,0.23076923076923078
04df7bb8-fb43ee8f991e01a2,2b9dfed3-8642a36733054aca,0.2242152466367713,0.25
04df7bb8-fb43ee8f991e01a2,351c9206-8642a36733054aca,0.2242152466367713,0.25
b6724dd9-9cb537caa0747bf8,5288afb7-d4163ec84d18479e,0.2236024844720497,0.2571428571428571
df594a00-86207ca113146fd3,c1fef98f-93ce267168c6c5a3,0.22340425531914893,0.23863636363636365
3cbcb1cc-7b7f34abbfcad355,968c1e7e-01f85653c0f76e74,0.22317596566523606,0.3132530120481928
6045e5d1-7b7f34abbfcad355,968c1e7e-01f85653c0f76e74,0.22317596566523606,0.3132530120481928
1a400c1b-0e9438ab89a10e6d,10bbe9de-2f884914858d5d43,0.2231404958677686,0.23893805309734514
0b5cff5a-cbc0ded58ec456a2,a4e1511a-cebe30b4d1384ef0,0.2222222222222222,0.24242424242424243
00c0b82a-a23297c71634ae34,c4d04ce7-9cf8f4a664363ab2,0.2222222222222222,0.22857142857142856
08b9908d-1e461d7c84f5af2e,10bbe9de-2f884914858d5d43,0.2222222222222222,0.27586206896551724
fa484fdd-d4c4bc5b8a7183da,968c1e7e-01f85653c0f76e74,0.2222222222222222,0.40350877192982454
ff3283cf-8274736030d5496c,968c1e7e-01f85653c0f76e74,0.2222222222222222,0.27450980392156865
8a39dbf5-5c1f52301bb01d53,968c1e7e-01f85653c0f76e74,0.2222222222222222,0.27450980392156865
0adb1ee5-5c11ad888fca8057,ba9b94f7-61dd5eaa4f08713e,0.2222222222222222,0.23655913978494625
ed37ba7d-26b084b47630173e,f5fb1b62-b0f09cee8a09a971,0.22137404580152673,0.22137404580152673
10bbe9de-2f884914858d5d43,e7024f3e-4076641a4a18b6d7,0.22137404580152673,0.2248062015503876
71c7ac71-4925edee1db76573,968c1e7e-01f85653c0f76e74,0.22134387351778656,0.27184466019417475
f339ef6f-605077274c5e20e4,68d422ec-8e2a4607563a1184,0.22127659574468084,0.27956989247311825
f339ef6f-605077274c5e20e4,fc80cbe0-ea5e5e8bb4665a02,0.22115384615384615,0.24731182795698925
079ad09e-6c66ff5d51abed6f,2b9dfed3-8642a36733054aca,0.22110552763819097,0.2894736842105263
20012377-d788dc5bfb094ca7,2b9dfed3-8642a36733054aca,0.22110552763819097,0.2894736842105263
079ad09e-6c66ff5d51abed6f,351c9206-8642a36733054aca,0.22110552763819097,0.2894736842105263
20012377-d788dc5bfb094ca7,351c9206-8642a36733054aca,0.22110552763819097,0.2894736842105263
a4e1511a-cebe30b4d1384ef0,b505f95e-1e7b44155e86a4a4,0.22105263157894736,0.2692307692307692
3cbcb1cc-7b7f34abbfcad355,312d9460-d4e6393f614dfffb,0.22099447513812154,0.24096385542168675
6045e5d1-7b7f34abbfcad355,312d9460-d4e6393f614dfffb,0.22099447513812154,0.24096385542168675
5e8d1aaa-328206718fef18b7,fc80cbe0-ea5e5e8bb4665a02,0.22099447513812154,0.30303030303030304
079ad09e-6c66ff5d51abed6f,ba9b94f7-61dd5eaa4f08713e,0.22099447513812154,0.2631578947368421
20012377-d788dc5bfb094ca7,ba9b94f7-61dd5eaa4f08713e,0.22099447513812154,0.2631578947368421
e1a5831a-8002f90b95c9a4f9,f339ef6f-605077274c5e20e4,0.22093023255813954,0.24050632911392406
9fd33d5a-af26105191efe7e0,f339ef6f-605077274c5e20e4,0.22093023255813954,0.24050632911392406
be3b1289-62071cd8d4a4e6d3,5288afb7-d4163ec84d18479e,0.22093023255813954,0.2345679012345679
aaccc000-cd3027809553b409,f339ef6f-605077274c5e20e4,0.22085889570552147,0.2571428571428571
ea2fc2bc-3044709d8ffadf97,68d422ec-8e2a4607563a1184,0.22,0.3793103448275862
3cbcb1cc-7b7f34abbfcad355,fdd85afb-6dd1aa9cefb9a8e4,0.21965317919075145,0.2289156626506024
6045e5d1-7b7f34abbfcad355,fdd85afb-6dd1aa9cefb9a8e4,0.21965317919075145,0.2289156626506024
a4e1511a-cebe30b4d1384ef0,c220c822-8f151b0df1073ade,0.21951219512195122,0.23076923076923078
b6724dd9-9cb537caa0747bf8,e18ae6a1-56bf552fc9e76a67,0.2191780821917808,0.22857142857142856
ba9b94f7-61dd5eaa4f08713e,68d422ec-8e2a4607563a1184,0.21862348178137653,0.2571428571428571
4548305b-59b7534a6e2eb29c,fc80cbe0-ea5e5e8bb4665a02,0.2185792349726776,0.29411764705882354
3cbcb1cc-7b7f34abbfcad355,04df7bb8-fb43ee8f991e01a2,0.2185792349726776,0.24096385542168675
6045e5d1-7b7f34abbfcad355,04df7bb8-fb43ee8f991e01a2,0.2185792349726776,0.24096385542168675
505f8562-c13678a91e6cf7c5,68d422ec-8e2a4607563a1184,0.2184873949579832,0.2708333333333333
08b9908d-1e461d7c84f5af2e,68d422ec-8e2a4607563a1184,0.2183406113537118,0.28735632183908044
c4d04ce7-9cf8f4a664363ab2,5288afb7-d4163ec84d18479e,0.21818181818181817,0.24324324324324326
11c2ab99-836a13764460b298,312d9460-d4e6393f614dfffb,0.21794871794871795,0.29310344827586204
a7894e0b-4e44f93da3e1e8f0,312d9460-d4e6393f614dfffb,0.21794871794871795,0.29310344827586204
bdfe8110-ffa623ef7fcc38d6,312d9460-d4e6393f614dfffb,0.21794871794871795,0.29310344827586204
5e8d1aaa-328206718fef18b7,85125ecb-495c620601720f05,0.21794871794871795,0.25757575757575757
fc80cbe0-ea5e5e8bb4665a02,e7024f3e-4076641a4a18b6d7,0.21774193548387097,0.23478260869565218
3cf63146-ed96a88172a99b64,a4e1511a-cebe30b4d1384ef0,0.21768707482993196,0.2318840579710145
b6724dd9-9cb537caa0747bf8,268eb6c6-42aa9c40dfc146f9,0.21768707482993196,0.22857142857142856
a4e1511a-cebe30b4d1384ef0,fc80cbe0-ea5e5e8bb4665a02,0.21761658031088082,0.2692307692307692
5288afb7-d4163ec84d18479e,fcbe7917-527b4c7bcd90e160,0.21739130434782608,0.21978021978021978
e1a5831a-8002f90b95c9a4f9,ba9b94f7-61dd5eaa4f08713e,0.21739130434782608,0.25316455696202533
3cf63146-ed96a88172a99b64,fc80cbe0-ea5e5e8bb4665a02,0.21739130434782608,0.2898550724637681
0048a372-6eaed78fa1daac8a,68d422ec-8e2a4607563a1184,0.2171945701357466,0.3037974683544304
0048a372-6eaed78fa1daac8a,505f8562-c13678a91e6cf7c5,0.21714285714285714,0.24050632911392406
0fdc80c5-b9cc17385a6b997a,fc80cbe0-ea5e5e8bb4665a02,0.21714285714285714,0.31666666666666665
f870e76b-3ba460b78b587d9b,e7024f3e-4076641a4a18b6d7,0.2169811320754717,0.2911392405063291
a4e1511a-cebe30b4d1384ef0,0048a372-6eaed78fa1daac8a,0.21656050955414013,0.21794871794871795
b6724dd9-9cb537caa0747bf8,a4e1511a-cebe30b4d1384ef0,0.21621621621621623,0.22857142857142856
ee270b2a-4a0d00c96498d123,968c1e7e-01f85653c0f76e74,0.21621621621621623,0.3333333333333333
8639f6c6-72a48601176340a9,ba9b94f7-61dd5eaa4f08713e,0.2159090909090909,0.2676056338028169
a8e2cefc-6654f525bbc3acc5,1a400c1b-0e9438ab89a10e6d,0.21568627450980393,0.24175824175824176
505f8562-c13678a91e6cf7c5,4fb09c5f-8831ec2acac02462,0.21568627450980393,0.22916666666666666
2f8c3bf3-e73d8329c1717cd5,68d422ec-8e2a4607563a1184,0.21568627450980393,0.3548387096774194
0048a372-6eaed78fa1daac8a,df594a00-86207ca113146fd3,0.2155688622754491,0.22784810126582278
85125ecb-495c620601720f05,e7024f3e-4076641a4a18b6d7,0.21524663677130046,0.26666666666666666
0048a372-6eaed78fa1daac8a,9fd33d5a-af26105191efe7e0,0.21518987341772153,0.21518987341772153
df594a00-86207ca113146fd3,312d9460-d4e6393f614dfffb,0.21505376344086022,0.22727272727272727
3cbcb1cc-7b7f34abbfcad355,ed37ba7d-26b084b47630173e,0.21495327102803738,0.27710843373493976
6045e5d1-7b7f34abbfcad355,ed37ba7d-26b084b47630173e,0.21495327102803738,0.27710843373493976
2f8c3bf3-e73d8329c1717cd5,fc80cbe0-ea5e5e8bb4665a02,0.21468926553672316,0.3064516129032258
04df7bb8-fb43ee8f991e01a2,ba9b94f7-61dd5eaa4f08713e,0.2146341463414634,0.22
8f778337-feb0d359ab443e78,fc80cbe0-ea5e5e8bb4665a02,0.2146341463414634,0.24444444444444444
a4e1511a-cebe30b4d1384ef0,8f778337-feb0d359ab443e78,0.21428571428571427,0.23076923076923078
d77f722c-85273902dd178793,1a400c1b-0e9438ab89a10e6d,0.21390374331550802,0.2702702702702703
8639f6c6-72a48601176340a9,df594a00-86207ca113146fd3,0.2138364779874214,0.23943661971830985
0b5cff5a-cbc0ded58ec456a2,f339ef6f-605077274c5e20e4,0.2138364779874214,0.25757575757575757
ec607ca1-616e9cd4d73a5de6,5288afb7-d4163ec84d18479e,0.21348314606741572,0.21839080459770116
259c1ea4-fe7cb4000a94c098,3380fa52-8f91b9d91f6310aa,0.21348314606741572,0.24358974358974358
c4d04ce7-9cf8f4a664363ab2,e18ae6a1-56bf552fc9e76a67,0.21333333333333335,0.21621621621621623
d12f26f0-817b664803bfb06a,968c1e7e-01f85653c0f76e74,0.21311475409836064,0.2765957446808511
9fd33d5a-af26105191efe7e0,8f778337-feb0d359ab443e78,0.21301775147928995,0.22784810126582278
5e8d1aaa-328206718fef18b7,1a400c1b-0e9438ab89a10e6d,0.2122905027932961,0.2878787878787879
ed37ba7d-26b084b47630173e,e7024f3e-4076641a4a18b6d7,0.21212121212121213,0.21374045801526717
c220c822-8f151b0df1073ade,f5fb1b62-b0f09cee8a09a971,0.2119815668202765,0.26744186046511625
7ae0cb0d-6f3db1cbc26cea1c,0048a372-6eaed78fa1daac8a,0.2119205298013245,0.2222222222222222
c4d04ce7-9cf8f4a664363ab2,fc80cbe0-ea5e5e8bb4665a02,0.21164021164021163,0.2702702702702703
268eb6c6-42aa9c40dfc146f9,968c1e7e-01f85653c0f76e74,0.21145374449339208,0.3116883116883117
fc80cbe0-ea5e5e8bb4665a02,f5fb1b62-b0f09cee8a09a971,0.21138211382113822,0.22608695652173913
00c0b82a-a23297c71634ae34,5288afb7-d4163ec84d18479e,0.2111801242236025,0.24285714285714285
953ac418-15324feaea2d4e8e,3380fa52-8f91b9d91f6310aa,0.21105527638190955,0.21212121212121213
c57a973e-8bec26d0d270b7e2,e7024f3e-4076641a4a18b6d7,0.21105527638190955,0.3181818181818182
d77f722c-85273902dd178793,a4e1511a-cebe30b4d1384ef0,0.21052631578947367,0.21621621621621623
810cf242-d53df3adf0b7bf56,10bbe9de-2f884914858d5d43,0.21052631578947367,0.32786885245901637
0b5cff5a-cbc0ded58ec456a2,ba9b94f7-61dd5eaa4f08713e,0.21052631578947367,0.2727272727272727
505f8562-c13678a91e6cf7c5,2b9dfed3-8642a36733054aca,0.2100456621004566,0.23958333333333334
505f8562-c13678a91e6cf7c5,351c9206-8642a36733054aca,0.2100456621004566,0.23958333333333334
268eb6c6-42aa9c40dfc146f9,68d422ec-8e2a4607563a1184,0.2100456621004566,0.2987012987012987
48993e07-ef4d50df85eb7e96,10bbe9de-2f884914858d5d43,0.21,0.29577464788732394
3cf63146-ed96a88172a99b64,ed37ba7d-26b084b47630173e,0.21,0.30434782608695654
bb0949b3-b5937c6bbc0c4cf2,f5fb1b62-b0f09cee8a09a971,0.21,0.30434782608695654
8639f6c6-72a48601176340a9,10bbe9de-2f884914858d5d43,0.21,0.29577464788732394
f870e76b-3ba460b78b587d9b,3cbcb1cc-7b7f34abbfcad355,0.20987654320987653,0.21518987341772153
f870e76b-3ba460b78b587d9b,6045e5d1-7b7f34abbfcad355,0.20987654320987653,0.21518987341772153
28c2d81a-e2ec233423815bfa,67241a76-381872dc8a0168c2,0.2097902097902098,0.3
f870e76b-3ba460b78b587d9b,ed37ba7d-26b084b47630173e,0.20952380952380953,0.27848101265822783
259c1ea4-fe7cb4000a94c098,1a400c1b-0e9438ab89a10e6d,0.2094240837696335,0.2564102564102564
810cf242-d53df3adf0b7bf56,968c1e7e-01f85653c0f76e74,0.20853080568720378,0.36065573770491804
079ad09e-6c66ff5d51abed6f,a4e1511a-cebe30b4d1384ef0,0.2077922077922078,0.21052631578947367
20012377-d788dc5bfb094ca7,a4e1511a-cebe30b4d1384ef0,0.2077922077922078,0.21052631578947367
10bbe9de-2f884914858d5d43,ed37ba7d-26b084b47630173e,0.2076923076923077,0.20930232558139536
8f778337-feb0d359ab443e78,f339ef6f-605077274c5e20e4,0.20765027322404372,0.2111111111111111
fdd85afb-6dd1aa9cefb9a8e4,67241a76-381872dc8a0168c2,0.20765027322404372,0.2111111111111111
85125ecb-495c620601720f05,fcbe7917-527b4c7bcd90e160,0.20765027322404372,0.2111111111111111
259c1ea4-fe7cb4000a94c098,ba9b94f7-61dd5eaa4f08713e,0.20765027322404372,0.24358974358974358
2b2d3b84-8002a3802a32a0bb,ba9b94f7-61dd5eaa4f08713e,0.20765027322404372,0.24358974358974358
2f8c3bf3-e73d8329c1717cd5,968c1e7e-01f85653c0f76e74,0.20754716981132076,0.3548387096774194
df594a00-86207ca113146fd3,ba9b94f7-61dd5eaa4f08713e,0.20725388601036268,0.22727272727272727
7ae0cb0d-6f3db1cbc26cea1c,968c1e7e-01f85653c0f76e74,0.2072072072072072,0.3194444444444444
a8e2cefc-6654f525bbc3acc5,b505f95e-1e7b44155e86a4a4,0.20689655172413793,0.23076923076923078
bb0949b3-b5937c6bbc0c4cf2,ba9b94f7-61dd5eaa4f08713e,0.20689655172413793,0.2608695652173913
ba9b94f7-61dd5eaa4f08713e,4fb09c5f-8831ec2acac02462,0.20657276995305165,0.20952380952380953
967b67b0-af35838eb0b75e7d,5288afb7-d4163ec84d18479e,0.2064516129032258,0.25
80c384e4-af35838eb0b75e7d,5288afb7-d4163ec84d18479e,0.2064516129032258,0.25
5e8d1aaa-328206718fef18b7,8c591975-af23e108a219677c,0.2064516129032258,0.24242424242424243
be3b1289-62071cd8d4a4e6d3,68d422ec-8e2a4607563a1184,0.2062780269058296,0.2839506172839506
f870e76b-3ba460b78b587d9b,fc80cbe0-ea5e5e8bb4665a02,0.20618556701030927,0.25316455696202533
c0aa6246-5388e8e2352267ce,968c1e7e-01f85653c0f76e74,0.20600858369098712,0.2891566265060241
fa484fdd-d4c4bc5b8a7183da,0048a372-6eaed78fa1daac8a,0.20588235294117646,0.24561403508771928
4f7af821-1edc6f9d9d4cfda9,fc80cbe0-ea5e5e8bb4665a02,0.2057142857142857,0.3
967b67b0-af35838eb0b75e7d,968c1e7e-01f85653c0f76e74,0.205607476635514,0.34375
80c384e4-af35838eb0b75e7d,968c1e7e-01f85653c0f76e74,0.205607476635514,0.34375
f28b8cb4-1e050d8f56be3b93,f339ef6f-605077274c5e20e4,0.20540540540540542,0.20652173913043478
5288afb7-d4163ec84d18479e,e7024f3e-4076641a4a18b6d7,0.20535714285714285,0.25274725274725274
5e8d1aaa-328206718fef18b7,8f778337-feb0d359ab443e78,0.20512820512820512,0.24242424242424243
ba9b94f7-61dd5eaa4f08713e,10bbe9de-2f884914858d5d43,0.20512820512820512,0.22857142857142856
ff3283cf-8274736030d5496c,1a400c1b-0e9438ab89a10e6d,0.20465116279069767,0.21568627450980393
8a39dbf5-5c1f52301bb01d53,1a400c1b-0e9438ab89a10e6d,0.20465116279069767,0.21568627450980393
8f6421f3-ee31a7da9e3d7f85,e7024f3e-4076641a4a18b6d7,0.20430107526881722,0.3584905660377358
a8e2cefc-6654f525bbc3acc5,fc80cbe0-ea5e5e8bb4665a02,0.20388349514563106,0.23076923076923078
67241a76-381872dc8a0168c2,1a400c1b-0e9438ab89a10e6d,0.20388349514563106,0.22580645161290322
0048a372-6eaed78fa1daac8a,312d9460-d4e6393f614dfffb,0.2033898305084746,0.22784810126582278
08b9908d-1e461d7c84f5af2e,8f778337-feb0d359ab443e78,0.2033898305084746,0.20689655172413793
ec607ca1-616e9cd4d73a5de6,8f778337-feb0d359ab443e78,0.2033898305084746,0.20689655172413793
ea2fc2bc-3044709d8ffadf97,85125ecb-495c620601720f05,0.20270270270270271,0.25862068965517243
d12f26f0-817b664803bfb06a,e7024f3e-4076641a4a18b6d7,0.2026431718061674,0.24468085106382978
b6724dd9-9cb537caa0747bf8,df594a00-86207ca113146fd3,0.20253164556962025,0.22857142857142856
0048a372-6eaed78fa1daac8a,f870e76b-3ba460b78b587d9b,0.20253164556962025,0.20253164556962025
268eb6c6-42aa9c40dfc146f9,5288afb7-d4163ec84d18479e,0.20238095238095238,0.22077922077922077
08b9908d-1e461d7c84f5af2e,5288afb7-d4163ec84d18479e,0.20224719101123595,0.20689655172413793
3cbcb1cc-7b7f34abbfcad355,ba9b94f7-61dd5eaa4f08713e,0.20212765957446807,0.2289156626506024
6045e5d1-7b7f34abbfcad355,ba9b94f7-61dd5eaa4f08713e,0.20212765957446807,0.2289156626506024
08b9908d-1e461d7c84f5af2e,ed37ba7d-26b084b47630173e,0.2018348623853211,0.25287356321839083
71c7ac71-4925edee1db76573,fc80cbe0-ea5e5e8bb4665a02,0.2018348623853211,0.21359223300970873
259c1ea4-fe7cb4000a94c098,5288afb7-d4163ec84d18479e,0.20118343195266272,0.21794871794871795
48c5f745-76116075ca0bc0f4,ba9b94f7-61dd5eaa4f08713e,0.20118343195266272,0.265625
c220c822-8f151b0df1073ade,67241a76-381872dc8a0168c2,0.2011173184357542,0.20930232558139536
5288afb7-d4163ec84d18479e,4fb09c5f-8831ec2acac02462,0.20100502512562815,0.21978021978021978
c220c822-8f151b0df1073ade,1a400c1b-0e9438ab89a10e6d,0.20100502512562815,0.23255813953488372
312d9460-d4e6393f614dfffb,68d422ec-8e2a4607563a1184,0.2,0.24489795918367346
be3b1289-62071cd8d4a4e6d3,953ac418-15324feaea2d4e8e,0.2,0.2222222222222222
953ac418-15324feaea2d4e8e,ed37ba7d-26b084b47630173e,0.2,0.23232323232323232
b6724dd9-9cb537caa0747bf8,04df7bb8-fb43ee8f991e01a2,0.2,0.24285714285714285
b6724dd9-9cb537caa0747bf8,3380fa52-8f91b9d91f6310aa,0.2,0.24285714285714285
a3abac01-756b4f81847c03a8,fdd85afb-6dd1aa9cefb9a8e4,0.2,0.2
fa484fdd-d4c4bc5b8a7183da,67241a76-381872dc8a0168c2,0.2,0.2631578947368421
259c1ea4-fe7cb4000a94c098,68d422ec-8e2a4607563a1184,0.2,0.28205128205128205
ec607ca1-616e9cd4d73a5de6,1a400c1b-0e9438ab89a10e6d,0.2,0.22988505747126436
8c591975-af23e108a219677c,ff3283cf-8274736030d5496c,0.19895287958115182,0.21348314606741572
ea2fc2bc-3044709d8ffadf97,e7024f3e-4076641a4a18b6d7,0.19895287958115182,0.3275862068965517
8c591975-af23e108a219677c,8a39dbf5-5c1f52301bb01d53,0.19895287958115182,0.21348314606741572
7ae0cb0d-6f3db1cbc26cea1c,953ac418-15324feaea2d4e8e,0.19883040935672514,0.2361111111111111
c57a973e-8bec26d0d270b7e2,ba9b94f7-61dd5eaa4f08713e,0.19883040935672514,0.25757575757575757
0fdc80c5-b9cc17385a6b997a,5288afb7-d4163ec84d18479e,0.1986754966887417,0.25
b6724dd9-9cb537caa0747bf8,be3b1289-62071cd8d4a4e6d3,0.1986754966887417,0.21428571428571427
f28b8cb4-1e050d8f56be3b93,968c1e7e-01f85653c0f76e74,0.19834710743801653,0.2608695652173913
fdd85afb-6dd1aa9cefb9a8e4,68d422ec-8e2a4607563a1184,0.19827586206896552,0.25555555555555554
85125ecb-495c620601720f05,68d422ec-8e2a4607563a1184,0.19827586206896552,0.25555555555555554
3cbcb1cc-7b7f34abbfcad355,10bbe9de-2f884914858d5d43,0.19811320754716982,0.25301204819277107
6045e5d1-7b7f34abbfcad355,10bbe9de-2f884914858d5d43,0.19811320754716982,0.25301204819277107
fdd85afb-6dd1aa9cefb9a8e4,b505f95e-1e7b44155e86a4a4,0.19801980198019803,0.2222222222222222
c1fef98f-93ce267168c6c5a3,e7024f3e-4076641a4a18b6d7,0.19742489270386265,0.23
f339ef6f-605077274c5e20e4,3380fa52-8f91b9d91f6310aa,0.19689119170984457,0.20430107526881722
67241a76-381872dc8a0168c2,c1fef98f-93ce267168c6c5a3,0.19689119170984457,0.20430107526881722
a3abac01-756b4f81847c03a8,fcbe7917-527b4c7bcd90e160,0.19672131147540983,0.2
28c2d81a-e2ec233423815bfa,e7024f3e-4076641a4a18b6d7,0.19672131147540983,0.36
0048a372-6eaed78fa1daac8a,d12f26f0-817b664803bfb06a,0.19653179190751446,0.21518987341772153
b6724dd9-9cb537caa0747bf8,f339ef6f-605077274c5e20e4,0.19631901840490798,0.22857142857142856
5288afb7-d4163ec84d18479e,0adb1ee5-5c11ad888fca8057,0.1956521739130435,0.1978021978021978
9fd33d5a-af26105191efe7e0,ba9b94f7-61dd5eaa4f08713e,0.1956521739130435,0.22784810126582278
3cbcb1cc-7b7f34abbfcad355,5288afb7-d4163ec84d18479e,0.19540229885057472,0.20481927710843373
6045e5d1-7b7f34abbfcad355,5288afb7-d4163ec84d18479e,0.19540229885057472,0.20481927710843373
be3b1289-62071cd8d4a4e6d3,fcbe7917-527b4c7bcd90e160,0.19540229885057472,0.20987654320987653
b6724dd9-9cb537caa0747bf8,d12f26f0-817b664803bfb06a,0.1951219512195122,0.22857142857142856
8f6421f3-ee31a7da9e3d7f85,b6724dd9-9cb537caa0747bf8,0.1951219512195122,0.22641509433962265
c4d04ce7-9cf8f4a664363ab2,8f778337-feb0d359ab443e78,0.1951219512195122,0.21621621621621623
8639f6c6-72a48601176340a9,fcbe7917-527b4c7bcd90e160,0.1951219512195122,0.22535211267605634
67241a76-381872dc8a0168c2,b505f95e-1e7b44155e86a4a4,0.1951219512195122,0.21505376344086022
f339ef6f-605077274c5e20e4,e7024f3e-4076641a4a18b6d7,0.19469026548672566,0.23655913978494625
00c0b82a-a23297c71634ae34,fc80cbe0-ea5e5e8bb4665a02,0.1945945945945946,0.2571428571428571
f339ef6f-605077274c5e20e4,2b9dfed3-8642a36733054aca,0.19444444444444445,0.22580645161290322
f339ef6f-605077274c5e20e4,351c9206-8642a36733054aca,0.19444444444444445,0.22580645161290322
2f8c3bf3-e73d8329c1717cd5,1a400c1b-0e9438ab89a10e6d,0.19428571428571428,0.27419354838709675
ba9b94f7-61dd5eaa4f08713e,2b9dfed3-8642a36733054aca,0.19298245614035087,0.20952380952380953
ba9b94f7-61dd5eaa4f08713e,351c9206-8642a36733054aca,0.19298245614035087,0.20952380952380953
5e8d1aaa-328206718fef18b7,f5fb1b62-b0f09cee8a09a971,0.19289340101522842,0.2878787878787879
fa484fdd-d4c4bc5b8a7183da,953ac418-15324feaea2d4e8e,0.19230769230769232,0.2631578947368421
67241a76-381872dc8a0168c2,fc80cbe0-ea5e5e8bb4665a02,0.19230769230769232,0.21505376344086022
3380fa52-8f91b9d91f6310aa,10bbe9de-2f884914858d5d43,0.19213973799126638,0.22
8f778337-feb0d359ab443e78,968c1e7e-01f85653c0f76e74,0.19166666666666668,0.25555555555555554
259c1ea4-fe7cb4000a94c098,ed37ba7d-26b084b47630173e,0.19138755980861244,0.2564102564102564
a4e1511a-cebe30b4d1384ef0,68d422ec-8e2a4607563a1184,0.19090909090909092,0.2692307692307692
b6724dd9-9cb537caa0747bf8,312d9460-d4e6393f614dfffb,0.19047619047619047,0.22857142857142856
4f7af821-1edc6f9d9d4cfda9,5e8d1aaa-328206718fef18b7,0.19047619047619047,0.2
a7894e0b-4e44f93da3e1e8f0,f5fb1b62-b0f09cee8a09a971,0.19047619047619047,0.3103448275862069
a3abac01-756b4f81847c03a8,953ac418-15324feaea2d4e8e,0.19047619047619047,0.2
8f778337-feb0d359ab443e78,f5fb1b62-b0f09cee8a09a971,0.19004524886877827,0.23333333333333334
0048a372-6eaed78fa1daac8a,c1fef98f-93ce267168c6c5a3,0.18994413407821228,0.21518987341772153
8639f6c6-72a48601176340a9,312d9460-d4e6393f614dfffb,0.1893491124260355,0.22535211267605634
0adb1ee5-5c11ad888fca8057,968c1e7e-01f85653c0f76e74,0.18930041152263374,0.24731182795698925
a8e2cefc-6654f525bbc3acc5,ed37ba7d-26b084b47630173e,0.1891891891891892,0.23076923076923078
2b2d3b84-8002a3802a32a0bb,2b9dfed3-8642a36733054aca,0.1890547263681592,0.24358974358974358
2b2d3b84-8002a3802a32a0bb,351c9206-8642a36733054aca,0.1890547263681592,0.24358974358974358
0048a372-6eaed78fa1daac8a,2b9dfed3-8642a36733054aca,0.18811881188118812,0.24050632911392406
0048a372-6eaed78fa1daac8a,351c9206-8642a36733054aca,0.18811881188118812,0.24050632911392406
ea2fc2bc-3044709d8ffadf97,5288afb7-d4163ec84d18479e,0.18791946308724833,0.2413793103448276
8639f6c6-72a48601176340a9,a4e1511a-cebe30b4d1384ef0,0.18791946308724833,0.19718309859154928
85125ecb-495c620601720f05,5288afb7-d4163ec84d18479e,0.1878453038674033,0.18888888888888888
11c2ab99-836a13764460b298,2b9dfed3-8642a36733054aca,0.1878453038674033,0.29310344827586204
bdfe8110-ffa623ef7fcc38d6,2b9dfed3-8642a36733054aca,0.1878453038674033,0.29310344827586204
11c2ab99-836a13764460b298,351c9206-8642a36733054aca,0.1878453038674033,0.29310344827586204
bdfe8110-ffa623ef7fcc38d6,351c9206-8642a36733054aca,0.1878453038674033,0.29310344827586204
8639f6c6-72a48601176340a9,68d422ec-8e2a4607563a1184,0.18779342723004694,0.28169014084507044
2b9dfed3-8642a36733054aca,e7024f3e-4076641a4a18b6d7,0.1875,0.1951219512195122
351c9206-8642a36733054aca,e7024f3e-4076641a4a18b6d7,0.1875,0.1951219512195122
fc80cbe0-ea5e5e8bb4665a02,ed37ba7d-26b084b47630173e,0.18699186991869918,0.2
5288afb7-d4163ec84d18479e,a8e2cefc-6654f525bbc3acc5,0.18681318681318682,0.18681318681318682
b6724dd9-9cb537caa0747bf8,b505f95e-1e7b44155e86a4a4,0.18681318681318682,0.24285714285714285
f28b8cb4-1e050d8f56be3b93,2b9dfed3-8642a36733054aca,0.18604651162790697,0.21739130434782608
f28b8cb4-1e050d8f56be3b93,351c9206-8642a36733054aca,0.18604651162790697,0.21739130434782608
810cf242-d53df3adf0b7bf56,0048a372-6eaed78fa1daac8a,0.18571428571428572,0.21311475409836064
00c0b82a-a23297c71634ae34,b6724dd9-9cb537caa0747bf8,0.18571428571428572,0.18571428571428572
fa484fdd-d4c4bc5b8a7183da,3cbcb1cc-7b7f34abbfcad355,0.18571428571428572,0.22807017543859648
fa484fdd-d4c4bc5b8a7183da,6045e5d1-7b7f34abbfcad355,0.18571428571428572,0.22807017543859648
c4d04ce7-9cf8f4a664363ab2,f5fb1b62-b0f09cee8a09a971,0.18536585365853658,0.25675675675675674
953ac418-15324feaea2d4e8e,968c1e7e-01f85653c0f76e74,0.18473895582329317,0.23232323232323232
0fdc80c5-b9cc17385a6b997a,b6724dd9-9cb537caa0747bf8,0.18461538461538463,0.2
4f7af821-1edc6f9d9d4cfda9,b6724dd9-9cb537caa0747bf8,0.18461538461538463,0.2
11c2ab99-836a13764460b298,ba9b94f7-61dd5eaa4f08713e,0.18404907975460122,0.25862068965517243
bdfe8110-ffa623ef7fcc38d6,ba9b94f7-61dd5eaa4f08713e,0.18404907975460122,0.25862068965517243
3380fa52-8f91b9d91f6310aa,968c1e7e-01f85653c0f76e74,0.184,0.23
a4e1511a-cebe30b4d1384ef0,505f8562-c13678a91e6cf7c5,0.1839080459770115,0.20512820512820512
5288afb7-d4163ec84d18479e,d12f26f0-817b664803bfb06a,0.1837837837837838,0.18681318681318682
ec607ca1-616e9cd4d73a5de6,68d422ec-8e2a4607563a1184,0.18340611353711792,0.2413793103448276
b6724dd9-9cb537caa0747bf8,c0aa6246-5388e8e2352267ce,0.1830065359477124,0.2
48c5f745-76116075ca0bc0f4,e7024f3e-4076641a4a18b6d7,0.18274111675126903,0.28125
5e8d1aaa-328206718fef18b7,df594a00-86207ca113146fd3,0.18181818181818182,0.21212121212121213
5288afb7-d4163ec84d18479e,10bbe9de-2f884914858d5d43,0.18181818181818182,0.21978021978021978
a4e1511a-cebe30b4d1384ef0,ec607ca1-616e9cd4d73a5de6,0.18181818181818182,0.19230769230769232
8f6421f3-ee31a7da9e3d7f85,2b9dfed3-8642a36733054aca,0.18181818181818182,0.3018867924528302
3380fa52-8f91b9d91f6310aa,f5fb1b62-b0f09cee8a09a971,0.18181818181818182,0.21
8f6421f3-ee31a7da9e3d7f85,351c9206-8642a36733054aca,0.18181818181818182,0.3018867924528302
312d9460-d4e6393f614dfffb,2b9dfed3-8642a36733054aca,0.18099547511312217,0.20408163265306123
312d9460-d4e6393f614dfffb,351c9206-8642a36733054aca,0.18099547511312217,0.20408163265306123
c0aa6246-5388e8e2352267ce,ba9b94f7-61dd5eaa4f08713e,0.18085106382978725,0.20481927710843373
b9219544-4f0b882ccebbb0e7,67241a76-381872dc8a0168c2,0.18064516129032257,0.22580645161290322
810cf242-d53df3adf0b7bf56,3cbcb1cc-7b7f34abbfcad355,0.18055555555555555,0.21311475409836064
810cf242-d53df3adf0b7bf56,6045e5d1-7b7f34abbfcad355,0.18055555555555555,0.21311475409836064
67241a76-381872dc8a0168c2,10bbe9de-2f884914858d5d43,0.18018018018018017,0.21505376344086022
b6724dd9-9cb537caa0747bf8,4fb09c5f-8831ec2acac02462,0.1797752808988764,0.22857142857142856
fadc1365-18491264f0f6840e,2b9dfed3-8642a36733054aca,0.1797752808988764,0.2909090909090909
e6a6e318-9f688e48dd5ac428,2b9dfed3-8642a36733054aca,0.1797752808988764,0.2909090909090909
fadc1365-18491264f0f6840e,351c9206-8642a36733054aca,0.1797752808988764,0.2909090909090909
e6a6e318-9f688e48dd5ac428,351c9206-8642a36733054aca,0.1797752808988764,0.2909090909090909
3cf63146-ed96a88172a99b64,312d9460-d4e6393f614dfffb,0.17964071856287425,0.21739130434782608
268eb6c6-42aa9c40dfc146f9,0048a372-6eaed78fa1daac8a,0.1794871794871795,0.18181818181818182
fdd85afb-6dd1aa9cefb9a8e4,e7024f3e-4076641a4a18b6d7,0.17937219730941703,0.2222222222222222
96cd6ee9-b4b6f058bca794bd,fc80cbe0-ea5e5e8bb4665a02,0.1792452830188679,0.1958762886597938
312d9460-d4e6393f614dfffb,71c7ac71-4925edee1db76573,0.1791044776119403,0.1836734693877551
4f7af821-1edc6f9d9d4cfda9,c4d04ce7-9cf8f4a664363ab2,0.1791044776119403,0.2
f28b8cb4-1e050d8f56be3b93,312d9460-d4e6393f614dfffb,0.17894736842105263,0.18478260869565216
268eb6c6-42aa9c40dfc146f9,1a400c1b-0e9438ab89a10e6d,0.17894736842105263,0.22077922077922077
c220c822-8f151b0df1073ade,f339ef6f-605077274c5e20e4,0.1787709497206704,0.18604651162790697
0048a372-6eaed78fa1daac8a,3380fa52-8f91b9d91f6310aa,0.1787709497206704,0.20253164556962025
67241a76-381872dc8a0168c2,f5fb1b62-b0f09cee8a09a971,0.17857142857142858,0.21505376344086022
1a400c1b-0e9438ab89a10e6d,2b9dfed3-8642a36733054aca,0.17796610169491525,0.18584070796460178
1a400c1b-0e9438ab89a10e6d,351c9206-8642a36733054aca,0.17796610169491525,0.18584070796460178
fa484fdd-d4c4bc5b8a7183da,2b9dfed3-8642a36733054aca,0.17777777777777778,0.2807017543859649
fa484fdd-d4c4bc5b8a7183da,351c9206-8642a36733054aca,0.17777777777777778,0.2807017543859649
0048a372-6eaed78fa1daac8a,85125ecb-495c620601720f05,0.17751479289940827,0.189873417721519
fdd85afb-6dd1aa9cefb9a8e4,1a400c1b-0e9438ab89a10e6d,0.17733990147783252,0.2
c4d04ce7-9cf8f4a664363ab2,10bbe9de-2f884914858d5d43,0.17733990147783252,0.24324324324324326
3c667d4f-524cd7f06bda5cb0,e7024f3e-4076641a4a18b6d7,0.17708333333333334,0.288135593220339
967b67b0-af35838eb0b75e7d,3cbcb1cc-7b7f34abbfcad355,0.17687074829931973,0.203125
80c384e4-af35838eb0b75e7d,3cbcb1cc-7b7f34abbfcad355,0.17687074829931973,0.203125
967b67b0-af35838eb0b75e7d,6045e5d1-7b7f34abbfcad355,0.17687074829931973,0.203125
80c384e4-af35838eb0b75e7d,6045e5d1-7b7f34abbfcad355,0.17687074829931973,0.203125
c57a973e-8bec26d0d270b7e2,b6724dd9-9cb537caa0747bf8,0.17647058823529413,0.18181818181818182
4d25818e-685916003c7f91bc,e7024f3e-4076641a4a18b6d7,0.17616580310880828,0.2833333333333333
f339ef6f-605077274c5e20e4,b505f95e-1e7b44155e86a4a4,0.17560975609756097,0.1935483870967742
a4e1511a-cebe30b4d1384ef0,f339ef6f-605077274c5e20e4,0.17543859649122806,0.19230769230769232
a4e1511a-cebe30b4d1384ef0,67241a76-381872dc8a0168c2,0.17543859649122806,0.19230769230769232
85125ecb-495c620601720f05,968c1e7e-01f85653c0f76e74,0.175,0.23333333333333334
fa484fdd-d4c4bc5b8a7183da,fc80cbe0-ea5e5e8bb4665a02,0.1744186046511628,0.2631578947368421
3cbcb1cc-7b7f34abbfcad355,b505f95e-1e7b44155e86a4a4,0.17435897435897435,0.20481927710843373
6045e5d1-7b7f34abbfcad355,b505f95e-1e7b44155e86a4a4,0.17435897435897435,0.20481927710843373
4fb09c5f-8831ec2acac02462,e7024f3e-4076641a4a18b6d7,0.17427385892116182,0.19444444444444445
aaccc000-cd3027809553b409,5288afb7-d4163ec84d18479e,0.17391304347826086,0.2
8639f6c6-72a48601176340a9,8f778337-feb0d359ab443e78,0.17391304347826086,0.19718309859154928
5288afb7-d4163ec84d18479e,ba9b94f7-61dd5eaa4f08713e,0.17346938775510204,0.18681318681318682
28c2d81a-e2ec233423815bfa,2b9dfed3-8642a36733054aca,0.17341040462427745,0.3
28c2d81a-e2ec233423815bfa,351c9206-8642a36733054aca,0.17341040462427745,0.3
aaccc000-cd3027809553b409,fc80cbe0-ea5e5e8bb4665a02,0.17297297297297298,0.22857142857142856
b9219544-4f0b882ccebbb0e7,2b9dfed3-8642a36733054aca,0.17297297297297298,0.25806451612903225
b9219544-4f0b882ccebbb0e7,351c9206-8642a36733054aca,0.17297297297297298,0.25806451612903225
c4d04ce7-9cf8f4a664363ab2,df594a00-86207ca113146fd3,0.1728395061728395,0.1891891891891892
3cf63146-ed96a88172a99b64,fcbe7917-527b4c7bcd90e160,0.1728395061728395,0.2028985507246377
5e8d1aaa-328206718fef18b7,ed37ba7d-26b084b47630173e,0.17258883248730963,0.25757575757575757
3c667d4f-524cd7f06bda5cb0,fc80cbe0-ea5e5e8bb4665a02,0.1724137931034483,0.2542372881355932
259c1ea4-fe7cb4000a94c098,505f8562-c13678a91e6cf7c5,0.1724137931034483,0.19230769230769232
8f6421f3-ee31a7da9e3d7f85,312d9460-d4e6393f614dfffb,0.17218543046357615,0.24528301886792453
be3b1289-62071cd8d4a4e6d3,ba9b94f7-61dd5eaa4f08713e,0.17204301075268819,0.19753086419753085
fdd85afb-6dd1aa9cefb9a8e4,f5fb1b62-b0f09cee8a09a971,0.17194570135746606,0.2111111111111111
9fd33d5a-af26105191efe7e0,ed37ba7d-26b084b47630173e,0.17142857142857143,0.22784810126582278
268eb6c6-42aa9c40dfc146f9,e7024f3e-4076641a4a18b6d7,0.17142857142857143,0.23376623376623376
ba9b94f7-61dd5eaa4f08713e,f5fb1b62-b0f09cee8a09a971,0.1694915254237288,0.19047619047619047
fcbe7917-527b4c7bcd90e160,505f8562-c13678a91e6cf7c5,0.1693121693121693,0.17204301075268819
67241a76-381872dc8a0168c2,4fb09c5f-8831ec2acac02462,0.1691542288557214,0.1827956989247312
ec607ca1-616e9cd4d73a5de6,fc80cbe0-ea5e5e8bb4665a02,0.16831683168316833,0.19540229885057472
5288afb7-d4163ec84d18479e,2b9dfed3-8642a36733054aca,0.16822429906542055,0.1978021978021978
5288afb7-d4163ec84d18479e,351c9206-8642a36733054aca,0.16822429906542055,0.1978021978021978
48c5f745-76116075ca0bc0f4,fc80cbe0-ea5e5e8bb4665a02,0.16759776536312848,0.234375
5288afb7-d4163ec84d18479e,b505f95e-1e7b44155e86a4a4,0.16748768472906403,0.18681318681318682
1a400c1b-0e9438ab89a10e6d,968c1e7e-01f85653c0f76e74,0.16730038022813687,0.19469026548672566
ea2fc2bc-3044709d8ffadf97,312d9460-d4e6393f614dfffb,0.16666666666666666,0.22413793103448276
c4d04ce7-9cf8f4a664363ab2,ed37ba7d-26b084b47630173e,0.16585365853658537,0.22972972972972974
3380fa52-8f91b9d91f6310aa,ba9b94f7-61dd5eaa4f08713e,0.16585365853658537,0.17
b6724dd9-9cb537caa0747bf8,2b9dfed3-8642a36733054aca,0.16580310880829016,0.22857142857142856
b6724dd9-9cb537caa0747bf8,351c9206-8642a36733054aca,0.16580310880829016,0.22857142857142856
5e8d1aaa-328206718fef18b7,e1a5831a-8002f90b95c9a4f9,0.16551724137931034,0.18181818181818182
3cbcb1cc-7b7f34abbfcad355,2b9dfed3-8642a36733054aca,0.1650485436893204,0.20481927710843373
3cbcb1cc-7b7f34abbfcad355,351c9206-8642a36733054aca,0.1650485436893204,0.20481927710843373
6045e5d1-7b7f34abbfcad355,2b9dfed3-8642a36733054aca,0.1650485436893204,0.20481927710843373
6045e5d1-7b7f34abbfcad355,351c9206-8642a36733054aca,0.1650485436893204,0.20481927710843373
f870e76b-3ba460b78b587d9b,5288afb7-d4163ec84d18479e,0.16470588235294117,0.17721518987341772
0fdc80c5-b9cc17385a6b997a,312d9460-d4e6393f614dfffb,0.16455696202531644,0.21666666666666667
4fb09c5f-8831ec2acac02462,2b9dfed3-8642a36733054aca,0.1645021645021645,0.17592592592592593
4fb09c5f-8831ec2acac02462,351c9206-8642a36733054aca,0.1645021645021645,0.17592592592592593
a4e1511a-cebe30b4d1384ef0,10bbe9de-2f884914858d5d43,0.1642512077294686,0.21794871794871795
a3abac01-756b4f81847c03a8,68d422ec-8e2a4607563a1184,0.16379310344827586,0.2111111111111111
f5fb1b62-b0f09cee8a09a971,968c1e7e-01f85653c0f76e74,0.16370106761565836,0.17557251908396945
08b9908d-1e461d7c84f5af2e,e7024f3e-4076641a4a18b6d7,0.16363636363636364,0.20689655172413793
b6724dd9-9cb537caa0747bf8,8c591975-af23e108a219677c,0.16352201257861634,0.18571428571428572
3cbcb1cc-7b7f34abbfcad355,1a400c1b-0e9438ab89a10e6d,0.16326530612244897,0.1927710843373494
6045e5d1-7b7f34abbfcad355,1a400c1b-0e9438ab89a10e6d,0.16326530612244897,0.1927710843373494
f870e76b-3ba460b78b587d9b,68d422ec-8e2a4607563a1184,0.16289592760180996,0.22784810126582278
505f8562-c13678a91e6cf7c5,968c1e7e-01f85653c0f76e74,0.16260162601626016,0.20833333333333334
b9219544-4f0b882ccebbb0e7,312d9460-d4e6393f614dfffb,0.1625,0.20967741935483872
b6724dd9-9cb537caa0747bf8,8f778337-feb0d359ab443e78,0.1625,0.18571428571428572
fa484fdd-d4c4bc5b8a7183da,5288afb7-d4163ec84d18479e,0.16216216216216217,0.21052631578947367
ec607ca1-616e9cd4d73a5de6,2b9dfed3-8642a36733054aca,0.1619047619047619,0.19540229885057472
ec607ca1-616e9cd4d73a5de6,351c9206-8642a36733054aca,0.1619047619047619,0.19540229885057472
1be078c4-32ca7e015a838482,e7024f3e-4076641a4a18b6d7,0.16161616161616163,0.24615384615384617
c1fef98f-93ce267168c6c5a3,2b9dfed3-8642a36733054aca,0.16143497757847533,0.18
c1fef98f-93ce267168c6c5a3,351c9206-8642a36733054aca,0.16143497757847533,0.18
fdd85afb-6dd1aa9cefb9a8e4,505f8562-c13678a91e6cf7c5,0.16129032258064516,0.16666666666666666
00c0b82a-a23297c71634ae34,0048a372-6eaed78fa1daac8a,0.1610738255033557,0.17142857142857143
aaccc000-cd3027809553b409,0048a372-6eaed78fa1daac8a,0.1610738255033557,0.17142857142857143
48c5f745-76116075ca0bc0f4,312d9460-d4e6393f614dfffb,0.16049382716049382,0.203125
b6724dd9-9cb537caa0747bf8,f28b8cb4-1e050d8f56be3b93,0.16049382716049382,0.18571428571428572
3cf63146-ed96a88172a99b64,67241a76-381872dc8a0168c2,0.16049382716049382,0.18840579710144928
ee270b2a-4a0d00c96498d123,fc80cbe0-ea5e5e8bb4665a02,0.16042780748663102,0.20833333333333334
ff3283cf-8274736030d5496c,2b9dfed3-8642a36733054aca,0.16,0.17647058823529413
8a39dbf5-5c1f52301bb01d53,2b9dfed3-8642a36733054aca,0.16,0.17647058823529413
ff3283cf-8274736030d5496c,351c9206-8642a36733054aca,0.16,0.17647058823529413
8a39dbf5-5c1f52301bb01d53,351c9206-8642a36733054aca,0.16,0.17647058823529413
4fb09c5f-8831ec2acac02462,68d422ec-8e2a4607563a1184,0.16,0.18518518518518517
85125ecb-495c620601720f05,2b9dfed3-8642a36733054aca,0.1596244131455399,0.18888888888888888
85125ecb-495c620601720f05,351c9206-8642a36733054aca,0.1596244131455399,0.18888888888888888
a4e1511a-cebe30b4d1384ef0,2b9dfed3-8642a36733054aca,0.15920398009950248,0.20512820512820512
a4e1511a-cebe30b4d1384ef0,351c9206-8642a36733054aca,0.15920398009950248,0.20512820512820512
ee270b2a-4a0d00c96498d123,10bbe9de-2f884914858d5d43,0.15920398009950248,0.2222222222222222
810cf242-d53df3adf0b7bf56,fc80cbe0-ea5e5e8bb4665a02,0.1590909090909091,0.22950819672131148
7ae0cb0d-6f3db1cbc26cea1c,68d422ec-8e2a4607563a1184,0.1588785046728972,0.2361111111111111
c57a973e-8bec26d0d270b7e2,312d9460-d4e6393f614dfffb,0.15853658536585366,0.19696969696969696
a4e1511a-cebe30b4d1384ef0,968c1e7e-01f85653c0f76e74,0.15789473684210525,0.23076923076923078
5288afb7-d4163ec84d18479e,968c1e7e-01f85653c0f76e74,0.15767634854771784,0.2087912087912088
68d422ec-8e2a4607563a1184,968c1e7e-01f85653c0f76e74,0.15753424657534246,0.1619718309859155
fa484fdd-d4c4bc5b8a7183da,b6724dd9-9cb537caa0747bf8,0.15748031496062992,0.17543859649122806
0048a372-6eaed78fa1daac8a,953ac418-15324feaea2d4e8e,0.15730337078651685,0.17721518987341772
be3b1289-62071cd8d4a4e6d3,2b9dfed3-8642a36733054aca,0.1568627450980392,0.19753086419753085
be3b1289-62071cd8d4a4e6d3,351c9206-8642a36733054aca,0.1568627450980392,0.19753086419753085
c4d04ce7-9cf8f4a664363ab2,e1a5831a-8002f90b95c9a4f9,0.1568627450980392,0.16216216216216217
ba9b94f7-61dd5eaa4f08713e,b505f95e-1e7b44155e86a4a4,0.15668202764976957,0.1619047619047619
f339ef6f-605077274c5e20e4,953ac418-15324feaea2d4e8e,0.15625,0.16129032258064516
fdd85afb-6dd1aa9cefb9a8e4,fc80cbe0-ea5e5e8bb4665a02,0.15609756097560976,0.17777777777777778
8639f6c6-72a48601176340a9,3cbcb1cc-7b7f34abbfcad355,0.15584415584415584,0.16901408450704225
8639f6c6-72a48601176340a9,6045e5d1-7b7f34abbfcad355,0.15584415584415584,0.16901408450704225
b9219544-4f0b882ccebbb0e7,ba9b94f7-61dd5eaa4f08713e,0.15568862275449102,0.20967741935483872
ea2fc2bc-3044709d8ffadf97,2b9dfed3-8642a36733054aca,0.15469613259668508,0.2413793103448276
ea2fc2bc-3044709d8ffadf97,351c9206-8642a36733054aca,0.15469613259668508,0.2413793103448276
2b9dfed3-8642a36733054aca,968c1e7e-01f85653c0f76e74,0.15384615384615385,0.17073170731707318
351c9206-8642a36733054aca,968c1e7e-01f85653c0f76e74,0.15384615384615385,0.17073170731707318
3380fa52-8f91b9d91f6310aa,4fb09c5f-8831ec2acac02462,0.15384615384615385,0.16
0adb1ee5-5c11ad888fca8057,fc80cbe0-ea5e5e8bb4665a02,0.15384615384615385,0.17204301075268819
5288afb7-d4163ec84d18479e,ed37ba7d-26b084b47630173e,0.15315315315315314,0.18681318681318682
5288afb7-d4163ec84d18479e,f5fb1b62-b0f09cee8a09a971,0.15315315315315314,0.18681318681318682
a4e1511a-cebe30b4d1384ef0,ed37ba7d-26b084b47630173e,0.15311004784688995,0.20512820512820512
a4e1511a-cebe30b4d1384ef0,ba9b94f7-61dd5eaa4f08713e,0.15300546448087432,0.1794871794871795
0fdc80c5-b9cc17385a6b997a,2b9dfed3-8642a36733054aca,0.15300546448087432,0.23333333333333334
0fdc80c5-b9cc17385a6b997a,351c9206-8642a36733054aca,0.15300546448087432,0.23333333333333334
85125ecb-495c620601720f05,67241a76-381872dc8a0168c2,0.15300546448087432,0.15555555555555556
a4e1511a-cebe30b4d1384ef0,f28b8cb4-1e050d8f56be3b93,0.15294117647058825,0.16666666666666666
5e8d1aaa-328206718fef18b7,a4e1511a-cebe30b4d1384ef0,0.1527777777777778,0.16666666666666666
810cf242-d53df3adf0b7bf56,b6724dd9-9cb537caa0747bf8,0.15267175572519084,0.16393442622950818
b505f95e-1e7b44155e86a4a4,968c1e7e-01f85653c0f76e74,0.15267175572519084,0.17857142857142858
312d9460-d4e6393f614dfffb,b505f95e-1e7b44155e86a4a4,0.1523809523809524,0.16326530612244897
8f6421f3-ee31a7da9e3d7f85,ba9b94f7-61dd5eaa4f08713e,0.1518987341772152,0.22641509433962265
df594a00-86207ca113146fd3,2b9dfed3-8642a36733054aca,0.15165876777251186,0.18181818181818182
df594a00-86207ca113146fd3,351c9206-8642a36733054aca,0.15165876777251186,0.18181818181818182
312d9460-d4e6393f614dfffb,04df7bb8-fb43ee8f991e01a2,0.15151515151515152,0.15306122448979592
85125ecb-495c620601720f05,4fb09c5f-8831ec2acac02462,0.15151515151515152,0.16666666666666666
71c7ac71-4925edee1db76573,2b9dfed3-8642a36733054aca,0.1504424778761062,0.1650485436893204
71c7ac71-4925edee1db76573,351c9206-8642a36733054aca,0.1504424778761062,0.1650485436893204
2f8c3bf3-e73d8329c1717cd5,312d9460-d4e6393f614dfffb,0.15,0.1935483870967742
b6724dd9-9cb537caa0747bf8,85125ecb-495c620601720f05,0.15,0.17142857142857143
fadc1365-18491264f0f6840e,ba9b94f7-61dd5eaa4f08713e,0.15,0.21818181818181817
e6a6e318-9f688e48dd5ac428,ba9b94f7-61dd5eaa4f08713e,0.15,0.21818181818181817
312d9460-d4e6393f614dfffb,10bbe9de-2f884914858d5d43,0.14977973568281938,0.17346938775510204
be3b1289-62071cd8d4a4e6d3,e7024f3e-4076641a4a18b6d7,0.14953271028037382,0.19753086419753085
e18ae6a1-56bf552fc9e76a67,312d9460-d4e6393f614dfffb,0.14942528735632185,0.17105263157894737
505f8562-c13678a91e6cf7c5,ba9b94f7-61dd5eaa4f08713e,0.14925373134328357,0.15625
a4e1511a-cebe30b4d1384ef0,3cbcb1cc-7b7f34abbfcad355,0.14906832298136646,0.15384615384615385
a4e1511a-cebe30b4d1384ef0,6045e5d1-7b7f34abbfcad355,0.14906832298136646,0.15384615384615385
b6724dd9-9cb537caa0747bf8,ba9b94f7-61dd5eaa4f08713e,0.14857142857142858,0.18571428571428572
4d25818e-685916003c7f91bc,fc80cbe0-ea5e5e8bb4665a02,0.14857142857142858,0.21666666666666667
8639f6c6-72a48601176340a9,5288afb7-d4163ec84d18479e,0.14814814814814814,0.16901408450704225
fa484fdd-d4c4bc5b8a7183da,a4e1511a-cebe30b4d1384ef0,0.14814814814814814,0.17543859649122806
5e8d1aaa-328206718fef18b7,2b9dfed3-8642a36733054aca,0.14814814814814814,0.21212121212121213
5e8d1aaa-328206718fef18b7,351c9206-8642a36733054aca,0.14814814814814814,0.21212121212121213
5e8d1aaa-328206718fef18b7,968c1e7e-01f85653c0f76e74,0.14814814814814814,0.24242424242424243
c57a973e-8bec26d0d270b7e2,2b9dfed3-8642a36733054aca,0.14814814814814814,0.21212121212121213
0b5cff5a-cbc0ded58ec456a2,2b9dfed3-8642a36733054aca,0.14814814814814814,0.21212121212121213
c57a973e-8bec26d0d270b7e2,351c9206-8642a36733054aca,0.14814814814814814,0.21212121212121213
0b5cff5a-cbc0ded58ec456a2,351c9206-8642a36733054aca,0.14814814814814814,0.21212121212121213
a4e1511a-cebe30b4d1384ef0,312d9460-d4e6393f614dfffb,0.14772727272727273,0.16666666666666666
b6724dd9-9cb537caa0747bf8,e1a5831a-8002f90b95c9a4f9,0.1476510067114094,0.15714285714285714
a7894e0b-4e44f93da3e1e8f0,ba9b94f7-61dd5eaa4f08713e,0.147239263803681,0.20689655172413793
ea2fc2bc-3044709d8ffadf97,ba9b94f7-61dd5eaa4f08713e,0.147239263803681,0.20689655172413793
1ea771ea-31982b8d0676dce6,2b9dfed3-8642a36733054aca,0.14705882352941177,0.18518518518518517
1ea771ea-31982b8d0676dce6,351c9206-8642a36733054aca,0.14705882352941177,0.18518518518518517
8639f6c6-72a48601176340a9,0048a372-6eaed78fa1daac8a,0.14666666666666667,0.15492957746478872
4548305b-59b7534a6e2eb29c,2b9dfed3-8642a36733054aca,0.14659685863874344,0.20588235294117646
4548305b-59b7534a6e2eb29c,351c9206-8642a36733054aca,0.14659685863874344,0.20588235294117646
3cbcb1cc-7b7f34abbfcad355,4fb09c5f-8831ec2acac02462,0.14659685863874344,0.1686746987951807
6045e5d1-7b7f34abbfcad355,4fb09c5f-8831ec2acac02462,0.14659685863874344,0.1686746987951807
be3b1289-62071cd8d4a4e6d3,3cbcb1cc-7b7f34abbfcad355,0.14634146341463414,0.14814814814814814
be3b1289-62071cd8d4a4e6d3,6045e5d1-7b7f34abbfcad355,0.14634146341463414,0.14814814814814814
fcbe7917-527b4c7bcd90e160,1a400c1b-0e9438ab89a10e6d,0.14563106796116504,0.16129032258064516
96cd6ee9-b4b6f058bca794bd,2b9dfed3-8642a36733054aca,0.14545454545454545,0.16494845360824742
96cd6ee9-b4b6f058bca794bd,351c9206-8642a36733054aca,0.14545454545454545,0.16494845360824742
8639f6c6-72a48601176340a9,968c1e7e-01f85653c0f76e74,0.14479638009049775,0.22535211267605634
4fb09c5f-8831ec2acac02462,1a400c1b-0e9438ab89a10e6d,0.14479638009049775,0.14814814814814814
810cf242-d53df3adf0b7bf56,5288afb7-d4163ec84d18479e,0.14473684210526316,0.18032786885245902
c4d04ce7-9cf8f4a664363ab2,a4e1511a-cebe30b4d1384ef0,0.14473684210526316,0.14864864864864866
4548305b-59b7534a6e2eb29c,312d9460-d4e6393f614dfffb,0.14457831325301204,0.17647058823529413
5e8d1aaa-328206718fef18b7,68d422ec-8e2a4607563a1184,0.14423076923076922,0.22727272727272727
3380fa52-8f91b9d91f6310aa,2b9dfed3-8642a36733054aca,0.14349775784753363,0.16
3380fa52-8f91b9d91f6310aa,351c9206-8642a36733054aca,0.14349775784753363,0.16
08b9908d-1e461d7c84f5af2e,968c1e7e-01f85653c0f76e74,0.14345991561181434,0.19540229885057472
00c0b82a-a23297c71634ae34,312d9460-d4e6393f614dfffb,0.14285714285714285,0.17142857142857143
c4d04ce7-9cf8f4a664363ab2,968c1e7e-01f85653c0f76e74,0.14285714285714285,0.21621621621621623
c4d04ce7-9cf8f4a664363ab2,2b9dfed3-8642a36733054aca,0.14213197969543148,0.1891891891891892
c4d04ce7-9cf8f4a664363ab2,351c9206-8642a36733054aca,0.14213197969543148,0.1891891891891892
56a90e79-59d76e891525abc3,312d9460-d4e6393f614dfffb,0.14201183431952663,0.16901408450704225
967b67b0-af35838eb0b75e7d,ba9b94f7-61dd5eaa4f08713e,0.14201183431952663,0.1875
80c384e4-af35838eb0b75e7d,ba9b94f7-61dd5eaa4f08713e,0.14201183431952663,0.1875
a3abac01-756b4f81847c03a8,968c1e7e-01f85653c0f76e74,0.14166666666666666,0.18888888888888888
b6724dd9-9cb537caa0747bf8,68d422ec-8e2a4607563a1184,0.14150943396226415,0.21428571428571427
953ac418-15324feaea2d4e8e,1a400c1b-0e9438ab89a10e6d,0.14150943396226415,0.15151515151515152
a3abac01-756b4f81847c03a8,2b9dfed3-8642a36733054aca,0.14084507042253522,0.16666666666666666
a3abac01-756b4f81847c03a8,351c9206-8642a36733054aca,0.14084507042253522,0.16666666666666666
f339ef6f-605077274c5e20e4,968c1e7e-01f85653c0f76e74,0.13991769547325103,0.1827956989247312
67241a76-381872dc8a0168c2,968c1e7e-01f85653c0f76e74,0.13991769547325103,0.1827956989247312
c4d04ce7-9cf8f4a664363ab2,68d422ec-8e2a4607563a1184,0.1388888888888889,0.20270270270270271
4548305b-59b7534a6e2eb29c,ba9b94f7-61dd5eaa4f08713e,0.13872832369942195,0.17647058823529413
8639f6c6-72a48601176340a9,ed37ba7d-26b084b47630173e,0.13861386138613863,0.19718309859154928
08b9908d-1e461d7c84f5af2e,fc80cbe0-ea5e5e8bb4665a02,0.13861386138613863,0.16091954022988506
5e8d1aaa-328206718fef18b7,67241a76-381872dc8a0168c2,0.13836477987421383,0.16666666666666666
d12f26f0-817b664803bfb06a,2b9dfed3-8642a36733054aca,0.1382488479262673,0.1595744680851064
d12f26f0-817b664803bfb06a,351c9206-8642a36733054aca,0.1382488479262673,0.1595744680851064
268eb6c6-42aa9c40dfc146f9,3cbcb1cc-7b7f34abbfcad355,0.1375,0.14285714285714285
268eb6c6-42aa9c40dfc146f9,6045e5d1-7b7f34abbfcad355,0.1375,0.14285714285714285
aaccc000-cd3027809553b409,ba9b94f7-61dd5eaa4f08713e,0.13714285714285715,0.17142857142857143
9fd33d5a-af26105191efe7e0,312d9460-d4e6393f614dfffb,0.13559322033898305,0.1518987341772152
ee270b2a-4a0d00c96498d123,ba9b94f7-61dd5eaa4f08713e,0.13559322033898305,0.16666666666666666
ec607ca1-616e9cd4d73a5de6,ba9b94f7-61dd5eaa4f08713e,0.13541666666666666,0.14942528735632185
ee270b2a-4a0d00c96498d123,5288afb7-d4163ec84d18479e,0.13496932515337423,0.1527777777777778
0b5cff5a-cbc0ded58ec456a2,312d9460-d4e6393f614dfffb,0.13414634146341464,0.16666666666666666
3c667d4f-524cd7f06bda5cb0,ba9b94f7-61dd5eaa4f08713e,0.13414634146341464,0.1864406779661017
3cbcb1cc-7b7f34abbfcad355,505f8562-c13678a91e6cf7c5,0.1340782122905028,0.14457831325301204
6045e5d1-7b7f34abbfcad355,505f8562-c13678a91e6cf7c5,0.1340782122905028,0.14457831325301204
8639f6c6-72a48601176340a9,2b9dfed3-8642a36733054aca,0.13402061855670103,0.18309859154929578
8639f6c6-72a48601176340a9,351c9206-8642a36733054aca,0.13402061855670103,0.18309859154929578
810cf242-d53df3adf0b7bf56,e7024f3e-4076641a4a18b6d7,0.13402061855670103,0.21311475409836064
4d25818e-685916003c7f91bc,ba9b94f7-61dd5eaa4f08713e,0.13333333333333333,0.18333333333333332
4f7af821-1edc6f9d9d4cfda9,ba9b94f7-61dd5eaa4f08713e,0.13333333333333333,0.18333333333333332
a3abac01-756b4f81847c03a8,5288afb7-d4163ec84d18479e,0.13259668508287292,0.13333333333333333
810cf242-d53df3adf0b7bf56,ba9b94f7-61dd5eaa4f08713e,0.13253012048192772,0.18032786885245902
bb0949b3-b5937c6bbc0c4cf2,312d9460-d4e6393f614dfffb,0.1317365269461078,0.15942028985507245
c4d04ce7-9cf8f4a664363ab2,67241a76-381872dc8a0168c2,0.1317365269461078,0.14864864864864866
1a400c1b-0e9438ab89a10e6d,fc80cbe0-ea5e5e8bb4665a02,0.13157894736842105,0.13274336283185842
8f778337-feb0d359ab443e78,0adb1ee5-5c11ad888fca8057,0.13114754098360656,0.13333333333333333
259c1ea4-fe7cb4000a94c098,a3abac01-756b4f81847c03a8,0.13095238095238096,0.14102564102564102
c220c822-8f151b0df1073ade,312d9460-d4e6393f614dfffb,0.13043478260869565,0.13953488372093023
7ae0cb0d-6f3db1cbc26cea1c,312d9460-d4e6393f614dfffb,0.12941176470588237,0.1527777777777778
b6724dd9-9cb537caa0747bf8,ed37ba7d-26b084b47630173e,0.12935323383084577,0.18571428571428572
e1a5831a-8002f90b95c9a4f9,2b9dfed3-8642a36733054aca,0.12871287128712872,0.16455696202531644
e1a5831a-8002f90b95c9a4f9,351c9206-8642a36733054aca,0.12871287128712872,0.16455696202531644
8c591975-af23e108a219677c,312d9460-d4e6393f614dfffb,0.12834224598930483,0.1348314606741573
0048a372-6eaed78fa1daac8a,fcbe7917-527b4c7bcd90e160,0.12790697674418605,0.13924050632911392
08b9908d-1e461d7c84f5af2e,ba9b94f7-61dd5eaa4f08713e,0.125,0.13793103448275862
7ae0cb0d-6f3db1cbc26cea1c,ba9b94f7-61dd5eaa4f08713e,0.12429378531073447,0.1527777777777778
b505f95e-1e7b44155e86a4a4,fc80cbe0-ea5e5e8bb4665a02,0.12334801762114538,0.125
505f8562-c13678a91e6cf7c5,fc80cbe0-ea5e5e8bb4665a02,0.12322274881516587,0.13541666666666666
5e8d1aaa-328206718fef18b7,10bbe9de-2f884914858d5d43,0.12307692307692308,0.18181818181818182
85125ecb-495c620601720f05,ba9b94f7-61dd5eaa4f08713e,0.12307692307692308,0.13333333333333333
08b9908d-1e461d7c84f5af2e,67241a76-381872dc8a0168c2,0.12222222222222222,0.12643678160919541
5e8d1aaa-328206718fef18b7,312d9460-d4e6393f614dfffb,0.12195121951219512,0.15151515151515152
d77f722c-85273902dd178793,2b9dfed3-8642a36733054aca,0.1218274111675127,0.16216216216216217
d77f722c-85273902dd178793,351c9206-8642a36733054aca,0.1218274111675127,0.16216216216216217
a7894e0b-4e44f93da3e1e8f0,2b9dfed3-8642a36733054aca,0.12154696132596685,0.1896551724137931
a7894e0b-4e44f93da3e1e8f0,351c9206-8642a36733054aca,0.12154696132596685,0.1896551724137931
3cbcb1cc-7b7f34abbfcad355,f5fb1b62-b0f09cee8a09a971,0.12149532710280374,0.1566265060240964
6045e5d1-7b7f34abbfcad355,f5fb1b62-b0f09cee8a09a971,0.12149532710280374,0.1566265060240964
d12f26f0-817b664803bfb06a,ba9b94f7-61dd5eaa4f08713e,0.12060301507537688,0.1276595744680851
b6724dd9-9cb537caa0747bf8,505f8562-c13678a91e6cf7c5,0.12048192771084337,0.14285714285714285
b505f95e-1e7b44155e86a4a4,2b9dfed3-8642a36733054aca,0.11914893617021277,0.125
b505f95e-1e7b44155e86a4a4,351c9206-8642a36733054aca,0.11914893617021277,0.125
a4e1511a-cebe30b4d1384ef0,a3abac01-756b4f81847c03a8,0.11904761904761904,0.1282051282051282
a4e1511a-cebe30b4d1384ef0,85125ecb-495c620601720f05,0.11904761904761904,0.1282051282051282
f870e76b-3ba460b78b587d9b,2b9dfed3-8642a36733054aca,0.1188118811881188,0.1518987341772152
f870e76b-3ba460b78b587d9b,351c9206-8642a36733054aca,0.1188118811881188,0.1518987341772152
967b67b0-af35838eb0b75e7d,2b9dfed3-8642a36733054aca,0.11764705882352941,0.171875
80c384e4-af35838eb0b75e7d,2b9dfed3-8642a36733054aca,0.11764705882352941,0.171875
967b67b0-af35838eb0b75e7d,351c9206-8642a36733054aca,0.11764705882352941,0.171875
80c384e4-af35838eb0b75e7d,351c9206-8642a36733054aca,0.11764705882352941,0.171875
fdd85afb-6dd1aa9cefb9a8e4,312d9460-d4e6393f614dfffb,0.11702127659574468,0.12222222222222222
5e8d1aaa-328206718fef18b7,ba9b94f7-61dd5eaa4f08713e,0.11695906432748537,0.15151515151515152
312d9460-d4e6393f614dfffb,4fb09c5f-8831ec2acac02462,0.11650485436893204,0.12244897959183673
c4d04ce7-9cf8f4a664363ab2,312d9460-d4e6393f614dfffb,0.11627906976744186,0.13513513513513514
0048a372-6eaed78fa1daac8a,f339ef6f-605077274c5e20e4,0.11627906976744186,0.12658227848101267
f339ef6f-605077274c5e20e4,312d9460-d4e6393f614dfffb,0.11518324607329843,0.11827956989247312
3cf63146-ed96a88172a99b64,ba9b94f7-61dd5eaa4f08713e,0.11494252873563218,0.14492753623188406
bb0949b3-b5937c6bbc0c4cf2,2b9dfed3-8642a36733054aca,0.11458333333333333,0.15942028985507245
bb0949b3-b5937c6bbc0c4cf2,351c9206-8642a36733054aca,0.11458333333333333,0.15942028985507245
48993e07-ef4d50df85eb7e96,2b9dfed3-8642a36733054aca,0.1134020618556701,0.15492957746478872
48993e07-ef4d50df85eb7e96,351c9206-8642a36733054aca,0.1134020618556701,0.15492957746478872
9fd33d5a-af26105191efe7e0,fc80cbe0-ea5e5e8bb4665a02,0.1134020618556701,0.13924050632911392
8c591975-af23e108a219677c,ba9b94f7-61dd5eaa4f08713e,0.1134020618556701,0.12359550561797752
8c591975-af23e108a219677c,2b9dfed3-8642a36733054aca,0.11320754716981132,0.1348314606741573
8c591975-af23e108a219677c,351c9206-8642a36733054aca,0.11320754716981132,0.1348314606741573
e7024f3e-4076641a4a18b6d7,968c1e7e-01f85653c0f76e74,0.11307420494699646,0.12030075187969924
f870e76b-3ba460b78b587d9b,312d9460-d4e6393f614dfffb,0.11299435028248588,0.12658227848101267
967b67b0-af35838eb0b75e7d,fc80cbe0-ea5e5e8bb4665a02,0.11173184357541899,0.15625
80c384e4-af35838eb0b75e7d,fc80cbe0-ea5e5e8bb4665a02,0.11173184357541899,0.15625
c4d04ce7-9cf8f4a664363ab2,ba9b94f7-61dd5eaa4f08713e,0.11173184357541899,0.13513513513513514
312d9460-d4e6393f614dfffb,3380fa52-8f91b9d91f6310aa,0.1111111111111111,0.11224489795918367
3cbcb1cc-7b7f34abbfcad355,e7024f3e-4076641a4a18b6d7,0.1111111111111111,0.14457831325301204
6045e5d1-7b7f34abbfcad355,e7024f3e-4076641a4a18b6d7,0.1111111111111111,0.14457831325301204
c0aa6246-5388e8e2352267ce,312d9460-d4e6393f614dfffb,0.11049723756906077,0.12048192771084337
4d25818e-685916003c7f91bc,2b9dfed3-8642a36733054aca,0.1092896174863388,0.16666666666666666
4d25818e-685916003c7f91bc,351c9206-8642a36733054aca,0.1092896174863388,0.16666666666666666
f870e76b-3ba460b78b587d9b,ba9b94f7-61dd5eaa4f08713e,0.10869565217391304,0.12658227848101267
ec607ca1-616e9cd4d73a5de6,312d9460-d4e6393f614dfffb,0.10810810810810811,0.11494252873563218
48c5f745-76116075ca0bc0f4,2b9dfed3-8642a36733054aca,0.10695187165775401,0.15625
48c5f745-76116075ca0bc0f4,351c9206-8642a36733054aca,0.10695187165775401,0.15625
c220c822-8f151b0df1073ade,2b9dfed3-8642a36733054aca,0.10526315789473684,0.12790697674418605
c220c822-8f151b0df1073ade,351c9206-8642a36733054aca,0.10526315789473684,0.12790697674418605
268eb6c6-42aa9c40dfc146f9,fc80cbe0-ea5e5e8bb4665a02,0.10416666666666667,0.12987012987012986
00c0b82a-a23297c71634ae34,2b9dfed3-8642a36733054aca,0.10362694300518134,0.14285714285714285
00c0b82a-a23297c71634ae34,351c9206-8642a36733054aca,0.10362694300518134,0.14285714285714285
aaccc000-cd3027809553b409,2b9dfed3-8642a36733054aca,0.10362694300518134,0.14285714285714285
aaccc000-cd3027809553b409,351c9206-8642a36733054aca,0.10362694300518134,0.14285714285714285
56a90e79-59d76e891525abc3,2b9dfed3-8642a36733054aca,0.10309278350515463,0.14084507042253522
56a90e79-59d76e891525abc3,351c9206-8642a36733054aca,0.10309278350515463,0.14084507042253522
ee270b2a-4a0d00c96498d123,2b9dfed3-8642a36733054aca,0.10256410256410256,0.1388888888888889
ee270b2a-4a0d00c96498d123,351c9206-8642a36733054aca,0.10256410256410256,0.1388888888888889
3380fa52-8f91b9d91f6310aa,fc80cbe0-ea5e5e8bb4665a02,0.10232558139534884,0.11
a8e2cefc-6654f525bbc3acc5,ba9b94f7-61dd5eaa4f08713e,0.10204081632653061,0.10989010989010989
f339ef6f-605077274c5e20e4,ba9b94f7-61dd5eaa4f08713e,0.10101010101010101,0.10752688172043011
5e8d1aaa-328206718fef18b7,e7024f3e-4076641a4a18b6d7,0.10050251256281408,0.15151515151515152
b6724dd9-9cb537caa0747bf8,968c1e7e-01f85653c0f76e74,0.1,0.15714285714285714
259c1ea4-fe7cb4000a94c098,2b9dfed3-8642a36733054aca,0.09950248756218906,0.1282051282051282
259c1ea4-fe7cb4000a94c098,351c9206-8642a36733054aca,0.09950248756218906,0.1282051282051282
fc80cbe0-ea5e5e8bb4665a02,968c1e7e-01f85653c0f76e74,0.09811320754716982,0.11304347826086956
85125ecb-495c620601720f05,fc80cbe0-ea5e5e8bb4665a02,0.0975609756097561,0.1111111111111111
c1fef98f-93ce267168c6c5a3,ba9b94f7-61dd5eaa4f08713e,0.0975609756097561,0.1
a4e1511a-cebe30b4d1384ef0,08b9908d-1e461d7c84f5af2e,0.09696969696969697,0.10256410256410256
312d9460-d4e6393f614dfffb,968c1e7e-01f85653c0f76e74,0.0967741935483871,0.12244897959183673
c4d04ce7-9cf8f4a664363ab2,e7024f3e-4076641a4a18b6d7,0.0966183574879227,0.13513513513513514
312d9460-d4e6393f614dfffb,ed37ba7d-26b084b47630173e,0.09606986899563319,0.11224489795918367
1be078c4-32ca7e015a838482,2b9dfed3-8642a36733054aca,0.09574468085106383,0.13846153846153847
1be078c4-32ca7e015a838482,351c9206-8642a36733054aca,0.09574468085106383,0.13846153846153847
d12f26f0-817b664803bfb06a,fc80cbe0-ea5e5e8bb4665a02,0.09569377990430622,0.10638297872340426
312d9460-d4e6393f614dfffb,1a400c1b-0e9438ab89a10e6d,0.0947867298578199,0.10204081632653061
28c2d81a-e2ec233423815bfa,312d9460-d4e6393f614dfffb,0.0945945945945946,0.14
ba9b94f7-61dd5eaa4f08713e,968c1e7e-01f85653c0f76e74,0.09411764705882353,0.11428571428571428
a8e2cefc-6654f525bbc3acc5,2b9dfed3-8642a36733054aca,0.09345794392523364,0.10989010989010989
a8e2cefc-6654f525bbc3acc5,351c9206-8642a36733054aca,0.09345794392523364,0.10989010989010989
ba9b94f7-61dd5eaa4f08713e,1a400c1b-0e9438ab89a10e6d,0.09174311926605505,0.09523809523809523
28c2d81a-e2ec233423815bfa,ba9b94f7-61dd5eaa4f08713e,0.09032258064516129,0.14
5e8d1aaa-328206718fef18b7,f28b8cb4-1e050d8f56be3b93,0.08860759493670886,0.10606060606060606
5288afb7-d4163ec84d18479e,67241a76-381872dc8a0168c2,0.08695652173913043,0.08791208791208792
a4e1511a-cebe30b4d1384ef0,c0aa6246-5388e8e2352267ce,0.08695652173913043,0.08974358974358974
1be078c4-32ca7e015a838482,312d9460-d4e6393f614dfffb,0.08588957055214724,0.1076923076923077
08b9908d-1e461d7c84f5af2e,2b9dfed3-8642a36733054aca,0.08571428571428572,0.10344827586206896
08b9908d-1e461d7c84f5af2e,351c9206-8642a36733054aca,0.08571428571428572,0.10344827586206896
c4d04ce7-9cf8f4a664363ab2,f28b8cb4-1e050d8f56be3b93,0.08433734939759036,0.0945945945945946
5288afb7-d4163ec84d18479e,c1fef98f-93ce267168c6c5a3,0.08376963350785341,0.08791208791208792
aaccc000-cd3027809553b409,312d9460-d4e6393f614dfffb,0.08333333333333333,0.1
1be078c4-32ca7e015a838482,ba9b94f7-61dd5eaa4f08713e,0.08235294117647059,0.1076923076923077
a3abac01-756b4f81847c03a8,ba9b94f7-61dd5eaa4f08713e,0.08205128205128205,0.08888888888888889
be3b1289-62071cd8d4a4e6d3,fc80cbe0-ea5e5e8bb4665a02,0.08163265306122448,0.09876543209876543
259c1ea4-fe7cb4000a94c098,312d9460-d4e6393f614dfffb,0.07954545454545454,0.08974358974358974
2b2d3b84-8002a3802a32a0bb,312d9460-d4e6393f614dfffb,0.07954545454545454,0.08974358974358974
3c667d4f-524cd7f06bda5cb0,312d9460-d4e6393f614dfffb,0.07643312101910828,0.1016949152542373
259c1ea4-fe7cb4000a94c098,0048a372-6eaed78fa1daac8a,0.07643312101910828,0.07692307692307693
5288afb7-d4163ec84d18479e,f339ef6f-605077274c5e20e4,0.07608695652173914,0.07692307692307693
4d25818e-685916003c7f91bc,312d9460-d4e6393f614dfffb,0.0759493670886076,0.1
4f7af821-1edc6f9d9d4cfda9,312d9460-d4e6393f614dfffb,0.0759493670886076,0.1
fc80cbe0-ea5e5e8bb4665a02,2b9dfed3-8642a36733054aca,0.07563025210084033,0.0782608695652174
fc80cbe0-ea5e5e8bb4665a02,351c9206-8642a36733054aca,0.07563025210084033,0.0782608695652174
5288afb7-d4163ec84d18479e,505f8562-c13678a91e6cf7c5,0.0748663101604278,0.07692307692307693
0048a372-6eaed78fa1daac8a,8f778337-feb0d359ab443e78,0.07100591715976332,0.0759493670886076
967b67b0-af35838eb0b75e7d,0048a372-6eaed78fa1daac8a,0.06993006993006994,0.078125
80c384e4-af35838eb0b75e7d,0048a372-6eaed78fa1daac8a,0.06993006993006994,0.078125
079ad09e-6c66ff5d51abed6f,312d9460-d4e6393f614dfffb,0.06896551724137931,0.07894736842105263
20012377-d788dc5bfb094ca7,312d9460-d4e6393f614dfffb,0.06896551724137931,0.07894736842105263
268eb6c6-42aa9c40dfc146f9,312d9460-d4e6393f614dfffb,0.06857142857142857,0.07792207792207792
3cbcb1cc-7b7f34abbfcad355,f339ef6f-605077274c5e20e4,0.06818181818181818,0.07228915662650602
6045e5d1-7b7f34abbfcad355,f339ef6f-605077274c5e20e4,0.06818181818181818,0.07228915662650602
48993e07-ef4d50df85eb7e96,a4e1511a-cebe30b4d1384ef0,0.06711409395973154,0.07042253521126761
be3b1289-62071cd8d4a4e6d3,312d9460-d4e6393f614dfffb,0.0670391061452514,0.07407407407407407
8c591975-af23e108a219677c,5288afb7-d4163ec84d18479e,0.06666666666666667,0.06741573033707865
a3abac01-756b4f81847c03a8,312d9460-d4e6393f614dfffb,0.06382978723404255,0.06666666666666667
a8e2cefc-6654f525bbc3acc5,312d9460-d4e6393f614dfffb,0.06349206349206349,0.06593406593406594
0adb1ee5-5c11ad888fca8057,312d9460-d4e6393f614dfffb,0.06282722513089005,0.06451612903225806
b6724dd9-9cb537caa0747bf8,a3abac01-756b4f81847c03a8,0.0625,0.07142857142857142
fa484fdd-d4c4bc5b8a7183da,ba9b94f7-61dd5eaa4f08713e,0.06172839506172839,0.08771929824561403
96cd6ee9-b4b6f058bca794bd,312d9460-d4e6393f614dfffb,0.06153846153846154,0.061855670103092786
fdd85afb-6dd1aa9cefb9a8e4,ba9b94f7-61dd5eaa4f08713e,0.06153846153846154,0.06666666666666667
b6724dd9-9cb537caa0747bf8,67241a76-381872dc8a0168c2,0.06134969325153374,0.07142857142857142
ee270b2a-4a0d00c96498d123,312d9460-d4e6393f614dfffb,0.058823529411764705,0.06944444444444445
0048a372-6eaed78fa1daac8a,67241a76-381872dc8a0168c2,0.05813953488372093,0.06329113924050633
a4e1511a-cebe30b4d1384ef0,e7024f3e-4076641a4a18b6d7,0.05687203791469194,0.07692307692307693
a4e1511a-cebe30b4d1384ef0,3380fa52-8f91b9d91f6310aa,0.056179775280898875,0.0641025641025641
3c667d4f-524cd7f06bda5cb0,2b9dfed3-8642a36733054aca,0.054945054945054944,0.0847457627118644
3c667d4f-524cd7f06bda5cb0,351c9206-8642a36733054aca,0.054945054945054944,0.0847457627118644
b6724dd9-9cb537caa0747bf8,1a400c1b-0e9438ab89a10e6d,0.0546448087431694,0.07142857142857142
4f7af821-1edc6f9d9d4cfda9,2b9dfed3-8642a36733054aca,0.0546448087431694,0.08333333333333333
4f7af821-1edc6f9d9d4cfda9,351c9206-8642a36733054aca,0.0546448087431694,0.08333333333333333
810cf242-d53df3adf0b7bf56,2b9dfed3-8642a36733054aca,0.05434782608695652,0.08196721311475409
810cf242-d53df3adf0b7bf56,351c9206-8642a36733054aca,0.05434782608695652,0.08196721311475409
08b9908d-1e461d7c84f5af2e,312d9460-d4e6393f614dfffb,0.05405405405405406,0.05747126436781609
953ac418-15324feaea2d4e8e,2b9dfed3-8642a36733054aca,0.05405405405405406,0.06060606060606061
2f8c3bf3-e73d8329c1717cd5,2b9dfed3-8642a36733054aca,0.05405405405405406,0.08064516129032258
953ac418-15324feaea2d4e8e,351c9206-8642a36733054aca,0.05405405405405406,0.06060606060606061
2f8c3bf3-e73d8329c1717cd5,351c9206-8642a36733054aca,0.05405405405405406,0.08064516129032258
1ea771ea-31982b8d0676dce6,ba9b94f7-61dd5eaa4f08713e,0.053763440860215055,0.06172839506172839
a4e1511a-cebe30b4d1384ef0,1a400c1b-0e9438ab89a10e6d,0.05235602094240838,0.0641025641025641
505f8562-c13678a91e6cf7c5,312d9460-d4e6393f614dfffb,0.05154639175257732,0.052083333333333336
ba9b94f7-61dd5eaa4f08713e,ed37ba7d-26b084b47630173e,0.05084745762711865,0.05714285714285714
268eb6c6-42aa9c40dfc146f9,2b9dfed3-8642a36733054aca,0.05,0.06493506493506493
268eb6c6-42aa9c40dfc146f9,351c9206-8642a36733054aca,0.05,0.06493506493506493
9fd33d5a-af26105191efe7e0,2b9dfed3-8642a36733054aca,0.04950495049504951,0.06329113924050633
9fd33d5a-af26105191efe7e0,351c9206-8642a36733054aca,0.04950495049504951,0.06329113924050633
5288afb7-d4163ec84d18479e,1a400c1b-0e9438ab89a10e6d,0.049019607843137254,0.054945054945054944
fdd85afb-6dd1aa9cefb9a8e4,2b9dfed3-8642a36733054aca,0.046948356807511735,0.05555555555555555
8f778337-feb0d359ab443e78,2b9dfed3-8642a36733054aca,0.046948356807511735,0.05555555555555555
fdd85afb-6dd1aa9cefb9a8e4,351c9206-8642a36733054aca,0.046948356807511735,0.05555555555555555
8f778337-feb0d359ab443e78,351c9206-8642a36733054aca,0.046948356807511735,0.05555555555555555
fcbe7917-527b4c7bcd90e160,2b9dfed3-8642a36733054aca,0.046296296296296294,0.053763440860215055
67241a76-381872dc8a0168c2,2b9dfed3-8642a36733054aca,0.046296296296296294,0.053763440860215055
fcbe7917-527b4c7bcd90e160,351c9206-8642a36733054aca,0.046296296296296294,0.053763440860215055
67241a76-381872dc8a0168c2,351c9206-8642a36733054aca,0.046296296296296294,0.053763440860215055
312d9460-d4e6393f614dfffb,f5fb1b62-b0f09cee8a09a971,0.043668122270742356,0.05102040816326531
d12f26f0-817b664803bfb06a,312d9460-d4e6393f614dfffb,0.0,0.0
fa484fdd-d4c4bc5b8a7183da,312d9460-d4e6393f614dfffb,0.0,0.0
85125ecb-495c620601720f05,312d9460-d4e6393f614dfffb,0.0,0.0
312d9460-d4e6393f614dfffb,c1fef98f-93ce267168c6c5a3,0.0,0.0
967b67b0-af35838eb0b75e7d,312d9460-d4e6393f614dfffb,0.0,0.0
80c384e4-af35838eb0b75e7d,312d9460-d4e6393f614dfffb,0.0,0.0
810cf242-d53df3adf0b7bf56,312d9460-d4e6393f614dfffb,0.0,0.0
1ea771ea-31982b8d0676dce6,312d9460-d4e6393f614dfffb,0.0,0.0
