submissionName1,submissionName2,averageSimilarity,maxSimilarity
f59d9b6e-c1de27bc848129d8,1dab88fb-51f2162ff7b89da6,0.8512820512820513,0.8736842105263158
1dab88fb-51f2162ff7b89da6,4be01508-4f29ad0cda264cb0,0.6766169154228856,0.68
875ed4c8-f9463c2dd1e07513,e00b1794-b8b52eb5aca70bd6,0.6754385964912281,0.7064220183486238
71e0f2e5-6461f7753909c3fa,07a0e4dc-ba4be0dbb99e7b39,0.6538461538461539,0.68
127af3a7-094496bd76edbde1,71e0f2e5-6461f7753909c3fa,0.6421052631578947,0.6777777777777778
1dab88fb-51f2162ff7b89da6,875ed4c8-f9463c2dd1e07513,0.631578947368421,0.66
f59d9b6e-c1de27bc848129d8,c9da41af-61c7ab50f69bb737,0.6160714285714286,0.7263157894736842
71e0f2e5-6461f7753909c3fa,9c55bc1b-63f7691a1f090041,0.6063348416289592,0.67
e00b1794-b8b52eb5aca70bd6,d1391025-de507cd89cd5a32c,0.5983606557377049,0.6134453781512605
45e38fad-bcda76c8886dac1a,3cb8c2b7-3b343b9c1230c9a9,0.5938864628820961,0.6732673267326733
875ed4c8-f9463c2dd1e07513,d1391025-de507cd89cd5a32c,0.5897435897435898,0.6330275229357798
71e0f2e5-6461f7753909c3fa,d5dc6626-b5717fe2f41934aa,0.5853658536585366,0.6
4be01508-4f29ad0cda264cb0,e00b1794-b8b52eb5aca70bd6,0.5818181818181818,0.6336633663366337
eacc407e-e9009b7370718e2a,fabb36ff-01a4820dc08dd0e2,0.5812807881773399,0.6704545454545454
4be01508-4f29ad0cda264cb0,875ed4c8-f9463c2dd1e07513,0.580952380952381,0.6039603960396039
1dab88fb-51f2162ff7b89da6,d1391025-de507cd89cd5a32c,0.5777777777777777,0.65
f59d9b6e-c1de27bc848129d8,7d9b95c0-cc4719dcf220c9bd,0.5728643216080402,0.6
a18cb2c1-accb5a09ff71e324,127af3a7-094496bd76edbde1,0.5698324022346368,0.5730337078651685
1dab88fb-51f2162ff7b89da6,e00b1794-b8b52eb5aca70bd6,0.5570776255707762,0.61
875ed4c8-f9463c2dd1e07513,bac616ee-c3b4ccc04d2e37c9,0.5511111111111111,0.5688073394495413
f59d9b6e-c1de27bc848129d8,4be01508-4f29ad0cda264cb0,0.5510204081632653,0.5684210526315789
3ef54b1a-bbe16b6aa665cf7a,4dc0247e-13eba9611270ccef,0.5493562231759657,0.5981308411214953
2560850b-80df02a36bf4aa7d,608ee4fb-c754af5041f8feb8,0.5384615384615384,0.5645161290322581
9c55bc1b-63f7691a1f090041,c9da41af-61c7ab50f69bb737,0.536,0.5537190082644629
07a0e4dc-ba4be0dbb99e7b39,9c55bc1b-63f7691a1f090041,0.5327510917030568,0.5648148148148148
71e0f2e5-6461f7753909c3fa,ec8566b8-7dc900e0b721f219,0.5321100917431193,0.58
2db37cb1-4675ecce014d7e7e,9f354c5c-b373662e7955b701,0.5314009661835749,0.5789473684210527
71e0f2e5-6461f7753909c3fa,e00b1794-b8b52eb5aca70bd6,0.5296803652968036,0.58
07a0e4dc-ba4be0dbb99e7b39,e00b1794-b8b52eb5aca70bd6,0.5286343612334802,0.5555555555555556
d5dc6626-b5717fe2f41934aa,4dc0247e-13eba9611270ccef,0.5281385281385281,0.580952380952381
3ef54b1a-bbe16b6aa665cf7a,e00b1794-b8b52eb5aca70bd6,0.5221238938053098,0.5514018691588785
7d9b95c0-cc4719dcf220c9bd,07a0e4dc-ba4be0dbb99e7b39,0.5188679245283019,0.5288461538461539
d5dc6626-b5717fe2f41934aa,07a0e4dc-ba4be0dbb99e7b39,0.5164319248826291,0.5238095238095238
3ef54b1a-bbe16b6aa665cf7a,b7de5c19-2ed8ee5dd920df33,0.5135135135135135,0.5327102803738317
4be01508-4f29ad0cda264cb0,d1391025-de507cd89cd5a32c,0.5132743362831859,0.5742574257425742
2722ef48-8ac883dda8932dca,fabb36ff-01a4820dc08dd0e2,0.5132743362831859,0.5225225225225225
9d33ca79-37b37de2efc3dd5f,fabb36ff-01a4820dc08dd0e2,0.5132743362831859,0.5225225225225225
d5dc6626-b5717fe2f41934aa,9c55bc1b-63f7691a1f090041,0.5132743362831859,0.5523809523809524
1dab88fb-51f2162ff7b89da6,bac616ee-c3b4ccc04d2e37c9,0.5092592592592593,0.55
45e38fad-bcda76c8886dac1a,bac616ee-c3b4ccc04d2e37c9,0.5069124423963134,0.5445544554455446
e7a997b5-36e13ad4fcd78966,b7de5c19-2ed8ee5dd920df33,0.5045045045045045,0.5233644859813084
d5dc6626-b5717fe2f41934aa,2722ef48-8ac883dda8932dca,0.5,0.5142857142857142
875ed4c8-f9463c2dd1e07513,c18048bf-3dd1ac464611ce1b,0.4978540772532189,0.5321100917431193
90f01508-bde4de16d9f628d8,b226c49a-4614ebd95c760df1,0.49327354260089684,0.5188679245283019
71e0f2e5-6461f7753909c3fa,bac616ee-c3b4ccc04d2e37c9,0.49074074074074076,0.53
1dab88fb-51f2162ff7b89da6,c9da41af-61c7ab50f69bb737,0.4890829694323144,0.56
71e0f2e5-6461f7753909c3fa,4be01508-4f29ad0cda264cb0,0.48756218905472637,0.49
a18cb2c1-accb5a09ff71e324,71e0f2e5-6461f7753909c3fa,0.48677248677248675,0.5168539325842697
eacc407e-e9009b7370718e2a,127af3a7-094496bd76edbde1,0.48314606741573035,0.48863636363636365
9f354c5c-b373662e7955b701,c18048bf-3dd1ac464611ce1b,0.4830508474576271,0.5089285714285714
7d9b95c0-cc4719dcf220c9bd,c9da41af-61c7ab50f69bb737,0.48068669527896996,0.5384615384615384
b7de5c19-2ed8ee5dd920df33,e00b1794-b8b52eb5aca70bd6,0.47863247863247865,0.48695652173913045
07a0e4dc-ba4be0dbb99e7b39,ec8566b8-7dc900e0b721f219,0.4778761061946903,0.5
45e38fad-bcda76c8886dac1a,a6229ee9-ca84c4eb8dc05b96,0.47706422018348627,0.5148514851485149
45e38fad-bcda76c8886dac1a,7b5f64b7-a45aba81ff1cc20a,0.4769874476987448,0.5643564356435643
bac616ee-c3b4ccc04d2e37c9,e00b1794-b8b52eb5aca70bd6,0.4765957446808511,0.4827586206896552
fabb36ff-01a4820dc08dd0e2,4dc0247e-13eba9611270ccef,0.4730290456431535,0.4956521739130435
f59d9b6e-c1de27bc848129d8,d1391025-de507cd89cd5a32c,0.4727272727272727,0.5473684210526316
bac616ee-c3b4ccc04d2e37c9,7b5f64b7-a45aba81ff1cc20a,0.47244094488188976,0.5172413793103449
4138b081-df128b5917b86c3a,7b5f64b7-a45aba81ff1cc20a,0.47161572052401746,0.5934065934065934
f59d9b6e-c1de27bc848129d8,875ed4c8-f9463c2dd1e07513,0.47058823529411764,0.5052631578947369
eacc407e-e9009b7370718e2a,a6229ee9-ca84c4eb8dc05b96,0.4682926829268293,0.5454545454545454
875ed4c8-f9463c2dd1e07513,4dc0247e-13eba9611270ccef,0.46808510638297873,0.5045871559633027
45e38fad-bcda76c8886dac1a,4dc0247e-13eba9611270ccef,0.4669603524229075,0.5247524752475248
71e0f2e5-6461f7753909c3fa,3ef54b1a-bbe16b6aa665cf7a,0.463768115942029,0.48
d5dc6626-b5717fe2f41934aa,fabb36ff-01a4820dc08dd0e2,0.4636363636363636,0.4857142857142857
07a0e4dc-ba4be0dbb99e7b39,a6229ee9-ca84c4eb8dc05b96,0.4622222222222222,0.48148148148148145
f59d9b6e-c1de27bc848129d8,71e0f2e5-6461f7753909c3fa,0.46153846153846156,0.47368421052631576
a6229ee9-ca84c4eb8dc05b96,4dc0247e-13eba9611270ccef,0.4609053497942387,0.47863247863247865
9f354c5c-b373662e7955b701,a6532df9-dec90ada04fb7078,0.46017699115044247,0.4642857142857143
f729338f-26a6bad836e34e30,608ee4fb-c754af5041f8feb8,0.45714285714285713,0.5137614678899083
4138b081-df128b5917b86c3a,9d33ca79-37b37de2efc3dd5f,0.45544554455445546,0.5054945054945055
b226c49a-4614ebd95c760df1,7b5f64b7-a45aba81ff1cc20a,0.4549019607843137,0.49572649572649574
f59d9b6e-c1de27bc848129d8,07a0e4dc-ba4be0dbb99e7b39,0.45320197044334976,0.4842105263157895
e00b1794-b8b52eb5aca70bd6,c18048bf-3dd1ac464611ce1b,0.45267489711934156,0.46218487394957986
4be01508-4f29ad0cda264cb0,7b5f64b7-a45aba81ff1cc20a,0.45188284518828453,0.5346534653465347
4be01508-4f29ad0cda264cb0,bac616ee-c3b4ccc04d2e37c9,0.45161290322580644,0.48514851485148514
f59d9b6e-c1de27bc848129d8,f729338f-26a6bad836e34e30,0.45098039215686275,0.4842105263157895
fabb36ff-01a4820dc08dd0e2,c9da41af-61c7ab50f69bb737,0.45081967213114754,0.4782608695652174
90f01508-bde4de16d9f628d8,e7a997b5-36e13ad4fcd78966,0.4507042253521127,0.4528301886792453
1dab88fb-51f2162ff7b89da6,71e0f2e5-6461f7753909c3fa,0.45,0.45
71e0f2e5-6461f7753909c3fa,f729338f-26a6bad836e34e30,0.44976076555023925,0.47
71e0f2e5-6461f7753909c3fa,875ed4c8-f9463c2dd1e07513,0.44976076555023925,0.47
4be01508-4f29ad0cda264cb0,b226c49a-4614ebd95c760df1,0.44954128440366975,0.48514851485148514
2722ef48-8ac883dda8932dca,07038b12-376304921645bf39,0.4489795918367347,0.4954954954954955
e00b1794-b8b52eb5aca70bd6,5d175166-d7eb91b0ba348513,0.44813278008298757,0.453781512605042
d6bbd286-f2f535fcfb52ba2d,ac4d0fc5-afb1f60dca8213a5,0.4474885844748858,0.5
07a0e4dc-ba4be0dbb99e7b39,7b5f64b7-a45aba81ff1cc20a,0.44715447154471544,0.5092592592592593
a6229ee9-ca84c4eb8dc05b96,7b5f64b7-a45aba81ff1cc20a,0.4470588235294118,0.48717948717948717
4138b081-df128b5917b86c3a,90f01508-bde4de16d9f628d8,0.4467005076142132,0.4835164835164835
eacc407e-e9009b7370718e2a,d5dc6626-b5717fe2f41934aa,0.44559585492227977,0.48863636363636365
71e0f2e5-6461f7753909c3fa,c9da41af-61c7ab50f69bb737,0.44541484716157204,0.51
f59d9b6e-c1de27bc848129d8,9c55bc1b-63f7691a1f090041,0.4444444444444444,0.5052631578947369
9d33ca79-37b37de2efc3dd5f,c18048bf-3dd1ac464611ce1b,0.4425531914893617,0.46846846846846846
e7a997b5-36e13ad4fcd78966,c18048bf-3dd1ac464611ce1b,0.44155844155844154,0.4766355140186916
7d9b95c0-cc4719dcf220c9bd,ec8566b8-7dc900e0b721f219,0.44144144144144143,0.47115384615384615
eacc407e-e9009b7370718e2a,a18cb2c1-accb5a09ff71e324,0.4406779661016949,0.4431818181818182
7d9b95c0-cc4719dcf220c9bd,c18048bf-3dd1ac464611ce1b,0.43859649122807015,0.4807692307692308
e7a997b5-36e13ad4fcd78966,9f354c5c-b373662e7955b701,0.4383561643835616,0.4485981308411215
45e38fad-bcda76c8886dac1a,875ed4c8-f9463c2dd1e07513,0.4380952380952381,0.45544554455445546
f59d9b6e-c1de27bc848129d8,fabb36ff-01a4820dc08dd0e2,0.4380952380952381,0.4842105263157895
e7a997b5-36e13ad4fcd78966,4dc0247e-13eba9611270ccef,0.43776824034334766,0.4766355140186916
07a0e4dc-ba4be0dbb99e7b39,bac616ee-c3b4ccc04d2e37c9,0.4375,0.4537037037037037
45e38fad-bcda76c8886dac1a,d5dc6626-b5717fe2f41934aa,0.4368932038834951,0.44554455445544555
ec8566b8-7dc900e0b721f219,d1391025-de507cd89cd5a32c,0.43621399176954734,0.4491525423728814
4138b081-df128b5917b86c3a,2722ef48-8ac883dda8932dca,0.43564356435643564,0.4835164835164835
d5dc6626-b5717fe2f41934aa,9d33ca79-37b37de2efc3dd5f,0.4351851851851852,0.44761904761904764
f729338f-26a6bad836e34e30,ac4d0fc5-afb1f60dca8213a5,0.43478260869565216,0.45871559633027525
d6bbd286-f2f535fcfb52ba2d,f729338f-26a6bad836e34e30,0.43478260869565216,0.45918367346938777
d5dc6626-b5717fe2f41934aa,cb032314-fb484bfcea6887a1,0.4339622641509434,0.4380952380952381
1dab88fb-51f2162ff7b89da6,9f354c5c-b373662e7955b701,0.4339622641509434,0.46
07a0e4dc-ba4be0dbb99e7b39,f729338f-26a6bad836e34e30,0.43317972350230416,0.4351851851851852
4138b081-df128b5917b86c3a,a6229ee9-ca84c4eb8dc05b96,0.4326923076923077,0.4945054945054945
fabb36ff-01a4820dc08dd0e2,a6229ee9-ca84c4eb8dc05b96,0.43103448275862066,0.43478260869565216
127af3a7-094496bd76edbde1,d5dc6626-b5717fe2f41934aa,0.4307692307692308,0.4666666666666667
07a0e4dc-ba4be0dbb99e7b39,b7de5c19-2ed8ee5dd920df33,0.4304932735426009,0.4444444444444444
a6229ee9-ca84c4eb8dc05b96,07038b12-376304921645bf39,0.4302788844621514,0.46153846153846156
9f354c5c-b373662e7955b701,bac616ee-c3b4ccc04d2e37c9,0.4298245614035088,0.4375
bac616ee-c3b4ccc04d2e37c9,76791c9f-29501ea96834bd73,0.42962962962962964,0.5
fabb36ff-01a4820dc08dd0e2,ec8566b8-7dc900e0b721f219,0.4291845493562232,0.43478260869565216
d5dc6626-b5717fe2f41934aa,ee65f7f5-1e35238cc525d211,0.42857142857142855,0.45714285714285713
4be01508-4f29ad0cda264cb0,d5dc6626-b5717fe2f41934aa,0.42718446601941745,0.43564356435643564
2db37cb1-4675ecce014d7e7e,2722ef48-8ac883dda8932dca,0.42718446601941745,0.4631578947368421
4be01508-4f29ad0cda264cb0,c18048bf-3dd1ac464611ce1b,0.4266666666666667,0.4752475247524752
127af3a7-094496bd76edbde1,9c55bc1b-63f7691a1f090041,0.4265402843601896,0.5
c18048bf-3dd1ac464611ce1b,d1391025-de507cd89cd5a32c,0.42570281124497994,0.4274193548387097
71e0f2e5-6461f7753909c3fa,cb032314-fb484bfcea6887a1,0.4251207729468599,0.44
bac616ee-c3b4ccc04d2e37c9,c18048bf-3dd1ac464611ce1b,0.425,0.4396551724137931
4be01508-4f29ad0cda264cb0,cb032314-fb484bfcea6887a1,0.4230769230769231,0.43564356435643564
7d9b95c0-cc4719dcf220c9bd,f729338f-26a6bad836e34e30,0.4225352112676056,0.4326923076923077
4be01508-4f29ad0cda264cb0,a6229ee9-ca84c4eb8dc05b96,0.42201834862385323,0.45544554455445546
ec8566b8-7dc900e0b721f219,e00b1794-b8b52eb5aca70bd6,0.4219409282700422,0.423728813559322
9d33ca79-37b37de2efc3dd5f,4dc0247e-13eba9611270ccef,0.4219409282700422,0.45045045045045046
127af3a7-094496bd76edbde1,f59d9b6e-c1de27bc848129d8,0.42162162162162165,0.43333333333333335
2722ef48-8ac883dda8932dca,9f354c5c-b373662e7955b701,0.42152466367713004,0.42342342342342343
ec8566b8-7dc900e0b721f219,c9da41af-61c7ab50f69bb737,0.42105263157894735,0.4406779661016949
e9144440-22d84bb8077fea98,07038b12-376304921645bf39,0.42105263157894735,0.5106382978723404
3ef54b1a-bbe16b6aa665cf7a,e7a997b5-36e13ad4fcd78966,0.4205607476635514,0.4205607476635514
b7de5c19-2ed8ee5dd920df33,c18048bf-3dd1ac464611ce1b,0.41841004184100417,0.43478260869565216
4138b081-df128b5917b86c3a,d5dc6626-b5717fe2f41934aa,0.41836734693877553,0.45054945054945056
127af3a7-094496bd76edbde1,2722ef48-8ac883dda8932dca,0.417910447761194,0.4666666666666667
f59d9b6e-c1de27bc848129d8,bac616ee-c3b4ccc04d2e37c9,0.41706161137440756,0.4631578947368421
c18048bf-3dd1ac464611ce1b,4dc0247e-13eba9611270ccef,0.416,0.41935483870967744
875ed4c8-f9463c2dd1e07513,a6229ee9-ca84c4eb8dc05b96,0.415929203539823,0.43119266055045874
b7de5c19-2ed8ee5dd920df33,bac616ee-c3b4ccc04d2e37c9,0.4155844155844156,0.41739130434782606
875ed4c8-f9463c2dd1e07513,5d175166-d7eb91b0ba348513,0.4155844155844156,0.44036697247706424
a18cb2c1-accb5a09ff71e324,ec8566b8-7dc900e0b721f219,0.41545893719806765,0.48314606741573035
d5dc6626-b5717fe2f41934aa,e7a997b5-36e13ad4fcd78966,0.41509433962264153,0.41904761904761906
bac616ee-c3b4ccc04d2e37c9,d1391025-de507cd89cd5a32c,0.4149377593360996,0.43103448275862066
c022c315-43c02b60e0b693ec,bac616ee-c3b4ccc04d2e37c9,0.4144144144144144,0.4339622641509434
127af3a7-094496bd76edbde1,5be7547e-a979d9c3ad92fc00,0.41414141414141414,0.45555555555555555
07a0e4dc-ba4be0dbb99e7b39,c18048bf-3dd1ac464611ce1b,0.41379310344827586,0.4444444444444444
45e38fad-bcda76c8886dac1a,3ef54b1a-bbe16b6aa665cf7a,0.41346153846153844,0.42574257425742573
4be01508-4f29ad0cda264cb0,5d175166-d7eb91b0ba348513,0.4125560538116592,0.45544554455445546
e7a997b5-36e13ad4fcd78966,e9986d44-e8f3129633721b12,0.41245136186770426,0.4953271028037383
07a0e4dc-ba4be0dbb99e7b39,d1391025-de507cd89cd5a32c,0.41201716738197425,0.4444444444444444
71e0f2e5-6461f7753909c3fa,7b5f64b7-a45aba81ff1cc20a,0.4117647058823529,0.49
07a0e4dc-ba4be0dbb99e7b39,4dc0247e-13eba9611270ccef,0.41025641025641024,0.4444444444444444
b226c49a-4614ebd95c760df1,5d175166-d7eb91b0ba348513,0.4100418410041841,0.4188034188034188
71e0f2e5-6461f7753909c3fa,b7de5c19-2ed8ee5dd920df33,0.40930232558139534,0.44
4be01508-4f29ad0cda264cb0,c9da41af-61c7ab50f69bb737,0.40869565217391307,0.46534653465346537
1dab88fb-51f2162ff7b89da6,45e38fad-bcda76c8886dac1a,0.4079601990049751,0.41
4138b081-df128b5917b86c3a,fabb36ff-01a4820dc08dd0e2,0.4077669902912621,0.46153846153846156
3ef54b1a-bbe16b6aa665cf7a,875ed4c8-f9463c2dd1e07513,0.4074074074074074,0.411214953271028
7d9b95c0-cc4719dcf220c9bd,a6229ee9-ca84c4eb8dc05b96,0.4072398190045249,0.4326923076923077
875ed4c8-f9463c2dd1e07513,b226c49a-4614ebd95c760df1,0.40707964601769914,0.42201834862385323
fabb36ff-01a4820dc08dd0e2,bac616ee-c3b4ccc04d2e37c9,0.4069264069264069,0.40869565217391307
a6229ee9-ca84c4eb8dc05b96,e00b1794-b8b52eb5aca70bd6,0.4067796610169492,0.41025641025641024
fabb36ff-01a4820dc08dd0e2,9c55bc1b-63f7691a1f090041,0.4067796610169492,0.41739130434782606
1dab88fb-51f2162ff7b89da6,3ef54b1a-bbe16b6aa665cf7a,0.4057971014492754,0.42
4be01508-4f29ad0cda264cb0,9d33ca79-37b37de2efc3dd5f,0.4056603773584906,0.42574257425742573
ec8566b8-7dc900e0b721f219,5647d16e-1e89cf0c42fbaffc,0.40559440559440557,0.4915254237288136
90f01508-bde4de16d9f628d8,bac616ee-c3b4ccc04d2e37c9,0.40540540540540543,0.42452830188679247
2722ef48-8ac883dda8932dca,9d33ca79-37b37de2efc3dd5f,0.40540540540540543,0.40540540540540543
9d33ca79-37b37de2efc3dd5f,bac616ee-c3b4ccc04d2e37c9,0.4052863436123348,0.4144144144144144
07a0e4dc-ba4be0dbb99e7b39,07038b12-376304921645bf39,0.4049586776859504,0.4537037037037037
4be01508-4f29ad0cda264cb0,9f354c5c-b373662e7955b701,0.40375586854460094,0.42574257425742573
a18cb2c1-accb5a09ff71e324,d5dc6626-b5717fe2f41934aa,0.4020618556701031,0.43820224719101125
71e0f2e5-6461f7753909c3fa,7d9b95c0-cc4719dcf220c9bd,0.4019607843137255,0.41
4be01508-4f29ad0cda264cb0,07a0e4dc-ba4be0dbb99e7b39,0.4019138755980861,0.4158415841584158
cb032314-fb484bfcea6887a1,a6229ee9-ca84c4eb8dc05b96,0.4017857142857143,0.4205607476635514
fabb36ff-01a4820dc08dd0e2,4851a411-1aad55694aed96ce,0.4017094017094017,0.40869565217391307
d5dc6626-b5717fe2f41934aa,07038b12-376304921645bf39,0.401673640167364,0.45714285714285713
e9144440-22d84bb8077fea98,45e38fad-bcda76c8886dac1a,0.4,0.4148936170212766
fabb36ff-01a4820dc08dd0e2,e9986d44-e8f3129633721b12,0.4,0.4608695652173913
f59d9b6e-c1de27bc848129d8,d5dc6626-b5717fe2f41934aa,0.4,0.42105263157894735
bac616ee-c3b4ccc04d2e37c9,4851a411-1aad55694aed96ce,0.4,0.4051724137931034
3ef54b1a-bbe16b6aa665cf7a,07a0e4dc-ba4be0dbb99e7b39,0.4,0.40186915887850466
cb032314-fb484bfcea6887a1,07a0e4dc-ba4be0dbb99e7b39,0.4,0.40186915887850466
e7a997b5-36e13ad4fcd78966,07a0e4dc-ba4be0dbb99e7b39,0.4,0.40186915887850466
3ef54b1a-bbe16b6aa665cf7a,c18048bf-3dd1ac464611ce1b,0.39826839826839827,0.42990654205607476
875ed4c8-f9463c2dd1e07513,9f354c5c-b373662e7955b701,0.39819004524886875,0.4036697247706422
45e38fad-bcda76c8886dac1a,b7de5c19-2ed8ee5dd920df33,0.39814814814814814,0.42574257425742573
4be01508-4f29ad0cda264cb0,fabb36ff-01a4820dc08dd0e2,0.39814814814814814,0.42574257425742573
9f354c5c-b373662e7955b701,e9986d44-e8f3129633721b12,0.3969465648854962,0.4642857142857143
bac616ee-c3b4ccc04d2e37c9,4dc0247e-13eba9611270ccef,0.39669421487603307,0.41379310344827586
3ef54b1a-bbe16b6aa665cf7a,d1391025-de507cd89cd5a32c,0.39655172413793105,0.42990654205607476
07a0e4dc-ba4be0dbb99e7b39,875ed4c8-f9463c2dd1e07513,0.39631336405529954,0.39814814814814814
45e38fad-bcda76c8886dac1a,9d33ca79-37b37de2efc3dd5f,0.39622641509433965,0.4158415841584158
4be01508-4f29ad0cda264cb0,c022c315-43c02b60e0b693ec,0.3961352657004831,0.40594059405940597
f59d9b6e-c1de27bc848129d8,cb032314-fb484bfcea6887a1,0.39603960396039606,0.42105263157894735
a18cb2c1-accb5a09ff71e324,07a0e4dc-ba4be0dbb99e7b39,0.39593908629441626,0.43820224719101125
127af3a7-094496bd76edbde1,cb032314-fb484bfcea6887a1,0.39593908629441626,0.43333333333333335
4138b081-df128b5917b86c3a,4be01508-4f29ad0cda264cb0,0.3958333333333333,0.4175824175824176
d5dc6626-b5717fe2f41934aa,7b5f64b7-a45aba81ff1cc20a,0.3950617283950617,0.45714285714285713
a6229ee9-ca84c4eb8dc05b96,ac4d0fc5-afb1f60dca8213a5,0.3949579831932773,0.4017094017094017
bac616ee-c3b4ccc04d2e37c9,a6229ee9-ca84c4eb8dc05b96,0.3948497854077253,0.39655172413793105
f59d9b6e-c1de27bc848129d8,ec8566b8-7dc900e0b721f219,0.39436619718309857,0.4421052631578947
45e38fad-bcda76c8886dac1a,e7a997b5-36e13ad4fcd78966,0.3942307692307692,0.40594059405940597
c18048bf-3dd1ac464611ce1b,ea09d197-8e021149835971f2,0.39384615384615385,0.5161290322580645
bac616ee-c3b4ccc04d2e37c9,ec8566b8-7dc900e0b721f219,0.39316239316239315,0.39655172413793105
4be01508-4f29ad0cda264cb0,ec8566b8-7dc900e0b721f219,0.3926940639269406,0.42574257425742573
f59d9b6e-c1de27bc848129d8,e00b1794-b8b52eb5aca70bd6,0.3925233644859813,0.4421052631578947
5d175166-d7eb91b0ba348513,3cb8c2b7-3b343b9c1230c9a9,0.392,0.4016393442622951
e7a997b5-36e13ad4fcd78966,3cb8c2b7-3b343b9c1230c9a9,0.39148936170212767,0.42990654205607476
71e0f2e5-6461f7753909c3fa,d1391025-de507cd89cd5a32c,0.39111111111111113,0.44
875ed4c8-f9463c2dd1e07513,9d33ca79-37b37de2efc3dd5f,0.39090909090909093,0.3944954128440367
71e0f2e5-6461f7753909c3fa,fabb36ff-01a4820dc08dd0e2,0.39069767441860465,0.42
3ef54b1a-bbe16b6aa665cf7a,2560850b-80df02a36bf4aa7d,0.38961038961038963,0.4205607476635514
71e0f2e5-6461f7753909c3fa,4dc0247e-13eba9611270ccef,0.3893805309734513,0.44
07a0e4dc-ba4be0dbb99e7b39,99ccaa44-52b4219b81f86382,0.3893805309734513,0.4074074074074074
d5dc6626-b5717fe2f41934aa,bac616ee-c3b4ccc04d2e37c9,0.3891402714932127,0.4095238095238095
e7a997b5-36e13ad4fcd78966,f729338f-26a6bad836e34e30,0.3888888888888889,0.3925233644859813
127af3a7-094496bd76edbde1,bac616ee-c3b4ccc04d2e37c9,0.3883495145631068,0.4444444444444444
4be01508-4f29ad0cda264cb0,4dc0247e-13eba9611270ccef,0.3876651982378855,0.43564356435643564
c18048bf-3dd1ac464611ce1b,07038b12-376304921645bf39,0.3875968992248062,0.4032258064516129
71e0f2e5-6461f7753909c3fa,a6229ee9-ca84c4eb8dc05b96,0.3870967741935484,0.42
a6532df9-dec90ada04fb7078,c18048bf-3dd1ac464611ce1b,0.3865546218487395,0.40350877192982454
a6229ee9-ca84c4eb8dc05b96,9c55bc1b-63f7691a1f090041,0.3865546218487395,0.39316239316239315
f729338f-26a6bad836e34e30,c9da41af-61c7ab50f69bb737,0.3865546218487395,0.42201834862385323
bac616ee-c3b4ccc04d2e37c9,b226c49a-4614ebd95c760df1,0.38626609442060084,0.3879310344827586
b226c49a-4614ebd95c760df1,5647d16e-1e89cf0c42fbaffc,0.38596491228070173,0.4700854700854701
bac616ee-c3b4ccc04d2e37c9,a7063d01-b250ce5b61370c18,0.3858267716535433,0.4224137931034483
07a0e4dc-ba4be0dbb99e7b39,fabb36ff-01a4820dc08dd0e2,0.38565022421524664,0.39814814814814814
a6229ee9-ca84c4eb8dc05b96,b226c49a-4614ebd95c760df1,0.38461538461538464,0.38461538461538464
4138b081-df128b5917b86c3a,e7a997b5-36e13ad4fcd78966,0.3838383838383838,0.4175824175824176
9d33ca79-37b37de2efc3dd5f,07038b12-376304921645bf39,0.3836734693877551,0.42342342342342343
e7a997b5-36e13ad4fcd78966,7b5f64b7-a45aba81ff1cc20a,0.3836734693877551,0.4392523364485981
7d9b95c0-cc4719dcf220c9bd,b7de5c19-2ed8ee5dd920df33,0.3835616438356164,0.40384615384615385
e00b1794-b8b52eb5aca70bd6,9c55bc1b-63f7691a1f090041,0.38333333333333336,0.3865546218487395
45e38fad-bcda76c8886dac1a,07a0e4dc-ba4be0dbb99e7b39,0.3827751196172249,0.39603960396039606
eacc407e-e9009b7370718e2a,ac4d0fc5-afb1f60dca8213a5,0.3827751196172249,0.45454545454545453
9d33ca79-37b37de2efc3dd5f,ee65f7f5-1e35238cc525d211,0.3826086956521739,0.3963963963963964
4138b081-df128b5917b86c3a,5be7547e-a979d9c3ad92fc00,0.38190954773869346,0.4175824175824176
b7de5c19-2ed8ee5dd920df33,4dc0247e-13eba9611270ccef,0.3817427385892116,0.4
a6229ee9-ca84c4eb8dc05b96,c18048bf-3dd1ac464611ce1b,0.3817427385892116,0.39316239316239315
a18cb2c1-accb5a09ff71e324,4dc0247e-13eba9611270ccef,0.3813953488372093,0.4606741573033708
90f01508-bde4de16d9f628d8,875ed4c8-f9463c2dd1e07513,0.3813953488372093,0.3867924528301887
2722ef48-8ac883dda8932dca,5766f176-9f15e33836acbd90,0.3813559322033898,0.40540540540540543
875ed4c8-f9463c2dd1e07513,7b5f64b7-a45aba81ff1cc20a,0.3805668016194332,0.43119266055045874
eacc407e-e9009b7370718e2a,4138b081-df128b5917b86c3a,0.37988826815642457,0.38636363636363635
5647d16e-1e89cf0c42fbaffc,ea09d197-8e021149835971f2,0.3794037940379404,0.4166666666666667
1dab88fb-51f2162ff7b89da6,9d33ca79-37b37de2efc3dd5f,0.3791469194312796,0.4
5d175166-d7eb91b0ba348513,4dc0247e-13eba9611270ccef,0.3790322580645161,0.38524590163934425
3ef54b1a-bbe16b6aa665cf7a,608ee4fb-c754af5041f8feb8,0.3786008230452675,0.42990654205607476
9c55bc1b-63f7691a1f090041,7b5f64b7-a45aba81ff1cc20a,0.3783783783783784,0.4049586776859504
e9144440-22d84bb8077fea98,3cb8c2b7-3b343b9c1230c9a9,0.3783783783783784,0.44680851063829785
d1391025-de507cd89cd5a32c,e9986d44-e8f3129633721b12,0.3781818181818182,0.416
1dab88fb-51f2162ff7b89da6,b226c49a-4614ebd95c760df1,0.3778801843317972,0.41
d5dc6626-b5717fe2f41934aa,3cb8c2b7-3b343b9c1230c9a9,0.3776824034334764,0.41904761904761906
f729338f-26a6bad836e34e30,2560850b-80df02a36bf4aa7d,0.3776824034334764,0.4036697247706422
9d33ca79-37b37de2efc3dd5f,7b5f64b7-a45aba81ff1cc20a,0.37751004016064255,0.42342342342342343
e9144440-22d84bb8077fea98,99ccaa44-52b4219b81f86382,0.37735849056603776,0.425531914893617
f59d9b6e-c1de27bc848129d8,a6229ee9-ca84c4eb8dc05b96,0.37735849056603776,0.42105263157894735
9c55bc1b-63f7691a1f090041,07038b12-376304921645bf39,0.3764705882352941,0.39669421487603307
4138b081-df128b5917b86c3a,f59d9b6e-c1de27bc848129d8,0.3763440860215054,0.38461538461538464
45e38fad-bcda76c8886dac1a,b226c49a-4614ebd95c760df1,0.3761467889908257,0.40594059405940597
cb032314-fb484bfcea6887a1,2722ef48-8ac883dda8932dca,0.3761467889908257,0.38317757009345793
3cb8c2b7-3b343b9c1230c9a9,7b5f64b7-a45aba81ff1cc20a,0.37593984962406013,0.390625
d6bbd286-f2f535fcfb52ba2d,fabb36ff-01a4820dc08dd0e2,0.3755868544600939,0.40816326530612246
4be01508-4f29ad0cda264cb0,3ef54b1a-bbe16b6aa665cf7a,0.375,0.38613861386138615
875ed4c8-f9463c2dd1e07513,b7de5c19-2ed8ee5dd920df33,0.375,0.3853211009174312
1dab88fb-51f2162ff7b89da6,c18048bf-3dd1ac464611ce1b,0.375,0.42
90f01508-bde4de16d9f628d8,e9986d44-e8f3129633721b12,0.375,0.4528301886792453
e7a997b5-36e13ad4fcd78966,a6229ee9-ca84c4eb8dc05b96,0.375,0.3925233644859813
1dab88fb-51f2162ff7b89da6,07a0e4dc-ba4be0dbb99e7b39,0.375,0.39
4be01508-4f29ad0cda264cb0,e9986d44-e8f3129633721b12,0.3745019920318725,0.46534653465346537
45e38fad-bcda76c8886dac1a,07038b12-376304921645bf39,0.37446808510638296,0.43564356435643564
c18048bf-3dd1ac464611ce1b,7b5f64b7-a45aba81ff1cc20a,0.37404580152671757,0.3951612903225806
a18cb2c1-accb5a09ff71e324,f729338f-26a6bad836e34e30,0.37373737373737376,0.4157303370786517
e00b1794-b8b52eb5aca70bd6,7b5f64b7-a45aba81ff1cc20a,0.3735408560311284,0.40336134453781514
bac616ee-c3b4ccc04d2e37c9,5647d16e-1e89cf0c42fbaffc,0.3732394366197183,0.45689655172413796
f729338f-26a6bad836e34e30,9d33ca79-37b37de2efc3dd5f,0.37272727272727274,0.3761467889908257
1dab88fb-51f2162ff7b89da6,7d9b95c0-cc4719dcf220c9bd,0.37254901960784315,0.38
127af3a7-094496bd76edbde1,d6bbd286-f2f535fcfb52ba2d,0.3723404255319149,0.3888888888888889
1dab88fb-51f2162ff7b89da6,b7de5c19-2ed8ee5dd920df33,0.37209302325581395,0.4
cb032314-fb484bfcea6887a1,5be7547e-a979d9c3ad92fc00,0.37209302325581395,0.37383177570093457
99ccaa44-52b4219b81f86382,c18048bf-3dd1ac464611ce1b,0.371900826446281,0.3813559322033898
127af3a7-094496bd76edbde1,875ed4c8-f9463c2dd1e07513,0.37185929648241206,0.4111111111111111
1dab88fb-51f2162ff7b89da6,4dc0247e-13eba9611270ccef,0.37168141592920356,0.42
9f354c5c-b373662e7955b701,d1391025-de507cd89cd5a32c,0.37130801687763715,0.39285714285714285
07a0e4dc-ba4be0dbb99e7b39,c9da41af-61c7ab50f69bb737,0.37130801687763715,0.4074074074074074
e7a997b5-36e13ad4fcd78966,a6532df9-dec90ada04fb7078,0.37104072398190047,0.38317757009345793
c022c315-43c02b60e0b693ec,4dc0247e-13eba9611270ccef,0.3706896551724138,0.4056603773584906
fabb36ff-01a4820dc08dd0e2,b226c49a-4614ebd95c760df1,0.3706896551724138,0.3739130434782609
9c55bc1b-63f7691a1f090041,5d175166-d7eb91b0ba348513,0.37037037037037035,0.371900826446281
b226c49a-4614ebd95c760df1,9c55bc1b-63f7691a1f090041,0.3697478991596639,0.37606837606837606
4138b081-df128b5917b86c3a,d0e27497-17560ea28b7eb692,0.3696682464454976,0.42857142857142855
a18cb2c1-accb5a09ff71e324,f59d9b6e-c1de27bc848129d8,0.3695652173913043,0.38202247191011235
127af3a7-094496bd76edbde1,e9144440-22d84bb8077fea98,0.3695652173913043,0.37777777777777777
90f01508-bde4de16d9f628d8,7b5f64b7-a45aba81ff1cc20a,0.36885245901639346,0.42452830188679247
4dc0247e-13eba9611270ccef,c9da41af-61c7ab50f69bb737,0.3686274509803922,0.373015873015873
a18cb2c1-accb5a09ff71e324,4be01508-4f29ad0cda264cb0,0.3684210526315789,0.39325842696629215
bac616ee-c3b4ccc04d2e37c9,e9986d44-e8f3129633721b12,0.3684210526315789,0.4224137931034483
9d33ca79-37b37de2efc3dd5f,a6229ee9-ca84c4eb8dc05b96,0.3684210526315789,0.3783783783783784
d6bbd286-f2f535fcfb52ba2d,a6532df9-dec90ada04fb7078,0.36792452830188677,0.3979591836734694
4be01508-4f29ad0cda264cb0,2722ef48-8ac883dda8932dca,0.36792452830188677,0.38613861386138615
d5dc6626-b5717fe2f41934aa,c9da41af-61c7ab50f69bb737,0.36752136752136755,0.4095238095238095
7d9b95c0-cc4719dcf220c9bd,a6532df9-dec90ada04fb7078,0.3669724770642202,0.38461538461538464
3ef54b1a-bbe16b6aa665cf7a,9d33ca79-37b37de2efc3dd5f,0.3669724770642202,0.37383177570093457
9d33ca79-37b37de2efc3dd5f,99ccaa44-52b4219b81f86382,0.36681222707423583,0.3783783783783784
e00b1794-b8b52eb5aca70bd6,76791c9f-29501ea96834bd73,0.3663003663003663,0.42016806722689076
a6229ee9-ca84c4eb8dc05b96,ec8566b8-7dc900e0b721f219,0.3659574468085106,0.36752136752136755
b226c49a-4614ebd95c760df1,ec8566b8-7dc900e0b721f219,0.3659574468085106,0.36752136752136755
eacc407e-e9009b7370718e2a,f729338f-26a6bad836e34e30,0.36548223350253806,0.4090909090909091
4138b081-df128b5917b86c3a,e9986d44-e8f3129633721b12,0.3651452282157676,0.4835164835164835
45e38fad-bcda76c8886dac1a,c18048bf-3dd1ac464611ce1b,0.36444444444444446,0.40594059405940597
3ef54b1a-bbe16b6aa665cf7a,ec8566b8-7dc900e0b721f219,0.36444444444444446,0.38317757009345793
cb032314-fb484bfcea6887a1,ec8566b8-7dc900e0b721f219,0.36444444444444446,0.38317757009345793
cb032314-fb484bfcea6887a1,c9da41af-61c7ab50f69bb737,0.3644067796610169,0.40186915887850466
9f354c5c-b373662e7955b701,5647d16e-1e89cf0c42fbaffc,0.36428571428571427,0.45535714285714285
127af3a7-094496bd76edbde1,07a0e4dc-ba4be0dbb99e7b39,0.36363636363636365,0.4
f729338f-26a6bad836e34e30,e9986d44-e8f3129633721b12,0.36293436293436293,0.43119266055045874
2722ef48-8ac883dda8932dca,4dc0247e-13eba9611270ccef,0.3628691983122363,0.38738738738738737
45e38fad-bcda76c8886dac1a,a6532df9-dec90ada04fb7078,0.3627906976744186,0.38613861386138615
c022c315-43c02b60e0b693ec,875ed4c8-f9463c2dd1e07513,0.3627906976744186,0.36792452830188677
a6532df9-dec90ada04fb7078,99ccaa44-52b4219b81f86382,0.3620689655172414,0.3684210526315789
90f01508-bde4de16d9f628d8,4dc0247e-13eba9611270ccef,0.3620689655172414,0.39622641509433965
e7a997b5-36e13ad4fcd78966,5766f176-9f15e33836acbd90,0.3620689655172414,0.3925233644859813
f59d9b6e-c1de27bc848129d8,4dc0247e-13eba9611270ccef,0.36199095022624433,0.42105263157894735
90f01508-bde4de16d9f628d8,9c55bc1b-63f7691a1f090041,0.36123348017621143,0.3867924528301887
7b5f64b7-a45aba81ff1cc20a,e9986d44-e8f3129633721b12,0.3611111111111111,0.37681159420289856
4dc0247e-13eba9611270ccef,5647d16e-1e89cf0c42fbaffc,0.36054421768707484,0.42063492063492064
d5dc6626-b5717fe2f41934aa,a6229ee9-ca84c4eb8dc05b96,0.36036036036036034,0.38095238095238093
a18cb2c1-accb5a09ff71e324,9d33ca79-37b37de2efc3dd5f,0.36,0.4044943820224719
4138b081-df128b5917b86c3a,f729338f-26a6bad836e34e30,0.36,0.3956043956043956
2722ef48-8ac883dda8932dca,a6229ee9-ca84c4eb8dc05b96,0.35964912280701755,0.36936936936936937
b226c49a-4614ebd95c760df1,e9986d44-e8f3129633721b12,0.3595505617977528,0.41025641025641024
1dab88fb-51f2162ff7b89da6,a6229ee9-ca84c4eb8dc05b96,0.35944700460829493,0.39
e00b1794-b8b52eb5aca70bd6,4dc0247e-13eba9611270ccef,0.35918367346938773,0.3697478991596639
71e0f2e5-6461f7753909c3fa,07038b12-376304921645bf39,0.358974358974359,0.42
875ed4c8-f9463c2dd1e07513,a6532df9-dec90ada04fb7078,0.35874439461883406,0.3669724770642202
d1391025-de507cd89cd5a32c,76791c9f-29501ea96834bd73,0.35842293906810035,0.4
9d33ca79-37b37de2efc3dd5f,5647d16e-1e89cf0c42fbaffc,0.35842293906810035,0.45045045045045046
2722ef48-8ac883dda8932dca,ec8566b8-7dc900e0b721f219,0.35807860262008734,0.36936936936936937
45e38fad-bcda76c8886dac1a,c022c315-43c02b60e0b693ec,0.357487922705314,0.36633663366336633
a6532df9-dec90ada04fb7078,ac4d0fc5-afb1f60dca8213a5,0.3574468085106383,0.3684210526315789
c18048bf-3dd1ac464611ce1b,3cb8c2b7-3b343b9c1230c9a9,0.35714285714285715,0.3629032258064516
b226c49a-4614ebd95c760df1,c18048bf-3dd1ac464611ce1b,0.35684647302904565,0.36752136752136755
c022c315-43c02b60e0b693ec,3ef54b1a-bbe16b6aa665cf7a,0.3568075117370892,0.3584905660377358
45e38fad-bcda76c8886dac1a,4be01508-4f29ad0cda264cb0,0.3564356435643564,0.3564356435643564
5d175166-d7eb91b0ba348513,d1391025-de507cd89cd5a32c,0.3562753036437247,0.36065573770491804
45e38fad-bcda76c8886dac1a,99ccaa44-52b4219b81f86382,0.3561643835616438,0.38613861386138615
c18048bf-3dd1ac464611ce1b,5647d16e-1e89cf0c42fbaffc,0.3561643835616438,0.41935483870967744
4138b081-df128b5917b86c3a,3cb8c2b7-3b343b9c1230c9a9,0.3561643835616438,0.42857142857142855
5be7547e-a979d9c3ad92fc00,2722ef48-8ac883dda8932dca,0.3561643835616438,0.3611111111111111
7d9b95c0-cc4719dcf220c9bd,ac4d0fc5-afb1f60dca8213a5,0.35555555555555557,0.38461538461538464
9d33ca79-37b37de2efc3dd5f,76791c9f-29501ea96834bd73,0.35471698113207545,0.42342342342342343
4138b081-df128b5917b86c3a,9f354c5c-b373662e7955b701,0.35467980295566504,0.3956043956043956
45e38fad-bcda76c8886dac1a,e00b1794-b8b52eb5aca70bd6,0.35454545454545455,0.38613861386138615
875ed4c8-f9463c2dd1e07513,3cb8c2b7-3b343b9c1230c9a9,0.35443037974683544,0.3853211009174312
71e0f2e5-6461f7753909c3fa,76791c9f-29501ea96834bd73,0.3543307086614173,0.45
4dc0247e-13eba9611270ccef,3cb8c2b7-3b343b9c1230c9a9,0.3543307086614173,0.35714285714285715
7d9b95c0-cc4719dcf220c9bd,e9986d44-e8f3129633721b12,0.3543307086614173,0.4326923076923077
eacc407e-e9009b7370718e2a,7d9b95c0-cc4719dcf220c9bd,0.3541666666666667,0.38636363636363635
875ed4c8-f9463c2dd1e07513,5647d16e-1e89cf0c42fbaffc,0.35379061371841153,0.44954128440366975
2722ef48-8ac883dda8932dca,ac4d0fc5-afb1f60dca8213a5,0.35344827586206895,0.36936936936936937
a18cb2c1-accb5a09ff71e324,fabb36ff-01a4820dc08dd0e2,0.35294117647058826,0.4044943820224719
4be01508-4f29ad0cda264cb0,76791c9f-29501ea96834bd73,0.35294117647058826,0.44554455445544555
4be01508-4f29ad0cda264cb0,d0e27497-17560ea28b7eb692,0.35294117647058826,0.38613861386138615
9f354c5c-b373662e7955b701,4dc0247e-13eba9611270ccef,0.35294117647058826,0.375
e201bc2e-99875a930dddcf4c,3e1442a3-28735246a67c449d,0.35294117647058826,0.36923076923076925
1dab88fb-51f2162ff7b89da6,7b5f64b7-a45aba81ff1cc20a,0.35294117647058826,0.42
eacc407e-e9009b7370718e2a,bac616ee-c3b4ccc04d2e37c9,0.35294117647058826,0.4090909090909091
7d9b95c0-cc4719dcf220c9bd,99ccaa44-52b4219b81f86382,0.35135135135135137,0.375
d5dc6626-b5717fe2f41934aa,b226c49a-4614ebd95c760df1,0.35135135135135137,0.37142857142857144
4138b081-df128b5917b86c3a,5f3a2a70-7e7132af5f165fed,0.35121951219512193,0.3956043956043956
45e38fad-bcda76c8886dac1a,7d9b95c0-cc4719dcf220c9bd,0.35121951219512193,0.3564356435643564
127af3a7-094496bd76edbde1,fabb36ff-01a4820dc08dd0e2,0.35121951219512193,0.4
5d175166-d7eb91b0ba348513,c9da41af-61c7ab50f69bb737,0.350597609561753,0.36065573770491804
2db37cb1-4675ecce014d7e7e,d5dc6626-b5717fe2f41934aa,0.35,0.3684210526315789
ee65f7f5-1e35238cc525d211,9c55bc1b-63f7691a1f090041,0.35,0.35294117647058826
eacc407e-e9009b7370718e2a,f59d9b6e-c1de27bc848129d8,0.34972677595628415,0.36363636363636365
d5dc6626-b5717fe2f41934aa,c18048bf-3dd1ac464611ce1b,0.34934497816593885,0.38095238095238093
3ef54b1a-bbe16b6aa665cf7a,5d175166-d7eb91b0ba348513,0.34934497816593885,0.37383177570093457
a18cb2c1-accb5a09ff71e324,1dab88fb-51f2162ff7b89da6,0.3492063492063492,0.3707865168539326
4138b081-df128b5917b86c3a,d6bbd286-f2f535fcfb52ba2d,0.3492063492063492,0.3626373626373626
eacc407e-e9009b7370718e2a,c18048bf-3dd1ac464611ce1b,0.3490566037735849,0.42045454545454547
90f01508-bde4de16d9f628d8,9f354c5c-b373662e7955b701,0.3486238532110092,0.3584905660377358
4dc0247e-13eba9611270ccef,7b5f64b7-a45aba81ff1cc20a,0.3484848484848485,0.36507936507936506
d5dc6626-b5717fe2f41934aa,e00b1794-b8b52eb5aca70bd6,0.3482142857142857,0.37142857142857144
9d33ca79-37b37de2efc3dd5f,e00b1794-b8b52eb5aca70bd6,0.34782608695652173,0.36036036036036034
b7de5c19-2ed8ee5dd920df33,7b5f64b7-a45aba81ff1cc20a,0.34782608695652173,0.3826086956521739
71e0f2e5-6461f7753909c3fa,ee65f7f5-1e35238cc525d211,0.3470319634703196,0.38
a18cb2c1-accb5a09ff71e324,3ef54b1a-bbe16b6aa665cf7a,0.3469387755102041,0.38202247191011235
ac4d0fc5-afb1f60dca8213a5,e9986d44-e8f3129633721b12,0.34686346863468637,0.3884297520661157
99ccaa44-52b4219b81f86382,e201bc2e-99875a930dddcf4c,0.3467741935483871,0.3644067796610169
ee65f7f5-1e35238cc525d211,c9da41af-61c7ab50f69bb737,0.3467741935483871,0.36134453781512604
7d9b95c0-cc4719dcf220c9bd,9c55bc1b-63f7691a1f090041,0.3466666666666667,0.375
a18cb2c1-accb5a09ff71e324,e00b1794-b8b52eb5aca70bd6,0.34615384615384615,0.4044943820224719
127af3a7-094496bd76edbde1,ec8566b8-7dc900e0b721f219,0.34615384615384615,0.4
71e0f2e5-6461f7753909c3fa,5f3a2a70-7e7132af5f165fed,0.34579439252336447,0.37
f59d9b6e-c1de27bc848129d8,4851a411-1aad55694aed96ce,0.34579439252336447,0.3894736842105263
9f354c5c-b373662e7955b701,ea09d197-8e021149835971f2,0.3450479233226837,0.48214285714285715
e00b1794-b8b52eb5aca70bd6,ee65f7f5-1e35238cc525d211,0.3445378151260504,0.3445378151260504
eacc407e-e9009b7370718e2a,d6bbd286-f2f535fcfb52ba2d,0.34408602150537637,0.36363636363636365
1dab88fb-51f2162ff7b89da6,9c55bc1b-63f7691a1f090041,0.3438914027149321,0.38
9f354c5c-b373662e7955b701,fabb36ff-01a4820dc08dd0e2,0.3436123348017621,0.3482142857142857
f729338f-26a6bad836e34e30,ec8566b8-7dc900e0b721f219,0.3436123348017621,0.3577981651376147
07a0e4dc-ba4be0dbb99e7b39,ee65f7f5-1e35238cc525d211,0.3436123348017621,0.3611111111111111
5f3a2a70-7e7132af5f165fed,4851a411-1aad55694aed96ce,0.34334763948497854,0.3508771929824561
ec8566b8-7dc900e0b721f219,9c55bc1b-63f7691a1f090041,0.34309623430962344,0.3474576271186441
9d33ca79-37b37de2efc3dd5f,3cb8c2b7-3b343b9c1230c9a9,0.34309623430962344,0.36936936936936937
c022c315-43c02b60e0b693ec,5647d16e-1e89cf0c42fbaffc,0.34306569343065696,0.44339622641509435
2db37cb1-4675ecce014d7e7e,9c55bc1b-63f7691a1f090041,0.3425925925925926,0.3894736842105263
3ef54b1a-bbe16b6aa665cf7a,f729338f-26a6bad836e34e30,0.3425925925925926,0.34579439252336447
e7a997b5-36e13ad4fcd78966,fabb36ff-01a4820dc08dd0e2,0.34234234234234234,0.35514018691588783
1dab88fb-51f2162ff7b89da6,3cb8c2b7-3b343b9c1230c9a9,0.34210526315789475,0.39
eacc407e-e9009b7370718e2a,9d33ca79-37b37de2efc3dd5f,0.3417085427135678,0.38636363636363635
fabb36ff-01a4820dc08dd0e2,5766f176-9f15e33836acbd90,0.3416666666666667,0.3565217391304348
5d175166-d7eb91b0ba348513,c18048bf-3dd1ac464611ce1b,0.34146341463414637,0.3442622950819672
d5dc6626-b5717fe2f41934aa,ec8566b8-7dc900e0b721f219,0.34080717488789236,0.3619047619047619
3ef54b1a-bbe16b6aa665cf7a,bac616ee-c3b4ccc04d2e37c9,0.34080717488789236,0.35514018691588783
eacc407e-e9009b7370718e2a,71e0f2e5-6461f7753909c3fa,0.3404255319148936,0.36363636363636365
be7b6026-09b6f45cb3f4dcbf,b5da712b-18b5e06be39b8bf3,0.3401360544217687,0.423728813559322
4138b081-df128b5917b86c3a,9c55bc1b-63f7691a1f090041,0.33962264150943394,0.3956043956043956
f59d9b6e-c1de27bc848129d8,b226c49a-4614ebd95c760df1,0.33962264150943394,0.37894736842105264
e7a997b5-36e13ad4fcd78966,2722ef48-8ac883dda8932dca,0.3394495412844037,0.34579439252336447
2722ef48-8ac883dda8932dca,4851a411-1aad55694aed96ce,0.3391304347826087,0.35135135135135137
fabb36ff-01a4820dc08dd0e2,68cdd55d-659b6c9eb253196a,0.3389830508474576,0.43478260869565216
4138b081-df128b5917b86c3a,7d9b95c0-cc4719dcf220c9bd,0.3384615384615385,0.3626373626373626
71e0f2e5-6461f7753909c3fa,45e38fad-bcda76c8886dac1a,0.3383084577114428,0.34
71e0f2e5-6461f7753909c3fa,e7a997b5-36e13ad4fcd78966,0.33816425120772947,0.35
d5dc6626-b5717fe2f41934aa,5be7547e-a979d9c3ad92fc00,0.3380281690140845,0.34285714285714286
4138b081-df128b5917b86c3a,5d175166-d7eb91b0ba348513,0.3380281690140845,0.3956043956043956
eacc407e-e9009b7370718e2a,5766f176-9f15e33836acbd90,0.3380281690140845,0.4090909090909091
f729338f-26a6bad836e34e30,bac616ee-c3b4ccc04d2e37c9,0.3377777777777778,0.3486238532110092
9f354c5c-b373662e7955b701,e00b1794-b8b52eb5aca70bd6,0.33766233766233766,0.3482142857142857
99ccaa44-52b4219b81f86382,e00b1794-b8b52eb5aca70bd6,0.33755274261603374,0.3389830508474576
bac616ee-c3b4ccc04d2e37c9,9c55bc1b-63f7691a1f090041,0.33755274261603374,0.3448275862068966
f729338f-26a6bad836e34e30,07038b12-376304921645bf39,0.3374485596707819,0.3761467889908257
d1391025-de507cd89cd5a32c,608ee4fb-c754af5041f8feb8,0.3371647509578544,0.352
d5dc6626-b5717fe2f41934aa,5647d16e-1e89cf0c42fbaffc,0.336996336996337,0.4380952380952381
127af3a7-094496bd76edbde1,1dab88fb-51f2162ff7b89da6,0.3368421052631579,0.35555555555555557
cb032314-fb484bfcea6887a1,e00b1794-b8b52eb5aca70bd6,0.336283185840708,0.35514018691588783
a6532df9-dec90ada04fb7078,be7b6026-09b6f45cb3f4dcbf,0.33620689655172414,0.34210526315789475
bac616ee-c3b4ccc04d2e37c9,3cb8c2b7-3b343b9c1230c9a9,0.3360655737704918,0.35344827586206895
71e0f2e5-6461f7753909c3fa,e9986d44-e8f3129633721b12,0.336,0.42
71e0f2e5-6461f7753909c3fa,5647d16e-1e89cf0c42fbaffc,0.3358208955223881,0.45
127af3a7-094496bd76edbde1,2db37cb1-4675ecce014d7e7e,0.33513513513513515,0.34444444444444444
127af3a7-094496bd76edbde1,3ef54b1a-bbe16b6aa665cf7a,0.3350253807106599,0.36666666666666664
7d9b95c0-cc4719dcf220c9bd,d5dc6626-b5717fe2f41934aa,0.3349282296650718,0.33653846153846156
3ef54b1a-bbe16b6aa665cf7a,a6532df9-dec90ada04fb7078,0.334841628959276,0.34579439252336447
875ed4c8-f9463c2dd1e07513,ec8566b8-7dc900e0b721f219,0.33480176211453744,0.3486238532110092
d1391025-de507cd89cd5a32c,4dc0247e-13eba9611270ccef,0.3346613545816733,0.336
a6532df9-dec90ada04fb7078,7b5f64b7-a45aba81ff1cc20a,0.3333333333333333,0.3684210526315789
a18cb2c1-accb5a09ff71e324,875ed4c8-f9463c2dd1e07513,0.3333333333333333,0.3707865168539326
127af3a7-094496bd76edbde1,4dc0247e-13eba9611270ccef,0.3333333333333333,0.4
1dab88fb-51f2162ff7b89da6,5d175166-d7eb91b0ba348513,0.3333333333333333,0.37
127af3a7-094496bd76edbde1,d0e27497-17560ea28b7eb692,0.3333333333333333,0.3888888888888889
9f354c5c-b373662e7955b701,a6229ee9-ca84c4eb8dc05b96,0.3318777292576419,0.3392857142857143
cb032314-fb484bfcea6887a1,5d175166-d7eb91b0ba348513,0.3318777292576419,0.35514018691588783
9f354c5c-b373662e7955b701,b226c49a-4614ebd95c760df1,0.3318777292576419,0.3392857142857143
d6bbd286-f2f535fcfb52ba2d,5766f176-9f15e33836acbd90,0.33183856502242154,0.37755102040816324
71e0f2e5-6461f7753909c3fa,9d33ca79-37b37de2efc3dd5f,0.33175355450236965,0.35
5d175166-d7eb91b0ba348513,7b5f64b7-a45aba81ff1cc20a,0.33076923076923076,0.3524590163934426
4851a411-1aad55694aed96ce,c9da41af-61c7ab50f69bb737,0.33064516129032256,0.3445378151260504
99ccaa44-52b4219b81f86382,2560850b-80df02a36bf4aa7d,0.3305785123966942,0.3389830508474576
7d9b95c0-cc4719dcf220c9bd,7b5f64b7-a45aba81ff1cc20a,0.3305785123966942,0.38461538461538464
1dab88fb-51f2162ff7b89da6,608ee4fb-c754af5041f8feb8,0.3305084745762712,0.39
45e38fad-bcda76c8886dac1a,c9da41af-61c7ab50f69bb737,0.33043478260869563,0.37623762376237624
e7a997b5-36e13ad4fcd78966,b226c49a-4614ebd95c760df1,0.33035714285714285,0.34579439252336447
07a0e4dc-ba4be0dbb99e7b39,ea09d197-8e021149835971f2,0.3300970873786408,0.4722222222222222
d6bbd286-f2f535fcfb52ba2d,07a0e4dc-ba4be0dbb99e7b39,0.3300970873786408,0.3469387755102041
c9da41af-61c7ab50f69bb737,e9986d44-e8f3129633721b12,0.32974910394265233,0.35658914728682173
2722ef48-8ac883dda8932dca,e9986d44-e8f3129633721b12,0.32950191570881227,0.38738738738738737
b7de5c19-2ed8ee5dd920df33,07038b12-376304921645bf39,0.3293172690763052,0.3565217391304348
2722ef48-8ac883dda8932dca,a7063d01-b250ce5b61370c18,0.3293172690763052,0.36936936936936937
3ef54b1a-bbe16b6aa665cf7a,99ccaa44-52b4219b81f86382,0.3288888888888889,0.34579439252336447
c022c315-43c02b60e0b693ec,e00b1794-b8b52eb5aca70bd6,0.3288888888888889,0.3490566037735849
90f01508-bde4de16d9f628d8,cb032314-fb484bfcea6887a1,0.3286384976525822,0.330188679245283
99ccaa44-52b4219b81f86382,4dc0247e-13eba9611270ccef,0.32786885245901637,0.3389830508474576
4851a411-1aad55694aed96ce,5766f176-9f15e33836acbd90,0.32786885245901637,0.33613445378151263
875ed4c8-f9463c2dd1e07513,c9da41af-61c7ab50f69bb737,0.3277310924369748,0.3577981651376147
7d9b95c0-cc4719dcf220c9bd,bac616ee-c3b4ccc04d2e37c9,0.32727272727272727,0.34615384615384615
127af3a7-094496bd76edbde1,99ccaa44-52b4219b81f86382,0.3269230769230769,0.37777777777777777
e9144440-22d84bb8077fea98,5be7547e-a979d9c3ad92fc00,0.32673267326732675,0.35106382978723405
2db37cb1-4675ecce014d7e7e,4be01508-4f29ad0cda264cb0,0.32653061224489793,0.3368421052631579
b226c49a-4614ebd95c760df1,3cb8c2b7-3b343b9c1230c9a9,0.32653061224489793,0.3418803418803419
eacc407e-e9009b7370718e2a,07a0e4dc-ba4be0dbb99e7b39,0.32653061224489793,0.36363636363636365
e7a997b5-36e13ad4fcd78966,a7063d01-b250ce5b61370c18,0.32653061224489793,0.37383177570093457
ec8566b8-7dc900e0b721f219,07038b12-376304921645bf39,0.3253968253968254,0.3474576271186441
9c55bc1b-63f7691a1f090041,d1391025-de507cd89cd5a32c,0.3252032520325203,0.3305785123966942
b7de5c19-2ed8ee5dd920df33,d1391025-de507cd89cd5a32c,0.325,0.3391304347826087
7d9b95c0-cc4719dcf220c9bd,608ee4fb-c754af5041f8feb8,0.325,0.375
f729338f-26a6bad836e34e30,ee65f7f5-1e35238cc525d211,0.32456140350877194,0.3394495412844037
4be01508-4f29ad0cda264cb0,9c55bc1b-63f7691a1f090041,0.32432432432432434,0.3564356435643564
fabb36ff-01a4820dc08dd0e2,dd994c01-f2c1d30ddd7763b7,0.3241106719367589,0.3565217391304348
4be01508-4f29ad0cda264cb0,b7de5c19-2ed8ee5dd920df33,0.32407407407407407,0.3465346534653465
45e38fad-bcda76c8886dac1a,f729338f-26a6bad836e34e30,0.3238095238095238,0.33663366336633666
127af3a7-094496bd76edbde1,5f3a2a70-7e7132af5f165fed,0.3235294117647059,0.36666666666666664
ec8566b8-7dc900e0b721f219,76791c9f-29501ea96834bd73,0.3235294117647059,0.3728813559322034
a6229ee9-ca84c4eb8dc05b96,99ccaa44-52b4219b81f86382,0.32340425531914896,0.3247863247863248
bac616ee-c3b4ccc04d2e37c9,ee65f7f5-1e35238cc525d211,0.32340425531914896,0.3275862068965517
4138b081-df128b5917b86c3a,3ef54b1a-bbe16b6aa665cf7a,0.32323232323232326,0.3516483516483517
4138b081-df128b5917b86c3a,cb032314-fb484bfcea6887a1,0.32323232323232326,0.3516483516483517
e9144440-22d84bb8077fea98,7d9b95c0-cc4719dcf220c9bd,0.32323232323232326,0.3404255319148936
4be01508-4f29ad0cda264cb0,3cb8c2b7-3b343b9c1230c9a9,0.3231441048034934,0.36633663366336633
9d33ca79-37b37de2efc3dd5f,ec8566b8-7dc900e0b721f219,0.3231441048034934,0.3333333333333333
b7de5c19-2ed8ee5dd920df33,ea09d197-8e021149835971f2,0.3227848101265823,0.4434782608695652
c022c315-43c02b60e0b693ec,9d33ca79-37b37de2efc3dd5f,0.3225806451612903,0.330188679245283
a18cb2c1-accb5a09ff71e324,4138b081-df128b5917b86c3a,0.32222222222222224,0.3258426966292135
07a0e4dc-ba4be0dbb99e7b39,3cb8c2b7-3b343b9c1230c9a9,0.3220338983050847,0.35185185185185186
9d33ca79-37b37de2efc3dd5f,4851a411-1aad55694aed96ce,0.3217391304347826,0.3333333333333333
d6bbd286-f2f535fcfb52ba2d,45e38fad-bcda76c8886dac1a,0.32160804020100503,0.32653061224489793
cb032314-fb484bfcea6887a1,b226c49a-4614ebd95c760df1,0.32142857142857145,0.3364485981308411
3ef54b1a-bbe16b6aa665cf7a,3e1442a3-28735246a67c449d,0.321285140562249,0.37383177570093457
71e0f2e5-6461f7753909c3fa,99ccaa44-52b4219b81f86382,0.3211009174311927,0.35
e7a997b5-36e13ad4fcd78966,9d33ca79-37b37de2efc3dd5f,0.3211009174311927,0.32710280373831774
2db37cb1-4675ecce014d7e7e,b226c49a-4614ebd95c760df1,0.32075471698113206,0.35789473684210527
3cb8c2b7-3b343b9c1230c9a9,07038b12-376304921645bf39,0.32061068702290074,0.328125
90f01508-bde4de16d9f628d8,d1391025-de507cd89cd5a32c,0.3203463203463203,0.3490566037735849
ee65f7f5-1e35238cc525d211,a7063d01-b250ce5b61370c18,0.31906614785992216,0.3445378151260504
d1391025-de507cd89cd5a32c,ea09d197-8e021149835971f2,0.31901840490797545,0.416
4be01508-4f29ad0cda264cb0,90f01508-bde4de16d9f628d8,0.3188405797101449,0.32673267326732675
127af3a7-094496bd76edbde1,a6229ee9-ca84c4eb8dc05b96,0.3188405797101449,0.36666666666666664
1dab88fb-51f2162ff7b89da6,e7a997b5-36e13ad4fcd78966,0.3188405797101449,0.33
eacc407e-e9009b7370718e2a,e9144440-22d84bb8077fea98,0.31868131868131866,0.32954545454545453
2db37cb1-4675ecce014d7e7e,e9986d44-e8f3129633721b12,0.3183673469387755,0.4105263157894737
4138b081-df128b5917b86c3a,c9da41af-61c7ab50f69bb737,0.3181818181818182,0.38461538461538464
5f3a2a70-7e7132af5f165fed,5766f176-9f15e33836acbd90,0.3179916317991632,0.3333333333333333
eacc407e-e9009b7370718e2a,4dc0247e-13eba9611270ccef,0.3177570093457944,0.38636363636363635
e9144440-22d84bb8077fea98,a6532df9-dec90ada04fb7078,0.3173076923076923,0.35106382978723405
d5dc6626-b5717fe2f41934aa,5d175166-d7eb91b0ba348513,0.31718061674008813,0.34285714285714286
d6bbd286-f2f535fcfb52ba2d,c9da41af-61c7ab50f69bb737,0.31718061674008813,0.3673469387755102
c9da41af-61c7ab50f69bb737,68cdd55d-659b6c9eb253196a,0.31715210355987056,0.3798449612403101
2db37cb1-4675ecce014d7e7e,e7a997b5-36e13ad4fcd78966,0.31683168316831684,0.3368421052631579
e7a997b5-36e13ad4fcd78966,5be7547e-a979d9c3ad92fc00,0.31627906976744186,0.3177570093457944
7d9b95c0-cc4719dcf220c9bd,9d33ca79-37b37de2efc3dd5f,0.31627906976744186,0.3269230769230769
e9986d44-e8f3129633721b12,76791c9f-29501ea96834bd73,0.3157894736842105,0.32
a6229ee9-ca84c4eb8dc05b96,5647d16e-1e89cf0c42fbaffc,0.3157894736842105,0.38461538461538464
90f01508-bde4de16d9f628d8,5d175166-d7eb91b0ba348513,0.3157894736842105,0.33962264150943394
f729338f-26a6bad836e34e30,7b5f64b7-a45aba81ff1cc20a,0.3157894736842105,0.3577981651376147
9f354c5c-b373662e7955b701,76791c9f-29501ea96834bd73,0.3157894736842105,0.375
bac616ee-c3b4ccc04d2e37c9,ea09d197-8e021149835971f2,0.31545741324921134,0.43103448275862066
45e38fad-bcda76c8886dac1a,ac4d0fc5-afb1f60dca8213a5,0.3153153153153153,0.3465346534653465
e9144440-22d84bb8077fea98,875ed4c8-f9463c2dd1e07513,0.31527093596059114,0.3404255319148936
7b5f64b7-a45aba81ff1cc20a,76791c9f-29501ea96834bd73,0.3150684931506849,0.3333333333333333
5766f176-9f15e33836acbd90,c9da41af-61c7ab50f69bb737,0.31496062992125984,0.32
fabb36ff-01a4820dc08dd0e2,d0e27497-17560ea28b7eb692,0.3148936170212766,0.3217391304347826
4be01508-4f29ad0cda264cb0,07038b12-376304921645bf39,0.3148936170212766,0.36633663366336633
3ef54b1a-bbe16b6aa665cf7a,3cb8c2b7-3b343b9c1230c9a9,0.3148936170212766,0.34579439252336447
f729338f-26a6bad836e34e30,a6532df9-dec90ada04fb7078,0.31390134529147984,0.3211009174311927
e7a997b5-36e13ad4fcd78966,bac616ee-c3b4ccc04d2e37c9,0.31390134529147984,0.32710280373831774
d5dc6626-b5717fe2f41934aa,e9986d44-e8f3129633721b12,0.3137254901960784,0.38095238095238093
b226c49a-4614ebd95c760df1,e00b1794-b8b52eb5aca70bd6,0.3135593220338983,0.3162393162393162
3ef54b1a-bbe16b6aa665cf7a,c9da41af-61c7ab50f69bb737,0.3135593220338983,0.34579439252336447
eacc407e-e9009b7370718e2a,68cdd55d-659b6c9eb253196a,0.31343283582089554,0.4772727272727273
71e0f2e5-6461f7753909c3fa,b226c49a-4614ebd95c760df1,0.31336405529953915,0.34
2db37cb1-4675ecce014d7e7e,5d175166-d7eb91b0ba348513,0.31336405529953915,0.35789473684210527
d5dc6626-b5717fe2f41934aa,5766f176-9f15e33836acbd90,0.3130434782608696,0.34285714285714286
90f01508-bde4de16d9f628d8,c18048bf-3dd1ac464611ce1b,0.3130434782608696,0.33962264150943394
f729338f-26a6bad836e34e30,9c55bc1b-63f7691a1f090041,0.3130434782608696,0.3302752293577982
875ed4c8-f9463c2dd1e07513,9c55bc1b-63f7691a1f090041,0.3130434782608696,0.3302752293577982
71e0f2e5-6461f7753909c3fa,2722ef48-8ac883dda8932dca,0.3127962085308057,0.33
7d9b95c0-cc4719dcf220c9bd,cb032314-fb484bfcea6887a1,0.3127962085308057,0.3173076923076923
b226c49a-4614ebd95c760df1,4dc0247e-13eba9611270ccef,0.31275720164609055,0.3247863247863248
bac616ee-c3b4ccc04d2e37c9,07038b12-376304921645bf39,0.312,0.33620689655172414
4dc0247e-13eba9611270ccef,e9986d44-e8f3129633721b12,0.3115942028985507,0.3412698412698413
7b5f64b7-a45aba81ff1cc20a,a7063d01-b250ce5b61370c18,0.3115942028985507,0.3115942028985507
eacc407e-e9009b7370718e2a,2722ef48-8ac883dda8932dca,0.31155778894472363,0.3522727272727273
ec8566b8-7dc900e0b721f219,4dc0247e-13eba9611270ccef,0.3114754098360656,0.3220338983050847
cb032314-fb484bfcea6887a1,e9986d44-e8f3129633721b12,0.311284046692607,0.37383177570093457
07a0e4dc-ba4be0dbb99e7b39,b226c49a-4614ebd95c760df1,0.3111111111111111,0.32407407407407407
fabb36ff-01a4820dc08dd0e2,5647d16e-1e89cf0c42fbaffc,0.31095406360424027,0.3826086956521739
71e0f2e5-6461f7753909c3fa,90f01508-bde4de16d9f628d8,0.3106796116504854,0.32
d5dc6626-b5717fe2f41934aa,a6532df9-dec90ada04fb7078,0.3105022831050228,0.3238095238095238
7d9b95c0-cc4719dcf220c9bd,3cb8c2b7-3b343b9c1230c9a9,0.3103448275862069,0.34615384615384615
cb032314-fb484bfcea6887a1,7b5f64b7-a45aba81ff1cc20a,0.31020408163265306,0.35514018691588783
5be7547e-a979d9c3ad92fc00,e9986d44-e8f3129633721b12,0.31007751937984496,0.37037037037037035
90f01508-bde4de16d9f628d8,d0e27497-17560ea28b7eb692,0.30973451327433627,0.330188679245283
875ed4c8-f9463c2dd1e07513,ea09d197-8e021149835971f2,0.3096774193548387,0.44036697247706424
fabb36ff-01a4820dc08dd0e2,c18048bf-3dd1ac464611ce1b,0.30962343096234307,0.3217391304347826
d5dc6626-b5717fe2f41934aa,b7de5c19-2ed8ee5dd920df33,0.3090909090909091,0.3238095238095238
b226c49a-4614ebd95c760df1,c9da41af-61c7ab50f69bb737,0.3089430894308943,0.3247863247863248
07038b12-376304921645bf39,a7063d01-b250ce5b61370c18,0.3088235294117647,0.31343283582089554
90f01508-bde4de16d9f628d8,5be7547e-a979d9c3ad92fc00,0.308411214953271,0.3113207547169811
ee65f7f5-1e35238cc525d211,07038b12-376304921645bf39,0.308300395256917,0.3277310924369748
4138b081-df128b5917b86c3a,b226c49a-4614ebd95c760df1,0.3076923076923077,0.3516483516483517
d1391025-de507cd89cd5a32c,5647d16e-1e89cf0c42fbaffc,0.30716723549488056,0.36
cb032314-fb484bfcea6887a1,9c55bc1b-63f7691a1f090041,0.30701754385964913,0.32710280373831774
1dab88fb-51f2162ff7b89da6,fabb36ff-01a4820dc08dd0e2,0.30697674418604654,0.33
f59d9b6e-c1de27bc848129d8,3ef54b1a-bbe16b6aa665cf7a,0.3069306930693069,0.3263157894736842
07a0e4dc-ba4be0dbb99e7b39,a6532df9-dec90ada04fb7078,0.3063063063063063,0.3148148148148148
127af3a7-094496bd76edbde1,e00b1794-b8b52eb5aca70bd6,0.3062200956937799,0.35555555555555557
eacc407e-e9009b7370718e2a,9c55bc1b-63f7691a1f090041,0.3062200956937799,0.36363636363636365
4138b081-df128b5917b86c3a,ec8566b8-7dc900e0b721f219,0.3062200956937799,0.3516483516483517
1dab88fb-51f2162ff7b89da6,f729338f-26a6bad836e34e30,0.3062200956937799,0.32
a18cb2c1-accb5a09ff71e324,e7a997b5-36e13ad4fcd78966,0.30612244897959184,0.33707865168539325
ec8566b8-7dc900e0b721f219,c18048bf-3dd1ac464611ce1b,0.30578512396694213,0.3135593220338983
624b8db5-76074833ecd8964e,608ee4fb-c754af5041f8feb8,0.30578512396694213,0.3490566037735849
9d33ca79-37b37de2efc3dd5f,be7b6026-09b6f45cb3f4dcbf,0.3056768558951965,0.3153153153153153
f59d9b6e-c1de27bc848129d8,5be7547e-a979d9c3ad92fc00,0.3054187192118227,0.3263157894736842
e7a997b5-36e13ad4fcd78966,ea09d197-8e021149835971f2,0.3051948051948052,0.4392523364485981
9d33ca79-37b37de2efc3dd5f,d1391025-de507cd89cd5a32c,0.3050847457627119,0.32432432432432434
b226c49a-4614ebd95c760df1,ee65f7f5-1e35238cc525d211,0.3050847457627119,0.3076923076923077
a18cb2c1-accb5a09ff71e324,9c55bc1b-63f7691a1f090041,0.3047619047619048,0.3595505617977528
d6bbd286-f2f535fcfb52ba2d,9f354c5c-b373662e7955b701,0.3047619047619048,0.32653061224489793
b7de5c19-2ed8ee5dd920df33,3cb8c2b7-3b343b9c1230c9a9,0.3045267489711934,0.3217391304347826
d5dc6626-b5717fe2f41934aa,9f354c5c-b373662e7955b701,0.30414746543778803,0.3142857142857143
eacc407e-e9009b7370718e2a,c9da41af-61c7ab50f69bb737,0.30414746543778803,0.375
3cb8c2b7-3b343b9c1230c9a9,ea09d197-8e021149835971f2,0.303951367781155,0.390625
5be7547e-a979d9c3ad92fc00,c9da41af-61c7ab50f69bb737,0.3037974683544304,0.3333333333333333
4138b081-df128b5917b86c3a,1dab88fb-51f2162ff7b89da6,0.3036649214659686,0.31868131868131866
d5dc6626-b5717fe2f41934aa,c022c315-43c02b60e0b693ec,0.3033175355450237,0.3047619047619048
5f3a2a70-7e7132af5f165fed,e9986d44-e8f3129633721b12,0.30303030303030304,0.3508771929824561
9f354c5c-b373662e7955b701,4851a411-1aad55694aed96ce,0.30303030303030304,0.3125
a18cb2c1-accb5a09ff71e324,c9da41af-61c7ab50f69bb737,0.30275229357798167,0.3707865168539326
9c55bc1b-63f7691a1f090041,e9986d44-e8f3129633721b12,0.3025830258302583,0.33884297520661155
e9144440-22d84bb8077fea98,2722ef48-8ac883dda8932dca,0.3024390243902439,0.32978723404255317
bac616ee-c3b4ccc04d2e37c9,c9da41af-61c7ab50f69bb737,0.3020408163265306,0.31896551724137934
dd994c01-f2c1d30ddd7763b7,68cdd55d-659b6c9eb253196a,0.3018867924528302,0.34782608695652173
9d33ca79-37b37de2efc3dd5f,9c55bc1b-63f7691a1f090041,0.3017241379310345,0.3153153153153153
e9144440-22d84bb8077fea98,d5dc6626-b5717fe2f41934aa,0.3015075376884422,0.3191489361702128
4138b081-df128b5917b86c3a,07a0e4dc-ba4be0dbb99e7b39,0.3015075376884422,0.32967032967032966
7d9b95c0-cc4719dcf220c9bd,fabb36ff-01a4820dc08dd0e2,0.3013698630136986,0.3173076923076923
9f354c5c-b373662e7955b701,68cdd55d-659b6c9eb253196a,0.3013698630136986,0.39285714285714285
875ed4c8-f9463c2dd1e07513,e9986d44-e8f3129633721b12,0.30115830115830117,0.3577981651376147
4138b081-df128b5917b86c3a,2db37cb1-4675ecce014d7e7e,0.3010752688172043,0.3076923076923077
f59d9b6e-c1de27bc848129d8,2722ef48-8ac883dda8932dca,0.30097087378640774,0.3263157894736842
eacc407e-e9009b7370718e2a,dd994c01-f2c1d30ddd7763b7,0.3008849557522124,0.38636363636363635
608ee4fb-c754af5041f8feb8,e9986d44-e8f3129633721b12,0.3006993006993007,0.3161764705882353
a18cb2c1-accb5a09ff71e324,7d9b95c0-cc4719dcf220c9bd,0.3005181347150259,0.3258426966292135
c022c315-43c02b60e0b693ec,e7a997b5-36e13ad4fcd78966,0.3004694835680751,0.3018867924528302
90f01508-bde4de16d9f628d8,3ef54b1a-bbe16b6aa665cf7a,0.3004694835680751,0.3018867924528302
a6532df9-dec90ada04fb7078,e00b1794-b8b52eb5aca70bd6,0.30042918454935624,0.30701754385964913
5be7547e-a979d9c3ad92fc00,5766f176-9f15e33836acbd90,0.30042918454935624,0.32407407407407407
9d33ca79-37b37de2efc3dd5f,5d175166-d7eb91b0ba348513,0.30042918454935624,0.3153153153153153
4851a411-1aad55694aed96ce,76791c9f-29501ea96834bd73,0.30036630036630035,0.3445378151260504
a18cb2c1-accb5a09ff71e324,2722ef48-8ac883dda8932dca,0.3,0.33707865168539325
2722ef48-8ac883dda8932dca,c9da41af-61c7ab50f69bb737,0.3,0.32432432432432434
cb032314-fb484bfcea6887a1,d0e27497-17560ea28b7eb692,0.29955947136563876,0.3177570093457944
1dab88fb-51f2162ff7b89da6,cb032314-fb484bfcea6887a1,0.2995169082125604,0.31
d5dc6626-b5717fe2f41934aa,f729338f-26a6bad836e34e30,0.29906542056074764,0.3047619047619048
d5dc6626-b5717fe2f41934aa,875ed4c8-f9463c2dd1e07513,0.29906542056074764,0.3047619047619048
90f01508-bde4de16d9f628d8,07a0e4dc-ba4be0dbb99e7b39,0.29906542056074764,0.3018867924528302
9f354c5c-b373662e7955b701,c9da41af-61c7ab50f69bb737,0.2987551867219917,0.32142857142857145
90f01508-bde4de16d9f628d8,fabb36ff-01a4820dc08dd0e2,0.2986425339366516,0.3113207547169811
a6532df9-dec90ada04fb7078,07038b12-376304921645bf39,0.29838709677419356,0.32456140350877194
e7a997b5-36e13ad4fcd78966,5647d16e-1e89cf0c42fbaffc,0.29818181818181816,0.38317757009345793
76791c9f-29501ea96834bd73,5647d16e-1e89cf0c42fbaffc,0.2981366459627329,0.3116883116883117
4be01508-4f29ad0cda264cb0,e7a997b5-36e13ad4fcd78966,0.2980769230769231,0.3069306930693069
127af3a7-094496bd76edbde1,5766f176-9f15e33836acbd90,0.29767441860465116,0.35555555555555557
eacc407e-e9009b7370718e2a,e7a997b5-36e13ad4fcd78966,0.29743589743589743,0.32954545454545453
4851a411-1aad55694aed96ce,e9986d44-e8f3129633721b12,0.29739776951672864,0.33613445378151263
4be01508-4f29ad0cda264cb0,5647d16e-1e89cf0c42fbaffc,0.29739776951672864,0.39603960396039606
5be7547e-a979d9c3ad92fc00,5f3a2a70-7e7132af5f165fed,0.2972972972972973,0.3055555555555556
eacc407e-e9009b7370718e2a,07038b12-376304921645bf39,0.2972972972972973,0.375
fabb36ff-01a4820dc08dd0e2,07038b12-376304921645bf39,0.2971887550200803,0.3217391304347826
7b5f64b7-a45aba81ff1cc20a,dd994c01-f2c1d30ddd7763b7,0.2971014492753623,0.2971014492753623
f59d9b6e-c1de27bc848129d8,e7a997b5-36e13ad4fcd78966,0.297029702970297,0.3157894736842105
b7de5c19-2ed8ee5dd920df33,9c55bc1b-63f7691a1f090041,0.2966101694915254,0.30434782608695654
4138b081-df128b5917b86c3a,5766f176-9f15e33836acbd90,0.2962962962962963,0.3516483516483517
2560850b-80df02a36bf4aa7d,4dc0247e-13eba9611270ccef,0.296,0.29838709677419356
9f354c5c-b373662e7955b701,a7063d01-b250ce5b61370c18,0.296,0.33035714285714285
cb032314-fb484bfcea6887a1,bac616ee-c3b4ccc04d2e37c9,0.29596412556053814,0.308411214953271
9d33ca79-37b37de2efc3dd5f,9f354c5c-b373662e7955b701,0.29596412556053814,0.2972972972972973
c022c315-43c02b60e0b693ec,c18048bf-3dd1ac464611ce1b,0.2956521739130435,0.32075471698113206
c18048bf-3dd1ac464611ce1b,76791c9f-29501ea96834bd73,0.2949640287769784,0.33064516129032256
4138b081-df128b5917b86c3a,4dc0247e-13eba9611270ccef,0.29493087557603687,0.3516483516483517
71e0f2e5-6461f7753909c3fa,c18048bf-3dd1ac464611ce1b,0.29464285714285715,0.33
d5dc6626-b5717fe2f41934aa,4851a411-1aad55694aed96ce,0.29464285714285715,0.3142857142857143
f729338f-26a6bad836e34e30,b7de5c19-2ed8ee5dd920df33,0.29464285714285715,0.30275229357798167
127af3a7-094496bd76edbde1,e7a997b5-36e13ad4fcd78966,0.29441624365482233,0.32222222222222224
c022c315-43c02b60e0b693ec,d1391025-de507cd89cd5a32c,0.2943722943722944,0.32075471698113206
a6532df9-dec90ada04fb7078,a6229ee9-ca84c4eb8dc05b96,0.2943722943722944,0.2982456140350877
a6532df9-dec90ada04fb7078,2560850b-80df02a36bf4aa7d,0.29411764705882354,0.30701754385964913
07038b12-376304921645bf39,7b5f64b7-a45aba81ff1cc20a,0.29411764705882354,0.29850746268656714
e9144440-22d84bb8077fea98,c18048bf-3dd1ac464611ce1b,0.29357798165137616,0.3404255319148936
4dc0247e-13eba9611270ccef,ea09d197-8e021149835971f2,0.29357798165137616,0.38095238095238093
2722ef48-8ac883dda8932dca,a6532df9-dec90ada04fb7078,0.29333333333333333,0.2972972972972973
4be01508-4f29ad0cda264cb0,2560850b-80df02a36bf4aa7d,0.29333333333333333,0.32673267326732675
4138b081-df128b5917b86c3a,71e0f2e5-6461f7753909c3fa,0.2931937172774869,0.3076923076923077
2722ef48-8ac883dda8932dca,3cb8c2b7-3b343b9c1230c9a9,0.2928870292887029,0.3153153153153153
a6229ee9-ca84c4eb8dc05b96,5d175166-d7eb91b0ba348513,0.2928870292887029,0.29914529914529914
1dab88fb-51f2162ff7b89da6,d5dc6626-b5717fe2f41934aa,0.2926829268292683,0.3
5be7547e-a979d9c3ad92fc00,7b5f64b7-a45aba81ff1cc20a,0.2926829268292683,0.3333333333333333
ec8566b8-7dc900e0b721f219,b5da712b-18b5e06be39b8bf3,0.2925170068027211,0.3644067796610169
127af3a7-094496bd76edbde1,c9da41af-61c7ab50f69bb737,0.2922374429223744,0.35555555555555557
cb032314-fb484bfcea6887a1,9f354c5c-b373662e7955b701,0.2922374429223744,0.29906542056074764
45e38fad-bcda76c8886dac1a,d1391025-de507cd89cd5a32c,0.2920353982300885,0.32673267326732675
f729338f-26a6bad836e34e30,a6229ee9-ca84c4eb8dc05b96,0.2920353982300885,0.30275229357798167
c18048bf-3dd1ac464611ce1b,e9986d44-e8f3129633721b12,0.291970802919708,0.3225806451612903
2db37cb1-4675ecce014d7e7e,7b5f64b7-a45aba81ff1cc20a,0.2918454935622318,0.35789473684210527
9f354c5c-b373662e7955b701,9c55bc1b-63f7691a1f090041,0.2918454935622318,0.30357142857142855
fabb36ff-01a4820dc08dd0e2,d1391025-de507cd89cd5a32c,0.2916666666666667,0.30434782608695654
a6532df9-dec90ada04fb7078,4dc0247e-13eba9611270ccef,0.2916666666666667,0.30701754385964913
45e38fad-bcda76c8886dac1a,9f354c5c-b373662e7955b701,0.29107981220657275,0.3069306930693069
7d9b95c0-cc4719dcf220c9bd,875ed4c8-f9463c2dd1e07513,0.29107981220657275,0.2980769230769231
5be7547e-a979d9c3ad92fc00,9f354c5c-b373662e7955b701,0.2909090909090909,0.2962962962962963
fabb36ff-01a4820dc08dd0e2,e00b1794-b8b52eb5aca70bd6,0.2905982905982906,0.2956521739130435
5be7547e-a979d9c3ad92fc00,4dc0247e-13eba9611270ccef,0.2905982905982906,0.3148148148148148
9f354c5c-b373662e7955b701,5d175166-d7eb91b0ba348513,0.2905982905982906,0.30357142857142855
e00b1794-b8b52eb5aca70bd6,e9986d44-e8f3129633721b12,0.2899628252788104,0.3277310924369748
f59d9b6e-c1de27bc848129d8,9f354c5c-b373662e7955b701,0.2898550724637681,0.3157894736842105
2db37cb1-4675ecce014d7e7e,4851a411-1aad55694aed96ce,0.2897196261682243,0.3263157894736842
2722ef48-8ac883dda8932dca,b226c49a-4614ebd95c760df1,0.2894736842105263,0.2972972972972973
b226c49a-4614ebd95c760df1,d1391025-de507cd89cd5a32c,0.2892561983471074,0.29914529914529914
be7b6026-09b6f45cb3f4dcbf,c18048bf-3dd1ac464611ce1b,0.2892561983471074,0.2966101694915254
5be7547e-a979d9c3ad92fc00,07038b12-376304921645bf39,0.2892561983471074,0.32407407407407407
99ccaa44-52b4219b81f86382,7b5f64b7-a45aba81ff1cc20a,0.2890625,0.3135593220338983
875ed4c8-f9463c2dd1e07513,76791c9f-29501ea96834bd73,0.2889733840304182,0.3486238532110092
71e0f2e5-6461f7753909c3fa,5be7547e-a979d9c3ad92fc00,0.28846153846153844,0.3
2db37cb1-4675ecce014d7e7e,d0e27497-17560ea28b7eb692,0.28837209302325584,0.3263157894736842
45e38fad-bcda76c8886dac1a,9c55bc1b-63f7691a1f090041,0.2882882882882883,0.31683168316831684
d6bbd286-f2f535fcfb52ba2d,2560850b-80df02a36bf4aa7d,0.2882882882882883,0.32653061224489793
2722ef48-8ac883dda8932dca,d1391025-de507cd89cd5a32c,0.288135593220339,0.3063063063063063
5be7547e-a979d9c3ad92fc00,3cb8c2b7-3b343b9c1230c9a9,0.288135593220339,0.3148148148148148
d6bbd286-f2f535fcfb52ba2d,7b5f64b7-a45aba81ff1cc20a,0.288135593220339,0.3469387755102041
1dab88fb-51f2162ff7b89da6,e9986d44-e8f3129633721b12,0.288,0.36
9f354c5c-b373662e7955b701,7b5f64b7-a45aba81ff1cc20a,0.288,0.32142857142857145
ac4d0fc5-afb1f60dca8213a5,608ee4fb-c754af5041f8feb8,0.28793774319066145,0.30578512396694213
3cb8c2b7-3b343b9c1230c9a9,e9986d44-e8f3129633721b12,0.28776978417266186,0.3125
7b5f64b7-a45aba81ff1cc20a,5647d16e-1e89cf0c42fbaffc,0.2875816993464052,0.3188405797101449
2db37cb1-4675ecce014d7e7e,cb032314-fb484bfcea6887a1,0.2871287128712871,0.30526315789473685
2db37cb1-4675ecce014d7e7e,a6532df9-dec90ada04fb7078,0.28708133971291866,0.3157894736842105
a18cb2c1-accb5a09ff71e324,d0e27497-17560ea28b7eb692,0.28708133971291866,0.33707865168539325
f59d9b6e-c1de27bc848129d8,3cb8c2b7-3b343b9c1230c9a9,0.28699551569506726,0.3368421052631579
7d9b95c0-cc4719dcf220c9bd,4dc0247e-13eba9611270ccef,0.28695652173913044,0.3173076923076923
07a0e4dc-ba4be0dbb99e7b39,e9986d44-e8f3129633721b12,0.2868217054263566,0.3425925925925926
f59d9b6e-c1de27bc848129d8,45e38fad-bcda76c8886dac1a,0.2857142857142857,0.29473684210526313
d1391025-de507cd89cd5a32c,07038b12-376304921645bf39,0.2857142857142857,0.296
875ed4c8-f9463c2dd1e07513,fabb36ff-01a4820dc08dd0e2,0.2857142857142857,0.29357798165137616
ac4d0fc5-afb1f60dca8213a5,c18048bf-3dd1ac464611ce1b,0.2857142857142857,0.2892561983471074
ac4d0fc5-afb1f60dca8213a5,7b5f64b7-a45aba81ff1cc20a,0.2857142857142857,0.30578512396694213
2db37cb1-4675ecce014d7e7e,5be7547e-a979d9c3ad92fc00,0.2857142857142857,0.30526315789473685
2db37cb1-4675ecce014d7e7e,c9da41af-61c7ab50f69bb737,0.2857142857142857,0.3368421052631579
9c55bc1b-63f7691a1f090041,68cdd55d-659b6c9eb253196a,0.2857142857142857,0.35537190082644626
ec8566b8-7dc900e0b721f219,d0e27497-17560ea28b7eb692,0.2857142857142857,0.288135593220339
3ef54b1a-bbe16b6aa665cf7a,7b5f64b7-a45aba81ff1cc20a,0.2857142857142857,0.32710280373831774
f59d9b6e-c1de27bc848129d8,5d175166-d7eb91b0ba348513,0.2857142857142857,0.3263157894736842
45e38fad-bcda76c8886dac1a,ea09d197-8e021149835971f2,0.2847682119205298,0.42574257425742573
07038b12-376304921645bf39,76791c9f-29501ea96834bd73,0.2847222222222222,0.30597014925373134
c18048bf-3dd1ac464611ce1b,c9da41af-61c7ab50f69bb737,0.2845849802371542,0.2903225806451613
99ccaa44-52b4219b81f86382,3cb8c2b7-3b343b9c1230c9a9,0.2845528455284553,0.2966101694915254
ec8566b8-7dc900e0b721f219,ac4d0fc5-afb1f60dca8213a5,0.28451882845188287,0.288135593220339
cb032314-fb484bfcea6887a1,d1391025-de507cd89cd5a32c,0.28448275862068967,0.308411214953271
b7de5c19-2ed8ee5dd920df33,b226c49a-4614ebd95c760df1,0.28448275862068967,0.28695652173913044
c022c315-43c02b60e0b693ec,ee65f7f5-1e35238cc525d211,0.28444444444444444,0.3018867924528302
e7a997b5-36e13ad4fcd78966,be7b6026-09b6f45cb3f4dcbf,0.28444444444444444,0.29906542056074764
624b8db5-76074833ecd8964e,4851a411-1aad55694aed96ce,0.28444444444444444,0.3018867924528302
1dab88fb-51f2162ff7b89da6,2722ef48-8ac883dda8932dca,0.2843601895734597,0.3
90f01508-bde4de16d9f628d8,b5da712b-18b5e06be39b8bf3,0.28368794326241137,0.37735849056603776
5766f176-9f15e33836acbd90,e9986d44-e8f3129633721b12,0.28363636363636363,0.312
1dab88fb-51f2162ff7b89da6,5647d16e-1e89cf0c42fbaffc,0.2835820895522388,0.38
e00b1794-b8b52eb5aca70bd6,3cb8c2b7-3b343b9c1230c9a9,0.2834008097165992,0.29411764705882354
fabb36ff-01a4820dc08dd0e2,be7b6026-09b6f45cb3f4dcbf,0.2832618025751073,0.28695652173913044
9f354c5c-b373662e7955b701,5f3a2a70-7e7132af5f165fed,0.2831858407079646,0.2857142857142857
cb032314-fb484bfcea6887a1,4851a411-1aad55694aed96ce,0.2831858407079646,0.29906542056074764
7b5f64b7-a45aba81ff1cc20a,ea09d197-8e021149835971f2,0.2831858407079646,0.34782608695652173
07a0e4dc-ba4be0dbb99e7b39,2722ef48-8ac883dda8932dca,0.2831050228310502,0.28703703703703703
07a0e4dc-ba4be0dbb99e7b39,9d33ca79-37b37de2efc3dd5f,0.2831050228310502,0.28703703703703703
d6bbd286-f2f535fcfb52ba2d,5f3a2a70-7e7132af5f165fed,0.2830188679245283,0.30612244897959184
e9986d44-e8f3129633721b12,5647d16e-1e89cf0c42fbaffc,0.2830188679245283,0.3
fabb36ff-01a4820dc08dd0e2,76791c9f-29501ea96834bd73,0.2825278810408922,0.33043478260869563
e00b1794-b8b52eb5aca70bd6,c9da41af-61c7ab50f69bb737,0.28225806451612906,0.29411764705882354
d6bbd286-f2f535fcfb52ba2d,e9986d44-e8f3129633721b12,0.28225806451612906,0.35714285714285715
4851a411-1aad55694aed96ce,5d175166-d7eb91b0ba348513,0.2821576763485477,0.2857142857142857
875ed4c8-f9463c2dd1e07513,2722ef48-8ac883dda8932dca,0.2818181818181818,0.28440366972477066
fabb36ff-01a4820dc08dd0e2,b5da712b-18b5e06be39b8bf3,0.281786941580756,0.3565217391304348
2db37cb1-4675ecce014d7e7e,be7b6026-09b6f45cb3f4dcbf,0.28169014084507044,0.3157894736842105
a18cb2c1-accb5a09ff71e324,2560850b-80df02a36bf4aa7d,0.28169014084507044,0.33707865168539325
127af3a7-094496bd76edbde1,f729338f-26a6bad836e34e30,0.2814070351758794,0.3111111111111111
d1391025-de507cd89cd5a32c,7b5f64b7-a45aba81ff1cc20a,0.2813688212927757,0.296
5766f176-9f15e33836acbd90,a7063d01-b250ce5b61370c18,0.2813688212927757,0.296
dd994c01-f2c1d30ddd7763b7,5647d16e-1e89cf0c42fbaffc,0.28104575163398693,0.3115942028985507
a6229ee9-ca84c4eb8dc05b96,d1391025-de507cd89cd5a32c,0.2809917355371901,0.2905982905982906
5f3a2a70-7e7132af5f165fed,ac4d0fc5-afb1f60dca8213a5,0.28085106382978725,0.2894736842105263
7d9b95c0-cc4719dcf220c9bd,2560850b-80df02a36bf4aa7d,0.2807017543859649,0.3076923076923077
eacc407e-e9009b7370718e2a,4851a411-1aad55694aed96ce,0.28019323671497587,0.32954545454545453
5f3a2a70-7e7132af5f165fed,c9da41af-61c7ab50f69bb737,0.27983539094650206,0.2982456140350877
d5dc6626-b5717fe2f41934aa,a7063d01-b250ce5b61370c18,0.27983539094650206,0.3238095238095238
875ed4c8-f9463c2dd1e07513,07038b12-376304921645bf39,0.27983539094650206,0.3119266055045872
f59d9b6e-c1de27bc848129d8,d6bbd286-f2f535fcfb52ba2d,0.27979274611398963,0.28421052631578947
a6229ee9-ca84c4eb8dc05b96,ee65f7f5-1e35238cc525d211,0.2796610169491525,0.28205128205128205
5f3a2a70-7e7132af5f165fed,fabb36ff-01a4820dc08dd0e2,0.2794759825327511,0.2807017543859649
7d9b95c0-cc4719dcf220c9bd,d1391025-de507cd89cd5a32c,0.2794759825327511,0.3076923076923077
5d175166-d7eb91b0ba348513,e9986d44-e8f3129633721b12,0.27941176470588236,0.3114754098360656
07a0e4dc-ba4be0dbb99e7b39,5f3a2a70-7e7132af5f165fed,0.27927927927927926,0.28703703703703703
2722ef48-8ac883dda8932dca,76791c9f-29501ea96834bd73,0.2792452830188679,0.3333333333333333
fabb36ff-01a4820dc08dd0e2,5d175166-d7eb91b0ba348513,0.27848101265822783,0.28695652173913044
b226c49a-4614ebd95c760df1,d0e27497-17560ea28b7eb692,0.27848101265822783,0.28205128205128205
e9144440-22d84bb8077fea98,71e0f2e5-6461f7753909c3fa,0.27835051546391754,0.2872340425531915
127af3a7-094496bd76edbde1,7d9b95c0-cc4719dcf220c9bd,0.27835051546391754,0.3
2722ef48-8ac883dda8932dca,e00b1794-b8b52eb5aca70bd6,0.2782608695652174,0.2882882882882883
9f354c5c-b373662e7955b701,be7b6026-09b6f45cb3f4dcbf,0.2782608695652174,0.2857142857142857
7d9b95c0-cc4719dcf220c9bd,e00b1794-b8b52eb5aca70bd6,0.27802690582959644,0.2980769230769231
5be7547e-a979d9c3ad92fc00,fabb36ff-01a4820dc08dd0e2,0.27802690582959644,0.28703703703703703
07a0e4dc-ba4be0dbb99e7b39,5be7547e-a979d9c3ad92fc00,0.2777777777777778,0.2777777777777778
cb032314-fb484bfcea6887a1,875ed4c8-f9463c2dd1e07513,0.2777777777777778,0.2803738317757009
e7a997b5-36e13ad4fcd78966,875ed4c8-f9463c2dd1e07513,0.2777777777777778,0.2803738317757009
a6229ee9-ca84c4eb8dc05b96,3cb8c2b7-3b343b9c1230c9a9,0.27755102040816326,0.2905982905982906
4138b081-df128b5917b86c3a,be7b6026-09b6f45cb3f4dcbf,0.27751196172248804,0.31868131868131866
a6229ee9-ca84c4eb8dc05b96,e9986d44-e8f3129633721b12,0.27715355805243447,0.3162393162393162
3cb8c2b7-3b343b9c1230c9a9,5647d16e-1e89cf0c42fbaffc,0.27702702702702703,0.3203125
9c55bc1b-63f7691a1f090041,5647d16e-1e89cf0c42fbaffc,0.2768166089965398,0.3305785123966942
3ef54b1a-bbe16b6aa665cf7a,a6229ee9-ca84c4eb8dc05b96,0.2767857142857143,0.2897196261682243
b226c49a-4614ebd95c760df1,ea09d197-8e021149835971f2,0.27672955974842767,0.37606837606837606
ac4d0fc5-afb1f60dca8213a5,5766f176-9f15e33836acbd90,0.2764227642276423,0.2809917355371901
9c55bc1b-63f7691a1f090041,76791c9f-29501ea96834bd73,0.27636363636363637,0.3140495867768595
2db37cb1-4675ecce014d7e7e,fabb36ff-01a4820dc08dd0e2,0.2761904761904762,0.30526315789473685
7d9b95c0-cc4719dcf220c9bd,90f01508-bde4de16d9f628d8,0.2761904761904762,0.27884615384615385
76791c9f-29501ea96834bd73,ea09d197-8e021149835971f2,0.27605633802816903,0.3181818181818182
5d175166-d7eb91b0ba348513,5647d16e-1e89cf0c42fbaffc,0.27586206896551724,0.32786885245901637
e7a997b5-36e13ad4fcd78966,76791c9f-29501ea96834bd73,0.27586206896551724,0.3364485981308411
d1391025-de507cd89cd5a32c,c9da41af-61c7ab50f69bb737,0.2755905511811024,0.28
e7a997b5-36e13ad4fcd78966,99ccaa44-52b4219b81f86382,0.27555555555555555,0.2897196261682243
a18cb2c1-accb5a09ff71e324,cb032314-fb484bfcea6887a1,0.2755102040816326,0.30337078651685395
eacc407e-e9009b7370718e2a,5be7547e-a979d9c3ad92fc00,0.2755102040816326,0.3068181818181818
eacc407e-e9009b7370718e2a,4be01508-4f29ad0cda264cb0,0.2751322751322751,0.29545454545454547
7d9b95c0-cc4719dcf220c9bd,3ef54b1a-bbe16b6aa665cf7a,0.27488151658767773,0.27884615384615385
7d9b95c0-cc4719dcf220c9bd,e7a997b5-36e13ad4fcd78966,0.27488151658767773,0.27884615384615385
b7de5c19-2ed8ee5dd920df33,99ccaa44-52b4219b81f86382,0.27467811158798283,0.2782608695652174
b7de5c19-2ed8ee5dd920df33,ec8566b8-7dc900e0b721f219,0.27467811158798283,0.2782608695652174
cb032314-fb484bfcea6887a1,4dc0247e-13eba9611270ccef,0.27467811158798283,0.29906542056074764
07a0e4dc-ba4be0dbb99e7b39,5766f176-9f15e33836acbd90,0.27467811158798283,0.2962962962962963
f59d9b6e-c1de27bc848129d8,7b5f64b7-a45aba81ff1cc20a,0.27467811158798283,0.3368421052631579
2722ef48-8ac883dda8932dca,5d175166-d7eb91b0ba348513,0.27467811158798283,0.2882882882882883
d5dc6626-b5717fe2f41934aa,ea09d197-8e021149835971f2,0.27450980392156865,0.4
9d33ca79-37b37de2efc3dd5f,b7de5c19-2ed8ee5dd920df33,0.2743362831858407,0.27927927927927926
3ef54b1a-bbe16b6aa665cf7a,ee65f7f5-1e35238cc525d211,0.2743362831858407,0.2897196261682243
71e0f2e5-6461f7753909c3fa,4851a411-1aad55694aed96ce,0.273972602739726,0.3
1dab88fb-51f2162ff7b89da6,4851a411-1aad55694aed96ce,0.273972602739726,0.3
a7063d01-b250ce5b61370c18,76791c9f-29501ea96834bd73,0.273972602739726,0.2898550724637681
bac616ee-c3b4ccc04d2e37c9,5766f176-9f15e33836acbd90,0.27385892116182575,0.28448275862068967
7d9b95c0-cc4719dcf220c9bd,5be7547e-a979d9c3ad92fc00,0.27358490566037735,0.27884615384615385
fabb36ff-01a4820dc08dd0e2,ee65f7f5-1e35238cc525d211,0.27350427350427353,0.2782608695652174
a18cb2c1-accb5a09ff71e324,e9144440-22d84bb8077fea98,0.273224043715847,0.2808988764044944
9f354c5c-b373662e7955b701,b7de5c19-2ed8ee5dd920df33,0.27312775330396477,0.2767857142857143
2db37cb1-4675ecce014d7e7e,b5da712b-18b5e06be39b8bf3,0.2730627306273063,0.3894736842105263
4be01508-4f29ad0cda264cb0,ee65f7f5-1e35238cc525d211,0.2727272727272727,0.297029702970297
07a0e4dc-ba4be0dbb99e7b39,9f354c5c-b373662e7955b701,0.2727272727272727,0.2777777777777778
f729338f-26a6bad836e34e30,4dc0247e-13eba9611270ccef,0.2723404255319149,0.29357798165137616
e7a997b5-36e13ad4fcd78966,ac4d0fc5-afb1f60dca8213a5,0.2719298245614035,0.2897196261682243
3ef54b1a-bbe16b6aa665cf7a,9c55bc1b-63f7691a1f090041,0.2719298245614035,0.2897196261682243
9d33ca79-37b37de2efc3dd5f,b226c49a-4614ebd95c760df1,0.2719298245614035,0.27927927927927926
a18cb2c1-accb5a09ff71e324,a6229ee9-ca84c4eb8dc05b96,0.27184466019417475,0.3146067415730337
2db37cb1-4675ecce014d7e7e,9d33ca79-37b37de2efc3dd5f,0.27184466019417475,0.29473684210526313
f59d9b6e-c1de27bc848129d8,9d33ca79-37b37de2efc3dd5f,0.27184466019417475,0.29473684210526313
e00b1794-b8b52eb5aca70bd6,5647d16e-1e89cf0c42fbaffc,0.27177700348432055,0.3277310924369748
4851a411-1aad55694aed96ce,5647d16e-1e89cf0c42fbaffc,0.27177700348432055,0.3277310924369748
b7de5c19-2ed8ee5dd920df33,e9986d44-e8f3129633721b12,0.27169811320754716,0.3130434782608696
4be01508-4f29ad0cda264cb0,ea09d197-8e021149835971f2,0.271523178807947,0.40594059405940597
c022c315-43c02b60e0b693ec,b7de5c19-2ed8ee5dd920df33,0.27149321266968324,0.2830188679245283
99ccaa44-52b4219b81f86382,ec8566b8-7dc900e0b721f219,0.2711864406779661,0.2711864406779661
ee65f7f5-1e35238cc525d211,76791c9f-29501ea96834bd73,0.27106227106227104,0.31092436974789917
1dab88fb-51f2162ff7b89da6,a6532df9-dec90ada04fb7078,0.27102803738317754,0.29
45e38fad-bcda76c8886dac1a,e9986d44-e8f3129633721b12,0.27091633466135456,0.33663366336633666
b226c49a-4614ebd95c760df1,07038b12-376304921645bf39,0.27091633466135456,0.2905982905982906
e9144440-22d84bb8077fea98,d6bbd286-f2f535fcfb52ba2d,0.2708333333333333,0.2765957446808511
a6532df9-dec90ada04fb7078,b7de5c19-2ed8ee5dd920df33,0.27074235807860264,0.2719298245614035
07a0e4dc-ba4be0dbb99e7b39,ac4d0fc5-afb1f60dca8213a5,0.27074235807860264,0.28703703703703703
f59d9b6e-c1de27bc848129d8,07038b12-376304921645bf39,0.27074235807860264,0.3263157894736842
5be7547e-a979d9c3ad92fc00,a6532df9-dec90ada04fb7078,0.2702702702702703,0.2777777777777778
d5dc6626-b5717fe2f41934aa,76791c9f-29501ea96834bd73,0.2702702702702703,0.3333333333333333
bac616ee-c3b4ccc04d2e37c9,608ee4fb-c754af5041f8feb8,0.2698412698412698,0.29310344827586204
4be01508-4f29ad0cda264cb0,a6532df9-dec90ada04fb7078,0.26976744186046514,0.2871287128712871
c9da41af-61c7ab50f69bb737,7b5f64b7-a45aba81ff1cc20a,0.2696629213483146,0.27906976744186046
99ccaa44-52b4219b81f86382,ea09d197-8e021149835971f2,0.26959247648902823,0.3644067796610169
90f01508-bde4de16d9f628d8,2560850b-80df02a36bf4aa7d,0.26956521739130435,0.29245283018867924
a6532df9-dec90ada04fb7078,5647d16e-1e89cf0c42fbaffc,0.2695035460992908,0.3333333333333333
9d33ca79-37b37de2efc3dd5f,ea09d197-8e021149835971f2,0.2692307692307692,0.3783783783783784
e9144440-22d84bb8077fea98,c9da41af-61c7ab50f69bb737,0.26905829596412556,0.3191489361702128
e00b1794-b8b52eb5aca70bd6,07038b12-376304921645bf39,0.26877470355731226,0.2857142857142857
e00b1794-b8b52eb5aca70bd6,ea09d197-8e021149835971f2,0.26875,0.36134453781512604
f59d9b6e-c1de27bc848129d8,608ee4fb-c754af5041f8feb8,0.2683982683982684,0.3263157894736842
07a0e4dc-ba4be0dbb99e7b39,a7063d01-b250ce5b61370c18,0.2682926829268293,0.3055555555555556
eacc407e-e9009b7370718e2a,624b8db5-76074833ecd8964e,0.26804123711340205,0.29545454545454547
f59d9b6e-c1de27bc848129d8,5f3a2a70-7e7132af5f165fed,0.2679425837320574,0.29473684210526313
f729338f-26a6bad836e34e30,fabb36ff-01a4820dc08dd0e2,0.26785714285714285,0.27522935779816515
1dab88fb-51f2162ff7b89da6,2560850b-80df02a36bf4aa7d,0.26785714285714285,0.3
90f01508-bde4de16d9f628d8,ec8566b8-7dc900e0b721f219,0.26785714285714285,0.2830188679245283
d6bbd286-f2f535fcfb52ba2d,4dc0247e-13eba9611270ccef,0.26785714285714285,0.30612244897959184
2560850b-80df02a36bf4aa7d,e201bc2e-99875a930dddcf4c,0.2677165354330709,0.27419354838709675
eacc407e-e9009b7370718e2a,a6532df9-dec90ada04fb7078,0.26732673267326734,0.3068181818181818
d6bbd286-f2f535fcfb52ba2d,4851a411-1aad55694aed96ce,0.2672811059907834,0.29591836734693877
624b8db5-76074833ecd8964e,2722ef48-8ac883dda8932dca,0.2672811059907834,0.27358490566037735
9d33ca79-37b37de2efc3dd5f,608ee4fb-c754af5041f8feb8,0.26720647773279355,0.2972972972972973
4851a411-1aad55694aed96ce,9c55bc1b-63f7691a1f090041,0.26666666666666666,0.2689075630252101
2db37cb1-4675ecce014d7e7e,b7de5c19-2ed8ee5dd920df33,0.26666666666666666,0.29473684210526313
ec8566b8-7dc900e0b721f219,5d175166-d7eb91b0ba348513,0.26666666666666666,0.2711864406779661
5be7547e-a979d9c3ad92fc00,a6229ee9-ca84c4eb8dc05b96,0.26666666666666666,0.2777777777777778
eacc407e-e9009b7370718e2a,cb032314-fb484bfcea6887a1,0.26666666666666666,0.29545454545454547
3ef54b1a-bbe16b6aa665cf7a,ea09d197-8e021149835971f2,0.2662337662337662,0.38317757009345793
f59d9b6e-c1de27bc848129d8,5647d16e-1e89cf0c42fbaffc,0.2661596958174905,0.3684210526315789
5766f176-9f15e33836acbd90,dd994c01-f2c1d30ddd7763b7,0.2661596958174905,0.28
be7b6026-09b6f45cb3f4dcbf,e201bc2e-99875a930dddcf4c,0.2661290322580645,0.2796610169491525
2560850b-80df02a36bf4aa7d,c18048bf-3dd1ac464611ce1b,0.2661290322580645,0.2661290322580645
ec8566b8-7dc900e0b721f219,e201bc2e-99875a930dddcf4c,0.2661290322580645,0.2796610169491525
2db37cb1-4675ecce014d7e7e,dd994c01-f2c1d30ddd7763b7,0.26609442060085836,0.3263157894736842
1dab88fb-51f2162ff7b89da6,ec8566b8-7dc900e0b721f219,0.26605504587155965,0.29
cb032314-fb484bfcea6887a1,9d33ca79-37b37de2efc3dd5f,0.26605504587155965,0.27102803738317754
eacc407e-e9009b7370718e2a,1dab88fb-51f2162ff7b89da6,0.26595744680851063,0.2840909090909091
be7b6026-09b6f45cb3f4dcbf,a7063d01-b250ce5b61370c18,0.265625,0.288135593220339
127af3a7-094496bd76edbde1,ac4d0fc5-afb1f60dca8213a5,0.26540284360189575,0.3111111111111111
2722ef48-8ac883dda8932dca,5647d16e-1e89cf0c42fbaffc,0.26523297491039427,0.3333333333333333
127af3a7-094496bd76edbde1,4138b081-df128b5917b86c3a,0.26519337016574585,0.26666666666666666
a6532df9-dec90ada04fb7078,e9986d44-e8f3129633721b12,0.26515151515151514,0.30701754385964913
07038b12-376304921645bf39,5647d16e-1e89cf0c42fbaffc,0.26490066225165565,0.29850746268656714
a18cb2c1-accb5a09ff71e324,e201bc2e-99875a930dddcf4c,0.2648401826484018,0.3258426966292135
2db37cb1-4675ecce014d7e7e,c18048bf-3dd1ac464611ce1b,0.2648401826484018,0.30526315789473685
f59d9b6e-c1de27bc848129d8,c18048bf-3dd1ac464611ce1b,0.2648401826484018,0.30526315789473685
a6532df9-dec90ada04fb7078,3cb8c2b7-3b343b9c1230c9a9,0.2644628099173554,0.2807017543859649
9c55bc1b-63f7691a1f090041,ac4d0fc5-afb1f60dca8213a5,0.2644628099173554,0.2644628099173554
875ed4c8-f9463c2dd1e07513,99ccaa44-52b4219b81f86382,0.2643171806167401,0.27522935779816515
4dc0247e-13eba9611270ccef,76791c9f-29501ea96834bd73,0.2642857142857143,0.29365079365079366
45e38fad-bcda76c8886dac1a,2722ef48-8ac883dda8932dca,0.2641509433962264,0.27722772277227725
d5dc6626-b5717fe2f41934aa,3ef54b1a-bbe16b6aa665cf7a,0.2641509433962264,0.26666666666666666
eacc407e-e9009b7370718e2a,875ed4c8-f9463c2dd1e07513,0.2639593908629442,0.29545454545454547
5f3a2a70-7e7132af5f165fed,9c55bc1b-63f7691a1f090041,0.26382978723404255,0.2719298245614035
9d33ca79-37b37de2efc3dd5f,2560850b-80df02a36bf4aa7d,0.26382978723404255,0.27927927927927926
99ccaa44-52b4219b81f86382,d1391025-de507cd89cd5a32c,0.26337448559670784,0.2711864406779661
d5dc6626-b5717fe2f41934aa,dd994c01-f2c1d30ddd7763b7,0.26337448559670784,0.3047619047619048
e7a997b5-36e13ad4fcd78966,c9da41af-61c7ab50f69bb737,0.2627118644067797,0.2897196261682243
07a0e4dc-ba4be0dbb99e7b39,608ee4fb-c754af5041f8feb8,0.26229508196721313,0.2962962962962963
1dab88fb-51f2162ff7b89da6,c022c315-43c02b60e0b693ec,0.2621359223300971,0.27
eacc407e-e9009b7370718e2a,ec8566b8-7dc900e0b721f219,0.2621359223300971,0.3068181818181818
5be7547e-a979d9c3ad92fc00,ac4d0fc5-afb1f60dca8213a5,0.26200873362445415,0.2777777777777778
a18cb2c1-accb5a09ff71e324,d1391025-de507cd89cd5a32c,0.2616822429906542,0.3146067415730337
d6bbd286-f2f535fcfb52ba2d,bac616ee-c3b4ccc04d2e37c9,0.2616822429906542,0.2857142857142857
5d175166-d7eb91b0ba348513,dd994c01-f2c1d30ddd7763b7,0.26153846153846155,0.2786885245901639
c9da41af-61c7ab50f69bb737,76791c9f-29501ea96834bd73,0.26148409893992935,0.2868217054263566
71e0f2e5-6461f7753909c3fa,5d175166-d7eb91b0ba348513,0.26126126126126126,0.29
3ef54b1a-bbe16b6aa665cf7a,fabb36ff-01a4820dc08dd0e2,0.26126126126126126,0.27102803738317754
ec8566b8-7dc900e0b721f219,e9986d44-e8f3129633721b12,0.26119402985074625,0.2966101694915254
7b5f64b7-a45aba81ff1cc20a,b5da712b-18b5e06be39b8bf3,0.2611464968152866,0.2971014492753623
71e0f2e5-6461f7753909c3fa,e201bc2e-99875a930dddcf4c,0.2608695652173913,0.3
a6532df9-dec90ada04fb7078,bac616ee-c3b4ccc04d2e37c9,0.2608695652173913,0.2631578947368421
fabb36ff-01a4820dc08dd0e2,7b5f64b7-a45aba81ff1cc20a,0.2608695652173913,0.28695652173913044
4138b081-df128b5917b86c3a,bac616ee-c3b4ccc04d2e37c9,0.2608695652173913,0.2967032967032967
5be7547e-a979d9c3ad92fc00,5d175166-d7eb91b0ba348513,0.2608695652173913,0.2777777777777778
07a0e4dc-ba4be0dbb99e7b39,5647d16e-1e89cf0c42fbaffc,0.2608695652173913,0.3333333333333333
90f01508-bde4de16d9f628d8,ea09d197-8e021149835971f2,0.26058631921824105,0.37735849056603776
7d9b95c0-cc4719dcf220c9bd,07038b12-376304921645bf39,0.2605042016806723,0.2980769230769231
127af3a7-094496bd76edbde1,d1391025-de507cd89cd5a32c,0.26046511627906976,0.3111111111111111
4138b081-df128b5917b86c3a,c18048bf-3dd1ac464611ce1b,0.26046511627906976,0.3076923076923077
d6bbd286-f2f535fcfb52ba2d,a6229ee9-ca84c4eb8dc05b96,0.26046511627906976,0.2857142857142857
624b8db5-76074833ecd8964e,f729338f-26a6bad836e34e30,0.26046511627906976,0.2641509433962264
c022c315-43c02b60e0b693ec,b226c49a-4614ebd95c760df1,0.2600896860986547,0.27358490566037735
90f01508-bde4de16d9f628d8,a6229ee9-ca84c4eb8dc05b96,0.2600896860986547,0.27358490566037735
e7a997b5-36e13ad4fcd78966,2560850b-80df02a36bf4aa7d,0.2597402597402597,0.2803738317757009
a18cb2c1-accb5a09ff71e324,ee65f7f5-1e35238cc525d211,0.25961538461538464,0.30337078651685395
d6bbd286-f2f535fcfb52ba2d,99ccaa44-52b4219b81f86382,0.25925925925925924,0.2857142857142857
7d9b95c0-cc4719dcf220c9bd,9f354c5c-b373662e7955b701,0.25925925925925924,0.2692307692307692
2db37cb1-4675ecce014d7e7e,d6bbd286-f2f535fcfb52ba2d,0.25906735751295334,0.2631578947368421
c022c315-43c02b60e0b693ec,be7b6026-09b6f45cb3f4dcbf,0.25892857142857145,0.27358490566037735
c022c315-43c02b60e0b693ec,ec8566b8-7dc900e0b721f219,0.25892857142857145,0.27358490566037735
3ef54b1a-bbe16b6aa665cf7a,b226c49a-4614ebd95c760df1,0.25892857142857145,0.27102803738317754
2db37cb1-4675ecce014d7e7e,90f01508-bde4de16d9f628d8,0.25870646766169153,0.2736842105263158
e9144440-22d84bb8077fea98,e7a997b5-36e13ad4fcd78966,0.25870646766169153,0.2765957446808511
5f3a2a70-7e7132af5f165fed,ec8566b8-7dc900e0b721f219,0.25862068965517243,0.2631578947368421
a6532df9-dec90ada04fb7078,ec8566b8-7dc900e0b721f219,0.25862068965517243,0.2631578947368421
2db37cb1-4675ecce014d7e7e,5f3a2a70-7e7132af5f165fed,0.2583732057416268,0.28421052631578947
bac616ee-c3b4ccc04d2e37c9,2560850b-80df02a36bf4aa7d,0.25833333333333336,0.2672413793103448
be7b6026-09b6f45cb3f4dcbf,dd994c01-f2c1d30ddd7763b7,0.2578125,0.2796610169491525
2722ef48-8ac883dda8932dca,5f3a2a70-7e7132af5f165fed,0.2577777777777778,0.26126126126126126
4138b081-df128b5917b86c3a,07038b12-376304921645bf39,0.2577777777777778,0.31868131868131866
d6bbd286-f2f535fcfb52ba2d,7d9b95c0-cc4719dcf220c9bd,0.25742574257425743,0.2653061224489796
f59d9b6e-c1de27bc848129d8,b7de5c19-2ed8ee5dd920df33,0.2571428571428571,0.28421052631578947
ec8566b8-7dc900e0b721f219,ea09d197-8e021149835971f2,0.25705329153605017,0.3474576271186441
2560850b-80df02a36bf4aa7d,d1391025-de507cd89cd5a32c,0.2570281124497992,0.25806451612903225
ac4d0fc5-afb1f60dca8213a5,3cb8c2b7-3b343b9c1230c9a9,0.2570281124497992,0.2644628099173554
9d33ca79-37b37de2efc3dd5f,dd994c01-f2c1d30ddd7763b7,0.2570281124497992,0.2882882882882883
dd994c01-f2c1d30ddd7763b7,e9986d44-e8f3129633721b12,0.2569444444444444,0.26811594202898553
ee65f7f5-1e35238cc525d211,7b5f64b7-a45aba81ff1cc20a,0.25680933852140075,0.2773109243697479
bac616ee-c3b4ccc04d2e37c9,be7b6026-09b6f45cb3f4dcbf,0.2564102564102564,0.25862068965517243
eacc407e-e9009b7370718e2a,3ef54b1a-bbe16b6aa665cf7a,0.2564102564102564,0.2840909090909091
a18cb2c1-accb5a09ff71e324,a6532df9-dec90ada04fb7078,0.2561576354679803,0.29213483146067415
d6bbd286-f2f535fcfb52ba2d,d5dc6626-b5717fe2f41934aa,0.2561576354679803,0.2653061224489796
ac4d0fc5-afb1f60dca8213a5,c9da41af-61c7ab50f69bb737,0.256,0.2644628099173554
9f354c5c-b373662e7955b701,dd994c01-f2c1d30ddd7763b7,0.256,0.2857142857142857
5d175166-d7eb91b0ba348513,608ee4fb-c754af5041f8feb8,0.2558139534883721,0.27049180327868855
4be01508-4f29ad0cda264cb0,be7b6026-09b6f45cb3f4dcbf,0.2557077625570776,0.27722772277227725
d6bbd286-f2f535fcfb52ba2d,9c55bc1b-63f7691a1f090041,0.2557077625570776,0.2857142857142857
5be7547e-a979d9c3ad92fc00,4851a411-1aad55694aed96ce,0.2555066079295154,0.26851851851851855
2722ef48-8ac883dda8932dca,bac616ee-c3b4ccc04d2e37c9,0.2555066079295154,0.26126126126126126
2722ef48-8ac883dda8932dca,c18048bf-3dd1ac464611ce1b,0.2553191489361702,0.2702702702702703
3cb8c2b7-3b343b9c1230c9a9,76791c9f-29501ea96834bd73,0.2553191489361702,0.28125
cb032314-fb484bfcea6887a1,608ee4fb-c754af5041f8feb8,0.2551440329218107,0.2897196261682243
b7de5c19-2ed8ee5dd920df33,608ee4fb-c754af5041f8feb8,0.2549800796812749,0.2782608695652174
127af3a7-094496bd76edbde1,a6532df9-dec90ada04fb7078,0.2549019607843137,0.28888888888888886
4138b081-df128b5917b86c3a,b5da712b-18b5e06be39b8bf3,0.2546816479400749,0.37362637362637363
3ef54b1a-bbe16b6aa665cf7a,5647d16e-1e89cf0c42fbaffc,0.2545454545454545,0.32710280373831774
1dab88fb-51f2162ff7b89da6,d0e27497-17560ea28b7eb692,0.2545454545454545,0.28
71e0f2e5-6461f7753909c3fa,3cb8c2b7-3b343b9c1230c9a9,0.2543859649122807,0.29
5be7547e-a979d9c3ad92fc00,d0e27497-17560ea28b7eb692,0.2543859649122807,0.26851851851851855
71e0f2e5-6461f7753909c3fa,608ee4fb-c754af5041f8feb8,0.2542372881355932,0.3
c022c315-43c02b60e0b693ec,7b5f64b7-a45aba81ff1cc20a,0.2540983606557377,0.29245283018867924
c022c315-43c02b60e0b693ec,a7063d01-b250ce5b61370c18,0.2540983606557377,0.29245283018867924
90f01508-bde4de16d9f628d8,a7063d01-b250ce5b61370c18,0.2540983606557377,0.29245283018867924
c18048bf-3dd1ac464611ce1b,608ee4fb-c754af5041f8feb8,0.25384615384615383,0.2661290322580645
e201bc2e-99875a930dddcf4c,7b5f64b7-a45aba81ff1cc20a,0.2537313432835821,0.26153846153846155
5d175166-d7eb91b0ba348513,76791c9f-29501ea96834bd73,0.2536231884057971,0.28688524590163933
a18cb2c1-accb5a09ff71e324,c18048bf-3dd1ac464611ce1b,0.2535211267605634,0.30337078651685395
07038b12-376304921645bf39,e9986d44-e8f3129633721b12,0.2535211267605634,0.26865671641791045
7d9b95c0-cc4719dcf220c9bd,b226c49a-4614ebd95c760df1,0.25339366515837103,0.2692307692307692
b7de5c19-2ed8ee5dd920df33,a7063d01-b250ce5b61370c18,0.25296442687747034,0.2782608695652174
5766f176-9f15e33836acbd90,3cb8c2b7-3b343b9c1230c9a9,0.25296442687747034,0.256
d6bbd286-f2f535fcfb52ba2d,71e0f2e5-6461f7753909c3fa,0.25252525252525254,0.25510204081632654
e9144440-22d84bb8077fea98,9f354c5c-b373662e7955b701,0.2524271844660194,0.2765957446808511
f59d9b6e-c1de27bc848129d8,ee65f7f5-1e35238cc525d211,0.2523364485981308,0.28421052631578947
5f3a2a70-7e7132af5f165fed,bac616ee-c3b4ccc04d2e37c9,0.25217391304347825,0.2543859649122807
bac616ee-c3b4ccc04d2e37c9,5d175166-d7eb91b0ba348513,0.25210084033613445,0.25862068965517243
9c55bc1b-63f7691a1f090041,5766f176-9f15e33836acbd90,0.25203252032520324,0.256198347107438
a6229ee9-ca84c4eb8dc05b96,c9da41af-61c7ab50f69bb737,0.25203252032520324,0.26495726495726496
4dc0247e-13eba9611270ccef,608ee4fb-c754af5041f8feb8,0.25190839694656486,0.2619047619047619
127af3a7-094496bd76edbde1,4be01508-4f29ad0cda264cb0,0.2513089005235602,0.26666666666666666
45e38fad-bcda76c8886dac1a,90f01508-bde4de16d9f628d8,0.25120772946859904,0.25742574257425743
e9144440-22d84bb8077fea98,ac4d0fc5-afb1f60dca8213a5,0.25116279069767444,0.2872340425531915
2db37cb1-4675ecce014d7e7e,3cb8c2b7-3b343b9c1230c9a9,0.25112107623318386,0.29473684210526313
45e38fad-bcda76c8886dac1a,e201bc2e-99875a930dddcf4c,0.2510822510822511,0.2871287128712871
cb032314-fb484bfcea6887a1,2560850b-80df02a36bf4aa7d,0.2510822510822511,0.27102803738317754
9c55bc1b-63f7691a1f090041,4dc0247e-13eba9611270ccef,0.25101214574898784,0.256198347107438
4138b081-df128b5917b86c3a,45e38fad-bcda76c8886dac1a,0.25,0.26373626373626374
be7b6026-09b6f45cb3f4dcbf,7b5f64b7-a45aba81ff1cc20a,0.25,0.2711864406779661
127af3a7-094496bd76edbde1,07038b12-376304921645bf39,0.25,0.3111111111111111
9d33ca79-37b37de2efc3dd5f,c9da41af-61c7ab50f69bb737,0.25,0.2702702702702703
eacc407e-e9009b7370718e2a,d0e27497-17560ea28b7eb692,0.25,0.29545454545454547
9c55bc1b-63f7691a1f090041,b5da712b-18b5e06be39b8bf3,0.24915824915824916,0.30578512396694213
b7de5c19-2ed8ee5dd920df33,3e1442a3-28735246a67c449d,0.2490272373540856,0.2782608695652174
e7a997b5-36e13ad4fcd78966,3e1442a3-28735246a67c449d,0.24899598393574296,0.2897196261682243
ee65f7f5-1e35238cc525d211,e201bc2e-99875a930dddcf4c,0.24899598393574296,0.2605042016806723
cb032314-fb484bfcea6887a1,07038b12-376304921645bf39,0.24896265560165975,0.2803738317757009
f729338f-26a6bad836e34e30,c18048bf-3dd1ac464611ce1b,0.24892703862660945,0.26605504587155965
90f01508-bde4de16d9f628d8,e00b1794-b8b52eb5aca70bd6,0.24888888888888888,0.2641509433962264
9d33ca79-37b37de2efc3dd5f,a6532df9-dec90ada04fb7078,0.24888888888888888,0.25225225225225223
90f01508-bde4de16d9f628d8,4851a411-1aad55694aed96ce,0.24888888888888888,0.2641509433962264
4be01508-4f29ad0cda264cb0,5be7547e-a979d9c3ad92fc00,0.24880382775119617,0.25742574257425743
f59d9b6e-c1de27bc848129d8,90f01508-bde4de16d9f628d8,0.24875621890547264,0.2631578947368421
a18cb2c1-accb5a09ff71e324,ea09d197-8e021149835971f2,0.2482758620689655,0.4044943820224719
ec8566b8-7dc900e0b721f219,2560850b-80df02a36bf4aa7d,0.24793388429752067,0.2542372881355932
f729338f-26a6bad836e34e30,d1391025-de507cd89cd5a32c,0.24786324786324787,0.26605504587155965
e7a997b5-36e13ad4fcd78966,e00b1794-b8b52eb5aca70bd6,0.24778761061946902,0.2616822429906542
2722ef48-8ac883dda8932dca,b7de5c19-2ed8ee5dd920df33,0.24778761061946902,0.25225225225225223
c022c315-43c02b60e0b693ec,9f354c5c-b373662e7955b701,0.24770642201834864,0.25471698113207547
a18cb2c1-accb5a09ff71e324,ac4d0fc5-afb1f60dca8213a5,0.24761904761904763,0.29213483146067415
cb032314-fb484bfcea6887a1,5647d16e-1e89cf0c42fbaffc,0.24727272727272728,0.3177570093457944
a6532df9-dec90ada04fb7078,c9da41af-61c7ab50f69bb737,0.24691358024691357,0.2631578947368421
90f01508-bde4de16d9f628d8,c9da41af-61c7ab50f69bb737,0.24680851063829787,0.27358490566037735
3ef54b1a-bbe16b6aa665cf7a,d0e27497-17560ea28b7eb692,0.24669603524229075,0.2616822429906542
99ccaa44-52b4219b81f86382,3e1442a3-28735246a67c449d,0.24615384615384617,0.2711864406779661
a18cb2c1-accb5a09ff71e324,c022c315-43c02b60e0b693ec,0.24615384615384617,0.2696629213483146
be7b6026-09b6f45cb3f4dcbf,3e1442a3-28735246a67c449d,0.24615384615384617,0.2711864406779661
e9144440-22d84bb8077fea98,4be01508-4f29ad0cda264cb0,0.24615384615384617,0.2553191489361702
99ccaa44-52b4219b81f86382,07038b12-376304921645bf39,0.24603174603174602,0.2627118644067797
b7de5c19-2ed8ee5dd920df33,c9da41af-61c7ab50f69bb737,0.2459016393442623,0.2608695652173913
90f01508-bde4de16d9f628d8,5f3a2a70-7e7132af5f165fed,0.24545454545454545,0.25471698113207547
2db37cb1-4675ecce014d7e7e,d1391025-de507cd89cd5a32c,0.24545454545454545,0.28421052631578947
71e0f2e5-6461f7753909c3fa,d0e27497-17560ea28b7eb692,0.24545454545454545,0.27
90f01508-bde4de16d9f628d8,a6532df9-dec90ada04fb7078,0.24545454545454545,0.25471698113207547
a6229ee9-ca84c4eb8dc05b96,ea09d197-8e021149835971f2,0.24528301886792453,0.3333333333333333
2db37cb1-4675ecce014d7e7e,45e38fad-bcda76c8886dac1a,0.24489795918367346,0.25263157894736843
9c55bc1b-63f7691a1f090041,c18048bf-3dd1ac464611ce1b,0.24489795918367346,0.24793388429752067
f59d9b6e-c1de27bc848129d8,e9986d44-e8f3129633721b12,0.24489795918367346,0.3157894736842105
3ef54b1a-bbe16b6aa665cf7a,e201bc2e-99875a930dddcf4c,0.24472573839662448,0.27102803738317754
9f354c5c-b373662e7955b701,5766f176-9f15e33836acbd90,0.24472573839662448,0.25892857142857145
a6532df9-dec90ada04fb7078,fabb36ff-01a4820dc08dd0e2,0.2445414847161572,0.24561403508771928
2db37cb1-4675ecce014d7e7e,07038b12-376304921645bf39,0.2445414847161572,0.29473684210526313
4138b081-df128b5917b86c3a,a7063d01-b250ce5b61370c18,0.2445414847161572,0.3076923076923077
d0e27497-17560ea28b7eb692,e9986d44-e8f3129633721b12,0.24444444444444444,0.275
71e0f2e5-6461f7753909c3fa,ac4d0fc5-afb1f60dca8213a5,0.24434389140271492,0.27
ec8566b8-7dc900e0b721f219,608ee4fb-c754af5041f8feb8,0.2440944881889764,0.2627118644067797
127af3a7-094496bd76edbde1,b7de5c19-2ed8ee5dd920df33,0.24390243902439024,0.2777777777777778
5d175166-d7eb91b0ba348513,2560850b-80df02a36bf4aa7d,0.24390243902439024,0.2459016393442623
ee65f7f5-1e35238cc525d211,5647d16e-1e89cf0c42fbaffc,0.24390243902439024,0.29411764705882354
9d33ca79-37b37de2efc3dd5f,b5da712b-18b5e06be39b8bf3,0.24390243902439024,0.3153153153153153
bac616ee-c3b4ccc04d2e37c9,e201bc2e-99875a930dddcf4c,0.24390243902439024,0.25862068965517243
2722ef48-8ac883dda8932dca,ea09d197-8e021149835971f2,0.24358974358974358,0.34234234234234234
07a0e4dc-ba4be0dbb99e7b39,5d175166-d7eb91b0ba348513,0.24347826086956523,0.25925925925925924
2722ef48-8ac883dda8932dca,ee65f7f5-1e35238cc525d211,0.24347826086956523,0.25225225225225223
c9da41af-61c7ab50f69bb737,07038b12-376304921645bf39,0.24334600760456274,0.24806201550387597
608ee4fb-c754af5041f8feb8,ea09d197-8e021149835971f2,0.2433234421364985,0.3014705882352941
cb032314-fb484bfcea6887a1,fabb36ff-01a4820dc08dd0e2,0.24324324324324326,0.2523364485981308
71e0f2e5-6461f7753909c3fa,a6532df9-dec90ada04fb7078,0.24299065420560748,0.26
eacc407e-e9009b7370718e2a,be7b6026-09b6f45cb3f4dcbf,0.24271844660194175,0.2840909090909091
d6bbd286-f2f535fcfb52ba2d,5be7547e-a979d9c3ad92fc00,0.24271844660194175,0.25510204081632654
a6532df9-dec90ada04fb7078,d1391025-de507cd89cd5a32c,0.24267782426778242,0.2543859649122807
a6532df9-dec90ada04fb7078,5766f176-9f15e33836acbd90,0.24267782426778242,0.2543859649122807
3cb8c2b7-3b343b9c1230c9a9,608ee4fb-c754af5041f8feb8,0.24242424242424243,0.25
b226c49a-4614ebd95c760df1,68cdd55d-659b6c9eb253196a,0.24242424242424243,0.3076923076923077
b7de5c19-2ed8ee5dd920df33,a6229ee9-ca84c4eb8dc05b96,0.2413793103448276,0.24347826086956523
e9144440-22d84bb8077fea98,7b5f64b7-a45aba81ff1cc20a,0.2413793103448276,0.2978723404255319
4851a411-1aad55694aed96ce,a7063d01-b250ce5b61370c18,0.24124513618677043,0.2605042016806723
90f01508-bde4de16d9f628d8,99ccaa44-52b4219b81f86382,0.24107142857142858,0.25471698113207547
c022c315-43c02b60e0b693ec,ea09d197-8e021149835971f2,0.24104234527687296,0.3490566037735849
45e38fad-bcda76c8886dac1a,fabb36ff-01a4820dc08dd0e2,0.24074074074074073,0.25742574257425743
cb032314-fb484bfcea6887a1,f729338f-26a6bad836e34e30,0.24074074074074073,0.24299065420560748
1dab88fb-51f2162ff7b89da6,5be7547e-a979d9c3ad92fc00,0.2403846153846154,0.25
07a0e4dc-ba4be0dbb99e7b39,3e1442a3-28735246a67c449d,0.24,0.2777777777777778
dd994c01-f2c1d30ddd7763b7,76791c9f-29501ea96834bd73,0.23972602739726026,0.2536231884057971
90f01508-bde4de16d9f628d8,608ee4fb-c754af5041f8feb8,0.2396694214876033,0.27358490566037735
5be7547e-a979d9c3ad92fc00,875ed4c8-f9463c2dd1e07513,0.23963133640552994,0.24074074074074073
c022c315-43c02b60e0b693ec,3cb8c2b7-3b343b9c1230c9a9,0.23931623931623933,0.2641509433962264
b7de5c19-2ed8ee5dd920df33,ee65f7f5-1e35238cc525d211,0.23931623931623933,0.24347826086956523
d6bbd286-f2f535fcfb52ba2d,608ee4fb-c754af5041f8feb8,0.23931623931623933,0.2857142857142857
d6bbd286-f2f535fcfb52ba2d,3cb8c2b7-3b343b9c1230c9a9,0.23893805309734514,0.2755102040816326
7d9b95c0-cc4719dcf220c9bd,5d175166-d7eb91b0ba348513,0.23893805309734514,0.25961538461538464
3e1442a3-28735246a67c449d,5647d16e-1e89cf0c42fbaffc,0.23870967741935484,0.2605633802816901
4851a411-1aad55694aed96ce,c18048bf-3dd1ac464611ce1b,0.23868312757201646,0.24369747899159663
624b8db5-76074833ecd8964e,9f354c5c-b373662e7955b701,0.23853211009174313,0.24528301886792453
4138b081-df128b5917b86c3a,4851a411-1aad55694aed96ce,0.23809523809523808,0.27472527472527475
875ed4c8-f9463c2dd1e07513,be7b6026-09b6f45cb3f4dcbf,0.23788546255506607,0.24770642201834864
d0e27497-17560ea28b7eb692,c18048bf-3dd1ac464611ce1b,0.23770491803278687,0.24166666666666667
c022c315-43c02b60e0b693ec,e201bc2e-99875a930dddcf4c,0.23728813559322035,0.2641509433962264
9d33ca79-37b37de2efc3dd5f,5766f176-9f15e33836acbd90,0.23728813559322035,0.25225225225225223
b226c49a-4614ebd95c760df1,608ee4fb-c754af5041f8feb8,0.23715415019762845,0.2564102564102564
d5dc6626-b5717fe2f41934aa,624b8db5-76074833ecd8964e,0.23696682464454977,0.23809523809523808
c18048bf-3dd1ac464611ce1b,68cdd55d-659b6c9eb253196a,0.23684210526315788,0.2903225806451613
e7a997b5-36e13ad4fcd78966,dd994c01-f2c1d30ddd7763b7,0.23673469387755103,0.27102803738317754
45e38fad-bcda76c8886dac1a,ee65f7f5-1e35238cc525d211,0.23636363636363636,0.25742574257425743
e9986d44-e8f3129633721b12,68cdd55d-659b6c9eb253196a,0.23636363636363636,0.26
f729338f-26a6bad836e34e30,2722ef48-8ac883dda8932dca,0.23636363636363636,0.23853211009174313
bac616ee-c3b4ccc04d2e37c9,ac4d0fc5-afb1f60dca8213a5,0.23628691983122363,0.2413793103448276
a6229ee9-ca84c4eb8dc05b96,d0e27497-17560ea28b7eb692,0.23628691983122363,0.23931623931623933
a7063d01-b250ce5b61370c18,e9986d44-e8f3129633721b12,0.2361111111111111,0.2463768115942029
5be7547e-a979d9c3ad92fc00,68cdd55d-659b6c9eb253196a,0.2361111111111111,0.3148148148148148
2db37cb1-4675ecce014d7e7e,71e0f2e5-6461f7753909c3fa,0.2358974358974359,0.24210526315789474
4138b081-df128b5917b86c3a,ac4d0fc5-afb1f60dca8213a5,0.2358490566037736,0.27472527472527475
5be7547e-a979d9c3ad92fc00,9c55bc1b-63f7691a1f090041,0.23580786026200873,0.25
4138b081-df128b5917b86c3a,dd994c01-f2c1d30ddd7763b7,0.23580786026200873,0.2967032967032967
875ed4c8-f9463c2dd1e07513,d0e27497-17560ea28b7eb692,0.23580786026200873,0.24770642201834864
5be7547e-a979d9c3ad92fc00,dd994c01-f2c1d30ddd7763b7,0.23577235772357724,0.26851851851851855
ac4d0fc5-afb1f60dca8213a5,07038b12-376304921645bf39,0.23529411764705882,0.24793388429752067
2db37cb1-4675ecce014d7e7e,4dc0247e-13eba9611270ccef,0.23529411764705882,0.2736842105263158
d5dc6626-b5717fe2f41934aa,b5da712b-18b5e06be39b8bf3,0.23487544483985764,0.3142857142857143
9f354c5c-b373662e7955b701,99ccaa44-52b4219b81f86382,0.23478260869565218,0.24107142857142858
624b8db5-76074833ecd8964e,2560850b-80df02a36bf4aa7d,0.23478260869565218,0.25471698113207547
624b8db5-76074833ecd8964e,cb032314-fb484bfcea6887a1,0.2347417840375587,0.2358490566037736
45e38fad-bcda76c8886dac1a,a7063d01-b250ce5b61370c18,0.23430962343096234,0.27722772277227725
e00b1794-b8b52eb5aca70bd6,d0e27497-17560ea28b7eb692,0.23430962343096234,0.23529411764705882
4851a411-1aad55694aed96ce,d0e27497-17560ea28b7eb692,0.23430962343096234,0.23529411764705882
4be01508-4f29ad0cda264cb0,dd994c01-f2c1d30ddd7763b7,0.23430962343096234,0.27722772277227725
d6bbd286-f2f535fcfb52ba2d,e7a997b5-36e13ad4fcd78966,0.23414634146341465,0.24489795918367346
2722ef48-8ac883dda8932dca,d0e27497-17560ea28b7eb692,0.23376623376623376,0.24324324324324326
a18cb2c1-accb5a09ff71e324,5766f176-9f15e33836acbd90,0.2336448598130841,0.2808988764044944
3ef54b1a-bbe16b6aa665cf7a,cb032314-fb484bfcea6887a1,0.2336448598130841,0.2336448598130841
9f354c5c-b373662e7955b701,3cb8c2b7-3b343b9c1230c9a9,0.23333333333333334,0.25
71e0f2e5-6461f7753909c3fa,c022c315-43c02b60e0b693ec,0.23300970873786409,0.24
e00b1794-b8b52eb5aca70bd6,e201bc2e-99875a930dddcf4c,0.23293172690763053,0.24369747899159663
eacc407e-e9009b7370718e2a,45e38fad-bcda76c8886dac1a,0.2328042328042328,0.25
e9144440-22d84bb8077fea98,2db37cb1-4675ecce014d7e7e,0.2328042328042328,0.23404255319148937
2722ef48-8ac883dda8932dca,9c55bc1b-63f7691a1f090041,0.23275862068965517,0.24324324324324326
9f354c5c-b373662e7955b701,d0e27497-17560ea28b7eb692,0.23275862068965517,0.24107142857142858
1dab88fb-51f2162ff7b89da6,ea09d197-8e021149835971f2,0.23255813953488372,0.35
a18cb2c1-accb5a09ff71e324,99ccaa44-52b4219b81f86382,0.2318840579710145,0.2696629213483146
d6bbd286-f2f535fcfb52ba2d,ec8566b8-7dc900e0b721f219,0.23148148148148148,0.25510204081632654
5f3a2a70-7e7132af5f165fed,68cdd55d-659b6c9eb253196a,0.23129251700680273,0.2982456140350877
9d33ca79-37b37de2efc3dd5f,5f3a2a70-7e7132af5f165fed,0.2311111111111111,0.23423423423423423
71e0f2e5-6461f7753909c3fa,5766f176-9f15e33836acbd90,0.2311111111111111,0.26
5766f176-9f15e33836acbd90,4dc0247e-13eba9611270ccef,0.23107569721115537,0.232
45e38fad-bcda76c8886dac1a,cb032314-fb484bfcea6887a1,0.23076923076923078,0.2376237623762376
a6532df9-dec90ada04fb7078,d0e27497-17560ea28b7eb692,0.23076923076923078,0.23684210526315788
90f01508-bde4de16d9f628d8,3cb8c2b7-3b343b9c1230c9a9,0.23076923076923078,0.25471698113207547
4dc0247e-13eba9611270ccef,07038b12-376304921645bf39,0.23076923076923078,0.23809523809523808
45e38fad-bcda76c8886dac1a,5647d16e-1e89cf0c42fbaffc,0.23048327137546468,0.3069306930693069
624b8db5-76074833ecd8964e,9d33ca79-37b37de2efc3dd5f,0.2304147465437788,0.2358490566037736
608ee4fb-c754af5041f8feb8,5647d16e-1e89cf0c42fbaffc,0.23026315789473684,0.25735294117647056
d6bbd286-f2f535fcfb52ba2d,68cdd55d-659b6c9eb253196a,0.2302158273381295,0.32653061224489793
e7a997b5-36e13ad4fcd78966,4851a411-1aad55694aed96ce,0.23008849557522124,0.24299065420560748
e9144440-22d84bb8077fea98,b7de5c19-2ed8ee5dd920df33,0.22966507177033493,0.2553191489361702
d6bbd286-f2f535fcfb52ba2d,2722ef48-8ac883dda8932dca,0.22966507177033493,0.24489795918367346
eacc407e-e9009b7370718e2a,2db37cb1-4675ecce014d7e7e,0.22950819672131148,0.23863636363636365
624b8db5-76074833ecd8964e,dd994c01-f2c1d30ddd7763b7,0.22950819672131148,0.2641509433962264
624b8db5-76074833ecd8964e,a7063d01-b250ce5b61370c18,0.22950819672131148,0.2641509433962264
3ef54b1a-bbe16b6aa665cf7a,2722ef48-8ac883dda8932dca,0.22935779816513763,0.2336448598130841
d1391025-de507cd89cd5a32c,3cb8c2b7-3b343b9c1230c9a9,0.22924901185770752,0.232
9d33ca79-37b37de2efc3dd5f,3e1442a3-28735246a67c449d,0.22924901185770752,0.26126126126126126
a6229ee9-ca84c4eb8dc05b96,608ee4fb-c754af5041f8feb8,0.22924901185770752,0.24786324786324787
f729338f-26a6bad836e34e30,99ccaa44-52b4219b81f86382,0.2290748898678414,0.23853211009174313
07a0e4dc-ba4be0dbb99e7b39,76791c9f-29501ea96834bd73,0.22900763358778625,0.2777777777777778
127af3a7-094496bd76edbde1,9d33ca79-37b37de2efc3dd5f,0.22885572139303484,0.25555555555555554
be7b6026-09b6f45cb3f4dcbf,ec8566b8-7dc900e0b721f219,0.2288135593220339,0.2288135593220339
a6229ee9-ca84c4eb8dc05b96,76791c9f-29501ea96834bd73,0.22878228782287824,0.26495726495726496
99ccaa44-52b4219b81f86382,608ee4fb-c754af5041f8feb8,0.2283464566929134,0.2457627118644068
1dab88fb-51f2162ff7b89da6,76791c9f-29501ea96834bd73,0.2283464566929134,0.29
d5dc6626-b5717fe2f41934aa,5f3a2a70-7e7132af5f165fed,0.228310502283105,0.23809523809523808
45e38fad-bcda76c8886dac1a,ec8566b8-7dc900e0b721f219,0.228310502283105,0.24752475247524752
ec8566b8-7dc900e0b721f219,68cdd55d-659b6c9eb253196a,0.22818791946308725,0.288135593220339
e7a997b5-36e13ad4fcd78966,9c55bc1b-63f7691a1f090041,0.22807017543859648,0.24299065420560748
7d9b95c0-cc4719dcf220c9bd,5647d16e-1e89cf0c42fbaffc,0.22794117647058823,0.2980769230769231
9f354c5c-b373662e7955b701,07038b12-376304921645bf39,0.22764227642276422,0.25
eacc407e-e9009b7370718e2a,e9986d44-e8f3129633721b12,0.226890756302521,0.3068181818181818
90f01508-bde4de16d9f628d8,c022c315-43c02b60e0b693ec,0.22641509433962265,0.22641509433962265
b7de5c19-2ed8ee5dd920df33,5647d16e-1e89cf0c42fbaffc,0.22614840989399293,0.2782608695652174
3ef54b1a-bbe16b6aa665cf7a,b5da712b-18b5e06be39b8bf3,0.22614840989399293,0.29906542056074764
d5dc6626-b5717fe2f41934aa,d1391025-de507cd89cd5a32c,0.22608695652173913,0.24761904761904763
127af3a7-094496bd76edbde1,b5da712b-18b5e06be39b8bf3,0.22556390977443608,0.3333333333333333
2db37cb1-4675ecce014d7e7e,875ed4c8-f9463c2dd1e07513,0.22549019607843138,0.24210526315789474
f59d9b6e-c1de27bc848129d8,68cdd55d-659b6c9eb253196a,0.22545454545454546,0.3263157894736842
5766f176-9f15e33836acbd90,5647d16e-1e89cf0c42fbaffc,0.22525597269624573,0.264
d0e27497-17560ea28b7eb692,7b5f64b7-a45aba81ff1cc20a,0.2248062015503876,0.24166666666666667
c9da41af-61c7ab50f69bb737,dd994c01-f2c1d30ddd7763b7,0.2247191011235955,0.23255813953488372
127af3a7-094496bd76edbde1,90f01508-bde4de16d9f628d8,0.22448979591836735,0.24444444444444444
4be01508-4f29ad0cda264cb0,7d9b95c0-cc4719dcf220c9bd,0.22439024390243903,0.22772277227722773
a18cb2c1-accb5a09ff71e324,bac616ee-c3b4ccc04d2e37c9,0.22439024390243903,0.25842696629213485
d6bbd286-f2f535fcfb52ba2d,cb032314-fb484bfcea6887a1,0.22439024390243903,0.23469387755102042
127af3a7-094496bd76edbde1,c18048bf-3dd1ac464611ce1b,0.22429906542056074,0.26666666666666666
d5dc6626-b5717fe2f41934aa,be7b6026-09b6f45cb3f4dcbf,0.2242152466367713,0.23809523809523808
5647d16e-1e89cf0c42fbaffc,68cdd55d-659b6c9eb253196a,0.22413793103448276,0.23214285714285715
d6bbd286-f2f535fcfb52ba2d,07038b12-376304921645bf39,0.22413793103448276,0.2653061224489796
ee65f7f5-1e35238cc525d211,5d175166-d7eb91b0ba348513,0.22406639004149378,0.226890756302521
b7de5c19-2ed8ee5dd920df33,68cdd55d-659b6c9eb253196a,0.22372881355932203,0.28695652173913044
9c55bc1b-63f7691a1f090041,ea09d197-8e021149835971f2,0.2236024844720497,0.2975206611570248
4138b081-df128b5917b86c3a,624b8db5-76074833ecd8964e,0.2233502538071066,0.24175824175824176
1dab88fb-51f2162ff7b89da6,90f01508-bde4de16d9f628d8,0.22330097087378642,0.23
d0e27497-17560ea28b7eb692,5d175166-d7eb91b0ba348513,0.2231404958677686,0.225
dd994c01-f2c1d30ddd7763b7,b5da712b-18b5e06be39b8bf3,0.2229299363057325,0.2536231884057971
5f3a2a70-7e7132af5f165fed,dd994c01-f2c1d30ddd7763b7,0.2222222222222222,0.24561403508771928
5f3a2a70-7e7132af5f165fed,7b5f64b7-a45aba81ff1cc20a,0.2222222222222222,0.24561403508771928
eacc407e-e9009b7370718e2a,e00b1794-b8b52eb5aca70bd6,0.2222222222222222,0.26136363636363635
a18cb2c1-accb5a09ff71e324,be7b6026-09b6f45cb3f4dcbf,0.2222222222222222,0.25842696629213485
e9986d44-e8f3129633721b12,ea09d197-8e021149835971f2,0.2222222222222222,0.26
d0e27497-17560ea28b7eb692,5647d16e-1e89cf0c42fbaffc,0.2222222222222222,0.26666666666666666
f729338f-26a6bad836e34e30,5766f176-9f15e33836acbd90,0.2222222222222222,0.23853211009174313
5766f176-9f15e33836acbd90,76791c9f-29501ea96834bd73,0.2222222222222222,0.248
fabb36ff-01a4820dc08dd0e2,ea09d197-8e021149835971f2,0.22151898734177214,0.30434782608695654
71e0f2e5-6461f7753909c3fa,68cdd55d-659b6c9eb253196a,0.22142857142857142,0.31
5be7547e-a979d9c3ad92fc00,608ee4fb-c754af5041f8feb8,0.22131147540983606,0.25
90f01508-bde4de16d9f628d8,2722ef48-8ac883dda8932dca,0.22119815668202766,0.22641509433962265
a18cb2c1-accb5a09ff71e324,4851a411-1aad55694aed96ce,0.22115384615384615,0.25842696629213485
d6bbd286-f2f535fcfb52ba2d,4be01508-4f29ad0cda264cb0,0.22110552763819097,0.22448979591836735
a18cb2c1-accb5a09ff71e324,45e38fad-bcda76c8886dac1a,0.22105263157894736,0.23595505617977527
cb032314-fb484bfcea6887a1,ea09d197-8e021149835971f2,0.22077922077922077,0.3177570093457944
5f3a2a70-7e7132af5f165fed,b5da712b-18b5e06be39b8bf3,0.2206896551724138,0.2807017543859649
be7b6026-09b6f45cb3f4dcbf,76791c9f-29501ea96834bd73,0.22058823529411764,0.2542372881355932
4851a411-1aad55694aed96ce,4dc0247e-13eba9611270ccef,0.22040816326530613,0.226890756302521
875ed4c8-f9463c2dd1e07513,608ee4fb-c754af5041f8feb8,0.22040816326530613,0.24770642201834864
fabb36ff-01a4820dc08dd0e2,ac4d0fc5-afb1f60dca8213a5,0.22033898305084745,0.22608695652173913
d6bbd286-f2f535fcfb52ba2d,dd994c01-f2c1d30ddd7763b7,0.22033898305084745,0.2653061224489796
4138b081-df128b5917b86c3a,608ee4fb-c754af5041f8feb8,0.22026431718061673,0.27472527472527475
45e38fad-bcda76c8886dac1a,5be7547e-a979d9c3ad92fc00,0.22009569377990432,0.22772277227722773
4138b081-df128b5917b86c3a,99ccaa44-52b4219b81f86382,0.22009569377990432,0.25274725274725274
127af3a7-094496bd76edbde1,4851a411-1aad55694aed96ce,0.22009569377990432,0.25555555555555554
d6bbd286-f2f535fcfb52ba2d,9d33ca79-37b37de2efc3dd5f,0.22009569377990432,0.23469387755102042
4138b081-df128b5917b86c3a,875ed4c8-f9463c2dd1e07513,0.22,0.24175824175824176
127af3a7-094496bd76edbde1,45e38fad-bcda76c8886dac1a,0.2198952879581152,0.23333333333333334
eacc407e-e9009b7370718e2a,b5da712b-18b5e06be39b8bf3,0.2196969696969697,0.32954545454545453
be7b6026-09b6f45cb3f4dcbf,3cb8c2b7-3b343b9c1230c9a9,0.21951219512195122,0.2288135593220339
c022c315-43c02b60e0b693ec,5d175166-d7eb91b0ba348513,0.21929824561403508,0.2358490566037736
5be7547e-a979d9c3ad92fc00,9d33ca79-37b37de2efc3dd5f,0.2191780821917808,0.2222222222222222
4138b081-df128b5917b86c3a,e00b1794-b8b52eb5aca70bd6,0.21904761904761905,0.25274725274725274
4be01508-4f29ad0cda264cb0,f729338f-26a6bad836e34e30,0.21904761904761905,0.22772277227722773
4138b081-df128b5917b86c3a,ee65f7f5-1e35238cc525d211,0.21904761904761905,0.25274725274725274
7d9b95c0-cc4719dcf220c9bd,624b8db5-76074833ecd8964e,0.21904761904761905,0.22115384615384615
624b8db5-76074833ecd8964e,5647d16e-1e89cf0c42fbaffc,0.21897810218978103,0.2830188679245283
2db37cb1-4675ecce014d7e7e,624b8db5-76074833ecd8964e,0.21890547263681592,0.23157894736842105
ac4d0fc5-afb1f60dca8213a5,4dc0247e-13eba9611270ccef,0.21862348178137653,0.2231404958677686
875ed4c8-f9463c2dd1e07513,dd994c01-f2c1d30ddd7763b7,0.21862348178137653,0.24770642201834864
5f3a2a70-7e7132af5f165fed,c18048bf-3dd1ac464611ce1b,0.2184873949579832,0.22807017543859648
7d9b95c0-cc4719dcf220c9bd,68cdd55d-659b6c9eb253196a,0.21830985915492956,0.2980769230769231
d5dc6626-b5717fe2f41934aa,90f01508-bde4de16d9f628d8,0.21800947867298578,0.21904761904761905
4851a411-1aad55694aed96ce,dd994c01-f2c1d30ddd7763b7,0.2178988326848249,0.23529411764705882
3cb8c2b7-3b343b9c1230c9a9,c9da41af-61c7ab50f69bb737,0.2178988326848249,0.21875
875ed4c8-f9463c2dd1e07513,e201bc2e-99875a930dddcf4c,0.2175732217573222,0.23853211009174313
9f354c5c-b373662e7955b701,ec8566b8-7dc900e0b721f219,0.21739130434782608,0.22321428571428573
cb032314-fb484bfcea6887a1,a6532df9-dec90ada04fb7078,0.2171945701357466,0.22429906542056074
624b8db5-76074833ecd8964e,c022c315-43c02b60e0b693ec,0.2169811320754717,0.2169811320754717
e9144440-22d84bb8077fea98,ec8566b8-7dc900e0b721f219,0.2169811320754717,0.24468085106382978
90f01508-bde4de16d9f628d8,68cdd55d-659b6c9eb253196a,0.21678321678321677,0.29245283018867924
5d175166-d7eb91b0ba348513,ea09d197-8e021149835971f2,0.21671826625386997,0.28688524590163933
a6532df9-dec90ada04fb7078,b226c49a-4614ebd95c760df1,0.21645021645021645,0.21929824561403508
5f3a2a70-7e7132af5f165fed,76791c9f-29501ea96834bd73,0.21641791044776118,0.2543859649122807
7d9b95c0-cc4719dcf220c9bd,be7b6026-09b6f45cb3f4dcbf,0.21621621621621623,0.23076923076923078
ac4d0fc5-afb1f60dca8213a5,dd994c01-f2c1d30ddd7763b7,0.21621621621621623,0.23140495867768596
a6532df9-dec90ada04fb7078,608ee4fb-c754af5041f8feb8,0.216,0.23684210526315788
624b8db5-76074833ecd8964e,3ef54b1a-bbe16b6aa665cf7a,0.215962441314554,0.2169811320754717
d5dc6626-b5717fe2f41934aa,608ee4fb-c754af5041f8feb8,0.2157676348547718,0.24761904761904763
3ef54b1a-bbe16b6aa665cf7a,07038b12-376304921645bf39,0.2157676348547718,0.24299065420560748
e7a997b5-36e13ad4fcd78966,07038b12-376304921645bf39,0.2157676348547718,0.24299065420560748
c9da41af-61c7ab50f69bb737,5647d16e-1e89cf0c42fbaffc,0.21548821548821548,0.24806201550387597
c022c315-43c02b60e0b693ec,76791c9f-29501ea96834bd73,0.2153846153846154,0.2641509433962264
d5dc6626-b5717fe2f41934aa,99ccaa44-52b4219b81f86382,0.21524663677130046,0.22857142857142856
a18cb2c1-accb5a09ff71e324,07038b12-376304921645bf39,0.21524663677130046,0.2696629213483146
7d9b95c0-cc4719dcf220c9bd,ee65f7f5-1e35238cc525d211,0.21524663677130046,0.23076923076923078
624b8db5-76074833ecd8964e,b226c49a-4614ebd95c760df1,0.21524663677130046,0.22641509433962265
4138b081-df128b5917b86c3a,a6532df9-dec90ada04fb7078,0.2146341463414634,0.24175824175824176
e9144440-22d84bb8077fea98,9d33ca79-37b37de2efc3dd5f,0.2146341463414634,0.23404255319148937
9f354c5c-b373662e7955b701,ac4d0fc5-afb1f60dca8213a5,0.2145922746781116,0.22321428571428573
ee65f7f5-1e35238cc525d211,c18048bf-3dd1ac464611ce1b,0.2139917695473251,0.2184873949579832
ec8566b8-7dc900e0b721f219,5766f176-9f15e33836acbd90,0.2139917695473251,0.22033898305084745
90f01508-bde4de16d9f628d8,f729338f-26a6bad836e34e30,0.21395348837209302,0.2169811320754717
a18cb2c1-accb5a09ff71e324,d6bbd286-f2f535fcfb52ba2d,0.21390374331550802,0.2247191011235955
c18048bf-3dd1ac464611ce1b,a7063d01-b250ce5b61370c18,0.21374045801526717,0.22580645161290322
bac616ee-c3b4ccc04d2e37c9,99ccaa44-52b4219b81f86382,0.21367521367521367,0.21551724137931033
1dab88fb-51f2162ff7b89da6,07038b12-376304921645bf39,0.21367521367521367,0.25
fabb36ff-01a4820dc08dd0e2,a7063d01-b250ce5b61370c18,0.2134387351778656,0.23478260869565218
45e38fad-bcda76c8886dac1a,2560850b-80df02a36bf4aa7d,0.21333333333333335,0.2376237623762376
e7a997b5-36e13ad4fcd78966,ec8566b8-7dc900e0b721f219,0.21333333333333335,0.22429906542056074
90f01508-bde4de16d9f628d8,dd994c01-f2c1d30ddd7763b7,0.21311475409836064,0.24528301886792453
d1391025-de507cd89cd5a32c,dd994c01-f2c1d30ddd7763b7,0.21292775665399238,0.224
cb032314-fb484bfcea6887a1,3cb8c2b7-3b343b9c1230c9a9,0.2127659574468085,0.2336448598130841
624b8db5-76074833ecd8964e,b5da712b-18b5e06be39b8bf3,0.2127659574468085,0.2830188679245283
45e38fad-bcda76c8886dac1a,624b8db5-76074833ecd8964e,0.21256038647342995,0.21782178217821782
07a0e4dc-ba4be0dbb99e7b39,be7b6026-09b6f45cb3f4dcbf,0.21238938053097345,0.2222222222222222
b5da712b-18b5e06be39b8bf3,ea09d197-8e021149835971f2,0.21220159151193635,0.22727272727272727
d6bbd286-f2f535fcfb52ba2d,1dab88fb-51f2162ff7b89da6,0.21212121212121213,0.21428571428571427
90f01508-bde4de16d9f628d8,9d33ca79-37b37de2efc3dd5f,0.2119815668202765,0.2169811320754717
9f354c5c-b373662e7955b701,2560850b-80df02a36bf4aa7d,0.211864406779661,0.22321428571428573
e00b1794-b8b52eb5aca70bd6,608ee4fb-c754af5041f8feb8,0.21176470588235294,0.226890756302521
5be7547e-a979d9c3ad92fc00,e00b1794-b8b52eb5aca70bd6,0.21145374449339208,0.2222222222222222
07a0e4dc-ba4be0dbb99e7b39,4851a411-1aad55694aed96ce,0.21145374449339208,0.2222222222222222
ec8566b8-7dc900e0b721f219,4851a411-1aad55694aed96ce,0.2109704641350211,0.211864406779661
4be01508-4f29ad0cda264cb0,608ee4fb-c754af5041f8feb8,0.2109704641350211,0.24752475247524752
f729338f-26a6bad836e34e30,3cb8c2b7-3b343b9c1230c9a9,0.2109704641350211,0.22935779816513763
c022c315-43c02b60e0b693ec,e9986d44-e8f3129633721b12,0.2109375,0.25471698113207547
99ccaa44-52b4219b81f86382,b5da712b-18b5e06be39b8bf3,0.2108843537414966,0.2627118644067797
be7b6026-09b6f45cb3f4dcbf,d0e27497-17560ea28b7eb692,0.21008403361344538,0.211864406779661
07a0e4dc-ba4be0dbb99e7b39,e201bc2e-99875a930dddcf4c,0.21008403361344538,0.23148148148148148
e9144440-22d84bb8077fea98,5766f176-9f15e33836acbd90,0.2100456621004566,0.24468085106382978
68cdd55d-659b6c9eb253196a,ea09d197-8e021149835971f2,0.2099737532808399,0.2222222222222222
e7a997b5-36e13ad4fcd78966,5d175166-d7eb91b0ba348513,0.2096069868995633,0.22429906542056074
2db37cb1-4675ecce014d7e7e,ea09d197-8e021149835971f2,0.20945945945945946,0.3263157894736842
d0e27497-17560ea28b7eb692,b5da712b-18b5e06be39b8bf3,0.20945945945945946,0.25833333333333336
4be01508-4f29ad0cda264cb0,b5da712b-18b5e06be39b8bf3,0.20938628158844766,0.2871287128712871
a18cb2c1-accb5a09ff71e324,e9986d44-e8f3129633721b12,0.20920502092050208,0.2808988764044944
a7063d01-b250ce5b61370c18,5647d16e-1e89cf0c42fbaffc,0.20915032679738563,0.2318840579710145
4dc0247e-13eba9611270ccef,68cdd55d-659b6c9eb253196a,0.20915032679738563,0.25396825396825395
f59d9b6e-c1de27bc848129d8,5766f176-9f15e33836acbd90,0.20909090909090908,0.24210526315789474
f59d9b6e-c1de27bc848129d8,624b8db5-76074833ecd8964e,0.208955223880597,0.22105263157894736
2722ef48-8ac883dda8932dca,7b5f64b7-a45aba81ff1cc20a,0.20883534136546184,0.23423423423423423
e9144440-22d84bb8077fea98,a6229ee9-ca84c4eb8dc05b96,0.20853080568720378,0.23404255319148937
127af3a7-094496bd76edbde1,e9986d44-e8f3129633721b12,0.20833333333333334,0.2777777777777778
9f354c5c-b373662e7955b701,b5da712b-18b5e06be39b8bf3,0.20833333333333334,0.26785714285714285
45e38fad-bcda76c8886dac1a,d0e27497-17560ea28b7eb692,0.2081447963800905,0.22772277227722773
c022c315-43c02b60e0b693ec,fabb36ff-01a4820dc08dd0e2,0.2081447963800905,0.2169811320754717
5766f176-9f15e33836acbd90,d1391025-de507cd89cd5a32c,0.208,0.208
2db37cb1-4675ecce014d7e7e,3ef54b1a-bbe16b6aa665cf7a,0.2079207920792079,0.22105263157894736
c022c315-43c02b60e0b693ec,5766f176-9f15e33836acbd90,0.2077922077922078,0.22641509433962265
cb032314-fb484bfcea6887a1,c18048bf-3dd1ac464611ce1b,0.2077922077922078,0.22429906542056074
e9144440-22d84bb8077fea98,be7b6026-09b6f45cb3f4dcbf,0.20754716981132076,0.23404255319148937
71e0f2e5-6461f7753909c3fa,3e1442a3-28735246a67c449d,0.2066115702479339,0.25
f729338f-26a6bad836e34e30,5f3a2a70-7e7132af5f165fed,0.2062780269058296,0.21100917431192662
45e38fad-bcda76c8886dac1a,5d175166-d7eb91b0ba348513,0.2062780269058296,0.22772277227722773
eacc407e-e9009b7370718e2a,90f01508-bde4de16d9f628d8,0.20618556701030927,0.22727272727272727
c18048bf-3dd1ac464611ce1b,dd994c01-f2c1d30ddd7763b7,0.20610687022900764,0.21774193548387097
76791c9f-29501ea96834bd73,b5da712b-18b5e06be39b8bf3,0.20606060606060606,0.22077922077922077
875ed4c8-f9463c2dd1e07513,2560850b-80df02a36bf4aa7d,0.20600858369098712,0.22018348623853212
fabb36ff-01a4820dc08dd0e2,3cb8c2b7-3b343b9c1230c9a9,0.205761316872428,0.21739130434782608
c022c315-43c02b60e0b693ec,07a0e4dc-ba4be0dbb99e7b39,0.205607476635514,0.20754716981132076
71e0f2e5-6461f7753909c3fa,2560850b-80df02a36bf4aa7d,0.20535714285714285,0.23
e7a997b5-36e13ad4fcd78966,b5da712b-18b5e06be39b8bf3,0.2049469964664311,0.27102803738317754
a18cb2c1-accb5a09ff71e324,608ee4fb-c754af5041f8feb8,0.20444444444444446,0.25842696629213485
90f01508-bde4de16d9f628d8,5647d16e-1e89cf0c42fbaffc,0.20437956204379562,0.2641509433962264
b226c49a-4614ebd95c760df1,be7b6026-09b6f45cb3f4dcbf,0.20425531914893616,0.20512820512820512
127af3a7-094496bd76edbde1,c022c315-43c02b60e0b693ec,0.20408163265306123,0.2222222222222222
cb032314-fb484bfcea6887a1,dd994c01-f2c1d30ddd7763b7,0.20408163265306123,0.2336448598130841
127af3a7-094496bd76edbde1,624b8db5-76074833ecd8964e,0.20408163265306123,0.2222222222222222
71e0f2e5-6461f7753909c3fa,624b8db5-76074833ecd8964e,0.20388349514563106,0.21
1dab88fb-51f2162ff7b89da6,624b8db5-76074833ecd8964e,0.20388349514563106,0.21
c9da41af-61c7ab50f69bb737,608ee4fb-c754af5041f8feb8,0.2037735849056604,0.20930232558139536
d6bbd286-f2f535fcfb52ba2d,be7b6026-09b6f45cb3f4dcbf,0.2037037037037037,0.22448979591836735
2db37cb1-4675ecce014d7e7e,ac4d0fc5-afb1f60dca8213a5,0.2037037037037037,0.23157894736842105
f59d9b6e-c1de27bc848129d8,ac4d0fc5-afb1f60dca8213a5,0.2037037037037037,0.23157894736842105
eacc407e-e9009b7370718e2a,3cb8c2b7-3b343b9c1230c9a9,0.2037037037037037,0.25
d5dc6626-b5717fe2f41934aa,ac4d0fc5-afb1f60dca8213a5,0.20353982300884957,0.21904761904761905
99ccaa44-52b4219b81f86382,be7b6026-09b6f45cb3f4dcbf,0.2033898305084746,0.2033898305084746
d6bbd286-f2f535fcfb52ba2d,a7063d01-b250ce5b61370c18,0.2033898305084746,0.24489795918367346
ec8566b8-7dc900e0b721f219,7b5f64b7-a45aba81ff1cc20a,0.203125,0.22033898305084745
eacc407e-e9009b7370718e2a,5647d16e-1e89cf0c42fbaffc,0.203125,0.29545454545454547
a18cb2c1-accb5a09ff71e324,5be7547e-a979d9c3ad92fc00,0.20304568527918782,0.2247191011235955
3cb8c2b7-3b343b9c1230c9a9,dd994c01-f2c1d30ddd7763b7,0.20300751879699247,0.2109375
5be7547e-a979d9c3ad92fc00,5647d16e-1e89cf0c42fbaffc,0.2028985507246377,0.25925925925925924
eacc407e-e9009b7370718e2a,ee65f7f5-1e35238cc525d211,0.2028985507246377,0.23863636363636365
be7b6026-09b6f45cb3f4dcbf,5647d16e-1e89cf0c42fbaffc,0.20279720279720279,0.2457627118644068
c022c315-43c02b60e0b693ec,2722ef48-8ac883dda8932dca,0.20276497695852536,0.20754716981132076
624b8db5-76074833ecd8964e,ac4d0fc5-afb1f60dca8213a5,0.2026431718061674,0.2169811320754717
e7a997b5-36e13ad4fcd78966,d0e27497-17560ea28b7eb692,0.2026431718061674,0.21495327102803738
45e38fad-bcda76c8886dac1a,608ee4fb-c754af5041f8feb8,0.20253164556962025,0.2376237623762376
be7b6026-09b6f45cb3f4dcbf,e00b1794-b8b52eb5aca70bd6,0.20253164556962025,0.2033898305084746
be7b6026-09b6f45cb3f4dcbf,4851a411-1aad55694aed96ce,0.20253164556962025,0.2033898305084746
5766f176-9f15e33836acbd90,ea09d197-8e021149835971f2,0.20245398773006135,0.264
d5dc6626-b5717fe2f41934aa,3e1442a3-28735246a67c449d,0.20242914979757085,0.23809523809523808
ee65f7f5-1e35238cc525d211,3cb8c2b7-3b343b9c1230c9a9,0.20242914979757085,0.21008403361344538
9c55bc1b-63f7691a1f090041,608ee4fb-c754af5041f8feb8,0.20233463035019456,0.21487603305785125
3ef54b1a-bbe16b6aa665cf7a,e9986d44-e8f3129633721b12,0.20233463035019456,0.24299065420560748
2722ef48-8ac883dda8932dca,b5da712b-18b5e06be39b8bf3,0.20209059233449478,0.26126126126126126
7d9b95c0-cc4719dcf220c9bd,5f3a2a70-7e7132af5f165fed,0.2018348623853211,0.21153846153846154
f729338f-26a6bad836e34e30,4851a411-1aad55694aed96ce,0.20175438596491227,0.21100917431192662
3ef54b1a-bbe16b6aa665cf7a,ac4d0fc5-afb1f60dca8213a5,0.20175438596491227,0.21495327102803738
71e0f2e5-6461f7753909c3fa,dd994c01-f2c1d30ddd7763b7,0.20168067226890757,0.24
71e0f2e5-6461f7753909c3fa,a7063d01-b250ce5b61370c18,0.20168067226890757,0.24
4851a411-1aad55694aed96ce,e00b1794-b8b52eb5aca70bd6,0.20168067226890757,0.20168067226890757
4dc0247e-13eba9611270ccef,3e1442a3-28735246a67c449d,0.20149253731343283,0.21428571428571427
e201bc2e-99875a930dddcf4c,a7063d01-b250ce5b61370c18,0.20149253731343283,0.2076923076923077
2560850b-80df02a36bf4aa7d,76791c9f-29501ea96834bd73,0.2014388489208633,0.22580645161290322
45e38fad-bcda76c8886dac1a,be7b6026-09b6f45cb3f4dcbf,0.2009132420091324,0.21782178217821782
3ef54b1a-bbe16b6aa665cf7a,9f354c5c-b373662e7955b701,0.2009132420091324,0.205607476635514
2722ef48-8ac883dda8932dca,99ccaa44-52b4219b81f86382,0.20087336244541484,0.2072072072072072
2722ef48-8ac883dda8932dca,be7b6026-09b6f45cb3f4dcbf,0.20087336244541484,0.2072072072072072
b7de5c19-2ed8ee5dd920df33,2560850b-80df02a36bf4aa7d,0.200836820083682,0.20869565217391303
f59d9b6e-c1de27bc848129d8,76791c9f-29501ea96834bd73,0.20080321285140562,0.2631578947368421
d0e27497-17560ea28b7eb692,c9da41af-61c7ab50f69bb737,0.20080321285140562,0.20833333333333334
9c55bc1b-63f7691a1f090041,dd994c01-f2c1d30ddd7763b7,0.20077220077220076,0.21487603305785125
b7de5c19-2ed8ee5dd920df33,76791c9f-29501ea96834bd73,0.20074349442379183,0.23478260869565218
eacc407e-e9009b7370718e2a,ea09d197-8e021149835971f2,0.20069204152249134,0.32954545454545453
4851a411-1aad55694aed96ce,68cdd55d-659b6c9eb253196a,0.20066889632107024,0.25210084033613445
c022c315-43c02b60e0b693ec,2560850b-80df02a36bf4aa7d,0.2,0.2169811320754717
b7de5c19-2ed8ee5dd920df33,fabb36ff-01a4820dc08dd0e2,0.2,0.2
4be01508-4f29ad0cda264cb0,4851a411-1aad55694aed96ce,0.2,0.21782178217821782
e9144440-22d84bb8077fea98,4dc0247e-13eba9611270ccef,0.2,0.23404255319148937
9d33ca79-37b37de2efc3dd5f,68cdd55d-659b6c9eb253196a,0.19931271477663232,0.26126126126126126
5f3a2a70-7e7132af5f165fed,a6229ee9-ca84c4eb8dc05b96,0.19913419913419914,0.20175438596491227
2db37cb1-4675ecce014d7e7e,bac616ee-c3b4ccc04d2e37c9,0.1990521327014218,0.22105263157894736
c022c315-43c02b60e0b693ec,b5da712b-18b5e06be39b8bf3,0.19858156028368795,0.2641509433962264
99ccaa44-52b4219b81f86382,76791c9f-29501ea96834bd73,0.19852941176470587,0.2288135593220339
d6bbd286-f2f535fcfb52ba2d,76791c9f-29501ea96834bd73,0.1984126984126984,0.25510204081632654
07a0e4dc-ba4be0dbb99e7b39,2560850b-80df02a36bf4aa7d,0.19827586206896552,0.21296296296296297
e9144440-22d84bb8077fea98,a7063d01-b250ce5b61370c18,0.19827586206896552,0.24468085106382978
624b8db5-76074833ecd8964e,bac616ee-c3b4ccc04d2e37c9,0.1981981981981982,0.20754716981132076
127af3a7-094496bd76edbde1,9f354c5c-b373662e7955b701,0.19801980198019803,0.2222222222222222
cb032314-fb484bfcea6887a1,b5da712b-18b5e06be39b8bf3,0.1978798586572438,0.2616822429906542
2db37cb1-4675ecce014d7e7e,5647d16e-1e89cf0c42fbaffc,0.19771863117870722,0.2736842105263158
e00b1794-b8b52eb5aca70bd6,2560850b-80df02a36bf4aa7d,0.19753086419753085,0.20168067226890757
5f3a2a70-7e7132af5f165fed,ee65f7f5-1e35238cc525d211,0.19742489270386265,0.20175438596491227
4138b081-df128b5917b86c3a,3e1442a3-28735246a67c449d,0.19742489270386265,0.25274725274725274
eacc407e-e9009b7370718e2a,d1391025-de507cd89cd5a32c,0.19718309859154928,0.23863636363636365
4dc0247e-13eba9611270ccef,a7063d01-b250ce5b61370c18,0.19696969696969696,0.20634920634920634
d5dc6626-b5717fe2f41934aa,68cdd55d-659b6c9eb253196a,0.19649122807017544,0.26666666666666666
624b8db5-76074833ecd8964e,5be7547e-a979d9c3ad92fc00,0.19626168224299065,0.19811320754716982
45e38fad-bcda76c8886dac1a,76791c9f-29501ea96834bd73,0.19607843137254902,0.24752475247524752
b7de5c19-2ed8ee5dd920df33,e201bc2e-99875a930dddcf4c,0.19591836734693877,0.20869565217391303
e9144440-22d84bb8077fea98,1dab88fb-51f2162ff7b89da6,0.1958762886597938,0.20212765957446807
99ccaa44-52b4219b81f86382,5647d16e-1e89cf0c42fbaffc,0.1958041958041958,0.23728813559322035
a6532df9-dec90ada04fb7078,9c55bc1b-63f7691a1f090041,0.19574468085106383,0.20175438596491227
a6229ee9-ca84c4eb8dc05b96,be7b6026-09b6f45cb3f4dcbf,0.19574468085106383,0.19658119658119658
d5dc6626-b5717fe2f41934aa,e201bc2e-99875a930dddcf4c,0.19574468085106383,0.21904761904761905
1dab88fb-51f2162ff7b89da6,b5da712b-18b5e06be39b8bf3,0.1956521739130435,0.27
c022c315-43c02b60e0b693ec,4851a411-1aad55694aed96ce,0.19555555555555557,0.20754716981132076
5be7547e-a979d9c3ad92fc00,b226c49a-4614ebd95c760df1,0.19555555555555557,0.2037037037037037
c022c315-43c02b60e0b693ec,f729338f-26a6bad836e34e30,0.19534883720930232,0.19811320754716982
ec8566b8-7dc900e0b721f219,dd994c01-f2c1d30ddd7763b7,0.1953125,0.211864406779661
ec8566b8-7dc900e0b721f219,a7063d01-b250ce5b61370c18,0.1953125,0.211864406779661
a6229ee9-ca84c4eb8dc05b96,68cdd55d-659b6c9eb253196a,0.19528619528619529,0.24786324786324787
ec8566b8-7dc900e0b721f219,3cb8c2b7-3b343b9c1230c9a9,0.1951219512195122,0.2033898305084746
7d9b95c0-cc4719dcf220c9bd,3e1442a3-28735246a67c449d,0.1951219512195122,0.23076923076923078
b7de5c19-2ed8ee5dd920df33,ac4d0fc5-afb1f60dca8213a5,0.19491525423728814,0.2
5be7547e-a979d9c3ad92fc00,ec8566b8-7dc900e0b721f219,0.19469026548672566,0.2037037037037037
a7063d01-b250ce5b61370c18,ea09d197-8e021149835971f2,0.19469026548672566,0.2391304347826087
eacc407e-e9009b7370718e2a,7b5f64b7-a45aba81ff1cc20a,0.19469026548672566,0.25
4138b081-df128b5917b86c3a,e9144440-22d84bb8077fea98,0.1945945945945946,0.1978021978021978
c9da41af-61c7ab50f69bb737,ea09d197-8e021149835971f2,0.19393939393939394,0.24806201550387597
c022c315-43c02b60e0b693ec,9c55bc1b-63f7691a1f090041,0.19383259911894274,0.20754716981132076
a18cb2c1-accb5a09ff71e324,7b5f64b7-a45aba81ff1cc20a,0.19383259911894274,0.24719101123595505
a18cb2c1-accb5a09ff71e324,3cb8c2b7-3b343b9c1230c9a9,0.1935483870967742,0.23595505617977527
5be7547e-a979d9c3ad92fc00,f729338f-26a6bad836e34e30,0.1935483870967742,0.19444444444444445
c18048bf-3dd1ac464611ce1b,b5da712b-18b5e06be39b8bf3,0.19333333333333333,0.23387096774193547
99ccaa44-52b4219b81f86382,d0e27497-17560ea28b7eb692,0.19327731092436976,0.19491525423728814
608ee4fb-c754af5041f8feb8,76791c9f-29501ea96834bd73,0.19310344827586207,0.20588235294117646
5766f176-9f15e33836acbd90,07038b12-376304921645bf39,0.19305019305019305,0.2
f729338f-26a6bad836e34e30,e00b1794-b8b52eb5aca70bd6,0.19298245614035087,0.2018348623853211
127af3a7-094496bd76edbde1,dd994c01-f2c1d30ddd7763b7,0.19298245614035087,0.24444444444444444
875ed4c8-f9463c2dd1e07513,ee65f7f5-1e35238cc525d211,0.19298245614035087,0.2018348623853211
9c55bc1b-63f7691a1f090041,3cb8c2b7-3b343b9c1230c9a9,0.1927710843373494,0.19834710743801653
2722ef48-8ac883dda8932dca,dd994c01-f2c1d30ddd7763b7,0.1927710843373494,0.21621621621621623
d6bbd286-f2f535fcfb52ba2d,d0e27497-17560ea28b7eb692,0.1926605504587156,0.21428571428571427
3cb8c2b7-3b343b9c1230c9a9,3e1442a3-28735246a67c449d,0.1925925925925926,0.203125
07038b12-376304921645bf39,608ee4fb-c754af5041f8feb8,0.1925925925925926,0.19402985074626866
99ccaa44-52b4219b81f86382,ac4d0fc5-afb1f60dca8213a5,0.19246861924686193,0.19491525423728814
127af3a7-094496bd76edbde1,be7b6026-09b6f45cb3f4dcbf,0.19230769230769232,0.2222222222222222
90f01508-bde4de16d9f628d8,76791c9f-29501ea96834bd73,0.19230769230769232,0.2358490566037736
4dc0247e-13eba9611270ccef,b5da712b-18b5e06be39b8bf3,0.19205298013245034,0.23015873015873015
be7b6026-09b6f45cb3f4dcbf,5d175166-d7eb91b0ba348513,0.19166666666666668,0.19491525423728814
9d33ca79-37b37de2efc3dd5f,e9986d44-e8f3129633721b12,0.19157088122605365,0.22522522522522523
cb032314-fb484bfcea6887a1,76791c9f-29501ea96834bd73,0.19157088122605365,0.2336448598130841
875ed4c8-f9463c2dd1e07513,ac4d0fc5-afb1f60dca8213a5,0.19130434782608696,0.2018348623853211
b226c49a-4614ebd95c760df1,b5da712b-18b5e06be39b8bf3,0.19112627986348124,0.23931623931623933
d0e27497-17560ea28b7eb692,9c55bc1b-63f7691a1f090041,0.1908713692946058,0.19166666666666668
a6532df9-dec90ada04fb7078,a7063d01-b250ce5b61370c18,0.19047619047619047,0.21052631578947367
a18cb2c1-accb5a09ff71e324,3e1442a3-28735246a67c449d,0.19047619047619047,0.24719101123595505
90f01508-bde4de16d9f628d8,5766f176-9f15e33836acbd90,0.19047619047619047,0.20754716981132076
7d9b95c0-cc4719dcf220c9bd,ea09d197-8e021149835971f2,0.1901639344262295,0.27884615384615385
4851a411-1aad55694aed96ce,b5da712b-18b5e06be39b8bf3,0.18983050847457628,0.23529411764705882
e7a997b5-36e13ad4fcd78966,d1391025-de507cd89cd5a32c,0.1896551724137931,0.205607476635514
5be7547e-a979d9c3ad92fc00,c18048bf-3dd1ac464611ce1b,0.1896551724137931,0.2037037037037037
be7b6026-09b6f45cb3f4dcbf,5766f176-9f15e33836acbd90,0.18930041152263374,0.19491525423728814
f59d9b6e-c1de27bc848129d8,ea09d197-8e021149835971f2,0.1891891891891892,0.29473684210526313
a18cb2c1-accb5a09ff71e324,9f354c5c-b373662e7955b701,0.1890547263681592,0.21348314606741572
71e0f2e5-6461f7753909c3fa,9f354c5c-b373662e7955b701,0.18867924528301888,0.2
a6229ee9-ca84c4eb8dc05b96,dd994c01-f2c1d30ddd7763b7,0.18823529411764706,0.20512820512820512
e9144440-22d84bb8077fea98,07a0e4dc-ba4be0dbb99e7b39,0.18811881188118812,0.20212765957446807
7d9b95c0-cc4719dcf220c9bd,e201bc2e-99875a930dddcf4c,0.18803418803418803,0.21153846153846154
ac4d0fc5-afb1f60dca8213a5,2560850b-80df02a36bf4aa7d,0.18775510204081633,0.19008264462809918
4138b081-df128b5917b86c3a,76791c9f-29501ea96834bd73,0.18775510204081633,0.25274725274725274
5be7547e-a979d9c3ad92fc00,bac616ee-c3b4ccc04d2e37c9,0.1875,0.19444444444444445
4dc0247e-13eba9611270ccef,e201bc2e-99875a930dddcf4c,0.1875,0.19047619047619047
07a0e4dc-ba4be0dbb99e7b39,68cdd55d-659b6c9eb253196a,0.1875,0.25
ac4d0fc5-afb1f60dca8213a5,d1391025-de507cd89cd5a32c,0.18699186991869918,0.19008264462809918
4851a411-1aad55694aed96ce,3cb8c2b7-3b343b9c1230c9a9,0.1862348178137652,0.19327731092436976
608ee4fb-c754af5041f8feb8,b5da712b-18b5e06be39b8bf3,0.1858974358974359,0.21323529411764705
45e38fad-bcda76c8886dac1a,5766f176-9f15e33836acbd90,0.18584070796460178,0.2079207920792079
be7b6026-09b6f45cb3f4dcbf,ee65f7f5-1e35238cc525d211,0.18565400843881857,0.1864406779661017
b7de5c19-2ed8ee5dd920df33,5d175166-d7eb91b0ba348513,0.18565400843881857,0.19130434782608696
ec8566b8-7dc900e0b721f219,ee65f7f5-1e35238cc525d211,0.18565400843881857,0.1864406779661017
d0e27497-17560ea28b7eb692,3cb8c2b7-3b343b9c1230c9a9,0.18548387096774194,0.19166666666666668
ac4d0fc5-afb1f60dca8213a5,a7063d01-b250ce5b61370c18,0.18532818532818532,0.19834710743801653
4138b081-df128b5917b86c3a,5647d16e-1e89cf0c42fbaffc,0.18532818532818532,0.26373626373626374
e9144440-22d84bb8077fea98,5d175166-d7eb91b0ba348513,0.18518518518518517,0.2127659574468085
45e38fad-bcda76c8886dac1a,68cdd55d-659b6c9eb253196a,0.18505338078291814,0.25742574257425743
90f01508-bde4de16d9f628d8,ac4d0fc5-afb1f60dca8213a5,0.18502202643171806,0.19811320754716982
2560850b-80df02a36bf4aa7d,5647d16e-1e89cf0c42fbaffc,0.18493150684931506,0.21774193548387097
c18048bf-3dd1ac464611ce1b,5766f176-9f15e33836acbd90,0.18473895582329317,0.18548387096774194
9d33ca79-37b37de2efc3dd5f,a7063d01-b250ce5b61370c18,0.18473895582329317,0.2072072072072072
2db37cb1-4675ecce014d7e7e,1dab88fb-51f2162ff7b89da6,0.18461538461538463,0.18947368421052632
ec8566b8-7dc900e0b721f219,3e1442a3-28735246a67c449d,0.18461538461538463,0.2033898305084746
4138b081-df128b5917b86c3a,b7de5c19-2ed8ee5dd920df33,0.18446601941747573,0.2087912087912088
127af3a7-094496bd76edbde1,7b5f64b7-a45aba81ff1cc20a,0.18421052631578946,0.23333333333333334
624b8db5-76074833ecd8964e,5d175166-d7eb91b0ba348513,0.18421052631578946,0.19811320754716982
3ef54b1a-bbe16b6aa665cf7a,76791c9f-29501ea96834bd73,0.1839080459770115,0.22429906542056074
ee65f7f5-1e35238cc525d211,3e1442a3-28735246a67c449d,0.1839080459770115,0.20168067226890757
f729338f-26a6bad836e34e30,d0e27497-17560ea28b7eb692,0.18340611353711792,0.1926605504587156
b7de5c19-2ed8ee5dd920df33,5766f176-9f15e33836acbd90,0.18333333333333332,0.19130434782608696
e00b1794-b8b52eb5aca70bd6,b5da712b-18b5e06be39b8bf3,0.18305084745762712,0.226890756302521
1dab88fb-51f2162ff7b89da6,ee65f7f5-1e35238cc525d211,0.182648401826484,0.2
5f3a2a70-7e7132af5f165fed,3cb8c2b7-3b343b9c1230c9a9,0.18181818181818182,0.19298245614035087
be7b6026-09b6f45cb3f4dcbf,ea09d197-8e021149835971f2,0.18181818181818182,0.2457627118644068
3ef54b1a-bbe16b6aa665cf7a,5766f176-9f15e33836acbd90,0.1810344827586207,0.19626168224299065
cb032314-fb484bfcea6887a1,5f3a2a70-7e7132af5f165fed,0.18099547511312217,0.18691588785046728
4138b081-df128b5917b86c3a,e201bc2e-99875a930dddcf4c,0.18099547511312217,0.21978021978021978
e9144440-22d84bb8077fea98,bac616ee-c3b4ccc04d2e37c9,0.18095238095238095,0.20212765957446807
4851a411-1aad55694aed96ce,d1391025-de507cd89cd5a32c,0.18032786885245902,0.18487394957983194
c022c315-43c02b60e0b693ec,dd994c01-f2c1d30ddd7763b7,0.18032786885245902,0.20754716981132076
624b8db5-76074833ecd8964e,7b5f64b7-a45aba81ff1cc20a,0.18032786885245902,0.20754716981132076
d6bbd286-f2f535fcfb52ba2d,c18048bf-3dd1ac464611ce1b,0.18018018018018017,0.20408163265306123
a18cb2c1-accb5a09ff71e324,5d175166-d7eb91b0ba348513,0.18009478672985782,0.21348314606741572
eacc407e-e9009b7370718e2a,9f354c5c-b373662e7955b701,0.18,0.20454545454545456
e9144440-22d84bb8077fea98,f59d9b6e-c1de27bc848129d8,0.17989417989417988,0.18085106382978725
ee65f7f5-1e35238cc525d211,4dc0247e-13eba9611270ccef,0.17959183673469387,0.18487394957983194
5f3a2a70-7e7132af5f165fed,d0e27497-17560ea28b7eb692,0.1794871794871795,0.18421052631578946
71e0f2e5-6461f7753909c3fa,ea09d197-8e021149835971f2,0.17940199335548174,0.27
c022c315-43c02b60e0b693ec,a6229ee9-ca84c4eb8dc05b96,0.17937219730941703,0.18867924528301888
7d9b95c0-cc4719dcf220c9bd,4851a411-1aad55694aed96ce,0.17937219730941703,0.19230769230769232
e9144440-22d84bb8077fea98,3ef54b1a-bbe16b6aa665cf7a,0.1791044776119403,0.19148936170212766
e9144440-22d84bb8077fea98,cb032314-fb484bfcea6887a1,0.1791044776119403,0.19148936170212766
5be7547e-a979d9c3ad92fc00,a7063d01-b250ce5b61370c18,0.17886178861788618,0.2037037037037037
d0e27497-17560ea28b7eb692,4dc0247e-13eba9611270ccef,0.17886178861788618,0.18333333333333332
5d175166-d7eb91b0ba348513,68cdd55d-659b6c9eb253196a,0.17880794701986755,0.22131147540983606
b226c49a-4614ebd95c760df1,99ccaa44-52b4219b81f86382,0.17872340425531916,0.1794871794871795
b7de5c19-2ed8ee5dd920df33,b5da712b-18b5e06be39b8bf3,0.17869415807560138,0.22608695652173913
ee65f7f5-1e35238cc525d211,e9986d44-e8f3129633721b12,0.17843866171003717,0.20168067226890757
2db37cb1-4675ecce014d7e7e,99ccaa44-52b4219b81f86382,0.1784037558685446,0.2
e9144440-22d84bb8077fea98,e00b1794-b8b52eb5aca70bd6,0.1784037558685446,0.20212765957446807
eacc407e-e9009b7370718e2a,5f3a2a70-7e7132af5f165fed,0.1782178217821782,0.20454545454545456
a6229ee9-ca84c4eb8dc05b96,e201bc2e-99875a930dddcf4c,0.17813765182186234,0.18803418803418803
5d175166-d7eb91b0ba348513,5766f176-9f15e33836acbd90,0.17813765182186234,0.18032786885245902
b226c49a-4614ebd95c760df1,4851a411-1aad55694aed96ce,0.17796610169491525,0.1794871794871795
e9986d44-e8f3129633721b12,b5da712b-18b5e06be39b8bf3,0.17791411042944785,0.19333333333333333
a6532df9-dec90ada04fb7078,ea09d197-8e021149835971f2,0.17777777777777778,0.24561403508771928
90f01508-bde4de16d9f628d8,ee65f7f5-1e35238cc525d211,0.17777777777777778,0.18867924528301888
127af3a7-094496bd76edbde1,68cdd55d-659b6c9eb253196a,0.17777777777777778,0.26666666666666666
1dab88fb-51f2162ff7b89da6,5f3a2a70-7e7132af5f165fed,0.17757009345794392,0.19
9f354c5c-b373662e7955b701,608ee4fb-c754af5041f8feb8,0.1774193548387097,0.19642857142857142
4138b081-df128b5917b86c3a,68cdd55d-659b6c9eb253196a,0.17712177121771217,0.26373626373626374
f59d9b6e-c1de27bc848129d8,b5da712b-18b5e06be39b8bf3,0.17712177121771217,0.25263157894736843
4be01508-4f29ad0cda264cb0,5f3a2a70-7e7132af5f165fed,0.17674418604651163,0.18811881188118812
e9144440-22d84bb8077fea98,9c55bc1b-63f7691a1f090041,0.17674418604651163,0.20212765957446807
a18cb2c1-accb5a09ff71e324,b7de5c19-2ed8ee5dd920df33,0.17647058823529413,0.20224719101123595
d6bbd286-f2f535fcfb52ba2d,90f01508-bde4de16d9f628d8,0.17647058823529413,0.1836734693877551
d6bbd286-f2f535fcfb52ba2d,624b8db5-76074833ecd8964e,0.17647058823529413,0.1836734693877551
e00b1794-b8b52eb5aca70bd6,3e1442a3-28735246a67c449d,0.17624521072796934,0.19327731092436976
4138b081-df128b5917b86c3a,d1391025-de507cd89cd5a32c,0.17592592592592593,0.2087912087912088
624b8db5-76074833ecd8964e,ea09d197-8e021149835971f2,0.1758957654723127,0.25471698113207547
cb032314-fb484bfcea6887a1,ac4d0fc5-afb1f60dca8213a5,0.17543859649122806,0.18691588785046728
5f3a2a70-7e7132af5f165fed,4dc0247e-13eba9611270ccef,0.175,0.18421052631578946
99ccaa44-52b4219b81f86382,5d175166-d7eb91b0ba348513,0.175,0.17796610169491525
624b8db5-76074833ecd8964e,07038b12-376304921645bf39,0.175,0.19811320754716982
7d9b95c0-cc4719dcf220c9bd,5766f176-9f15e33836acbd90,0.17467248908296942,0.19230769230769232
5f3a2a70-7e7132af5f165fed,a7063d01-b250ce5b61370c18,0.1746031746031746,0.19298245614035087
2db37cb1-4675ecce014d7e7e,68cdd55d-659b6c9eb253196a,0.17454545454545456,0.25263157894736843
127af3a7-094496bd76edbde1,3cb8c2b7-3b343b9c1230c9a9,0.1743119266055046,0.2111111111111111
4dc0247e-13eba9611270ccef,dd994c01-f2c1d30ddd7763b7,0.17424242424242425,0.18253968253968253
b5da712b-18b5e06be39b8bf3,68cdd55d-659b6c9eb253196a,0.17415730337078653,0.17613636363636365
71e0f2e5-6461f7753909c3fa,b5da712b-18b5e06be39b8bf3,0.17391304347826086,0.24
07038b12-376304921645bf39,3e1442a3-28735246a67c449d,0.17391304347826086,0.1791044776119403
4be01508-4f29ad0cda264cb0,99ccaa44-52b4219b81f86382,0.1735159817351598,0.18811881188118812
bac616ee-c3b4ccc04d2e37c9,dd994c01-f2c1d30ddd7763b7,0.1732283464566929,0.1896551724137931
5f3a2a70-7e7132af5f165fed,b226c49a-4614ebd95c760df1,0.17316017316017315,0.17543859649122806
9d33ca79-37b37de2efc3dd5f,d0e27497-17560ea28b7eb692,0.17316017316017315,0.18018018018018017
4851a411-1aad55694aed96ce,608ee4fb-c754af5041f8feb8,0.17254901960784313,0.18487394957983194
a6229ee9-ca84c4eb8dc05b96,a7063d01-b250ce5b61370c18,0.17254901960784313,0.18803418803418803
b226c49a-4614ebd95c760df1,a7063d01-b250ce5b61370c18,0.17254901960784313,0.18803418803418803
cb032314-fb484bfcea6887a1,5766f176-9f15e33836acbd90,0.1724137931034483,0.18691588785046728
a6532df9-dec90ada04fb7078,e201bc2e-99875a930dddcf4c,0.1721311475409836,0.18421052631578946
be7b6026-09b6f45cb3f4dcbf,4dc0247e-13eba9611270ccef,0.1721311475409836,0.17796610169491525
624b8db5-76074833ecd8964e,fabb36ff-01a4820dc08dd0e2,0.17194570135746606,0.1792452830188679
99ccaa44-52b4219b81f86382,a7063d01-b250ce5b61370c18,0.171875,0.1864406779661017
5d175166-d7eb91b0ba348513,07038b12-376304921645bf39,0.171875,0.18032786885245902
5be7547e-a979d9c3ad92fc00,d1391025-de507cd89cd5a32c,0.17167381974248927,0.18518518518518517
fabb36ff-01a4820dc08dd0e2,99ccaa44-52b4219b81f86382,0.17167381974248927,0.17391304347826086
f59d9b6e-c1de27bc848129d8,dd994c01-f2c1d30ddd7763b7,0.17167381974248927,0.21052631578947367
be7b6026-09b6f45cb3f4dcbf,e9986d44-e8f3129633721b12,0.17164179104477612,0.19491525423728814
bac616ee-c3b4ccc04d2e37c9,b5da712b-18b5e06be39b8bf3,0.17123287671232876,0.21551724137931033
e00b1794-b8b52eb5aca70bd6,dd994c01-f2c1d30ddd7763b7,0.17120622568093385,0.18487394957983194
9c55bc1b-63f7691a1f090041,a7063d01-b250ce5b61370c18,0.16988416988416988,0.18181818181818182
624b8db5-76074833ecd8964e,90f01508-bde4de16d9f628d8,0.16981132075471697,0.16981132075471697
b226c49a-4614ebd95c760df1,76791c9f-29501ea96834bd73,0.16974169741697417,0.19658119658119658
7d9b95c0-cc4719dcf220c9bd,d0e27497-17560ea28b7eb692,0.16964285714285715,0.18269230769230768
5f3a2a70-7e7132af5f165fed,07038b12-376304921645bf39,0.1693548387096774,0.18421052631578946
f59d9b6e-c1de27bc848129d8,c022c315-43c02b60e0b693ec,0.1691542288557214,0.17894736842105263
624b8db5-76074833ecd8964e,ee65f7f5-1e35238cc525d211,0.1688888888888889,0.1792452830188679
cb032314-fb484bfcea6887a1,e201bc2e-99875a930dddcf4c,0.16877637130801687,0.18691588785046728
2db37cb1-4675ecce014d7e7e,e00b1794-b8b52eb5aca70bd6,0.16822429906542055,0.18947368421052632
5be7547e-a979d9c3ad92fc00,99ccaa44-52b4219b81f86382,0.168141592920354,0.17592592592592593
f729338f-26a6bad836e34e30,b226c49a-4614ebd95c760df1,0.168141592920354,0.1743119266055046
5f3a2a70-7e7132af5f165fed,608ee4fb-c754af5041f8feb8,0.168,0.18421052631578946
2560850b-80df02a36bf4aa7d,e9986d44-e8f3129633721b12,0.1678832116788321,0.18548387096774194
f729338f-26a6bad836e34e30,ea09d197-8e021149835971f2,0.16774193548387098,0.23853211009174313
eacc407e-e9009b7370718e2a,b7de5c19-2ed8ee5dd920df33,0.16748768472906403,0.19318181818181818
3ef54b1a-bbe16b6aa665cf7a,5be7547e-a979d9c3ad92fc00,0.16744186046511628,0.16822429906542055
7d9b95c0-cc4719dcf220c9bd,2722ef48-8ac883dda8932dca,0.16744186046511628,0.17307692307692307
a18cb2c1-accb5a09ff71e324,dd994c01-f2c1d30ddd7763b7,0.16740088105726872,0.21348314606741572
f729338f-26a6bad836e34e30,76791c9f-29501ea96834bd73,0.16730038022813687,0.2018348623853211
e7a997b5-36e13ad4fcd78966,68cdd55d-659b6c9eb253196a,0.1672473867595819,0.22429906542056074
127af3a7-094496bd76edbde1,a7063d01-b250ce5b61370c18,0.16666666666666666,0.2111111111111111
f729338f-26a6bad836e34e30,5647d16e-1e89cf0c42fbaffc,0.16606498194945848,0.21100917431192662
b226c49a-4614ebd95c760df1,2560850b-80df02a36bf4aa7d,0.16597510373443983,0.17094017094017094
9d33ca79-37b37de2efc3dd5f,e201bc2e-99875a930dddcf4c,0.16597510373443983,0.18018018018018017
a7063d01-b250ce5b61370c18,b5da712b-18b5e06be39b8bf3,0.16560509554140126,0.18840579710144928
c022c315-43c02b60e0b693ec,608ee4fb-c754af5041f8feb8,0.1652892561983471,0.18867924528301888
7d9b95c0-cc4719dcf220c9bd,dd994c01-f2c1d30ddd7763b7,0.1652892561983471,0.19230769230769232
1dab88fb-51f2162ff7b89da6,be7b6026-09b6f45cb3f4dcbf,0.1651376146788991,0.18
d1391025-de507cd89cd5a32c,e201bc2e-99875a930dddcf4c,0.16470588235294117,0.168
ee65f7f5-1e35238cc525d211,608ee4fb-c754af5041f8feb8,0.16470588235294117,0.17647058823529413
e7a997b5-36e13ad4fcd78966,608ee4fb-c754af5041f8feb8,0.1646090534979424,0.18691588785046728
4138b081-df128b5917b86c3a,ea09d197-8e021149835971f2,0.1643835616438356,0.26373626373626374
4be01508-4f29ad0cda264cb0,624b8db5-76074833ecd8964e,0.1642512077294686,0.16831683168316833
d1391025-de507cd89cd5a32c,68cdd55d-659b6c9eb253196a,0.16393442622950818,0.2
ee65f7f5-1e35238cc525d211,5766f176-9f15e33836acbd90,0.16393442622950818,0.16806722689075632
127af3a7-094496bd76edbde1,e201bc2e-99875a930dddcf4c,0.16363636363636364,0.2
d0e27497-17560ea28b7eb692,5766f176-9f15e33836acbd90,0.16326530612244897,0.16666666666666666
127af3a7-094496bd76edbde1,5647d16e-1e89cf0c42fbaffc,0.16279069767441862,0.23333333333333334
ee65f7f5-1e35238cc525d211,b5da712b-18b5e06be39b8bf3,0.16271186440677965,0.20168067226890757
e9144440-22d84bb8077fea98,ea09d197-8e021149835971f2,0.16271186440677965,0.2553191489361702
e9144440-22d84bb8077fea98,fabb36ff-01a4820dc08dd0e2,0.16267942583732056,0.18085106382978725
07a0e4dc-ba4be0dbb99e7b39,dd994c01-f2c1d30ddd7763b7,0.16260162601626016,0.18518518518518517
bac616ee-c3b4ccc04d2e37c9,68cdd55d-659b6c9eb253196a,0.16216216216216217,0.20689655172413793
e201bc2e-99875a930dddcf4c,76791c9f-29501ea96834bd73,0.1619718309859155,0.17692307692307693
7d9b95c0-cc4719dcf220c9bd,c022c315-43c02b60e0b693ec,0.1619047619047619,0.16346153846153846
624b8db5-76074833ecd8964e,76791c9f-29501ea96834bd73,0.16153846153846155,0.19811320754716982
ac4d0fc5-afb1f60dca8213a5,ea09d197-8e021149835971f2,0.16149068322981366,0.21487603305785125
f729338f-26a6bad836e34e30,b5da712b-18b5e06be39b8bf3,0.16140350877192983,0.21100917431192662
e201bc2e-99875a930dddcf4c,5647d16e-1e89cf0c42fbaffc,0.1610738255033557,0.18461538461538463
5d175166-d7eb91b0ba348513,b5da712b-18b5e06be39b8bf3,0.1610738255033557,0.19672131147540983
5f3a2a70-7e7132af5f165fed,5d175166-d7eb91b0ba348513,0.16101694915254236,0.16666666666666666
e9144440-22d84bb8077fea98,3e1442a3-28735246a67c449d,0.16101694915254236,0.20212765957446807
90f01508-bde4de16d9f628d8,be7b6026-09b6f45cb3f4dcbf,0.16071428571428573,0.16981132075471697
e9144440-22d84bb8077fea98,e201bc2e-99875a930dddcf4c,0.16071428571428573,0.19148936170212766
608ee4fb-c754af5041f8feb8,7b5f64b7-a45aba81ff1cc20a,0.16058394160583941,0.16176470588235295
d0e27497-17560ea28b7eb692,76791c9f-29501ea96834bd73,0.16058394160583941,0.18333333333333332
2560850b-80df02a36bf4aa7d,7b5f64b7-a45aba81ff1cc20a,0.16030534351145037,0.1693548387096774
4be01508-4f29ad0cda264cb0,5766f176-9f15e33836acbd90,0.1592920353982301,0.1782178217821782
c022c315-43c02b60e0b693ec,5be7547e-a979d9c3ad92fc00,0.1588785046728972,0.16037735849056603
127af3a7-094496bd76edbde1,2560850b-80df02a36bf4aa7d,0.1588785046728972,0.18888888888888888
be7b6026-09b6f45cb3f4dcbf,07038b12-376304921645bf39,0.15873015873015872,0.1694915254237288
4851a411-1aad55694aed96ce,ac4d0fc5-afb1f60dca8213a5,0.15833333333333333,0.15966386554621848
4138b081-df128b5917b86c3a,2560850b-80df02a36bf4aa7d,0.15813953488372093,0.18681318681318682
875ed4c8-f9463c2dd1e07513,4851a411-1aad55694aed96ce,0.15789473684210525,0.1651376146788991
2db37cb1-4675ecce014d7e7e,f59d9b6e-c1de27bc848129d8,0.15789473684210525,0.15789473684210525
3cb8c2b7-3b343b9c1230c9a9,a7063d01-b250ce5b61370c18,0.15789473684210525,0.1640625
2db37cb1-4675ecce014d7e7e,07a0e4dc-ba4be0dbb99e7b39,0.15763546798029557,0.16842105263157894
e9144440-22d84bb8077fea98,f729338f-26a6bad836e34e30,0.15763546798029557,0.1702127659574468
3e1442a3-28735246a67c449d,ea09d197-8e021149835971f2,0.15743440233236153,0.19014084507042253
7b5f64b7-a45aba81ff1cc20a,68cdd55d-659b6c9eb253196a,0.15723270440251572,0.18115942028985507
7d9b95c0-cc4719dcf220c9bd,b5da712b-18b5e06be39b8bf3,0.15714285714285714,0.21153846153846154
be7b6026-09b6f45cb3f4dcbf,2560850b-80df02a36bf4aa7d,0.15702479338842976,0.16101694915254236
a6229ee9-ca84c4eb8dc05b96,b5da712b-18b5e06be39b8bf3,0.15699658703071673,0.19658119658119658
b226c49a-4614ebd95c760df1,dd994c01-f2c1d30ddd7763b7,0.1568627450980392,0.17094017094017094
99ccaa44-52b4219b81f86382,e9986d44-e8f3129633721b12,0.15671641791044777,0.17796610169491525
e201bc2e-99875a930dddcf4c,dd994c01-f2c1d30ddd7763b7,0.15671641791044777,0.16153846153846155
45e38fad-bcda76c8886dac1a,3e1442a3-28735246a67c449d,0.15637860082304528,0.18811881188118812
4851a411-1aad55694aed96ce,ea09d197-8e021149835971f2,0.15625,0.21008403361344538
1dab88fb-51f2162ff7b89da6,99ccaa44-52b4219b81f86382,0.1559633027522936,0.17
875ed4c8-f9463c2dd1e07513,f729338f-26a6bad836e34e30,0.1559633027522936,0.1559633027522936
a18cb2c1-accb5a09ff71e324,5647d16e-1e89cf0c42fbaffc,0.1556420233463035,0.2247191011235955
eacc407e-e9009b7370718e2a,99ccaa44-52b4219b81f86382,0.1553398058252427,0.18181818181818182
f59d9b6e-c1de27bc848129d8,2560850b-80df02a36bf4aa7d,0.1552511415525114,0.17894736842105263
07038b12-376304921645bf39,ea09d197-8e021149835971f2,0.15522388059701492,0.19402985074626866
624b8db5-76074833ecd8964e,4dc0247e-13eba9611270ccef,0.15517241379310345,0.16981132075471697
127af3a7-094496bd76edbde1,3e1442a3-28735246a67c449d,0.15517241379310345,0.2
c022c315-43c02b60e0b693ec,a6532df9-dec90ada04fb7078,0.15454545454545454,0.16037735849056603
3ef54b1a-bbe16b6aa665cf7a,5f3a2a70-7e7132af5f165fed,0.15384615384615385,0.1588785046728972
1dab88fb-51f2162ff7b89da6,ac4d0fc5-afb1f60dca8213a5,0.15384615384615385,0.17
2560850b-80df02a36bf4aa7d,ea09d197-8e021149835971f2,0.15384615384615385,0.20161290322580644
f729338f-26a6bad836e34e30,9f354c5c-b373662e7955b701,0.15384615384615385,0.1559633027522936
b7de5c19-2ed8ee5dd920df33,d0e27497-17560ea28b7eb692,0.15319148936170213,0.1565217391304348
4be01508-4f29ad0cda264cb0,ac4d0fc5-afb1f60dca8213a5,0.15315315315315314,0.16831683168316833
cb032314-fb484bfcea6887a1,b7de5c19-2ed8ee5dd920df33,0.15315315315315314,0.1588785046728972
ac4d0fc5-afb1f60dca8213a5,68cdd55d-659b6c9eb253196a,0.15282392026578073,0.19008264462809918
d6bbd286-f2f535fcfb52ba2d,d1391025-de507cd89cd5a32c,0.15246636771300448,0.17346938775510204
a7063d01-b250ce5b61370c18,dd994c01-f2c1d30ddd7763b7,0.15217391304347827,0.15217391304347827
624b8db5-76074833ecd8964e,ec8566b8-7dc900e0b721f219,0.15178571428571427,0.16037735849056603
3cb8c2b7-3b343b9c1230c9a9,b5da712b-18b5e06be39b8bf3,0.1513157894736842,0.1796875
5647d16e-1e89cf0c42fbaffc,b5da712b-18b5e06be39b8bf3,0.1511627906976744,0.15476190476190477
a18cb2c1-accb5a09ff71e324,b5da712b-18b5e06be39b8bf3,0.1509433962264151,0.2247191011235955
f729338f-26a6bad836e34e30,e201bc2e-99875a930dddcf4c,0.1506276150627615,0.1651376146788991
c022c315-43c02b60e0b693ec,d0e27497-17560ea28b7eb692,0.1504424778761062,0.16037735849056603
5be7547e-a979d9c3ad92fc00,be7b6026-09b6f45cb3f4dcbf,0.1504424778761062,0.1574074074074074
127af3a7-094496bd76edbde1,608ee4fb-c754af5041f8feb8,0.1504424778761062,0.18888888888888888
eacc407e-e9009b7370718e2a,a7063d01-b250ce5b61370c18,0.1504424778761062,0.19318181818181818
4851a411-1aad55694aed96ce,07038b12-376304921645bf39,0.15019762845849802,0.15966386554621848
1dab88fb-51f2162ff7b89da6,68cdd55d-659b6c9eb253196a,0.15,0.21
a18cb2c1-accb5a09ff71e324,a7063d01-b250ce5b61370c18,0.14977973568281938,0.19101123595505617
624b8db5-76074833ecd8964e,07a0e4dc-ba4be0dbb99e7b39,0.14953271028037382,0.1509433962264151
3cb8c2b7-3b343b9c1230c9a9,68cdd55d-659b6c9eb253196a,0.14935064935064934,0.1796875
5be7547e-a979d9c3ad92fc00,ea09d197-8e021149835971f2,0.1488673139158576,0.21296296296296297
45e38fad-bcda76c8886dac1a,5f3a2a70-7e7132af5f165fed,0.14883720930232558,0.15841584158415842
624b8db5-76074833ecd8964e,875ed4c8-f9463c2dd1e07513,0.14883720930232558,0.1509433962264151
a6229ee9-ca84c4eb8dc05b96,5766f176-9f15e33836acbd90,0.1487603305785124,0.15384615384615385
a18cb2c1-accb5a09ff71e324,76791c9f-29501ea96834bd73,0.14814814814814814,0.20224719101123595
5be7547e-a979d9c3ad92fc00,b5da712b-18b5e06be39b8bf3,0.14788732394366197,0.19444444444444445
4851a411-1aad55694aed96ce,7b5f64b7-a45aba81ff1cc20a,0.14785992217898833,0.15966386554621848
127af3a7-094496bd76edbde1,76791c9f-29501ea96834bd73,0.14754098360655737,0.2
624b8db5-76074833ecd8964e,d1391025-de507cd89cd5a32c,0.1471861471861472,0.16037735849056603
5f3a2a70-7e7132af5f165fed,be7b6026-09b6f45cb3f4dcbf,0.14655172413793102,0.14912280701754385
9d33ca79-37b37de2efc3dd5f,ac4d0fc5-afb1f60dca8213a5,0.14655172413793102,0.15315315315315314
45e38fad-bcda76c8886dac1a,4851a411-1aad55694aed96ce,0.14545454545454545,0.15841584158415842
624b8db5-76074833ecd8964e,3cb8c2b7-3b343b9c1230c9a9,0.1452991452991453,0.16037735849056603
d1391025-de507cd89cd5a32c,a7063d01-b250ce5b61370c18,0.1444866920152091,0.152
5766f176-9f15e33836acbd90,68cdd55d-659b6c9eb253196a,0.14426229508196722,0.176
a6532df9-dec90ada04fb7078,5d175166-d7eb91b0ba348513,0.1440677966101695,0.14912280701754385
a6229ee9-ca84c4eb8dc05b96,4851a411-1aad55694aed96ce,0.1440677966101695,0.1452991452991453
90f01508-bde4de16d9f628d8,e201bc2e-99875a930dddcf4c,0.1440677966101695,0.16037735849056603
bac616ee-c3b4ccc04d2e37c9,d0e27497-17560ea28b7eb692,0.1440677966101695,0.14655172413793102
f59d9b6e-c1de27bc848129d8,a6532df9-dec90ada04fb7078,0.14354066985645933,0.15789473684210525
624b8db5-76074833ecd8964e,a6229ee9-ca84c4eb8dc05b96,0.14349775784753363,0.1509433962264151
fabb36ff-01a4820dc08dd0e2,608ee4fb-c754af5041f8feb8,0.14342629482071714,0.1565217391304348
d0e27497-17560ea28b7eb692,ea09d197-8e021149835971f2,0.14330218068535824,0.19166666666666668
a6532df9-dec90ada04fb7078,dd994c01-f2c1d30ddd7763b7,0.14285714285714285,0.15789473684210525
c18048bf-3dd1ac464611ce1b,3e1442a3-28735246a67c449d,0.14285714285714285,0.1532258064516129
1dab88fb-51f2162ff7b89da6,dd994c01-f2c1d30ddd7763b7,0.14285714285714285,0.17
1dab88fb-51f2162ff7b89da6,a7063d01-b250ce5b61370c18,0.14285714285714285,0.17
eacc407e-e9009b7370718e2a,608ee4fb-c754af5041f8feb8,0.14285714285714285,0.18181818181818182
b7de5c19-2ed8ee5dd920df33,dd994c01-f2c1d30ddd7763b7,0.1422924901185771,0.1565217391304348
fabb36ff-01a4820dc08dd0e2,2560850b-80df02a36bf4aa7d,0.14225941422594143,0.14782608695652175
d5dc6626-b5717fe2f41934aa,d0e27497-17560ea28b7eb692,0.14222222222222222,0.1523809523809524
1dab88fb-51f2162ff7b89da6,5766f176-9f15e33836acbd90,0.14222222222222222,0.16
e00b1794-b8b52eb5aca70bd6,ac4d0fc5-afb1f60dca8213a5,0.14166666666666666,0.14285714285714285
ee65f7f5-1e35238cc525d211,ac4d0fc5-afb1f60dca8213a5,0.14166666666666666,0.14285714285714285
e7a997b5-36e13ad4fcd78966,ee65f7f5-1e35238cc525d211,0.1415929203539823,0.14953271028037382
2db37cb1-4675ecce014d7e7e,a6229ee9-ca84c4eb8dc05b96,0.14150943396226415,0.15789473684210525
624b8db5-76074833ecd8964e,9c55bc1b-63f7691a1f090041,0.14096916299559473,0.1509433962264151
c022c315-43c02b60e0b693ec,cb032314-fb484bfcea6887a1,0.14084507042253522,0.14150943396226415
2db37cb1-4675ecce014d7e7e,ec8566b8-7dc900e0b721f219,0.14084507042253522,0.15789473684210525
e9144440-22d84bb8077fea98,b5da712b-18b5e06be39b8bf3,0.14074074074074075,0.20212765957446807
99ccaa44-52b4219b81f86382,dd994c01-f2c1d30ddd7763b7,0.140625,0.15254237288135594
a6532df9-dec90ada04fb7078,3e1442a3-28735246a67c449d,0.140625,0.15789473684210525
d0e27497-17560ea28b7eb692,608ee4fb-c754af5041f8feb8,0.140625,0.15
e00b1794-b8b52eb5aca70bd6,68cdd55d-659b6c9eb253196a,0.14046822742474915,0.17647058823529413
07a0e4dc-ba4be0dbb99e7b39,d0e27497-17560ea28b7eb692,0.14035087719298245,0.14814814814814814
e00b1794-b8b52eb5aca70bd6,a7063d01-b250ce5b61370c18,0.14007782101167315,0.15126050420168066
d0e27497-17560ea28b7eb692,68cdd55d-659b6c9eb253196a,0.14,0.175
be7b6026-09b6f45cb3f4dcbf,d1391025-de507cd89cd5a32c,0.13991769547325103,0.1440677966101695
99ccaa44-52b4219b81f86382,5766f176-9f15e33836acbd90,0.13991769547325103,0.1440677966101695
4be01508-4f29ad0cda264cb0,3e1442a3-28735246a67c449d,0.13991769547325103,0.16831683168316833
f59d9b6e-c1de27bc848129d8,d0e27497-17560ea28b7eb692,0.13953488372093023,0.15789473684210525
2db37cb1-4675ecce014d7e7e,c022c315-43c02b60e0b693ec,0.13930348258706468,0.14736842105263157
608ee4fb-c754af5041f8feb8,68cdd55d-659b6c9eb253196a,0.13924050632911392,0.16176470588235295
d0e27497-17560ea28b7eb692,d1391025-de507cd89cd5a32c,0.13877551020408163,0.14166666666666666
4be01508-4f29ad0cda264cb0,e201bc2e-99875a930dddcf4c,0.13852813852813853,0.15841584158415842
f729338f-26a6bad836e34e30,5d175166-d7eb91b0ba348513,0.13852813852813853,0.14678899082568808
9f354c5c-b373662e7955b701,ee65f7f5-1e35238cc525d211,0.13852813852813853,0.14285714285714285
875ed4c8-f9463c2dd1e07513,68cdd55d-659b6c9eb253196a,0.1384083044982699,0.1834862385321101
ac4d0fc5-afb1f60dca8213a5,76791c9f-29501ea96834bd73,0.13818181818181818,0.15702479338842976
76791c9f-29501ea96834bd73,68cdd55d-659b6c9eb253196a,0.1377245508982036,0.14935064935064934
c9da41af-61c7ab50f69bb737,b5da712b-18b5e06be39b8bf3,0.1377049180327869,0.16279069767441862
875ed4c8-f9463c2dd1e07513,a7063d01-b250ce5b61370c18,0.13765182186234817,0.1559633027522936
f59d9b6e-c1de27bc848129d8,a7063d01-b250ce5b61370c18,0.13733905579399142,0.16842105263157894
5766f176-9f15e33836acbd90,7b5f64b7-a45aba81ff1cc20a,0.13688212927756654,0.144
cb032314-fb484bfcea6887a1,3e1442a3-28735246a67c449d,0.13654618473895583,0.1588785046728972
2db37cb1-4675ecce014d7e7e,5766f176-9f15e33836acbd90,0.13636363636363635,0.15789473684210525
c022c315-43c02b60e0b693ec,c9da41af-61c7ab50f69bb737,0.13617021276595745,0.1509433962264151
2722ef48-8ac883dda8932dca,2560850b-80df02a36bf4aa7d,0.13617021276595745,0.14414414414414414
624b8db5-76074833ecd8964e,c9da41af-61c7ab50f69bb737,0.13617021276595745,0.1509433962264151
90f01508-bde4de16d9f628d8,b7de5c19-2ed8ee5dd920df33,0.13574660633484162,0.14150943396226415
3e1442a3-28735246a67c449d,76791c9f-29501ea96834bd73,0.13513513513513514,0.14084507042253522
5f3a2a70-7e7132af5f165fed,5647d16e-1e89cf0c42fbaffc,0.1347517730496454,0.16666666666666666
e9144440-22d84bb8077fea98,5f3a2a70-7e7132af5f165fed,0.1346153846153846,0.14893617021276595
b226c49a-4614ebd95c760df1,ac4d0fc5-afb1f60dca8213a5,0.13445378151260504,0.13675213675213677
2722ef48-8ac883dda8932dca,3e1442a3-28735246a67c449d,0.13438735177865613,0.15315315315315314
be7b6026-09b6f45cb3f4dcbf,ac4d0fc5-afb1f60dca8213a5,0.13389121338912133,0.13559322033898305
be7b6026-09b6f45cb3f4dcbf,9c55bc1b-63f7691a1f090041,0.13389121338912133,0.13559322033898305
9f354c5c-b373662e7955b701,3e1442a3-28735246a67c449d,0.13385826771653545,0.15178571428571427
d0e27497-17560ea28b7eb692,07038b12-376304921645bf39,0.13385826771653545,0.14166666666666666
3ef54b1a-bbe16b6aa665cf7a,be7b6026-09b6f45cb3f4dcbf,0.13333333333333333,0.14018691588785046
90f01508-bde4de16d9f628d8,07038b12-376304921645bf39,0.13333333333333333,0.1509433962264151
eacc407e-e9009b7370718e2a,5d175166-d7eb91b0ba348513,0.13333333333333333,0.1590909090909091
624b8db5-76074833ecd8964e,68cdd55d-659b6c9eb253196a,0.13286713286713286,0.1792452830188679
a6229ee9-ca84c4eb8dc05b96,2560850b-80df02a36bf4aa7d,0.13278008298755187,0.13675213675213677
2722ef48-8ac883dda8932dca,e201bc2e-99875a930dddcf4c,0.13278008298755187,0.14414414414414414
fabb36ff-01a4820dc08dd0e2,3e1442a3-28735246a67c449d,0.13229571984435798,0.14782608695652175
eacc407e-e9009b7370718e2a,76791c9f-29501ea96834bd73,0.1322314049586777,0.18181818181818182
f729338f-26a6bad836e34e30,be7b6026-09b6f45cb3f4dcbf,0.13215859030837004,0.13761467889908258
127af3a7-094496bd76edbde1,5d175166-d7eb91b0ba348513,0.1320754716981132,0.15555555555555556
4138b081-df128b5917b86c3a,c022c315-43c02b60e0b693ec,0.1319796954314721,0.14285714285714285
3cb8c2b7-3b343b9c1230c9a9,e201bc2e-99875a930dddcf4c,0.13178294573643412,0.1328125
d0e27497-17560ea28b7eb692,dd994c01-f2c1d30ddd7763b7,0.13178294573643412,0.14166666666666666
7d9b95c0-cc4719dcf220c9bd,76791c9f-29501ea96834bd73,0.13178294573643412,0.16346153846153846
d6bbd286-f2f535fcfb52ba2d,b7de5c19-2ed8ee5dd920df33,0.13145539906103287,0.14285714285714285
a6229ee9-ca84c4eb8dc05b96,3e1442a3-28735246a67c449d,0.13127413127413126,0.1452991452991453
b226c49a-4614ebd95c760df1,3e1442a3-28735246a67c449d,0.13127413127413126,0.1452991452991453
2db37cb1-4675ecce014d7e7e,7d9b95c0-cc4719dcf220c9bd,0.1306532663316583,0.1368421052631579
99ccaa44-52b4219b81f86382,c9da41af-61c7ab50f69bb737,0.12955465587044535,0.13559322033898305
a6532df9-dec90ada04fb7078,68cdd55d-659b6c9eb253196a,0.1292517006802721,0.16666666666666666
a6532df9-dec90ada04fb7078,4851a411-1aad55694aed96ce,0.12875536480686695,0.13157894736842105
71e0f2e5-6461f7753909c3fa,be7b6026-09b6f45cb3f4dcbf,0.12844036697247707,0.14
07038b12-376304921645bf39,68cdd55d-659b6c9eb253196a,0.12738853503184713,0.14925373134328357
eacc407e-e9009b7370718e2a,b226c49a-4614ebd95c760df1,0.12682926829268293,0.14772727272727273
127af3a7-094496bd76edbde1,b226c49a-4614ebd95c760df1,0.12560386473429952,0.14444444444444443
99ccaa44-52b4219b81f86382,9c55bc1b-63f7691a1f090041,0.12552301255230125,0.1271186440677966
c022c315-43c02b60e0b693ec,99ccaa44-52b4219b81f86382,0.125,0.1320754716981132
c022c315-43c02b60e0b693ec,07038b12-376304921645bf39,0.125,0.14150943396226415
624b8db5-76074833ecd8964e,e9986d44-e8f3129633721b12,0.125,0.1509433962264151
ee65f7f5-1e35238cc525d211,ea09d197-8e021149835971f2,0.125,0.16806722689075632
7d9b95c0-cc4719dcf220c9bd,a7063d01-b250ce5b61370c18,0.12396694214876033,0.14423076923076922
eacc407e-e9009b7370718e2a,c022c315-43c02b60e0b693ec,0.12371134020618557,0.13636363636363635
2722ef48-8ac883dda8932dca,68cdd55d-659b6c9eb253196a,0.12371134020618557,0.16216216216216217
127af3a7-094496bd76edbde1,ea09d197-8e021149835971f2,0.12371134020618557,0.2
ac4d0fc5-afb1f60dca8213a5,5d175166-d7eb91b0ba348513,0.12345679012345678,0.12396694214876033
a18cb2c1-accb5a09ff71e324,624b8db5-76074833ecd8964e,0.12307692307692308,0.1348314606741573
5d175166-d7eb91b0ba348513,a7063d01-b250ce5b61370c18,0.12307692307692308,0.13114754098360656
ee65f7f5-1e35238cc525d211,d1391025-de507cd89cd5a32c,0.12295081967213115,0.12605042016806722
45e38fad-bcda76c8886dac1a,b5da712b-18b5e06be39b8bf3,0.12274368231046931,0.16831683168316833
07038b12-376304921645bf39,b5da712b-18b5e06be39b8bf3,0.12258064516129032,0.1417910447761194
608ee4fb-c754af5041f8feb8,3e1442a3-28735246a67c449d,0.1223021582733813,0.125
5be7547e-a979d9c3ad92fc00,76791c9f-29501ea96834bd73,0.12213740458015267,0.14814814814814814
e9144440-22d84bb8077fea98,d0e27497-17560ea28b7eb692,0.12149532710280374,0.13829787234042554
dd994c01-f2c1d30ddd7763b7,3e1442a3-28735246a67c449d,0.12142857142857143,0.12318840579710146
be7b6026-09b6f45cb3f4dcbf,68cdd55d-659b6c9eb253196a,0.12080536912751678,0.15254237288135594
5f3a2a70-7e7132af5f165fed,ea09d197-8e021149835971f2,0.12063492063492064,0.16666666666666666
d6bbd286-f2f535fcfb52ba2d,ea09d197-8e021149835971f2,0.12040133779264214,0.1836734693877551
07a0e4dc-ba4be0dbb99e7b39,b5da712b-18b5e06be39b8bf3,0.11971830985915492,0.1574074074074074
d1391025-de507cd89cd5a32c,b5da712b-18b5e06be39b8bf3,0.11960132890365449,0.144
875ed4c8-f9463c2dd1e07513,b5da712b-18b5e06be39b8bf3,0.11929824561403508,0.1559633027522936
5d175166-d7eb91b0ba348513,e201bc2e-99875a930dddcf4c,0.11904761904761904,0.12295081967213115
a18cb2c1-accb5a09ff71e324,68cdd55d-659b6c9eb253196a,0.11895910780669144,0.1797752808988764
cb032314-fb484bfcea6887a1,68cdd55d-659b6c9eb253196a,0.11846689895470383,0.1588785046728972
a18cb2c1-accb5a09ff71e324,5f3a2a70-7e7132af5f165fed,0.11822660098522167,0.1348314606741573
2db37cb1-4675ecce014d7e7e,f729338f-26a6bad836e34e30,0.11764705882352941,0.12631578947368421
a18cb2c1-accb5a09ff71e324,b226c49a-4614ebd95c760df1,0.11650485436893204,0.1348314606741573
624b8db5-76074833ecd8964e,99ccaa44-52b4219b81f86382,0.11607142857142858,0.12264150943396226
cb032314-fb484bfcea6887a1,99ccaa44-52b4219b81f86382,0.11555555555555555,0.12149532710280374
e201bc2e-99875a930dddcf4c,ea09d197-8e021149835971f2,0.1148036253776435,0.14615384615384616
d0e27497-17560ea28b7eb692,3e1442a3-28735246a67c449d,0.11450381679389313,0.125
5f3a2a70-7e7132af5f165fed,a6532df9-dec90ada04fb7078,0.11403508771929824,0.11403508771929824
e9144440-22d84bb8077fea98,b226c49a-4614ebd95c760df1,0.11374407582938388,0.1276595744680851
624b8db5-76074833ecd8964e,c18048bf-3dd1ac464611ce1b,0.11304347826086956,0.12264150943396226
a18cb2c1-accb5a09ff71e324,90f01508-bde4de16d9f628d8,0.11282051282051282,0.12359550561797752
e9144440-22d84bb8077fea98,4851a411-1aad55694aed96ce,0.11267605633802817,0.1276595744680851
2db37cb1-4675ecce014d7e7e,ee65f7f5-1e35238cc525d211,0.11214953271028037,0.12631578947368421
cb032314-fb484bfcea6887a1,e7a997b5-36e13ad4fcd78966,0.11214953271028037,0.11214953271028037
a6532df9-dec90ada04fb7078,76791c9f-29501ea96834bd73,0.11194029850746269,0.13157894736842105
2db37cb1-4675ecce014d7e7e,a7063d01-b250ce5b61370c18,0.11158798283261803,0.1368421052631579
875ed4c8-f9463c2dd1e07513,3e1442a3-28735246a67c449d,0.11155378486055777,0.12844036697247707
2560850b-80df02a36bf4aa7d,3cb8c2b7-3b343b9c1230c9a9,0.1111111111111111,0.11290322580645161
ac4d0fc5-afb1f60dca8213a5,5647d16e-1e89cf0c42fbaffc,0.11072664359861592,0.1322314049586777
a6532df9-dec90ada04fb7078,b5da712b-18b5e06be39b8bf3,0.1103448275862069,0.14035087719298245
c18048bf-3dd1ac464611ce1b,e201bc2e-99875a930dddcf4c,0.11023622047244094,0.11290322580645161
2db37cb1-4675ecce014d7e7e,3e1442a3-28735246a67c449d,0.10970464135021098,0.1368421052631579
e9144440-22d84bb8077fea98,d1391025-de507cd89cd5a32c,0.1095890410958904,0.1276595744680851
c022c315-43c02b60e0b693ec,5f3a2a70-7e7132af5f165fed,0.10909090909090909,0.11320754716981132
624b8db5-76074833ecd8964e,5f3a2a70-7e7132af5f165fed,0.10909090909090909,0.11320754716981132
624b8db5-76074833ecd8964e,a6532df9-dec90ada04fb7078,0.10909090909090909,0.11320754716981132
d6bbd286-f2f535fcfb52ba2d,5d175166-d7eb91b0ba348513,0.10909090909090909,0.12244897959183673
ac4d0fc5-afb1f60dca8213a5,b5da712b-18b5e06be39b8bf3,0.10774410774410774,0.1322314049586777
5be7547e-a979d9c3ad92fc00,b7de5c19-2ed8ee5dd920df33,0.10762331838565023,0.1111111111111111
d6bbd286-f2f535fcfb52ba2d,3ef54b1a-bbe16b6aa665cf7a,0.1073170731707317,0.11224489795918367
ee65f7f5-1e35238cc525d211,68cdd55d-659b6c9eb253196a,0.10702341137123746,0.13445378151260504
e9144440-22d84bb8077fea98,5647d16e-1e89cf0c42fbaffc,0.10687022900763359,0.14893617021276595
d0e27497-17560ea28b7eb692,2560850b-80df02a36bf4aa7d,0.10655737704918032,0.10833333333333334
9c55bc1b-63f7691a1f090041,3e1442a3-28735246a67c449d,0.10646387832699619,0.11570247933884298
d6bbd286-f2f535fcfb52ba2d,875ed4c8-f9463c2dd1e07513,0.10628019323671498,0.11224489795918367
3ef54b1a-bbe16b6aa665cf7a,4851a411-1aad55694aed96ce,0.10619469026548672,0.11214953271028037
dd994c01-f2c1d30ddd7763b7,ea09d197-8e021149835971f2,0.10619469026548672,0.13043478260869565
3ef54b1a-bbe16b6aa665cf7a,dd994c01-f2c1d30ddd7763b7,0.10612244897959183,0.12149532710280374
3e1442a3-28735246a67c449d,68cdd55d-659b6c9eb253196a,0.10559006211180125,0.11971830985915492
c022c315-43c02b60e0b693ec,68cdd55d-659b6c9eb253196a,0.1048951048951049,0.14150943396226415
eacc407e-e9009b7370718e2a,3e1442a3-28735246a67c449d,0.10434782608695652,0.13636363636363635
f729338f-26a6bad836e34e30,68cdd55d-659b6c9eb253196a,0.10380622837370242,0.13761467889908258
f729338f-26a6bad836e34e30,3e1442a3-28735246a67c449d,0.10358565737051793,0.11926605504587157
f59d9b6e-c1de27bc848129d8,be7b6026-09b6f45cb3f4dcbf,0.10328638497652583,0.11578947368421053
624b8db5-76074833ecd8964e,e7a997b5-36e13ad4fcd78966,0.10328638497652583,0.10377358490566038
07038b12-376304921645bf39,dd994c01-f2c1d30ddd7763b7,0.10294117647058823,0.1044776119402985
e9144440-22d84bb8077fea98,68cdd55d-659b6c9eb253196a,0.10218978102189781,0.14893617021276595
624b8db5-76074833ecd8964e,e201bc2e-99875a930dddcf4c,0.1016949152542373,0.11320754716981132
d6bbd286-f2f535fcfb52ba2d,e00b1794-b8b52eb5aca70bd6,0.10138248847926268,0.11224489795918367
d6bbd286-f2f535fcfb52ba2d,ee65f7f5-1e35238cc525d211,0.10138248847926268,0.11224489795918367
4851a411-1aad55694aed96ce,ee65f7f5-1e35238cc525d211,0.10084033613445378,0.10084033613445378
bac616ee-c3b4ccc04d2e37c9,3e1442a3-28735246a67c449d,0.10077519379844961,0.11206896551724138
99ccaa44-52b4219b81f86382,68cdd55d-659b6c9eb253196a,0.10067114093959731,0.1271186440677966
3e1442a3-28735246a67c449d,b5da712b-18b5e06be39b8bf3,0.10062893081761007,0.11267605633802817
2db37cb1-4675ecce014d7e7e,2560850b-80df02a36bf4aa7d,0.1004566210045662,0.11578947368421053
5f3a2a70-7e7132af5f165fed,d1391025-de507cd89cd5a32c,0.100418410041841,0.10526315789473684
45e38fad-bcda76c8886dac1a,dd994c01-f2c1d30ddd7763b7,0.100418410041841,0.1188118811881188
4be01508-4f29ad0cda264cb0,a7063d01-b250ce5b61370c18,0.100418410041841,0.1188118811881188
e7a997b5-36e13ad4fcd78966,5f3a2a70-7e7132af5f165fed,0.09954751131221719,0.102803738317757
624b8db5-76074833ecd8964e,b7de5c19-2ed8ee5dd920df33,0.09954751131221719,0.10377358490566038
ee65f7f5-1e35238cc525d211,2560850b-80df02a36bf4aa7d,0.09876543209876543,0.10084033613445378
875ed4c8-f9463c2dd1e07513,5f3a2a70-7e7132af5f165fed,0.09865470852017937,0.10091743119266056
5d175166-d7eb91b0ba348513,3e1442a3-28735246a67c449d,0.09848484848484848,0.10655737704918032
e201bc2e-99875a930dddcf4c,07038b12-376304921645bf39,0.09848484848484848,0.1
a18cb2c1-accb5a09ff71e324,2db37cb1-4675ecce014d7e7e,0.09782608695652174,0.10112359550561797
624b8db5-76074833ecd8964e,e00b1794-b8b52eb5aca70bd6,0.09777777777777778,0.10377358490566038
cb032314-fb484bfcea6887a1,be7b6026-09b6f45cb3f4dcbf,0.09777777777777778,0.102803738317757
cb032314-fb484bfcea6887a1,ee65f7f5-1e35238cc525d211,0.09734513274336283,0.102803738317757
be7b6026-09b6f45cb3f4dcbf,c9da41af-61c7ab50f69bb737,0.09716599190283401,0.1016949152542373
f729338f-26a6bad836e34e30,dd994c01-f2c1d30ddd7763b7,0.09716599190283401,0.11009174311926606
f729338f-26a6bad836e34e30,a7063d01-b250ce5b61370c18,0.09716599190283401,0.11009174311926606
2722ef48-8ac883dda8932dca,608ee4fb-c754af5041f8feb8,0.09716599190283401,0.10810810810810811
5f3a2a70-7e7132af5f165fed,b7de5c19-2ed8ee5dd920df33,0.09606986899563319,0.09649122807017543
5be7547e-a979d9c3ad92fc00,3e1442a3-28735246a67c449d,0.096,0.1111111111111111
2db37cb1-4675ecce014d7e7e,608ee4fb-c754af5041f8feb8,0.09523809523809523,0.11578947368421053
d6bbd286-f2f535fcfb52ba2d,b5da712b-18b5e06be39b8bf3,0.0948905109489051,0.1326530612244898
5f3a2a70-7e7132af5f165fed,e00b1794-b8b52eb5aca70bd6,0.0944206008583691,0.09649122807017543
eacc407e-e9009b7370718e2a,2560850b-80df02a36bf4aa7d,0.09433962264150944,0.11363636363636363
875ed4c8-f9463c2dd1e07513,5766f176-9f15e33836acbd90,0.09401709401709402,0.10091743119266056
7b5f64b7-a45aba81ff1cc20a,3e1442a3-28735246a67c449d,0.09285714285714286,0.09420289855072464
e7a997b5-36e13ad4fcd78966,e201bc2e-99875a930dddcf4c,0.09282700421940929,0.102803738317757
4be01508-4f29ad0cda264cb0,68cdd55d-659b6c9eb253196a,0.09252669039145907,0.12871287128712872
3ef54b1a-bbe16b6aa665cf7a,68cdd55d-659b6c9eb253196a,0.09059233449477352,0.12149532710280374
d6bbd286-f2f535fcfb52ba2d,5647d16e-1e89cf0c42fbaffc,0.09022556390977443,0.12244897959183673
e9144440-22d84bb8077fea98,e9986d44-e8f3129633721b12,0.09016393442622951,0.11702127659574468
d1391025-de507cd89cd5a32c,3e1442a3-28735246a67c449d,0.0898876404494382,0.096
c9da41af-61c7ab50f69bb737,a7063d01-b250ce5b61370c18,0.0898876404494382,0.09302325581395349
3ef54b1a-bbe16b6aa665cf7a,a7063d01-b250ce5b61370c18,0.08979591836734693,0.102803738317757
cb032314-fb484bfcea6887a1,a7063d01-b250ce5b61370c18,0.08979591836734693,0.102803738317757
2db37cb1-4675ecce014d7e7e,e201bc2e-99875a930dddcf4c,0.08888888888888889,0.10526315789473684
c9da41af-61c7ab50f69bb737,3e1442a3-28735246a67c449d,0.08856088560885608,0.09302325581395349
4851a411-1aad55694aed96ce,e201bc2e-99875a930dddcf4c,0.08835341365461848,0.09243697478991597
2560850b-80df02a36bf4aa7d,5766f176-9f15e33836acbd90,0.08835341365461848,0.08870967741935484
d6bbd286-f2f535fcfb52ba2d,c022c315-43c02b60e0b693ec,0.08823529411764706,0.09183673469387756
2560850b-80df02a36bf4aa7d,c9da41af-61c7ab50f69bb737,0.08695652173913043,0.08870967741935484
1dab88fb-51f2162ff7b89da6,e201bc2e-99875a930dddcf4c,0.08695652173913043,0.1
2560850b-80df02a36bf4aa7d,b5da712b-18b5e06be39b8bf3,0.08666666666666667,0.10483870967741936
b7de5c19-2ed8ee5dd920df33,be7b6026-09b6f45cb3f4dcbf,0.08583690987124463,0.08695652173913043
a7063d01-b250ce5b61370c18,3e1442a3-28735246a67c449d,0.08571428571428572,0.08695652173913043
ee65f7f5-1e35238cc525d211,dd994c01-f2c1d30ddd7763b7,0.08560311284046693,0.09243697478991597
f59d9b6e-c1de27bc848129d8,99ccaa44-52b4219b81f86382,0.08450704225352113,0.09473684210526316
99ccaa44-52b4219b81f86382,4851a411-1aad55694aed96ce,0.08438818565400844,0.0847457627118644
4851a411-1aad55694aed96ce,3e1442a3-28735246a67c449d,0.0842911877394636,0.09243697478991597
5766f176-9f15e33836acbd90,608ee4fb-c754af5041f8feb8,0.0842911877394636,0.088
2560850b-80df02a36bf4aa7d,a7063d01-b250ce5b61370c18,0.08396946564885496,0.08870967741935484
d6bbd286-f2f535fcfb52ba2d,b226c49a-4614ebd95c760df1,0.08372093023255814,0.09183673469387756
2560850b-80df02a36bf4aa7d,3e1442a3-28735246a67c449d,0.08270676691729323,0.08870967741935484
e201bc2e-99875a930dddcf4c,608ee4fb-c754af5041f8feb8,0.08270676691729323,0.08461538461538462
9f354c5c-b373662e7955b701,e201bc2e-99875a930dddcf4c,0.08264462809917356,0.08928571428571429
5766f176-9f15e33836acbd90,3e1442a3-28735246a67c449d,0.08239700374531835,0.088
a7063d01-b250ce5b61370c18,68cdd55d-659b6c9eb253196a,0.08176100628930817,0.09420289855072464
9c55bc1b-63f7691a1f090041,2560850b-80df02a36bf4aa7d,0.08163265306122448,0.08264462809917356
b226c49a-4614ebd95c760df1,e201bc2e-99875a930dddcf4c,0.08097165991902834,0.08547008547008547
c022c315-43c02b60e0b693ec,3e1442a3-28735246a67c449d,0.08064516129032258,0.09433962264150944
e9144440-22d84bb8077fea98,76791c9f-29501ea96834bd73,0.08064516129032258,0.10638297872340426
608ee4fb-c754af5041f8feb8,a7063d01-b250ce5b61370c18,0.08029197080291971,0.08088235294117647
eacc407e-e9009b7370718e2a,e201bc2e-99875a930dddcf4c,0.07339449541284404,0.09090909090909091
5766f176-9f15e33836acbd90,b5da712b-18b5e06be39b8bf3,0.07308970099667775,0.088
608ee4fb-c754af5041f8feb8,dd994c01-f2c1d30ddd7763b7,0.072992700729927,0.07352941176470588
e201bc2e-99875a930dddcf4c,b5da712b-18b5e06be39b8bf3,0.0718954248366013,0.08461538461538462
624b8db5-76074833ecd8964e,be7b6026-09b6f45cb3f4dcbf,0.07142857142857142,0.07547169811320754
3e1442a3-28735246a67c449d,e9986d44-e8f3129633721b12,0.0684931506849315,0.07042253521126761
e201bc2e-99875a930dddcf4c,68cdd55d-659b6c9eb253196a,0.06451612903225806,0.07692307692307693
2db37cb1-4675ecce014d7e7e,76791c9f-29501ea96834bd73,0.0642570281124498,0.08421052631578947
d5dc6626-b5717fe2f41934aa,2560850b-80df02a36bf4aa7d,0.0611353711790393,0.06666666666666667
2560850b-80df02a36bf4aa7d,dd994c01-f2c1d30ddd7763b7,0.061068702290076333,0.06451612903225806
e9144440-22d84bb8077fea98,dd994c01-f2c1d30ddd7763b7,0.0603448275862069,0.07446808510638298
f59d9b6e-c1de27bc848129d8,3e1442a3-28735246a67c449d,0.05907172995780591,0.07368421052631578
ee65f7f5-1e35238cc525d211,d0e27497-17560ea28b7eb692,0.058577405857740586,0.058823529411764705
1dab88fb-51f2162ff7b89da6,3e1442a3-28735246a67c449d,0.05785123966942149,0.07
624b8db5-76074833ecd8964e,5766f176-9f15e33836acbd90,0.05194805194805195,0.05660377358490566
a6532df9-dec90ada04fb7078,ee65f7f5-1e35238cc525d211,0.05150214592274678,0.05263157894736842
b7de5c19-2ed8ee5dd920df33,4851a411-1aad55694aed96ce,0.05128205128205128,0.05217391304347826
5f3a2a70-7e7132af5f165fed,2560850b-80df02a36bf4aa7d,0.05042016806722689,0.05263157894736842
e9144440-22d84bb8077fea98,c022c315-43c02b60e0b693ec,0.05,0.05319148936170213
e9144440-22d84bb8077fea98,90f01508-bde4de16d9f628d8,0.05,0.05319148936170213
e9144440-22d84bb8077fea98,624b8db5-76074833ecd8964e,0.05,0.05319148936170213
b226c49a-4614ebd95c760df1,5766f176-9f15e33836acbd90,0.049586776859504134,0.05128205128205128
e00b1794-b8b52eb5aca70bd6,5766f176-9f15e33836acbd90,0.04918032786885246,0.05042016806722689
fabb36ff-01a4820dc08dd0e2,e201bc2e-99875a930dddcf4c,0.04897959183673469,0.05217391304347826
127af3a7-094496bd76edbde1,ee65f7f5-1e35238cc525d211,0.04784688995215311,0.05555555555555555
9c55bc1b-63f7691a1f090041,e201bc2e-99875a930dddcf4c,0.04780876494023904,0.049586776859504134
be7b6026-09b6f45cb3f4dcbf,608ee4fb-c754af5041f8feb8,0.047244094488188976,0.05084745762711865
5f3a2a70-7e7132af5f165fed,3e1442a3-28735246a67c449d,0.046875,0.05263157894736842
e9144440-22d84bb8077fea98,2560850b-80df02a36bf4aa7d,0.045871559633027525,0.05319148936170213
ac4d0fc5-afb1f60dca8213a5,3e1442a3-28735246a67c449d,0.045627376425855515,0.049586776859504134
f59d9b6e-c1de27bc848129d8,e201bc2e-99875a930dddcf4c,0.044444444444444446,0.05263157894736842
c022c315-43c02b60e0b693ec,ac4d0fc5-afb1f60dca8213a5,0.04405286343612335,0.04716981132075472
5be7547e-a979d9c3ad92fc00,ee65f7f5-1e35238cc525d211,0.04405286343612335,0.046296296296296294
e9144440-22d84bb8077fea98,608ee4fb-c754af5041f8feb8,0.043478260869565216,0.05319148936170213
5be7547e-a979d9c3ad92fc00,2560850b-80df02a36bf4aa7d,0.04310344827586207,0.046296296296296294
99ccaa44-52b4219b81f86382,ee65f7f5-1e35238cc525d211,0.04219409282700422,0.0423728813559322
5be7547e-a979d9c3ad92fc00,e201bc2e-99875a930dddcf4c,0.04201680672268908,0.046296296296296294
d0e27497-17560ea28b7eb692,ac4d0fc5-afb1f60dca8213a5,0.04149377593360996,0.041666666666666664
4851a411-1aad55694aed96ce,2560850b-80df02a36bf4aa7d,0.0411522633744856,0.04201680672268908
5f3a2a70-7e7132af5f165fed,e201bc2e-99875a930dddcf4c,0.040983606557377046,0.043859649122807015
624b8db5-76074833ecd8964e,3e1442a3-28735246a67c449d,0.04032258064516129,0.04716981132075472
5766f176-9f15e33836acbd90,e201bc2e-99875a930dddcf4c,0.0392156862745098,0.04
2560850b-80df02a36bf4aa7d,07038b12-376304921645bf39,0.03875968992248062,0.04032258064516129
d0e27497-17560ea28b7eb692,a7063d01-b250ce5b61370c18,0.03875968992248062,0.041666666666666664
c9da41af-61c7ab50f69bb737,e201bc2e-99875a930dddcf4c,0.03861003861003861,0.03875968992248062
e201bc2e-99875a930dddcf4c,e9986d44-e8f3129633721b12,0.03571428571428571,0.038461538461538464
2560850b-80df02a36bf4aa7d,68cdd55d-659b6c9eb253196a,0.03289473684210526,0.04032258064516129
5f3a2a70-7e7132af5f165fed,99ccaa44-52b4219b81f86382,0.0,0.0
ac4d0fc5-afb1f60dca8213a5,e201bc2e-99875a930dddcf4c,0.0,0.0
90f01508-bde4de16d9f628d8,3e1442a3-28735246a67c449d,0.0,0.0
d6bbd286-f2f535fcfb52ba2d,3e1442a3-28735246a67c449d,0.0,0.0
d6bbd286-f2f535fcfb52ba2d,e201bc2e-99875a930dddcf4c,0.0,0.0
d0e27497-17560ea28b7eb692,e201bc2e-99875a930dddcf4c,0.0,0.0
e9144440-22d84bb8077fea98,ee65f7f5-1e35238cc525d211,0.0,0.0
624b8db5-76074833ecd8964e,d0e27497-17560ea28b7eb692,0.0,0.0
