submissionName1,submissionName2,averageSimilarity,maxSimilarity
6825260d-04eb77dff584dca2,c972dd00-3be1313e6a770e4f,1.0,1.0
77d22fc3-9a375cacd8688c7a,d3528b2a-9a375cacd8688c7a,1.0,1.0
4e28b45e-48a7cb547a6fc88c,d7a8434f-48a7cb547a6fc88c,1.0,1.0
f3d7ce08-72acd948d0db048a,16857116-ecf4bcac220ccbe2,0.9832402234636871,1.0
a8f7c8b7-3ce4db9563b46563,3368f340-dd3724dfe4aec2c1,0.8082191780821918,0.921875
a8f7c8b7-3ce4db9563b46563,317baeaf-1586dc98b135dbb9,0.7571428571428571,0.828125
3368f340-dd3724dfe4aec2c1,d56bcb0c-1747741fe15848f8,0.7398843930635838,0.7804878048780488
35f0c004-d6a959c7b5839d79,efa38999-a342a08a07e44f59,0.7307692307692307,0.753968253968254
c1638a45-41a1a158437b9032,1410e423-c8360a5c153c4cfa,0.7092198581560284,0.7575757575757576
90dc2b20-f678ec07f19de618,e99c14b9-0573227cb70d0b1c,0.7045454545454546,0.7322834645669292
35f0c004-d6a959c7b5839d79,29d865c3-71948521a7538f50,0.6929133858267716,0.6984126984126984
317baeaf-1586dc98b135dbb9,4a5b029f-77d6cfd7735a6be5,0.6751592356687898,0.6973684210526315
35f0c004-d6a959c7b5839d79,10013f73-15ed2122f5c6cc1d,0.6642066420664207,0.7142857142857143
efa38999-a342a08a07e44f59,10013f73-15ed2122f5c6cc1d,0.6594982078853047,0.6865671641791045
35f0c004-d6a959c7b5839d79,e19376ca-1f9d574f75eb6b65,0.6578073089700996,0.7857142857142857
35f0c004-d6a959c7b5839d79,18d20d2e-e9964ad58df05cef,0.65,0.7222222222222222
29d865c3-71948521a7538f50,e19376ca-1f9d574f75eb6b65,0.6468646864686468,0.765625
d7a8434f-48a7cb547a6fc88c,35f0c004-d6a959c7b5839d79,0.639344262295082,0.6610169491525424
4e28b45e-48a7cb547a6fc88c,35f0c004-d6a959c7b5839d79,0.639344262295082,0.6610169491525424
e99c14b9-0573227cb70d0b1c,d8a171a3-52973750ccea2a7b,0.6366782006920415,0.6715328467153284
10013f73-15ed2122f5c6cc1d,18d20d2e-e9964ad58df05cef,0.6354515050167224,0.6551724137931034
18d20d2e-e9964ad58df05cef,16857116-ecf4bcac220ccbe2,0.625,0.6818181818181818
35f0c004-d6a959c7b5839d79,16857116-ecf4bcac220ccbe2,0.6233766233766234,0.7619047619047619
085ddefc-c65fe933462cc383,e90a198b-11e5c0eeddd9dc22,0.6232558139534884,0.7256317689530686
a8f7c8b7-3ce4db9563b46563,4a5b029f-77d6cfd7735a6be5,0.6206896551724138,0.703125
213340b3-c798b5b2c0b2a7ba,f3d7ce08-72acd948d0db048a,0.6167146974063401,0.6257309941520468
10013f73-15ed2122f5c6cc1d,213340b3-c798b5b2c0b2a7ba,0.6139240506329114,0.6689655172413793
f229aa7f-bc9e671ac87bfcf1,3dd65549-7dc96f81b451ca92,0.6114942528735632,0.764367816091954
402aff07-8c62e4d7c47d8fe6,4a5b029f-77d6cfd7735a6be5,0.6099290780141844,0.7166666666666667
efa38999-a342a08a07e44f59,213340b3-c798b5b2c0b2a7ba,0.6098360655737705,0.6940298507462687
18d20d2e-e9964ad58df05cef,e19376ca-1f9d574f75eb6b65,0.60790273556231,0.6493506493506493
213340b3-c798b5b2c0b2a7ba,16857116-ecf4bcac220ccbe2,0.6062322946175638,0.6257309941520468
18d20d2e-e9964ad58df05cef,f3d7ce08-72acd948d0db048a,0.6060606060606061,0.6493506493506493
10584086-c5862013efd44277,317baeaf-1586dc98b135dbb9,0.60431654676259,0.6666666666666666
e99c14b9-0573227cb70d0b1c,10013f73-15ed2122f5c6cc1d,0.6028368794326241,0.6204379562043796
35f0c004-d6a959c7b5839d79,f3d7ce08-72acd948d0db048a,0.6026490066225165,0.7222222222222222
90dc2b20-f678ec07f19de618,d8a171a3-52973750ccea2a7b,0.6021505376344086,0.6614173228346457
317baeaf-1586dc98b135dbb9,3368f340-dd3724dfe4aec2c1,0.5949367088607594,0.618421052631579
a8f7c8b7-3ce4db9563b46563,d56bcb0c-1747741fe15848f8,0.5935483870967742,0.71875
d8a171a3-52973750ccea2a7b,e19376ca-1f9d574f75eb6b65,0.5932721712538226,0.6381578947368421
29d865c3-71948521a7538f50,18d20d2e-e9964ad58df05cef,0.5886524822695035,0.6484375
da5cf40b-72617fd17b7c4445,49e94e7e-cff41fa307c47148,0.5870445344129555,0.5954825462012321
35f0c004-d6a959c7b5839d79,213340b3-c798b5b2c0b2a7ba,0.5858585858585859,0.6904761904761905
66e74577-1c00bee9e437cd92,35f0c004-d6a959c7b5839d79,0.5853658536585366,0.6
e19376ca-1f9d574f75eb6b65,16857116-ecf4bcac220ccbe2,0.5826330532212886,0.5942857142857143
10013f73-15ed2122f5c6cc1d,e19376ca-1f9d574f75eb6b65,0.58125,0.6413793103448275
63a24497-74fe29dca7457057,5cfa2861-380589c85cc00db5,0.5773524720893142,0.5973597359735974
701c3f35-743869fd736b45aa,c1638a45-41a1a158437b9032,0.5757575757575758,0.5757575757575758
ca8f11a4-89379d50990836a8,f3d7ce08-72acd948d0db048a,0.5724137931034483,0.7280701754385965
35f0c004-d6a959c7b5839d79,a6520606-1321f6117a133851,0.5627118644067797,0.6587301587301587
76ad805a-d02caa76366ff091,90dc2b20-f678ec07f19de618,0.5608465608465608,0.8548387096774194
1500a4fa-b7466e0d29f50a35,8d6f1bf5-215e963db94e80d2,0.56,0.5632183908045977
4a5b029f-77d6cfd7735a6be5,1500a4fa-b7466e0d29f50a35,0.5595238095238095,0.5802469135802469
90dc2b20-f678ec07f19de618,efa38999-a342a08a07e44f59,0.5593869731800766,0.5748031496062992
e19376ca-1f9d574f75eb6b65,f3d7ce08-72acd948d0db048a,0.5584045584045584,0.56
10584086-c5862013efd44277,701c3f35-743869fd736b45aa,0.5581395348837209,0.5714285714285714
ca8f11a4-89379d50990836a8,16857116-ecf4bcac220ccbe2,0.5540540540540541,0.7192982456140351
6e5ab1d2-bc727340fc4cd0a1,13860c31-f887192f0735d843,0.5523809523809524,0.5631067961165048
5f0a176e-d1205060c3c48645,49e94e7e-cff41fa307c47148,0.550253807106599,0.5599173553719008
680ba922-9fb7726de6c24db8,fc1771af-cca46b221ed7a539,0.5500603136308806,0.7676767676767676
29d865c3-71948521a7538f50,10013f73-15ed2122f5c6cc1d,0.5494505494505495,0.5859375
efa38999-a342a08a07e44f59,18d20d2e-e9964ad58df05cef,0.5486111111111112,0.5895522388059702
66e74577-1c00bee9e437cd92,29d865c3-71948521a7538f50,0.5483870967741935,0.5666666666666667
efa38999-a342a08a07e44f59,a6520606-1321f6117a133851,0.5478547854785478,0.6194029850746269
3afcc566-8843063e9854bade,5cfa2861-380589c85cc00db5,0.5462962962962963,0.5462962962962963
e19376ca-1f9d574f75eb6b65,161b4a40-723dedeaf5bb09ba,0.5423728813559322,0.64
29d865c3-71948521a7538f50,efa38999-a342a08a07e44f59,0.5419847328244275,0.5546875
a8f7c8b7-3ce4db9563b46563,6d55e68b-a529dbdb5e1371a5,0.5414364640883977,0.765625
13860c31-f887192f0735d843,7c11511f-8d7652ffbb512a2a,0.5407925407925408,0.5420560747663551
317baeaf-1586dc98b135dbb9,6d7d5dd7-54aa7705838ae5a5,0.5398773006134969,0.5789473684210527
e99c14b9-0573227cb70d0b1c,213340b3-c798b5b2c0b2a7ba,0.538961038961039,0.6058394160583942
4a5b029f-77d6cfd7735a6be5,4ea10951-cdc36968087348ec,0.5380710659898477,0.654320987654321
efa38999-a342a08a07e44f59,16857116-ecf4bcac220ccbe2,0.5379746835443038,0.6343283582089553
90dc2b20-f678ec07f19de618,213340b3-c798b5b2c0b2a7ba,0.5369127516778524,0.6299212598425197
402aff07-8c62e4d7c47d8fe6,26e699de-08d8a23d09bbb76f,0.5354330708661418,0.5666666666666667
3afcc566-8843063e9854bade,ee4b9467-3b5042ea7fb8fe97,0.5344129554655871,0.6111111111111112
a8f7c8b7-3ce4db9563b46563,26e699de-08d8a23d09bbb76f,0.5343511450381679,0.546875
d5a20936-51261b34b0db6a70,63a24497-74fe29dca7457057,0.5290102389078498,0.5477031802120141
d56bcb0c-1747741fe15848f8,6d55e68b-a529dbdb5e1371a5,0.5288461538461539,0.6043956043956044
317baeaf-1586dc98b135dbb9,d56bcb0c-1747741fe15848f8,0.5269461077844312,0.5789473684210527
d7a8434f-48a7cb547a6fc88c,16857116-ecf4bcac220ccbe2,0.5266666666666666,0.6694915254237288
4e28b45e-48a7cb547a6fc88c,16857116-ecf4bcac220ccbe2,0.5266666666666666,0.6694915254237288
10013f73-15ed2122f5c6cc1d,16857116-ecf4bcac220ccbe2,0.5259938837920489,0.593103448275862
efa38999-a342a08a07e44f59,e19376ca-1f9d574f75eb6b65,0.5242718446601942,0.6044776119402985
4a5b029f-77d6cfd7735a6be5,6d7d5dd7-54aa7705838ae5a5,0.5238095238095238,0.5432098765432098
10013f73-15ed2122f5c6cc1d,f3d7ce08-72acd948d0db048a,0.5233644859813084,0.5793103448275863
a8f7c8b7-3ce4db9563b46563,d4a3869e-418406bb1626654d,0.5232558139534884,0.703125
d8a171a3-52973750ccea2a7b,18d20d2e-e9964ad58df05cef,0.5228758169934641,0.5263157894736842
90dc2b20-f678ec07f19de618,10013f73-15ed2122f5c6cc1d,0.5220588235294118,0.5590551181102362
e99c14b9-0573227cb70d0b1c,fcc7e8fa-3c58c60688337981,0.5219941348973607,0.6496350364963503
29d865c3-71948521a7538f50,213340b3-c798b5b2c0b2a7ba,0.5217391304347826,0.609375
ca8f11a4-89379d50990836a8,29d865c3-71948521a7538f50,0.5206611570247934,0.5526315789473685
18d20d2e-e9964ad58df05cef,a6520606-1321f6117a133851,0.5201238390092879,0.5454545454545454
76ad805a-d02caa76366ff091,8d6f1bf5-215e963db94e80d2,0.52,0.6290322580645161
63a24497-74fe29dca7457057,3afcc566-8843063e9854bade,0.5199362041467305,0.5379537953795379
29d865c3-71948521a7538f50,f3d7ce08-72acd948d0db048a,0.5197368421052632,0.6171875
a8f7c8b7-3ce4db9563b46563,1410e423-c8360a5c153c4cfa,0.5179856115107914,0.5625
402aff07-8c62e4d7c47d8fe6,a8f7c8b7-3ce4db9563b46563,0.5161290322580645,0.5333333333333333
efa38999-a342a08a07e44f59,f3d7ce08-72acd948d0db048a,0.5161290322580645,0.5970149253731343
1410e423-c8360a5c153c4cfa,8d6f1bf5-215e963db94e80d2,0.5153374233128835,0.56
66e74577-1c00bee9e437cd92,e19376ca-1f9d574f75eb6b65,0.5152542372881356,0.6333333333333333
aa4b840f-45e7bbf099cc70b7,efa38999-a342a08a07e44f59,0.5147679324894515,0.5922330097087378
213340b3-c798b5b2c0b2a7ba,e19376ca-1f9d574f75eb6b65,0.5144508670520231,0.52046783625731
16857116-ecf4bcac220ccbe2,870e16d9-e947cc0fa20a2070,0.5144230769230769,0.5879120879120879
1500a4fa-b7466e0d29f50a35,d4a3869e-418406bb1626654d,0.5128205128205128,0.5747126436781609
870e16d9-e947cc0fa20a2070,e90a198b-11e5c0eeddd9dc22,0.5116279069767442,0.6581196581196581
870e16d9-e947cc0fa20a2070,49e94e7e-cff41fa307c47148,0.5115646258503401,0.8034188034188035
213340b3-c798b5b2c0b2a7ba,d5a20936-51261b34b0db6a70,0.5110132158590308,0.6783625730994152
66e74577-1c00bee9e437cd92,18d20d2e-e9964ad58df05cef,0.5109489051094891,0.5833333333333334
8d6f1bf5-215e963db94e80d2,d4a3869e-418406bb1626654d,0.5102040816326531,0.5681818181818182
90dc2b20-f678ec07f19de618,870e16d9-e947cc0fa20a2070,0.5096952908587258,0.7244094488188977
35f0c004-d6a959c7b5839d79,e99c14b9-0573227cb70d0b1c,0.5095057034220533,0.5317460317460317
3368f340-dd3724dfe4aec2c1,6d7d5dd7-54aa7705838ae5a5,0.5088757396449705,0.524390243902439
c1638a45-41a1a158437b9032,8d6f1bf5-215e963db94e80d2,0.5064935064935064,0.5909090909090909
1410e423-c8360a5c153c4cfa,d56bcb0c-1747741fe15848f8,0.5060240963855421,0.56
35f0c004-d6a959c7b5839d79,90dc2b20-f678ec07f19de618,0.5059288537549407,0.5079365079365079
35f0c004-d6a959c7b5839d79,d8a171a3-52973750ccea2a7b,0.5035971223021583,0.5555555555555556
29d865c3-71948521a7538f50,16857116-ecf4bcac220ccbe2,0.5032258064516129,0.609375
d8a171a3-52973750ccea2a7b,870e16d9-e947cc0fa20a2070,0.5025906735751295,0.6381578947368421
d7a8434f-48a7cb547a6fc88c,a6520606-1321f6117a133851,0.5017421602787456,0.6101694915254238
4e28b45e-48a7cb547a6fc88c,a6520606-1321f6117a133851,0.5017421602787456,0.6101694915254238
550335a3-153da188a69ae9b2,49e94e7e-cff41fa307c47148,0.501187648456057,0.6187683284457478
d8a171a3-52973750ccea2a7b,d5a20936-51261b34b0db6a70,0.5011494252873563,0.7171052631578947
a8f7c8b7-3ce4db9563b46563,d8a171a3-52973750ccea2a7b,0.5,0.84375
f3d7ce08-72acd948d0db048a,fcc7e8fa-3c58c60688337981,0.5,0.5397727272727273
21c9b214-de07f5d5a23ce6c9,5f0a176e-d1205060c3c48645,0.4994731296101159,0.5096774193548387
870e16d9-e947cc0fa20a2070,d5a20936-51261b34b0db6a70,0.4990328820116054,0.5512820512820513
2eb89317-a35e7101ad930515,d5a20936-51261b34b0db6a70,0.4990328820116054,0.5512820512820513
16857116-ecf4bcac220ccbe2,fcc7e8fa-3c58c60688337981,0.49740932642487046,0.5274725274725275
d5a20936-51261b34b0db6a70,21c9b214-de07f5d5a23ce6c9,0.49732620320855614,0.657243816254417
d7a8434f-48a7cb547a6fc88c,f3d7ce08-72acd948d0db048a,0.4965986394557823,0.6186440677966102
4e28b45e-48a7cb547a6fc88c,f3d7ce08-72acd948d0db048a,0.4965986394557823,0.6186440677966102
18d20d2e-e9964ad58df05cef,2eb89317-a35e7101ad930515,0.4948453608247423,0.6233766233766234
d7a8434f-48a7cb547a6fc88c,10013f73-15ed2122f5c6cc1d,0.49429657794676807,0.5508474576271186
4e28b45e-48a7cb547a6fc88c,10013f73-15ed2122f5c6cc1d,0.49429657794676807,0.5508474576271186
5cfa2861-380589c85cc00db5,e90a198b-11e5c0eeddd9dc22,0.49421965317919075,0.5277777777777778
1410e423-c8360a5c153c4cfa,1500a4fa-b7466e0d29f50a35,0.49382716049382713,0.5333333333333333
fcc7e8fa-3c58c60688337981,870e16d9-e947cc0fa20a2070,0.4931506849315068,0.5294117647058824
10584086-c5862013efd44277,1410e423-c8360a5c153c4cfa,0.4927536231884058,0.5396825396825397
f3d7ce08-72acd948d0db048a,870e16d9-e947cc0fa20a2070,0.4926829268292683,0.5738636363636364
93ee4612-12c0129ef8a95ee7,fcc7e8fa-3c58c60688337981,0.49258160237388726,0.6240601503759399
6d7d5dd7-54aa7705838ae5a5,d4a3869e-418406bb1626654d,0.49230769230769234,0.5517241379310345
10013f73-15ed2122f5c6cc1d,d8a171a3-52973750ccea2a7b,0.49158249158249157,0.503448275862069
4a5b029f-77d6cfd7735a6be5,3368f340-dd3724dfe4aec2c1,0.49079754601226994,0.49382716049382713
16857116-ecf4bcac220ccbe2,6825260d-04eb77dff584dca2,0.489247311827957,0.5
16857116-ecf4bcac220ccbe2,c972dd00-3be1313e6a770e4f,0.489247311827957,0.5
870e16d9-e947cc0fa20a2070,550335a3-153da188a69ae9b2,0.48695652173913045,0.5982905982905983
66e74577-1c00bee9e437cd92,f3d7ce08-72acd948d0db048a,0.4864864864864865,0.6
10013f73-15ed2122f5c6cc1d,161b4a40-723dedeaf5bb09ba,0.4856396866840731,0.6413793103448275
402aff07-8c62e4d7c47d8fe6,317baeaf-1586dc98b135dbb9,0.4852941176470588,0.55
d8a171a3-52973750ccea2a7b,dc281165-ab24d5ebbc33700d,0.4840764331210191,0.5
10013f73-15ed2122f5c6cc1d,a6520606-1321f6117a133851,0.4840764331210191,0.5241379310344828
90dc2b20-f678ec07f19de618,e19376ca-1f9d574f75eb6b65,0.48344370860927155,0.5748031496062992
5cfa2861-380589c85cc00db5,49e94e7e-cff41fa307c47148,0.4824242424242424,0.6141975308641975
3368f340-dd3724dfe4aec2c1,6d55e68b-a529dbdb5e1371a5,0.4824120603015075,0.5853658536585366
e99c14b9-0573227cb70d0b1c,18d20d2e-e9964ad58df05cef,0.48109965635738833,0.5109489051094891
10584086-c5862013efd44277,c1638a45-41a1a158437b9032,0.4806201550387597,0.49206349206349204
21c9b214-de07f5d5a23ce6c9,49e94e7e-cff41fa307c47148,0.4803312629399586,0.4989247311827957
317baeaf-1586dc98b135dbb9,4ea10951-cdc36968087348ec,0.4791666666666667,0.6052631578947368
870e16d9-e947cc0fa20a2070,e185bce5-dada92339d1ef734,0.4788135593220339,0.4829059829059829
3dd65549-7dc96f81b451ca92,63a24497-74fe29dca7457057,0.4787234042553192,0.5172413793103449
29d865c3-71948521a7538f50,d8a171a3-52973750ccea2a7b,0.4785714285714286,0.5234375
e17c5159-a1e6e7f28bb215c5,4ea10951-cdc36968087348ec,0.4777777777777778,0.671875
d5a20936-51261b34b0db6a70,5cfa2861-380589c85cc00db5,0.47775947281713343,0.5123674911660777
d8a171a3-52973750ccea2a7b,fcc7e8fa-3c58c60688337981,0.47752808988764045,0.5592105263157895
e17c5159-a1e6e7f28bb215c5,6d7d5dd7-54aa7705838ae5a5,0.4768211920529801,0.5625
66e74577-1c00bee9e437cd92,16857116-ecf4bcac220ccbe2,0.4768211920529801,0.6
90dc2b20-f678ec07f19de618,161b4a40-723dedeaf5bb09ba,0.4767123287671233,0.6850393700787402
16857116-ecf4bcac220ccbe2,161b4a40-723dedeaf5bb09ba,0.47619047619047616,0.5494505494505495
d7a8434f-48a7cb547a6fc88c,efa38999-a342a08a07e44f59,0.47619047619047616,0.5084745762711864
4e28b45e-48a7cb547a6fc88c,efa38999-a342a08a07e44f59,0.47619047619047616,0.5084745762711864
aa4b840f-45e7bbf099cc70b7,e99c14b9-0573227cb70d0b1c,0.475,0.5533980582524272
e99c14b9-0573227cb70d0b1c,dc281165-ab24d5ebbc33700d,0.47491638795986624,0.5182481751824818
aa4b840f-45e7bbf099cc70b7,213340b3-c798b5b2c0b2a7ba,0.4744525547445255,0.6310679611650486
e99c14b9-0573227cb70d0b1c,646b3abc-456e5f573ee4421b,0.47411444141689374,0.635036496350365
f3d7ce08-72acd948d0db048a,161b4a40-723dedeaf5bb09ba,0.47342995169082125,0.5568181818181818
e185bce5-dada92339d1ef734,3afcc566-8843063e9854bade,0.47330960854092524,0.5588235294117647
35f0c004-d6a959c7b5839d79,161b4a40-723dedeaf5bb09ba,0.4725274725274725,0.6825396825396826
35f0c004-d6a959c7b5839d79,2eb89317-a35e7101ad930515,0.4722222222222222,0.6746031746031746
6e207cbf-6acc7ec6ec02998a,6d7d5dd7-54aa7705838ae5a5,0.4720496894409938,0.5135135135135135
6e207cbf-6acc7ec6ec02998a,1500a4fa-b7466e0d29f50a35,0.4720496894409938,0.5135135135135135
10013f73-15ed2122f5c6cc1d,d5a20936-51261b34b0db6a70,0.4719626168224299,0.696551724137931
6d7d5dd7-54aa7705838ae5a5,d56bcb0c-1747741fe15848f8,0.47191011235955055,0.4827586206896552
d8a171a3-52973750ccea2a7b,161b4a40-723dedeaf5bb09ba,0.4717948717948718,0.6052631578947368
c1638a45-41a1a158437b9032,d56bcb0c-1747741fe15848f8,0.4713375796178344,0.5606060606060606
1500a4fa-b7466e0d29f50a35,6d7d5dd7-54aa7705838ae5a5,0.47126436781609193,0.47126436781609193
e99c14b9-0573227cb70d0b1c,a6520606-1321f6117a133851,0.47058823529411764,0.5255474452554745
d7a8434f-48a7cb547a6fc88c,18d20d2e-e9964ad58df05cef,0.47058823529411764,0.5423728813559322
4e28b45e-48a7cb547a6fc88c,18d20d2e-e9964ad58df05cef,0.47058823529411764,0.5423728813559322
f3d7ce08-72acd948d0db048a,6825260d-04eb77dff584dca2,0.46994535519125685,0.48863636363636365
f3d7ce08-72acd948d0db048a,c972dd00-3be1313e6a770e4f,0.46994535519125685,0.48863636363636365
317baeaf-1586dc98b135dbb9,66e74577-1c00bee9e437cd92,0.46938775510204084,0.6052631578947368
d5a20936-51261b34b0db6a70,5f0a176e-d1205060c3c48645,0.46936114732724904,0.6360424028268551
aa4b840f-45e7bbf099cc70b7,e19376ca-1f9d574f75eb6b65,0.4676258992805755,0.6310679611650486
701c3f35-743869fd736b45aa,8d6f1bf5-215e963db94e80d2,0.4675324675324675,0.5454545454545454
d8a171a3-52973750ccea2a7b,a6520606-1321f6117a133851,0.4672897196261682,0.4934210526315789
efa38999-a342a08a07e44f59,e99c14b9-0573227cb70d0b1c,0.46494464944649444,0.4701492537313433
26e699de-08d8a23d09bbb76f,1410e423-c8360a5c153c4cfa,0.4647887323943662,0.4925373134328358
6e207cbf-6acc7ec6ec02998a,4a5b029f-77d6cfd7735a6be5,0.4645161290322581,0.4864864864864865
18d20d2e-e9964ad58df05cef,63a24497-74fe29dca7457057,0.4638949671772429,0.6883116883116883
63a24497-74fe29dca7457057,ee4b9467-3b5042ea7fb8fe97,0.4638888888888889,0.5511551155115512
6d7d5dd7-54aa7705838ae5a5,66e74577-1c00bee9e437cd92,0.463768115942029,0.5517241379310345
1410e423-c8360a5c153c4cfa,317baeaf-1586dc98b135dbb9,0.46357615894039733,0.4666666666666667
d7a8434f-48a7cb547a6fc88c,29d865c3-71948521a7538f50,0.4634146341463415,0.4830508474576271
4e28b45e-48a7cb547a6fc88c,29d865c3-71948521a7538f50,0.4634146341463415,0.4830508474576271
63a24497-74fe29dca7457057,da5cf40b-72617fd17b7c4445,0.46329113924050636,0.6039603960396039
aa4b840f-45e7bbf099cc70b7,35f0c004-d6a959c7b5839d79,0.462882096069869,0.5145631067961165
402aff07-8c62e4d7c47d8fe6,6e207cbf-6acc7ec6ec02998a,0.4626865671641791,0.5166666666666667
e185bce5-dada92339d1ef734,5cfa2861-380589c85cc00db5,0.4626334519572954,0.5462184873949579
402aff07-8c62e4d7c47d8fe6,1500a4fa-b7466e0d29f50a35,0.46258503401360546,0.5666666666666667
161b4a40-723dedeaf5bb09ba,63a24497-74fe29dca7457057,0.46210720887245843,0.5252100840336135
870e16d9-e947cc0fa20a2070,161b4a40-723dedeaf5bb09ba,0.461864406779661,0.4658119658119658
3368f340-dd3724dfe4aec2c1,d8a171a3-52973750ccea2a7b,0.46153846153846156,0.6585365853658537
6e5ab1d2-bc727340fc4cd0a1,7c11511f-8d7652ffbb512a2a,0.46080760095011875,0.470873786407767
161b4a40-723dedeaf5bb09ba,da5cf40b-72617fd17b7c4445,0.4606896551724138,0.7016806722689075
10013f73-15ed2122f5c6cc1d,5cfa2861-380589c85cc00db5,0.4605543710021322,0.7448275862068966
e19376ca-1f9d574f75eb6b65,6825260d-04eb77dff584dca2,0.4602739726027397,0.48
e19376ca-1f9d574f75eb6b65,c972dd00-3be1313e6a770e4f,0.4602739726027397,0.48
18d20d2e-e9964ad58df05cef,5cfa2861-380589c85cc00db5,0.4602510460251046,0.7142857142857143
550335a3-153da188a69ae9b2,e90a198b-11e5c0eeddd9dc22,0.459802538787024,0.4780058651026393
213340b3-c798b5b2c0b2a7ba,161b4a40-723dedeaf5bb09ba,0.45965770171149145,0.5497076023391813
29d865c3-71948521a7538f50,6825260d-04eb77dff584dca2,0.4591194968553459,0.5703125
29d865c3-71948521a7538f50,c972dd00-3be1313e6a770e4f,0.4591194968553459,0.5703125
f3d7ce08-72acd948d0db048a,e185bce5-dada92339d1ef734,0.45893719806763283,0.5397727272727273
5cfa2861-380589c85cc00db5,ee4b9467-3b5042ea7fb8fe97,0.45883940620782726,0.5246913580246914
10013f73-15ed2122f5c6cc1d,fcc7e8fa-3c58c60688337981,0.4584527220630373,0.5517241379310345
8d6f1bf5-215e963db94e80d2,d56bcb0c-1747741fe15848f8,0.4581005586592179,0.4659090909090909
da5cf40b-72617fd17b7c4445,fc1771af-cca46b221ed7a539,0.4573110893032385,0.4784394250513347
fcc7e8fa-3c58c60688337981,161b4a40-723dedeaf5bb09ba,0.45701357466063347,0.4950980392156863
870e16d9-e947cc0fa20a2070,3dd65549-7dc96f81b451ca92,0.45656565656565656,0.4829059829059829
63a24497-74fe29dca7457057,e90a198b-11e5c0eeddd9dc22,0.45603576751117736,0.504950495049505
da5cf40b-72617fd17b7c4445,2bd5c798-5ff10d93bc179532,0.45559322033898303,0.6899383983572895
18d20d2e-e9964ad58df05cef,213340b3-c798b5b2c0b2a7ba,0.4553846153846154,0.4805194805194805
aa4b840f-45e7bbf099cc70b7,d8a171a3-52973750ccea2a7b,0.4549019607843137,0.5631067961165048
d7a8434f-48a7cb547a6fc88c,6825260d-04eb77dff584dca2,0.45454545454545453,0.5932203389830508
4e28b45e-48a7cb547a6fc88c,6825260d-04eb77dff584dca2,0.45454545454545453,0.5932203389830508
d7a8434f-48a7cb547a6fc88c,c972dd00-3be1313e6a770e4f,0.45454545454545453,0.5932203389830508
4e28b45e-48a7cb547a6fc88c,c972dd00-3be1313e6a770e4f,0.45454545454545453,0.5932203389830508
29d865c3-71948521a7538f50,161b4a40-723dedeaf5bb09ba,0.453551912568306,0.6484375
10013f73-15ed2122f5c6cc1d,646b3abc-456e5f573ee4421b,0.4533333333333333,0.5862068965517241
213340b3-c798b5b2c0b2a7ba,fcc7e8fa-3c58c60688337981,0.4533333333333333,0.49707602339181284
e99c14b9-0573227cb70d0b1c,870e16d9-e947cc0fa20a2070,0.4528301886792453,0.6131386861313869
16857116-ecf4bcac220ccbe2,e185bce5-dada92339d1ef734,0.4523809523809524,0.521978021978022
402aff07-8c62e4d7c47d8fe6,d4a3869e-418406bb1626654d,0.4523809523809524,0.6333333333333333
aa4b840f-45e7bbf099cc70b7,10013f73-15ed2122f5c6cc1d,0.45161290322580644,0.5436893203883495
29d865c3-71948521a7538f50,a6520606-1321f6117a133851,0.4511784511784512,0.5234375
2bda1866-189af74f7272b63b,efa38999-a342a08a07e44f59,0.4505928853754941,0.4789915966386555
a8f7c8b7-3ce4db9563b46563,6d7d5dd7-54aa7705838ae5a5,0.4503311258278146,0.53125
a6520606-1321f6117a133851,16857116-ecf4bcac220ccbe2,0.45014245014245013,0.46745562130177515
ca8f11a4-89379d50990836a8,213340b3-c798b5b2c0b2a7ba,0.44912280701754387,0.5614035087719298
402aff07-8c62e4d7c47d8fe6,6d7d5dd7-54aa7705838ae5a5,0.4489795918367347,0.55
ca8f11a4-89379d50990836a8,e185bce5-dada92339d1ef734,0.44886363636363635,0.6929824561403509
e90a198b-11e5c0eeddd9dc22,49e94e7e-cff41fa307c47148,0.4487917146144994,0.529891304347826
35f0c004-d6a959c7b5839d79,fcc7e8fa-3c58c60688337981,0.4484848484848485,0.5873015873015873
6825260d-04eb77dff584dca2,870e16d9-e947cc0fa20a2070,0.4481132075471698,0.5
c972dd00-3be1313e6a770e4f,870e16d9-e947cc0fa20a2070,0.4481132075471698,0.5
4a5b029f-77d6cfd7735a6be5,66e74577-1c00bee9e437cd92,0.44776119402985076,0.5555555555555556
1410e423-c8360a5c153c4cfa,35f0c004-d6a959c7b5839d79,0.44776119402985076,0.6
ca8f11a4-89379d50990836a8,18d20d2e-e9964ad58df05cef,0.44776119402985076,0.5263157894736842
161b4a40-723dedeaf5bb09ba,d3528b2a-9a375cacd8688c7a,0.4476987447698745,0.4495798319327731
161b4a40-723dedeaf5bb09ba,77d22fc3-9a375cacd8688c7a,0.4476987447698745,0.4495798319327731
16857116-ecf4bcac220ccbe2,d5a20936-51261b34b0db6a70,0.44731182795698926,0.5714285714285714
d7a8434f-48a7cb547a6fc88c,fcc7e8fa-3c58c60688337981,0.4472049689440994,0.6101694915254238
4e28b45e-48a7cb547a6fc88c,fcc7e8fa-3c58c60688337981,0.4472049689440994,0.6101694915254238
90dc2b20-f678ec07f19de618,fcc7e8fa-3c58c60688337981,0.4471299093655589,0.5826771653543307
5f0a176e-d1205060c3c48645,da5cf40b-72617fd17b7c4445,0.446961894953656,0.44834710743801653
e90a198b-11e5c0eeddd9dc22,5f0a176e-d1205060c3c48645,0.4460093896713615,0.5163043478260869
1410e423-c8360a5c153c4cfa,3368f340-dd3724dfe4aec2c1,0.445859872611465,0.4666666666666667
e19376ca-1f9d574f75eb6b65,d5a20936-51261b34b0db6a70,0.44541484716157204,0.5828571428571429
35f0c004-d6a959c7b5839d79,d5a20936-51261b34b0db6a70,0.4449877750611247,0.7222222222222222
870e16d9-e947cc0fa20a2070,5cfa2861-380589c85cc00db5,0.4444444444444444,0.5299145299145299
ee4b9467-3b5042ea7fb8fe97,5f0a176e-d1205060c3c48645,0.4439511653718091,0.47961630695443647
18d20d2e-e9964ad58df05cef,d5a20936-51261b34b0db6a70,0.4439359267734554,0.6298701298701299
5cfa2861-380589c85cc00db5,da5cf40b-72617fd17b7c4445,0.4438964241676942,0.5555555555555556
ca8f11a4-89379d50990836a8,efa38999-a342a08a07e44f59,0.4435483870967742,0.4824561403508772
aa4b840f-45e7bbf099cc70b7,90dc2b20-f678ec07f19de618,0.4434782608695652,0.49514563106796117
aa4b840f-45e7bbf099cc70b7,d7a8434f-48a7cb547a6fc88c,0.4434389140271493,0.47572815533980584
aa4b840f-45e7bbf099cc70b7,4e28b45e-48a7cb547a6fc88c,0.4434389140271493,0.47572815533980584
e90a198b-11e5c0eeddd9dc22,ee4b9467-3b5042ea7fb8fe97,0.44331210191082804,0.47282608695652173
35f0c004-d6a959c7b5839d79,6825260d-04eb77dff584dca2,0.4430379746835443,0.5555555555555556
35f0c004-d6a959c7b5839d79,c972dd00-3be1313e6a770e4f,0.4430379746835443,0.5555555555555556
e99c14b9-0573227cb70d0b1c,e19376ca-1f9d574f75eb6b65,0.4423076923076923,0.5036496350364964
ca8f11a4-89379d50990836a8,35f0c004-d6a959c7b5839d79,0.44166666666666665,0.4649122807017544
26e699de-08d8a23d09bbb76f,1500a4fa-b7466e0d29f50a35,0.44155844155844154,0.5074626865671642
161b4a40-723dedeaf5bb09ba,d5a20936-51261b34b0db6a70,0.44145873320537427,0.4831932773109244
18d20d2e-e9964ad58df05cef,fcc7e8fa-3c58c60688337981,0.441340782122905,0.512987012987013
d8a171a3-52973750ccea2a7b,5cfa2861-380589c85cc00db5,0.4411764705882353,0.6907894736842105
ca8f11a4-89379d50990836a8,6825260d-04eb77dff584dca2,0.4407894736842105,0.5877192982456141
ca8f11a4-89379d50990836a8,c972dd00-3be1313e6a770e4f,0.4407894736842105,0.5877192982456141
646b3abc-456e5f573ee4421b,e185bce5-dada92339d1ef734,0.44017094017094016,0.44782608695652176
402aff07-8c62e4d7c47d8fe6,10584086-c5862013efd44277,0.43902439024390244,0.45
ee4b9467-3b5042ea7fb8fe97,49e94e7e-cff41fa307c47148,0.43790849673202614,0.48201438848920863
aa4b840f-45e7bbf099cc70b7,dc281165-ab24d5ebbc33700d,0.4377358490566038,0.5631067961165048
e185bce5-dada92339d1ef734,d5a20936-51261b34b0db6a70,0.43761996161228406,0.4789915966386555
870e16d9-e947cc0fa20a2070,5f0a176e-d1205060c3c48645,0.4373259052924791,0.6709401709401709
d7a8434f-48a7cb547a6fc88c,66e74577-1c00bee9e437cd92,0.4369747899159664,0.4406779661016949
4e28b45e-48a7cb547a6fc88c,66e74577-1c00bee9e437cd92,0.4369747899159664,0.4406779661016949
10013f73-15ed2122f5c6cc1d,dc281165-ab24d5ebbc33700d,0.4364820846905538,0.46206896551724136
646b3abc-456e5f573ee4421b,161b4a40-723dedeaf5bb09ba,0.4358974358974359,0.4434782608695652
d8a171a3-52973750ccea2a7b,63a24497-74fe29dca7457057,0.4351648351648352,0.6513157894736842
e90a198b-11e5c0eeddd9dc22,2bd5c798-5ff10d93bc179532,0.4351032448377581,0.8016304347826086
10584086-c5862013efd44277,35f0c004-d6a959c7b5839d79,0.43386243386243384,0.6507936507936508
18d20d2e-e9964ad58df05cef,e185bce5-dada92339d1ef734,0.4336734693877551,0.551948051948052
d4a3869e-418406bb1626654d,d7a8434f-48a7cb547a6fc88c,0.4336283185840708,0.4537037037037037
d4a3869e-418406bb1626654d,4e28b45e-48a7cb547a6fc88c,0.4336283185840708,0.4537037037037037
3dd65549-7dc96f81b451ca92,49e94e7e-cff41fa307c47148,0.4330708661417323,0.632183908045977
10013f73-15ed2122f5c6cc1d,63a24497-74fe29dca7457057,0.4330357142857143,0.6689655172413793
e19376ca-1f9d574f75eb6b65,5cfa2861-380589c85cc00db5,0.43286573146292584,0.6171428571428571
10013f73-15ed2122f5c6cc1d,870e16d9-e947cc0fa20a2070,0.43271767810026385,0.5655172413793104
e185bce5-dada92339d1ef734,63a24497-74fe29dca7457057,0.43253234750462105,0.49159663865546216
26e699de-08d8a23d09bbb76f,d7a8434f-48a7cb547a6fc88c,0.43243243243243246,0.5970149253731343
26e699de-08d8a23d09bbb76f,4e28b45e-48a7cb547a6fc88c,0.43243243243243246,0.5970149253731343
213340b3-c798b5b2c0b2a7ba,6825260d-04eb77dff584dca2,0.43213296398891965,0.45614035087719296
213340b3-c798b5b2c0b2a7ba,c972dd00-3be1313e6a770e4f,0.43213296398891965,0.45614035087719296
646b3abc-456e5f573ee4421b,3dd65549-7dc96f81b451ca92,0.4317718940936864,0.4608695652173913
efa38999-a342a08a07e44f59,d5a20936-51261b34b0db6a70,0.4316546762589928,0.6716417910447762
d5a20936-51261b34b0db6a70,3afcc566-8843063e9854bade,0.4316309719934102,0.4628975265017668
c1638a45-41a1a158437b9032,6d7d5dd7-54aa7705838ae5a5,0.43137254901960786,0.5
e17c5159-a1e6e7f28bb215c5,701c3f35-743869fd736b45aa,0.4307692307692308,0.4375
3afcc566-8843063e9854bade,e90a198b-11e5c0eeddd9dc22,0.430635838150289,0.45987654320987653
402aff07-8c62e4d7c47d8fe6,18d20d2e-e9964ad58df05cef,0.42990654205607476,0.7666666666666667
49e94e7e-cff41fa307c47148,2bd5c798-5ff10d93bc179532,0.4298186702484889,0.6387225548902196
213340b3-c798b5b2c0b2a7ba,870e16d9-e947cc0fa20a2070,0.42962962962962964,0.5087719298245614
317baeaf-1586dc98b135dbb9,1500a4fa-b7466e0d29f50a35,0.4294478527607362,0.4605263157894737
d8a171a3-52973750ccea2a7b,646b3abc-456e5f573ee4421b,0.4293193717277487,0.5394736842105263
ee4b9467-3b5042ea7fb8fe97,da5cf40b-72617fd17b7c4445,0.42920353982300885,0.46522781774580335
ca8f11a4-89379d50990836a8,e19376ca-1f9d574f75eb6b65,0.4290657439446367,0.543859649122807
a6520606-1321f6117a133851,f3d7ce08-72acd948d0db048a,0.4289855072463768,0.4378698224852071
e99c14b9-0573227cb70d0b1c,d5a20936-51261b34b0db6a70,0.42857142857142855,0.656934306569343
fcc7e8fa-3c58c60688337981,646b3abc-456e5f573ee4421b,0.42857142857142855,0.45588235294117646
213340b3-c798b5b2c0b2a7ba,5cfa2861-380589c85cc00db5,0.42828282828282827,0.6198830409356725
18d20d2e-e9964ad58df05cef,870e16d9-e947cc0fa20a2070,0.42783505154639173,0.538961038961039
35f0c004-d6a959c7b5839d79,870e16d9-e947cc0fa20a2070,0.42777777777777776,0.6111111111111112
f3d7ce08-72acd948d0db048a,d5a20936-51261b34b0db6a70,0.42701525054466233,0.5568181818181818
d8a171a3-52973750ccea2a7b,f3d7ce08-72acd948d0db048a,0.4268292682926829,0.4605263157894737
550335a3-153da188a69ae9b2,5f0a176e-d1205060c3c48645,0.4266666666666667,0.5161290322580645
efa38999-a342a08a07e44f59,d8a171a3-52973750ccea2a7b,0.42657342657342656,0.4552238805970149
6d55e68b-a529dbdb5e1371a5,fb05904c-7a4bd61a1e0e55fb,0.4264705882352941,0.49572649572649574
646b3abc-456e5f573ee4421b,3afcc566-8843063e9854bade,0.4259927797833935,0.5130434782608696
646b3abc-456e5f573ee4421b,5cfa2861-380589c85cc00db5,0.4259927797833935,0.5130434782608696
e19376ca-1f9d574f75eb6b65,870e16d9-e947cc0fa20a2070,0.4254278728606357,0.49714285714285716
d8a171a3-52973750ccea2a7b,16857116-ecf4bcac220ccbe2,0.4251497005988024,0.46710526315789475
646b3abc-456e5f573ee4421b,63a24497-74fe29dca7457057,0.42401500938086306,0.49130434782608695
aa4b840f-45e7bbf099cc70b7,ca8f11a4-89379d50990836a8,0.423963133640553,0.44660194174757284
29d865c3-71948521a7538f50,d3528b2a-9a375cacd8688c7a,0.42391304347826086,0.609375
29d865c3-71948521a7538f50,77d22fc3-9a375cacd8688c7a,0.42391304347826086,0.609375
efa38999-a342a08a07e44f59,2eb89317-a35e7101ad930515,0.42391304347826086,0.582089552238806
a6520606-1321f6117a133851,fcc7e8fa-3c58c60688337981,0.42359249329758714,0.46745562130177515
e90a198b-11e5c0eeddd9dc22,8261bd1c-da4d765b85b655ba,0.42340425531914894,0.5407608695652174
d5a20936-51261b34b0db6a70,da5cf40b-72617fd17b7c4445,0.42337662337662335,0.5759717314487632
fcc7e8fa-3c58c60688337981,d5a20936-51261b34b0db6a70,0.42299794661190965,0.5049019607843137
aa4b840f-45e7bbf099cc70b7,f3d7ce08-72acd948d0db048a,0.4229390681003584,0.5728155339805825
6d7d5dd7-54aa7705838ae5a5,8d6f1bf5-215e963db94e80d2,0.4228571428571429,0.42528735632183906
90dc2b20-f678ec07f19de618,dc281165-ab24d5ebbc33700d,0.42214532871972316,0.48031496062992124
76ad805a-d02caa76366ff091,c1638a45-41a1a158437b9032,0.421875,0.43548387096774194
317baeaf-1586dc98b135dbb9,d8a171a3-52973750ccea2a7b,0.42105263157894735,0.631578947368421
d8a171a3-52973750ccea2a7b,6825260d-04eb77dff584dca2,0.42105263157894735,0.47368421052631576
d8a171a3-52973750ccea2a7b,c972dd00-3be1313e6a770e4f,0.42105263157894735,0.47368421052631576
d8a171a3-52973750ccea2a7b,213340b3-c798b5b2c0b2a7ba,0.42105263157894735,0.4473684210526316
90dc2b20-f678ec07f19de618,2eb89317-a35e7101ad930515,0.42105263157894735,0.5984251968503937
d4a3869e-418406bb1626654d,66e74577-1c00bee9e437cd92,0.42105263157894735,0.4444444444444444
d5a20936-51261b34b0db6a70,49e94e7e-cff41fa307c47148,0.42091836734693877,0.5830388692579506
870e16d9-e947cc0fa20a2070,63a24497-74fe29dca7457057,0.4208566108007449,0.4829059829059829
d7a8434f-48a7cb547a6fc88c,2eb89317-a35e7101ad930515,0.42045454545454547,0.6271186440677966
4e28b45e-48a7cb547a6fc88c,2eb89317-a35e7101ad930515,0.42045454545454547,0.6271186440677966
63a24497-74fe29dca7457057,49e94e7e-cff41fa307c47148,0.42039800995024873,0.5577557755775577
35f0c004-d6a959c7b5839d79,f229aa7f-bc9e671ac87bfcf1,0.42,0.5
550335a3-153da188a69ae9b2,ee4b9467-3b5042ea7fb8fe97,0.41952506596306066,0.4662756598240469
10584086-c5862013efd44277,2bda1866-189af74f7272b63b,0.4175824175824176,0.6031746031746031
16857116-ecf4bcac220ccbe2,5f0a176e-d1205060c3c48645,0.4174174174174174,0.7637362637362637
fcc7e8fa-3c58c60688337981,3dd65549-7dc96f81b451ca92,0.4172043010752688,0.47549019607843135
d7a8434f-48a7cb547a6fc88c,90dc2b20-f678ec07f19de618,0.4163265306122449,0.4322033898305085
4e28b45e-48a7cb547a6fc88c,90dc2b20-f678ec07f19de618,0.4163265306122449,0.4322033898305085
90dc2b20-f678ec07f19de618,29d865c3-71948521a7538f50,0.41568627450980394,0.41732283464566927
26e699de-08d8a23d09bbb76f,6d7d5dd7-54aa7705838ae5a5,0.4155844155844156,0.47761194029850745
66e74577-1c00bee9e437cd92,a6520606-1321f6117a133851,0.41522491349480967,0.5
d7a8434f-48a7cb547a6fc88c,213340b3-c798b5b2c0b2a7ba,0.41522491349480967,0.5084745762711864
4e28b45e-48a7cb547a6fc88c,213340b3-c798b5b2c0b2a7ba,0.41522491349480967,0.5084745762711864
18d20d2e-e9964ad58df05cef,3dd65549-7dc96f81b451ca92,0.41445783132530123,0.5584415584415584
29d865c3-71948521a7538f50,870e16d9-e947cc0fa20a2070,0.4143646408839779,0.5859375
3afcc566-8843063e9854bade,da5cf40b-72617fd17b7c4445,0.41430332922318125,0.5185185185185185
fcc7e8fa-3c58c60688337981,49e94e7e-cff41fa307c47148,0.41418439716312055,0.7156862745098039
aa4b840f-45e7bbf099cc70b7,16857116-ecf4bcac220ccbe2,0.41403508771929826,0.5728155339805825
6d7d5dd7-54aa7705838ae5a5,4ea10951-cdc36968087348ec,0.41379310344827586,0.4827586206896552
e17c5159-a1e6e7f28bb215c5,4a5b029f-77d6cfd7735a6be5,0.41379310344827586,0.46875
efa38999-a342a08a07e44f59,6825260d-04eb77dff584dca2,0.41358024691358025,0.5
efa38999-a342a08a07e44f59,c972dd00-3be1313e6a770e4f,0.41358024691358025,0.5
161b4a40-723dedeaf5bb09ba,e90a198b-11e5c0eeddd9dc22,0.41254125412541254,0.5252100840336135
aa4b840f-45e7bbf099cc70b7,18d20d2e-e9964ad58df05cef,0.41245136186770426,0.5145631067961165
90dc2b20-f678ec07f19de618,a6520606-1321f6117a133851,0.41216216216216217,0.48031496062992124
3afcc566-8843063e9854bade,49e94e7e-cff41fa307c47148,0.4121212121212121,0.5246913580246914
a6520606-1321f6117a133851,2eb89317-a35e7101ad930515,0.4119106699751861,0.4911242603550296
76ad805a-d02caa76366ff091,d4a3869e-418406bb1626654d,0.4117647058823529,0.5645161290322581
26e699de-08d8a23d09bbb76f,d4a3869e-418406bb1626654d,0.4114285714285714,0.5373134328358209
18d20d2e-e9964ad58df05cef,dc281165-ab24d5ebbc33700d,0.41139240506329117,0.42207792207792205
26e699de-08d8a23d09bbb76f,6e207cbf-6acc7ec6ec02998a,0.41134751773049644,0.43283582089552236
6825260d-04eb77dff584dca2,fcc7e8fa-3c58c60688337981,0.41116751269035534,0.4263157894736842
c972dd00-3be1313e6a770e4f,fcc7e8fa-3c58c60688337981,0.41116751269035534,0.4263157894736842
93ee4612-12c0129ef8a95ee7,18d20d2e-e9964ad58df05cef,0.41114982578397213,0.44360902255639095
e19376ca-1f9d574f75eb6b65,2eb89317-a35e7101ad930515,0.41075794621026895,0.48
7c11511f-8d7652ffbb512a2a,085ddefc-c65fe933462cc383,0.4105691056910569,0.4697674418604651
aa4b840f-45e7bbf099cc70b7,fcc7e8fa-3c58c60688337981,0.41042345276872966,0.6116504854368932
fcc7e8fa-3c58c60688337981,63a24497-74fe29dca7457057,0.41025641025641024,0.5098039215686274
dc281165-ab24d5ebbc33700d,161b4a40-723dedeaf5bb09ba,0.41,0.5061728395061729
1410e423-c8360a5c153c4cfa,a6520606-1321f6117a133851,0.4098360655737705,0.6666666666666666
d8a171a3-52973750ccea2a7b,2eb89317-a35e7101ad930515,0.40932642487046633,0.5197368421052632
213340b3-c798b5b2c0b2a7ba,63a24497-74fe29dca7457057,0.4092827004219409,0.5672514619883041
ca8f11a4-89379d50990836a8,10013f73-15ed2122f5c6cc1d,0.4092664092664093,0.4649122807017544
213340b3-c798b5b2c0b2a7ba,5f0a176e-d1205060c3c48645,0.40916030534351144,0.783625730994152
93ee4612-12c0129ef8a95ee7,e19376ca-1f9d574f75eb6b65,0.4090909090909091,0.47368421052631576
402aff07-8c62e4d7c47d8fe6,4ea10951-cdc36968087348ec,0.4090909090909091,0.6
d4a3869e-418406bb1626654d,6d55e68b-a529dbdb5e1371a5,0.4088888888888889,0.42592592592592593
870e16d9-e947cc0fa20a2070,ee4b9467-3b5042ea7fb8fe97,0.40860215053763443,0.5683760683760684
a8f7c8b7-3ce4db9563b46563,8d6f1bf5-215e963db94e80d2,0.40789473684210525,0.484375
16857116-ecf4bcac220ccbe2,5cfa2861-380589c85cc00db5,0.40711462450592883,0.5659340659340659
e90a198b-11e5c0eeddd9dc22,da5cf40b-72617fd17b7c4445,0.4070175438596491,0.47282608695652173
fcc7e8fa-3c58c60688337981,5f0a176e-d1205060c3c48645,0.4069767441860465,0.6862745098039216
66e74577-1c00bee9e437cd92,870e16d9-e947cc0fa20a2070,0.4067796610169492,0.6
c1638a45-41a1a158437b9032,35f0c004-d6a959c7b5839d79,0.40625,0.5909090909090909
2eb89317-a35e7101ad930515,870e16d9-e947cc0fa20a2070,0.405982905982906,0.405982905982906
e185bce5-dada92339d1ef734,e90a198b-11e5c0eeddd9dc22,0.40594059405940597,0.5168067226890757
213340b3-c798b5b2c0b2a7ba,e185bce5-dada92339d1ef734,0.4058679706601467,0.4853801169590643
90dc2b20-f678ec07f19de618,18d20d2e-e9964ad58df05cef,0.40569395017793597,0.44881889763779526
e185bce5-dada92339d1ef734,da5cf40b-72617fd17b7c4445,0.40551724137931033,0.6176470588235294
90dc2b20-f678ec07f19de618,e185bce5-dada92339d1ef734,0.4054794520547945,0.5826771653543307
10013f73-15ed2122f5c6cc1d,d3528b2a-9a375cacd8688c7a,0.4051948051948052,0.5379310344827586
10013f73-15ed2122f5c6cc1d,77d22fc3-9a375cacd8688c7a,0.4051948051948052,0.5379310344827586
49e94e7e-cff41fa307c47148,8261bd1c-da4d765b85b655ba,0.4044734389561976,0.43313373253493015
550335a3-153da188a69ae9b2,21c9b214-de07f5d5a23ce6c9,0.4044665012406948,0.4780058651026393
1410e423-c8360a5c153c4cfa,d4a3869e-418406bb1626654d,0.40437158469945356,0.49333333333333335
e185bce5-dada92339d1ef734,550335a3-153da188a69ae9b2,0.40414507772020725,0.49159663865546216
dc281165-ab24d5ebbc33700d,e19376ca-1f9d574f75eb6b65,0.4035608308605341,0.41975308641975306
29d865c3-71948521a7538f50,2eb89317-a35e7101ad930515,0.40331491712707185,0.5703125
18d20d2e-e9964ad58df05cef,161b4a40-723dedeaf5bb09ba,0.4030612244897959,0.512987012987013
10584086-c5862013efd44277,4a5b029f-77d6cfd7735a6be5,0.4027777777777778,0.4603174603174603
26e699de-08d8a23d09bbb76f,3368f340-dd3724dfe4aec2c1,0.40268456375838924,0.44776119402985076
13860c31-f887192f0735d843,8261bd1c-da4d765b85b655ba,0.4020356234096692,0.7383177570093458
c1638a45-41a1a158437b9032,93ee4612-12c0129ef8a95ee7,0.4020100502512563,0.6060606060606061
d8a171a3-52973750ccea2a7b,3dd65549-7dc96f81b451ca92,0.4019370460048426,0.5460526315789473
6825260d-04eb77dff584dca2,e185bce5-dada92339d1ef734,0.40186915887850466,0.45263157894736844
c972dd00-3be1313e6a770e4f,e185bce5-dada92339d1ef734,0.40186915887850466,0.45263157894736844
ca8f11a4-89379d50990836a8,66e74577-1c00bee9e437cd92,0.4017094017094017,0.41228070175438597
35f0c004-d6a959c7b5839d79,93ee4612-12c0129ef8a95ee7,0.4015444015444015,0.4126984126984127
a6520606-1321f6117a133851,e19376ca-1f9d574f75eb6b65,0.4011627906976744,0.40828402366863903
10013f73-15ed2122f5c6cc1d,2eb89317-a35e7101ad930515,0.40105540897097625,0.5241379310344828
16857116-ecf4bcac220ccbe2,ee4b9467-3b5042ea7fb8fe97,0.4006677796327212,0.6593406593406593
317baeaf-1586dc98b135dbb9,ca8f11a4-89379d50990836a8,0.4,0.5
e17c5159-a1e6e7f28bb215c5,317baeaf-1586dc98b135dbb9,0.4,0.4375
90dc2b20-f678ec07f19de618,d5a20936-51261b34b0db6a70,0.4,0.6456692913385826
f3d7ce08-72acd948d0db048a,5f0a176e-d1205060c3c48645,0.4,0.75
10013f73-15ed2122f5c6cc1d,6825260d-04eb77dff584dca2,0.4,0.46206896551724136
10013f73-15ed2122f5c6cc1d,c972dd00-3be1313e6a770e4f,0.4,0.46206896551724136
49e94e7e-cff41fa307c47148,fc1771af-cca46b221ed7a539,0.398838334946757,0.4111776447105788
550335a3-153da188a69ae9b2,da5cf40b-72617fd17b7c4445,0.39855072463768115,0.4838709677419355
d7a8434f-48a7cb547a6fc88c,93ee4612-12c0129ef8a95ee7,0.398406374501992,0.423728813559322
4e28b45e-48a7cb547a6fc88c,93ee4612-12c0129ef8a95ee7,0.398406374501992,0.423728813559322
aa4b840f-45e7bbf099cc70b7,29d865c3-71948521a7538f50,0.39826839826839827,0.44660194174757284
a6520606-1321f6117a133851,3afcc566-8843063e9854bade,0.3975659229208925,0.5798816568047337
a8f7c8b7-3ce4db9563b46563,1500a4fa-b7466e0d29f50a35,0.3973509933774834,0.46875
701c3f35-743869fd736b45aa,1410e423-c8360a5c153c4cfa,0.3971631205673759,0.42424242424242425
3dd65549-7dc96f81b451ca92,d5a20936-51261b34b0db6a70,0.39705882352941174,0.41379310344827586
93ee4612-12c0129ef8a95ee7,efa38999-a342a08a07e44f59,0.3970037453183521,0.39849624060150374
8d6f1bf5-215e963db94e80d2,a6520606-1321f6117a133851,0.3968871595330739,0.5795454545454546
e185bce5-dada92339d1ef734,3dd65549-7dc96f81b451ca92,0.3967935871743487,0.41596638655462187
d4a3869e-418406bb1626654d,2bda1866-189af74f7272b63b,0.3964757709251101,0.4166666666666667
63a24497-74fe29dca7457057,5f0a176e-d1205060c3c48645,0.39644218551461247,0.5148514851485149
d5a20936-51261b34b0db6a70,e90a198b-11e5c0eeddd9dc22,0.39631336405529954,0.4558303886925795
4a5b029f-77d6cfd7735a6be5,d56bcb0c-1747741fe15848f8,0.3953488372093023,0.41975308641975306
d56bcb0c-1747741fe15848f8,d8a171a3-52973750ccea2a7b,0.3950617283950617,0.5274725274725275
1410e423-c8360a5c153c4cfa,6d7d5dd7-54aa7705838ae5a5,0.3950617283950617,0.4266666666666667
213340b3-c798b5b2c0b2a7ba,ee4b9467-3b5042ea7fb8fe97,0.3945578231292517,0.6783625730994152
402aff07-8c62e4d7c47d8fe6,3368f340-dd3724dfe4aec2c1,0.39436619718309857,0.4666666666666667
18d20d2e-e9964ad58df05cef,3afcc566-8843063e9854bade,0.39330543933054396,0.6103896103896104
f229aa7f-bc9e671ac87bfcf1,16857116-ecf4bcac220ccbe2,0.39325842696629215,0.40229885057471265
35f0c004-d6a959c7b5839d79,3dd65549-7dc96f81b451ca92,0.39276485788113696,0.6031746031746031
317baeaf-1586dc98b135dbb9,29d865c3-71948521a7538f50,0.39215686274509803,0.5263157894736842
e99c14b9-0573227cb70d0b1c,3dd65549-7dc96f81b451ca92,0.39195979899497485,0.5693430656934306
90dc2b20-f678ec07f19de618,6825260d-04eb77dff584dca2,0.3911671924290221,0.4881889763779528
90dc2b20-f678ec07f19de618,c972dd00-3be1313e6a770e4f,0.3911671924290221,0.4881889763779528
10584086-c5862013efd44277,4ea10951-cdc36968087348ec,0.39106145251396646,0.5555555555555556
ca8f11a4-89379d50990836a8,d8a171a3-52973750ccea2a7b,0.39097744360902253,0.45614035087719296
c1638a45-41a1a158437b9032,26e699de-08d8a23d09bbb76f,0.39097744360902253,0.3939393939393939
e99c14b9-0573227cb70d0b1c,63a24497-74fe29dca7457057,0.39090909090909093,0.6277372262773723
2eb89317-a35e7101ad930515,3afcc566-8843063e9854bade,0.3906810035842294,0.4658119658119658
d7a8434f-48a7cb547a6fc88c,f229aa7f-bc9e671ac87bfcf1,0.3904109589041096,0.4830508474576271
4e28b45e-48a7cb547a6fc88c,f229aa7f-bc9e671ac87bfcf1,0.3904109589041096,0.4830508474576271
90dc2b20-f678ec07f19de618,5cfa2861-380589c85cc00db5,0.3902439024390244,0.6929133858267716
6d7d5dd7-54aa7705838ae5a5,6825260d-04eb77dff584dca2,0.3898916967509025,0.6206896551724138
6d7d5dd7-54aa7705838ae5a5,c972dd00-3be1313e6a770e4f,0.3898916967509025,0.6206896551724138
aa4b840f-45e7bbf099cc70b7,93ee4612-12c0129ef8a95ee7,0.3898305084745763,0.44660194174757284
d8a171a3-52973750ccea2a7b,e185bce5-dada92339d1ef734,0.38974358974358975,0.5
e19376ca-1f9d574f75eb6b65,085ddefc-c65fe933462cc383,0.3893805309734513,0.5028571428571429
e99c14b9-0573227cb70d0b1c,e185bce5-dada92339d1ef734,0.3893333333333333,0.5328467153284672
e99c14b9-0573227cb70d0b1c,161b4a40-723dedeaf5bb09ba,0.3893333333333333,0.5328467153284672
213340b3-c798b5b2c0b2a7ba,d3528b2a-9a375cacd8688c7a,0.38929440389294406,0.4678362573099415
213340b3-c798b5b2c0b2a7ba,77d22fc3-9a375cacd8688c7a,0.38929440389294406,0.4678362573099415
76ad805a-d02caa76366ff091,6d7d5dd7-54aa7705838ae5a5,0.38926174496644295,0.46774193548387094
10013f73-15ed2122f5c6cc1d,3dd65549-7dc96f81b451ca92,0.3891625615763547,0.5448275862068965
402aff07-8c62e4d7c47d8fe6,66e74577-1c00bee9e437cd92,0.3888888888888889,0.5833333333333334
10013f73-15ed2122f5c6cc1d,3afcc566-8843063e9854bade,0.3880597014925373,0.6275862068965518
161b4a40-723dedeaf5bb09ba,5cfa2861-380589c85cc00db5,0.3879003558718861,0.4579831932773109
f3d7ce08-72acd948d0db048a,ee4b9467-3b5042ea7fb8fe97,0.38785834738617203,0.6534090909090909
161b4a40-723dedeaf5bb09ba,ee4b9467-3b5042ea7fb8fe97,0.38778625954198476,0.5336134453781513
66e74577-1c00bee9e437cd92,6825260d-04eb77dff584dca2,0.3870967741935484,0.5
870e16d9-e947cc0fa20a2070,3afcc566-8843063e9854bade,0.3870967741935484,0.46153846153846156
66e74577-1c00bee9e437cd92,c972dd00-3be1313e6a770e4f,0.3870967741935484,0.5
93ee4612-12c0129ef8a95ee7,d8a171a3-52973750ccea2a7b,0.38596491228070173,0.41353383458646614
d8a171a3-52973750ccea2a7b,49e94e7e-cff41fa307c47148,0.38591117917304746,0.8289473684210527
870e16d9-e947cc0fa20a2070,da5cf40b-72617fd17b7c4445,0.3855755894590846,0.594017094017094
701c3f35-743869fd736b45aa,35f0c004-d6a959c7b5839d79,0.3854166666666667,0.5606060606060606
66e74577-1c00bee9e437cd92,10013f73-15ed2122f5c6cc1d,0.3849056603773585,0.425
a6520606-1321f6117a133851,f229aa7f-bc9e671ac87bfcf1,0.3848396501457726,0.3905325443786982
3dd65549-7dc96f81b451ca92,e90a198b-11e5c0eeddd9dc22,0.3847376788553259,0.46360153256704983
a8f7c8b7-3ce4db9563b46563,c1638a45-41a1a158437b9032,0.38461538461538464,0.390625
d4a3869e-418406bb1626654d,35f0c004-d6a959c7b5839d79,0.38461538461538464,0.4166666666666667
10584086-c5862013efd44277,ca8f11a4-89379d50990836a8,0.384180790960452,0.5396825396825397
e90a198b-11e5c0eeddd9dc22,21c9b214-de07f5d5a23ce6c9,0.38415366146458585,0.43478260869565216
f3d7ce08-72acd948d0db048a,5cfa2861-380589c85cc00db5,0.384,0.5454545454545454
18d20d2e-e9964ad58df05cef,6825260d-04eb77dff584dca2,0.38372093023255816,0.42857142857142855
18d20d2e-e9964ad58df05cef,c972dd00-3be1313e6a770e4f,0.38372093023255816,0.42857142857142855
1410e423-c8360a5c153c4cfa,d7a8434f-48a7cb547a6fc88c,0.38341968911917096,0.49333333333333335
1410e423-c8360a5c153c4cfa,4e28b45e-48a7cb547a6fc88c,0.38341968911917096,0.49333333333333335
d7a8434f-48a7cb547a6fc88c,e19376ca-1f9d574f75eb6b65,0.3822525597269625,0.4745762711864407
4e28b45e-48a7cb547a6fc88c,e19376ca-1f9d574f75eb6b65,0.3822525597269625,0.4745762711864407
35f0c004-d6a959c7b5839d79,3afcc566-8843063e9854bade,0.38222222222222224,0.6825396825396826
a6520606-1321f6117a133851,870e16d9-e947cc0fa20a2070,0.38213399503722084,0.4556213017751479
646b3abc-456e5f573ee4421b,d5a20936-51261b34b0db6a70,0.3820662768031189,0.4260869565217391
d7a8434f-48a7cb547a6fc88c,161b4a40-723dedeaf5bb09ba,0.38202247191011235,0.576271186440678
4e28b45e-48a7cb547a6fc88c,161b4a40-723dedeaf5bb09ba,0.38202247191011235,0.576271186440678
90dc2b20-f678ec07f19de618,16857116-ecf4bcac220ccbe2,0.3818770226537217,0.4645669291338583
317baeaf-1586dc98b135dbb9,e4ab72e5-bdf6b33f5a21b53e,0.38181818181818183,0.5526315789473685
e99c14b9-0573227cb70d0b1c,5cfa2861-380589c85cc00db5,0.38177874186550975,0.6423357664233577
2eb89317-a35e7101ad930515,ee4b9467-3b5042ea7fb8fe97,0.38095238095238093,0.5299145299145299
29d865c3-71948521a7538f50,63a24497-74fe29dca7457057,0.3805104408352668,0.640625
6e5ab1d2-bc727340fc4cd0a1,8261bd1c-da4d765b85b655ba,0.38046272493573263,0.7184466019417476
870e16d9-e947cc0fa20a2070,085ddefc-c65fe933462cc383,0.3796477495107632,0.41452991452991456
3dd65549-7dc96f81b451ca92,3afcc566-8843063e9854bade,0.37948717948717947,0.42528735632183906
680ba922-9fb7726de6c24db8,550335a3-153da188a69ae9b2,0.3793103448275862,0.4074074074074074
213340b3-c798b5b2c0b2a7ba,646b3abc-456e5f573ee4421b,0.3790523690773067,0.4444444444444444
efa38999-a342a08a07e44f59,fcc7e8fa-3c58c60688337981,0.378698224852071,0.47761194029850745
8d6f1bf5-215e963db94e80d2,fb05904c-7a4bd61a1e0e55fb,0.3786008230452675,0.5227272727272727
6d7d5dd7-54aa7705838ae5a5,ca8f11a4-89379d50990836a8,0.3781094527363184,0.4367816091954023
18d20d2e-e9964ad58df05cef,f229aa7f-bc9e671ac87bfcf1,0.3780487804878049,0.4025974025974026
66e74577-1c00bee9e437cd92,efa38999-a342a08a07e44f59,0.3779527559055118,0.4
10584086-c5862013efd44277,e17c5159-a1e6e7f28bb215c5,0.3779527559055118,0.38095238095238093
e90a198b-11e5c0eeddd9dc22,fc1771af-cca46b221ed7a539,0.37777777777777777,0.46195652173913043
93ee4612-12c0129ef8a95ee7,e99c14b9-0573227cb70d0b1c,0.37777777777777777,0.38345864661654133
3dd65549-7dc96f81b451ca92,ee4b9467-3b5042ea7fb8fe97,0.3775811209439528,0.4904214559386973
93ee4612-12c0129ef8a95ee7,6e5ab1d2-bc727340fc4cd0a1,0.3775811209439528,0.48120300751879697
3dd65549-7dc96f81b451ca92,da5cf40b-72617fd17b7c4445,0.3770053475935829,0.5402298850574713
1410e423-c8360a5c153c4cfa,4ea10951-cdc36968087348ec,0.3769633507853403,0.48
fcc7e8fa-3c58c60688337981,ee4b9467-3b5042ea7fb8fe97,0.37681159420289856,0.5735294117647058
e19376ca-1f9d574f75eb6b65,63a24497-74fe29dca7457057,0.37656903765690375,0.5142857142857142
402aff07-8c62e4d7c47d8fe6,35f0c004-d6a959c7b5839d79,0.3763440860215054,0.5833333333333334
e185bce5-dada92339d1ef734,49e94e7e-cff41fa307c47148,0.3761840324763194,0.5840336134453782
3dd65549-7dc96f81b451ca92,5cfa2861-380589c85cc00db5,0.37606837606837606,0.421455938697318
e19376ca-1f9d574f75eb6b65,d3528b2a-9a375cacd8688c7a,0.3759036144578313,0.44571428571428573
e19376ca-1f9d574f75eb6b65,77d22fc3-9a375cacd8688c7a,0.3759036144578313,0.44571428571428573
1500a4fa-b7466e0d29f50a35,35f0c004-d6a959c7b5839d79,0.3755868544600939,0.45977011494252873
213340b3-c798b5b2c0b2a7ba,e90a198b-11e5c0eeddd9dc22,0.3747680890538033,0.5906432748538012
fcc7e8fa-3c58c60688337981,2eb89317-a35e7101ad930515,0.3744292237442922,0.4019607843137255
e17c5159-a1e6e7f28bb215c5,1410e423-c8360a5c153c4cfa,0.37410071942446044,0.40625
161b4a40-723dedeaf5bb09ba,5f0a176e-d1205060c3c48645,0.3739612188365651,0.5672268907563025
ca8f11a4-89379d50990836a8,4ea10951-cdc36968087348ec,0.3739130434782609,0.37719298245614036
8d6f1bf5-215e963db94e80d2,35f0c004-d6a959c7b5839d79,0.37383177570093457,0.45454545454545453
4a5b029f-77d6cfd7735a6be5,6d55e68b-a529dbdb5e1371a5,0.37373737373737376,0.4567901234567901
a8f7c8b7-3ce4db9563b46563,d7a8434f-48a7cb547a6fc88c,0.37362637362637363,0.53125
a8f7c8b7-3ce4db9563b46563,4e28b45e-48a7cb547a6fc88c,0.37362637362637363,0.53125
10584086-c5862013efd44277,6d7d5dd7-54aa7705838ae5a5,0.37333333333333335,0.4444444444444444
dc281165-ab24d5ebbc33700d,d3528b2a-9a375cacd8688c7a,0.373134328358209,0.46296296296296297
dc281165-ab24d5ebbc33700d,77d22fc3-9a375cacd8688c7a,0.373134328358209,0.46296296296296297
26e699de-08d8a23d09bbb76f,35f0c004-d6a959c7b5839d79,0.37305699481865284,0.5373134328358209
f3d7ce08-72acd948d0db048a,680ba922-9fb7726de6c24db8,0.37209302325581395,0.5
e99c14b9-0573227cb70d0b1c,2eb89317-a35e7101ad930515,0.3719676549865229,0.5036496350364964
f229aa7f-bc9e671ac87bfcf1,f3d7ce08-72acd948d0db048a,0.37142857142857144,0.3735632183908046
fc1771af-cca46b221ed7a539,2bd5c798-5ff10d93bc179532,0.37105263157894736,0.5300751879699248
fcc7e8fa-3c58c60688337981,da5cf40b-72617fd17b7c4445,0.3704775687409551,0.6274509803921569
d7a8434f-48a7cb547a6fc88c,d8a171a3-52973750ccea2a7b,0.37037037037037035,0.423728813559322
4e28b45e-48a7cb547a6fc88c,d8a171a3-52973750ccea2a7b,0.37037037037037035,0.423728813559322
4a5b029f-77d6cfd7735a6be5,d4a3869e-418406bb1626654d,0.37037037037037035,0.43209876543209874
402aff07-8c62e4d7c47d8fe6,1410e423-c8360a5c153c4cfa,0.37037037037037035,0.4166666666666667
16857116-ecf4bcac220ccbe2,2eb89317-a35e7101ad930515,0.3701923076923077,0.4230769230769231
90dc2b20-f678ec07f19de618,646b3abc-456e5f573ee4421b,0.3697478991596639,0.5196850393700787
ca8f11a4-89379d50990836a8,dc281165-ab24d5ebbc33700d,0.3695652173913043,0.4473684210526316
e19376ca-1f9d574f75eb6b65,fcc7e8fa-3c58c60688337981,0.36939313984168864,0.4
10584086-c5862013efd44277,26e699de-08d8a23d09bbb76f,0.36923076923076925,0.38095238095238093
d4a3869e-418406bb1626654d,6825260d-04eb77dff584dca2,0.3691275167785235,0.5092592592592593
d4a3869e-418406bb1626654d,c972dd00-3be1313e6a770e4f,0.3691275167785235,0.5092592592592593
4a5b029f-77d6cfd7735a6be5,6825260d-04eb77dff584dca2,0.36900369003690037,0.6172839506172839
4a5b029f-77d6cfd7735a6be5,c972dd00-3be1313e6a770e4f,0.36900369003690037,0.6172839506172839
76ad805a-d02caa76366ff091,e4ab72e5-bdf6b33f5a21b53e,0.36893203883495146,0.6129032258064516
2eb89317-a35e7101ad930515,161b4a40-723dedeaf5bb09ba,0.3686440677966102,0.3717948717948718
3368f340-dd3724dfe4aec2c1,d4a3869e-418406bb1626654d,0.3684210526315789,0.4268292682926829
646b3abc-456e5f573ee4421b,da5cf40b-72617fd17b7c4445,0.3682008368200837,0.5739130434782609
aa4b840f-45e7bbf099cc70b7,3dd65549-7dc96f81b451ca92,0.36813186813186816,0.6504854368932039
16857116-ecf4bcac220ccbe2,da5cf40b-72617fd17b7c4445,0.36771300448430494,0.6758241758241759
c1638a45-41a1a158437b9032,2bda1866-189af74f7272b63b,0.3675675675675676,0.5151515151515151
701c3f35-743869fd736b45aa,2bda1866-189af74f7272b63b,0.3675675675675676,0.5151515151515151
16857116-ecf4bcac220ccbe2,680ba922-9fb7726de6c24db8,0.3674321503131524,0.4835164835164835
e19376ca-1f9d574f75eb6b65,5f0a176e-d1205060c3c48645,0.36722306525037934,0.6914285714285714
16857116-ecf4bcac220ccbe2,550335a3-153da188a69ae9b2,0.367112810707457,0.5274725274725275
16857116-ecf4bcac220ccbe2,63a24497-74fe29dca7457057,0.3670103092783505,0.489010989010989
93ee4612-12c0129ef8a95ee7,10013f73-15ed2122f5c6cc1d,0.3669064748201439,0.38345864661654133
ca8f11a4-89379d50990836a8,e99c14b9-0573227cb70d0b1c,0.3665338645418327,0.40350877192982454
6e207cbf-6acc7ec6ec02998a,6d55e68b-a529dbdb5e1371a5,0.36649214659685864,0.47297297297297297
dc281165-ab24d5ebbc33700d,213340b3-c798b5b2c0b2a7ba,0.3663663663663664,0.3765432098765432
5cfa2861-380589c85cc00db5,5f0a176e-d1205060c3c48645,0.36633663366336633,0.4567901234567901
c1638a45-41a1a158437b9032,317baeaf-1586dc98b135dbb9,0.36619718309859156,0.3939393939393939
701c3f35-743869fd736b45aa,317baeaf-1586dc98b135dbb9,0.36619718309859156,0.3939393939393939
701c3f35-743869fd736b45aa,1500a4fa-b7466e0d29f50a35,0.3660130718954248,0.42424242424242425
7c11511f-8d7652ffbb512a2a,8261bd1c-da4d765b85b655ba,0.36594663278271916,0.6697674418604651
a6520606-1321f6117a133851,646b3abc-456e5f573ee4421b,0.3659147869674185,0.4319526627218935
d56bcb0c-1747741fe15848f8,fb05904c-7a4bd61a1e0e55fb,0.36585365853658536,0.4945054945054945
f3d7ce08-72acd948d0db048a,2eb89317-a35e7101ad930515,0.36585365853658536,0.42613636363636365
16857116-ecf4bcac220ccbe2,3dd65549-7dc96f81b451ca92,0.3656884875846501,0.44505494505494503
10013f73-15ed2122f5c6cc1d,e185bce5-dada92339d1ef734,0.36553524804177545,0.4827586206896552
29d865c3-71948521a7538f50,dc281165-ab24d5ebbc33700d,0.36551724137931035,0.4140625
1410e423-c8360a5c153c4cfa,93ee4612-12c0129ef8a95ee7,0.36538461538461536,0.5066666666666667
f3d7ce08-72acd948d0db048a,da5cf40b-72617fd17b7c4445,0.3650075414781297,0.6875
26e699de-08d8a23d09bbb76f,4a5b029f-77d6cfd7735a6be5,0.36486486486486486,0.40298507462686567
1410e423-c8360a5c153c4cfa,6d55e68b-a529dbdb5e1371a5,0.3645833333333333,0.4666666666666667
6d7d5dd7-54aa7705838ae5a5,e4ab72e5-bdf6b33f5a21b53e,0.36363636363636365,0.4827586206896552
2bda1866-189af74f7272b63b,10013f73-15ed2122f5c6cc1d,0.36363636363636365,0.40336134453781514
16857116-ecf4bcac220ccbe2,e90a198b-11e5c0eeddd9dc22,0.36363636363636365,0.5494505494505495
93ee4612-12c0129ef8a95ee7,646b3abc-456e5f573ee4421b,0.36363636363636365,0.49624060150375937
d4a3869e-418406bb1626654d,efa38999-a342a08a07e44f59,0.36363636363636365,0.4074074074074074
8d6f1bf5-215e963db94e80d2,90dc2b20-f678ec07f19de618,0.3627906976744186,0.4431818181818182
16857116-ecf4bcac220ccbe2,7c11511f-8d7652ffbb512a2a,0.36272040302267,0.3956043956043956
76ad805a-d02caa76366ff091,1500a4fa-b7466e0d29f50a35,0.3624161073825503,0.43548387096774194
ca8f11a4-89379d50990836a8,d7a8434f-48a7cb547a6fc88c,0.3620689655172414,0.3684210526315789
ca8f11a4-89379d50990836a8,4e28b45e-48a7cb547a6fc88c,0.3620689655172414,0.3684210526315789
1500a4fa-b7466e0d29f50a35,efa38999-a342a08a07e44f59,0.36199095022624433,0.45977011494252873
2eb89317-a35e7101ad930515,63a24497-74fe29dca7457057,0.3612662942271881,0.41452991452991456
1500a4fa-b7466e0d29f50a35,d7a8434f-48a7cb547a6fc88c,0.36097560975609755,0.42528735632183906
8d6f1bf5-215e963db94e80d2,6d55e68b-a529dbdb5e1371a5,0.36097560975609755,0.42045454545454547
1500a4fa-b7466e0d29f50a35,4e28b45e-48a7cb547a6fc88c,0.36097560975609755,0.42528735632183906
fcc7e8fa-3c58c60688337981,6e5ab1d2-bc727340fc4cd0a1,0.36097560975609755,0.3627450980392157
90dc2b20-f678ec07f19de618,3dd65549-7dc96f81b451ca92,0.36082474226804123,0.5511811023622047
c1638a45-41a1a158437b9032,6d55e68b-a529dbdb5e1371a5,0.36065573770491804,0.5
dc281165-ab24d5ebbc33700d,fcc7e8fa-3c58c60688337981,0.36065573770491804,0.4074074074074074
6e207cbf-6acc7ec6ec02998a,317baeaf-1586dc98b135dbb9,0.36,0.36486486486486486
d5a20936-51261b34b0db6a70,ee4b9467-3b5042ea7fb8fe97,0.36,0.4452296819787986
3368f340-dd3724dfe4aec2c1,d7a8434f-48a7cb547a6fc88c,0.36,0.43902439024390244
3368f340-dd3724dfe4aec2c1,4e28b45e-48a7cb547a6fc88c,0.36,0.43902439024390244
fcc7e8fa-3c58c60688337981,5cfa2861-380589c85cc00db5,0.35984848484848486,0.46568627450980393
76ad805a-d02caa76366ff091,701c3f35-743869fd736b45aa,0.359375,0.3709677419354839
2eb89317-a35e7101ad930515,5f0a176e-d1205060c3c48645,0.3593314763231198,0.5512820512820513
d4a3869e-418406bb1626654d,e99c14b9-0573227cb70d0b1c,0.35918367346938773,0.4074074074074074
6825260d-04eb77dff584dca2,5f0a176e-d1205060c3c48645,0.3590504451038576,0.6368421052631579
c972dd00-3be1313e6a770e4f,5f0a176e-d1205060c3c48645,0.3590504451038576,0.6368421052631579
d8a171a3-52973750ccea2a7b,085ddefc-c65fe933462cc383,0.358974358974359,0.506578947368421
ca8f11a4-89379d50990836a8,7c11511f-8d7652ffbb512a2a,0.3586626139817629,0.5175438596491229
e19376ca-1f9d574f75eb6b65,e185bce5-dada92339d1ef734,0.3583535108958838,0.4228571428571429
f3d7ce08-72acd948d0db048a,7c11511f-8d7652ffbb512a2a,0.35805626598465473,0.3977272727272727
3afcc566-8843063e9854bade,550335a3-153da188a69ae9b2,0.35789473684210527,0.36728395061728397
5cfa2861-380589c85cc00db5,550335a3-153da188a69ae9b2,0.35789473684210527,0.36728395061728397
f3d7ce08-72acd948d0db048a,085ddefc-c65fe933462cc383,0.3576158940397351,0.4602272727272727
10013f73-15ed2122f5c6cc1d,da5cf40b-72617fd17b7c4445,0.3575949367088608,0.7793103448275862
4a5b029f-77d6cfd7735a6be5,18d20d2e-e9964ad58df05cef,0.3574468085106383,0.5185185185185185
161b4a40-723dedeaf5bb09ba,085ddefc-c65fe933462cc383,0.3572815533980582,0.3865546218487395
161b4a40-723dedeaf5bb09ba,49e94e7e-cff41fa307c47148,0.3572395128552097,0.5546218487394958
76ad805a-d02caa76366ff091,efa38999-a342a08a07e44f59,0.35714285714285715,0.5645161290322581
3dd65549-7dc96f81b451ca92,5f0a176e-d1205060c3c48645,0.35704697986577183,0.5095785440613027
d7a8434f-48a7cb547a6fc88c,646b3abc-456e5f573ee4421b,0.3563218390804598,0.5254237288135594
4e28b45e-48a7cb547a6fc88c,646b3abc-456e5f573ee4421b,0.3563218390804598,0.5254237288135594
701c3f35-743869fd736b45aa,d4a3869e-418406bb1626654d,0.3563218390804598,0.4696969696969697
402aff07-8c62e4d7c47d8fe6,f3d7ce08-72acd948d0db048a,0.3559322033898305,0.7
085ddefc-c65fe933462cc383,2bd5c798-5ff10d93bc179532,0.3557312252964427,0.8122743682310469
213340b3-c798b5b2c0b2a7ba,da5cf40b-72617fd17b7c4445,0.3556231003039514,0.6842105263157895
35f0c004-d6a959c7b5839d79,5cfa2861-380589c85cc00db5,0.35555555555555557,0.6349206349206349
a6520606-1321f6117a133851,ee4b9467-3b5042ea7fb8fe97,0.35494880546075086,0.6153846153846154
efa38999-a342a08a07e44f59,161b4a40-723dedeaf5bb09ba,0.3548387096774194,0.4925373134328358
1500a4fa-b7466e0d29f50a35,4ea10951-cdc36968087348ec,0.35467980295566504,0.41379310344827586
dc281165-ab24d5ebbc33700d,3dd65549-7dc96f81b451ca92,0.3546099290780142,0.46296296296296297
f229aa7f-bc9e671ac87bfcf1,fcc7e8fa-3c58c60688337981,0.3544973544973545,0.3850574712643678
d8a171a3-52973750ccea2a7b,7c11511f-8d7652ffbb512a2a,0.3542234332425068,0.4276315789473684
35f0c004-d6a959c7b5839d79,dc281165-ab24d5ebbc33700d,0.3541666666666667,0.40476190476190477
d8a171a3-52973750ccea2a7b,e90a198b-11e5c0eeddd9dc22,0.35384615384615387,0.6052631578947368
6e5ab1d2-bc727340fc4cd0a1,63a24497-74fe29dca7457057,0.35363457760314343,0.4368932038834951
76ad805a-d02caa76366ff091,2bda1866-189af74f7272b63b,0.35359116022099446,0.5161290322580645
701c3f35-743869fd736b45aa,6d7d5dd7-54aa7705838ae5a5,0.35294117647058826,0.4090909090909091
6d7d5dd7-54aa7705838ae5a5,efa38999-a342a08a07e44f59,0.35294117647058826,0.4482758620689655
10013f73-15ed2122f5c6cc1d,5f0a176e-d1205060c3c48645,0.35294117647058826,0.7655172413793103
d7a8434f-48a7cb547a6fc88c,e99c14b9-0573227cb70d0b1c,0.35294117647058826,0.3813559322033898
4e28b45e-48a7cb547a6fc88c,e99c14b9-0573227cb70d0b1c,0.35294117647058826,0.3813559322033898
f229aa7f-bc9e671ac87bfcf1,870e16d9-e947cc0fa20a2070,0.35294117647058826,0.41379310344827586
8d6f1bf5-215e963db94e80d2,4ea10951-cdc36968087348ec,0.35294117647058826,0.4090909090909091
8d6f1bf5-215e963db94e80d2,93ee4612-12c0129ef8a95ee7,0.35294117647058826,0.4431818181818182
317baeaf-1586dc98b135dbb9,6d55e68b-a529dbdb5e1371a5,0.35233160621761656,0.4473684210526316
10013f73-15ed2122f5c6cc1d,ee4b9467-3b5042ea7fb8fe97,0.35231316725978645,0.6827586206896552
f3d7ce08-72acd948d0db048a,550335a3-153da188a69ae9b2,0.3520309477756286,0.5170454545454546
a8f7c8b7-3ce4db9563b46563,a6520606-1321f6117a133851,0.351931330472103,0.640625
680ba922-9fb7726de6c24db8,e90a198b-11e5c0eeddd9dc22,0.3518796992481203,0.3939393939393939
d56bcb0c-1747741fe15848f8,d4a3869e-418406bb1626654d,0.35175879396984927,0.38461538461538464
2eb89317-a35e7101ad930515,e185bce5-dada92339d1ef734,0.3516949152542373,0.3547008547008547
1500a4fa-b7466e0d29f50a35,a6520606-1321f6117a133851,0.3515625,0.5172413793103449
e99c14b9-0573227cb70d0b1c,3afcc566-8843063e9854bade,0.351409978308026,0.5912408759124088
16857116-ecf4bcac220ccbe2,49e94e7e-cff41fa307c47148,0.3513909224011713,0.6593406593406593
402aff07-8c62e4d7c47d8fe6,8d6f1bf5-215e963db94e80d2,0.35135135135135137,0.43333333333333335
da5cf40b-72617fd17b7c4445,8261bd1c-da4d765b85b655ba,0.35127478753541075,0.38193018480492813
93ee4612-12c0129ef8a95ee7,a6520606-1321f6117a133851,0.3509933774834437,0.39849624060150374
a6520606-1321f6117a133851,6825260d-04eb77dff584dca2,0.35097493036211697,0.3727810650887574
a6520606-1321f6117a133851,c972dd00-3be1313e6a770e4f,0.35097493036211697,0.3727810650887574
10013f73-15ed2122f5c6cc1d,13860c31-f887192f0735d843,0.35097493036211697,0.43448275862068964
ca8f11a4-89379d50990836a8,870e16d9-e947cc0fa20a2070,0.3505747126436782,0.5350877192982456
e19376ca-1f9d574f75eb6b65,da5cf40b-72617fd17b7c4445,0.3504531722054381,0.6628571428571428
76ad805a-d02caa76366ff091,1410e423-c8360a5c153c4cfa,0.35036496350364965,0.3870967741935484
4a5b029f-77d6cfd7735a6be5,f3d7ce08-72acd948d0db048a,0.35019455252918286,0.5555555555555556
d7a8434f-48a7cb547a6fc88c,dc281165-ab24d5ebbc33700d,0.35,0.4152542372881356
4e28b45e-48a7cb547a6fc88c,dc281165-ab24d5ebbc33700d,0.35,0.4152542372881356
90dc2b20-f678ec07f19de618,f3d7ce08-72acd948d0db048a,0.34983498349834985,0.41732283464566927
2bda1866-189af74f7272b63b,e4ab72e5-bdf6b33f5a21b53e,0.34980988593155893,0.3865546218487395
2bda1866-189af74f7272b63b,90dc2b20-f678ec07f19de618,0.34959349593495936,0.36134453781512604
29d865c3-71948521a7538f50,3afcc566-8843063e9854bade,0.3495575221238938,0.6171875
6d55e68b-a529dbdb5e1371a5,d8a171a3-52973750ccea2a7b,0.34944237918215615,0.4017094017094017
6d7d5dd7-54aa7705838ae5a5,16857116-ecf4bcac220ccbe2,0.34944237918215615,0.5402298850574713
8d6f1bf5-215e963db94e80d2,fcc7e8fa-3c58c60688337981,0.3493150684931507,0.5795454545454546
402aff07-8c62e4d7c47d8fe6,c1638a45-41a1a158437b9032,0.3492063492063492,0.36666666666666664
5f0a176e-d1205060c3c48645,2bd5c798-5ff10d93bc179532,0.3491847826086957,0.53099173553719
e185bce5-dada92339d1ef734,5f0a176e-d1205060c3c48645,0.3490304709141274,0.5294117647058824
6e207cbf-6acc7ec6ec02998a,1410e423-c8360a5c153c4cfa,0.348993288590604,0.35135135135135137
4a5b029f-77d6cfd7735a6be5,ca8f11a4-89379d50990836a8,0.3487179487179487,0.41975308641975306
8261bd1c-da4d765b85b655ba,2bd5c798-5ff10d93bc179532,0.3487179487179487,0.4755244755244755
e19376ca-1f9d574f75eb6b65,3dd65549-7dc96f81b451ca92,0.3486238532110092,0.4342857142857143
8d6f1bf5-215e963db94e80d2,2bda1866-189af74f7272b63b,0.34782608695652173,0.4090909090909091
4a5b029f-77d6cfd7735a6be5,35f0c004-d6a959c7b5839d79,0.34782608695652173,0.4444444444444444
c1638a45-41a1a158437b9032,d7a8434f-48a7cb547a6fc88c,0.34782608695652173,0.48484848484848486
c1638a45-41a1a158437b9032,4e28b45e-48a7cb547a6fc88c,0.34782608695652173,0.48484848484848486
1500a4fa-b7466e0d29f50a35,66e74577-1c00bee9e437cd92,0.34782608695652173,0.41379310344827586
1500a4fa-b7466e0d29f50a35,fb05904c-7a4bd61a1e0e55fb,0.34710743801652894,0.4827586206896552
402aff07-8c62e4d7c47d8fe6,16857116-ecf4bcac220ccbe2,0.34710743801652894,0.7
10584086-c5862013efd44277,1500a4fa-b7466e0d29f50a35,0.3466666666666667,0.4126984126984127
d7a8434f-48a7cb547a6fc88c,870e16d9-e947cc0fa20a2070,0.3465909090909091,0.5169491525423728
4e28b45e-48a7cb547a6fc88c,870e16d9-e947cc0fa20a2070,0.3465909090909091,0.5169491525423728
f3d7ce08-72acd948d0db048a,63a24497-74fe29dca7457057,0.3465553235908142,0.4715909090909091
ca8f11a4-89379d50990836a8,a6520606-1321f6117a133851,0.3462897526501767,0.4298245614035088
f229aa7f-bc9e671ac87bfcf1,6825260d-04eb77dff584dca2,0.34615384615384615,0.3620689655172414
f229aa7f-bc9e671ac87bfcf1,c972dd00-3be1313e6a770e4f,0.34615384615384615,0.3620689655172414
ca8f11a4-89379d50990836a8,fcc7e8fa-3c58c60688337981,0.34591194968553457,0.4824561403508772
317baeaf-1586dc98b135dbb9,6825260d-04eb77dff584dca2,0.3458646616541353,0.6052631578947368
317baeaf-1586dc98b135dbb9,c972dd00-3be1313e6a770e4f,0.3458646616541353,0.6052631578947368
6e207cbf-6acc7ec6ec02998a,8d6f1bf5-215e963db94e80d2,0.345679012345679,0.3783783783783784
10584086-c5862013efd44277,29d865c3-71948521a7538f50,0.34554973821989526,0.5238095238095238
26e699de-08d8a23d09bbb76f,16857116-ecf4bcac220ccbe2,0.3453815261044177,0.6417910447761194
35f0c004-d6a959c7b5839d79,63a24497-74fe29dca7457057,0.34498834498834496,0.5873015873015873
fcc7e8fa-3c58c60688337981,550335a3-153da188a69ae9b2,0.344954128440367,0.46078431372549017
e99c14b9-0573227cb70d0b1c,16857116-ecf4bcac220ccbe2,0.3448275862068966,0.40145985401459855
10013f73-15ed2122f5c6cc1d,f229aa7f-bc9e671ac87bfcf1,0.3448275862068966,0.3793103448275862
646b3abc-456e5f573ee4421b,870e16d9-e947cc0fa20a2070,0.3448275862068966,0.34782608695652173
10584086-c5862013efd44277,3368f340-dd3724dfe4aec2c1,0.3448275862068966,0.3968253968253968
d8a171a3-52973750ccea2a7b,3afcc566-8843063e9854bade,0.3445378151260504,0.5394736842105263
d56bcb0c-1747741fe15848f8,d7a8434f-48a7cb547a6fc88c,0.3444976076555024,0.3956043956043956
d56bcb0c-1747741fe15848f8,4e28b45e-48a7cb547a6fc88c,0.3444976076555024,0.3956043956043956
29d865c3-71948521a7538f50,e185bce5-dada92339d1ef734,0.3442622950819672,0.4921875
93ee4612-12c0129ef8a95ee7,2eb89317-a35e7101ad930515,0.34332425068119893,0.47368421052631576
f3d7ce08-72acd948d0db048a,3dd65549-7dc96f81b451ca92,0.34324942791762014,0.42613636363636365
4a5b029f-77d6cfd7735a6be5,8d6f1bf5-215e963db94e80d2,0.3431952662721893,0.35802469135802467
dc281165-ab24d5ebbc33700d,f3d7ce08-72acd948d0db048a,0.3431952662721893,0.35802469135802467
3368f340-dd3724dfe4aec2c1,1500a4fa-b7466e0d29f50a35,0.3431952662721893,0.35365853658536583
c1638a45-41a1a158437b9032,6e207cbf-6acc7ec6ec02998a,0.34285714285714286,0.36363636363636365
2bda1866-189af74f7272b63b,35f0c004-d6a959c7b5839d79,0.34285714285714286,0.35294117647058826
e99c14b9-0573227cb70d0b1c,6825260d-04eb77dff584dca2,0.3425076452599388,0.40875912408759124
e99c14b9-0573227cb70d0b1c,c972dd00-3be1313e6a770e4f,0.3425076452599388,0.40875912408759124
21c9b214-de07f5d5a23ce6c9,da5cf40b-72617fd17b7c4445,0.34243697478991597,0.35053763440860214
efa38999-a342a08a07e44f59,870e16d9-e947cc0fa20a2070,0.3423913043478261,0.4701492537313433
aa4b840f-45e7bbf099cc70b7,646b3abc-456e5f573ee4421b,0.34234234234234234,0.5533980582524272
e185bce5-dada92339d1ef734,ee4b9467-3b5042ea7fb8fe97,0.3419847328244275,0.47058823529411764
f3d7ce08-72acd948d0db048a,e90a198b-11e5c0eeddd9dc22,0.34191176470588236,0.5284090909090909
ee4b9467-3b5042ea7fb8fe97,8261bd1c-da4d765b85b655ba,0.3417593528816987,0.4052757793764988
76ad805a-d02caa76366ff091,e99c14b9-0573227cb70d0b1c,0.3417085427135678,0.5483870967741935
6d7d5dd7-54aa7705838ae5a5,d7a8434f-48a7cb547a6fc88c,0.34146341463414637,0.40229885057471265
6d7d5dd7-54aa7705838ae5a5,4e28b45e-48a7cb547a6fc88c,0.34146341463414637,0.40229885057471265
1500a4fa-b7466e0d29f50a35,213340b3-c798b5b2c0b2a7ba,0.34108527131782945,0.5057471264367817
76ad805a-d02caa76366ff091,26e699de-08d8a23d09bbb76f,0.34108527131782945,0.3548387096774194
35f0c004-d6a959c7b5839d79,5f0a176e-d1205060c3c48645,0.34098360655737703,0.8253968253968254
a6520606-1321f6117a133851,5cfa2861-380589c85cc00db5,0.3407707910750507,0.4970414201183432
29d865c3-71948521a7538f50,085ddefc-c65fe933462cc383,0.34074074074074073,0.5390625
29d865c3-71948521a7538f50,5cfa2861-380589c85cc00db5,0.3407079646017699,0.6015625
29d865c3-71948521a7538f50,d5a20936-51261b34b0db6a70,0.340632603406326,0.546875
d4a3869e-418406bb1626654d,90dc2b20-f678ec07f19de618,0.3404255319148936,0.37037037037037035
d56bcb0c-1747741fe15848f8,e4ab72e5-bdf6b33f5a21b53e,0.3404255319148936,0.43956043956043955
ca8f11a4-89379d50990836a8,90dc2b20-f678ec07f19de618,0.34024896265560167,0.35964912280701755
6e207cbf-6acc7ec6ec02998a,66e74577-1c00bee9e437cd92,0.3402061855670103,0.44594594594594594
2bda1866-189af74f7272b63b,e19376ca-1f9d574f75eb6b65,0.3401360544217687,0.42016806722689076
701c3f35-743869fd736b45aa,4a5b029f-77d6cfd7735a6be5,0.3401360544217687,0.3787878787878788
66e74577-1c00bee9e437cd92,f229aa7f-bc9e671ac87bfcf1,0.3401360544217687,0.4166666666666667
dc281165-ab24d5ebbc33700d,e185bce5-dada92339d1ef734,0.34,0.41975308641975306
4ea10951-cdc36968087348ec,6825260d-04eb77dff584dca2,0.33986928104575165,0.4482758620689655
16857116-ecf4bcac220ccbe2,085ddefc-c65fe933462cc383,0.33986928104575165,0.42857142857142855
4ea10951-cdc36968087348ec,c972dd00-3be1313e6a770e4f,0.33986928104575165,0.4482758620689655
213340b3-c798b5b2c0b2a7ba,3afcc566-8843063e9854bade,0.3393939393939394,0.49122807017543857
213340b3-c798b5b2c0b2a7ba,49e94e7e-cff41fa307c47148,0.3392857142857143,0.6666666666666666
5cfa2861-380589c85cc00db5,8261bd1c-da4d765b85b655ba,0.3392857142857143,0.4691358024691358
d4a3869e-418406bb1626654d,870e16d9-e947cc0fa20a2070,0.3391812865497076,0.5370370370370371
d4a3869e-418406bb1626654d,2eb89317-a35e7101ad930515,0.3391812865497076,0.5370370370370371
3afcc566-8843063e9854bade,5f0a176e-d1205060c3c48645,0.33910891089108913,0.4228395061728395
a6520606-1321f6117a133851,161b4a40-723dedeaf5bb09ba,0.33906633906633904,0.40828402366863903
6825260d-04eb77dff584dca2,550335a3-153da188a69ae9b2,0.3389830508474576,0.47368421052631576
3368f340-dd3724dfe4aec2c1,18d20d2e-e9964ad58df05cef,0.3389830508474576,0.4878048780487805
c972dd00-3be1313e6a770e4f,550335a3-153da188a69ae9b2,0.3389830508474576,0.47368421052631576
402aff07-8c62e4d7c47d8fe6,6d55e68b-a529dbdb5e1371a5,0.3389830508474576,0.5
646b3abc-456e5f573ee4421b,5f0a176e-d1205060c3c48645,0.3389355742296919,0.5260869565217391
402aff07-8c62e4d7c47d8fe6,e17c5159-a1e6e7f28bb215c5,0.3387096774193548,0.35
2eb89317-a35e7101ad930515,da5cf40b-72617fd17b7c4445,0.33841886269070737,0.5213675213675214
d56bcb0c-1747741fe15848f8,e19376ca-1f9d574f75eb6b65,0.3383458646616541,0.4945054945054945
6825260d-04eb77dff584dca2,085ddefc-c65fe933462cc383,0.33832976445396146,0.41578947368421054
c972dd00-3be1313e6a770e4f,085ddefc-c65fe933462cc383,0.33832976445396146,0.41578947368421054
3dd65549-7dc96f81b451ca92,085ddefc-c65fe933462cc383,0.3382899628252788,0.3486590038314176
ee4b9467-3b5042ea7fb8fe97,21c9b214-de07f5d5a23ce6c9,0.3378684807256236,0.35731414868105515
c1638a45-41a1a158437b9032,3368f340-dd3724dfe4aec2c1,0.33783783783783783,0.3787878787878788
870e16d9-e947cc0fa20a2070,21c9b214-de07f5d5a23ce6c9,0.3376251788268956,0.5042735042735043
66e74577-1c00bee9e437cd92,085ddefc-c65fe933462cc383,0.33753148614609574,0.5583333333333333
e19376ca-1f9d574f75eb6b65,49e94e7e-cff41fa307c47148,0.33727810650887574,0.6514285714285715
dc281165-ab24d5ebbc33700d,16857116-ecf4bcac220ccbe2,0.3372093023255814,0.35802469135802467
ee4b9467-3b5042ea7fb8fe97,fc1771af-cca46b221ed7a539,0.33719704952581664,0.38369304556354916
fcc7e8fa-3c58c60688337981,3afcc566-8843063e9854bade,0.3371212121212121,0.4362745098039216
d7a8434f-48a7cb547a6fc88c,e185bce5-dada92339d1ef734,0.33707865168539325,0.5084745762711864
4e28b45e-48a7cb547a6fc88c,e185bce5-dada92339d1ef734,0.33707865168539325,0.5084745762711864
317baeaf-1586dc98b135dbb9,d4a3869e-418406bb1626654d,0.33695652173913043,0.40789473684210525
646b3abc-456e5f573ee4421b,ee4b9467-3b5042ea7fb8fe97,0.3369397217928903,0.47391304347826085
66e74577-1c00bee9e437cd92,213340b3-c798b5b2c0b2a7ba,0.33676975945017185,0.4083333333333333
c1638a45-41a1a158437b9032,18d20d2e-e9964ad58df05cef,0.33636363636363636,0.5606060606060606
646b3abc-456e5f573ee4421b,550335a3-153da188a69ae9b2,0.3362521891418564,0.41739130434782606
63a24497-74fe29dca7457057,8261bd1c-da4d765b85b655ba,0.336,0.48514851485148514
76ad805a-d02caa76366ff091,4a5b029f-77d6cfd7735a6be5,0.3356643356643357,0.3870967741935484
fc1771af-cca46b221ed7a539,8261bd1c-da4d765b85b655ba,0.3351449275362319,0.34774436090225563
4a5b029f-77d6cfd7735a6be5,29d865c3-71948521a7538f50,0.3349282296650718,0.43209876543209874
6825260d-04eb77dff584dca2,2eb89317-a35e7101ad930515,0.33490566037735847,0.3736842105263158
c972dd00-3be1313e6a770e4f,2eb89317-a35e7101ad930515,0.33490566037735847,0.3736842105263158
3368f340-dd3724dfe4aec2c1,93ee4612-12c0129ef8a95ee7,0.33488372093023255,0.43902439024390244
fcc7e8fa-3c58c60688337981,e185bce5-dada92339d1ef734,0.334841628959276,0.3627450980392157
4a5b029f-77d6cfd7735a6be5,d8a171a3-52973750ccea2a7b,0.33476394849785407,0.48148148148148145
f3d7ce08-72acd948d0db048a,49e94e7e-cff41fa307c47148,0.33382570162481534,0.6420454545454546
a8f7c8b7-3ce4db9563b46563,6e207cbf-6acc7ec6ec02998a,0.3333333333333333,0.359375
d56bcb0c-1747741fe15848f8,2bda1866-189af74f7272b63b,0.3333333333333333,0.38461538461538464
1410e423-c8360a5c153c4cfa,4a5b029f-77d6cfd7735a6be5,0.3333333333333333,0.3466666666666667
e19376ca-1f9d574f75eb6b65,550335a3-153da188a69ae9b2,0.3333333333333333,0.49142857142857144
18d20d2e-e9964ad58df05cef,646b3abc-456e5f573ee4421b,0.3333333333333333,0.4155844155844156
c1638a45-41a1a158437b9032,d4a3869e-418406bb1626654d,0.3333333333333333,0.4393939393939394
d4a3869e-418406bb1626654d,fcc7e8fa-3c58c60688337981,0.3333333333333333,0.48148148148148145
dc281165-ab24d5ebbc33700d,870e16d9-e947cc0fa20a2070,0.3333333333333333,0.4074074074074074
90dc2b20-f678ec07f19de618,3afcc566-8843063e9854bade,0.3325942350332594,0.5905511811023622
550335a3-153da188a69ae9b2,fc1771af-cca46b221ed7a539,0.3321878579610538,0.4252199413489736
29d865c3-71948521a7538f50,e99c14b9-0573227cb70d0b1c,0.3320754716981132,0.34375
2bda1866-189af74f7272b63b,29d865c3-71948521a7538f50,0.3319838056680162,0.3445378151260504
d8a171a3-52973750ccea2a7b,d3528b2a-9a375cacd8688c7a,0.33163265306122447,0.4276315789473684
d8a171a3-52973750ccea2a7b,77d22fc3-9a375cacd8688c7a,0.33163265306122447,0.4276315789473684
dc281165-ab24d5ebbc33700d,646b3abc-456e5f573ee4421b,0.33163265306122447,0.4012345679012346
29d865c3-71948521a7538f50,fcc7e8fa-3c58c60688337981,0.3313253012048193,0.4296875
e19376ca-1f9d574f75eb6b65,ee4b9467-3b5042ea7fb8fe97,0.3310810810810811,0.56
161b4a40-723dedeaf5bb09ba,3afcc566-8843063e9854bade,0.3309608540925267,0.3907563025210084
213340b3-c798b5b2c0b2a7ba,2eb89317-a35e7101ad930515,0.3308641975308642,0.391812865497076
63a24497-74fe29dca7457057,21c9b214-de07f5d5a23ce6c9,0.3307291666666667,0.41914191419141916
4ea10951-cdc36968087348ec,66e74577-1c00bee9e437cd92,0.3305084745762712,0.33620689655172414
a8f7c8b7-3ce4db9563b46563,18d20d2e-e9964ad58df05cef,0.3302752293577982,0.5625
6d7d5dd7-54aa7705838ae5a5,2bda1866-189af74f7272b63b,0.3300970873786408,0.39080459770114945
8d6f1bf5-215e963db94e80d2,d7a8434f-48a7cb547a6fc88c,0.3300970873786408,0.38636363636363635
8d6f1bf5-215e963db94e80d2,4e28b45e-48a7cb547a6fc88c,0.3300970873786408,0.38636363636363635
2eb89317-a35e7101ad930515,5cfa2861-380589c85cc00db5,0.32974910394265233,0.39316239316239315
18d20d2e-e9964ad58df05cef,e90a198b-11e5c0eeddd9dc22,0.32950191570881227,0.5584415584415584
317baeaf-1586dc98b135dbb9,8d6f1bf5-215e963db94e80d2,0.32926829268292684,0.35526315789473684
63a24497-74fe29dca7457057,550335a3-153da188a69ae9b2,0.32919254658385094,0.34983498349834985
26e699de-08d8a23d09bbb76f,d56bcb0c-1747741fe15848f8,0.3291139240506329,0.3880597014925373
d3528b2a-9a375cacd8688c7a,ee4b9467-3b5042ea7fb8fe97,0.3287671232876712,0.45
77d22fc3-9a375cacd8688c7a,ee4b9467-3b5042ea7fb8fe97,0.3287671232876712,0.45
5f0a176e-d1205060c3c48645,fc1771af-cca46b221ed7a539,0.328740157480315,0.3450413223140496
701c3f35-743869fd736b45aa,6e207cbf-6acc7ec6ec02998a,0.32857142857142857,0.3484848484848485
f229aa7f-bc9e671ac87bfcf1,5f0a176e-d1205060c3c48645,0.3282674772036474,0.6206896551724138
e99c14b9-0573227cb70d0b1c,f229aa7f-bc9e671ac87bfcf1,0.3279742765273312,0.3722627737226277
35f0c004-d6a959c7b5839d79,085ddefc-c65fe933462cc383,0.32754342431761785,0.5238095238095238
d4a3869e-418406bb1626654d,085ddefc-c65fe933462cc383,0.32727272727272727,0.5833333333333334
4a5b029f-77d6cfd7735a6be5,16857116-ecf4bcac220ccbe2,0.3269961977186312,0.5308641975308642
5cfa2861-380589c85cc00db5,21c9b214-de07f5d5a23ce6c9,0.3269961977186312,0.39814814814814814
c1638a45-41a1a158437b9032,1500a4fa-b7466e0d29f50a35,0.32679738562091504,0.3787878787878788
3368f340-dd3724dfe4aec2c1,a6520606-1321f6117a133851,0.32669322709163345,0.5
aa4b840f-45e7bbf099cc70b7,d3528b2a-9a375cacd8688c7a,0.32653061224489793,0.5436893203883495
aa4b840f-45e7bbf099cc70b7,77d22fc3-9a375cacd8688c7a,0.32653061224489793,0.5436893203883495
085ddefc-c65fe933462cc383,3afcc566-8843063e9854bade,0.3261231281198003,0.35379061371841153
a8f7c8b7-3ce4db9563b46563,66e74577-1c00bee9e437cd92,0.32608695652173914,0.46875
18d20d2e-e9964ad58df05cef,5f0a176e-d1205060c3c48645,0.32601880877742945,0.6753246753246753
1500a4fa-b7466e0d29f50a35,29d865c3-71948521a7538f50,0.32558139534883723,0.40229885057471265
701c3f35-743869fd736b45aa,e99c14b9-0573227cb70d0b1c,0.3251231527093596,0.5
93ee4612-12c0129ef8a95ee7,3dd65549-7dc96f81b451ca92,0.3248730964467005,0.48120300751879697
161b4a40-723dedeaf5bb09ba,550335a3-153da188a69ae9b2,0.32469775474956825,0.3949579831932773
a6520606-1321f6117a133851,5f0a176e-d1205060c3c48645,0.32465543644716693,0.6272189349112426
161b4a40-723dedeaf5bb09ba,3dd65549-7dc96f81b451ca92,0.3246492985971944,0.3403361344537815
213340b3-c798b5b2c0b2a7ba,f229aa7f-bc9e671ac87bfcf1,0.32463768115942027,0.32748538011695905
efa38999-a342a08a07e44f59,dc281165-ab24d5ebbc33700d,0.32432432432432434,0.3582089552238806
2eb89317-a35e7101ad930515,49e94e7e-cff41fa307c47148,0.3238095238095238,0.5085470085470085
1500a4fa-b7466e0d29f50a35,18d20d2e-e9964ad58df05cef,0.3236514522821577,0.4482758620689655
a6520606-1321f6117a133851,213340b3-c798b5b2c0b2a7ba,0.3235294117647059,0.3254437869822485
29d865c3-71948521a7538f50,5f0a176e-d1205060c3c48645,0.3235294117647059,0.7734375
646b3abc-456e5f573ee4421b,d3528b2a-9a375cacd8688c7a,0.32340425531914896,0.33043478260869563
646b3abc-456e5f573ee4421b,77d22fc3-9a375cacd8688c7a,0.32340425531914896,0.33043478260869563
90dc2b20-f678ec07f19de618,e90a198b-11e5c0eeddd9dc22,0.32323232323232326,0.6299212598425197
efa38999-a342a08a07e44f59,3afcc566-8843063e9854bade,0.3231441048034934,0.5522388059701493
a6520606-1321f6117a133851,d5a20936-51261b34b0db6a70,0.3230088495575221,0.4319526627218935
8d6f1bf5-215e963db94e80d2,2eb89317-a35e7101ad930515,0.32298136645962733,0.5909090909090909
6e207cbf-6acc7ec6ec02998a,d7a8434f-48a7cb547a6fc88c,0.3229166666666667,0.4189189189189189
6e207cbf-6acc7ec6ec02998a,4e28b45e-48a7cb547a6fc88c,0.3229166666666667,0.4189189189189189
3dd65549-7dc96f81b451ca92,fc1771af-cca46b221ed7a539,0.3228247162673392,0.4904214559386973
085ddefc-c65fe933462cc383,ee4b9467-3b5042ea7fb8fe97,0.3227665706051873,0.4043321299638989
aa4b840f-45e7bbf099cc70b7,161b4a40-723dedeaf5bb09ba,0.3225806451612903,0.5339805825242718
3dd65549-7dc96f81b451ca92,21c9b214-de07f5d5a23ce6c9,0.32231404958677684,0.4482758620689655
f3d7ce08-72acd948d0db048a,d3528b2a-9a375cacd8688c7a,0.32211538461538464,0.3806818181818182
f3d7ce08-72acd948d0db048a,77d22fc3-9a375cacd8688c7a,0.32211538461538464,0.3806818181818182
402aff07-8c62e4d7c47d8fe6,ca8f11a4-89379d50990836a8,0.3218390804597701,0.4666666666666667
1410e423-c8360a5c153c4cfa,fb05904c-7a4bd61a1e0e55fb,0.3217391304347826,0.49333333333333335
fcc7e8fa-3c58c60688337981,e90a198b-11e5c0eeddd9dc22,0.32167832167832167,0.45098039215686275
dc281165-ab24d5ebbc33700d,f229aa7f-bc9e671ac87bfcf1,0.32142857142857145,0.3333333333333333
646b3abc-456e5f573ee4421b,e90a198b-11e5c0eeddd9dc22,0.3210702341137124,0.41739130434782606
dc281165-ab24d5ebbc33700d,5cfa2861-380589c85cc00db5,0.32098765432098764,0.48148148148148145
d8a171a3-52973750ccea2a7b,5f0a176e-d1205060c3c48645,0.32075471698113206,0.6710526315789473
efa38999-a342a08a07e44f59,5f0a176e-d1205060c3c48645,0.32038834951456313,0.7388059701492538
2bda1866-189af74f7272b63b,e99c14b9-0573227cb70d0b1c,0.3203125,0.3445378151260504
646b3abc-456e5f573ee4421b,49e94e7e-cff41fa307c47148,0.320109439124487,0.508695652173913
13860c31-f887192f0735d843,646b3abc-456e5f573ee4421b,0.31981981981981983,0.3317757009345794
1410e423-c8360a5c153c4cfa,2bda1866-189af74f7272b63b,0.31958762886597936,0.41333333333333333
ee4b9467-3b5042ea7fb8fe97,2bd5c798-5ff10d93bc179532,0.3188612099644128,0.5371702637889688
efa38999-a342a08a07e44f59,5cfa2861-380589c85cc00db5,0.31877729257641924,0.5447761194029851
6e207cbf-6acc7ec6ec02998a,d4a3869e-418406bb1626654d,0.31868131868131866,0.3918918918918919
35f0c004-d6a959c7b5839d79,e185bce5-dada92339d1ef734,0.31868131868131866,0.4603174603174603
701c3f35-743869fd736b45aa,d56bcb0c-1747741fe15848f8,0.3184713375796178,0.3787878787878788
e185bce5-dada92339d1ef734,085ddefc-c65fe933462cc383,0.31844660194174756,0.3445378151260504
10584086-c5862013efd44277,8d6f1bf5-215e963db94e80d2,0.31788079470198677,0.38095238095238093
402aff07-8c62e4d7c47d8fe6,d56bcb0c-1747741fe15848f8,0.31788079470198677,0.4
e17c5159-a1e6e7f28bb215c5,1500a4fa-b7466e0d29f50a35,0.31788079470198677,0.375
16857116-ecf4bcac220ccbe2,d3528b2a-9a375cacd8688c7a,0.3175355450236967,0.36813186813186816
16857116-ecf4bcac220ccbe2,77d22fc3-9a375cacd8688c7a,0.3175355450236967,0.36813186813186816
76ad805a-d02caa76366ff091,a8f7c8b7-3ce4db9563b46563,0.31746031746031744,0.3225806451612903
93ee4612-12c0129ef8a95ee7,16857116-ecf4bcac220ccbe2,0.31746031746031744,0.37593984962406013
e4ab72e5-bdf6b33f5a21b53e,6825260d-04eb77dff584dca2,0.31736526946107785,0.3680555555555556
e4ab72e5-bdf6b33f5a21b53e,c972dd00-3be1313e6a770e4f,0.31736526946107785,0.3680555555555556
d5a20936-51261b34b0db6a70,550335a3-153da188a69ae9b2,0.3173076923076923,0.3498233215547703
085ddefc-c65fe933462cc383,63a24497-74fe29dca7457057,0.31724137931034485,0.33212996389891697
317baeaf-1586dc98b135dbb9,35f0c004-d6a959c7b5839d79,0.31683168316831684,0.42105263157894735
aa4b840f-45e7bbf099cc70b7,d5a20936-51261b34b0db6a70,0.3160621761658031,0.5922330097087378
e19376ca-1f9d574f75eb6b65,646b3abc-456e5f573ee4421b,0.3160493827160494,0.3657142857142857
10013f73-15ed2122f5c6cc1d,e90a198b-11e5c0eeddd9dc22,0.3157894736842105,0.5586206896551724
fcc7e8fa-3c58c60688337981,13860c31-f887192f0735d843,0.3157894736842105,0.3235294117647059
2eb89317-a35e7101ad930515,e90a198b-11e5c0eeddd9dc22,0.31561461794019935,0.405982905982906
3dd65549-7dc96f81b451ca92,550335a3-153da188a69ae9b2,0.31561461794019935,0.36398467432950193
7c11511f-8d7652ffbb512a2a,e90a198b-11e5c0eeddd9dc22,0.3156089193825043,0.42790697674418604
90dc2b20-f678ec07f19de618,93ee4612-12c0129ef8a95ee7,0.3153846153846154,0.3228346456692913
6d7d5dd7-54aa7705838ae5a5,18d20d2e-e9964ad58df05cef,0.3153526970954357,0.4367816091954023
d4a3869e-418406bb1626654d,93ee4612-12c0129ef8a95ee7,0.3153526970954357,0.35185185185185186
90dc2b20-f678ec07f19de618,49e94e7e-cff41fa307c47148,0.31528662420382164,0.7795275590551181
213340b3-c798b5b2c0b2a7ba,3dd65549-7dc96f81b451ca92,0.3148148148148148,0.39766081871345027
a8f7c8b7-3ce4db9563b46563,93ee4612-12c0129ef8a95ee7,0.3147208121827411,0.484375
402aff07-8c62e4d7c47d8fe6,d7a8434f-48a7cb547a6fc88c,0.3146067415730337,0.4666666666666667
402aff07-8c62e4d7c47d8fe6,4e28b45e-48a7cb547a6fc88c,0.3146067415730337,0.4666666666666667
aa4b840f-45e7bbf099cc70b7,2eb89317-a35e7101ad930515,0.314540059347181,0.5145631067961165
3dd65549-7dc96f81b451ca92,8261bd1c-da4d765b85b655ba,0.31452581032412963,0.5019157088122606
5f0a176e-d1205060c3c48645,8261bd1c-da4d765b85b655ba,0.3143939393939394,0.34297520661157027
4ea10951-cdc36968087348ec,870e16d9-e947cc0fa20a2070,0.3142857142857143,0.47413793103448276
dc281165-ab24d5ebbc33700d,a6520606-1321f6117a133851,0.31419939577039274,0.32098765432098764
4ea10951-cdc36968087348ec,35f0c004-d6a959c7b5839d79,0.3140495867768595,0.3275862068965517
76ad805a-d02caa76366ff091,d56bcb0c-1747741fe15848f8,0.3137254901960784,0.3870967741935484
26e699de-08d8a23d09bbb76f,a6520606-1321f6117a133851,0.3135593220338983,0.5522388059701493
a6520606-1321f6117a133851,63a24497-74fe29dca7457057,0.3135593220338983,0.4378698224852071
d7a8434f-48a7cb547a6fc88c,63a24497-74fe29dca7457057,0.31353919239904987,0.559322033898305
4e28b45e-48a7cb547a6fc88c,63a24497-74fe29dca7457057,0.31353919239904987,0.559322033898305
e99c14b9-0573227cb70d0b1c,49e94e7e-cff41fa307c47148,0.31347962382445144,0.7299270072992701
e99c14b9-0573227cb70d0b1c,f3d7ce08-72acd948d0db048a,0.31309904153354634,0.35766423357664234
6825260d-04eb77dff584dca2,d5a20936-51261b34b0db6a70,0.3128964059196617,0.3894736842105263
c972dd00-3be1313e6a770e4f,d5a20936-51261b34b0db6a70,0.3128964059196617,0.3894736842105263
d8a171a3-52973750ccea2a7b,f229aa7f-bc9e671ac87bfcf1,0.3128834355828221,0.3355263157894737
e99c14b9-0573227cb70d0b1c,e90a198b-11e5c0eeddd9dc22,0.31287128712871287,0.5766423357664233
10013f73-15ed2122f5c6cc1d,085ddefc-c65fe933462cc383,0.3127962085308057,0.45517241379310347
6e5ab1d2-bc727340fc4cd0a1,3dd65549-7dc96f81b451ca92,0.31263383297644537,0.35436893203883496
e19376ca-1f9d574f75eb6b65,3afcc566-8843063e9854bade,0.312625250501002,0.44571428571428573
6e207cbf-6acc7ec6ec02998a,16857116-ecf4bcac220ccbe2,0.3125,0.5405405405405406
6d7d5dd7-54aa7705838ae5a5,f3d7ce08-72acd948d0db048a,0.311787072243346,0.47126436781609193
d4a3869e-418406bb1626654d,fb05904c-7a4bd61a1e0e55fb,0.311787072243346,0.37962962962962965
10584086-c5862013efd44277,d56bcb0c-1747741fe15848f8,0.3116883116883117,0.38095238095238093
6d7d5dd7-54aa7705838ae5a5,870e16d9-e947cc0fa20a2070,0.3115264797507788,0.5747126436781609
3afcc566-8843063e9854bade,2bd5c798-5ff10d93bc179532,0.31097560975609756,0.6296296296296297
680ba922-9fb7726de6c24db8,49e94e7e-cff41fa307c47148,0.3107769423558897,0.4175084175084175
870e16d9-e947cc0fa20a2070,fc1771af-cca46b221ed7a539,0.31070496083550914,0.5085470085470085
f229aa7f-bc9e671ac87bfcf1,161b4a40-723dedeaf5bb09ba,0.3106796116504854,0.367816091954023
21c9b214-de07f5d5a23ce6c9,8261bd1c-da4d765b85b655ba,0.3105110896817743,0.34623655913978496
a8f7c8b7-3ce4db9563b46563,fb05904c-7a4bd61a1e0e55fb,0.3105022831050228,0.53125
d4a3869e-418406bb1626654d,a6520606-1321f6117a133851,0.3104693140794224,0.39814814814814814
6825260d-04eb77dff584dca2,3dd65549-7dc96f81b451ca92,0.31042128603104213,0.3684210526315789
c972dd00-3be1313e6a770e4f,3dd65549-7dc96f81b451ca92,0.31042128603104213,0.3684210526315789
1500a4fa-b7466e0d29f50a35,10013f73-15ed2122f5c6cc1d,0.3103448275862069,0.41379310344827586
3afcc566-8843063e9854bade,8261bd1c-da4d765b85b655ba,0.31026785714285715,0.42901234567901236
90dc2b20-f678ec07f19de618,7c11511f-8d7652ffbb512a2a,0.30994152046783624,0.41732283464566927
d8a171a3-52973750ccea2a7b,da5cf40b-72617fd17b7c4445,0.30985915492957744,0.6513157894736842
e99c14b9-0573227cb70d0b1c,550335a3-153da188a69ae9b2,0.30962343096234307,0.5401459854014599
085ddefc-c65fe933462cc383,5cfa2861-380589c85cc00db5,0.30948419301164726,0.33574007220216606
e19376ca-1f9d574f75eb6b65,e90a198b-11e5c0eeddd9dc22,0.30939226519337015,0.48
2eb89317-a35e7101ad930515,21c9b214-de07f5d5a23ce6c9,0.3090128755364807,0.46153846153846156
870e16d9-e947cc0fa20a2070,680ba922-9fb7726de6c24db8,0.3088512241054614,0.3504273504273504
66e74577-1c00bee9e437cd92,d8a171a3-52973750ccea2a7b,0.3088235294117647,0.35
7c11511f-8d7652ffbb512a2a,680ba922-9fb7726de6c24db8,0.30859375,0.3674418604651163
13860c31-f887192f0735d843,5cfa2861-380589c85cc00db5,0.30855018587360594,0.3878504672897196
76ad805a-d02caa76366ff091,35f0c004-d6a959c7b5839d79,0.30851063829787234,0.46774193548387094
d4a3869e-418406bb1626654d,10013f73-15ed2122f5c6cc1d,0.308300395256917,0.3611111111111111
4ea10951-cdc36968087348ec,f3d7ce08-72acd948d0db048a,0.3082191780821918,0.3879310344827586
317baeaf-1586dc98b135dbb9,2bda1866-189af74f7272b63b,0.3076923076923077,0.39473684210526316
26e699de-08d8a23d09bbb76f,317baeaf-1586dc98b135dbb9,0.3076923076923077,0.3283582089552239
93ee4612-12c0129ef8a95ee7,d5a20936-51261b34b0db6a70,0.3076923076923077,0.48120300751879697
e17c5159-a1e6e7f28bb215c5,c1638a45-41a1a158437b9032,0.3076923076923077,0.3125
4ea10951-cdc36968087348ec,e4ab72e5-bdf6b33f5a21b53e,0.3076923076923077,0.3448275862068966
76ad805a-d02caa76366ff091,93ee4612-12c0129ef8a95ee7,0.3076923076923077,0.4838709677419355
7c11511f-8d7652ffbb512a2a,870e16d9-e947cc0fa20a2070,0.30734966592427615,0.3209302325581395
93ee4612-12c0129ef8a95ee7,63a24497-74fe29dca7457057,0.3073394495412844,0.5037593984962406
aa4b840f-45e7bbf099cc70b7,6825260d-04eb77dff584dca2,0.30716723549488056,0.4368932038834951
aa4b840f-45e7bbf099cc70b7,c972dd00-3be1313e6a770e4f,0.30716723549488056,0.4368932038834951
6d7d5dd7-54aa7705838ae5a5,29d865c3-71948521a7538f50,0.30697674418604654,0.3793103448275862
dc281165-ab24d5ebbc33700d,6825260d-04eb77dff584dca2,0.3068181818181818,0.3333333333333333
dc281165-ab24d5ebbc33700d,c972dd00-3be1313e6a770e4f,0.3068181818181818,0.3333333333333333
efa38999-a342a08a07e44f59,63a24497-74fe29dca7457057,0.30663615560640733,0.5
3368f340-dd3724dfe4aec2c1,085ddefc-c65fe933462cc383,0.3064066852367688,0.6707317073170732
6d55e68b-a529dbdb5e1371a5,d7a8434f-48a7cb547a6fc88c,0.30638297872340425,0.3076923076923077
6d55e68b-a529dbdb5e1371a5,4e28b45e-48a7cb547a6fc88c,0.30638297872340425,0.3076923076923077
f229aa7f-bc9e671ac87bfcf1,63a24497-74fe29dca7457057,0.3060796645702306,0.41954022988505746
10584086-c5862013efd44277,66e74577-1c00bee9e437cd92,0.30601092896174864,0.4444444444444444
35f0c004-d6a959c7b5839d79,ee4b9467-3b5042ea7fb8fe97,0.30570902394106814,0.6587301587301587
213340b3-c798b5b2c0b2a7ba,7c11511f-8d7652ffbb512a2a,0.30569948186528495,0.34502923976608185
90dc2b20-f678ec07f19de618,f229aa7f-bc9e671ac87bfcf1,0.30564784053156147,0.36220472440944884
18d20d2e-e9964ad58df05cef,49e94e7e-cff41fa307c47148,0.3053435114503817,0.6493506493506493
90dc2b20-f678ec07f19de618,d3528b2a-9a375cacd8688c7a,0.30517711171662126,0.4409448818897638
90dc2b20-f678ec07f19de618,77d22fc3-9a375cacd8688c7a,0.30517711171662126,0.4409448818897638
aa4b840f-45e7bbf099cc70b7,e185bce5-dada92339d1ef734,0.30498533724340177,0.5048543689320388
18d20d2e-e9964ad58df05cef,ee4b9467-3b5042ea7fb8fe97,0.30472854640980734,0.564935064935065
3368f340-dd3724dfe4aec2c1,f229aa7f-bc9e671ac87bfcf1,0.3046875,0.47560975609756095
6825260d-04eb77dff584dca2,e90a198b-11e5c0eeddd9dc22,0.3046594982078853,0.4473684210526316
c972dd00-3be1313e6a770e4f,e90a198b-11e5c0eeddd9dc22,0.3046594982078853,0.4473684210526316
29d865c3-71948521a7538f50,f229aa7f-bc9e671ac87bfcf1,0.304635761589404,0.359375
26e699de-08d8a23d09bbb76f,f3d7ce08-72acd948d0db048a,0.3045267489711934,0.5522388059701493
e99c14b9-0573227cb70d0b1c,da5cf40b-72617fd17b7c4445,0.30448717948717946,0.6934306569343066
317baeaf-1586dc98b135dbb9,18d20d2e-e9964ad58df05cef,0.30434782608695654,0.4605263157894737
d56bcb0c-1747741fe15848f8,35f0c004-d6a959c7b5839d79,0.30414746543778803,0.3626373626373626
085ddefc-c65fe933462cc383,fc1771af-cca46b221ed7a539,0.30407911001236093,0.44404332129963897
10013f73-15ed2122f5c6cc1d,49e94e7e-cff41fa307c47148,0.30340557275541796,0.6758620689655173
29d865c3-71948521a7538f50,7c11511f-8d7652ffbb512a2a,0.3032069970845481,0.40625
6e5ab1d2-bc727340fc4cd0a1,e90a198b-11e5c0eeddd9dc22,0.30313588850174217,0.4223300970873786
6e207cbf-6acc7ec6ec02998a,d56bcb0c-1747741fe15848f8,0.30303030303030304,0.33783783783783783
317baeaf-1586dc98b135dbb9,e19376ca-1f9d574f75eb6b65,0.30278884462151395,0.5
a8f7c8b7-3ce4db9563b46563,f229aa7f-bc9e671ac87bfcf1,0.3025210084033613,0.5625
90dc2b20-f678ec07f19de618,63a24497-74fe29dca7457057,0.3023255813953488,0.5118110236220472
8d6f1bf5-215e963db94e80d2,e99c14b9-0573227cb70d0b1c,0.3022222222222222,0.38636363636363635
d56bcb0c-1747741fe15848f8,18d20d2e-e9964ad58df05cef,0.3020408163265306,0.4065934065934066
4ea10951-cdc36968087348ec,16857116-ecf4bcac220ccbe2,0.30201342281879195,0.3879310344827586
d5a20936-51261b34b0db6a70,fc1771af-cca46b221ed7a539,0.301840490797546,0.43462897526501765
29d865c3-71948521a7538f50,646b3abc-456e5f573ee4421b,0.3016759776536313,0.421875
317baeaf-1586dc98b135dbb9,f3d7ce08-72acd948d0db048a,0.30158730158730157,0.5
90dc2b20-f678ec07f19de618,ee4b9467-3b5042ea7fb8fe97,0.3014705882352941,0.6456692913385826
a8f7c8b7-3ce4db9563b46563,e19376ca-1f9d574f75eb6b65,0.301255230125523,0.5625
550335a3-153da188a69ae9b2,2bd5c798-5ff10d93bc179532,0.3009781790820166,0.5865102639296188
d8a171a3-52973750ccea2a7b,550335a3-153da188a69ae9b2,0.3002028397565923,0.4868421052631579
6e207cbf-6acc7ec6ec02998a,35f0c004-d6a959c7b5839d79,0.3,0.40540540540540543
d56bcb0c-1747741fe15848f8,a6520606-1321f6117a133851,0.3,0.42857142857142855
93ee4612-12c0129ef8a95ee7,f229aa7f-bc9e671ac87bfcf1,0.2996742671009772,0.3458646616541353
e99c14b9-0573227cb70d0b1c,ee4b9467-3b5042ea7fb8fe97,0.2996389891696751,0.6058394160583942
18d20d2e-e9964ad58df05cef,da5cf40b-72617fd17b7c4445,0.2995319812792512,0.6233766233766234
6d55e68b-a529dbdb5e1371a5,5cfa2861-380589c85cc00db5,0.29931972789115646,0.5641025641025641
646b3abc-456e5f573ee4421b,8261bd1c-da4d765b85b655ba,0.29925187032418954,0.5217391304347826
10584086-c5862013efd44277,a8f7c8b7-3ce4db9563b46563,0.2992125984251969,0.30158730158730157
6825260d-04eb77dff584dca2,161b4a40-723dedeaf5bb09ba,0.29906542056074764,0.3368421052631579
c972dd00-3be1313e6a770e4f,161b4a40-723dedeaf5bb09ba,0.29906542056074764,0.3368421052631579
26e699de-08d8a23d09bbb76f,90dc2b20-f678ec07f19de618,0.29896907216494845,0.43283582089552236
26e699de-08d8a23d09bbb76f,f229aa7f-bc9e671ac87bfcf1,0.2987551867219917,0.5373134328358209
efa38999-a342a08a07e44f59,f229aa7f-bc9e671ac87bfcf1,0.2987012987012987,0.34328358208955223
ca8f11a4-89379d50990836a8,f229aa7f-bc9e671ac87bfcf1,0.2986111111111111,0.37719298245614036
d3528b2a-9a375cacd8688c7a,63a24497-74fe29dca7457057,0.2983425414364641,0.3375
77d22fc3-9a375cacd8688c7a,63a24497-74fe29dca7457057,0.2983425414364641,0.3375
6e5ab1d2-bc727340fc4cd0a1,646b3abc-456e5f573ee4421b,0.2981651376146789,0.3155339805825243
c1638a45-41a1a158437b9032,a6520606-1321f6117a133851,0.2978723404255319,0.5303030303030303
870e16d9-e947cc0fa20a2070,8261bd1c-da4d765b85b655ba,0.2977667493796526,0.5128205128205128
085ddefc-c65fe933462cc383,550335a3-153da188a69ae9b2,0.2977346278317152,0.33212996389891697
6d7d5dd7-54aa7705838ae5a5,e19376ca-1f9d574f75eb6b65,0.29770992366412213,0.4482758620689655
29d865c3-71948521a7538f50,ee4b9467-3b5042ea7fb8fe97,0.29724770642201837,0.6328125
1410e423-c8360a5c153c4cfa,f229aa7f-bc9e671ac87bfcf1,0.2971887550200803,0.49333333333333335
e185bce5-dada92339d1ef734,d3528b2a-9a375cacd8688c7a,0.29707112970711297,0.29831932773109243
e185bce5-dada92339d1ef734,77d22fc3-9a375cacd8688c7a,0.29707112970711297,0.29831932773109243
35f0c004-d6a959c7b5839d79,da5cf40b-72617fd17b7c4445,0.2969004893964111,0.7222222222222222
26e699de-08d8a23d09bbb76f,8d6f1bf5-215e963db94e80d2,0.2967741935483871,0.34328358208955223
1500a4fa-b7466e0d29f50a35,f3d7ce08-72acd948d0db048a,0.2965779467680608,0.4482758620689655
16857116-ecf4bcac220ccbe2,3afcc566-8843063e9854bade,0.2964426877470356,0.41208791208791207
f229aa7f-bc9e671ac87bfcf1,49e94e7e-cff41fa307c47148,0.2962962962962963,0.5747126436781609
161b4a40-723dedeaf5bb09ba,fc1771af-cca46b221ed7a539,0.2961038961038961,0.4789915966386555
aa4b840f-45e7bbf099cc70b7,66e74577-1c00bee9e437cd92,0.29596412556053814,0.32038834951456313
fcc7e8fa-3c58c60688337981,7c11511f-8d7652ffbb512a2a,0.29594272076372313,0.30392156862745096
e185bce5-dada92339d1ef734,21c9b214-de07f5d5a23ce6c9,0.2958748221906117,0.4369747899159664
efa38999-a342a08a07e44f59,e185bce5-dada92339d1ef734,0.2956989247311828,0.41044776119402987
aa4b840f-45e7bbf099cc70b7,7c11511f-8d7652ffbb512a2a,0.29559748427672955,0.4563106796116505
d8a171a3-52973750ccea2a7b,ee4b9467-3b5042ea7fb8fe97,0.29525483304042177,0.5526315789473685
d56bcb0c-1747741fe15848f8,93ee4612-12c0129ef8a95ee7,0.29464285714285715,0.3626373626373626
d3528b2a-9a375cacd8688c7a,d5a20936-51261b34b0db6a70,0.2944550669216061,0.32083333333333336
77d22fc3-9a375cacd8688c7a,d5a20936-51261b34b0db6a70,0.2944550669216061,0.32083333333333336
1500a4fa-b7466e0d29f50a35,e4ab72e5-bdf6b33f5a21b53e,0.2943722943722944,0.39080459770114945
085ddefc-c65fe933462cc383,5f0a176e-d1205060c3c48645,0.2943495400788436,0.4043321299638989
6d7d5dd7-54aa7705838ae5a5,6d55e68b-a529dbdb5e1371a5,0.29411764705882354,0.3448275862068966
10584086-c5862013efd44277,e19376ca-1f9d574f75eb6b65,0.29411764705882354,0.5555555555555556
efa38999-a342a08a07e44f59,d3528b2a-9a375cacd8688c7a,0.29411764705882354,0.41044776119402987
efa38999-a342a08a07e44f59,77d22fc3-9a375cacd8688c7a,0.29411764705882354,0.41044776119402987
3368f340-dd3724dfe4aec2c1,8d6f1bf5-215e963db94e80d2,0.29411764705882354,0.3048780487804878
26e699de-08d8a23d09bbb76f,aa4b840f-45e7bbf099cc70b7,0.29411764705882354,0.373134328358209
1500a4fa-b7466e0d29f50a35,6d55e68b-a529dbdb5e1371a5,0.29411764705882354,0.3448275862068966
66e74577-1c00bee9e437cd92,2eb89317-a35e7101ad930515,0.2937853107344633,0.43333333333333335
6d55e68b-a529dbdb5e1371a5,a6520606-1321f6117a133851,0.2937062937062937,0.358974358974359
d4a3869e-418406bb1626654d,e4ab72e5-bdf6b33f5a21b53e,0.29365079365079366,0.3425925925925926
26e699de-08d8a23d09bbb76f,6d55e68b-a529dbdb5e1371a5,0.29347826086956524,0.40298507462686567
6825260d-04eb77dff584dca2,d3528b2a-9a375cacd8688c7a,0.2930232558139535,0.33157894736842103
6825260d-04eb77dff584dca2,77d22fc3-9a375cacd8688c7a,0.2930232558139535,0.33157894736842103
c972dd00-3be1313e6a770e4f,d3528b2a-9a375cacd8688c7a,0.2930232558139535,0.33157894736842103
c972dd00-3be1313e6a770e4f,77d22fc3-9a375cacd8688c7a,0.2930232558139535,0.33157894736842103
18d20d2e-e9964ad58df05cef,085ddefc-c65fe933462cc383,0.2923433874709977,0.4090909090909091
1500a4fa-b7466e0d29f50a35,d56bcb0c-1747741fe15848f8,0.29213483146067415,0.2988505747126437
10584086-c5862013efd44277,6e207cbf-6acc7ec6ec02998a,0.291970802919708,0.31746031746031744
21c9b214-de07f5d5a23ce6c9,2bd5c798-5ff10d93bc179532,0.2918100481761872,0.4559139784946237
e185bce5-dada92339d1ef734,680ba922-9fb7726de6c24db8,0.29158878504672897,0.3277310924369748
ca8f11a4-89379d50990836a8,93ee4612-12c0129ef8a95ee7,0.291497975708502,0.3157894736842105
7c11511f-8d7652ffbb512a2a,550335a3-153da188a69ae9b2,0.29136690647482016,0.3767441860465116
550335a3-153da188a69ae9b2,8261bd1c-da4d765b85b655ba,0.2913472070098576,0.39002932551319647
90dc2b20-f678ec07f19de618,5f0a176e-d1205060c3c48645,0.29132569558101473,0.7007874015748031
16857116-ecf4bcac220ccbe2,fc1771af-cca46b221ed7a539,0.2913165266106443,0.5714285714285714
2bda1866-189af74f7272b63b,6825260d-04eb77dff584dca2,0.2912621359223301,0.37815126050420167
2bda1866-189af74f7272b63b,c972dd00-3be1313e6a770e4f,0.2912621359223301,0.37815126050420167
1500a4fa-b7466e0d29f50a35,085ddefc-c65fe933462cc383,0.29120879120879123,0.6091954022988506
efa38999-a342a08a07e44f59,646b3abc-456e5f573ee4421b,0.29120879120879123,0.39552238805970147
870e16d9-e947cc0fa20a2070,d3528b2a-9a375cacd8688c7a,0.2911392405063291,0.2948717948717949
2eb89317-a35e7101ad930515,d3528b2a-9a375cacd8688c7a,0.2911392405063291,0.2948717948717949
870e16d9-e947cc0fa20a2070,77d22fc3-9a375cacd8688c7a,0.2911392405063291,0.2948717948717949
2eb89317-a35e7101ad930515,77d22fc3-9a375cacd8688c7a,0.2911392405063291,0.2948717948717949
6d7d5dd7-54aa7705838ae5a5,35f0c004-d6a959c7b5839d79,0.29107981220657275,0.3563218390804598
93ee4612-12c0129ef8a95ee7,6825260d-04eb77dff584dca2,0.29102167182662536,0.3533834586466165
93ee4612-12c0129ef8a95ee7,c972dd00-3be1313e6a770e4f,0.29102167182662536,0.3533834586466165
21c9b214-de07f5d5a23ce6c9,fc1771af-cca46b221ed7a539,0.29087261785356067,0.3118279569892473
aa4b840f-45e7bbf099cc70b7,870e16d9-e947cc0fa20a2070,0.29080118694362017,0.47572815533980584
90dc2b20-f678ec07f19de618,550335a3-153da188a69ae9b2,0.2905982905982906,0.5354330708661418
4ea10951-cdc36968087348ec,d7a8434f-48a7cb547a6fc88c,0.2905982905982906,0.29310344827586204
4ea10951-cdc36968087348ec,4e28b45e-48a7cb547a6fc88c,0.2905982905982906,0.29310344827586204
29d865c3-71948521a7538f50,e90a198b-11e5c0eeddd9dc22,0.2903225806451613,0.5625
d56bcb0c-1747741fe15848f8,4ea10951-cdc36968087348ec,0.2898550724637681,0.32967032967032966
6d7d5dd7-54aa7705838ae5a5,90dc2b20-f678ec07f19de618,0.2897196261682243,0.3563218390804598
d7a8434f-48a7cb547a6fc88c,5cfa2861-380589c85cc00db5,0.2895927601809955,0.5423728813559322
4e28b45e-48a7cb547a6fc88c,5cfa2861-380589c85cc00db5,0.2895927601809955,0.5423728813559322
d56bcb0c-1747741fe15848f8,e99c14b9-0573227cb70d0b1c,0.2894736842105263,0.3626373626373626
18d20d2e-e9964ad58df05cef,d3528b2a-9a375cacd8688c7a,0.2893401015228426,0.37012987012987014
18d20d2e-e9964ad58df05cef,77d22fc3-9a375cacd8688c7a,0.2893401015228426,0.37012987012987014
93ee4612-12c0129ef8a95ee7,870e16d9-e947cc0fa20a2070,0.2888283378746594,0.39849624060150374
646b3abc-456e5f573ee4421b,2eb89317-a35e7101ad930515,0.28879310344827586,0.29130434782608694
2eb89317-a35e7101ad930515,550335a3-153da188a69ae9b2,0.288695652173913,0.3547008547008547
3368f340-dd3724dfe4aec2c1,35f0c004-d6a959c7b5839d79,0.28846153846153844,0.36585365853658536
e17c5159-a1e6e7f28bb215c5,e4ab72e5-bdf6b33f5a21b53e,0.28846153846153844,0.46875
4a5b029f-77d6cfd7735a6be5,efa38999-a342a08a07e44f59,0.28837209302325584,0.38271604938271603
dc281165-ab24d5ebbc33700d,63a24497-74fe29dca7457057,0.28817204301075267,0.41358024691358025
66e74577-1c00bee9e437cd92,5f0a176e-d1205060c3c48645,0.28807947019867547,0.725
3368f340-dd3724dfe4aec2c1,e19376ca-1f9d574f75eb6b65,0.28793774319066145,0.45121951219512196
90dc2b20-f678ec07f19de618,e4ab72e5-bdf6b33f5a21b53e,0.2878228782287823,0.30708661417322836
63a24497-74fe29dca7457057,fc1771af-cca46b221ed7a539,0.2874251497005988,0.39603960396039606
085ddefc-c65fe933462cc383,8261bd1c-da4d765b85b655ba,0.287396937573616,0.4404332129963899
a8f7c8b7-3ce4db9563b46563,085ddefc-c65fe933462cc383,0.2873900293255132,0.765625
e17c5159-a1e6e7f28bb215c5,6d55e68b-a529dbdb5e1371a5,0.287292817679558,0.40625
1410e423-c8360a5c153c4cfa,90dc2b20-f678ec07f19de618,0.2871287128712871,0.38666666666666666
f229aa7f-bc9e671ac87bfcf1,646b3abc-456e5f573ee4421b,0.2871287128712871,0.3333333333333333
aa4b840f-45e7bbf099cc70b7,a6520606-1321f6117a133851,0.2867647058823529,0.3786407766990291
3dd65549-7dc96f81b451ca92,680ba922-9fb7726de6c24db8,0.2867383512544803,0.3065134099616858
1500a4fa-b7466e0d29f50a35,2eb89317-a35e7101ad930515,0.2866043613707165,0.5287356321839081
dc281165-ab24d5ebbc33700d,49e94e7e-cff41fa307c47148,0.2865761689291101,0.5864197530864198
e99c14b9-0573227cb70d0b1c,d3528b2a-9a375cacd8688c7a,0.2864721485411141,0.39416058394160586
e99c14b9-0573227cb70d0b1c,77d22fc3-9a375cacd8688c7a,0.2864721485411141,0.39416058394160586
6e207cbf-6acc7ec6ec02998a,870e16d9-e947cc0fa20a2070,0.2857142857142857,0.5945945945945946
1410e423-c8360a5c153c4cfa,29d865c3-71948521a7538f50,0.2857142857142857,0.38666666666666666
10584086-c5862013efd44277,93ee4612-12c0129ef8a95ee7,0.2857142857142857,0.4444444444444444
13860c31-f887192f0735d843,e90a198b-11e5c0eeddd9dc22,0.2852233676975945,0.3878504672897196
213340b3-c798b5b2c0b2a7ba,550335a3-153da188a69ae9b2,0.28515625,0.4269005847953216
3368f340-dd3724dfe4aec2c1,6e5ab1d2-bc727340fc4cd0a1,0.2847222222222222,0.5
66e74577-1c00bee9e437cd92,93ee4612-12c0129ef8a95ee7,0.2845849802371542,0.3
93ee4612-12c0129ef8a95ee7,5cfa2861-380589c85cc00db5,0.2844638949671772,0.48872180451127817
d56bcb0c-1747741fe15848f8,63a24497-74fe29dca7457057,0.28426395939086296,0.6153846153846154
10584086-c5862013efd44277,efa38999-a342a08a07e44f59,0.28426395939086296,0.4444444444444444
a8f7c8b7-3ce4db9563b46563,35f0c004-d6a959c7b5839d79,0.28421052631578947,0.421875
701c3f35-743869fd736b45aa,6d55e68b-a529dbdb5e1371a5,0.28415300546448086,0.3939393939393939
f3d7ce08-72acd948d0db048a,3afcc566-8843063e9854bade,0.284,0.4034090909090909
e19376ca-1f9d574f75eb6b65,680ba922-9fb7726de6c24db8,0.2838983050847458,0.38285714285714284
e17c5159-a1e6e7f28bb215c5,d56bcb0c-1747741fe15848f8,0.2838709677419355,0.34375
efa38999-a342a08a07e44f59,3dd65549-7dc96f81b451ca92,0.28354430379746837,0.417910447761194
66e74577-1c00bee9e437cd92,90dc2b20-f678ec07f19de618,0.2834008097165992,0.2916666666666667
35f0c004-d6a959c7b5839d79,e90a198b-11e5c0eeddd9dc22,0.2834008097165992,0.5555555555555556
66e74577-1c00bee9e437cd92,d3528b2a-9a375cacd8688c7a,0.2833333333333333,0.425
66e74577-1c00bee9e437cd92,77d22fc3-9a375cacd8688c7a,0.2833333333333333,0.425
317baeaf-1586dc98b135dbb9,085ddefc-c65fe933462cc383,0.28328611898017,0.6578947368421053
d56bcb0c-1747741fe15848f8,6e5ab1d2-bc727340fc4cd0a1,0.2828282828282828,0.46153846153846156
2eb89317-a35e7101ad930515,3dd65549-7dc96f81b451ca92,0.2828282828282828,0.29914529914529914
ca8f11a4-89379d50990836a8,d3528b2a-9a375cacd8688c7a,0.2824858757062147,0.43859649122807015
ca8f11a4-89379d50990836a8,77d22fc3-9a375cacd8688c7a,0.2824858757062147,0.43859649122807015
1500a4fa-b7466e0d29f50a35,e19376ca-1f9d574f75eb6b65,0.2824427480916031,0.42528735632183906
93ee4612-12c0129ef8a95ee7,13860c31-f887192f0735d843,0.2824207492795389,0.3684210526315789
6e207cbf-6acc7ec6ec02998a,3368f340-dd3724dfe4aec2c1,0.28205128205128205,0.2972972972972973
a6520606-1321f6117a133851,13860c31-f887192f0735d843,0.2819843342036554,0.31952662721893493
4a5b029f-77d6cfd7735a6be5,d7a8434f-48a7cb547a6fc88c,0.2814070351758794,0.345679012345679
4a5b029f-77d6cfd7735a6be5,4e28b45e-48a7cb547a6fc88c,0.2814070351758794,0.345679012345679
e17c5159-a1e6e7f28bb215c5,ca8f11a4-89379d50990836a8,0.2808988764044944,0.390625
f229aa7f-bc9e671ac87bfcf1,e19376ca-1f9d574f75eb6b65,0.2808022922636103,0.28160919540229884
6825260d-04eb77dff584dca2,49e94e7e-cff41fa307c47148,0.28075253256150506,0.5105263157894737
c972dd00-3be1313e6a770e4f,49e94e7e-cff41fa307c47148,0.28075253256150506,0.5105263157894737
680ba922-9fb7726de6c24db8,ee4b9467-3b5042ea7fb8fe97,0.2801120448179272,0.3367003367003367
701c3f35-743869fd736b45aa,efa38999-a342a08a07e44f59,0.28,0.42424242424242425
c1638a45-41a1a158437b9032,90dc2b20-f678ec07f19de618,0.27979274611398963,0.4090909090909091
fb05904c-7a4bd61a1e0e55fb,3afcc566-8843063e9854bade,0.2797494780793319,0.432258064516129
66e74577-1c00bee9e437cd92,161b4a40-723dedeaf5bb09ba,0.27932960893854747,0.4166666666666667
8d6f1bf5-215e963db94e80d2,efa38999-a342a08a07e44f59,0.27927927927927926,0.3522727272727273
317baeaf-1586dc98b135dbb9,16857116-ecf4bcac220ccbe2,0.27906976744186046,0.47368421052631576
402aff07-8c62e4d7c47d8fe6,085ddefc-c65fe933462cc383,0.2789317507418398,0.7833333333333333
4a5b029f-77d6cfd7735a6be5,90dc2b20-f678ec07f19de618,0.27884615384615385,0.35802469135802467
402aff07-8c62e4d7c47d8fe6,76ad805a-d02caa76366ff091,0.2786885245901639,0.2833333333333333
dc281165-ab24d5ebbc33700d,d5a20936-51261b34b0db6a70,0.2786516853932584,0.38271604938271603
26e699de-08d8a23d09bbb76f,efa38999-a342a08a07e44f59,0.27860696517412936,0.417910447761194
e99c14b9-0573227cb70d0b1c,7c11511f-8d7652ffbb512a2a,0.2784090909090909,0.35766423357664234
d5a20936-51261b34b0db6a70,8261bd1c-da4d765b85b655ba,0.2783625730994152,0.4204946996466431
317baeaf-1586dc98b135dbb9,d7a8434f-48a7cb547a6fc88c,0.27835051546391754,0.35526315789473684
317baeaf-1586dc98b135dbb9,4e28b45e-48a7cb547a6fc88c,0.27835051546391754,0.35526315789473684
402aff07-8c62e4d7c47d8fe6,efa38999-a342a08a07e44f59,0.27835051546391754,0.45
66e74577-1c00bee9e437cd92,3dd65549-7dc96f81b451ca92,0.2782152230971129,0.44166666666666665
d56bcb0c-1747741fe15848f8,fcc7e8fa-3c58c60688337981,0.27796610169491526,0.45054945054945056
10013f73-15ed2122f5c6cc1d,7c11511f-8d7652ffbb512a2a,0.2777777777777778,0.3448275862068966
29d865c3-71948521a7538f50,3dd65549-7dc96f81b451ca92,0.2776349614395887,0.421875
f229aa7f-bc9e671ac87bfcf1,ee4b9467-3b5042ea7fb8fe97,0.27749576988155666,0.47126436781609193
d4a3869e-418406bb1626654d,e185bce5-dada92339d1ef734,0.2774566473988439,0.4444444444444444
161b4a40-723dedeaf5bb09ba,e185bce5-dada92339d1ef734,0.2773109243697479,0.2773109243697479
7c11511f-8d7652ffbb512a2a,3dd65549-7dc96f81b451ca92,0.2773109243697479,0.30697674418604654
e19376ca-1f9d574f75eb6b65,7c11511f-8d7652ffbb512a2a,0.27692307692307694,0.30857142857142855
f3d7ce08-72acd948d0db048a,fc1771af-cca46b221ed7a539,0.2768361581920904,0.5568181818181818
680ba922-9fb7726de6c24db8,63a24497-74fe29dca7457057,0.27666666666666667,0.27946127946127947
d3528b2a-9a375cacd8688c7a,e90a198b-11e5c0eeddd9dc22,0.27631578947368424,0.35
77d22fc3-9a375cacd8688c7a,e90a198b-11e5c0eeddd9dc22,0.27631578947368424,0.35
6825260d-04eb77dff584dca2,5cfa2861-380589c85cc00db5,0.27626459143968873,0.3736842105263158
c972dd00-3be1313e6a770e4f,5cfa2861-380589c85cc00db5,0.27626459143968873,0.3736842105263158
701c3f35-743869fd736b45aa,e4ab72e5-bdf6b33f5a21b53e,0.2761904761904762,0.4393939393939394
1500a4fa-b7466e0d29f50a35,f229aa7f-bc9e671ac87bfcf1,0.27586206896551724,0.41379310344827586
7c11511f-8d7652ffbb512a2a,fc1771af-cca46b221ed7a539,0.2757697456492637,0.4790697674418605
d3528b2a-9a375cacd8688c7a,550335a3-153da188a69ae9b2,0.27538726333907054,0.3333333333333333
77d22fc3-9a375cacd8688c7a,550335a3-153da188a69ae9b2,0.27538726333907054,0.3333333333333333
e17c5159-a1e6e7f28bb215c5,6e207cbf-6acc7ec6ec02998a,0.2753623188405797,0.296875
085ddefc-c65fe933462cc383,680ba922-9fb7726de6c24db8,0.27526132404181186,0.2851985559566787
18d20d2e-e9964ad58df05cef,680ba922-9fb7726de6c24db8,0.2749445676274945,0.4025974025974026
6d7d5dd7-54aa7705838ae5a5,085ddefc-c65fe933462cc383,0.27472527472527475,0.5747126436781609
a6520606-1321f6117a133851,550335a3-153da188a69ae9b2,0.27450980392156865,0.41420118343195267
f229aa7f-bc9e671ac87bfcf1,2eb89317-a35e7101ad930515,0.27450980392156865,0.3218390804597701
a6520606-1321f6117a133851,3dd65549-7dc96f81b451ca92,0.2744186046511628,0.34911242603550297
aa4b840f-45e7bbf099cc70b7,f229aa7f-bc9e671ac87bfcf1,0.2743682310469314,0.36893203883495146
4ea10951-cdc36968087348ec,18d20d2e-e9964ad58df05cef,0.2740740740740741,0.31896551724137934
e17c5159-a1e6e7f28bb215c5,3368f340-dd3724dfe4aec2c1,0.273972602739726,0.3125
4a5b029f-77d6cfd7735a6be5,085ddefc-c65fe933462cc383,0.2737430167597765,0.6049382716049383
66e74577-1c00bee9e437cd92,e185bce5-dada92339d1ef734,0.2737430167597765,0.4083333333333333
7c11511f-8d7652ffbb512a2a,e185bce5-dada92339d1ef734,0.2737306843267108,0.28837209302325584
6d7d5dd7-54aa7705838ae5a5,a6520606-1321f6117a133851,0.2734375,0.40229885057471265
8d6f1bf5-215e963db94e80d2,6825260d-04eb77dff584dca2,0.2733812949640288,0.4318181818181818
8d6f1bf5-215e963db94e80d2,c972dd00-3be1313e6a770e4f,0.2733812949640288,0.4318181818181818
fb05904c-7a4bd61a1e0e55fb,085ddefc-c65fe933462cc383,0.27314814814814814,0.38064516129032255
f229aa7f-bc9e671ac87bfcf1,e90a198b-11e5c0eeddd9dc22,0.2730627306273063,0.42528735632183906
4ea10951-cdc36968087348ec,fb05904c-7a4bd61a1e0e55fb,0.2730627306273063,0.31896551724137934
e19376ca-1f9d574f75eb6b65,6e5ab1d2-bc727340fc4cd0a1,0.27296587926509186,0.29714285714285715
6d7d5dd7-54aa7705838ae5a5,93ee4612-12c0129ef8a95ee7,0.2727272727272727,0.3448275862068966
e185bce5-dada92339d1ef734,fc1771af-cca46b221ed7a539,0.2727272727272727,0.4411764705882353
d5a20936-51261b34b0db6a70,680ba922-9fb7726de6c24db8,0.27241379310344827,0.2791519434628975
26e699de-08d8a23d09bbb76f,6825260d-04eb77dff584dca2,0.2723735408560311,0.5223880597014925
26e699de-08d8a23d09bbb76f,c972dd00-3be1313e6a770e4f,0.2723735408560311,0.5223880597014925
90dc2b20-f678ec07f19de618,085ddefc-c65fe933462cc383,0.2722772277227723,0.4330708661417323
93ee4612-12c0129ef8a95ee7,f3d7ce08-72acd948d0db048a,0.27184466019417475,0.3157894736842105
161b4a40-723dedeaf5bb09ba,8261bd1c-da4d765b85b655ba,0.2716049382716049,0.46218487394957986
d7a8434f-48a7cb547a6fc88c,3afcc566-8843063e9854bade,0.27149321266968324,0.5084745762711864
4e28b45e-48a7cb547a6fc88c,3afcc566-8843063e9854bade,0.27149321266968324,0.5084745762711864
1500a4fa-b7466e0d29f50a35,90dc2b20-f678ec07f19de618,0.27102803738317754,0.3333333333333333
2bda1866-189af74f7272b63b,6e5ab1d2-bc727340fc4cd0a1,0.27076923076923076,0.3697478991596639
66e74577-1c00bee9e437cd92,e90a198b-11e5c0eeddd9dc22,0.27049180327868855,0.55
26e699de-08d8a23d09bbb76f,fb05904c-7a4bd61a1e0e55fb,0.2702702702702703,0.44776119402985076
2eb89317-a35e7101ad930515,085ddefc-c65fe933462cc383,0.2700587084148728,0.2948717948717949
3368f340-dd3724dfe4aec2c1,fb05904c-7a4bd61a1e0e55fb,0.270042194092827,0.3902439024390244
402aff07-8c62e4d7c47d8fe6,aa4b840f-45e7bbf099cc70b7,0.26993865030674846,0.36666666666666664
085ddefc-c65fe933462cc383,49e94e7e-cff41fa307c47148,0.2699228791773779,0.37906137184115524
402aff07-8c62e4d7c47d8fe6,701c3f35-743869fd736b45aa,0.2698412698412698,0.2833333333333333
63a24497-74fe29dca7457057,2bd5c798-5ff10d93bc179532,0.26955848179705655,0.5742574257425742
d3528b2a-9a375cacd8688c7a,5cfa2861-380589c85cc00db5,0.2695035460992908,0.31666666666666665
77d22fc3-9a375cacd8688c7a,5cfa2861-380589c85cc00db5,0.2695035460992908,0.31666666666666665
13860c31-f887192f0735d843,3dd65549-7dc96f81b451ca92,0.2694736842105263,0.29906542056074764
10584086-c5862013efd44277,d4a3869e-418406bb1626654d,0.26900584795321636,0.36507936507936506
2bda1866-189af74f7272b63b,213340b3-c798b5b2c0b2a7ba,0.2689655172413793,0.3277310924369748
c1638a45-41a1a158437b9032,66e74577-1c00bee9e437cd92,0.26881720430107525,0.3787878787878788
1500a4fa-b7466e0d29f50a35,ca8f11a4-89379d50990836a8,0.26865671641791045,0.3103448275862069
76ad805a-d02caa76366ff091,a6520606-1321f6117a133851,0.2683982683982684,0.5
e4ab72e5-bdf6b33f5a21b53e,550335a3-153da188a69ae9b2,0.26804123711340205,0.4513888888888889
6825260d-04eb77dff584dca2,63a24497-74fe29dca7457057,0.26774847870182555,0.3473684210526316
c972dd00-3be1313e6a770e4f,63a24497-74fe29dca7457057,0.26774847870182555,0.3473684210526316
93ee4612-12c0129ef8a95ee7,e90a198b-11e5c0eeddd9dc22,0.26746506986027946,0.5037593984962406
6d7d5dd7-54aa7705838ae5a5,10013f73-15ed2122f5c6cc1d,0.2672413793103448,0.3563218390804598
8d6f1bf5-215e963db94e80d2,f229aa7f-bc9e671ac87bfcf1,0.26717557251908397,0.3977272727272727
d4a3869e-418406bb1626654d,18d20d2e-e9964ad58df05cef,0.26717557251908397,0.32407407407407407
16857116-ecf4bcac220ccbe2,646b3abc-456e5f573ee4421b,0.2669902912621359,0.3021978021978022
aa4b840f-45e7bbf099cc70b7,5cfa2861-380589c85cc00db5,0.26697892271662765,0.5533980582524272
f229aa7f-bc9e671ac87bfcf1,d5a20936-51261b34b0db6a70,0.26695842450765866,0.3505747126436782
5cfa2861-380589c85cc00db5,2bd5c798-5ff10d93bc179532,0.26676829268292684,0.5401234567901234
a8f7c8b7-3ce4db9563b46563,4ea10951-cdc36968087348ec,0.26666666666666666,0.375
18d20d2e-e9964ad58df05cef,6e5ab1d2-bc727340fc4cd0a1,0.26666666666666666,0.3116883116883117
6e5ab1d2-bc727340fc4cd0a1,ee4b9467-3b5042ea7fb8fe97,0.2664526484751204,0.4029126213592233
fcc7e8fa-3c58c60688337981,fc1771af-cca46b221ed7a539,0.266304347826087,0.4803921568627451
18d20d2e-e9964ad58df05cef,13860c31-f887192f0735d843,0.266304347826087,0.3181818181818182
fcc7e8fa-3c58c60688337981,21c9b214-de07f5d5a23ce6c9,0.26606875934230195,0.4362745098039216
d56bcb0c-1747741fe15848f8,90dc2b20-f678ec07f19de618,0.26605504587155965,0.31868131868131866
402aff07-8c62e4d7c47d8fe6,29d865c3-71948521a7538f50,0.26595744680851063,0.4166666666666667
fb05904c-7a4bd61a1e0e55fb,6e5ab1d2-bc727340fc4cd0a1,0.2659279778393352,0.3096774193548387
fcc7e8fa-3c58c60688337981,d3528b2a-9a375cacd8688c7a,0.26576576576576577,0.28921568627450983
fcc7e8fa-3c58c60688337981,77d22fc3-9a375cacd8688c7a,0.26576576576576577,0.28921568627450983
1410e423-c8360a5c153c4cfa,fcc7e8fa-3c58c60688337981,0.26523297491039427,0.49333333333333335
7c11511f-8d7652ffbb512a2a,646b3abc-456e5f573ee4421b,0.2651685393258427,0.2744186046511628
1410e423-c8360a5c153c4cfa,e4ab72e5-bdf6b33f5a21b53e,0.2648401826484018,0.38666666666666666
ca8f11a4-89379d50990836a8,2eb89317-a35e7101ad930515,0.26436781609195403,0.40350877192982454
d7a8434f-48a7cb547a6fc88c,d5a20936-51261b34b0db6a70,0.26433915211970077,0.4491525423728814
4e28b45e-48a7cb547a6fc88c,d5a20936-51261b34b0db6a70,0.26433915211970077,0.4491525423728814
26e699de-08d8a23d09bbb76f,10013f73-15ed2122f5c6cc1d,0.2641509433962264,0.417910447761194
e99c14b9-0573227cb70d0b1c,5f0a176e-d1205060c3c48645,0.2640901771336554,0.5985401459854015
35f0c004-d6a959c7b5839d79,646b3abc-456e5f573ee4421b,0.2640449438202247,0.373015873015873
6e207cbf-6acc7ec6ec02998a,f3d7ce08-72acd948d0db048a,0.264,0.44594594594594594
d7a8434f-48a7cb547a6fc88c,3dd65549-7dc96f81b451ca92,0.2638522427440633,0.423728813559322
4e28b45e-48a7cb547a6fc88c,3dd65549-7dc96f81b451ca92,0.2638522427440633,0.423728813559322
701c3f35-743869fd736b45aa,18d20d2e-e9964ad58df05cef,0.2636363636363636,0.4393939393939394
1500a4fa-b7466e0d29f50a35,93ee4612-12c0129ef8a95ee7,0.2636363636363636,0.3333333333333333
213340b3-c798b5b2c0b2a7ba,085ddefc-c65fe933462cc383,0.26339285714285715,0.34502923976608185
10013f73-15ed2122f5c6cc1d,550335a3-153da188a69ae9b2,0.26337448559670784,0.4413793103448276
e4ab72e5-bdf6b33f5a21b53e,e19376ca-1f9d574f75eb6b65,0.26332288401253917,0.2916666666666667
93ee4612-12c0129ef8a95ee7,213340b3-c798b5b2c0b2a7ba,0.2631578947368421,0.3007518796992481
93ee4612-12c0129ef8a95ee7,3afcc566-8843063e9854bade,0.26258205689277897,0.45112781954887216
d8a171a3-52973750ccea2a7b,6e5ab1d2-bc727340fc4cd0a1,0.26256983240223464,0.3092105263157895
d4a3869e-418406bb1626654d,f229aa7f-bc9e671ac87bfcf1,0.2624113475177305,0.3425925925925926
35f0c004-d6a959c7b5839d79,d3528b2a-9a375cacd8688c7a,0.26229508196721313,0.38095238095238093
35f0c004-d6a959c7b5839d79,77d22fc3-9a375cacd8688c7a,0.26229508196721313,0.38095238095238093
4ea10951-cdc36968087348ec,29d865c3-71948521a7538f50,0.26229508196721313,0.27586206896551724
d4a3869e-418406bb1626654d,16857116-ecf4bcac220ccbe2,0.2620689655172414,0.35185185185185186
1410e423-c8360a5c153c4cfa,18d20d2e-e9964ad58df05cef,0.26200873362445415,0.4
a8f7c8b7-3ce4db9563b46563,2eb89317-a35e7101ad930515,0.26174496644295303,0.609375
6d7d5dd7-54aa7705838ae5a5,550335a3-153da188a69ae9b2,0.2616822429906542,0.6436781609195402
5cfa2861-380589c85cc00db5,fc1771af-cca46b221ed7a539,0.2616822429906542,0.345679012345679
f229aa7f-bc9e671ac87bfcf1,085ddefc-c65fe933462cc383,0.2616407982261641,0.3390804597701149
d4a3869e-418406bb1626654d,e19376ca-1f9d574f75eb6b65,0.26148409893992935,0.3425925925925926
fb05904c-7a4bd61a1e0e55fb,f229aa7f-bc9e671ac87bfcf1,0.2613981762917933,0.27741935483870966
a6520606-1321f6117a133851,6e5ab1d2-bc727340fc4cd0a1,0.2613333333333333,0.28994082840236685
3afcc566-8843063e9854bade,21c9b214-de07f5d5a23ce6c9,0.26108998732572875,0.31790123456790126
76ad805a-d02caa76366ff091,317baeaf-1586dc98b135dbb9,0.2608695652173913,0.2903225806451613
d56bcb0c-1747741fe15848f8,085ddefc-c65fe933462cc383,0.2608695652173913,0.5274725274725275
efa38999-a342a08a07e44f59,da5cf40b-72617fd17b7c4445,0.2608695652173913,0.6044776119402985
4ea10951-cdc36968087348ec,6e5ab1d2-bc727340fc4cd0a1,0.2608695652173913,0.3620689655172414
213340b3-c798b5b2c0b2a7ba,680ba922-9fb7726de6c24db8,0.2606837606837607,0.3567251461988304
e4ab72e5-bdf6b33f5a21b53e,213340b3-c798b5b2c0b2a7ba,0.26031746031746034,0.2847222222222222
d56bcb0c-1747741fe15848f8,5cfa2861-380589c85cc00db5,0.26024096385542167,0.5934065934065934
1500a4fa-b7466e0d29f50a35,16857116-ecf4bcac220ccbe2,0.26022304832713755,0.40229885057471265
66e74577-1c00bee9e437cd92,63a24497-74fe29dca7457057,0.26004728132387706,0.4583333333333333
a6520606-1321f6117a133851,49e94e7e-cff41fa307c47148,0.25970149253731345,0.514792899408284
fb05904c-7a4bd61a1e0e55fb,a6520606-1321f6117a133851,0.25925925925925924,0.2709677419354839
66e74577-1c00bee9e437cd92,fcc7e8fa-3c58c60688337981,0.25925925925925924,0.35
d4a3869e-418406bb1626654d,4ea10951-cdc36968087348ec,0.25892857142857145,0.26851851851851855
213340b3-c798b5b2c0b2a7ba,fc1771af-cca46b221ed7a539,0.25889046941678523,0.5321637426900585
3368f340-dd3724dfe4aec2c1,2bda1866-189af74f7272b63b,0.25870646766169153,0.3170731707317073
680ba922-9fb7726de6c24db8,5f0a176e-d1205060c3c48645,0.2586427656850192,0.3400673400673401
8d6f1bf5-215e963db94e80d2,e4ab72e5-bdf6b33f5a21b53e,0.25862068965517243,0.3409090909090909
c1638a45-41a1a158437b9032,4a5b029f-77d6cfd7735a6be5,0.2585034013605442,0.2878787878787879
2bda1866-189af74f7272b63b,d8a171a3-52973750ccea2a7b,0.25830258302583026,0.29411764705882354
6d55e68b-a529dbdb5e1371a5,18d20d2e-e9964ad58df05cef,0.25830258302583026,0.29914529914529914
2bda1866-189af74f7272b63b,13860c31-f887192f0735d843,0.25825825825825827,0.36134453781512604
f229aa7f-bc9e671ac87bfcf1,fc1771af-cca46b221ed7a539,0.2577903682719547,0.5229885057471264
2bda1866-189af74f7272b63b,e185bce5-dada92339d1ef734,0.25770308123249297,0.3865546218487395
6e207cbf-6acc7ec6ec02998a,6825260d-04eb77dff584dca2,0.25757575757575757,0.4594594594594595
6e207cbf-6acc7ec6ec02998a,c972dd00-3be1313e6a770e4f,0.25757575757575757,0.4594594594594595
29d865c3-71948521a7538f50,e4ab72e5-bdf6b33f5a21b53e,0.25735294117647056,0.2734375
680ba922-9fb7726de6c24db8,21c9b214-de07f5d5a23ce6c9,0.2572178477690289,0.32996632996632996
f229aa7f-bc9e671ac87bfcf1,da5cf40b-72617fd17b7c4445,0.25718608169440244,0.4885057471264368
d8a171a3-52973750ccea2a7b,13860c31-f887192f0735d843,0.2568306010928962,0.3092105263157895
66e74577-1c00bee9e437cd92,5cfa2861-380589c85cc00db5,0.25675675675675674,0.475
d56bcb0c-1747741fe15848f8,f229aa7f-bc9e671ac87bfcf1,0.25660377358490566,0.37362637362637363
6e5ab1d2-bc727340fc4cd0a1,5cfa2861-380589c85cc00db5,0.25660377358490566,0.3300970873786408
d56bcb0c-1747741fe15848f8,6825260d-04eb77dff584dca2,0.25622775800711745,0.3956043956043956
d56bcb0c-1747741fe15848f8,c972dd00-3be1313e6a770e4f,0.25622775800711745,0.3956043956043956
26e699de-08d8a23d09bbb76f,e19376ca-1f9d574f75eb6b65,0.256198347107438,0.4626865671641791
402aff07-8c62e4d7c47d8fe6,6825260d-04eb77dff584dca2,0.256,0.5333333333333333
ca8f11a4-89379d50990836a8,3dd65549-7dc96f81b451ca92,0.256,0.42105263157894735
402aff07-8c62e4d7c47d8fe6,c972dd00-3be1313e6a770e4f,0.256,0.5333333333333333
701c3f35-743869fd736b45aa,10013f73-15ed2122f5c6cc1d,0.2559241706161137,0.4090909090909091
ca8f11a4-89379d50990836a8,e4ab72e5-bdf6b33f5a21b53e,0.2558139534883721,0.2894736842105263
93ee4612-12c0129ef8a95ee7,49e94e7e-cff41fa307c47148,0.2555205047318612,0.6090225563909775
1410e423-c8360a5c153c4cfa,d8a171a3-52973750ccea2a7b,0.2555066079295154,0.38666666666666666
402aff07-8c62e4d7c47d8fe6,e19376ca-1f9d574f75eb6b65,0.2553191489361702,0.5
6e207cbf-6acc7ec6ec02998a,a6520606-1321f6117a133851,0.2551440329218107,0.4189189189189189
680ba922-9fb7726de6c24db8,da5cf40b-72617fd17b7c4445,0.25510204081632654,0.3367003367003367
efa38999-a342a08a07e44f59,e90a198b-11e5c0eeddd9dc22,0.2549800796812749,0.47761194029850745
2bda1866-189af74f7272b63b,870e16d9-e947cc0fa20a2070,0.254957507082153,0.37815126050420167
1410e423-c8360a5c153c4cfa,e99c14b9-0573227cb70d0b1c,0.25471698113207547,0.36
6825260d-04eb77dff584dca2,680ba922-9fb7726de6c24db8,0.2546201232032854,0.3263157894736842
c972dd00-3be1313e6a770e4f,680ba922-9fb7726de6c24db8,0.2546201232032854,0.3263157894736842
18d20d2e-e9964ad58df05cef,550335a3-153da188a69ae9b2,0.2545454545454545,0.4090909090909091
76ad805a-d02caa76366ff091,f229aa7f-bc9e671ac87bfcf1,0.2542372881355932,0.4838709677419355
d4a3869e-418406bb1626654d,29d865c3-71948521a7538f50,0.2542372881355932,0.2777777777777778
4a5b029f-77d6cfd7735a6be5,870e16d9-e947cc0fa20a2070,0.25396825396825395,0.49382716049382713
d4a3869e-418406bb1626654d,d8a171a3-52973750ccea2a7b,0.25384615384615383,0.3055555555555556
93ee4612-12c0129ef8a95ee7,085ddefc-c65fe933462cc383,0.25365853658536586,0.39097744360902253
76ad805a-d02caa76366ff091,13860c31-f887192f0735d843,0.2536231884057971,0.5645161290322581
085ddefc-c65fe933462cc383,d5a20936-51261b34b0db6a70,0.25357142857142856,0.2563176895306859
6e207cbf-6acc7ec6ec02998a,680ba922-9fb7726de6c24db8,0.25336927223719674,0.6351351351351351
7c11511f-8d7652ffbb512a2a,ee4b9467-3b5042ea7fb8fe97,0.25316455696202533,0.37209302325581395
f229aa7f-bc9e671ac87bfcf1,5cfa2861-380589c85cc00db5,0.25301204819277107,0.3620689655172414
6d7d5dd7-54aa7705838ae5a5,f229aa7f-bc9e671ac87bfcf1,0.25287356321839083,0.3793103448275862
701c3f35-743869fd736b45aa,4ea10951-cdc36968087348ec,0.25274725274725274,0.3484848484848485
6e207cbf-6acc7ec6ec02998a,4ea10951-cdc36968087348ec,0.25263157894736843,0.32432432432432434
aa4b840f-45e7bbf099cc70b7,13860c31-f887192f0735d843,0.25236593059936907,0.3883495145631068
35f0c004-d6a959c7b5839d79,e4ab72e5-bdf6b33f5a21b53e,0.2518518518518518,0.2698412698412698
7c11511f-8d7652ffbb512a2a,161b4a40-723dedeaf5bb09ba,0.25165562913907286,0.2651162790697674
d8a171a3-52973750ccea2a7b,8261bd1c-da4d765b85b655ba,0.2513812154696133,0.5986842105263158
a8f7c8b7-3ce4db9563b46563,2bda1866-189af74f7272b63b,0.25136612021857924,0.359375
10584086-c5862013efd44277,e4ab72e5-bdf6b33f5a21b53e,0.25120772946859904,0.4126984126984127
ca8f11a4-89379d50990836a8,5cfa2861-380589c85cc00db5,0.2511415525114155,0.4824561403508772
2bda1866-189af74f7272b63b,66e74577-1c00bee9e437cd92,0.2510460251046025,0.25210084033613445
7c11511f-8d7652ffbb512a2a,63a24497-74fe29dca7457057,0.25096525096525096,0.3023255813953488
701c3f35-743869fd736b45aa,3dd65549-7dc96f81b451ca92,0.25076452599388377,0.6212121212121212
a8f7c8b7-3ce4db9563b46563,f3d7ce08-72acd948d0db048a,0.25,0.46875
ca8f11a4-89379d50990836a8,646b3abc-456e5f573ee4421b,0.25,0.37719298245614036
8d6f1bf5-215e963db94e80d2,66e74577-1c00bee9e437cd92,0.25,0.29545454545454547
6e5ab1d2-bc727340fc4cd0a1,d5a20936-51261b34b0db6a70,0.24948875255623723,0.2961165048543689
4ea10951-cdc36968087348ec,550335a3-153da188a69ae9b2,0.24945295404814005,0.49137931034482757
a6520606-1321f6117a133851,d3528b2a-9a375cacd8688c7a,0.24938875305623473,0.30177514792899407
a6520606-1321f6117a133851,77d22fc3-9a375cacd8688c7a,0.24938875305623473,0.30177514792899407
e185bce5-dada92339d1ef734,8261bd1c-da4d765b85b655ba,0.24938271604938272,0.42436974789915966
35f0c004-d6a959c7b5839d79,fb05904c-7a4bd61a1e0e55fb,0.2491103202846975,0.2777777777777778
1410e423-c8360a5c153c4cfa,6e5ab1d2-bc727340fc4cd0a1,0.2491103202846975,0.4666666666666667
ca8f11a4-89379d50990836a8,2bda1866-189af74f7272b63b,0.24892703862660945,0.2543859649122807
76ad805a-d02caa76366ff091,213340b3-c798b5b2c0b2a7ba,0.24892703862660945,0.46774193548387094
4a5b029f-77d6cfd7735a6be5,e4ab72e5-bdf6b33f5a21b53e,0.24888888888888888,0.345679012345679
76ad805a-d02caa76366ff091,fb05904c-7a4bd61a1e0e55fb,0.2488479262672811,0.43548387096774194
870e16d9-e947cc0fa20a2070,2bd5c798-5ff10d93bc179532,0.24877250409165302,0.6495726495726496
13860c31-f887192f0735d843,085ddefc-c65fe933462cc383,0.2484725050916497,0.2850467289719626
6e5ab1d2-bc727340fc4cd0a1,085ddefc-c65fe933462cc383,0.2484472049689441,0.2912621359223301
d56bcb0c-1747741fe15848f8,e90a198b-11e5c0eeddd9dc22,0.24836601307189543,0.6263736263736264
aa4b840f-45e7bbf099cc70b7,3afcc566-8843063e9854bade,0.24824355971896955,0.5145631067961165
d3528b2a-9a375cacd8688c7a,3afcc566-8843063e9854bade,0.24822695035460993,0.2916666666666667
77d22fc3-9a375cacd8688c7a,3afcc566-8843063e9854bade,0.24822695035460993,0.2916666666666667
6825260d-04eb77dff584dca2,da5cf40b-72617fd17b7c4445,0.2481536189069424,0.4421052631578947
c972dd00-3be1313e6a770e4f,da5cf40b-72617fd17b7c4445,0.2481536189069424,0.4421052631578947
d4a3869e-418406bb1626654d,21c9b214-de07f5d5a23ce6c9,0.24781849912739964,0.6574074074074074
4ea10951-cdc36968087348ec,7c11511f-8d7652ffbb512a2a,0.24773413897280966,0.35344827586206895
d3528b2a-9a375cacd8688c7a,085ddefc-c65fe933462cc383,0.24758220502901354,0.26666666666666666
77d22fc3-9a375cacd8688c7a,085ddefc-c65fe933462cc383,0.24758220502901354,0.26666666666666666
f229aa7f-bc9e671ac87bfcf1,e185bce5-dada92339d1ef734,0.24757281553398058,0.29310344827586204
3368f340-dd3724dfe4aec2c1,66e74577-1c00bee9e437cd92,0.24752475247524752,0.3048780487804878
fcc7e8fa-3c58c60688337981,8261bd1c-da4d765b85b655ba,0.24742268041237114,0.47058823529411764
1500a4fa-b7466e0d29f50a35,fcc7e8fa-3c58c60688337981,0.24742268041237114,0.41379310344827586
701c3f35-743869fd736b45aa,66e74577-1c00bee9e437cd92,0.24731182795698925,0.3484848484848485
6825260d-04eb77dff584dca2,ee4b9467-3b5042ea7fb8fe97,0.2471169686985173,0.39473684210526316
c972dd00-3be1313e6a770e4f,ee4b9467-3b5042ea7fb8fe97,0.2471169686985173,0.39473684210526316
efa38999-a342a08a07e44f59,ee4b9467-3b5042ea7fb8fe97,0.24682395644283123,0.5074626865671642
646b3abc-456e5f573ee4421b,fc1771af-cca46b221ed7a539,0.24671916010498687,0.40869565217391307
dc281165-ab24d5ebbc33700d,da5cf40b-72617fd17b7c4445,0.2465331278890601,0.49382716049382713
a8f7c8b7-3ce4db9563b46563,701c3f35-743869fd736b45aa,0.24615384615384617,0.25
6d7d5dd7-54aa7705838ae5a5,e185bce5-dada92339d1ef734,0.24615384615384617,0.45977011494252873
a6520606-1321f6117a133851,e185bce5-dada92339d1ef734,0.2457002457002457,0.2958579881656805
317baeaf-1586dc98b135dbb9,870e16d9-e947cc0fa20a2070,0.24516129032258063,0.5
aa4b840f-45e7bbf099cc70b7,49e94e7e-cff41fa307c47148,0.24503311258278146,0.7184466019417476
f229aa7f-bc9e671ac87bfcf1,3afcc566-8843063e9854bade,0.24497991967871485,0.3505747126436782
317baeaf-1586dc98b135dbb9,a6520606-1321f6117a133851,0.24489795918367346,0.39473684210526316
1500a4fa-b7466e0d29f50a35,680ba922-9fb7726de6c24db8,0.24479166666666666,0.5402298850574713
76ad805a-d02caa76366ff091,e19376ca-1f9d574f75eb6b65,0.24472573839662448,0.46774193548387094
efa38999-a342a08a07e44f59,e4ab72e5-bdf6b33f5a21b53e,0.2446043165467626,0.2537313432835821
76ad805a-d02caa76366ff091,d7a8434f-48a7cb547a6fc88c,0.24444444444444444,0.3548387096774194
76ad805a-d02caa76366ff091,4e28b45e-48a7cb547a6fc88c,0.24444444444444444,0.3548387096774194
c1638a45-41a1a158437b9032,fb05904c-7a4bd61a1e0e55fb,0.24434389140271492,0.4090909090909091
ca8f11a4-89379d50990836a8,161b4a40-723dedeaf5bb09ba,0.24431818181818182,0.37719298245614036
213340b3-c798b5b2c0b2a7ba,13860c31-f887192f0735d843,0.24415584415584415,0.27485380116959063
a8f7c8b7-3ce4db9563b46563,6825260d-04eb77dff584dca2,0.2440944881889764,0.484375
a8f7c8b7-3ce4db9563b46563,c972dd00-3be1313e6a770e4f,0.2440944881889764,0.484375
93ee4612-12c0129ef8a95ee7,dc281165-ab24d5ebbc33700d,0.2440677966101695,0.2706766917293233
13860c31-f887192f0735d843,fc1771af-cca46b221ed7a539,0.24396782841823056,0.4252336448598131
29d865c3-71948521a7538f50,da5cf40b-72617fd17b7c4445,0.24390243902439024,0.5859375
93ee4612-12c0129ef8a95ee7,ee4b9467-3b5042ea7fb8fe97,0.24363636363636362,0.5037593984962406
d3528b2a-9a375cacd8688c7a,3dd65549-7dc96f81b451ca92,0.2435129740518962,0.25416666666666665
77d22fc3-9a375cacd8688c7a,3dd65549-7dc96f81b451ca92,0.2435129740518962,0.25416666666666665
e19376ca-1f9d574f75eb6b65,fc1771af-cca46b221ed7a539,0.24328147100424327,0.49142857142857144
4a5b029f-77d6cfd7735a6be5,7c11511f-8d7652ffbb512a2a,0.24324324324324326,0.4444444444444444
76ad805a-d02caa76366ff091,2eb89317-a35e7101ad930515,0.24324324324324326,0.5806451612903226
1500a4fa-b7466e0d29f50a35,870e16d9-e947cc0fa20a2070,0.24299065420560748,0.4482758620689655
6d55e68b-a529dbdb5e1371a5,fcc7e8fa-3c58c60688337981,0.24299065420560748,0.3333333333333333
10584086-c5862013efd44277,f3d7ce08-72acd948d0db048a,0.24267782426778242,0.4603174603174603
c1638a45-41a1a158437b9032,6e5ab1d2-bc727340fc4cd0a1,0.2426470588235294,0.5
d7a8434f-48a7cb547a6fc88c,5f0a176e-d1205060c3c48645,0.2425249169435216,0.6186440677966102
4e28b45e-48a7cb547a6fc88c,5f0a176e-d1205060c3c48645,0.2425249169435216,0.6186440677966102
35f0c004-d6a959c7b5839d79,49e94e7e-cff41fa307c47148,0.24242424242424243,0.6031746031746031
8d6f1bf5-215e963db94e80d2,870e16d9-e947cc0fa20a2070,0.2422360248447205,0.4431818181818182
f229aa7f-bc9e671ac87bfcf1,6e5ab1d2-bc727340fc4cd0a1,0.24210526315789474,0.26436781609195403
e17c5159-a1e6e7f28bb215c5,35f0c004-d6a959c7b5839d79,0.24210526315789474,0.359375
ca8f11a4-89379d50990836a8,550335a3-153da188a69ae9b2,0.24175824175824176,0.4824561403508772
76ad805a-d02caa76366ff091,10013f73-15ed2122f5c6cc1d,0.24154589371980675,0.4032258064516129
6d55e68b-a529dbdb5e1371a5,6e5ab1d2-bc727340fc4cd0a1,0.24148606811145512,0.3333333333333333
aa4b840f-45e7bbf099cc70b7,63a24497-74fe29dca7457057,0.2413793103448276,0.47572815533980584
fb05904c-7a4bd61a1e0e55fb,ee4b9467-3b5042ea7fb8fe97,0.24125874125874125,0.44516129032258067
66e74577-1c00bee9e437cd92,e99c14b9-0573227cb70d0b1c,0.24124513618677043,0.25833333333333336
d7a8434f-48a7cb547a6fc88c,6e5ab1d2-bc727340fc4cd0a1,0.24074074074074073,0.3305084745762712
4e28b45e-48a7cb547a6fc88c,6e5ab1d2-bc727340fc4cd0a1,0.24074074074074073,0.3305084745762712
d56bcb0c-1747741fe15848f8,550335a3-153da188a69ae9b2,0.24074074074074073,0.5714285714285714
8d6f1bf5-215e963db94e80d2,3dd65549-7dc96f81b451ca92,0.24068767908309455,0.4772727272727273
e4ab72e5-bdf6b33f5a21b53e,646b3abc-456e5f573ee4421b,0.24064171122994651,0.3125
13860c31-f887192f0735d843,49e94e7e-cff41fa307c47148,0.24055944055944056,0.40186915887850466
93ee4612-12c0129ef8a95ee7,550335a3-153da188a69ae9b2,0.24050632911392406,0.42857142857142855
8d6f1bf5-215e963db94e80d2,10013f73-15ed2122f5c6cc1d,0.24034334763948498,0.3181818181818182
3368f340-dd3724dfe4aec2c1,f3d7ce08-72acd948d0db048a,0.24031007751937986,0.3780487804878049
4a5b029f-77d6cfd7735a6be5,2bda1866-189af74f7272b63b,0.24,0.2962962962962963
6d55e68b-a529dbdb5e1371a5,93ee4612-12c0129ef8a95ee7,0.24,0.2564102564102564
93ee4612-12c0129ef8a95ee7,5f0a176e-d1205060c3c48645,0.23987034035656402,0.556390977443609
13860c31-f887192f0735d843,63a24497-74fe29dca7457057,0.23984526112185686,0.2897196261682243
10013f73-15ed2122f5c6cc1d,680ba922-9fb7726de6c24db8,0.2398190045248869,0.36551724137931035
6d7d5dd7-54aa7705838ae5a5,fb05904c-7a4bd61a1e0e55fb,0.2396694214876033,0.3333333333333333
2bda1866-189af74f7272b63b,7c11511f-8d7652ffbb512a2a,0.23952095808383234,0.33613445378151263
fcc7e8fa-3c58c60688337981,680ba922-9fb7726de6c24db8,0.23952095808383234,0.29411764705882354
701c3f35-743869fd736b45aa,d7a8434f-48a7cb547a6fc88c,0.2391304347826087,0.3333333333333333
701c3f35-743869fd736b45aa,4e28b45e-48a7cb547a6fc88c,0.2391304347826087,0.3333333333333333
a8f7c8b7-3ce4db9563b46563,fcc7e8fa-3c58c60688337981,0.23880597014925373,0.5
66e74577-1c00bee9e437cd92,7c11511f-8d7652ffbb512a2a,0.23880597014925373,0.3333333333333333
6d55e68b-a529dbdb5e1371a5,35f0c004-d6a959c7b5839d79,0.23868312757201646,0.24786324786324787
4ea10951-cdc36968087348ec,a6520606-1321f6117a133851,0.23859649122807017,0.29310344827586204
c1638a45-41a1a158437b9032,d8a171a3-52973750ccea2a7b,0.23853211009174313,0.3939393939393939
e17c5159-a1e6e7f28bb215c5,18d20d2e-e9964ad58df05cef,0.23853211009174313,0.40625
18d20d2e-e9964ad58df05cef,7c11511f-8d7652ffbb512a2a,0.23848238482384823,0.2857142857142857
a6520606-1321f6117a133851,e90a198b-11e5c0eeddd9dc22,0.2383612662942272,0.378698224852071
6e207cbf-6acc7ec6ec02998a,2bda1866-189af74f7272b63b,0.23834196891191708,0.3108108108108108
701c3f35-743869fd736b45aa,90dc2b20-f678ec07f19de618,0.23834196891191708,0.3484848484848485
2bda1866-189af74f7272b63b,93ee4612-12c0129ef8a95ee7,0.23809523809523808,0.25210084033613445
402aff07-8c62e4d7c47d8fe6,2eb89317-a35e7101ad930515,0.23809523809523808,0.5833333333333334
fb05904c-7a4bd61a1e0e55fb,550335a3-153da188a69ae9b2,0.23790322580645162,0.38064516129032255
ca8f11a4-89379d50990836a8,49e94e7e-cff41fa307c47148,0.23739837398373984,0.6403508771929824
16857116-ecf4bcac220ccbe2,13860c31-f887192f0735d843,0.23737373737373738,0.25824175824175827
6825260d-04eb77dff584dca2,3afcc566-8843063e9854bade,0.23735408560311283,0.32105263157894737
c972dd00-3be1313e6a770e4f,3afcc566-8843063e9854bade,0.23735408560311283,0.32105263157894737
aa4b840f-45e7bbf099cc70b7,da5cf40b-72617fd17b7c4445,0.23728813559322035,0.6796116504854369
10584086-c5862013efd44277,6825260d-04eb77dff584dca2,0.23715415019762845,0.47619047619047616
10584086-c5862013efd44277,c972dd00-3be1313e6a770e4f,0.23715415019762845,0.47619047619047616
d4a3869e-418406bb1626654d,161b4a40-723dedeaf5bb09ba,0.23699421965317918,0.37962962962962965
10584086-c5862013efd44277,16857116-ecf4bcac220ccbe2,0.23673469387755103,0.4603174603174603
d4a3869e-418406bb1626654d,5f0a176e-d1205060c3c48645,0.23648648648648649,0.6481481481481481
c1638a45-41a1a158437b9032,e99c14b9-0573227cb70d0b1c,0.23645320197044334,0.36363636363636365
2bda1866-189af74f7272b63b,a6520606-1321f6117a133851,0.2361111111111111,0.2857142857142857
76ad805a-d02caa76366ff091,3368f340-dd3724dfe4aec2c1,0.2361111111111111,0.27419354838709675
402aff07-8c62e4d7c47d8fe6,a6520606-1321f6117a133851,0.23580786026200873,0.45
26e699de-08d8a23d09bbb76f,dc281165-ab24d5ebbc33700d,0.23580786026200873,0.40298507462686567
402aff07-8c62e4d7c47d8fe6,680ba922-9fb7726de6c24db8,0.23529411764705882,0.7
26e699de-08d8a23d09bbb76f,66e74577-1c00bee9e437cd92,0.23529411764705882,0.3283582089552239
26e699de-08d8a23d09bbb76f,18d20d2e-e9964ad58df05cef,0.23529411764705882,0.3880597014925373
701c3f35-743869fd736b45aa,fb05904c-7a4bd61a1e0e55fb,0.23529411764705882,0.3939393939393939
680ba922-9fb7726de6c24db8,2bd5c798-5ff10d93bc179532,0.23501945525291829,0.5084175084175084
e185bce5-dada92339d1ef734,2bd5c798-5ff10d93bc179532,0.23491027732463296,0.6050420168067226
dc281165-ab24d5ebbc33700d,ee4b9467-3b5042ea7fb8fe97,0.23488773747841105,0.41975308641975306
13860c31-f887192f0735d843,680ba922-9fb7726de6c24db8,0.23483365949119372,0.2803738317757009
66e74577-1c00bee9e437cd92,dc281165-ab24d5ebbc33700d,0.23404255319148937,0.275
d8a171a3-52973750ccea2a7b,fc1771af-cca46b221ed7a539,0.23391812865497075,0.5263157894736842
d56bcb0c-1747741fe15848f8,870e16d9-e947cc0fa20a2070,0.23384615384615384,0.4175824175824176
4ea10951-cdc36968087348ec,e19376ca-1f9d574f75eb6b65,0.23367697594501718,0.29310344827586204
e99c14b9-0573227cb70d0b1c,13860c31-f887192f0735d843,0.2336182336182336,0.29927007299270075
2bda1866-189af74f7272b63b,fb05904c-7a4bd61a1e0e55fb,0.23357664233576642,0.2689075630252101
ca8f11a4-89379d50990836a8,680ba922-9fb7726de6c24db8,0.23357664233576642,0.42105263157894735
6d55e68b-a529dbdb5e1371a5,085ddefc-c65fe933462cc383,0.233502538071066,0.39316239316239315
e17c5159-a1e6e7f28bb215c5,f3d7ce08-72acd948d0db048a,0.23333333333333334,0.4375
66e74577-1c00bee9e437cd92,d5a20936-51261b34b0db6a70,0.23325062034739455,0.39166666666666666
085ddefc-c65fe933462cc383,da5cf40b-72617fd17b7c4445,0.23298429319371727,0.3212996389891697
d5a20936-51261b34b0db6a70,2bd5c798-5ff10d93bc179532,0.23288749016522423,0.5229681978798587
6d55e68b-a529dbdb5e1371a5,e19376ca-1f9d574f75eb6b65,0.2328767123287671,0.2905982905982906
10584086-c5862013efd44277,d8a171a3-52973750ccea2a7b,0.23255813953488372,0.3968253968253968
680ba922-9fb7726de6c24db8,8261bd1c-da4d765b85b655ba,0.23245109321058688,0.3400673400673401
d4a3869e-418406bb1626654d,f3d7ce08-72acd948d0db048a,0.2323943661971831,0.3055555555555556
d4a3869e-418406bb1626654d,ee4b9467-3b5042ea7fb8fe97,0.23238095238095238,0.5648148148148148
a8f7c8b7-3ce4db9563b46563,efa38999-a342a08a07e44f59,0.23232323232323232,0.359375
dc281165-ab24d5ebbc33700d,2eb89317-a35e7101ad930515,0.23232323232323232,0.2839506172839506
3dd65549-7dc96f81b451ca92,2bd5c798-5ff10d93bc179532,0.2321857485988791,0.5555555555555556
13860c31-f887192f0735d843,870e16d9-e947cc0fa20a2070,0.23214285714285715,0.24299065420560748
6e5ab1d2-bc727340fc4cd0a1,2eb89317-a35e7101ad930515,0.2318181818181818,0.24757281553398058
93ee4612-12c0129ef8a95ee7,e185bce5-dada92339d1ef734,0.23180592991913745,0.3233082706766917
f3d7ce08-72acd948d0db048a,646b3abc-456e5f573ee4421b,0.2315270935960591,0.26704545454545453
d4a3869e-418406bb1626654d,3afcc566-8843063e9854bade,0.23148148148148148,0.46296296296296297
fb05904c-7a4bd61a1e0e55fb,2eb89317-a35e7101ad930515,0.23136246786632392,0.2903225806451613
4ea10951-cdc36968087348ec,d8a171a3-52973750ccea2a7b,0.23134328358208955,0.2672413793103448
3afcc566-8843063e9854bade,fc1771af-cca46b221ed7a539,0.23130841121495327,0.3055555555555556
d3528b2a-9a375cacd8688c7a,da5cf40b-72617fd17b7c4445,0.2310866574965612,0.35
77d22fc3-9a375cacd8688c7a,da5cf40b-72617fd17b7c4445,0.2310866574965612,0.35
13860c31-f887192f0735d843,550335a3-153da188a69ae9b2,0.23063063063063063,0.29906542056074764
10584086-c5862013efd44277,18d20d2e-e9964ad58df05cef,0.2304147465437788,0.3968253968253968
a8f7c8b7-3ce4db9563b46563,90dc2b20-f678ec07f19de618,0.23036649214659685,0.34375
29d865c3-71948521a7538f50,550335a3-153da188a69ae9b2,0.2302771855010661,0.421875
646b3abc-456e5f573ee4421b,21c9b214-de07f5d5a23ce6c9,0.2302158273381295,0.34782608695652173
3368f340-dd3724dfe4aec2c1,e4ab72e5-bdf6b33f5a21b53e,0.23008849557522124,0.3170731707317073
93ee4612-12c0129ef8a95ee7,7c11511f-8d7652ffbb512a2a,0.22988505747126436,0.3007518796992481
701c3f35-743869fd736b45aa,3368f340-dd3724dfe4aec2c1,0.22972972972972974,0.25757575757575757
1410e423-c8360a5c153c4cfa,efa38999-a342a08a07e44f59,0.22966507177033493,0.32
c1638a45-41a1a158437b9032,fcc7e8fa-3c58c60688337981,0.22962962962962963,0.4696969696969697
085ddefc-c65fe933462cc383,21c9b214-de07f5d5a23ce6c9,0.22911051212938005,0.30685920577617326
2bda1866-189af74f7272b63b,fcc7e8fa-3c58c60688337981,0.22910216718266255,0.31092436974789917
76ad805a-d02caa76366ff091,3dd65549-7dc96f81b451ca92,0.22910216718266255,0.5967741935483871
6e5ab1d2-bc727340fc4cd0a1,5f0a176e-d1205060c3c48645,0.2289855072463768,0.38349514563106796
6d55e68b-a529dbdb5e1371a5,2bda1866-189af74f7272b63b,0.2288135593220339,0.23076923076923078
680ba922-9fb7726de6c24db8,5cfa2861-380589c85cc00db5,0.2286634460547504,0.23905723905723905
e4ab72e5-bdf6b33f5a21b53e,10013f73-15ed2122f5c6cc1d,0.22837370242214533,0.22916666666666666
e17c5159-a1e6e7f28bb215c5,fb05904c-7a4bd61a1e0e55fb,0.228310502283105,0.390625
3368f340-dd3724dfe4aec2c1,6825260d-04eb77dff584dca2,0.22794117647058823,0.3780487804878049
3368f340-dd3724dfe4aec2c1,c972dd00-3be1313e6a770e4f,0.22794117647058823,0.3780487804878049
e99c14b9-0573227cb70d0b1c,e4ab72e5-bdf6b33f5a21b53e,0.2277580071174377,0.23357664233576642
6d7d5dd7-54aa7705838ae5a5,161b4a40-723dedeaf5bb09ba,0.2276923076923077,0.42528735632183906
a8f7c8b7-3ce4db9563b46563,16857116-ecf4bcac220ccbe2,0.22764227642276422,0.4375
e17c5159-a1e6e7f28bb215c5,16857116-ecf4bcac220ccbe2,0.22764227642276422,0.4375
10013f73-15ed2122f5c6cc1d,fc1771af-cca46b221ed7a539,0.2274741506646972,0.5310344827586206
66e74577-1c00bee9e437cd92,e4ab72e5-bdf6b33f5a21b53e,0.22727272727272727,0.25
e99c14b9-0573227cb70d0b1c,fc1771af-cca46b221ed7a539,0.22720478325859492,0.5547445255474452
e4ab72e5-bdf6b33f5a21b53e,16857116-ecf4bcac220ccbe2,0.22699386503067484,0.2569444444444444
d8a171a3-52973750ccea2a7b,21c9b214-de07f5d5a23ce6c9,0.22690437601296595,0.4605263157894737
d4a3869e-418406bb1626654d,e90a198b-11e5c0eeddd9dc22,0.226890756302521,0.5
317baeaf-1586dc98b135dbb9,90dc2b20-f678ec07f19de618,0.22660098522167488,0.3026315789473684
fb05904c-7a4bd61a1e0e55fb,6825260d-04eb77dff584dca2,0.22608695652173913,0.25161290322580643
fb05904c-7a4bd61a1e0e55fb,c972dd00-3be1313e6a770e4f,0.22608695652173913,0.25161290322580643
4ea10951-cdc36968087348ec,e185bce5-dada92339d1ef734,0.22598870056497175,0.3448275862068966
2bda1866-189af74f7272b63b,e90a198b-11e5c0eeddd9dc22,0.22587268993839835,0.46218487394957986
26e699de-08d8a23d09bbb76f,e99c14b9-0573227cb70d0b1c,0.22549019607843138,0.34328358208955223
fb05904c-7a4bd61a1e0e55fb,5cfa2861-380589c85cc00db5,0.2254697286012526,0.34838709677419355
317baeaf-1586dc98b135dbb9,550335a3-153da188a69ae9b2,0.22541966426858512,0.618421052631579
f229aa7f-bc9e671ac87bfcf1,21c9b214-de07f5d5a23ce6c9,0.22535211267605634,0.41379310344827586
26e699de-08d8a23d09bbb76f,680ba922-9fb7726de6c24db8,0.22527472527472528,0.6119402985074627
7c11511f-8d7652ffbb512a2a,da5cf40b-72617fd17b7c4445,0.22507122507122507,0.3674418604651163
161b4a40-723dedeaf5bb09ba,21c9b214-de07f5d5a23ce6c9,0.22475106685633,0.3319327731092437
d56bcb0c-1747741fe15848f8,ee4b9467-3b5042ea7fb8fe97,0.22440944881889763,0.6263736263736264
701c3f35-743869fd736b45aa,e19376ca-1f9d574f75eb6b65,0.22406639004149378,0.4090909090909091
4a5b029f-77d6cfd7735a6be5,a6520606-1321f6117a133851,0.224,0.345679012345679
3368f340-dd3724dfe4aec2c1,fcc7e8fa-3c58c60688337981,0.22377622377622378,0.3902439024390244
ca8f11a4-89379d50990836a8,3afcc566-8843063e9854bade,0.2237442922374429,0.4298245614035088
e17c5159-a1e6e7f28bb215c5,8d6f1bf5-215e963db94e80d2,0.2236842105263158,0.265625
6e5ab1d2-bc727340fc4cd0a1,49e94e7e-cff41fa307c47148,0.22347949080622348,0.38349514563106796
dc281165-ab24d5ebbc33700d,13860c31-f887192f0735d843,0.22340425531914893,0.25925925925925924
3368f340-dd3724dfe4aec2c1,63a24497-74fe29dca7457057,0.22337662337662337,0.524390243902439
1500a4fa-b7466e0d29f50a35,2bda1866-189af74f7272b63b,0.22330097087378642,0.26436781609195403
1500a4fa-b7466e0d29f50a35,e99c14b9-0573227cb70d0b1c,0.22321428571428573,0.28735632183908044
4ea10951-cdc36968087348ec,6d55e68b-a529dbdb5e1371a5,0.22317596566523606,0.22413793103448276
e4ab72e5-bdf6b33f5a21b53e,d8a171a3-52973750ccea2a7b,0.22297297297297297,0.22916666666666666
dc281165-ab24d5ebbc33700d,5f0a176e-d1205060c3c48645,0.22291021671826625,0.4444444444444444
90dc2b20-f678ec07f19de618,13860c31-f887192f0735d843,0.22287390029325513,0.2992125984251969
35f0c004-d6a959c7b5839d79,7c11511f-8d7652ffbb512a2a,0.22287390029325513,0.30158730158730157
d4a3869e-418406bb1626654d,550335a3-153da188a69ae9b2,0.22271714922049,0.46296296296296297
16857116-ecf4bcac220ccbe2,21c9b214-de07f5d5a23ce6c9,0.22256568778979907,0.3956043956043956
13860c31-f887192f0735d843,da5cf40b-72617fd17b7c4445,0.2225392296718973,0.3644859813084112
402aff07-8c62e4d7c47d8fe6,f229aa7f-bc9e671ac87bfcf1,0.2222222222222222,0.43333333333333335
d4a3869e-418406bb1626654d,213340b3-c798b5b2c0b2a7ba,0.2222222222222222,0.28703703703703703
10584086-c5862013efd44277,870e16d9-e947cc0fa20a2070,0.2222222222222222,0.5238095238095238
701c3f35-743869fd736b45aa,fcc7e8fa-3c58c60688337981,0.2222222222222222,0.45454545454545453
fb05904c-7a4bd61a1e0e55fb,e90a198b-11e5c0eeddd9dc22,0.22179732313575526,0.3741935483870968
2bda1866-189af74f7272b63b,550335a3-153da188a69ae9b2,0.2217391304347826,0.42857142857142855
3368f340-dd3724dfe4aec2c1,5cfa2861-380589c85cc00db5,0.22167487684729065,0.5487804878048781
29d865c3-71948521a7538f50,6e5ab1d2-bc727340fc4cd0a1,0.2215568862275449,0.2890625
d56bcb0c-1747741fe15848f8,2eb89317-a35e7101ad930515,0.22153846153846155,0.3956043956043956
3368f340-dd3724dfe4aec2c1,2eb89317-a35e7101ad930515,0.22151898734177214,0.4268292682926829
a8f7c8b7-3ce4db9563b46563,870e16d9-e947cc0fa20a2070,0.2214765100671141,0.515625
aa4b840f-45e7bbf099cc70b7,5f0a176e-d1205060c3c48645,0.22146507666098808,0.6310679611650486
6e207cbf-6acc7ec6ec02998a,efa38999-a342a08a07e44f59,0.22115384615384615,0.3108108108108108
2bda1866-189af74f7272b63b,2eb89317-a35e7101ad930515,0.22096317280453256,0.3277310924369748
13860c31-f887192f0735d843,5f0a176e-d1205060c3c48645,0.22063037249283668,0.3598130841121495
161b4a40-723dedeaf5bb09ba,680ba922-9fb7726de6c24db8,0.2205607476635514,0.24789915966386555
efa38999-a342a08a07e44f59,49e94e7e-cff41fa307c47148,0.2204724409448819,0.5223880597014925
fcc7e8fa-3c58c60688337981,085ddefc-c65fe933462cc383,0.2203742203742204,0.25980392156862747
6e207cbf-6acc7ec6ec02998a,e4ab72e5-bdf6b33f5a21b53e,0.22018348623853212,0.32432432432432434
10584086-c5862013efd44277,fb05904c-7a4bd61a1e0e55fb,0.22018348623853212,0.38095238095238093
317baeaf-1586dc98b135dbb9,93ee4612-12c0129ef8a95ee7,0.22009569377990432,0.3026315789473684
646b3abc-456e5f573ee4421b,2bd5c798-5ff10d93bc179532,0.2200328407224959,0.5826086956521739
26e699de-08d8a23d09bbb76f,93ee4612-12c0129ef8a95ee7,0.22,0.3283582089552239
ca8f11a4-89379d50990836a8,085ddefc-c65fe933462cc383,0.21994884910485935,0.37719298245614036
6d7d5dd7-54aa7705838ae5a5,fcc7e8fa-3c58c60688337981,0.21993127147766323,0.367816091954023
d7a8434f-48a7cb547a6fc88c,fb05904c-7a4bd61a1e0e55fb,0.21978021978021978,0.2542372881355932
c1638a45-41a1a158437b9032,4ea10951-cdc36968087348ec,0.21978021978021978,0.30303030303030304
4e28b45e-48a7cb547a6fc88c,fb05904c-7a4bd61a1e0e55fb,0.21978021978021978,0.2542372881355932
a6520606-1321f6117a133851,085ddefc-c65fe933462cc383,0.21973094170403587,0.28994082840236685
3368f340-dd3724dfe4aec2c1,16857116-ecf4bcac220ccbe2,0.2196969696969697,0.35365853658536583
90dc2b20-f678ec07f19de618,21c9b214-de07f5d5a23ce6c9,0.2195945945945946,0.5118110236220472
a6520606-1321f6117a133851,da5cf40b-72617fd17b7c4445,0.21951219512195122,0.4260355029585799
1410e423-c8360a5c153c4cfa,dc281165-ab24d5ebbc33700d,0.21940928270042195,0.3466666666666667
6d55e68b-a529dbdb5e1371a5,66e74577-1c00bee9e437cd92,0.21940928270042195,0.2222222222222222
6e207cbf-6acc7ec6ec02998a,18d20d2e-e9964ad58df05cef,0.21929824561403508,0.33783783783783783
76ad805a-d02caa76366ff091,646b3abc-456e5f573ee4421b,0.2191780821917808,0.5161290322580645
d56bcb0c-1747741fe15848f8,29d865c3-71948521a7538f50,0.2191780821917808,0.26373626373626374
c1638a45-41a1a158437b9032,e4ab72e5-bdf6b33f5a21b53e,0.21904761904761905,0.3484848484848485
e17c5159-a1e6e7f28bb215c5,29d865c3-71948521a7538f50,0.21875,0.328125
6e207cbf-6acc7ec6ec02998a,fb05904c-7a4bd61a1e0e55fb,0.2183406113537118,0.33783783783783783
d3528b2a-9a375cacd8688c7a,5f0a176e-d1205060c3c48645,0.21823204419889503,0.32916666666666666
77d22fc3-9a375cacd8688c7a,5f0a176e-d1205060c3c48645,0.21823204419889503,0.32916666666666666
13860c31-f887192f0735d843,21c9b214-de07f5d5a23ce6c9,0.21796759941089838,0.34579439252336447
d7a8434f-48a7cb547a6fc88c,d3528b2a-9a375cacd8688c7a,0.21787709497206703,0.3305084745762712
4e28b45e-48a7cb547a6fc88c,d3528b2a-9a375cacd8688c7a,0.21787709497206703,0.3305084745762712
d7a8434f-48a7cb547a6fc88c,77d22fc3-9a375cacd8688c7a,0.21787709497206703,0.3305084745762712
4e28b45e-48a7cb547a6fc88c,77d22fc3-9a375cacd8688c7a,0.21787709497206703,0.3305084745762712
c1638a45-41a1a158437b9032,16857116-ecf4bcac220ccbe2,0.21774193548387097,0.4090909090909091
d7a8434f-48a7cb547a6fc88c,085ddefc-c65fe933462cc383,0.21772151898734177,0.3644067796610169
4e28b45e-48a7cb547a6fc88c,085ddefc-c65fe933462cc383,0.21772151898734177,0.3644067796610169
402aff07-8c62e4d7c47d8fe6,93ee4612-12c0129ef8a95ee7,0.21761658031088082,0.35
6d7d5dd7-54aa7705838ae5a5,d8a171a3-52973750ccea2a7b,0.2175732217573222,0.2988505747126437
e17c5159-a1e6e7f28bb215c5,e19376ca-1f9d574f75eb6b65,0.2175732217573222,0.40625
213340b3-c798b5b2c0b2a7ba,6e5ab1d2-bc727340fc4cd0a1,0.21750663129973474,0.23976608187134502
fb05904c-7a4bd61a1e0e55fb,fcc7e8fa-3c58c60688337981,0.21727019498607242,0.25161290322580643
6825260d-04eb77dff584dca2,6e5ab1d2-bc727340fc4cd0a1,0.21717171717171718,0.22631578947368422
c972dd00-3be1313e6a770e4f,6e5ab1d2-bc727340fc4cd0a1,0.21717171717171718,0.22631578947368422
402aff07-8c62e4d7c47d8fe6,d8a171a3-52973750ccea2a7b,0.2169811320754717,0.38333333333333336
161b4a40-723dedeaf5bb09ba,2bd5c798-5ff10d93bc179532,0.2169657422512235,0.5588235294117647
4a5b029f-77d6cfd7735a6be5,680ba922-9fb7726de6c24db8,0.21693121693121692,0.5061728395061729
6e207cbf-6acc7ec6ec02998a,e19376ca-1f9d574f75eb6b65,0.21686746987951808,0.36486486486486486
35f0c004-d6a959c7b5839d79,6e5ab1d2-bc727340fc4cd0a1,0.21686746987951808,0.2857142857142857
1500a4fa-b7466e0d29f50a35,6825260d-04eb77dff584dca2,0.21660649819494585,0.3448275862068966
1500a4fa-b7466e0d29f50a35,c972dd00-3be1313e6a770e4f,0.21660649819494585,0.3448275862068966
701c3f35-743869fd736b45aa,29d865c3-71948521a7538f50,0.21649484536082475,0.3181818181818182
402aff07-8c62e4d7c47d8fe6,213340b3-c798b5b2c0b2a7ba,0.21645021645021645,0.4166666666666667
2bda1866-189af74f7272b63b,680ba922-9fb7726de6c24db8,0.21634615384615385,0.37815126050420167
e99c14b9-0573227cb70d0b1c,21c9b214-de07f5d5a23ce6c9,0.2159468438538206,0.4744525547445255
e19376ca-1f9d574f75eb6b65,13860c31-f887192f0735d843,0.2159383033419023,0.24
10584086-c5862013efd44277,7c11511f-8d7652ffbb512a2a,0.2158273381294964,0.47619047619047616
e4ab72e5-bdf6b33f5a21b53e,d5a20936-51261b34b0db6a70,0.2154566744730679,0.3194444444444444
1500a4fa-b7466e0d29f50a35,e185bce5-dada92339d1ef734,0.2153846153846154,0.40229885057471265
93ee4612-12c0129ef8a95ee7,fb05904c-7a4bd61a1e0e55fb,0.2152777777777778,0.23308270676691728
dc281165-ab24d5ebbc33700d,e90a198b-11e5c0eeddd9dc22,0.21509433962264152,0.35185185185185186
90dc2b20-f678ec07f19de618,da5cf40b-72617fd17b7c4445,0.21498371335504887,0.5196850393700787
4a5b029f-77d6cfd7735a6be5,93ee4612-12c0129ef8a95ee7,0.21495327102803738,0.2839506172839506
29d865c3-71948521a7538f50,93ee4612-12c0129ef8a95ee7,0.21455938697318008,0.21875
c1638a45-41a1a158437b9032,3dd65549-7dc96f81b451ca92,0.21406727828746178,0.5303030303030303
dc281165-ab24d5ebbc33700d,3afcc566-8843063e9854bade,0.2139917695473251,0.32098765432098764
4ea10951-cdc36968087348ec,085ddefc-c65fe933462cc383,0.21374045801526717,0.3620689655172414
8d6f1bf5-215e963db94e80d2,3afcc566-8843063e9854bade,0.21359223300970873,0.5
4a5b029f-77d6cfd7735a6be5,e185bce5-dada92339d1ef734,0.21316614420062696,0.41975308641975306
317baeaf-1586dc98b135dbb9,7c11511f-8d7652ffbb512a2a,0.21305841924398625,0.40789473684210525
f3d7ce08-72acd948d0db048a,2bd5c798-5ff10d93bc179532,0.21305841924398625,0.7045454545454546
8d6f1bf5-215e963db94e80d2,29d865c3-71948521a7538f50,0.21296296296296297,0.26136363636363635
e99c14b9-0573227cb70d0b1c,085ddefc-c65fe933462cc383,0.21256038647342995,0.32116788321167883
13860c31-f887192f0735d843,161b4a40-723dedeaf5bb09ba,0.21238938053097345,0.22429906542056074
f229aa7f-bc9e671ac87bfcf1,680ba922-9fb7726de6c24db8,0.21231422505307856,0.28735632183908044
402aff07-8c62e4d7c47d8fe6,2bda1866-189af74f7272b63b,0.2122905027932961,0.31666666666666665
76ad805a-d02caa76366ff091,6d55e68b-a529dbdb5e1371a5,0.2122905027932961,0.3064516129032258
2bda1866-189af74f7272b63b,5f0a176e-d1205060c3c48645,0.21227197346600332,0.5378151260504201
2bda1866-189af74f7272b63b,085ddefc-c65fe933462cc383,0.21212121212121213,0.35294117647058826
16857116-ecf4bcac220ccbe2,2bd5c798-5ff10d93bc179532,0.21196581196581196,0.6813186813186813
a8f7c8b7-3ce4db9563b46563,161b4a40-723dedeaf5bb09ba,0.2119205298013245,0.5
1500a4fa-b7466e0d29f50a35,7c11511f-8d7652ffbb512a2a,0.2119205298013245,0.367816091954023
d56bcb0c-1747741fe15848f8,10013f73-15ed2122f5c6cc1d,0.211864406779661,0.27472527472527475
d56bcb0c-1747741fe15848f8,646b3abc-456e5f573ee4421b,0.2118380062305296,0.37362637362637363
6d55e68b-a529dbdb5e1371a5,3dd65549-7dc96f81b451ca92,0.21164021164021163,0.3418803418803419
a8f7c8b7-3ce4db9563b46563,e4ab72e5-bdf6b33f5a21b53e,0.21153846153846154,0.34375
6e5ab1d2-bc727340fc4cd0a1,fc1771af-cca46b221ed7a539,0.21138211382113822,0.3786407766990291
16857116-ecf4bcac220ccbe2,6e5ab1d2-bc727340fc4cd0a1,0.211340206185567,0.22527472527472528
701c3f35-743869fd736b45aa,93ee4612-12c0129ef8a95ee7,0.21105527638190955,0.3181818181818182
402aff07-8c62e4d7c47d8fe6,870e16d9-e947cc0fa20a2070,0.2108843537414966,0.5166666666666667
6d55e68b-a529dbdb5e1371a5,870e16d9-e947cc0fa20a2070,0.21082621082621084,0.3162393162393162
10013f73-15ed2122f5c6cc1d,6e5ab1d2-bc727340fc4cd0a1,0.21082621082621084,0.25517241379310346
d56bcb0c-1747741fe15848f8,3dd65549-7dc96f81b451ca92,0.21022727272727273,0.4065934065934066
317baeaf-1586dc98b135dbb9,e185bce5-dada92339d1ef734,0.21019108280254778,0.4342105263157895
6e207cbf-6acc7ec6ec02998a,10013f73-15ed2122f5c6cc1d,0.2100456621004566,0.3108108108108108
fb05904c-7a4bd61a1e0e55fb,d5a20936-51261b34b0db6a70,0.2100456621004566,0.2967741935483871
26e699de-08d8a23d09bbb76f,ca8f11a4-89379d50990836a8,0.20994475138121546,0.2835820895522388
10584086-c5862013efd44277,d7a8434f-48a7cb547a6fc88c,0.20994475138121546,0.30158730158730157
10584086-c5862013efd44277,4e28b45e-48a7cb547a6fc88c,0.20994475138121546,0.30158730158730157
e99c14b9-0573227cb70d0b1c,6e5ab1d2-bc727340fc4cd0a1,0.2099125364431487,0.26277372262773724
8d6f1bf5-215e963db94e80d2,550335a3-153da188a69ae9b2,0.2097902097902098,0.5113636363636364
7c11511f-8d7652ffbb512a2a,49e94e7e-cff41fa307c47148,0.20949720670391062,0.3488372093023256
93ee4612-12c0129ef8a95ee7,e4ab72e5-bdf6b33f5a21b53e,0.20938628158844766,0.21804511278195488
646b3abc-456e5f573ee4421b,085ddefc-c65fe933462cc383,0.20907297830374755,0.23043478260869565
1500a4fa-b7466e0d29f50a35,dc281165-ab24d5ebbc33700d,0.20883534136546184,0.2988505747126437
646b3abc-456e5f573ee4421b,680ba922-9fb7726de6c24db8,0.20872865275142316,0.2391304347826087
d56bcb0c-1747741fe15848f8,d5a20936-51261b34b0db6a70,0.20855614973262032,0.42857142857142855
4a5b029f-77d6cfd7735a6be5,550335a3-153da188a69ae9b2,0.20853080568720378,0.5432098765432098
6e5ab1d2-bc727340fc4cd0a1,550335a3-153da188a69ae9b2,0.20840950639853748,0.2766990291262136
d7a8434f-48a7cb547a6fc88c,da5cf40b-72617fd17b7c4445,0.20826446280991737,0.5338983050847458
4e28b45e-48a7cb547a6fc88c,da5cf40b-72617fd17b7c4445,0.20826446280991737,0.5338983050847458
8d6f1bf5-215e963db94e80d2,085ddefc-c65fe933462cc383,0.20821917808219179,0.4318181818181818
35f0c004-d6a959c7b5839d79,680ba922-9fb7726de6c24db8,0.20803782505910165,0.3492063492063492
76ad805a-d02caa76366ff091,10584086-c5862013efd44277,0.208,0.20967741935483872
6e207cbf-6acc7ec6ec02998a,29d865c3-71948521a7538f50,0.2079207920792079,0.28378378378378377
d3528b2a-9a375cacd8688c7a,49e94e7e-cff41fa307c47148,0.2078272604588394,0.32083333333333336
77d22fc3-9a375cacd8688c7a,49e94e7e-cff41fa307c47148,0.2078272604588394,0.32083333333333336
317baeaf-1586dc98b135dbb9,fb05904c-7a4bd61a1e0e55fb,0.2077922077922078,0.3157894736842105
26e699de-08d8a23d09bbb76f,4ea10951-cdc36968087348ec,0.20765027322404372,0.2835820895522388
1410e423-c8360a5c153c4cfa,13860c31-f887192f0735d843,0.20761245674740483,0.4
6e207cbf-6acc7ec6ec02998a,550335a3-153da188a69ae9b2,0.20722891566265061,0.581081081081081
66e74577-1c00bee9e437cd92,3afcc566-8843063e9854bade,0.2072072072072072,0.38333333333333336
2eb89317-a35e7101ad930515,680ba922-9fb7726de6c24db8,0.2071563088512241,0.23504273504273504
1410e423-c8360a5c153c4cfa,870e16d9-e947cc0fa20a2070,0.20711974110032363,0.4266666666666667
aa4b840f-45e7bbf099cc70b7,6e5ab1d2-bc727340fc4cd0a1,0.20711974110032363,0.3106796116504854
1410e423-c8360a5c153c4cfa,550335a3-153da188a69ae9b2,0.20673076923076922,0.5733333333333334
10013f73-15ed2122f5c6cc1d,fb05904c-7a4bd61a1e0e55fb,0.20666666666666667,0.21379310344827587
8d6f1bf5-215e963db94e80d2,18d20d2e-e9964ad58df05cef,0.2066115702479339,0.2840909090909091
e17c5159-a1e6e7f28bb215c5,66e74577-1c00bee9e437cd92,0.20652173913043478,0.296875
93ee4612-12c0129ef8a95ee7,da5cf40b-72617fd17b7c4445,0.2064516129032258,0.48120300751879697
4ea10951-cdc36968087348ec,ee4b9467-3b5042ea7fb8fe97,0.20637898686679174,0.47413793103448276
2eb89317-a35e7101ad930515,fc1771af-cca46b221ed7a539,0.206266318537859,0.33760683760683763
13860c31-f887192f0735d843,ee4b9467-3b5042ea7fb8fe97,0.20602218700475436,0.3037383177570093
8d6f1bf5-215e963db94e80d2,ee4b9467-3b5042ea7fb8fe97,0.20594059405940593,0.5909090909090909
f3d7ce08-72acd948d0db048a,21c9b214-de07f5d5a23ce6c9,0.2059282371294852,0.375
1410e423-c8360a5c153c4cfa,3afcc566-8843063e9854bade,0.20551378446115287,0.5466666666666666
a6520606-1321f6117a133851,fc1771af-cca46b221ed7a539,0.20542082738944364,0.4260355029585799
6d7d5dd7-54aa7705838ae5a5,7c11511f-8d7652ffbb512a2a,0.2052980132450331,0.3563218390804598
1410e423-c8360a5c153c4cfa,66e74577-1c00bee9e437cd92,0.20512820512820512,0.26666666666666666
f3d7ce08-72acd948d0db048a,13860c31-f887192f0735d843,0.20512820512820512,0.22727272727272727
402aff07-8c62e4d7c47d8fe6,10013f73-15ed2122f5c6cc1d,0.2048780487804878,0.35
93ee4612-12c0129ef8a95ee7,161b4a40-723dedeaf5bb09ba,0.20485175202156333,0.2857142857142857
6d55e68b-a529dbdb5e1371a5,63a24497-74fe29dca7457057,0.20476190476190476,0.36752136752136755
402aff07-8c62e4d7c47d8fe6,fb05904c-7a4bd61a1e0e55fb,0.20465116279069767,0.36666666666666664
d4a3869e-418406bb1626654d,d5a20936-51261b34b0db6a70,0.20460358056265984,0.37037037037037035
16857116-ecf4bcac220ccbe2,8261bd1c-da4d765b85b655ba,0.20424403183023873,0.4230769230769231
ca8f11a4-89379d50990836a8,5f0a176e-d1205060c3c48645,0.2040133779264214,0.5350877192982456
4a5b029f-77d6cfd7735a6be5,f229aa7f-bc9e671ac87bfcf1,0.20392156862745098,0.32098765432098764
d4a3869e-418406bb1626654d,6e5ab1d2-bc727340fc4cd0a1,0.20382165605095542,0.2962962962962963
3368f340-dd3724dfe4aec2c1,efa38999-a342a08a07e44f59,0.2037037037037037,0.2682926829268293
402aff07-8c62e4d7c47d8fe6,7c11511f-8d7652ffbb512a2a,0.20363636363636364,0.4666666666666667
d7a8434f-48a7cb547a6fc88c,49e94e7e-cff41fa307c47148,0.2035541195476575,0.5338983050847458
4e28b45e-48a7cb547a6fc88c,49e94e7e-cff41fa307c47148,0.2035541195476575,0.5338983050847458
4ea10951-cdc36968087348ec,680ba922-9fb7726de6c24db8,0.2033898305084746,0.3620689655172414
90dc2b20-f678ec07f19de618,fc1771af-cca46b221ed7a539,0.20333839150227617,0.5275590551181102
402aff07-8c62e4d7c47d8fe6,90dc2b20-f678ec07f19de618,0.20320855614973263,0.31666666666666665
a8f7c8b7-3ce4db9563b46563,e17c5159-a1e6e7f28bb215c5,0.203125,0.203125
701c3f35-743869fd736b45aa,6825260d-04eb77dff584dca2,0.203125,0.3939393939393939
701c3f35-743869fd736b45aa,c972dd00-3be1313e6a770e4f,0.203125,0.3939393939393939
76ad805a-d02caa76366ff091,fcc7e8fa-3c58c60688337981,0.20300751879699247,0.43548387096774194
ca8f11a4-89379d50990836a8,da5cf40b-72617fd17b7c4445,0.20299500831946754,0.5350877192982456
6e207cbf-6acc7ec6ec02998a,93ee4612-12c0129ef8a95ee7,0.2028985507246377,0.28378378378378377
6e5ab1d2-bc727340fc4cd0a1,21c9b214-de07f5d5a23ce6c9,0.20268256333830104,0.3300970873786408
701c3f35-743869fd736b45aa,213340b3-c798b5b2c0b2a7ba,0.20253164556962025,0.36363636363636365
1410e423-c8360a5c153c4cfa,16857116-ecf4bcac220ccbe2,0.20233463035019456,0.3466666666666667
6e207cbf-6acc7ec6ec02998a,ca8f11a4-89379d50990836a8,0.20212765957446807,0.25675675675675674
4ea10951-cdc36968087348ec,213340b3-c798b5b2c0b2a7ba,0.20209059233449478,0.25
d7a8434f-48a7cb547a6fc88c,ee4b9467-3b5042ea7fb8fe97,0.20186915887850468,0.4576271186440678
4e28b45e-48a7cb547a6fc88c,ee4b9467-3b5042ea7fb8fe97,0.20186915887850468,0.4576271186440678
701c3f35-743869fd736b45aa,d8a171a3-52973750ccea2a7b,0.2018348623853211,0.3333333333333333
dc281165-ab24d5ebbc33700d,7c11511f-8d7652ffbb512a2a,0.20159151193633953,0.2345679012345679
6d7d5dd7-54aa7705838ae5a5,213340b3-c798b5b2c0b2a7ba,0.20155038759689922,0.2988505747126437
66e74577-1c00bee9e437cd92,680ba922-9fb7726de6c24db8,0.2014388489208633,0.35
402aff07-8c62e4d7c47d8fe6,161b4a40-723dedeaf5bb09ba,0.20134228187919462,0.5
1500a4fa-b7466e0d29f50a35,3dd65549-7dc96f81b451ca92,0.20114942528735633,0.40229885057471265
66e74577-1c00bee9e437cd92,ee4b9467-3b5042ea7fb8fe97,0.2011173184357542,0.45
f229aa7f-bc9e671ac87bfcf1,8261bd1c-da4d765b85b655ba,0.20107238605898123,0.43103448275862066
1410e423-c8360a5c153c4cfa,ca8f11a4-89379d50990836a8,0.20105820105820105,0.25333333333333335
e4ab72e5-bdf6b33f5a21b53e,870e16d9-e947cc0fa20a2070,0.20105820105820105,0.2638888888888889
26e699de-08d8a23d09bbb76f,d8a171a3-52973750ccea2a7b,0.2009132420091324,0.3283582089552239
fb05904c-7a4bd61a1e0e55fb,63a24497-74fe29dca7457057,0.20087336244541484,0.2967741935483871
1410e423-c8360a5c153c4cfa,2eb89317-a35e7101ad930515,0.20064724919093851,0.41333333333333333
d8a171a3-52973750ccea2a7b,680ba922-9fb7726de6c24db8,0.20044543429844097,0.29605263157894735
3368f340-dd3724dfe4aec2c1,e90a198b-11e5c0eeddd9dc22,0.2,0.5487804878048781
c1638a45-41a1a158437b9032,13860c31-f887192f0735d843,0.2,0.42424242424242425
c1638a45-41a1a158437b9032,870e16d9-e947cc0fa20a2070,0.2,0.45454545454545453
c1638a45-41a1a158437b9032,efa38999-a342a08a07e44f59,0.2,0.30303030303030304
e4ab72e5-bdf6b33f5a21b53e,f3d7ce08-72acd948d0db048a,0.2,0.2222222222222222
6d55e68b-a529dbdb5e1371a5,f229aa7f-bc9e671ac87bfcf1,0.19931271477663232,0.24786324786324787
8d6f1bf5-215e963db94e80d2,5f0a176e-d1205060c3c48645,0.1993006993006993,0.6477272727272727
13860c31-f887192f0735d843,e185bce5-dada92339d1ef734,0.19911504424778761,0.2102803738317757
1410e423-c8360a5c153c4cfa,085ddefc-c65fe933462cc383,0.19886363636363635,0.4666666666666667
213340b3-c798b5b2c0b2a7ba,21c9b214-de07f5d5a23ce6c9,0.19811320754716982,0.3684210526315789
f229aa7f-bc9e671ac87bfcf1,d3528b2a-9a375cacd8688c7a,0.19806763285024154,0.23563218390804597
f229aa7f-bc9e671ac87bfcf1,77d22fc3-9a375cacd8688c7a,0.19806763285024154,0.23563218390804597
f229aa7f-bc9e671ac87bfcf1,550335a3-153da188a69ae9b2,0.19805825242718447,0.29310344827586204
10584086-c5862013efd44277,550335a3-153da188a69ae9b2,0.19801980198019803,0.6349206349206349
7c11511f-8d7652ffbb512a2a,2bd5c798-5ff10d93bc179532,0.19783873649210307,0.5534883720930233
2bda1866-189af74f7272b63b,18d20d2e-e9964ad58df05cef,0.1978021978021978,0.226890756302521
26e699de-08d8a23d09bbb76f,085ddefc-c65fe933462cc383,0.19767441860465115,0.5074626865671642
6825260d-04eb77dff584dca2,7c11511f-8d7652ffbb512a2a,0.19753086419753085,0.21052631578947367
d7a8434f-48a7cb547a6fc88c,e90a198b-11e5c0eeddd9dc22,0.19753086419753085,0.4067796610169492
4e28b45e-48a7cb547a6fc88c,e90a198b-11e5c0eeddd9dc22,0.19753086419753085,0.4067796610169492
c972dd00-3be1313e6a770e4f,7c11511f-8d7652ffbb512a2a,0.19753086419753085,0.21052631578947367
e4ab72e5-bdf6b33f5a21b53e,5f0a176e-d1205060c3c48645,0.19745222929936307,0.4305555555555556
8d6f1bf5-215e963db94e80d2,6e5ab1d2-bc727340fc4cd0a1,0.19727891156462585,0.32954545454545453
35f0c004-d6a959c7b5839d79,550335a3-153da188a69ae9b2,0.19700214132762311,0.36507936507936506
e17c5159-a1e6e7f28bb215c5,6825260d-04eb77dff584dca2,0.1968503937007874,0.390625
e17c5159-a1e6e7f28bb215c5,c972dd00-3be1313e6a770e4f,0.1968503937007874,0.390625
7c11511f-8d7652ffbb512a2a,5cfa2861-380589c85cc00db5,0.19666048237476808,0.24651162790697675
ca8f11a4-89379d50990836a8,63a24497-74fe29dca7457057,0.19664268585131894,0.35964912280701755
6d7d5dd7-54aa7705838ae5a5,e99c14b9-0573227cb70d0b1c,0.19642857142857142,0.25287356321839083
a8f7c8b7-3ce4db9563b46563,5cfa2861-380589c85cc00db5,0.1958762886597938,0.59375
e4ab72e5-bdf6b33f5a21b53e,2eb89317-a35e7101ad930515,0.19576719576719576,0.2569444444444444
4a5b029f-77d6cfd7735a6be5,e19376ca-1f9d574f75eb6b65,0.1953125,0.30864197530864196
6825260d-04eb77dff584dca2,646b3abc-456e5f573ee4421b,0.19523809523809524,0.21578947368421053
c972dd00-3be1313e6a770e4f,646b3abc-456e5f573ee4421b,0.19523809523809524,0.21578947368421053
dc281165-ab24d5ebbc33700d,550335a3-153da188a69ae9b2,0.19483101391650098,0.30246913580246915
10584086-c5862013efd44277,680ba922-9fb7726de6c24db8,0.19444444444444445,0.5555555555555556
4ea10951-cdc36968087348ec,e90a198b-11e5c0eeddd9dc22,0.19421487603305784,0.4051724137931034
29d865c3-71948521a7538f50,49e94e7e-cff41fa307c47148,0.19395866454689983,0.4765625
d4a3869e-418406bb1626654d,49e94e7e-cff41fa307c47148,0.19376026272577998,0.5462962962962963
ca8f11a4-89379d50990836a8,6e5ab1d2-bc727340fc4cd0a1,0.19375,0.2719298245614035
4ea10951-cdc36968087348ec,fcc7e8fa-3c58c60688337981,0.19375,0.2672413793103448
6d55e68b-a529dbdb5e1371a5,2eb89317-a35e7101ad930515,0.19373219373219372,0.2905982905982906
76ad805a-d02caa76366ff091,550335a3-153da188a69ae9b2,0.1935483870967742,0.6290322580645161
6d7d5dd7-54aa7705838ae5a5,e90a198b-11e5c0eeddd9dc22,0.1934065934065934,0.5057471264367817
7c11511f-8d7652ffbb512a2a,d3528b2a-9a375cacd8688c7a,0.1934065934065934,0.20465116279069767
7c11511f-8d7652ffbb512a2a,77d22fc3-9a375cacd8688c7a,0.1934065934065934,0.20465116279069767
76ad805a-d02caa76366ff091,e185bce5-dada92339d1ef734,0.19333333333333333,0.46774193548387094
76ad805a-d02caa76366ff091,161b4a40-723dedeaf5bb09ba,0.19333333333333333,0.46774193548387094
6d7d5dd7-54aa7705838ae5a5,2eb89317-a35e7101ad930515,0.19314641744548286,0.3563218390804598
6d55e68b-a529dbdb5e1371a5,5f0a176e-d1205060c3c48645,0.1930116472545757,0.49572649572649574
29d865c3-71948521a7538f50,13860c31-f887192f0735d843,0.19298245614035087,0.2578125
4ea10951-cdc36968087348ec,93ee4612-12c0129ef8a95ee7,0.1927710843373494,0.20689655172413793
2bda1866-189af74f7272b63b,16857116-ecf4bcac220ccbe2,0.19269102990033224,0.24369747899159663
a8f7c8b7-3ce4db9563b46563,6e5ab1d2-bc727340fc4cd0a1,0.1925925925925926,0.40625
f3d7ce08-72acd948d0db048a,8261bd1c-da4d765b85b655ba,0.1925133689839572,0.4090909090909091
8d6f1bf5-215e963db94e80d2,13860c31-f887192f0735d843,0.19205298013245034,0.32954545454545453
1410e423-c8360a5c153c4cfa,e19376ca-1f9d574f75eb6b65,0.192,0.32
e17c5159-a1e6e7f28bb215c5,aa4b840f-45e7bbf099cc70b7,0.19161676646706588,0.25
4ea10951-cdc36968087348ec,10013f73-15ed2122f5c6cc1d,0.19157088122605365,0.21551724137931033
90dc2b20-f678ec07f19de618,fb05904c-7a4bd61a1e0e55fb,0.19148936170212766,0.2125984251968504
e4ab72e5-bdf6b33f5a21b53e,e90a198b-11e5c0eeddd9dc22,0.19140625,0.3402777777777778
a8f7c8b7-3ce4db9563b46563,10013f73-15ed2122f5c6cc1d,0.19138755980861244,0.3125
10584086-c5862013efd44277,3dd65549-7dc96f81b451ca92,0.19135802469135801,0.49206349206349204
76ad805a-d02caa76366ff091,6e207cbf-6acc7ec6ec02998a,0.19117647058823528,0.20967741935483872
fb05904c-7a4bd61a1e0e55fb,5f0a176e-d1205060c3c48645,0.19092331768388107,0.3935483870967742
4a5b029f-77d6cfd7735a6be5,2eb89317-a35e7101ad930515,0.19047619047619047,0.37037037037037035
1410e423-c8360a5c153c4cfa,3dd65549-7dc96f81b451ca92,0.19047619047619047,0.4266666666666667
fb05904c-7a4bd61a1e0e55fb,870e16d9-e947cc0fa20a2070,0.19023136246786632,0.23870967741935484
3368f340-dd3724dfe4aec2c1,870e16d9-e947cc0fa20a2070,0.189873417721519,0.36585365853658536
10584086-c5862013efd44277,90dc2b20-f678ec07f19de618,0.18947368421052632,0.2857142857142857
2bda1866-189af74f7272b63b,3dd65549-7dc96f81b451ca92,0.18947368421052632,0.3025210084033613
efa38999-a342a08a07e44f59,550335a3-153da188a69ae9b2,0.18947368421052632,0.3358208955223881
c1638a45-41a1a158437b9032,aa4b840f-45e7bbf099cc70b7,0.1893491124260355,0.24242424242424243
4ea10951-cdc36968087348ec,90dc2b20-f678ec07f19de618,0.18930041152263374,0.19827586206896552
efa38999-a342a08a07e44f59,7c11511f-8d7652ffbb512a2a,0.18911174785100288,0.2462686567164179
a8f7c8b7-3ce4db9563b46563,e99c14b9-0573227cb70d0b1c,0.1890547263681592,0.296875
6d55e68b-a529dbdb5e1371a5,6825260d-04eb77dff584dca2,0.18892508143322476,0.24786324786324787
6d55e68b-a529dbdb5e1371a5,c972dd00-3be1313e6a770e4f,0.18892508143322476,0.24786324786324787
e4ab72e5-bdf6b33f5a21b53e,6e5ab1d2-bc727340fc4cd0a1,0.18857142857142858,0.22916666666666666
d56bcb0c-1747741fe15848f8,161b4a40-723dedeaf5bb09ba,0.1884498480243161,0.34065934065934067
213340b3-c798b5b2c0b2a7ba,8261bd1c-da4d765b85b655ba,0.18842530282637954,0.4093567251461988
efa38999-a342a08a07e44f59,6e5ab1d2-bc727340fc4cd0a1,0.18823529411764706,0.23880597014925373
8d6f1bf5-215e963db94e80d2,ca8f11a4-89379d50990836a8,0.18811881188118812,0.2159090909090909
d56bcb0c-1747741fe15848f8,3afcc566-8843063e9854bade,0.18795180722891566,0.42857142857142855
e4ab72e5-bdf6b33f5a21b53e,18d20d2e-e9964ad58df05cef,0.18791946308724833,0.19444444444444445
d4a3869e-418406bb1626654d,680ba922-9fb7726de6c24db8,0.18765432098765433,0.35185185185185186
6d7d5dd7-54aa7705838ae5a5,680ba922-9fb7726de6c24db8,0.1875,0.41379310344827586
e4ab72e5-bdf6b33f5a21b53e,d3528b2a-9a375cacd8688c7a,0.1875,0.25
e4ab72e5-bdf6b33f5a21b53e,77d22fc3-9a375cacd8688c7a,0.1875,0.25
701c3f35-743869fd736b45aa,a6520606-1321f6117a133851,0.18723404255319148,0.3333333333333333
6e5ab1d2-bc727340fc4cd0a1,680ba922-9fb7726de6c24db8,0.18687872763419483,0.22815533980582525
4ea10951-cdc36968087348ec,5f0a176e-d1205060c3c48645,0.18666666666666668,0.4827586206896552
701c3f35-743869fd736b45aa,870e16d9-e947cc0fa20a2070,0.18666666666666668,0.42424242424242425
66e74577-1c00bee9e437cd92,550335a3-153da188a69ae9b2,0.18655097613882862,0.35833333333333334
4ea10951-cdc36968087348ec,f229aa7f-bc9e671ac87bfcf1,0.18620689655172415,0.23275862068965517
d7a8434f-48a7cb547a6fc88c,7c11511f-8d7652ffbb512a2a,0.18618618618618618,0.2627118644067797
4e28b45e-48a7cb547a6fc88c,7c11511f-8d7652ffbb512a2a,0.18618618618618618,0.2627118644067797
e99c14b9-0573227cb70d0b1c,8261bd1c-da4d765b85b655ba,0.1861777150916784,0.48175182481751827
76ad805a-d02caa76366ff091,21c9b214-de07f5d5a23ce6c9,0.1859582542694497,0.7903225806451613
6e207cbf-6acc7ec6ec02998a,e185bce5-dada92339d1ef734,0.1858974358974359,0.3918918918918919
10584086-c5862013efd44277,6e5ab1d2-bc727340fc4cd0a1,0.18587360594795538,0.3968253968253968
2bda1866-189af74f7272b63b,dc281165-ab24d5ebbc33700d,0.18505338078291814,0.2184873949579832
e99c14b9-0573227cb70d0b1c,fb05904c-7a4bd61a1e0e55fb,0.18493150684931506,0.19708029197080293
efa38999-a342a08a07e44f59,085ddefc-c65fe933462cc383,0.18491484184914841,0.2835820895522388
29d865c3-71948521a7538f50,fc1771af-cca46b221ed7a539,0.18484848484848485,0.4765625
7c11511f-8d7652ffbb512a2a,d5a20936-51261b34b0db6a70,0.18473895582329317,0.21395348837209302
1500a4fa-b7466e0d29f50a35,161b4a40-723dedeaf5bb09ba,0.18461538461538463,0.3448275862068966
ca8f11a4-89379d50990836a8,ee4b9467-3b5042ea7fb8fe97,0.18455743879472694,0.4298245614035088
e19376ca-1f9d574f75eb6b65,21c9b214-de07f5d5a23ce6c9,0.184375,0.33714285714285713
701c3f35-743869fd736b45aa,dc281165-ab24d5ebbc33700d,0.18421052631578946,0.3181818181818182
2bda1866-189af74f7272b63b,d5a20936-51261b34b0db6a70,0.18407960199004975,0.31092436974789917
4ea10951-cdc36968087348ec,efa38999-a342a08a07e44f59,0.184,0.19827586206896552
e4ab72e5-bdf6b33f5a21b53e,21c9b214-de07f5d5a23ce6c9,0.1839080459770115,0.3888888888888889
e4ab72e5-bdf6b33f5a21b53e,7c11511f-8d7652ffbb512a2a,0.18384401114206128,0.22916666666666666
d56bcb0c-1747741fe15848f8,13860c31-f887192f0735d843,0.18360655737704917,0.3076923076923077
66e74577-1c00bee9e437cd92,49e94e7e-cff41fa307c47148,0.18357487922705315,0.475
c1638a45-41a1a158437b9032,f229aa7f-bc9e671ac87bfcf1,0.18333333333333332,0.3333333333333333
f3d7ce08-72acd948d0db048a,6e5ab1d2-bc727340fc4cd0a1,0.18324607329842932,0.19886363636363635
d56bcb0c-1747741fe15848f8,16857116-ecf4bcac220ccbe2,0.18315018315018314,0.27472527472527475
7c11511f-8d7652ffbb512a2a,5f0a176e-d1205060c3c48645,0.18311874105865522,0.29767441860465116
26e699de-08d8a23d09bbb76f,3dd65549-7dc96f81b451ca92,0.18292682926829268,0.44776119402985076
2bda1866-189af74f7272b63b,ee4b9467-3b5042ea7fb8fe97,0.1828358208955224,0.4117647058823529
a8f7c8b7-3ce4db9563b46563,680ba922-9fb7726de6c24db8,0.18282548476454294,0.515625
26e699de-08d8a23d09bbb76f,2bda1866-189af74f7272b63b,0.1827956989247312,0.2537313432835821
fb05904c-7a4bd61a1e0e55fb,3dd65549-7dc96f81b451ca92,0.18269230769230768,0.24516129032258063
c1638a45-41a1a158437b9032,e19376ca-1f9d574f75eb6b65,0.1825726141078838,0.3333333333333333
8d6f1bf5-215e963db94e80d2,e19376ca-1f9d574f75eb6b65,0.18250950570342206,0.2727272727272727
d8a171a3-52973750ccea2a7b,2bd5c798-5ff10d93bc179532,0.1824561403508772,0.6842105263157895
35f0c004-d6a959c7b5839d79,fc1771af-cca46b221ed7a539,0.182370820668693,0.47619047619047616
1500a4fa-b7466e0d29f50a35,550335a3-153da188a69ae9b2,0.1822429906542056,0.4482758620689655
dc281165-ab24d5ebbc33700d,085ddefc-c65fe933462cc383,0.18223234624145787,0.24691358024691357
ca8f11a4-89379d50990836a8,d5a20936-51261b34b0db6a70,0.181360201511335,0.3157894736842105
10013f73-15ed2122f5c6cc1d,8261bd1c-da4d765b85b655ba,0.18131101813110181,0.4482758620689655
3368f340-dd3724dfe4aec2c1,161b4a40-723dedeaf5bb09ba,0.18125,0.35365853658536583
fcc7e8fa-3c58c60688337981,2bd5c798-5ff10d93bc179532,0.18120805369127516,0.5294117647058824
1410e423-c8360a5c153c4cfa,6825260d-04eb77dff584dca2,0.1811320754716981,0.32
1410e423-c8360a5c153c4cfa,c972dd00-3be1313e6a770e4f,0.1811320754716981,0.32
13860c31-f887192f0735d843,d5a20936-51261b34b0db6a70,0.18108651911468812,0.2102803738317757
efa38999-a342a08a07e44f59,680ba922-9fb7726de6c24db8,0.18097447795823665,0.291044776119403
a6520606-1321f6117a133851,8261bd1c-da4d765b85b655ba,0.18083670715249664,0.39644970414201186
18d20d2e-e9964ad58df05cef,fc1771af-cca46b221ed7a539,0.18075801749271136,0.4025974025974026
10584086-c5862013efd44277,aa4b840f-45e7bbf099cc70b7,0.18072289156626506,0.23809523809523808
e4ab72e5-bdf6b33f5a21b53e,fb05904c-7a4bd61a1e0e55fb,0.1806020066889632,0.1875
d4a3869e-418406bb1626654d,5cfa2861-380589c85cc00db5,0.18055555555555555,0.3611111111111111
f229aa7f-bc9e671ac87bfcf1,13860c31-f887192f0735d843,0.18041237113402062,0.20114942528735633
d56bcb0c-1747741fe15848f8,680ba922-9fb7726de6c24db8,0.18041237113402062,0.38461538461538464
4ea10951-cdc36968087348ec,3dd65549-7dc96f81b451ca92,0.18037135278514588,0.29310344827586204
c1638a45-41a1a158437b9032,10013f73-15ed2122f5c6cc1d,0.18009478672985782,0.2878787878787879
d4a3869e-418406bb1626654d,63a24497-74fe29dca7457057,0.18004866180048662,0.3425925925925926
29d865c3-71948521a7538f50,8261bd1c-da4d765b85b655ba,0.18,0.4921875
701c3f35-743869fd736b45aa,2eb89317-a35e7101ad930515,0.18,0.4090909090909091
a8f7c8b7-3ce4db9563b46563,63a24497-74fe29dca7457057,0.17983651226158037,0.515625
e99c14b9-0573227cb70d0b1c,680ba922-9fb7726de6c24db8,0.17972350230414746,0.2846715328467153
6e207cbf-6acc7ec6ec02998a,161b4a40-723dedeaf5bb09ba,0.1794871794871795,0.3783783783783784
10584086-c5862013efd44277,e185bce5-dada92339d1ef734,0.17940199335548174,0.42857142857142855
e17c5159-a1e6e7f28bb215c5,7c11511f-8d7652ffbb512a2a,0.17921146953405018,0.390625
1500a4fa-b7466e0d29f50a35,aa4b840f-45e7bbf099cc70b7,0.17894736842105263,0.19540229885057472
29d865c3-71948521a7538f50,680ba922-9fb7726de6c24db8,0.17882352941176471,0.296875
e17c5159-a1e6e7f28bb215c5,e185bce5-dada92339d1ef734,0.17880794701986755,0.421875
4ea10951-cdc36968087348ec,2bda1866-189af74f7272b63b,0.17872340425531916,0.1810344827586207
317baeaf-1586dc98b135dbb9,fcc7e8fa-3c58c60688337981,0.17857142857142858,0.32894736842105265
7c11511f-8d7652ffbb512a2a,2eb89317-a35e7101ad930515,0.17817371937639198,0.18604651162790697
7c11511f-8d7652ffbb512a2a,3afcc566-8843063e9854bade,0.17810760667903525,0.22325581395348837
701c3f35-743869fd736b45aa,ca8f11a4-89379d50990836a8,0.17777777777777778,0.24242424242424243
e4ab72e5-bdf6b33f5a21b53e,3dd65549-7dc96f81b451ca92,0.17777777777777778,0.25
8d6f1bf5-215e963db94e80d2,213340b3-c798b5b2c0b2a7ba,0.1776061776061776,0.26136363636363635
93ee4612-12c0129ef8a95ee7,fc1771af-cca46b221ed7a539,0.1774436090225564,0.44360902255639095
6d55e68b-a529dbdb5e1371a5,e90a198b-11e5c0eeddd9dc22,0.177319587628866,0.36752136752136755
10013f73-15ed2122f5c6cc1d,21c9b214-de07f5d5a23ce6c9,0.17704918032786884,0.3724137931034483
4a5b029f-77d6cfd7735a6be5,10013f73-15ed2122f5c6cc1d,0.17699115044247787,0.24691358024691357
317baeaf-1586dc98b135dbb9,680ba922-9fb7726de6c24db8,0.1769436997319035,0.4342105263157895
fb05904c-7a4bd61a1e0e55fb,49e94e7e-cff41fa307c47148,0.17682926829268292,0.3741935483870968
402aff07-8c62e4d7c47d8fe6,e4ab72e5-bdf6b33f5a21b53e,0.17647058823529413,0.3
26e699de-08d8a23d09bbb76f,213340b3-c798b5b2c0b2a7ba,0.17647058823529413,0.31343283582089554
c1638a45-41a1a158437b9032,680ba922-9fb7726de6c24db8,0.1763085399449036,0.48484848484848486
e4ab72e5-bdf6b33f5a21b53e,f229aa7f-bc9e671ac87bfcf1,0.1761006289308176,0.19444444444444445
2bda1866-189af74f7272b63b,5cfa2861-380589c85cc00db5,0.17607223476297967,0.3277310924369748
c1638a45-41a1a158437b9032,dc281165-ab24d5ebbc33700d,0.17543859649122806,0.30303030303030304
2bda1866-189af74f7272b63b,63a24497-74fe29dca7457057,0.17535545023696683,0.31092436974789917
1500a4fa-b7466e0d29f50a35,3afcc566-8843063e9854bade,0.17518248175182483,0.41379310344827586
aa4b840f-45e7bbf099cc70b7,680ba922-9fb7726de6c24db8,0.175,0.33980582524271846
c1638a45-41a1a158437b9032,085ddefc-c65fe933462cc383,0.1749271137026239,0.45454545454545453
e17c5159-a1e6e7f28bb215c5,2bda1866-189af74f7272b63b,0.17486338797814208,0.25
d7a8434f-48a7cb547a6fc88c,13860c31-f887192f0735d843,0.1746987951807229,0.2457627118644068
4e28b45e-48a7cb547a6fc88c,13860c31-f887192f0735d843,0.1746987951807229,0.2457627118644068
e4ab72e5-bdf6b33f5a21b53e,ee4b9467-3b5042ea7fb8fe97,0.1746880570409982,0.3402777777777778
76ad805a-d02caa76366ff091,6825260d-04eb77dff584dca2,0.1746031746031746,0.3548387096774194
76ad805a-d02caa76366ff091,c972dd00-3be1313e6a770e4f,0.1746031746031746,0.3548387096774194
ca8f11a4-89379d50990836a8,e90a198b-11e5c0eeddd9dc22,0.17427385892116182,0.3684210526315789
e19376ca-1f9d574f75eb6b65,8261bd1c-da4d765b85b655ba,0.17402945113788487,0.37142857142857144
d56bcb0c-1747741fe15848f8,5f0a176e-d1205060c3c48645,0.17391304347826086,0.5494505494505495
76ad805a-d02caa76366ff091,d5a20936-51261b34b0db6a70,0.17391304347826086,0.4838709677419355
6d55e68b-a529dbdb5e1371a5,16857116-ecf4bcac220ccbe2,0.17391304347826086,0.2222222222222222
d7a8434f-48a7cb547a6fc88c,680ba922-9fb7726de6c24db8,0.17349397590361446,0.3050847457627119
4e28b45e-48a7cb547a6fc88c,680ba922-9fb7726de6c24db8,0.17349397590361446,0.3050847457627119
3368f340-dd3724dfe4aec2c1,ca8f11a4-89379d50990836a8,0.17346938775510204,0.2073170731707317
c1638a45-41a1a158437b9032,63a24497-74fe29dca7457057,0.17344173441734417,0.48484848484848486
6d55e68b-a529dbdb5e1371a5,e99c14b9-0573227cb70d0b1c,0.1732283464566929,0.18803418803418803
10584086-c5862013efd44277,10013f73-15ed2122f5c6cc1d,0.17307692307692307,0.2857142857142857
e17c5159-a1e6e7f28bb215c5,550335a3-153da188a69ae9b2,0.1728395061728395,0.546875
26e699de-08d8a23d09bbb76f,870e16d9-e947cc0fa20a2070,0.17275747508305647,0.3880597014925373
1410e423-c8360a5c153c4cfa,10013f73-15ed2122f5c6cc1d,0.17272727272727273,0.25333333333333335
6e207cbf-6acc7ec6ec02998a,fcc7e8fa-3c58c60688337981,0.17266187050359713,0.32432432432432434
c1638a45-41a1a158437b9032,6825260d-04eb77dff584dca2,0.171875,0.3333333333333333
c1638a45-41a1a158437b9032,c972dd00-3be1313e6a770e4f,0.171875,0.3333333333333333
3368f340-dd3724dfe4aec2c1,21c9b214-de07f5d5a23ce6c9,0.17184643510054845,0.573170731707317
fb05904c-7a4bd61a1e0e55fb,213340b3-c798b5b2c0b2a7ba,0.17177914110429449,0.18064516129032257
6825260d-04eb77dff584dca2,fc1771af-cca46b221ed7a539,0.17174515235457063,0.3263157894736842
c972dd00-3be1313e6a770e4f,fc1771af-cca46b221ed7a539,0.17174515235457063,0.3263157894736842
3368f340-dd3724dfe4aec2c1,4ea10951-cdc36968087348ec,0.1717171717171717,0.2073170731707317
18d20d2e-e9964ad58df05cef,2bd5c798-5ff10d93bc179532,0.17162872154115585,0.6363636363636364
3368f340-dd3724dfe4aec2c1,29d865c3-71948521a7538f50,0.17142857142857143,0.21951219512195122
18d20d2e-e9964ad58df05cef,21c9b214-de07f5d5a23ce6c9,0.17124394184168013,0.34415584415584416
6e5ab1d2-bc727340fc4cd0a1,161b4a40-723dedeaf5bb09ba,0.17117117117117117,0.18446601941747573
d4a3869e-418406bb1626654d,ca8f11a4-89379d50990836a8,0.17117117117117117,0.17592592592592593
13860c31-f887192f0735d843,3afcc566-8843063e9854bade,0.17100371747211895,0.21495327102803738
ca8f11a4-89379d50990836a8,fb05904c-7a4bd61a1e0e55fb,0.17100371747211895,0.20175438596491227
d3528b2a-9a375cacd8688c7a,fc1771af-cca46b221ed7a539,0.17098445595854922,0.275
77d22fc3-9a375cacd8688c7a,fc1771af-cca46b221ed7a539,0.17098445595854922,0.275
d56bcb0c-1747741fe15848f8,66e74577-1c00bee9e437cd92,0.17061611374407584,0.1978021978021978
26e699de-08d8a23d09bbb76f,e4ab72e5-bdf6b33f5a21b53e,0.17061611374407584,0.26865671641791045
35f0c004-d6a959c7b5839d79,13860c31-f887192f0735d843,0.17058823529411765,0.23015873015873015
10584086-c5862013efd44277,085ddefc-c65fe933462cc383,0.17058823529411765,0.4603174603174603
1410e423-c8360a5c153c4cfa,646b3abc-456e5f573ee4421b,0.17049180327868851,0.3466666666666667
6d7d5dd7-54aa7705838ae5a5,5cfa2861-380589c85cc00db5,0.170316301703163,0.40229885057471265
ca8f11a4-89379d50990836a8,fc1771af-cca46b221ed7a539,0.17027863777089783,0.4824561403508772
26e699de-08d8a23d09bbb76f,e90a198b-11e5c0eeddd9dc22,0.17011494252873563,0.5522388059701493
dc281165-ab24d5ebbc33700d,fc1771af-cca46b221ed7a539,0.17002881844380405,0.36419753086419754
10584086-c5862013efd44277,e99c14b9-0573227cb70d0b1c,0.17,0.2698412698412698
4ea10951-cdc36968087348ec,fc1771af-cca46b221ed7a539,0.1697530864197531,0.47413793103448276
6e207cbf-6acc7ec6ec02998a,f229aa7f-bc9e671ac87bfcf1,0.1693548387096774,0.28378378378378377
701c3f35-743869fd736b45aa,16857116-ecf4bcac220ccbe2,0.1693548387096774,0.3181818181818182
4a5b029f-77d6cfd7735a6be5,161b4a40-723dedeaf5bb09ba,0.16927899686520376,0.3333333333333333
701c3f35-743869fd736b45aa,6e5ab1d2-bc727340fc4cd0a1,0.16911764705882354,0.3484848484848485
3368f340-dd3724dfe4aec2c1,3dd65549-7dc96f81b451ca92,0.16909620991253643,0.35365853658536583
6d55e68b-a529dbdb5e1371a5,161b4a40-723dedeaf5bb09ba,0.16901408450704225,0.2564102564102564
d56bcb0c-1747741fe15848f8,efa38999-a342a08a07e44f59,0.1688888888888889,0.2087912087912088
90dc2b20-f678ec07f19de618,8261bd1c-da4d765b85b655ba,0.1688125894134478,0.4645669291338583
6d55e68b-a529dbdb5e1371a5,e4ab72e5-bdf6b33f5a21b53e,0.1685823754789272,0.18803418803418803
aa4b840f-45e7bbf099cc70b7,085ddefc-c65fe933462cc383,0.16842105263157894,0.3106796116504854
90dc2b20-f678ec07f19de618,6e5ab1d2-bc727340fc4cd0a1,0.16816816816816818,0.2204724409448819
a8f7c8b7-3ce4db9563b46563,dc281165-ab24d5ebbc33700d,0.168141592920354,0.296875
e17c5159-a1e6e7f28bb215c5,26e699de-08d8a23d09bbb76f,0.16793893129770993,0.171875
402aff07-8c62e4d7c47d8fe6,e185bce5-dada92339d1ef734,0.16778523489932887,0.4166666666666667
e17c5159-a1e6e7f28bb215c5,870e16d9-e947cc0fa20a2070,0.16778523489932887,0.390625
fb05904c-7a4bd61a1e0e55fb,21c9b214-de07f5d5a23ce6c9,0.16774193548387098,0.33548387096774196
e4ab72e5-bdf6b33f5a21b53e,e185bce5-dada92339d1ef734,0.16753926701570682,0.2222222222222222
e4ab72e5-bdf6b33f5a21b53e,161b4a40-723dedeaf5bb09ba,0.16753926701570682,0.2222222222222222
93ee4612-12c0129ef8a95ee7,680ba922-9fb7726de6c24db8,0.16744186046511628,0.2706766917293233
6e5ab1d2-bc727340fc4cd0a1,da5cf40b-72617fd17b7c4445,0.1673881673881674,0.2815533980582524
1500a4fa-b7466e0d29f50a35,d8a171a3-52973750ccea2a7b,0.16736401673640167,0.22988505747126436
1410e423-c8360a5c153c4cfa,f3d7ce08-72acd948d0db048a,0.16733067729083664,0.28
2bda1866-189af74f7272b63b,3afcc566-8843063e9854bade,0.1670428893905192,0.31092436974789917
a8f7c8b7-3ce4db9563b46563,e90a198b-11e5c0eeddd9dc22,0.16666666666666666,0.5625
a8f7c8b7-3ce4db9563b46563,29d865c3-71948521a7538f50,0.16666666666666666,0.25
8d6f1bf5-215e963db94e80d2,d8a171a3-52973750ccea2a7b,0.16666666666666666,0.22727272727272727
d4a3869e-418406bb1626654d,d3528b2a-9a375cacd8688c7a,0.16666666666666666,0.26851851851851855
c1638a45-41a1a158437b9032,ca8f11a4-89379d50990836a8,0.16666666666666666,0.22727272727272727
d4a3869e-418406bb1626654d,77d22fc3-9a375cacd8688c7a,0.16666666666666666,0.26851851851851855
c1638a45-41a1a158437b9032,2eb89317-a35e7101ad930515,0.16666666666666666,0.3787878787878788
76ad805a-d02caa76366ff091,18d20d2e-e9964ad58df05cef,0.16666666666666666,0.2903225806451613
10584086-c5862013efd44277,6d55e68b-a529dbdb5e1371a5,0.16666666666666666,0.23809523809523808
e4ab72e5-bdf6b33f5a21b53e,085ddefc-c65fe933462cc383,0.166270783847981,0.24305555555555555
fb05904c-7a4bd61a1e0e55fb,16857116-ecf4bcac220ccbe2,0.1661721068249258,0.18064516129032257
e17c5159-a1e6e7f28bb215c5,3dd65549-7dc96f81b451ca92,0.16615384615384615,0.421875
3368f340-dd3724dfe4aec2c1,5f0a176e-d1205060c3c48645,0.16607773851590105,0.573170731707317
4ea10951-cdc36968087348ec,e99c14b9-0573227cb70d0b1c,0.16600790513833993,0.1810344827586207
dc281165-ab24d5ebbc33700d,680ba922-9fb7726de6c24db8,0.1655773420479303,0.2345679012345679
a8f7c8b7-3ce4db9563b46563,13860c31-f887192f0735d843,0.16546762589928057,0.359375
6825260d-04eb77dff584dca2,8261bd1c-da4d765b85b655ba,0.16535433070866143,0.33157894736842103
c972dd00-3be1313e6a770e4f,8261bd1c-da4d765b85b655ba,0.16535433070866143,0.33157894736842103
c1638a45-41a1a158437b9032,f3d7ce08-72acd948d0db048a,0.1652892561983471,0.30303030303030304
18d20d2e-e9964ad58df05cef,8261bd1c-da4d765b85b655ba,0.1652892561983471,0.38961038961038963
6e207cbf-6acc7ec6ec02998a,085ddefc-c65fe933462cc383,0.16524216524216523,0.3918918918918919
4a5b029f-77d6cfd7735a6be5,e90a198b-11e5c0eeddd9dc22,0.16481069042316257,0.4567901234567901
6d7d5dd7-54aa7705838ae5a5,5f0a176e-d1205060c3c48645,0.1646234676007005,0.5402298850574713
402aff07-8c62e4d7c47d8fe6,550335a3-153da188a69ae9b2,0.16458852867830423,0.55
8d6f1bf5-215e963db94e80d2,fc1771af-cca46b221ed7a539,0.16451612903225807,0.5795454545454546
3368f340-dd3724dfe4aec2c1,e99c14b9-0573227cb70d0b1c,0.1643835616438356,0.21951219512195122
3368f340-dd3724dfe4aec2c1,ee4b9467-3b5042ea7fb8fe97,0.16432865731462926,0.5
680ba922-9fb7726de6c24db8,3afcc566-8843063e9854bade,0.1642512077294686,0.1717171717171717
26e699de-08d8a23d09bbb76f,161b4a40-723dedeaf5bb09ba,0.16393442622950818,0.373134328358209
3368f340-dd3724dfe4aec2c1,dc281165-ab24d5ebbc33700d,0.16393442622950818,0.24390243902439024
213340b3-c798b5b2c0b2a7ba,2bd5c798-5ff10d93bc179532,0.16393442622950818,0.5555555555555556
76ad805a-d02caa76366ff091,16857116-ecf4bcac220ccbe2,0.16393442622950818,0.3225806451612903
4ea10951-cdc36968087348ec,161b4a40-723dedeaf5bb09ba,0.1638418079096045,0.25
6d7d5dd7-54aa7705838ae5a5,6e5ab1d2-bc727340fc4cd0a1,0.16382252559726962,0.27586206896551724
10584086-c5862013efd44277,a6520606-1321f6117a133851,0.16379310344827586,0.30158730158730157
317baeaf-1586dc98b135dbb9,6e5ab1d2-bc727340fc4cd0a1,0.16312056737588654,0.3026315789473684
4a5b029f-77d6cfd7735a6be5,5f0a176e-d1205060c3c48645,0.16283185840707964,0.5679012345679012
76ad805a-d02caa76366ff091,e90a198b-11e5c0eeddd9dc22,0.16279069767441862,0.5645161290322581
2bda1866-189af74f7272b63b,f3d7ce08-72acd948d0db048a,0.16271186440677965,0.20168067226890757
3368f340-dd3724dfe4aec2c1,90dc2b20-f678ec07f19de618,0.16267942583732056,0.2073170731707317
1500a4fa-b7466e0d29f50a35,e90a198b-11e5c0eeddd9dc22,0.16263736263736264,0.42528735632183906
d4a3869e-418406bb1626654d,3dd65549-7dc96f81b451ca92,0.16260162601626016,0.2777777777777778
10584086-c5862013efd44277,213340b3-c798b5b2c0b2a7ba,0.1623931623931624,0.30158730158730157
26e699de-08d8a23d09bbb76f,fcc7e8fa-3c58c60688337981,0.16236162361623616,0.3283582089552239
a8f7c8b7-3ce4db9563b46563,ee4b9467-3b5042ea7fb8fe97,0.16216216216216217,0.609375
c1638a45-41a1a158437b9032,646b3abc-456e5f573ee4421b,0.16216216216216217,0.36363636363636365
402aff07-8c62e4d7c47d8fe6,dc281165-ab24d5ebbc33700d,0.16216216216216217,0.3
76ad805a-d02caa76366ff091,870e16d9-e947cc0fa20a2070,0.16216216216216217,0.3870967741935484
e4ab72e5-bdf6b33f5a21b53e,13860c31-f887192f0735d843,0.16201117318435754,0.2013888888888889
8d6f1bf5-215e963db94e80d2,d5a20936-51261b34b0db6a70,0.16172506738544473,0.3409090909090909
93ee4612-12c0129ef8a95ee7,8261bd1c-da4d765b85b655ba,0.16170212765957448,0.42857142857142855
e19376ca-1f9d574f75eb6b65,2bd5c798-5ff10d93bc179532,0.16165090283748926,0.5371428571428571
e17c5159-a1e6e7f28bb215c5,efa38999-a342a08a07e44f59,0.16161616161616163,0.25
6d55e68b-a529dbdb5e1371a5,550335a3-153da188a69ae9b2,0.1615720524017467,0.3162393162393162
d4a3869e-418406bb1626654d,13860c31-f887192f0735d843,0.16149068322981366,0.24074074074074073
aa4b840f-45e7bbf099cc70b7,e90a198b-11e5c0eeddd9dc22,0.1613588110403397,0.36893203883495146
1500a4fa-b7466e0d29f50a35,5f0a176e-d1205060c3c48645,0.16112084063047286,0.5287356321839081
efa38999-a342a08a07e44f59,13860c31-f887192f0735d843,0.16091954022988506,0.208955223880597
93ee4612-12c0129ef8a95ee7,21c9b214-de07f5d5a23ce6c9,0.1605351170568562,0.3609022556390977
2eb89317-a35e7101ad930515,2bd5c798-5ff10d93bc179532,0.16039279869067102,0.4188034188034188
c1638a45-41a1a158437b9032,213340b3-c798b5b2c0b2a7ba,0.16033755274261605,0.2878787878787879
fb05904c-7a4bd61a1e0e55fb,fc1771af-cca46b221ed7a539,0.16011644832605532,0.3548387096774194
a8f7c8b7-3ce4db9563b46563,3dd65549-7dc96f81b451ca92,0.16,0.40625
317baeaf-1586dc98b135dbb9,f229aa7f-bc9e671ac87bfcf1,0.16,0.2631578947368421
701c3f35-743869fd736b45aa,5f0a176e-d1205060c3c48645,0.16,0.6666666666666666
10584086-c5862013efd44277,dc281165-ab24d5ebbc33700d,0.16,0.2857142857142857
a8f7c8b7-3ce4db9563b46563,3afcc566-8843063e9854bade,0.15979381443298968,0.484375
8d6f1bf5-215e963db94e80d2,161b4a40-723dedeaf5bb09ba,0.15950920245398773,0.29545454545454547
6d7d5dd7-54aa7705838ae5a5,13860c31-f887192f0735d843,0.15946843853820597,0.27586206896551724
d4a3869e-418406bb1626654d,fc1771af-cca46b221ed7a539,0.159375,0.4722222222222222
6e207cbf-6acc7ec6ec02998a,7c11511f-8d7652ffbb512a2a,0.15916955017301038,0.3108108108108108
efa38999-a342a08a07e44f59,fb05904c-7a4bd61a1e0e55fb,0.15916955017301038,0.17164179104477612
76ad805a-d02caa76366ff091,ca8f11a4-89379d50990836a8,0.1590909090909091,0.22580645161290322
402aff07-8c62e4d7c47d8fe6,fcc7e8fa-3c58c60688337981,0.1590909090909091,0.35
701c3f35-743869fd736b45aa,3afcc566-8843063e9854bade,0.15897435897435896,0.4696969696969697
76ad805a-d02caa76366ff091,d8a171a3-52973750ccea2a7b,0.1588785046728972,0.27419354838709675
e4ab72e5-bdf6b33f5a21b53e,680ba922-9fb7726de6c24db8,0.15873015873015872,0.24305555555555555
76ad805a-d02caa76366ff091,e17c5159-a1e6e7f28bb215c5,0.15873015873015872,0.16129032258064516
6e5ab1d2-bc727340fc4cd0a1,3afcc566-8843063e9854bade,0.15849056603773584,0.20388349514563106
13860c31-f887192f0735d843,2bd5c798-5ff10d93bc179532,0.15806988352745424,0.4439252336448598
aa4b840f-45e7bbf099cc70b7,ee4b9467-3b5042ea7fb8fe97,0.1576923076923077,0.39805825242718446
76ad805a-d02caa76366ff091,aa4b840f-45e7bbf099cc70b7,0.15757575757575756,0.20967741935483872
d56bcb0c-1747741fe15848f8,f3d7ce08-72acd948d0db048a,0.15730337078651685,0.23076923076923078
10584086-c5862013efd44277,fcc7e8fa-3c58c60688337981,0.15730337078651685,0.3333333333333333
2bda1866-189af74f7272b63b,161b4a40-723dedeaf5bb09ba,0.1568627450980392,0.23529411764705882
d56bcb0c-1747741fe15848f8,8261bd1c-da4d765b85b655ba,0.1568627450980392,0.5714285714285714
2bda1866-189af74f7272b63b,fc1771af-cca46b221ed7a539,0.15668202764976957,0.42857142857142855
d3528b2a-9a375cacd8688c7a,680ba922-9fb7726de6c24db8,0.1564245810055866,0.175
77d22fc3-9a375cacd8688c7a,680ba922-9fb7726de6c24db8,0.1564245810055866,0.175
13860c31-f887192f0735d843,2eb89317-a35e7101ad930515,0.15625,0.16355140186915887
1410e423-c8360a5c153c4cfa,680ba922-9fb7726de6c24db8,0.15591397849462366,0.38666666666666666
6e207cbf-6acc7ec6ec02998a,2eb89317-a35e7101ad930515,0.15584415584415584,0.32432432432432434
ca8f11a4-89379d50990836a8,6d55e68b-a529dbdb5e1371a5,0.15584415584415584,0.15789473684210525
6d55e68b-a529dbdb5e1371a5,90dc2b20-f678ec07f19de618,0.1557377049180328,0.1623931623931624
a8f7c8b7-3ce4db9563b46563,aa4b840f-45e7bbf099cc70b7,0.15568862275449102,0.203125
6d55e68b-a529dbdb5e1371a5,646b3abc-456e5f573ee4421b,0.15561959654178675,0.23076923076923078
76ad805a-d02caa76366ff091,3afcc566-8843063e9854bade,0.15544041450777202,0.4838709677419355
1410e423-c8360a5c153c4cfa,5cfa2861-380589c85cc00db5,0.15538847117794485,0.41333333333333333
10013f73-15ed2122f5c6cc1d,2bd5c798-5ff10d93bc179532,0.1553398058252427,0.6068965517241379
e4ab72e5-bdf6b33f5a21b53e,fcc7e8fa-3c58c60688337981,0.15517241379310345,0.1875
402aff07-8c62e4d7c47d8fe6,ee4b9467-3b5042ea7fb8fe97,0.15513626834381553,0.6166666666666667
10584086-c5862013efd44277,2eb89317-a35e7101ad930515,0.15488215488215487,0.36507936507936506
66e74577-1c00bee9e437cd92,da5cf40b-72617fd17b7c4445,0.15485996705107083,0.39166666666666666
2bda1866-189af74f7272b63b,49e94e7e-cff41fa307c47148,0.15483870967741936,0.40336134453781514
2bda1866-189af74f7272b63b,646b3abc-456e5f573ee4421b,0.15472779369627507,0.226890756302521
6e5ab1d2-bc727340fc4cd0a1,870e16d9-e947cc0fa20a2070,0.15454545454545454,0.1650485436893204
e17c5159-a1e6e7f28bb215c5,a6520606-1321f6117a133851,0.15450643776824036,0.28125
1410e423-c8360a5c153c4cfa,213340b3-c798b5b2c0b2a7ba,0.15447154471544716,0.25333333333333335
4ea10951-cdc36968087348ec,2eb89317-a35e7101ad930515,0.15428571428571428,0.23275862068965517
402aff07-8c62e4d7c47d8fe6,e90a198b-11e5c0eeddd9dc22,0.1542056074766355,0.55
76ad805a-d02caa76366ff091,5f0a176e-d1205060c3c48645,0.15384615384615385,0.6774193548387096
d4a3869e-418406bb1626654d,646b3abc-456e5f573ee4421b,0.15384615384615385,0.24074074074074073
76ad805a-d02caa76366ff091,66e74577-1c00bee9e437cd92,0.15384615384615385,0.22580645161290322
26e699de-08d8a23d09bbb76f,29d865c3-71948521a7538f50,0.15384615384615385,0.22388059701492538
701c3f35-743869fd736b45aa,aa4b840f-45e7bbf099cc70b7,0.15384615384615385,0.19696969696969696
d7a8434f-48a7cb547a6fc88c,8261bd1c-da4d765b85b655ba,0.1536231884057971,0.4491525423728814
4e28b45e-48a7cb547a6fc88c,8261bd1c-da4d765b85b655ba,0.1536231884057971,0.4491525423728814
4a5b029f-77d6cfd7735a6be5,6e5ab1d2-bc727340fc4cd0a1,0.15331010452961671,0.2716049382716049
26e699de-08d8a23d09bbb76f,2eb89317-a35e7101ad930515,0.15282392026578073,0.34328358208955223
6825260d-04eb77dff584dca2,2bd5c798-5ff10d93bc179532,0.15280135823429541,0.47368421052631576
c972dd00-3be1313e6a770e4f,2bd5c798-5ff10d93bc179532,0.15280135823429541,0.47368421052631576
e17c5159-a1e6e7f28bb215c5,085ddefc-c65fe933462cc383,0.15249266862170088,0.40625
402aff07-8c62e4d7c47d8fe6,e99c14b9-0573227cb70d0b1c,0.15228426395939088,0.25
e17c5159-a1e6e7f28bb215c5,93ee4612-12c0129ef8a95ee7,0.15228426395939088,0.234375
26e699de-08d8a23d09bbb76f,550335a3-153da188a69ae9b2,0.15196078431372548,0.4626865671641791
317baeaf-1586dc98b135dbb9,d3528b2a-9a375cacd8688c7a,0.1518987341772152,0.3157894736842105
317baeaf-1586dc98b135dbb9,77d22fc3-9a375cacd8688c7a,0.1518987341772152,0.3157894736842105
fb05904c-7a4bd61a1e0e55fb,d3528b2a-9a375cacd8688c7a,0.1518987341772152,0.1935483870967742
fb05904c-7a4bd61a1e0e55fb,77d22fc3-9a375cacd8688c7a,0.1518987341772152,0.1935483870967742
8d6f1bf5-215e963db94e80d2,f3d7ce08-72acd948d0db048a,0.15151515151515152,0.22727272727272727
d3528b2a-9a375cacd8688c7a,2bd5c798-5ff10d93bc179532,0.15146579804560262,0.3875
77d22fc3-9a375cacd8688c7a,2bd5c798-5ff10d93bc179532,0.15146579804560262,0.3875
e17c5159-a1e6e7f28bb215c5,d4a3869e-418406bb1626654d,0.1511627906976744,0.203125
1500a4fa-b7466e0d29f50a35,5cfa2861-380589c85cc00db5,0.15085158150851583,0.3563218390804598
1410e423-c8360a5c153c4cfa,d5a20936-51261b34b0db6a70,0.15083798882681565,0.36
6d7d5dd7-54aa7705838ae5a5,ee4b9467-3b5042ea7fb8fe97,0.15079365079365079,0.4367816091954023
6d55e68b-a529dbdb5e1371a5,dc281165-ab24d5ebbc33700d,0.15053763440860216,0.1794871794871795
701c3f35-743869fd736b45aa,26e699de-08d8a23d09bbb76f,0.15037593984962405,0.15151515151515152
66e74577-1c00bee9e437cd92,fc1771af-cca46b221ed7a539,0.15030674846625766,0.4083333333333333
2bda1866-189af74f7272b63b,f229aa7f-bc9e671ac87bfcf1,0.15017064846416384,0.18487394957983194
317baeaf-1586dc98b135dbb9,5f0a176e-d1205060c3c48645,0.15,0.5526315789473685
701c3f35-743869fd736b45aa,13860c31-f887192f0735d843,0.15,0.3181818181818182
a8f7c8b7-3ce4db9563b46563,d5a20936-51261b34b0db6a70,0.14985590778097982,0.40625
d8a171a3-52973750ccea2a7b,fb05904c-7a4bd61a1e0e55fb,0.1498371335504886,0.1513157894736842
13860c31-f887192f0735d843,d3528b2a-9a375cacd8688c7a,0.14977973568281938,0.1588785046728972
13860c31-f887192f0735d843,77d22fc3-9a375cacd8688c7a,0.14977973568281938,0.1588785046728972
3368f340-dd3724dfe4aec2c1,10013f73-15ed2122f5c6cc1d,0.14977973568281938,0.2073170731707317
a8f7c8b7-3ce4db9563b46563,5f0a176e-d1205060c3c48645,0.14963503649635038,0.640625
4a5b029f-77d6cfd7735a6be5,d3528b2a-9a375cacd8688c7a,0.14953271028037382,0.2962962962962963
4a5b029f-77d6cfd7735a6be5,77d22fc3-9a375cacd8688c7a,0.14953271028037382,0.2962962962962963
6d7d5dd7-54aa7705838ae5a5,3dd65549-7dc96f81b451ca92,0.14942528735632185,0.2988505747126437
6e207cbf-6acc7ec6ec02998a,e90a198b-11e5c0eeddd9dc22,0.1493212669683258,0.44594594594594594
c1638a45-41a1a158437b9032,d5a20936-51261b34b0db6a70,0.1489971346704871,0.3939393939393939
701c3f35-743869fd736b45aa,d5a20936-51261b34b0db6a70,0.1489971346704871,0.3939393939393939
1410e423-c8360a5c153c4cfa,e90a198b-11e5c0eeddd9dc22,0.1489841986455982,0.44
6d55e68b-a529dbdb5e1371a5,49e94e7e-cff41fa307c47148,0.1488673139158576,0.39316239316239315
701c3f35-743869fd736b45aa,680ba922-9fb7726de6c24db8,0.1487603305785124,0.4090909090909091
c1638a45-41a1a158437b9032,5cfa2861-380589c85cc00db5,0.14871794871794872,0.4393939393939394
6e5ab1d2-bc727340fc4cd0a1,e185bce5-dada92339d1ef734,0.14864864864864866,0.16019417475728157
3368f340-dd3724dfe4aec2c1,13860c31-f887192f0735d843,0.14864864864864866,0.2682926829268293
4a5b029f-77d6cfd7735a6be5,ee4b9467-3b5042ea7fb8fe97,0.14859437751004015,0.4567901234567901
317baeaf-1586dc98b135dbb9,2eb89317-a35e7101ad930515,0.14838709677419354,0.3026315789473684
1410e423-c8360a5c153c4cfa,63a24497-74fe29dca7457057,0.14814814814814814,0.37333333333333335
8d6f1bf5-215e963db94e80d2,16857116-ecf4bcac220ccbe2,0.14814814814814814,0.22727272727272727
d4a3869e-418406bb1626654d,dc281165-ab24d5ebbc33700d,0.14814814814814814,0.18518518518518517
4ea10951-cdc36968087348ec,63a24497-74fe29dca7457057,0.14797136038186157,0.2672413793103448
d4a3869e-418406bb1626654d,da5cf40b-72617fd17b7c4445,0.14789915966386555,0.4074074074074074
3368f340-dd3724dfe4aec2c1,680ba922-9fb7726de6c24db8,0.14775725593667546,0.34146341463414637
a8f7c8b7-3ce4db9563b46563,21c9b214-de07f5d5a23ce6c9,0.14744801512287334,0.609375
6e5ab1d2-bc727340fc4cd0a1,2bd5c798-5ff10d93bc179532,0.1474036850921273,0.42718446601941745
4a5b029f-77d6cfd7735a6be5,fcc7e8fa-3c58c60688337981,0.14736842105263157,0.25925925925925924
dc281165-ab24d5ebbc33700d,8261bd1c-da4d765b85b655ba,0.14713896457765668,0.3333333333333333
e4ab72e5-bdf6b33f5a21b53e,a6520606-1321f6117a133851,0.14696485623003194,0.1597222222222222
6e207cbf-6acc7ec6ec02998a,213340b3-c798b5b2c0b2a7ba,0.1469387755102041,0.24324324324324326
3368f340-dd3724dfe4aec2c1,550335a3-153da188a69ae9b2,0.14657210401891252,0.3780487804878049
6825260d-04eb77dff584dca2,21c9b214-de07f5d5a23ce6c9,0.1465648854961832,0.25263157894736843
c972dd00-3be1313e6a770e4f,21c9b214-de07f5d5a23ce6c9,0.1465648854961832,0.25263157894736843
26e699de-08d8a23d09bbb76f,6e5ab1d2-bc727340fc4cd0a1,0.14652014652014653,0.29850746268656714
1410e423-c8360a5c153c4cfa,ee4b9467-3b5042ea7fb8fe97,0.14634146341463414,0.48
f229aa7f-bc9e671ac87bfcf1,2bd5c798-5ff10d93bc179532,0.14629948364888123,0.4885057471264368
76ad805a-d02caa76366ff091,ee4b9467-3b5042ea7fb8fe97,0.14613778705636743,0.5645161290322581
fb05904c-7a4bd61a1e0e55fb,680ba922-9fb7726de6c24db8,0.14601769911504425,0.2129032258064516
fb05904c-7a4bd61a1e0e55fb,646b3abc-456e5f573ee4421b,0.14545454545454545,0.18064516129032257
2bda1866-189af74f7272b63b,da5cf40b-72617fd17b7c4445,0.14521452145214522,0.3697478991596639
8d6f1bf5-215e963db94e80d2,7c11511f-8d7652ffbb512a2a,0.14521452145214522,0.25
d56bcb0c-1747741fe15848f8,213340b3-c798b5b2c0b2a7ba,0.1450381679389313,0.2087912087912088
317baeaf-1586dc98b135dbb9,5cfa2861-380589c85cc00db5,0.145,0.3815789473684211
e4ab72e5-bdf6b33f5a21b53e,fc1771af-cca46b221ed7a539,0.14497041420118342,0.3402777777777778
93ee4612-12c0129ef8a95ee7,2bd5c798-5ff10d93bc179532,0.14451382694023193,0.6090225563909775
317baeaf-1586dc98b135dbb9,e90a198b-11e5c0eeddd9dc22,0.14414414414414414,0.42105263157894735
4a5b029f-77d6cfd7735a6be5,fb05904c-7a4bd61a1e0e55fb,0.1440677966101695,0.20987654320987653
d7a8434f-48a7cb547a6fc88c,2bda1866-189af74f7272b63b,0.14345991561181434,0.1440677966101695
4e28b45e-48a7cb547a6fc88c,2bda1866-189af74f7272b63b,0.14345991561181434,0.1440677966101695
6d55e68b-a529dbdb5e1371a5,efa38999-a342a08a07e44f59,0.14342629482071714,0.15384615384615385
6e207cbf-6acc7ec6ec02998a,5f0a176e-d1205060c3c48645,0.14336917562724014,0.5405405405405406
35f0c004-d6a959c7b5839d79,8261bd1c-da4d765b85b655ba,0.14326647564469913,0.3968253968253968
26e699de-08d8a23d09bbb76f,3afcc566-8843063e9854bade,0.1432225063938619,0.417910447761194
a8f7c8b7-3ce4db9563b46563,550335a3-153da188a69ae9b2,0.14320987654320988,0.453125
c1638a45-41a1a158437b9032,e90a198b-11e5c0eeddd9dc22,0.14285714285714285,0.4696969696969697
e17c5159-a1e6e7f28bb215c5,f229aa7f-bc9e671ac87bfcf1,0.14285714285714285,0.265625
66e74577-1c00bee9e437cd92,646b3abc-456e5f573ee4421b,0.14285714285714285,0.20833333333333334
3368f340-dd3724dfe4aec2c1,3afcc566-8843063e9854bade,0.14285714285714285,0.35365853658536583
e17c5159-a1e6e7f28bb215c5,d7a8434f-48a7cb547a6fc88c,0.14285714285714285,0.203125
e17c5159-a1e6e7f28bb215c5,4e28b45e-48a7cb547a6fc88c,0.14285714285714285,0.203125
fb05904c-7a4bd61a1e0e55fb,e185bce5-dada92339d1ef734,0.14249363867684478,0.18064516129032257
317baeaf-1586dc98b135dbb9,63a24497-74fe29dca7457057,0.1424802110817942,0.35526315789473684
18d20d2e-e9964ad58df05cef,fb05904c-7a4bd61a1e0e55fb,0.1423948220064725,0.14285714285714285
d56bcb0c-1747741fe15848f8,dc281165-ab24d5ebbc33700d,0.1422924901185771,0.1978021978021978
701c3f35-743869fd736b45aa,646b3abc-456e5f573ee4421b,0.14189189189189189,0.3181818181818182
d56bcb0c-1747741fe15848f8,49e94e7e-cff41fa307c47148,0.14189189189189189,0.46153846153846156
d7a8434f-48a7cb547a6fc88c,fc1771af-cca46b221ed7a539,0.14153846153846153,0.3898305084745763
4e28b45e-48a7cb547a6fc88c,fc1771af-cca46b221ed7a539,0.14153846153846153,0.3898305084745763
dc281165-ab24d5ebbc33700d,6e5ab1d2-bc727340fc4cd0a1,0.14130434782608695,0.16049382716049382
8d6f1bf5-215e963db94e80d2,e185bce5-dada92339d1ef734,0.1411042944785276,0.26136363636363635
e4ab72e5-bdf6b33f5a21b53e,3afcc566-8843063e9854bade,0.14102564102564102,0.22916666666666666
e4ab72e5-bdf6b33f5a21b53e,5cfa2861-380589c85cc00db5,0.14102564102564102,0.22916666666666666
4ea10951-cdc36968087348ec,5cfa2861-380589c85cc00db5,0.1409090909090909,0.2672413793103448
66e74577-1c00bee9e437cd92,2bd5c798-5ff10d93bc179532,0.1407942238267148,0.65
3368f340-dd3724dfe4aec2c1,49e94e7e-cff41fa307c47148,0.14065180102915953,0.5
402aff07-8c62e4d7c47d8fe6,5cfa2861-380589c85cc00db5,0.140625,0.45
4ea10951-cdc36968087348ec,d3528b2a-9a375cacd8688c7a,0.1404494382022472,0.21551724137931033
4ea10951-cdc36968087348ec,77d22fc3-9a375cacd8688c7a,0.1404494382022472,0.21551724137931033
dc281165-ab24d5ebbc33700d,21c9b214-de07f5d5a23ce6c9,0.14035087719298245,0.2716049382716049
efa38999-a342a08a07e44f59,21c9b214-de07f5d5a23ce6c9,0.14023372287145242,0.31343283582089554
701c3f35-743869fd736b45aa,085ddefc-c65fe933462cc383,0.13994169096209913,0.36363636363636365
76ad805a-d02caa76366ff091,5cfa2861-380589c85cc00db5,0.13989637305699482,0.43548387096774194
29d865c3-71948521a7538f50,2bd5c798-5ff10d93bc179532,0.13978494623655913,0.609375
1410e423-c8360a5c153c4cfa,5f0a176e-d1205060c3c48645,0.13953488372093023,0.52
e4ab72e5-bdf6b33f5a21b53e,da5cf40b-72617fd17b7c4445,0.13946117274167988,0.3055555555555556
6d55e68b-a529dbdb5e1371a5,13860c31-f887192f0735d843,0.13897280966767372,0.19658119658119658
1500a4fa-b7466e0d29f50a35,ee4b9467-3b5042ea7fb8fe97,0.1388888888888889,0.40229885057471265
6d55e68b-a529dbdb5e1371a5,29d865c3-71948521a7538f50,0.13877551020408163,0.1452991452991453
6825260d-04eb77dff584dca2,13860c31-f887192f0735d843,0.13861386138613863,0.14736842105263157
c972dd00-3be1313e6a770e4f,13860c31-f887192f0735d843,0.13861386138613863,0.14736842105263157
c1638a45-41a1a158437b9032,3afcc566-8843063e9854bade,0.13846153846153847,0.4090909090909091
8d6f1bf5-215e963db94e80d2,646b3abc-456e5f573ee4421b,0.13836477987421383,0.25
4a5b029f-77d6cfd7735a6be5,5cfa2861-380589c85cc00db5,0.1382716049382716,0.345679012345679
8d6f1bf5-215e963db94e80d2,63a24497-74fe29dca7457057,0.13810741687979539,0.3068181818181818
317baeaf-1586dc98b135dbb9,ee4b9467-3b5042ea7fb8fe97,0.13793103448275862,0.4473684210526316
4a5b029f-77d6cfd7735a6be5,e99c14b9-0573227cb70d0b1c,0.13761467889908258,0.18518518518518517
701c3f35-743869fd736b45aa,550335a3-153da188a69ae9b2,0.1375921375921376,0.42424242424242425
d7a8434f-48a7cb547a6fc88c,e4ab72e5-bdf6b33f5a21b53e,0.13740458015267176,0.15254237288135594
4e28b45e-48a7cb547a6fc88c,e4ab72e5-bdf6b33f5a21b53e,0.13740458015267176,0.15254237288135594
6d55e68b-a529dbdb5e1371a5,10013f73-15ed2122f5c6cc1d,0.13740458015267176,0.15384615384615385
402aff07-8c62e4d7c47d8fe6,3dd65549-7dc96f81b451ca92,0.13707165109034267,0.36666666666666664
3368f340-dd3724dfe4aec2c1,d5a20936-51261b34b0db6a70,0.136986301369863,0.3048780487804878
d56bcb0c-1747741fe15848f8,21c9b214-de07f5d5a23ce6c9,0.1366906474820144,0.4175824175824176
d56bcb0c-1747741fe15848f8,ca8f11a4-89379d50990836a8,0.13658536585365855,0.15384615384615385
6d55e68b-a529dbdb5e1371a5,f3d7ce08-72acd948d0db048a,0.13651877133105803,0.17094017094017094
26e699de-08d8a23d09bbb76f,ee4b9467-3b5042ea7fb8fe97,0.13636363636363635,0.4925373134328358
a8f7c8b7-3ce4db9563b46563,213340b3-c798b5b2c0b2a7ba,0.13617021276595745,0.25
e17c5159-a1e6e7f28bb215c5,213340b3-c798b5b2c0b2a7ba,0.13617021276595745,0.25
6d55e68b-a529dbdb5e1371a5,3afcc566-8843063e9854bade,0.1360544217687075,0.2564102564102564
8d6f1bf5-215e963db94e80d2,e90a198b-11e5c0eeddd9dc22,0.13596491228070176,0.3522727272727273
d3528b2a-9a375cacd8688c7a,8261bd1c-da4d765b85b655ba,0.1354679802955665,0.22916666666666666
77d22fc3-9a375cacd8688c7a,8261bd1c-da4d765b85b655ba,0.1354679802955665,0.22916666666666666
c1638a45-41a1a158437b9032,7c11511f-8d7652ffbb512a2a,0.13523131672597866,0.2878787878787879
8d6f1bf5-215e963db94e80d2,680ba922-9fb7726de6c24db8,0.13506493506493505,0.29545454545454547
a8f7c8b7-3ce4db9563b46563,ca8f11a4-89379d50990836a8,0.1348314606741573,0.1875
6d55e68b-a529dbdb5e1371a5,ee4b9467-3b5042ea7fb8fe97,0.1348314606741573,0.3076923076923077
76ad805a-d02caa76366ff091,4ea10951-cdc36968087348ec,0.1348314606741573,0.1935483870967742
6d7d5dd7-54aa7705838ae5a5,d3528b2a-9a375cacd8688c7a,0.1345565749235474,0.25287356321839083
6d7d5dd7-54aa7705838ae5a5,77d22fc3-9a375cacd8688c7a,0.1345565749235474,0.25287356321839083
6e207cbf-6acc7ec6ec02998a,ee4b9467-3b5042ea7fb8fe97,0.13441955193482688,0.44594594594594594
e4ab72e5-bdf6b33f5a21b53e,63a24497-74fe29dca7457057,0.1342281879194631,0.20833333333333334
1410e423-c8360a5c153c4cfa,161b4a40-723dedeaf5bb09ba,0.134185303514377,0.28
c1638a45-41a1a158437b9032,29d865c3-71948521a7538f50,0.13402061855670103,0.19696969696969696
aa4b840f-45e7bbf099cc70b7,8261bd1c-da4d765b85b655ba,0.13333333333333333,0.4368932038834951
a6520606-1321f6117a133851,680ba922-9fb7726de6c24db8,0.13304721030042918,0.1834319526627219
fb05904c-7a4bd61a1e0e55fb,f3d7ce08-72acd948d0db048a,0.13293051359516617,0.14193548387096774
aa4b840f-45e7bbf099cc70b7,d4a3869e-418406bb1626654d,0.13270142180094788,0.13592233009708737
c1638a45-41a1a158437b9032,550335a3-153da188a69ae9b2,0.13267813267813267,0.4090909090909091
a6520606-1321f6117a133851,21c9b214-de07f5d5a23ce6c9,0.13249211356466878,0.2485207100591716
701c3f35-743869fd736b45aa,f3d7ce08-72acd948d0db048a,0.1322314049586777,0.24242424242424243
efa38999-a342a08a07e44f59,fc1771af-cca46b221ed7a539,0.13213213213213212,0.3283582089552239
402aff07-8c62e4d7c47d8fe6,fc1771af-cca46b221ed7a539,0.13175675675675674,0.65
6e207cbf-6acc7ec6ec02998a,3dd65549-7dc96f81b451ca92,0.13134328358208955,0.2972972972972973
3368f340-dd3724dfe4aec2c1,e185bce5-dada92339d1ef734,0.13125,0.25609756097560976
66e74577-1c00bee9e437cd92,fb05904c-7a4bd61a1e0e55fb,0.13090909090909092,0.15
ca8f11a4-89379d50990836a8,2bd5c798-5ff10d93bc179532,0.1306715063520871,0.631578947368421
1500a4fa-b7466e0d29f50a35,21c9b214-de07f5d5a23ce6c9,0.13043478260869565,0.41379310344827586
4ea10951-cdc36968087348ec,d5a20936-51261b34b0db6a70,0.13032581453634084,0.22413793103448276
8d6f1bf5-215e963db94e80d2,21c9b214-de07f5d5a23ce6c9,0.1301989150090416,0.4090909090909091
2bda1866-189af74f7272b63b,21c9b214-de07f5d5a23ce6c9,0.13013698630136986,0.31932773109243695
fb05904c-7a4bd61a1e0e55fb,13860c31-f887192f0735d843,0.13008130081300814,0.15483870967741936
76ad805a-d02caa76366ff091,085ddefc-c65fe933462cc383,0.12979351032448377,0.3548387096774194
3368f340-dd3724dfe4aec2c1,aa4b840f-45e7bbf099cc70b7,0.12972972972972974,0.14634146341463414
6e207cbf-6acc7ec6ec02998a,90dc2b20-f678ec07f19de618,0.12935323383084577,0.17567567567567569
a8f7c8b7-3ce4db9563b46563,646b3abc-456e5f573ee4421b,0.1292517006802721,0.296875
2eb89317-a35e7101ad930515,8261bd1c-da4d765b85b655ba,0.12903225806451613,0.2222222222222222
402aff07-8c62e4d7c47d8fe6,5f0a176e-d1205060c3c48645,0.12867647058823528,0.5833333333333334
35f0c004-d6a959c7b5839d79,21c9b214-de07f5d5a23ce6c9,0.12859560067681894,0.30158730158730157
6e207cbf-6acc7ec6ec02998a,6e5ab1d2-bc727340fc4cd0a1,0.12857142857142856,0.24324324324324326
1410e423-c8360a5c153c4cfa,49e94e7e-cff41fa307c47148,0.1284722222222222,0.49333333333333335
3368f340-dd3724dfe4aec2c1,8261bd1c-da4d765b85b655ba,0.12844036697247707,0.5121951219512195
4a5b029f-77d6cfd7735a6be5,21c9b214-de07f5d5a23ce6c9,0.1282051282051282,0.43209876543209874
2bda1866-189af74f7272b63b,d3528b2a-9a375cacd8688c7a,0.12813370473537605,0.19327731092436976
2bda1866-189af74f7272b63b,77d22fc3-9a375cacd8688c7a,0.12813370473537605,0.19327731092436976
a8f7c8b7-3ce4db9563b46563,49e94e7e-cff41fa307c47148,0.12743362831858407,0.5625
e17c5159-a1e6e7f28bb215c5,680ba922-9fb7726de6c24db8,0.12742382271468145,0.359375
90dc2b20-f678ec07f19de618,680ba922-9fb7726de6c24db8,0.12735849056603774,0.2125984251968504
c1638a45-41a1a158437b9032,5f0a176e-d1205060c3c48645,0.12727272727272726,0.5303030303030303
fb05904c-7a4bd61a1e0e55fb,e19376ca-1f9d574f75eb6b65,0.12727272727272726,0.13548387096774195
4ea10951-cdc36968087348ec,3afcc566-8843063e9854bade,0.12727272727272726,0.2413793103448276
fb05904c-7a4bd61a1e0e55fb,161b4a40-723dedeaf5bb09ba,0.1272264631043257,0.16129032258064516
c1638a45-41a1a158437b9032,49e94e7e-cff41fa307c47148,0.12698412698412698,0.5454545454545454
d56bcb0c-1747741fe15848f8,d3528b2a-9a375cacd8688c7a,0.1268882175226586,0.23076923076923078
d56bcb0c-1747741fe15848f8,77d22fc3-9a375cacd8688c7a,0.1268882175226586,0.23076923076923078
26e699de-08d8a23d09bbb76f,fc1771af-cca46b221ed7a539,0.12687813021702837,0.5671641791044776
402aff07-8c62e4d7c47d8fe6,d3528b2a-9a375cacd8688c7a,0.12666666666666668,0.31666666666666665
402aff07-8c62e4d7c47d8fe6,77d22fc3-9a375cacd8688c7a,0.12666666666666668,0.31666666666666665
6d7d5dd7-54aa7705838ae5a5,aa4b840f-45e7bbf099cc70b7,0.12631578947368421,0.13793103448275862
a6520606-1321f6117a133851,2bd5c798-5ff10d93bc179532,0.12618841832324978,0.4319526627218935
aa4b840f-45e7bbf099cc70b7,550335a3-153da188a69ae9b2,0.12612612612612611,0.27184466019417475
aa4b840f-45e7bbf099cc70b7,fc1771af-cca46b221ed7a539,0.12598425196850394,0.3883495145631068
6d7d5dd7-54aa7705838ae5a5,49e94e7e-cff41fa307c47148,0.12585034013605442,0.42528735632183906
a8f7c8b7-3ce4db9563b46563,8261bd1c-da4d765b85b655ba,0.12578616352201258,0.625
a6520606-1321f6117a133851,7c11511f-8d7652ffbb512a2a,0.125,0.14201183431952663
701c3f35-743869fd736b45aa,f229aa7f-bc9e671ac87bfcf1,0.125,0.22727272727272727
26e699de-08d8a23d09bbb76f,e185bce5-dada92339d1ef734,0.12459016393442623,0.2835820895522388
6e207cbf-6acc7ec6ec02998a,d8a171a3-52973750ccea2a7b,0.12389380530973451,0.1891891891891892
317baeaf-1586dc98b135dbb9,efa38999-a342a08a07e44f59,0.12380952380952381,0.17105263157894737
26e699de-08d8a23d09bbb76f,5f0a176e-d1205060c3c48645,0.12341197822141561,0.5074626865671642
4ea10951-cdc36968087348ec,49e94e7e-cff41fa307c47148,0.12317666126418152,0.3275862068965517
6d7d5dd7-54aa7705838ae5a5,63a24497-74fe29dca7457057,0.12307692307692308,0.27586206896551724
1500a4fa-b7466e0d29f50a35,fc1771af-cca46b221ed7a539,0.12277867528271405,0.4367816091954023
26e699de-08d8a23d09bbb76f,5cfa2861-380589c85cc00db5,0.12276214833759591,0.3582089552238806
10584086-c5862013efd44277,13860c31-f887192f0735d843,0.12274368231046931,0.2698412698412698
76ad805a-d02caa76366ff091,7c11511f-8d7652ffbb512a2a,0.12274368231046931,0.27419354838709675
d7a8434f-48a7cb547a6fc88c,550335a3-153da188a69ae9b2,0.12200435729847495,0.23728813559322035
4e28b45e-48a7cb547a6fc88c,550335a3-153da188a69ae9b2,0.12200435729847495,0.23728813559322035
2bda1866-189af74f7272b63b,8261bd1c-da4d765b85b655ba,0.12156295224312591,0.35294117647058826
4ea10951-cdc36968087348ec,13860c31-f887192f0735d843,0.12121212121212122,0.1724137931034483
efa38999-a342a08a07e44f59,2bd5c798-5ff10d93bc179532,0.12121212121212122,0.5074626865671642
701c3f35-743869fd736b45aa,7c11511f-8d7652ffbb512a2a,0.12099644128113879,0.25757575757575757
76ad805a-d02caa76366ff091,49e94e7e-cff41fa307c47148,0.12078152753108348,0.5483870967741935
701c3f35-743869fd736b45aa,21c9b214-de07f5d5a23ce6c9,0.12052730696798493,0.48484848484848486
26e699de-08d8a23d09bbb76f,21c9b214-de07f5d5a23ce6c9,0.12030075187969924,0.47761194029850745
35f0c004-d6a959c7b5839d79,2bd5c798-5ff10d93bc179532,0.12028725314183124,0.5317460317460317
6d55e68b-a529dbdb5e1371a5,d5a20936-51261b34b0db6a70,0.12,0.20512820512820512
26e699de-08d8a23d09bbb76f,49e94e7e-cff41fa307c47148,0.11971830985915492,0.5074626865671642
1500a4fa-b7466e0d29f50a35,13860c31-f887192f0735d843,0.11960132890365449,0.20689655172413793
ca8f11a4-89379d50990836a8,8261bd1c-da4d765b85b655ba,0.119533527696793,0.35964912280701755
e17c5159-a1e6e7f28bb215c5,e99c14b9-0573227cb70d0b1c,0.11940298507462686,0.1875
701c3f35-743869fd736b45aa,63a24497-74fe29dca7457057,0.11924119241192412,0.3333333333333333
a8f7c8b7-3ce4db9563b46563,e185bce5-dada92339d1ef734,0.11920529801324503,0.28125
1500a4fa-b7466e0d29f50a35,d5a20936-51261b34b0db6a70,0.11891891891891893,0.25287356321839083
8d6f1bf5-215e963db94e80d2,49e94e7e-cff41fa307c47148,0.11884550084889643,0.3977272727272727
e17c5159-a1e6e7f28bb215c5,6e5ab1d2-bc727340fc4cd0a1,0.11851851851851852,0.25
c1638a45-41a1a158437b9032,e185bce5-dada92339d1ef734,0.11842105263157894,0.2727272727272727
e17c5159-a1e6e7f28bb215c5,d3528b2a-9a375cacd8688c7a,0.11842105263157894,0.28125
e17c5159-a1e6e7f28bb215c5,77d22fc3-9a375cacd8688c7a,0.11842105263157894,0.28125
4ea10951-cdc36968087348ec,2bd5c798-5ff10d93bc179532,0.11775362318840579,0.5603448275862069
6e207cbf-6acc7ec6ec02998a,d5a20936-51261b34b0db6a70,0.11764705882352941,0.28378378378378377
76ad805a-d02caa76366ff091,f3d7ce08-72acd948d0db048a,0.11764705882352941,0.22580645161290322
6d7d5dd7-54aa7705838ae5a5,3afcc566-8843063e9854bade,0.11678832116788321,0.27586206896551724
dc281165-ab24d5ebbc33700d,2bd5c798-5ff10d93bc179532,0.11652173913043479,0.41358024691358025
1500a4fa-b7466e0d29f50a35,6e5ab1d2-bc727340fc4cd0a1,0.11604095563139932,0.19540229885057472
ca8f11a4-89379d50990836a8,13860c31-f887192f0735d843,0.11585365853658537,0.16666666666666666
3368f340-dd3724dfe4aec2c1,646b3abc-456e5f573ee4421b,0.11538461538461539,0.21951219512195122
e4ab72e5-bdf6b33f5a21b53e,49e94e7e-cff41fa307c47148,0.11472868217054263,0.2569444444444444
d56bcb0c-1747741fe15848f8,da5cf40b-72617fd17b7c4445,0.11418685121107267,0.3626373626373626
e17c5159-a1e6e7f28bb215c5,2eb89317-a35e7101ad930515,0.11409395973154363,0.265625
2bda1866-189af74f7272b63b,2bd5c798-5ff10d93bc179532,0.11382113821138211,0.5294117647058824
e99c14b9-0573227cb70d0b1c,2bd5c798-5ff10d93bc179532,0.11377777777777778,0.46715328467153283
1500a4fa-b7466e0d29f50a35,646b3abc-456e5f573ee4421b,0.11356466876971609,0.20689655172413793
26e699de-08d8a23d09bbb76f,7c11511f-8d7652ffbb512a2a,0.11347517730496454,0.23880597014925373
76ad805a-d02caa76366ff091,da5cf40b-72617fd17b7c4445,0.11293260473588343,0.5
4ea10951-cdc36968087348ec,da5cf40b-72617fd17b7c4445,0.11276948590381426,0.29310344827586204
66e74577-1c00bee9e437cd92,8261bd1c-da4d765b85b655ba,0.11271676300578035,0.325
1410e423-c8360a5c153c4cfa,aa4b840f-45e7bbf099cc70b7,0.11235955056179775,0.13333333333333333
d56bcb0c-1747741fe15848f8,fc1771af-cca46b221ed7a539,0.11235955056179775,0.38461538461538464
701c3f35-743869fd736b45aa,e185bce5-dada92339d1ef734,0.1118421052631579,0.25757575757575757
701c3f35-743869fd736b45aa,ee4b9467-3b5042ea7fb8fe97,0.11180124223602485,0.4090909090909091
d4a3869e-418406bb1626654d,8261bd1c-da4d765b85b655ba,0.11176470588235295,0.35185185185185186
8d6f1bf5-215e963db94e80d2,5cfa2861-380589c85cc00db5,0.11165048543689321,0.26136363636363635
76ad805a-d02caa76366ff091,680ba922-9fb7726de6c24db8,0.11142061281337047,0.3225806451612903
e17c5159-a1e6e7f28bb215c5,d8a171a3-52973750ccea2a7b,0.1111111111111111,0.1875
4a5b029f-77d6cfd7735a6be5,213340b3-c798b5b2c0b2a7ba,0.1111111111111111,0.1728395061728395
1410e423-c8360a5c153c4cfa,21c9b214-de07f5d5a23ce6c9,0.1111111111111111,0.4
6d55e68b-a529dbdb5e1371a5,680ba922-9fb7726de6c24db8,0.1111111111111111,0.19658119658119658
efa38999-a342a08a07e44f59,8261bd1c-da4d765b85b655ba,0.11048158640226628,0.291044776119403
4ea10951-cdc36968087348ec,8261bd1c-da4d765b85b655ba,0.11046511627906977,0.3275862068965517
66e74577-1c00bee9e437cd92,6e5ab1d2-bc727340fc4cd0a1,0.11042944785276074,0.15
4a5b029f-77d6cfd7735a6be5,2bd5c798-5ff10d93bc179532,0.11038353601496725,0.7283950617283951
c1638a45-41a1a158437b9032,fc1771af-cca46b221ed7a539,0.11036789297658862,0.5
fb05904c-7a4bd61a1e0e55fb,2bd5c798-5ff10d93bc179532,0.11023622047244094,0.4064516129032258
1500a4fa-b7466e0d29f50a35,d3528b2a-9a375cacd8688c7a,0.11009174311926606,0.20689655172413793
1500a4fa-b7466e0d29f50a35,77d22fc3-9a375cacd8688c7a,0.11009174311926606,0.20689655172413793
6d7d5dd7-54aa7705838ae5a5,fc1771af-cca46b221ed7a539,0.1098546042003231,0.39080459770114945
4a5b029f-77d6cfd7735a6be5,63a24497-74fe29dca7457057,0.109375,0.25925925925925924
317baeaf-1586dc98b135dbb9,2bd5c798-5ff10d93bc179532,0.10902255639097744,0.7631578947368421
e4ab72e5-bdf6b33f5a21b53e,8261bd1c-da4d765b85b655ba,0.10893854748603352,0.2708333333333333
1500a4fa-b7466e0d29f50a35,49e94e7e-cff41fa307c47148,0.10884353741496598,0.367816091954023
6d7d5dd7-54aa7705838ae5a5,21c9b214-de07f5d5a23ce6c9,0.10869565217391304,0.3448275862068966
6d55e68b-a529dbdb5e1371a5,7c11511f-8d7652ffbb512a2a,0.10843373493975904,0.15384615384615385
aa4b840f-45e7bbf099cc70b7,2bda1866-189af74f7272b63b,0.10810810810810811,0.11650485436893204
e17c5159-a1e6e7f28bb215c5,ee4b9467-3b5042ea7fb8fe97,0.10810810810810811,0.40625
26e699de-08d8a23d09bbb76f,63a24497-74fe29dca7457057,0.10810810810810811,0.29850746268656714
6d7d5dd7-54aa7705838ae5a5,2bd5c798-5ff10d93bc179532,0.10790697674418605,0.6666666666666666
6e207cbf-6acc7ec6ec02998a,49e94e7e-cff41fa307c47148,0.10782608695652174,0.4189189189189189
e4ab72e5-bdf6b33f5a21b53e,2bd5c798-5ff10d93bc179532,0.10777385159010601,0.4236111111111111
c1638a45-41a1a158437b9032,ee4b9467-3b5042ea7fb8fe97,0.10766045548654245,0.3939393939393939
90dc2b20-f678ec07f19de618,2bd5c798-5ff10d93bc179532,0.10762331838565023,0.47244094488188976
317baeaf-1586dc98b135dbb9,3dd65549-7dc96f81b451ca92,0.10682492581602374,0.23684210526315788
26e699de-08d8a23d09bbb76f,13860c31-f887192f0735d843,0.10676156583629894,0.22388059701492538
10584086-c5862013efd44277,e90a198b-11e5c0eeddd9dc22,0.10672853828306264,0.36507936507936506
d7a8434f-48a7cb547a6fc88c,2bd5c798-5ff10d93bc179532,0.10669077757685352,0.5
4e28b45e-48a7cb547a6fc88c,2bd5c798-5ff10d93bc179532,0.10669077757685352,0.5
317baeaf-1586dc98b135dbb9,213340b3-c798b5b2c0b2a7ba,0.10526315789473684,0.17105263157894737
4a5b029f-77d6cfd7735a6be5,3dd65549-7dc96f81b451ca92,0.10526315789473684,0.2222222222222222
701c3f35-743869fd736b45aa,161b4a40-723dedeaf5bb09ba,0.10526315789473684,0.24242424242424243
d4a3869e-418406bb1626654d,7c11511f-8d7652ffbb512a2a,0.10526315789473684,0.1574074074074074
e17c5159-a1e6e7f28bb215c5,10013f73-15ed2122f5c6cc1d,0.10526315789473684,0.171875
e17c5159-a1e6e7f28bb215c5,90dc2b20-f678ec07f19de618,0.10471204188481675,0.15625
d56bcb0c-1747741fe15848f8,7c11511f-8d7652ffbb512a2a,0.10457516339869281,0.17582417582417584
fb05904c-7a4bd61a1e0e55fb,8261bd1c-da4d765b85b655ba,0.10453920220082531,0.24516129032258063
76ad805a-d02caa76366ff091,fc1771af-cca46b221ed7a539,0.10437710437710437,0.5
6e207cbf-6acc7ec6ec02998a,e99c14b9-0573227cb70d0b1c,0.10426540284360189,0.14864864864864866
6e207cbf-6acc7ec6ec02998a,21c9b214-de07f5d5a23ce6c9,0.1038961038961039,0.3783783783783784
317baeaf-1586dc98b135dbb9,e99c14b9-0573227cb70d0b1c,0.10328638497652583,0.14473684210526316
d56bcb0c-1747741fe15848f8,aa4b840f-45e7bbf099cc70b7,0.10309278350515463,0.10989010989010989
6d55e68b-a529dbdb5e1371a5,21c9b214-de07f5d5a23ce6c9,0.10309278350515463,0.2564102564102564
701c3f35-743869fd736b45aa,5cfa2861-380589c85cc00db5,0.10256410256410256,0.30303030303030304
10584086-c5862013efd44277,5f0a176e-d1205060c3c48645,0.10237659963436929,0.4444444444444444
701c3f35-743869fd736b45aa,49e94e7e-cff41fa307c47148,0.10229276895943562,0.4393939393939394
d4a3869e-418406bb1626654d,2bd5c798-5ff10d93bc179532,0.10218978102189781,0.5185185185185185
1410e423-c8360a5c153c4cfa,fc1771af-cca46b221ed7a539,0.10214168039538715,0.41333333333333333
e17c5159-a1e6e7f28bb215c5,e90a198b-11e5c0eeddd9dc22,0.10185185185185185,0.34375
66e74577-1c00bee9e437cd92,13860c31-f887192f0735d843,0.10179640718562874,0.14166666666666666
c1638a45-41a1a158437b9032,21c9b214-de07f5d5a23ce6c9,0.1016949152542373,0.4090909090909091
10584086-c5862013efd44277,f229aa7f-bc9e671ac87bfcf1,0.10126582278481013,0.19047619047619047
4a5b029f-77d6cfd7735a6be5,8261bd1c-da4d765b85b655ba,0.10107197549770292,0.4074074074074074
fb05904c-7a4bd61a1e0e55fb,dc281165-ab24d5ebbc33700d,0.10094637223974763,0.1032258064516129
317baeaf-1586dc98b135dbb9,49e94e7e-cff41fa307c47148,0.10051993067590988,0.3815789473684211
aa4b840f-45e7bbf099cc70b7,4ea10951-cdc36968087348ec,0.1004566210045662,0.10679611650485436
317baeaf-1586dc98b135dbb9,3afcc566-8843063e9854bade,0.1,0.2631578947368421
402aff07-8c62e4d7c47d8fe6,3afcc566-8843063e9854bade,0.09895833333333333,0.31666666666666665
29d865c3-71948521a7538f50,fb05904c-7a4bd61a1e0e55fb,0.0989399293286219,0.109375
1410e423-c8360a5c153c4cfa,8261bd1c-da4d765b85b655ba,0.09891808346213292,0.4266666666666667
c1638a45-41a1a158437b9032,161b4a40-723dedeaf5bb09ba,0.09868421052631579,0.22727272727272727
6e5ab1d2-bc727340fc4cd0a1,d3528b2a-9a375cacd8688c7a,0.09865470852017937,0.10679611650485436
6e5ab1d2-bc727340fc4cd0a1,77d22fc3-9a375cacd8688c7a,0.09865470852017937,0.10679611650485436
6d55e68b-a529dbdb5e1371a5,fc1771af-cca46b221ed7a539,0.09861325115562404,0.27350427350427353
4ea10951-cdc36968087348ec,646b3abc-456e5f573ee4421b,0.09826589595375723,0.14655172413793102
f229aa7f-bc9e671ac87bfcf1,7c11511f-8d7652ffbb512a2a,0.09768637532133675,0.10919540229885058
26e699de-08d8a23d09bbb76f,da5cf40b-72617fd17b7c4445,0.09747292418772563,0.40298507462686567
6d7d5dd7-54aa7705838ae5a5,d5a20936-51261b34b0db6a70,0.0972972972972973,0.20689655172413793
76ad805a-d02caa76366ff091,6e5ab1d2-bc727340fc4cd0a1,0.09701492537313433,0.20967741935483872
d3528b2a-9a375cacd8688c7a,21c9b214-de07f5d5a23ce6c9,0.09645390070921986,0.14166666666666666
77d22fc3-9a375cacd8688c7a,21c9b214-de07f5d5a23ce6c9,0.09645390070921986,0.14166666666666666
4ea10951-cdc36968087348ec,21c9b214-de07f5d5a23ce6c9,0.0963855421686747,0.2413793103448276
10584086-c5862013efd44277,49e94e7e-cff41fa307c47148,0.09574468085106383,0.42857142857142855
317baeaf-1586dc98b135dbb9,161b4a40-723dedeaf5bb09ba,0.09554140127388536,0.19736842105263158
aa4b840f-45e7bbf099cc70b7,2bd5c798-5ff10d93bc179532,0.09532538955087076,0.5048543689320388
3368f340-dd3724dfe4aec2c1,213340b3-c798b5b2c0b2a7ba,0.09486166007905138,0.14634146341463414
76ad805a-d02caa76366ff091,29d865c3-71948521a7538f50,0.09473684210526316,0.14516129032258066
317baeaf-1586dc98b135dbb9,d5a20936-51261b34b0db6a70,0.0947075208913649,0.2236842105263158
4a5b029f-77d6cfd7735a6be5,fc1771af-cca46b221ed7a539,0.09461663947797716,0.35802469135802467
26e699de-08d8a23d09bbb76f,646b3abc-456e5f573ee4421b,0.09427609427609428,0.208955223880597
7c11511f-8d7652ffbb512a2a,21c9b214-de07f5d5a23ce6c9,0.09411764705882353,0.14883720930232558
6d7d5dd7-54aa7705838ae5a5,8261bd1c-da4d765b85b655ba,0.09408194233687406,0.3563218390804598
a8f7c8b7-3ce4db9563b46563,fc1771af-cca46b221ed7a539,0.09395973154362416,0.4375
8d6f1bf5-215e963db94e80d2,8261bd1c-da4d765b85b655ba,0.09393939393939393,0.3522727272727273
fb05904c-7a4bd61a1e0e55fb,da5cf40b-72617fd17b7c4445,0.09345794392523364,0.1935483870967742
10584086-c5862013efd44277,3afcc566-8843063e9854bade,0.09302325581395349,0.2857142857142857
10584086-c5862013efd44277,63a24497-74fe29dca7457057,0.09289617486338798,0.2698412698412698
6d55e68b-a529dbdb5e1371a5,8261bd1c-da4d765b85b655ba,0.09288824383164006,0.27350427350427353
4a5b029f-77d6cfd7735a6be5,49e94e7e-cff41fa307c47148,0.09278350515463918,0.3333333333333333
317baeaf-1586dc98b135dbb9,8261bd1c-da4d765b85b655ba,0.09259259259259259,0.39473684210526316
701c3f35-743869fd736b45aa,e90a198b-11e5c0eeddd9dc22,0.09216589861751152,0.30303030303030304
d56bcb0c-1747741fe15848f8,e185bce5-dada92339d1ef734,0.0911854103343465,0.16483516483516483
6e207cbf-6acc7ec6ec02998a,5cfa2861-380589c85cc00db5,0.09045226130653267,0.24324324324324326
6e207cbf-6acc7ec6ec02998a,13860c31-f887192f0735d843,0.09027777777777778,0.17567567567567569
6d55e68b-a529dbdb5e1371a5,213340b3-c798b5b2c0b2a7ba,0.09027777777777778,0.1111111111111111
6d55e68b-a529dbdb5e1371a5,d3528b2a-9a375cacd8688c7a,0.0896358543417367,0.13675213675213677
6d55e68b-a529dbdb5e1371a5,77d22fc3-9a375cacd8688c7a,0.0896358543417367,0.13675213675213677
d7a8434f-48a7cb547a6fc88c,21c9b214-de07f5d5a23ce6c9,0.08919382504288165,0.22033898305084745
4e28b45e-48a7cb547a6fc88c,21c9b214-de07f5d5a23ce6c9,0.08919382504288165,0.22033898305084745
402aff07-8c62e4d7c47d8fe6,49e94e7e-cff41fa307c47148,0.08912655971479501,0.4166666666666667
6e207cbf-6acc7ec6ec02998a,fc1771af-cca46b221ed7a539,0.0891089108910891,0.36486486486486486
4a5b029f-77d6cfd7735a6be5,3afcc566-8843063e9854bade,0.08888888888888889,0.2222222222222222
e17c5159-a1e6e7f28bb215c5,dc281165-ab24d5ebbc33700d,0.08849557522123894,0.15625
aa4b840f-45e7bbf099cc70b7,21c9b214-de07f5d5a23ce6c9,0.0880281690140845,0.24271844660194175
3368f340-dd3724dfe4aec2c1,fc1771af-cca46b221ed7a539,0.08794788273615635,0.32926829268292684
3368f340-dd3724dfe4aec2c1,2bd5c798-5ff10d93bc179532,0.08785046728971962,0.573170731707317
701c3f35-743869fd736b45aa,8261bd1c-da4d765b85b655ba,0.0877742946708464,0.42424242424242425
29d865c3-71948521a7538f50,21c9b214-de07f5d5a23ce6c9,0.08768971332209106,0.203125
402aff07-8c62e4d7c47d8fe6,21c9b214-de07f5d5a23ce6c9,0.08761904761904762,0.38333333333333336
e17c5159-a1e6e7f28bb215c5,5f0a176e-d1205060c3c48645,0.08759124087591241,0.375
4a5b029f-77d6cfd7735a6be5,aa4b840f-45e7bbf099cc70b7,0.08695652173913043,0.09876543209876543
6d55e68b-a529dbdb5e1371a5,da5cf40b-72617fd17b7c4445,0.08609271523178808,0.2222222222222222
93ee4612-12c0129ef8a95ee7,d3528b2a-9a375cacd8688c7a,0.08579088471849866,0.12030075187969924
93ee4612-12c0129ef8a95ee7,77d22fc3-9a375cacd8688c7a,0.08579088471849866,0.12030075187969924
6e207cbf-6acc7ec6ec02998a,3afcc566-8843063e9854bade,0.08542713567839195,0.22972972972972974
6d55e68b-a529dbdb5e1371a5,2bd5c798-5ff10d93bc179532,0.08506787330316742,0.4017094017094017
402aff07-8c62e4d7c47d8fe6,da5cf40b-72617fd17b7c4445,0.08409506398537477,0.38333333333333336
317baeaf-1586dc98b135dbb9,dc281165-ab24d5ebbc33700d,0.08403361344537816,0.13157894736842105
8d6f1bf5-215e963db94e80d2,da5cf40b-72617fd17b7c4445,0.08347826086956522,0.2727272727272727
1410e423-c8360a5c153c4cfa,e185bce5-dada92339d1ef734,0.08306709265175719,0.17333333333333334
317baeaf-1586dc98b135dbb9,13860c31-f887192f0735d843,0.08275862068965517,0.15789473684210525
1410e423-c8360a5c153c4cfa,7c11511f-8d7652ffbb512a2a,0.08275862068965517,0.16
402aff07-8c62e4d7c47d8fe6,6e5ab1d2-bc727340fc4cd0a1,0.08270676691729323,0.18333333333333332
4a5b029f-77d6cfd7735a6be5,d5a20936-51261b34b0db6a70,0.08241758241758242,0.18518518518518517
4a5b029f-77d6cfd7735a6be5,dc281165-ab24d5ebbc33700d,0.0823045267489712,0.12345679012345678
317baeaf-1586dc98b135dbb9,fc1771af-cca46b221ed7a539,0.08223684210526316,0.32894736842105265
76ad805a-d02caa76366ff091,63a24497-74fe29dca7457057,0.0821917808219178,0.24193548387096775
1500a4fa-b7466e0d29f50a35,63a24497-74fe29dca7457057,0.08205128205128205,0.1839080459770115
1500a4fa-b7466e0d29f50a35,8261bd1c-da4d765b85b655ba,0.0819423368740516,0.3103448275862069
1500a4fa-b7466e0d29f50a35,2bd5c798-5ff10d93bc179532,0.08186046511627906,0.5057471264367817
c1638a45-41a1a158437b9032,8261bd1c-da4d765b85b655ba,0.08150470219435736,0.3939393939393939
317baeaf-1586dc98b135dbb9,21c9b214-de07f5d5a23ce6c9,0.08133086876155268,0.2894736842105263
10584086-c5862013efd44277,fc1771af-cca46b221ed7a539,0.08067226890756303,0.38095238095238093
6d7d5dd7-54aa7705838ae5a5,dc281165-ab24d5ebbc33700d,0.08032128514056225,0.11494252873563218
402aff07-8c62e4d7c47d8fe6,13860c31-f887192f0735d843,0.08029197080291971,0.18333333333333332
6d7d5dd7-54aa7705838ae5a5,da5cf40b-72617fd17b7c4445,0.08013937282229965,0.26436781609195403
26e699de-08d8a23d09bbb76f,d5a20936-51261b34b0db6a70,0.08,0.208955223880597
a8f7c8b7-3ce4db9563b46563,2bd5c798-5ff10d93bc179532,0.07984790874524715,0.65625
6e207cbf-6acc7ec6ec02998a,2bd5c798-5ff10d93bc179532,0.07909604519774012,0.5675675675675675
a8f7c8b7-3ce4db9563b46563,d3528b2a-9a375cacd8688c7a,0.07894736842105263,0.1875
a8f7c8b7-3ce4db9563b46563,77d22fc3-9a375cacd8688c7a,0.07894736842105263,0.1875
10584086-c5862013efd44277,8261bd1c-da4d765b85b655ba,0.07874015748031496,0.3968253968253968
317baeaf-1586dc98b135dbb9,aa4b840f-45e7bbf099cc70b7,0.0782122905027933,0.09210526315789473
8d6f1bf5-215e963db94e80d2,2bd5c798-5ff10d93bc179532,0.07806691449814127,0.4772727272727273
e17c5159-a1e6e7f28bb215c5,49e94e7e-cff41fa307c47148,0.07787610619469026,0.34375
aa4b840f-45e7bbf099cc70b7,fb05904c-7a4bd61a1e0e55fb,0.07751937984496124,0.0970873786407767
1500a4fa-b7466e0d29f50a35,da5cf40b-72617fd17b7c4445,0.07665505226480836,0.25287356321839083
6e207cbf-6acc7ec6ec02998a,d3528b2a-9a375cacd8688c7a,0.07643312101910828,0.16216216216216217
6e207cbf-6acc7ec6ec02998a,77d22fc3-9a375cacd8688c7a,0.07643312101910828,0.16216216216216217
6d7d5dd7-54aa7705838ae5a5,646b3abc-456e5f573ee4421b,0.07570977917981073,0.13793103448275862
d56bcb0c-1747741fe15848f8,2bd5c798-5ff10d93bc179532,0.07414272474513438,0.43956043956043955
3368f340-dd3724dfe4aec2c1,7c11511f-8d7652ffbb512a2a,0.07407407407407407,0.13414634146341464
701c3f35-743869fd736b45aa,fc1771af-cca46b221ed7a539,0.07357859531772576,0.3333333333333333
8d6f1bf5-215e963db94e80d2,aa4b840f-45e7bbf099cc70b7,0.07329842931937172,0.07954545454545454
6d55e68b-a529dbdb5e1371a5,e185bce5-dada92339d1ef734,0.07323943661971831,0.1111111111111111
8d6f1bf5-215e963db94e80d2,d3528b2a-9a375cacd8688c7a,0.07317073170731707,0.13636363636363635
8d6f1bf5-215e963db94e80d2,77d22fc3-9a375cacd8688c7a,0.07317073170731707,0.13636363636363635
10584086-c5862013efd44277,161b4a40-723dedeaf5bb09ba,0.07308970099667775,0.1746031746031746
76ad805a-d02caa76366ff091,d3528b2a-9a375cacd8688c7a,0.0728476821192053,0.1774193548387097
76ad805a-d02caa76366ff091,77d22fc3-9a375cacd8688c7a,0.0728476821192053,0.1774193548387097
10584086-c5862013efd44277,d3528b2a-9a375cacd8688c7a,0.07260726072607261,0.1746031746031746
10584086-c5862013efd44277,77d22fc3-9a375cacd8688c7a,0.07260726072607261,0.1746031746031746
402aff07-8c62e4d7c47d8fe6,2bd5c798-5ff10d93bc179532,0.07251908396946564,0.6333333333333333
317baeaf-1586dc98b135dbb9,10013f73-15ed2122f5c6cc1d,0.07239819004524888,0.10526315789473684
c1638a45-41a1a158437b9032,da5cf40b-72617fd17b7c4445,0.07233273056057866,0.30303030303030304
26e699de-08d8a23d09bbb76f,8261bd1c-da4d765b85b655ba,0.07198748043818466,0.34328358208955223
4ea10951-cdc36968087348ec,dc281165-ab24d5ebbc33700d,0.07194244604316546,0.08620689655172414
701c3f35-743869fd736b45aa,d3528b2a-9a375cacd8688c7a,0.0718954248366013,0.16666666666666666
701c3f35-743869fd736b45aa,77d22fc3-9a375cacd8688c7a,0.0718954248366013,0.16666666666666666
a8f7c8b7-3ce4db9563b46563,7c11511f-8d7652ffbb512a2a,0.07168458781362007,0.15625
76ad805a-d02caa76366ff091,dc281165-ab24d5ebbc33700d,0.07142857142857142,0.12903225806451613
4a5b029f-77d6cfd7735a6be5,da5cf40b-72617fd17b7c4445,0.07042253521126761,0.24691358024691357
1410e423-c8360a5c153c4cfa,d3528b2a-9a375cacd8688c7a,0.06984126984126984,0.14666666666666667
1410e423-c8360a5c153c4cfa,77d22fc3-9a375cacd8688c7a,0.06984126984126984,0.14666666666666667
402aff07-8c62e4d7c47d8fe6,8261bd1c-da4d765b85b655ba,0.06962025316455696,0.36666666666666664
10584086-c5862013efd44277,d5a20936-51261b34b0db6a70,0.06936416184971098,0.19047619047619047
e17c5159-a1e6e7f28bb215c5,21c9b214-de07f5d5a23ce6c9,0.06805293005671077,0.28125
4a5b029f-77d6cfd7735a6be5,13860c31-f887192f0735d843,0.06779661016949153,0.12345679012345678
e4ab72e5-bdf6b33f5a21b53e,dc281165-ab24d5ebbc33700d,0.06535947712418301,0.06944444444444445
66e74577-1c00bee9e437cd92,21c9b214-de07f5d5a23ce6c9,0.06495726495726496,0.15833333333333333
10584086-c5862013efd44277,2bd5c798-5ff10d93bc179532,0.06470028544243578,0.5396825396825397
402aff07-8c62e4d7c47d8fe6,d5a20936-51261b34b0db6a70,0.0641399416909621,0.18333333333333332
1410e423-c8360a5c153c4cfa,da5cf40b-72617fd17b7c4445,0.06405693950177936,0.24
6e207cbf-6acc7ec6ec02998a,63a24497-74fe29dca7457057,0.0636604774535809,0.16216216216216217
3368f340-dd3724dfe4aec2c1,d3528b2a-9a375cacd8688c7a,0.062111801242236024,0.12195121951219512
3368f340-dd3724dfe4aec2c1,77d22fc3-9a375cacd8688c7a,0.062111801242236024,0.12195121951219512
10584086-c5862013efd44277,5cfa2861-380589c85cc00db5,0.06201550387596899,0.19047619047619047
402aff07-8c62e4d7c47d8fe6,63a24497-74fe29dca7457057,0.06060606060606061,0.18333333333333332
1410e423-c8360a5c153c4cfa,2bd5c798-5ff10d93bc179532,0.060206961429915336,0.4266666666666667
6e207cbf-6acc7ec6ec02998a,646b3abc-456e5f573ee4421b,0.05921052631578947,0.12162162162162163
6e207cbf-6acc7ec6ec02998a,8261bd1c-da4d765b85b655ba,0.058823529411764705,0.25675675675675674
10584086-c5862013efd44277,ee4b9467-3b5042ea7fb8fe97,0.058333333333333334,0.2222222222222222
701c3f35-743869fd736b45aa,da5cf40b-72617fd17b7c4445,0.05786618444846293,0.24242424242424243
e17c5159-a1e6e7f28bb215c5,3afcc566-8843063e9854bade,0.05670103092783505,0.171875
aa4b840f-45e7bbf099cc70b7,e4ab72e5-bdf6b33f5a21b53e,0.05668016194331984,0.06796116504854369
6e207cbf-6acc7ec6ec02998a,aa4b840f-45e7bbf099cc70b7,0.05649717514124294,0.06756756756756757
3368f340-dd3724dfe4aec2c1,da5cf40b-72617fd17b7c4445,0.056239015817223195,0.1951219512195122
76ad805a-d02caa76366ff091,2bd5c798-5ff10d93bc179532,0.05523809523809524,0.46774193548387094
10584086-c5862013efd44277,da5cf40b-72617fd17b7c4445,0.05454545454545454,0.23809523809523808
aa4b840f-45e7bbf099cc70b7,6d55e68b-a529dbdb5e1371a5,0.05454545454545454,0.05825242718446602
e17c5159-a1e6e7f28bb215c5,63a24497-74fe29dca7457057,0.05449591280653951,0.15625
76ad805a-d02caa76366ff091,8261bd1c-da4d765b85b655ba,0.05362776025236593,0.27419354838709675
c1638a45-41a1a158437b9032,2bd5c798-5ff10d93bc179532,0.05313092979127135,0.42424242424242425
e17c5159-a1e6e7f28bb215c5,8261bd1c-da4d765b85b655ba,0.050314465408805034,0.25
6e207cbf-6acc7ec6ec02998a,da5cf40b-72617fd17b7c4445,0.049910873440285206,0.1891891891891892
ca8f11a4-89379d50990836a8,21c9b214-de07f5d5a23ce6c9,0.04835924006908463,0.12280701754385964
e17c5159-a1e6e7f28bb215c5,2bd5c798-5ff10d93bc179532,0.04752851711026616,0.390625
e17c5159-a1e6e7f28bb215c5,161b4a40-723dedeaf5bb09ba,0.046357615894039736,0.109375
317baeaf-1586dc98b135dbb9,da5cf40b-72617fd17b7c4445,0.046181172291296625,0.17105263157894737
26e699de-08d8a23d09bbb76f,d3528b2a-9a375cacd8688c7a,0.04560260586319218,0.1044776119402985
26e699de-08d8a23d09bbb76f,77d22fc3-9a375cacd8688c7a,0.04560260586319218,0.1044776119402985
26e699de-08d8a23d09bbb76f,2bd5c798-5ff10d93bc179532,0.04549763033175355,0.3582089552238806
10584086-c5862013efd44277,21c9b214-de07f5d5a23ce6c9,0.045454545454545456,0.19047619047619047
a8f7c8b7-3ce4db9563b46563,da5cf40b-72617fd17b7c4445,0.043557168784029036,0.1875
8d6f1bf5-215e963db94e80d2,dc281165-ab24d5ebbc33700d,0.04,0.056818181818181816
701c3f35-743869fd736b45aa,2bd5c798-5ff10d93bc179532,0.03984819734345351,0.3181818181818182
e17c5159-a1e6e7f28bb215c5,fcc7e8fa-3c58c60688337981,0.03731343283582089,0.078125
e17c5159-a1e6e7f28bb215c5,fc1771af-cca46b221ed7a539,0.03691275167785235,0.171875
e17c5159-a1e6e7f28bb215c5,13860c31-f887192f0735d843,0.03597122302158273,0.078125
10584086-c5862013efd44277,646b3abc-456e5f573ee4421b,0.034129692832764506,0.07936507936507936
e17c5159-a1e6e7f28bb215c5,646b3abc-456e5f573ee4421b,0.034013605442176874,0.078125
317baeaf-1586dc98b135dbb9,646b3abc-456e5f573ee4421b,0.032679738562091505,0.06578947368421052
4a5b029f-77d6cfd7735a6be5,646b3abc-456e5f573ee4421b,0.03215434083601286,0.06172839506172839
e17c5159-a1e6e7f28bb215c5,5cfa2861-380589c85cc00db5,0.02577319587628866,0.078125
e17c5159-a1e6e7f28bb215c5,da5cf40b-72617fd17b7c4445,0.018148820326678767,0.078125
6e207cbf-6acc7ec6ec02998a,dc281165-ab24d5ebbc33700d,0.0,0.0
402aff07-8c62e4d7c47d8fe6,646b3abc-456e5f573ee4421b,0.0,0.0
c1638a45-41a1a158437b9032,d3528b2a-9a375cacd8688c7a,0.0,0.0
c1638a45-41a1a158437b9032,77d22fc3-9a375cacd8688c7a,0.0,0.0
e17c5159-a1e6e7f28bb215c5,d5a20936-51261b34b0db6a70,0.0,0.0
fb05904c-7a4bd61a1e0e55fb,7c11511f-8d7652ffbb512a2a,0.0,0.0
