submissionName1,submissionName2,averageSimilarity,maxSimilarity
8a39dbf5-7b2cf69c607f33e8,ff3283cf-ba41bd70d21a035e,1.0,1.0
3cbcb1cc-c51e30d914c3957c,6045e5d1-bd381059561ccf48,1.0,1.0
80c384e4-af35838eb0b75e7d,967b67b0-b5ba1c50df880f8d,1.0,1.0
4548305b-08b9f6e926231e7f,4548305b-6b2cbf197d80b87c,1.0,1.0
079ad09e-aa293a47b55193eb,20012377-c8b711b6bd0ca533,1.0,1.0
2b9dfed3-26c578b98ea64fce,351c9206-26c578b98ea64fce,1.0,1.0
11c2ab99-79ea707e2165e2bd,bdfe8110-0d155952e4001c71,1.0,1.0
4d25818e-e9fd9bc48a79af0b,4f7af821-33eae9882a2e0752,0.9666666666666667,0.9666666666666667
3c667d4f-524cd7f06bda5cb0,4d25818e-e9fd9bc48a79af0b,0.957983193277311,0.9661016949152542
3c667d4f-524cd7f06bda5cb0,4f7af821-33eae9882a2e0752,0.9411764705882353,0.9491525423728814
e6a6e318-96fd4026eb65edf5,fadc1365-f858db247859fe5f,0.9081885856079405,1.0
bb0949b3-2ee7bbd7615b6bc8,00c0b82a-a23297c71634ae34,0.8345323741007195,0.8405797101449275
bdfe8110-0d155952e4001c71,ea2fc2bc-8be44aae4b99d930,0.8278688524590164,0.8487394957983193
11c2ab99-79ea707e2165e2bd,ea2fc2bc-8be44aae4b99d930,0.8278688524590164,0.8487394957983193
fa484fdd-937c6feffc490cb9,20012377-c8b711b6bd0ca533,0.8240963855421687,0.890625
fa484fdd-937c6feffc490cb9,079ad09e-aa293a47b55193eb,0.8240963855421687,0.890625
8f6421f3-958f921ae60910fc,c57a973e-819a66b366a8be16,0.8135593220338984,0.8135593220338984
3c667d4f-524cd7f06bda5cb0,2f8c3bf3-e73d8329c1717cd5,0.8099173553719008,0.8305084745762712
3c667d4f-524cd7f06bda5cb0,00c0b82a-a23297c71634ae34,0.8062015503875969,0.8813559322033898
c57a973e-819a66b366a8be16,2b2d3b84-50128d26a6131abb,0.7983870967741935,0.8389830508474576
0fdc80c5-eb4012f9f5755db9,bdfe8110-0d155952e4001c71,0.7947598253275109,0.8272727272727273
0fdc80c5-eb4012f9f5755db9,11c2ab99-79ea707e2165e2bd,0.7947598253275109,0.8272727272727273
bdfe8110-0d155952e4001c71,810cf242-6c100eed34676e90,0.7883817427385892,0.7983193277310925
11c2ab99-79ea707e2165e2bd,810cf242-6c100eed34676e90,0.7883817427385892,0.7983193277310925
c57a973e-819a66b366a8be16,bdfe8110-0d155952e4001c71,0.7848101265822784,0.788135593220339
c57a973e-819a66b366a8be16,11c2ab99-79ea707e2165e2bd,0.7848101265822784,0.788135593220339
bdfe8110-0d155952e4001c71,28c2d81a-3eecc566cc4a7785,0.7777777777777778,0.8235294117647058
11c2ab99-79ea707e2165e2bd,28c2d81a-3eecc566cc4a7785,0.7777777777777778,0.8235294117647058
5e8d1aaa-dfb1ced6b91ff94d,c4d04ce7-a72b293277badd3e,0.7758007117437722,0.8384615384615385
8f6421f3-958f921ae60910fc,2b2d3b84-50128d26a6131abb,0.7741935483870968,0.8135593220338984
4d25818e-e9fd9bc48a79af0b,00c0b82a-a23297c71634ae34,0.7692307692307693,0.8333333333333334
3c667d4f-524cd7f06bda5cb0,e1a5831a-c8275bfedd968e8c,0.7681159420289855,0.8983050847457628
00c0b82a-a23297c71634ae34,e1a5831a-c8275bfedd968e8c,0.7651006711409396,0.8142857142857143
0fdc80c5-eb4012f9f5755db9,8f6421f3-958f921ae60910fc,0.7631578947368421,0.7909090909090909
00c0b82a-a23297c71634ae34,ee270b2a-4a0d00c96498d123,0.7605633802816901,0.7714285714285715
0fdc80c5-eb4012f9f5755db9,28c2d81a-3eecc566cc4a7785,0.757201646090535,0.8363636363636363
00c0b82a-a23297c71634ae34,aaccc000-cd3027809553b409,0.7571428571428571,0.7571428571428571
4f7af821-33eae9882a2e0752,00c0b82a-a23297c71634ae34,0.7538461538461538,0.8166666666666667
80c384e4-af35838eb0b75e7d,ee270b2a-4a0d00c96498d123,0.75,0.796875
967b67b0-b5ba1c50df880f8d,ee270b2a-4a0d00c96498d123,0.75,0.796875
4d25818e-e9fd9bc48a79af0b,56a90e79-16bd8e2b99bf96c1,0.7480916030534351,0.8166666666666667
e18ae6a1-25d9c5607673aa1b,2b2d3b84-50128d26a6131abb,0.7449392712550608,0.7863247863247863
d12f26f0-5b1bf0f619c49fd6,e18ae6a1-25d9c5607673aa1b,0.7433628318584071,0.7706422018348624
bdfe8110-0d155952e4001c71,e6a6e318-96fd4026eb65edf5,0.7417218543046358,0.9411764705882353
11c2ab99-79ea707e2165e2bd,e6a6e318-96fd4026eb65edf5,0.7417218543046358,0.9411764705882353
3c667d4f-524cd7f06bda5cb0,56a90e79-16bd8e2b99bf96c1,0.7384615384615385,0.8135593220338984
4f7af821-33eae9882a2e0752,e1a5831a-c8275bfedd968e8c,0.7338129496402878,0.85
4d25818e-e9fd9bc48a79af0b,e1a5831a-c8275bfedd968e8c,0.7338129496402878,0.85
2f8c3bf3-e73d8329c1717cd5,bb0949b3-2ee7bbd7615b6bc8,0.732824427480916,0.7741935483870968
2b2d3b84-50128d26a6131abb,7ae0cb0d-94a5a65427bbd458,0.7299270072992701,0.7692307692307693
2b2d3b84-50128d26a6131abb,a8e2cefc-63afc29d990cf7ec,0.7252747252747253,0.7615384615384615
00c0b82a-a23297c71634ae34,56a90e79-16bd8e2b99bf96c1,0.723404255319149,0.7285714285714285
2b2d3b84-50128d26a6131abb,268eb6c6-84e03a0110527cca,0.7226277372262774,0.7615384615384615
2b2d3b84-50128d26a6131abb,d77f722c-795a62abdcc8fb0e,0.7218045112781954,0.7384615384615385
8639f6c6-3f6123942d64b527,7ae0cb0d-94a5a65427bbd458,0.7205882352941176,0.765625
0fdc80c5-eb4012f9f5755db9,c57a973e-819a66b366a8be16,0.7192982456140351,0.7454545454545455
3c667d4f-524cd7f06bda5cb0,bb0949b3-2ee7bbd7615b6bc8,0.71875,0.7796610169491526
8f6421f3-958f921ae60910fc,bdfe8110-0d155952e4001c71,0.7172995780590717,0.7203389830508474
8f6421f3-958f921ae60910fc,11c2ab99-79ea707e2165e2bd,0.7172995780590717,0.7203389830508474
c57a973e-819a66b366a8be16,ea2fc2bc-8be44aae4b99d930,0.7160493827160493,0.7372881355932204
e18ae6a1-25d9c5607673aa1b,c57a973e-819a66b366a8be16,0.7148936170212766,0.717948717948718
0fdc80c5-eb4012f9f5755db9,e18ae6a1-25d9c5607673aa1b,0.7136563876651982,0.7363636363636363
bb0949b3-2ee7bbd7615b6bc8,ee270b2a-4a0d00c96498d123,0.7092198581560284,0.7246376811594203
4f7af821-33eae9882a2e0752,2f8c3bf3-e73d8329c1717cd5,0.7049180327868853,0.7166666666666667
4d25818e-e9fd9bc48a79af0b,2f8c3bf3-e73d8329c1717cd5,0.7049180327868853,0.7166666666666667
c57a973e-819a66b366a8be16,28c2d81a-3eecc566cc4a7785,0.701195219123506,0.7457627118644068
2b2d3b84-50128d26a6131abb,a4e1511a-bea2751ccbd782bf,0.7,0.7
8f6421f3-958f921ae60910fc,a8e2cefc-63afc29d990cf7ec,0.6973180076628352,0.7711864406779662
48c5f745-a816068dedd9d00e,48993e07-b7b5015b1aebd2a4,0.6924564796905223,0.8523809523809524
8f6421f3-958f921ae60910fc,ea2fc2bc-8be44aae4b99d930,0.691358024691358,0.711864406779661
bdfe8110-0d155952e4001c71,0048a372-7b27dc892c2c87b5,0.6872586872586872,0.7478991596638656
11c2ab99-79ea707e2165e2bd,0048a372-7b27dc892c2c87b5,0.6872586872586872,0.7478991596638656
2f8c3bf3-e73d8329c1717cd5,ee270b2a-4a0d00c96498d123,0.6865671641791045,0.7419354838709677
8639f6c6-3f6123942d64b527,f870e76b-d3836deeb4de0406,0.6846153846153846,0.6953125
0fdc80c5-eb4012f9f5755db9,2b2d3b84-50128d26a6131abb,0.6833333333333333,0.7454545454545455
8639f6c6-3f6123942d64b527,2b2d3b84-50128d26a6131abb,0.6821705426356589,0.6875
3c667d4f-524cd7f06bda5cb0,aaccc000-cd3027809553b409,0.6821705426356589,0.7457627118644068
4d25818e-e9fd9bc48a79af0b,bb0949b3-2ee7bbd7615b6bc8,0.6821705426356589,0.7333333333333333
8f6421f3-958f921ae60910fc,d77f722c-795a62abdcc8fb0e,0.6771653543307087,0.7288135593220338
bb0949b3-2ee7bbd7615b6bc8,df594a00-6c0978a0f56b9ed7,0.6751592356687898,0.7681159420289855
ea2fc2bc-8be44aae4b99d930,28c2d81a-3eecc566cc4a7785,0.6744186046511628,0.696
bdfe8110-0d155952e4001c71,3cf63146-6ee67beae368cb31,0.6731391585760518,0.8739495798319328
11c2ab99-79ea707e2165e2bd,3cf63146-6ee67beae368cb31,0.6731391585760518,0.8739495798319328
0fdc80c5-eb4012f9f5755db9,ea2fc2bc-8be44aae4b99d930,0.6723404255319149,0.7181818181818181
80c384e4-af35838eb0b75e7d,00c0b82a-a23297c71634ae34,0.6716417910447762,0.703125
967b67b0-b5ba1c50df880f8d,00c0b82a-a23297c71634ae34,0.6716417910447762,0.703125
d12f26f0-5b1bf0f619c49fd6,2b2d3b84-50128d26a6131abb,0.6694560669456067,0.7339449541284404
8f6421f3-958f921ae60910fc,28c2d81a-3eecc566cc4a7785,0.6693227091633466,0.711864406779661
8f6421f3-958f921ae60910fc,8639f6c6-3f6123942d64b527,0.6666666666666666,0.6949152542372882
2f8c3bf3-e73d8329c1717cd5,00c0b82a-a23297c71634ae34,0.6666666666666666,0.7096774193548387
d77f722c-795a62abdcc8fb0e,a7894e0b-0202afc2359426ca,0.6620689655172414,0.7058823529411765
8f6421f3-958f921ae60910fc,a7894e0b-0202afc2359426ca,0.6617647058823529,0.7627118644067796
c57a973e-819a66b366a8be16,a7894e0b-0202afc2359426ca,0.6617647058823529,0.7627118644067796
bdfe8110-0d155952e4001c71,fadc1365-f858db247859fe5f,0.6607669616519174,0.9411764705882353
11c2ab99-79ea707e2165e2bd,fadc1365-f858db247859fe5f,0.6607669616519174,0.9411764705882353
28c2d81a-3eecc566cc4a7785,e6a6e318-96fd4026eb65edf5,0.6582278481012658,0.7819548872180451
8f6421f3-958f921ae60910fc,7ae0cb0d-94a5a65427bbd458,0.6564885496183206,0.7288135593220338
4f7af821-33eae9882a2e0752,56a90e79-16bd8e2b99bf96c1,0.6564885496183206,0.7166666666666667
810cf242-6c100eed34676e90,ea2fc2bc-8be44aae4b99d930,0.6558704453441295,0.6639344262295082
3c667d4f-524cd7f06bda5cb0,c57a973e-819a66b366a8be16,0.655367231638418,0.9830508474576272
3cf63146-6ee67beae368cb31,c0aa6246-12d3d767c8ca9064,0.6536585365853659,0.7052631578947368
bdfe8110-0d155952e4001c71,f870e76b-d3836deeb4de0406,0.6533864541832669,0.6890756302521008
11c2ab99-79ea707e2165e2bd,f870e76b-d3836deeb4de0406,0.6533864541832669,0.6890756302521008
56a90e79-16bd8e2b99bf96c1,e1a5831a-c8275bfedd968e8c,0.6533333333333333,0.6901408450704225
20012377-c8b711b6bd0ca533,c220c822-481cdf45cef307f8,0.6531365313653137,0.7937219730941704
079ad09e-aa293a47b55193eb,c220c822-481cdf45cef307f8,0.6531365313653137,0.7937219730941704
e18ae6a1-25d9c5607673aa1b,ea2fc2bc-8be44aae4b99d930,0.6528925619834711,0.6752136752136753
e18ae6a1-25d9c5607673aa1b,bdfe8110-0d155952e4001c71,0.652542372881356,0.6581196581196581
e18ae6a1-25d9c5607673aa1b,11c2ab99-79ea707e2165e2bd,0.652542372881356,0.6581196581196581
c57a973e-819a66b366a8be16,e6a6e318-96fd4026eb65edf5,0.6511627906976745,0.8305084745762712
4f7af821-33eae9882a2e0752,bb0949b3-2ee7bbd7615b6bc8,0.6511627906976745,0.7
c57a973e-819a66b366a8be16,810cf242-6c100eed34676e90,0.65,0.6610169491525424
c57a973e-819a66b366a8be16,f870e76b-d3836deeb4de0406,0.648,0.6864406779661016
5e8d1aaa-dfb1ced6b91ff94d,a7894e0b-0202afc2359426ca,0.647887323943662,0.7076923076923077
c4d04ce7-a72b293277badd3e,e6a6e318-96fd4026eb65edf5,0.6467065868263473,0.7152317880794702
5e8d1aaa-dfb1ced6b91ff94d,d77f722c-795a62abdcc8fb0e,0.6466165413533834,0.6615384615384615
a3abac01-a5aaba77aa0fc76b,505f8562-153b80964f03522c,0.6462585034013606,0.6597222222222222
4d25818e-e9fd9bc48a79af0b,aaccc000-cd3027809553b409,0.6461538461538462,0.7
8f6421f3-958f921ae60910fc,5e8d1aaa-dfb1ced6b91ff94d,0.6451612903225806,0.6779661016949152
e18ae6a1-25d9c5607673aa1b,810cf242-6c100eed34676e90,0.6443514644351465,0.6581196581196581
e18ae6a1-25d9c5607673aa1b,7ae0cb0d-94a5a65427bbd458,0.6436781609195402,0.717948717948718
810cf242-6c100eed34676e90,28c2d81a-3eecc566cc4a7785,0.6431372549019608,0.6721311475409836
ea2fc2bc-8be44aae4b99d930,e6a6e318-96fd4026eb65edf5,0.6428571428571429,0.792
3c667d4f-524cd7f06bda5cb0,ee270b2a-4a0d00c96498d123,0.6412213740458015,0.711864406779661
c57a973e-819a66b366a8be16,268eb6c6-84e03a0110527cca,0.6412213740458015,0.711864406779661
e1a5831a-c8275bfedd968e8c,8f778337-feb0d359ab443e78,0.6390532544378699,0.6835443037974683
e18ae6a1-25d9c5607673aa1b,8f6421f3-958f921ae60910fc,0.6382978723404256,0.6410256410256411
4d25818e-e9fd9bc48a79af0b,ee270b2a-4a0d00c96498d123,0.6363636363636364,0.7
c57a973e-819a66b366a8be16,a8e2cefc-63afc29d990cf7ec,0.6360153256704981,0.7033898305084746
b6724dd9-caf9b13758ca6852,5e8d1aaa-dfb1ced6b91ff94d,0.6352941176470588,0.648
8f778337-feb0d359ab443e78,f28b8cb4-bb917f979b8b1e5f,0.6349206349206349,0.6666666666666666
3c667d4f-524cd7f06bda5cb0,8f778337-feb0d359ab443e78,0.6308724832214765,0.7966101694915254
aaccc000-cd3027809553b409,e1a5831a-c8275bfedd968e8c,0.6308724832214765,0.6714285714285714
4f7af821-33eae9882a2e0752,aaccc000-cd3027809553b409,0.6307692307692307,0.6833333333333333
4d25818e-e9fd9bc48a79af0b,c57a973e-819a66b366a8be16,0.6292134831460674,0.9333333333333333
5e8d1aaa-dfb1ced6b91ff94d,7ae0cb0d-94a5a65427bbd458,0.6277372262773723,0.6615384615384615
2f8c3bf3-e73d8329c1717cd5,df594a00-6c0978a0f56b9ed7,0.6266666666666667,0.7580645161290323
fa484fdd-937c6feffc490cb9,c220c822-481cdf45cef307f8,0.6262230919765166,0.8333333333333334
3c667d4f-524cd7f06bda5cb0,df594a00-6c0978a0f56b9ed7,0.6258503401360545,0.7796610169491526
e18ae6a1-25d9c5607673aa1b,d77f722c-795a62abdcc8fb0e,0.6245059288537549,0.6752136752136753
2f8c3bf3-e73d8329c1717cd5,e1a5831a-c8275bfedd968e8c,0.624113475177305,0.7096774193548387
0fdc80c5-eb4012f9f5755db9,0048a372-7b27dc892c2c87b5,0.624,0.7090909090909091
e1a5831a-c8275bfedd968e8c,df594a00-6c0978a0f56b9ed7,0.6227544910179641,0.6582278481012658
c57a973e-819a66b366a8be16,5e8d1aaa-dfb1ced6b91ff94d,0.6209677419354839,0.652542372881356
48c5f745-a816068dedd9d00e,8c591975-fee3ed7b98c29d64,0.6190476190476191,0.8047619047619048
0048a372-7b27dc892c2c87b5,c4d04ce7-a72b293277badd3e,0.6185567010309279,0.6428571428571429
3c667d4f-524cd7f06bda5cb0,bdfe8110-0d155952e4001c71,0.6179775280898876,0.9322033898305084
3c667d4f-524cd7f06bda5cb0,11c2ab99-79ea707e2165e2bd,0.6179775280898876,0.9322033898305084
0fdc80c5-eb4012f9f5755db9,d77f722c-795a62abdcc8fb0e,0.6178861788617886,0.6909090909090909
810cf242-6c100eed34676e90,e6a6e318-96fd4026eb65edf5,0.6163934426229508,0.7704918032786885
e18ae6a1-25d9c5607673aa1b,28c2d81a-3eecc566cc4a7785,0.616,0.6581196581196581
ea2fc2bc-8be44aae4b99d930,3cf63146-6ee67beae368cb31,0.6158730158730159,0.776
d77f722c-795a62abdcc8fb0e,268eb6c6-84e03a0110527cca,0.6142857142857143,0.6323529411764706
c57a973e-819a66b366a8be16,d77f722c-795a62abdcc8fb0e,0.6141732283464567,0.6610169491525424
4d25818e-e9fd9bc48a79af0b,8f778337-feb0d359ab443e78,0.6133333333333333,0.7666666666666667
4f7af821-33eae9882a2e0752,80c384e4-af35838eb0b75e7d,0.6129032258064516,0.6333333333333333
4f7af821-33eae9882a2e0752,967b67b0-b5ba1c50df880f8d,0.6129032258064516,0.6333333333333333
e18ae6a1-25d9c5607673aa1b,3cf63146-6ee67beae368cb31,0.6123778501628665,0.8034188034188035
d12f26f0-5b1bf0f619c49fd6,0fdc80c5-eb4012f9f5755db9,0.6118721461187214,0.6146788990825688
ea2fc2bc-8be44aae4b99d930,2b2d3b84-50128d26a6131abb,0.611764705882353,0.624
e6a6e318-96fd4026eb65edf5,3cf63146-6ee67beae368cb31,0.6112600536193029,0.6229508196721312
4d25818e-e9fd9bc48a79af0b,e18ae6a1-25d9c5607673aa1b,0.6101694915254238,0.9
c57a973e-819a66b366a8be16,8639f6c6-3f6123942d64b527,0.6097560975609756,0.635593220338983
0fdc80c5-eb4012f9f5755db9,e6a6e318-96fd4026eb65edf5,0.6075085324232082,0.8090909090909091
bdfe8110-0d155952e4001c71,c4d04ce7-a72b293277badd3e,0.6074074074074074,0.6890756302521008
11c2ab99-79ea707e2165e2bd,c4d04ce7-a72b293277badd3e,0.6074074074074074,0.6890756302521008
bb0949b3-2ee7bbd7615b6bc8,f28b8cb4-bb917f979b8b1e5f,0.6071428571428571,0.7391304347826086
e1a5831a-c8275bfedd968e8c,f28b8cb4-bb917f979b8b1e5f,0.6067415730337079,0.6835443037974683
2f8c3bf3-e73d8329c1717cd5,aaccc000-cd3027809553b409,0.6060606060606061,0.6451612903225806
4f7af821-33eae9882a2e0752,ee270b2a-4a0d00c96498d123,0.6060606060606061,0.6666666666666666
bb0949b3-2ee7bbd7615b6bc8,aaccc000-cd3027809553b409,0.60431654676259,0.6086956521739131
2f8c3bf3-e73d8329c1717cd5,e18ae6a1-25d9c5607673aa1b,0.6033519553072626,0.8709677419354839
4f7af821-33eae9882a2e0752,bdfe8110-0d155952e4001c71,0.6033519553072626,0.9
4f7af821-33eae9882a2e0752,11c2ab99-79ea707e2165e2bd,0.6033519553072626,0.9
0fdc80c5-eb4012f9f5755db9,f870e76b-d3836deeb4de0406,0.6033057851239669,0.6636363636363637
b9219544-92e2cc883e24a750,ec607ca1-4289fcb0a79e3456,0.6032689450222882,0.9022222222222223
2b2d3b84-50128d26a6131abb,f870e76b-d3836deeb4de0406,0.6030534351145038,0.6076923076923076
bdfe8110-0d155952e4001c71,2b2d3b84-50128d26a6131abb,0.6024096385542169,0.6302521008403361
11c2ab99-79ea707e2165e2bd,2b2d3b84-50128d26a6131abb,0.6024096385542169,0.6302521008403361
d77f722c-795a62abdcc8fb0e,7ae0cb0d-94a5a65427bbd458,0.6,0.6176470588235294
00c0b82a-a23297c71634ae34,2b2d3b84-50128d26a6131abb,0.6,0.8571428571428571
00c0b82a-a23297c71634ae34,0fdc80c5-eb4012f9f5755db9,0.6,0.7714285714285715
b6724dd9-caf9b13758ca6852,f870e76b-d3836deeb4de0406,0.5992217898832685,0.616
2b2d3b84-50128d26a6131abb,a7894e0b-0202afc2359426ca,0.5985915492957746,0.6538461538461539
8f6421f3-958f921ae60910fc,a4e1511a-bea2751ccbd782bf,0.5967741935483871,0.6271186440677966
2f8c3bf3-e73d8329c1717cd5,f28b8cb4-bb917f979b8b1e5f,0.5962732919254659,0.7741935483870968
aaccc000-cd3027809553b409,56a90e79-16bd8e2b99bf96c1,0.5957446808510638,0.6
8639f6c6-3f6123942d64b527,a7894e0b-0202afc2359426ca,0.5957446808510638,0.65625
df594a00-6c0978a0f56b9ed7,8f778337-feb0d359ab443e78,0.5955056179775281,0.6022727272727273
fcbe7917-527b4c7bcd90e160,8a39dbf5-7b2cf69c607f33e8,0.5948717948717949,0.6236559139784946
fcbe7917-527b4c7bcd90e160,ff3283cf-ba41bd70d21a035e,0.5948717948717949,0.6236559139784946
4d25818e-e9fd9bc48a79af0b,df594a00-6c0978a0f56b9ed7,0.5945945945945946,0.7333333333333333
d12f26f0-5b1bf0f619c49fd6,71c7ac71-104324308e29828f,0.5945945945945946,0.6055045871559633
ea2fc2bc-8be44aae4b99d930,c4d04ce7-a72b293277badd3e,0.5942028985507246,0.656
505f8562-153b80964f03522c,4548305b-08b9f6e926231e7f,0.5934065934065934,0.63
505f8562-153b80964f03522c,4548305b-6b2cbf197d80b87c,0.5934065934065934,0.63
4d25818e-e9fd9bc48a79af0b,bdfe8110-0d155952e4001c71,0.5921787709497207,0.8833333333333333
4d25818e-e9fd9bc48a79af0b,11c2ab99-79ea707e2165e2bd,0.5921787709497207,0.8833333333333333
3cf63146-6ee67beae368cb31,0b5cff5a-85797cc0b56a2e03,0.5915492957746479,0.6631578947368421
ea2fc2bc-8be44aae4b99d930,f870e76b-d3836deeb4de0406,0.5914396887159533,0.608
fcbe7917-527b4c7bcd90e160,953ac418-8f7cfb9d58d993fd,0.5903083700440529,0.7204301075268817
28c2d81a-3eecc566cc4a7785,fadc1365-f858db247859fe5f,0.5892351274787535,0.7819548872180451
4d25818e-e9fd9bc48a79af0b,0fdc80c5-eb4012f9f5755db9,0.5882352941176471,0.8333333333333334
28c2d81a-3eecc566cc4a7785,3cf63146-6ee67beae368cb31,0.5882352941176471,0.7142857142857143
505f8562-153b80964f03522c,be3b1289-427649625057af89,0.5880503144654088,0.6233333333333333
c1fef98f-50ede0b8704be38a,a3abac01-a5aaba77aa0fc76b,0.5875912408759124,0.6192307692307693
ee270b2a-4a0d00c96498d123,df594a00-6c0978a0f56b9ed7,0.5875,0.6527777777777778
f870e76b-d3836deeb4de0406,a7894e0b-0202afc2359426ca,0.5874125874125874,0.6363636363636364
f870e76b-d3836deeb4de0406,7ae0cb0d-94a5a65427bbd458,0.5869565217391305,0.6136363636363636
a3abac01-a5aaba77aa0fc76b,be3b1289-427649625057af89,0.5865384615384616,0.6354166666666666
e18ae6a1-25d9c5607673aa1b,f870e76b-d3836deeb4de0406,0.5863453815261044,0.6239316239316239
0fdc80c5-eb4012f9f5755db9,810cf242-6c100eed34676e90,0.5862068965517241,0.6181818181818182
a4e1511a-bea2751ccbd782bf,a8e2cefc-63afc29d990cf7ec,0.5860805860805861,0.6153846153846154
a8e2cefc-63afc29d990cf7ec,a7894e0b-0202afc2359426ca,0.5858585858585859,0.6083916083916084
e1a5831a-c8275bfedd968e8c,bdfe8110-0d155952e4001c71,0.5858585858585859,0.7341772151898734
e1a5831a-c8275bfedd968e8c,11c2ab99-79ea707e2165e2bd,0.5858585858585859,0.7341772151898734
ee270b2a-4a0d00c96498d123,d12f26f0-5b1bf0f619c49fd6,0.585635359116022,0.7361111111111112
2b2d3b84-50128d26a6131abb,28c2d81a-3eecc566cc4a7785,0.5855513307984791,0.5923076923076923
3cf63146-6ee67beae368cb31,fadc1365-f858db247859fe5f,0.5853658536585366,0.631578947368421
268eb6c6-84e03a0110527cca,a7894e0b-0202afc2359426ca,0.5838926174496645,0.6041666666666666
e18ae6a1-25d9c5607673aa1b,0048a372-7b27dc892c2c87b5,0.5836575875486382,0.6410256410256411
268eb6c6-84e03a0110527cca,7ae0cb0d-94a5a65427bbd458,0.5833333333333334,0.5833333333333334
8639f6c6-3f6123942d64b527,d77f722c-795a62abdcc8fb0e,0.5833333333333334,0.6015625
bdfe8110-0d155952e4001c71,8639f6c6-3f6123942d64b527,0.582995951417004,0.6050420168067226
11c2ab99-79ea707e2165e2bd,8639f6c6-3f6123942d64b527,0.582995951417004,0.6050420168067226
810cf242-6c100eed34676e90,f870e76b-d3836deeb4de0406,0.5826771653543307,0.6065573770491803
00c0b82a-a23297c71634ae34,df594a00-6c0978a0f56b9ed7,0.5822784810126582,0.6571428571428571
c4d04ce7-a72b293277badd3e,fadc1365-f858db247859fe5f,0.5822102425876011,0.7152317880794702
e1a5831a-c8275bfedd968e8c,0fdc80c5-eb4012f9f5755db9,0.582010582010582,0.6962025316455697
00c0b82a-a23297c71634ae34,d12f26f0-5b1bf0f619c49fd6,0.5810055865921788,0.7428571428571429
d77f722c-795a62abdcc8fb0e,10bbe9de-263f759c42a0c822,0.580441640378549,0.6764705882352942
c57a973e-819a66b366a8be16,7ae0cb0d-94a5a65427bbd458,0.5801526717557252,0.6440677966101694
810cf242-6c100eed34676e90,0048a372-7b27dc892c2c87b5,0.5801526717557252,0.6229508196721312
c57a973e-819a66b366a8be16,fadc1365-f858db247859fe5f,0.5798816568047337,0.8305084745762712
28c2d81a-3eecc566cc4a7785,0048a372-7b27dc892c2c87b5,0.5787545787545788,0.5939849624060151
5e8d1aaa-dfb1ced6b91ff94d,a8e2cefc-63afc29d990cf7ec,0.5787545787545788,0.6076923076923076
e1a5831a-c8275bfedd968e8c,c57a973e-819a66b366a8be16,0.5786802030456852,0.7215189873417721
80c384e4-af35838eb0b75e7d,d12f26f0-5b1bf0f619c49fd6,0.5780346820809249,0.78125
967b67b0-b5ba1c50df880f8d,d12f26f0-5b1bf0f619c49fd6,0.5780346820809249,0.78125
5e8d1aaa-dfb1ced6b91ff94d,0048a372-7b27dc892c2c87b5,0.5777777777777777,0.6
aaccc000-cd3027809553b409,ee270b2a-4a0d00c96498d123,0.5774647887323944,0.5857142857142857
7ae0cb0d-94a5a65427bbd458,a7894e0b-0202afc2359426ca,0.5771812080536913,0.5972222222222222
d12f26f0-5b1bf0f619c49fd6,7ae0cb0d-94a5a65427bbd458,0.5770750988142292,0.6697247706422018
ea2fc2bc-8be44aae4b99d930,8639f6c6-3f6123942d64b527,0.5770750988142292,0.584
2b2d3b84-50128d26a6131abb,5e8d1aaa-dfb1ced6b91ff94d,0.5769230769230769,0.5769230769230769
28c2d81a-3eecc566cc4a7785,b505f95e-844ad4d8e01b16fb,0.5755395683453237,0.6015037593984962
8f6421f3-958f921ae60910fc,810cf242-6c100eed34676e90,0.575,0.5847457627118644
3c667d4f-524cd7f06bda5cb0,810cf242-6c100eed34676e90,0.574585635359116,0.8813559322033898
d77f722c-795a62abdcc8fb0e,fc80cbe0-a7415db88a189acf,0.5742574257425742,0.6397058823529411
71c7ac71-104324308e29828f,e18ae6a1-25d9c5607673aa1b,0.5739130434782609,0.584070796460177
ea2fc2bc-8be44aae4b99d930,fadc1365-f858db247859fe5f,0.5739130434782609,0.792
f870e76b-d3836deeb4de0406,28c2d81a-3eecc566cc4a7785,0.5735849056603773,0.5757575757575758
a3abac01-a5aaba77aa0fc76b,4548305b-08b9f6e926231e7f,0.5728,0.6215277777777778
a3abac01-a5aaba77aa0fc76b,4548305b-6b2cbf197d80b87c,0.5728,0.6215277777777778
c57a973e-819a66b366a8be16,a4e1511a-bea2751ccbd782bf,0.5725806451612904,0.6016949152542372
a8e2cefc-63afc29d990cf7ec,268eb6c6-84e03a0110527cca,0.5714285714285714,0.5734265734265734
2b2d3b84-50128d26a6131abb,0adb1ee5-3b312e6358ac7282,0.5690140845070423,0.7769230769230769
f339ef6f-45aadddb6e5b087e,c1fef98f-50ede0b8704be38a,0.5685483870967742,0.597457627118644
00c0b82a-a23297c71634ae34,f28b8cb4-bb917f979b8b1e5f,0.5680473372781065,0.6857142857142857
4f7af821-33eae9882a2e0752,df594a00-6c0978a0f56b9ed7,0.5675675675675675,0.7
0fdc80c5-eb4012f9f5755db9,5e8d1aaa-dfb1ced6b91ff94d,0.5666666666666667,0.6181818181818182
8639f6c6-3f6123942d64b527,268eb6c6-84e03a0110527cca,0.5661764705882353,0.6015625
48993e07-b7b5015b1aebd2a4,8c591975-fee3ed7b98c29d64,0.5660964230171073,0.5928338762214984
ea2fc2bc-8be44aae4b99d930,0048a372-7b27dc892c2c87b5,0.5660377358490566,0.6
f870e76b-d3836deeb4de0406,268eb6c6-84e03a0110527cca,0.5652173913043478,0.5909090909090909
1be078c4-472929b651186639,c0aa6246-12d3d767c8ca9064,0.5651105651105651,0.6149732620320856
f870e76b-d3836deeb4de0406,e6a6e318-96fd4026eb65edf5,0.5650793650793651,0.6742424242424242
8f6421f3-958f921ae60910fc,e6a6e318-96fd4026eb65edf5,0.5647840531561462,0.7203389830508474
810cf242-6c100eed34676e90,c4d04ce7-a72b293277badd3e,0.5641025641025641,0.6311475409836066
a7894e0b-0202afc2359426ca,e6a6e318-96fd4026eb65edf5,0.5637982195845698,0.6168831168831169
fadc1365-f858db247859fe5f,4548305b-08b9f6e926231e7f,0.5637342908438061,0.7136363636363636
fadc1365-f858db247859fe5f,4548305b-6b2cbf197d80b87c,0.5637342908438061,0.7136363636363636
0048a372-7b27dc892c2c87b5,3cf63146-6ee67beae368cb31,0.5636363636363636,0.6642857142857143
4f7af821-33eae9882a2e0752,c57a973e-819a66b366a8be16,0.5617977528089888,0.8333333333333334
e18ae6a1-25d9c5607673aa1b,a7894e0b-0202afc2359426ca,0.5608856088560885,0.6495726495726496
8f6421f3-958f921ae60910fc,f870e76b-d3836deeb4de0406,0.56,0.5932203389830508
4f7af821-33eae9882a2e0752,8f778337-feb0d359ab443e78,0.56,0.7
0adb1ee5-3b312e6358ac7282,be3b1289-427649625057af89,0.5597147950089126,0.6977777777777778
80c384e4-af35838eb0b75e7d,e1a5831a-c8275bfedd968e8c,0.5594405594405595,0.625
967b67b0-b5ba1c50df880f8d,e1a5831a-c8275bfedd968e8c,0.5594405594405595,0.625
8639f6c6-3f6123942d64b527,5e8d1aaa-dfb1ced6b91ff94d,0.5581395348837209,0.5625
0048a372-7b27dc892c2c87b5,e6a6e318-96fd4026eb65edf5,0.5572755417956656,0.6428571428571429
3c667d4f-524cd7f06bda5cb0,e18ae6a1-25d9c5607673aa1b,0.5568181818181818,0.8305084745762712
4d25818e-e9fd9bc48a79af0b,d12f26f0-5b1bf0f619c49fd6,0.5562130177514792,0.7833333333333333
be3b1289-427649625057af89,4548305b-08b9f6e926231e7f,0.5557206537890045,0.5565476190476191
be3b1289-427649625057af89,4548305b-6b2cbf197d80b87c,0.5557206537890045,0.5565476190476191
810cf242-6c100eed34676e90,fadc1365-f858db247859fe5f,0.5555555555555556,0.7786885245901639
bdfe8110-0d155952e4001c71,c0aa6246-12d3d767c8ca9064,0.5545722713864307,0.7899159663865546
11c2ab99-79ea707e2165e2bd,c0aa6246-12d3d767c8ca9064,0.5545722713864307,0.7899159663865546
3c667d4f-524cd7f06bda5cb0,ea2fc2bc-8be44aae4b99d930,0.5543478260869565,0.864406779661017
d12f26f0-5b1bf0f619c49fd6,810cf242-6c100eed34676e90,0.5541125541125541,0.5871559633027523
bb0949b3-2ee7bbd7615b6bc8,e1a5831a-c8275bfedd968e8c,0.5540540540540541,0.5942028985507246
7ae0cb0d-94a5a65427bbd458,10bbe9de-263f759c42a0c822,0.5538461538461539,0.625
e18ae6a1-25d9c5607673aa1b,a8e2cefc-63afc29d990cf7ec,0.5538461538461539,0.6153846153846154
c1fef98f-50ede0b8704be38a,505f8562-153b80964f03522c,0.5535714285714286,0.5961538461538461
00c0b82a-a23297c71634ae34,c57a973e-819a66b366a8be16,0.5531914893617021,0.7428571428571429
bb0949b3-2ee7bbd7615b6bc8,2b2d3b84-50128d26a6131abb,0.5527638190954773,0.7971014492753623
c1fef98f-50ede0b8704be38a,4548305b-08b9f6e926231e7f,0.5527638190954773,0.6346153846153846
c1fef98f-50ede0b8704be38a,4548305b-6b2cbf197d80b87c,0.5527638190954773,0.6346153846153846
2f8c3bf3-e73d8329c1717cd5,8f778337-feb0d359ab443e78,0.5526315789473685,0.6774193548387096
aaccc000-cd3027809553b409,9fd33d5a-211f949777137364,0.5517241379310345,0.6857142857142857
0fdc80c5-eb4012f9f5755db9,c4d04ce7-a72b293277badd3e,0.5517241379310345,0.6545454545454545
c4d04ce7-a72b293277badd3e,3cf63146-6ee67beae368cb31,0.5513196480938416,0.6225165562913907
e1a5831a-c8275bfedd968e8c,e18ae6a1-25d9c5607673aa1b,0.5510204081632653,0.6835443037974683
7ae0cb0d-94a5a65427bbd458,3cf63146-6ee67beae368cb31,0.5508982035928144,0.6388888888888888
a8e2cefc-63afc29d990cf7ec,7ae0cb0d-94a5a65427bbd458,0.5505226480836237,0.5524475524475524
c57a973e-819a66b366a8be16,968c1e7e-af09f49d4848ad95,0.55,0.7457627118644068
e6a6e318-96fd4026eb65edf5,0adb1ee5-3b312e6358ac7282,0.5490196078431373,0.6120218579234973
2b2d3b84-50128d26a6131abb,c1fef98f-50ede0b8704be38a,0.5487179487179488,0.823076923076923
8f6421f3-958f921ae60910fc,fc80cbe0-a7415db88a189acf,0.5473684210526316,0.6610169491525424
0fdc80c5-eb4012f9f5755db9,71c7ac71-104324308e29828f,0.547085201793722,0.5545454545454546
d12f26f0-5b1bf0f619c49fd6,ea2fc2bc-8be44aae4b99d930,0.5470085470085471,0.5871559633027523
56a90e79-16bd8e2b99bf96c1,fdd85afb-78cf4d5f5887f202,0.546583850931677,0.6197183098591549
8639f6c6-3f6123942d64b527,a8e2cefc-63afc29d990cf7ec,0.5461254612546126,0.578125
0b5cff5a-85797cc0b56a2e03,a3abac01-a5aaba77aa0fc76b,0.5458015267175572,0.6059322033898306
ee270b2a-4a0d00c96498d123,9fd33d5a-211f949777137364,0.5454545454545454,0.6666666666666666
aaccc000-cd3027809553b409,0fdc80c5-eb4012f9f5755db9,0.5444444444444444,0.7
e18ae6a1-25d9c5607673aa1b,268eb6c6-84e03a0110527cca,0.5440613026819924,0.6068376068376068
28c2d81a-3eecc566cc4a7785,a8e2cefc-63afc29d990cf7ec,0.5434782608695652,0.5639097744360902
71c7ac71-104324308e29828f,bdfe8110-0d155952e4001c71,0.5431034482758621,0.5575221238938053
71c7ac71-104324308e29828f,11c2ab99-79ea707e2165e2bd,0.5431034482758621,0.5575221238938053
bb0949b3-2ee7bbd7615b6bc8,56a90e79-16bd8e2b99bf96c1,0.5428571428571428,0.5507246376811594
80c384e4-af35838eb0b75e7d,71c7ac71-104324308e29828f,0.5423728813559322,0.75
3c667d4f-524cd7f06bda5cb0,8f6421f3-958f921ae60910fc,0.5423728813559322,0.8135593220338984
4f7af821-33eae9882a2e0752,e18ae6a1-25d9c5607673aa1b,0.5423728813559322,0.8
967b67b0-b5ba1c50df880f8d,71c7ac71-104324308e29828f,0.5423728813559322,0.75
28c2d81a-3eecc566cc4a7785,c4d04ce7-a72b293277badd3e,0.5422535211267606,0.5789473684210527
10bbe9de-263f759c42a0c822,f339ef6f-45aadddb6e5b087e,0.5419664268585132,0.6243093922651933
4f7af821-33eae9882a2e0752,259c1ea4-23a087ca7861c1b5,0.5416666666666666,0.65
2f8c3bf3-e73d8329c1717cd5,56a90e79-16bd8e2b99bf96c1,0.5413533834586466,0.5806451612903226
5e8d1aaa-dfb1ced6b91ff94d,0adb1ee5-3b312e6358ac7282,0.5408450704225352,0.7384615384615385
3c667d4f-524cd7f06bda5cb0,2b2d3b84-50128d26a6131abb,0.5396825396825397,0.864406779661017
d12f26f0-5b1bf0f619c49fd6,f870e76b-d3836deeb4de0406,0.5394190871369294,0.5963302752293578
0fdc80c5-eb4012f9f5755db9,fadc1365-f858db247859fe5f,0.5393939393939394,0.8090909090909091
810cf242-6c100eed34676e90,3cf63146-6ee67beae368cb31,0.5384615384615384,0.6885245901639344
e1a5831a-c8275bfedd968e8c,8f6421f3-958f921ae60910fc,0.5380710659898477,0.6708860759493671
d77f722c-795a62abdcc8fb0e,a8e2cefc-63afc29d990cf7ec,0.5376344086021505,0.5514705882352942
d12f26f0-5b1bf0f619c49fd6,c57a973e-819a66b366a8be16,0.5374449339207048,0.5596330275229358
0b5cff5a-85797cc0b56a2e03,505f8562-153b80964f03522c,0.5373134328358209,0.6101694915254238
4f7af821-33eae9882a2e0752,2b2d3b84-50128d26a6131abb,0.5368421052631579,0.85
4d25818e-e9fd9bc48a79af0b,2b2d3b84-50128d26a6131abb,0.5368421052631579,0.85
56a90e79-16bd8e2b99bf96c1,bdfe8110-0d155952e4001c71,0.5368421052631579,0.7183098591549296
56a90e79-16bd8e2b99bf96c1,11c2ab99-79ea707e2165e2bd,0.5368421052631579,0.7183098591549296
3c667d4f-524cd7f06bda5cb0,d12f26f0-5b1bf0f619c49fd6,0.5357142857142857,0.7627118644067796
ea2fc2bc-8be44aae4b99d930,7ae0cb0d-94a5a65427bbd458,0.5353159851301115,0.576
c0aa6246-12d3d767c8ca9064,0b5cff5a-85797cc0b56a2e03,0.5350877192982456,0.5545454545454546
71c7ac71-104324308e29828f,2b2d3b84-50128d26a6131abb,0.5349794238683128,0.5752212389380531
e6a6e318-96fd4026eb65edf5,4548305b-08b9f6e926231e7f,0.5346153846153846,0.7595628415300546
e6a6e318-96fd4026eb65edf5,4548305b-6b2cbf197d80b87c,0.5346153846153846,0.7595628415300546
e18ae6a1-25d9c5607673aa1b,e6a6e318-96fd4026eb65edf5,0.5333333333333333,0.6837606837606838
80c384e4-af35838eb0b75e7d,56a90e79-16bd8e2b99bf96c1,0.5333333333333333,0.5625
0fdc80c5-eb4012f9f5755db9,3cf63146-6ee67beae368cb31,0.5333333333333333,0.7272727272727273
4f7af821-33eae9882a2e0752,fdd85afb-78cf4d5f5887f202,0.5333333333333333,0.6666666666666666
967b67b0-b5ba1c50df880f8d,56a90e79-16bd8e2b99bf96c1,0.5333333333333333,0.5625
4d25818e-e9fd9bc48a79af0b,fdd85afb-78cf4d5f5887f202,0.5333333333333333,0.6666666666666666
a4e1511a-bea2751ccbd782bf,268eb6c6-84e03a0110527cca,0.5328467153284672,0.5615384615384615
3c667d4f-524cd7f06bda5cb0,0fdc80c5-eb4012f9f5755db9,0.5325443786982249,0.7627118644067796
c57a973e-819a66b366a8be16,3cf63146-6ee67beae368cb31,0.5324675324675324,0.6949152542372882
8f6421f3-958f921ae60910fc,b505f95e-844ad4d8e01b16fb,0.532319391634981,0.5932203389830508
bb0949b3-2ee7bbd7615b6bc8,bdfe8110-0d155952e4001c71,0.5319148936170213,0.7246376811594203
bb0949b3-2ee7bbd7615b6bc8,11c2ab99-79ea707e2165e2bd,0.5319148936170213,0.7246376811594203
7ae0cb0d-94a5a65427bbd458,f339ef6f-45aadddb6e5b087e,0.531578947368421,0.7013888888888888
2f8c3bf3-e73d8329c1717cd5,2b2d3b84-50128d26a6131abb,0.53125,0.8225806451612904
3c667d4f-524cd7f06bda5cb0,28c2d81a-3eecc566cc4a7785,0.53125,0.864406779661017
7ae0cb0d-94a5a65427bbd458,0adb1ee5-3b312e6358ac7282,0.5311653116531165,0.6805555555555556
c57a973e-819a66b366a8be16,1be078c4-472929b651186639,0.5311475409836065,0.6864406779661016
c0aa6246-12d3d767c8ca9064,505f8562-153b80964f03522c,0.5307692307692308,0.6272727272727273
e18ae6a1-25d9c5607673aa1b,8639f6c6-3f6123942d64b527,0.5306122448979592,0.5555555555555556
df594a00-6c0978a0f56b9ed7,fcbe7917-527b4c7bcd90e160,0.5303867403314917,0.5454545454545454
fadc1365-f858db247859fe5f,0adb1ee5-3b312e6358ac7282,0.5303370786516854,0.5363636363636364
0fdc80c5-eb4012f9f5755db9,a7894e0b-0202afc2359426ca,0.5303030303030303,0.6363636363636364
b505f95e-844ad4d8e01b16fb,1be078c4-472929b651186639,0.5301204819277109,0.6068965517241379
ea2fc2bc-8be44aae4b99d930,a8e2cefc-63afc29d990cf7ec,0.5298507462686567,0.568
ee270b2a-4a0d00c96498d123,71c7ac71-104324308e29828f,0.5297297297297298,0.6805555555555556
d12f26f0-5b1bf0f619c49fd6,268eb6c6-84e03a0110527cca,0.5296442687747036,0.6146788990825688
4f7af821-33eae9882a2e0752,0fdc80c5-eb4012f9f5755db9,0.5294117647058824,0.75
d12f26f0-5b1bf0f619c49fd6,28c2d81a-3eecc566cc4a7785,0.5289256198347108,0.5871559633027523
8639f6c6-3f6123942d64b527,fc80cbe0-a7415db88a189acf,0.5288135593220339,0.609375
b6724dd9-caf9b13758ca6852,d77f722c-795a62abdcc8fb0e,0.5287356321839081,0.552
8f6421f3-958f921ae60910fc,10bbe9de-263f759c42a0c822,0.5284280936454849,0.6694915254237288
a4e1511a-bea2751ccbd782bf,a7894e0b-0202afc2359426ca,0.528169014084507,0.5769230769230769
4d25818e-e9fd9bc48a79af0b,259c1ea4-23a087ca7861c1b5,0.5277777777777778,0.6333333333333333
bb0949b3-2ee7bbd7615b6bc8,71c7ac71-104324308e29828f,0.5274725274725275,0.6956521739130435
0fdc80c5-eb4012f9f5755db9,c0aa6246-12d3d767c8ca9064,0.5272727272727272,0.7909090909090909
8f6421f3-958f921ae60910fc,0048a372-7b27dc892c2c87b5,0.5271317829457365,0.576271186440678
c57a973e-819a66b366a8be16,0048a372-7b27dc892c2c87b5,0.5271317829457365,0.576271186440678
28c2d81a-3eecc566cc4a7785,7ae0cb0d-94a5a65427bbd458,0.5270758122743683,0.5488721804511278
5e8d1aaa-dfb1ced6b91ff94d,f870e76b-d3836deeb4de0406,0.5267175572519084,0.5307692307692308
ba9b94f7-6947cf384b45cdcc,953ac418-8f7cfb9d58d993fd,0.5263157894736842,0.5752212389380531
bb0949b3-2ee7bbd7615b6bc8,0fdc80c5-eb4012f9f5755db9,0.5251396648044693,0.6811594202898551
0adb1ee5-3b312e6358ac7282,f339ef6f-45aadddb6e5b087e,0.5249457700650759,0.5377777777777778
bdfe8110-0d155952e4001c71,7ae0cb0d-94a5a65427bbd458,0.5247148288973384,0.5798319327731093
11c2ab99-79ea707e2165e2bd,7ae0cb0d-94a5a65427bbd458,0.5247148288973384,0.5798319327731093
5e8d1aaa-dfb1ced6b91ff94d,28c2d81a-3eecc566cc4a7785,0.5247148288973384,0.5307692307692308
2f8c3bf3-e73d8329c1717cd5,80c384e4-af35838eb0b75e7d,0.5238095238095238,0.532258064516129
2f8c3bf3-e73d8329c1717cd5,967b67b0-b5ba1c50df880f8d,0.5238095238095238,0.532258064516129
d12f26f0-5b1bf0f619c49fd6,8639f6c6-3f6123942d64b527,0.5232067510548524,0.5688073394495413
7ae0cb0d-94a5a65427bbd458,a3abac01-a5aaba77aa0fc76b,0.5231481481481481,0.7847222222222222
aaccc000-cd3027809553b409,ea2fc2bc-8be44aae4b99d930,0.5230769230769231,0.7285714285714285
28c2d81a-3eecc566cc4a7785,a7894e0b-0202afc2359426ca,0.5226480836236934,0.5639097744360902
08b9908d-2314ade53a73911d,351c9206-26c578b98ea64fce,0.5224839400428265,0.5641618497109827
08b9908d-2314ade53a73911d,2b9dfed3-26c578b98ea64fce,0.5224839400428265,0.5641618497109827
e18ae6a1-25d9c5607673aa1b,c0aa6246-12d3d767c8ca9064,0.5222551928783383,0.7521367521367521
bdfe8110-0d155952e4001c71,5e8d1aaa-dfb1ced6b91ff94d,0.5220883534136547,0.5462184873949579
11c2ab99-79ea707e2165e2bd,5e8d1aaa-dfb1ced6b91ff94d,0.5220883534136547,0.5462184873949579
ea2fc2bc-8be44aae4b99d930,c0aa6246-12d3d767c8ca9064,0.5217391304347826,0.72
e6a6e318-96fd4026eb65edf5,505f8562-153b80964f03522c,0.5217391304347826,0.6885245901639344
b6724dd9-caf9b13758ca6852,c4d04ce7-a72b293277badd3e,0.5217391304347826,0.576
0fdc80c5-eb4012f9f5755db9,a8e2cefc-63afc29d990cf7ec,0.5217391304347826,0.6
8639f6c6-3f6123942d64b527,28c2d81a-3eecc566cc4a7785,0.5210727969348659,0.53125
7ae0cb0d-94a5a65427bbd458,fc80cbe0-a7415db88a189acf,0.5209003215434084,0.5625
4f7af821-33eae9882a2e0752,d12f26f0-5b1bf0f619c49fd6,0.5207100591715976,0.7333333333333333
c57a973e-819a66b366a8be16,c4d04ce7-a72b293277badd3e,0.5204460966542751,0.5932203389830508
3c667d4f-524cd7f06bda5cb0,80c384e4-af35838eb0b75e7d,0.5203252032520326,0.5423728813559322
3c667d4f-524cd7f06bda5cb0,967b67b0-b5ba1c50df880f8d,0.5203252032520326,0.5423728813559322
3cf63146-6ee67beae368cb31,c1fef98f-50ede0b8704be38a,0.52,0.6157894736842106
7ae0cb0d-94a5a65427bbd458,c1fef98f-50ede0b8704be38a,0.5198019801980198,0.7291666666666666
8f6421f3-958f921ae60910fc,3cf63146-6ee67beae368cb31,0.5194805194805194,0.6779661016949152
8f6421f3-958f921ae60910fc,268eb6c6-84e03a0110527cca,0.5190839694656488,0.576271186440678
a7894e0b-0202afc2359426ca,fadc1365-f858db247859fe5f,0.5187165775401069,0.6298701298701299
bb0949b3-2ee7bbd7615b6bc8,fcbe7917-527b4c7bcd90e160,0.5185185185185185,0.6086956521739131
56a90e79-16bd8e2b99bf96c1,c57a973e-819a66b366a8be16,0.5185185185185185,0.6901408450704225
5e8d1aaa-dfb1ced6b91ff94d,268eb6c6-84e03a0110527cca,0.5182481751824818,0.5461538461538461
8f6421f3-958f921ae60910fc,1be078c4-472929b651186639,0.5180327868852459,0.6694915254237288
c4d04ce7-a72b293277badd3e,a7894e0b-0202afc2359426ca,0.5180327868852459,0.5231788079470199
a7894e0b-0202afc2359426ca,f339ef6f-45aadddb6e5b087e,0.517948717948718,0.6558441558441559
ea2fc2bc-8be44aae4b99d930,5e8d1aaa-dfb1ced6b91ff94d,0.5176470588235295,0.528
3c667d4f-524cd7f06bda5cb0,259c1ea4-23a087ca7861c1b5,0.5174825174825175,0.6271186440677966
0b5cff5a-85797cc0b56a2e03,be3b1289-427649625057af89,0.5174825174825175,0.6271186440677966
4f7af821-33eae9882a2e0752,8f6421f3-958f921ae60910fc,0.5168539325842697,0.7666666666666667
4d25818e-e9fd9bc48a79af0b,8f6421f3-958f921ae60910fc,0.5168539325842697,0.7666666666666667
4d25818e-e9fd9bc48a79af0b,810cf242-6c100eed34676e90,0.5164835164835165,0.7833333333333333
f870e76b-d3836deeb4de0406,0b5cff5a-85797cc0b56a2e03,0.5163043478260869,0.7196969696969697
4d25818e-e9fd9bc48a79af0b,80c384e4-af35838eb0b75e7d,0.5161290322580645,0.5333333333333333
4d25818e-e9fd9bc48a79af0b,967b67b0-b5ba1c50df880f8d,0.5161290322580645,0.5333333333333333
7ae0cb0d-94a5a65427bbd458,0b5cff5a-85797cc0b56a2e03,0.5157894736842106,0.6805555555555556
f870e76b-d3836deeb4de0406,d77f722c-795a62abdcc8fb0e,0.5149253731343284,0.5227272727272727
2f8c3bf3-e73d8329c1717cd5,d12f26f0-5b1bf0f619c49fd6,0.5146198830409356,0.7096774193548387
7ae0cb0d-94a5a65427bbd458,e6a6e318-96fd4026eb65edf5,0.5137614678899083,0.5833333333333334
7ae0cb0d-94a5a65427bbd458,505f8562-153b80964f03522c,0.5135135135135135,0.7916666666666666
00c0b82a-a23297c71634ae34,e18ae6a1-25d9c5607673aa1b,0.5133689839572193,0.6857142857142857
a7894e0b-0202afc2359426ca,0adb1ee5-3b312e6358ac7282,0.5118733509234829,0.6298701298701299
0fdc80c5-eb4012f9f5755db9,7ae0cb0d-94a5a65427bbd458,0.5118110236220472,0.5909090909090909
0fdc80c5-eb4012f9f5755db9,268eb6c6-84e03a0110527cca,0.5118110236220472,0.5909090909090909
2b2d3b84-50128d26a6131abb,fc80cbe0-a7415db88a189acf,0.5117845117845118,0.5846153846153846
8639f6c6-3f6123942d64b527,a4e1511a-bea2751ccbd782bf,0.5116279069767442,0.515625
8639f6c6-3f6123942d64b527,10bbe9de-263f759c42a0c822,0.511326860841424,0.6171875
e6a6e318-96fd4026eb65edf5,c0aa6246-12d3d767c8ca9064,0.511166253101737,0.5628415300546448
5e8d1aaa-dfb1ced6b91ff94d,1be078c4-472929b651186639,0.5110410094637224,0.6230769230769231
0adb1ee5-3b312e6358ac7282,505f8562-153b80964f03522c,0.5104761904761905,0.5955555555555555
8639f6c6-3f6123942d64b527,0adb1ee5-3b312e6358ac7282,0.509915014164306,0.703125
0b5cff5a-85797cc0b56a2e03,4548305b-08b9f6e926231e7f,0.5095986038394416,0.6186440677966102
0b5cff5a-85797cc0b56a2e03,4548305b-6b2cbf197d80b87c,0.5095986038394416,0.6186440677966102
c57a973e-819a66b366a8be16,10bbe9de-263f759c42a0c822,0.5083612040133779,0.6440677966101694
c0aa6246-12d3d767c8ca9064,c1fef98f-50ede0b8704be38a,0.5083333333333333,0.5545454545454546
4f7af821-33eae9882a2e0752,ea2fc2bc-8be44aae4b99d930,0.5081081081081081,0.7833333333333333
4d25818e-e9fd9bc48a79af0b,ea2fc2bc-8be44aae4b99d930,0.5081081081081081,0.7833333333333333
0b5cff5a-85797cc0b56a2e03,c1fef98f-50ede0b8704be38a,0.5080645161290323,0.5338983050847458
810cf242-6c100eed34676e90,2b2d3b84-50128d26a6131abb,0.5079365079365079,0.5245901639344263
4d25818e-e9fd9bc48a79af0b,28c2d81a-3eecc566cc4a7785,0.5077720207253886,0.8166666666666667
fadc1365-f858db247859fe5f,505f8562-153b80964f03522c,0.5076923076923077,0.6
7ae0cb0d-94a5a65427bbd458,1be078c4-472929b651186639,0.5075528700906344,0.5833333333333334
810cf242-6c100eed34676e90,a7894e0b-0202afc2359426ca,0.5072463768115942,0.5737704918032787
810cf242-6c100eed34676e90,0adb1ee5-3b312e6358ac7282,0.5072046109510087,0.7213114754098361
aaccc000-cd3027809553b409,259c1ea4-23a087ca7861c1b5,0.5064935064935064,0.5571428571428572
2b2d3b84-50128d26a6131abb,3cf63146-6ee67beae368cb31,0.50625,0.6230769230769231
d12f26f0-5b1bf0f619c49fd6,d77f722c-795a62abdcc8fb0e,0.5061224489795918,0.5688073394495413
71c7ac71-104324308e29828f,d77f722c-795a62abdcc8fb0e,0.5060240963855421,0.5575221238938053
1be078c4-472929b651186639,0b5cff5a-85797cc0b56a2e03,0.5059101654846335,0.5721925133689839
bdfe8110-0d155952e4001c71,a7894e0b-0202afc2359426ca,0.5054945054945055,0.5798319327731093
11c2ab99-79ea707e2165e2bd,a7894e0b-0202afc2359426ca,0.5054945054945055,0.5798319327731093
ee270b2a-4a0d00c96498d123,2b2d3b84-50128d26a6131abb,0.504950495049505,0.7083333333333334
1be078c4-472929b651186639,4548305b-08b9f6e926231e7f,0.5038167938931297,0.7058823529411765
1be078c4-472929b651186639,4548305b-6b2cbf197d80b87c,0.5038167938931297,0.7058823529411765
bdfe8110-0d155952e4001c71,a8e2cefc-63afc29d990cf7ec,0.5038167938931297,0.5546218487394958
11c2ab99-79ea707e2165e2bd,a8e2cefc-63afc29d990cf7ec,0.5038167938931297,0.5546218487394958
a4e1511a-bea2751ccbd782bf,7ae0cb0d-94a5a65427bbd458,0.5036496350364964,0.5307692307692308
ee270b2a-4a0d00c96498d123,e1a5831a-c8275bfedd968e8c,0.5033112582781457,0.5277777777777778
8f6421f3-958f921ae60910fc,fadc1365-f858db247859fe5f,0.5029585798816568,0.7203389830508474
810cf242-6c100eed34676e90,c0aa6246-12d3d767c8ca9064,0.5029239766081871,0.7049180327868853
2f8c3bf3-e73d8329c1717cd5,71c7ac71-104324308e29828f,0.5028571428571429,0.7096774193548387
2b2d3b84-50128d26a6131abb,10bbe9de-263f759c42a0c822,0.5016077170418006,0.6
8f6421f3-958f921ae60910fc,0adb1ee5-3b312e6358ac7282,0.5014577259475219,0.7288135593220338
e6a6e318-96fd4026eb65edf5,0b5cff5a-85797cc0b56a2e03,0.5011933174224343,0.5737704918032787
f5fb1b62-e0e35d308a40e712,04df7bb8-03b9893bdab1344d,0.5,0.5175438596491229
0048a372-7b27dc892c2c87b5,fadc1365-f858db247859fe5f,0.5,0.6428571428571429
fcbe7917-527b4c7bcd90e160,f28b8cb4-bb917f979b8b1e5f,0.5,0.5161290322580645
80c384e4-af35838eb0b75e7d,df594a00-6c0978a0f56b9ed7,0.5,0.59375
967b67b0-b5ba1c50df880f8d,df594a00-6c0978a0f56b9ed7,0.5,0.59375
2f8c3bf3-e73d8329c1717cd5,0fdc80c5-eb4012f9f5755db9,0.5,0.6935483870967742
bdfe8110-0d155952e4001c71,0adb1ee5-3b312e6358ac7282,0.5,0.7226890756302521
56a90e79-16bd8e2b99bf96c1,ea2fc2bc-8be44aae4b99d930,0.5,0.6901408450704225
fadc1365-f858db247859fe5f,a3abac01-a5aaba77aa0fc76b,0.5,0.5772727272727273
f870e76b-d3836deeb4de0406,fadc1365-f858db247859fe5f,0.5,0.6666666666666666
11c2ab99-79ea707e2165e2bd,0adb1ee5-3b312e6358ac7282,0.5,0.7226890756302521
8f6421f3-958f921ae60910fc,c4d04ce7-a72b293277badd3e,0.49814126394052044,0.5677966101694916
ea2fc2bc-8be44aae4b99d930,d77f722c-795a62abdcc8fb0e,0.49808429118773945,0.52
71c7ac71-104324308e29828f,0048a372-7b27dc892c2c87b5,0.4980237154150198,0.5575221238938053
a7894e0b-0202afc2359426ca,505f8562-153b80964f03522c,0.4977973568281938,0.7337662337662337
4f7af821-33eae9882a2e0752,28c2d81a-3eecc566cc4a7785,0.49740932642487046,0.8
2b2d3b84-50128d26a6131abb,f339ef6f-45aadddb6e5b087e,0.4972677595628415,0.7
2b2d3b84-50128d26a6131abb,c0aa6246-12d3d767c8ca9064,0.49714285714285716,0.6692307692307692
4f7af821-33eae9882a2e0752,fcbe7917-527b4c7bcd90e160,0.49673202614379086,0.6333333333333333
28c2d81a-3eecc566cc4a7785,1a400c1b-b126c6bfaffaf3ae,0.49635036496350365,0.5112781954887218
71c7ac71-104324308e29828f,28c2d81a-3eecc566cc4a7785,0.4959349593495935,0.5398230088495575
c0aa6246-12d3d767c8ca9064,fadc1365-f858db247859fe5f,0.4954545454545455,0.4954545454545455
f870e76b-d3836deeb4de0406,c4d04ce7-a72b293277badd3e,0.49469964664310956,0.5303030303030303
bb0949b3-2ee7bbd7615b6bc8,e18ae6a1-25d9c5607673aa1b,0.4946236559139785,0.6666666666666666
ea2fc2bc-8be44aae4b99d930,a7894e0b-0202afc2359426ca,0.4946236559139785,0.552
7ae0cb0d-94a5a65427bbd458,c0aa6246-12d3d767c8ca9064,0.4945054945054945,0.625
00c0b82a-a23297c71634ae34,3380fa52-397c19efc6ec4545,0.49411764705882355,0.6
3cf63146-6ee67beae368cb31,a3abac01-a5aaba77aa0fc76b,0.49372384937238495,0.6210526315789474
e18ae6a1-25d9c5607673aa1b,1be078c4-472929b651186639,0.4934210526315789,0.6410256410256411
268eb6c6-84e03a0110527cca,0adb1ee5-3b312e6358ac7282,0.4932249322493225,0.6319444444444444
2f8c3bf3-e73d8329c1717cd5,259c1ea4-23a087ca7861c1b5,0.4931506849315068,0.5806451612903226
b6724dd9-caf9b13758ca6852,0b5cff5a-85797cc0b56a2e03,0.4930747922437673,0.712
0048a372-7b27dc892c2c87b5,7ae0cb0d-94a5a65427bbd458,0.49295774647887325,0.5
a7894e0b-0202afc2359426ca,4548305b-08b9f6e926231e7f,0.49287169042769857,0.7857142857142857
a7894e0b-0202afc2359426ca,4548305b-6b2cbf197d80b87c,0.49287169042769857,0.7857142857142857
268eb6c6-84e03a0110527cca,10bbe9de-263f759c42a0c822,0.49230769230769234,0.5555555555555556
c57a973e-819a66b366a8be16,c1fef98f-50ede0b8704be38a,0.49206349206349204,0.788135593220339
df594a00-6c0978a0f56b9ed7,f28b8cb4-bb917f979b8b1e5f,0.4919786096256685,0.5227272727272727
bb0949b3-2ee7bbd7615b6bc8,c57a973e-819a66b366a8be16,0.4919786096256685,0.6666666666666666
8f778337-feb0d359ab443e78,fcbe7917-527b4c7bcd90e160,0.4918032786885246,0.5
0fdc80c5-eb4012f9f5755db9,a4e1511a-bea2751ccbd782bf,0.49166666666666664,0.5363636363636364
d12f26f0-5b1bf0f619c49fd6,bdfe8110-0d155952e4001c71,0.49122807017543857,0.5137614678899083
d12f26f0-5b1bf0f619c49fd6,11c2ab99-79ea707e2165e2bd,0.49122807017543857,0.5137614678899083
28c2d81a-3eecc566cc4a7785,d77f722c-795a62abdcc8fb0e,0.49070631970260226,0.49624060150375937
4d25818e-e9fd9bc48a79af0b,f28b8cb4-bb917f979b8b1e5f,0.49056603773584906,0.65
71c7ac71-104324308e29828f,268eb6c6-84e03a0110527cca,0.490272373540856,0.5575221238938053
3cf63146-6ee67beae368cb31,505f8562-153b80964f03522c,0.4897959183673469,0.631578947368421
1a400c1b-b126c6bfaffaf3ae,b505f95e-844ad4d8e01b16fb,0.48951048951048953,0.49645390070921985
56a90e79-16bd8e2b99bf96c1,ee270b2a-4a0d00c96498d123,0.48951048951048953,0.49295774647887325
f28b8cb4-bb917f979b8b1e5f,e7024f3e-583cf3dd9bb3e76a,0.48945147679324896,0.5858585858585859
aaccc000-cd3027809553b409,8f6421f3-958f921ae60910fc,0.48936170212765956,0.6571428571428571
fadc1365-f858db247859fe5f,be3b1289-427649625057af89,0.4892086330935252,0.6181818181818182
7ae0cb0d-94a5a65427bbd458,fadc1365-f858db247859fe5f,0.489010989010989,0.6180555555555556
2f8c3bf3-e73d8329c1717cd5,c57a973e-819a66b366a8be16,0.4888888888888889,0.7096774193548387
810cf242-6c100eed34676e90,7ae0cb0d-94a5a65427bbd458,0.48872180451127817,0.5327868852459017
810cf242-6c100eed34676e90,268eb6c6-84e03a0110527cca,0.48872180451127817,0.5327868852459017
e1a5831a-c8275bfedd968e8c,68d422ec-8e2a4607563a1184,0.48868778280542985,0.6835443037974683
c0aa6246-12d3d767c8ca9064,4548305b-08b9f6e926231e7f,0.4883303411131059,0.6181818181818182
c0aa6246-12d3d767c8ca9064,4548305b-6b2cbf197d80b87c,0.4883303411131059,0.6181818181818182
1be078c4-472929b651186639,3cf63146-6ee67beae368cb31,0.4880636604774536,0.4919786096256685
df594a00-6c0978a0f56b9ed7,e18ae6a1-25d9c5607673aa1b,0.4878048780487805,0.5681818181818182
a8e2cefc-63afc29d990cf7ec,10bbe9de-263f759c42a0c822,0.4876543209876543,0.5524475524475524
0adb1ee5-3b312e6358ac7282,4548305b-08b9f6e926231e7f,0.4875444839857651,0.6088888888888889
0adb1ee5-3b312e6358ac7282,4548305b-6b2cbf197d80b87c,0.4875444839857651,0.6088888888888889
aaccc000-cd3027809553b409,8f778337-feb0d359ab443e78,0.4875,0.5571428571428572
00c0b82a-a23297c71634ae34,8f778337-feb0d359ab443e78,0.4875,0.5571428571428572
4d25818e-e9fd9bc48a79af0b,3380fa52-397c19efc6ec4545,0.4875,0.65
0fdc80c5-eb4012f9f5755db9,8639f6c6-3f6123942d64b527,0.48739495798319327,0.5272727272727272
0adb1ee5-3b312e6358ac7282,a3abac01-a5aaba77aa0fc76b,0.4873294346978557,0.5555555555555556
ee270b2a-4a0d00c96498d123,e18ae6a1-25d9c5607673aa1b,0.48677248677248675,0.6388888888888888
c57a973e-819a66b366a8be16,b505f95e-844ad4d8e01b16fb,0.4866920152091255,0.5423728813559322
e6a6e318-96fd4026eb65edf5,1be078c4-472929b651186639,0.4864864864864865,0.4918032786885246
8f6421f3-958f921ae60910fc,1a400c1b-b126c6bfaffaf3ae,0.4864864864864865,0.5338983050847458
56a90e79-16bd8e2b99bf96c1,0fdc80c5-eb4012f9f5755db9,0.4861878453038674,0.6197183098591549
c4d04ce7-a72b293277badd3e,0b5cff5a-85797cc0b56a2e03,0.48578811369509045,0.6225165562913907
5e8d1aaa-dfb1ced6b91ff94d,e6a6e318-96fd4026eb65edf5,0.48562300319488816,0.5846153846153846
0b5cff5a-85797cc0b56a2e03,96cd6ee9-d775b6062424ec71,0.48534201954397393,0.6313559322033898
aaccc000-cd3027809553b409,f28b8cb4-bb917f979b8b1e5f,0.48520710059171596,0.5857142857142857
1be078c4-472929b651186639,505f8562-153b80964f03522c,0.48459958932238195,0.6310160427807486
56a90e79-16bd8e2b99bf96c1,8f778337-feb0d359ab443e78,0.484472049689441,0.5492957746478874
f870e76b-d3836deeb4de0406,3cf63146-6ee67beae368cb31,0.484472049689441,0.5909090909090909
bb0949b3-2ee7bbd7615b6bc8,d12f26f0-5b1bf0f619c49fd6,0.48314606741573035,0.6231884057971014
a7894e0b-0202afc2359426ca,c1fef98f-50ede0b8704be38a,0.4830917874396135,0.6493506493506493
4548305b-08b9f6e926231e7f,f5fb1b62-e0e35d308a40e712,0.4829106945975744,0.6498516320474778
4548305b-6b2cbf197d80b87c,f5fb1b62-e0e35d308a40e712,0.4829106945975744,0.6498516320474778
f28b8cb4-bb917f979b8b1e5f,3380fa52-397c19efc6ec4545,0.4824120603015075,0.48484848484848486
b6724dd9-caf9b13758ca6852,8639f6c6-3f6123942d64b527,0.48221343873517786,0.488
2b2d3b84-50128d26a6131abb,0048a372-7b27dc892c2c87b5,0.48148148148148145,0.5
3c667d4f-524cd7f06bda5cb0,f28b8cb4-bb917f979b8b1e5f,0.4810126582278481,0.6440677966101694
5e8d1aaa-dfb1ced6b91ff94d,0b5cff5a-85797cc0b56a2e03,0.4808743169398907,0.676923076923077
00c0b82a-a23297c71634ae34,259c1ea4-23a087ca7861c1b5,0.4805194805194805,0.5285714285714286
ee270b2a-4a0d00c96498d123,f28b8cb4-bb917f979b8b1e5f,0.47953216374269003,0.5694444444444444
c4d04ce7-a72b293277badd3e,1be078c4-472929b651186639,0.47928994082840237,0.5364238410596026
00c0b82a-a23297c71634ae34,8f6421f3-958f921ae60910fc,0.4787234042553192,0.6428571428571429
0fdc80c5-eb4012f9f5755db9,b505f95e-844ad4d8e01b16fb,0.47843137254901963,0.5545454545454546
5e8d1aaa-dfb1ced6b91ff94d,fc80cbe0-a7415db88a189acf,0.4781144781144781,0.5461538461538461
4f7af821-33eae9882a2e0752,f28b8cb4-bb917f979b8b1e5f,0.4779874213836478,0.6333333333333333
1ea771ea-6c6d54874f73ad39,20012377-c8b711b6bd0ca533,0.477751756440281,0.5
1ea771ea-6c6d54874f73ad39,079ad09e-aa293a47b55193eb,0.477751756440281,0.5
ea2fc2bc-8be44aae4b99d930,10bbe9de-263f759c42a0c822,0.477124183006536,0.584
5e8d1aaa-dfb1ced6b91ff94d,a4e1511a-bea2751ccbd782bf,0.47692307692307695,0.47692307692307695
a7894e0b-0202afc2359426ca,3cf63146-6ee67beae368cb31,0.47674418604651164,0.5324675324675324
c1fef98f-50ede0b8704be38a,be3b1289-427649625057af89,0.47651006711409394,0.5461538461538461
810cf242-6c100eed34676e90,a4e1511a-bea2751ccbd782bf,0.47619047619047616,0.4918032786885246
00c0b82a-a23297c71634ae34,bdfe8110-0d155952e4001c71,0.47619047619047616,0.6428571428571429
810cf242-6c100eed34676e90,5e8d1aaa-dfb1ced6b91ff94d,0.47619047619047616,0.4918032786885246
00c0b82a-a23297c71634ae34,11c2ab99-79ea707e2165e2bd,0.47619047619047616,0.6428571428571429
b6724dd9-caf9b13758ca6852,7ae0cb0d-94a5a65427bbd458,0.4758364312267658,0.512
4548305b-08b9f6e926231e7f,04df7bb8-03b9893bdab1344d,0.4751847940865892,0.6676557863501483
4548305b-6b2cbf197d80b87c,04df7bb8-03b9893bdab1344d,0.4751847940865892,0.6676557863501483
2f8c3bf3-e73d8329c1717cd5,bdfe8110-0d155952e4001c71,0.47513812154696133,0.6935483870967742
2f8c3bf3-e73d8329c1717cd5,11c2ab99-79ea707e2165e2bd,0.47513812154696133,0.6935483870967742
e18ae6a1-25d9c5607673aa1b,fadc1365-f858db247859fe5f,0.47477744807121663,0.6837606837606838
1be078c4-472929b651186639,c1fef98f-50ede0b8704be38a,0.4742729306487696,0.5668449197860963
0adb1ee5-3b312e6358ac7282,c1fef98f-50ede0b8704be38a,0.4742268041237113,0.5111111111111111
4f7af821-33eae9882a2e0752,71c7ac71-104324308e29828f,0.47398843930635837,0.6833333333333333
f339ef6f-45aadddb6e5b087e,505f8562-153b80964f03522c,0.47388059701492535,0.538135593220339
d77f722c-795a62abdcc8fb0e,c4d04ce7-a72b293277badd3e,0.4738675958188153,0.5
fadc1365-f858db247859fe5f,0b5cff5a-85797cc0b56a2e03,0.47368421052631576,0.4909090909090909
bb0949b3-2ee7bbd7615b6bc8,3380fa52-397c19efc6ec4545,0.47337278106508873,0.5797101449275363
d12f26f0-5b1bf0f619c49fd6,1be078c4-472929b651186639,0.47297297297297297,0.6422018348623854
10bbe9de-263f759c42a0c822,0adb1ee5-3b312e6358ac7282,0.4729064039408867,0.5303867403314917
aaccc000-cd3027809553b409,28c2d81a-3eecc566cc4a7785,0.4729064039408867,0.6857142857142857
d12f26f0-5b1bf0f619c49fd6,b505f95e-844ad4d8e01b16fb,0.47244094488188976,0.5504587155963303
04df7bb8-03b9893bdab1344d,08b9908d-2314ade53a73911d,0.471864406779661,0.5704918032786885
00c0b82a-a23297c71634ae34,ea2fc2bc-8be44aae4b99d930,0.4717948717948718,0.6571428571428571
1be078c4-472929b651186639,fadc1365-f858db247859fe5f,0.47174447174447176,0.5133689839572193
10bbe9de-263f759c42a0c822,c1fef98f-50ede0b8704be38a,0.47165532879818595,0.574585635359116
a7894e0b-0202afc2359426ca,10bbe9de-263f759c42a0c822,0.4716417910447761,0.512987012987013
a4e1511a-bea2751ccbd782bf,fc80cbe0-a7415db88a189acf,0.4713804713804714,0.5384615384615384
a8e2cefc-63afc29d990cf7ec,fc80cbe0-a7415db88a189acf,0.47096774193548385,0.5104895104895105
7ae0cb0d-94a5a65427bbd458,b505f95e-844ad4d8e01b16fb,0.47058823529411764,0.4722222222222222
d77f722c-795a62abdcc8fb0e,1be078c4-472929b651186639,0.47058823529411764,0.5588235294117647
bdfe8110-0d155952e4001c71,d77f722c-795a62abdcc8fb0e,0.47058823529411764,0.5042016806722689
11c2ab99-79ea707e2165e2bd,d77f722c-795a62abdcc8fb0e,0.47058823529411764,0.5042016806722689
e1a5831a-c8275bfedd968e8c,ea2fc2bc-8be44aae4b99d930,0.47058823529411764,0.6075949367088608
1be078c4-472929b651186639,be3b1289-427649625057af89,0.47036328871892924,0.6577540106951871
28c2d81a-3eecc566cc4a7785,c0aa6246-12d3d767c8ca9064,0.4702549575070821,0.6240601503759399
f870e76b-d3836deeb4de0406,1be078c4-472929b651186639,0.4702194357366771,0.5681818181818182
c57a973e-819a66b366a8be16,fc80cbe0-a7415db88a189acf,0.47017543859649125,0.5677966101694916
e18ae6a1-25d9c5607673aa1b,c4d04ce7-a72b293277badd3e,0.4701492537313433,0.5384615384615384
fa484fdd-937c6feffc490cb9,1ea771ea-6c6d54874f73ad39,0.4696969696969697,0.484375
8f6421f3-958f921ae60910fc,b6724dd9-caf9b13758ca6852,0.4691358024691358,0.4830508474576271
c57a973e-819a66b366a8be16,b6724dd9-caf9b13758ca6852,0.4691358024691358,0.4830508474576271
8f6421f3-958f921ae60910fc,f339ef6f-45aadddb6e5b087e,0.4689265536723164,0.7033898305084746
67241a76-01f04ac4b7fe3063,f28b8cb4-bb917f979b8b1e5f,0.46875,0.4838709677419355
aaccc000-cd3027809553b409,c57a973e-819a66b366a8be16,0.46808510638297873,0.6285714285714286
f28b8cb4-bb917f979b8b1e5f,bdfe8110-0d155952e4001c71,0.46788990825688076,0.5151515151515151
f28b8cb4-bb917f979b8b1e5f,11c2ab99-79ea707e2165e2bd,0.46788990825688076,0.5151515151515151
7ae0cb0d-94a5a65427bbd458,c4d04ce7-a72b293277badd3e,0.46779661016949153,0.4791666666666667
3cf63146-6ee67beae368cb31,be3b1289-427649625057af89,0.467680608365019,0.6473684210526316
a4e1511a-bea2751ccbd782bf,0adb1ee5-3b312e6358ac7282,0.4676056338028169,0.6384615384615384
1be078c4-472929b651186639,a3abac01-a5aaba77aa0fc76b,0.4673684210526316,0.5935828877005348
71c7ac71-104324308e29828f,1be078c4-472929b651186639,0.4666666666666667,0.6194690265486725
0048a372-7b27dc892c2c87b5,c0aa6246-12d3d767c8ca9064,0.4666666666666667,0.6
fadc1365-f858db247859fe5f,c1fef98f-50ede0b8704be38a,0.4666666666666667,0.509090909090909
a8e2cefc-63afc29d990cf7ec,c1fef98f-50ede0b8704be38a,0.4665012406947891,0.6573426573426573
56a90e79-16bd8e2b99bf96c1,810cf242-6c100eed34676e90,0.46632124352331605,0.6338028169014085
a4e1511a-bea2751ccbd782bf,d77f722c-795a62abdcc8fb0e,0.46616541353383456,0.47692307692307695
b6724dd9-caf9b13758ca6852,a7894e0b-0202afc2359426ca,0.4659498207885305,0.52
8f6421f3-958f921ae60910fc,c1fef98f-50ede0b8704be38a,0.4656084656084656,0.7457627118644068
fc80cbe0-a7415db88a189acf,10bbe9de-263f759c42a0c822,0.46551724137931033,0.48502994011976047
bb0949b3-2ee7bbd7615b6bc8,8f778337-feb0d359ab443e78,0.46540880503144655,0.5362318840579711
1a400c1b-b126c6bfaffaf3ae,c0aa6246-12d3d767c8ca9064,0.46537396121883656,0.5957446808510638
10bbe9de-263f759c42a0c822,a3abac01-a5aaba77aa0fc76b,0.464818763326226,0.6022099447513812
0fdc80c5-eb4012f9f5755db9,1be078c4-472929b651186639,0.46464646464646464,0.6272727272727273
df594a00-6c0978a0f56b9ed7,0fdc80c5-eb4012f9f5755db9,0.46464646464646464,0.5227272727272727
8f6421f3-958f921ae60910fc,505f8562-153b80964f03522c,0.46411483253588515,0.8220338983050848
e1a5831a-c8275bfedd968e8c,8a39dbf5-7b2cf69c607f33e8,0.46408839779005523,0.5316455696202531
e1a5831a-c8275bfedd968e8c,ff3283cf-ba41bd70d21a035e,0.46408839779005523,0.5316455696202531
ee270b2a-4a0d00c96498d123,810cf242-6c100eed34676e90,0.4639175257731959,0.625
bdfe8110-0d155952e4001c71,268eb6c6-84e03a0110527cca,0.46387832699619774,0.5126050420168067
11c2ab99-79ea707e2165e2bd,268eb6c6-84e03a0110527cca,0.46387832699619774,0.5126050420168067
d77f722c-795a62abdcc8fb0e,0048a372-7b27dc892c2c87b5,0.463768115942029,0.47058823529411764
c4d04ce7-a72b293277badd3e,c0aa6246-12d3d767c8ca9064,0.4636118598382749,0.5695364238410596
c57a973e-819a66b366a8be16,f339ef6f-45aadddb6e5b087e,0.4632768361581921,0.6949152542372882
67241a76-01f04ac4b7fe3063,d77f722c-795a62abdcc8fb0e,0.462882096069869,0.5698924731182796
c4d04ce7-a72b293277badd3e,0adb1ee5-3b312e6358ac7282,0.4627659574468085,0.5761589403973509
71c7ac71-104324308e29828f,10bbe9de-263f759c42a0c822,0.46258503401360546,0.6017699115044248
8f6421f3-958f921ae60910fc,968c1e7e-af09f49d4848ad95,0.4625,0.6271186440677966
f28b8cb4-bb917f979b8b1e5f,71c7ac71-104324308e29828f,0.46226415094339623,0.494949494949495
bdfe8110-0d155952e4001c71,b505f95e-844ad4d8e01b16fb,0.4621212121212121,0.5126050420168067
11c2ab99-79ea707e2165e2bd,b505f95e-844ad4d8e01b16fb,0.4621212121212121,0.5126050420168067
a8e2cefc-63afc29d990cf7ec,0adb1ee5-3b312e6358ac7282,0.46195652173913043,0.5944055944055944
80c384e4-af35838eb0b75e7d,7ae0cb0d-94a5a65427bbd458,0.46153846153846156,0.75
967b67b0-b5ba1c50df880f8d,7ae0cb0d-94a5a65427bbd458,0.46153846153846156,0.75
4548305b-08b9f6e926231e7f,96cd6ee9-d775b6062424ec71,0.46153846153846156,0.4896142433234421
a7894e0b-0202afc2359426ca,0b5cff5a-85797cc0b56a2e03,0.46153846153846156,0.5844155844155844
4548305b-6b2cbf197d80b87c,96cd6ee9-d775b6062424ec71,0.46153846153846156,0.4896142433234421
fc80cbe0-a7415db88a189acf,4fb09c5f-6bd800fac7ff4f8e,0.46112600536193027,0.5149700598802395
b6724dd9-caf9b13758ca6852,268eb6c6-84e03a0110527cca,0.46096654275092935,0.496
c57a973e-819a66b366a8be16,0adb1ee5-3b312e6358ac7282,0.4606413994169096,0.6694915254237288
c0aa6246-12d3d767c8ca9064,a3abac01-a5aaba77aa0fc76b,0.46062992125984253,0.5318181818181819
10bbe9de-263f759c42a0c822,0b5cff5a-85797cc0b56a2e03,0.460431654676259,0.5303867403314917
f870e76b-d3836deeb4de0406,c0aa6246-12d3d767c8ca9064,0.4602272727272727,0.6136363636363636
aaccc000-cd3027809553b409,2b2d3b84-50128d26a6131abb,0.46,0.6571428571428571
bb0949b3-2ee7bbd7615b6bc8,8f6421f3-958f921ae60910fc,0.45989304812834225,0.6231884057971014
f870e76b-d3836deeb4de0406,0adb1ee5-3b312e6358ac7282,0.45938375350140054,0.6212121212121212
0048a372-7b27dc892c2c87b5,a8e2cefc-63afc29d990cf7ec,0.45936395759717313,0.4642857142857143
c57a973e-819a66b366a8be16,505f8562-153b80964f03522c,0.45933014354066987,0.8135593220338984
4fb09c5f-6bd800fac7ff4f8e,c1fef98f-50ede0b8704be38a,0.4592274678111588,0.5194174757281553
8f778337-feb0d359ab443e78,67241a76-01f04ac4b7fe3063,0.45901639344262296,0.4666666666666667
71c7ac71-104324308e29828f,8f6421f3-958f921ae60910fc,0.4588744588744589,0.4690265486725664
e1a5831a-c8275bfedd968e8c,1be078c4-472929b651186639,0.45864661654135336,0.7721518987341772
bb0949b3-2ee7bbd7615b6bc8,d77f722c-795a62abdcc8fb0e,0.4585365853658537,0.6811594202898551
c0aa6246-12d3d767c8ca9064,0adb1ee5-3b312e6358ac7282,0.4584269662921348,0.4636363636363636
aaccc000-cd3027809553b409,d12f26f0-5b1bf0f619c49fd6,0.4581005586592179,0.5857142857142857
a8e2cefc-63afc29d990cf7ec,968c1e7e-af09f49d4848ad95,0.4579710144927536,0.5524475524475524
c1fef98f-50ede0b8704be38a,96cd6ee9-d775b6062424ec71,0.45768025078369906,0.5615384615384615
bdfe8110-0d155952e4001c71,1be078c4-472929b651186639,0.45751633986928103,0.5882352941176471
11c2ab99-79ea707e2165e2bd,1be078c4-472929b651186639,0.45751633986928103,0.5882352941176471
505f8562-153b80964f03522c,96cd6ee9-d775b6062424ec71,0.45722713864306785,0.5166666666666667
b6724dd9-caf9b13758ca6852,ea2fc2bc-8be44aae4b99d930,0.456,0.456
e6a6e318-96fd4026eb65edf5,c1fef98f-50ede0b8704be38a,0.45598194130925507,0.5519125683060109
f870e76b-d3836deeb4de0406,0048a372-7b27dc892c2c87b5,0.45588235294117646,0.4696969696969697
312d9460-0ef5b2ece009b5fd,ba9b94f7-6947cf384b45cdcc,0.4558139534883721,0.4803921568627451
aaccc000-cd3027809553b409,df594a00-6c0978a0f56b9ed7,0.45569620253164556,0.5142857142857142
2f8c3bf3-e73d8329c1717cd5,8f6421f3-958f921ae60910fc,0.45555555555555555,0.6612903225806451
bb0949b3-2ee7bbd7615b6bc8,28c2d81a-3eecc566cc4a7785,0.45544554455445546,0.6666666666666666
b6724dd9-caf9b13758ca6852,2b2d3b84-50128d26a6131abb,0.4549019607843137,0.464
e18ae6a1-25d9c5607673aa1b,b6724dd9-caf9b13758ca6852,0.45454545454545453,0.4700854700854701
d77f722c-795a62abdcc8fb0e,c1fef98f-50ede0b8704be38a,0.45454545454545453,0.6617647058823529
d77f722c-795a62abdcc8fb0e,3cf63146-6ee67beae368cb31,0.4539877300613497,0.5441176470588235
a8e2cefc-63afc29d990cf7ec,f339ef6f-45aadddb6e5b087e,0.45382585751978893,0.6013986013986014
ee270b2a-4a0d00c96498d123,268eb6c6-84e03a0110527cca,0.4537037037037037,0.6805555555555556
2b2d3b84-50128d26a6131abb,e6a6e318-96fd4026eb65edf5,0.4536741214057508,0.5461538461538461
e1a5831a-c8275bfedd968e8c,67241a76-01f04ac4b7fe3063,0.45348837209302323,0.4936708860759494
96cd6ee9-d775b6062424ec71,04df7bb8-03b9893bdab1344d,0.4534412955465587,0.5925925925925926
8f6421f3-958f921ae60910fc,a3abac01-a5aaba77aa0fc76b,0.45320197044334976,0.7796610169491526
be3b1289-427649625057af89,08b9908d-2314ade53a73911d,0.4529558701082431,0.8095238095238095
8639f6c6-3f6123942d64b527,3cf63146-6ee67beae368cb31,0.4528301886792453,0.5625
e1a5831a-c8275bfedd968e8c,28c2d81a-3eecc566cc4a7785,0.4528301886792453,0.6075949367088608
c57a973e-819a66b366a8be16,4548305b-08b9f6e926231e7f,0.45274725274725275,0.8728813559322034
c57a973e-819a66b366a8be16,4548305b-6b2cbf197d80b87c,0.45274725274725275,0.8728813559322034
8f778337-feb0d359ab443e78,c57a973e-819a66b366a8be16,0.4519230769230769,0.5222222222222223
3cf63146-6ee67beae368cb31,4548305b-08b9f6e926231e7f,0.45161290322580644,0.6263157894736842
3cf63146-6ee67beae368cb31,4548305b-6b2cbf197d80b87c,0.45161290322580644,0.6263157894736842
1be078c4-472929b651186639,b9219544-92e2cc883e24a750,0.45145631067961167,0.49732620320855614
5e8d1aaa-dfb1ced6b91ff94d,c1fef98f-50ede0b8704be38a,0.4512820512820513,0.676923076923077
2f8c3bf3-e73d8329c1717cd5,28c2d81a-3eecc566cc4a7785,0.4512820512820513,0.7096774193548387
80c384e4-af35838eb0b75e7d,bb0949b3-2ee7bbd7615b6bc8,0.45112781954887216,0.46875
967b67b0-b5ba1c50df880f8d,bb0949b3-2ee7bbd7615b6bc8,0.45112781954887216,0.46875
ee270b2a-4a0d00c96498d123,f870e76b-d3836deeb4de0406,0.45098039215686275,0.6388888888888888
f870e76b-d3836deeb4de0406,a8e2cefc-63afc29d990cf7ec,0.4509090909090909,0.4696969696969697
ee270b2a-4a0d00c96498d123,0fdc80c5-eb4012f9f5755db9,0.45054945054945056,0.5694444444444444
259c1ea4-23a087ca7861c1b5,e7024f3e-583cf3dd9bb3e76a,0.45045045045045046,0.5952380952380952
a8e2cefc-63afc29d990cf7ec,3cf63146-6ee67beae368cb31,0.45045045045045046,0.5244755244755245
e1a5831a-c8275bfedd968e8c,e6a6e318-96fd4026eb65edf5,0.45038167938931295,0.7468354430379747
e6a6e318-96fd4026eb65edf5,a3abac01-a5aaba77aa0fc76b,0.45010615711252655,0.5792349726775956
7ae0cb0d-94a5a65427bbd458,be3b1289-427649625057af89,0.45,0.75
d12f26f0-5b1bf0f619c49fd6,c0aa6246-12d3d767c8ca9064,0.44984802431610943,0.6788990825688074
2b2d3b84-50128d26a6131abb,4548305b-08b9f6e926231e7f,0.44967880085653106,0.8076923076923077
2b2d3b84-50128d26a6131abb,4548305b-6b2cbf197d80b87c,0.44967880085653106,0.8076923076923077
71c7ac71-104324308e29828f,b505f95e-844ad4d8e01b16fb,0.4496124031007752,0.5132743362831859
df594a00-6c0978a0f56b9ed7,2b2d3b84-50128d26a6131abb,0.44954128440366975,0.5568181818181818
a7894e0b-0202afc2359426ca,968c1e7e-af09f49d4848ad95,0.449438202247191,0.5194805194805194
d12f26f0-5b1bf0f619c49fd6,8f6421f3-958f921ae60910fc,0.44933920704845814,0.46788990825688076
2f8c3bf3-e73d8329c1717cd5,ea2fc2bc-8be44aae4b99d930,0.44919786096256686,0.6774193548387096
ea2fc2bc-8be44aae4b99d930,0b5cff5a-85797cc0b56a2e03,0.4487534626038781,0.648
a7894e0b-0202afc2359426ca,fc80cbe0-a7415db88a189acf,0.4485981308411215,0.4675324675324675
00c0b82a-a23297c71634ae34,9fd33d5a-211f949777137364,0.4482758620689655,0.5571428571428572
259c1ea4-23a087ca7861c1b5,fdd85afb-78cf4d5f5887f202,0.4482758620689655,0.4642857142857143
04df7bb8-03b9893bdab1344d,ed37ba7d-fa359dc6c74dfbfa,0.4481998530492285,0.5
00c0b82a-a23297c71634ae34,71c7ac71-104324308e29828f,0.44808743169398907,0.5857142857142857
b6724dd9-caf9b13758ca6852,a8e2cefc-63afc29d990cf7ec,0.44776119402985076,0.48
e6a6e318-96fd4026eb65edf5,be3b1289-427649625057af89,0.44701348747591524,0.6338797814207651
df594a00-6c0978a0f56b9ed7,3380fa52-397c19efc6ec4545,0.44680851063829785,0.4772727272727273
0fdc80c5-eb4012f9f5755db9,10bbe9de-263f759c42a0c822,0.44673539518900346,0.5909090909090909
df594a00-6c0978a0f56b9ed7,c57a973e-819a66b366a8be16,0.44660194174757284,0.5227272727272727
3c667d4f-524cd7f06bda5cb0,e6a6e318-96fd4026eb65edf5,0.4462809917355372,0.9152542372881356
0fdc80c5-eb4012f9f5755db9,1a400c1b-b126c6bfaffaf3ae,0.44621513944223107,0.509090909090909
bdfe8110-0d155952e4001c71,1a400c1b-b126c6bfaffaf3ae,0.4461538461538462,0.48739495798319327
11c2ab99-79ea707e2165e2bd,1a400c1b-b126c6bfaffaf3ae,0.4461538461538462,0.48739495798319327
71c7ac71-104324308e29828f,e6a6e318-96fd4026eb65edf5,0.44594594594594594,0.584070796460177
56a90e79-16bd8e2b99bf96c1,9fd33d5a-211f949777137364,0.44571428571428573,0.5492957746478874
71c7ac71-104324308e29828f,b6724dd9-caf9b13758ca6852,0.44537815126050423,0.4690265486725664
e18ae6a1-25d9c5607673aa1b,a4e1511a-bea2751ccbd782bf,0.44534412955465585,0.4700854700854701
e18ae6a1-25d9c5607673aa1b,5e8d1aaa-dfb1ced6b91ff94d,0.44534412955465585,0.4700854700854701
a7894e0b-0202afc2359426ca,be3b1289-427649625057af89,0.4448979591836735,0.7077922077922078
d12f26f0-5b1bf0f619c49fd6,a8e2cefc-63afc29d990cf7ec,0.4444444444444444,0.5137614678899083
aaccc000-cd3027809553b409,bdfe8110-0d155952e4001c71,0.4444444444444444,0.6
aaccc000-cd3027809553b409,11c2ab99-79ea707e2165e2bd,0.4444444444444444,0.6
4d25818e-e9fd9bc48a79af0b,fcbe7917-527b4c7bcd90e160,0.4444444444444444,0.5666666666666667
bdfe8110-0d155952e4001c71,505f8562-153b80964f03522c,0.4439140811455847,0.7815126050420168
11c2ab99-79ea707e2165e2bd,505f8562-153b80964f03522c,0.4439140811455847,0.7815126050420168
d77f722c-795a62abdcc8fb0e,968c1e7e-af09f49d4848ad95,0.4437869822485207,0.5514705882352942
c57a973e-819a66b366a8be16,c0aa6246-12d3d767c8ca9064,0.4437869822485207,0.635593220338983
505f8562-153b80964f03522c,f5fb1b62-e0e35d308a40e712,0.4436781609195402,0.6433333333333333
71c7ac71-104324308e29828f,7ae0cb0d-94a5a65427bbd458,0.44357976653696496,0.504424778761062
d77f722c-795a62abdcc8fb0e,0adb1ee5-3b312e6358ac7282,0.44321329639889195,0.5882352941176471
3c667d4f-524cd7f06bda5cb0,fdd85afb-78cf4d5f5887f202,0.4429530201342282,0.559322033898305
1ea771ea-6c6d54874f73ad39,b9219544-92e2cc883e24a750,0.4428904428904429,0.46568627450980393
ea2fc2bc-8be44aae4b99d930,1be078c4-472929b651186639,0.4423076923076923,0.552
8f778337-feb0d359ab443e78,8f6421f3-958f921ae60910fc,0.4423076923076923,0.5111111111111111
df594a00-6c0978a0f56b9ed7,67241a76-01f04ac4b7fe3063,0.4419889502762431,0.45454545454545453
2b2d3b84-50128d26a6131abb,505f8562-153b80964f03522c,0.4418604651162791,0.7307692307692307
e1a5831a-c8275bfedd968e8c,fcbe7917-527b4c7bcd90e160,0.4418604651162791,0.4810126582278481
5e8d1aaa-dfb1ced6b91ff94d,505f8562-153b80964f03522c,0.4418604651162791,0.7307692307692307
2b2d3b84-50128d26a6131abb,c4d04ce7-a72b293277badd3e,0.4412811387900356,0.47692307692307695
e6a6e318-96fd4026eb65edf5,b9219544-92e2cc883e24a750,0.4411764705882353,0.4918032786885246
80c384e4-af35838eb0b75e7d,810cf242-6c100eed34676e90,0.44086021505376344,0.640625
967b67b0-b5ba1c50df880f8d,810cf242-6c100eed34676e90,0.44086021505376344,0.640625
10bbe9de-263f759c42a0c822,505f8562-153b80964f03522c,0.4407484407484408,0.585635359116022
c0aa6246-12d3d767c8ca9064,b9219544-92e2cc883e24a750,0.4404494382022472,0.44545454545454544
f5fb1b62-e0e35d308a40e712,08b9908d-2314ade53a73911d,0.44041811846689893,0.5543859649122806
8f6421f3-958f921ae60910fc,4548305b-08b9f6e926231e7f,0.43956043956043955,0.847457627118644
8f6421f3-958f921ae60910fc,4548305b-6b2cbf197d80b87c,0.43956043956043955,0.847457627118644
8639f6c6-3f6123942d64b527,505f8562-153b80964f03522c,0.4392523364485981,0.734375
9fd33d5a-211f949777137364,c4d04ce7-a72b293277badd3e,0.4392156862745098,0.5384615384615384
1a400c1b-b126c6bfaffaf3ae,1be078c4-472929b651186639,0.43902439024390244,0.5106382978723404
4f7af821-33eae9882a2e0752,9fd33d5a-211f949777137364,0.43902439024390244,0.6
c0aa6246-12d3d767c8ca9064,be3b1289-427649625057af89,0.43884892086330934,0.5545454545454546
ea2fc2bc-8be44aae4b99d930,268eb6c6-84e03a0110527cca,0.43866171003717475,0.472
0048a372-7b27dc892c2c87b5,0adb1ee5-3b312e6358ac7282,0.4383561643835616,0.5714285714285714
8f778337-feb0d359ab443e78,8a39dbf5-7b2cf69c607f33e8,0.4375,0.4666666666666667
8f778337-feb0d359ab443e78,ff3283cf-ba41bd70d21a035e,0.4375,0.4666666666666667
00c0b82a-a23297c71634ae34,810cf242-6c100eed34676e90,0.4375,0.6
8639f6c6-3f6123942d64b527,e6a6e318-96fd4026eb65edf5,0.43729903536977494,0.53125
5e8d1aaa-dfb1ced6b91ff94d,10bbe9de-263f759c42a0c822,0.43729903536977494,0.5230769230769231
8a39dbf5-7b2cf69c607f33e8,71c7ac71-104324308e29828f,0.4372093023255814,0.46078431372549017
ff3283cf-ba41bd70d21a035e,71c7ac71-104324308e29828f,0.4372093023255814,0.46078431372549017
9fd33d5a-211f949777137364,b6724dd9-caf9b13758ca6852,0.4366812227074236,0.4807692307692308
7ae0cb0d-94a5a65427bbd458,4548305b-08b9f6e926231e7f,0.4365904365904366,0.7291666666666666
7ae0cb0d-94a5a65427bbd458,4548305b-6b2cbf197d80b87c,0.4365904365904366,0.7291666666666666
28c2d81a-3eecc566cc4a7785,0adb1ee5-3b312e6358ac7282,0.43575418994413406,0.5864661654135338
d77f722c-795a62abdcc8fb0e,f339ef6f-45aadddb6e5b087e,0.43548387096774194,0.5955882352941176
2b2d3b84-50128d26a6131abb,a3abac01-a5aaba77aa0fc76b,0.4354066985645933,0.7
0048a372-7b27dc892c2c87b5,a7894e0b-0202afc2359426ca,0.43537414965986393,0.45714285714285713
8f778337-feb0d359ab443e78,e18ae6a1-25d9c5607673aa1b,0.43478260869565216,0.5
1ea771ea-6c6d54874f73ad39,48c5f745-a816068dedd9d00e,0.43478260869565216,0.4411764705882353
f870e76b-d3836deeb4de0406,10bbe9de-263f759c42a0c822,0.43450479233226835,0.5151515151515151
8a39dbf5-7b2cf69c607f33e8,bdfe8110-0d155952e4001c71,0.4343891402714932,0.47058823529411764
8a39dbf5-7b2cf69c607f33e8,11c2ab99-79ea707e2165e2bd,0.4343891402714932,0.47058823529411764
ff3283cf-ba41bd70d21a035e,bdfe8110-0d155952e4001c71,0.4343891402714932,0.47058823529411764
ff3283cf-ba41bd70d21a035e,11c2ab99-79ea707e2165e2bd,0.4343891402714932,0.47058823529411764
5e8d1aaa-dfb1ced6b91ff94d,fadc1365-f858db247859fe5f,0.4342857142857143,0.5846153846153846
810cf242-6c100eed34676e90,d77f722c-795a62abdcc8fb0e,0.43410852713178294,0.45901639344262296
0adb1ee5-3b312e6358ac7282,0b5cff5a-85797cc0b56a2e03,0.43383947939262474,0.4444444444444444
953ac418-8f7cfb9d58d993fd,e7024f3e-583cf3dd9bb3e76a,0.4338235294117647,0.44029850746268656
2b2d3b84-50128d26a6131abb,968c1e7e-af09f49d4848ad95,0.43373493975903615,0.5538461538461539
d12f26f0-5b1bf0f619c49fd6,0048a372-7b27dc892c2c87b5,0.43373493975903615,0.4954128440366973
0fdc80c5-eb4012f9f5755db9,0b5cff5a-85797cc0b56a2e03,0.43352601156069365,0.6818181818181818
00c0b82a-a23297c71634ae34,28c2d81a-3eecc566cc4a7785,0.43349753694581283,0.6285714285714286
80c384e4-af35838eb0b75e7d,aaccc000-cd3027809553b409,0.43283582089552236,0.453125
967b67b0-b5ba1c50df880f8d,aaccc000-cd3027809553b409,0.43283582089552236,0.453125
f28b8cb4-bb917f979b8b1e5f,d12f26f0-5b1bf0f619c49fd6,0.4326923076923077,0.45454545454545453
8639f6c6-3f6123942d64b527,a3abac01-a5aaba77aa0fc76b,0.4326923076923077,0.703125
71c7ac71-104324308e29828f,f870e76b-d3836deeb4de0406,0.4326530612244898,0.4690265486725664
d77f722c-795a62abdcc8fb0e,e6a6e318-96fd4026eb65edf5,0.43260188087774293,0.5073529411764706
71c7ac71-104324308e29828f,c0aa6246-12d3d767c8ca9064,0.43243243243243246,0.6371681415929203
c57a973e-819a66b366a8be16,be3b1289-427649625057af89,0.43171806167400884,0.8305084745762712
fadc1365-f858db247859fe5f,b9219544-92e2cc883e24a750,0.4314606741573034,0.43636363636363634
bb0949b3-2ee7bbd7615b6bc8,259c1ea4-23a087ca7861c1b5,0.43137254901960786,0.4782608695652174
5e8d1aaa-dfb1ced6b91ff94d,3cf63146-6ee67beae368cb31,0.43125,0.5307692307692308
4fb09c5f-6bd800fac7ff4f8e,4548305b-08b9f6e926231e7f,0.430939226519337,0.5679611650485437
4fb09c5f-6bd800fac7ff4f8e,4548305b-6b2cbf197d80b87c,0.430939226519337,0.5679611650485437
67241a76-01f04ac4b7fe3063,fcbe7917-527b4c7bcd90e160,0.43010752688172044,0.43010752688172044
0048a372-7b27dc892c2c87b5,fc80cbe0-a7415db88a189acf,0.42996742671009774,0.4714285714285714
3c667d4f-524cd7f06bda5cb0,9fd33d5a-211f949777137364,0.4294478527607362,0.5932203389830508
aaccc000-cd3027809553b409,fcbe7917-527b4c7bcd90e160,0.4294478527607362,0.5
3c667d4f-524cd7f06bda5cb0,f870e76b-d3836deeb4de0406,0.4293193717277487,0.6949152542372882
a8e2cefc-63afc29d990cf7ec,505f8562-153b80964f03522c,0.4288939051918736,0.6643356643356644
505f8562-153b80964f03522c,04df7bb8-03b9893bdab1344d,0.42857142857142855,0.65
20012377-c8b711b6bd0ca533,b9219544-92e2cc883e24a750,0.42857142857142855,0.4304932735426009
079ad09e-aa293a47b55193eb,b9219544-92e2cc883e24a750,0.42857142857142855,0.4304932735426009
5e8d1aaa-dfb1ced6b91ff94d,4548305b-08b9f6e926231e7f,0.4282655246252677,0.7692307692307693
5e8d1aaa-dfb1ced6b91ff94d,4548305b-6b2cbf197d80b87c,0.4282655246252677,0.7692307692307693
4f7af821-33eae9882a2e0752,e6a6e318-96fd4026eb65edf5,0.4279835390946502,0.8666666666666667
4d25818e-e9fd9bc48a79af0b,e6a6e318-96fd4026eb65edf5,0.4279835390946502,0.8666666666666667
f28b8cb4-bb917f979b8b1e5f,2b2d3b84-50128d26a6131abb,0.4279475982532751,0.494949494949495
8f778337-feb0d359ab443e78,ea2fc2bc-8be44aae4b99d930,0.42790697674418604,0.5111111111111111
df594a00-6c0978a0f56b9ed7,71c7ac71-104324308e29828f,0.42786069651741293,0.48863636363636365
8639f6c6-3f6123942d64b527,c1fef98f-50ede0b8704be38a,0.42783505154639173,0.6484375
3c667d4f-524cd7f06bda5cb0,3380fa52-397c19efc6ec4545,0.4276729559748428,0.576271186440678
3cf63146-6ee67beae368cb31,f339ef6f-45aadddb6e5b087e,0.4272300469483568,0.4789473684210526
1be078c4-472929b651186639,0adb1ee5-3b312e6358ac7282,0.42718446601941745,0.47058823529411764
810cf242-6c100eed34676e90,1be078c4-472929b651186639,0.42718446601941745,0.5409836065573771
00c0b82a-a23297c71634ae34,d77f722c-795a62abdcc8fb0e,0.42718446601941745,0.6285714285714286
4d25818e-e9fd9bc48a79af0b,9fd33d5a-211f949777137364,0.4268292682926829,0.5833333333333334
e18ae6a1-25d9c5607673aa1b,1a400c1b-b126c6bfaffaf3ae,0.4263565891472868,0.4700854700854701
a4e1511a-bea2751ccbd782bf,28c2d81a-3eecc566cc4a7785,0.42585551330798477,0.4307692307692308
2f8c3bf3-e73d8329c1717cd5,fcbe7917-527b4c7bcd90e160,0.4258064516129032,0.532258064516129
71c7ac71-104324308e29828f,810cf242-6c100eed34676e90,0.425531914893617,0.4424778761061947
c0aa6246-12d3d767c8ca9064,f339ef6f-45aadddb6e5b087e,0.42543859649122806,0.4409090909090909
b505f95e-844ad4d8e01b16fb,0b5cff5a-85797cc0b56a2e03,0.4251968503937008,0.5586206896551724
b6724dd9-caf9b13758ca6852,10bbe9de-263f759c42a0c822,0.42483660130718953,0.52
d77f722c-795a62abdcc8fb0e,a3abac01-a5aaba77aa0fc76b,0.42452830188679247,0.6617647058823529
71c7ac71-104324308e29828f,c4d04ce7-a72b293277badd3e,0.42424242424242425,0.49557522123893805
71c7ac71-104324308e29828f,c57a973e-819a66b366a8be16,0.42424242424242425,0.4336283185840708
810cf242-6c100eed34676e90,8639f6c6-3f6123942d64b527,0.424,0.4344262295081967
2f8c3bf3-e73d8329c1717cd5,810cf242-6c100eed34676e90,0.42391304347826086,0.6290322580645161
312d9460-0ef5b2ece009b5fd,953ac418-8f7cfb9d58d993fd,0.423728813559322,0.49019607843137253
56a90e79-16bd8e2b99bf96c1,8f6421f3-958f921ae60910fc,0.42328042328042326,0.5633802816901409
8639f6c6-3f6123942d64b527,0b5cff5a-85797cc0b56a2e03,0.4230769230769231,0.6015625
e18ae6a1-25d9c5607673aa1b,10bbe9de-263f759c42a0c822,0.4228187919463087,0.5384615384615384
2b2d3b84-50128d26a6131abb,1be078c4-472929b651186639,0.4227129337539432,0.5153846153846153
810cf242-6c100eed34676e90,a8e2cefc-63afc29d990cf7ec,0.4226415094339623,0.45901639344262296
a7894e0b-0202afc2359426ca,c0aa6246-12d3d767c8ca9064,0.42245989304812837,0.512987012987013
a7894e0b-0202afc2359426ca,1be078c4-472929b651186639,0.4222873900293255,0.4675324675324675
f870e76b-d3836deeb4de0406,4548305b-08b9f6e926231e7f,0.42217484008528783,0.75
f870e76b-d3836deeb4de0406,4548305b-6b2cbf197d80b87c,0.42217484008528783,0.75
8f778337-feb0d359ab443e78,d12f26f0-5b1bf0f619c49fd6,0.4221105527638191,0.4666666666666667
d77f722c-795a62abdcc8fb0e,505f8562-153b80964f03522c,0.42201834862385323,0.6764705882352942
c0aa6246-12d3d767c8ca9064,96cd6ee9-d775b6062424ec71,0.4214046822742475,0.5727272727272728
d12f26f0-5b1bf0f619c49fd6,3cf63146-6ee67beae368cb31,0.4214046822742475,0.5779816513761468
df594a00-6c0978a0f56b9ed7,8a39dbf5-7b2cf69c607f33e8,0.42105263157894735,0.45454545454545453
df594a00-6c0978a0f56b9ed7,ff3283cf-ba41bd70d21a035e,0.42105263157894735,0.45454545454545453
3380fa52-397c19efc6ec4545,d12f26f0-5b1bf0f619c49fd6,0.42105263157894735,0.44
5e8d1aaa-dfb1ced6b91ff94d,a3abac01-a5aaba77aa0fc76b,0.42105263157894735,0.676923076923077
b9219544-92e2cc883e24a750,a3abac01-a5aaba77aa0fc76b,0.42105263157894735,0.48
a4e1511a-bea2751ccbd782bf,c1fef98f-50ede0b8704be38a,0.4205128205128205,0.6307692307692307
0048a372-7b27dc892c2c87b5,0b5cff5a-85797cc0b56a2e03,0.42021276595744683,0.5642857142857143
71c7ac71-104324308e29828f,ea2fc2bc-8be44aae4b99d930,0.42016806722689076,0.4424778761061947
4d25818e-e9fd9bc48a79af0b,8a39dbf5-7b2cf69c607f33e8,0.41975308641975306,0.5666666666666667
1a400c1b-b126c6bfaffaf3ae,e6a6e318-96fd4026eb65edf5,0.41975308641975306,0.48226950354609927
4d25818e-e9fd9bc48a79af0b,ff3283cf-ba41bd70d21a035e,0.41975308641975306,0.5666666666666667
c57a973e-819a66b366a8be16,4fb09c5f-6bd800fac7ff4f8e,0.41975308641975306,0.576271186440678
ed37ba7d-fa359dc6c74dfbfa,08b9908d-2314ade53a73911d,0.41955445544554454,0.45139813581890814
be3b1289-427649625057af89,f5fb1b62-e0e35d308a40e712,0.4194260485651214,0.5654761904761905
d77f722c-795a62abdcc8fb0e,0b5cff5a-85797cc0b56a2e03,0.41935483870967744,0.5735294117647058
3cf63146-6ee67beae368cb31,b9219544-92e2cc883e24a750,0.41927710843373495,0.45789473684210524
fadc1365-f858db247859fe5f,ec607ca1-4289fcb0a79e3456,0.41916167664670656,0.6363636363636364
e18ae6a1-25d9c5607673aa1b,c1fef98f-50ede0b8704be38a,0.41909814323607425,0.6752136752136753
8639f6c6-3f6123942d64b527,1be078c4-472929b651186639,0.41904761904761906,0.515625
f339ef6f-45aadddb6e5b087e,4548305b-08b9f6e926231e7f,0.418848167539267,0.5084745762711864
f339ef6f-45aadddb6e5b087e,4548305b-6b2cbf197d80b87c,0.418848167539267,0.5084745762711864
bb0949b3-2ee7bbd7615b6bc8,810cf242-6c100eed34676e90,0.418848167539267,0.5797101449275363
f870e76b-d3836deeb4de0406,be3b1289-427649625057af89,0.4188034188034188,0.7424242424242424
28c2d81a-3eecc566cc4a7785,268eb6c6-84e03a0110527cca,0.4187725631768953,0.43609022556390975
00c0b82a-a23297c71634ae34,8a39dbf5-7b2cf69c607f33e8,0.4186046511627907,0.5142857142857142
00c0b82a-a23297c71634ae34,ff3283cf-ba41bd70d21a035e,0.4186046511627907,0.5142857142857142
0b5cff5a-85797cc0b56a2e03,04df7bb8-03b9893bdab1344d,0.41843971631205673,0.75
bdfe8110-0d155952e4001c71,b6724dd9-caf9b13758ca6852,0.4180327868852459,0.42857142857142855
11c2ab99-79ea707e2165e2bd,b6724dd9-caf9b13758ca6852,0.4180327868852459,0.42857142857142855
56a90e79-16bd8e2b99bf96c1,2b2d3b84-50128d26a6131abb,0.417910447761194,0.5915492957746479
d12f26f0-5b1bf0f619c49fd6,e6a6e318-96fd4026eb65edf5,0.4178082191780822,0.5596330275229358
8639f6c6-3f6123942d64b527,f339ef6f-45aadddb6e5b087e,0.4175824175824176,0.59375
0048a372-7b27dc892c2c87b5,10bbe9de-263f759c42a0c822,0.4174454828660436,0.4785714285714286
28c2d81a-3eecc566cc4a7785,0b5cff5a-85797cc0b56a2e03,0.4173441734417344,0.5789473684210527
56a90e79-16bd8e2b99bf96c1,e6a6e318-96fd4026eb65edf5,0.41732283464566927,0.7464788732394366
0fdc80c5-eb4012f9f5755db9,968c1e7e-af09f49d4848ad95,0.4166666666666667,0.5909090909090909
2b2d3b84-50128d26a6131abb,4fb09c5f-6bd800fac7ff4f8e,0.4166666666666667,0.5384615384615384
56a90e79-16bd8e2b99bf96c1,8a39dbf5-7b2cf69c607f33e8,0.4161849710982659,0.5070422535211268
56a90e79-16bd8e2b99bf96c1,ff3283cf-ba41bd70d21a035e,0.4161849710982659,0.5070422535211268
0048a372-7b27dc892c2c87b5,1be078c4-472929b651186639,0.41590214067278286,0.4857142857142857
259c1ea4-23a087ca7861c1b5,8f6421f3-958f921ae60910fc,0.4158415841584158,0.5
3c667d4f-524cd7f06bda5cb0,a8e2cefc-63afc29d990cf7ec,0.4158415841584158,0.711864406779661
268eb6c6-84e03a0110527cca,c1fef98f-50ede0b8704be38a,0.4158415841584158,0.5833333333333334
96cd6ee9-d775b6062424ec71,f5fb1b62-e0e35d308a40e712,0.41561181434599154,0.5211640211640212
8a39dbf5-7b2cf69c607f33e8,953ac418-8f7cfb9d58d993fd,0.4152542372881356,0.4803921568627451
ff3283cf-ba41bd70d21a035e,953ac418-8f7cfb9d58d993fd,0.4152542372881356,0.4803921568627451
0adb1ee5-3b312e6358ac7282,96cd6ee9-d775b6062424ec71,0.41459369817578773,0.5555555555555556
2b2d3b84-50128d26a6131abb,b505f95e-844ad4d8e01b16fb,0.41454545454545455,0.43846153846153846
bb0949b3-2ee7bbd7615b6bc8,1be078c4-472929b651186639,0.4140625,0.7681159420289855
4d25818e-e9fd9bc48a79af0b,a8e2cefc-63afc29d990cf7ec,0.41379310344827586,0.7
80c384e4-af35838eb0b75e7d,268eb6c6-84e03a0110527cca,0.41346153846153844,0.671875
967b67b0-b5ba1c50df880f8d,268eb6c6-84e03a0110527cca,0.41346153846153844,0.671875
df594a00-6c0978a0f56b9ed7,5288afb7-d4163ec84d18479e,0.4134078212290503,0.42045454545454547
bb0949b3-2ee7bbd7615b6bc8,7ae0cb0d-94a5a65427bbd458,0.4131455399061033,0.6376811594202898
3c667d4f-524cd7f06bda5cb0,a7894e0b-0202afc2359426ca,0.4131455399061033,0.7457627118644068
00c0b82a-a23297c71634ae34,a8e2cefc-63afc29d990cf7ec,0.4131455399061033,0.6285714285714286
f870e76b-d3836deeb4de0406,f339ef6f-45aadddb6e5b087e,0.41304347826086957,0.5757575757575758
8639f6c6-3f6123942d64b527,4548305b-08b9f6e926231e7f,0.4129032258064516,0.75
8639f6c6-3f6123942d64b527,4548305b-6b2cbf197d80b87c,0.4129032258064516,0.75
a3abac01-a5aaba77aa0fc76b,08b9908d-2314ade53a73911d,0.41283607979184733,0.8263888888888888
28c2d81a-3eecc566cc4a7785,1be078c4-472929b651186639,0.4125,0.49624060150375937
4f7af821-33eae9882a2e0752,3380fa52-397c19efc6ec4545,0.4125,0.55
c57a973e-819a66b366a8be16,0b5cff5a-85797cc0b56a2e03,0.4124293785310734,0.6186440677966102
80c384e4-af35838eb0b75e7d,2b2d3b84-50128d26a6131abb,0.41237113402061853,0.625
967b67b0-b5ba1c50df880f8d,2b2d3b84-50128d26a6131abb,0.41237113402061853,0.625
bdfe8110-0d155952e4001c71,4548305b-08b9f6e926231e7f,0.41228070175438597,0.7899159663865546
11c2ab99-79ea707e2165e2bd,4548305b-08b9f6e926231e7f,0.41228070175438597,0.7899159663865546
bdfe8110-0d155952e4001c71,4548305b-6b2cbf197d80b87c,0.41228070175438597,0.7899159663865546
11c2ab99-79ea707e2165e2bd,4548305b-6b2cbf197d80b87c,0.41228070175438597,0.7899159663865546
ea2fc2bc-8be44aae4b99d930,be3b1289-427649625057af89,0.4121475054229935,0.76
ee270b2a-4a0d00c96498d123,fcbe7917-527b4c7bcd90e160,0.4121212121212121,0.4722222222222222
c1fef98f-50ede0b8704be38a,f5fb1b62-e0e35d308a40e712,0.41204819277108434,0.6576923076923077
5e8d1aaa-dfb1ced6b91ff94d,be3b1289-427649625057af89,0.41201716738197425,0.7384615384615385
0fdc80c5-eb4012f9f5755db9,0adb1ee5-3b312e6358ac7282,0.41194029850746267,0.6272727272727273
a7894e0b-0202afc2359426ca,a3abac01-a5aaba77aa0fc76b,0.4117647058823529,0.5909090909090909
f870e76b-d3836deeb4de0406,b505f95e-844ad4d8e01b16fb,0.41155234657039713,0.4318181818181818
4d25818e-e9fd9bc48a79af0b,a7894e0b-0202afc2359426ca,0.411214953271028,0.7333333333333333
56a90e79-16bd8e2b99bf96c1,d12f26f0-5b1bf0f619c49fd6,0.4111111111111111,0.5211267605633803
b6724dd9-caf9b13758ca6852,fc80cbe0-a7415db88a189acf,0.410958904109589,0.48
8f778337-feb0d359ab443e78,953ac418-8f7cfb9d58d993fd,0.4107142857142857,0.5111111111111111
1be078c4-472929b651186639,96cd6ee9-d775b6062424ec71,0.41061946902654867,0.6203208556149733
f870e76b-d3836deeb4de0406,1a400c1b-b126c6bfaffaf3ae,0.41025641025641024,0.42424242424242425
a3abac01-a5aaba77aa0fc76b,f5fb1b62-e0e35d308a40e712,0.41025641025641024,0.6111111111111112
8f778337-feb0d359ab443e78,0fdc80c5-eb4012f9f5755db9,0.41,0.45555555555555555
2b2d3b84-50128d26a6131abb,0b5cff5a-85797cc0b56a2e03,0.4098360655737705,0.5769230769230769
10bbe9de-263f759c42a0c822,3cf63146-6ee67beae368cb31,0.40970350404312667,0.4198895027624309
8f6421f3-958f921ae60910fc,be3b1289-427649625057af89,0.40969162995594716,0.788135593220339
df594a00-6c0978a0f56b9ed7,810cf242-6c100eed34676e90,0.4095238095238095,0.48863636363636365
bb0949b3-2ee7bbd7615b6bc8,8a39dbf5-7b2cf69c607f33e8,0.4093567251461988,0.5072463768115942
bb0949b3-2ee7bbd7615b6bc8,ff3283cf-ba41bd70d21a035e,0.4093567251461988,0.5072463768115942
4548305b-08b9f6e926231e7f,08b9908d-2314ade53a73911d,0.40931780366056575,0.7299703264094956
4548305b-6b2cbf197d80b87c,08b9908d-2314ade53a73911d,0.40931780366056575,0.7299703264094956
c57a973e-819a66b366a8be16,1a400c1b-b126c6bfaffaf3ae,0.4092664092664093,0.4491525423728814
1ea771ea-6c6d54874f73ad39,c220c822-481cdf45cef307f8,0.4091778202676864,0.5245098039215687
c57a973e-819a66b366a8be16,a3abac01-a5aaba77aa0fc76b,0.4088669950738916,0.7033898305084746
ec607ca1-4289fcb0a79e3456,f5fb1b62-e0e35d308a40e712,0.4086444007858546,0.4642857142857143
b505f95e-844ad4d8e01b16fb,e6a6e318-96fd4026eb65edf5,0.40853658536585363,0.46206896551724136
f28b8cb4-bb917f979b8b1e5f,d77f722c-795a62abdcc8fb0e,0.4085106382978723,0.48484848484848486
0fdc80c5-eb4012f9f5755db9,b6724dd9-caf9b13758ca6852,0.4085106382978723,0.43636363636363634
e18ae6a1-25d9c5607673aa1b,fc80cbe0-a7415db88a189acf,0.4084507042253521,0.49572649572649574
a3abac01-a5aaba77aa0fc76b,96cd6ee9-d775b6062424ec71,0.4084084084084084,0.4722222222222222
268eb6c6-84e03a0110527cca,b505f95e-844ad4d8e01b16fb,0.4083044982698962,0.4097222222222222
8f6421f3-958f921ae60910fc,c0aa6246-12d3d767c8ca9064,0.40828402366863903,0.5847457627118644
f870e76b-d3836deeb4de0406,c1fef98f-50ede0b8704be38a,0.40816326530612246,0.6060606060606061
c4d04ce7-a72b293277badd3e,505f8562-153b80964f03522c,0.4079822616407982,0.609271523178808
fadc1365-f858db247859fe5f,f339ef6f-45aadddb6e5b087e,0.40789473684210525,0.42272727272727273
bdfe8110-0d155952e4001c71,a3abac01-a5aaba77aa0fc76b,0.40786240786240785,0.6974789915966386
11c2ab99-79ea707e2165e2bd,a3abac01-a5aaba77aa0fc76b,0.40786240786240785,0.6974789915966386
4548305b-08b9f6e926231e7f,ec607ca1-4289fcb0a79e3456,0.40764331210191085,0.47477744807121663
4548305b-6b2cbf197d80b87c,ec607ca1-4289fcb0a79e3456,0.40764331210191085,0.47477744807121663
f28b8cb4-bb917f979b8b1e5f,e18ae6a1-25d9c5607673aa1b,0.4074074074074074,0.4444444444444444
f870e76b-d3836deeb4de0406,505f8562-153b80964f03522c,0.4074074074074074,0.6666666666666666
5e8d1aaa-dfb1ced6b91ff94d,b505f95e-844ad4d8e01b16fb,0.4072727272727273,0.4307692307692308
f870e76b-d3836deeb4de0406,968c1e7e-af09f49d4848ad95,0.40718562874251496,0.5151515151515151
28c2d81a-3eecc566cc4a7785,c1fef98f-50ede0b8704be38a,0.4071246819338422,0.6015037593984962
268eb6c6-84e03a0110527cca,c4d04ce7-a72b293277badd3e,0.4067796610169492,0.4166666666666667
bdfe8110-0d155952e4001c71,10bbe9de-263f759c42a0c822,0.4066666666666667,0.5126050420168067
11c2ab99-79ea707e2165e2bd,10bbe9de-263f759c42a0c822,0.4066666666666667,0.5126050420168067
4f7af821-33eae9882a2e0752,810cf242-6c100eed34676e90,0.4065934065934066,0.6166666666666667
c0aa6246-12d3d767c8ca9064,8c591975-fee3ed7b98c29d64,0.4064748201438849,0.5136363636363637
bdfe8110-0d155952e4001c71,c1fef98f-50ede0b8704be38a,0.40633245382585753,0.6470588235294118
11c2ab99-79ea707e2165e2bd,c1fef98f-50ede0b8704be38a,0.40633245382585753,0.6470588235294118
4d25818e-e9fd9bc48a79af0b,f870e76b-d3836deeb4de0406,0.40625,0.65
810cf242-6c100eed34676e90,be3b1289-427649625057af89,0.40611353711790393,0.7622950819672131
df594a00-6c0978a0f56b9ed7,d12f26f0-5b1bf0f619c49fd6,0.40609137055837563,0.45454545454545453
00c0b82a-a23297c71634ae34,f870e76b-d3836deeb4de0406,0.40594059405940597,0.5857142857142857
d12f26f0-5b1bf0f619c49fd6,0b5cff5a-85797cc0b56a2e03,0.4057971014492754,0.6422018348623854
7ae0cb0d-94a5a65427bbd458,4fb09c5f-6bd800fac7ff4f8e,0.4057142857142857,0.4930555555555556
fc80cbe0-a7415db88a189acf,e6a6e318-96fd4026eb65edf5,0.4057142857142857,0.4251497005988024
2b2d3b84-50128d26a6131abb,fadc1365-f858db247859fe5f,0.4057142857142857,0.5461538461538461
d77f722c-795a62abdcc8fb0e,b505f95e-844ad4d8e01b16fb,0.40569395017793597,0.41911764705882354
a4e1511a-bea2751ccbd782bf,10bbe9de-263f759c42a0c822,0.40514469453376206,0.4846153846153846
28c2d81a-3eecc566cc4a7785,be3b1289-427649625057af89,0.4051172707889126,0.7142857142857143
e1a5831a-c8275bfedd968e8c,259c1ea4-23a087ca7861c1b5,0.4049079754601227,0.4177215189873418
00c0b82a-a23297c71634ae34,fcbe7917-527b4c7bcd90e160,0.4049079754601227,0.4714285714285714
80c384e4-af35838eb0b75e7d,9fd33d5a-211f949777137364,0.40476190476190477,0.53125
967b67b0-b5ba1c50df880f8d,9fd33d5a-211f949777137364,0.40476190476190477,0.53125
f870e76b-d3836deeb4de0406,a3abac01-a5aaba77aa0fc76b,0.40476190476190477,0.6439393939393939
7ae0cb0d-94a5a65427bbd458,968c1e7e-af09f49d4848ad95,0.4046242774566474,0.4861111111111111
268eb6c6-84e03a0110527cca,968c1e7e-af09f49d4848ad95,0.4046242774566474,0.4861111111111111
c1fef98f-50ede0b8704be38a,04df7bb8-03b9893bdab1344d,0.4045977011494253,0.676923076923077
48c5f745-a816068dedd9d00e,b9219544-92e2cc883e24a750,0.4045977011494253,0.41904761904761906
2f8c3bf3-e73d8329c1717cd5,d77f722c-795a62abdcc8fb0e,0.40404040404040403,0.6451612903225806
8f778337-feb0d359ab443e78,71c7ac71-104324308e29828f,0.4039408866995074,0.45555555555555555
3c667d4f-524cd7f06bda5cb0,268eb6c6-84e03a0110527cca,0.4039408866995074,0.6949152542372882
67241a76-01f04ac4b7fe3063,0fdc80c5-eb4012f9f5755db9,0.4039408866995074,0.44086021505376344
0048a372-7b27dc892c2c87b5,be3b1289-427649625057af89,0.40336134453781514,0.6857142857142857
71c7ac71-104324308e29828f,5e8d1aaa-dfb1ced6b91ff94d,0.40329218106995884,0.4336283185840708
8639f6c6-3f6123942d64b527,b505f95e-844ad4d8e01b16fb,0.40293040293040294,0.4296875
ec607ca1-4289fcb0a79e3456,04df7bb8-03b9893bdab1344d,0.40264650283553877,0.47544642857142855
56a90e79-16bd8e2b99bf96c1,df594a00-6c0978a0f56b9ed7,0.4025157232704403,0.4507042253521127
2f8c3bf3-e73d8329c1717cd5,8a39dbf5-7b2cf69c607f33e8,0.4024390243902439,0.532258064516129
2f8c3bf3-e73d8329c1717cd5,ff3283cf-ba41bd70d21a035e,0.4024390243902439,0.532258064516129
56a90e79-16bd8e2b99bf96c1,67241a76-01f04ac4b7fe3063,0.4024390243902439,0.4647887323943662
f870e76b-d3836deeb4de0406,4fb09c5f-6bd800fac7ff4f8e,0.40236686390532544,0.5151515151515151
8f6421f3-958f921ae60910fc,b9219544-92e2cc883e24a750,0.40233236151603496,0.5847457627118644
80c384e4-af35838eb0b75e7d,0fdc80c5-eb4012f9f5755db9,0.40229885057471265,0.546875
967b67b0-b5ba1c50df880f8d,0fdc80c5-eb4012f9f5755db9,0.40229885057471265,0.546875
e1a5831a-c8275bfedd968e8c,3380fa52-397c19efc6ec4545,0.4022346368715084,0.45569620253164556
b9219544-92e2cc883e24a750,4548305b-08b9f6e926231e7f,0.40213523131672596,0.5022222222222222
b9219544-92e2cc883e24a750,4548305b-6b2cbf197d80b87c,0.40213523131672596,0.5022222222222222
4f7af821-33eae9882a2e0752,a7894e0b-0202afc2359426ca,0.40186915887850466,0.7166666666666667
ee270b2a-4a0d00c96498d123,68d422ec-8e2a4607563a1184,0.40186915887850466,0.5972222222222222
28c2d81a-3eecc566cc4a7785,505f8562-153b80964f03522c,0.4018475750577367,0.6541353383458647
bdfe8110-0d155952e4001c71,a4e1511a-bea2751ccbd782bf,0.40160642570281124,0.42016806722689076
11c2ab99-79ea707e2165e2bd,a4e1511a-bea2751ccbd782bf,0.40160642570281124,0.42016806722689076
a8e2cefc-63afc29d990cf7ec,c4d04ce7-a72b293277badd3e,0.4013605442176871,0.4125874125874126
e18ae6a1-25d9c5607673aa1b,968c1e7e-af09f49d4848ad95,0.4012539184952978,0.5470085470085471
8639f6c6-3f6123942d64b527,4fb09c5f-6bd800fac7ff4f8e,0.40119760479041916,0.5234375
bdfe8110-0d155952e4001c71,b9219544-92e2cc883e24a750,0.4011627906976744,0.5798319327731093
11c2ab99-79ea707e2165e2bd,b9219544-92e2cc883e24a750,0.4011627906976744,0.5798319327731093
28c2d81a-3eecc566cc4a7785,f339ef6f-45aadddb6e5b087e,0.4010840108401084,0.556390977443609
e6a6e318-96fd4026eb65edf5,4fb09c5f-6bd800fac7ff4f8e,0.40102827763496146,0.4262295081967213
8639f6c6-3f6123942d64b527,be3b1289-427649625057af89,0.40086206896551724,0.7265625
f339ef6f-45aadddb6e5b087e,a3abac01-a5aaba77aa0fc76b,0.40076335877862596,0.4449152542372881
67241a76-01f04ac4b7fe3063,8a39dbf5-7b2cf69c607f33e8,0.4,0.41935483870967744
ea2fc2bc-8be44aae4b99d930,a4e1511a-bea2751ccbd782bf,0.4,0.408
b6724dd9-caf9b13758ca6852,0adb1ee5-3b312e6358ac7282,0.4,0.56
8f778337-feb0d359ab443e78,3380fa52-397c19efc6ec4545,0.4,0.4222222222222222
67241a76-01f04ac4b7fe3063,ff3283cf-ba41bd70d21a035e,0.4,0.41935483870967744
00c0b82a-a23297c71634ae34,fdd85afb-78cf4d5f5887f202,0.4,0.45714285714285713
ee270b2a-4a0d00c96498d123,c57a973e-819a66b366a8be16,0.4,0.5277777777777778
96cd6ee9-d775b6062424ec71,ec607ca1-4289fcb0a79e3456,0.39951573849878935,0.4365079365079365
c1fef98f-50ede0b8704be38a,8c591975-fee3ed7b98c29d64,0.39932885906040266,0.4576923076923077
1ea771ea-6c6d54874f73ad39,48993e07-b7b5015b1aebd2a4,0.39921722113502933,0.5
2b2d3b84-50128d26a6131abb,be3b1289-427649625057af89,0.39914163090128757,0.7153846153846154
28c2d81a-3eecc566cc4a7785,a3abac01-a5aaba77aa0fc76b,0.3990498812351544,0.631578947368421
5e8d1aaa-dfb1ced6b91ff94d,f339ef6f-45aadddb6e5b087e,0.3989071038251366,0.5615384615384615
ea2fc2bc-8be44aae4b99d930,1a400c1b-b126c6bfaffaf3ae,0.39849624060150374,0.424
ee270b2a-4a0d00c96498d123,7ae0cb0d-94a5a65427bbd458,0.39814814814814814,0.5972222222222222
2f8c3bf3-e73d8329c1717cd5,268eb6c6-84e03a0110527cca,0.39805825242718446,0.6612903225806451
fcbe7917-527b4c7bcd90e160,71c7ac71-104324308e29828f,0.39805825242718446,0.44086021505376344
e18ae6a1-25d9c5607673aa1b,0adb1ee5-3b312e6358ac7282,0.39766081871345027,0.5811965811965812
56a90e79-16bd8e2b99bf96c1,3380fa52-397c19efc6ec4545,0.39766081871345027,0.4788732394366197
268eb6c6-84e03a0110527cca,e6a6e318-96fd4026eb65edf5,0.39755351681957185,0.4513888888888889
c4d04ce7-a72b293277badd3e,4548305b-08b9f6e926231e7f,0.3975409836065574,0.6423841059602649
c4d04ce7-a72b293277badd3e,4548305b-6b2cbf197d80b87c,0.3975409836065574,0.6423841059602649
3c667d4f-524cd7f06bda5cb0,8a39dbf5-7b2cf69c607f33e8,0.39751552795031053,0.5423728813559322
3c667d4f-524cd7f06bda5cb0,ff3283cf-ba41bd70d21a035e,0.39751552795031053,0.5423728813559322
be3b1289-427649625057af89,04df7bb8-03b9893bdab1344d,0.3974630021141649,0.5595238095238095
d77f722c-795a62abdcc8fb0e,4548305b-08b9f6e926231e7f,0.3974630021141649,0.6911764705882353
d77f722c-795a62abdcc8fb0e,4548305b-6b2cbf197d80b87c,0.3974630021141649,0.6911764705882353
ee270b2a-4a0d00c96498d123,259c1ea4-23a087ca7861c1b5,0.3974358974358974,0.4305555555555556
fc80cbe0-a7415db88a189acf,f339ef6f-45aadddb6e5b087e,0.3970223325062035,0.47904191616766467
1be078c4-472929b651186639,4fb09c5f-6bd800fac7ff4f8e,0.3969465648854962,0.41711229946524064
810cf242-6c100eed34676e90,0b5cff5a-85797cc0b56a2e03,0.39664804469273746,0.5819672131147541
810cf242-6c100eed34676e90,4548305b-08b9f6e926231e7f,0.39651416122004357,0.7459016393442623
810cf242-6c100eed34676e90,4548305b-6b2cbf197d80b87c,0.39651416122004357,0.7459016393442623
71c7ac71-104324308e29828f,fadc1365-f858db247859fe5f,0.3963963963963964,0.584070796460177
aaccc000-cd3027809553b409,e18ae6a1-25d9c5607673aa1b,0.39572192513368987,0.5285714285714286
268eb6c6-84e03a0110527cca,c0aa6246-12d3d767c8ca9064,0.3956043956043956,0.5
71c7ac71-104324308e29828f,0b5cff5a-85797cc0b56a2e03,0.3954154727793696,0.6106194690265486
aaccc000-cd3027809553b409,8a39dbf5-7b2cf69c607f33e8,0.3953488372093023,0.4857142857142857
ee270b2a-4a0d00c96498d123,3380fa52-397c19efc6ec4545,0.3953488372093023,0.4722222222222222
aaccc000-cd3027809553b409,ff3283cf-ba41bd70d21a035e,0.3953488372093023,0.4857142857142857
505f8562-153b80964f03522c,08b9908d-2314ade53a73911d,0.3948497854077253,0.7666666666666667
268eb6c6-84e03a0110527cca,0b5cff5a-85797cc0b56a2e03,0.39473684210526316,0.5208333333333334
2f8c3bf3-e73d8329c1717cd5,fdd85afb-78cf4d5f5887f202,0.39473684210526316,0.4838709677419355
e1a5831a-c8275bfedd968e8c,fadc1365-f858db247859fe5f,0.39464882943143814,0.7468354430379747
a3abac01-a5aaba77aa0fc76b,04df7bb8-03b9893bdab1344d,0.39420935412026725,0.6145833333333334
56a90e79-16bd8e2b99bf96c1,f870e76b-d3836deeb4de0406,0.39408866995073893,0.5633802816901409
3c667d4f-524cd7f06bda5cb0,48c5f745-a816068dedd9d00e,0.3940520446096654,0.8983050847457628
ee270b2a-4a0d00c96498d123,1be078c4-472929b651186639,0.3938223938223938,0.7083333333333334
d12f26f0-5b1bf0f619c49fd6,4fb09c5f-6bd800fac7ff4f8e,0.39365079365079364,0.5688073394495413
e1a5831a-c8275bfedd968e8c,d12f26f0-5b1bf0f619c49fd6,0.39361702127659576,0.46835443037974683
f28b8cb4-bb917f979b8b1e5f,b505f95e-844ad4d8e01b16fb,0.39344262295081966,0.48484848484848486
d12f26f0-5b1bf0f619c49fd6,5e8d1aaa-dfb1ced6b91ff94d,0.39330543933054396,0.43119266055045874
9fd33d5a-211f949777137364,5e8d1aaa-dfb1ced6b91ff94d,0.39316239316239315,0.4423076923076923
4d25818e-e9fd9bc48a79af0b,71c7ac71-104324308e29828f,0.3930635838150289,0.5666666666666667
fcbe7917-527b4c7bcd90e160,d77f722c-795a62abdcc8fb0e,0.3930131004366812,0.4838709677419355
e1a5831a-c8275bfedd968e8c,b505f95e-844ad4d8e01b16fb,0.39285714285714285,0.5569620253164557
3380fa52-397c19efc6ec4545,bdfe8110-0d155952e4001c71,0.3926940639269406,0.43
3380fa52-397c19efc6ec4545,11c2ab99-79ea707e2165e2bd,0.3926940639269406,0.43
1ea771ea-6c6d54874f73ad39,8c591975-fee3ed7b98c29d64,0.3925925925925926,0.5196078431372549
4f7af821-33eae9882a2e0752,48c5f745-a816068dedd9d00e,0.3925925925925926,0.8833333333333333
00c0b82a-a23297c71634ae34,268eb6c6-84e03a0110527cca,0.3925233644859813,0.6
b6724dd9-caf9b13758ca6852,0048a372-7b27dc892c2c87b5,0.39245283018867927,0.416
8f778337-feb0d359ab443e78,bdfe8110-0d155952e4001c71,0.3923444976076555,0.45555555555555555
8f778337-feb0d359ab443e78,11c2ab99-79ea707e2165e2bd,0.3923444976076555,0.45555555555555555
0fdc80c5-eb4012f9f5755db9,a3abac01-a5aaba77aa0fc76b,0.39195979899497485,0.7090909090909091
bdfe8110-0d155952e4001c71,fc80cbe0-a7415db88a189acf,0.3916083916083916,0.47058823529411764
11c2ab99-79ea707e2165e2bd,fc80cbe0-a7415db88a189acf,0.3916083916083916,0.47058823529411764
e6a6e318-96fd4026eb65edf5,f339ef6f-45aadddb6e5b087e,0.3914081145584726,0.44808743169398907
bdfe8110-0d155952e4001c71,be3b1289-427649625057af89,0.3912087912087912,0.7478991596638656
11c2ab99-79ea707e2165e2bd,be3b1289-427649625057af89,0.3912087912087912,0.7478991596638656
ea2fc2bc-8be44aae4b99d930,fa484fdd-937c6feffc490cb9,0.3911671924290221,0.496
e18ae6a1-25d9c5607673aa1b,0b5cff5a-85797cc0b56a2e03,0.3909348441926346,0.5897435897435898
e1a5831a-c8275bfedd968e8c,1a400c1b-b126c6bfaffaf3ae,0.39090909090909093,0.5443037974683544
7ae0cb0d-94a5a65427bbd458,96cd6ee9-d775b6062424ec71,0.39080459770114945,0.7083333333333334
8639f6c6-3f6123942d64b527,fadc1365-f858db247859fe5f,0.39080459770114945,0.53125
ba9b94f7-6947cf384b45cdcc,e7024f3e-583cf3dd9bb3e76a,0.3904382470119522,0.4336283185840708
71c7ac71-104324308e29828f,e7024f3e-583cf3dd9bb3e76a,0.3904382470119522,0.4336283185840708
8a39dbf5-7b2cf69c607f33e8,268eb6c6-84e03a0110527cca,0.3902439024390244,0.47058823529411764
6045e5d1-bd381059561ccf48,c0aa6246-12d3d767c8ca9064,0.3902439024390244,0.48322147651006714
3cbcb1cc-c51e30d914c3957c,c0aa6246-12d3d767c8ca9064,0.3902439024390244,0.48322147651006714
ff3283cf-ba41bd70d21a035e,268eb6c6-84e03a0110527cca,0.3902439024390244,0.47058823529411764
0fdc80c5-eb4012f9f5755db9,be3b1289-427649625057af89,0.3901345291479821,0.7909090909090909
10bbe9de-263f759c42a0c822,e6a6e318-96fd4026eb65edf5,0.3901098901098901,0.39226519337016574
e18ae6a1-25d9c5607673aa1b,4fb09c5f-6bd800fac7ff4f8e,0.39009287925696595,0.5384615384615384
ec607ca1-4289fcb0a79e3456,351c9206-26c578b98ea64fce,0.39007580978635426,0.6316964285714286
ec607ca1-4289fcb0a79e3456,2b9dfed3-26c578b98ea64fce,0.39007580978635426,0.6316964285714286
ea2fc2bc-8be44aae4b99d930,4548305b-08b9f6e926231e7f,0.38961038961038963,0.72
ea2fc2bc-8be44aae4b99d930,4548305b-6b2cbf197d80b87c,0.38961038961038963,0.72
71c7ac71-104324308e29828f,a7894e0b-0202afc2359426ca,0.3895131086142322,0.46017699115044247
71c7ac71-104324308e29828f,3cf63146-6ee67beae368cb31,0.38943894389438943,0.5221238938053098
be3b1289-427649625057af89,96cd6ee9-d775b6062424ec71,0.38935574229691877,0.41369047619047616
a4e1511a-bea2751ccbd782bf,f870e76b-d3836deeb4de0406,0.3893129770992366,0.3923076923076923
c4d04ce7-a72b293277badd3e,c1fef98f-50ede0b8704be38a,0.38929440389294406,0.5298013245033113
d12f26f0-5b1bf0f619c49fd6,0adb1ee5-3b312e6358ac7282,0.38922155688622756,0.5963302752293578
f28b8cb4-bb917f979b8b1e5f,810cf242-6c100eed34676e90,0.3891402714932127,0.43434343434343436
5288afb7-d4163ec84d18479e,a4e1511a-bea2751ccbd782bf,0.3891402714932127,0.4725274725274725
bb0949b3-2ee7bbd7615b6bc8,e6a6e318-96fd4026eb65edf5,0.3888888888888889,0.7101449275362319
a7894e0b-0202afc2359426ca,4fb09c5f-6bd800fac7ff4f8e,0.3888888888888889,0.45454545454545453
fc80cbe0-a7415db88a189acf,c1fef98f-50ede0b8704be38a,0.38875878220140514,0.49700598802395207
f28b8cb4-bb917f979b8b1e5f,c0aa6246-12d3d767c8ca9064,0.3887147335423197,0.6262626262626263
810cf242-6c100eed34676e90,b6724dd9-caf9b13758ca6852,0.38866396761133604,0.39344262295081966
268eb6c6-84e03a0110527cca,4fb09c5f-6bd800fac7ff4f8e,0.38857142857142857,0.4722222222222222
a8e2cefc-63afc29d990cf7ec,be3b1289-427649625057af89,0.3883089770354906,0.6503496503496503
56a90e79-16bd8e2b99bf96c1,f28b8cb4-bb917f979b8b1e5f,0.38823529411764707,0.4647887323943662
259c1ea4-23a087ca7861c1b5,e18ae6a1-25d9c5607673aa1b,0.3880597014925373,0.4642857142857143
e1a5831a-c8275bfedd968e8c,810cf242-6c100eed34676e90,0.3880597014925373,0.4936708860759494
80c384e4-af35838eb0b75e7d,f870e76b-d3836deeb4de0406,0.3877551020408163,0.59375
967b67b0-b5ba1c50df880f8d,f870e76b-d3836deeb4de0406,0.3877551020408163,0.59375
d77f722c-795a62abdcc8fb0e,fadc1365-f858db247859fe5f,0.38764044943820225,0.5073529411764706
0048a372-7b27dc892c2c87b5,268eb6c6-84e03a0110527cca,0.3873239436619718,0.39285714285714285
f28b8cb4-bb917f979b8b1e5f,c57a973e-819a66b366a8be16,0.3870967741935484,0.42424242424242425
56a90e79-16bd8e2b99bf96c1,259c1ea4-23a087ca7861c1b5,0.3870967741935484,0.4225352112676056
3c667d4f-524cd7f06bda5cb0,fadc1365-f858db247859fe5f,0.3870967741935484,0.9152542372881356
10bbe9de-263f759c42a0c822,be3b1289-427649625057af89,0.38684719535783363,0.5524861878453039
8a39dbf5-7b2cf69c607f33e8,0fdc80c5-eb4012f9f5755db9,0.3867924528301887,0.4019607843137255
ff3283cf-ba41bd70d21a035e,0fdc80c5-eb4012f9f5755db9,0.3867924528301887,0.4019607843137255
0b5cff5a-85797cc0b56a2e03,48993e07-b7b5015b1aebd2a4,0.3867403314917127,0.4449152542372881
268eb6c6-84e03a0110527cca,4548305b-08b9f6e926231e7f,0.3866943866943867,0.6458333333333334
268eb6c6-84e03a0110527cca,4548305b-6b2cbf197d80b87c,0.3866943866943867,0.6458333333333334
a8e2cefc-63afc29d990cf7ec,e6a6e318-96fd4026eb65edf5,0.38650306748466257,0.4405594405594406
10bbe9de-263f759c42a0c822,968c1e7e-af09f49d4848ad95,0.38642297650130547,0.4088397790055249
4d25818e-e9fd9bc48a79af0b,1ea771ea-6c6d54874f73ad39,0.38636363636363635,0.85
bdfe8110-0d155952e4001c71,968c1e7e-af09f49d4848ad95,0.3862928348909657,0.5210084033613446
11c2ab99-79ea707e2165e2bd,968c1e7e-af09f49d4848ad95,0.3862928348909657,0.5210084033613446
96cd6ee9-d775b6062424ec71,ed37ba7d-fa359dc6c74dfbfa,0.3861824623560673,0.5767195767195767
5e8d1aaa-dfb1ced6b91ff94d,968c1e7e-af09f49d4848ad95,0.3855421686746988,0.49230769230769234
aaccc000-cd3027809553b409,810cf242-6c100eed34676e90,0.3854166666666667,0.5285714285714286
3380fa52-397c19efc6ec4545,7ae0cb0d-94a5a65427bbd458,0.38524590163934425,0.47
b9219544-92e2cc883e24a750,8c591975-fee3ed7b98c29d64,0.3850267379679144,0.48
f339ef6f-45aadddb6e5b087e,be3b1289-427649625057af89,0.38461538461538464,0.4661016949152542
259c1ea4-23a087ca7861c1b5,bdfe8110-0d155952e4001c71,0.3842364532019704,0.4642857142857143
259c1ea4-23a087ca7861c1b5,11c2ab99-79ea707e2165e2bd,0.3842364532019704,0.4642857142857143
4f7af821-33eae9882a2e0752,a8e2cefc-63afc29d990cf7ec,0.3842364532019704,0.65
268eb6c6-84e03a0110527cca,f339ef6f-45aadddb6e5b087e,0.38421052631578945,0.5069444444444444
8f6421f3-958f921ae60910fc,0b5cff5a-85797cc0b56a2e03,0.384180790960452,0.576271186440678
10bbe9de-263f759c42a0c822,fadc1365-f858db247859fe5f,0.38403990024937656,0.425414364640884
df594a00-6c0978a0f56b9ed7,d77f722c-795a62abdcc8fb0e,0.38392857142857145,0.48863636363636365
b505f95e-844ad4d8e01b16fb,b9219544-92e2cc883e24a750,0.3837837837837838,0.4896551724137931
fcbe7917-527b4c7bcd90e160,3380fa52-397c19efc6ec4545,0.38341968911917096,0.3978494623655914
c0aa6246-12d3d767c8ca9064,48993e07-b7b5015b1aebd2a4,0.38330170777988615,0.4590909090909091
56a90e79-16bd8e2b99bf96c1,a8e2cefc-63afc29d990cf7ec,0.38317757009345793,0.5774647887323944
bb0949b3-2ee7bbd7615b6bc8,b505f95e-844ad4d8e01b16fb,0.38317757009345793,0.5942028985507246
bdfe8110-0d155952e4001c71,0b5cff5a-85797cc0b56a2e03,0.38309859154929576,0.5714285714285714
11c2ab99-79ea707e2165e2bd,0b5cff5a-85797cc0b56a2e03,0.38309859154929576,0.5714285714285714
28c2d81a-3eecc566cc4a7785,4548305b-08b9f6e926231e7f,0.3829787234042553,0.6766917293233082
28c2d81a-3eecc566cc4a7785,4548305b-6b2cbf197d80b87c,0.3829787234042553,0.6766917293233082
1be078c4-472929b651186639,48c5f745-a816068dedd9d00e,0.38287153652392947,0.40641711229946526
5e8d1aaa-dfb1ced6b91ff94d,c0aa6246-12d3d767c8ca9064,0.38285714285714284,0.5153846153846153
259c1ea4-23a087ca7861c1b5,ea2fc2bc-8be44aae4b99d930,0.3827751196172249,0.47619047619047616
4f7af821-33eae9882a2e0752,8a39dbf5-7b2cf69c607f33e8,0.38271604938271603,0.5166666666666667
4f7af821-33eae9882a2e0752,ff3283cf-ba41bd70d21a035e,0.38271604938271603,0.5166666666666667
4d25818e-e9fd9bc48a79af0b,268eb6c6-84e03a0110527cca,0.38235294117647056,0.65
56a90e79-16bd8e2b99bf96c1,28c2d81a-3eecc566cc4a7785,0.38235294117647056,0.5492957746478874
3c667d4f-524cd7f06bda5cb0,1be078c4-472929b651186639,0.3821138211382114,0.7966101694915254
28c2d81a-3eecc566cc4a7785,968c1e7e-af09f49d4848ad95,0.382089552238806,0.48120300751879697
d77f722c-795a62abdcc8fb0e,c0aa6246-12d3d767c8ca9064,0.38202247191011235,0.5
b505f95e-844ad4d8e01b16fb,505f8562-153b80964f03522c,0.38202247191011235,0.5862068965517241
3c667d4f-524cd7f06bda5cb0,fcbe7917-527b4c7bcd90e160,0.3815789473684211,0.4915254237288136
9fd33d5a-211f949777137364,f870e76b-d3836deeb4de0406,0.3813559322033898,0.4326923076923077
67241a76-01f04ac4b7fe3063,e7024f3e-583cf3dd9bb3e76a,0.38095238095238093,0.4731182795698925
8f6421f3-958f921ae60910fc,fa484fdd-937c6feffc490cb9,0.38064516129032255,0.5
4f7af821-33eae9882a2e0752,1be078c4-472929b651186639,0.3805668016194332,0.7833333333333333
4d25818e-e9fd9bc48a79af0b,1be078c4-472929b651186639,0.3805668016194332,0.7833333333333333
0048a372-7b27dc892c2c87b5,968c1e7e-af09f49d4848ad95,0.38011695906432746,0.4642857142857143
0048a372-7b27dc892c2c87b5,c1fef98f-50ede0b8704be38a,0.38,0.5428571428571428
8639f6c6-3f6123942d64b527,c4d04ce7-a72b293277badd3e,0.37992831541218636,0.4140625
b6724dd9-caf9b13758ca6852,28c2d81a-3eecc566cc4a7785,0.3798449612403101,0.392
1a400c1b-b126c6bfaffaf3ae,a7894e0b-0202afc2359426ca,0.37966101694915255,0.3971631205673759
2f8c3bf3-e73d8329c1717cd5,a7894e0b-0202afc2359426ca,0.37962962962962965,0.6612903225806451
04df7bb8-03b9893bdab1344d,351c9206-26c578b98ea64fce,0.3794172349659021,0.5016393442622951
04df7bb8-03b9893bdab1344d,2b9dfed3-26c578b98ea64fce,0.3794172349659021,0.5016393442622951
9fd33d5a-211f949777137364,8639f6c6-3f6123942d64b527,0.3793103448275862,0.4230769230769231
3380fa52-397c19efc6ec4545,f870e76b-d3836deeb4de0406,0.3793103448275862,0.44
ea2fc2bc-8be44aae4b99d930,968c1e7e-af09f49d4848ad95,0.37920489296636084,0.496
a8e2cefc-63afc29d990cf7ec,4548305b-08b9f6e926231e7f,0.37916666666666665,0.6363636363636364
a8e2cefc-63afc29d990cf7ec,4548305b-6b2cbf197d80b87c,0.37916666666666665,0.6363636363636364
67241a76-01f04ac4b7fe3063,c57a973e-819a66b366a8be16,0.3791469194312796,0.43010752688172044
10bbe9de-263f759c42a0c822,c0aa6246-12d3d767c8ca9064,0.3790523690773067,0.4198895027624309
10bbe9de-263f759c42a0c822,4548305b-08b9f6e926231e7f,0.3783783783783784,0.5414364640883977
10bbe9de-263f759c42a0c822,4548305b-6b2cbf197d80b87c,0.3783783783783784,0.5414364640883977
56a90e79-16bd8e2b99bf96c1,fcbe7917-527b4c7bcd90e160,0.3780487804878049,0.43661971830985913
f28b8cb4-bb917f979b8b1e5f,8f6421f3-958f921ae60910fc,0.3778801843317972,0.41414141414141414
259c1ea4-23a087ca7861c1b5,28c2d81a-3eecc566cc4a7785,0.3778801843317972,0.4880952380952381
4d25818e-e9fd9bc48a79af0b,48c5f745-a816068dedd9d00e,0.37777777777777777,0.85
bb0949b3-2ee7bbd7615b6bc8,fdd85afb-78cf4d5f5887f202,0.37735849056603776,0.43478260869565216
268eb6c6-84e03a0110527cca,3cf63146-6ee67beae368cb31,0.3772455089820359,0.4375
0048a372-7b27dc892c2c87b5,1a400c1b-b126c6bfaffaf3ae,0.37722419928825623,0.37857142857142856
d12f26f0-5b1bf0f619c49fd6,c4d04ce7-a72b293277badd3e,0.3769230769230769,0.44954128440366975
1a400c1b-b126c6bfaffaf3ae,fadc1365-f858db247859fe5f,0.3767313019390582,0.48226950354609927
ea2fc2bc-8be44aae4b99d930,f339ef6f-45aadddb6e5b087e,0.3767313019390582,0.544
1a400c1b-b126c6bfaffaf3ae,505f8562-153b80964f03522c,0.3764172335600907,0.5886524822695035
259c1ea4-23a087ca7861c1b5,c57a973e-819a66b366a8be16,0.37623762376237624,0.4523809523809524
aaccc000-cd3027809553b409,f870e76b-d3836deeb4de0406,0.37623762376237624,0.5428571428571428
d12f26f0-5b1bf0f619c49fd6,b6724dd9-caf9b13758ca6852,0.37606837606837606,0.4036697247706422
3cf63146-6ee67beae368cb31,0adb1ee5-3b312e6358ac7282,0.3759036144578313,0.4105263157894737
28c2d81a-3eecc566cc4a7785,10bbe9de-263f759c42a0c822,0.37579617834394907,0.44360902255639095
8639f6c6-3f6123942d64b527,968c1e7e-af09f49d4848ad95,0.37575757575757573,0.484375
0fdc80c5-eb4012f9f5755db9,505f8562-153b80964f03522c,0.375609756097561,0.7
7ae0cb0d-94a5a65427bbd458,fa484fdd-937c6feffc490cb9,0.375,0.4375
aaccc000-cd3027809553b409,fdd85afb-78cf4d5f5887f202,0.375,0.42857142857142855
a3abac01-a5aaba77aa0fc76b,ec607ca1-4289fcb0a79e3456,0.375,0.4791666666666667
be3b1289-427649625057af89,ec607ca1-4289fcb0a79e3456,0.375,0.4375
4f7af821-33eae9882a2e0752,f870e76b-d3836deeb4de0406,0.375,0.6
2f8c3bf3-e73d8329c1717cd5,5e8d1aaa-dfb1ced6b91ff94d,0.375,0.5806451612903226
0b5cff5a-85797cc0b56a2e03,f5fb1b62-e0e35d308a40e712,0.3746898263027295,0.6398305084745762
b6724dd9-caf9b13758ca6852,3cf63146-6ee67beae368cb31,0.3746031746031746,0.472
e1a5831a-c8275bfedd968e8c,c0aa6246-12d3d767c8ca9064,0.3745819397993311,0.7088607594936709
e6a6e318-96fd4026eb65edf5,968c1e7e-af09f49d4848ad95,0.37402597402597404,0.39344262295081966
3380fa52-397c19efc6ec4545,2b2d3b84-50128d26a6131abb,0.3739130434782609,0.43
c4d04ce7-a72b293277badd3e,be3b1289-427649625057af89,0.3737166324435318,0.6026490066225165
bb0949b3-2ee7bbd7615b6bc8,1ea771ea-6c6d54874f73ad39,0.37362637362637363,0.7391304347826086
8639f6c6-3f6123942d64b527,c0aa6246-12d3d767c8ca9064,0.3735632183908046,0.5078125
2f8c3bf3-e73d8329c1717cd5,9fd33d5a-211f949777137364,0.37349397590361444,0.5
71c7ac71-104324308e29828f,8639f6c6-3f6123942d64b527,0.37344398340248963,0.39823008849557523
8639f6c6-3f6123942d64b527,0048a372-7b27dc892c2c87b5,0.373134328358209,0.390625
1a400c1b-b126c6bfaffaf3ae,a3abac01-a5aaba77aa0fc76b,0.372960372960373,0.5673758865248227
3c667d4f-524cd7f06bda5cb0,1ea771ea-6c6d54874f73ad39,0.3726235741444867,0.8305084745762712
d12f26f0-5b1bf0f619c49fd6,a7894e0b-0202afc2359426ca,0.3726235741444867,0.44954128440366975
3c667d4f-524cd7f06bda5cb0,b505f95e-844ad4d8e01b16fb,0.37254901960784315,0.6440677966101694
00c0b82a-a23297c71634ae34,c0aa6246-12d3d767c8ca9064,0.3724137931034483,0.7714285714285715
56a90e79-16bd8e2b99bf96c1,e18ae6a1-25d9c5607673aa1b,0.3723404255319149,0.49295774647887325
ea2fc2bc-8be44aae4b99d930,505f8562-153b80964f03522c,0.37176470588235294,0.632
810cf242-6c100eed34676e90,c1fef98f-50ede0b8704be38a,0.3717277486910995,0.5819672131147541
1a400c1b-b126c6bfaffaf3ae,b9219544-92e2cc883e24a750,0.37158469945355194,0.48226950354609927
4f7af821-33eae9882a2e0752,fadc1365-f858db247859fe5f,0.37142857142857144,0.8666666666666667
4d25818e-e9fd9bc48a79af0b,fadc1365-f858db247859fe5f,0.37142857142857144,0.8666666666666667
f5fb1b62-e0e35d308a40e712,351c9206-26c578b98ea64fce,0.3712650985378258,0.512280701754386
f5fb1b62-e0e35d308a40e712,2b9dfed3-26c578b98ea64fce,0.3712650985378258,0.512280701754386
0adb1ee5-3b312e6358ac7282,04df7bb8-03b9893bdab1344d,0.3712574850299401,0.6888888888888889
259c1ea4-23a087ca7861c1b5,0fdc80c5-eb4012f9f5755db9,0.3711340206185567,0.42857142857142855
bb0949b3-2ee7bbd7615b6bc8,ea2fc2bc-8be44aae4b99d930,0.3711340206185567,0.5217391304347826
e1a5831a-c8275bfedd968e8c,20012377-c8b711b6bd0ca533,0.3708609271523179,0.7088607594936709
e1a5831a-c8275bfedd968e8c,079ad09e-aa293a47b55193eb,0.3708609271523179,0.7088607594936709
e6a6e318-96fd4026eb65edf5,ec607ca1-4289fcb0a79e3456,0.37083993660855785,0.639344262295082
d12f26f0-5b1bf0f619c49fd6,fadc1365-f858db247859fe5f,0.3708206686930091,0.5596330275229358
1be078c4-472929b651186639,20012377-c8b711b6bd0ca533,0.37073170731707317,0.40641711229946526
1be078c4-472929b651186639,079ad09e-aa293a47b55193eb,0.37073170731707317,0.40641711229946526
f28b8cb4-bb917f979b8b1e5f,28c2d81a-3eecc566cc4a7785,0.3706896551724138,0.43434343434343436
8f6421f3-958f921ae60910fc,4fb09c5f-6bd800fac7ff4f8e,0.37037037037037035,0.5084745762711864
c1fef98f-50ede0b8704be38a,48993e07-b7b5015b1aebd2a4,0.37037037037037035,0.40384615384615385
e18ae6a1-25d9c5607673aa1b,a3abac01-a5aaba77aa0fc76b,0.37037037037037035,0.6410256410256411
b6724dd9-caf9b13758ca6852,e6a6e318-96fd4026eb65edf5,0.37012987012987014,0.456
ea2fc2bc-8be44aae4b99d930,fc80cbe0-a7415db88a189acf,0.3698630136986301,0.432
4fb09c5f-6bd800fac7ff4f8e,96cd6ee9-d775b6062424ec71,0.3698630136986301,0.5242718446601942
2f8c3bf3-e73d8329c1717cd5,1be078c4-472929b651186639,0.36947791164658633,0.7419354838709677
80c384e4-af35838eb0b75e7d,67241a76-01f04ac4b7fe3063,0.36942675159235666,0.453125
967b67b0-b5ba1c50df880f8d,67241a76-01f04ac4b7fe3063,0.36942675159235666,0.453125
9fd33d5a-211f949777137364,e6a6e318-96fd4026eb65edf5,0.3693379790940767,0.5096153846153846
fa484fdd-937c6feffc490cb9,b9219544-92e2cc883e24a750,0.36930455635491605,0.4010416666666667
fcbe7917-527b4c7bcd90e160,312d9460-0ef5b2ece009b5fd,0.36923076923076925,0.3870967741935484
2b2d3b84-50128d26a6131abb,1a400c1b-b126c6bfaffaf3ae,0.36900369003690037,0.38461538461538464
b6724dd9-caf9b13758ca6852,c1fef98f-50ede0b8704be38a,0.36883116883116884,0.568
e1a5831a-c8275bfedd968e8c,e7024f3e-583cf3dd9bb3e76a,0.3686635944700461,0.5063291139240507
d77f722c-795a62abdcc8fb0e,be3b1289-427649625057af89,0.3686440677966102,0.6397058823529411
1a400c1b-b126c6bfaffaf3ae,3cf63146-6ee67beae368cb31,0.3685800604229607,0.4326241134751773
3c667d4f-524cd7f06bda5cb0,67241a76-01f04ac4b7fe3063,0.3684210526315789,0.4745762711864407
d77f722c-795a62abdcc8fb0e,4fb09c5f-6bd800fac7ff4f8e,0.3684210526315789,0.4632352941176471
d12f26f0-5b1bf0f619c49fd6,a4e1511a-bea2751ccbd782bf,0.3682008368200837,0.4036697247706422
67241a76-01f04ac4b7fe3063,bdfe8110-0d155952e4001c71,0.36792452830188677,0.41935483870967744
67241a76-01f04ac4b7fe3063,11c2ab99-79ea707e2165e2bd,0.36792452830188677,0.41935483870967744
968c1e7e-af09f49d4848ad95,4fb09c5f-6bd800fac7ff4f8e,0.36764705882352944,0.3712871287128713
0fdc80c5-eb4012f9f5755db9,c1fef98f-50ede0b8704be38a,0.3675675675675676,0.6181818181818182
2f8c3bf3-e73d8329c1717cd5,b505f95e-844ad4d8e01b16fb,0.3671497584541063,0.6129032258064516
b505f95e-844ad4d8e01b16fb,fadc1365-f858db247859fe5f,0.36712328767123287,0.46206896551724136
fc80cbe0-a7415db88a189acf,fadc1365-f858db247859fe5f,0.3669250645994832,0.4251497005988024
96cd6ee9-d775b6062424ec71,08b9908d-2314ade53a73911d,0.3668543845534996,0.6031746031746031
8a39dbf5-7b2cf69c607f33e8,6045e5d1-bd381059561ccf48,0.3665338645418327,0.45098039215686275
8a39dbf5-7b2cf69c607f33e8,3cbcb1cc-c51e30d914c3957c,0.3665338645418327,0.45098039215686275
ff3283cf-ba41bd70d21a035e,6045e5d1-bd381059561ccf48,0.3665338645418327,0.45098039215686275
ff3283cf-ba41bd70d21a035e,3cbcb1cc-c51e30d914c3957c,0.3665338645418327,0.45098039215686275
e18ae6a1-25d9c5607673aa1b,b505f95e-844ad4d8e01b16fb,0.366412213740458,0.41025641025641024
4d25818e-e9fd9bc48a79af0b,68d422ec-8e2a4607563a1184,0.36633663366336633,0.6166666666666667
df594a00-6c0978a0f56b9ed7,ea2fc2bc-8be44aae4b99d930,0.36619718309859156,0.4431818181818182
4fb09c5f-6bd800fac7ff4f8e,fadc1365-f858db247859fe5f,0.36619718309859156,0.3786407766990291
b505f95e-844ad4d8e01b16fb,48c5f745-a816068dedd9d00e,0.36619718309859156,0.4482758620689655
2b2d3b84-50128d26a6131abb,96cd6ee9-d775b6062424ec71,0.3661417322834646,0.7153846153846154
1a400c1b-b126c6bfaffaf3ae,0adb1ee5-3b312e6358ac7282,0.366120218579235,0.475177304964539
a4e1511a-bea2751ccbd782bf,f339ef6f-45aadddb6e5b087e,0.366120218579235,0.5153846153846153
00c0b82a-a23297c71634ae34,b9219544-92e2cc883e24a750,0.36610169491525424,0.7714285714285715
1a400c1b-b126c6bfaffaf3ae,0b5cff5a-85797cc0b56a2e03,0.3660477453580902,0.48936170212765956
4f7af821-33eae9882a2e0752,67241a76-01f04ac4b7fe3063,0.3660130718954248,0.4666666666666667
aaccc000-cd3027809553b409,1be078c4-472929b651186639,0.3657587548638132,0.6714285714285714
b9219544-92e2cc883e24a750,505f8562-153b80964f03522c,0.3657142857142857,0.4266666666666667
ee270b2a-4a0d00c96498d123,ea2fc2bc-8be44aae4b99d930,0.36548223350253806,0.5
ee270b2a-4a0d00c96498d123,d77f722c-795a62abdcc8fb0e,0.36538461538461536,0.5277777777777778
e1a5831a-c8275bfedd968e8c,0048a372-7b27dc892c2c87b5,0.365296803652968,0.5063291139240507
48993e07-b7b5015b1aebd2a4,96cd6ee9-d775b6062424ec71,0.36496350364963503,0.40716612377850164
d77f722c-795a62abdcc8fb0e,e7024f3e-583cf3dd9bb3e76a,0.36496350364963503,0.36764705882352944
ed37ba7d-fa359dc6c74dfbfa,351c9206-26c578b98ea64fce,0.36488027366020526,0.42609853528628494
ed37ba7d-fa359dc6c74dfbfa,2b9dfed3-26c578b98ea64fce,0.36488027366020526,0.42609853528628494
268eb6c6-84e03a0110527cca,505f8562-153b80964f03522c,0.36486486486486486,0.5625
b505f95e-844ad4d8e01b16fb,c4d04ce7-a72b293277badd3e,0.36486486486486486,0.3724137931034483
fdd85afb-78cf4d5f5887f202,4fb09c5f-6bd800fac7ff4f8e,0.36486486486486486,0.6
fc80cbe0-a7415db88a189acf,a3abac01-a5aaba77aa0fc76b,0.3648351648351648,0.49700598802395207
f870e76b-d3836deeb4de0406,96cd6ee9-d775b6062424ec71,0.36470588235294116,0.7045454545454546
fdd85afb-78cf4d5f5887f202,8a39dbf5-7b2cf69c607f33e8,0.3645833333333333,0.3888888888888889
80c384e4-af35838eb0b75e7d,8639f6c6-3f6123942d64b527,0.3645833333333333,0.546875
967b67b0-b5ba1c50df880f8d,8639f6c6-3f6123942d64b527,0.3645833333333333,0.546875
fdd85afb-78cf4d5f5887f202,ff3283cf-ba41bd70d21a035e,0.3645833333333333,0.3888888888888889
e1a5831a-c8275bfedd968e8c,71c7ac71-104324308e29828f,0.3645833333333333,0.4430379746835443
fadc1365-f858db247859fe5f,96cd6ee9-d775b6062424ec71,0.36454849498327757,0.4954545454545455
e6a6e318-96fd4026eb65edf5,20012377-c8b711b6bd0ca533,0.3645320197044335,0.40437158469945356
e6a6e318-96fd4026eb65edf5,079ad09e-aa293a47b55193eb,0.3645320197044335,0.40437158469945356
fdd85afb-78cf4d5f5887f202,71c7ac71-104324308e29828f,0.3645320197044335,0.4111111111111111
56a90e79-16bd8e2b99bf96c1,fadc1365-f858db247859fe5f,0.3642611683848797,0.7464788732394366
fadc1365-f858db247859fe5f,04df7bb8-03b9893bdab1344d,0.363855421686747,0.6863636363636364
8a39dbf5-7b2cf69c607f33e8,8f6421f3-958f921ae60910fc,0.36363636363636365,0.39215686274509803
56a90e79-16bd8e2b99bf96c1,6045e5d1-bd381059561ccf48,0.36363636363636365,0.5633802816901409
0048a372-7b27dc892c2c87b5,505f8562-153b80964f03522c,0.36363636363636365,0.5714285714285714
f28b8cb4-bb917f979b8b1e5f,0fdc80c5-eb4012f9f5755db9,0.36363636363636365,0.3838383838383838
00c0b82a-a23297c71634ae34,e6a6e318-96fd4026eb65edf5,0.36363636363636365,0.6571428571428571
259c1ea4-23a087ca7861c1b5,b6724dd9-caf9b13758ca6852,0.36363636363636365,0.4523809523809524
ff3283cf-ba41bd70d21a035e,8f6421f3-958f921ae60910fc,0.36363636363636365,0.39215686274509803
505f8562-153b80964f03522c,ec607ca1-4289fcb0a79e3456,0.36363636363636365,0.4533333333333333
ea2fc2bc-8be44aae4b99d930,c1fef98f-50ede0b8704be38a,0.36363636363636365,0.56
56a90e79-16bd8e2b99bf96c1,3cbcb1cc-c51e30d914c3957c,0.36363636363636365,0.5633802816901409
7ae0cb0d-94a5a65427bbd458,b9219544-92e2cc883e24a750,0.36314363143631434,0.4652777777777778
3380fa52-397c19efc6ec4545,0b5cff5a-85797cc0b56a2e03,0.3630952380952381,0.61
56a90e79-16bd8e2b99bf96c1,48c5f745-a816068dedd9d00e,0.36298932384341637,0.7183098591549296
4f7af821-33eae9882a2e0752,268eb6c6-84e03a0110527cca,0.3627450980392157,0.6166666666666667
8c591975-fee3ed7b98c29d64,ec607ca1-4289fcb0a79e3456,0.3622448979591837,0.4226190476190476
e18ae6a1-25d9c5607673aa1b,be3b1289-427649625057af89,0.3620309050772627,0.7008547008547008
3380fa52-397c19efc6ec4545,0fdc80c5-eb4012f9f5755db9,0.3619047619047619,0.38
b505f95e-844ad4d8e01b16fb,be3b1289-427649625057af89,0.36174636174636177,0.6
505f8562-153b80964f03522c,8c591975-fee3ed7b98c29d64,0.36163522012578614,0.38333333333333336
9fd33d5a-211f949777137364,953ac418-8f7cfb9d58d993fd,0.36134453781512604,0.41346153846153844
259c1ea4-23a087ca7861c1b5,a8e2cefc-63afc29d990cf7ec,0.36123348017621143,0.4880952380952381
0fdc80c5-eb4012f9f5755db9,fc80cbe0-a7415db88a189acf,0.36101083032490977,0.45454545454545453
56a90e79-16bd8e2b99bf96c1,c4d04ce7-a72b293277badd3e,0.36036036036036034,0.5633802816901409
48c5f745-a816068dedd9d00e,20012377-c8b711b6bd0ca533,0.36027713625866054,0.37142857142857144
48c5f745-a816068dedd9d00e,079ad09e-aa293a47b55193eb,0.36027713625866054,0.37142857142857144
d12f26f0-5b1bf0f619c49fd6,1a400c1b-b126c6bfaffaf3ae,0.36,0.41284403669724773
c4d04ce7-a72b293277badd3e,a3abac01-a5aaba77aa0fc76b,0.35990888382687924,0.5231788079470199
bb0949b3-2ee7bbd7615b6bc8,c0aa6246-12d3d767c8ca9064,0.35986159169550175,0.7536231884057971
e1a5831a-c8275bfedd968e8c,48c5f745-a816068dedd9d00e,0.35986159169550175,0.6582278481012658
a4e1511a-bea2751ccbd782bf,4548305b-08b9f6e926231e7f,0.35974304068522484,0.6461538461538462
a4e1511a-bea2751ccbd782bf,4548305b-6b2cbf197d80b87c,0.35974304068522484,0.6461538461538462
810cf242-6c100eed34676e90,b505f95e-844ad4d8e01b16fb,0.3595505617977528,0.39344262295081966
1be078c4-472929b651186639,8c591975-fee3ed7b98c29d64,0.35946462715105165,0.5026737967914439
67241a76-01f04ac4b7fe3063,ba9b94f7-6947cf384b45cdcc,0.3592233009708738,0.3978494623655914
b6724dd9-caf9b13758ca6852,1be078c4-472929b651186639,0.358974358974359,0.448
9fd33d5a-211f949777137364,2b2d3b84-50128d26a6131abb,0.358974358974359,0.40384615384615385
9fd33d5a-211f949777137364,bdfe8110-0d155952e4001c71,0.35874439461883406,0.38461538461538464
9fd33d5a-211f949777137364,11c2ab99-79ea707e2165e2bd,0.35874439461883406,0.38461538461538464
8f778337-feb0d359ab443e78,28c2d81a-3eecc566cc4a7785,0.35874439461883406,0.4444444444444444
bb0949b3-2ee7bbd7615b6bc8,a8e2cefc-63afc29d990cf7ec,0.3584905660377358,0.5507246376811594
bb0949b3-2ee7bbd7615b6bc8,9fd33d5a-211f949777137364,0.3583815028901734,0.4492753623188406
ea2fc2bc-8be44aae4b99d930,a3abac01-a5aaba77aa0fc76b,0.3583535108958838,0.592
f28b8cb4-bb917f979b8b1e5f,1a400c1b-b126c6bfaffaf3ae,0.35833333333333334,0.43434343434343436
b505f95e-844ad4d8e01b16fb,3cf63146-6ee67beae368cb31,0.3582089552238806,0.41379310344827586
9fd33d5a-211f949777137364,ea2fc2bc-8be44aae4b99d930,0.35807860262008734,0.3942307692307692
f870e76b-d3836deeb4de0406,fa484fdd-937c6feffc490cb9,0.35802469135802467,0.4393939393939394
4fb09c5f-6bd800fac7ff4f8e,be3b1289-427649625057af89,0.35793357933579334,0.470873786407767
0048a372-7b27dc892c2c87b5,b505f95e-844ad4d8e01b16fb,0.35789473684210527,0.36428571428571427
d12f26f0-5b1bf0f619c49fd6,1ea771ea-6c6d54874f73ad39,0.35782747603833864,0.5137614678899083
d12f26f0-5b1bf0f619c49fd6,c1fef98f-50ede0b8704be38a,0.35772357723577236,0.6055045871559633
df594a00-6c0978a0f56b9ed7,bdfe8110-0d155952e4001c71,0.357487922705314,0.42045454545454547
df594a00-6c0978a0f56b9ed7,11c2ab99-79ea707e2165e2bd,0.357487922705314,0.42045454545454547
fdd85afb-78cf4d5f5887f202,e18ae6a1-25d9c5607673aa1b,0.357487922705314,0.4111111111111111
f28b8cb4-bb917f979b8b1e5f,ea2fc2bc-8be44aae4b99d930,0.35714285714285715,0.40404040404040403
fc80cbe0-a7415db88a189acf,4548305b-08b9f6e926231e7f,0.35714285714285715,0.5389221556886228
268eb6c6-84e03a0110527cca,fadc1365-f858db247859fe5f,0.35714285714285715,0.4513888888888889
4d25818e-e9fd9bc48a79af0b,d77f722c-795a62abdcc8fb0e,0.35714285714285715,0.5833333333333334
a7894e0b-0202afc2359426ca,96cd6ee9-d775b6062424ec71,0.35714285714285715,0.6168831168831169
fc80cbe0-a7415db88a189acf,4548305b-6b2cbf197d80b87c,0.35714285714285715,0.5389221556886228
aaccc000-cd3027809553b409,a8e2cefc-63afc29d990cf7ec,0.3568075117370892,0.5428571428571428
bdfe8110-0d155952e4001c71,20012377-c8b711b6bd0ca533,0.3567251461988304,0.5126050420168067
11c2ab99-79ea707e2165e2bd,20012377-c8b711b6bd0ca533,0.3567251461988304,0.5126050420168067
bdfe8110-0d155952e4001c71,079ad09e-aa293a47b55193eb,0.3567251461988304,0.5126050420168067
11c2ab99-79ea707e2165e2bd,079ad09e-aa293a47b55193eb,0.3567251461988304,0.5126050420168067
b9219544-92e2cc883e24a750,be3b1289-427649625057af89,0.35650623885918004,0.4444444444444444
0048a372-7b27dc892c2c87b5,4548305b-08b9f6e926231e7f,0.35639412997903563,0.6071428571428571
0048a372-7b27dc892c2c87b5,4548305b-6b2cbf197d80b87c,0.35639412997903563,0.6071428571428571
1a400c1b-b126c6bfaffaf3ae,be3b1289-427649625057af89,0.35639412997903563,0.6028368794326241
e6a6e318-96fd4026eb65edf5,48c5f745-a816068dedd9d00e,0.356234096692112,0.3825136612021858
0048a372-7b27dc892c2c87b5,b9219544-92e2cc883e24a750,0.3561643835616438,0.4642857142857143
ee270b2a-4a0d00c96498d123,c0aa6246-12d3d767c8ca9064,0.3561643835616438,0.7222222222222222
20012377-c8b711b6bd0ca533,96cd6ee9-d775b6062424ec71,0.3560732113144759,0.4798206278026906
079ad09e-aa293a47b55193eb,96cd6ee9-d775b6062424ec71,0.3560732113144759,0.4798206278026906
4f7af821-33eae9882a2e0752,1ea771ea-6c6d54874f73ad39,0.3560606060606061,0.7833333333333333
80c384e4-af35838eb0b75e7d,f28b8cb4-bb917f979b8b1e5f,0.3558282208588957,0.453125
967b67b0-b5ba1c50df880f8d,f28b8cb4-bb917f979b8b1e5f,0.3558282208588957,0.453125
aaccc000-cd3027809553b409,67241a76-01f04ac4b7fe3063,0.3558282208588957,0.4142857142857143
00c0b82a-a23297c71634ae34,67241a76-01f04ac4b7fe3063,0.3558282208588957,0.4142857142857143
8a39dbf5-7b2cf69c607f33e8,c4d04ce7-a72b293277badd3e,0.3557312252964427,0.4411764705882353
ff3283cf-ba41bd70d21a035e,c4d04ce7-a72b293277badd3e,0.3557312252964427,0.4411764705882353
4fb09c5f-6bd800fac7ff4f8e,505f8562-153b80964f03522c,0.3557312252964427,0.4368932038834951
28c2d81a-3eecc566cc4a7785,48c5f745-a816068dedd9d00e,0.3556851311953353,0.45864661654135336
1a400c1b-b126c6bfaffaf3ae,4548305b-08b9f6e926231e7f,0.35564853556485354,0.6028368794326241
1a400c1b-b126c6bfaffaf3ae,4548305b-6b2cbf197d80b87c,0.35564853556485354,0.6028368794326241
0048a372-7b27dc892c2c87b5,a3abac01-a5aaba77aa0fc76b,0.35514018691588783,0.5428571428571428
b6724dd9-caf9b13758ca6852,4548305b-08b9f6e926231e7f,0.354978354978355,0.656
b6724dd9-caf9b13758ca6852,4548305b-6b2cbf197d80b87c,0.354978354978355,0.656
b9219544-92e2cc883e24a750,96cd6ee9-d775b6062424ec71,0.3548922056384743,0.47555555555555556
f339ef6f-45aadddb6e5b087e,f5fb1b62-e0e35d308a40e712,0.3548387096774194,0.6059322033898306
f28b8cb4-bb917f979b8b1e5f,e6a6e318-96fd4026eb65edf5,0.3546099290780142,0.5050505050505051
0fdc80c5-eb4012f9f5755db9,20012377-c8b711b6bd0ca533,0.35435435435435436,0.5363636363636364
0fdc80c5-eb4012f9f5755db9,079ad09e-aa293a47b55193eb,0.35435435435435436,0.5363636363636364
5e8d1aaa-dfb1ced6b91ff94d,1a400c1b-b126c6bfaffaf3ae,0.35424354243542433,0.36923076923076925
c0aa6246-12d3d767c8ca9064,04df7bb8-03b9893bdab1344d,0.3542168674698795,0.6681818181818182
c220c822-481cdf45cef307f8,8c591975-fee3ed7b98c29d64,0.35419847328244275,0.36363636363636365
268eb6c6-84e03a0110527cca,be3b1289-427649625057af89,0.3541666666666667,0.5902777777777778
d77f722c-795a62abdcc8fb0e,96cd6ee9-d775b6062424ec71,0.3540856031128405,0.6691176470588235
e1a5831a-c8275bfedd968e8c,2b2d3b84-50128d26a6131abb,0.35406698564593303,0.46835443037974683
268eb6c6-84e03a0110527cca,fc80cbe0-a7415db88a189acf,0.3536977491961415,0.3819444444444444
a8e2cefc-63afc29d990cf7ec,0b5cff5a-85797cc0b56a2e03,0.35356200527704484,0.46853146853146854
8f778337-feb0d359ab443e78,68d422ec-8e2a4607563a1184,0.35344827586206895,0.45555555555555555
953ac418-8f7cfb9d58d993fd,e6a6e318-96fd4026eb65edf5,0.35331230283911674,0.417910447761194
b6724dd9-caf9b13758ca6852,505f8562-153b80964f03522c,0.35294117647058826,0.6
f5fb1b62-e0e35d308a40e712,ed37ba7d-fa359dc6c74dfbfa,0.35276305828917487,0.4087719298245614
953ac418-8f7cfb9d58d993fd,268eb6c6-84e03a0110527cca,0.35251798561151076,0.3656716417910448
8a39dbf5-7b2cf69c607f33e8,68d422ec-8e2a4607563a1184,0.3524590163934426,0.4215686274509804
ff3283cf-ba41bd70d21a035e,68d422ec-8e2a4607563a1184,0.3524590163934426,0.4215686274509804
67241a76-01f04ac4b7fe3063,953ac418-8f7cfb9d58d993fd,0.3524229074889868,0.43010752688172044
3c667d4f-524cd7f06bda5cb0,c4d04ce7-a72b293277badd3e,0.3523809523809524,0.6271186440677966
f339ef6f-45aadddb6e5b087e,04df7bb8-03b9893bdab1344d,0.35224586288416077,0.6313559322033898
0fdc80c5-eb4012f9f5755db9,b9219544-92e2cc883e24a750,0.3522388059701492,0.5363636363636364
3cf63146-6ee67beae368cb31,96cd6ee9-d775b6062424ec71,0.352112676056338,0.5263157894736842
fc80cbe0-a7415db88a189acf,0adb1ee5-3b312e6358ac7282,0.3520408163265306,0.41317365269461076
28c2d81a-3eecc566cc4a7785,b9219544-92e2cc883e24a750,0.35195530726256985,0.47368421052631576
9fd33d5a-211f949777137364,c0aa6246-12d3d767c8ca9064,0.35185185185185186,0.5480769230769231
259c1ea4-23a087ca7861c1b5,f870e76b-d3836deeb4de0406,0.35185185185185186,0.4523809523809524
f339ef6f-45aadddb6e5b087e,96cd6ee9-d775b6062424ec71,0.3517915309446254,0.4576271186440678
71c7ac71-104324308e29828f,a8e2cefc-63afc29d990cf7ec,0.3515625,0.39823008849557523
a8e2cefc-63afc29d990cf7ec,1be078c4-472929b651186639,0.3515151515151515,0.40559440559440557
f28b8cb4-bb917f979b8b1e5f,0048a372-7b27dc892c2c87b5,0.3514644351464435,0.42424242424242425
10bbe9de-263f759c42a0c822,4fb09c5f-6bd800fac7ff4f8e,0.35142118863049093,0.3756906077348066
b505f95e-844ad4d8e01b16fb,0adb1ee5-3b312e6358ac7282,0.35135135135135137,0.4482758620689655
4f7af821-33eae9882a2e0752,b505f95e-844ad4d8e01b16fb,0.35121951219512193,0.6
4d25818e-e9fd9bc48a79af0b,b505f95e-844ad4d8e01b16fb,0.35121951219512193,0.6
810cf242-6c100eed34676e90,a3abac01-a5aaba77aa0fc76b,0.35121951219512193,0.5901639344262295
1a400c1b-b126c6bfaffaf3ae,7ae0cb0d-94a5a65427bbd458,0.3508771929824561,0.3546099290780142
e18ae6a1-25d9c5607673aa1b,b9219544-92e2cc883e24a750,0.3508771929824561,0.5128205128205128
56a90e79-16bd8e2b99bf96c1,0048a372-7b27dc892c2c87b5,0.35071090047393366,0.5211267605633803
b505f95e-844ad4d8e01b16fb,c1fef98f-50ede0b8704be38a,0.3506172839506173,0.4896551724137931
2f8c3bf3-e73d8329c1717cd5,f870e76b-d3836deeb4de0406,0.35051546391752575,0.5483870967741935
00c0b82a-a23297c71634ae34,1ea771ea-6c6d54874f73ad39,0.35036496350364965,0.6857142857142857
ee270b2a-4a0d00c96498d123,b505f95e-844ad4d8e01b16fb,0.35023041474654376,0.5277777777777778
00c0b82a-a23297c71634ae34,1be078c4-472929b651186639,0.35019455252918286,0.6428571428571429
c220c822-481cdf45cef307f8,96cd6ee9-d775b6062424ec71,0.3500717360114778,0.3824451410658307
00c0b82a-a23297c71634ae34,48c5f745-a816068dedd9d00e,0.35,0.7
810cf242-6c100eed34676e90,1a400c1b-b126c6bfaffaf3ae,0.34980988593155893,0.3770491803278688
fcbe7917-527b4c7bcd90e160,ba9b94f7-6947cf384b45cdcc,0.34951456310679613,0.3870967741935484
80c384e4-af35838eb0b75e7d,8a39dbf5-7b2cf69c607f33e8,0.3493975903614458,0.453125
967b67b0-b5ba1c50df880f8d,8a39dbf5-7b2cf69c607f33e8,0.3493975903614458,0.453125
80c384e4-af35838eb0b75e7d,ff3283cf-ba41bd70d21a035e,0.3493975903614458,0.453125
967b67b0-b5ba1c50df880f8d,ff3283cf-ba41bd70d21a035e,0.3493975903614458,0.453125
1a400c1b-b126c6bfaffaf3ae,c4d04ce7-a72b293277badd3e,0.3493150684931507,0.3617021276595745
2b2d3b84-50128d26a6131abb,b9219544-92e2cc883e24a750,0.3492957746478873,0.47692307692307695
5e8d1aaa-dfb1ced6b91ff94d,b9219544-92e2cc883e24a750,0.3492957746478873,0.47692307692307695
d12f26f0-5b1bf0f619c49fd6,96cd6ee9-d775b6062424ec71,0.3490759753593429,0.7798165137614679
e18ae6a1-25d9c5607673aa1b,1ea771ea-6c6d54874f73ad39,0.34890965732087226,0.47863247863247865
259c1ea4-23a087ca7861c1b5,df594a00-6c0978a0f56b9ed7,0.3488372093023256,0.35714285714285715
48c5f745-a816068dedd9d00e,fadc1365-f858db247859fe5f,0.3488372093023256,0.35714285714285715
71c7ac71-104324308e29828f,c1fef98f-50ede0b8704be38a,0.3485254691689008,0.5752212389380531
a7894e0b-0202afc2359426ca,b9219544-92e2cc883e24a750,0.3482849604221636,0.42857142857142855
b6724dd9-caf9b13758ca6852,b505f95e-844ad4d8e01b16fb,0.34814814814814815,0.376
953ac418-8f7cfb9d58d993fd,d77f722c-795a62abdcc8fb0e,0.34814814814814815,0.35074626865671643
ea2fc2bc-8be44aae4b99d930,b505f95e-844ad4d8e01b16fb,0.34814814814814815,0.376
28c2d81a-3eecc566cc4a7785,4fb09c5f-6bd800fac7ff4f8e,0.3480825958702065,0.44360902255639095
1be078c4-472929b651186639,1ea771ea-6c6d54874f73ad39,0.34782608695652173,0.36363636363636365
c57a973e-819a66b366a8be16,1ea771ea-6c6d54874f73ad39,0.34782608695652173,0.4745762711864407
ee270b2a-4a0d00c96498d123,1ea771ea-6c6d54874f73ad39,0.34782608695652173,0.6666666666666666
2f8c3bf3-e73d8329c1717cd5,c0aa6246-12d3d767c8ca9064,0.3475177304964539,0.7903225806451613
bb0949b3-2ee7bbd7615b6bc8,3cf63146-6ee67beae368cb31,0.3474903474903475,0.6521739130434783
0b5cff5a-85797cc0b56a2e03,f339ef6f-45aadddb6e5b087e,0.3474576271186441,0.3474576271186441
ec607ca1-4289fcb0a79e3456,08b9908d-2314ade53a73911d,0.3472962680883473,0.5089285714285714
a8e2cefc-63afc29d990cf7ec,c0aa6246-12d3d767c8ca9064,0.34710743801652894,0.4405594405594406
a8e2cefc-63afc29d990cf7ec,fadc1365-f858db247859fe5f,0.34710743801652894,0.4405594405594406
953ac418-8f7cfb9d58d993fd,4fb09c5f-6bd800fac7ff4f8e,0.34705882352941175,0.44029850746268656
3cf63146-6ee67beae368cb31,968c1e7e-af09f49d4848ad95,0.3469387755102041,0.35789473684210527
4f7af821-33eae9882a2e0752,d77f722c-795a62abdcc8fb0e,0.3469387755102041,0.5666666666666667
c57a973e-819a66b366a8be16,96cd6ee9-d775b6062424ec71,0.3467741935483871,0.7288135593220338
56a90e79-16bd8e2b99bf96c1,a7894e0b-0202afc2359426ca,0.3466666666666667,0.5492957746478874
c1fef98f-50ede0b8704be38a,08b9908d-2314ade53a73911d,0.3466666666666667,0.75
28c2d81a-3eecc566cc4a7785,fc80cbe0-a7415db88a189acf,0.3466666666666667,0.39097744360902253
56a90e79-16bd8e2b99bf96c1,4fb09c5f-6bd800fac7ff4f8e,0.34657039711191334,0.676056338028169
b505f95e-844ad4d8e01b16fb,a3abac01-a5aaba77aa0fc76b,0.3464203233256351,0.5172413793103449
fcbe7917-527b4c7bcd90e160,e7024f3e-583cf3dd9bb3e76a,0.3463203463203463,0.43010752688172044
e6a6e318-96fd4026eb65edf5,1ea771ea-6c6d54874f73ad39,0.3462532299741602,0.366120218579235
1a400c1b-b126c6bfaffaf3ae,20012377-c8b711b6bd0ca533,0.34615384615384615,0.44680851063829785
1a400c1b-b126c6bfaffaf3ae,079ad09e-aa293a47b55193eb,0.34615384615384615,0.44680851063829785
80c384e4-af35838eb0b75e7d,0adb1ee5-3b312e6358ac7282,0.3460207612456747,0.78125
967b67b0-b5ba1c50df880f8d,0adb1ee5-3b312e6358ac7282,0.3460207612456747,0.78125
9fd33d5a-211f949777137364,28c2d81a-3eecc566cc4a7785,0.3459915611814346,0.3942307692307692
f28b8cb4-bb917f979b8b1e5f,b9219544-92e2cc883e24a750,0.345679012345679,0.5656565656565656
ee270b2a-4a0d00c96498d123,8f778337-feb0d359ab443e78,0.345679012345679,0.3888888888888889
8f778337-feb0d359ab443e78,2b2d3b84-50128d26a6131abb,0.34545454545454546,0.4222222222222222
b505f95e-844ad4d8e01b16fb,c0aa6246-12d3d767c8ca9064,0.3452054794520548,0.43448275862068964
259c1ea4-23a087ca7861c1b5,71c7ac71-104324308e29828f,0.34517766497461927,0.40476190476190477
56a90e79-16bd8e2b99bf96c1,0adb1ee5-3b312e6358ac7282,0.34459459459459457,0.7183098591549296
a4e1511a-bea2751ccbd782bf,a3abac01-a5aaba77aa0fc76b,0.3444976076555024,0.5538461538461539
fdd85afb-78cf4d5f5887f202,bdfe8110-0d155952e4001c71,0.3444976076555024,0.4
fdd85afb-78cf4d5f5887f202,11c2ab99-79ea707e2165e2bd,0.3444976076555024,0.4
505f8562-153b80964f03522c,ed37ba7d-fa359dc6c74dfbfa,0.34443387250237867,0.6033333333333334
1ea771ea-6c6d54874f73ad39,fadc1365-f858db247859fe5f,0.3443396226415094,0.35784313725490197
8f778337-feb0d359ab443e78,e6a6e318-96fd4026eb65edf5,0.3443223443223443,0.5222222222222223
ee270b2a-4a0d00c96498d123,a8e2cefc-63afc29d990cf7ec,0.34418604651162793,0.5138888888888888
00c0b82a-a23297c71634ae34,b505f95e-844ad4d8e01b16fb,0.34418604651162793,0.5285714285714286
1a400c1b-b126c6bfaffaf3ae,c1fef98f-50ede0b8704be38a,0.34413965087281795,0.48936170212765956
4fb09c5f-6bd800fac7ff4f8e,0b5cff5a-85797cc0b56a2e03,0.3438914027149321,0.36893203883495146
3380fa52-397c19efc6ec4545,c0aa6246-12d3d767c8ca9064,0.34375,0.55
bdfe8110-0d155952e4001c71,f339ef6f-45aadddb6e5b087e,0.3436619718309859,0.5126050420168067
11c2ab99-79ea707e2165e2bd,f339ef6f-45aadddb6e5b087e,0.3436619718309859,0.5126050420168067
8a39dbf5-7b2cf69c607f33e8,ea2fc2bc-8be44aae4b99d930,0.3436123348017621,0.38235294117647056
ff3283cf-ba41bd70d21a035e,ea2fc2bc-8be44aae4b99d930,0.3436123348017621,0.38235294117647056
b505f95e-844ad4d8e01b16fb,10bbe9de-263f759c42a0c822,0.34355828220858897,0.38620689655172413
810cf242-6c100eed34676e90,1ea771ea-6c6d54874f73ad39,0.34355828220858897,0.45901639344262296
ee270b2a-4a0d00c96498d123,0adb1ee5-3b312e6358ac7282,0.3434343434343434,0.7083333333333334
a8e2cefc-63afc29d990cf7ec,a3abac01-a5aaba77aa0fc76b,0.3433874709976798,0.5174825174825175
2f8c3bf3-e73d8329c1717cd5,e6a6e318-96fd4026eb65edf5,0.34285714285714286,0.6774193548387096
268eb6c6-84e03a0110527cca,a3abac01-a5aaba77aa0fc76b,0.3425925925925926,0.5138888888888888
b6724dd9-caf9b13758ca6852,968c1e7e-af09f49d4848ad95,0.3425076452599388,0.448
a7894e0b-0202afc2359426ca,c220c822-481cdf45cef307f8,0.34249471458773784,0.525974025974026
e6a6e318-96fd4026eb65edf5,96cd6ee9-d775b6062424ec71,0.3422459893048128,0.5245901639344263
259c1ea4-23a087ca7861c1b5,d12f26f0-5b1bf0f619c49fd6,0.34196891191709844,0.39285714285714285
67241a76-01f04ac4b7fe3063,3380fa52-397c19efc6ec4545,0.34196891191709844,0.3548387096774194
48993e07-b7b5015b1aebd2a4,ec607ca1-4289fcb0a79e3456,0.34172185430463575,0.4201954397394137
9fd33d5a-211f949777137364,d77f722c-795a62abdcc8fb0e,0.3416666666666667,0.3942307692307692
f28b8cb4-bb917f979b8b1e5f,20012377-c8b711b6bd0ca533,0.3416149068322981,0.5555555555555556
f28b8cb4-bb917f979b8b1e5f,079ad09e-aa293a47b55193eb,0.3416149068322981,0.5555555555555556
80c384e4-af35838eb0b75e7d,3380fa52-397c19efc6ec4545,0.34146341463414637,0.4375
967b67b0-b5ba1c50df880f8d,3380fa52-397c19efc6ec4545,0.34146341463414637,0.4375
ee270b2a-4a0d00c96498d123,28c2d81a-3eecc566cc4a7785,0.34146341463414637,0.4861111111111111
c57a973e-819a66b366a8be16,48c5f745-a816068dedd9d00e,0.34146341463414637,0.4745762711864407
c0aa6246-12d3d767c8ca9064,ec607ca1-4289fcb0a79e3456,0.3413173652694611,0.5181818181818182
2b2d3b84-50128d26a6131abb,1ea771ea-6c6d54874f73ad39,0.3413173652694611,0.43846153846153846
968c1e7e-af09f49d4848ad95,fadc1365-f858db247859fe5f,0.3412322274881517,0.3564356435643564
e1a5831a-c8275bfedd968e8c,f870e76b-d3836deeb4de0406,0.3412322274881517,0.45569620253164556
f870e76b-d3836deeb4de0406,fc80cbe0-a7415db88a189acf,0.3411371237458194,0.38636363636363635
c4d04ce7-a72b293277badd3e,f339ef6f-45aadddb6e5b087e,0.34108527131782945,0.4370860927152318
0fdc80c5-eb4012f9f5755db9,f339ef6f-45aadddb6e5b087e,0.34104046242774566,0.5363636363636364
bdfe8110-0d155952e4001c71,fa484fdd-937c6feffc490cb9,0.3408360128617363,0.44537815126050423
11c2ab99-79ea707e2165e2bd,fa484fdd-937c6feffc490cb9,0.3408360128617363,0.44537815126050423
80c384e4-af35838eb0b75e7d,c57a973e-819a66b366a8be16,0.34065934065934067,0.484375
967b67b0-b5ba1c50df880f8d,c57a973e-819a66b366a8be16,0.34065934065934067,0.484375
bdfe8110-0d155952e4001c71,48c5f745-a816068dedd9d00e,0.3404255319148936,0.47058823529411764
67241a76-01f04ac4b7fe3063,68d422ec-8e2a4607563a1184,0.3404255319148936,0.43010752688172044
11c2ab99-79ea707e2165e2bd,48c5f745-a816068dedd9d00e,0.3404255319148936,0.47058823529411764
be3b1289-427649625057af89,ed37ba7d-fa359dc6c74dfbfa,0.3403863845446182,0.5505952380952381
8f6421f3-958f921ae60910fc,20012377-c8b711b6bd0ca533,0.34017595307917886,0.4915254237288136
8f6421f3-958f921ae60910fc,079ad09e-aa293a47b55193eb,0.34017595307917886,0.4915254237288136
810cf242-6c100eed34676e90,b9219544-92e2cc883e24a750,0.3400576368876081,0.48360655737704916
6045e5d1-bd381059561ccf48,c4d04ce7-a72b293277badd3e,0.34,0.3422818791946309
3cbcb1cc-c51e30d914c3957c,c4d04ce7-a72b293277badd3e,0.34,0.3422818791946309
2f8c3bf3-e73d8329c1717cd5,7ae0cb0d-94a5a65427bbd458,0.33980582524271846,0.5645161290322581
a3abac01-a5aaba77aa0fc76b,8c591975-fee3ed7b98c29d64,0.33974358974358976,0.3680555555555556
a4e1511a-bea2751ccbd782bf,505f8562-153b80964f03522c,0.3395348837209302,0.5615384615384615
1a400c1b-b126c6bfaffaf3ae,f339ef6f-45aadddb6e5b087e,0.3395225464190981,0.45390070921985815
ee270b2a-4a0d00c96498d123,67241a76-01f04ac4b7fe3063,0.3393939393939394,0.3888888888888889
8f778337-feb0d359ab443e78,1be078c4-472929b651186639,0.33935018050541516,0.5222222222222223
bb0949b3-2ee7bbd7615b6bc8,fadc1365-f858db247859fe5f,0.3391003460207612,0.7101449275362319
fcbe7917-527b4c7bcd90e160,6045e5d1-bd381059561ccf48,0.33884297520661155,0.44086021505376344
fcbe7917-527b4c7bcd90e160,3cbcb1cc-c51e30d914c3957c,0.33884297520661155,0.44086021505376344
80c384e4-af35838eb0b75e7d,bdfe8110-0d155952e4001c71,0.33879781420765026,0.484375
80c384e4-af35838eb0b75e7d,11c2ab99-79ea707e2165e2bd,0.33879781420765026,0.484375
967b67b0-b5ba1c50df880f8d,bdfe8110-0d155952e4001c71,0.33879781420765026,0.484375
967b67b0-b5ba1c50df880f8d,11c2ab99-79ea707e2165e2bd,0.33879781420765026,0.484375
a4e1511a-bea2751ccbd782bf,e6a6e318-96fd4026eb65edf5,0.33865814696485624,0.4076923076923077
fadc1365-f858db247859fe5f,20012377-c8b711b6bd0ca533,0.33860045146726864,0.3409090909090909
fadc1365-f858db247859fe5f,079ad09e-aa293a47b55193eb,0.33860045146726864,0.3409090909090909
b9219544-92e2cc883e24a750,0b5cff5a-85797cc0b56a2e03,0.3383947939262473,0.3466666666666667
56a90e79-16bd8e2b99bf96c1,5e8d1aaa-dfb1ced6b91ff94d,0.3383084577114428,0.4788732394366197
bb0949b3-2ee7bbd7615b6bc8,f870e76b-d3836deeb4de0406,0.3383084577114428,0.4927536231884058
10bbe9de-263f759c42a0c822,f5fb1b62-e0e35d308a40e712,0.3382157123834887,0.7016574585635359
1a400c1b-b126c6bfaffaf3ae,a8e2cefc-63afc29d990cf7ec,0.3380281690140845,0.3404255319148936
9fd33d5a-211f949777137364,d12f26f0-5b1bf0f619c49fd6,0.3380281690140845,0.34615384615384615
bb0949b3-2ee7bbd7615b6bc8,268eb6c6-84e03a0110527cca,0.3380281690140845,0.5217391304347826
2f8c3bf3-e73d8329c1717cd5,c4d04ce7-a72b293277badd3e,0.3380281690140845,0.5806451612903226
56a90e79-16bd8e2b99bf96c1,68d422ec-8e2a4607563a1184,0.3380281690140845,0.5070422535211268
3380fa52-397c19efc6ec4545,3cf63146-6ee67beae368cb31,0.33793103448275863,0.49
80c384e4-af35838eb0b75e7d,259c1ea4-23a087ca7861c1b5,0.33783783783783783,0.390625
967b67b0-b5ba1c50df880f8d,259c1ea4-23a087ca7861c1b5,0.33783783783783783,0.390625
0adb1ee5-3b312e6358ac7282,b9219544-92e2cc883e24a750,0.3377777777777778,0.3377777777777778
968c1e7e-af09f49d4848ad95,c1fef98f-50ede0b8704be38a,0.33766233766233766,0.38613861386138615
80c384e4-af35838eb0b75e7d,fdd85afb-78cf4d5f5887f202,0.33766233766233766,0.40625
967b67b0-b5ba1c50df880f8d,fdd85afb-78cf4d5f5887f202,0.33766233766233766,0.40625
a4e1511a-bea2751ccbd782bf,968c1e7e-af09f49d4848ad95,0.3373493975903614,0.4307692307692308
b6724dd9-caf9b13758ca6852,a4e1511a-bea2751ccbd782bf,0.33725490196078434,0.344
3c667d4f-524cd7f06bda5cb0,71c7ac71-104324308e29828f,0.3372093023255814,0.4915254237288136
56a90e79-16bd8e2b99bf96c1,c0aa6246-12d3d767c8ca9064,0.33676975945017185,0.6901408450704225
fcbe7917-527b4c7bcd90e160,d12f26f0-5b1bf0f619c49fd6,0.33663366336633666,0.3655913978494624
259c1ea4-23a087ca7861c1b5,2b2d3b84-50128d26a6131abb,0.3364485981308411,0.42857142857142855
df594a00-6c0978a0f56b9ed7,7ae0cb0d-94a5a65427bbd458,0.33620689655172414,0.4431818181818182
8a39dbf5-7b2cf69c607f33e8,5e8d1aaa-dfb1ced6b91ff94d,0.33620689655172414,0.38235294117647056
ff3283cf-ba41bd70d21a035e,5e8d1aaa-dfb1ced6b91ff94d,0.33620689655172414,0.38235294117647056
b505f95e-844ad4d8e01b16fb,4fb09c5f-6bd800fac7ff4f8e,0.33618233618233617,0.4068965517241379
ea2fc2bc-8be44aae4b99d930,6045e5d1-bd381059561ccf48,0.3357664233576642,0.368
ea2fc2bc-8be44aae4b99d930,3cbcb1cc-c51e30d914c3957c,0.3357664233576642,0.368
e18ae6a1-25d9c5607673aa1b,505f8562-153b80964f03522c,0.33573141486810554,0.5982905982905983
bb0949b3-2ee7bbd7615b6bc8,20012377-c8b711b6bd0ca533,0.3356164383561644,0.7101449275362319
bb0949b3-2ee7bbd7615b6bc8,079ad09e-aa293a47b55193eb,0.3356164383561644,0.7101449275362319
e1a5831a-c8275bfedd968e8c,b9219544-92e2cc883e24a750,0.3355263157894737,0.6455696202531646
b9219544-92e2cc883e24a750,351c9206-26c578b98ea64fce,0.3355048859934853,0.9155555555555556
b9219544-92e2cc883e24a750,2b9dfed3-26c578b98ea64fce,0.3355048859934853,0.9155555555555556
20012377-c8b711b6bd0ca533,c1fef98f-50ede0b8704be38a,0.33540372670807456,0.3632286995515695
079ad09e-aa293a47b55193eb,c1fef98f-50ede0b8704be38a,0.33540372670807456,0.3632286995515695
5288afb7-d4163ec84d18479e,3380fa52-397c19efc6ec4545,0.33507853403141363,0.3516483516483517
bb0949b3-2ee7bbd7615b6bc8,953ac418-8f7cfb9d58d993fd,0.33497536945812806,0.4927536231884058
bb0949b3-2ee7bbd7615b6bc8,0048a372-7b27dc892c2c87b5,0.3349282296650718,0.5072463768115942
80c384e4-af35838eb0b75e7d,b505f95e-844ad4d8e01b16fb,0.3349282296650718,0.546875
967b67b0-b5ba1c50df880f8d,b505f95e-844ad4d8e01b16fb,0.3349282296650718,0.546875
8a39dbf5-7b2cf69c607f33e8,ba9b94f7-6947cf384b45cdcc,0.33488372093023255,0.35294117647058826
ff3283cf-ba41bd70d21a035e,ba9b94f7-6947cf384b45cdcc,0.33488372093023255,0.35294117647058826
9fd33d5a-211f949777137364,e18ae6a1-25d9c5607673aa1b,0.334841628959276,0.3557692307692308
e18ae6a1-25d9c5607673aa1b,4548305b-08b9f6e926231e7f,0.33480176211453744,0.6495726495726496
e18ae6a1-25d9c5607673aa1b,4548305b-6b2cbf197d80b87c,0.33480176211453744,0.6495726495726496
3cf63146-6ee67beae368cb31,8c591975-fee3ed7b98c29d64,0.33460076045627374,0.4631578947368421
9fd33d5a-211f949777137364,b9219544-92e2cc883e24a750,0.3343465045592705,0.5288461538461539
7ae0cb0d-94a5a65427bbd458,8c591975-fee3ed7b98c29d64,0.3333333333333333,0.5555555555555556
fa484fdd-937c6feffc490cb9,48c5f745-a816068dedd9d00e,0.3333333333333333,0.3489583333333333
8c591975-fee3ed7b98c29d64,be3b1289-427649625057af89,0.3333333333333333,0.3333333333333333
8f778337-feb0d359ab443e78,e7024f3e-583cf3dd9bb3e76a,0.3333333333333333,0.4222222222222222
df594a00-6c0978a0f56b9ed7,953ac418-8f7cfb9d58d993fd,0.3333333333333333,0.42045454545454547
2f8c3bf3-e73d8329c1717cd5,3cf63146-6ee67beae368cb31,0.3333333333333333,0.6774193548387096
953ac418-8f7cfb9d58d993fd,fadc1365-f858db247859fe5f,0.3333333333333333,0.44029850746268656
00c0b82a-a23297c71634ae34,953ac418-8f7cfb9d58d993fd,0.3333333333333333,0.4857142857142857
c1fef98f-50ede0b8704be38a,ec607ca1-4289fcb0a79e3456,0.3333333333333333,0.45384615384615384
f870e76b-d3836deeb4de0406,48c5f745-a816068dedd9d00e,0.3333333333333333,0.4318181818181818
10bbe9de-263f759c42a0c822,96cd6ee9-d775b6062424ec71,0.33273703041144903,0.5138121546961326
b6724dd9-caf9b13758ca6852,f339ef6f-45aadddb6e5b087e,0.33240997229916897,0.48
c57a973e-819a66b366a8be16,b9219544-92e2cc883e24a750,0.3323615160349854,0.4830508474576271
b6724dd9-caf9b13758ca6852,4fb09c5f-6bd800fac7ff4f8e,0.3323262839879154,0.44
bdfe8110-0d155952e4001c71,4fb09c5f-6bd800fac7ff4f8e,0.3323076923076923,0.453781512605042
11c2ab99-79ea707e2165e2bd,4fb09c5f-6bd800fac7ff4f8e,0.3323076923076923,0.453781512605042
810cf242-6c100eed34676e90,fc80cbe0-a7415db88a189acf,0.33217993079584773,0.39344262295081966
4d25818e-e9fd9bc48a79af0b,20012377-c8b711b6bd0ca533,0.3321554770318021,0.7833333333333333
4d25818e-e9fd9bc48a79af0b,079ad09e-aa293a47b55193eb,0.3321554770318021,0.7833333333333333
3380fa52-397c19efc6ec4545,1a400c1b-b126c6bfaffaf3ae,0.33195020746887965,0.4
5288afb7-d4163ec84d18479e,8a39dbf5-7b2cf69c607f33e8,0.3316062176165803,0.3516483516483517
5288afb7-d4163ec84d18479e,ff3283cf-ba41bd70d21a035e,0.3316062176165803,0.3516483516483517
0adb1ee5-3b312e6358ac7282,8c591975-fee3ed7b98c29d64,0.3315508021390374,0.41333333333333333
ea2fc2bc-8be44aae4b99d930,0adb1ee5-3b312e6358ac7282,0.3314285714285714,0.464
c4d04ce7-a72b293277badd3e,4fb09c5f-6bd800fac7ff4f8e,0.33053221288515405,0.39072847682119205
b6724dd9-caf9b13758ca6852,c0aa6246-12d3d767c8ca9064,0.33043478260869563,0.456
b6724dd9-caf9b13758ca6852,fadc1365-f858db247859fe5f,0.33043478260869563,0.456
80c384e4-af35838eb0b75e7d,a7894e0b-0202afc2359426ca,0.3302752293577982,0.5625
967b67b0-b5ba1c50df880f8d,a7894e0b-0202afc2359426ca,0.3302752293577982,0.5625
67241a76-01f04ac4b7fe3063,ea2fc2bc-8be44aae4b99d930,0.3302752293577982,0.3870967741935484
8a39dbf5-7b2cf69c607f33e8,9fd33d5a-211f949777137364,0.3300970873786408,0.3333333333333333
ff3283cf-ba41bd70d21a035e,9fd33d5a-211f949777137364,0.3300970873786408,0.3333333333333333
4d25818e-e9fd9bc48a79af0b,0048a372-7b27dc892c2c87b5,0.33,0.55
3cf63146-6ee67beae368cb31,48993e07-b7b5015b1aebd2a4,0.3299798792756539,0.43157894736842106
9fd33d5a-211f949777137364,1be078c4-472929b651186639,0.32989690721649484,0.46153846153846156
c4d04ce7-a72b293277badd3e,b9219544-92e2cc883e24a750,0.32978723404255317,0.4105960264900662
505f8562-153b80964f03522c,48993e07-b7b5015b1aebd2a4,0.32948929159802304,0.3333333333333333
f28b8cb4-bb917f979b8b1e5f,7ae0cb0d-94a5a65427bbd458,0.3292181069958848,0.40404040404040403
fadc1365-f858db247859fe5f,f5fb1b62-e0e35d308a40e712,0.3291139240506329,0.5909090909090909
1be078c4-472929b651186639,968c1e7e-af09f49d4848ad95,0.32904884318766064,0.3422459893048128
1ea771ea-6c6d54874f73ad39,4548305b-08b9f6e926231e7f,0.3290203327171904,0.4362745098039216
1ea771ea-6c6d54874f73ad39,4548305b-6b2cbf197d80b87c,0.3290203327171904,0.4362745098039216
3380fa52-397c19efc6ec4545,71c7ac71-104324308e29828f,0.3286384976525822,0.35
e18ae6a1-25d9c5607673aa1b,f339ef6f-45aadddb6e5b087e,0.3286118980169972,0.49572649572649574
f28b8cb4-bb917f979b8b1e5f,8a39dbf5-7b2cf69c607f33e8,0.3283582089552239,0.3333333333333333
4d25818e-e9fd9bc48a79af0b,1a400c1b-b126c6bfaffaf3ae,0.3283582089552239,0.55
f28b8cb4-bb917f979b8b1e5f,ff3283cf-ba41bd70d21a035e,0.3283582089552239,0.3333333333333333
3c667d4f-524cd7f06bda5cb0,d77f722c-795a62abdcc8fb0e,0.3282051282051282,0.5423728813559322
bdfe8110-0d155952e4001c71,1ea771ea-6c6d54874f73ad39,0.3281733746130031,0.44537815126050423
11c2ab99-79ea707e2165e2bd,1ea771ea-6c6d54874f73ad39,0.3281733746130031,0.44537815126050423
3c667d4f-524cd7f06bda5cb0,a4e1511a-bea2751ccbd782bf,0.328042328042328,0.5254237288135594
3c667d4f-524cd7f06bda5cb0,5e8d1aaa-dfb1ced6b91ff94d,0.328042328042328,0.5254237288135594
b505f95e-844ad4d8e01b16fb,a7894e0b-0202afc2359426ca,0.3277591973244147,0.33793103448275863
8a39dbf5-7b2cf69c607f33e8,d77f722c-795a62abdcc8fb0e,0.3277310924369748,0.38235294117647056
ff3283cf-ba41bd70d21a035e,d77f722c-795a62abdcc8fb0e,0.3277310924369748,0.38235294117647056
fc80cbe0-a7415db88a189acf,1be078c4-472929b651186639,0.327683615819209,0.3473053892215569
259c1ea4-23a087ca7861c1b5,fcbe7917-527b4c7bcd90e160,0.327683615819209,0.34523809523809523
df594a00-6c0978a0f56b9ed7,268eb6c6-84e03a0110527cca,0.3275862068965517,0.4318181818181818
8f778337-feb0d359ab443e78,d77f722c-795a62abdcc8fb0e,0.3274336283185841,0.4111111111111111
bb0949b3-2ee7bbd7615b6bc8,c4d04ce7-a72b293277badd3e,0.32727272727272727,0.5217391304347826
b9219544-92e2cc883e24a750,c220c822-481cdf45cef307f8,0.3272058823529412,0.39555555555555555
810cf242-6c100eed34676e90,505f8562-153b80964f03522c,0.32701421800947866,0.5655737704918032
7ae0cb0d-94a5a65427bbd458,20012377-c8b711b6bd0ca533,0.32697547683923706,0.4166666666666667
7ae0cb0d-94a5a65427bbd458,079ad09e-aa293a47b55193eb,0.32697547683923706,0.4166666666666667
f870e76b-d3836deeb4de0406,20012377-c8b711b6bd0ca533,0.3267605633802817,0.4393939393939394
c4d04ce7-a72b293277badd3e,1ea771ea-6c6d54874f73ad39,0.3267605633802817,0.3841059602649007
f870e76b-d3836deeb4de0406,079ad09e-aa293a47b55193eb,0.3267605633802817,0.4393939393939394
a8e2cefc-63afc29d990cf7ec,4fb09c5f-6bd800fac7ff4f8e,0.32664756446991405,0.3986013986013986
bb0949b3-2ee7bbd7615b6bc8,b9219544-92e2cc883e24a750,0.32653061224489793,0.6956521739130435
b505f95e-844ad4d8e01b16fb,fa484fdd-937c6feffc490cb9,0.3264094955489614,0.3793103448275862
1ea771ea-6c6d54874f73ad39,0adb1ee5-3b312e6358ac7282,0.32634032634032634,0.3431372549019608
a4e1511a-bea2751ccbd782bf,be3b1289-427649625057af89,0.3261802575107296,0.5846153846153846
a4e1511a-bea2751ccbd782bf,0048a372-7b27dc892c2c87b5,0.32592592592592595,0.3384615384615385
71c7ac71-104324308e29828f,96cd6ee9-d775b6062424ec71,0.3258655804480652,0.7079646017699115
df594a00-6c0978a0f56b9ed7,28c2d81a-3eecc566cc4a7785,0.3257918552036199,0.4090909090909091
0048a372-7b27dc892c2c87b5,1ea771ea-6c6d54874f73ad39,0.32558139534883723,0.4
9fd33d5a-211f949777137364,a7894e0b-0202afc2359426ca,0.32558139534883723,0.40384615384615385
20012377-c8b711b6bd0ca533,8c591975-fee3ed7b98c29d64,0.32558139534883723,0.4080717488789238
079ad09e-aa293a47b55193eb,8c591975-fee3ed7b98c29d64,0.32558139534883723,0.4080717488789238
ea2fc2bc-8be44aae4b99d930,8c591975-fee3ed7b98c29d64,0.32537960954446854,0.6
c4d04ce7-a72b293277badd3e,10bbe9de-263f759c42a0c822,0.3253012048192771,0.3576158940397351
0b5cff5a-85797cc0b56a2e03,08b9908d-2314ade53a73911d,0.32515894641235243,0.7584745762711864
8c591975-fee3ed7b98c29d64,96cd6ee9-d775b6062424ec71,0.32492997198879553,0.34523809523809523
fc80cbe0-a7415db88a189acf,3cf63146-6ee67beae368cb31,0.32492997198879553,0.3473053892215569
df594a00-6c0978a0f56b9ed7,e6a6e318-96fd4026eb65edf5,0.3247232472324723,0.5
80c384e4-af35838eb0b75e7d,8f778337-feb0d359ab443e78,0.3246753246753247,0.390625
967b67b0-b5ba1c50df880f8d,8f778337-feb0d359ab443e78,0.3246753246753247,0.390625
d12f26f0-5b1bf0f619c49fd6,f339ef6f-45aadddb6e5b087e,0.32463768115942027,0.5137614678899083
3cf63146-6ee67beae368cb31,fa484fdd-937c6feffc490cb9,0.32460732984293195,0.3263157894736842
ee270b2a-4a0d00c96498d123,bdfe8110-0d155952e4001c71,0.32460732984293195,0.4305555555555556
ee270b2a-4a0d00c96498d123,11c2ab99-79ea707e2165e2bd,0.32460732984293195,0.4305555555555556
71c7ac71-104324308e29828f,505f8562-153b80964f03522c,0.324455205811138,0.5929203539823009
1a400c1b-b126c6bfaffaf3ae,fa484fdd-937c6feffc490cb9,0.32432432432432434,0.3829787234042553
8f778337-feb0d359ab443e78,f870e76b-d3836deeb4de0406,0.32432432432432434,0.4
aaccc000-cd3027809553b409,c0aa6246-12d3d767c8ca9064,0.32413793103448274,0.6714285714285714
9fd33d5a-211f949777137364,6045e5d1-bd381059561ccf48,0.3241106719367589,0.3942307692307692
aaccc000-cd3027809553b409,e6a6e318-96fd4026eb65edf5,0.3241106719367589,0.5857142857142857
9fd33d5a-211f949777137364,3cbcb1cc-c51e30d914c3957c,0.3241106719367589,0.3942307692307692
810cf242-6c100eed34676e90,96cd6ee9-d775b6062424ec71,0.324,0.6639344262295082
bb0949b3-2ee7bbd7615b6bc8,1a400c1b-b126c6bfaffaf3ae,0.3238095238095238,0.4927536231884058
b505f95e-844ad4d8e01b16fb,4548305b-08b9f6e926231e7f,0.3236514522821577,0.5379310344827586
b505f95e-844ad4d8e01b16fb,4548305b-6b2cbf197d80b87c,0.3236514522821577,0.5379310344827586
e18ae6a1-25d9c5607673aa1b,96cd6ee9-d775b6062424ec71,0.32323232323232326,0.6837606837606838
8f6421f3-958f921ae60910fc,48c5f745-a816068dedd9d00e,0.3231707317073171,0.4491525423728814
fcbe7917-527b4c7bcd90e160,fc80cbe0-a7415db88a189acf,0.3230769230769231,0.45161290322580644
48993e07-b7b5015b1aebd2a4,4548305b-08b9f6e926231e7f,0.32298136645962733,0.33876221498371334
48993e07-b7b5015b1aebd2a4,4548305b-6b2cbf197d80b87c,0.32298136645962733,0.33876221498371334
c4d04ce7-a72b293277badd3e,968c1e7e-af09f49d4848ad95,0.32294617563739375,0.37748344370860926
d12f26f0-5b1bf0f619c49fd6,4548305b-08b9f6e926231e7f,0.32286995515695066,0.6605504587155964
d12f26f0-5b1bf0f619c49fd6,4548305b-6b2cbf197d80b87c,0.32286995515695066,0.6605504587155964
0fdc80c5-eb4012f9f5755db9,4fb09c5f-6bd800fac7ff4f8e,0.3227848101265823,0.4636363636363636
2f8c3bf3-e73d8329c1717cd5,67241a76-01f04ac4b7fe3063,0.3225806451612903,0.4032258064516129
20012377-c8b711b6bd0ca533,0b5cff5a-85797cc0b56a2e03,0.3224400871459695,0.33183856502242154
079ad09e-aa293a47b55193eb,0b5cff5a-85797cc0b56a2e03,0.3224400871459695,0.33183856502242154
2f8c3bf3-e73d8329c1717cd5,6045e5d1-bd381059561ccf48,0.3222748815165877,0.5483870967741935
2f8c3bf3-e73d8329c1717cd5,3cbcb1cc-c51e30d914c3957c,0.3222748815165877,0.5483870967741935
ea2fc2bc-8be44aae4b99d930,1ea771ea-6c6d54874f73ad39,0.3221884498480243,0.424
0fdc80c5-eb4012f9f5755db9,4548305b-08b9f6e926231e7f,0.3221476510067114,0.6545454545454545
0fdc80c5-eb4012f9f5755db9,4548305b-6b2cbf197d80b87c,0.3221476510067114,0.6545454545454545
4548305b-08b9f6e926231e7f,ed37ba7d-fa359dc6c74dfbfa,0.32169117647058826,0.5192878338278932
4548305b-6b2cbf197d80b87c,ed37ba7d-fa359dc6c74dfbfa,0.32169117647058826,0.5192878338278932
3c667d4f-524cd7f06bda5cb0,0048a372-7b27dc892c2c87b5,0.32160804020100503,0.5423728813559322
aaccc000-cd3027809553b409,a7894e0b-0202afc2359426ca,0.32142857142857145,0.5142857142857142
5e8d1aaa-dfb1ced6b91ff94d,4fb09c5f-6bd800fac7ff4f8e,0.32142857142857145,0.4153846153846154
3380fa52-397c19efc6ec4545,6045e5d1-bd381059561ccf48,0.321285140562249,0.4
3c667d4f-524cd7f06bda5cb0,3cf63146-6ee67beae368cb31,0.321285140562249,0.6779661016949152
3380fa52-397c19efc6ec4545,3cbcb1cc-c51e30d914c3957c,0.321285140562249,0.4
810cf242-6c100eed34676e90,968c1e7e-af09f49d4848ad95,0.32098765432098764,0.4262295081967213
9fd33d5a-211f949777137364,fadc1365-f858db247859fe5f,0.32098765432098764,0.5
71c7ac71-104324308e29828f,a4e1511a-bea2751ccbd782bf,0.32098765432098764,0.34513274336283184
0adb1ee5-3b312e6358ac7282,ec607ca1-4289fcb0a79e3456,0.3209509658246657,0.48
20012377-c8b711b6bd0ca533,a3abac01-a5aaba77aa0fc76b,0.32093933463796476,0.36771300448430494
079ad09e-aa293a47b55193eb,a3abac01-a5aaba77aa0fc76b,0.32093933463796476,0.36771300448430494
f28b8cb4-bb917f979b8b1e5f,ba9b94f7-6947cf384b45cdcc,0.32075471698113206,0.3434343434343434
1ea771ea-6c6d54874f73ad39,c0aa6246-12d3d767c8ca9064,0.32075471698113206,0.3333333333333333
10bbe9de-263f759c42a0c822,1be078c4-472929b651186639,0.32065217391304346,0.3259668508287293
df594a00-6c0978a0f56b9ed7,8f6421f3-958f921ae60910fc,0.32038834951456313,0.375
aaccc000-cd3027809553b409,d77f722c-795a62abdcc8fb0e,0.32038834951456313,0.4714285714285714
e6a6e318-96fd4026eb65edf5,04df7bb8-03b9893bdab1344d,0.3203026481715006,0.6939890710382514
268eb6c6-84e03a0110527cca,1be078c4-472929b651186639,0.3202416918429003,0.3680555555555556
4f7af821-33eae9882a2e0752,0048a372-7b27dc892c2c87b5,0.32,0.5333333333333333
28c2d81a-3eecc566cc4a7785,fa484fdd-937c6feffc490cb9,0.32,0.39097744360902253
4f7af821-33eae9882a2e0752,3cf63146-6ee67beae368cb31,0.32,0.6666666666666666
4d25818e-e9fd9bc48a79af0b,3cf63146-6ee67beae368cb31,0.32,0.6666666666666666
ee270b2a-4a0d00c96498d123,8639f6c6-3f6123942d64b527,0.32,0.4444444444444444
3cf63146-6ee67beae368cb31,ec607ca1-4289fcb0a79e3456,0.31974921630094044,0.5368421052631579
71c7ac71-104324308e29828f,4fb09c5f-6bd800fac7ff4f8e,0.31974921630094044,0.45132743362831856
e1a5831a-c8275bfedd968e8c,953ac418-8f7cfb9d58d993fd,0.3192488262910798,0.43037974683544306
2b2d3b84-50128d26a6131abb,04df7bb8-03b9893bdab1344d,0.31891891891891894,0.9076923076923077
5e8d1aaa-dfb1ced6b91ff94d,96cd6ee9-d775b6062424ec71,0.3188976377952756,0.6230769230769231
c0aa6246-12d3d767c8ca9064,08b9908d-2314ade53a73911d,0.31889400921658984,0.7863636363636364
4f7af821-33eae9882a2e0752,1a400c1b-b126c6bfaffaf3ae,0.31840796019900497,0.5333333333333333
48c5f745-a816068dedd9d00e,0b5cff5a-85797cc0b56a2e03,0.3183856502242152,0.3380952380952381
f28b8cb4-bb917f979b8b1e5f,3cf63146-6ee67beae368cb31,0.31833910034602075,0.46464646464646464
fa484fdd-937c6feffc490cb9,8c591975-fee3ed7b98c29d64,0.3181818181818182,0.4375
fdd85afb-78cf4d5f5887f202,2b2d3b84-50128d26a6131abb,0.3181818181818182,0.3888888888888889
0048a372-7b27dc892c2c87b5,4fb09c5f-6bd800fac7ff4f8e,0.3179190751445087,0.39285714285714285
56a90e79-16bd8e2b99bf96c1,1be078c4-472929b651186639,0.3178294573643411,0.5774647887323944
d77f722c-795a62abdcc8fb0e,1a400c1b-b126c6bfaffaf3ae,0.3176895306859206,0.3235294117647059
d77f722c-795a62abdcc8fb0e,1ea771ea-6c6d54874f73ad39,0.3176470588235294,0.39705882352941174
df594a00-6c0978a0f56b9ed7,b505f95e-844ad4d8e01b16fb,0.31759656652360513,0.42045454545454547
e1a5831a-c8275bfedd968e8c,a7894e0b-0202afc2359426ca,0.31759656652360513,0.46835443037974683
b9219544-92e2cc883e24a750,c1fef98f-50ede0b8704be38a,0.31752577319587627,0.3422222222222222
5e8d1aaa-dfb1ced6b91ff94d,20012377-c8b711b6bd0ca533,0.31728045325779036,0.4307692307692308
5e8d1aaa-dfb1ced6b91ff94d,079ad09e-aa293a47b55193eb,0.31728045325779036,0.4307692307692308
d12f26f0-5b1bf0f619c49fd6,10bbe9de-263f759c42a0c822,0.31724137931034485,0.42201834862385323
00c0b82a-a23297c71634ae34,fadc1365-f858db247859fe5f,0.31724137931034485,0.6571428571428571
259c1ea4-23a087ca7861c1b5,f28b8cb4-bb917f979b8b1e5f,0.31693989071038253,0.34523809523809523
fdd85afb-78cf4d5f5887f202,fcbe7917-527b4c7bcd90e160,0.31693989071038253,0.32222222222222224
810cf242-6c100eed34676e90,10bbe9de-263f759c42a0c822,0.31683168316831684,0.39344262295081966
4f7af821-33eae9882a2e0752,68d422ec-8e2a4607563a1184,0.31683168316831684,0.5333333333333333
5e8d1aaa-dfb1ced6b91ff94d,fa484fdd-937c6feffc490cb9,0.3167701863354037,0.3923076923076923
e18ae6a1-25d9c5607673aa1b,68d422ec-8e2a4607563a1184,0.3166023166023166,0.3504273504273504
c0aa6246-12d3d767c8ca9064,f5fb1b62-e0e35d308a40e712,0.31645569620253167,0.5681818181818182
56a90e79-16bd8e2b99bf96c1,7ae0cb0d-94a5a65427bbd458,0.31627906976744186,0.4788732394366197
aaccc000-cd3027809553b409,b505f95e-844ad4d8e01b16fb,0.31627906976744186,0.4857142857142857
8f778337-feb0d359ab443e78,7ae0cb0d-94a5a65427bbd458,0.3162393162393162,0.4111111111111111
8a39dbf5-7b2cf69c607f33e8,e6a6e318-96fd4026eb65edf5,0.3157894736842105,0.4411764705882353
b6724dd9-caf9b13758ca6852,1a400c1b-b126c6bfaffaf3ae,0.3157894736842105,0.336
ff3283cf-ba41bd70d21a035e,e6a6e318-96fd4026eb65edf5,0.3157894736842105,0.4411764705882353
4f7af821-33eae9882a2e0752,a4e1511a-bea2751ccbd782bf,0.3157894736842105,0.5
4d25818e-e9fd9bc48a79af0b,a4e1511a-bea2751ccbd782bf,0.3157894736842105,0.5
ee270b2a-4a0d00c96498d123,8f6421f3-958f921ae60910fc,0.3157894736842105,0.4166666666666667
0b5cff5a-85797cc0b56a2e03,ec607ca1-4289fcb0a79e3456,0.3157894736842105,0.4576271186440678
a4e1511a-bea2751ccbd782bf,4fb09c5f-6bd800fac7ff4f8e,0.31547619047619047,0.4076923076923077
3c667d4f-524cd7f06bda5cb0,c0aa6246-12d3d767c8ca9064,0.3154121863799283,0.7457627118644068
bb0949b3-2ee7bbd7615b6bc8,48c5f745-a816068dedd9d00e,0.3154121863799283,0.6376811594202898
9fd33d5a-211f949777137364,8f6421f3-958f921ae60910fc,0.3153153153153153,0.33653846153846156
fc80cbe0-a7415db88a189acf,c0aa6246-12d3d767c8ca9064,0.3152454780361757,0.3652694610778443
968c1e7e-af09f49d4848ad95,0b5cff5a-85797cc0b56a2e03,0.3150684931506849,0.3415841584158416
fcbe7917-527b4c7bcd90e160,48993e07-b7b5015b1aebd2a4,0.315,0.6774193548387096
71c7ac71-104324308e29828f,1a400c1b-b126c6bfaffaf3ae,0.31496062992125984,0.35398230088495575
f28b8cb4-bb917f979b8b1e5f,1be078c4-472929b651186639,0.3146853146853147,0.45454545454545453
fcbe7917-527b4c7bcd90e160,e18ae6a1-25d9c5607673aa1b,0.3142857142857143,0.3548387096774194
ea2fc2bc-8be44aae4b99d930,b9219544-92e2cc883e24a750,0.3142857142857143,0.44
ea2fc2bc-8be44aae4b99d930,4fb09c5f-6bd800fac7ff4f8e,0.31419939577039274,0.416
a7894e0b-0202afc2359426ca,04df7bb8-03b9893bdab1344d,0.31413612565445026,0.7792207792207793
c220c822-481cdf45cef307f8,85125ecb-9e82c9bd9bfb85aa,0.31409395973154364,0.3667711598746082
fcbe7917-527b4c7bcd90e160,2b2d3b84-50128d26a6131abb,0.31390134529147984,0.3763440860215054
ee270b2a-4a0d00c96498d123,c4d04ce7-a72b293277badd3e,0.31390134529147984,0.4861111111111111
c4d04ce7-a72b293277badd3e,96cd6ee9-d775b6062424ec71,0.31379962192816635,0.5496688741721855
4d25818e-e9fd9bc48a79af0b,67241a76-01f04ac4b7fe3063,0.3137254901960784,0.4
20012377-c8b711b6bd0ca533,505f8562-153b80964f03522c,0.3135755258126195,0.36771300448430494
079ad09e-aa293a47b55193eb,505f8562-153b80964f03522c,0.3135755258126195,0.36771300448430494
3cf63146-6ee67beae368cb31,4fb09c5f-6bd800fac7ff4f8e,0.31313131313131315,0.3263157894736842
fadc1365-f858db247859fe5f,8c591975-fee3ed7b98c29d64,0.3129496402877698,0.39545454545454545
9fd33d5a-211f949777137364,4548305b-08b9f6e926231e7f,0.3129251700680272,0.6634615384615384
9fd33d5a-211f949777137364,3cf63146-6ee67beae368cb31,0.3129251700680272,0.4423076923076923
9fd33d5a-211f949777137364,4548305b-6b2cbf197d80b87c,0.3129251700680272,0.6634615384615384
c220c822-481cdf45cef307f8,ec607ca1-4289fcb0a79e3456,0.31290743155149936,0.3761755485893417
e7024f3e-583cf3dd9bb3e76a,c0aa6246-12d3d767c8ca9064,0.3128491620111732,0.4057971014492754
810cf242-6c100eed34676e90,f339ef6f-45aadddb6e5b087e,0.3128491620111732,0.45901639344262296
fc80cbe0-a7415db88a189acf,505f8562-153b80964f03522c,0.31263383297644537,0.437125748502994
80c384e4-af35838eb0b75e7d,fa484fdd-937c6feffc490cb9,0.3125,0.625
967b67b0-b5ba1c50df880f8d,fa484fdd-937c6feffc490cb9,0.3125,0.625
df594a00-6c0978a0f56b9ed7,9fd33d5a-211f949777137364,0.3125,0.3409090909090909
8f778337-feb0d359ab443e78,312d9460-0ef5b2ece009b5fd,0.3125,0.3333333333333333
2f8c3bf3-e73d8329c1717cd5,a4e1511a-bea2751ccbd782bf,0.3125,0.4838709677419355
67241a76-01f04ac4b7fe3063,7ae0cb0d-94a5a65427bbd458,0.31223628691983124,0.3978494623655914
e6a6e318-96fd4026eb65edf5,8c591975-fee3ed7b98c29d64,0.31213872832369943,0.4426229508196721
3c667d4f-524cd7f06bda5cb0,20012377-c8b711b6bd0ca533,0.3120567375886525,0.7457627118644068
0b5cff5a-85797cc0b56a2e03,ed37ba7d-fa359dc6c74dfbfa,0.3120567375886525,0.652542372881356
3c667d4f-524cd7f06bda5cb0,079ad09e-aa293a47b55193eb,0.3120567375886525,0.7457627118644068
0adb1ee5-3b312e6358ac7282,f5fb1b62-e0e35d308a40e712,0.3119496855345912,0.5511111111111111
3380fa52-397c19efc6ec4545,c57a973e-819a66b366a8be16,0.3119266055045872,0.34
aaccc000-cd3027809553b409,b9219544-92e2cc883e24a750,0.31186440677966104,0.6571428571428571
2b2d3b84-50128d26a6131abb,48c5f745-a816068dedd9d00e,0.31176470588235294,0.4076923076923077
968c1e7e-af09f49d4848ad95,4548305b-08b9f6e926231e7f,0.3116883116883117,0.4158415841584158
968c1e7e-af09f49d4848ad95,4548305b-6b2cbf197d80b87c,0.3116883116883117,0.4158415841584158
f28b8cb4-bb917f979b8b1e5f,f870e76b-d3836deeb4de0406,0.3116883116883117,0.36363636363636365
0048a372-7b27dc892c2c87b5,6045e5d1-bd381059561ccf48,0.31141868512110726,0.32142857142857145
0048a372-7b27dc892c2c87b5,3cbcb1cc-c51e30d914c3957c,0.31141868512110726,0.32142857142857145
56a90e79-16bd8e2b99bf96c1,1a400c1b-b126c6bfaffaf3ae,0.3113207547169811,0.4647887323943662
fdd85afb-78cf4d5f5887f202,810cf242-6c100eed34676e90,0.3113207547169811,0.36666666666666664
4f7af821-33eae9882a2e0752,20012377-c8b711b6bd0ca533,0.31095406360424027,0.7333333333333333
4f7af821-33eae9882a2e0752,079ad09e-aa293a47b55193eb,0.31095406360424027,0.7333333333333333
3380fa52-397c19efc6ec4545,c4d04ce7-a72b293277badd3e,0.3107569721115538,0.39
67241a76-01f04ac4b7fe3063,71c7ac71-104324308e29828f,0.3106796116504854,0.34408602150537637
ea2fc2bc-8be44aae4b99d930,20012377-c8b711b6bd0ca533,0.3103448275862069,0.432
ea2fc2bc-8be44aae4b99d930,079ad09e-aa293a47b55193eb,0.3103448275862069,0.432
c4d04ce7-a72b293277badd3e,20012377-c8b711b6bd0ca533,0.31016042780748665,0.3841059602649007
2f8c3bf3-e73d8329c1717cd5,b6724dd9-caf9b13758ca6852,0.31016042780748665,0.46774193548387094
3c667d4f-524cd7f06bda5cb0,8639f6c6-3f6123942d64b527,0.31016042780748665,0.4915254237288136
c4d04ce7-a72b293277badd3e,079ad09e-aa293a47b55193eb,0.31016042780748665,0.3841059602649007
3cf63146-6ee67beae368cb31,04df7bb8-03b9893bdab1344d,0.31,0.6526315789473685
3c667d4f-524cd7f06bda5cb0,1a400c1b-b126c6bfaffaf3ae,0.31,0.5254237288135594
00c0b82a-a23297c71634ae34,a4e1511a-bea2751ccbd782bf,0.31,0.44285714285714284
20012377-c8b711b6bd0ca533,ec607ca1-4289fcb0a79e3456,0.30998509687034276,0.4663677130044843
079ad09e-aa293a47b55193eb,ec607ca1-4289fcb0a79e3456,0.30998509687034276,0.4663677130044843
3cf63146-6ee67beae368cb31,20012377-c8b711b6bd0ca533,0.3099273607748184,0.3368421052631579
3cf63146-6ee67beae368cb31,079ad09e-aa293a47b55193eb,0.3099273607748184,0.3368421052631579
8f778337-feb0d359ab443e78,fadc1365-f858db247859fe5f,0.3096774193548387,0.5333333333333333
80c384e4-af35838eb0b75e7d,e18ae6a1-25d9c5607673aa1b,0.30939226519337015,0.4375
967b67b0-b5ba1c50df880f8d,e18ae6a1-25d9c5607673aa1b,0.30939226519337015,0.4375
e6a6e318-96fd4026eb65edf5,fa484fdd-937c6feffc490cb9,0.30933333333333335,0.31693989071038253
fdd85afb-78cf4d5f5887f202,9fd33d5a-211f949777137364,0.30927835051546393,0.3333333333333333
8a39dbf5-7b2cf69c607f33e8,c57a973e-819a66b366a8be16,0.3090909090909091,0.3333333333333333
1ea771ea-6c6d54874f73ad39,0b5cff5a-85797cc0b56a2e03,0.3090909090909091,0.3333333333333333
ff3283cf-ba41bd70d21a035e,c57a973e-819a66b366a8be16,0.3090909090909091,0.3333333333333333
8c591975-fee3ed7b98c29d64,4548305b-08b9f6e926231e7f,0.30906389301634474,0.30952380952380953
8c591975-fee3ed7b98c29d64,4548305b-6b2cbf197d80b87c,0.30906389301634474,0.30952380952380953
f28b8cb4-bb917f979b8b1e5f,953ac418-8f7cfb9d58d993fd,0.3090128755364807,0.36363636363636365
2f8c3bf3-e73d8329c1717cd5,3380fa52-397c19efc6ec4545,0.30864197530864196,0.4032258064516129
ee270b2a-4a0d00c96498d123,fdd85afb-78cf4d5f5887f202,0.30864197530864196,0.3472222222222222
4d25818e-e9fd9bc48a79af0b,8639f6c6-3f6123942d64b527,0.30851063829787234,0.48333333333333334
312d9460-0ef5b2ece009b5fd,e7024f3e-583cf3dd9bb3e76a,0.30833333333333335,0.3627450980392157
bb0949b3-2ee7bbd7615b6bc8,0b5cff5a-85797cc0b56a2e03,0.3081967213114754,0.6811594202898551
d12f26f0-5b1bf0f619c49fd6,505f8562-153b80964f03522c,0.3080684596577017,0.5779816513761468
8a39dbf5-7b2cf69c607f33e8,f870e76b-d3836deeb4de0406,0.3076923076923077,0.35294117647058826
fc80cbe0-a7415db88a189acf,0b5cff5a-85797cc0b56a2e03,0.3076923076923077,0.3712574850299401
ff3283cf-ba41bd70d21a035e,f870e76b-d3836deeb4de0406,0.3076923076923077,0.35294117647058826
e1a5831a-c8275bfedd968e8c,fdd85afb-78cf4d5f5887f202,0.3076923076923077,0.3291139240506329
fdd85afb-78cf4d5f5887f202,c57a973e-819a66b366a8be16,0.3076923076923077,0.35555555555555557
810cf242-6c100eed34676e90,48c5f745-a816068dedd9d00e,0.3072289156626506,0.4180327868852459
f28b8cb4-bb917f979b8b1e5f,fadc1365-f858db247859fe5f,0.3072100313479624,0.494949494949495
20012377-c8b711b6bd0ca533,4548305b-08b9f6e926231e7f,0.30714285714285716,0.38565022421524664
079ad09e-aa293a47b55193eb,4548305b-08b9f6e926231e7f,0.30714285714285716,0.38565022421524664
20012377-c8b711b6bd0ca533,4548305b-6b2cbf197d80b87c,0.30714285714285716,0.38565022421524664
079ad09e-aa293a47b55193eb,4548305b-6b2cbf197d80b87c,0.30714285714285716,0.38565022421524664
f28b8cb4-bb917f979b8b1e5f,68d422ec-8e2a4607563a1184,0.3070539419087137,0.37373737373737376
c0aa6246-12d3d767c8ca9064,20012377-c8b711b6bd0ca533,0.30699774266365687,0.3090909090909091
c0aa6246-12d3d767c8ca9064,079ad09e-aa293a47b55193eb,0.30699774266365687,0.3090909090909091
3380fa52-397c19efc6ec4545,8a39dbf5-7b2cf69c607f33e8,0.3069306930693069,0.31
3380fa52-397c19efc6ec4545,ff3283cf-ba41bd70d21a035e,0.3069306930693069,0.31
80c384e4-af35838eb0b75e7d,ea2fc2bc-8be44aae4b99d930,0.30687830687830686,0.453125
967b67b0-b5ba1c50df880f8d,ea2fc2bc-8be44aae4b99d930,0.30687830687830686,0.453125
1ea771ea-6c6d54874f73ad39,ec607ca1-4289fcb0a79e3456,0.3067484662576687,0.49019607843137253
fcbe7917-527b4c7bcd90e160,10bbe9de-263f759c42a0c822,0.30656934306569344,0.45161290322580644
e1a5831a-c8275bfedd968e8c,a8e2cefc-63afc29d990cf7ec,0.3063063063063063,0.43037974683544306
3380fa52-397c19efc6ec4545,810cf242-6c100eed34676e90,0.3063063063063063,0.34
4d25818e-e9fd9bc48a79af0b,c1fef98f-50ede0b8704be38a,0.30625,0.8166666666666667
fc80cbe0-a7415db88a189acf,be3b1289-427649625057af89,0.3061630218687873,0.46107784431137727
2f8c3bf3-e73d8329c1717cd5,953ac418-8f7cfb9d58d993fd,0.30612244897959184,0.4838709677419355
a4e1511a-bea2751ccbd782bf,c4d04ce7-a72b293277badd3e,0.30604982206405695,0.33076923076923076
e18ae6a1-25d9c5607673aa1b,e7024f3e-583cf3dd9bb3e76a,0.3058823529411765,0.3333333333333333
0fdc80c5-eb4012f9f5755db9,1ea771ea-6c6d54874f73ad39,0.3057324840764331,0.43636363636363634
df594a00-6c0978a0f56b9ed7,1be078c4-472929b651186639,0.3054545454545455,0.4772727272727273
fcbe7917-527b4c7bcd90e160,0fdc80c5-eb4012f9f5755db9,0.3054187192118227,0.3333333333333333
fdd85afb-78cf4d5f5887f202,3380fa52-397c19efc6ec4545,0.30526315789473685,0.32222222222222224
4d25818e-e9fd9bc48a79af0b,5e8d1aaa-dfb1ced6b91ff94d,0.30526315789473685,0.48333333333333334
ba9b94f7-6947cf384b45cdcc,d77f722c-795a62abdcc8fb0e,0.30522088353413657,0.336283185840708
df594a00-6c0978a0f56b9ed7,c0aa6246-12d3d767c8ca9064,0.3051948051948052,0.5340909090909091
ee270b2a-4a0d00c96498d123,0b5cff5a-85797cc0b56a2e03,0.3051948051948052,0.6527777777777778
7ae0cb0d-94a5a65427bbd458,04df7bb8-03b9893bdab1344d,0.3050397877984085,0.7986111111111112
3cf63146-6ee67beae368cb31,48c5f745-a816068dedd9d00e,0.305,0.32105263157894737
e1a5831a-c8275bfedd968e8c,7ae0cb0d-94a5a65427bbd458,0.30493273542600896,0.43037974683544306
e1a5831a-c8275bfedd968e8c,3cf63146-6ee67beae368cb31,0.3048327137546468,0.5189873417721519
ee270b2a-4a0d00c96498d123,e7024f3e-583cf3dd9bb3e76a,0.3047619047619048,0.4444444444444444
0fdc80c5-eb4012f9f5755db9,fa484fdd-937c6feffc490cb9,0.304635761589404,0.41818181818181815
3cf63146-6ee67beae368cb31,1ea771ea-6c6d54874f73ad39,0.30456852791878175,0.3157894736842105
8a39dbf5-7b2cf69c607f33e8,1be078c4-472929b651186639,0.3044982698961938,0.43137254901960786
ff3283cf-ba41bd70d21a035e,1be078c4-472929b651186639,0.3044982698961938,0.43137254901960786
b505f95e-844ad4d8e01b16fb,20012377-c8b711b6bd0ca533,0.30434782608695654,0.38620689655172413
8f6421f3-958f921ae60910fc,1ea771ea-6c6d54874f73ad39,0.30434782608695654,0.4152542372881356
df594a00-6c0978a0f56b9ed7,68d422ec-8e2a4607563a1184,0.30434782608695654,0.3977272727272727
b505f95e-844ad4d8e01b16fb,079ad09e-aa293a47b55193eb,0.30434782608695654,0.38620689655172413
fadc1365-f858db247859fe5f,c220c822-481cdf45cef307f8,0.3042671614100185,0.37272727272727274
71c7ac71-104324308e29828f,a3abac01-a5aaba77aa0fc76b,0.30423940149625933,0.5398230088495575
3380fa52-397c19efc6ec4545,e18ae6a1-25d9c5607673aa1b,0.30414746543778803,0.33
56a90e79-16bd8e2b99bf96c1,b9219544-92e2cc883e24a750,0.30405405405405406,0.6338028169014085
505f8562-153b80964f03522c,351c9206-26c578b98ea64fce,0.3039140445126631,0.66
505f8562-153b80964f03522c,2b9dfed3-26c578b98ea64fce,0.3039140445126631,0.66
3380fa52-397c19efc6ec4545,e6a6e318-96fd4026eb65edf5,0.303886925795053,0.43
1be078c4-472929b651186639,04df7bb8-03b9893bdab1344d,0.30363864491844417,0.6470588235294118
df594a00-6c0978a0f56b9ed7,fdd85afb-78cf4d5f5887f202,0.30337078651685395,0.3068181818181818
f339ef6f-45aadddb6e5b087e,08b9908d-2314ade53a73911d,0.3033605812897366,0.7076271186440678
00c0b82a-a23297c71634ae34,1a400c1b-b126c6bfaffaf3ae,0.3033175355450237,0.45714285714285713
fdd85afb-78cf4d5f5887f202,a7894e0b-0202afc2359426ca,0.30327868852459017,0.4111111111111111
4fb09c5f-6bd800fac7ff4f8e,f339ef6f-45aadddb6e5b087e,0.3031674208144796,0.32524271844660196
0048a372-7b27dc892c2c87b5,20012377-c8b711b6bd0ca533,0.30303030303030304,0.39285714285714285
0048a372-7b27dc892c2c87b5,079ad09e-aa293a47b55193eb,0.30303030303030304,0.39285714285714285
5288afb7-d4163ec84d18479e,0048a372-7b27dc892c2c87b5,0.30303030303030304,0.38461538461538464
e7024f3e-583cf3dd9bb3e76a,b9219544-92e2cc883e24a750,0.30303030303030304,0.39855072463768115
d77f722c-795a62abdcc8fb0e,04df7bb8-03b9893bdab1344d,0.30294906166219837,0.8308823529411765
a4e1511a-bea2751ccbd782bf,fadc1365-f858db247859fe5f,0.3028571428571429,0.4076923076923077
a4e1511a-bea2751ccbd782bf,1be078c4-472929b651186639,0.3028391167192429,0.36923076923076925
e6a6e318-96fd4026eb65edf5,c220c822-481cdf45cef307f8,0.30278884462151395,0.41530054644808745
3c667d4f-524cd7f06bda5cb0,fa484fdd-937c6feffc490cb9,0.30278884462151395,0.6440677966101694
3380fa52-397c19efc6ec4545,8f6421f3-958f921ae60910fc,0.30275229357798167,0.33
f870e76b-d3836deeb4de0406,b9219544-92e2cc883e24a750,0.3025210084033613,0.4090909090909091
953ac418-8f7cfb9d58d993fd,48c5f745-a816068dedd9d00e,0.3023255813953488,0.3880597014925373
d12f26f0-5b1bf0f619c49fd6,a3abac01-a5aaba77aa0fc76b,0.3022670025188917,0.5504587155963303
df594a00-6c0978a0f56b9ed7,20012377-c8b711b6bd0ca533,0.3022508038585209,0.5340909090909091
df594a00-6c0978a0f56b9ed7,079ad09e-aa293a47b55193eb,0.3022508038585209,0.5340909090909091
e7024f3e-583cf3dd9bb3e76a,0048a372-7b27dc892c2c87b5,0.302158273381295,0.30434782608695654
b505f95e-844ad4d8e01b16fb,96cd6ee9-d775b6062424ec71,0.30210325047801145,0.5448275862068965
2f8c3bf3-e73d8329c1717cd5,0b5cff5a-85797cc0b56a2e03,0.30201342281879195,0.7258064516129032
8f778337-feb0d359ab443e78,810cf242-6c100eed34676e90,0.3018867924528302,0.35555555555555557
71c7ac71-104324308e29828f,0adb1ee5-3b312e6358ac7282,0.30177514792899407,0.45132743362831856
a7894e0b-0202afc2359426ca,1ea771ea-6c6d54874f73ad39,0.3016759776536313,0.35064935064935066
bb0949b3-2ee7bbd7615b6bc8,5e8d1aaa-dfb1ced6b91ff94d,0.3015075376884422,0.43478260869565216
df594a00-6c0978a0f56b9ed7,1ea771ea-6c6d54874f73ad39,0.3013698630136986,0.5
28c2d81a-3eecc566cc4a7785,96cd6ee9-d775b6062424ec71,0.3013698630136986,0.5789473684210527
80c384e4-af35838eb0b75e7d,68d422ec-8e2a4607563a1184,0.30097087378640774,0.484375
967b67b0-b5ba1c50df880f8d,68d422ec-8e2a4607563a1184,0.30097087378640774,0.484375
6045e5d1-bd381059561ccf48,3cf63146-6ee67beae368cb31,0.3008849557522124,0.3422818791946309
3cbcb1cc-c51e30d914c3957c,3cf63146-6ee67beae368cb31,0.3008849557522124,0.3422818791946309
1be078c4-472929b651186639,fa484fdd-937c6feffc490cb9,0.3007915567282322,0.3048128342245989
2f8c3bf3-e73d8329c1717cd5,1ea771ea-6c6d54874f73ad39,0.3007518796992481,0.6451612903225806
3c667d4f-524cd7f06bda5cb0,953ac418-8f7cfb9d58d993fd,0.3005181347150259,0.4915254237288136
aaccc000-cd3027809553b409,20012377-c8b711b6bd0ca533,0.3003412969283277,0.6285714285714286
aaccc000-cd3027809553b409,079ad09e-aa293a47b55193eb,0.3003412969283277,0.6285714285714286
8639f6c6-3f6123942d64b527,b9219544-92e2cc883e24a750,0.3002832861189802,0.4140625
8a39dbf5-7b2cf69c607f33e8,e7024f3e-583cf3dd9bb3e76a,0.3,0.35294117647058826
4d25818e-e9fd9bc48a79af0b,c0aa6246-12d3d767c8ca9064,0.3,0.7
9fd33d5a-211f949777137364,0b5cff5a-85797cc0b56a2e03,0.3,0.49038461538461536
aaccc000-cd3027809553b409,a4e1511a-bea2751ccbd782bf,0.3,0.42857142857142855
8f6421f3-958f921ae60910fc,68d422ec-8e2a4607563a1184,0.3,0.3305084745762712
ff3283cf-ba41bd70d21a035e,e7024f3e-583cf3dd9bb3e76a,0.3,0.35294117647058826
968c1e7e-af09f49d4848ad95,0adb1ee5-3b312e6358ac7282,0.2997658079625293,0.31683168316831684
1a400c1b-b126c6bfaffaf3ae,4fb09c5f-6bd800fac7ff4f8e,0.29971181556195964,0.36879432624113473
e18ae6a1-25d9c5607673aa1b,48c5f745-a816068dedd9d00e,0.2996941896024465,0.4188034188034188
4fb09c5f-6bd800fac7ff4f8e,ec607ca1-4289fcb0a79e3456,0.2996941896024465,0.47572815533980584
80c384e4-af35838eb0b75e7d,e6a6e318-96fd4026eb65edf5,0.29959514170040485,0.578125
967b67b0-b5ba1c50df880f8d,e6a6e318-96fd4026eb65edf5,0.29959514170040485,0.578125
bb0949b3-2ee7bbd7615b6bc8,e7024f3e-583cf3dd9bb3e76a,0.2995169082125604,0.4492753623188406
0fdc80c5-eb4012f9f5755db9,96cd6ee9-d775b6062424ec71,0.29918032786885246,0.6636363636363637
953ac418-8f7cfb9d58d993fd,1be078c4-472929b651186639,0.29906542056074764,0.3582089552238806
4f7af821-33eae9882a2e0752,953ac418-8f7cfb9d58d993fd,0.29896907216494845,0.48333333333333334
4d25818e-e9fd9bc48a79af0b,953ac418-8f7cfb9d58d993fd,0.29896907216494845,0.48333333333333334
bdfe8110-0d155952e4001c71,68d422ec-8e2a4607563a1184,0.2988505747126437,0.3277310924369748
11c2ab99-79ea707e2165e2bd,68d422ec-8e2a4607563a1184,0.2988505747126437,0.3277310924369748
be3b1289-427649625057af89,351c9206-26c578b98ea64fce,0.29873039581777444,0.5952380952380952
be3b1289-427649625057af89,2b9dfed3-26c578b98ea64fce,0.29873039581777444,0.5952380952380952
0fdc80c5-eb4012f9f5755db9,e7024f3e-583cf3dd9bb3e76a,0.29838709677419356,0.33636363636363636
96cd6ee9-d775b6062424ec71,351c9206-26c578b98ea64fce,0.2983345401882694,0.544973544973545
96cd6ee9-d775b6062424ec71,2b9dfed3-26c578b98ea64fce,0.2983345401882694,0.544973544973545
00c0b82a-a23297c71634ae34,e7024f3e-583cf3dd9bb3e76a,0.2980769230769231,0.44285714285714284
71c7ac71-104324308e29828f,68d422ec-8e2a4607563a1184,0.2980392156862745,0.336283185840708
1be078c4-472929b651186639,f339ef6f-45aadddb6e5b087e,0.2978723404255319,0.33689839572192515
8f778337-feb0d359ab443e78,b505f95e-844ad4d8e01b16fb,0.2978723404255319,0.3888888888888889
2f8c3bf3-e73d8329c1717cd5,fadc1365-f858db247859fe5f,0.2978723404255319,0.6774193548387096
8639f6c6-3f6123942d64b527,1a400c1b-b126c6bfaffaf3ae,0.29739776951672864,0.3125
c4d04ce7-a72b293277badd3e,fa484fdd-937c6feffc490cb9,0.29737609329446063,0.33774834437086093
9fd33d5a-211f949777137364,c57a973e-819a66b366a8be16,0.2972972972972973,0.3173076923076923
4548305b-08b9f6e926231e7f,351c9206-26c578b98ea64fce,0.29701492537313434,0.5905044510385756
4548305b-08b9f6e926231e7f,2b9dfed3-26c578b98ea64fce,0.29701492537313434,0.5905044510385756
4548305b-6b2cbf197d80b87c,351c9206-26c578b98ea64fce,0.29701492537313434,0.5905044510385756
4548305b-6b2cbf197d80b87c,2b9dfed3-26c578b98ea64fce,0.29701492537313434,0.5905044510385756
e7024f3e-583cf3dd9bb3e76a,505f8562-153b80964f03522c,0.2968036529680365,0.47101449275362317
9fd33d5a-211f949777137364,c1fef98f-50ede0b8704be38a,0.2967032967032967,0.5192307692307693
a7894e0b-0202afc2359426ca,48c5f745-a816068dedd9d00e,0.2967032967032967,0.35064935064935066
d12f26f0-5b1bf0f619c49fd6,be3b1289-427649625057af89,0.2966292134831461,0.6055045871559633
fcbe7917-527b4c7bcd90e160,a8e2cefc-63afc29d990cf7ec,0.2966101694915254,0.3763440860215054
b6724dd9-caf9b13758ca6852,e7024f3e-583cf3dd9bb3e76a,0.2965779467680608,0.312
56a90e79-16bd8e2b99bf96c1,b505f95e-844ad4d8e01b16fb,0.2962962962962963,0.4507042253521127
bb0949b3-2ee7bbd7615b6bc8,67241a76-01f04ac4b7fe3063,0.2962962962962963,0.34782608695652173
ee270b2a-4a0d00c96498d123,b9219544-92e2cc883e24a750,0.2962962962962963,0.6111111111111112
fa484fdd-937c6feffc490cb9,c0aa6246-12d3d767c8ca9064,0.2961165048543689,0.3177083333333333
3380fa52-397c19efc6ec4545,1ea771ea-6c6d54874f73ad39,0.29605263157894735,0.45
20012377-c8b711b6bd0ca533,85125ecb-9e82c9bd9bfb85aa,0.29583975346687214,0.4304932735426009
079ad09e-aa293a47b55193eb,85125ecb-9e82c9bd9bfb85aa,0.29583975346687214,0.4304932735426009
c4d04ce7-a72b293277badd3e,fc80cbe0-a7415db88a189acf,0.29559748427672955,0.31125827814569534
0adb1ee5-3b312e6358ac7282,08b9908d-2314ade53a73911d,0.29541284403669726,0.7155555555555555
b6724dd9-caf9b13758ca6852,a3abac01-a5aaba77aa0fc76b,0.29539951573849876,0.488
953ac418-8f7cfb9d58d993fd,505f8562-153b80964f03522c,0.29493087557603687,0.47761194029850745
3cf63146-6ee67beae368cb31,c220c822-481cdf45cef307f8,0.29469548133595286,0.39473684210526316
20012377-c8b711b6bd0ca533,0adb1ee5-3b312e6358ac7282,0.29464285714285715,0.29596412556053814
079ad09e-aa293a47b55193eb,0adb1ee5-3b312e6358ac7282,0.29464285714285715,0.29596412556053814
fadc1365-f858db247859fe5f,ed37ba7d-fa359dc6c74dfbfa,0.2945417095777549,0.65
fa484fdd-937c6feffc490cb9,0b5cff5a-85797cc0b56a2e03,0.29439252336448596,0.328125
5288afb7-d4163ec84d18479e,71c7ac71-104324308e29828f,0.29411764705882354,0.32967032967032966
2f8c3bf3-e73d8329c1717cd5,48c5f745-a816068dedd9d00e,0.29411764705882354,0.6451612903225806
8f778337-feb0d359ab443e78,20012377-c8b711b6bd0ca533,0.2939297124600639,0.5111111111111111
8f778337-feb0d359ab443e78,079ad09e-aa293a47b55193eb,0.2939297124600639,0.5111111111111111
67241a76-01f04ac4b7fe3063,8f6421f3-958f921ae60910fc,0.2938388625592417,0.3333333333333333
4d25818e-e9fd9bc48a79af0b,c4d04ce7-a72b293277badd3e,0.2938388625592417,0.5166666666666667
4f7af821-33eae9882a2e0752,fa484fdd-937c6feffc490cb9,0.29365079365079366,0.6166666666666667
56a90e79-16bd8e2b99bf96c1,10bbe9de-263f759c42a0c822,0.29365079365079366,0.5211267605633803
c57a973e-819a66b366a8be16,953ac418-8f7cfb9d58d993fd,0.29365079365079366,0.3135593220338983
56a90e79-16bd8e2b99bf96c1,71c7ac71-104324308e29828f,0.29347826086956524,0.38028169014084506
6045e5d1-bd381059561ccf48,c1fef98f-50ede0b8704be38a,0.293398533007335,0.40268456375838924
3cbcb1cc-c51e30d914c3957c,c1fef98f-50ede0b8704be38a,0.293398533007335,0.40268456375838924
c57a973e-819a66b366a8be16,20012377-c8b711b6bd0ca533,0.2932551319648094,0.423728813559322
c57a973e-819a66b366a8be16,079ad09e-aa293a47b55193eb,0.2932551319648094,0.423728813559322
b9219544-92e2cc883e24a750,48993e07-b7b5015b1aebd2a4,0.2932330827067669,0.3466666666666667
fadc1365-f858db247859fe5f,08b9908d-2314ade53a73911d,0.29308755760368665,0.7227272727272728
48c5f745-a816068dedd9d00e,c0aa6246-12d3d767c8ca9064,0.2930232558139535,0.3
aaccc000-cd3027809553b409,8639f6c6-3f6123942d64b527,0.29292929292929293,0.4142857142857143
4f7af821-33eae9882a2e0752,c0aa6246-12d3d767c8ca9064,0.29285714285714287,0.6833333333333333
c1fef98f-50ede0b8704be38a,ed37ba7d-fa359dc6c74dfbfa,0.29277942631058357,0.5692307692307692
6045e5d1-bd381059561ccf48,fadc1365-f858db247859fe5f,0.2926829268292683,0.3624161073825503
fc80cbe0-a7415db88a189acf,968c1e7e-af09f49d4848ad95,0.2926829268292683,0.32335329341317365
3cbcb1cc-c51e30d914c3957c,fadc1365-f858db247859fe5f,0.2926829268292683,0.3624161073825503
a3abac01-a5aaba77aa0fc76b,ed37ba7d-fa359dc6c74dfbfa,0.2925890279114533,0.5277777777777778
0048a372-7b27dc892c2c87b5,f339ef6f-45aadddb6e5b087e,0.2925531914893617,0.39285714285714285
56a90e79-16bd8e2b99bf96c1,20012377-c8b711b6bd0ca533,0.2925170068027211,0.6056338028169014
56a90e79-16bd8e2b99bf96c1,079ad09e-aa293a47b55193eb,0.2925170068027211,0.6056338028169014
8639f6c6-3f6123942d64b527,96cd6ee9-d775b6062424ec71,0.2924901185770751,0.578125
a3abac01-a5aaba77aa0fc76b,48993e07-b7b5015b1aebd2a4,0.292436974789916,0.3020833333333333
48993e07-b7b5015b1aebd2a4,04df7bb8-03b9893bdab1344d,0.29225736095965105,0.4364820846905538
8a39dbf5-7b2cf69c607f33e8,e18ae6a1-25d9c5607673aa1b,0.2922374429223744,0.3137254901960784
ff3283cf-ba41bd70d21a035e,e18ae6a1-25d9c5607673aa1b,0.2922374429223744,0.3137254901960784
9fd33d5a-211f949777137364,1ea771ea-6c6d54874f73ad39,0.2922077922077922,0.4326923076923077
71c7ac71-104324308e29828f,968c1e7e-af09f49d4848ad95,0.2920634920634921,0.40707964601769914
1a400c1b-b126c6bfaffaf3ae,10bbe9de-263f759c42a0c822,0.2919254658385093,0.3333333333333333
fdd85afb-78cf4d5f5887f202,a8e2cefc-63afc29d990cf7ec,0.2918454935622318,0.37777777777777777
3380fa52-397c19efc6ec4545,28c2d81a-3eecc566cc4a7785,0.2918454935622318,0.34
e7024f3e-583cf3dd9bb3e76a,a8e2cefc-63afc29d990cf7ec,0.2918149466192171,0.2971014492753623
9fd33d5a-211f949777137364,0adb1ee5-3b312e6358ac7282,0.2917933130699088,0.46153846153846156
48c5f745-a816068dedd9d00e,ec607ca1-4289fcb0a79e3456,0.2917933130699088,0.45714285714285713
6045e5d1-bd381059561ccf48,1be078c4-472929b651186639,0.2916666666666667,0.3288590604026846
3cbcb1cc-c51e30d914c3957c,1be078c4-472929b651186639,0.2916666666666667,0.3288590604026846
fa484fdd-937c6feffc490cb9,a3abac01-a5aaba77aa0fc76b,0.2916666666666667,0.3645833333333333
a8e2cefc-63afc29d990cf7ec,b505f95e-844ad4d8e01b16fb,0.2916666666666667,0.2937062937062937
953ac418-8f7cfb9d58d993fd,a7894e0b-0202afc2359426ca,0.2916666666666667,0.31343283582089554
00c0b82a-a23297c71634ae34,0adb1ee5-3b312e6358ac7282,0.29152542372881357,0.6142857142857143
4fb09c5f-6bd800fac7ff4f8e,a3abac01-a5aaba77aa0fc76b,0.291497975708502,0.34951456310679613
fdd85afb-78cf4d5f5887f202,d12f26f0-5b1bf0f619c49fd6,0.2914572864321608,0.32222222222222224
268eb6c6-84e03a0110527cca,96cd6ee9-d775b6062424ec71,0.29118773946360155,0.5277777777777778
bdfe8110-0d155952e4001c71,6045e5d1-bd381059561ccf48,0.291044776119403,0.3277310924369748
11c2ab99-79ea707e2165e2bd,6045e5d1-bd381059561ccf48,0.291044776119403,0.3277310924369748
bdfe8110-0d155952e4001c71,3cbcb1cc-c51e30d914c3957c,0.291044776119403,0.3277310924369748
11c2ab99-79ea707e2165e2bd,3cbcb1cc-c51e30d914c3957c,0.291044776119403,0.3277310924369748
968c1e7e-af09f49d4848ad95,505f8562-153b80964f03522c,0.2908366533864542,0.3613861386138614
ee270b2a-4a0d00c96498d123,48c5f745-a816068dedd9d00e,0.2907801418439716,0.5694444444444444
259c1ea4-23a087ca7861c1b5,c1fef98f-50ede0b8704be38a,0.29069767441860467,0.5952380952380952
a7894e0b-0202afc2359426ca,48993e07-b7b5015b1aebd2a4,0.29067245119305857,0.43506493506493504
bdfe8110-0d155952e4001c71,8c591975-fee3ed7b98c29d64,0.29010989010989013,0.5546218487394958
11c2ab99-79ea707e2165e2bd,8c591975-fee3ed7b98c29d64,0.29010989010989013,0.5546218487394958
80c384e4-af35838eb0b75e7d,d77f722c-795a62abdcc8fb0e,0.29,0.453125
967b67b0-b5ba1c50df880f8d,d77f722c-795a62abdcc8fb0e,0.29,0.453125
2f8c3bf3-e73d8329c1717cd5,e7024f3e-583cf3dd9bb3e76a,0.29,0.46774193548387094
8a39dbf5-7b2cf69c607f33e8,10bbe9de-263f759c42a0c822,0.28975265017667845,0.4019607843137255
ff3283cf-ba41bd70d21a035e,10bbe9de-263f759c42a0c822,0.28975265017667845,0.4019607843137255
9fd33d5a-211f949777137364,0fdc80c5-eb4012f9f5755db9,0.2897196261682243,0.2980769230769231
aaccc000-cd3027809553b409,c4d04ce7-a72b293277badd3e,0.2895927601809955,0.45714285714285713
f339ef6f-45aadddb6e5b087e,ec607ca1-4289fcb0a79e3456,0.2894736842105263,0.4194915254237288
d12f26f0-5b1bf0f619c49fd6,968c1e7e-af09f49d4848ad95,0.28938906752411575,0.41284403669724773
3380fa52-397c19efc6ec4545,68d422ec-8e2a4607563a1184,0.2892561983471074,0.35
0fdc80c5-eb4012f9f5755db9,c220c822-481cdf45cef307f8,0.289044289044289,0.5636363636363636
6045e5d1-bd381059561ccf48,1ea771ea-6c6d54874f73ad39,0.28895184135977336,0.3422818791946309
3cbcb1cc-c51e30d914c3957c,1ea771ea-6c6d54874f73ad39,0.28895184135977336,0.3422818791946309
8f778337-feb0d359ab443e78,fdd85afb-78cf4d5f5887f202,0.28888888888888886,0.28888888888888886
68d422ec-8e2a4607563a1184,0adb1ee5-3b312e6358ac7282,0.2888283378746594,0.3732394366197183
1ea771ea-6c6d54874f73ad39,96cd6ee9-d775b6062424ec71,0.28865979381443296,0.4117647058823529
c57a973e-819a66b366a8be16,04df7bb8-03b9893bdab1344d,0.28846153846153844,0.8898305084745762
5288afb7-d4163ec84d18479e,e18ae6a1-25d9c5607673aa1b,0.28846153846153844,0.32967032967032966
fdd85afb-78cf4d5f5887f202,ea2fc2bc-8be44aae4b99d930,0.28837209302325584,0.34444444444444444
259c1ea4-23a087ca7861c1b5,b505f95e-844ad4d8e01b16fb,0.28820960698689957,0.39285714285714285
d77f722c-795a62abdcc8fb0e,b9219544-92e2cc883e24a750,0.2880886426592798,0.38235294117647056
df594a00-6c0978a0f56b9ed7,3cf63146-6ee67beae368cb31,0.28776978417266186,0.45454545454545453
1a400c1b-b126c6bfaffaf3ae,268eb6c6-84e03a0110527cca,0.28771929824561404,0.2907801418439716
968c1e7e-af09f49d4848ad95,f339ef6f-45aadddb6e5b087e,0.2876712328767123,0.3118811881188119
28c2d81a-3eecc566cc4a7785,c220c822-481cdf45cef307f8,0.28761061946902655,0.48872180451127817
2f8c3bf3-e73d8329c1717cd5,5288afb7-d4163ec84d18479e,0.2875816993464052,0.3548387096774194
505f8562-153b80964f03522c,c220c822-481cdf45cef307f8,0.2875605815831987,0.2966666666666667
8639f6c6-3f6123942d64b527,fa484fdd-937c6feffc490cb9,0.2875,0.359375
bb0949b3-2ee7bbd7615b6bc8,5288afb7-d4163ec84d18479e,0.2875,0.3333333333333333
d12f26f0-5b1bf0f619c49fd6,b9219544-92e2cc883e24a750,0.2874251497005988,0.44036697247706424
7ae0cb0d-94a5a65427bbd458,1ea771ea-6c6d54874f73ad39,0.28735632183908044,0.3472222222222222
259c1ea4-23a087ca7861c1b5,9fd33d5a-211f949777137364,0.2872340425531915,0.32142857142857145
4f7af821-33eae9882a2e0752,8639f6c6-3f6123942d64b527,0.2872340425531915,0.45
10bbe9de-263f759c42a0c822,20012377-c8b711b6bd0ca533,0.2871287128712871,0.32044198895027626
10bbe9de-263f759c42a0c822,079ad09e-aa293a47b55193eb,0.2871287128712871,0.32044198895027626
ee270b2a-4a0d00c96498d123,5e8d1aaa-dfb1ced6b91ff94d,0.2871287128712871,0.4027777777777778
b505f95e-844ad4d8e01b16fb,8c591975-fee3ed7b98c29d64,0.2869022869022869,0.47586206896551725
e18ae6a1-25d9c5607673aa1b,953ac418-8f7cfb9d58d993fd,0.2868525896414343,0.3076923076923077
d12f26f0-5b1bf0f619c49fd6,68d422ec-8e2a4607563a1184,0.2868525896414343,0.3302752293577982
00c0b82a-a23297c71634ae34,20012377-c8b711b6bd0ca533,0.28668941979522183,0.6
00c0b82a-a23297c71634ae34,079ad09e-aa293a47b55193eb,0.28668941979522183,0.6
28c2d81a-3eecc566cc4a7785,20012377-c8b711b6bd0ca533,0.28651685393258425,0.38345864661654133
28c2d81a-3eecc566cc4a7785,079ad09e-aa293a47b55193eb,0.28651685393258425,0.38345864661654133
fa484fdd-937c6feffc490cb9,fadc1365-f858db247859fe5f,0.28640776699029125,0.3072916666666667
9fd33d5a-211f949777137364,8c591975-fee3ed7b98c29d64,0.2863636363636364,0.6057692307692307
3c667d4f-524cd7f06bda5cb0,7ae0cb0d-94a5a65427bbd458,0.2857142857142857,0.4915254237288136
0048a372-7b27dc892c2c87b5,8c591975-fee3ed7b98c29d64,0.2857142857142857,0.4857142857142857
9fd33d5a-211f949777137364,71c7ac71-104324308e29828f,0.2857142857142857,0.2980769230769231
312d9460-0ef5b2ece009b5fd,d77f722c-795a62abdcc8fb0e,0.2857142857142857,0.3333333333333333
28c2d81a-3eecc566cc4a7785,8c591975-fee3ed7b98c29d64,0.2857142857142857,0.5037593984962406
8f6421f3-958f921ae60910fc,953ac418-8f7cfb9d58d993fd,0.2857142857142857,0.3050847457627119
df594a00-6c0978a0f56b9ed7,fadc1365-f858db247859fe5f,0.2857142857142857,0.5
3380fa52-397c19efc6ec4545,b505f95e-844ad4d8e01b16fb,0.2857142857142857,0.35
bb0949b3-2ee7bbd7615b6bc8,0adb1ee5-3b312e6358ac7282,0.2857142857142857,0.6086956521739131
48c5f745-a816068dedd9d00e,4548305b-08b9f6e926231e7f,0.2851919561243144,0.37142857142857144
48c5f745-a816068dedd9d00e,4548305b-6b2cbf197d80b87c,0.2851919561243144,0.37142857142857144
0adb1ee5-3b312e6358ac7282,ed37ba7d-fa359dc6c74dfbfa,0.2848360655737705,0.6177777777777778
80c384e4-af35838eb0b75e7d,48c5f745-a816068dedd9d00e,0.2846715328467153,0.609375
aaccc000-cd3027809553b409,1ea771ea-6c6d54874f73ad39,0.2846715328467153,0.5571428571428572
967b67b0-b5ba1c50df880f8d,48c5f745-a816068dedd9d00e,0.2846715328467153,0.609375
c57a973e-819a66b366a8be16,68d422ec-8e2a4607563a1184,0.2846153846153846,0.3135593220338983
fa484fdd-937c6feffc490cb9,505f8562-153b80964f03522c,0.2845528455284553,0.3645833333333333
a7894e0b-0202afc2359426ca,f5fb1b62-e0e35d308a40e712,0.2845303867403315,0.6688311688311688
1ea771ea-6c6d54874f73ad39,c1fef98f-50ede0b8704be38a,0.28448275862068967,0.3235294117647059
e18ae6a1-25d9c5607673aa1b,c220c822-481cdf45cef307f8,0.28440366972477066,0.5299145299145299
aaccc000-cd3027809553b409,1a400c1b-b126c6bfaffaf3ae,0.2843601895734597,0.42857142857142855
4d25818e-e9fd9bc48a79af0b,7ae0cb0d-94a5a65427bbd458,0.28431372549019607,0.48333333333333334
e1a5831a-c8275bfedd968e8c,9fd33d5a-211f949777137364,0.28415300546448086,0.3291139240506329
c57a973e-819a66b366a8be16,fa484fdd-937c6feffc490cb9,0.2838709677419355,0.3728813559322034
f28b8cb4-bb917f979b8b1e5f,1ea771ea-6c6d54874f73ad39,0.2838283828382838,0.43434343434343436
c4d04ce7-a72b293277badd3e,ec607ca1-4289fcb0a79e3456,0.2838063439065108,0.5629139072847682
80c384e4-af35838eb0b75e7d,1ea771ea-6c6d54874f73ad39,0.2835820895522388,0.59375
967b67b0-b5ba1c50df880f8d,1ea771ea-6c6d54874f73ad39,0.2835820895522388,0.59375
bb0949b3-2ee7bbd7615b6bc8,fa484fdd-937c6feffc490cb9,0.2835249042145594,0.5362318840579711
b505f95e-844ad4d8e01b16fb,f339ef6f-45aadddb6e5b087e,0.28346456692913385,0.3724137931034483
67241a76-01f04ac4b7fe3063,a7894e0b-0202afc2359426ca,0.2834008097165992,0.3763440860215054
2b2d3b84-50128d26a6131abb,20012377-c8b711b6bd0ca533,0.28328611898017,0.38461538461538464
2b2d3b84-50128d26a6131abb,079ad09e-aa293a47b55193eb,0.28328611898017,0.38461538461538464
259c1ea4-23a087ca7861c1b5,6045e5d1-bd381059561ccf48,0.2832618025751073,0.39285714285714285
259c1ea4-23a087ca7861c1b5,3cbcb1cc-c51e30d914c3957c,0.2832618025751073,0.39285714285714285
0b5cff5a-85797cc0b56a2e03,8c591975-fee3ed7b98c29d64,0.28321678321678323,0.3432203389830508
9fd33d5a-211f949777137364,810cf242-6c100eed34676e90,0.2831858407079646,0.3076923076923077
ee270b2a-4a0d00c96498d123,a7894e0b-0202afc2359426ca,0.2831858407079646,0.4444444444444444
4fb09c5f-6bd800fac7ff4f8e,0adb1ee5-3b312e6358ac7282,0.28306264501160094,0.2961165048543689
f870e76b-d3836deeb4de0406,04df7bb8-03b9893bdab1344d,0.2830188679245283,0.7954545454545454
ee270b2a-4a0d00c96498d123,0048a372-7b27dc892c2c87b5,0.2830188679245283,0.4166666666666667
259c1ea4-23a087ca7861c1b5,8639f6c6-3f6123942d64b527,0.2830188679245283,0.35714285714285715
00c0b82a-a23297c71634ae34,68d422ec-8e2a4607563a1184,0.2830188679245283,0.42857142857142855
2f8c3bf3-e73d8329c1717cd5,a8e2cefc-63afc29d990cf7ec,0.28292682926829266,0.46774193548387094
e1a5831a-c8275bfedd968e8c,0adb1ee5-3b312e6358ac7282,0.28289473684210525,0.5443037974683544
aaccc000-cd3027809553b409,fadc1365-f858db247859fe5f,0.2827586206896552,0.5857142857142857
1be078c4-472929b651186639,f5fb1b62-e0e35d308a40e712,0.28269484808454426,0.5721925133689839
968c1e7e-af09f49d4848ad95,be3b1289-427649625057af89,0.2825278810408922,0.37623762376237624
ee270b2a-4a0d00c96498d123,e6a6e318-96fd4026eb65edf5,0.2823529411764706,0.5
aaccc000-cd3027809553b409,3380fa52-397c19efc6ec4545,0.2823529411764706,0.34285714285714286
c0aa6246-12d3d767c8ca9064,ed37ba7d-fa359dc6c74dfbfa,0.282183316168898,0.6227272727272727
9fd33d5a-211f949777137364,96cd6ee9-d775b6062424ec71,0.2821576763485477,0.6538461538461539
d12f26f0-5b1bf0f619c49fd6,48c5f745-a816068dedd9d00e,0.28213166144200624,0.41284403669724773
b9219544-92e2cc883e24a750,f339ef6f-45aadddb6e5b087e,0.28199566160520606,0.28888888888888886
8a39dbf5-7b2cf69c607f33e8,b6724dd9-caf9b13758ca6852,0.28193832599118945,0.3137254901960784
ff3283cf-ba41bd70d21a035e,b6724dd9-caf9b13758ca6852,0.28193832599118945,0.3137254901960784
259c1ea4-23a087ca7861c1b5,d77f722c-795a62abdcc8fb0e,0.2818181818181818,0.36904761904761907
1ea771ea-6c6d54874f73ad39,505f8562-153b80964f03522c,0.28174603174603174,0.3480392156862745
3c667d4f-524cd7f06bda5cb0,b9219544-92e2cc883e24a750,0.28169014084507044,0.6779661016949152
b6724dd9-caf9b13758ca6852,20012377-c8b711b6bd0ca533,0.28160919540229884,0.392
b6724dd9-caf9b13758ca6852,079ad09e-aa293a47b55193eb,0.28160919540229884,0.392
3cf63146-6ee67beae368cb31,f5fb1b62-e0e35d308a40e712,0.28157894736842104,0.5631578947368421
259c1ea4-23a087ca7861c1b5,0b5cff5a-85797cc0b56a2e03,0.28125,0.5357142857142857
810cf242-6c100eed34676e90,953ac418-8f7cfb9d58d993fd,0.28125,0.29508196721311475
4f7af821-33eae9882a2e0752,c1fef98f-50ede0b8704be38a,0.28125,0.75
8a39dbf5-7b2cf69c607f33e8,0048a372-7b27dc892c2c87b5,0.2809917355371901,0.3333333333333333
ff3283cf-ba41bd70d21a035e,0048a372-7b27dc892c2c87b5,0.2809917355371901,0.3333333333333333
f28b8cb4-bb917f979b8b1e5f,a8e2cefc-63afc29d990cf7ec,0.2809917355371901,0.3434343434343434
48c5f745-a816068dedd9d00e,c1fef98f-50ede0b8704be38a,0.28085106382978725,0.3142857142857143
10bbe9de-263f759c42a0c822,b9219544-92e2cc883e24a750,0.28078817733990147,0.3149171270718232
e1a5831a-c8275bfedd968e8c,6045e5d1-bd381059561ccf48,0.2807017543859649,0.4050632911392405
e1a5831a-c8275bfedd968e8c,3cbcb1cc-c51e30d914c3957c,0.2807017543859649,0.4050632911392405
4f7af821-33eae9882a2e0752,b9219544-92e2cc883e24a750,0.2807017543859649,0.6666666666666666
4d25818e-e9fd9bc48a79af0b,0adb1ee5-3b312e6358ac7282,0.2807017543859649,0.6666666666666666
1ea771ea-6c6d54874f73ad39,a3abac01-a5aaba77aa0fc76b,0.2804878048780488,0.3382352941176471
aaccc000-cd3027809553b409,7ae0cb0d-94a5a65427bbd458,0.2803738317757009,0.42857142857142855
bdfe8110-0d155952e4001c71,e7024f3e-583cf3dd9bb3e76a,0.2801556420233463,0.3025210084033613
11c2ab99-79ea707e2165e2bd,e7024f3e-583cf3dd9bb3e76a,0.2801556420233463,0.3025210084033613
8f778337-feb0d359ab443e78,48c5f745-a816068dedd9d00e,0.28,0.4666666666666667
fdd85afb-78cf4d5f5887f202,0fdc80c5-eb4012f9f5755db9,0.28,0.3111111111111111
fdd85afb-78cf4d5f5887f202,c1fef98f-50ede0b8704be38a,0.28,0.5444444444444444
c1fef98f-50ede0b8704be38a,c220c822-481cdf45cef307f8,0.27979274611398963,0.31153846153846154
3380fa52-397c19efc6ec4545,d77f722c-795a62abdcc8fb0e,0.2796610169491525,0.33
8a39dbf5-7b2cf69c607f33e8,fadc1365-f858db247859fe5f,0.2795031055900621,0.4411764705882353
ff3283cf-ba41bd70d21a035e,fadc1365-f858db247859fe5f,0.2795031055900621,0.4411764705882353
953ac418-8f7cfb9d58d993fd,10bbe9de-263f759c42a0c822,0.27936507936507937,0.3283582089552239
d12f26f0-5b1bf0f619c49fd6,fa484fdd-937c6feffc490cb9,0.27906976744186046,0.3853211009174312
e1a5831a-c8275bfedd968e8c,d77f722c-795a62abdcc8fb0e,0.27906976744186046,0.379746835443038
2f8c3bf3-e73d8329c1717cd5,b9219544-92e2cc883e24a750,0.2787456445993031,0.6451612903225806
9fd33d5a-211f949777137364,0048a372-7b27dc892c2c87b5,0.2786885245901639,0.3269230769230769
0fdc80c5-eb4012f9f5755db9,953ac418-8f7cfb9d58d993fd,0.2786885245901639,0.3090909090909091
aaccc000-cd3027809553b409,48c5f745-a816068dedd9d00e,0.2785714285714286,0.5571428571428572
71c7ac71-104324308e29828f,fc80cbe0-a7415db88a189acf,0.2785714285714286,0.34513274336283184
bdfe8110-0d155952e4001c71,c220c822-481cdf45cef307f8,0.2785388127853881,0.5126050420168067
11c2ab99-79ea707e2165e2bd,c220c822-481cdf45cef307f8,0.2785388127853881,0.5126050420168067
e6a6e318-96fd4026eb65edf5,ed37ba7d-fa359dc6c74dfbfa,0.278372591006424,0.7103825136612022
b6724dd9-caf9b13758ca6852,96cd6ee9-d775b6062424ec71,0.2783300198807157,0.56
fdd85afb-78cf4d5f5887f202,0048a372-7b27dc892c2c87b5,0.2782608695652174,0.35555555555555557
0fdc80c5-eb4012f9f5755db9,6045e5d1-bd381059561ccf48,0.277992277992278,0.32727272727272727
0fdc80c5-eb4012f9f5755db9,3cbcb1cc-c51e30d914c3957c,0.277992277992278,0.32727272727272727
3c667d4f-524cd7f06bda5cb0,0b5cff5a-85797cc0b56a2e03,0.27796610169491526,0.6949152542372882
4d25818e-e9fd9bc48a79af0b,fa484fdd-937c6feffc490cb9,0.2777777777777778,0.5833333333333334
b6724dd9-caf9b13758ca6852,be3b1289-427649625057af89,0.27765726681127983,0.512
3380fa52-397c19efc6ec4545,e7024f3e-583cf3dd9bb3e76a,0.2773109243697479,0.33
e7024f3e-583cf3dd9bb3e76a,1be078c4-472929b651186639,0.27692307692307694,0.32608695652173914
3380fa52-397c19efc6ec4545,b9219544-92e2cc883e24a750,0.27692307692307694,0.45
bdfe8110-0d155952e4001c71,953ac418-8f7cfb9d58d993fd,0.2766798418972332,0.29411764705882354
11c2ab99-79ea707e2165e2bd,953ac418-8f7cfb9d58d993fd,0.2766798418972332,0.29411764705882354
a8e2cefc-63afc29d990cf7ec,1ea771ea-6c6d54874f73ad39,0.276657060518732,0.3356643356643357
56a90e79-16bd8e2b99bf96c1,1ea771ea-6c6d54874f73ad39,0.27636363636363637,0.5352112676056338
e6a6e318-96fd4026eb65edf5,f5fb1b62-e0e35d308a40e712,0.27622841965471445,0.5683060109289617
67241a76-01f04ac4b7fe3063,e18ae6a1-25d9c5607673aa1b,0.2761904761904762,0.3118279569892473
f28b8cb4-bb917f979b8b1e5f,9fd33d5a-211f949777137364,0.27586206896551724,0.2828282828282828
3c667d4f-524cd7f06bda5cb0,c1fef98f-50ede0b8704be38a,0.27586206896551724,0.7457627118644068
953ac418-8f7cfb9d58d993fd,6045e5d1-bd381059561ccf48,0.2756183745583039,0.291044776119403
953ac418-8f7cfb9d58d993fd,3cbcb1cc-c51e30d914c3957c,0.2756183745583039,0.291044776119403
e1a5831a-c8275bfedd968e8c,1ea771ea-6c6d54874f73ad39,0.2756183745583039,0.4936708860759494
ee270b2a-4a0d00c96498d123,96cd6ee9-d775b6062424ec71,0.27555555555555555,0.8611111111111112
56a90e79-16bd8e2b99bf96c1,b6724dd9-caf9b13758ca6852,0.2755102040816326,0.38028169014084506
48c5f745-a816068dedd9d00e,96cd6ee9-d775b6062424ec71,0.2755102040816326,0.38571428571428573
9fd33d5a-211f949777137364,a8e2cefc-63afc29d990cf7ec,0.27530364372469635,0.3269230769230769
71c7ac71-104324308e29828f,953ac418-8f7cfb9d58d993fd,0.27530364372469635,0.3008849557522124
fcbe7917-527b4c7bcd90e160,b6724dd9-caf9b13758ca6852,0.27522935779816515,0.3225806451612903
df594a00-6c0978a0f56b9ed7,48c5f745-a816068dedd9d00e,0.2751677852348993,0.4659090909090909
df594a00-6c0978a0f56b9ed7,10bbe9de-263f759c42a0c822,0.275092936802974,0.42045454545454547
71c7ac71-104324308e29828f,f339ef6f-45aadddb6e5b087e,0.27507163323782235,0.4247787610619469
a4e1511a-bea2751ccbd782bf,3cf63146-6ee67beae368cb31,0.275,0.3384615384615385
fcbe7917-527b4c7bcd90e160,c57a973e-819a66b366a8be16,0.27488151658767773,0.3118279569892473
d77f722c-795a62abdcc8fb0e,f5fb1b62-e0e35d308a40e712,0.2747875354107649,0.7132352941176471
df594a00-6c0978a0f56b9ed7,b9219544-92e2cc883e24a750,0.2747603833865815,0.48863636363636365
80c384e4-af35838eb0b75e7d,8f6421f3-958f921ae60910fc,0.27472527472527475,0.390625
967b67b0-b5ba1c50df880f8d,8f6421f3-958f921ae60910fc,0.27472527472527475,0.390625
80c384e4-af35838eb0b75e7d,c0aa6246-12d3d767c8ca9064,0.2746478873239437,0.609375
967b67b0-b5ba1c50df880f8d,c0aa6246-12d3d767c8ca9064,0.2746478873239437,0.609375
3c667d4f-524cd7f06bda5cb0,0adb1ee5-3b312e6358ac7282,0.2746478873239437,0.6610169491525424
6045e5d1-bd381059561ccf48,a3abac01-a5aaba77aa0fc76b,0.2745995423340961,0.40268456375838924
8f6421f3-958f921ae60910fc,c220c822-481cdf45cef307f8,0.2745995423340961,0.5084745762711864
3cbcb1cc-c51e30d914c3957c,a3abac01-a5aaba77aa0fc76b,0.2745995423340961,0.40268456375838924
7ae0cb0d-94a5a65427bbd458,f5fb1b62-e0e35d308a40e712,0.27450980392156865,0.6805555555555556
df594a00-6c0978a0f56b9ed7,e7024f3e-583cf3dd9bb3e76a,0.2743362831858407,0.3522727272727273
0048a372-7b27dc892c2c87b5,96cd6ee9-d775b6062424ec71,0.27413127413127414,0.5071428571428571
810cf242-6c100eed34676e90,fa484fdd-937c6feffc490cb9,0.27388535031847133,0.3524590163934426
312d9460-0ef5b2ece009b5fd,e6a6e318-96fd4026eb65edf5,0.2736842105263158,0.38235294117647056
2f8c3bf3-e73d8329c1717cd5,8639f6c6-3f6123942d64b527,0.2736842105263158,0.41935483870967744
4f7af821-33eae9882a2e0752,0adb1ee5-3b312e6358ac7282,0.2736842105263158,0.65
7ae0cb0d-94a5a65427bbd458,ec607ca1-4289fcb0a79e3456,0.27364864864864863,0.5625
aaccc000-cd3027809553b409,68d422ec-8e2a4607563a1184,0.27358490566037735,0.4142857142857143
68d422ec-8e2a4607563a1184,1be078c4-472929b651186639,0.2735562310030395,0.31690140845070425
2b2d3b84-50128d26a6131abb,fa484fdd-937c6feffc490cb9,0.2732919254658385,0.3384615384615385
80c384e4-af35838eb0b75e7d,1a400c1b-b126c6bfaffaf3ae,0.2731707317073171,0.4375
967b67b0-b5ba1c50df880f8d,1a400c1b-b126c6bfaffaf3ae,0.2731707317073171,0.4375
9fd33d5a-211f949777137364,b505f95e-844ad4d8e01b16fb,0.27309236947791166,0.3269230769230769
10bbe9de-263f759c42a0c822,04df7bb8-03b9893bdab1344d,0.27307206068268014,0.5966850828729282
e1a5831a-c8275bfedd968e8c,fa484fdd-937c6feffc490cb9,0.2730627306273063,0.46835443037974683
28c2d81a-3eecc566cc4a7785,1ea771ea-6c6d54874f73ad39,0.27299703264094954,0.3458646616541353
d77f722c-795a62abdcc8fb0e,20012377-c8b711b6bd0ca533,0.27298050139275765,0.3602941176470588
d77f722c-795a62abdcc8fb0e,079ad09e-aa293a47b55193eb,0.27298050139275765,0.3602941176470588
a8e2cefc-63afc29d990cf7ec,96cd6ee9-d775b6062424ec71,0.272552783109405,0.4965034965034965
8a39dbf5-7b2cf69c607f33e8,28c2d81a-3eecc566cc4a7785,0.2723404255319149,0.3137254901960784
ff3283cf-ba41bd70d21a035e,28c2d81a-3eecc566cc4a7785,0.2723404255319149,0.3137254901960784
8639f6c6-3f6123942d64b527,f5fb1b62-e0e35d308a40e712,0.2722063037249284,0.7421875
7ae0cb0d-94a5a65427bbd458,c220c822-481cdf45cef307f8,0.27213822894168466,0.4375
df594a00-6c0978a0f56b9ed7,0048a372-7b27dc892c2c87b5,0.2719298245614035,0.3522727272727273
3380fa52-397c19efc6ec4545,1be078c4-472929b651186639,0.27177700348432055,0.39
7ae0cb0d-94a5a65427bbd458,48c5f745-a816068dedd9d00e,0.2711864406779661,0.3333333333333333
aaccc000-cd3027809553b409,0adb1ee5-3b312e6358ac7282,0.2711864406779661,0.5714285714285714
6045e5d1-bd381059561ccf48,e6a6e318-96fd4026eb65edf5,0.2710843373493976,0.30201342281879195
3cbcb1cc-c51e30d914c3957c,e6a6e318-96fd4026eb65edf5,0.2710843373493976,0.30201342281879195
68d422ec-8e2a4607563a1184,3cf63146-6ee67beae368cb31,0.2710843373493976,0.31690140845070425
00c0b82a-a23297c71634ae34,7ae0cb0d-94a5a65427bbd458,0.27102803738317754,0.4142857142857143
d77f722c-795a62abdcc8fb0e,48993e07-b7b5015b1aebd2a4,0.2708803611738149,0.4411764705882353
10bbe9de-263f759c42a0c822,8c591975-fee3ed7b98c29d64,0.27079303675048355,0.3867403314917127
68d422ec-8e2a4607563a1184,e6a6e318-96fd4026eb65edf5,0.27076923076923076,0.30985915492957744
e18ae6a1-25d9c5607673aa1b,20012377-c8b711b6bd0ca533,0.27058823529411763,0.39316239316239315
e18ae6a1-25d9c5607673aa1b,079ad09e-aa293a47b55193eb,0.27058823529411763,0.39316239316239315
e1a5831a-c8275bfedd968e8c,5288afb7-d4163ec84d18479e,0.27058823529411763,0.2911392405063291
56a90e79-16bd8e2b99bf96c1,d77f722c-795a62abdcc8fb0e,0.27053140096618356,0.39436619718309857
4fb09c5f-6bd800fac7ff4f8e,c220c822-481cdf45cef307f8,0.2704761904761905,0.3446601941747573
8c591975-fee3ed7b98c29d64,ed37ba7d-fa359dc6c74dfbfa,0.2704691812327507,0.4375
3380fa52-397c19efc6ec4545,48993e07-b7b5015b1aebd2a4,0.2702702702702703,0.55
b6724dd9-caf9b13758ca6852,6045e5d1-bd381059561ccf48,0.27007299270072993,0.296
b6724dd9-caf9b13758ca6852,3cbcb1cc-c51e30d914c3957c,0.27007299270072993,0.296
1be078c4-472929b651186639,08b9908d-2314ade53a73911d,0.26996197718631176,0.7593582887700535
56a90e79-16bd8e2b99bf96c1,268eb6c6-84e03a0110527cca,0.26976744186046514,0.4084507042253521
1a400c1b-b126c6bfaffaf3ae,96cd6ee9-d775b6062424ec71,0.2697495183044316,0.49645390070921985
e7024f3e-583cf3dd9bb3e76a,48993e07-b7b5015b1aebd2a4,0.2696629213483146,0.43478260869565216
56a90e79-16bd8e2b99bf96c1,4548305b-08b9f6e926231e7f,0.2696078431372549,0.7746478873239436
56a90e79-16bd8e2b99bf96c1,4548305b-6b2cbf197d80b87c,0.2696078431372549,0.7746478873239436
5e8d1aaa-dfb1ced6b91ff94d,1ea771ea-6c6d54874f73ad39,0.2694610778443114,0.34615384615384615
5288afb7-d4163ec84d18479e,312d9460-0ef5b2ece009b5fd,0.2694300518134715,0.2857142857142857
8f6421f3-958f921ae60910fc,04df7bb8-03b9893bdab1344d,0.2692307692307692,0.8305084745762712
fdd85afb-78cf4d5f5887f202,8f6421f3-958f921ae60910fc,0.2692307692307692,0.3111111111111111
00c0b82a-a23297c71634ae34,3cf63146-6ee67beae368cb31,0.2692307692307692,0.5
4fb09c5f-6bd800fac7ff4f8e,b9219544-92e2cc883e24a750,0.2691415313225058,0.2815533980582524
a4e1511a-bea2751ccbd782bf,b505f95e-844ad4d8e01b16fb,0.2690909090909091,0.2846153846153846
67241a76-01f04ac4b7fe3063,2b2d3b84-50128d26a6131abb,0.26905829596412556,0.3225806451612903
fdd85afb-78cf4d5f5887f202,28c2d81a-3eecc566cc4a7785,0.26905829596412556,0.3333333333333333
71c7ac71-104324308e29828f,fa484fdd-937c6feffc490cb9,0.26885245901639343,0.36283185840707965
259c1ea4-23a087ca7861c1b5,8a39dbf5-7b2cf69c607f33e8,0.26881720430107525,0.2976190476190476
259c1ea4-23a087ca7861c1b5,ff3283cf-ba41bd70d21a035e,0.26881720430107525,0.2976190476190476
2b2d3b84-50128d26a6131abb,e7024f3e-583cf3dd9bb3e76a,0.26865671641791045,0.27692307692307694
3c667d4f-524cd7f06bda5cb0,68d422ec-8e2a4607563a1184,0.26865671641791045,0.4576271186440678
ea2fc2bc-8be44aae4b99d930,48c5f745-a816068dedd9d00e,0.26865671641791045,0.36
2b2d3b84-50128d26a6131abb,f5fb1b62-e0e35d308a40e712,0.26857142857142857,0.7230769230769231
5e8d1aaa-dfb1ced6b91ff94d,f5fb1b62-e0e35d308a40e712,0.26857142857142857,0.7230769230769231
48c5f745-a816068dedd9d00e,c220c822-481cdf45cef307f8,0.2684310018903592,0.3380952380952381
df594a00-6c0978a0f56b9ed7,a8e2cefc-63afc29d990cf7ec,0.2683982683982684,0.3522727272727273
0adb1ee5-3b312e6358ac7282,c220c822-481cdf45cef307f8,0.26838235294117646,0.3244444444444444
56a90e79-16bd8e2b99bf96c1,3cf63146-6ee67beae368cb31,0.2681992337164751,0.49295774647887325
67241a76-01f04ac4b7fe3063,e6a6e318-96fd4026eb65edf5,0.26811594202898553,0.3978494623655914
8c591975-fee3ed7b98c29d64,08b9908d-2314ade53a73911d,0.2681099084096586,0.4791666666666667
0b5cff5a-85797cc0b56a2e03,351c9206-26c578b98ea64fce,0.2679580306698951,0.7033898305084746
0b5cff5a-85797cc0b56a2e03,2b9dfed3-26c578b98ea64fce,0.2679580306698951,0.7033898305084746
fdd85afb-78cf4d5f5887f202,953ac418-8f7cfb9d58d993fd,0.26785714285714285,0.3333333333333333
f870e76b-d3836deeb4de0406,1ea771ea-6c6d54874f73ad39,0.26785714285714285,0.3409090909090909
a4e1511a-bea2751ccbd782bf,0b5cff5a-85797cc0b56a2e03,0.2677595628415301,0.3769230769230769
1be078c4-472929b651186639,ec607ca1-4289fcb0a79e3456,0.2677165354330709,0.45454545454545453
953ac418-8f7cfb9d58d993fd,b9219544-92e2cc883e24a750,0.26740947075208915,0.3582089552238806
48c5f745-a816068dedd9d00e,be3b1289-427649625057af89,0.2673992673992674,0.3476190476190476
00c0b82a-a23297c71634ae34,c220c822-481cdf45cef307f8,0.26735218508997427,0.7428571428571429
2f8c3bf3-e73d8329c1717cd5,0048a372-7b27dc892c2c87b5,0.26732673267326734,0.43548387096774194
00c0b82a-a23297c71634ae34,fa484fdd-937c6feffc490cb9,0.26717557251908397,0.5
fdd85afb-78cf4d5f5887f202,968c1e7e-af09f49d4848ad95,0.2671232876712329,0.43333333333333335
3380fa52-397c19efc6ec4545,fa484fdd-937c6feffc490cb9,0.2671232876712329,0.39
67241a76-01f04ac4b7fe3063,312d9460-0ef5b2ece009b5fd,0.26666666666666666,0.27956989247311825
2f8c3bf3-e73d8329c1717cd5,20012377-c8b711b6bd0ca533,0.26666666666666666,0.6129032258064516
8f778337-feb0d359ab443e78,b9219544-92e2cc883e24a750,0.26666666666666666,0.4666666666666667
2f8c3bf3-e73d8329c1717cd5,079ad09e-aa293a47b55193eb,0.26666666666666666,0.6129032258064516
2b2d3b84-50128d26a6131abb,8c591975-fee3ed7b98c29d64,0.26609442060085836,0.47692307692307695
5288afb7-d4163ec84d18479e,68d422ec-8e2a4607563a1184,0.26609442060085836,0.34065934065934067
259c1ea4-23a087ca7861c1b5,953ac418-8f7cfb9d58d993fd,0.26605504587155965,0.34523809523809523
fcbe7917-527b4c7bcd90e160,ea2fc2bc-8be44aae4b99d930,0.26605504587155965,0.3118279569892473
b9219544-92e2cc883e24a750,04df7bb8-03b9893bdab1344d,0.26586826347305387,0.49333333333333335
a7894e0b-0202afc2359426ca,ec607ca1-4289fcb0a79e3456,0.26578073089701,0.5194805194805194
fa484fdd-937c6feffc490cb9,ec607ca1-4289fcb0a79e3456,0.265625,0.4427083333333333
8639f6c6-3f6123942d64b527,04df7bb8-03b9893bdab1344d,0.26558265582655827,0.765625
268eb6c6-84e03a0110527cca,b9219544-92e2cc883e24a750,0.26558265582655827,0.3402777777777778
fa484fdd-937c6feffc490cb9,c1fef98f-50ede0b8704be38a,0.26548672566371684,0.3125
fdd85afb-78cf4d5f5887f202,d77f722c-795a62abdcc8fb0e,0.26548672566371684,0.3333333333333333
8a39dbf5-7b2cf69c607f33e8,d12f26f0-5b1bf0f619c49fd6,0.26540284360189575,0.27450980392156865
ff3283cf-ba41bd70d21a035e,d12f26f0-5b1bf0f619c49fd6,0.26540284360189575,0.27450980392156865
5e8d1aaa-dfb1ced6b91ff94d,6045e5d1-bd381059561ccf48,0.26523297491039427,0.2846153846153846
5e8d1aaa-dfb1ced6b91ff94d,3cbcb1cc-c51e30d914c3957c,0.26523297491039427,0.2846153846153846
8f778337-feb0d359ab443e78,96cd6ee9-d775b6062424ec71,0.26495726495726496,0.6888888888888889
10bbe9de-263f759c42a0c822,1ea771ea-6c6d54874f73ad39,0.2649350649350649,0.281767955801105
4f7af821-33eae9882a2e0752,7ae0cb0d-94a5a65427bbd458,0.2647058823529412,0.45
ee270b2a-4a0d00c96498d123,20012377-c8b711b6bd0ca533,0.26440677966101694,0.5416666666666666
ee270b2a-4a0d00c96498d123,079ad09e-aa293a47b55193eb,0.26440677966101694,0.5416666666666666
ee270b2a-4a0d00c96498d123,8a39dbf5-7b2cf69c607f33e8,0.26436781609195403,0.3194444444444444
ee270b2a-4a0d00c96498d123,ff3283cf-ba41bd70d21a035e,0.26436781609195403,0.3194444444444444
e7024f3e-583cf3dd9bb3e76a,68d422ec-8e2a4607563a1184,0.2642857142857143,0.26811594202898553
80c384e4-af35838eb0b75e7d,28c2d81a-3eecc566cc4a7785,0.2639593908629442,0.40625
967b67b0-b5ba1c50df880f8d,28c2d81a-3eecc566cc4a7785,0.2639593908629442,0.40625
fa484fdd-937c6feffc490cb9,0adb1ee5-3b312e6358ac7282,0.2637889688249401,0.2864583333333333
d77f722c-795a62abdcc8fb0e,c220c822-481cdf45cef307f8,0.26373626373626374,0.4411764705882353
fdd85afb-78cf4d5f5887f202,a4e1511a-bea2751ccbd782bf,0.2636363636363636,0.32222222222222224
df594a00-6c0978a0f56b9ed7,f870e76b-d3836deeb4de0406,0.2636363636363636,0.32954545454545453
2f8c3bf3-e73d8329c1717cd5,96cd6ee9-d775b6062424ec71,0.2636363636363636,0.9354838709677419
3cf63146-6ee67beae368cb31,08b9908d-2314ade53a73911d,0.26350710900473934,0.7315789473684211
56a90e79-16bd8e2b99bf96c1,953ac418-8f7cfb9d58d993fd,0.2634146341463415,0.38028169014084506
a3abac01-a5aaba77aa0fc76b,351c9206-26c578b98ea64fce,0.26336173508907823,0.5902777777777778
a3abac01-a5aaba77aa0fc76b,2b9dfed3-26c578b98ea64fce,0.26336173508907823,0.5902777777777778
3c667d4f-524cd7f06bda5cb0,be3b1289-427649625057af89,0.26329113924050634,0.8813559322033898
259c1ea4-23a087ca7861c1b5,268eb6c6-84e03a0110527cca,0.2631578947368421,0.35714285714285715
80c384e4-af35838eb0b75e7d,1be078c4-472929b651186639,0.26294820717131473,0.515625
967b67b0-b5ba1c50df880f8d,1be078c4-472929b651186639,0.26294820717131473,0.515625
00c0b82a-a23297c71634ae34,10bbe9de-263f759c42a0c822,0.26294820717131473,0.4714285714285714
2f8c3bf3-e73d8329c1717cd5,ba9b94f7-6947cf384b45cdcc,0.26285714285714284,0.3709677419354839
48c5f745-a816068dedd9d00e,505f8562-153b80964f03522c,0.2627450980392157,0.319047619047619
ea2fc2bc-8be44aae4b99d930,953ac418-8f7cfb9d58d993fd,0.2625482625482625,0.272
259c1ea4-23a087ca7861c1b5,810cf242-6c100eed34676e90,0.2621359223300971,0.32142857142857145
1a400c1b-b126c6bfaffaf3ae,48c5f745-a816068dedd9d00e,0.2621082621082621,0.3262411347517731
8f6421f3-958f921ae60910fc,96cd6ee9-d775b6062424ec71,0.2620967741935484,0.5508474576271186
71c7ac71-104324308e29828f,20012377-c8b711b6bd0ca533,0.2619047619047619,0.3893805309734513
71c7ac71-104324308e29828f,079ad09e-aa293a47b55193eb,0.2619047619047619,0.3893805309734513
f28b8cb4-bb917f979b8b1e5f,c1fef98f-50ede0b8704be38a,0.2618384401114206,0.47474747474747475
bdfe8110-0d155952e4001c71,96cd6ee9-d775b6062424ec71,0.26156941649899396,0.5462184873949579
11c2ab99-79ea707e2165e2bd,96cd6ee9-d775b6062424ec71,0.26156941649899396,0.5462184873949579
1a400c1b-b126c6bfaffaf3ae,68d422ec-8e2a4607563a1184,0.26148409893992935,0.2624113475177305
56a90e79-16bd8e2b99bf96c1,8639f6c6-3f6123942d64b527,0.2613065326633166,0.36619718309859156
8a39dbf5-7b2cf69c607f33e8,c220c822-481cdf45cef307f8,0.26128266033254155,0.5392156862745098
ff3283cf-ba41bd70d21a035e,c220c822-481cdf45cef307f8,0.26128266033254155,0.5392156862745098
9fd33d5a-211f949777137364,1a400c1b-b126c6bfaffaf3ae,0.2612244897959184,0.3076923076923077
e6a6e318-96fd4026eb65edf5,48993e07-b7b5015b1aebd2a4,0.2612244897959184,0.34972677595628415
9fd33d5a-211f949777137364,48c5f745-a816068dedd9d00e,0.2611464968152866,0.3942307692307692
1be078c4-472929b651186639,c220c822-481cdf45cef307f8,0.2608695652173913,0.35294117647058826
1a400c1b-b126c6bfaffaf3ae,1ea771ea-6c6d54874f73ad39,0.2608695652173913,0.3191489361702128
953ac418-8f7cfb9d58d993fd,68d422ec-8e2a4607563a1184,0.2608695652173913,0.26865671641791045
c4d04ce7-a72b293277badd3e,f5fb1b62-e0e35d308a40e712,0.260748959778086,0.6225165562913907
80c384e4-af35838eb0b75e7d,fadc1365-f858db247859fe5f,0.2605633802816901,0.578125
967b67b0-b5ba1c50df880f8d,fadc1365-f858db247859fe5f,0.2605633802816901,0.578125
fc80cbe0-a7415db88a189acf,96cd6ee9-d775b6062424ec71,0.26055045871559634,0.4251497005988024
56a90e79-16bd8e2b99bf96c1,fc80cbe0-a7415db88a189acf,0.2605042016806723,0.43661971830985913
953ac418-8f7cfb9d58d993fd,1ea771ea-6c6d54874f73ad39,0.2603550295857988,0.3283582089552239
d77f722c-795a62abdcc8fb0e,48c5f745-a816068dedd9d00e,0.26011560693641617,0.33088235294117646
80c384e4-af35838eb0b75e7d,8c591975-fee3ed7b98c29d64,0.26,0.8125
967b67b0-b5ba1c50df880f8d,8c591975-fee3ed7b98c29d64,0.26,0.8125
aaccc000-cd3027809553b409,5e8d1aaa-dfb1ced6b91ff94d,0.26,0.37142857142857144
a7894e0b-0202afc2359426ca,20012377-c8b711b6bd0ca533,0.259946949602122,0.3181818181818182
a7894e0b-0202afc2359426ca,079ad09e-aa293a47b55193eb,0.259946949602122,0.3181818181818182
4d25818e-e9fd9bc48a79af0b,b9219544-92e2cc883e24a750,0.2596491228070175,0.6166666666666667
71c7ac71-104324308e29828f,6045e5d1-bd381059561ccf48,0.2595419847328244,0.3008849557522124
4d25818e-e9fd9bc48a79af0b,968c1e7e-af09f49d4848ad95,0.2595419847328244,0.5666666666666667
8639f6c6-3f6123942d64b527,953ac418-8f7cfb9d58d993fd,0.2595419847328244,0.265625
71c7ac71-104324308e29828f,3cbcb1cc-c51e30d914c3957c,0.2595419847328244,0.3008849557522124
2b2d3b84-50128d26a6131abb,ec607ca1-4289fcb0a79e3456,0.25951557093425603,0.5769230769230769
953ac418-8f7cfb9d58d993fd,3cf63146-6ee67beae368cb31,0.25925925925925924,0.31343283582089554
8a39dbf5-7b2cf69c607f33e8,48993e07-b7b5015b1aebd2a4,0.2591687041564792,0.5196078431372549
ff3283cf-ba41bd70d21a035e,48993e07-b7b5015b1aebd2a4,0.2591687041564792,0.5196078431372549
00c0b82a-a23297c71634ae34,a7894e0b-0202afc2359426ca,0.25892857142857145,0.4142857142857143
f339ef6f-45aadddb6e5b087e,8c591975-fee3ed7b98c29d64,0.25874125874125875,0.3135593220338983
268eb6c6-84e03a0110527cca,1ea771ea-6c6d54874f73ad39,0.25862068965517243,0.3125
e1a5831a-c8275bfedd968e8c,505f8562-153b80964f03522c,0.25857519788918204,0.620253164556962
3380fa52-397c19efc6ec4545,0adb1ee5-3b312e6358ac7282,0.25846153846153846,0.42
ea2fc2bc-8be44aae4b99d930,96cd6ee9-d775b6062424ec71,0.2584493041749503,0.52
3380fa52-397c19efc6ec4545,0048a372-7b27dc892c2c87b5,0.25833333333333336,0.31
259c1ea4-23a087ca7861c1b5,1be078c4-472929b651186639,0.25830258302583026,0.4166666666666667
4fb09c5f-6bd800fac7ff4f8e,c0aa6246-12d3d767c8ca9064,0.25821596244131456,0.2669902912621359
9fd33d5a-211f949777137364,268eb6c6-84e03a0110527cca,0.25806451612903225,0.3076923076923077
3380fa52-397c19efc6ec4545,48c5f745-a816068dedd9d00e,0.25806451612903225,0.4
80c384e4-af35838eb0b75e7d,20012377-c8b711b6bd0ca533,0.2578397212543554,0.578125
80c384e4-af35838eb0b75e7d,079ad09e-aa293a47b55193eb,0.2578397212543554,0.578125
967b67b0-b5ba1c50df880f8d,20012377-c8b711b6bd0ca533,0.2578397212543554,0.578125
967b67b0-b5ba1c50df880f8d,079ad09e-aa293a47b55193eb,0.2578397212543554,0.578125
8a39dbf5-7b2cf69c607f33e8,a7894e0b-0202afc2359426ca,0.2578125,0.3235294117647059
ff3283cf-ba41bd70d21a035e,a7894e0b-0202afc2359426ca,0.2578125,0.3235294117647059
fc80cbe0-a7415db88a189acf,f5fb1b62-e0e35d308a40e712,0.25780189959294436,0.5688622754491018
71c7ac71-104324308e29828f,4548305b-08b9f6e926231e7f,0.2577777777777778,0.5132743362831859
3380fa52-397c19efc6ec4545,ea2fc2bc-8be44aae4b99d930,0.2577777777777778,0.29
71c7ac71-104324308e29828f,4548305b-6b2cbf197d80b87c,0.2577777777777778,0.5132743362831859
2b2d3b84-50128d26a6131abb,953ac418-8f7cfb9d58d993fd,0.25757575757575757,0.26153846153846155
df594a00-6c0978a0f56b9ed7,96cd6ee9-d775b6062424ec71,0.2575107296137339,0.6818181818181818
9fd33d5a-211f949777137364,505f8562-153b80964f03522c,0.25742574257425743,0.5
fc80cbe0-a7415db88a189acf,04df7bb8-03b9893bdab1344d,0.2574002574002574,0.5988023952095808
f339ef6f-45aadddb6e5b087e,ed37ba7d-fa359dc6c74dfbfa,0.2573454913880446,0.538135593220339
968c1e7e-af09f49d4848ad95,a3abac01-a5aaba77aa0fc76b,0.2571428571428571,0.3118811881188119
5e8d1aaa-dfb1ced6b91ff94d,04df7bb8-03b9893bdab1344d,0.25675675675675674,0.7307692307692307
1a400c1b-b126c6bfaffaf3ae,968c1e7e-af09f49d4848ad95,0.2565597667638484,0.3120567375886525
5288afb7-d4163ec84d18479e,9fd33d5a-211f949777137364,0.2564102564102564,0.27472527472527475
953ac418-8f7cfb9d58d993fd,0adb1ee5-3b312e6358ac7282,0.2562674094707521,0.34328358208955223
3380fa52-397c19efc6ec4545,fadc1365-f858db247859fe5f,0.25625,0.41
c220c822-481cdf45cef307f8,4548305b-08b9f6e926231e7f,0.25609756097560976,0.26332288401253917
c220c822-481cdf45cef307f8,4548305b-6b2cbf197d80b87c,0.25609756097560976,0.26332288401253917
0b5cff5a-85797cc0b56a2e03,c220c822-481cdf45cef307f8,0.25585585585585585,0.3008474576271186
fa484fdd-937c6feffc490cb9,85125ecb-9e82c9bd9bfb85aa,0.255663430420712,0.4114583333333333
48993e07-b7b5015b1aebd2a4,c220c822-481cdf45cef307f8,0.25559105431309903,0.26058631921824105
e7024f3e-583cf3dd9bb3e76a,e6a6e318-96fd4026eb65edf5,0.2554517133956386,0.2971014492753623
e1a5831a-c8275bfedd968e8c,be3b1289-427649625057af89,0.25542168674698795,0.6708860759493671
953ac418-8f7cfb9d58d993fd,8c591975-fee3ed7b98c29d64,0.2553191489361702,0.44776119402985076
fcbe7917-527b4c7bcd90e160,68d422ec-8e2a4607563a1184,0.2553191489361702,0.3225806451612903
259c1ea4-23a087ca7861c1b5,4fb09c5f-6bd800fac7ff4f8e,0.25517241379310346,0.44047619047619047
f28b8cb4-bb917f979b8b1e5f,268eb6c6-84e03a0110527cca,0.2551440329218107,0.31313131313131315
312d9460-0ef5b2ece009b5fd,8a39dbf5-7b2cf69c607f33e8,0.2549019607843137,0.2549019607843137
3380fa52-397c19efc6ec4545,9fd33d5a-211f949777137364,0.2549019607843137,0.26
312d9460-0ef5b2ece009b5fd,ff3283cf-ba41bd70d21a035e,0.2549019607843137,0.2549019607843137
268eb6c6-84e03a0110527cca,f5fb1b62-e0e35d308a40e712,0.2549019607843137,0.6319444444444444
b6724dd9-caf9b13758ca6852,953ac418-8f7cfb9d58d993fd,0.2548262548262548,0.264
8f6421f3-958f921ae60910fc,6045e5d1-bd381059561ccf48,0.2546816479400749,0.288135593220339
8f6421f3-958f921ae60910fc,3cbcb1cc-c51e30d914c3957c,0.2546816479400749,0.288135593220339
28c2d81a-3eecc566cc4a7785,953ac418-8f7cfb9d58d993fd,0.2546816479400749,0.2556390977443609
268eb6c6-84e03a0110527cca,04df7bb8-03b9893bdab1344d,0.2546419098143236,0.6666666666666666
9fd33d5a-211f949777137364,be3b1289-427649625057af89,0.2545454545454545,0.5384615384615384
bb0949b3-2ee7bbd7615b6bc8,4fb09c5f-6bd800fac7ff4f8e,0.2545454545454545,0.5072463768115942
67241a76-01f04ac4b7fe3063,3cf63146-6ee67beae368cb31,0.254416961130742,0.3870967741935484
fadc1365-f858db247859fe5f,48993e07-b7b5015b1aebd2a4,0.25426944971537,0.30454545454545456
67241a76-01f04ac4b7fe3063,a8e2cefc-63afc29d990cf7ec,0.2542372881355932,0.3225806451612903
953ac418-8f7cfb9d58d993fd,48993e07-b7b5015b1aebd2a4,0.25396825396825395,0.417910447761194
bdfe8110-0d155952e4001c71,ec607ca1-4289fcb0a79e3456,0.25396825396825395,0.6050420168067226
11c2ab99-79ea707e2165e2bd,ec607ca1-4289fcb0a79e3456,0.25396825396825395,0.6050420168067226
71c7ac71-104324308e29828f,48c5f745-a816068dedd9d00e,0.25386996904024767,0.36283185840707965
e6a6e318-96fd4026eb65edf5,08b9908d-2314ade53a73911d,0.2538167938931298,0.726775956284153
aaccc000-cd3027809553b409,4fb09c5f-6bd800fac7ff4f8e,0.2536231884057971,0.5
00c0b82a-a23297c71634ae34,4fb09c5f-6bd800fac7ff4f8e,0.2536231884057971,0.5
80c384e4-af35838eb0b75e7d,0b5cff5a-85797cc0b56a2e03,0.25333333333333335,0.59375
967b67b0-b5ba1c50df880f8d,0b5cff5a-85797cc0b56a2e03,0.25333333333333335,0.59375
df594a00-6c0978a0f56b9ed7,48993e07-b7b5015b1aebd2a4,0.25316455696202533,0.5681818181818182
d12f26f0-5b1bf0f619c49fd6,20012377-c8b711b6bd0ca533,0.25301204819277107,0.3853211009174312
d12f26f0-5b1bf0f619c49fd6,079ad09e-aa293a47b55193eb,0.25301204819277107,0.3853211009174312
3c667d4f-524cd7f06bda5cb0,968c1e7e-af09f49d4848ad95,0.25287356321839083,0.559322033898305
20012377-c8b711b6bd0ca533,48993e07-b7b5015b1aebd2a4,0.2528301886792453,0.3004484304932735
079ad09e-aa293a47b55193eb,48993e07-b7b5015b1aebd2a4,0.2528301886792453,0.3004484304932735
00c0b82a-a23297c71634ae34,8639f6c6-3f6123942d64b527,0.25252525252525254,0.35714285714285715
4fb09c5f-6bd800fac7ff4f8e,04df7bb8-03b9893bdab1344d,0.25245098039215685,0.5
8c591975-fee3ed7b98c29d64,351c9206-26c578b98ea64fce,0.2524271844660194,0.5029761904761905
8c591975-fee3ed7b98c29d64,2b9dfed3-26c578b98ea64fce,0.2524271844660194,0.5029761904761905
71c7ac71-104324308e29828f,48993e07-b7b5015b1aebd2a4,0.2523809523809524,0.4690265486725664
fdd85afb-78cf4d5f5887f202,f870e76b-d3836deeb4de0406,0.25225225225225223,0.3111111111111111
68d422ec-8e2a4607563a1184,20012377-c8b711b6bd0ca533,0.25205479452054796,0.323943661971831
68d422ec-8e2a4607563a1184,079ad09e-aa293a47b55193eb,0.25205479452054796,0.323943661971831
953ac418-8f7cfb9d58d993fd,c220c822-481cdf45cef307f8,0.25165562913907286,0.4253731343283582
1a400c1b-b126c6bfaffaf3ae,8c591975-fee3ed7b98c29d64,0.25157232704402516,0.425531914893617
a4e1511a-bea2751ccbd782bf,1ea771ea-6c6d54874f73ad39,0.25149700598802394,0.3230769230769231
00c0b82a-a23297c71634ae34,ba9b94f7-6947cf384b45cdcc,0.25136612021857924,0.32857142857142857
8a39dbf5-7b2cf69c607f33e8,a3abac01-a5aaba77aa0fc76b,0.2512820512820513,0.4803921568627451
56a90e79-16bd8e2b99bf96c1,c220c822-481cdf45cef307f8,0.2512820512820513,0.6901408450704225
ff3283cf-ba41bd70d21a035e,a3abac01-a5aaba77aa0fc76b,0.2512820512820513,0.4803921568627451
67241a76-01f04ac4b7fe3063,810cf242-6c100eed34676e90,0.25116279069767444,0.2903225806451613
8f6421f3-958f921ae60910fc,8c591975-fee3ed7b98c29d64,0.2511013215859031,0.4830508474576271
48993e07-b7b5015b1aebd2a4,f5fb1b62-e0e35d308a40e712,0.2508551881413911,0.3583061889250814
0b5cff5a-85797cc0b56a2e03,85125ecb-9e82c9bd9bfb85aa,0.25075528700906347,0.3516949152542373
f28b8cb4-bb917f979b8b1e5f,505f8562-153b80964f03522c,0.2506265664160401,0.5050505050505051
56a90e79-16bd8e2b99bf96c1,8c591975-fee3ed7b98c29d64,0.25061425061425063,0.7183098591549296
f28b8cb4-bb917f979b8b1e5f,6045e5d1-bd381059561ccf48,0.25,0.31313131313131315
f28b8cb4-bb917f979b8b1e5f,10bbe9de-263f759c42a0c822,0.25,0.35353535353535354
f28b8cb4-bb917f979b8b1e5f,3cbcb1cc-c51e30d914c3957c,0.25,0.31313131313131315
259c1ea4-23a087ca7861c1b5,c0aa6246-12d3d767c8ca9064,0.25,0.4523809523809524
3c667d4f-524cd7f06bda5cb0,b6724dd9-caf9b13758ca6852,0.25,0.3898305084745763
aaccc000-cd3027809553b409,e7024f3e-583cf3dd9bb3e76a,0.25,0.37142857142857144
810cf242-6c100eed34676e90,20012377-c8b711b6bd0ca533,0.2492753623188406,0.3524590163934426
810cf242-6c100eed34676e90,079ad09e-aa293a47b55193eb,0.2492753623188406,0.3524590163934426
fdd85afb-78cf4d5f5887f202,e6a6e318-96fd4026eb65edf5,0.2490842490842491,0.37777777777777777
3380fa52-397c19efc6ec4545,b6724dd9-caf9b13758ca6852,0.24888888888888888,0.28
67241a76-01f04ac4b7fe3063,f870e76b-d3836deeb4de0406,0.24888888888888888,0.3010752688172043
48993e07-b7b5015b1aebd2a4,be3b1289-427649625057af89,0.24883359253499224,0.26058631921824105
56a90e79-16bd8e2b99bf96c1,e7024f3e-583cf3dd9bb3e76a,0.24880382775119617,0.36619718309859156
56a90e79-16bd8e2b99bf96c1,a4e1511a-bea2751ccbd782bf,0.24875621890547264,0.352112676056338
4d25818e-e9fd9bc48a79af0b,b6724dd9-caf9b13758ca6852,0.24864864864864866,0.38333333333333336
e7024f3e-583cf3dd9bb3e76a,4548305b-08b9f6e926231e7f,0.24842105263157896,0.427536231884058
e7024f3e-583cf3dd9bb3e76a,4548305b-6b2cbf197d80b87c,0.24842105263157896,0.427536231884058
953ac418-8f7cfb9d58d993fd,0048a372-7b27dc892c2c87b5,0.24817518248175183,0.2537313432835821
e18ae6a1-25d9c5607673aa1b,6045e5d1-bd381059561ccf48,0.24812030075187969,0.28205128205128205
e18ae6a1-25d9c5607673aa1b,3cbcb1cc-c51e30d914c3957c,0.24812030075187969,0.28205128205128205
d12f26f0-5b1bf0f619c49fd6,6045e5d1-bd381059561ccf48,0.24806201550387597,0.29357798165137616
d12f26f0-5b1bf0f619c49fd6,3cbcb1cc-c51e30d914c3957c,0.24806201550387597,0.29357798165137616
bb0949b3-2ee7bbd7615b6bc8,10bbe9de-263f759c42a0c822,0.248,0.4492753623188406
bb0949b3-2ee7bbd7615b6bc8,6045e5d1-bd381059561ccf48,0.24770642201834864,0.391304347826087
bb0949b3-2ee7bbd7615b6bc8,3cbcb1cc-c51e30d914c3957c,0.24770642201834864,0.391304347826087
28c2d81a-3eecc566cc4a7785,04df7bb8-03b9893bdab1344d,0.24764468371467024,0.6917293233082706
48993e07-b7b5015b1aebd2a4,ed37ba7d-fa359dc6c74dfbfa,0.24763705103969755,0.42671009771986973
aaccc000-cd3027809553b409,0048a372-7b27dc892c2c87b5,0.24761904761904763,0.37142857142857144
80c384e4-af35838eb0b75e7d,e7024f3e-583cf3dd9bb3e76a,0.24752475247524752,0.390625
967b67b0-b5ba1c50df880f8d,e7024f3e-583cf3dd9bb3e76a,0.24752475247524752,0.390625
f28b8cb4-bb917f979b8b1e5f,fa484fdd-937c6feffc490cb9,0.24742268041237114,0.36363636363636365
ee270b2a-4a0d00c96498d123,505f8562-153b80964f03522c,0.24731182795698925,0.6388888888888888
28c2d81a-3eecc566cc4a7785,68d422ec-8e2a4607563a1184,0.24727272727272728,0.2556390977443609
259c1ea4-23a087ca7861c1b5,e6a6e318-96fd4026eb65edf5,0.24719101123595505,0.39285714285714285
3c667d4f-524cd7f06bda5cb0,96cd6ee9-d775b6062424ec71,0.2471395881006865,0.9152542372881356
5e8d1aaa-dfb1ced6b91ff94d,48c5f745-a816068dedd9d00e,0.24705882352941178,0.3230769230769231
a8e2cefc-63afc29d990cf7ec,04df7bb8-03b9893bdab1344d,0.24701195219123506,0.6503496503496503
2f8c3bf3-e73d8329c1717cd5,10bbe9de-263f759c42a0c822,0.24691358024691357,0.4838709677419355
c57a973e-819a66b366a8be16,8c591975-fee3ed7b98c29d64,0.24669603524229075,0.4745762711864407
fdd85afb-78cf4d5f5887f202,48c5f745-a816068dedd9d00e,0.24666666666666667,0.4111111111111111
00c0b82a-a23297c71634ae34,6045e5d1-bd381059561ccf48,0.2465753424657534,0.38571428571428573
00c0b82a-a23297c71634ae34,3cbcb1cc-c51e30d914c3957c,0.2465753424657534,0.38571428571428573
ee270b2a-4a0d00c96498d123,fadc1365-f858db247859fe5f,0.2465753424657534,0.5
b9219544-92e2cc883e24a750,f5fb1b62-e0e35d308a40e712,0.24654088050314465,0.43555555555555553
fcbe7917-527b4c7bcd90e160,8f6421f3-958f921ae60910fc,0.24644549763033174,0.27956989247311825
4f7af821-33eae9882a2e0752,c4d04ce7-a72b293277badd3e,0.24644549763033174,0.43333333333333335
bb0949b3-2ee7bbd7615b6bc8,68d422ec-8e2a4607563a1184,0.24644549763033174,0.37681159420289856
8f778337-feb0d359ab443e78,ba9b94f7-6947cf384b45cdcc,0.24630541871921183,0.2777777777777778
953ac418-8f7cfb9d58d993fd,4548305b-08b9f6e926231e7f,0.24628450106157113,0.43283582089552236
953ac418-8f7cfb9d58d993fd,4548305b-6b2cbf197d80b87c,0.24628450106157113,0.43283582089552236
aaccc000-cd3027809553b409,b6724dd9-caf9b13758ca6852,0.24615384615384617,0.34285714285714286
0fdc80c5-eb4012f9f5755db9,68d422ec-8e2a4607563a1184,0.24603174603174602,0.2818181818181818
f28b8cb4-bb917f979b8b1e5f,48c5f745-a816068dedd9d00e,0.2459546925566343,0.3838383838383838
a4e1511a-bea2751ccbd782bf,04df7bb8-03b9893bdab1344d,0.24594594594594596,0.7
b9219544-92e2cc883e24a750,85125ecb-9e82c9bd9bfb85aa,0.2457757296466974,0.35555555555555557
56a90e79-16bd8e2b99bf96c1,be3b1289-427649625057af89,0.2457002457002457,0.704225352112676
fa484fdd-937c6feffc490cb9,96cd6ee9-d775b6062424ec71,0.24561403508771928,0.3645833333333333
810cf242-6c100eed34676e90,ec607ca1-4289fcb0a79e3456,0.24561403508771928,0.5737704918032787
00c0b82a-a23297c71634ae34,96cd6ee9-d775b6062424ec71,0.24553571428571427,0.7857142857142857
953ac418-8f7cfb9d58d993fd,a8e2cefc-63afc29d990cf7ec,0.24548736462093862,0.2537313432835821
8a39dbf5-7b2cf69c607f33e8,fc80cbe0-a7415db88a189acf,0.24535315985130113,0.3235294117647059
312d9460-0ef5b2ece009b5fd,fc80cbe0-a7415db88a189acf,0.24535315985130113,0.3235294117647059
ff3283cf-ba41bd70d21a035e,fc80cbe0-a7415db88a189acf,0.24535315985130113,0.3235294117647059
ec607ca1-4289fcb0a79e3456,ed37ba7d-fa359dc6c74dfbfa,0.24520433694745622,0.328125
aaccc000-cd3027809553b409,953ac418-8f7cfb9d58d993fd,0.24509803921568626,0.35714285714285715
8c591975-fee3ed7b98c29d64,f5fb1b62-e0e35d308a40e712,0.24503311258278146,0.33035714285714285
4fb09c5f-6bd800fac7ff4f8e,f5fb1b62-e0e35d308a40e712,0.24484536082474226,0.46116504854368934
10bbe9de-263f759c42a0c822,ec607ca1-4289fcb0a79e3456,0.24483306836248012,0.425414364640884
f28b8cb4-bb917f979b8b1e5f,0b5cff5a-85797cc0b56a2e03,0.24477611940298508,0.41414141414141414
df594a00-6c0978a0f56b9ed7,6045e5d1-bd381059561ccf48,0.24472573839662448,0.32954545454545453
df594a00-6c0978a0f56b9ed7,3cbcb1cc-c51e30d914c3957c,0.24472573839662448,0.32954545454545453
28c2d81a-3eecc566cc4a7785,f5fb1b62-e0e35d308a40e712,0.24466571834992887,0.6466165413533834
8a39dbf5-7b2cf69c607f33e8,0adb1ee5-3b312e6358ac7282,0.24464831804281345,0.39215686274509803
ff3283cf-ba41bd70d21a035e,0adb1ee5-3b312e6358ac7282,0.24464831804281345,0.39215686274509803
fa484fdd-937c6feffc490cb9,48993e07-b7b5015b1aebd2a4,0.24448897795591182,0.3177083333333333
0adb1ee5-3b312e6358ac7282,48993e07-b7b5015b1aebd2a4,0.24436090225563908,0.28888888888888886
aaccc000-cd3027809553b409,fa484fdd-937c6feffc490cb9,0.24427480916030533,0.45714285714285713
ee270b2a-4a0d00c96498d123,1a400c1b-b126c6bfaffaf3ae,0.24413145539906103,0.3611111111111111
a4e1511a-bea2751ccbd782bf,96cd6ee9-d775b6062424ec71,0.2440944881889764,0.47692307692307695
80c384e4-af35838eb0b75e7d,3cf63146-6ee67beae368cb31,0.2440944881889764,0.484375
967b67b0-b5ba1c50df880f8d,3cf63146-6ee67beae368cb31,0.2440944881889764,0.484375
0048a372-7b27dc892c2c87b5,c220c822-481cdf45cef307f8,0.2440087145969499,0.4
8a39dbf5-7b2cf69c607f33e8,7ae0cb0d-94a5a65427bbd458,0.24390243902439024,0.29411764705882354
ff3283cf-ba41bd70d21a035e,7ae0cb0d-94a5a65427bbd458,0.24390243902439024,0.29411764705882354
f870e76b-d3836deeb4de0406,c220c822-481cdf45cef307f8,0.24390243902439024,0.4166666666666667
e7024f3e-583cf3dd9bb3e76a,3cf63146-6ee67beae368cb31,0.24390243902439024,0.2898550724637681
810cf242-6c100eed34676e90,4fb09c5f-6bd800fac7ff4f8e,0.24390243902439024,0.32786885245901637
68d422ec-8e2a4607563a1184,c1fef98f-50ede0b8704be38a,0.24378109452736318,0.34507042253521125
0fdc80c5-eb4012f9f5755db9,48c5f745-a816068dedd9d00e,0.24375,0.35454545454545455
953ac418-8f7cfb9d58d993fd,b505f95e-844ad4d8e01b16fb,0.24372759856630824,0.2537313432835821
259c1ea4-23a087ca7861c1b5,ba9b94f7-6947cf384b45cdcc,0.2436548223350254,0.2857142857142857
ee270b2a-4a0d00c96498d123,b6724dd9-caf9b13758ca6852,0.2436548223350254,0.3333333333333333
bb0949b3-2ee7bbd7615b6bc8,8639f6c6-3f6123942d64b527,0.2436548223350254,0.34782608695652173
953ac418-8f7cfb9d58d993fd,c1fef98f-50ede0b8704be38a,0.2436548223350254,0.3582089552238806
a8e2cefc-63afc29d990cf7ec,48c5f745-a816068dedd9d00e,0.24362606232294617,0.3006993006993007
8a39dbf5-7b2cf69c607f33e8,48c5f745-a816068dedd9d00e,0.24358974358974358,0.37254901960784315
ff3283cf-ba41bd70d21a035e,48c5f745-a816068dedd9d00e,0.24358974358974358,0.37254901960784315
8a39dbf5-7b2cf69c607f33e8,8639f6c6-3f6123942d64b527,0.24347826086956523,0.27450980392156865
ff3283cf-ba41bd70d21a035e,8639f6c6-3f6123942d64b527,0.24347826086956523,0.27450980392156865
20012377-c8b711b6bd0ca533,be3b1289-427649625057af89,0.24329159212880144,0.30493273542600896
079ad09e-aa293a47b55193eb,be3b1289-427649625057af89,0.24329159212880144,0.30493273542600896
fcbe7917-527b4c7bcd90e160,0b5cff5a-85797cc0b56a2e03,0.24316109422492402,0.43010752688172044
bb0949b3-2ee7bbd7615b6bc8,c1fef98f-50ede0b8704be38a,0.24316109422492402,0.5797101449275363
d77f722c-795a62abdcc8fb0e,ec607ca1-4289fcb0a79e3456,0.24315068493150685,0.5220588235294118
68d422ec-8e2a4607563a1184,fadc1365-f858db247859fe5f,0.2430939226519337,0.30985915492957744
8639f6c6-3f6123942d64b527,ec607ca1-4289fcb0a79e3456,0.24305555555555555,0.546875
aaccc000-cd3027809553b409,268eb6c6-84e03a0110527cca,0.24299065420560748,0.37142857142857144
268eb6c6-84e03a0110527cca,48c5f745-a816068dedd9d00e,0.24293785310734464,0.2986111111111111
8a39dbf5-7b2cf69c607f33e8,b505f95e-844ad4d8e01b16fb,0.242914979757085,0.29411764705882354
ff3283cf-ba41bd70d21a035e,b505f95e-844ad4d8e01b16fb,0.242914979757085,0.29411764705882354
c57a973e-819a66b366a8be16,c220c822-481cdf45cef307f8,0.2425629290617849,0.4491525423728814
80c384e4-af35838eb0b75e7d,953ac418-8f7cfb9d58d993fd,0.24242424242424243,0.375
3c667d4f-524cd7f06bda5cb0,4548305b-08b9f6e926231e7f,0.24242424242424243,0.8135593220338984
3c667d4f-524cd7f06bda5cb0,4548305b-6b2cbf197d80b87c,0.24242424242424243,0.8135593220338984
967b67b0-b5ba1c50df880f8d,953ac418-8f7cfb9d58d993fd,0.24242424242424243,0.375
810cf242-6c100eed34676e90,68d422ec-8e2a4607563a1184,0.24242424242424243,0.26229508196721313
c4d04ce7-a72b293277badd3e,8c591975-fee3ed7b98c29d64,0.24229979466119098,0.39072847682119205
312d9460-0ef5b2ece009b5fd,fadc1365-f858db247859fe5f,0.2422360248447205,0.38235294117647056
ea2fc2bc-8be44aae4b99d930,04df7bb8-03b9893bdab1344d,0.24217687074829933,0.712
0fdc80c5-eb4012f9f5755db9,8c591975-fee3ed7b98c29d64,0.242152466367713,0.4909090909090909
0fdc80c5-eb4012f9f5755db9,ba9b94f7-6947cf384b45cdcc,0.242152466367713,0.24545454545454545
e1a5831a-c8275bfedd968e8c,268eb6c6-84e03a0110527cca,0.242152466367713,0.34177215189873417
5288afb7-d4163ec84d18479e,f28b8cb4-bb917f979b8b1e5f,0.24210526315789474,0.25274725274725274
268eb6c6-84e03a0110527cca,c220c822-481cdf45cef307f8,0.24190064794816415,0.3888888888888889
b6724dd9-caf9b13758ca6852,f5fb1b62-e0e35d308a40e712,0.24172661870503598,0.672
80c384e4-af35838eb0b75e7d,a8e2cefc-63afc29d990cf7ec,0.24154589371980675,0.390625
967b67b0-b5ba1c50df880f8d,a8e2cefc-63afc29d990cf7ec,0.24154589371980675,0.390625
e1a5831a-c8275bfedd968e8c,8639f6c6-3f6123942d64b527,0.24154589371980675,0.31645569620253167
8a39dbf5-7b2cf69c607f33e8,2b2d3b84-50128d26a6131abb,0.2413793103448276,0.27450980392156865
259c1ea4-23a087ca7861c1b5,8f778337-feb0d359ab443e78,0.2413793103448276,0.25
ff3283cf-ba41bd70d21a035e,2b2d3b84-50128d26a6131abb,0.2413793103448276,0.27450980392156865
8f6421f3-958f921ae60910fc,f5fb1b62-e0e35d308a40e712,0.24127906976744187,0.7033898305084746
a8e2cefc-63afc29d990cf7ec,f5fb1b62-e0e35d308a40e712,0.24123422159887797,0.6013986013986014
259c1ea4-23a087ca7861c1b5,3cf63146-6ee67beae368cb31,0.24087591240875914,0.39285714285714285
00c0b82a-a23297c71634ae34,4548305b-08b9f6e926231e7f,0.24078624078624078,0.7
00c0b82a-a23297c71634ae34,4548305b-6b2cbf197d80b87c,0.24078624078624078,0.7
f28b8cb4-bb917f979b8b1e5f,0adb1ee5-3b312e6358ac7282,0.24074074074074073,0.3939393939393939
80c384e4-af35838eb0b75e7d,c1fef98f-50ede0b8704be38a,0.24074074074074073,0.609375
71c7ac71-104324308e29828f,c220c822-481cdf45cef307f8,0.24074074074074073,0.46017699115044247
967b67b0-b5ba1c50df880f8d,c1fef98f-50ede0b8704be38a,0.24074074074074073,0.609375
1ea771ea-6c6d54874f73ad39,be3b1289-427649625057af89,0.24074074074074073,0.31862745098039214
8f778337-feb0d359ab443e78,c4d04ce7-a72b293277badd3e,0.24066390041493776,0.32222222222222224
68d422ec-8e2a4607563a1184,6045e5d1-bd381059561ccf48,0.24054982817869416,0.24647887323943662
68d422ec-8e2a4607563a1184,3cbcb1cc-c51e30d914c3957c,0.24054982817869416,0.24647887323943662
2b2d3b84-50128d26a6131abb,c220c822-481cdf45cef307f8,0.24053452115812918,0.4153846153846154
aaccc000-cd3027809553b409,71c7ac71-104324308e29828f,0.24043715846994534,0.3142857142857143
8a39dbf5-7b2cf69c607f33e8,20012377-c8b711b6bd0ca533,0.24,0.38235294117647056
8a39dbf5-7b2cf69c607f33e8,079ad09e-aa293a47b55193eb,0.24,0.38235294117647056
ff3283cf-ba41bd70d21a035e,20012377-c8b711b6bd0ca533,0.24,0.38235294117647056
3c667d4f-524cd7f06bda5cb0,5288afb7-d4163ec84d18479e,0.24,0.3050847457627119
ff3283cf-ba41bd70d21a035e,079ad09e-aa293a47b55193eb,0.24,0.38235294117647056
9fd33d5a-211f949777137364,a3abac01-a5aaba77aa0fc76b,0.23979591836734693,0.4519230769230769
e7024f3e-583cf3dd9bb3e76a,1ea771ea-6c6d54874f73ad39,0.23976608187134502,0.2971014492753623
e7024f3e-583cf3dd9bb3e76a,a3abac01-a5aaba77aa0fc76b,0.23943661971830985,0.3695652173913043
fdd85afb-78cf4d5f5887f202,268eb6c6-84e03a0110527cca,0.23931623931623933,0.3111111111111111
953ac418-8f7cfb9d58d993fd,fc80cbe0-a7415db88a189acf,0.23920265780730898,0.26865671641791045
f28b8cb4-bb917f979b8b1e5f,8c591975-fee3ed7b98c29d64,0.23908045977011494,0.5252525252525253
1ea771ea-6c6d54874f73ad39,4fb09c5f-6bd800fac7ff4f8e,0.23902439024390243,0.24019607843137256
f28b8cb4-bb917f979b8b1e5f,96cd6ee9-d775b6062424ec71,0.2389937106918239,0.5757575757575758
8c591975-fee3ed7b98c29d64,85125ecb-9e82c9bd9bfb85aa,0.2388451443569554,0.2708333333333333
1be078c4-472929b651186639,ed37ba7d-fa359dc6c74dfbfa,0.23880597014925373,0.5989304812834224
b6724dd9-caf9b13758ca6852,48c5f745-a816068dedd9d00e,0.23880597014925373,0.32
fadc1365-f858db247859fe5f,351c9206-26c578b98ea64fce,0.23875715453802127,0.6636363636363637
fadc1365-f858db247859fe5f,2b9dfed3-26c578b98ea64fce,0.23875715453802127,0.6636363636363637
ea2fc2bc-8be44aae4b99d930,c220c822-481cdf45cef307f8,0.23873873873873874,0.424
bdfe8110-0d155952e4001c71,04df7bb8-03b9893bdab1344d,0.23868312757201646,0.7310924369747899
11c2ab99-79ea707e2165e2bd,04df7bb8-03b9893bdab1344d,0.23868312757201646,0.7310924369747899
aaccc000-cd3027809553b409,3cf63146-6ee67beae368cb31,0.23846153846153847,0.44285714285714284
4d25818e-e9fd9bc48a79af0b,5288afb7-d4163ec84d18479e,0.23841059602649006,0.3
c4d04ce7-a72b293277badd3e,48c5f745-a816068dedd9d00e,0.23822714681440443,0.2847682119205298
00c0b82a-a23297c71634ae34,0048a372-7b27dc892c2c87b5,0.23809523809523808,0.35714285714285715
968c1e7e-af09f49d4848ad95,96cd6ee9-d775b6062424ec71,0.23793103448275862,0.3415841584158416
f28b8cb4-bb917f979b8b1e5f,8639f6c6-3f6123942d64b527,0.23788546255506607,0.2727272727272727
3380fa52-397c19efc6ec4545,268eb6c6-84e03a0110527cca,0.23770491803278687,0.29
20012377-c8b711b6bd0ca533,04df7bb8-03b9893bdab1344d,0.23769507803121248,0.4439461883408072
079ad09e-aa293a47b55193eb,04df7bb8-03b9893bdab1344d,0.23769507803121248,0.4439461883408072
67241a76-01f04ac4b7fe3063,d12f26f0-5b1bf0f619c49fd6,0.2376237623762376,0.25806451612903225
8a39dbf5-7b2cf69c607f33e8,96cd6ee9-d775b6062424ec71,0.2375,0.5588235294117647
ff3283cf-ba41bd70d21a035e,96cd6ee9-d775b6062424ec71,0.2375,0.5588235294117647
953ac418-8f7cfb9d58d993fd,7ae0cb0d-94a5a65427bbd458,0.23741007194244604,0.2462686567164179
4d25818e-e9fd9bc48a79af0b,be3b1289-427649625057af89,0.23737373737373738,0.7833333333333333
d77f722c-795a62abdcc8fb0e,8c591975-fee3ed7b98c29d64,0.23728813559322035,0.4117647058823529
3380fa52-397c19efc6ec4545,a3abac01-a5aaba77aa0fc76b,0.23711340206185566,0.46
953ac418-8f7cfb9d58d993fd,ec607ca1-4289fcb0a79e3456,0.23711340206185566,0.5149253731343284
8a39dbf5-7b2cf69c607f33e8,0b5cff5a-85797cc0b56a2e03,0.23668639053254437,0.39215686274509803
ff3283cf-ba41bd70d21a035e,0b5cff5a-85797cc0b56a2e03,0.23668639053254437,0.39215686274509803
4f7af821-33eae9882a2e0752,968c1e7e-af09f49d4848ad95,0.2366412213740458,0.5166666666666667
4d25818e-e9fd9bc48a79af0b,0b5cff5a-85797cc0b56a2e03,0.23648648648648649,0.5833333333333334
f870e76b-d3836deeb4de0406,f5fb1b62-e0e35d308a40e712,0.23646723646723647,0.6287878787878788
00c0b82a-a23297c71634ae34,8c591975-fee3ed7b98c29d64,0.23645320197044334,0.6857142857142857
67241a76-01f04ac4b7fe3063,fadc1365-f858db247859fe5f,0.2364217252396166,0.3978494623655914
fdd85afb-78cf4d5f5887f202,5e8d1aaa-dfb1ced6b91ff94d,0.23636363636363636,0.28888888888888886
b505f95e-844ad4d8e01b16fb,968c1e7e-af09f49d4848ad95,0.23631123919308358,0.2827586206896552
e7024f3e-583cf3dd9bb3e76a,8c591975-fee3ed7b98c29d64,0.23628691983122363,0.4057971014492754
67241a76-01f04ac4b7fe3063,268eb6c6-84e03a0110527cca,0.23628691983122363,0.3010752688172043
2f8c3bf3-e73d8329c1717cd5,fa484fdd-937c6feffc490cb9,0.23622047244094488,0.4838709677419355
56a90e79-16bd8e2b99bf96c1,96cd6ee9-d775b6062424ec71,0.23608017817371937,0.7464788732394366
10bbe9de-263f759c42a0c822,fa484fdd-937c6feffc490cb9,0.2359249329758713,0.2430939226519337
1ea771ea-6c6d54874f73ad39,04df7bb8-03b9893bdab1344d,0.23587223587223588,0.47058823529411764
fcbe7917-527b4c7bcd90e160,bdfe8110-0d155952e4001c71,0.2358490566037736,0.26881720430107525
fcbe7917-527b4c7bcd90e160,11c2ab99-79ea707e2165e2bd,0.2358490566037736,0.26881720430107525
810cf242-6c100eed34676e90,c220c822-481cdf45cef307f8,0.23582766439909297,0.4262295081967213
df594a00-6c0978a0f56b9ed7,1a400c1b-b126c6bfaffaf3ae,0.23580786026200873,0.3068181818181818
ea2fc2bc-8be44aae4b99d930,e7024f3e-583cf3dd9bb3e76a,0.23574144486692014,0.248
67241a76-01f04ac4b7fe3063,1be078c4-472929b651186639,0.2357142857142857,0.3548387096774194
fdd85afb-78cf4d5f5887f202,3cf63146-6ee67beae368cb31,0.2357142857142857,0.36666666666666664
ba9b94f7-6947cf384b45cdcc,fc80cbe0-a7415db88a189acf,0.2357142857142857,0.2920353982300885
6045e5d1-bd381059561ccf48,0adb1ee5-3b312e6358ac7282,0.23529411764705882,0.2953020134228188
aaccc000-cd3027809553b409,968c1e7e-af09f49d4848ad95,0.23529411764705882,0.45714285714285713
aaccc000-cd3027809553b409,0b5cff5a-85797cc0b56a2e03,0.23529411764705882,0.5142857142857142
67241a76-01f04ac4b7fe3063,8639f6c6-3f6123942d64b527,0.23529411764705882,0.27956989247311825
3cbcb1cc-c51e30d914c3957c,0adb1ee5-3b312e6358ac7282,0.23529411764705882,0.2953020134228188
3380fa52-397c19efc6ec4545,505f8562-153b80964f03522c,0.235,0.47
e1a5831a-c8275bfedd968e8c,0b5cff5a-85797cc0b56a2e03,0.23492063492063492,0.46835443037974683
fa484fdd-937c6feffc490cb9,be3b1289-427649625057af89,0.23484848484848486,0.3229166666666667
5e8d1aaa-dfb1ced6b91ff94d,953ac418-8f7cfb9d58d993fd,0.23484848484848486,0.23846153846153847
1be078c4-472929b651186639,48993e07-b7b5015b1aebd2a4,0.23481781376518218,0.31016042780748665
3380fa52-397c19efc6ec4545,5e8d1aaa-dfb1ced6b91ff94d,0.23478260869565218,0.27
df594a00-6c0978a0f56b9ed7,0b5cff5a-85797cc0b56a2e03,0.2345679012345679,0.4318181818181818
56a90e79-16bd8e2b99bf96c1,5288afb7-d4163ec84d18479e,0.2345679012345679,0.2676056338028169
56a90e79-16bd8e2b99bf96c1,0b5cff5a-85797cc0b56a2e03,0.23452768729641693,0.5070422535211268
953ac418-8f7cfb9d58d993fd,96cd6ee9-d775b6062424ec71,0.234375,0.44776119402985076
8f778337-feb0d359ab443e78,6045e5d1-bd381059561ccf48,0.23430962343096234,0.3111111111111111
8f778337-feb0d359ab443e78,3cbcb1cc-c51e30d914c3957c,0.23430962343096234,0.3111111111111111
b6724dd9-caf9b13758ca6852,b9219544-92e2cc883e24a750,0.2342857142857143,0.328
e18ae6a1-25d9c5607673aa1b,8c591975-fee3ed7b98c29d64,0.23399558498896247,0.452991452991453
a3abac01-a5aaba77aa0fc76b,c220c822-481cdf45cef307f8,0.23393739703459637,0.2465277777777778
c0aa6246-12d3d767c8ca9064,c220c822-481cdf45cef307f8,0.23376623376623376,0.2863636363636364
a8e2cefc-63afc29d990cf7ec,c220c822-481cdf45cef307f8,0.23376623376623376,0.3776223776223776
259c1ea4-23a087ca7861c1b5,5e8d1aaa-dfb1ced6b91ff94d,0.2336448598130841,0.2976190476190476
8639f6c6-3f6123942d64b527,20012377-c8b711b6bd0ca533,0.2336182336182336,0.3203125
8639f6c6-3f6123942d64b527,079ad09e-aa293a47b55193eb,0.2336182336182336,0.3203125
10bbe9de-263f759c42a0c822,48993e07-b7b5015b1aebd2a4,0.2336065573770492,0.3149171270718232
0fdc80c5-eb4012f9f5755db9,04df7bb8-03b9893bdab1344d,0.23333333333333334,0.7636363636363637
bb0949b3-2ee7bbd7615b6bc8,a7894e0b-0202afc2359426ca,0.23318385650224216,0.37681159420289856
f28b8cb4-bb917f979b8b1e5f,fc80cbe0-a7415db88a189acf,0.23308270676691728,0.31313131313131315
4f7af821-33eae9882a2e0752,4fb09c5f-6bd800fac7ff4f8e,0.23308270676691728,0.5166666666666667
4d25818e-e9fd9bc48a79af0b,4fb09c5f-6bd800fac7ff4f8e,0.23308270676691728,0.5166666666666667
ee270b2a-4a0d00c96498d123,953ac418-8f7cfb9d58d993fd,0.23300970873786409,0.3333333333333333
fdd85afb-78cf4d5f5887f202,f28b8cb4-bb917f979b8b1e5f,0.2328042328042328,0.24444444444444444
68d422ec-8e2a4607563a1184,0b5cff5a-85797cc0b56a2e03,0.2328042328042328,0.30985915492957744
8c591975-fee3ed7b98c29d64,04df7bb8-03b9893bdab1344d,0.23255813953488372,0.3273809523809524
80c384e4-af35838eb0b75e7d,c4d04ce7-a72b293277badd3e,0.23255813953488372,0.390625
967b67b0-b5ba1c50df880f8d,c4d04ce7-a72b293277badd3e,0.23255813953488372,0.390625
4d25818e-e9fd9bc48a79af0b,10bbe9de-263f759c42a0c822,0.23236514522821577,0.4666666666666667
968c1e7e-af09f49d4848ad95,c0aa6246-12d3d767c8ca9064,0.23222748815165878,0.24257425742574257
8f778337-feb0d359ab443e78,5288afb7-d4163ec84d18479e,0.23204419889502761,0.23333333333333334
fdd85afb-78cf4d5f5887f202,5288afb7-d4163ec84d18479e,0.23204419889502761,0.23333333333333334
7ae0cb0d-94a5a65427bbd458,08b9908d-2314ade53a73911d,0.2319127849355798,0.8125
9fd33d5a-211f949777137364,ec607ca1-4289fcb0a79e3456,0.2318840579710145,0.6153846153846154
8f778337-feb0d359ab443e78,a8e2cefc-63afc29d990cf7ec,0.2317596566523605,0.3
4f7af821-33eae9882a2e0752,4548305b-08b9f6e926231e7f,0.23173803526448364,0.7666666666666667
4d25818e-e9fd9bc48a79af0b,4548305b-08b9f6e926231e7f,0.23173803526448364,0.7666666666666667
4f7af821-33eae9882a2e0752,4548305b-6b2cbf197d80b87c,0.23173803526448364,0.7666666666666667
4d25818e-e9fd9bc48a79af0b,4548305b-6b2cbf197d80b87c,0.23173803526448364,0.7666666666666667
953ac418-8f7cfb9d58d993fd,c4d04ce7-a72b293277badd3e,0.23157894736842105,0.2462686567164179
4fb09c5f-6bd800fac7ff4f8e,08b9908d-2314ade53a73911d,0.2315592903828198,0.6019417475728155
0048a372-7b27dc892c2c87b5,ec607ca1-4289fcb0a79e3456,0.23129251700680273,0.4857142857142857
8f778337-feb0d359ab443e78,1ea771ea-6c6d54874f73ad39,0.23129251700680273,0.37777777777777777
fdd85afb-78cf4d5f5887f202,1be078c4-472929b651186639,0.23104693140794225,0.35555555555555557
6045e5d1-bd381059561ccf48,be3b1289-427649625057af89,0.2309278350515464,0.37583892617449666
3cbcb1cc-c51e30d914c3957c,be3b1289-427649625057af89,0.2309278350515464,0.37583892617449666
6045e5d1-bd381059561ccf48,c220c822-481cdf45cef307f8,0.23076923076923078,0.3624161073825503
3cbcb1cc-c51e30d914c3957c,c220c822-481cdf45cef307f8,0.23076923076923078,0.3624161073825503
8f778337-feb0d359ab443e78,268eb6c6-84e03a0110527cca,0.23076923076923078,0.3
4fb09c5f-6bd800fac7ff4f8e,48c5f745-a816068dedd9d00e,0.23076923076923078,0.23300970873786409
7ae0cb0d-94a5a65427bbd458,48993e07-b7b5015b1aebd2a4,0.23059866962305986,0.3611111111111111
48993e07-b7b5015b1aebd2a4,351c9206-26c578b98ea64fce,0.23053435114503817,0.49185667752442996
48993e07-b7b5015b1aebd2a4,2b9dfed3-26c578b98ea64fce,0.23053435114503817,0.49185667752442996
d12f26f0-5b1bf0f619c49fd6,953ac418-8f7cfb9d58d993fd,0.23045267489711935,0.25688073394495414
ee270b2a-4a0d00c96498d123,8c591975-fee3ed7b98c29d64,0.23039215686274508,0.6527777777777778
ee270b2a-4a0d00c96498d123,4fb09c5f-6bd800fac7ff4f8e,0.2302158273381295,0.4444444444444444
67241a76-01f04ac4b7fe3063,28c2d81a-3eecc566cc4a7785,0.23008849557522124,0.27956989247311825
1ea771ea-6c6d54874f73ad39,f5fb1b62-e0e35d308a40e712,0.22997416020671835,0.4362745098039216
2f8c3bf3-e73d8329c1717cd5,0adb1ee5-3b312e6358ac7282,0.22996515679442509,0.532258064516129
ee270b2a-4a0d00c96498d123,4548305b-08b9f6e926231e7f,0.22982885085574573,0.6527777777777778
ee270b2a-4a0d00c96498d123,4548305b-6b2cbf197d80b87c,0.22982885085574573,0.6527777777777778
2f8c3bf3-e73d8329c1717cd5,c1fef98f-50ede0b8704be38a,0.22981366459627328,0.5967741935483871
b6724dd9-caf9b13758ca6852,c220c822-481cdf45cef307f8,0.22972972972972974,0.408
953ac418-8f7cfb9d58d993fd,20012377-c8b711b6bd0ca533,0.22969187675070027,0.30597014925373134
953ac418-8f7cfb9d58d993fd,079ad09e-aa293a47b55193eb,0.22969187675070027,0.30597014925373134
8f6421f3-958f921ae60910fc,ec607ca1-4289fcb0a79e3456,0.22968197879858657,0.5508474576271186
b505f95e-844ad4d8e01b16fb,f5fb1b62-e0e35d308a40e712,0.22937062937062938,0.5655172413793104
0048a372-7b27dc892c2c87b5,04df7bb8-03b9893bdab1344d,0.22933333333333333,0.6142857142857143
80c384e4-af35838eb0b75e7d,fcbe7917-527b4c7bcd90e160,0.22929936305732485,0.28125
967b67b0-b5ba1c50df880f8d,fcbe7917-527b4c7bcd90e160,0.22929936305732485,0.28125
5288afb7-d4163ec84d18479e,d77f722c-795a62abdcc8fb0e,0.2290748898678414,0.2857142857142857
e7024f3e-583cf3dd9bb3e76a,fadc1365-f858db247859fe5f,0.22905027932960895,0.2971014492753623
ee270b2a-4a0d00c96498d123,3cf63146-6ee67beae368cb31,0.22900763358778625,0.4166666666666667
268eb6c6-84e03a0110527cca,20012377-c8b711b6bd0ca533,0.22888283378746593,0.2916666666666667
268eb6c6-84e03a0110527cca,079ad09e-aa293a47b55193eb,0.22888283378746593,0.2916666666666667
e1a5831a-c8275bfedd968e8c,a3abac01-a5aaba77aa0fc76b,0.22888283378746593,0.5316455696202531
2b2d3b84-50128d26a6131abb,48993e07-b7b5015b1aebd2a4,0.2288329519450801,0.38461538461538464
bb0949b3-2ee7bbd7615b6bc8,968c1e7e-af09f49d4848ad95,0.22878228782287824,0.4492753623188406
00c0b82a-a23297c71634ae34,0b5cff5a-85797cc0b56a2e03,0.22875816993464052,0.5
4fb09c5f-6bd800fac7ff4f8e,20012377-c8b711b6bd0ca533,0.22843822843822845,0.23786407766990292
4fb09c5f-6bd800fac7ff4f8e,079ad09e-aa293a47b55193eb,0.22843822843822845,0.23786407766990292
3c667d4f-524cd7f06bda5cb0,505f8562-153b80964f03522c,0.22841225626740946,0.6949152542372882
80c384e4-af35838eb0b75e7d,b9219544-92e2cc883e24a750,0.22837370242214533,0.515625
e7024f3e-583cf3dd9bb3e76a,c4d04ce7-a72b293277badd3e,0.22837370242214533,0.2391304347826087
967b67b0-b5ba1c50df880f8d,b9219544-92e2cc883e24a750,0.22837370242214533,0.515625
f339ef6f-45aadddb6e5b087e,48993e07-b7b5015b1aebd2a4,0.2283609576427256,0.2627118644067797
56a90e79-16bd8e2b99bf96c1,ba9b94f7-6947cf384b45cdcc,0.22826086956521738,0.29577464788732394
56a90e79-16bd8e2b99bf96c1,fa484fdd-937c6feffc490cb9,0.22813688212927757,0.4225352112676056
4548305b-08b9f6e926231e7f,85125ecb-9e82c9bd9bfb85aa,0.22804718217562253,0.258160237388724
4548305b-6b2cbf197d80b87c,85125ecb-9e82c9bd9bfb85aa,0.22804718217562253,0.258160237388724
00c0b82a-a23297c71634ae34,968c1e7e-af09f49d4848ad95,0.22794117647058823,0.44285714285714284
6045e5d1-bd381059561ccf48,fc80cbe0-a7415db88a189acf,0.22784810126582278,0.24161073825503357
67241a76-01f04ac4b7fe3063,20012377-c8b711b6bd0ca533,0.22784810126582278,0.3870967741935484
3cbcb1cc-c51e30d914c3957c,fc80cbe0-a7415db88a189acf,0.22784810126582278,0.24161073825503357
67241a76-01f04ac4b7fe3063,079ad09e-aa293a47b55193eb,0.22784810126582278,0.3870967741935484
bb0949b3-2ee7bbd7615b6bc8,505f8562-153b80964f03522c,0.22764227642276422,0.6086956521739131
1a400c1b-b126c6bfaffaf3ae,ec607ca1-4289fcb0a79e3456,0.22750424448217318,0.475177304964539
953ac418-8f7cfb9d58d993fd,a3abac01-a5aaba77aa0fc76b,0.22748815165876776,0.3582089552238806
5e8d1aaa-dfb1ced6b91ff94d,8c591975-fee3ed7b98c29d64,0.22746781115879827,0.4076923076923077
df594a00-6c0978a0f56b9ed7,fc80cbe0-a7415db88a189acf,0.22745098039215686,0.32954545454545453
3cf63146-6ee67beae368cb31,ed37ba7d-fa359dc6c74dfbfa,0.22741764080765142,0.5631578947368421
8a39dbf5-7b2cf69c607f33e8,4fb09c5f-6bd800fac7ff4f8e,0.22727272727272727,0.3431372549019608
ff3283cf-ba41bd70d21a035e,4fb09c5f-6bd800fac7ff4f8e,0.22727272727272727,0.3431372549019608
1ea771ea-6c6d54874f73ad39,f339ef6f-45aadddb6e5b087e,0.22727272727272727,0.24509803921568626
71c7ac71-104324308e29828f,1ea771ea-6c6d54874f73ad39,0.22712933753943218,0.3185840707964602
56a90e79-16bd8e2b99bf96c1,968c1e7e-af09f49d4848ad95,0.2271062271062271,0.43661971830985913
953ac418-8f7cfb9d58d993fd,0b5cff5a-85797cc0b56a2e03,0.22702702702702704,0.31343283582089554
ea2fc2bc-8be44aae4b99d930,ec607ca1-4289fcb0a79e3456,0.2268760907504363,0.52
bb0949b3-2ee7bbd7615b6bc8,c220c822-481cdf45cef307f8,0.2268041237113402,0.6376811594202898
f28b8cb4-bb917f979b8b1e5f,48993e07-b7b5015b1aebd2a4,0.22660098522167488,0.46464646464646464
e18ae6a1-25d9c5607673aa1b,fa484fdd-937c6feffc490cb9,0.22653721682847897,0.29914529914529914
68d422ec-8e2a4607563a1184,c0aa6246-12d3d767c8ca9064,0.2265193370165746,0.2887323943661972
48993e07-b7b5015b1aebd2a4,85125ecb-9e82c9bd9bfb85aa,0.22646657571623466,0.2703583061889251
3c667d4f-524cd7f06bda5cb0,4fb09c5f-6bd800fac7ff4f8e,0.22641509433962265,0.5084745762711864
56a90e79-16bd8e2b99bf96c1,505f8562-153b80964f03522c,0.22641509433962265,0.5915492957746479
ee270b2a-4a0d00c96498d123,6045e5d1-bd381059561ccf48,0.22624434389140272,0.3472222222222222
ee270b2a-4a0d00c96498d123,3cbcb1cc-c51e30d914c3957c,0.22624434389140272,0.3472222222222222
1ea771ea-6c6d54874f73ad39,ed37ba7d-fa359dc6c74dfbfa,0.2261780104712042,0.5294117647058824
e1a5831a-c8275bfedd968e8c,c4d04ce7-a72b293277badd3e,0.22608695652173913,0.3291139240506329
c220c822-481cdf45cef307f8,04df7bb8-03b9893bdab1344d,0.22604951560818085,0.329153605015674
c4d04ce7-a72b293277badd3e,04df7bb8-03b9893bdab1344d,0.22601839684625494,0.5695364238410596
259c1ea4-23a087ca7861c1b5,67241a76-01f04ac4b7fe3063,0.22598870056497175,0.23809523809523808
df594a00-6c0978a0f56b9ed7,c4d04ce7-a72b293277badd3e,0.22594142259414227,0.3068181818181818
a4e1511a-bea2751ccbd782bf,f5fb1b62-e0e35d308a40e712,0.2257142857142857,0.6076923076923076
a8e2cefc-63afc29d990cf7ec,8c591975-fee3ed7b98c29d64,0.2254697286012526,0.3776223776223776
48c5f745-a816068dedd9d00e,0adb1ee5-3b312e6358ac7282,0.22528735632183908,0.23333333333333334
4f7af821-33eae9882a2e0752,5288afb7-d4163ec84d18479e,0.2251655629139073,0.2833333333333333
3c667d4f-524cd7f06bda5cb0,10bbe9de-263f759c42a0c822,0.225,0.4576271186440678
e7024f3e-583cf3dd9bb3e76a,96cd6ee9-d775b6062424ec71,0.2248062015503876,0.42028985507246375
3380fa52-397c19efc6ec4545,be3b1289-427649625057af89,0.22477064220183487,0.49
d12f26f0-5b1bf0f619c49fd6,8c591975-fee3ed7b98c29d64,0.2247191011235955,0.45871559633027525
9fd33d5a-211f949777137364,10bbe9de-263f759c42a0c822,0.22456140350877193,0.3076923076923077
68d422ec-8e2a4607563a1184,a8e2cefc-63afc29d990cf7ec,0.22456140350877193,0.22535211267605634
259c1ea4-23a087ca7861c1b5,48c5f745-a816068dedd9d00e,0.22448979591836735,0.39285714285714285
df594a00-6c0978a0f56b9ed7,4fb09c5f-6bd800fac7ff4f8e,0.22448979591836735,0.375
fdd85afb-78cf4d5f5887f202,1ea771ea-6c6d54874f73ad39,0.22448979591836735,0.36666666666666664
b505f95e-844ad4d8e01b16fb,fc80cbe0-a7415db88a189acf,0.22435897435897437,0.2413793103448276
6045e5d1-bd381059561ccf48,10bbe9de-263f759c42a0c822,0.22424242424242424,0.2483221476510067
3cbcb1cc-c51e30d914c3957c,10bbe9de-263f759c42a0c822,0.22424242424242424,0.2483221476510067
48c5f745-a816068dedd9d00e,f339ef6f-45aadddb6e5b087e,0.2242152466367713,0.23809523809523808
8639f6c6-3f6123942d64b527,8c591975-fee3ed7b98c29d64,0.22413793103448276,0.40625
810cf242-6c100eed34676e90,04df7bb8-03b9893bdab1344d,0.22404371584699453,0.6721311475409836
259c1ea4-23a087ca7861c1b5,968c1e7e-af09f49d4848ad95,0.22377622377622378,0.38095238095238093
4d25818e-e9fd9bc48a79af0b,96cd6ee9-d775b6062424ec71,0.2237442922374429,0.8166666666666667
bb0949b3-2ee7bbd7615b6bc8,96cd6ee9-d775b6062424ec71,0.22371364653243847,0.7246376811594203
f339ef6f-45aadddb6e5b087e,c220c822-481cdf45cef307f8,0.22342342342342342,0.2627118644067797
fcbe7917-527b4c7bcd90e160,9fd33d5a-211f949777137364,0.2233502538071066,0.23655913978494625
67241a76-01f04ac4b7fe3063,9fd33d5a-211f949777137364,0.2233502538071066,0.23655913978494625
fdd85afb-78cf4d5f5887f202,b6724dd9-caf9b13758ca6852,0.22325581395348837,0.26666666666666666
fcbe7917-527b4c7bcd90e160,810cf242-6c100eed34676e90,0.22325581395348837,0.25806451612903225
f28b8cb4-bb917f979b8b1e5f,b6724dd9-caf9b13758ca6852,0.22321428571428573,0.25252525252525254
e1a5831a-c8275bfedd968e8c,96cd6ee9-d775b6062424ec71,0.22319474835886213,0.6455696202531646
9fd33d5a-211f949777137364,e7024f3e-583cf3dd9bb3e76a,0.2231404958677686,0.25961538461538464
aaccc000-cd3027809553b409,10bbe9de-263f759c42a0c822,0.22310756972111553,0.4
be3b1289-427649625057af89,85125ecb-9e82c9bd9bfb85aa,0.2230971128608924,0.25297619047619047
9fd33d5a-211f949777137364,fa484fdd-937c6feffc490cb9,0.22297297297297297,0.3173076923076923
4f7af821-33eae9882a2e0752,0b5cff5a-85797cc0b56a2e03,0.22297297297297297,0.55
f28b8cb4-bb917f979b8b1e5f,4fb09c5f-6bd800fac7ff4f8e,0.22295081967213115,0.3434343434343434
68d422ec-8e2a4607563a1184,10bbe9de-263f759c42a0c822,0.22291021671826625,0.2535211267605634
0048a372-7b27dc892c2c87b5,48c5f745-a816068dedd9d00e,0.22285714285714286,0.2785714285714286
a8e2cefc-63afc29d990cf7ec,b9219544-92e2cc883e24a750,0.22282608695652173,0.2867132867132867
6045e5d1-bd381059561ccf48,8c591975-fee3ed7b98c29d64,0.22268041237113403,0.3624161073825503
3cbcb1cc-c51e30d914c3957c,8c591975-fee3ed7b98c29d64,0.22268041237113403,0.3624161073825503
b505f95e-844ad4d8e01b16fb,04df7bb8-03b9893bdab1344d,0.22251655629139072,0.5793103448275863
80c384e4-af35838eb0b75e7d,b6724dd9-caf9b13758ca6852,0.2222222222222222,0.328125
20012377-c8b711b6bd0ca533,f339ef6f-45aadddb6e5b087e,0.2222222222222222,0.22869955156950672
967b67b0-b5ba1c50df880f8d,b6724dd9-caf9b13758ca6852,0.2222222222222222,0.328125
3380fa52-397c19efc6ec4545,c1fef98f-50ede0b8704be38a,0.2222222222222222,0.4
fcbe7917-527b4c7bcd90e160,1ea771ea-6c6d54874f73ad39,0.2222222222222222,0.3548387096774194
4f7af821-33eae9882a2e0752,e7024f3e-583cf3dd9bb3e76a,0.2222222222222222,0.36666666666666664
079ad09e-aa293a47b55193eb,f339ef6f-45aadddb6e5b087e,0.2222222222222222,0.22869955156950672
1a400c1b-b126c6bfaffaf3ae,ed37ba7d-fa359dc6c74dfbfa,0.2219730941704036,0.7021276595744681
e1a5831a-c8275bfedd968e8c,8c591975-fee3ed7b98c29d64,0.2216867469879518,0.5822784810126582
00c0b82a-a23297c71634ae34,be3b1289-427649625057af89,0.22167487684729065,0.6428571428571429
4d25818e-e9fd9bc48a79af0b,c220c822-481cdf45cef307f8,0.22163588390501318,0.7
ee270b2a-4a0d00c96498d123,48993e07-b7b5015b1aebd2a4,0.22163588390501318,0.5833333333333334
00c0b82a-a23297c71634ae34,505f8562-153b80964f03522c,0.22162162162162163,0.5857142857142857
80c384e4-af35838eb0b75e7d,a3abac01-a5aaba77aa0fc76b,0.2215909090909091,0.609375
967b67b0-b5ba1c50df880f8d,a3abac01-a5aaba77aa0fc76b,0.2215909090909091,0.609375
8f778337-feb0d359ab443e78,3cf63146-6ee67beae368cb31,0.22142857142857142,0.34444444444444444
28c2d81a-3eecc566cc4a7785,e7024f3e-583cf3dd9bb3e76a,0.22140221402214022,0.22556390977443608
96cd6ee9-d775b6062424ec71,85125ecb-9e82c9bd9bfb85aa,0.22139303482587064,0.23544973544973544
259c1ea4-23a087ca7861c1b5,c4d04ce7-a72b293277badd3e,0.22127659574468084,0.30952380952380953
b505f95e-844ad4d8e01b16fb,48993e07-b7b5015b1aebd2a4,0.22123893805309736,0.3448275862068966
71c7ac71-104324308e29828f,ba9b94f7-6947cf384b45cdcc,0.22123893805309736,0.22123893805309736
1a400c1b-b126c6bfaffaf3ae,04df7bb8-03b9893bdab1344d,0.2210386151797603,0.5886524822695035
e1a5831a-c8275bfedd968e8c,312d9460-0ef5b2ece009b5fd,0.22099447513812154,0.25316455696202533
c57a973e-819a66b366a8be16,f5fb1b62-e0e35d308a40e712,0.22093023255813954,0.6440677966101694
1a400c1b-b126c6bfaffaf3ae,fc80cbe0-a7415db88a189acf,0.22077922077922077,0.24113475177304963
5288afb7-d4163ec84d18479e,3cf63146-6ee67beae368cb31,0.2206405693950178,0.34065934065934067
2b2d3b84-50128d26a6131abb,68d422ec-8e2a4607563a1184,0.22058823529411764,0.23076923076923078
c4d04ce7-a72b293277badd3e,08b9908d-2314ade53a73911d,0.2204724409448819,0.7417218543046358
953ac418-8f7cfb9d58d993fd,c0aa6246-12d3d767c8ca9064,0.22033898305084745,0.291044776119403
3380fa52-397c19efc6ec4545,8c591975-fee3ed7b98c29d64,0.22018348623853212,0.48
fdd85afb-78cf4d5f5887f202,8639f6c6-3f6123942d64b527,0.22018348623853212,0.26666666666666666
67241a76-01f04ac4b7fe3063,0adb1ee5-3b312e6358ac7282,0.22012578616352202,0.3763440860215054
48c5f745-a816068dedd9d00e,85125ecb-9e82c9bd9bfb85aa,0.22012578616352202,0.3333333333333333
e1a5831a-c8275bfedd968e8c,a4e1511a-bea2751ccbd782bf,0.22009569377990432,0.2911392405063291
e18ae6a1-25d9c5607673aa1b,04df7bb8-03b9893bdab1344d,0.2200825309491059,0.6837606837606838
10bbe9de-263f759c42a0c822,c220c822-481cdf45cef307f8,0.22,0.30386740331491713
b6724dd9-caf9b13758ca6852,ec607ca1-4289fcb0a79e3456,0.2198952879581152,0.504
0048a372-7b27dc892c2c87b5,68d422ec-8e2a4607563a1184,0.2198581560283688,0.22142857142857142
0048a372-7b27dc892c2c87b5,f5fb1b62-e0e35d308a40e712,0.21971830985915494,0.5571428571428572
ee270b2a-4a0d00c96498d123,fa484fdd-937c6feffc490cb9,0.2196969696969697,0.4027777777777778
3380fa52-397c19efc6ec4545,4548305b-08b9f6e926231e7f,0.21967963386727687,0.48
3380fa52-397c19efc6ec4545,4548305b-6b2cbf197d80b87c,0.21967963386727687,0.48
d77f722c-795a62abdcc8fb0e,fa484fdd-937c6feffc490cb9,0.21951219512195122,0.2647058823529412
e18ae6a1-25d9c5607673aa1b,ec607ca1-4289fcb0a79e3456,0.21946902654867256,0.5299145299145299
fcbe7917-527b4c7bcd90e160,7ae0cb0d-94a5a65427bbd458,0.21940928270042195,0.27956989247311825
1a400c1b-b126c6bfaffaf3ae,f5fb1b62-e0e35d308a40e712,0.21940928270042195,0.5531914893617021
8f778337-feb0d359ab443e78,c0aa6246-12d3d767c8ca9064,0.21935483870967742,0.37777777777777777
fdd85afb-78cf4d5f5887f202,fadc1365-f858db247859fe5f,0.21935483870967742,0.37777777777777777
259c1ea4-23a087ca7861c1b5,7ae0cb0d-94a5a65427bbd458,0.21929824561403508,0.2976190476190476
6045e5d1-bd381059561ccf48,48993e07-b7b5015b1aebd2a4,0.21929824561403508,0.33557046979865773
3cbcb1cc-c51e30d914c3957c,48993e07-b7b5015b1aebd2a4,0.21929824561403508,0.33557046979865773
3380fa52-397c19efc6ec4545,8639f6c6-3f6123942d64b527,0.21929824561403508,0.25
8f6421f3-958f921ae60910fc,e7024f3e-583cf3dd9bb3e76a,0.21875,0.23728813559322035
aaccc000-cd3027809553b409,96cd6ee9-d775b6062424ec71,0.21875,0.7
fcbe7917-527b4c7bcd90e160,b505f95e-844ad4d8e01b16fb,0.2184873949579832,0.27956989247311825
48993e07-b7b5015b1aebd2a4,08b9908d-2314ade53a73911d,0.21843003412969283,0.4169381107491857
953ac418-8f7cfb9d58d993fd,1a400c1b-b126c6bfaffaf3ae,0.21818181818181817,0.22388059701492538
bb0949b3-2ee7bbd7615b6bc8,48993e07-b7b5015b1aebd2a4,0.21808510638297873,0.5942028985507246
8639f6c6-3f6123942d64b527,e7024f3e-583cf3dd9bb3e76a,0.21804511278195488,0.2265625
68d422ec-8e2a4607563a1184,b9219544-92e2cc883e24a750,0.21798365122615804,0.28169014084507044
a7894e0b-0202afc2359426ca,08b9908d-2314ade53a73911d,0.21786064769381747,0.7207792207792207
ee270b2a-4a0d00c96498d123,a4e1511a-bea2751ccbd782bf,0.21782178217821782,0.3055555555555556
9fd33d5a-211f949777137364,7ae0cb0d-94a5a65427bbd458,0.21774193548387097,0.25961538461538464
8a39dbf5-7b2cf69c607f33e8,c0aa6246-12d3d767c8ca9064,0.21739130434782608,0.3431372549019608
ff3283cf-ba41bd70d21a035e,c0aa6246-12d3d767c8ca9064,0.21739130434782608,0.3431372549019608
5288afb7-d4163ec84d18479e,fcbe7917-527b4c7bcd90e160,0.21739130434782608,0.21978021978021978
d12f26f0-5b1bf0f619c49fd6,fc80cbe0-a7415db88a189acf,0.21739130434782608,0.27522935779816515
bb0949b3-2ee7bbd7615b6bc8,8c591975-fee3ed7b98c29d64,0.21728395061728395,0.6376811594202898
fdd85afb-78cf4d5f5887f202,20012377-c8b711b6bd0ca533,0.21725239616613418,0.37777777777777777
fdd85afb-78cf4d5f5887f202,079ad09e-aa293a47b55193eb,0.21725239616613418,0.37777777777777777
00c0b82a-a23297c71634ae34,c4d04ce7-a72b293277badd3e,0.2171945701357466,0.34285714285714286
68d422ec-8e2a4607563a1184,505f8562-153b80964f03522c,0.2171945701357466,0.3380281690140845
4f7af821-33eae9882a2e0752,be3b1289-427649625057af89,0.21717171717171718,0.7166666666666667
259c1ea4-23a087ca7861c1b5,fadc1365-f858db247859fe5f,0.21710526315789475,0.39285714285714285
5e8d1aaa-dfb1ced6b91ff94d,08b9908d-2314ade53a73911d,0.21708542713567838,0.8307692307692308
c1fef98f-50ede0b8704be38a,351c9206-26c578b98ea64fce,0.21694378463974665,0.5269230769230769
c1fef98f-50ede0b8704be38a,2b9dfed3-26c578b98ea64fce,0.21694378463974665,0.5269230769230769
28c2d81a-3eecc566cc4a7785,ec607ca1-4289fcb0a79e3456,0.21686746987951808,0.47368421052631576
968c1e7e-af09f49d4848ad95,04df7bb8-03b9893bdab1344d,0.21674876847290642,0.43564356435643564
3380fa52-397c19efc6ec4545,20012377-c8b711b6bd0ca533,0.21671826625386997,0.35
3380fa52-397c19efc6ec4545,079ad09e-aa293a47b55193eb,0.21671826625386997,0.35
4f7af821-33eae9882a2e0752,505f8562-153b80964f03522c,0.21666666666666667,0.65
4d25818e-e9fd9bc48a79af0b,505f8562-153b80964f03522c,0.21666666666666667,0.65
df594a00-6c0978a0f56b9ed7,505f8562-153b80964f03522c,0.21649484536082475,0.4772727272727273
df594a00-6c0978a0f56b9ed7,4548305b-08b9f6e926231e7f,0.2164705882352941,0.5227272727272727
df594a00-6c0978a0f56b9ed7,4548305b-6b2cbf197d80b87c,0.2164705882352941,0.5227272727272727
d12f26f0-5b1bf0f619c49fd6,48993e07-b7b5015b1aebd2a4,0.21634615384615385,0.41284403669724773
ba9b94f7-6947cf384b45cdcc,e6a6e318-96fd4026eb65edf5,0.21621621621621623,0.2831858407079646
4f7af821-33eae9882a2e0752,b6724dd9-caf9b13758ca6852,0.21621621621621623,0.3333333333333333
268eb6c6-84e03a0110527cca,ec607ca1-4289fcb0a79e3456,0.21621621621621623,0.4444444444444444
8f778337-feb0d359ab443e78,be3b1289-427649625057af89,0.215962441314554,0.5111111111111111
fdd85afb-78cf4d5f5887f202,c4d04ce7-a72b293277badd3e,0.2157676348547718,0.28888888888888886
ba9b94f7-6947cf384b45cdcc,8639f6c6-3f6123942d64b527,0.2157676348547718,0.23008849557522124
2f8c3bf3-e73d8329c1717cd5,68d422ec-8e2a4607563a1184,0.21568627450980393,0.3548387096774194
f28b8cb4-bb917f979b8b1e5f,4548305b-08b9f6e926231e7f,0.21559633027522937,0.47474747474747475
f28b8cb4-bb917f979b8b1e5f,4548305b-6b2cbf197d80b87c,0.21559633027522937,0.47474747474747475
67241a76-01f04ac4b7fe3063,1ea771ea-6c6d54874f73ad39,0.21548821548821548,0.34408602150537637
00c0b82a-a23297c71634ae34,b6724dd9-caf9b13758ca6852,0.2153846153846154,0.3
68d422ec-8e2a4607563a1184,96cd6ee9-d775b6062424ec71,0.2153846153846154,0.39436619718309857
fcbe7917-527b4c7bcd90e160,5e8d1aaa-dfb1ced6b91ff94d,0.21524663677130046,0.25806451612903225
56a90e79-16bd8e2b99bf96c1,f339ef6f-45aadddb6e5b087e,0.21498371335504887,0.4647887323943662
df594a00-6c0978a0f56b9ed7,a7894e0b-0202afc2359426ca,0.21487603305785125,0.29545454545454547
4f7af821-33eae9882a2e0752,96cd6ee9-d775b6062424ec71,0.2146118721461187,0.7833333333333333
80c384e4-af35838eb0b75e7d,4548305b-08b9f6e926231e7f,0.2144638403990025,0.671875
80c384e4-af35838eb0b75e7d,4548305b-6b2cbf197d80b87c,0.2144638403990025,0.671875
967b67b0-b5ba1c50df880f8d,4548305b-08b9f6e926231e7f,0.2144638403990025,0.671875
967b67b0-b5ba1c50df880f8d,4548305b-6b2cbf197d80b87c,0.2144638403990025,0.671875
268eb6c6-84e03a0110527cca,fa484fdd-937c6feffc490cb9,0.21428571428571427,0.25
ba9b94f7-6947cf384b45cdcc,48993e07-b7b5015b1aebd2a4,0.21428571428571427,0.39823008849557523
c0aa6246-12d3d767c8ca9064,351c9206-26c578b98ea64fce,0.214227309893704,0.5954545454545455
c0aa6246-12d3d767c8ca9064,2b9dfed3-26c578b98ea64fce,0.214227309893704,0.5954545454545455
c4d04ce7-a72b293277badd3e,48993e07-b7b5015b1aebd2a4,0.21397379912663755,0.32450331125827814
e7024f3e-583cf3dd9bb3e76a,0b5cff5a-85797cc0b56a2e03,0.21390374331550802,0.2898550724637681
1a400c1b-b126c6bfaffaf3ae,6045e5d1-bd381059561ccf48,0.21379310344827587,0.2198581560283688
1a400c1b-b126c6bfaffaf3ae,3cbcb1cc-c51e30d914c3957c,0.21379310344827587,0.2198581560283688
259c1ea4-23a087ca7861c1b5,4548305b-08b9f6e926231e7f,0.21377672209026127,0.5357142857142857
259c1ea4-23a087ca7861c1b5,4548305b-6b2cbf197d80b87c,0.21377672209026127,0.5357142857142857
e1a5831a-c8275bfedd968e8c,968c1e7e-af09f49d4848ad95,0.21352313167259787,0.379746835443038
ba9b94f7-6947cf384b45cdcc,0048a372-7b27dc892c2c87b5,0.2134387351778656,0.23893805309734514
80c384e4-af35838eb0b75e7d,f339ef6f-45aadddb6e5b087e,0.21333333333333335,0.5
967b67b0-b5ba1c50df880f8d,f339ef6f-45aadddb6e5b087e,0.21333333333333335,0.5
3c667d4f-524cd7f06bda5cb0,a3abac01-a5aaba77aa0fc76b,0.2132564841498559,0.6271186440677966
71c7ac71-104324308e29828f,b9219544-92e2cc883e24a750,0.21301775147928995,0.3185840707964602
bb0949b3-2ee7bbd7615b6bc8,a3abac01-a5aaba77aa0fc76b,0.21288515406162464,0.5507246376811594
48c5f745-a816068dedd9d00e,a3abac01-a5aaba77aa0fc76b,0.21285140562248997,0.2523809523809524
e7024f3e-583cf3dd9bb3e76a,7ae0cb0d-94a5a65427bbd458,0.2127659574468085,0.21739130434782608
9fd33d5a-211f949777137364,c220c822-481cdf45cef307f8,0.2127659574468085,0.4326923076923077
3c667d4f-524cd7f06bda5cb0,8c591975-fee3ed7b98c29d64,0.21265822784810126,0.711864406779661
6045e5d1-bd381059561ccf48,96cd6ee9-d775b6062424ec71,0.2125237191650854,0.37583892617449666
3cbcb1cc-c51e30d914c3957c,96cd6ee9-d775b6062424ec71,0.2125237191650854,0.37583892617449666
fcbe7917-527b4c7bcd90e160,28c2d81a-3eecc566cc4a7785,0.21238938053097345,0.25806451612903225
e7024f3e-583cf3dd9bb3e76a,a7894e0b-0202afc2359426ca,0.21232876712328766,0.2246376811594203
80c384e4-af35838eb0b75e7d,10bbe9de-263f759c42a0c822,0.21224489795918366,0.40625
967b67b0-b5ba1c50df880f8d,10bbe9de-263f759c42a0c822,0.21224489795918366,0.40625
85125ecb-9e82c9bd9bfb85aa,08b9908d-2314ade53a73911d,0.21223857474825716,0.3215962441314554
4f7af821-33eae9882a2e0752,8c591975-fee3ed7b98c29d64,0.21212121212121213,0.7
505f8562-153b80964f03522c,85125ecb-9e82c9bd9bfb85aa,0.21212121212121213,0.25666666666666665
b505f95e-844ad4d8e01b16fb,1ea771ea-6c6d54874f73ad39,0.21203438395415472,0.25517241379310346
9fd33d5a-211f949777137364,ba9b94f7-6947cf384b45cdcc,0.2119815668202765,0.22115384615384615
f28b8cb4-bb917f979b8b1e5f,a3abac01-a5aaba77aa0fc76b,0.21188630490956073,0.41414141414141414
bb0949b3-2ee7bbd7615b6bc8,fc80cbe0-a7415db88a189acf,0.211864406779661,0.36231884057971014
1be078c4-472929b651186639,351c9206-26c578b98ea64fce,0.21176470588235294,0.6737967914438503
1be078c4-472929b651186639,2b9dfed3-26c578b98ea64fce,0.21176470588235294,0.6737967914438503
ba9b94f7-6947cf384b45cdcc,68d422ec-8e2a4607563a1184,0.21176470588235294,0.23893805309734514
3c667d4f-524cd7f06bda5cb0,c220c822-481cdf45cef307f8,0.21164021164021163,0.6779661016949152
7ae0cb0d-94a5a65427bbd458,6045e5d1-bd381059561ccf48,0.21160409556313994,0.2152777777777778
7ae0cb0d-94a5a65427bbd458,3cbcb1cc-c51e30d914c3957c,0.21160409556313994,0.2152777777777778
2f8c3bf3-e73d8329c1717cd5,a3abac01-a5aaba77aa0fc76b,0.21142857142857144,0.5967741935483871
d12f26f0-5b1bf0f619c49fd6,04df7bb8-03b9893bdab1344d,0.2114047287899861,0.6972477064220184
9fd33d5a-211f949777137364,68d422ec-8e2a4607563a1184,0.21138211382113822,0.25
e1a5831a-c8275bfedd968e8c,fc80cbe0-a7415db88a189acf,0.21138211382113822,0.3291139240506329
00c0b82a-a23297c71634ae34,5288afb7-d4163ec84d18479e,0.2111801242236025,0.24285714285714285
e7024f3e-583cf3dd9bb3e76a,c1fef98f-50ede0b8704be38a,0.21105527638190955,0.30434782608695654
c57a973e-819a66b366a8be16,e7024f3e-583cf3dd9bb3e76a,0.2109375,0.2288135593220339
953ac418-8f7cfb9d58d993fd,f339ef6f-45aadddb6e5b087e,0.21081081081081082,0.291044776119403
7ae0cb0d-94a5a65427bbd458,85125ecb-9e82c9bd9bfb85aa,0.21052631578947367,0.4166666666666667
df594a00-6c0978a0f56b9ed7,312d9460-0ef5b2ece009b5fd,0.21052631578947367,0.22727272727272727
f870e76b-d3836deeb4de0406,953ac418-8f7cfb9d58d993fd,0.21052631578947367,0.21212121212121213
85125ecb-9e82c9bd9bfb85aa,ec607ca1-4289fcb0a79e3456,0.21052631578947367,0.215962441314554
4f7af821-33eae9882a2e0752,5e8d1aaa-dfb1ced6b91ff94d,0.21052631578947367,0.3333333333333333
fdd85afb-78cf4d5f5887f202,c220c822-481cdf45cef307f8,0.21026894865525672,0.4777777777777778
80c384e4-af35838eb0b75e7d,48993e07-b7b5015b1aebd2a4,0.21024258760107817,0.609375
967b67b0-b5ba1c50df880f8d,48993e07-b7b5015b1aebd2a4,0.21024258760107817,0.609375
68d422ec-8e2a4607563a1184,48c5f745-a816068dedd9d00e,0.21022727272727273,0.2605633802816901
ba9b94f7-6947cf384b45cdcc,268eb6c6-84e03a0110527cca,0.21011673151750973,0.23893805309734514
ba9b94f7-6947cf384b45cdcc,b6724dd9-caf9b13758ca6852,0.21008403361344538,0.22123893805309736
ea2fc2bc-8be44aae4b99d930,f5fb1b62-e0e35d308a40e712,0.21007194244604316,0.584
aaccc000-cd3027809553b409,6045e5d1-bd381059561ccf48,0.2100456621004566,0.32857142857142857
aaccc000-cd3027809553b409,3cbcb1cc-c51e30d914c3957c,0.2100456621004566,0.32857142857142857
68d422ec-8e2a4607563a1184,8c591975-fee3ed7b98c29d64,0.20920502092050208,0.352112676056338
fc80cbe0-a7415db88a189acf,b9219544-92e2cc883e24a750,0.20918367346938777,0.24550898203592814
2b2d3b84-50128d26a6131abb,08b9908d-2314ade53a73911d,0.20904522613065327,0.8
8a39dbf5-7b2cf69c607f33e8,505f8562-153b80964f03522c,0.208955223880597,0.4117647058823529
ff3283cf-ba41bd70d21a035e,505f8562-153b80964f03522c,0.208955223880597,0.4117647058823529
80c384e4-af35838eb0b75e7d,505f8562-153b80964f03522c,0.2087912087912088,0.59375
967b67b0-b5ba1c50df880f8d,505f8562-153b80964f03522c,0.2087912087912088,0.59375
ba9b94f7-6947cf384b45cdcc,e18ae6a1-25d9c5607673aa1b,0.20869565217391303,0.21238938053097345
67241a76-01f04ac4b7fe3063,505f8562-153b80964f03522c,0.20865139949109415,0.44086021505376344
e7024f3e-583cf3dd9bb3e76a,f339ef6f-45aadddb6e5b087e,0.20855614973262032,0.2826086956521739
c57a973e-819a66b366a8be16,ec607ca1-4289fcb0a79e3456,0.20848056537102475,0.5
a4e1511a-bea2751ccbd782bf,b9219544-92e2cc883e24a750,0.2084507042253521,0.2846153846153846
259c1ea4-23a087ca7861c1b5,1ea771ea-6c6d54874f73ad39,0.20833333333333334,0.35714285714285715
e1a5831a-c8275bfedd968e8c,ba9b94f7-6947cf384b45cdcc,0.20833333333333334,0.25316455696202533
b6724dd9-caf9b13758ca6852,8c591975-fee3ed7b98c29d64,0.20824295010845986,0.384
80c384e4-af35838eb0b75e7d,85125ecb-9e82c9bd9bfb85aa,0.20816326530612245,0.796875
967b67b0-b5ba1c50df880f8d,85125ecb-9e82c9bd9bfb85aa,0.20816326530612245,0.796875
28c2d81a-3eecc566cc4a7785,ed37ba7d-fa359dc6c74dfbfa,0.2081447963800905,0.6917293233082706
a7894e0b-0202afc2359426ca,fa484fdd-937c6feffc490cb9,0.20809248554913296,0.23376623376623376
8a39dbf5-7b2cf69c607f33e8,b9219544-92e2cc883e24a750,0.20795107033639143,0.3333333333333333
ff3283cf-ba41bd70d21a035e,b9219544-92e2cc883e24a750,0.20795107033639143,0.3333333333333333
e7024f3e-583cf3dd9bb3e76a,1a400c1b-b126c6bfaffaf3ae,0.2078853046594982,0.21014492753623187
68d422ec-8e2a4607563a1184,85125ecb-9e82c9bd9bfb85aa,0.20774647887323944,0.4154929577464789
fdd85afb-78cf4d5f5887f202,67241a76-01f04ac4b7fe3063,0.20765027322404372,0.2111111111111111
bb0949b3-2ee7bbd7615b6bc8,be3b1289-427649625057af89,0.2074074074074074,0.6086956521739131
fcbe7917-527b4c7bcd90e160,1be078c4-472929b651186639,0.20714285714285716,0.3118279569892473
df594a00-6c0978a0f56b9ed7,fa484fdd-937c6feffc490cb9,0.20714285714285716,0.32954545454545453
8639f6c6-3f6123942d64b527,48c5f745-a816068dedd9d00e,0.20710059171597633,0.2734375
4d25818e-e9fd9bc48a79af0b,8c591975-fee3ed7b98c29d64,0.20707070707070707,0.6833333333333333
c220c822-481cdf45cef307f8,f5fb1b62-e0e35d308a40e712,0.20697412823397077,0.2884012539184953
4f7af821-33eae9882a2e0752,a3abac01-a5aaba77aa0fc76b,0.20689655172413793,0.6
e18ae6a1-25d9c5607673aa1b,f5fb1b62-e0e35d308a40e712,0.2066957787481805,0.6068376068376068
b6724dd9-caf9b13758ca6852,1ea771ea-6c6d54874f73ad39,0.2066869300911854,0.272
fdd85afb-78cf4d5f5887f202,10bbe9de-263f759c42a0c822,0.2066420664206642,0.3111111111111111
f870e76b-d3836deeb4de0406,08b9908d-2314ade53a73911d,0.20661985957873621,0.7803030303030303
f339ef6f-45aadddb6e5b087e,351c9206-26c578b98ea64fce,0.2066182405165456,0.5423728813559322
f339ef6f-45aadddb6e5b087e,2b9dfed3-26c578b98ea64fce,0.2066182405165456,0.5423728813559322
df594a00-6c0978a0f56b9ed7,b6724dd9-caf9b13758ca6852,0.20657276995305165,0.25
259c1ea4-23a087ca7861c1b5,3380fa52-397c19efc6ec4545,0.20652173913043478,0.2261904761904762
80c384e4-af35838eb0b75e7d,5288afb7-d4163ec84d18479e,0.2064516129032258,0.25
967b67b0-b5ba1c50df880f8d,5288afb7-d4163ec84d18479e,0.2064516129032258,0.25
56a90e79-16bd8e2b99bf96c1,48993e07-b7b5015b1aebd2a4,0.20634920634920634,0.5492957746478874
bb0949b3-2ee7bbd7615b6bc8,b6724dd9-caf9b13758ca6852,0.20618556701030927,0.2898550724637681
268eb6c6-84e03a0110527cca,08b9908d-2314ade53a73911d,0.20614469772051536,0.7222222222222222
8f778337-feb0d359ab443e78,4548305b-08b9f6e926231e7f,0.20608899297423888,0.4888888888888889
8f778337-feb0d359ab443e78,4548305b-6b2cbf197d80b87c,0.20608899297423888,0.4888888888888889
00c0b82a-a23297c71634ae34,c1fef98f-50ede0b8704be38a,0.20606060606060606,0.4857142857142857
8f778337-feb0d359ab443e78,c1fef98f-50ede0b8704be38a,0.2057142857142857,0.4
56a90e79-16bd8e2b99bf96c1,c1fef98f-50ede0b8704be38a,0.2054380664652568,0.4788732394366197
aaccc000-cd3027809553b409,505f8562-153b80964f03522c,0.20540540540540542,0.5428571428571428
8a39dbf5-7b2cf69c607f33e8,810cf242-6c100eed34676e90,0.20535714285714285,0.22549019607843138
ff3283cf-ba41bd70d21a035e,810cf242-6c100eed34676e90,0.20535714285714285,0.22549019607843138
fc80cbe0-a7415db88a189acf,20012377-c8b711b6bd0ca533,0.20512820512820512,0.23952095808383234
fc80cbe0-a7415db88a189acf,079ad09e-aa293a47b55193eb,0.20512820512820512,0.23952095808383234
2b2d3b84-50128d26a6131abb,85125ecb-9e82c9bd9bfb85aa,0.20503597122302158,0.43846153846153846
e7024f3e-583cf3dd9bb3e76a,20012377-c8b711b6bd0ca533,0.20498614958448755,0.26811594202898553
e7024f3e-583cf3dd9bb3e76a,079ad09e-aa293a47b55193eb,0.20498614958448755,0.26811594202898553
e7024f3e-583cf3dd9bb3e76a,b505f95e-844ad4d8e01b16fb,0.2049469964664311,0.21014492753623187
fcbe7917-527b4c7bcd90e160,c4d04ce7-a72b293277badd3e,0.20491803278688525,0.26881720430107525
71c7ac71-104324308e29828f,8c591975-fee3ed7b98c29d64,0.20489977728285078,0.40707964601769914
71c7ac71-104324308e29828f,be3b1289-427649625057af89,0.20489977728285078,0.40707964601769914
0048a372-7b27dc892c2c87b5,fa484fdd-937c6feffc490cb9,0.20481927710843373,0.24285714285714285
5288afb7-d4163ec84d18479e,953ac418-8f7cfb9d58d993fd,0.20444444444444446,0.25274725274725274
8a39dbf5-7b2cf69c607f33e8,c1fef98f-50ede0b8704be38a,0.20441988950276244,0.3627450980392157
ff3283cf-ba41bd70d21a035e,c1fef98f-50ede0b8704be38a,0.20441988950276244,0.3627450980392157
0fdc80c5-eb4012f9f5755db9,ec607ca1-4289fcb0a79e3456,0.20430107526881722,0.5181818181818182
c4d04ce7-a72b293277badd3e,c220c822-481cdf45cef307f8,0.20425531914893616,0.31788079470198677
b6724dd9-caf9b13758ca6852,04df7bb8-03b9893bdab1344d,0.20408163265306123,0.6
968c1e7e-af09f49d4848ad95,48c5f745-a816068dedd9d00e,0.20388349514563106,0.2079207920792079
fcbe7917-527b4c7bcd90e160,96cd6ee9-d775b6062424ec71,0.20382165605095542,0.5161290322580645
b9219544-92e2cc883e24a750,08b9908d-2314ade53a73911d,0.2036697247706422,0.49333333333333335
0adb1ee5-3b312e6358ac7282,351c9206-26c578b98ea64fce,0.20358306188925082,0.5555555555555556
0adb1ee5-3b312e6358ac7282,2b9dfed3-26c578b98ea64fce,0.20358306188925082,0.5555555555555556
e1a5831a-c8275bfedd968e8c,4fb09c5f-6bd800fac7ff4f8e,0.20350877192982456,0.3670886075949367
85125ecb-9e82c9bd9bfb85aa,04df7bb8-03b9893bdab1344d,0.20270270270270271,0.24647887323943662
8f778337-feb0d359ab443e78,4fb09c5f-6bd800fac7ff4f8e,0.20270270270270271,0.3333333333333333
10bbe9de-263f759c42a0c822,08b9908d-2314ade53a73911d,0.20267686424474188,0.585635359116022
fcbe7917-527b4c7bcd90e160,268eb6c6-84e03a0110527cca,0.20253164556962025,0.25806451612903225
f339ef6f-45aadddb6e5b087e,85125ecb-9e82c9bd9bfb85aa,0.20241691842900303,0.2838983050847458
8639f6c6-3f6123942d64b527,6045e5d1-bd381059561ccf48,0.20216606498194944,0.21875
8639f6c6-3f6123942d64b527,3cbcb1cc-c51e30d914c3957c,0.20216606498194944,0.21875
68d422ec-8e2a4607563a1184,b505f95e-844ad4d8e01b16fb,0.20209059233449478,0.20422535211267606
71c7ac71-104324308e29828f,f5fb1b62-e0e35d308a40e712,0.2020497803806735,0.6106194690265486
aaccc000-cd3027809553b409,be3b1289-427649625057af89,0.2019704433497537,0.5857142857142857
b6724dd9-caf9b13758ca6852,fa484fdd-937c6feffc490cb9,0.20189274447949526,0.256
9fd33d5a-211f949777137364,20012377-c8b711b6bd0ca533,0.2018348623853211,0.3173076923076923
9fd33d5a-211f949777137364,079ad09e-aa293a47b55193eb,0.2018348623853211,0.3173076923076923
d77f722c-795a62abdcc8fb0e,08b9908d-2314ade53a73911d,0.2017982017982018,0.7426470588235294
10bbe9de-263f759c42a0c822,ed37ba7d-fa359dc6c74dfbfa,0.2017167381974249,0.5193370165745856
3380fa52-397c19efc6ec4545,85125ecb-9e82c9bd9bfb85aa,0.20152091254752852,0.53
aaccc000-cd3027809553b409,4548305b-08b9f6e926231e7f,0.20147420147420148,0.5857142857142857
aaccc000-cd3027809553b409,4548305b-6b2cbf197d80b87c,0.20147420147420148,0.5857142857142857
d77f722c-795a62abdcc8fb0e,68d422ec-8e2a4607563a1184,0.2014388489208633,0.20588235294117646
4d25818e-e9fd9bc48a79af0b,a3abac01-a5aaba77aa0fc76b,0.20114942528735633,0.5833333333333334
d12f26f0-5b1bf0f619c49fd6,ec607ca1-4289fcb0a79e3456,0.20107719928186715,0.5137614678899083
8f778337-feb0d359ab443e78,a3abac01-a5aaba77aa0fc76b,0.20105820105820105,0.4222222222222222
5288afb7-d4163ec84d18479e,e7024f3e-583cf3dd9bb3e76a,0.20087336244541484,0.25274725274725274
ee270b2a-4a0d00c96498d123,85125ecb-9e82c9bd9bfb85aa,0.20080321285140562,0.6944444444444444
5e8d1aaa-dfb1ced6b91ff94d,ec607ca1-4289fcb0a79e3456,0.20069204152249134,0.4461538461538462
259c1ea4-23a087ca7861c1b5,b9219544-92e2cc883e24a750,0.20064724919093851,0.36904761904761907
ba9b94f7-6947cf384b45cdcc,4fb09c5f-6bd800fac7ff4f8e,0.2006269592476489,0.2831858407079646
2f8c3bf3-e73d8329c1717cd5,48993e07-b7b5015b1aebd2a4,0.2005420054200542,0.5967741935483871
4f7af821-33eae9882a2e0752,c220c822-481cdf45cef307f8,0.20052770448548812,0.6333333333333333
1ea771ea-6c6d54874f73ad39,351c9206-26c578b98ea64fce,0.20049710024855014,0.5931372549019608
1ea771ea-6c6d54874f73ad39,2b9dfed3-26c578b98ea64fce,0.20049710024855014,0.5931372549019608
9fd33d5a-211f949777137364,4fb09c5f-6bd800fac7ff4f8e,0.2,0.2980769230769231
259c1ea4-23a087ca7861c1b5,be3b1289-427649625057af89,0.2,0.5
8f778337-feb0d359ab443e78,5e8d1aaa-dfb1ced6b91ff94d,0.2,0.24444444444444444
a8e2cefc-63afc29d990cf7ec,48993e07-b7b5015b1aebd2a4,0.2,0.3146853146853147
5288afb7-d4163ec84d18479e,bdfe8110-0d155952e4001c71,0.2,0.23076923076923078
5288afb7-d4163ec84d18479e,11c2ab99-79ea707e2165e2bd,0.2,0.23076923076923078
268eb6c6-84e03a0110527cca,48993e07-b7b5015b1aebd2a4,0.19955654101995565,0.3125
10bbe9de-263f759c42a0c822,48c5f745-a816068dedd9d00e,0.19948849104859334,0.2154696132596685
4f7af821-33eae9882a2e0752,10bbe9de-263f759c42a0c822,0.1991701244813278,0.4
8f778337-feb0d359ab443e78,1a400c1b-b126c6bfaffaf3ae,0.19913419913419914,0.25555555555555554
ba9b94f7-6947cf384b45cdcc,c57a973e-819a66b366a8be16,0.19913419913419914,0.20353982300884957
312d9460-0ef5b2ece009b5fd,bdfe8110-0d155952e4001c71,0.19909502262443438,0.21568627450980393
312d9460-0ef5b2ece009b5fd,11c2ab99-79ea707e2165e2bd,0.19909502262443438,0.21568627450980393
df594a00-6c0978a0f56b9ed7,ba9b94f7-6947cf384b45cdcc,0.19900497512437812,0.22727272727272727
e6a6e318-96fd4026eb65edf5,351c9206-26c578b98ea64fce,0.19898819561551434,0.644808743169399
e6a6e318-96fd4026eb65edf5,2b9dfed3-26c578b98ea64fce,0.19898819561551434,0.644808743169399
8f778337-feb0d359ab443e78,fa484fdd-937c6feffc490cb9,0.19858156028368795,0.3111111111111111
fdd85afb-78cf4d5f5887f202,68d422ec-8e2a4607563a1184,0.19827586206896552,0.25555555555555554
ba9b94f7-6947cf384b45cdcc,c0aa6246-12d3d767c8ca9064,0.1981981981981982,0.2920353982300885
df594a00-6c0978a0f56b9ed7,0adb1ee5-3b312e6358ac7282,0.19808306709265175,0.3522727272727273
e7024f3e-583cf3dd9bb3e76a,ec607ca1-4289fcb0a79e3456,0.19795221843003413,0.42028985507246375
bb0949b3-2ee7bbd7615b6bc8,ba9b94f7-6947cf384b45cdcc,0.1978021978021978,0.2608695652173913
0048a372-7b27dc892c2c87b5,ed37ba7d-fa359dc6c74dfbfa,0.19753086419753085,0.6285714285714286
fc80cbe0-a7415db88a189acf,c220c822-481cdf45cef307f8,0.19753086419753085,0.2874251497005988
3380fa52-397c19efc6ec4545,a8e2cefc-63afc29d990cf7ec,0.19753086419753085,0.24
5288afb7-d4163ec84d18479e,20012377-c8b711b6bd0ca533,0.19745222929936307,0.34065934065934067
5288afb7-d4163ec84d18479e,079ad09e-aa293a47b55193eb,0.19745222929936307,0.34065934065934067
a8e2cefc-63afc29d990cf7ec,fa484fdd-937c6feffc490cb9,0.19701492537313434,0.23076923076923078
3380fa52-397c19efc6ec4545,a7894e0b-0202afc2359426ca,0.1968503937007874,0.25
312d9460-0ef5b2ece009b5fd,68d422ec-8e2a4607563a1184,0.19672131147540983,0.23529411764705882
3380fa52-397c19efc6ec4545,96cd6ee9-d775b6062424ec71,0.19665271966527198,0.47
0adb1ee5-3b312e6358ac7282,85125ecb-9e82c9bd9bfb85aa,0.1966205837173579,0.28444444444444444
fcbe7917-527b4c7bcd90e160,968c1e7e-af09f49d4848ad95,0.19661016949152543,0.3118279569892473
68d422ec-8e2a4607563a1184,ec607ca1-4289fcb0a79e3456,0.19661016949152543,0.4084507042253521
fa484fdd-937c6feffc490cb9,4548305b-08b9f6e926231e7f,0.19659735349716445,0.2708333333333333
fa484fdd-937c6feffc490cb9,4548305b-6b2cbf197d80b87c,0.19659735349716445,0.2708333333333333
f870e76b-d3836deeb4de0406,ec607ca1-4289fcb0a79e3456,0.19655172413793104,0.4318181818181818
56a90e79-16bd8e2b99bf96c1,ec607ca1-4289fcb0a79e3456,0.19653179190751446,0.7183098591549296
68d422ec-8e2a4607563a1184,1ea771ea-6c6d54874f73ad39,0.19653179190751446,0.23943661971830985
268eb6c6-84e03a0110527cca,85125ecb-9e82c9bd9bfb85aa,0.19649122807017544,0.3888888888888889
28c2d81a-3eecc566cc4a7785,08b9908d-2314ade53a73911d,0.1963927855711423,0.7368421052631579
953ac418-8f7cfb9d58d993fd,fa484fdd-937c6feffc490cb9,0.19631901840490798,0.23880597014925373
fa484fdd-937c6feffc490cb9,f339ef6f-45aadddb6e5b087e,0.19626168224299065,0.21875
ee270b2a-4a0d00c96498d123,be3b1289-427649625057af89,0.19607843137254902,0.5555555555555556
2f8c3bf3-e73d8329c1717cd5,be3b1289-427649625057af89,0.19597989949748743,0.6290322580645161
4d25818e-e9fd9bc48a79af0b,f339ef6f-45aadddb6e5b087e,0.19594594594594594,0.48333333333333334
8a39dbf5-7b2cf69c607f33e8,4548305b-08b9f6e926231e7f,0.1958997722095672,0.4215686274509804
8a39dbf5-7b2cf69c607f33e8,4548305b-6b2cbf197d80b87c,0.1958997722095672,0.4215686274509804
ff3283cf-ba41bd70d21a035e,4548305b-08b9f6e926231e7f,0.1958997722095672,0.4215686274509804
f870e76b-d3836deeb4de0406,48993e07-b7b5015b1aebd2a4,0.1958997722095672,0.32575757575757575
ff3283cf-ba41bd70d21a035e,4548305b-6b2cbf197d80b87c,0.1958997722095672,0.4215686274509804
80c384e4-af35838eb0b75e7d,5e8d1aaa-dfb1ced6b91ff94d,0.1958762886597938,0.296875
967b67b0-b5ba1c50df880f8d,5e8d1aaa-dfb1ced6b91ff94d,0.1958762886597938,0.296875
68d422ec-8e2a4607563a1184,f339ef6f-45aadddb6e5b087e,0.19576719576719576,0.2605633802816901
fcbe7917-527b4c7bcd90e160,f870e76b-d3836deeb4de0406,0.19555555555555557,0.23655913978494625
2f8c3bf3-e73d8329c1717cd5,4548305b-08b9f6e926231e7f,0.19548872180451127,0.6290322580645161
2f8c3bf3-e73d8329c1717cd5,4548305b-6b2cbf197d80b87c,0.19548872180451127,0.6290322580645161
56a90e79-16bd8e2b99bf96c1,a3abac01-a5aaba77aa0fc76b,0.19498607242339833,0.49295774647887325
ba9b94f7-6947cf384b45cdcc,0b5cff5a-85797cc0b56a2e03,0.19484240687679083,0.3008849557522124
3cf63146-6ee67beae368cb31,85125ecb-9e82c9bd9bfb85aa,0.19480519480519481,0.3157894736842105
259c1ea4-23a087ca7861c1b5,68d422ec-8e2a4607563a1184,0.19469026548672566,0.2619047619047619
e1a5831a-c8275bfedd968e8c,c1fef98f-50ede0b8704be38a,0.19469026548672566,0.4177215189873418
80c384e4-af35838eb0b75e7d,96cd6ee9-d775b6062424ec71,0.19457013574660634,0.671875
967b67b0-b5ba1c50df880f8d,96cd6ee9-d775b6062424ec71,0.19457013574660634,0.671875
67241a76-01f04ac4b7fe3063,f339ef6f-45aadddb6e5b087e,0.1945288753799392,0.34408602150537637
d12f26f0-5b1bf0f619c49fd6,85125ecb-9e82c9bd9bfb85aa,0.19439252336448598,0.47706422018348627
259c1ea4-23a087ca7861c1b5,5288afb7-d4163ec84d18479e,0.19428571428571428,0.20238095238095238
2f8c3bf3-e73d8329c1717cd5,4fb09c5f-6bd800fac7ff4f8e,0.19402985074626866,0.41935483870967744
1ea771ea-6c6d54874f73ad39,85125ecb-9e82c9bd9bfb85aa,0.19365079365079366,0.29901960784313725
c220c822-481cdf45cef307f8,351c9206-26c578b98ea64fce,0.19364599092284418,0.4012539184952978
c220c822-481cdf45cef307f8,2b9dfed3-26c578b98ea64fce,0.19364599092284418,0.4012539184952978
6045e5d1-bd381059561ccf48,20012377-c8b711b6bd0ca533,0.1935483870967742,0.24161073825503357
6045e5d1-bd381059561ccf48,079ad09e-aa293a47b55193eb,0.1935483870967742,0.24161073825503357
3cbcb1cc-c51e30d914c3957c,20012377-c8b711b6bd0ca533,0.1935483870967742,0.24161073825503357
3cbcb1cc-c51e30d914c3957c,079ad09e-aa293a47b55193eb,0.1935483870967742,0.24161073825503357
df594a00-6c0978a0f56b9ed7,8c591975-fee3ed7b98c29d64,0.19339622641509435,0.4659090909090909
8f6421f3-958f921ae60910fc,08b9908d-2314ade53a73911d,0.19328585961342828,0.8050847457627118
259c1ea4-23a087ca7861c1b5,a7894e0b-0202afc2359426ca,0.19327731092436976,0.27380952380952384
0048a372-7b27dc892c2c87b5,08b9908d-2314ade53a73911d,0.19303482587064677,0.6928571428571428
71c7ac71-104324308e29828f,85125ecb-9e82c9bd9bfb85aa,0.19294990723562153,0.46017699115044247
9fd33d5a-211f949777137364,f5fb1b62-e0e35d308a40e712,0.19287833827893175,0.625
e7024f3e-583cf3dd9bb3e76a,0adb1ee5-3b312e6358ac7282,0.1928374655647383,0.2536231884057971
f870e76b-d3836deeb4de0406,ed37ba7d-fa359dc6c74dfbfa,0.19252548131370328,0.6439393939393939
e1a5831a-c8275bfedd968e8c,4548305b-08b9f6e926231e7f,0.19230769230769232,0.5063291139240507
e1a5831a-c8275bfedd968e8c,10bbe9de-263f759c42a0c822,0.19230769230769232,0.31645569620253167
e1a5831a-c8275bfedd968e8c,4548305b-6b2cbf197d80b87c,0.19230769230769232,0.5063291139240507
810cf242-6c100eed34676e90,e7024f3e-583cf3dd9bb3e76a,0.19230769230769232,0.20491803278688525
67241a76-01f04ac4b7fe3063,fc80cbe0-a7415db88a189acf,0.19230769230769232,0.26881720430107525
6045e5d1-bd381059561ccf48,0b5cff5a-85797cc0b56a2e03,0.19220779220779222,0.2483221476510067
3cbcb1cc-c51e30d914c3957c,0b5cff5a-85797cc0b56a2e03,0.19220779220779222,0.2483221476510067
ba9b94f7-6947cf384b45cdcc,fadc1365-f858db247859fe5f,0.1921921921921922,0.2831858407079646
968c1e7e-af09f49d4848ad95,1ea771ea-6c6d54874f73ad39,0.1921182266009852,0.19306930693069307
bb0949b3-2ee7bbd7615b6bc8,4548305b-08b9f6e926231e7f,0.1921182266009852,0.5652173913043478
bb0949b3-2ee7bbd7615b6bc8,4548305b-6b2cbf197d80b87c,0.1921182266009852,0.5652173913043478
b505f95e-844ad4d8e01b16fb,08b9908d-2314ade53a73911d,0.19207920792079208,0.6689655172413793
fdd85afb-78cf4d5f5887f202,4548305b-08b9f6e926231e7f,0.1920374707259953,0.45555555555555555
fdd85afb-78cf4d5f5887f202,4548305b-6b2cbf197d80b87c,0.1920374707259953,0.45555555555555555
4fb09c5f-6bd800fac7ff4f8e,8c591975-fee3ed7b98c29d64,0.1918819188191882,0.2524271844660194
e7024f3e-583cf3dd9bb3e76a,4fb09c5f-6bd800fac7ff4f8e,0.19186046511627908,0.2391304347826087
e1a5831a-c8275bfedd968e8c,48993e07-b7b5015b1aebd2a4,0.19170984455958548,0.46835443037974683
20012377-c8b711b6bd0ca533,f5fb1b62-e0e35d308a40e712,0.19167717528373265,0.34080717488789236
079ad09e-aa293a47b55193eb,f5fb1b62-e0e35d308a40e712,0.19167717528373265,0.34080717488789236
268eb6c6-84e03a0110527cca,8c591975-fee3ed7b98c29d64,0.19166666666666668,0.3194444444444444
28c2d81a-3eecc566cc4a7785,6045e5d1-bd381059561ccf48,0.19148936170212766,0.20300751879699247
28c2d81a-3eecc566cc4a7785,3cbcb1cc-c51e30d914c3957c,0.19148936170212766,0.20300751879699247
8f778337-feb0d359ab443e78,48993e07-b7b5015b1aebd2a4,0.19143576826196473,0.4222222222222222
fcbe7917-527b4c7bcd90e160,48c5f745-a816068dedd9d00e,0.19141914191419143,0.3118279569892473
e1a5831a-c8275bfedd968e8c,5e8d1aaa-dfb1ced6b91ff94d,0.19138755980861244,0.25316455696202533
8639f6c6-3f6123942d64b527,08b9908d-2314ade53a73911d,0.19133937562940584,0.7421875
259c1ea4-23a087ca7861c1b5,fc80cbe0-a7415db88a189acf,0.19123505976095617,0.2857142857142857
fcbe7917-527b4c7bcd90e160,8c591975-fee3ed7b98c29d64,0.19114219114219114,0.44086021505376344
67241a76-01f04ac4b7fe3063,be3b1289-427649625057af89,0.19114219114219114,0.44086021505376344
bb0949b3-2ee7bbd7615b6bc8,a4e1511a-bea2751ccbd782bf,0.19095477386934673,0.2753623188405797
ba9b94f7-6947cf384b45cdcc,8f6421f3-958f921ae60910fc,0.19047619047619047,0.19469026548672566
8f778337-feb0d359ab443e78,0adb1ee5-3b312e6358ac7282,0.19047619047619047,0.3333333333333333
a8e2cefc-63afc29d990cf7ec,08b9908d-2314ade53a73911d,0.19047619047619047,0.6713286713286714
fdd85afb-78cf4d5f5887f202,b9219544-92e2cc883e24a750,0.19047619047619047,0.3333333333333333
48c5f745-a816068dedd9d00e,04df7bb8-03b9893bdab1344d,0.1902439024390244,0.37142857142857144
312d9460-0ef5b2ece009b5fd,0048a372-7b27dc892c2c87b5,0.19008264462809918,0.22549019607843138
00c0b82a-a23297c71634ae34,a3abac01-a5aaba77aa0fc76b,0.18994413407821228,0.4857142857142857
3c667d4f-524cd7f06bda5cb0,f339ef6f-45aadddb6e5b087e,0.18983050847457628,0.4745762711864407
5288afb7-d4163ec84d18479e,e6a6e318-96fd4026eb65edf5,0.1897810218978102,0.2857142857142857
df594a00-6c0978a0f56b9ed7,c1fef98f-50ede0b8704be38a,0.1896551724137931,0.375
9fd33d5a-211f949777137364,968c1e7e-af09f49d4848ad95,0.1895424836601307,0.27884615384615385
20012377-c8b711b6bd0ca533,351c9206-26c578b98ea64fce,0.18923327895595432,0.5201793721973094
20012377-c8b711b6bd0ca533,2b9dfed3-26c578b98ea64fce,0.18923327895595432,0.5201793721973094
079ad09e-aa293a47b55193eb,351c9206-26c578b98ea64fce,0.18923327895595432,0.5201793721973094
079ad09e-aa293a47b55193eb,2b9dfed3-26c578b98ea64fce,0.18923327895595432,0.5201793721973094
c220c822-481cdf45cef307f8,08b9908d-2314ade53a73911d,0.1891891891891892,0.3510971786833856
00c0b82a-a23297c71634ae34,ec607ca1-4289fcb0a79e3456,0.1891891891891892,0.7
67241a76-01f04ac4b7fe3063,a3abac01-a5aaba77aa0fc76b,0.1889763779527559,0.3870967741935484
1a400c1b-b126c6bfaffaf3ae,08b9908d-2314ade53a73911d,0.18886679920477137,0.6737588652482269
fcbe7917-527b4c7bcd90e160,0048a372-7b27dc892c2c87b5,0.1888412017167382,0.23655913978494625
67241a76-01f04ac4b7fe3063,0048a372-7b27dc892c2c87b5,0.1888412017167382,0.23655913978494625
c220c822-481cdf45cef307f8,ed37ba7d-fa359dc6c74dfbfa,0.18878504672897195,0.3166144200626959
259c1ea4-23a087ca7861c1b5,10bbe9de-263f759c42a0c822,0.18867924528301888,0.2976190476190476
ee270b2a-4a0d00c96498d123,ec607ca1-4289fcb0a79e3456,0.18846153846153846,0.6805555555555556
67241a76-01f04ac4b7fe3063,5e8d1aaa-dfb1ced6b91ff94d,0.18834080717488788,0.22580645161290322
a4e1511a-bea2751ccbd782bf,48c5f745-a816068dedd9d00e,0.18823529411764706,0.24615384615384617
68d422ec-8e2a4607563a1184,ed37ba7d-fa359dc6c74dfbfa,0.1881298992161254,0.5915492957746479
71c7ac71-104324308e29828f,04df7bb8-03b9893bdab1344d,0.18810511756569848,0.6017699115044248
68d422ec-8e2a4607563a1184,4548305b-08b9f6e926231e7f,0.18789144050104384,0.31690140845070425
68d422ec-8e2a4607563a1184,4548305b-6b2cbf197d80b87c,0.18789144050104384,0.31690140845070425
810cf242-6c100eed34676e90,ed37ba7d-fa359dc6c74dfbfa,0.18785796105383734,0.6721311475409836
10bbe9de-263f759c42a0c822,85125ecb-9e82c9bd9bfb85aa,0.18780889621087316,0.3149171270718232
810cf242-6c100eed34676e90,8c591975-fee3ed7b98c29d64,0.18777292576419213,0.3524590163934426
a7894e0b-0202afc2359426ca,8c591975-fee3ed7b98c29d64,0.18775510204081633,0.2987012987012987
7ae0cb0d-94a5a65427bbd458,ed37ba7d-fa359dc6c74dfbfa,0.1877094972067039,0.5833333333333334
68d422ec-8e2a4607563a1184,fc80cbe0-a7415db88a189acf,0.18770226537216828,0.20422535211267606
259c1ea4-23a087ca7861c1b5,505f8562-153b80964f03522c,0.1875,0.42857142857142855
8a39dbf5-7b2cf69c607f33e8,be3b1289-427649625057af89,0.1872146118721461,0.4019607843137255
ff3283cf-ba41bd70d21a035e,be3b1289-427649625057af89,0.1872146118721461,0.4019607843137255
6045e5d1-bd381059561ccf48,b9219544-92e2cc883e24a750,0.18716577540106952,0.2348993288590604
3cbcb1cc-c51e30d914c3957c,b9219544-92e2cc883e24a750,0.18716577540106952,0.2348993288590604
fdd85afb-78cf4d5f5887f202,c0aa6246-12d3d767c8ca9064,0.1870967741935484,0.32222222222222224
fcbe7917-527b4c7bcd90e160,c1fef98f-50ede0b8704be38a,0.18696883852691218,0.3548387096774194
f28b8cb4-bb917f979b8b1e5f,85125ecb-9e82c9bd9bfb85aa,0.18666666666666668,0.494949494949495
5288afb7-d4163ec84d18479e,c0aa6246-12d3d767c8ca9064,0.1864951768488746,0.31868131868131866
f28b8cb4-bb917f979b8b1e5f,ec607ca1-4289fcb0a79e3456,0.18647166361974407,0.5151515151515151
e7024f3e-583cf3dd9bb3e76a,f5fb1b62-e0e35d308a40e712,0.1864406779661017,0.4782608695652174
c57a973e-819a66b366a8be16,ed37ba7d-fa359dc6c74dfbfa,0.18642117376294592,0.6864406779661016
e1a5831a-c8275bfedd968e8c,b6724dd9-caf9b13758ca6852,0.18627450980392157,0.24050632911392406
c220c822-481cdf45cef307f8,be3b1289-427649625057af89,0.18625954198473282,0.19122257053291536
d12f26f0-5b1bf0f619c49fd6,e7024f3e-583cf3dd9bb3e76a,0.1862348178137652,0.21100917431192662
df594a00-6c0978a0f56b9ed7,968c1e7e-af09f49d4848ad95,0.18620689655172415,0.3068181818181818
a8e2cefc-63afc29d990cf7ec,ec607ca1-4289fcb0a79e3456,0.18612521150592218,0.38461538461538464
5288afb7-d4163ec84d18479e,fc80cbe0-a7415db88a189acf,0.18604651162790697,0.26373626373626374
bdfe8110-0d155952e4001c71,f5fb1b62-e0e35d308a40e712,0.18577648766328012,0.5378151260504201
11c2ab99-79ea707e2165e2bd,f5fb1b62-e0e35d308a40e712,0.18577648766328012,0.5378151260504201
c0aa6246-12d3d767c8ca9064,85125ecb-9e82c9bd9bfb85aa,0.18575851393188855,0.2727272727272727
8f778337-feb0d359ab443e78,9fd33d5a-211f949777137364,0.18556701030927836,0.2
d12f26f0-5b1bf0f619c49fd6,f5fb1b62-e0e35d308a40e712,0.18556701030927836,0.5779816513761468
f870e76b-d3836deeb4de0406,6045e5d1-bd381059561ccf48,0.18505338078291814,0.19696969696969696
f870e76b-d3836deeb4de0406,3cbcb1cc-c51e30d914c3957c,0.18505338078291814,0.19696969696969696
312d9460-0ef5b2ece009b5fd,b6724dd9-caf9b13758ca6852,0.18502202643171806,0.20588235294117646
810cf242-6c100eed34676e90,f5fb1b62-e0e35d308a40e712,0.18497109826589594,0.5245901639344263
8a39dbf5-7b2cf69c607f33e8,3cf63146-6ee67beae368cb31,0.18493150684931506,0.2647058823529412
a8e2cefc-63afc29d990cf7ec,6045e5d1-bd381059561ccf48,0.18493150684931506,0.1888111888111888
a8e2cefc-63afc29d990cf7ec,3cbcb1cc-c51e30d914c3957c,0.18493150684931506,0.1888111888111888
ff3283cf-ba41bd70d21a035e,3cf63146-6ee67beae368cb31,0.18493150684931506,0.2647058823529412
67241a76-01f04ac4b7fe3063,48c5f745-a816068dedd9d00e,0.1848184818481848,0.3010752688172043
d12f26f0-5b1bf0f619c49fd6,08b9908d-2314ade53a73911d,0.18480492813141683,0.8256880733944955
8f778337-feb0d359ab443e78,10bbe9de-263f759c42a0c822,0.18450184501845018,0.2777777777777778
68d422ec-8e2a4607563a1184,c4d04ce7-a72b293277badd3e,0.18430034129692832,0.19014084507042253
8a39dbf5-7b2cf69c607f33e8,968c1e7e-af09f49d4848ad95,0.18421052631578946,0.27450980392156865
ff3283cf-ba41bd70d21a035e,968c1e7e-af09f49d4848ad95,0.18421052631578946,0.27450980392156865
ee270b2a-4a0d00c96498d123,c220c822-481cdf45cef307f8,0.18414322250639387,0.5
ba9b94f7-6947cf384b45cdcc,505f8562-153b80964f03522c,0.18401937046004843,0.336283185840708
f28b8cb4-bb917f979b8b1e5f,be3b1289-427649625057af89,0.1839080459770115,0.40404040404040403
80c384e4-af35838eb0b75e7d,ec607ca1-4289fcb0a79e3456,0.18359375,0.734375
967b67b0-b5ba1c50df880f8d,ec607ca1-4289fcb0a79e3456,0.18359375,0.734375
fcbe7917-527b4c7bcd90e160,20012377-c8b711b6bd0ca533,0.18354430379746836,0.3118279569892473
fcbe7917-527b4c7bcd90e160,079ad09e-aa293a47b55193eb,0.18354430379746836,0.3118279569892473
df594a00-6c0978a0f56b9ed7,5e8d1aaa-dfb1ced6b91ff94d,0.1834862385321101,0.22727272727272727
5288afb7-d4163ec84d18479e,6045e5d1-bd381059561ccf48,0.18333333333333332,0.24175824175824176
5288afb7-d4163ec84d18479e,3cbcb1cc-c51e30d914c3957c,0.18333333333333332,0.24175824175824176
8f778337-feb0d359ab443e78,8c591975-fee3ed7b98c29d64,0.18309859154929578,0.43333333333333335
5288afb7-d4163ec84d18479e,1ea771ea-6c6d54874f73ad39,0.18305084745762712,0.2967032967032967
1a400c1b-b126c6bfaffaf3ae,48993e07-b7b5015b1aebd2a4,0.18303571428571427,0.2907801418439716
00c0b82a-a23297c71634ae34,f339ef6f-45aadddb6e5b087e,0.1830065359477124,0.4
a4e1511a-bea2751ccbd782bf,c0aa6246-12d3d767c8ca9064,0.18285714285714286,0.24615384615384617
f870e76b-d3836deeb4de0406,85125ecb-9e82c9bd9bfb85aa,0.1827956989247312,0.38636363636363635
3c667d4f-524cd7f06bda5cb0,6045e5d1-bd381059561ccf48,0.18269230769230768,0.3220338983050847
3c667d4f-524cd7f06bda5cb0,3cbcb1cc-c51e30d914c3957c,0.18269230769230768,0.3220338983050847
67241a76-01f04ac4b7fe3063,10bbe9de-263f759c42a0c822,0.18248175182481752,0.26881720430107525
259c1ea4-23a087ca7861c1b5,20012377-c8b711b6bd0ca533,0.18241042345276873,0.3333333333333333
259c1ea4-23a087ca7861c1b5,079ad09e-aa293a47b55193eb,0.18241042345276873,0.3333333333333333
9fd33d5a-211f949777137364,f339ef6f-45aadddb6e5b087e,0.18235294117647058,0.2980769230769231
b505f95e-844ad4d8e01b16fb,85125ecb-9e82c9bd9bfb85aa,0.18213660245183888,0.3586206896551724
4f7af821-33eae9882a2e0752,6045e5d1-bd381059561ccf48,0.18181818181818182,0.31666666666666665
4d25818e-e9fd9bc48a79af0b,6045e5d1-bd381059561ccf48,0.18181818181818182,0.31666666666666665
e7024f3e-583cf3dd9bb3e76a,04df7bb8-03b9893bdab1344d,0.18181818181818182,0.4927536231884058
e7024f3e-583cf3dd9bb3e76a,10bbe9de-263f759c42a0c822,0.18181818181818182,0.21014492753623187
5288afb7-d4163ec84d18479e,8f6421f3-958f921ae60910fc,0.18181818181818182,0.2087912087912088
ba9b94f7-6947cf384b45cdcc,c4d04ce7-a72b293277badd3e,0.18181818181818182,0.21238938053097345
4f7af821-33eae9882a2e0752,3cbcb1cc-c51e30d914c3957c,0.18181818181818182,0.31666666666666665
4d25818e-e9fd9bc48a79af0b,3cbcb1cc-c51e30d914c3957c,0.18181818181818182,0.31666666666666665
5288afb7-d4163ec84d18479e,c57a973e-819a66b366a8be16,0.18181818181818182,0.2087912087912088
bdfe8110-0d155952e4001c71,ed37ba7d-fa359dc6c74dfbfa,0.18160919540229886,0.6638655462184874
11c2ab99-79ea707e2165e2bd,ed37ba7d-fa359dc6c74dfbfa,0.18160919540229886,0.6638655462184874
00c0b82a-a23297c71634ae34,85125ecb-9e82c9bd9bfb85aa,0.1814516129032258,0.6428571428571429
fcbe7917-527b4c7bcd90e160,e6a6e318-96fd4026eb65edf5,0.18115942028985507,0.26881720430107525
259c1ea4-23a087ca7861c1b5,fa484fdd-937c6feffc490cb9,0.18115942028985507,0.2976190476190476
8a39dbf5-7b2cf69c607f33e8,1a400c1b-b126c6bfaffaf3ae,0.18106995884773663,0.21568627450980393
ff3283cf-ba41bd70d21a035e,1a400c1b-b126c6bfaffaf3ae,0.18106995884773663,0.21568627450980393
b505f95e-844ad4d8e01b16fb,c220c822-481cdf45cef307f8,0.1810344827586207,0.2896551724137931
5288afb7-d4163ec84d18479e,48993e07-b7b5015b1aebd2a4,0.18090452261306533,0.3956043956043956
8639f6c6-3f6123942d64b527,1ea771ea-6c6d54874f73ad39,0.18072289156626506,0.234375
ee270b2a-4a0d00c96498d123,c1fef98f-50ede0b8704be38a,0.18072289156626506,0.4166666666666667
fcbe7917-527b4c7bcd90e160,4fb09c5f-6bd800fac7ff4f8e,0.1806020066889632,0.2903225806451613
a8e2cefc-63afc29d990cf7ec,20012377-c8b711b6bd0ca533,0.18032786885245902,0.23076923076923078
a8e2cefc-63afc29d990cf7ec,079ad09e-aa293a47b55193eb,0.18032786885245902,0.23076923076923078
67241a76-01f04ac4b7fe3063,c4d04ce7-a72b293277badd3e,0.18032786885245902,0.23655913978494625
953ac418-8f7cfb9d58d993fd,04df7bb8-03b9893bdab1344d,0.18010752688172044,0.5
80c384e4-af35838eb0b75e7d,be3b1289-427649625057af89,0.18,0.5625
67241a76-01f04ac4b7fe3063,48993e07-b7b5015b1aebd2a4,0.18,0.3870967741935484
00c0b82a-a23297c71634ae34,5e8d1aaa-dfb1ced6b91ff94d,0.18,0.2571428571428571
967b67b0-b5ba1c50df880f8d,be3b1289-427649625057af89,0.18,0.5625
aaccc000-cd3027809553b409,c220c822-481cdf45cef307f8,0.17994858611825193,0.5
68d422ec-8e2a4607563a1184,be3b1289-427649625057af89,0.1799163179916318,0.3028169014084507
b6724dd9-caf9b13758ca6852,08b9908d-2314ade53a73911d,0.1797979797979798,0.712
ea2fc2bc-8be44aae4b99d930,68d422ec-8e2a4607563a1184,0.1797752808988764,0.192
8a39dbf5-7b2cf69c607f33e8,a8e2cefc-63afc29d990cf7ec,0.17959183673469387,0.21568627450980393
ff3283cf-ba41bd70d21a035e,a8e2cefc-63afc29d990cf7ec,0.17959183673469387,0.21568627450980393
67241a76-01f04ac4b7fe3063,1a400c1b-b126c6bfaffaf3ae,0.1794871794871795,0.22580645161290322
f870e76b-d3836deeb4de0406,8c591975-fee3ed7b98c29d64,0.1794871794871795,0.3181818181818182
3380fa52-397c19efc6ec4545,953ac418-8f7cfb9d58d993fd,0.1794871794871795,0.21
67241a76-01f04ac4b7fe3063,a4e1511a-bea2751ccbd782bf,0.17937219730941703,0.21505376344086022
a8e2cefc-63afc29d990cf7ec,85125ecb-9e82c9bd9bfb85aa,0.17926186291739896,0.35664335664335667
df594a00-6c0978a0f56b9ed7,be3b1289-427649625057af89,0.1792452830188679,0.4318181818181818
2b2d3b84-50128d26a6131abb,6045e5d1-bd381059561ccf48,0.17921146953405018,0.19230769230769232
2b2d3b84-50128d26a6131abb,3cbcb1cc-c51e30d914c3957c,0.17921146953405018,0.19230769230769232
0048a372-7b27dc892c2c87b5,48993e07-b7b5015b1aebd2a4,0.1789709172259508,0.2857142857142857
fcbe7917-527b4c7bcd90e160,c0aa6246-12d3d767c8ca9064,0.17891373801916932,0.3010752688172043
bdfe8110-0d155952e4001c71,08b9908d-2314ade53a73911d,0.17886178861788618,0.7394957983193278
11c2ab99-79ea707e2165e2bd,08b9908d-2314ade53a73911d,0.17886178861788618,0.7394957983193278
968c1e7e-af09f49d4848ad95,f5fb1b62-e0e35d308a40e712,0.17875647668393782,0.3415841584158416
953ac418-8f7cfb9d58d993fd,968c1e7e-af09f49d4848ad95,0.17857142857142858,0.22388059701492538
e1a5831a-c8275bfedd968e8c,ec607ca1-4289fcb0a79e3456,0.17836812144212524,0.5949367088607594
1a400c1b-b126c6bfaffaf3ae,c220c822-481cdf45cef307f8,0.1782608695652174,0.2907801418439716
ba9b94f7-6947cf384b45cdcc,3cf63146-6ee67beae368cb31,0.1782178217821782,0.23893805309734514
5e8d1aaa-dfb1ced6b91ff94d,c220c822-481cdf45cef307f8,0.17817371937639198,0.3076923076923077
68d422ec-8e2a4607563a1184,4fb09c5f-6bd800fac7ff4f8e,0.1781609195402299,0.21830985915492956
6045e5d1-bd381059561ccf48,f5fb1b62-e0e35d308a40e712,0.1780250347705146,0.42953020134228187
3cbcb1cc-c51e30d914c3957c,f5fb1b62-e0e35d308a40e712,0.1780250347705146,0.42953020134228187
259c1ea4-23a087ca7861c1b5,1a400c1b-b126c6bfaffaf3ae,0.17777777777777778,0.23809523809523808
fdd85afb-78cf4d5f5887f202,0adb1ee5-3b312e6358ac7282,0.17777777777777778,0.3111111111111111
bb0949b3-2ee7bbd7615b6bc8,85125ecb-9e82c9bd9bfb85aa,0.17777777777777778,0.6376811594202898
f870e76b-d3836deeb4de0406,e7024f3e-583cf3dd9bb3e76a,0.17777777777777778,0.18181818181818182
3cf63146-6ee67beae368cb31,351c9206-26c578b98ea64fce,0.1777032690695725,0.5578947368421052
3cf63146-6ee67beae368cb31,2b9dfed3-26c578b98ea64fce,0.1777032690695725,0.5578947368421052
a4e1511a-bea2751ccbd782bf,1a400c1b-b126c6bfaffaf3ae,0.17712177121771217,0.18461538461538463
fa484fdd-937c6feffc490cb9,04df7bb8-03b9893bdab1344d,0.1770573566084788,0.3697916666666667
e7024f3e-583cf3dd9bb3e76a,fc80cbe0-a7415db88a189acf,0.17704918032786884,0.1956521739130435
c57a973e-819a66b366a8be16,08b9908d-2314ade53a73911d,0.1770091556459817,0.7372881355932204
8f778337-feb0d359ab443e78,b6724dd9-caf9b13758ca6852,0.17674418604651163,0.2111111111111111
0fdc80c5-eb4012f9f5755db9,f5fb1b62-e0e35d308a40e712,0.17647058823529413,0.5454545454545454
85125ecb-9e82c9bd9bfb85aa,351c9206-26c578b98ea64fce,0.17634709587123862,0.29577464788732394
85125ecb-9e82c9bd9bfb85aa,2b9dfed3-26c578b98ea64fce,0.17634709587123862,0.29577464788732394
b505f95e-844ad4d8e01b16fb,ed37ba7d-fa359dc6c74dfbfa,0.17633928571428573,0.5448275862068965
968c1e7e-af09f49d4848ad95,ed37ba7d-fa359dc6c74dfbfa,0.17628541448058763,0.4158415841584158
ba9b94f7-6947cf384b45cdcc,c220c822-481cdf45cef307f8,0.17592592592592593,0.336283185840708
df594a00-6c0978a0f56b9ed7,a3abac01-a5aaba77aa0fc76b,0.17553191489361702,0.375
fdd85afb-78cf4d5f5887f202,e7024f3e-583cf3dd9bb3e76a,0.17543859649122806,0.2222222222222222
80c384e4-af35838eb0b75e7d,a4e1511a-bea2751ccbd782bf,0.17525773195876287,0.265625
967b67b0-b5ba1c50df880f8d,a4e1511a-bea2751ccbd782bf,0.17525773195876287,0.265625
ee270b2a-4a0d00c96498d123,968c1e7e-af09f49d4848ad95,0.17518248175182483,0.3333333333333333
e18ae6a1-25d9c5607673aa1b,08b9908d-2314ade53a73911d,0.17515274949083504,0.7350427350427351
00c0b82a-a23297c71634ae34,48993e07-b7b5015b1aebd2a4,0.17506631299734748,0.4714285714285714
259c1ea4-23a087ca7861c1b5,0adb1ee5-3b312e6358ac7282,0.17475728155339806,0.32142857142857145
953ac418-8f7cfb9d58d993fd,be3b1289-427649625057af89,0.17446808510638298,0.30597014925373134
fc80cbe0-a7415db88a189acf,08b9908d-2314ade53a73911d,0.1744186046511628,0.5389221556886228
8f778337-feb0d359ab443e78,8639f6c6-3f6123942d64b527,0.1743119266055046,0.2111111111111111
810cf242-6c100eed34676e90,08b9908d-2314ade53a73911d,0.17426545086119555,0.7049180327868853
e6a6e318-96fd4026eb65edf5,85125ecb-9e82c9bd9bfb85aa,0.17405582922824303,0.2896174863387978
5e8d1aaa-dfb1ced6b91ff94d,48993e07-b7b5015b1aebd2a4,0.17391304347826086,0.2923076923076923
aaccc000-cd3027809553b409,5288afb7-d4163ec84d18479e,0.17391304347826086,0.2
68d422ec-8e2a4607563a1184,48993e07-b7b5015b1aebd2a4,0.17371937639198218,0.2746478873239437
67241a76-01f04ac4b7fe3063,6045e5d1-bd381059561ccf48,0.17355371900826447,0.22580645161290322
67241a76-01f04ac4b7fe3063,3cbcb1cc-c51e30d914c3957c,0.17355371900826447,0.22580645161290322
00c0b82a-a23297c71634ae34,04df7bb8-03b9893bdab1344d,0.17352941176470588,0.8428571428571429
ba9b94f7-6947cf384b45cdcc,1be078c4-472929b651186639,0.17333333333333334,0.23008849557522124
968c1e7e-af09f49d4848ad95,b9219544-92e2cc883e24a750,0.17330210772833723,0.18316831683168316
2f8c3bf3-e73d8329c1717cd5,c220c822-481cdf45cef307f8,0.1732283464566929,0.532258064516129
ee270b2a-4a0d00c96498d123,04df7bb8-03b9893bdab1344d,0.17302052785923755,0.8194444444444444
d12f26f0-5b1bf0f619c49fd6,c220c822-481cdf45cef307f8,0.17289719626168223,0.3394495412844037
3c667d4f-524cd7f06bda5cb0,e7024f3e-583cf3dd9bb3e76a,0.17258883248730963,0.288135593220339
2b2d3b84-50128d26a6131abb,ed37ba7d-fa359dc6c74dfbfa,0.17253121452894438,0.5846153846153846
67241a76-01f04ac4b7fe3063,c0aa6246-12d3d767c8ca9064,0.17252396166134185,0.2903225806451613
ba9b94f7-6947cf384b45cdcc,bdfe8110-0d155952e4001c71,0.1724137931034483,0.17699115044247787
a7894e0b-0202afc2359426ca,85125ecb-9e82c9bd9bfb85aa,0.1724137931034483,0.3246753246753247
ba9b94f7-6947cf384b45cdcc,11c2ab99-79ea707e2165e2bd,0.1724137931034483,0.17699115044247787
0fdc80c5-eb4012f9f5755db9,08b9908d-2314ade53a73911d,0.1723076923076923,0.7636363636363637
c57a973e-819a66b366a8be16,6045e5d1-bd381059561ccf48,0.17228464419475656,0.19491525423728814
c57a973e-819a66b366a8be16,3cbcb1cc-c51e30d914c3957c,0.17228464419475656,0.19491525423728814
a8e2cefc-63afc29d990cf7ec,ed37ba7d-fa359dc6c74dfbfa,0.17225950782997762,0.5384615384615384
8f778337-feb0d359ab443e78,a7894e0b-0202afc2359426ca,0.1721311475409836,0.23333333333333334
b9219544-92e2cc883e24a750,ed37ba7d-fa359dc6c74dfbfa,0.1721311475409836,0.37333333333333335
4d25818e-e9fd9bc48a79af0b,e7024f3e-583cf3dd9bb3e76a,0.1717171717171717,0.2833333333333333
85125ecb-9e82c9bd9bfb85aa,ed37ba7d-fa359dc6c74dfbfa,0.17162276975361088,0.23708920187793428
8a39dbf5-7b2cf69c607f33e8,f339ef6f-45aadddb6e5b087e,0.17159763313609466,0.28431372549019607
ff3283cf-ba41bd70d21a035e,f339ef6f-45aadddb6e5b087e,0.17159763313609466,0.28431372549019607
8f778337-feb0d359ab443e78,fc80cbe0-a7415db88a189acf,0.17120622568093385,0.24444444444444444
312d9460-0ef5b2ece009b5fd,48993e07-b7b5015b1aebd2a4,0.17114914425427874,0.3431372549019608
fc80cbe0-a7415db88a189acf,8c591975-fee3ed7b98c29d64,0.1709741550695825,0.25748502994011974
20012377-c8b711b6bd0ca533,08b9908d-2314ade53a73911d,0.17095588235294118,0.4170403587443946
079ad09e-aa293a47b55193eb,08b9908d-2314ade53a73911d,0.17095588235294118,0.4170403587443946
85125ecb-9e82c9bd9bfb85aa,f5fb1b62-e0e35d308a40e712,0.1706827309236948,0.19953051643192488
bb0949b3-2ee7bbd7615b6bc8,f339ef6f-45aadddb6e5b087e,0.17049180327868851,0.37681159420289856
80c384e4-af35838eb0b75e7d,4fb09c5f-6bd800fac7ff4f8e,0.17037037037037037,0.359375
967b67b0-b5ba1c50df880f8d,4fb09c5f-6bd800fac7ff4f8e,0.17037037037037037,0.359375
8f6421f3-958f921ae60910fc,ed37ba7d-fa359dc6c74dfbfa,0.17031070195627157,0.6271186440677966
e1a5831a-c8275bfedd968e8c,85125ecb-9e82c9bd9bfb85aa,0.1702970297029703,0.5443037974683544
fdd85afb-78cf4d5f5887f202,b505f95e-844ad4d8e01b16fb,0.1702127659574468,0.2222222222222222
5288afb7-d4163ec84d18479e,d12f26f0-5b1bf0f619c49fd6,0.17,0.18681318681318682
3380fa52-397c19efc6ec4545,4fb09c5f-6bd800fac7ff4f8e,0.16993464052287582,0.26
312d9460-0ef5b2ece009b5fd,0fdc80c5-eb4012f9f5755db9,0.16981132075471697,0.17647058823529413
fcbe7917-527b4c7bcd90e160,0adb1ee5-3b312e6358ac7282,0.16981132075471697,0.2903225806451613
810cf242-6c100eed34676e90,6045e5d1-bd381059561ccf48,0.16974169741697417,0.1885245901639344
810cf242-6c100eed34676e90,3cbcb1cc-c51e30d914c3957c,0.16974169741697417,0.1885245901639344
e7024f3e-583cf3dd9bb3e76a,fa484fdd-937c6feffc490cb9,0.1696969696969697,0.2028985507246377
5288afb7-d4163ec84d18479e,28c2d81a-3eecc566cc4a7785,0.16964285714285715,0.2087912087912088
968c1e7e-af09f49d4848ad95,20012377-c8b711b6bd0ca533,0.16941176470588235,0.1782178217821782
968c1e7e-af09f49d4848ad95,079ad09e-aa293a47b55193eb,0.16941176470588235,0.1782178217821782
6045e5d1-bd381059561ccf48,505f8562-153b80964f03522c,0.16926503340757237,0.2550335570469799
3cbcb1cc-c51e30d914c3957c,505f8562-153b80964f03522c,0.16926503340757237,0.2550335570469799
f28b8cb4-bb917f979b8b1e5f,04df7bb8-03b9893bdab1344d,0.1692524682651622,0.6060606060606061
80c384e4-af35838eb0b75e7d,6045e5d1-bd381059561ccf48,0.16901408450704225,0.28125
967b67b0-b5ba1c50df880f8d,6045e5d1-bd381059561ccf48,0.16901408450704225,0.28125
3380fa52-397c19efc6ec4545,04df7bb8-03b9893bdab1344d,0.16901408450704225,0.6
80c384e4-af35838eb0b75e7d,3cbcb1cc-c51e30d914c3957c,0.16901408450704225,0.28125
967b67b0-b5ba1c50df880f8d,3cbcb1cc-c51e30d914c3957c,0.16901408450704225,0.28125
4f7af821-33eae9882a2e0752,f339ef6f-45aadddb6e5b087e,0.16891891891891891,0.4166666666666667
968c1e7e-af09f49d4848ad95,c220c822-481cdf45cef307f8,0.1689059500959693,0.21782178217821782
28c2d81a-3eecc566cc4a7785,48993e07-b7b5015b1aebd2a4,0.16818181818181818,0.2781954887218045
67241a76-01f04ac4b7fe3063,b505f95e-844ad4d8e01b16fb,0.16806722689075632,0.21505376344086022
a7894e0b-0202afc2359426ca,ed37ba7d-fa359dc6c74dfbfa,0.16795580110497238,0.4935064935064935
f870e76b-d3836deeb4de0406,68d422ec-8e2a4607563a1184,0.1678832116788321,0.17424242424242425
68d422ec-8e2a4607563a1184,7ae0cb0d-94a5a65427bbd458,0.16783216783216784,0.16901408450704225
2f8c3bf3-e73d8329c1717cd5,1a400c1b-b126c6bfaffaf3ae,0.16748768472906403,0.27419354838709675
f28b8cb4-bb917f979b8b1e5f,c220c822-481cdf45cef307f8,0.1674641148325359,0.35353535353535354
312d9460-0ef5b2ece009b5fd,71c7ac71-104324308e29828f,0.16744186046511628,0.17647058823529413
5288afb7-d4163ec84d18479e,fadc1365-f858db247859fe5f,0.16720257234726688,0.2857142857142857
fadc1365-f858db247859fe5f,85125ecb-9e82c9bd9bfb85aa,0.16718266253869968,0.24545454545454545
fc80cbe0-a7415db88a189acf,1ea771ea-6c6d54874f73ad39,0.16711590296495957,0.18562874251497005
968c1e7e-af09f49d4848ad95,08b9908d-2314ade53a73911d,0.1668228678537957,0.4405940594059406
2f8c3bf3-e73d8329c1717cd5,968c1e7e-af09f49d4848ad95,0.16666666666666666,0.3548387096774194
a4e1511a-bea2751ccbd782bf,953ac418-8f7cfb9d58d993fd,0.16666666666666666,0.16923076923076924
df594a00-6c0978a0f56b9ed7,f339ef6f-45aadddb6e5b087e,0.16666666666666666,0.3068181818181818
5288afb7-d4163ec84d18479e,ba9b94f7-6947cf384b45cdcc,0.16666666666666666,0.18681318681318682
1ea771ea-6c6d54874f73ad39,08b9908d-2314ade53a73911d,0.166510757717493,0.4362745098039216
fa484fdd-937c6feffc490cb9,08b9908d-2314ade53a73911d,0.1665089877010407,0.4583333333333333
968c1e7e-af09f49d4848ad95,ec607ca1-4289fcb0a79e3456,0.16615384615384615,0.26732673267326734
2f8c3bf3-e73d8329c1717cd5,fc80cbe0-a7415db88a189acf,0.16593886462882096,0.3064516129032258
e18ae6a1-25d9c5607673aa1b,ed37ba7d-fa359dc6c74dfbfa,0.16589861751152074,0.6153846153846154
fa484fdd-937c6feffc490cb9,4fb09c5f-6bd800fac7ff4f8e,0.1658291457286432,0.171875
e1a5831a-c8275bfedd968e8c,c220c822-481cdf45cef307f8,0.1658291457286432,0.4177215189873418
fa484fdd-937c6feffc490cb9,351c9206-26c578b98ea64fce,0.16569037656903765,0.515625
fa484fdd-937c6feffc490cb9,2b9dfed3-26c578b98ea64fce,0.16569037656903765,0.515625
80c384e4-af35838eb0b75e7d,968c1e7e-af09f49d4848ad95,0.16541353383458646,0.34375
967b67b0-b5ba1c50df880f8d,968c1e7e-af09f49d4848ad95,0.16541353383458646,0.34375
b505f95e-844ad4d8e01b16fb,ec607ca1-4289fcb0a79e3456,0.16526138279932545,0.33793103448275863
8f778337-feb0d359ab443e78,0048a372-7b27dc892c2c87b5,0.16521739130434782,0.2111111111111111
b6724dd9-caf9b13758ca6852,68d422ec-8e2a4607563a1184,0.1647940074906367,0.176
953ac418-8f7cfb9d58d993fd,f5fb1b62-e0e35d308a40e712,0.16477272727272727,0.43283582089552236
d77f722c-795a62abdcc8fb0e,ed37ba7d-fa359dc6c74dfbfa,0.16459977452085683,0.5367647058823529
5288afb7-d4163ec84d18479e,b9219544-92e2cc883e24a750,0.16455696202531644,0.2857142857142857
259c1ea4-23a087ca7861c1b5,96cd6ee9-d775b6062424ec71,0.1645021645021645,0.4523809523809524
312d9460-0ef5b2ece009b5fd,e18ae6a1-25d9c5607673aa1b,0.1643835616438356,0.17647058823529413
67241a76-01f04ac4b7fe3063,c1fef98f-50ede0b8704be38a,0.1643059490084986,0.3118279569892473
3380fa52-397c19efc6ec4545,ec607ca1-4289fcb0a79e3456,0.16423357664233576,0.45
c4d04ce7-a72b293277badd3e,ed37ba7d-fa359dc6c74dfbfa,0.164079822616408,0.4900662251655629
6045e5d1-bd381059561ccf48,08b9908d-2314ade53a73911d,0.16370808678500987,0.5570469798657718
3cbcb1cc-c51e30d914c3957c,08b9908d-2314ade53a73911d,0.16370808678500987,0.5570469798657718
312d9460-0ef5b2ece009b5fd,c57a973e-819a66b366a8be16,0.16363636363636364,0.17647058823529413
aaccc000-cd3027809553b409,c1fef98f-50ede0b8704be38a,0.16363636363636364,0.38571428571428573
4d25818e-e9fd9bc48a79af0b,48993e07-b7b5015b1aebd2a4,0.16348773841961853,0.5
8a39dbf5-7b2cf69c607f33e8,fa484fdd-937c6feffc490cb9,0.16326530612244897,0.23529411764705882
ff3283cf-ba41bd70d21a035e,fa484fdd-937c6feffc490cb9,0.16326530612244897,0.23529411764705882
ba9b94f7-6947cf384b45cdcc,10bbe9de-263f759c42a0c822,0.16326530612244897,0.21238938053097345
5288afb7-d4163ec84d18479e,a7894e0b-0202afc2359426ca,0.16326530612244897,0.21978021978021978
c1fef98f-50ede0b8704be38a,85125ecb-9e82c9bd9bfb85aa,0.16326530612244897,0.2153846153846154
1be078c4-472929b651186639,85125ecb-9e82c9bd9bfb85aa,0.1631321370309951,0.26737967914438504
e7024f3e-583cf3dd9bb3e76a,268eb6c6-84e03a0110527cca,0.16312056737588654,0.16666666666666666
4fb09c5f-6bd800fac7ff4f8e,ed37ba7d-fa359dc6c74dfbfa,0.16300940438871472,0.3786407766990291
5288afb7-d4163ec84d18479e,5e8d1aaa-dfb1ced6b91ff94d,0.16289592760180996,0.1978021978021978
0048a372-7b27dc892c2c87b5,351c9206-26c578b98ea64fce,0.16272965879265092,0.6642857142857143
0048a372-7b27dc892c2c87b5,2b9dfed3-26c578b98ea64fce,0.16272965879265092,0.6642857142857143
67241a76-01f04ac4b7fe3063,968c1e7e-af09f49d4848ad95,0.16271186440677965,0.25806451612903225
aaccc000-cd3027809553b409,8c591975-fee3ed7b98c29d64,0.1625615763546798,0.4714285714285714
9fd33d5a-211f949777137364,04df7bb8-03b9893bdab1344d,0.16246498599439776,0.5576923076923077
a3abac01-a5aaba77aa0fc76b,85125ecb-9e82c9bd9bfb85aa,0.16246498599439776,0.2013888888888889
ee270b2a-4a0d00c96498d123,f339ef6f-45aadddb6e5b087e,0.16233766233766234,0.3472222222222222
3380fa52-397c19efc6ec4545,c220c822-481cdf45cef307f8,0.162291169451074,0.34
20012377-c8b711b6bd0ca533,ed37ba7d-fa359dc6c74dfbfa,0.162217659137577,0.3542600896860987
079ad09e-aa293a47b55193eb,ed37ba7d-fa359dc6c74dfbfa,0.162217659137577,0.3542600896860987
df594a00-6c0978a0f56b9ed7,c220c822-481cdf45cef307f8,0.16216216216216217,0.375
68d422ec-8e2a4607563a1184,a7894e0b-0202afc2359426ca,0.16216216216216217,0.16901408450704225
b6724dd9-caf9b13758ca6852,ed37ba7d-fa359dc6c74dfbfa,0.16210045662100456,0.568
fcbe7917-527b4c7bcd90e160,a7894e0b-0202afc2359426ca,0.16194331983805668,0.21505376344086022
e7024f3e-583cf3dd9bb3e76a,c220c822-481cdf45cef307f8,0.16192560175054704,0.26811594202898553
80c384e4-af35838eb0b75e7d,c220c822-481cdf45cef307f8,0.1618798955613577,0.484375
967b67b0-b5ba1c50df880f8d,c220c822-481cdf45cef307f8,0.1618798955613577,0.484375
5e8d1aaa-dfb1ced6b91ff94d,68d422ec-8e2a4607563a1184,0.16176470588235295,0.16923076923076924
68d422ec-8e2a4607563a1184,fa484fdd-937c6feffc490cb9,0.16167664670658682,0.19014084507042253
d77f722c-795a62abdcc8fb0e,6045e5d1-bd381059561ccf48,0.16140350877192983,0.16911764705882354
d77f722c-795a62abdcc8fb0e,3cbcb1cc-c51e30d914c3957c,0.16140350877192983,0.16911764705882354
ee270b2a-4a0d00c96498d123,a3abac01-a5aaba77aa0fc76b,0.16111111111111112,0.4027777777777778
2f8c3bf3-e73d8329c1717cd5,f339ef6f-45aadddb6e5b087e,0.1610738255033557,0.3870967741935484
56a90e79-16bd8e2b99bf96c1,85125ecb-9e82c9bd9bfb85aa,0.16096579476861167,0.5633802816901409
259c1ea4-23a087ca7861c1b5,0048a372-7b27dc892c2c87b5,0.16071428571428573,0.21428571428571427
9fd33d5a-211f949777137364,48993e07-b7b5015b1aebd2a4,0.16058394160583941,0.3173076923076923
7ae0cb0d-94a5a65427bbd458,351c9206-26c578b98ea64fce,0.16041848299912817,0.6388888888888888
7ae0cb0d-94a5a65427bbd458,2b9dfed3-26c578b98ea64fce,0.16041848299912817,0.6388888888888888
0fdc80c5-eb4012f9f5755db9,ed37ba7d-fa359dc6c74dfbfa,0.1602787456445993,0.6272727272727273
2f8c3bf3-e73d8329c1717cd5,505f8562-153b80964f03522c,0.16022099447513813,0.46774193548387094
4fb09c5f-6bd800fac7ff4f8e,48993e07-b7b5015b1aebd2a4,0.15984405458089668,0.19902912621359223
ba9b94f7-6947cf384b45cdcc,0adb1ee5-3b312e6358ac7282,0.15976331360946747,0.23893805309734514
fcbe7917-527b4c7bcd90e160,fadc1365-f858db247859fe5f,0.1597444089456869,0.26881720430107525
bdfe8110-0d155952e4001c71,48993e07-b7b5015b1aebd2a4,0.1596244131455399,0.2857142857142857
11c2ab99-79ea707e2165e2bd,48993e07-b7b5015b1aebd2a4,0.1596244131455399,0.2857142857142857
3380fa52-397c19efc6ec4545,ba9b94f7-6947cf384b45cdcc,0.1596244131455399,0.17
68d422ec-8e2a4607563a1184,04df7bb8-03b9893bdab1344d,0.1595744680851064,0.4225352112676056
fdd85afb-78cf4d5f5887f202,0b5cff5a-85797cc0b56a2e03,0.15950920245398773,0.28888888888888886
312d9460-0ef5b2ece009b5fd,6045e5d1-bd381059561ccf48,0.1593625498007968,0.19607843137254902
312d9460-0ef5b2ece009b5fd,3cbcb1cc-c51e30d914c3957c,0.1593625498007968,0.19607843137254902
1a400c1b-b126c6bfaffaf3ae,351c9206-26c578b98ea64fce,0.1590909090909091,0.6453900709219859
1a400c1b-b126c6bfaffaf3ae,2b9dfed3-26c578b98ea64fce,0.1590909090909091,0.6453900709219859
fdd85afb-78cf4d5f5887f202,6045e5d1-bd381059561ccf48,0.1589958158995816,0.2111111111111111
fdd85afb-78cf4d5f5887f202,3cbcb1cc-c51e30d914c3957c,0.1589958158995816,0.2111111111111111
259c1ea4-23a087ca7861c1b5,c220c822-481cdf45cef307f8,0.1588089330024814,0.38095238095238093
e1a5831a-c8275bfedd968e8c,f339ef6f-45aadddb6e5b087e,0.15873015873015872,0.31645569620253167
312d9460-0ef5b2ece009b5fd,ea2fc2bc-8be44aae4b99d930,0.15859030837004406,0.17647058823529413
4f7af821-33eae9882a2e0752,fc80cbe0-a7415db88a189acf,0.15859030837004406,0.3
48c5f745-a816068dedd9d00e,351c9206-26c578b98ea64fce,0.15828524319868095,0.45714285714285713
48c5f745-a816068dedd9d00e,2b9dfed3-26c578b98ea64fce,0.15828524319868095,0.45714285714285713
0fdc80c5-eb4012f9f5755db9,48993e07-b7b5015b1aebd2a4,0.15827338129496402,0.3
fdd85afb-78cf4d5f5887f202,96cd6ee9-d775b6062424ec71,0.1581196581196581,0.4111111111111111
312d9460-0ef5b2ece009b5fd,c4d04ce7-a72b293277badd3e,0.15810276679841898,0.19607843137254902
ea2fc2bc-8be44aae4b99d930,08b9908d-2314ade53a73911d,0.15757575757575756,0.624
8f778337-feb0d359ab443e78,968c1e7e-af09f49d4848ad95,0.15753424657534246,0.25555555555555554
5288afb7-d4163ec84d18479e,b6724dd9-caf9b13758ca6852,0.1574074074074074,0.18681318681318682
df594a00-6c0978a0f56b9ed7,8639f6c6-3f6123942d64b527,0.1574074074074074,0.19318181818181818
953ac418-8f7cfb9d58d993fd,85125ecb-9e82c9bd9bfb85aa,0.15714285714285714,0.3283582089552239
8a39dbf5-7b2cf69c607f33e8,1ea771ea-6c6d54874f73ad39,0.1568627450980392,0.23529411764705882
ff3283cf-ba41bd70d21a035e,1ea771ea-6c6d54874f73ad39,0.1568627450980392,0.23529411764705882
8639f6c6-3f6123942d64b527,c220c822-481cdf45cef307f8,0.15659955257270694,0.2734375
3380fa52-397c19efc6ec4545,10bbe9de-263f759c42a0c822,0.15658362989323843,0.22
d77f722c-795a62abdcc8fb0e,85125ecb-9e82c9bd9bfb85aa,0.15658362989323843,0.3235294117647059
8f778337-feb0d359ab443e78,c220c822-481cdf45cef307f8,0.15647921760391198,0.35555555555555557
259c1ea4-23a087ca7861c1b5,f339ef6f-45aadddb6e5b087e,0.15625,0.2976190476190476
df594a00-6c0978a0f56b9ed7,a4e1511a-bea2751ccbd782bf,0.1559633027522936,0.19318181818181818
fdd85afb-78cf4d5f5887f202,1a400c1b-b126c6bfaffaf3ae,0.15584415584415584,0.2
312d9460-0ef5b2ece009b5fd,c0aa6246-12d3d767c8ca9064,0.15527950310559005,0.24509803921568626
fcbe7917-527b4c7bcd90e160,ec607ca1-4289fcb0a79e3456,0.15526802218114602,0.45161290322580644
fdd85afb-78cf4d5f5887f202,be3b1289-427649625057af89,0.15492957746478872,0.36666666666666664
ba9b94f7-6947cf384b45cdcc,48c5f745-a816068dedd9d00e,0.15479876160990713,0.22123893805309736
9fd33d5a-211f949777137364,85125ecb-9e82c9bd9bfb85aa,0.15471698113207547,0.3942307692307692
e18ae6a1-25d9c5607673aa1b,85125ecb-9e82c9bd9bfb85aa,0.15469613259668508,0.358974358974359
ba9b94f7-6947cf384b45cdcc,a3abac01-a5aaba77aa0fc76b,0.1546134663341646,0.2743362831858407
9fd33d5a-211f949777137364,a4e1511a-bea2751ccbd782bf,0.15384615384615385,0.17307692307692307
5288afb7-d4163ec84d18479e,2b2d3b84-50128d26a6131abb,0.15384615384615385,0.18681318681318682
67241a76-01f04ac4b7fe3063,4548305b-08b9f6e926231e7f,0.15348837209302327,0.3548387096774194
67241a76-01f04ac4b7fe3063,4548305b-6b2cbf197d80b87c,0.15348837209302327,0.3548387096774194
fdd85afb-78cf4d5f5887f202,f339ef6f-45aadddb6e5b087e,0.15337423312883436,0.2777777777777778
bb0949b3-2ee7bbd7615b6bc8,04df7bb8-03b9893bdab1344d,0.15316642120765833,0.7536231884057971
6045e5d1-bd381059561ccf48,85125ecb-9e82c9bd9bfb85aa,0.15304347826086956,0.2953020134228188
3cbcb1cc-c51e30d914c3957c,85125ecb-9e82c9bd9bfb85aa,0.15304347826086956,0.2953020134228188
3c667d4f-524cd7f06bda5cb0,48993e07-b7b5015b1aebd2a4,0.15300546448087432,0.4745762711864407
2f8c3bf3-e73d8329c1717cd5,ec607ca1-4289fcb0a79e3456,0.15294117647058825,0.6290322580645161
f28b8cb4-bb917f979b8b1e5f,968c1e7e-af09f49d4848ad95,0.15282392026578073,0.23232323232323232
b6724dd9-caf9b13758ca6852,48993e07-b7b5015b1aebd2a4,0.1527777777777778,0.264
3380fa52-397c19efc6ec4545,968c1e7e-af09f49d4848ad95,0.152317880794702,0.23
6045e5d1-bd381059561ccf48,4548305b-08b9f6e926231e7f,0.1522633744855967,0.2483221476510067
6045e5d1-bd381059561ccf48,4548305b-6b2cbf197d80b87c,0.1522633744855967,0.2483221476510067
3cbcb1cc-c51e30d914c3957c,4548305b-08b9f6e926231e7f,0.1522633744855967,0.2483221476510067
3cbcb1cc-c51e30d914c3957c,4548305b-6b2cbf197d80b87c,0.1522633744855967,0.2483221476510067
10bbe9de-263f759c42a0c822,351c9206-26c578b98ea64fce,0.15202702702702703,0.4972375690607735
10bbe9de-263f759c42a0c822,2b9dfed3-26c578b98ea64fce,0.15202702702702703,0.4972375690607735
f28b8cb4-bb917f979b8b1e5f,c4d04ce7-a72b293277badd3e,0.152,0.1919191919191919
00c0b82a-a23297c71634ae34,fc80cbe0-a7415db88a189acf,0.1518987341772152,0.2571428571428571
68d422ec-8e2a4607563a1184,f5fb1b62-e0e35d308a40e712,0.15168539325842698,0.38028169014084506
b505f95e-844ad4d8e01b16fb,351c9206-26c578b98ea64fce,0.15156794425087108,0.6
b505f95e-844ad4d8e01b16fb,2b9dfed3-26c578b98ea64fce,0.15156794425087108,0.6
fcbe7917-527b4c7bcd90e160,b9219544-92e2cc883e24a750,0.1509433962264151,0.25806451612903225
9fd33d5a-211f949777137364,08b9908d-2314ade53a73911d,0.15067079463364294,0.7019230769230769
71c7ac71-104324308e29828f,ed37ba7d-fa359dc6c74dfbfa,0.15046296296296297,0.5752212389380531
aaccc000-cd3027809553b409,f339ef6f-45aadddb6e5b087e,0.1503267973856209,0.32857142857142857
5288afb7-d4163ec84d18479e,810cf242-6c100eed34676e90,0.15023474178403756,0.17582417582417584
aaccc000-cd3027809553b409,04df7bb8-03b9893bdab1344d,0.15,0.7285714285714285
3c667d4f-524cd7f06bda5cb0,ec607ca1-4289fcb0a79e3456,0.14990138067061143,0.6440677966101694
71c7ac71-104324308e29828f,ec607ca1-4289fcb0a79e3456,0.1497326203208556,0.37168141592920356
268eb6c6-84e03a0110527cca,ed37ba7d-fa359dc6c74dfbfa,0.14972067039106146,0.4652777777777778
b505f95e-844ad4d8e01b16fb,6045e5d1-bd381059561ccf48,0.14965986394557823,0.15172413793103448
b505f95e-844ad4d8e01b16fb,3cbcb1cc-c51e30d914c3957c,0.14965986394557823,0.15172413793103448
259c1ea4-23a087ca7861c1b5,a4e1511a-bea2751ccbd782bf,0.14953271028037382,0.19047619047619047
3c667d4f-524cd7f06bda5cb0,04df7bb8-03b9893bdab1344d,0.14947683109118087,0.847457627118644
4f7af821-33eae9882a2e0752,04df7bb8-03b9893bdab1344d,0.14925373134328357,0.8333333333333334
5288afb7-d4163ec84d18479e,0fdc80c5-eb4012f9f5755db9,0.14925373134328357,0.16483516483516483
67241a76-01f04ac4b7fe3063,8c591975-fee3ed7b98c29d64,0.14918414918414918,0.34408602150537637
810cf242-6c100eed34676e90,48993e07-b7b5015b1aebd2a4,0.14918414918414918,0.26229508196721313
8a39dbf5-7b2cf69c607f33e8,ec607ca1-4289fcb0a79e3456,0.14909090909090908,0.4019607843137255
ff3283cf-ba41bd70d21a035e,ec607ca1-4289fcb0a79e3456,0.14909090909090908,0.4019607843137255
259c1ea4-23a087ca7861c1b5,85125ecb-9e82c9bd9bfb85aa,0.14901960784313725,0.4523809523809524
fdd85afb-78cf4d5f5887f202,fa484fdd-937c6feffc490cb9,0.14893617021276595,0.23333333333333334
ba9b94f7-6947cf384b45cdcc,20012377-c8b711b6bd0ca533,0.1488095238095238,0.22123893805309736
3380fa52-397c19efc6ec4545,f339ef6f-45aadddb6e5b087e,0.1488095238095238,0.25
ba9b94f7-6947cf384b45cdcc,079ad09e-aa293a47b55193eb,0.1488095238095238,0.22123893805309736
5288afb7-d4163ec84d18479e,c4d04ce7-a72b293277badd3e,0.1487603305785124,0.1978021978021978
968c1e7e-af09f49d4848ad95,8c591975-fee3ed7b98c29d64,0.14869888475836432,0.19801980198019803
312d9460-0ef5b2ece009b5fd,a7894e0b-0202afc2359426ca,0.1484375,0.18627450980392157
6045e5d1-bd381059561ccf48,968c1e7e-af09f49d4848ad95,0.14814814814814814,0.174496644295302
3cbcb1cc-c51e30d914c3957c,968c1e7e-af09f49d4848ad95,0.14814814814814814,0.174496644295302
8639f6c6-3f6123942d64b527,68d422ec-8e2a4607563a1184,0.14814814814814814,0.15625
48c5f745-a816068dedd9d00e,ed37ba7d-fa359dc6c74dfbfa,0.14776274713839752,0.3380952380952381
259c1ea4-23a087ca7861c1b5,8c591975-fee3ed7b98c29d64,0.14761904761904762,0.36904761904761907
67241a76-01f04ac4b7fe3063,fa484fdd-937c6feffc490cb9,0.14736842105263157,0.22580645161290322
8f778337-feb0d359ab443e78,0b5cff5a-85797cc0b56a2e03,0.147239263803681,0.26666666666666666
8f778337-feb0d359ab443e78,f339ef6f-45aadddb6e5b087e,0.147239263803681,0.26666666666666666
71c7ac71-104324308e29828f,08b9908d-2314ade53a73911d,0.147239263803681,0.6371681415929203
4fb09c5f-6bd800fac7ff4f8e,351c9206-26c578b98ea64fce,0.14722911497105046,0.4320388349514563
4fb09c5f-6bd800fac7ff4f8e,2b9dfed3-26c578b98ea64fce,0.14722911497105046,0.4320388349514563
fa484fdd-937c6feffc490cb9,968c1e7e-af09f49d4848ad95,0.14720812182741116,0.15104166666666666
8639f6c6-3f6123942d64b527,48993e07-b7b5015b1aebd2a4,0.1471264367816092,0.25
5288afb7-d4163ec84d18479e,10bbe9de-263f759c42a0c822,0.14705882352941177,0.21978021978021978
fcbe7917-527b4c7bcd90e160,a3abac01-a5aaba77aa0fc76b,0.14698162729658792,0.3010752688172043
259c1ea4-23a087ca7861c1b5,04df7bb8-03b9893bdab1344d,0.14697406340057637,0.6071428571428571
56a90e79-16bd8e2b99bf96c1,04df7bb8-03b9893bdab1344d,0.14684287812041116,0.704225352112676
312d9460-0ef5b2ece009b5fd,b9219544-92e2cc883e24a750,0.14678899082568808,0.23529411764705882
aaccc000-cd3027809553b409,ec607ca1-4289fcb0a79e3456,0.14671814671814673,0.5428571428571428
ba9b94f7-6947cf384b45cdcc,96cd6ee9-d775b6062424ec71,0.14663951120162932,0.3185840707964602
8a39dbf5-7b2cf69c607f33e8,a4e1511a-bea2751ccbd782bf,0.14655172413793102,0.16666666666666666
ff3283cf-ba41bd70d21a035e,a4e1511a-bea2751ccbd782bf,0.14655172413793102,0.16666666666666666
d12f26f0-5b1bf0f619c49fd6,ed37ba7d-fa359dc6c74dfbfa,0.14651162790697675,0.5779816513761468
2f8c3bf3-e73d8329c1717cd5,312d9460-0ef5b2ece009b5fd,0.14634146341463414,0.1935483870967742
67241a76-01f04ac4b7fe3063,0b5cff5a-85797cc0b56a2e03,0.1458966565349544,0.25806451612903225
4f7af821-33eae9882a2e0752,ec607ca1-4289fcb0a79e3456,0.14566929133858267,0.6166666666666667
4d25818e-e9fd9bc48a79af0b,ec607ca1-4289fcb0a79e3456,0.14566929133858267,0.6166666666666667
5288afb7-d4163ec84d18479e,a8e2cefc-63afc29d990cf7ec,0.1452991452991453,0.18681318681318682
aaccc000-cd3027809553b409,a3abac01-a5aaba77aa0fc76b,0.1452513966480447,0.37142857142857144
ba9b94f7-6947cf384b45cdcc,6045e5d1-bd381059561ccf48,0.1450381679389313,0.168141592920354
ba9b94f7-6947cf384b45cdcc,3cbcb1cc-c51e30d914c3957c,0.1450381679389313,0.168141592920354
8f778337-feb0d359ab443e78,ec607ca1-4289fcb0a79e3456,0.1449814126394052,0.43333333333333335
fcbe7917-527b4c7bcd90e160,8639f6c6-3f6123942d64b527,0.14479638009049775,0.17204301075268819
5288afb7-d4163ec84d18479e,7ae0cb0d-94a5a65427bbd458,0.14468085106382977,0.18681318681318682
312d9460-0ef5b2ece009b5fd,28c2d81a-3eecc566cc4a7785,0.14468085106382977,0.16666666666666666
5288afb7-d4163ec84d18479e,268eb6c6-84e03a0110527cca,0.14468085106382977,0.18681318681318682
5288afb7-d4163ec84d18479e,b505f95e-844ad4d8e01b16fb,0.1440677966101695,0.18681318681318682
4f7af821-33eae9882a2e0752,85125ecb-9e82c9bd9bfb85aa,0.1440329218106996,0.5833333333333334
df594a00-6c0978a0f56b9ed7,85125ecb-9e82c9bd9bfb85aa,0.14396887159533073,0.42045454545454547
5288afb7-d4163ec84d18479e,1be078c4-472929b651186639,0.14388489208633093,0.21978021978021978
ea2fc2bc-8be44aae4b99d930,ed37ba7d-fa359dc6c74dfbfa,0.14383561643835616,0.504
a7894e0b-0202afc2359426ca,351c9206-26c578b98ea64fce,0.14347450302506481,0.538961038961039
a7894e0b-0202afc2359426ca,2b9dfed3-26c578b98ea64fce,0.14347450302506481,0.538961038961039
fc80cbe0-a7415db88a189acf,48993e07-b7b5015b1aebd2a4,0.14345991561181434,0.20359281437125748
2f8c3bf3-e73d8329c1717cd5,85125ecb-9e82c9bd9bfb85aa,0.14344262295081966,0.5645161290322581
c57a973e-819a66b366a8be16,85125ecb-9e82c9bd9bfb85aa,0.14338235294117646,0.3305084745762712
f28b8cb4-bb917f979b8b1e5f,f339ef6f-45aadddb6e5b087e,0.14328358208955225,0.24242424242424243
ba9b94f7-6947cf384b45cdcc,ea2fc2bc-8be44aae4b99d930,0.14285714285714285,0.1504424778761062
f870e76b-d3836deeb4de0406,351c9206-26c578b98ea64fce,0.14273127753303966,0.6136363636363636
f870e76b-d3836deeb4de0406,2b9dfed3-26c578b98ea64fce,0.14273127753303966,0.6136363636363636
953ac418-8f7cfb9d58d993fd,ed37ba7d-fa359dc6c74dfbfa,0.1423728813559322,0.4701492537313433
ba9b94f7-6947cf384b45cdcc,a7894e0b-0202afc2359426ca,0.14232209737827714,0.168141592920354
f28b8cb4-bb917f979b8b1e5f,a7894e0b-0202afc2359426ca,0.1422924901185771,0.18181818181818182
df594a00-6c0978a0f56b9ed7,ec607ca1-4289fcb0a79e3456,0.1417910447761194,0.4318181818181818
e7024f3e-583cf3dd9bb3e76a,ed37ba7d-fa359dc6c74dfbfa,0.14173228346456693,0.45652173913043476
4f7af821-33eae9882a2e0752,48993e07-b7b5015b1aebd2a4,0.14168937329700274,0.43333333333333335
5288afb7-d4163ec84d18479e,c220c822-481cdf45cef307f8,0.14146341463414633,0.31868131868131866
fdd85afb-78cf4d5f5887f202,48993e07-b7b5015b1aebd2a4,0.14105793450881612,0.3111111111111111
67241a76-01f04ac4b7fe3063,c220c822-481cdf45cef307f8,0.1407766990291262,0.3118279569892473
6045e5d1-bd381059561ccf48,ec607ca1-4289fcb0a79e3456,0.1407035175879397,0.28187919463087246
a4e1511a-bea2751ccbd782bf,08b9908d-2314ade53a73911d,0.1407035175879397,0.5384615384615384
2f8c3bf3-e73d8329c1717cd5,8c591975-fee3ed7b98c29d64,0.1407035175879397,0.45161290322580644
3cbcb1cc-c51e30d914c3957c,ec607ca1-4289fcb0a79e3456,0.1407035175879397,0.28187919463087246
3c667d4f-524cd7f06bda5cb0,85125ecb-9e82c9bd9bfb85aa,0.1402061855670103,0.576271186440678
4d25818e-e9fd9bc48a79af0b,85125ecb-9e82c9bd9bfb85aa,0.13991769547325103,0.5666666666666667
8a39dbf5-7b2cf69c607f33e8,f5fb1b62-e0e35d308a40e712,0.13988095238095238,0.46078431372549017
ff3283cf-ba41bd70d21a035e,f5fb1b62-e0e35d308a40e712,0.13988095238095238,0.46078431372549017
fcbe7917-527b4c7bcd90e160,f339ef6f-45aadddb6e5b087e,0.1398176291793313,0.24731182795698925
00c0b82a-a23297c71634ae34,312d9460-0ef5b2ece009b5fd,0.13953488372093023,0.17142857142857143
68d422ec-8e2a4607563a1184,a3abac01-a5aaba77aa0fc76b,0.13953488372093023,0.2112676056338028
28c2d81a-3eecc566cc4a7785,85125ecb-9e82c9bd9bfb85aa,0.13953488372093023,0.2932330827067669
fcbe7917-527b4c7bcd90e160,04df7bb8-03b9893bdab1344d,0.13940256045519203,0.5268817204301075
f28b8cb4-bb917f979b8b1e5f,312d9460-0ef5b2ece009b5fd,0.13930348258706468,0.1414141414141414
6045e5d1-bd381059561ccf48,48c5f745-a816068dedd9d00e,0.1392757660167131,0.16778523489932887
3cbcb1cc-c51e30d914c3957c,48c5f745-a816068dedd9d00e,0.1392757660167131,0.16778523489932887
bb0949b3-2ee7bbd7615b6bc8,ec607ca1-4289fcb0a79e3456,0.13926499032882012,0.5217391304347826
312d9460-0ef5b2ece009b5fd,8639f6c6-3f6123942d64b527,0.1391304347826087,0.1568627450980392
56a90e79-16bd8e2b99bf96c1,312d9460-0ef5b2ece009b5fd,0.13872832369942195,0.16901408450704225
5e8d1aaa-dfb1ced6b91ff94d,ed37ba7d-fa359dc6c74dfbfa,0.13847900113507378,0.46923076923076923
8f778337-feb0d359ab443e78,505f8562-153b80964f03522c,0.13846153846153847,0.3
a4e1511a-bea2751ccbd782bf,c220c822-481cdf45cef307f8,0.13808463251670378,0.23846153846153847
fcbe7917-527b4c7bcd90e160,505f8562-153b80964f03522c,0.13740458015267176,0.2903225806451613
a4e1511a-bea2751ccbd782bf,8c591975-fee3ed7b98c29d64,0.13733905579399142,0.24615384615384617
80c384e4-af35838eb0b75e7d,0048a372-7b27dc892c2c87b5,0.13725490196078433,0.21875
967b67b0-b5ba1c50df880f8d,0048a372-7b27dc892c2c87b5,0.13725490196078433,0.21875
fc80cbe0-a7415db88a189acf,ed37ba7d-fa359dc6c74dfbfa,0.13725490196078433,0.3772455089820359
312d9460-0ef5b2ece009b5fd,3cf63146-6ee67beae368cb31,0.136986301369863,0.19607843137254902
c4d04ce7-a72b293277badd3e,351c9206-26c578b98ea64fce,0.1369150779896014,0.5231788079470199
c4d04ce7-a72b293277badd3e,2b9dfed3-26c578b98ea64fce,0.1369150779896014,0.5231788079470199
e18ae6a1-25d9c5607673aa1b,48993e07-b7b5015b1aebd2a4,0.13679245283018868,0.24786324786324787
8f6421f3-958f921ae60910fc,48993e07-b7b5015b1aebd2a4,0.13647058823529412,0.2457627118644068
3380fa52-397c19efc6ec4545,ed37ba7d-fa359dc6c74dfbfa,0.136310223266745,0.58
ba9b94f7-6947cf384b45cdcc,810cf242-6c100eed34676e90,0.13617021276595745,0.1415929203539823
fdd85afb-78cf4d5f5887f202,8c591975-fee3ed7b98c29d64,0.13615023474178403,0.32222222222222224
fcbe7917-527b4c7bcd90e160,c220c822-481cdf45cef307f8,0.13592233009708737,0.3010752688172043
5e8d1aaa-dfb1ced6b91ff94d,351c9206-26c578b98ea64fce,0.13592233009708737,0.5923076923076923
5e8d1aaa-dfb1ced6b91ff94d,2b9dfed3-26c578b98ea64fce,0.13592233009708737,0.5923076923076923
bdfe8110-0d155952e4001c71,85125ecb-9e82c9bd9bfb85aa,0.13577981651376148,0.31092436974789917
11c2ab99-79ea707e2165e2bd,85125ecb-9e82c9bd9bfb85aa,0.13577981651376148,0.31092436974789917
80c384e4-af35838eb0b75e7d,ba9b94f7-6947cf384b45cdcc,0.13559322033898305,0.1875
967b67b0-b5ba1c50df880f8d,ba9b94f7-6947cf384b45cdcc,0.13559322033898305,0.1875
e7024f3e-583cf3dd9bb3e76a,968c1e7e-af09f49d4848ad95,0.13529411764705881,0.16666666666666666
6045e5d1-bd381059561ccf48,4fb09c5f-6bd800fac7ff4f8e,0.1352112676056338,0.1610738255033557
3cbcb1cc-c51e30d914c3957c,4fb09c5f-6bd800fac7ff4f8e,0.1352112676056338,0.1610738255033557
aaccc000-cd3027809553b409,fc80cbe0-a7415db88a189acf,0.1350210970464135,0.22857142857142856
ee270b2a-4a0d00c96498d123,5288afb7-d4163ec84d18479e,0.13496932515337423,0.1527777777777778
5288afb7-d4163ec84d18479e,4fb09c5f-6bd800fac7ff4f8e,0.13468013468013468,0.21978021978021978
68d422ec-8e2a4607563a1184,c220c822-481cdf45cef307f8,0.13449023861171366,0.21830985915492956
4d25818e-e9fd9bc48a79af0b,04df7bb8-03b9893bdab1344d,0.13432835820895522,0.75
0048a372-7b27dc892c2c87b5,85125ecb-9e82c9bd9bfb85aa,0.13427561837455831,0.2714285714285714
2f8c3bf3-e73d8329c1717cd5,04df7bb8-03b9893bdab1344d,0.13392857142857142,0.7258064516129032
e18ae6a1-25d9c5607673aa1b,351c9206-26c578b98ea64fce,0.13392857142857142,0.6410256410256411
e18ae6a1-25d9c5607673aa1b,2b9dfed3-26c578b98ea64fce,0.13392857142857142,0.6410256410256411
fdd85afb-78cf4d5f5887f202,ec607ca1-4289fcb0a79e3456,0.13382899628252787,0.4
68d422ec-8e2a4607563a1184,968c1e7e-af09f49d4848ad95,0.13372093023255813,0.1619718309859155
bdfe8110-0d155952e4001c71,351c9206-26c578b98ea64fce,0.13368983957219252,0.6302521008403361
11c2ab99-79ea707e2165e2bd,351c9206-26c578b98ea64fce,0.13368983957219252,0.6302521008403361
bdfe8110-0d155952e4001c71,2b9dfed3-26c578b98ea64fce,0.13368983957219252,0.6302521008403361
11c2ab99-79ea707e2165e2bd,2b9dfed3-26c578b98ea64fce,0.13368983957219252,0.6302521008403361
8639f6c6-3f6123942d64b527,85125ecb-9e82c9bd9bfb85aa,0.13357400722021662,0.2890625
48c5f745-a816068dedd9d00e,f5fb1b62-e0e35d308a40e712,0.13333333333333333,0.24761904761904763
fdd85afb-78cf4d5f5887f202,505f8562-153b80964f03522c,0.13333333333333333,0.28888888888888886
5288afb7-d4163ec84d18479e,48c5f745-a816068dedd9d00e,0.132890365448505,0.21978021978021978
68d422ec-8e2a4607563a1184,351c9206-26c578b98ea64fce,0.13275109170305677,0.5352112676056338
68d422ec-8e2a4607563a1184,2b9dfed3-26c578b98ea64fce,0.13275109170305677,0.5352112676056338
3c667d4f-524cd7f06bda5cb0,fc80cbe0-a7415db88a189acf,0.13274336283185842,0.2542372881355932
fc80cbe0-a7415db88a189acf,48c5f745-a816068dedd9d00e,0.13262599469496023,0.1497005988023952
8a39dbf5-7b2cf69c607f33e8,8c591975-fee3ed7b98c29d64,0.1324200913242009,0.28431372549019607
ff3283cf-ba41bd70d21a035e,8c591975-fee3ed7b98c29d64,0.1324200913242009,0.28431372549019607
2b2d3b84-50128d26a6131abb,351c9206-26c578b98ea64fce,0.1323918799646955,0.5769230769230769
2b2d3b84-50128d26a6131abb,2b9dfed3-26c578b98ea64fce,0.1323918799646955,0.5769230769230769
ee270b2a-4a0d00c96498d123,08b9908d-2314ade53a73911d,0.13233724653148346,0.8611111111111112
ba9b94f7-6947cf384b45cdcc,7ae0cb0d-94a5a65427bbd458,0.13229571984435798,0.1504424778761062
e7024f3e-583cf3dd9bb3e76a,48c5f745-a816068dedd9d00e,0.13218390804597702,0.16666666666666666
ba9b94f7-6947cf384b45cdcc,f339ef6f-45aadddb6e5b087e,0.1318051575931232,0.20353982300884957
ba9b94f7-6947cf384b45cdcc,b505f95e-844ad4d8e01b16fb,0.13178294573643412,0.1504424778761062
c57a973e-819a66b366a8be16,48993e07-b7b5015b1aebd2a4,0.13176470588235295,0.23728813559322035
ba9b94f7-6947cf384b45cdcc,5e8d1aaa-dfb1ced6b91ff94d,0.13168724279835392,0.1415929203539823
259c1ea4-23a087ca7861c1b5,f5fb1b62-e0e35d308a40e712,0.13149847094801223,0.5119047619047619
aaccc000-cd3027809553b409,ba9b94f7-6947cf384b45cdcc,0.13114754098360656,0.17142857142857143
ba9b94f7-6947cf384b45cdcc,f870e76b-d3836deeb4de0406,0.1306122448979592,0.1415929203539823
0fdc80c5-eb4012f9f5755db9,85125ecb-9e82c9bd9bfb85aa,0.13059701492537312,0.3181818181818182
8f6421f3-958f921ae60910fc,351c9206-26c578b98ea64fce,0.1302408563782337,0.6186440677966102
8f6421f3-958f921ae60910fc,2b9dfed3-26c578b98ea64fce,0.1302408563782337,0.6186440677966102
e1a5831a-c8275bfedd968e8c,ed37ba7d-fa359dc6c74dfbfa,0.13012048192771083,0.6835443037974683
ee270b2a-4a0d00c96498d123,ba9b94f7-6947cf384b45cdcc,0.12972972972972974,0.16666666666666666
5288afb7-d4163ec84d18479e,968c1e7e-af09f49d4848ad95,0.1296928327645051,0.2087912087912088
5288afb7-d4163ec84d18479e,ea2fc2bc-8be44aae4b99d930,0.12962962962962962,0.15384615384615385
312d9460-0ef5b2ece009b5fd,b505f95e-844ad4d8e01b16fb,0.12955465587044535,0.1568627450980392
df594a00-6c0978a0f56b9ed7,04df7bb8-03b9893bdab1344d,0.12893982808022922,0.5113636363636364
bb0949b3-2ee7bbd7615b6bc8,312d9460-0ef5b2ece009b5fd,0.1286549707602339,0.15942028985507245
fa484fdd-937c6feffc490cb9,f5fb1b62-e0e35d308a40e712,0.12860892388451445,0.2552083333333333
fdd85afb-78cf4d5f5887f202,7ae0cb0d-94a5a65427bbd458,0.1282051282051282,0.16666666666666666
fcbe7917-527b4c7bcd90e160,1a400c1b-b126c6bfaffaf3ae,0.1282051282051282,0.16129032258064516
312d9460-0ef5b2ece009b5fd,f870e76b-d3836deeb4de0406,0.1282051282051282,0.14705882352941177
3c667d4f-524cd7f06bda5cb0,ba9b94f7-6947cf384b45cdcc,0.12790697674418605,0.1864406779661017
810cf242-6c100eed34676e90,85125ecb-9e82c9bd9bfb85aa,0.12773722627737227,0.28688524590163933
e7024f3e-583cf3dd9bb3e76a,85125ecb-9e82c9bd9bfb85aa,0.1276595744680851,0.2608695652173913
e7024f3e-583cf3dd9bb3e76a,08b9908d-2314ade53a73911d,0.12761714855433698,0.463768115942029
4f7af821-33eae9882a2e0752,ba9b94f7-6947cf384b45cdcc,0.12716763005780346,0.18333333333333332
4d25818e-e9fd9bc48a79af0b,ba9b94f7-6947cf384b45cdcc,0.12716763005780346,0.18333333333333332
48c5f745-a816068dedd9d00e,08b9908d-2314ade53a73911d,0.12651162790697673,0.3238095238095238
fc80cbe0-a7415db88a189acf,351c9206-26c578b98ea64fce,0.1264957264957265,0.4431137724550898
fc80cbe0-a7415db88a189acf,2b9dfed3-26c578b98ea64fce,0.1264957264957265,0.4431137724550898
ee270b2a-4a0d00c96498d123,10bbe9de-263f759c42a0c822,0.12648221343873517,0.2222222222222222
d77f722c-795a62abdcc8fb0e,351c9206-26c578b98ea64fce,0.1264266900790167,0.5294117647058824
d77f722c-795a62abdcc8fb0e,2b9dfed3-26c578b98ea64fce,0.1264266900790167,0.5294117647058824
e7024f3e-583cf3dd9bb3e76a,351c9206-26c578b98ea64fce,0.12620508326029797,0.5217391304347826
e7024f3e-583cf3dd9bb3e76a,2b9dfed3-26c578b98ea64fce,0.12620508326029797,0.5217391304347826
68d422ec-8e2a4607563a1184,268eb6c6-84e03a0110527cca,0.1258741258741259,0.1267605633802817
67241a76-01f04ac4b7fe3063,b9219544-92e2cc883e24a750,0.12578616352201258,0.21505376344086022
a8e2cefc-63afc29d990cf7ec,351c9206-26c578b98ea64fce,0.1256544502617801,0.5034965034965035
a8e2cefc-63afc29d990cf7ec,2b9dfed3-26c578b98ea64fce,0.1256544502617801,0.5034965034965035
8639f6c6-3f6123942d64b527,351c9206-26c578b98ea64fce,0.125552608311229,0.5546875
8639f6c6-3f6123942d64b527,2b9dfed3-26c578b98ea64fce,0.125552608311229,0.5546875
ee270b2a-4a0d00c96498d123,fc80cbe0-a7415db88a189acf,0.12552301255230125,0.20833333333333334
8639f6c6-3f6123942d64b527,ed37ba7d-fa359dc6c74dfbfa,0.12514220705346984,0.4296875
28c2d81a-3eecc566cc4a7785,351c9206-26c578b98ea64fce,0.125,0.5338345864661654
28c2d81a-3eecc566cc4a7785,2b9dfed3-26c578b98ea64fce,0.125,0.5338345864661654
a4e1511a-bea2751ccbd782bf,ec607ca1-4289fcb0a79e3456,0.1245674740484429,0.27692307692307694
fdd85afb-78cf4d5f5887f202,fc80cbe0-a7415db88a189acf,0.1245136186770428,0.17777777777777778
a4e1511a-bea2751ccbd782bf,fa484fdd-937c6feffc490cb9,0.12422360248447205,0.15384615384615385
953ac418-8f7cfb9d58d993fd,08b9908d-2314ade53a73911d,0.12412412412412413,0.4626865671641791
d12f26f0-5b1bf0f619c49fd6,351c9206-26c578b98ea64fce,0.12410071942446044,0.6330275229357798
d12f26f0-5b1bf0f619c49fd6,2b9dfed3-26c578b98ea64fce,0.12410071942446044,0.6330275229357798
56a90e79-16bd8e2b99bf96c1,08b9908d-2314ade53a73911d,0.12393162393162394,0.8169014084507042
5288afb7-d4163ec84d18479e,96cd6ee9-d775b6062424ec71,0.12366737739872068,0.31868131868131866
fc80cbe0-a7415db88a189acf,ec607ca1-4289fcb0a79e3456,0.12357723577235773,0.2275449101796407
f28b8cb4-bb917f979b8b1e5f,f5fb1b62-e0e35d308a40e712,0.12257100149476831,0.41414141414141414
e7024f3e-583cf3dd9bb3e76a,be3b1289-427649625057af89,0.12236286919831224,0.21014492753623187
ea2fc2bc-8be44aae4b99d930,351c9206-26c578b98ea64fce,0.12234042553191489,0.552
ea2fc2bc-8be44aae4b99d930,2b9dfed3-26c578b98ea64fce,0.12234042553191489,0.552
f28b8cb4-bb917f979b8b1e5f,5e8d1aaa-dfb1ced6b91ff94d,0.1222707423580786,0.1414141414141414
aaccc000-cd3027809553b409,48993e07-b7b5015b1aebd2a4,0.1220159151193634,0.32857142857142857
67241a76-01f04ac4b7fe3063,ec607ca1-4289fcb0a79e3456,0.12199630314232902,0.3548387096774194
8a39dbf5-7b2cf69c607f33e8,ed37ba7d-fa359dc6c74dfbfa,0.12192262602579132,0.5098039215686274
ff3283cf-ba41bd70d21a035e,ed37ba7d-fa359dc6c74dfbfa,0.12192262602579132,0.5098039215686274
56a90e79-16bd8e2b99bf96c1,f5fb1b62-e0e35d308a40e712,0.12168486739469579,0.5492957746478874
8a39dbf5-7b2cf69c607f33e8,04df7bb8-03b9893bdab1344d,0.12078651685393259,0.4215686274509804
ff3283cf-ba41bd70d21a035e,04df7bb8-03b9893bdab1344d,0.12078651685393259,0.4215686274509804
e1a5831a-c8275bfedd968e8c,08b9908d-2314ade53a73911d,0.12076271186440678,0.7215189873417721
ba9b94f7-6947cf384b45cdcc,968c1e7e-af09f49d4848ad95,0.12063492063492064,0.168141592920354
0fdc80c5-eb4012f9f5755db9,351c9206-26c578b98ea64fce,0.12039532794249776,0.6090909090909091
0fdc80c5-eb4012f9f5755db9,2b9dfed3-26c578b98ea64fce,0.12039532794249776,0.6090909090909091
ba9b94f7-6947cf384b45cdcc,be3b1289-427649625057af89,0.12026726057906459,0.23893805309734514
5288afb7-d4163ec84d18479e,fa484fdd-937c6feffc490cb9,0.12014134275618374,0.18681318681318682
312d9460-0ef5b2ece009b5fd,10bbe9de-263f759c42a0c822,0.12014134275618374,0.16666666666666666
8f778337-feb0d359ab443e78,04df7bb8-03b9893bdab1344d,0.12,0.4666666666666667
67241a76-01f04ac4b7fe3063,04df7bb8-03b9893bdab1344d,0.11948790896159317,0.45161290322580644
fcbe7917-527b4c7bcd90e160,fa484fdd-937c6feffc490cb9,0.11929824561403508,0.1827956989247312
68d422ec-8e2a4607563a1184,08b9908d-2314ade53a73911d,0.11916583912611718,0.4225352112676056
e1a5831a-c8275bfedd968e8c,04df7bb8-03b9893bdab1344d,0.11901306240928883,0.5189873417721519
6045e5d1-bd381059561ccf48,a7894e0b-0202afc2359426ca,0.1188118811881188,0.12080536912751678
3cbcb1cc-c51e30d914c3957c,a7894e0b-0202afc2359426ca,0.1188118811881188,0.12080536912751678
6045e5d1-bd381059561ccf48,04df7bb8-03b9893bdab1344d,0.11857707509881422,0.30201342281879195
3cbcb1cc-c51e30d914c3957c,04df7bb8-03b9893bdab1344d,0.11857707509881422,0.30201342281879195
e7024f3e-583cf3dd9bb3e76a,6045e5d1-bd381059561ccf48,0.11846689895470383,0.12318840579710146
e7024f3e-583cf3dd9bb3e76a,3cbcb1cc-c51e30d914c3957c,0.11846689895470383,0.12318840579710146
ee270b2a-4a0d00c96498d123,f5fb1b62-e0e35d308a40e712,0.11838006230529595,0.5277777777777778
f28b8cb4-bb917f979b8b1e5f,08b9908d-2314ade53a73911d,0.11825726141078838,0.5757575757575758
312d9460-0ef5b2ece009b5fd,8f6421f3-958f921ae60910fc,0.11818181818181818,0.12745098039215685
a4e1511a-bea2751ccbd782bf,ed37ba7d-fa359dc6c74dfbfa,0.11804767309875142,0.4
ba9b94f7-6947cf384b45cdcc,c1fef98f-50ede0b8704be38a,0.11796246648793565,0.19469026548672566
312d9460-0ef5b2ece009b5fd,1be078c4-472929b651186639,0.11764705882352941,0.16666666666666666
f28b8cb4-bb917f979b8b1e5f,ed37ba7d-fa359dc6c74dfbfa,0.11764705882352941,0.5050505050505051
a4e1511a-bea2751ccbd782bf,68d422ec-8e2a4607563a1184,0.11764705882352941,0.12307692307692308
8f6421f3-958f921ae60910fc,85125ecb-9e82c9bd9bfb85aa,0.11764705882352941,0.2711864406779661
6045e5d1-bd381059561ccf48,fa484fdd-937c6feffc490cb9,0.11730205278592376,0.1342281879194631
3cbcb1cc-c51e30d914c3957c,fa484fdd-937c6feffc490cb9,0.11730205278592376,0.1342281879194631
bb0949b3-2ee7bbd7615b6bc8,ed37ba7d-fa359dc6c74dfbfa,0.11707317073170732,0.6956521739130435
fcbe7917-527b4c7bcd90e160,a4e1511a-bea2751ccbd782bf,0.11659192825112108,0.13978494623655913
5288afb7-d4163ec84d18479e,f870e76b-d3836deeb4de0406,0.11659192825112108,0.14285714285714285
312d9460-0ef5b2ece009b5fd,9fd33d5a-211f949777137364,0.11650485436893204,0.11764705882352941
6045e5d1-bd381059561ccf48,351c9206-26c578b98ea64fce,0.11631944444444445,0.44966442953020136
6045e5d1-bd381059561ccf48,2b9dfed3-26c578b98ea64fce,0.11631944444444445,0.44966442953020136
3cbcb1cc-c51e30d914c3957c,351c9206-26c578b98ea64fce,0.11631944444444445,0.44966442953020136
3cbcb1cc-c51e30d914c3957c,2b9dfed3-26c578b98ea64fce,0.11631944444444445,0.44966442953020136
5288afb7-d4163ec84d18479e,85125ecb-9e82c9bd9bfb85aa,0.11605415860735009,0.32967032967032966
80c384e4-af35838eb0b75e7d,04df7bb8-03b9893bdab1344d,0.11572700296735905,0.609375
967b67b0-b5ba1c50df880f8d,04df7bb8-03b9893bdab1344d,0.11572700296735905,0.609375
df594a00-6c0978a0f56b9ed7,f5fb1b62-e0e35d308a40e712,0.11550151975683891,0.4318181818181818
312d9460-0ef5b2ece009b5fd,48c5f745-a816068dedd9d00e,0.11538461538461539,0.17647058823529413
fdd85afb-78cf4d5f5887f202,312d9460-0ef5b2ece009b5fd,0.11458333333333333,0.12222222222222222
4d25818e-e9fd9bc48a79af0b,fc80cbe0-a7415db88a189acf,0.1145374449339207,0.21666666666666667
00c0b82a-a23297c71634ae34,ed37ba7d-fa359dc6c74dfbfa,0.11449451887941535,0.6714285714285714
6045e5d1-bd381059561ccf48,f339ef6f-45aadddb6e5b087e,0.11428571428571428,0.1476510067114094
3cbcb1cc-c51e30d914c3957c,f339ef6f-45aadddb6e5b087e,0.11428571428571428,0.1476510067114094
312d9460-0ef5b2ece009b5fd,c220c822-481cdf45cef307f8,0.11401425178147269,0.23529411764705882
5288afb7-d4163ec84d18479e,0adb1ee5-3b312e6358ac7282,0.11392405063291139,0.1978021978021978
8a39dbf5-7b2cf69c607f33e8,08b9908d-2314ade53a73911d,0.11375387797311272,0.5392156862745098
ff3283cf-ba41bd70d21a035e,08b9908d-2314ade53a73911d,0.11375387797311272,0.5392156862745098
67241a76-01f04ac4b7fe3063,4fb09c5f-6bd800fac7ff4f8e,0.11371237458193979,0.1827956989247312
b6724dd9-caf9b13758ca6852,351c9206-26c578b98ea64fce,0.11347517730496454,0.512
b6724dd9-caf9b13758ca6852,2b9dfed3-26c578b98ea64fce,0.11347517730496454,0.512
ba9b94f7-6947cf384b45cdcc,04df7bb8-03b9893bdab1344d,0.11341632088520055,0.36283185840707965
a4e1511a-bea2751ccbd782bf,20012377-c8b711b6bd0ca533,0.11331444759206799,0.15384615384615385
a4e1511a-bea2751ccbd782bf,079ad09e-aa293a47b55193eb,0.11331444759206799,0.15384615384615385
aaccc000-cd3027809553b409,85125ecb-9e82c9bd9bfb85aa,0.11290322580645161,0.4
b6724dd9-caf9b13758ca6852,85125ecb-9e82c9bd9bfb85aa,0.11252268602540835,0.248
5288afb7-d4163ec84d18479e,4548305b-08b9f6e926231e7f,0.11214953271028037,0.26373626373626374
5288afb7-d4163ec84d18479e,4548305b-6b2cbf197d80b87c,0.11214953271028037,0.26373626373626374
312d9460-0ef5b2ece009b5fd,968c1e7e-af09f49d4848ad95,0.1118421052631579,0.16666666666666666
fc80cbe0-a7415db88a189acf,fa484fdd-937c6feffc490cb9,0.11142061281337047,0.11976047904191617
00c0b82a-a23297c71634ae34,08b9908d-2314ade53a73911d,0.11122994652406418,0.7428571428571429
ba9b94f7-6947cf384b45cdcc,ec607ca1-4289fcb0a79e3456,0.11051693404634581,0.2743362831858407
312d9460-0ef5b2ece009b5fd,4fb09c5f-6bd800fac7ff4f8e,0.11038961038961038,0.16666666666666666
5288afb7-d4163ec84d18479e,0b5cff5a-85797cc0b56a2e03,0.11009174311926606,0.1978021978021978
ee270b2a-4a0d00c96498d123,ed37ba7d-fa359dc6c74dfbfa,0.10935601458080195,0.625
e1a5831a-c8275bfedd968e8c,351c9206-26c578b98ea64fce,0.10905730129390019,0.7468354430379747
e1a5831a-c8275bfedd968e8c,2b9dfed3-26c578b98ea64fce,0.10905730129390019,0.7468354430379747
fcbe7917-527b4c7bcd90e160,ed37ba7d-fa359dc6c74dfbfa,0.10900473933649289,0.4946236559139785
3380fa52-397c19efc6ec4545,312d9460-0ef5b2ece009b5fd,0.10891089108910891,0.11
c57a973e-819a66b366a8be16,351c9206-26c578b98ea64fce,0.10883140053523639,0.5169491525423728
c57a973e-819a66b366a8be16,2b9dfed3-26c578b98ea64fce,0.10883140053523639,0.5169491525423728
fa484fdd-937c6feffc490cb9,ed37ba7d-fa359dc6c74dfbfa,0.10816542948038176,0.265625
268eb6c6-84e03a0110527cca,351c9206-26c578b98ea64fce,0.10810810810810811,0.4305555555555556
268eb6c6-84e03a0110527cca,2b9dfed3-26c578b98ea64fce,0.10810810810810811,0.4305555555555556
d12f26f0-5b1bf0f619c49fd6,ba9b94f7-6947cf384b45cdcc,0.10810810810810811,0.11009174311926606
2f8c3bf3-e73d8329c1717cd5,08b9908d-2314ade53a73911d,0.10787486515641856,0.8064516129032258
3380fa52-397c19efc6ec4545,08b9908d-2314ade53a73911d,0.1077720207253886,0.52
80c384e4-af35838eb0b75e7d,08b9908d-2314ade53a73911d,0.10764262648008611,0.78125
967b67b0-b5ba1c50df880f8d,08b9908d-2314ade53a73911d,0.10764262648008611,0.78125
80c384e4-af35838eb0b75e7d,f5fb1b62-e0e35d308a40e712,0.10725552050473186,0.53125
967b67b0-b5ba1c50df880f8d,f5fb1b62-e0e35d308a40e712,0.10725552050473186,0.53125
bb0949b3-2ee7bbd7615b6bc8,08b9908d-2314ade53a73911d,0.10706638115631692,0.7246376811594203
fcbe7917-527b4c7bcd90e160,4548305b-08b9f6e926231e7f,0.10697674418604651,0.24731182795698925
fcbe7917-527b4c7bcd90e160,4548305b-6b2cbf197d80b87c,0.10697674418604651,0.24731182795698925
6045e5d1-bd381059561ccf48,ed37ba7d-fa359dc6c74dfbfa,0.10666666666666667,0.3221476510067114
3cbcb1cc-c51e30d914c3957c,ed37ba7d-fa359dc6c74dfbfa,0.10666666666666667,0.3221476510067114
ba9b94f7-6947cf384b45cdcc,b9219544-92e2cc883e24a750,0.10650887573964497,0.1592920353982301
ea2fc2bc-8be44aae4b99d930,48993e07-b7b5015b1aebd2a4,0.10648148148148148,0.184
8a39dbf5-7b2cf69c607f33e8,85125ecb-9e82c9bd9bfb85aa,0.10606060606060606,0.27450980392156865
ff3283cf-ba41bd70d21a035e,85125ecb-9e82c9bd9bfb85aa,0.10606060606060606,0.27450980392156865
4d25818e-e9fd9bc48a79af0b,ed37ba7d-fa359dc6c74dfbfa,0.1060419235511714,0.7166666666666667
71c7ac71-104324308e29828f,351c9206-26c578b98ea64fce,0.1057347670250896,0.5221238938053098
71c7ac71-104324308e29828f,2b9dfed3-26c578b98ea64fce,0.1057347670250896,0.5221238938053098
fcbe7917-527b4c7bcd90e160,f5fb1b62-e0e35d308a40e712,0.10558069381598793,0.3763440860215054
9fd33d5a-211f949777137364,ed37ba7d-fa359dc6c74dfbfa,0.10526315789473684,0.4326923076923077
259c1ea4-23a087ca7861c1b5,ec607ca1-4289fcb0a79e3456,0.10526315789473684,0.3333333333333333
df594a00-6c0978a0f56b9ed7,08b9908d-2314ade53a73911d,0.1049317943336831,0.5681818181818182
df594a00-6c0978a0f56b9ed7,ed37ba7d-fa359dc6c74dfbfa,0.10488676996424315,0.5
4fb09c5f-6bd800fac7ff4f8e,85125ecb-9e82c9bd9bfb85aa,0.10443037974683544,0.16019417475728157
a4e1511a-bea2751ccbd782bf,351c9206-26c578b98ea64fce,0.10414827890556046,0.45384615384615384
a4e1511a-bea2751ccbd782bf,2b9dfed3-26c578b98ea64fce,0.10414827890556046,0.45384615384615384
67241a76-01f04ac4b7fe3063,85125ecb-9e82c9bd9bfb85aa,0.10404624277456648,0.2903225806451613
80c384e4-af35838eb0b75e7d,ed37ba7d-fa359dc6c74dfbfa,0.10306748466257669,0.65625
967b67b0-b5ba1c50df880f8d,ed37ba7d-fa359dc6c74dfbfa,0.10306748466257669,0.65625
9fd33d5a-211f949777137364,351c9206-26c578b98ea64fce,0.10298102981029811,0.5480769230769231
9fd33d5a-211f949777137364,2b9dfed3-26c578b98ea64fce,0.10298102981029811,0.5480769230769231
aaccc000-cd3027809553b409,08b9908d-2314ade53a73911d,0.10267379679144385,0.6857142857142857
fcbe7917-527b4c7bcd90e160,be3b1289-427649625057af89,0.10256410256410256,0.23655913978494625
259c1ea4-23a087ca7861c1b5,48993e07-b7b5015b1aebd2a4,0.10230179028132992,0.23809523809523808
ba9b94f7-6947cf384b45cdcc,4548305b-08b9f6e926231e7f,0.10222222222222223,0.20353982300884957
ba9b94f7-6947cf384b45cdcc,4548305b-6b2cbf197d80b87c,0.10222222222222223,0.20353982300884957
968c1e7e-af09f49d4848ad95,48993e07-b7b5015b1aebd2a4,0.10216110019646366,0.12871287128712872
67241a76-01f04ac4b7fe3063,96cd6ee9-d775b6062424ec71,0.10191082802547771,0.25806451612903225
810cf242-6c100eed34676e90,351c9206-26c578b98ea64fce,0.10133333333333333,0.4672131147540984
810cf242-6c100eed34676e90,2b9dfed3-26c578b98ea64fce,0.10133333333333333,0.4672131147540984
2f8c3bf3-e73d8329c1717cd5,f5fb1b62-e0e35d308a40e712,0.10126582278481013,0.5161290322580645
67241a76-01f04ac4b7fe3063,b6724dd9-caf9b13758ca6852,0.10091743119266056,0.11827956989247312
a4e1511a-bea2751ccbd782bf,85125ecb-9e82c9bd9bfb85aa,0.10071942446043165,0.2153846153846154
a4e1511a-bea2751ccbd782bf,48993e07-b7b5015b1aebd2a4,0.10068649885583524,0.16923076923076924
fdd85afb-78cf4d5f5887f202,08b9908d-2314ade53a73911d,0.10052356020942409,0.5333333333333333
5288afb7-d4163ec84d18479e,8639f6c6-3f6123942d64b527,0.1004566210045662,0.12087912087912088
fdd85afb-78cf4d5f5887f202,04df7bb8-03b9893bdab1344d,0.1,0.3888888888888889
8f778337-feb0d359ab443e78,a4e1511a-bea2751ccbd782bf,0.1,0.12222222222222222
8f778337-feb0d359ab443e78,ed37ba7d-fa359dc6c74dfbfa,0.09988109393579073,0.4666666666666667
5288afb7-d4163ec84d18479e,04df7bb8-03b9893bdab1344d,0.09985734664764621,0.38461538461538464
56a90e79-16bd8e2b99bf96c1,ed37ba7d-fa359dc6c74dfbfa,0.09975669099756691,0.5774647887323944
fcbe7917-527b4c7bcd90e160,3cf63146-6ee67beae368cb31,0.0989399293286219,0.15053763440860216
ba9b94f7-6947cf384b45cdcc,2b2d3b84-50128d26a6131abb,0.09876543209876543,0.10619469026548672
4d25818e-e9fd9bc48a79af0b,f5fb1b62-e0e35d308a40e712,0.09841269841269841,0.5166666666666667
312d9460-0ef5b2ece009b5fd,ec607ca1-4289fcb0a79e3456,0.09818181818181818,0.2647058823529412
ba9b94f7-6947cf384b45cdcc,28c2d81a-3eecc566cc4a7785,0.0975609756097561,0.10619469026548672
aaccc000-cd3027809553b409,ed37ba7d-fa359dc6c74dfbfa,0.09744214372716199,0.5714285714285714
5e8d1aaa-dfb1ced6b91ff94d,85125ecb-9e82c9bd9bfb85aa,0.09712230215827339,0.2076923076923077
5e8d1aaa-dfb1ced6b91ff94d,e7024f3e-583cf3dd9bb3e76a,0.09701492537313433,0.1
fdd85afb-78cf4d5f5887f202,85125ecb-9e82c9bd9bfb85aa,0.09689922480620156,0.2777777777777778
fcbe7917-527b4c7bcd90e160,85125ecb-9e82c9bd9bfb85aa,0.09633911368015415,0.26881720430107525
8f778337-feb0d359ab443e78,08b9908d-2314ade53a73911d,0.09633507853403141,0.5111111111111111
312d9460-0ef5b2ece009b5fd,96cd6ee9-d775b6062424ec71,0.09583333333333334,0.22549019607843138
4f7af821-33eae9882a2e0752,f5fb1b62-e0e35d308a40e712,0.09523809523809523,0.5
fdd85afb-78cf4d5f5887f202,a3abac01-a5aaba77aa0fc76b,0.09523809523809523,0.2
312d9460-0ef5b2ece009b5fd,0b5cff5a-85797cc0b56a2e03,0.09467455621301775,0.1568627450980392
ea2fc2bc-8be44aae4b99d930,85125ecb-9e82c9bd9bfb85aa,0.09437386569872959,0.208
c4d04ce7-a72b293277badd3e,85125ecb-9e82c9bd9bfb85aa,0.09358752166377816,0.17880794701986755
ba9b94f7-6947cf384b45cdcc,8c591975-fee3ed7b98c29d64,0.0935412026726058,0.18584070796460178
953ac418-8f7cfb9d58d993fd,351c9206-26c578b98ea64fce,0.0932277924362357,0.39552238805970147
953ac418-8f7cfb9d58d993fd,2b9dfed3-26c578b98ea64fce,0.0932277924362357,0.39552238805970147
00c0b82a-a23297c71634ae34,351c9206-26c578b98ea64fce,0.09319664492078285,0.7142857142857143
00c0b82a-a23297c71634ae34,2b9dfed3-26c578b98ea64fce,0.09319664492078285,0.7142857142857143
8f778337-feb0d359ab443e78,85125ecb-9e82c9bd9bfb85aa,0.09302325581395349,0.26666666666666666
3c667d4f-524cd7f06bda5cb0,f5fb1b62-e0e35d308a40e712,0.09220985691573927,0.4915254237288136
1a400c1b-b126c6bfaffaf3ae,85125ecb-9e82c9bd9bfb85aa,0.09171075837742504,0.18439716312056736
3c667d4f-524cd7f06bda5cb0,ed37ba7d-fa359dc6c74dfbfa,0.09135802469135802,0.6271186440677966
4f7af821-33eae9882a2e0752,ed37ba7d-fa359dc6c74dfbfa,0.09124537607891492,0.6166666666666667
3c667d4f-524cd7f06bda5cb0,08b9908d-2314ade53a73911d,0.09090909090909091,0.711864406779661
4d25818e-e9fd9bc48a79af0b,08b9908d-2314ade53a73911d,0.09081081081081081,0.7
f28b8cb4-bb917f979b8b1e5f,351c9206-26c578b98ea64fce,0.09074410163339383,0.5050505050505051
f28b8cb4-bb917f979b8b1e5f,2b9dfed3-26c578b98ea64fce,0.09074410163339383,0.5050505050505051
5288afb7-d4163ec84d18479e,a3abac01-a5aaba77aa0fc76b,0.08970976253298153,0.18681318681318682
3380fa52-397c19efc6ec4545,f5fb1b62-e0e35d308a40e712,0.08955223880597014,0.3
312d9460-0ef5b2ece009b5fd,7ae0cb0d-94a5a65427bbd458,0.08943089430894309,0.10784313725490197
312d9460-0ef5b2ece009b5fd,268eb6c6-84e03a0110527cca,0.08943089430894309,0.10784313725490197
e1a5831a-c8275bfedd968e8c,f5fb1b62-e0e35d308a40e712,0.08936825885978428,0.3670886075949367
5288afb7-d4163ec84d18479e,be3b1289-427649625057af89,0.08899297423887588,0.2087912087912088
4f7af821-33eae9882a2e0752,08b9908d-2314ade53a73911d,0.08864864864864865,0.6833333333333333
259c1ea4-23a087ca7861c1b5,08b9908d-2314ade53a73911d,0.08851422550052687,0.5
ba9b94f7-6947cf384b45cdcc,1ea771ea-6c6d54874f73ad39,0.08832807570977919,0.12389380530973451
ba9b94f7-6947cf384b45cdcc,f5fb1b62-e0e35d308a40e712,0.08784773060029283,0.26548672566371684
aaccc000-cd3027809553b409,f5fb1b62-e0e35d308a40e712,0.0875,0.4
00c0b82a-a23297c71634ae34,f5fb1b62-e0e35d308a40e712,0.0875,0.4
ee270b2a-4a0d00c96498d123,351c9206-26c578b98ea64fce,0.08744186046511628,0.6527777777777778
ee270b2a-4a0d00c96498d123,2b9dfed3-26c578b98ea64fce,0.08744186046511628,0.6527777777777778
5288afb7-d4163ec84d18479e,67241a76-01f04ac4b7fe3063,0.08695652173913043,0.08791208791208792
8a39dbf5-7b2cf69c607f33e8,351c9206-26c578b98ea64fce,0.08687782805429864,0.47058823529411764
8a39dbf5-7b2cf69c607f33e8,2b9dfed3-26c578b98ea64fce,0.08687782805429864,0.47058823529411764
ff3283cf-ba41bd70d21a035e,351c9206-26c578b98ea64fce,0.08687782805429864,0.47058823529411764
ff3283cf-ba41bd70d21a035e,2b9dfed3-26c578b98ea64fce,0.08687782805429864,0.47058823529411764
80c384e4-af35838eb0b75e7d,fc80cbe0-a7415db88a189acf,0.08658008658008658,0.15625
967b67b0-b5ba1c50df880f8d,fc80cbe0-a7415db88a189acf,0.08658008658008658,0.15625
259c1ea4-23a087ca7861c1b5,ed37ba7d-fa359dc6c74dfbfa,0.08622754491017964,0.42857142857142855
312d9460-0ef5b2ece009b5fd,5e8d1aaa-dfb1ced6b91ff94d,0.08620689655172414,0.09803921568627451
259c1ea4-23a087ca7861c1b5,a3abac01-a5aaba77aa0fc76b,0.08602150537634409,0.19047619047619047
56a90e79-16bd8e2b99bf96c1,351c9206-26c578b98ea64fce,0.08379888268156424,0.6338028169014085
56a90e79-16bd8e2b99bf96c1,2b9dfed3-26c578b98ea64fce,0.08379888268156424,0.6338028169014085
968c1e7e-af09f49d4848ad95,351c9206-26c578b98ea64fce,0.08298755186721991,0.24752475247524752
968c1e7e-af09f49d4848ad95,2b9dfed3-26c578b98ea64fce,0.08298755186721991,0.24752475247524752
968c1e7e-af09f49d4848ad95,85125ecb-9e82c9bd9bfb85aa,0.08280254777070063,0.12871287128712872
df594a00-6c0978a0f56b9ed7,351c9206-26c578b98ea64fce,0.08249312557286893,0.5113636363636364
df594a00-6c0978a0f56b9ed7,2b9dfed3-26c578b98ea64fce,0.08249312557286893,0.5113636363636364
ba9b94f7-6947cf384b45cdcc,351c9206-26c578b98ea64fce,0.08243727598566308,0.40707964601769914
ba9b94f7-6947cf384b45cdcc,2b9dfed3-26c578b98ea64fce,0.08243727598566308,0.40707964601769914
3380fa52-397c19efc6ec4545,fc80cbe0-a7415db88a189acf,0.08239700374531835,0.11
312d9460-0ef5b2ece009b5fd,1a400c1b-b126c6bfaffaf3ae,0.0823045267489712,0.09803921568627451
8f778337-feb0d359ab443e78,f5fb1b62-e0e35d308a40e712,0.08181818181818182,0.3
ba9b94f7-6947cf384b45cdcc,08b9908d-2314ade53a73911d,0.081799591002045,0.35398230088495575
aaccc000-cd3027809553b409,312d9460-0ef5b2ece009b5fd,0.08139534883720931,0.1
9fd33d5a-211f949777137364,fc80cbe0-a7415db88a189acf,0.08118081180811808,0.10576923076923077
80c384e4-af35838eb0b75e7d,351c9206-26c578b98ea64fce,0.08059981255857544,0.671875
80c384e4-af35838eb0b75e7d,2b9dfed3-26c578b98ea64fce,0.08059981255857544,0.671875
967b67b0-b5ba1c50df880f8d,351c9206-26c578b98ea64fce,0.08059981255857544,0.671875
967b67b0-b5ba1c50df880f8d,2b9dfed3-26c578b98ea64fce,0.08059981255857544,0.671875
3380fa52-397c19efc6ec4545,351c9206-26c578b98ea64fce,0.07978241160471441,0.44
3380fa52-397c19efc6ec4545,2b9dfed3-26c578b98ea64fce,0.07978241160471441,0.44
ba9b94f7-6947cf384b45cdcc,1a400c1b-b126c6bfaffaf3ae,0.07874015748031496,0.08849557522123894
8f778337-feb0d359ab443e78,351c9206-26c578b98ea64fce,0.07868252516010979,0.4777777777777778
8f778337-feb0d359ab443e78,2b9dfed3-26c578b98ea64fce,0.07868252516010979,0.4777777777777778
aaccc000-cd3027809553b409,351c9206-26c578b98ea64fce,0.0782851817334576,0.6
aaccc000-cd3027809553b409,2b9dfed3-26c578b98ea64fce,0.0782851817334576,0.6
ba9b94f7-6947cf384b45cdcc,a8e2cefc-63afc29d990cf7ec,0.078125,0.08849557522123894
312d9460-0ef5b2ece009b5fd,8c591975-fee3ed7b98c29d64,0.0776255707762557,0.16666666666666666
ba9b94f7-6947cf384b45cdcc,ed37ba7d-fa359dc6c74dfbfa,0.0763888888888889,0.2920353982300885
67241a76-01f04ac4b7fe3063,f5fb1b62-e0e35d308a40e712,0.07541478129713423,0.26881720430107525
259c1ea4-23a087ca7861c1b5,312d9460-0ef5b2ece009b5fd,0.07526881720430108,0.08333333333333333
67241a76-01f04ac4b7fe3063,08b9908d-2314ade53a73911d,0.07515657620041753,0.3870967741935484
268eb6c6-84e03a0110527cca,6045e5d1-bd381059561ccf48,0.07508532423208192,0.0763888888888889
268eb6c6-84e03a0110527cca,3cbcb1cc-c51e30d914c3957c,0.07508532423208192,0.0763888888888889
3c667d4f-524cd7f06bda5cb0,312d9460-0ef5b2ece009b5fd,0.07453416149068323,0.1016949152542373
4f7af821-33eae9882a2e0752,312d9460-0ef5b2ece009b5fd,0.07407407407407407,0.1
4d25818e-e9fd9bc48a79af0b,312d9460-0ef5b2ece009b5fd,0.07407407407407407,0.1
312d9460-0ef5b2ece009b5fd,20012377-c8b711b6bd0ca533,0.07384615384615385,0.11764705882352941
312d9460-0ef5b2ece009b5fd,079ad09e-aa293a47b55193eb,0.07384615384615385,0.11764705882352941
67241a76-01f04ac4b7fe3063,ed37ba7d-fa359dc6c74dfbfa,0.07345971563981042,0.3333333333333333
5288afb7-d4163ec84d18479e,351c9206-26c578b98ea64fce,0.07312614259597806,0.43956043956043955
5288afb7-d4163ec84d18479e,2b9dfed3-26c578b98ea64fce,0.07312614259597806,0.43956043956043955
312d9460-0ef5b2ece009b5fd,be3b1289-427649625057af89,0.0730593607305936,0.1568627450980392
bb0949b3-2ee7bbd7615b6bc8,351c9206-26c578b98ea64fce,0.07276119402985075,0.5652173913043478
bb0949b3-2ee7bbd7615b6bc8,2b9dfed3-26c578b98ea64fce,0.07276119402985075,0.5652173913043478
a4e1511a-bea2751ccbd782bf,6045e5d1-bd381059561ccf48,0.07168458781362007,0.07692307692307693
a4e1511a-bea2751ccbd782bf,3cbcb1cc-c51e30d914c3957c,0.07168458781362007,0.07692307692307693
fdd85afb-78cf4d5f5887f202,ed37ba7d-fa359dc6c74dfbfa,0.0713436385255648,0.3333333333333333
312d9460-0ef5b2ece009b5fd,f339ef6f-45aadddb6e5b087e,0.07100591715976332,0.11764705882352941
312d9460-0ef5b2ece009b5fd,4548305b-08b9f6e926231e7f,0.0683371298405467,0.14705882352941177
312d9460-0ef5b2ece009b5fd,4548305b-6b2cbf197d80b87c,0.0683371298405467,0.14705882352941177
67241a76-01f04ac4b7fe3063,351c9206-26c578b98ea64fce,0.06751824817518248,0.3978494623655914
67241a76-01f04ac4b7fe3063,2b9dfed3-26c578b98ea64fce,0.06751824817518248,0.3978494623655914
fcbe7917-527b4c7bcd90e160,08b9908d-2314ade53a73911d,0.06680584551148225,0.34408602150537637
5288afb7-d4163ec84d18479e,ec607ca1-4289fcb0a79e3456,0.06679035250463822,0.1978021978021978
312d9460-0ef5b2ece009b5fd,c1fef98f-50ede0b8704be38a,0.06629834254143646,0.11764705882352941
bb0949b3-2ee7bbd7615b6bc8,f5fb1b62-e0e35d308a40e712,0.06572769953051644,0.30434782608695654
ba9b94f7-6947cf384b45cdcc,fa484fdd-937c6feffc490cb9,0.06557377049180328,0.08849557522123894
312d9460-0ef5b2ece009b5fd,08b9908d-2314ade53a73911d,0.0641158221302999,0.30392156862745096
3c667d4f-524cd7f06bda5cb0,351c9206-26c578b98ea64fce,0.064030131826742,0.576271186440678
3c667d4f-524cd7f06bda5cb0,2b9dfed3-26c578b98ea64fce,0.064030131826742,0.576271186440678
4f7af821-33eae9882a2e0752,351c9206-26c578b98ea64fce,0.06396989651928504,0.5666666666666667
4d25818e-e9fd9bc48a79af0b,351c9206-26c578b98ea64fce,0.06396989651928504,0.5666666666666667
4f7af821-33eae9882a2e0752,2b9dfed3-26c578b98ea64fce,0.06396989651928504,0.5666666666666667
4d25818e-e9fd9bc48a79af0b,2b9dfed3-26c578b98ea64fce,0.06396989651928504,0.5666666666666667
2f8c3bf3-e73d8329c1717cd5,ed37ba7d-fa359dc6c74dfbfa,0.06396063960639606,0.41935483870967744
312d9460-0ef5b2ece009b5fd,f5fb1b62-e0e35d308a40e712,0.0625,0.20588235294117646
fdd85afb-78cf4d5f5887f202,ba9b94f7-6947cf384b45cdcc,0.059113300492610835,0.06666666666666667
312d9460-0ef5b2ece009b5fd,1ea771ea-6c6d54874f73ad39,0.058823529411764705,0.08823529411764706
312d9460-0ef5b2ece009b5fd,ed37ba7d-fa359dc6c74dfbfa,0.05861664712778429,0.24509803921568626
ba9b94f7-6947cf384b45cdcc,a4e1511a-bea2751ccbd782bf,0.05761316872427984,0.061946902654867256
fdd85afb-78cf4d5f5887f202,f5fb1b62-e0e35d308a40e712,0.05757575757575758,0.2111111111111111
ee270b2a-4a0d00c96498d123,312d9460-0ef5b2ece009b5fd,0.05747126436781609,0.06944444444444445
312d9460-0ef5b2ece009b5fd,351c9206-26c578b98ea64fce,0.05429864253393665,0.29411764705882354
312d9460-0ef5b2ece009b5fd,2b9dfed3-26c578b98ea64fce,0.05429864253393665,0.29411764705882354
312d9460-0ef5b2ece009b5fd,04df7bb8-03b9893bdab1344d,0.05337078651685393,0.18627450980392157
259c1ea4-23a087ca7861c1b5,351c9206-26c578b98ea64fce,0.05335786568537258,0.34523809523809523
259c1ea4-23a087ca7861c1b5,2b9dfed3-26c578b98ea64fce,0.05335786568537258,0.34523809523809523
2f8c3bf3-e73d8329c1717cd5,351c9206-26c578b98ea64fce,0.05258215962441314,0.45161290322580644
2f8c3bf3-e73d8329c1717cd5,2b9dfed3-26c578b98ea64fce,0.05258215962441314,0.45161290322580644
f28b8cb4-bb917f979b8b1e5f,a4e1511a-bea2751ccbd782bf,0.05240174672489083,0.06060606060606061
5288afb7-d4163ec84d18479e,ed37ba7d-fa359dc6c74dfbfa,0.052256532066508314,0.24175824175824176
a4e1511a-bea2751ccbd782bf,e7024f3e-583cf3dd9bb3e76a,0.05223880597014925,0.05384615384615385
312d9460-0ef5b2ece009b5fd,a4e1511a-bea2751ccbd782bf,0.05172413793103448,0.058823529411764705
5288afb7-d4163ec84d18479e,f5fb1b62-e0e35d308a40e712,0.05143721633888049,0.18681318681318682
fc80cbe0-a7415db88a189acf,85125ecb-9e82c9bd9bfb85aa,0.050590219224283306,0.08982035928143713
312d9460-0ef5b2ece009b5fd,a8e2cefc-63afc29d990cf7ec,0.04897959183673469,0.058823529411764705
fcbe7917-527b4c7bcd90e160,351c9206-26c578b98ea64fce,0.04744525547445255,0.27956989247311825
fcbe7917-527b4c7bcd90e160,2b9dfed3-26c578b98ea64fce,0.04744525547445255,0.27956989247311825
5288afb7-d4163ec84d18479e,c1fef98f-50ede0b8704be38a,0.045584045584045586,0.08791208791208792
312d9460-0ef5b2ece009b5fd,505f8562-153b80964f03522c,0.04477611940298507,0.08823529411764706
312d9460-0ef5b2ece009b5fd,810cf242-6c100eed34676e90,0.044642857142857144,0.049019607843137254
ba9b94f7-6947cf384b45cdcc,85125ecb-9e82c9bd9bfb85aa,0.04452690166975881,0.10619469026548672
3380fa52-397c19efc6ec4545,a4e1511a-bea2751ccbd782bf,0.043478260869565216,0.05
5288afb7-d4163ec84d18479e,1a400c1b-b126c6bfaffaf3ae,0.04310344827586207,0.054945054945054944
5288afb7-d4163ec84d18479e,f339ef6f-45aadddb6e5b087e,0.04281345565749235,0.07692307692307693
5288afb7-d4163ec84d18479e,08b9908d-2314ade53a73911d,0.03765690376569038,0.1978021978021978
312d9460-0ef5b2ece009b5fd,0adb1ee5-3b312e6358ac7282,0.03669724770642202,0.058823529411764705
5288afb7-d4163ec84d18479e,505f8562-153b80964f03522c,0.03580562659846547,0.07692307692307693
fdd85afb-78cf4d5f5887f202,351c9206-26c578b98ea64fce,0.03110704483074108,0.18888888888888888
fdd85afb-78cf4d5f5887f202,2b9dfed3-26c578b98ea64fce,0.03110704483074108,0.18888888888888888
312d9460-0ef5b2ece009b5fd,a3abac01-a5aaba77aa0fc76b,0.03076923076923077,0.058823529411764705
5288afb7-d4163ec84d18479e,8c591975-fee3ed7b98c29d64,0.02810304449648712,0.06593406593406594
312d9460-0ef5b2ece009b5fd,fa484fdd-937c6feffc490cb9,0.0,0.0
312d9460-0ef5b2ece009b5fd,2b2d3b84-50128d26a6131abb,0.0,0.0
80c384e4-af35838eb0b75e7d,312d9460-0ef5b2ece009b5fd,0.0,0.0
967b67b0-b5ba1c50df880f8d,312d9460-0ef5b2ece009b5fd,0.0,0.0
312d9460-0ef5b2ece009b5fd,d12f26f0-5b1bf0f619c49fd6,0.0,0.0
312d9460-0ef5b2ece009b5fd,85125ecb-9e82c9bd9bfb85aa,0.0,0.0
