submissionName1,submissionName2,averageSimilarity,maxSimilarity
5a81e159-490a903ff60a1435,5a81e159-df7109b1581700ac,1.0,1.0
6db218a2-ed2d2f57e3ca9626,90b71536-07dac993d8c28e54,1.0,1.0
2bbc6c80-5ffd69e567be7881,4e58558c-2a15aa5b998784b7,1.0,1.0
77ec956f-adf46fc113a7897c,ac8ef97c-adf46fc113a7897c,1.0,1.0
3ff60986-273cd67b97fa65cc,d0b4b96c-273cd67b97fa65cc,1.0,1.0
d82fa7e3-0d7b96efb8ce09a1,d82fa7e3-d7f803eced03719a,1.0,1.0
5af25bd7-bab814ae1e80f49c,77ec956f-adf46fc113a7897c,0.9,0.9
5af25bd7-bab814ae1e80f49c,ac8ef97c-adf46fc113a7897c,0.9,0.9
810fd282-016bd38b5df9af4b,ec558d69-d301b312aca2c9fd,0.896551724137931,0.9069767441860465
3ff60986-273cd67b97fa65cc,74b5ad88-6fbfa2c19908891e,0.8717948717948718,0.9066666666666666
d0b4b96c-273cd67b97fa65cc,74b5ad88-6fbfa2c19908891e,0.8717948717948718,0.9066666666666666
810fd282-016bd38b5df9af4b,0f3a2acf-8994ebc03e7ccbc7,0.8439306358381503,0.8488372093023255
1a31f5cb-4ef4f09fb9624c11,51019113-a310eab1573fba02,0.8198757763975155,0.88
3ff60986-273cd67b97fa65cc,810fd282-016bd38b5df9af4b,0.7701863354037267,0.8266666666666667
d0b4b96c-273cd67b97fa65cc,810fd282-016bd38b5df9af4b,0.7701863354037267,0.8266666666666667
1a31f5cb-4ef4f09fb9624c11,279e274a-27357e18512fc9ac,0.7647058823529411,0.8666666666666667
1a31f5cb-4ef4f09fb9624c11,f652c678-58f2857bc1709754,0.7607361963190185,0.8266666666666667
0f3a2acf-8994ebc03e7ccbc7,ec558d69-d301b312aca2c9fd,0.7428571428571429,0.7471264367816092
51019113-a310eab1573fba02,45561f1f-d11d10e7250c6b28,0.7272727272727273,0.7906976744186046
866a2d52-ad8604feffbc28ba,f652c678-58f2857bc1709754,0.7261904761904762,0.7625
9a20c823-548521dc0db7c15e,c73cd266-da8e3b2fb99cbc79,0.7105263157894737,0.72
51019113-a310eab1573fba02,279e274a-27357e18512fc9ac,0.7071823204419889,0.7441860465116279
74b5ad88-6fbfa2c19908891e,cc9230d3-5843ddff2820285f,0.6993865030674846,0.7037037037037037
1a31f5cb-4ef4f09fb9624c11,c73cd266-da8e3b2fb99cbc79,0.6973684210526315,0.7066666666666667
dc575a6c-382501ea02c794c3,d2eb953e-1dc0ecab263b1cd0,0.6936416184971098,0.759493670886076
1a31f5cb-4ef4f09fb9624c11,45561f1f-d11d10e7250c6b28,0.6931818181818182,0.8133333333333334
2bbc6c80-5ffd69e567be7881,9069684f-fab714a1fbf680fb,0.6907216494845361,0.6907216494845361
4e58558c-2a15aa5b998784b7,9069684f-fab714a1fbf680fb,0.6907216494845361,0.6907216494845361
9a20c823-548521dc0db7c15e,fd16f5b0-a397cd613100646d,0.6904761904761905,0.7733333333333333
51019113-a310eab1573fba02,f652c678-58f2857bc1709754,0.6896551724137931,0.6976744186046512
0f3a2acf-8994ebc03e7ccbc7,e86eb5b0-83f3a459a27119cb,0.6885245901639344,0.7241379310344828
5289e80a-d80cd7a6c1c8423b,45561f1f-d11d10e7250c6b28,0.6774193548387096,0.7411764705882353
3ff60986-273cd67b97fa65cc,ec558d69-d301b312aca2c9fd,0.6748466257668712,0.7333333333333333
d0b4b96c-273cd67b97fa65cc,ec558d69-d301b312aca2c9fd,0.6748466257668712,0.7333333333333333
6f037b1d-8f16613d9650d51e,ef1117e3-ca2c6b3480217536,0.6688102893890675,0.7272727272727273
c73cd266-da8e3b2fb99cbc79,f652c678-58f2857bc1709754,0.6666666666666666,0.7142857142857143
853acff9-6357da1fbbcc9fa1,e86eb5b0-83f3a459a27119cb,0.6666666666666666,0.7435897435897436
c73cd266-da8e3b2fb99cbc79,51019113-a310eab1573fba02,0.6625766871165644,0.7012987012987013
1a31f5cb-4ef4f09fb9624c11,5289e80a-d80cd7a6c1c8423b,0.6625,0.7066666666666667
853acff9-6357da1fbbcc9fa1,866a2d52-ad8604feffbc28ba,0.6455696202531646,0.6538461538461539
74b5ad88-6fbfa2c19908891e,c9a316ca-855308932be2a506,0.6404494382022472,0.7037037037037037
8ad1ad84-3745d4160ea24786,cbbbed5f-f147d5fd38e8783a,0.6395939086294417,0.65625
16e6d8bb-907dd6e2f702b4fd,810fd282-016bd38b5df9af4b,0.6395348837209303,0.6395348837209303
853acff9-6357da1fbbcc9fa1,424c930b-a926a2da8f1474f6,0.6368715083798883,0.7307692307692307
16e6d8bb-907dd6e2f702b4fd,0f3a2acf-8994ebc03e7ccbc7,0.6358381502890174,0.6395348837209303
fd16f5b0-a397cd613100646d,48801d9e-0ef7156f0a6d8ca6,0.6326530612244898,0.6666666666666666
74b5ad88-6fbfa2c19908891e,0f3a2acf-8994ebc03e7ccbc7,0.6309523809523809,0.654320987654321
3ff60986-273cd67b97fa65cc,0f3a2acf-8994ebc03e7ccbc7,0.6296296296296297,0.68
d0b4b96c-273cd67b97fa65cc,0f3a2acf-8994ebc03e7ccbc7,0.6296296296296297,0.68
cc9230d3-5843ddff2820285f,0f3a2acf-8994ebc03e7ccbc7,0.6272189349112426,0.6463414634146342
810fd282-016bd38b5df9af4b,e86eb5b0-83f3a459a27119cb,0.6263736263736264,0.6627906976744186
3ff60986-273cd67b97fa65cc,cc9230d3-5843ddff2820285f,0.6242038216560509,0.6533333333333333
d0b4b96c-273cd67b97fa65cc,cc9230d3-5843ddff2820285f,0.6242038216560509,0.6533333333333333
dc575a6c-382501ea02c794c3,424c930b-a926a2da8f1474f6,0.6222222222222222,0.7088607594936709
51019113-a310eab1573fba02,424c930b-a926a2da8f1474f6,0.6203208556149733,0.6744186046511628
5289e80a-d80cd7a6c1c8423b,51019113-a310eab1573fba02,0.6198830409356725,0.6235294117647059
cc9230d3-5843ddff2820285f,810fd282-016bd38b5df9af4b,0.6190476190476191,0.6341463414634146
d82fa7e3-0d7b96efb8ce09a1,03b3c5af-05d068a6e6577b94,0.6190476190476191,0.6565656565656566
d82fa7e3-d7f803eced03719a,03b3c5af-05d068a6e6577b94,0.6190476190476191,0.6565656565656566
d82fa7e3-0d7b96efb8ce09a1,bf85ab7b-776e89c835bd1a8d,0.6175115207373272,0.6767676767676768
d82fa7e3-d7f803eced03719a,bf85ab7b-776e89c835bd1a8d,0.6175115207373272,0.6767676767676768
fd16f5b0-a397cd613100646d,279e274a-27357e18512fc9ac,0.6170212765957447,0.6236559139784946
853acff9-6357da1fbbcc9fa1,f652c678-58f2857bc1709754,0.6144578313253012,0.6538461538461539
1a31f5cb-4ef4f09fb9624c11,9a20c823-548521dc0db7c15e,0.6133333333333333,0.6133333333333333
316c9955-0c349008c1b95e0d,d82fa7e3-0d7b96efb8ce09a1,0.6105263157894737,0.6373626373626373
316c9955-0c349008c1b95e0d,d82fa7e3-d7f803eced03719a,0.6105263157894737,0.6373626373626373
fd16f5b0-a397cd613100646d,dcf09f37-ec2fc1564d9d4f56,0.6096256684491979,0.6129032258064516
1a31f5cb-4ef4f09fb9624c11,d82fa7e3-0d7b96efb8ce09a1,0.6091954022988506,0.7066666666666667
1a31f5cb-4ef4f09fb9624c11,d82fa7e3-d7f803eced03719a,0.6091954022988506,0.7066666666666667
1a31f5cb-4ef4f09fb9624c11,fd16f5b0-a397cd613100646d,0.6071428571428571,0.68
1a31f5cb-4ef4f09fb9624c11,5af25bd7-bab814ae1e80f49c,0.6064516129032258,0.6266666666666667
c73cd266-da8e3b2fb99cbc79,5289e80a-d80cd7a6c1c8423b,0.6049382716049383,0.6363636363636364
c73cd266-da8e3b2fb99cbc79,279e274a-27357e18512fc9ac,0.6046511627906976,0.6753246753246753
853acff9-6357da1fbbcc9fa1,316c9955-0c349008c1b95e0d,0.6035502958579881,0.6538461538461539
fd16f5b0-a397cd613100646d,8ad1ad84-3745d4160ea24786,0.6031746031746031,0.6129032258064516
1a31f5cb-4ef4f09fb9624c11,424c930b-a926a2da8f1474f6,0.6022727272727273,0.7066666666666667
f652c678-58f2857bc1709754,2af19170-d04a6de0846f9744,0.6019417475728155,0.7045454545454546
d82fa7e3-0d7b96efb8ce09a1,bd584714-99efcf48edfe6050,0.6018518518518519,0.6565656565656566
d82fa7e3-d7f803eced03719a,bd584714-99efcf48edfe6050,0.6018518518518519,0.6565656565656566
51019113-a310eab1573fba02,c9a316ca-855308932be2a506,0.6010928961748634,0.6395348837209303
c73cd266-da8e3b2fb99cbc79,e7370eec-848c92214e3175af,0.6010928961748634,0.7142857142857143
23cb8587-2dcbb1e9dbcfe699,74f4382e-1393d2963ee49eb2,0.6,0.7128712871287128
f652c678-58f2857bc1709754,d82fa7e3-0d7b96efb8ce09a1,0.5989304812834224,0.6363636363636364
f652c678-58f2857bc1709754,d82fa7e3-d7f803eced03719a,0.5989304812834224,0.6363636363636364
853acff9-6357da1fbbcc9fa1,d82fa7e3-0d7b96efb8ce09a1,0.5988700564971752,0.6794871794871795
853acff9-6357da1fbbcc9fa1,d82fa7e3-d7f803eced03719a,0.5988700564971752,0.6794871794871795
74b5ad88-6fbfa2c19908891e,810fd282-016bd38b5df9af4b,0.5988023952095808,0.6172839506172839
f652c678-58f2857bc1709754,3a318b43-f9827e66195fbe68,0.5978260869565217,0.625
1a31f5cb-4ef4f09fb9624c11,3a318b43-f9827e66195fbe68,0.5964912280701754,0.68
424c930b-a926a2da8f1474f6,bd584714-99efcf48edfe6050,0.5963302752293578,0.6435643564356436
279e274a-27357e18512fc9ac,9069684f-fab714a1fbf680fb,0.59375,0.6
1a31f5cb-4ef4f09fb9624c11,866a2d52-ad8604feffbc28ba,0.5935483870967742,0.6133333333333333
3a318b43-f9827e66195fbe68,929b98f0-eef96ee8fcc05c36,0.5933014354066986,0.6458333333333334
f652c678-58f2857bc1709754,45561f1f-d11d10e7250c6b28,0.5925925925925926,0.6363636363636364
cc9230d3-5843ddff2820285f,c9a316ca-855308932be2a506,0.5921787709497207,0.6463414634146342
c73cd266-da8e3b2fb99cbc79,d82fa7e3-0d7b96efb8ce09a1,0.5909090909090909,0.6753246753246753
c73cd266-da8e3b2fb99cbc79,d82fa7e3-d7f803eced03719a,0.5909090909090909,0.6753246753246753
5af25bd7-bab814ae1e80f49c,810fd282-016bd38b5df9af4b,0.5903614457831325,0.6125
f652c678-58f2857bc1709754,279e274a-27357e18512fc9ac,0.5901639344262295,0.6136363636363636
c73cd266-da8e3b2fb99cbc79,3a318b43-f9827e66195fbe68,0.5895953757225434,0.6623376623376623
cc9230d3-5843ddff2820285f,f652c678-58f2857bc1709754,0.5882352941176471,0.6097560975609756
f652c678-58f2857bc1709754,fd16f5b0-a397cd613100646d,0.585635359116022,0.6022727272727273
9a20c823-548521dc0db7c15e,48801d9e-0ef7156f0a6d8ca6,0.5842696629213483,0.6933333333333334
cc9230d3-5843ddff2820285f,e86eb5b0-83f3a459a27119cb,0.5842696629213483,0.6341463414634146
c73cd266-da8e3b2fb99cbc79,74b5ad88-6fbfa2c19908891e,0.5822784810126582,0.5974025974025974
3ff60986-273cd67b97fa65cc,c9a316ca-855308932be2a506,0.5813953488372093,0.6666666666666666
d0b4b96c-273cd67b97fa65cc,c9a316ca-855308932be2a506,0.5813953488372093,0.6666666666666666
23cb8587-2dcbb1e9dbcfe699,73f57af1-542c8d7e43524e64,0.5806451612903226,0.6237623762376238
866a2d52-ad8604feffbc28ba,e7370eec-848c92214e3175af,0.5806451612903226,0.675
1a31f5cb-4ef4f09fb9624c11,bf85ab7b-776e89c835bd1a8d,0.5803108808290155,0.7466666666666667
74b5ad88-6fbfa2c19908891e,d82fa7e3-0d7b96efb8ce09a1,0.5777777777777777,0.6419753086419753
74b5ad88-6fbfa2c19908891e,d82fa7e3-d7f803eced03719a,0.5777777777777777,0.6419753086419753
279e274a-27357e18512fc9ac,8ad1ad84-3745d4160ea24786,0.5759162303664922,0.5789473684210527
424c930b-a926a2da8f1474f6,03b3c5af-05d068a6e6577b94,0.5754716981132075,0.6039603960396039
5af25bd7-bab814ae1e80f49c,45561f1f-d11d10e7250c6b28,0.574585635359116,0.65
c73cd266-da8e3b2fb99cbc79,45561f1f-d11d10e7250c6b28,0.5730337078651685,0.6623376623376623
f652c678-58f2857bc1709754,dcf09f37-ec2fc1564d9d4f56,0.5714285714285714,0.5909090909090909
279e274a-27357e18512fc9ac,45561f1f-d11d10e7250c6b28,0.5714285714285714,0.5894736842105263
0f3a2acf-8994ebc03e7ccbc7,929b98f0-eef96ee8fcc05c36,0.57,0.6551724137931034
e86eb5b0-83f3a459a27119cb,9069684f-fab714a1fbf680fb,0.5699481865284974,0.5729166666666666
810fd282-016bd38b5df9af4b,c9a316ca-855308932be2a506,0.5683060109289617,0.6046511627906976
5af25bd7-bab814ae1e80f49c,3a318b43-f9827e66195fbe68,0.5681818181818182,0.625
3ff60986-273cd67b97fa65cc,866a2d52-ad8604feffbc28ba,0.567741935483871,0.5866666666666667
d0b4b96c-273cd67b97fa65cc,866a2d52-ad8604feffbc28ba,0.567741935483871,0.5866666666666667
c73cd266-da8e3b2fb99cbc79,e86eb5b0-83f3a459a27119cb,0.5664739884393064,0.6363636363636364
f652c678-58f2857bc1709754,8ad1ad84-3745d4160ea24786,0.5652173913043478,0.5909090909090909
853acff9-6357da1fbbcc9fa1,e7370eec-848c92214e3175af,0.5652173913043478,0.6666666666666666
ec558d69-d301b312aca2c9fd,e86eb5b0-83f3a459a27119cb,0.5652173913043478,0.5909090909090909
e48933fa-ffcded69f4414f6e,279e274a-27357e18512fc9ac,0.5647058823529412,0.64
e48933fa-ffcded69f4414f6e,f652c678-58f2857bc1709754,0.5644171779141104,0.6133333333333333
e86eb5b0-83f3a459a27119cb,d82fa7e3-0d7b96efb8ce09a1,0.5641025641025641,0.5729166666666666
e86eb5b0-83f3a459a27119cb,d82fa7e3-d7f803eced03719a,0.5641025641025641,0.5729166666666666
d2eb953e-1dc0ecab263b1cd0,dcf09f37-ec2fc1564d9d4f56,0.5638297872340425,0.5638297872340425
810fd282-016bd38b5df9af4b,929b98f0-eef96ee8fcc05c36,0.5628140703517588,0.6511627906976745
1a31f5cb-4ef4f09fb9624c11,853acff9-6357da1fbbcc9fa1,0.5620915032679739,0.5733333333333334
1a31f5cb-4ef4f09fb9624c11,8ad1ad84-3745d4160ea24786,0.5614035087719298,0.64
d82fa7e3-0d7b96efb8ce09a1,424c930b-a926a2da8f1474f6,0.56,0.5656565656565656
d82fa7e3-d7f803eced03719a,424c930b-a926a2da8f1474f6,0.56,0.5656565656565656
51019113-a310eab1573fba02,fd16f5b0-a397cd613100646d,0.5586592178770949,0.5813953488372093
e86eb5b0-83f3a459a27119cb,424c930b-a926a2da8f1474f6,0.5583756345177665,0.5729166666666666
9a20c823-548521dc0db7c15e,45561f1f-d11d10e7250c6b28,0.5568181818181818,0.6533333333333333
e48933fa-ffcded69f4414f6e,424c930b-a926a2da8f1474f6,0.5568181818181818,0.6533333333333333
e48933fa-ffcded69f4414f6e,45561f1f-d11d10e7250c6b28,0.5568181818181818,0.6533333333333333
f652c678-58f2857bc1709754,e7370eec-848c92214e3175af,0.5567010309278351,0.6136363636363636
dc575a6c-382501ea02c794c3,0f3a2acf-8994ebc03e7ccbc7,0.5542168674698795,0.5822784810126582
3ff60986-273cd67b97fa65cc,279e274a-27357e18512fc9ac,0.5529411764705883,0.6266666666666667
d0b4b96c-273cd67b97fa65cc,279e274a-27357e18512fc9ac,0.5529411764705883,0.6266666666666667
5289e80a-d80cd7a6c1c8423b,3a318b43-f9827e66195fbe68,0.5524861878453039,0.5882352941176471
9a20c823-548521dc0db7c15e,f652c678-58f2857bc1709754,0.5521472392638037,0.6
d82fa7e3-0d7b96efb8ce09a1,a5f41b95-7fcfc0d1118af833,0.5514018691588785,0.5959595959595959
d82fa7e3-d7f803eced03719a,a5f41b95-7fcfc0d1118af833,0.5514018691588785,0.5959595959595959
853acff9-6357da1fbbcc9fa1,cc9230d3-5843ddff2820285f,0.55,0.5641025641025641
810fd282-016bd38b5df9af4b,2af19170-d04a6de0846f9744,0.5490196078431373,0.6511627906976745
e48933fa-ffcded69f4414f6e,853acff9-6357da1fbbcc9fa1,0.5490196078431373,0.56
853acff9-6357da1fbbcc9fa1,9069684f-fab714a1fbf680fb,0.5485714285714286,0.6153846153846154
1a31f5cb-4ef4f09fb9624c11,cc9230d3-5843ddff2820285f,0.5477707006369427,0.5733333333333334
dcf09f37-ec2fc1564d9d4f56,8ad1ad84-3745d4160ea24786,0.5473684210526316,0.5531914893617021
1a31f5cb-4ef4f09fb9624c11,3ff60986-273cd67b97fa65cc,0.5466666666666666,0.5466666666666666
1a31f5cb-4ef4f09fb9624c11,e48933fa-ffcded69f4414f6e,0.5466666666666666,0.5466666666666666
1a31f5cb-4ef4f09fb9624c11,d0b4b96c-273cd67b97fa65cc,0.5466666666666666,0.5466666666666666
853acff9-6357da1fbbcc9fa1,d2eb953e-1dc0ecab263b1cd0,0.5465116279069767,0.6025641025641025
9069684f-fab714a1fbf680fb,424c930b-a926a2da8f1474f6,0.5454545454545454,0.5567010309278351
74b5ad88-6fbfa2c19908891e,279e274a-27357e18512fc9ac,0.5454545454545454,0.5925925925925926
5289e80a-d80cd7a6c1c8423b,316c9955-0c349008c1b95e0d,0.5454545454545454,0.5647058823529412
c9a316ca-855308932be2a506,4303de0d-fc0409b0b5eca587,0.5445544554455446,0.5670103092783505
c9a316ca-855308932be2a506,8535bdf7-5ad3f9861d512fa2,0.543778801843318,0.6082474226804123
d82fa7e3-0d7b96efb8ce09a1,2af19170-d04a6de0846f9744,0.543778801843318,0.5959595959595959
d82fa7e3-d7f803eced03719a,2af19170-d04a6de0846f9744,0.543778801843318,0.5959595959595959
cc9230d3-5843ddff2820285f,929b98f0-eef96ee8fcc05c36,0.5435897435897435,0.6463414634146342
8ad1ad84-3745d4160ea24786,d82fa7e3-0d7b96efb8ce09a1,0.5435897435897435,0.5520833333333334
8ad1ad84-3745d4160ea24786,d82fa7e3-d7f803eced03719a,0.5435897435897435,0.5520833333333334
5289e80a-d80cd7a6c1c8423b,f652c678-58f2857bc1709754,0.5433526011560693,0.5529411764705883
cc9230d3-5843ddff2820285f,316c9955-0c349008c1b95e0d,0.5433526011560693,0.573170731707317
77ec956f-adf46fc113a7897c,810fd282-016bd38b5df9af4b,0.5421686746987951,0.5625
ac8ef97c-adf46fc113a7897c,810fd282-016bd38b5df9af4b,0.5421686746987951,0.5625
5af25bd7-bab814ae1e80f49c,16e6d8bb-907dd6e2f702b4fd,0.5421686746987951,0.5625
51019113-a310eab1573fba02,6f037b1d-8f16613d9650d51e,0.5414847161572053,0.7209302325581395
cc9230d3-5843ddff2820285f,ec558d69-d301b312aca2c9fd,0.5411764705882353,0.5609756097560976
853acff9-6357da1fbbcc9fa1,8ad1ad84-3745d4160ea24786,0.5402298850574713,0.6025641025641025
e48933fa-ffcded69f4414f6e,d82fa7e3-0d7b96efb8ce09a1,0.5402298850574713,0.6266666666666667
e48933fa-ffcded69f4414f6e,d82fa7e3-d7f803eced03719a,0.5402298850574713,0.6266666666666667
c73cd266-da8e3b2fb99cbc79,424c930b-a926a2da8f1474f6,0.5393258426966292,0.6233766233766234
5289e80a-d80cd7a6c1c8423b,fd16f5b0-a397cd613100646d,0.5393258426966292,0.5647058823529412
424c930b-a926a2da8f1474f6,2af19170-d04a6de0846f9744,0.5388127853881278,0.5841584158415841
e48933fa-ffcded69f4414f6e,74b5ad88-6fbfa2c19908891e,0.5384615384615384,0.56
866a2d52-ad8604feffbc28ba,316c9955-0c349008c1b95e0d,0.5380116959064327,0.575
dc575a6c-382501ea02c794c3,e86eb5b0-83f3a459a27119cb,0.5371428571428571,0.5949367088607594
5af25bd7-bab814ae1e80f49c,d82fa7e3-0d7b96efb8ce09a1,0.5363128491620112,0.6
5af25bd7-bab814ae1e80f49c,d82fa7e3-d7f803eced03719a,0.5363128491620112,0.6
c73cd266-da8e3b2fb99cbc79,bd584714-99efcf48edfe6050,0.5360824742268041,0.6753246753246753
cc9230d3-5843ddff2820285f,51019113-a310eab1573fba02,0.5357142857142857,0.5487804878048781
77ec956f-adf46fc113a7897c,ec558d69-d301b312aca2c9fd,0.5357142857142857,0.5625
ac8ef97c-adf46fc113a7897c,ec558d69-d301b312aca2c9fd,0.5357142857142857,0.5625
0f3a2acf-8994ebc03e7ccbc7,3a318b43-f9827e66195fbe68,0.5355191256830601,0.5632183908045977
866a2d52-ad8604feffbc28ba,2af19170-d04a6de0846f9744,0.5353535353535354,0.6625
d2eb953e-1dc0ecab263b1cd0,73f57af1-542c8d7e43524e64,0.5333333333333333,0.5957446808510638
c73cd266-da8e3b2fb99cbc79,bf85ab7b-776e89c835bd1a8d,0.5333333333333333,0.6753246753246753
866a2d52-ad8604feffbc28ba,5289e80a-d80cd7a6c1c8423b,0.5333333333333333,0.55
9069684f-fab714a1fbf680fb,bd584714-99efcf48edfe6050,0.5327102803738317,0.5876288659793815
0f3a2acf-8994ebc03e7ccbc7,c9a316ca-855308932be2a506,0.532608695652174,0.5632183908045977
74b5ad88-6fbfa2c19908891e,ec558d69-d301b312aca2c9fd,0.5325443786982249,0.5555555555555556
9a20c823-548521dc0db7c15e,dc575a6c-382501ea02c794c3,0.5324675324675324,0.5466666666666666
1a31f5cb-4ef4f09fb9624c11,929b98f0-eef96ee8fcc05c36,0.5319148936170213,0.6666666666666666
dc575a6c-382501ea02c794c3,dcf09f37-ec2fc1564d9d4f56,0.5317919075144508,0.5822784810126582
cc9230d3-5843ddff2820285f,d82fa7e3-0d7b96efb8ce09a1,0.5303867403314917,0.5853658536585366
cc9230d3-5843ddff2820285f,d82fa7e3-d7f803eced03719a,0.5303867403314917,0.5853658536585366
f652c678-58f2857bc1709754,424c930b-a926a2da8f1474f6,0.5291005291005291,0.5681818181818182
1a31f5cb-4ef4f09fb9624c11,77ec956f-adf46fc113a7897c,0.5290322580645161,0.5466666666666666
1a31f5cb-4ef4f09fb9624c11,ac8ef97c-adf46fc113a7897c,0.5290322580645161,0.5466666666666666
424c930b-a926a2da8f1474f6,24afd00e-dcafb2b34d7db798,0.5283018867924528,0.5544554455445545
c73cd266-da8e3b2fb99cbc79,cc9230d3-5843ddff2820285f,0.5283018867924528,0.5454545454545454
51019113-a310eab1573fba02,3a318b43-f9827e66195fbe68,0.5274725274725275,0.5581395348837209
74b5ad88-6fbfa2c19908891e,424c930b-a926a2da8f1474f6,0.5274725274725275,0.5925925925925926
3ff60986-273cd67b97fa65cc,c73cd266-da8e3b2fb99cbc79,0.5263157894736842,0.5333333333333333
d0b4b96c-273cd67b97fa65cc,c73cd266-da8e3b2fb99cbc79,0.5263157894736842,0.5333333333333333
a5f41b95-7fcfc0d1118af833,bd584714-99efcf48edfe6050,0.5258620689655172,0.5304347826086957
fd16f5b0-a397cd613100646d,45561f1f-d11d10e7250c6b28,0.5257731958762887,0.5483870967741935
dc575a6c-382501ea02c794c3,8ad1ad84-3745d4160ea24786,0.5257142857142857,0.5822784810126582
0f3a2acf-8994ebc03e7ccbc7,03b3c5af-05d068a6e6577b94,0.5252525252525253,0.5977011494252874
dc575a6c-382501ea02c794c3,74b5ad88-6fbfa2c19908891e,0.525,0.5316455696202531
23cb8587-2dcbb1e9dbcfe699,424c930b-a926a2da8f1474f6,0.5247524752475248,0.5247524752475248
3a318b43-f9827e66195fbe68,2af19170-d04a6de0846f9744,0.5233644859813084,0.5833333333333334
3a318b43-f9827e66195fbe68,d82fa7e3-0d7b96efb8ce09a1,0.5230769230769231,0.53125
3a318b43-f9827e66195fbe68,d82fa7e3-d7f803eced03719a,0.5230769230769231,0.53125
1a31f5cb-4ef4f09fb9624c11,6f037b1d-8f16613d9650d51e,0.5229357798165137,0.76
1a31f5cb-4ef4f09fb9624c11,cbbbed5f-f147d5fd38e8783a,0.5227272727272727,0.6133333333333333
51019113-a310eab1573fba02,929b98f0-eef96ee8fcc05c36,0.5226130653266332,0.6046511627906976
5289e80a-d80cd7a6c1c8423b,279e274a-27357e18512fc9ac,0.5222222222222223,0.5529411764705883
5289e80a-d80cd7a6c1c8423b,2af19170-d04a6de0846f9744,0.5221674876847291,0.6235294117647059
e48933fa-ffcded69f4414f6e,51019113-a310eab1573fba02,0.5217391304347826,0.56
e48933fa-ffcded69f4414f6e,16e6d8bb-907dd6e2f702b4fd,0.5217391304347826,0.56
a5f41b95-7fcfc0d1118af833,2c865582-25c489e25b42f740,0.5213675213675214,0.5304347826086957
279e274a-27357e18512fc9ac,73f57af1-542c8d7e43524e64,0.5213270142180095,0.5789473684210527
74b5ad88-6fbfa2c19908891e,03b3c5af-05d068a6e6577b94,0.5208333333333334,0.6172839506172839
74b5ad88-6fbfa2c19908891e,f652c678-58f2857bc1709754,0.5207100591715976,0.5432098765432098
9a20c823-548521dc0db7c15e,dcf09f37-ec2fc1564d9d4f56,0.5207100591715976,0.5866666666666667
853acff9-6357da1fbbcc9fa1,bf85ab7b-776e89c835bd1a8d,0.5204081632653061,0.6538461538461539
74b5ad88-6fbfa2c19908891e,e86eb5b0-83f3a459a27119cb,0.519774011299435,0.5679012345679012
51019113-a310eab1573fba02,bf85ab7b-776e89c835bd1a8d,0.5196078431372549,0.6162790697674418
16e6d8bb-907dd6e2f702b4fd,2af19170-d04a6de0846f9744,0.5196078431372549,0.6162790697674418
c9a316ca-855308932be2a506,2c865582-25c489e25b42f740,0.5185185185185185,0.5773195876288659
cc9230d3-5843ddff2820285f,24afd00e-dcafb2b34d7db798,0.5181347150259067,0.6097560975609756
316c9955-0c349008c1b95e0d,e7370eec-848c92214e3175af,0.5177664974619289,0.5604395604395604
73f57af1-542c8d7e43524e64,74f4382e-1393d2963ee49eb2,0.5176470588235295,0.5689655172413793
866a2d52-ad8604feffbc28ba,dcf09f37-ec2fc1564d9d4f56,0.5172413793103449,0.5625
0f3a2acf-8994ebc03e7ccbc7,2af19170-d04a6de0846f9744,0.5170731707317073,0.6091954022988506
d2eb953e-1dc0ecab263b1cd0,529d9642-f22fa9fcd4ec6440,0.5135135135135135,0.6063829787234043
9a20c823-548521dc0db7c15e,5289e80a-d80cd7a6c1c8423b,0.5125,0.5466666666666666
853acff9-6357da1fbbcc9fa1,16e6d8bb-907dd6e2f702b4fd,0.5121951219512195,0.5384615384615384
5af25bd7-bab814ae1e80f49c,ec558d69-d301b312aca2c9fd,0.5119047619047619,0.5375
dcf09f37-ec2fc1564d9d4f56,bd584714-99efcf48edfe6050,0.5118483412322274,0.574468085106383
1a31f5cb-4ef4f09fb9624c11,9069684f-fab714a1fbf680fb,0.5116279069767442,0.5866666666666667
dcf09f37-ec2fc1564d9d4f56,fa1bf524-c4cfc95a5d2ad353,0.5102040816326531,0.5319148936170213
853acff9-6357da1fbbcc9fa1,2af19170-d04a6de0846f9744,0.5102040816326531,0.6410256410256411
d82fa7e3-0d7b96efb8ce09a1,45561f1f-d11d10e7250c6b28,0.51,0.5151515151515151
d82fa7e3-d7f803eced03719a,45561f1f-d11d10e7250c6b28,0.51,0.5151515151515151
f652c678-58f2857bc1709754,73f57af1-542c8d7e43524e64,0.5098039215686274,0.5909090909090909
5af25bd7-bab814ae1e80f49c,5289e80a-d80cd7a6c1c8423b,0.509090909090909,0.525
866a2d52-ad8604feffbc28ba,424c930b-a926a2da8f1474f6,0.5082872928176796,0.575
ec558d69-d301b312aca2c9fd,c9a316ca-855308932be2a506,0.5081081081081081,0.5340909090909091
8ad1ad84-3745d4160ea24786,2bbc6c80-5ffd69e567be7881,0.5077720207253886,0.5104166666666666
8ad1ad84-3745d4160ea24786,4e58558c-2a15aa5b998784b7,0.5077720207253886,0.5104166666666666
3a318b43-f9827e66195fbe68,45561f1f-d11d10e7250c6b28,0.5076142131979695,0.5208333333333334
fd16f5b0-a397cd613100646d,73f57af1-542c8d7e43524e64,0.507177033492823,0.5698924731182796
e86eb5b0-83f3a459a27119cb,bd584714-99efcf48edfe6050,0.5070422535211268,0.5625
279e274a-27357e18512fc9ac,bf85ab7b-776e89c835bd1a8d,0.5070422535211268,0.5684210526315789
51019113-a310eab1573fba02,e86eb5b0-83f3a459a27119cb,0.5054945054945055,0.5348837209302325
5289e80a-d80cd7a6c1c8423b,9069684f-fab714a1fbf680fb,0.5054945054945055,0.5411764705882353
16e6d8bb-907dd6e2f702b4fd,e86eb5b0-83f3a459a27119cb,0.5054945054945055,0.5348837209302325
279e274a-27357e18512fc9ac,48801d9e-0ef7156f0a6d8ca6,0.5050505050505051,0.5263157894736842
f652c678-58f2857bc1709754,bf85ab7b-776e89c835bd1a8d,0.5048543689320388,0.5909090909090909
23cb8587-2dcbb1e9dbcfe699,bd584714-99efcf48edfe6050,0.5045871559633027,0.5445544554455446
4303de0d-fc0409b0b5eca587,6255ee79-5051915c357e6310,0.5043478260869565,0.5523809523809524
dd5fd2a2-6b67e26a717a50a4,529d9642-f22fa9fcd4ec6440,0.5043478260869565,0.5686274509803921
3ff60986-273cd67b97fa65cc,f652c678-58f2857bc1709754,0.5030674846625767,0.5466666666666666
d0b4b96c-273cd67b97fa65cc,f652c678-58f2857bc1709754,0.5030674846625767,0.5466666666666666
74b5ad88-6fbfa2c19908891e,51019113-a310eab1573fba02,0.5029940119760479,0.5185185185185185
853acff9-6357da1fbbcc9fa1,fd16f5b0-a397cd613100646d,0.5029239766081871,0.5512820512820513
3ff60986-273cd67b97fa65cc,e86eb5b0-83f3a459a27119cb,0.5029239766081871,0.5733333333333334
d0b4b96c-273cd67b97fa65cc,e86eb5b0-83f3a459a27119cb,0.5029239766081871,0.5733333333333334
f652c678-58f2857bc1709754,316c9955-0c349008c1b95e0d,0.5027932960893855,0.5113636363636364
810fd282-016bd38b5df9af4b,4303de0d-fc0409b0b5eca587,0.5026178010471204,0.5581395348837209
5af25bd7-bab814ae1e80f49c,f652c678-58f2857bc1709754,0.5,0.525
853acff9-6357da1fbbcc9fa1,51019113-a310eab1573fba02,0.5,0.5256410256410257
853acff9-6357da1fbbcc9fa1,dcf09f37-ec2fc1564d9d4f56,0.5,0.5512820512820513
279e274a-27357e18512fc9ac,424c930b-a926a2da8f1474f6,0.5,0.5157894736842106
1a31f5cb-4ef4f09fb9624c11,74b5ad88-6fbfa2c19908891e,0.5,0.52
3ff60986-273cd67b97fa65cc,4303de0d-fc0409b0b5eca587,0.5,0.6
d0b4b96c-273cd67b97fa65cc,4303de0d-fc0409b0b5eca587,0.5,0.6
2af19170-d04a6de0846f9744,bf85ab7b-776e89c835bd1a8d,0.5,0.5
77ec956f-adf46fc113a7897c,929b98f0-eef96ee8fcc05c36,0.49740932642487046,0.6
ac8ef97c-adf46fc113a7897c,929b98f0-eef96ee8fcc05c36,0.49740932642487046,0.6
cc9230d3-5843ddff2820285f,03b3c5af-05d068a6e6577b94,0.49740932642487046,0.5853658536585366
cc9230d3-5843ddff2820285f,5a81e159-df7109b1581700ac,0.4973544973544973,0.573170731707317
cc9230d3-5843ddff2820285f,5a81e159-490a903ff60a1435,0.4973544973544973,0.573170731707317
1a31f5cb-4ef4f09fb9624c11,dcf09f37-ec2fc1564d9d4f56,0.4970414201183432,0.56
e86eb5b0-83f3a459a27119cb,2af19170-d04a6de0846f9744,0.4953271028037383,0.5520833333333334
810fd282-016bd38b5df9af4b,8535bdf7-5ad3f9861d512fa2,0.49514563106796117,0.5930232558139535
9069684f-fab714a1fbf680fb,cbbbed5f-f147d5fd38e8783a,0.494949494949495,0.5051546391752577
16e6d8bb-907dd6e2f702b4fd,3a318b43-f9827e66195fbe68,0.4945054945054945,0.5232558139534884
c73cd266-da8e3b2fb99cbc79,23cb8587-2dcbb1e9dbcfe699,0.4943820224719101,0.5714285714285714
5af25bd7-bab814ae1e80f49c,51019113-a310eab1573fba02,0.4939759036144578,0.5125
3ff60986-273cd67b97fa65cc,dc575a6c-382501ea02c794c3,0.4935064935064935,0.5066666666666667
d0b4b96c-273cd67b97fa65cc,dc575a6c-382501ea02c794c3,0.4935064935064935,0.5066666666666667
74b5ad88-6fbfa2c19908891e,bf85ab7b-776e89c835bd1a8d,0.49246231155778897,0.6049382716049383
1a31f5cb-4ef4f09fb9624c11,73f57af1-542c8d7e43524e64,0.49214659685863876,0.6266666666666667
51019113-a310eab1573fba02,cbbbed5f-f147d5fd38e8783a,0.4919786096256685,0.5348837209302325
316c9955-0c349008c1b95e0d,e86eb5b0-83f3a459a27119cb,0.4919786096256685,0.5054945054945055
c73cd266-da8e3b2fb99cbc79,d2eb953e-1dc0ecab263b1cd0,0.49122807017543857,0.5454545454545454
dc575a6c-382501ea02c794c3,f652c678-58f2857bc1709754,0.49101796407185627,0.5189873417721519
dc575a6c-382501ea02c794c3,866a2d52-ad8604feffbc28ba,0.49056603773584906,0.4936708860759494
c73cd266-da8e3b2fb99cbc79,853acff9-6357da1fbbcc9fa1,0.49032258064516127,0.4935064935064935
929b98f0-eef96ee8fcc05c36,8535bdf7-5ad3f9861d512fa2,0.4892703862660944,0.504424778761062
e48933fa-ffcded69f4414f6e,9069684f-fab714a1fbf680fb,0.4883720930232558,0.56
9a20c823-548521dc0db7c15e,74b5ad88-6fbfa2c19908891e,0.48717948717948717,0.5066666666666667
c73cd266-da8e3b2fb99cbc79,dc575a6c-382501ea02c794c3,0.48717948717948717,0.4935064935064935
5af25bd7-bab814ae1e80f49c,929b98f0-eef96ee8fcc05c36,0.48704663212435234,0.5875
16e6d8bb-907dd6e2f702b4fd,279e274a-27357e18512fc9ac,0.4861878453038674,0.5116279069767442
cbbbed5f-f147d5fd38e8783a,929b98f0-eef96ee8fcc05c36,0.48598130841121495,0.5148514851485149
1a31f5cb-4ef4f09fb9624c11,fa1bf524-c4cfc95a5d2ad353,0.4858757062146893,0.5733333333333334
853acff9-6357da1fbbcc9fa1,279e274a-27357e18512fc9ac,0.48554913294797686,0.5384615384615384
316c9955-0c349008c1b95e0d,03b3c5af-05d068a6e6577b94,0.48514851485148514,0.5384615384615384
fd16f5b0-a397cd613100646d,cbbbed5f-f147d5fd38e8783a,0.4845360824742268,0.5053763440860215
3ff60986-273cd67b97fa65cc,51019113-a310eab1573fba02,0.484472049689441,0.52
d0b4b96c-273cd67b97fa65cc,51019113-a310eab1573fba02,0.484472049689441,0.52
cbbbed5f-f147d5fd38e8783a,2af19170-d04a6de0846f9744,0.4840182648401826,0.5247524752475248
1a31f5cb-4ef4f09fb9624c11,5a81e159-df7109b1581700ac,0.4835164835164835,0.5866666666666667
1a31f5cb-4ef4f09fb9624c11,5a81e159-490a903ff60a1435,0.4835164835164835,0.5866666666666667
dcf09f37-ec2fc1564d9d4f56,7f42483d-f881f5273436f320,0.4830917874396135,0.5319148936170213
bd584714-99efcf48edfe6050,2c865582-25c489e25b42f740,0.4830508474576271,0.48717948717948717
3a318b43-f9827e66195fbe68,4499e3b9-a33dff95453263b5,0.4827586206896552,0.5104166666666666
5289e80a-d80cd7a6c1c8423b,bf85ab7b-776e89c835bd1a8d,0.4827586206896552,0.5764705882352941
c73cd266-da8e3b2fb99cbc79,fd16f5b0-a397cd613100646d,0.4823529411764706,0.5324675324675324
dcf09f37-ec2fc1564d9d4f56,424c930b-a926a2da8f1474f6,0.48205128205128206,0.5
9a20c823-548521dc0db7c15e,73f57af1-542c8d7e43524e64,0.4816753926701571,0.6133333333333333
51019113-a310eab1573fba02,4303de0d-fc0409b0b5eca587,0.4816753926701571,0.5348837209302325
5af25bd7-bab814ae1e80f49c,cc9230d3-5843ddff2820285f,0.48148148148148145,0.4875
bd584714-99efcf48edfe6050,d74028ea-a37f7f5e87cf7106,0.48132780082987553,0.49572649572649574
279e274a-27357e18512fc9ac,929b98f0-eef96ee8fcc05c36,0.4807692307692308,0.5263157894736842
853acff9-6357da1fbbcc9fa1,cbbbed5f-f147d5fd38e8783a,0.48044692737430167,0.5512820512820513
866a2d52-ad8604feffbc28ba,d82fa7e3-0d7b96efb8ce09a1,0.48044692737430167,0.5375
866a2d52-ad8604feffbc28ba,d82fa7e3-d7f803eced03719a,0.48044692737430167,0.5375
424c930b-a926a2da8f1474f6,d74028ea-a37f7f5e87cf7106,0.48,0.5346534653465347
74b5ad88-6fbfa2c19908891e,d2eb953e-1dc0ecab263b1cd0,0.48,0.5185185185185185
3ff60986-273cd67b97fa65cc,e48933fa-ffcded69f4414f6e,0.48,0.48
d0b4b96c-273cd67b97fa65cc,e48933fa-ffcded69f4414f6e,0.48,0.48
d2eb953e-1dc0ecab263b1cd0,fa1bf524-c4cfc95a5d2ad353,0.47959183673469385,0.5
c9a316ca-855308932be2a506,2ef4c176-8634406bc38fb9f8,0.4792626728110599,0.5360824742268041
279e274a-27357e18512fc9ac,2bbc6c80-5ffd69e567be7881,0.4791666666666667,0.4842105263157895
279e274a-27357e18512fc9ac,4e58558c-2a15aa5b998784b7,0.4791666666666667,0.4842105263157895
0f3a2acf-8994ebc03e7ccbc7,4303de0d-fc0409b0b5eca587,0.4791666666666667,0.5287356321839081
316c9955-0c349008c1b95e0d,9069684f-fab714a1fbf680fb,0.4787234042553192,0.4945054945054945
e7370eec-848c92214e3175af,d74028ea-a37f7f5e87cf7106,0.4782608695652174,0.5188679245283019
5289e80a-d80cd7a6c1c8423b,d82fa7e3-0d7b96efb8ce09a1,0.4782608695652174,0.5176470588235295
5289e80a-d80cd7a6c1c8423b,d82fa7e3-d7f803eced03719a,0.4782608695652174,0.5176470588235295
8ad1ad84-3745d4160ea24786,90b71536-07dac993d8c28e54,0.4778761061946903,0.5625
8ad1ad84-3745d4160ea24786,6db218a2-ed2d2f57e3ca9626,0.4778761061946903,0.5625
e48933fa-ffcded69f4414f6e,866a2d52-ad8604feffbc28ba,0.4774193548387097,0.49333333333333335
8ad1ad84-3745d4160ea24786,424c930b-a926a2da8f1474f6,0.47715736040609136,0.4895833333333333
3a318b43-f9827e66195fbe68,cbbbed5f-f147d5fd38e8783a,0.47715736040609136,0.4895833333333333
45561f1f-d11d10e7250c6b28,929b98f0-eef96ee8fcc05c36,0.4766355140186916,0.504950495049505
8ad1ad84-3745d4160ea24786,2af19170-d04a6de0846f9744,0.4766355140186916,0.53125
5a81e159-df7109b1581700ac,2ef4c176-8634406bc38fb9f8,0.47577092511013214,0.5046728971962616
5a81e159-490a903ff60a1435,2ef4c176-8634406bc38fb9f8,0.47577092511013214,0.5046728971962616
45561f1f-d11d10e7250c6b28,6f037b1d-8f16613d9650d51e,0.47540983606557374,0.5742574257425742
51019113-a310eab1573fba02,73f57af1-542c8d7e43524e64,0.4752475247524752,0.5581395348837209
424c930b-a926a2da8f1474f6,45561f1f-d11d10e7250c6b28,0.4752475247524752,0.4752475247524752
77ec956f-adf46fc113a7897c,cbbbed5f-f147d5fd38e8783a,0.47513812154696133,0.5375
5af25bd7-bab814ae1e80f49c,cbbbed5f-f147d5fd38e8783a,0.47513812154696133,0.5375
ac8ef97c-adf46fc113a7897c,cbbbed5f-f147d5fd38e8783a,0.47513812154696133,0.5375
e48933fa-ffcded69f4414f6e,5289e80a-d80cd7a6c1c8423b,0.475,0.5066666666666667
c73cd266-da8e3b2fb99cbc79,8ad1ad84-3745d4160ea24786,0.47398843930635837,0.5324675324675324
d2eb953e-1dc0ecab263b1cd0,8ad1ad84-3745d4160ea24786,0.47368421052631576,0.4787234042553192
d2eb953e-1dc0ecab263b1cd0,e86eb5b0-83f3a459a27119cb,0.47368421052631576,0.4787234042553192
0f3a2acf-8994ebc03e7ccbc7,8535bdf7-5ad3f9861d512fa2,0.47342995169082125,0.5632183908045977
e7370eec-848c92214e3175af,2af19170-d04a6de0846f9744,0.4732142857142857,0.5
5289e80a-d80cd7a6c1c8423b,424c930b-a926a2da8f1474f6,0.4731182795698925,0.5176470588235295
e48933fa-ffcded69f4414f6e,03b3c5af-05d068a6e6577b94,0.4731182795698925,0.5866666666666667
74b5ad88-6fbfa2c19908891e,4303de0d-fc0409b0b5eca587,0.4731182795698925,0.5432098765432098
23cb8587-2dcbb1e9dbcfe699,a5f41b95-7fcfc0d1118af833,0.4722222222222222,0.504950495049505
9a20c823-548521dc0db7c15e,51019113-a310eab1573fba02,0.4720496894409938,0.5066666666666667
1a31f5cb-4ef4f09fb9624c11,16e6d8bb-907dd6e2f702b4fd,0.4720496894409938,0.5066666666666667
853acff9-6357da1fbbcc9fa1,bd584714-99efcf48edfe6050,0.4717948717948718,0.5897435897435898
c73cd266-da8e3b2fb99cbc79,2af19170-d04a6de0846f9744,0.4717948717948718,0.5974025974025974
c73cd266-da8e3b2fb99cbc79,5af25bd7-bab814ae1e80f49c,0.4713375796178344,0.4805194805194805
4303de0d-fc0409b0b5eca587,8535bdf7-5ad3f9861d512fa2,0.4711111111111111,0.5047619047619047
23cb8587-2dcbb1e9dbcfe699,d74028ea-a37f7f5e87cf7106,0.4711111111111111,0.5247524752475248
9a20c823-548521dc0db7c15e,279e274a-27357e18512fc9ac,0.47058823529411764,0.5333333333333333
3ff60986-273cd67b97fa65cc,853acff9-6357da1fbbcc9fa1,0.47058823529411764,0.48
d0b4b96c-273cd67b97fa65cc,853acff9-6357da1fbbcc9fa1,0.47058823529411764,0.48
279e274a-27357e18512fc9ac,6f037b1d-8f16613d9650d51e,0.47058823529411764,0.5894736842105263
cc9230d3-5843ddff2820285f,45561f1f-d11d10e7250c6b28,0.46994535519125685,0.524390243902439
866a2d52-ad8604feffbc28ba,51019113-a310eab1573fba02,0.46987951807228917,0.4875
9069684f-fab714a1fbf680fb,d82fa7e3-0d7b96efb8ce09a1,0.46938775510204084,0.4742268041237113
9069684f-fab714a1fbf680fb,d82fa7e3-d7f803eced03719a,0.46938775510204084,0.4742268041237113
866a2d52-ad8604feffbc28ba,279e274a-27357e18512fc9ac,0.4685714285714286,0.5125
c9a316ca-855308932be2a506,6255ee79-5051915c357e6310,0.46846846846846846,0.5360824742268041
cc9230d3-5843ddff2820285f,5289e80a-d80cd7a6c1c8423b,0.46706586826347307,0.47560975609756095
74b5ad88-6fbfa2c19908891e,16e6d8bb-907dd6e2f702b4fd,0.46706586826347307,0.48148148148148145
51019113-a310eab1573fba02,03b3c5af-05d068a6e6577b94,0.467005076142132,0.5348837209302325
8ad1ad84-3745d4160ea24786,23cb8587-2dcbb1e9dbcfe699,0.467005076142132,0.4791666666666667
e48933fa-ffcded69f4414f6e,baa8e497-5909172f6507dd97,0.4666666666666667,0.56
e48933fa-ffcded69f4414f6e,bf85ab7b-776e89c835bd1a8d,0.46632124352331605,0.6
853acff9-6357da1fbbcc9fa1,5289e80a-d80cd7a6c1c8423b,0.4662576687116564,0.48717948717948717
f652c678-58f2857bc1709754,23cb8587-2dcbb1e9dbcfe699,0.4656084656084656,0.5
fd16f5b0-a397cd613100646d,3a318b43-f9827e66195fbe68,0.4656084656084656,0.4731182795698925
c9a316ca-855308932be2a506,baa8e497-5909172f6507dd97,0.46534653465346537,0.4845360824742268
1a31f5cb-4ef4f09fb9624c11,c9a316ca-855308932be2a506,0.46511627906976744,0.5333333333333333
dc575a6c-382501ea02c794c3,fd16f5b0-a397cd613100646d,0.46511627906976744,0.5063291139240507
51019113-a310eab1573fba02,d82fa7e3-0d7b96efb8ce09a1,0.4648648648648649,0.5
51019113-a310eab1573fba02,d82fa7e3-d7f803eced03719a,0.4648648648648649,0.5
8ad1ad84-3745d4160ea24786,fa1bf524-c4cfc95a5d2ad353,0.46464646464646464,0.4791666666666667
dc575a6c-382501ea02c794c3,fa1bf524-c4cfc95a5d2ad353,0.46408839779005523,0.5316455696202531
279e274a-27357e18512fc9ac,d82fa7e3-0d7b96efb8ce09a1,0.4639175257731959,0.47368421052631576
279e274a-27357e18512fc9ac,d82fa7e3-d7f803eced03719a,0.4639175257731959,0.47368421052631576
424c930b-a926a2da8f1474f6,e7370eec-848c92214e3175af,0.463768115942029,0.4752475247524752
dc575a6c-382501ea02c794c3,d74028ea-a37f7f5e87cf7106,0.4630541871921182,0.5949367088607594
f652c678-58f2857bc1709754,24afd00e-dcafb2b34d7db798,0.4623115577889447,0.5227272727272727
8ad1ad84-3745d4160ea24786,48801d9e-0ef7156f0a6d8ca6,0.4623115577889447,0.4791666666666667
0f3a2acf-8994ebc03e7ccbc7,6255ee79-5051915c357e6310,0.46226415094339623,0.5632183908045977
baa8e497-5909172f6507dd97,8535bdf7-5ad3f9861d512fa2,0.4622222222222222,0.49523809523809526
16e6d8bb-907dd6e2f702b4fd,ec558d69-d301b312aca2c9fd,0.45977011494252873,0.46511627906976744
866a2d52-ad8604feffbc28ba,74b5ad88-6fbfa2c19908891e,0.45962732919254656,0.4625
316c9955-0c349008c1b95e0d,2af19170-d04a6de0846f9744,0.45933014354066987,0.5274725274725275
279e274a-27357e18512fc9ac,cbbbed5f-f147d5fd38e8783a,0.45918367346938777,0.47368421052631576
c73cd266-da8e3b2fb99cbc79,866a2d52-ad8604feffbc28ba,0.4585987261146497,0.4675324675324675
74b5ad88-6fbfa2c19908891e,5289e80a-d80cd7a6c1c8423b,0.4578313253012048,0.4691358024691358
0f3a2acf-8994ebc03e7ccbc7,f652c678-58f2857bc1709754,0.45714285714285713,0.45977011494252873
fd16f5b0-a397cd613100646d,bd584714-99efcf48edfe6050,0.45714285714285713,0.5161290322580645
74b5ad88-6fbfa2c19908891e,73f57af1-542c8d7e43524e64,0.45685279187817257,0.5555555555555556
45561f1f-d11d10e7250c6b28,2af19170-d04a6de0846f9744,0.45662100456621,0.49504950495049505
dc575a6c-382501ea02c794c3,baa8e497-5909172f6507dd97,0.45652173913043476,0.5316455696202531
5289e80a-d80cd7a6c1c8423b,16e6d8bb-907dd6e2f702b4fd,0.45614035087719296,0.4588235294117647
51019113-a310eab1573fba02,5a81e159-df7109b1581700ac,0.45595854922279794,0.5116279069767442
51019113-a310eab1573fba02,5a81e159-490a903ff60a1435,0.45595854922279794,0.5116279069767442
d2eb953e-1dc0ecab263b1cd0,d82fa7e3-0d7b96efb8ce09a1,0.45595854922279794,0.46808510638297873
d2eb953e-1dc0ecab263b1cd0,d82fa7e3-d7f803eced03719a,0.45595854922279794,0.46808510638297873
dcf09f37-ec2fc1564d9d4f56,d82fa7e3-0d7b96efb8ce09a1,0.45595854922279794,0.46808510638297873
dcf09f37-ec2fc1564d9d4f56,d82fa7e3-d7f803eced03719a,0.45595854922279794,0.46808510638297873
853acff9-6357da1fbbcc9fa1,fa1bf524-c4cfc95a5d2ad353,0.45555555555555555,0.5256410256410257
853acff9-6357da1fbbcc9fa1,dd5fd2a2-6b67e26a717a50a4,0.45555555555555555,0.5256410256410257
9a20c823-548521dc0db7c15e,424c930b-a926a2da8f1474f6,0.45454545454545453,0.5333333333333333
9a20c823-548521dc0db7c15e,23cb8587-2dcbb1e9dbcfe699,0.45454545454545453,0.5333333333333333
1a31f5cb-4ef4f09fb9624c11,dc575a6c-382501ea02c794c3,0.45454545454545453,0.4666666666666667
77ec956f-adf46fc113a7897c,3a318b43-f9827e66195fbe68,0.45454545454545453,0.5
3ff60986-273cd67b97fa65cc,45561f1f-d11d10e7250c6b28,0.45454545454545453,0.5333333333333333
866a2d52-ad8604feffbc28ba,3a318b43-f9827e66195fbe68,0.45454545454545453,0.5
cc9230d3-5843ddff2820285f,dcf09f37-ec2fc1564d9d4f56,0.45454545454545453,0.4878048780487805
e48933fa-ffcded69f4414f6e,dc575a6c-382501ea02c794c3,0.45454545454545453,0.4666666666666667
74b5ad88-6fbfa2c19908891e,bd584714-99efcf48edfe6050,0.45454545454545453,0.5555555555555556
ac8ef97c-adf46fc113a7897c,3a318b43-f9827e66195fbe68,0.45454545454545453,0.5
d0b4b96c-273cd67b97fa65cc,45561f1f-d11d10e7250c6b28,0.45454545454545453,0.5333333333333333
5af25bd7-bab814ae1e80f49c,4303de0d-fc0409b0b5eca587,0.4540540540540541,0.525
34aa6a45-e746ead946dc2b04,54e71b9b-1468635088c1312e,0.45307443365695793,0.4605263157894737
1a31f5cb-4ef4f09fb9624c11,e7370eec-848c92214e3175af,0.4530386740331492,0.5466666666666666
77ec956f-adf46fc113a7897c,45561f1f-d11d10e7250c6b28,0.4530386740331492,0.5125
ac8ef97c-adf46fc113a7897c,45561f1f-d11d10e7250c6b28,0.4530386740331492,0.5125
c73cd266-da8e3b2fb99cbc79,929b98f0-eef96ee8fcc05c36,0.45263157894736844,0.5584415584415584
9a20c823-548521dc0db7c15e,d74028ea-a37f7f5e87cf7106,0.45226130653266333,0.6
2bbc6c80-5ffd69e567be7881,fa1bf524-c4cfc95a5d2ad353,0.45226130653266333,0.4639175257731959
4e58558c-2a15aa5b998784b7,fa1bf524-c4cfc95a5d2ad353,0.45226130653266333,0.4639175257731959
e48933fa-ffcded69f4414f6e,5af25bd7-bab814ae1e80f49c,0.45161290322580644,0.4666666666666667
f652c678-58f2857bc1709754,d2eb953e-1dc0ecab263b1cd0,0.45054945054945056,0.4659090909090909
51019113-a310eab1573fba02,8ad1ad84-3745d4160ea24786,0.45054945054945056,0.47674418604651164
d82fa7e3-0d7b96efb8ce09a1,cbbbed5f-f147d5fd38e8783a,0.45,0.45454545454545453
d82fa7e3-d7f803eced03719a,cbbbed5f-f147d5fd38e8783a,0.45,0.45454545454545453
1a31f5cb-4ef4f09fb9624c11,d2eb953e-1dc0ecab263b1cd0,0.44970414201183434,0.5066666666666667
0f3a2acf-8994ebc03e7ccbc7,316c9955-0c349008c1b95e0d,0.449438202247191,0.45977011494252873
5af25bd7-bab814ae1e80f49c,4499e3b9-a33dff95453263b5,0.44919786096256686,0.525
fd16f5b0-a397cd613100646d,d2eb953e-1dc0ecab263b1cd0,0.44919786096256686,0.45161290322580644
16e6d8bb-907dd6e2f702b4fd,cbbbed5f-f147d5fd38e8783a,0.44919786096256686,0.4883720930232558
c9a316ca-855308932be2a506,54e71b9b-1468635088c1312e,0.44881889763779526,0.5876288659793815
d82fa7e3-0d7b96efb8ce09a1,e7370eec-848c92214e3175af,0.44878048780487806,0.46464646464646464
d82fa7e3-d7f803eced03719a,e7370eec-848c92214e3175af,0.44878048780487806,0.46464646464646464
8ad1ad84-3745d4160ea24786,bf85ab7b-776e89c835bd1a8d,0.4485981308411215,0.5
dc575a6c-382501ea02c794c3,51019113-a310eab1573fba02,0.4484848484848485,0.46835443037974683
dc575a6c-382501ea02c794c3,16e6d8bb-907dd6e2f702b4fd,0.4484848484848485,0.46835443037974683
c73cd266-da8e3b2fb99cbc79,9069684f-fab714a1fbf680fb,0.4482758620689655,0.5064935064935064
cc9230d3-5843ddff2820285f,424c930b-a926a2da8f1474f6,0.44808743169398907,0.5
51019113-a310eab1573fba02,e7370eec-848c92214e3175af,0.4479166666666667,0.5
ec558d69-d301b312aca2c9fd,929b98f0-eef96ee8fcc05c36,0.44776119402985076,0.5113636363636364
853acff9-6357da1fbbcc9fa1,23cb8587-2dcbb1e9dbcfe699,0.44692737430167595,0.5128205128205128
51019113-a310eab1573fba02,fa1bf524-c4cfc95a5d2ad353,0.44680851063829785,0.4883720930232558
0f3a2acf-8994ebc03e7ccbc7,424c930b-a926a2da8f1474f6,0.44680851063829785,0.4827586206896552
dc575a6c-382501ea02c794c3,2af19170-d04a6de0846f9744,0.4467005076142132,0.5569620253164557
16e6d8bb-907dd6e2f702b4fd,8535bdf7-5ad3f9861d512fa2,0.44660194174757284,0.5348837209302325
ec558d69-d301b312aca2c9fd,2af19170-d04a6de0846f9744,0.44660194174757284,0.5227272727272727
e48933fa-ffcded69f4414f6e,316c9955-0c349008c1b95e0d,0.4457831325301205,0.49333333333333335
853acff9-6357da1fbbcc9fa1,2bbc6c80-5ffd69e567be7881,0.44571428571428573,0.5
853acff9-6357da1fbbcc9fa1,4e58558c-2a15aa5b998784b7,0.44571428571428573,0.5
51019113-a310eab1573fba02,4499e3b9-a33dff95453263b5,0.44559585492227977,0.5
c73cd266-da8e3b2fb99cbc79,73f57af1-542c8d7e43524e64,0.44559585492227977,0.5584415584415584
e48933fa-ffcded69f4414f6e,2af19170-d04a6de0846f9744,0.44559585492227977,0.5733333333333334
e86eb5b0-83f3a459a27119cb,e7370eec-848c92214e3175af,0.44554455445544555,0.46875
7f42483d-f881f5273436f320,6255ee79-5051915c357e6310,0.44537815126050423,0.4690265486725664
d2eb953e-1dc0ecab263b1cd0,279e274a-27357e18512fc9ac,0.4444444444444444,0.44680851063829785
e86eb5b0-83f3a459a27119cb,24afd00e-dcafb2b34d7db798,0.4444444444444444,0.4791666666666667
dc575a6c-382501ea02c794c3,cbbbed5f-f147d5fd38e8783a,0.4444444444444444,0.5063291139240507
424c930b-a926a2da8f1474f6,dd5fd2a2-6b67e26a717a50a4,0.4433497536945813,0.44554455445544555
74b5ad88-6fbfa2c19908891e,929b98f0-eef96ee8fcc05c36,0.44329896907216493,0.5308641975308642
fd16f5b0-a397cd613100646d,23cb8587-2dcbb1e9dbcfe699,0.44329896907216493,0.46236559139784944
3ff60986-273cd67b97fa65cc,2c865582-25c489e25b42f740,0.44329896907216493,0.5733333333333334
d0b4b96c-273cd67b97fa65cc,2c865582-25c489e25b42f740,0.44329896907216493,0.5733333333333334
f652c678-58f2857bc1709754,9069684f-fab714a1fbf680fb,0.44324324324324327,0.4659090909090909
5af25bd7-bab814ae1e80f49c,8ad1ad84-3745d4160ea24786,0.4431818181818182,0.4875
77ec956f-adf46fc113a7897c,0f3a2acf-8994ebc03e7ccbc7,0.4431137724550898,0.4625
ac8ef97c-adf46fc113a7897c,0f3a2acf-8994ebc03e7ccbc7,0.4431137724550898,0.4625
45561f1f-d11d10e7250c6b28,34aa6a45-e746ead946dc2b04,0.4426877470355731,0.5544554455445545
8ad1ad84-3745d4160ea24786,54e71b9b-1468635088c1312e,0.4426877470355731,0.5833333333333334
f652c678-58f2857bc1709754,fa1bf524-c4cfc95a5d2ad353,0.4421052631578947,0.4772727272727273
16e6d8bb-907dd6e2f702b4fd,51019113-a310eab1573fba02,0.4418604651162791,0.4418604651162791
f652c678-58f2857bc1709754,6f037b1d-8f16613d9650d51e,0.44155844155844154,0.5795454545454546
d2eb953e-1dc0ecab263b1cd0,23cb8587-2dcbb1e9dbcfe699,0.441025641025641,0.4574468085106383
dcf09f37-ec2fc1564d9d4f56,cbbbed5f-f147d5fd38e8783a,0.441025641025641,0.4574468085106383
dcf09f37-ec2fc1564d9d4f56,23cb8587-2dcbb1e9dbcfe699,0.441025641025641,0.4574468085106383
cc9230d3-5843ddff2820285f,279e274a-27357e18512fc9ac,0.4406779661016949,0.47560975609756095
cc9230d3-5843ddff2820285f,16e6d8bb-907dd6e2f702b4fd,0.44047619047619047,0.45121951219512196
dcf09f37-ec2fc1564d9d4f56,e7370eec-848c92214e3175af,0.44,0.46808510638297873
d82fa7e3-0d7b96efb8ce09a1,23cb8587-2dcbb1e9dbcfe699,0.44,0.4444444444444444
cc9230d3-5843ddff2820285f,bf85ab7b-776e89c835bd1a8d,0.44,0.5365853658536586
d82fa7e3-d7f803eced03719a,23cb8587-2dcbb1e9dbcfe699,0.44,0.4444444444444444
279e274a-27357e18512fc9ac,4303de0d-fc0409b0b5eca587,0.44,0.4631578947368421
f652c678-58f2857bc1709754,bd584714-99efcf48edfe6050,0.43902439024390244,0.5113636363636364
e48933fa-ffcded69f4414f6e,77ec956f-adf46fc113a7897c,0.43870967741935485,0.4533333333333333
e48933fa-ffcded69f4414f6e,ac8ef97c-adf46fc113a7897c,0.43870967741935485,0.4533333333333333
bd584714-99efcf48edfe6050,34aa6a45-e746ead946dc2b04,0.43866171003717475,0.5042735042735043
810fd282-016bd38b5df9af4b,45561f1f-d11d10e7250c6b28,0.4385026737967914,0.47674418604651164
316c9955-0c349008c1b95e0d,3a318b43-f9827e66195fbe68,0.4385026737967914,0.45054945054945056
16e6d8bb-907dd6e2f702b4fd,45561f1f-d11d10e7250c6b28,0.4385026737967914,0.47674418604651164
424c930b-a926a2da8f1474f6,bf85ab7b-776e89c835bd1a8d,0.4383561643835616,0.4752475247524752
1a31f5cb-4ef4f09fb9624c11,48801d9e-0ef7156f0a6d8ca6,0.43820224719101125,0.52
9a20c823-548521dc0db7c15e,d2eb953e-1dc0ecab263b1cd0,0.4378698224852071,0.49333333333333335
dcf09f37-ec2fc1564d9d4f56,5a81e159-df7109b1581700ac,0.43781094527363185,0.46808510638297873
dcf09f37-ec2fc1564d9d4f56,5a81e159-490a903ff60a1435,0.43781094527363185,0.46808510638297873
5289e80a-d80cd7a6c1c8423b,5a81e159-df7109b1581700ac,0.4375,0.49411764705882355
5289e80a-d80cd7a6c1c8423b,5a81e159-490a903ff60a1435,0.4375,0.49411764705882355
51019113-a310eab1573fba02,9069684f-fab714a1fbf680fb,0.4371584699453552,0.46511627906976744
51019113-a310eab1573fba02,8535bdf7-5ad3f9861d512fa2,0.4368932038834951,0.5232558139534884
51019113-a310eab1573fba02,2ef4c176-8634406bc38fb9f8,0.4368932038834951,0.5232558139534884
45561f1f-d11d10e7250c6b28,4303de0d-fc0409b0b5eca587,0.4368932038834951,0.44554455445544555
16e6d8bb-907dd6e2f702b4fd,f652c678-58f2857bc1709754,0.4367816091954023,0.4418604651162791
4499e3b9-a33dff95453263b5,929b98f0-eef96ee8fcc05c36,0.43636363636363634,0.4485981308411215
c73cd266-da8e3b2fb99cbc79,fa1bf524-c4cfc95a5d2ad353,0.43575418994413406,0.5064935064935064
77ec956f-adf46fc113a7897c,d82fa7e3-0d7b96efb8ce09a1,0.43575418994413406,0.4875
77ec956f-adf46fc113a7897c,d82fa7e3-d7f803eced03719a,0.43575418994413406,0.4875
16e6d8bb-907dd6e2f702b4fd,fd16f5b0-a397cd613100646d,0.43575418994413406,0.45348837209302323
ac8ef97c-adf46fc113a7897c,d82fa7e3-0d7b96efb8ce09a1,0.43575418994413406,0.4875
ac8ef97c-adf46fc113a7897c,d82fa7e3-d7f803eced03719a,0.43575418994413406,0.4875
424c930b-a926a2da8f1474f6,cbbbed5f-f147d5fd38e8783a,0.43564356435643564,0.43564356435643564
cc9230d3-5843ddff2820285f,6f037b1d-8f16613d9650d51e,0.43555555555555553,0.5975609756097561
1a31f5cb-4ef4f09fb9624c11,2af19170-d04a6de0846f9744,0.43523316062176165,0.56
e86eb5b0-83f3a459a27119cb,c9a316ca-855308932be2a506,0.43523316062176165,0.4375
316c9955-0c349008c1b95e0d,dd5fd2a2-6b67e26a717a50a4,0.43523316062176165,0.46153846153846156
4303de0d-fc0409b0b5eca587,03b3c5af-05d068a6e6577b94,0.4351851851851852,0.44761904761904764
f652c678-58f2857bc1709754,2c865582-25c489e25b42f740,0.43478260869565216,0.5113636363636364
f652c678-58f2857bc1709754,e86eb5b0-83f3a459a27119cb,0.43478260869565216,0.45454545454545453
e86eb5b0-83f3a459a27119cb,03b3c5af-05d068a6e6577b94,0.43478260869565216,0.46875
cc9230d3-5843ddff2820285f,fd16f5b0-a397cd613100646d,0.4342857142857143,0.4634146341463415
e48933fa-ffcded69f4414f6e,c73cd266-da8e3b2fb99cbc79,0.4342105263157895,0.44
1a31f5cb-4ef4f09fb9624c11,316c9955-0c349008c1b95e0d,0.43373493975903615,0.48
9069684f-fab714a1fbf680fb,e7370eec-848c92214e3175af,0.43349753694581283,0.4536082474226804
51019113-a310eab1573fba02,d2eb953e-1dc0ecab263b1cd0,0.43333333333333335,0.45348837209302323
51019113-a310eab1573fba02,dcf09f37-ec2fc1564d9d4f56,0.43333333333333335,0.45348837209302323
1a31f5cb-4ef4f09fb9624c11,baa8e497-5909172f6507dd97,0.43333333333333335,0.52
16e6d8bb-907dd6e2f702b4fd,d2eb953e-1dc0ecab263b1cd0,0.43333333333333335,0.45348837209302323
853acff9-6357da1fbbcc9fa1,dc575a6c-382501ea02c794c3,0.43312101910828027,0.4358974358974359
24afd00e-dcafb2b34d7db798,54e71b9b-1468635088c1312e,0.43283582089552236,0.5225225225225225
1a31f5cb-4ef4f09fb9624c11,e86eb5b0-83f3a459a27119cb,0.4327485380116959,0.49333333333333335
fa1bf524-c4cfc95a5d2ad353,e7370eec-848c92214e3175af,0.4326923076923077,0.4411764705882353
f652c678-58f2857bc1709754,c9a316ca-855308932be2a506,0.43243243243243246,0.45454545454545453
73f57af1-542c8d7e43524e64,54e71b9b-1468635088c1312e,0.43223443223443225,0.5086206896551724
f652c678-58f2857bc1709754,03b3c5af-05d068a6e6577b94,0.4321608040201005,0.48863636363636365
3ff60986-273cd67b97fa65cc,424c930b-a926a2da8f1474f6,0.4318181818181818,0.5066666666666667
d0b4b96c-273cd67b97fa65cc,424c930b-a926a2da8f1474f6,0.4318181818181818,0.5066666666666667
1a31f5cb-4ef4f09fb9624c11,23cb8587-2dcbb1e9dbcfe699,0.4318181818181818,0.5066666666666667
866a2d52-ad8604feffbc28ba,e86eb5b0-83f3a459a27119cb,0.4318181818181818,0.475
866a2d52-ad8604feffbc28ba,45561f1f-d11d10e7250c6b28,0.430939226519337,0.4875
51019113-a310eab1573fba02,810fd282-016bd38b5df9af4b,0.43023255813953487,0.43023255813953487
74b5ad88-6fbfa2c19908891e,316c9955-0c349008c1b95e0d,0.43023255813953487,0.4567901234567901
f652c678-58f2857bc1709754,48801d9e-0ef7156f0a6d8ca6,0.4293193717277487,0.4659090909090909
279e274a-27357e18512fc9ac,3a318b43-f9827e66195fbe68,0.4293193717277487,0.43157894736842106
810fd282-016bd38b5df9af4b,3a318b43-f9827e66195fbe68,0.42857142857142855,0.45348837209302323
c73cd266-da8e3b2fb99cbc79,2c865582-25c489e25b42f740,0.42857142857142855,0.5454545454545454
74b5ad88-6fbfa2c19908891e,45561f1f-d11d10e7250c6b28,0.42857142857142855,0.48148148148148145
16e6d8bb-907dd6e2f702b4fd,424c930b-a926a2da8f1474f6,0.42780748663101603,0.46511627906976744
51019113-a310eab1573fba02,0f3a2acf-8994ebc03e7ccbc7,0.4277456647398844,0.43023255813953487
853acff9-6357da1fbbcc9fa1,74b5ad88-6fbfa2c19908891e,0.4276729559748428,0.4358974358974359
3a318b43-f9827e66195fbe68,e86eb5b0-83f3a459a27119cb,0.4270833333333333,0.4270833333333333
74b5ad88-6fbfa2c19908891e,9069684f-fab714a1fbf680fb,0.42696629213483145,0.4691358024691358
cc9230d3-5843ddff2820285f,3a318b43-f9827e66195fbe68,0.42696629213483145,0.4634146341463415
23cb8587-2dcbb1e9dbcfe699,34aa6a45-e746ead946dc2b04,0.4268774703557312,0.5346534653465347
3ff60986-273cd67b97fa65cc,77ec956f-adf46fc113a7897c,0.4258064516129032,0.44
d0b4b96c-273cd67b97fa65cc,77ec956f-adf46fc113a7897c,0.4258064516129032,0.44
3ff60986-273cd67b97fa65cc,ac8ef97c-adf46fc113a7897c,0.4258064516129032,0.44
d0b4b96c-273cd67b97fa65cc,ac8ef97c-adf46fc113a7897c,0.4258064516129032,0.44
9a20c823-548521dc0db7c15e,d82fa7e3-0d7b96efb8ce09a1,0.42528735632183906,0.49333333333333335
9a20c823-548521dc0db7c15e,d82fa7e3-d7f803eced03719a,0.42528735632183906,0.49333333333333335
3ff60986-273cd67b97fa65cc,d82fa7e3-0d7b96efb8ce09a1,0.42528735632183906,0.49333333333333335
3ff60986-273cd67b97fa65cc,d82fa7e3-d7f803eced03719a,0.42528735632183906,0.49333333333333335
d0b4b96c-273cd67b97fa65cc,d82fa7e3-0d7b96efb8ce09a1,0.42528735632183906,0.49333333333333335
d0b4b96c-273cd67b97fa65cc,d82fa7e3-d7f803eced03719a,0.42528735632183906,0.49333333333333335
8ad1ad84-3745d4160ea24786,03b3c5af-05d068a6e6577b94,0.4251207729468599,0.4583333333333333
73f57af1-542c8d7e43524e64,d74028ea-a37f7f5e87cf7106,0.425,0.4396551724137931
2ef4c176-8634406bc38fb9f8,8535bdf7-5ad3f9861d512fa2,0.425,0.425
e86eb5b0-83f3a459a27119cb,2bbc6c80-5ffd69e567be7881,0.42487046632124353,0.4270833333333333
e86eb5b0-83f3a459a27119cb,4e58558c-2a15aa5b998784b7,0.42487046632124353,0.4270833333333333
3a318b43-f9827e66195fbe68,9069684f-fab714a1fbf680fb,0.42487046632124353,0.4270833333333333
45561f1f-d11d10e7250c6b28,6255ee79-5051915c357e6310,0.4247787610619469,0.4752475247524752
dc575a6c-382501ea02c794c3,810fd282-016bd38b5df9af4b,0.42424242424242425,0.4430379746835443
cc9230d3-5843ddff2820285f,fa1bf524-c4cfc95a5d2ad353,0.42391304347826086,0.47560975609756095
f652c678-58f2857bc1709754,cbbbed5f-f147d5fd38e8783a,0.42328042328042326,0.45454545454545453
c9a316ca-855308932be2a506,03b3c5af-05d068a6e6577b94,0.4230769230769231,0.4536082474226804
853acff9-6357da1fbbcc9fa1,c9a316ca-855308932be2a506,0.4228571428571429,0.47435897435897434
1a31f5cb-4ef4f09fb9624c11,2c865582-25c489e25b42f740,0.422680412371134,0.5466666666666666
1a31f5cb-4ef4f09fb9624c11,810fd282-016bd38b5df9af4b,0.422360248447205,0.4533333333333333
5af25bd7-bab814ae1e80f49c,74b5ad88-6fbfa2c19908891e,0.422360248447205,0.425
1a31f5cb-4ef4f09fb9624c11,4303de0d-fc0409b0b5eca587,0.4222222222222222,0.5066666666666667
0f3a2acf-8994ebc03e7ccbc7,fd16f5b0-a397cd613100646d,0.4222222222222222,0.4367816091954023
e48933fa-ffcded69f4414f6e,4303de0d-fc0409b0b5eca587,0.4222222222222222,0.5066666666666667
1a31f5cb-4ef4f09fb9624c11,d74028ea-a37f7f5e87cf7106,0.4221105527638191,0.56
77ec956f-adf46fc113a7897c,51019113-a310eab1573fba02,0.42168674698795183,0.4375
ac8ef97c-adf46fc113a7897c,51019113-a310eab1573fba02,0.42168674698795183,0.4375
16e6d8bb-907dd6e2f702b4fd,d82fa7e3-0d7b96efb8ce09a1,0.42162162162162165,0.45348837209302323
16e6d8bb-907dd6e2f702b4fd,d82fa7e3-d7f803eced03719a,0.42162162162162165,0.45348837209302323
c9a316ca-855308932be2a506,5a81e159-df7109b1581700ac,0.4215686274509804,0.44329896907216493
c9a316ca-855308932be2a506,5a81e159-490a903ff60a1435,0.4215686274509804,0.44329896907216493
e48933fa-ffcded69f4414f6e,8ad1ad84-3745d4160ea24786,0.42105263157894735,0.48
dcf09f37-ec2fc1564d9d4f56,e86eb5b0-83f3a459a27119cb,0.42105263157894735,0.425531914893617
e48933fa-ffcded69f4414f6e,3a318b43-f9827e66195fbe68,0.42105263157894735,0.48
03b3c5af-05d068a6e6577b94,bd584714-99efcf48edfe6050,0.42105263157894735,0.43243243243243246
9a20c823-548521dc0db7c15e,2ef4c176-8634406bc38fb9f8,0.4205128205128205,0.5466666666666666
d74028ea-a37f7f5e87cf7106,34aa6a45-e746ead946dc2b04,0.42028985507246375,0.46774193548387094
2af19170-d04a6de0846f9744,8535bdf7-5ad3f9861d512fa2,0.42016806722689076,0.423728813559322
866a2d52-ad8604feffbc28ba,74f4382e-1393d2963ee49eb2,0.4200913242009132,0.575
d2eb953e-1dc0ecab263b1cd0,e7370eec-848c92214e3175af,0.42,0.44680851063829785
d74028ea-a37f7f5e87cf7106,54e71b9b-1468635088c1312e,0.4199288256227758,0.47580645161290325
5a81e159-df7109b1581700ac,bd584714-99efcf48edfe6050,0.41964285714285715,0.4392523364485981
5a81e159-490a903ff60a1435,bd584714-99efcf48edfe6050,0.41964285714285715,0.4392523364485981
316c9955-0c349008c1b95e0d,279e274a-27357e18512fc9ac,0.41935483870967744,0.42857142857142855
5af25bd7-bab814ae1e80f49c,0f3a2acf-8994ebc03e7ccbc7,0.41916167664670656,0.4375
77ec956f-adf46fc113a7897c,90b71536-07dac993d8c28e54,0.41904761904761906,0.55
ac8ef97c-adf46fc113a7897c,90b71536-07dac993d8c28e54,0.41904761904761906,0.55
77ec956f-adf46fc113a7897c,6db218a2-ed2d2f57e3ca9626,0.41904761904761906,0.55
ac8ef97c-adf46fc113a7897c,6db218a2-ed2d2f57e3ca9626,0.41904761904761906,0.55
424c930b-a926a2da8f1474f6,34aa6a45-e746ead946dc2b04,0.4189723320158103,0.5247524752475248
5af25bd7-bab814ae1e80f49c,03b3c5af-05d068a6e6577b94,0.418848167539267,0.5
1a31f5cb-4ef4f09fb9624c11,2bbc6c80-5ffd69e567be7881,0.4186046511627907,0.48
1a31f5cb-4ef4f09fb9624c11,4e58558c-2a15aa5b998784b7,0.4186046511627907,0.48
e48933fa-ffcded69f4414f6e,c9a316ca-855308932be2a506,0.4186046511627907,0.48
3ff60986-273cd67b97fa65cc,9069684f-fab714a1fbf680fb,0.4186046511627907,0.48
d0b4b96c-273cd67b97fa65cc,9069684f-fab714a1fbf680fb,0.4186046511627907,0.48
dc575a6c-382501ea02c794c3,bd584714-99efcf48edfe6050,0.41836734693877553,0.5189873417721519
51019113-a310eab1573fba02,316c9955-0c349008c1b95e0d,0.4180790960451977,0.43023255813953487
d82fa7e3-0d7b96efb8ce09a1,fa1bf524-c4cfc95a5d2ad353,0.417910447761194,0.42424242424242425
d82fa7e3-d7f803eced03719a,fa1bf524-c4cfc95a5d2ad353,0.417910447761194,0.42424242424242425
4499e3b9-a33dff95453263b5,bf85ab7b-776e89c835bd1a8d,0.4177777777777778,0.4392523364485981
45561f1f-d11d10e7250c6b28,2ef4c176-8634406bc38fb9f8,0.416289592760181,0.45544554455445546
866a2d52-ad8604feffbc28ba,fd16f5b0-a397cd613100646d,0.4161849710982659,0.45
fd16f5b0-a397cd613100646d,54e71b9b-1468635088c1312e,0.416,0.5591397849462365
5289e80a-d80cd7a6c1c8423b,bd584714-99efcf48edfe6050,0.4158415841584158,0.49411764705882355
929b98f0-eef96ee8fcc05c36,2af19170-d04a6de0846f9744,0.4155844155844156,0.4247787610619469
dc575a6c-382501ea02c794c3,529d9642-f22fa9fcd4ec6440,0.41545893719806765,0.5443037974683544
51019113-a310eab1573fba02,2bbc6c80-5ffd69e567be7881,0.41530054644808745,0.4418604651162791
51019113-a310eab1573fba02,4e58558c-2a15aa5b998784b7,0.41530054644808745,0.4418604651162791
16e6d8bb-907dd6e2f702b4fd,c9a316ca-855308932be2a506,0.41530054644808745,0.4418604651162791
16e6d8bb-907dd6e2f702b4fd,9069684f-fab714a1fbf680fb,0.41530054644808745,0.4418604651162791
e7370eec-848c92214e3175af,24afd00e-dcafb2b34d7db798,0.4147465437788018,0.42452830188679247
8ad1ad84-3745d4160ea24786,9069684f-fab714a1fbf680fb,0.41450777202072536,0.4166666666666667
03b3c5af-05d068a6e6577b94,24afd00e-dcafb2b34d7db798,0.4144144144144144,0.4144144144144144
5289e80a-d80cd7a6c1c8423b,929b98f0-eef96ee8fcc05c36,0.41414141414141414,0.4823529411764706
2bbc6c80-5ffd69e567be7881,cbbbed5f-f147d5fd38e8783a,0.41414141414141414,0.422680412371134
4e58558c-2a15aa5b998784b7,cbbbed5f-f147d5fd38e8783a,0.41414141414141414,0.422680412371134
24afd00e-dcafb2b34d7db798,73f57af1-542c8d7e43524e64,0.41409691629955947,0.42342342342342343
929b98f0-eef96ee8fcc05c36,6f037b1d-8f16613d9650d51e,0.4140625,0.4690265486725664
316c9955-0c349008c1b95e0d,bd584714-99efcf48edfe6050,0.41346153846153844,0.4725274725274725
3ff60986-273cd67b97fa65cc,9a20c823-548521dc0db7c15e,0.41333333333333333,0.41333333333333333
9a20c823-548521dc0db7c15e,d0b4b96c-273cd67b97fa65cc,0.41333333333333333,0.41333333333333333
2af19170-d04a6de0846f9744,d74028ea-a37f7f5e87cf7106,0.4132231404958678,0.423728813559322
dcf09f37-ec2fc1564d9d4f56,2c865582-25c489e25b42f740,0.4131455399061033,0.46808510638297873
4499e3b9-a33dff95453263b5,03b3c5af-05d068a6e6577b94,0.41284403669724773,0.4205607476635514
3ff60986-273cd67b97fa65cc,6f037b1d-8f16613d9650d51e,0.41284403669724773,0.6
d0b4b96c-273cd67b97fa65cc,6f037b1d-8f16613d9650d51e,0.41284403669724773,0.6
e7370eec-848c92214e3175af,bd584714-99efcf48edfe6050,0.4125560538116592,0.4339622641509434
dcf09f37-ec2fc1564d9d4f56,ef1117e3-ca2c6b3480217536,0.4122137404580153,0.574468085106383
74b5ad88-6fbfa2c19908891e,2af19170-d04a6de0846f9744,0.4120603015075377,0.5061728395061729
73f57af1-542c8d7e43524e64,bd584714-99efcf48edfe6050,0.41201716738197425,0.41379310344827586
51019113-a310eab1573fba02,2af19170-d04a6de0846f9744,0.4117647058823529,0.4883720930232558
3ff60986-273cd67b97fa65cc,baa8e497-5909172f6507dd97,0.4111111111111111,0.49333333333333335
d0b4b96c-273cd67b97fa65cc,baa8e497-5909172f6507dd97,0.4111111111111111,0.49333333333333335
24afd00e-dcafb2b34d7db798,7f42483d-f881f5273436f320,0.4107142857142857,0.4144144144144144
d82fa7e3-0d7b96efb8ce09a1,90b71536-07dac993d8c28e54,0.4104803493449782,0.47474747474747475
d82fa7e3-d7f803eced03719a,90b71536-07dac993d8c28e54,0.4104803493449782,0.47474747474747475
d82fa7e3-0d7b96efb8ce09a1,6db218a2-ed2d2f57e3ca9626,0.4104803493449782,0.47474747474747475
d82fa7e3-d7f803eced03719a,6db218a2-ed2d2f57e3ca9626,0.4104803493449782,0.47474747474747475
4303de0d-fc0409b0b5eca587,d74028ea-a37f7f5e87cf7106,0.4104803493449782,0.44761904761904764
3ff60986-273cd67b97fa65cc,8535bdf7-5ad3f9861d512fa2,0.41025641025641024,0.5333333333333333
d0b4b96c-273cd67b97fa65cc,8535bdf7-5ad3f9861d512fa2,0.41025641025641024,0.5333333333333333
2c865582-25c489e25b42f740,8535bdf7-5ad3f9861d512fa2,0.4100418410041841,0.4117647058823529
cc9230d3-5843ddff2820285f,54e71b9b-1468635088c1312e,0.4100418410041841,0.5975609756097561
fd16f5b0-a397cd613100646d,5a81e159-df7109b1581700ac,0.41,0.44086021505376344
fd16f5b0-a397cd613100646d,5a81e159-490a903ff60a1435,0.41,0.44086021505376344
424c930b-a926a2da8f1474f6,6f037b1d-8f16613d9650d51e,0.4098360655737705,0.49504950495049505
866a2d52-ad8604feffbc28ba,810fd282-016bd38b5df9af4b,0.40963855421686746,0.425
3ff60986-273cd67b97fa65cc,316c9955-0c349008c1b95e0d,0.40963855421686746,0.4533333333333333
866a2d52-ad8604feffbc28ba,16e6d8bb-907dd6e2f702b4fd,0.40963855421686746,0.425
d0b4b96c-273cd67b97fa65cc,316c9955-0c349008c1b95e0d,0.40963855421686746,0.4533333333333333
c73cd266-da8e3b2fb99cbc79,dcf09f37-ec2fc1564d9d4f56,0.4093567251461988,0.45454545454545453
e48933fa-ffcded69f4414f6e,e86eb5b0-83f3a459a27119cb,0.4093567251461988,0.4666666666666667
c73cd266-da8e3b2fb99cbc79,6f037b1d-8f16613d9650d51e,0.4090909090909091,0.5844155844155844
dc575a6c-382501ea02c794c3,9069684f-fab714a1fbf680fb,0.4090909090909091,0.45569620253164556
77ec956f-adf46fc113a7897c,424c930b-a926a2da8f1474f6,0.4088397790055249,0.4625
ac8ef97c-adf46fc113a7897c,424c930b-a926a2da8f1474f6,0.4088397790055249,0.4625
0f3a2acf-8994ebc03e7ccbc7,d2eb953e-1dc0ecab263b1cd0,0.4088397790055249,0.42528735632183906
baa8e497-5909172f6507dd97,6255ee79-5051915c357e6310,0.40869565217391307,0.44761904761904764
bd584714-99efcf48edfe6050,bf85ab7b-776e89c835bd1a8d,0.4085106382978723,0.41025641025641024
51019113-a310eab1573fba02,baa8e497-5909172f6507dd97,0.4083769633507853,0.45348837209302323
fd16f5b0-a397cd613100646d,34aa6a45-e746ead946dc2b04,0.40816326530612246,0.5376344086021505
f652c678-58f2857bc1709754,929b98f0-eef96ee8fcc05c36,0.4079601990049751,0.4659090909090909
9a20c823-548521dc0db7c15e,cc9230d3-5843ddff2820285f,0.40764331210191085,0.4266666666666667
1a31f5cb-4ef4f09fb9624c11,0f3a2acf-8994ebc03e7ccbc7,0.4074074074074074,0.44
e48933fa-ffcded69f4414f6e,0f3a2acf-8994ebc03e7ccbc7,0.4074074074074074,0.44
cbbbed5f-f147d5fd38e8783a,8535bdf7-5ad3f9861d512fa2,0.4072398190045249,0.44554455445544555
929b98f0-eef96ee8fcc05c36,bf85ab7b-776e89c835bd1a8d,0.4069264069264069,0.415929203539823
03b3c5af-05d068a6e6577b94,8535bdf7-5ad3f9861d512fa2,0.4069264069264069,0.42342342342342343
866a2d52-ad8604feffbc28ba,c9a316ca-855308932be2a506,0.4067796610169492,0.45
dd5fd2a2-6b67e26a717a50a4,74f4382e-1393d2963ee49eb2,0.4066390041493776,0.4803921568627451
1a31f5cb-4ef4f09fb9624c11,4499e3b9-a33dff95453263b5,0.4065934065934066,0.49333333333333335
74b5ad88-6fbfa2c19908891e,cbbbed5f-f147d5fd38e8783a,0.4065934065934066,0.4567901234567901
316c9955-0c349008c1b95e0d,424c930b-a926a2da8f1474f6,0.40625,0.42857142857142855
1a31f5cb-4ef4f09fb9624c11,bd584714-99efcf48edfe6050,0.40625,0.52
8ad1ad84-3745d4160ea24786,e86eb5b0-83f3a459a27119cb,0.40625,0.40625
279e274a-27357e18512fc9ac,c9a316ca-855308932be2a506,0.40625,0.4105263157894737
810fd282-016bd38b5df9af4b,03b3c5af-05d068a6e6577b94,0.40609137055837563,0.46511627906976744
8ad1ad84-3745d4160ea24786,e7370eec-848c92214e3175af,0.40594059405940597,0.4270833333333333
d82fa7e3-0d7b96efb8ce09a1,48801d9e-0ef7156f0a6d8ca6,0.40594059405940597,0.41414141414141414
3a318b43-f9827e66195fbe68,e7370eec-848c92214e3175af,0.40594059405940597,0.4270833333333333
d82fa7e3-d7f803eced03719a,48801d9e-0ef7156f0a6d8ca6,0.40594059405940597,0.41414141414141414
8ad1ad84-3745d4160ea24786,73f57af1-542c8d7e43524e64,0.4056603773584906,0.4479166666666667
dcf09f37-ec2fc1564d9d4f56,2af19170-d04a6de0846f9744,0.4056603773584906,0.4574468085106383
45561f1f-d11d10e7250c6b28,03b3c5af-05d068a6e6577b94,0.4056603773584906,0.42574257425742573
853acff9-6357da1fbbcc9fa1,74f4382e-1393d2963ee49eb2,0.4055299539170507,0.5641025641025641
853acff9-6357da1fbbcc9fa1,5af25bd7-bab814ae1e80f49c,0.4050632911392405,0.41025641025641024
77ec956f-adf46fc113a7897c,f652c678-58f2857bc1709754,0.40476190476190477,0.425
ac8ef97c-adf46fc113a7897c,f652c678-58f2857bc1709754,0.40476190476190477,0.425
853acff9-6357da1fbbcc9fa1,fffc11ee-b376cba7661266dc,0.40476190476190477,0.6538461538461539
3ff60986-273cd67b97fa65cc,929b98f0-eef96ee8fcc05c36,0.40425531914893614,0.5066666666666667
d0b4b96c-273cd67b97fa65cc,929b98f0-eef96ee8fcc05c36,0.40425531914893614,0.5066666666666667
9a20c823-548521dc0db7c15e,2af19170-d04a6de0846f9744,0.40414507772020725,0.52
3ff60986-273cd67b97fa65cc,bf85ab7b-776e89c835bd1a8d,0.40414507772020725,0.52
d0b4b96c-273cd67b97fa65cc,bf85ab7b-776e89c835bd1a8d,0.40414507772020725,0.52
c9a316ca-855308932be2a506,424c930b-a926a2da8f1474f6,0.40404040404040403,0.41237113402061853
c9a316ca-855308932be2a506,45561f1f-d11d10e7250c6b28,0.40404040404040403,0.41237113402061853
5af25bd7-bab814ae1e80f49c,2af19170-d04a6de0846f9744,0.40404040404040403,0.5
cbbbed5f-f147d5fd38e8783a,fa1bf524-c4cfc95a5d2ad353,0.4039408866995074,0.40594059405940597
23cb8587-2dcbb1e9dbcfe699,dd5fd2a2-6b67e26a717a50a4,0.4039408866995074,0.40594059405940597
fd16f5b0-a397cd613100646d,2ef4c176-8634406bc38fb9f8,0.40375586854460094,0.46236559139784944
dcf09f37-ec2fc1564d9d4f56,d74028ea-a37f7f5e87cf7106,0.4036697247706422,0.46808510638297873
2c865582-25c489e25b42f740,d74028ea-a37f7f5e87cf7106,0.40329218106995884,0.4117647058823529
2ef4c176-8634406bc38fb9f8,529d9642-f22fa9fcd4ec6440,0.4032258064516129,0.4166666666666667
853acff9-6357da1fbbcc9fa1,810fd282-016bd38b5df9af4b,0.4024390243902439,0.4230769230769231
853acff9-6357da1fbbcc9fa1,45561f1f-d11d10e7250c6b28,0.4022346368715084,0.46153846153846156
cc9230d3-5843ddff2820285f,9069684f-fab714a1fbf680fb,0.4022346368715084,0.43902439024390244
74b5ad88-6fbfa2c19908891e,48801d9e-0ef7156f0a6d8ca6,0.40217391304347827,0.4567901234567901
16e6d8bb-907dd6e2f702b4fd,929b98f0-eef96ee8fcc05c36,0.4020100502512563,0.46511627906976744
45561f1f-d11d10e7250c6b28,48801d9e-0ef7156f0a6d8ca6,0.4019607843137255,0.40594059405940597
dcf09f37-ec2fc1564d9d4f56,2ef4c176-8634406bc38fb9f8,0.40186915887850466,0.4574468085106383
74b5ad88-6fbfa2c19908891e,6f037b1d-8f16613d9650d51e,0.4017857142857143,0.5555555555555556
e7370eec-848c92214e3175af,529d9642-f22fa9fcd4ec6440,0.4017094017094017,0.44339622641509435
e7370eec-848c92214e3175af,ef1117e3-ca2c6b3480217536,0.40145985401459855,0.5188679245283019
c9a316ca-855308932be2a506,929b98f0-eef96ee8fcc05c36,0.4,0.4329896907216495
853acff9-6357da1fbbcc9fa1,54e71b9b-1468635088c1312e,0.4,0.6025641025641025
853acff9-6357da1fbbcc9fa1,0f3a2acf-8994ebc03e7ccbc7,0.4,0.4230769230769231
d2eb953e-1dc0ecab263b1cd0,424c930b-a926a2da8f1474f6,0.4,0.4148936170212766
dcf09f37-ec2fc1564d9d4f56,73f57af1-542c8d7e43524e64,0.4,0.44680851063829785
dc575a6c-382501ea02c794c3,73f57af1-542c8d7e43524e64,0.4,0.4936708860759494
c73cd266-da8e3b2fb99cbc79,48801d9e-0ef7156f0a6d8ca6,0.4,0.4675324675324675
5a81e159-df7109b1581700ac,ef1117e3-ca2c6b3480217536,0.4,0.514018691588785
0f3a2acf-8994ebc03e7ccbc7,6f037b1d-8f16613d9650d51e,0.4,0.5287356321839081
5a81e159-490a903ff60a1435,ef1117e3-ca2c6b3480217536,0.4,0.514018691588785
866a2d52-ad8604feffbc28ba,baa8e497-5909172f6507dd97,0.4,0.4625
316c9955-0c349008c1b95e0d,74f4382e-1393d2963ee49eb2,0.4,0.5054945054945055
48801d9e-0ef7156f0a6d8ca6,7f42483d-f881f5273436f320,0.39814814814814814,0.4174757281553398
51019113-a310eab1573fba02,6255ee79-5051915c357e6310,0.3981042654028436,0.4883720930232558
fd16f5b0-a397cd613100646d,7f42483d-f881f5273436f320,0.39805825242718446,0.44086021505376344
866a2d52-ad8604feffbc28ba,73f57af1-542c8d7e43524e64,0.3979591836734694,0.4875
279e274a-27357e18512fc9ac,23cb8587-2dcbb1e9dbcfe699,0.3979591836734694,0.4105263157894737
dcf09f37-ec2fc1564d9d4f56,9069684f-fab714a1fbf680fb,0.39790575916230364,0.40425531914893614
5289e80a-d80cd7a6c1c8423b,e7370eec-848c92214e3175af,0.39790575916230364,0.4470588235294118
0f3a2acf-8994ebc03e7ccbc7,d82fa7e3-0d7b96efb8ce09a1,0.3978494623655914,0.42528735632183906
0f3a2acf-8994ebc03e7ccbc7,d82fa7e3-d7f803eced03719a,0.3978494623655914,0.42528735632183906
866a2d52-ad8604feffbc28ba,cbbbed5f-f147d5fd38e8783a,0.39779005524861877,0.45
5289e80a-d80cd7a6c1c8423b,e86eb5b0-83f3a459a27119cb,0.39779005524861877,0.4235294117647059
9a20c823-548521dc0db7c15e,cbbbed5f-f147d5fd38e8783a,0.3977272727272727,0.4666666666666667
866a2d52-ad8604feffbc28ba,8ad1ad84-3745d4160ea24786,0.3977272727272727,0.4375
e48933fa-ffcded69f4414f6e,cbbbed5f-f147d5fd38e8783a,0.3977272727272727,0.4666666666666667
5af25bd7-bab814ae1e80f49c,e86eb5b0-83f3a459a27119cb,0.3977272727272727,0.4375
3ff60986-273cd67b97fa65cc,8ad1ad84-3745d4160ea24786,0.39766081871345027,0.4533333333333333
d0b4b96c-273cd67b97fa65cc,8ad1ad84-3745d4160ea24786,0.39766081871345027,0.4533333333333333
77ec956f-adf46fc113a7897c,16e6d8bb-907dd6e2f702b4fd,0.39759036144578314,0.4125
ac8ef97c-adf46fc113a7897c,16e6d8bb-907dd6e2f702b4fd,0.39759036144578314,0.4125
bf85ab7b-776e89c835bd1a8d,2c865582-25c489e25b42f740,0.39662447257383965,0.3983050847457627
929b98f0-eef96ee8fcc05c36,2c865582-25c489e25b42f740,0.39655172413793105,0.40707964601769914
424c930b-a926a2da8f1474f6,73f57af1-542c8d7e43524e64,0.39631336405529954,0.42574257425742573
dcf09f37-ec2fc1564d9d4f56,48801d9e-0ef7156f0a6d8ca6,0.39593908629441626,0.4148936170212766
5289e80a-d80cd7a6c1c8423b,fa1bf524-c4cfc95a5d2ad353,0.39572192513368987,0.43529411764705883
74b5ad88-6fbfa2c19908891e,e7370eec-848c92214e3175af,0.39572192513368987,0.4567901234567901
9a20c823-548521dc0db7c15e,5a81e159-df7109b1581700ac,0.3956043956043956,0.48
9a20c823-548521dc0db7c15e,5a81e159-490a903ff60a1435,0.3956043956043956,0.48
5289e80a-d80cd7a6c1c8423b,c9a316ca-855308932be2a506,0.3956043956043956,0.4235294117647059
866a2d52-ad8604feffbc28ba,0f3a2acf-8994ebc03e7ccbc7,0.39520958083832336,0.4125
9a20c823-548521dc0db7c15e,6f037b1d-8f16613d9650d51e,0.3944954128440367,0.5733333333333334
9069684f-fab714a1fbf680fb,73f57af1-542c8d7e43524e64,0.39436619718309857,0.4329896907216495
424c930b-a926a2da8f1474f6,5a81e159-df7109b1581700ac,0.3942307692307692,0.40594059405940597
424c930b-a926a2da8f1474f6,5a81e159-490a903ff60a1435,0.3942307692307692,0.40594059405940597
bd584714-99efcf48edfe6050,54e71b9b-1468635088c1312e,0.39416058394160586,0.46153846153846156
23cb8587-2dcbb1e9dbcfe699,fa1bf524-c4cfc95a5d2ad353,0.39408866995073893,0.39603960396039606
e86eb5b0-83f3a459a27119cb,fa1bf524-c4cfc95a5d2ad353,0.3939393939393939,0.40625
316c9955-0c349008c1b95e0d,5a81e159-df7109b1581700ac,0.3939393939393939,0.42857142857142855
77ec956f-adf46fc113a7897c,2af19170-d04a6de0846f9744,0.3939393939393939,0.4875
316c9955-0c349008c1b95e0d,5a81e159-490a903ff60a1435,0.3939393939393939,0.42857142857142855
ac8ef97c-adf46fc113a7897c,2af19170-d04a6de0846f9744,0.3939393939393939,0.4875
810fd282-016bd38b5df9af4b,4499e3b9-a33dff95453263b5,0.39378238341968913,0.4418604651162791
51019113-a310eab1573fba02,ef1117e3-ca2c6b3480217536,0.3937007874015748,0.5813953488372093
0f3a2acf-8994ebc03e7ccbc7,cbbbed5f-f147d5fd38e8783a,0.39361702127659576,0.42528735632183906
cc9230d3-5843ddff2820285f,8ad1ad84-3745d4160ea24786,0.39325842696629215,0.4268292682926829
45561f1f-d11d10e7250c6b28,bf85ab7b-776e89c835bd1a8d,0.3926940639269406,0.42574257425742573
316c9955-0c349008c1b95e0d,529d9642-f22fa9fcd4ec6440,0.3926940639269406,0.4725274725274725
e86eb5b0-83f3a459a27119cb,fffc11ee-b376cba7661266dc,0.3925925925925926,0.5520833333333334
dcf09f37-ec2fc1564d9d4f56,a5f41b95-7fcfc0d1118af833,0.3923444976076555,0.43617021276595747
24afd00e-dcafb2b34d7db798,74f4382e-1393d2963ee49eb2,0.392,0.44144144144144143
2af19170-d04a6de0846f9744,dba80ad4-58af20fff7e32454,0.39183673469387753,0.4067796610169492
bf85ab7b-776e89c835bd1a8d,dba80ad4-58af20fff7e32454,0.39183673469387753,0.4067796610169492
74b5ad88-6fbfa2c19908891e,fd16f5b0-a397cd613100646d,0.39080459770114945,0.41975308641975306
dc575a6c-382501ea02c794c3,5289e80a-d80cd7a6c1c8423b,0.3902439024390244,0.4050632911392405
0f3a2acf-8994ebc03e7ccbc7,7f42483d-f881f5273436f320,0.39,0.4482758620689655
74b5ad88-6fbfa2c19908891e,2c865582-25c489e25b42f740,0.39,0.48148148148148145
1a31f5cb-4ef4f09fb9624c11,8535bdf7-5ad3f9861d512fa2,0.38974358974358975,0.5066666666666667
dcf09f37-ec2fc1564d9d4f56,45561f1f-d11d10e7250c6b28,0.38974358974358975,0.40425531914893614
cbbbed5f-f147d5fd38e8783a,90b71536-07dac993d8c28e54,0.38961038961038963,0.44554455445544555
cbbbed5f-f147d5fd38e8783a,6db218a2-ed2d2f57e3ca9626,0.38961038961038963,0.44554455445544555
fd16f5b0-a397cd613100646d,9069684f-fab714a1fbf680fb,0.3894736842105263,0.3978494623655914
424c930b-a926a2da8f1474f6,2ef4c176-8634406bc38fb9f8,0.3891402714932127,0.42574257425742573
fd16f5b0-a397cd613100646d,bf85ab7b-776e89c835bd1a8d,0.3886255924170616,0.44086021505376344
74b5ad88-6fbfa2c19908891e,dcf09f37-ec2fc1564d9d4f56,0.38857142857142857,0.41975308641975306
5af25bd7-bab814ae1e80f49c,279e274a-27357e18512fc9ac,0.38857142857142857,0.425
424c930b-a926a2da8f1474f6,baa8e497-5909172f6507dd97,0.3883495145631068,0.39603960396039606
424c930b-a926a2da8f1474f6,4303de0d-fc0409b0b5eca587,0.3883495145631068,0.39603960396039606
e7370eec-848c92214e3175af,54e71b9b-1468635088c1312e,0.38783269961977185,0.4811320754716981
d74028ea-a37f7f5e87cf7106,74f4382e-1393d2963ee49eb2,0.38783269961977185,0.4112903225806452
5af25bd7-bab814ae1e80f49c,866a2d52-ad8604feffbc28ba,0.3875,0.3875
866a2d52-ad8604feffbc28ba,03b3c5af-05d068a6e6577b94,0.387434554973822,0.4625
1a31f5cb-4ef4f09fb9624c11,24afd00e-dcafb2b34d7db798,0.3870967741935484,0.48
3ff60986-273cd67b97fa65cc,03b3c5af-05d068a6e6577b94,0.3870967741935484,0.48
d0b4b96c-273cd67b97fa65cc,03b3c5af-05d068a6e6577b94,0.3870967741935484,0.48
e86eb5b0-83f3a459a27119cb,73f57af1-542c8d7e43524e64,0.3867924528301887,0.4270833333333333
810fd282-016bd38b5df9af4b,279e274a-27357e18512fc9ac,0.3867403314917127,0.4069767441860465
dc575a6c-382501ea02c794c3,2bbc6c80-5ffd69e567be7881,0.38636363636363635,0.43037974683544306
cc9230d3-5843ddff2820285f,d2eb953e-1dc0ecab263b1cd0,0.38636363636363635,0.4146341463414634
dc575a6c-382501ea02c794c3,4e58558c-2a15aa5b998784b7,0.38636363636363635,0.43037974683544306
929b98f0-eef96ee8fcc05c36,2ef4c176-8634406bc38fb9f8,0.38626609442060084,0.39823008849557523
853acff9-6357da1fbbcc9fa1,d74028ea-a37f7f5e87cf7106,0.38613861386138615,0.5
45561f1f-d11d10e7250c6b28,cbbbed5f-f147d5fd38e8783a,0.38613861386138615,0.38613861386138615
9a20c823-548521dc0db7c15e,3a318b43-f9827e66195fbe68,0.38596491228070173,0.44
24afd00e-dcafb2b34d7db798,bd584714-99efcf48edfe6050,0.38596491228070173,0.3963963963963964
e48933fa-ffcded69f4414f6e,bd584714-99efcf48edfe6050,0.3854166666666667,0.49333333333333335
7f42483d-f881f5273436f320,54e71b9b-1468635088c1312e,0.3851851851851852,0.46017699115044247
cc9230d3-5843ddff2820285f,4303de0d-fc0409b0b5eca587,0.3850267379679144,0.43902439024390244
c9a316ca-855308932be2a506,73f57af1-542c8d7e43524e64,0.38497652582159625,0.422680412371134
4499e3b9-a33dff95453263b5,dba80ad4-58af20fff7e32454,0.38461538461538464,0.4205607476635514
45561f1f-d11d10e7250c6b28,5a81e159-df7109b1581700ac,0.38461538461538464,0.39603960396039606
ec558d69-d301b312aca2c9fd,8535bdf7-5ad3f9861d512fa2,0.38461538461538464,0.45454545454545453
fd16f5b0-a397cd613100646d,a5f41b95-7fcfc0d1118af833,0.38461538461538464,0.43010752688172044
45561f1f-d11d10e7250c6b28,5a81e159-490a903ff60a1435,0.38461538461538464,0.39603960396039606
16e6d8bb-907dd6e2f702b4fd,8ad1ad84-3745d4160ea24786,0.38461538461538464,0.4069767441860465
2bbc6c80-5ffd69e567be7881,e7370eec-848c92214e3175af,0.3842364532019704,0.4020618556701031
4e58558c-2a15aa5b998784b7,e7370eec-848c92214e3175af,0.3842364532019704,0.4020618556701031
74b5ad88-6fbfa2c19908891e,8ad1ad84-3745d4160ea24786,0.384180790960452,0.41975308641975306
8ad1ad84-3745d4160ea24786,dd5fd2a2-6b67e26a717a50a4,0.3838383838383838,0.3958333333333333
9069684f-fab714a1fbf680fb,45561f1f-d11d10e7250c6b28,0.3838383838383838,0.3917525773195876
5289e80a-d80cd7a6c1c8423b,0f3a2acf-8994ebc03e7ccbc7,0.38372093023255816,0.38823529411764707
e7370eec-848c92214e3175af,74f4382e-1393d2963ee49eb2,0.3836734693877551,0.44339622641509435
48801d9e-0ef7156f0a6d8ca6,73f57af1-542c8d7e43524e64,0.3835616438356164,0.4077669902912621
d74028ea-a37f7f5e87cf7106,ef1117e3-ca2c6b3480217536,0.3835616438356164,0.45161290322580644
f652c678-58f2857bc1709754,4303de0d-fc0409b0b5eca587,0.38341968911917096,0.42045454545454547
9a20c823-548521dc0db7c15e,bf85ab7b-776e89c835bd1a8d,0.38341968911917096,0.49333333333333335
929b98f0-eef96ee8fcc05c36,dba80ad4-58af20fff7e32454,0.38333333333333336,0.40707964601769914
2bbc6c80-5ffd69e567be7881,bd584714-99efcf48edfe6050,0.38317757009345793,0.422680412371134
4e58558c-2a15aa5b998784b7,bd584714-99efcf48edfe6050,0.38317757009345793,0.422680412371134
cc9230d3-5843ddff2820285f,e7370eec-848c92214e3175af,0.3829787234042553,0.43902439024390244
f652c678-58f2857bc1709754,ef1117e3-ca2c6b3480217536,0.3828125,0.5568181818181818
d2eb953e-1dc0ecab263b1cd0,54e71b9b-1468635088c1312e,0.38247011952191234,0.5106382978723404
23cb8587-2dcbb1e9dbcfe699,48801d9e-0ef7156f0a6d8ca6,0.38235294117647056,0.38613861386138615
c73cd266-da8e3b2fb99cbc79,77ec956f-adf46fc113a7897c,0.3821656050955414,0.38961038961038963
c73cd266-da8e3b2fb99cbc79,ac8ef97c-adf46fc113a7897c,0.3821656050955414,0.38961038961038963
c73cd266-da8e3b2fb99cbc79,cbbbed5f-f147d5fd38e8783a,0.38202247191011235,0.44155844155844154
cc9230d3-5843ddff2820285f,bd584714-99efcf48edfe6050,0.38190954773869346,0.4634146341463415
5a81e159-df7109b1581700ac,7f42483d-f881f5273436f320,0.38181818181818183,0.3925233644859813
5a81e159-490a903ff60a1435,7f42483d-f881f5273436f320,0.38181818181818183,0.3925233644859813
9069684f-fab714a1fbf680fb,2af19170-d04a6de0846f9744,0.3813953488372093,0.422680412371134
853acff9-6357da1fbbcc9fa1,03b3c5af-05d068a6e6577b94,0.38095238095238093,0.46153846153846156
c73cd266-da8e3b2fb99cbc79,316c9955-0c349008c1b95e0d,0.38095238095238093,0.4155844155844156
e48933fa-ffcded69f4414f6e,fd16f5b0-a397cd613100646d,0.38095238095238093,0.4266666666666667
dcf09f37-ec2fc1564d9d4f56,279e274a-27357e18512fc9ac,0.38095238095238093,0.3829787234042553
74b5ad88-6fbfa2c19908891e,d74028ea-a37f7f5e87cf7106,0.3804878048780488,0.48148148148148145
23cb8587-2dcbb1e9dbcfe699,54e71b9b-1468635088c1312e,0.3798449612403101,0.48514851485148514
c73cd266-da8e3b2fb99cbc79,2bbc6c80-5ffd69e567be7881,0.3793103448275862,0.42857142857142855
c73cd266-da8e3b2fb99cbc79,4e58558c-2a15aa5b998784b7,0.3793103448275862,0.42857142857142855
866a2d52-ad8604feffbc28ba,d2eb953e-1dc0ecab263b1cd0,0.3793103448275862,0.4125
8ad1ad84-3745d4160ea24786,34aa6a45-e746ead946dc2b04,0.3790322580645161,0.4895833333333333
fd16f5b0-a397cd613100646d,2bbc6c80-5ffd69e567be7881,0.37894736842105264,0.3870967741935484
fd16f5b0-a397cd613100646d,4e58558c-2a15aa5b998784b7,0.37894736842105264,0.3870967741935484
dc575a6c-382501ea02c794c3,24afd00e-dcafb2b34d7db798,0.37894736842105264,0.45569620253164556
d82fa7e3-0d7b96efb8ce09a1,5a81e159-df7109b1581700ac,0.3786407766990291,0.3939393939393939
d82fa7e3-d7f803eced03719a,5a81e159-df7109b1581700ac,0.3786407766990291,0.3939393939393939
d82fa7e3-0d7b96efb8ce09a1,5a81e159-490a903ff60a1435,0.3786407766990291,0.3939393939393939
d82fa7e3-d7f803eced03719a,5a81e159-490a903ff60a1435,0.3786407766990291,0.3939393939393939
0f3a2acf-8994ebc03e7ccbc7,2c865582-25c489e25b42f740,0.3786407766990291,0.4482758620689655
279e274a-27357e18512fc9ac,03b3c5af-05d068a6e6577b94,0.3786407766990291,0.4105263157894737
1a31f5cb-4ef4f09fb9624c11,ef1117e3-ca2c6b3480217536,0.3786008230452675,0.6133333333333333
810fd282-016bd38b5df9af4b,d82fa7e3-0d7b96efb8ce09a1,0.3783783783783784,0.4069767441860465
810fd282-016bd38b5df9af4b,d82fa7e3-d7f803eced03719a,0.3783783783783784,0.4069767441860465
74f4382e-1393d2963ee49eb2,54e71b9b-1468635088c1312e,0.3783783783783784,0.4028776978417266
8ad1ad84-3745d4160ea24786,fffc11ee-b376cba7661266dc,0.37777777777777777,0.53125
9a20c823-548521dc0db7c15e,baa8e497-5909172f6507dd97,0.37777777777777777,0.4533333333333333
810fd282-016bd38b5df9af4b,d2eb953e-1dc0ecab263b1cd0,0.37777777777777777,0.3953488372093023
5289e80a-d80cd7a6c1c8423b,03b3c5af-05d068a6e6577b94,0.37755102040816324,0.43529411764705883
5289e80a-d80cd7a6c1c8423b,dba80ad4-58af20fff7e32454,0.37735849056603776,0.47058823529411764
3ff60986-273cd67b97fa65cc,73f57af1-542c8d7e43524e64,0.3769633507853403,0.48
d0b4b96c-273cd67b97fa65cc,73f57af1-542c8d7e43524e64,0.3769633507853403,0.48
48801d9e-0ef7156f0a6d8ca6,54e71b9b-1468635088c1312e,0.3769230769230769,0.47572815533980584
d2eb953e-1dc0ecab263b1cd0,7f42483d-f881f5273436f320,0.37681159420289856,0.4148936170212766
2c865582-25c489e25b42f740,54e71b9b-1468635088c1312e,0.37681159420289856,0.4369747899159664
cc9230d3-5843ddff2820285f,2ef4c176-8634406bc38fb9f8,0.37623762376237624,0.4634146341463415
e48933fa-ffcded69f4414f6e,6f037b1d-8f16613d9650d51e,0.3761467889908257,0.5466666666666666
8ad1ad84-3745d4160ea24786,45561f1f-d11d10e7250c6b28,0.3756345177664975,0.3854166666666667
16e6d8bb-907dd6e2f702b4fd,dba80ad4-58af20fff7e32454,0.3755868544600939,0.46511627906976744
8ad1ad84-3745d4160ea24786,529d9642-f22fa9fcd4ec6440,0.375,0.4375
c9a316ca-855308932be2a506,24afd00e-dcafb2b34d7db798,0.375,0.4020618556701031
74b5ad88-6fbfa2c19908891e,24afd00e-dcafb2b34d7db798,0.375,0.4444444444444444
0f3a2acf-8994ebc03e7ccbc7,baa8e497-5909172f6507dd97,0.375,0.41379310344827586
3ff60986-273cd67b97fa65cc,5289e80a-d80cd7a6c1c8423b,0.375,0.4
d82fa7e3-0d7b96efb8ce09a1,54e71b9b-1468635088c1312e,0.375,0.48484848484848486
d82fa7e3-d7f803eced03719a,54e71b9b-1468635088c1312e,0.375,0.48484848484848486
d0b4b96c-273cd67b97fa65cc,5289e80a-d80cd7a6c1c8423b,0.375,0.4
51019113-a310eab1573fba02,bd584714-99efcf48edfe6050,0.37438423645320196,0.4418604651162791
9a20c823-548521dc0db7c15e,8ad1ad84-3745d4160ea24786,0.3742690058479532,0.4266666666666667
5289e80a-d80cd7a6c1c8423b,810fd282-016bd38b5df9af4b,0.3742690058479532,0.3764705882352941
9a20c823-548521dc0db7c15e,866a2d52-ad8604feffbc28ba,0.3741935483870968,0.38666666666666666
853acff9-6357da1fbbcc9fa1,ef1117e3-ca2c6b3480217536,0.37398373983739835,0.5897435897435898
2c865582-25c489e25b42f740,dba80ad4-58af20fff7e32454,0.37398373983739835,0.3865546218487395
0f3a2acf-8994ebc03e7ccbc7,dba80ad4-58af20fff7e32454,0.37383177570093457,0.45977011494252873
48801d9e-0ef7156f0a6d8ca6,03b3c5af-05d068a6e6577b94,0.37383177570093457,0.3883495145631068
5af25bd7-bab814ae1e80f49c,fa1bf524-c4cfc95a5d2ad353,0.37362637362637363,0.425
c73cd266-da8e3b2fb99cbc79,4303de0d-fc0409b0b5eca587,0.37362637362637363,0.44155844155844154
9a20c823-548521dc0db7c15e,e48933fa-ffcded69f4414f6e,0.37333333333333335,0.37333333333333335
e86eb5b0-83f3a459a27119cb,929b98f0-eef96ee8fcc05c36,0.37320574162679426,0.40625
74b5ad88-6fbfa2c19908891e,529d9642-f22fa9fcd4ec6440,0.37320574162679426,0.48148148148148145
f652c678-58f2857bc1709754,baa8e497-5909172f6507dd97,0.37305699481865284,0.4090909090909091
16e6d8bb-907dd6e2f702b4fd,4499e3b9-a33dff95453263b5,0.37305699481865284,0.4186046511627907
866a2d52-ad8604feffbc28ba,929b98f0-eef96ee8fcc05c36,0.37305699481865284,0.45
3ff60986-273cd67b97fa65cc,2af19170-d04a6de0846f9744,0.37305699481865284,0.48
d0b4b96c-273cd67b97fa65cc,2af19170-d04a6de0846f9744,0.37305699481865284,0.48
9a20c823-548521dc0db7c15e,fa1bf524-c4cfc95a5d2ad353,0.3728813559322034,0.44
fa1bf524-c4cfc95a5d2ad353,2af19170-d04a6de0846f9744,0.37272727272727274,0.4019607843137255
3ff60986-273cd67b97fa65cc,16e6d8bb-907dd6e2f702b4fd,0.37267080745341613,0.4
d0b4b96c-273cd67b97fa65cc,16e6d8bb-907dd6e2f702b4fd,0.37267080745341613,0.4
cbbbed5f-f147d5fd38e8783a,48801d9e-0ef7156f0a6d8ca6,0.37254901960784315,0.37623762376237624
316c9955-0c349008c1b95e0d,c9a316ca-855308932be2a506,0.3723404255319149,0.38461538461538464
5289e80a-d80cd7a6c1c8423b,48801d9e-0ef7156f0a6d8ca6,0.3723404255319149,0.4117647058823529
5a81e159-df7109b1581700ac,d74028ea-a37f7f5e87cf7106,0.3722943722943723,0.40186915887850466
5a81e159-490a903ff60a1435,d74028ea-a37f7f5e87cf7106,0.3722943722943723,0.40186915887850466
5289e80a-d80cd7a6c1c8423b,54e71b9b-1468635088c1312e,0.371900826446281,0.5294117647058824
d2eb953e-1dc0ecab263b1cd0,baa8e497-5909172f6507dd97,0.37185929648241206,0.39361702127659576
7f42483d-f881f5273436f320,929b98f0-eef96ee8fcc05c36,0.37168141592920356,0.37168141592920356
51019113-a310eab1573fba02,d74028ea-a37f7f5e87cf7106,0.37142857142857144,0.45348837209302323
48801d9e-0ef7156f0a6d8ca6,5a81e159-df7109b1581700ac,0.37142857142857144,0.3786407766990291
48801d9e-0ef7156f0a6d8ca6,5a81e159-490a903ff60a1435,0.37142857142857144,0.3786407766990291
d82fa7e3-0d7b96efb8ce09a1,24afd00e-dcafb2b34d7db798,0.37142857142857144,0.3939393939393939
d82fa7e3-d7f803eced03719a,24afd00e-dcafb2b34d7db798,0.37142857142857144,0.3939393939393939
fd16f5b0-a397cd613100646d,424c930b-a926a2da8f1474f6,0.3711340206185567,0.3870967741935484
853acff9-6357da1fbbcc9fa1,6f037b1d-8f16613d9650d51e,0.37104072398190047,0.5256410256410257
2af19170-d04a6de0846f9744,54e71b9b-1468635088c1312e,0.3709090909090909,0.4322033898305085
866a2d52-ad8604feffbc28ba,6255ee79-5051915c357e6310,0.37073170731707317,0.475
2af19170-d04a6de0846f9744,ef1117e3-ca2c6b3480217536,0.3706293706293706,0.4491525423728814
16e6d8bb-907dd6e2f702b4fd,48801d9e-0ef7156f0a6d8ca6,0.37037037037037035,0.4069767441860465
fa1bf524-c4cfc95a5d2ad353,34aa6a45-e746ead946dc2b04,0.3700787401574803,0.46078431372549017
3ff60986-273cd67b97fa65cc,6255ee79-5051915c357e6310,0.37,0.49333333333333335
d0b4b96c-273cd67b97fa65cc,6255ee79-5051915c357e6310,0.37,0.49333333333333335
ec558d69-d301b312aca2c9fd,3a318b43-f9827e66195fbe68,0.3695652173913043,0.38636363636363635
0f3a2acf-8994ebc03e7ccbc7,9069684f-fab714a1fbf680fb,0.3695652173913043,0.39080459770114945
dc575a6c-382501ea02c794c3,4303de0d-fc0409b0b5eca587,0.3695652173913043,0.43037974683544306
dd5fd2a2-6b67e26a717a50a4,2ef4c176-8634406bc38fb9f8,0.36936936936936937,0.4019607843137255
fd16f5b0-a397cd613100646d,dd5fd2a2-6b67e26a717a50a4,0.36923076923076925,0.3870967741935484
d74028ea-a37f7f5e87cf7106,fffc11ee-b376cba7661266dc,0.3691275167785235,0.4435483870967742
853acff9-6357da1fbbcc9fa1,529d9642-f22fa9fcd4ec6440,0.36893203883495146,0.48717948717948717
45561f1f-d11d10e7250c6b28,baa8e497-5909172f6507dd97,0.36893203883495146,0.37623762376237624
ec558d69-d301b312aca2c9fd,fa1bf524-c4cfc95a5d2ad353,0.3684210526315789,0.3977272727272727
fd16f5b0-a397cd613100646d,c9a316ca-855308932be2a506,0.3684210526315789,0.3763440860215054
279e274a-27357e18512fc9ac,e7370eec-848c92214e3175af,0.3681592039800995,0.3894736842105263
bf85ab7b-776e89c835bd1a8d,6f037b1d-8f16613d9650d51e,0.367816091954023,0.4067796610169492
baa8e497-5909172f6507dd97,2af19170-d04a6de0846f9744,0.36771300448430494,0.3904761904761905
f652c678-58f2857bc1709754,2bbc6c80-5ffd69e567be7881,0.3675675675675676,0.38636363636363635
f652c678-58f2857bc1709754,4e58558c-2a15aa5b998784b7,0.3675675675675676,0.38636363636363635
23cb8587-2dcbb1e9dbcfe699,e7370eec-848c92214e3175af,0.3671497584541063,0.37623762376237624
45561f1f-d11d10e7250c6b28,e7370eec-848c92214e3175af,0.3671497584541063,0.37623762376237624
d82fa7e3-0d7b96efb8ce09a1,ef1117e3-ca2c6b3480217536,0.36704119850187267,0.494949494949495
d82fa7e3-d7f803eced03719a,ef1117e3-ca2c6b3480217536,0.36704119850187267,0.494949494949495
3ff60986-273cd67b97fa65cc,dcf09f37-ec2fc1564d9d4f56,0.3668639053254438,0.41333333333333333
d0b4b96c-273cd67b97fa65cc,dcf09f37-ec2fc1564d9d4f56,0.3668639053254438,0.41333333333333333
424c930b-a926a2da8f1474f6,529d9642-f22fa9fcd4ec6440,0.36681222707423583,0.4158415841584158
f652c678-58f2857bc1709754,34aa6a45-e746ead946dc2b04,0.36666666666666664,0.5
c9a316ca-855308932be2a506,6f037b1d-8f16613d9650d51e,0.36666666666666664,0.4536082474226804
dc575a6c-382501ea02c794c3,45561f1f-d11d10e7250c6b28,0.36666666666666664,0.4177215189873418
279e274a-27357e18512fc9ac,e86eb5b0-83f3a459a27119cb,0.36649214659685864,0.3684210526315789
16e6d8bb-907dd6e2f702b4fd,4303de0d-fc0409b0b5eca587,0.36649214659685864,0.4069767441860465
2c865582-25c489e25b42f740,6f037b1d-8f16613d9650d51e,0.366412213740458,0.40336134453781514
279e274a-27357e18512fc9ac,5a81e159-df7109b1581700ac,0.36633663366336633,0.3894736842105263
279e274a-27357e18512fc9ac,5a81e159-490a903ff60a1435,0.36633663366336633,0.3894736842105263
316c9955-0c349008c1b95e0d,24afd00e-dcafb2b34d7db798,0.36633663366336633,0.4065934065934066
2bbc6c80-5ffd69e567be7881,73f57af1-542c8d7e43524e64,0.36619718309859156,0.4020618556701031
4e58558c-2a15aa5b998784b7,73f57af1-542c8d7e43524e64,0.36619718309859156,0.4020618556701031
73f57af1-542c8d7e43524e64,34aa6a45-e746ead946dc2b04,0.3656716417910448,0.4224137931034483
1a31f5cb-4ef4f09fb9624c11,03b3c5af-05d068a6e6577b94,0.3655913978494624,0.4533333333333333
74b5ad88-6fbfa2c19908891e,baa8e497-5909172f6507dd97,0.3655913978494624,0.41975308641975306
5289e80a-d80cd7a6c1c8423b,cbbbed5f-f147d5fd38e8783a,0.3655913978494624,0.4
d2eb953e-1dc0ecab263b1cd0,48801d9e-0ef7156f0a6d8ca6,0.36548223350253806,0.3829787234042553
e86eb5b0-83f3a459a27119cb,cbbbed5f-f147d5fd38e8783a,0.36548223350253806,0.375
dd5fd2a2-6b67e26a717a50a4,e7370eec-848c92214e3175af,0.36538461538461536,0.37254901960784315
dcf09f37-ec2fc1564d9d4f56,6255ee79-5051915c357e6310,0.365296803652968,0.425531914893617
853acff9-6357da1fbbcc9fa1,48801d9e-0ef7156f0a6d8ca6,0.36464088397790057,0.4230769230769231
5af25bd7-bab814ae1e80f49c,424c930b-a926a2da8f1474f6,0.36464088397790057,0.4125
9a20c823-548521dc0db7c15e,bd584714-99efcf48edfe6050,0.3645833333333333,0.4666666666666667
316c9955-0c349008c1b95e0d,23cb8587-2dcbb1e9dbcfe699,0.3645833333333333,0.38461538461538464
424c930b-a926a2da8f1474f6,fa1bf524-c4cfc95a5d2ad353,0.3645320197044335,0.36633663366336633
279e274a-27357e18512fc9ac,2c865582-25c489e25b42f740,0.3644859813084112,0.4105263157894737
e86eb5b0-83f3a459a27119cb,bf85ab7b-776e89c835bd1a8d,0.3644859813084112,0.40625
73f57af1-542c8d7e43524e64,8535bdf7-5ad3f9861d512fa2,0.3644067796610169,0.3706896551724138
23cb8587-2dcbb1e9dbcfe699,ef1117e3-ca2c6b3480217536,0.3643122676579926,0.48514851485148514
74f4382e-1393d2963ee49eb2,34aa6a45-e746ead946dc2b04,0.3642611683848797,0.381294964028777
529d9642-f22fa9fcd4ec6440,fffc11ee-b376cba7661266dc,0.36423841059602646,0.4296875
424c930b-a926a2da8f1474f6,fffc11ee-b376cba7661266dc,0.36363636363636365,0.49504950495049505
51019113-a310eab1573fba02,23cb8587-2dcbb1e9dbcfe699,0.36363636363636365,0.3953488372093023
5a81e159-df7109b1581700ac,929b98f0-eef96ee8fcc05c36,0.36363636363636365,0.37383177570093457
5a81e159-490a903ff60a1435,929b98f0-eef96ee8fcc05c36,0.36363636363636365,0.37383177570093457
5a81e159-df7109b1581700ac,54e71b9b-1468635088c1312e,0.36363636363636365,0.4485981308411215
77ec956f-adf46fc113a7897c,8ad1ad84-3745d4160ea24786,0.36363636363636365,0.4
77ec956f-adf46fc113a7897c,5289e80a-d80cd7a6c1c8423b,0.36363636363636365,0.375
5a81e159-490a903ff60a1435,54e71b9b-1468635088c1312e,0.36363636363636365,0.4485981308411215
03b3c5af-05d068a6e6577b94,2ef4c176-8634406bc38fb9f8,0.36363636363636365,0.3783783783783784
ac8ef97c-adf46fc113a7897c,8ad1ad84-3745d4160ea24786,0.36363636363636365,0.4
45561f1f-d11d10e7250c6b28,2c865582-25c489e25b42f740,0.36363636363636365,0.39603960396039606
5af25bd7-bab814ae1e80f49c,bf85ab7b-776e89c835bd1a8d,0.36363636363636365,0.45
316c9955-0c349008c1b95e0d,bf85ab7b-776e89c835bd1a8d,0.36363636363636365,0.4175824175824176
ac8ef97c-adf46fc113a7897c,5289e80a-d80cd7a6c1c8423b,0.36363636363636365,0.375
4303de0d-fc0409b0b5eca587,6f037b1d-8f16613d9650d51e,0.3629032258064516,0.42857142857142855
5a81e159-df7109b1581700ac,2c865582-25c489e25b42f740,0.36283185840707965,0.38317757009345793
5a81e159-490a903ff60a1435,2c865582-25c489e25b42f740,0.36283185840707965,0.38317757009345793
9069684f-fab714a1fbf680fb,bf85ab7b-776e89c835bd1a8d,0.3627906976744186,0.4020618556701031
866a2d52-ad8604feffbc28ba,d74028ea-a37f7f5e87cf7106,0.3627450980392157,0.4625
810fd282-016bd38b5df9af4b,8ad1ad84-3745d4160ea24786,0.3626373626373626,0.38372093023255816
c73cd266-da8e3b2fb99cbc79,baa8e497-5909172f6507dd97,0.3626373626373626,0.42857142857142855
0f3a2acf-8994ebc03e7ccbc7,279e274a-27357e18512fc9ac,0.3626373626373626,0.3793103448275862
74b5ad88-6fbfa2c19908891e,23cb8587-2dcbb1e9dbcfe699,0.3626373626373626,0.4074074074074074
77ec956f-adf46fc113a7897c,866a2d52-ad8604feffbc28ba,0.3625,0.3625
866a2d52-ad8604feffbc28ba,ac8ef97c-adf46fc113a7897c,0.3625,0.3625
baa8e497-5909172f6507dd97,dba80ad4-58af20fff7e32454,0.3620689655172414,0.4
4303de0d-fc0409b0b5eca587,73f57af1-542c8d7e43524e64,0.36199095022624433,0.38095238095238093
c9a316ca-855308932be2a506,d74028ea-a37f7f5e87cf7106,0.36199095022624433,0.41237113402061853
fd16f5b0-a397cd613100646d,e7370eec-848c92214e3175af,0.36180904522613067,0.3870967741935484
866a2d52-ad8604feffbc28ba,2c865582-25c489e25b42f740,0.36180904522613067,0.45
3a318b43-f9827e66195fbe68,48801d9e-0ef7156f0a6d8ca6,0.36180904522613067,0.375
810fd282-016bd38b5df9af4b,fa1bf524-c4cfc95a5d2ad353,0.3617021276595745,0.3953488372093023
c73cd266-da8e3b2fb99cbc79,24afd00e-dcafb2b34d7db798,0.3617021276595745,0.44155844155844154
c73cd266-da8e3b2fb99cbc79,03b3c5af-05d068a6e6577b94,0.3617021276595745,0.44155844155844154
74b5ad88-6fbfa2c19908891e,5a81e159-df7109b1581700ac,0.3617021276595745,0.41975308641975306
74b5ad88-6fbfa2c19908891e,5a81e159-490a903ff60a1435,0.3617021276595745,0.41975308641975306
3ff60986-273cd67b97fa65cc,fa1bf524-c4cfc95a5d2ad353,0.3615819209039548,0.4266666666666667
d0b4b96c-273cd67b97fa65cc,fa1bf524-c4cfc95a5d2ad353,0.3615819209039548,0.4266666666666667
866a2d52-ad8604feffbc28ba,9069684f-fab714a1fbf680fb,0.3615819209039548,0.4
5af25bd7-bab814ae1e80f49c,9069684f-fab714a1fbf680fb,0.3615819209039548,0.4
9a20c823-548521dc0db7c15e,5af25bd7-bab814ae1e80f49c,0.36129032258064514,0.37333333333333335
f652c678-58f2857bc1709754,74f4382e-1393d2963ee49eb2,0.36123348017621143,0.4659090909090909
e48933fa-ffcded69f4414f6e,34aa6a45-e746ead946dc2b04,0.36123348017621143,0.5466666666666666
48801d9e-0ef7156f0a6d8ca6,929b98f0-eef96ee8fcc05c36,0.3611111111111111,0.3786407766990291
3a318b43-f9827e66195fbe68,8535bdf7-5ad3f9861d512fa2,0.3611111111111111,0.40625
74b5ad88-6fbfa2c19908891e,7f42483d-f881f5273436f320,0.36082474226804123,0.43209876543209874
9a20c823-548521dc0db7c15e,2c865582-25c489e25b42f740,0.36082474226804123,0.4666666666666667
e7370eec-848c92214e3175af,73f57af1-542c8d7e43524e64,0.36036036036036034,0.37735849056603776
e48933fa-ffcded69f4414f6e,810fd282-016bd38b5df9af4b,0.36024844720496896,0.38666666666666666
dc575a6c-382501ea02c794c3,cc9230d3-5843ddff2820285f,0.36024844720496896,0.3670886075949367
fd16f5b0-a397cd613100646d,2af19170-d04a6de0846f9744,0.36018957345971564,0.40860215053763443
1a31f5cb-4ef4f09fb9624c11,6255ee79-5051915c357e6310,0.36,0.48
853acff9-6357da1fbbcc9fa1,24afd00e-dcafb2b34d7db798,0.35978835978835977,0.4358974358974359
5289e80a-d80cd7a6c1c8423b,6f037b1d-8f16613d9650d51e,0.35964912280701755,0.4823529411764706
45561f1f-d11d10e7250c6b28,dba80ad4-58af20fff7e32454,0.35964912280701755,0.40594059405940597
e7370eec-848c92214e3175af,03b3c5af-05d068a6e6577b94,0.35944700460829493,0.36792452830188677
f652c678-58f2857bc1709754,4499e3b9-a33dff95453263b5,0.358974358974359,0.3977272727272727
fd16f5b0-a397cd613100646d,fa1bf524-c4cfc95a5d2ad353,0.358974358974359,0.3763440860215054
1a31f5cb-4ef4f09fb9624c11,2ef4c176-8634406bc38fb9f8,0.358974358974359,0.4666666666666667
3ff60986-273cd67b97fa65cc,2ef4c176-8634406bc38fb9f8,0.358974358974359,0.4666666666666667
d0b4b96c-273cd67b97fa65cc,2ef4c176-8634406bc38fb9f8,0.358974358974359,0.4666666666666667
f652c678-58f2857bc1709754,d74028ea-a37f7f5e87cf7106,0.3584905660377358,0.4318181818181818
c73cd266-da8e3b2fb99cbc79,d74028ea-a37f7f5e87cf7106,0.3582089552238806,0.4675324675324675
dc575a6c-382501ea02c794c3,03b3c5af-05d068a6e6577b94,0.35789473684210527,0.43037974683544306
77ec956f-adf46fc113a7897c,dba80ad4-58af20fff7e32454,0.357487922705314,0.4625
ac8ef97c-adf46fc113a7897c,dba80ad4-58af20fff7e32454,0.357487922705314,0.4625
d2eb953e-1dc0ecab263b1cd0,dd5fd2a2-6b67e26a717a50a4,0.35714285714285715,0.3723404255319149
c9a316ca-855308932be2a506,d82fa7e3-0d7b96efb8ce09a1,0.35714285714285715,0.36082474226804123
c9a316ca-855308932be2a506,d82fa7e3-d7f803eced03719a,0.35714285714285715,0.36082474226804123
dd5fd2a2-6b67e26a717a50a4,24afd00e-dcafb2b34d7db798,0.3568075117370892,0.37254901960784315
fa1bf524-c4cfc95a5d2ad353,529d9642-f22fa9fcd4ec6440,0.3565217391304348,0.4019607843137255
cbbbed5f-f147d5fd38e8783a,fffc11ee-b376cba7661266dc,0.3563636363636364,0.48514851485148514
810fd282-016bd38b5df9af4b,f652c678-58f2857bc1709754,0.3563218390804598,0.36046511627906974
853acff9-6357da1fbbcc9fa1,3a318b43-f9827e66195fbe68,0.3563218390804598,0.3974358974358974
5af25bd7-bab814ae1e80f49c,d2eb953e-1dc0ecab263b1cd0,0.3563218390804598,0.3875
d2eb953e-1dc0ecab263b1cd0,2bbc6c80-5ffd69e567be7881,0.35602094240837695,0.3617021276595745
d2eb953e-1dc0ecab263b1cd0,4e58558c-2a15aa5b998784b7,0.35602094240837695,0.3617021276595745
f652c678-58f2857bc1709754,2ef4c176-8634406bc38fb9f8,0.3557692307692308,0.42045454545454547
9069684f-fab714a1fbf680fb,24afd00e-dcafb2b34d7db798,0.3557692307692308,0.38144329896907214
e86eb5b0-83f3a459a27119cb,54e71b9b-1468635088c1312e,0.3557312252964427,0.46875
4303de0d-fc0409b0b5eca587,2ef4c176-8634406bc38fb9f8,0.35555555555555557,0.38095238095238093
51019113-a310eab1573fba02,529d9642-f22fa9fcd4ec6440,0.35514018691588783,0.4418604651162791
3a318b43-f9827e66195fbe68,bf85ab7b-776e89c835bd1a8d,0.35514018691588783,0.3958333333333333
e48933fa-ffcded69f4414f6e,d2eb953e-1dc0ecab263b1cd0,0.35502958579881655,0.4
45561f1f-d11d10e7250c6b28,90b71536-07dac993d8c28e54,0.354978354978355,0.40594059405940597
45561f1f-d11d10e7250c6b28,6db218a2-ed2d2f57e3ca9626,0.354978354978355,0.40594059405940597
3a318b43-f9827e66195fbe68,5a81e159-df7109b1581700ac,0.35467980295566504,0.375
3a318b43-f9827e66195fbe68,5a81e159-490a903ff60a1435,0.35467980295566504,0.375
45561f1f-d11d10e7250c6b28,dd5fd2a2-6b67e26a717a50a4,0.35467980295566504,0.3564356435643564
23cb8587-2dcbb1e9dbcfe699,2c865582-25c489e25b42f740,0.35454545454545455,0.38613861386138615
dd5fd2a2-6b67e26a717a50a4,34aa6a45-e746ead946dc2b04,0.3543307086614173,0.4411764705882353
dc575a6c-382501ea02c794c3,7f42483d-f881f5273436f320,0.3541666666666667,0.43037974683544306
51019113-a310eab1573fba02,54e71b9b-1468635088c1312e,0.35390946502057613,0.5
cc9230d3-5843ddff2820285f,73f57af1-542c8d7e43524e64,0.35353535353535354,0.4268292682926829
866a2d52-ad8604feffbc28ba,bf85ab7b-776e89c835bd1a8d,0.35353535353535354,0.4375
279e274a-27357e18512fc9ac,8535bdf7-5ad3f9861d512fa2,0.35348837209302325,0.4
c9a316ca-855308932be2a506,2af19170-d04a6de0846f9744,0.35348837209302325,0.3917525773195876
3a318b43-f9827e66195fbe68,2c865582-25c489e25b42f740,0.35348837209302325,0.3958333333333333
1a31f5cb-4ef4f09fb9624c11,54e71b9b-1468635088c1312e,0.35344827586206895,0.5466666666666666
866a2d52-ad8604feffbc28ba,5a81e159-df7109b1581700ac,0.35294117647058826,0.4125
866a2d52-ad8604feffbc28ba,5a81e159-490a903ff60a1435,0.35294117647058826,0.4125
23cb8587-2dcbb1e9dbcfe699,2ef4c176-8634406bc38fb9f8,0.35294117647058826,0.38613861386138615
dc575a6c-382501ea02c794c3,6255ee79-5051915c357e6310,0.35294117647058826,0.45569620253164556
74b5ad88-6fbfa2c19908891e,54e71b9b-1468635088c1312e,0.35294117647058826,0.5185185185185185
2ef4c176-8634406bc38fb9f8,d74028ea-a37f7f5e87cf7106,0.3524590163934426,0.35833333333333334
a5f41b95-7fcfc0d1118af833,bf85ab7b-776e89c835bd1a8d,0.351931330472103,0.3565217391304348
d2eb953e-1dc0ecab263b1cd0,4303de0d-fc0409b0b5eca587,0.35175879396984927,0.3723404255319149
5289e80a-d80cd7a6c1c8423b,2bbc6c80-5ffd69e567be7881,0.3516483516483517,0.3764705882352941
5289e80a-d80cd7a6c1c8423b,4e58558c-2a15aa5b998784b7,0.3516483516483517,0.3764705882352941
bd584714-99efcf48edfe6050,74f4382e-1393d2963ee49eb2,0.3515625,0.38461538461538464
dcf09f37-ec2fc1564d9d4f56,529d9642-f22fa9fcd4ec6440,0.35135135135135137,0.4148936170212766
51019113-a310eab1573fba02,2c865582-25c489e25b42f740,0.35121951219512193,0.4186046511627907
c73cd266-da8e3b2fb99cbc79,529d9642-f22fa9fcd4ec6440,0.35121951219512193,0.4675324675324675
d2eb953e-1dc0ecab263b1cd0,24afd00e-dcafb2b34d7db798,0.35121951219512193,0.3829787234042553
9a20c823-548521dc0db7c15e,7f42483d-f881f5273436f320,0.35106382978723405,0.44
0f3a2acf-8994ebc03e7ccbc7,45561f1f-d11d10e7250c6b28,0.35106382978723405,0.3793103448275862
d2eb953e-1dc0ecab263b1cd0,fffc11ee-b376cba7661266dc,0.35074626865671643,0.5
d2eb953e-1dc0ecab263b1cd0,bd584714-99efcf48edfe6050,0.35071090047393366,0.39361702127659576
0f3a2acf-8994ebc03e7ccbc7,4499e3b9-a33dff95453263b5,0.35051546391752575,0.39080459770114945
810fd282-016bd38b5df9af4b,316c9955-0c349008c1b95e0d,0.3502824858757062,0.36046511627906974
e48933fa-ffcded69f4414f6e,dd5fd2a2-6b67e26a717a50a4,0.3502824858757062,0.41333333333333333
45561f1f-d11d10e7250c6b28,73f57af1-542c8d7e43524e64,0.35023041474654376,0.37623762376237624
424c930b-a926a2da8f1474f6,74f4382e-1393d2963ee49eb2,0.35,0.4158415841584158
c9a316ca-855308932be2a506,48801d9e-0ef7156f0a6d8ca6,0.35,0.36082474226804123
cc9230d3-5843ddff2820285f,2af19170-d04a6de0846f9744,0.35,0.4268292682926829
d82fa7e3-0d7b96efb8ce09a1,d74028ea-a37f7f5e87cf7106,0.34977578475336324,0.3939393939393939
d82fa7e3-d7f803eced03719a,d74028ea-a37f7f5e87cf7106,0.34977578475336324,0.3939393939393939
853acff9-6357da1fbbcc9fa1,baa8e497-5909172f6507dd97,0.34972677595628415,0.41025641025641024
853acff9-6357da1fbbcc9fa1,4303de0d-fc0409b0b5eca587,0.34972677595628415,0.41025641025641024
23cb8587-2dcbb1e9dbcfe699,4303de0d-fc0409b0b5eca587,0.34951456310679613,0.3564356435643564
cc9230d3-5843ddff2820285f,4499e3b9-a33dff95453263b5,0.3492063492063492,0.4024390243902439
51019113-a310eab1573fba02,48801d9e-0ef7156f0a6d8ca6,0.3492063492063492,0.38372093023255816
279e274a-27357e18512fc9ac,54e71b9b-1468635088c1312e,0.3492063492063492,0.4631578947368421
bd584714-99efcf48edfe6050,2af19170-d04a6de0846f9744,0.34893617021276596,0.3504273504273504
9a20c823-548521dc0db7c15e,c9a316ca-855308932be2a506,0.3488372093023256,0.4
e48933fa-ffcded69f4414f6e,2bbc6c80-5ffd69e567be7881,0.3488372093023256,0.4
e48933fa-ffcded69f4414f6e,4e58558c-2a15aa5b998784b7,0.3488372093023256,0.4
f652c678-58f2857bc1709754,5a81e159-df7109b1581700ac,0.3487179487179487,0.38636363636363635
f652c678-58f2857bc1709754,5a81e159-490a903ff60a1435,0.3487179487179487,0.38636363636363635
e48933fa-ffcded69f4414f6e,2ef4c176-8634406bc38fb9f8,0.3487179487179487,0.4533333333333333
d2eb953e-1dc0ecab263b1cd0,d74028ea-a37f7f5e87cf7106,0.3486238532110092,0.40425531914893614
73f57af1-542c8d7e43524e64,6255ee79-5051915c357e6310,0.34854771784232363,0.3620689655172414
8ad1ad84-3745d4160ea24786,ef1117e3-ca2c6b3480217536,0.3484848484848485,0.4791666666666667
9a20c823-548521dc0db7c15e,77ec956f-adf46fc113a7897c,0.34838709677419355,0.36
9a20c823-548521dc0db7c15e,ac8ef97c-adf46fc113a7897c,0.34838709677419355,0.36
3ff60986-273cd67b97fa65cc,5af25bd7-bab814ae1e80f49c,0.34838709677419355,0.36
d0b4b96c-273cd67b97fa65cc,5af25bd7-bab814ae1e80f49c,0.34838709677419355,0.36
d2eb953e-1dc0ecab263b1cd0,90b71536-07dac993d8c28e54,0.3482142857142857,0.4148936170212766
d2eb953e-1dc0ecab263b1cd0,6db218a2-ed2d2f57e3ca9626,0.3482142857142857,0.4148936170212766
929b98f0-eef96ee8fcc05c36,54e71b9b-1468635088c1312e,0.34814814814814815,0.415929203539823
dc575a6c-382501ea02c794c3,fffc11ee-b376cba7661266dc,0.34782608695652173,0.5569620253164557
316c9955-0c349008c1b95e0d,73f57af1-542c8d7e43524e64,0.34782608695652173,0.3956043956043956
0f3a2acf-8994ebc03e7ccbc7,2ef4c176-8634406bc38fb9f8,0.34782608695652173,0.41379310344827586
8ad1ad84-3745d4160ea24786,24afd00e-dcafb2b34d7db798,0.34782608695652173,0.375
73f57af1-542c8d7e43524e64,2ef4c176-8634406bc38fb9f8,0.3474576271186441,0.35344827586206895
fd16f5b0-a397cd613100646d,6f037b1d-8f16613d9650d51e,0.3474576271186441,0.44086021505376344
8ad1ad84-3745d4160ea24786,bd584714-99efcf48edfe6050,0.3474178403755869,0.3854166666666667
279e274a-27357e18512fc9ac,2af19170-d04a6de0846f9744,0.3474178403755869,0.3894736842105263
d82fa7e3-0d7b96efb8ce09a1,6f037b1d-8f16613d9650d51e,0.34710743801652894,0.42424242424242425
d82fa7e3-d7f803eced03719a,6f037b1d-8f16613d9650d51e,0.34710743801652894,0.42424242424242425
cbbbed5f-f147d5fd38e8783a,bf85ab7b-776e89c835bd1a8d,0.3470319634703196,0.37623762376237624
279e274a-27357e18512fc9ac,4499e3b9-a33dff95453263b5,0.3465346534653465,0.3684210526315789
23cb8587-2dcbb1e9dbcfe699,45561f1f-d11d10e7250c6b28,0.3465346534653465,0.3465346534653465
ec558d69-d301b312aca2c9fd,316c9955-0c349008c1b95e0d,0.3463687150837989,0.3522727272727273
853acff9-6357da1fbbcc9fa1,5a81e159-df7109b1581700ac,0.34594594594594597,0.41025641025641024
853acff9-6357da1fbbcc9fa1,5a81e159-490a903ff60a1435,0.34594594594594597,0.41025641025641024
c9a316ca-855308932be2a506,bd584714-99efcf48edfe6050,0.34579439252336447,0.38144329896907214
9a20c823-548521dc0db7c15e,0f3a2acf-8994ebc03e7ccbc7,0.345679012345679,0.37333333333333335
d2eb953e-1dc0ecab263b1cd0,9069684f-fab714a1fbf680fb,0.34554973821989526,0.35106382978723405
866a2d52-ad8604feffbc28ba,24afd00e-dcafb2b34d7db798,0.34554973821989526,0.4125
279e274a-27357e18512fc9ac,6255ee79-5051915c357e6310,0.34545454545454546,0.4
e7370eec-848c92214e3175af,6f037b1d-8f16613d9650d51e,0.3453815261044177,0.4056603773584906
866a2d52-ad8604feffbc28ba,ec558d69-d301b312aca2c9fd,0.34523809523809523,0.3625
810fd282-016bd38b5df9af4b,24afd00e-dcafb2b34d7db798,0.34517766497461927,0.3953488372093023
dc575a6c-382501ea02c794c3,279e274a-27357e18512fc9ac,0.3448275862068966,0.379746835443038
a5f41b95-7fcfc0d1118af833,34aa6a45-e746ead946dc2b04,0.3445692883895131,0.4
d74028ea-a37f7f5e87cf7106,6f037b1d-8f16613d9650d51e,0.3445692883895131,0.3709677419354839
16e6d8bb-907dd6e2f702b4fd,dcf09f37-ec2fc1564d9d4f56,0.34444444444444444,0.36046511627906974
dc575a6c-382501ea02c794c3,23cb8587-2dcbb1e9dbcfe699,0.34444444444444444,0.3924050632911392
48801d9e-0ef7156f0a6d8ca6,bf85ab7b-776e89c835bd1a8d,0.3438914027149321,0.36893203883495146
fd16f5b0-a397cd613100646d,d82fa7e3-0d7b96efb8ce09a1,0.34375,0.3548387096774194
fd16f5b0-a397cd613100646d,d82fa7e3-d7f803eced03719a,0.34375,0.3548387096774194
c73cd266-da8e3b2fb99cbc79,16e6d8bb-907dd6e2f702b4fd,0.34355828220858897,0.36363636363636365
2bbc6c80-5ffd69e567be7881,424c930b-a926a2da8f1474f6,0.3434343434343434,0.35051546391752575
4e58558c-2a15aa5b998784b7,424c930b-a926a2da8f1474f6,0.3434343434343434,0.35051546391752575
2bbc6c80-5ffd69e567be7881,23cb8587-2dcbb1e9dbcfe699,0.3434343434343434,0.35051546391752575
77ec956f-adf46fc113a7897c,bf85ab7b-776e89c835bd1a8d,0.3434343434343434,0.425
c9a316ca-855308932be2a506,23cb8587-2dcbb1e9dbcfe699,0.3434343434343434,0.35051546391752575
0f3a2acf-8994ebc03e7ccbc7,24afd00e-dcafb2b34d7db798,0.3434343434343434,0.39080459770114945
4e58558c-2a15aa5b998784b7,23cb8587-2dcbb1e9dbcfe699,0.3434343434343434,0.35051546391752575
ac8ef97c-adf46fc113a7897c,bf85ab7b-776e89c835bd1a8d,0.3434343434343434,0.425
d2eb953e-1dc0ecab263b1cd0,74f4382e-1393d2963ee49eb2,0.34334763948497854,0.425531914893617
c9a316ca-855308932be2a506,4499e3b9-a33dff95453263b5,0.3431372549019608,0.36082474226804123
5289e80a-d80cd7a6c1c8423b,6255ee79-5051915c357e6310,0.34285714285714286,0.4235294117647059
e86eb5b0-83f3a459a27119cb,8535bdf7-5ad3f9861d512fa2,0.3425925925925926,0.3854166666666667
3ff60986-273cd67b97fa65cc,e7370eec-848c92214e3175af,0.3425414364640884,0.41333333333333333
866a2d52-ad8604feffbc28ba,23cb8587-2dcbb1e9dbcfe699,0.3425414364640884,0.3875
d0b4b96c-273cd67b97fa65cc,e7370eec-848c92214e3175af,0.3425414364640884,0.41333333333333333
9069684f-fab714a1fbf680fb,fa1bf524-c4cfc95a5d2ad353,0.3417085427135678,0.35051546391752575
ec558d69-d301b312aca2c9fd,24afd00e-dcafb2b34d7db798,0.3417085427135678,0.38636363636363635
e48933fa-ffcded69f4414f6e,d74028ea-a37f7f5e87cf7106,0.3417085427135678,0.4533333333333333
74b5ad88-6fbfa2c19908891e,90b71536-07dac993d8c28e54,0.3412322274881517,0.4444444444444444
74b5ad88-6fbfa2c19908891e,6db218a2-ed2d2f57e3ca9626,0.3412322274881517,0.4444444444444444
dc575a6c-382501ea02c794c3,c9a316ca-855308932be2a506,0.3409090909090909,0.379746835443038
866a2d52-ad8604feffbc28ba,6f037b1d-8f16613d9650d51e,0.34080717488789236,0.475
48801d9e-0ef7156f0a6d8ca6,2ef4c176-8634406bc38fb9f8,0.34080717488789236,0.36893203883495146
3ff60986-273cd67b97fa65cc,4499e3b9-a33dff95453263b5,0.34065934065934067,0.41333333333333333
e48933fa-ffcded69f4414f6e,4499e3b9-a33dff95453263b5,0.34065934065934067,0.41333333333333333
d0b4b96c-273cd67b97fa65cc,4499e3b9-a33dff95453263b5,0.34065934065934067,0.41333333333333333
baa8e497-5909172f6507dd97,d74028ea-a37f7f5e87cf7106,0.3406113537117904,0.37142857142857144
03b3c5af-05d068a6e6577b94,90b71536-07dac993d8c28e54,0.34024896265560167,0.36936936936936937
03b3c5af-05d068a6e6577b94,6db218a2-ed2d2f57e3ca9626,0.34024896265560167,0.36936936936936937
e48933fa-ffcded69f4414f6e,2c865582-25c489e25b42f740,0.3402061855670103,0.44
bd584714-99efcf48edfe6050,90b71536-07dac993d8c28e54,0.340080971659919,0.358974358974359
bd584714-99efcf48edfe6050,6db218a2-ed2d2f57e3ca9626,0.340080971659919,0.358974358974359
e48933fa-ffcded69f4414f6e,6255ee79-5051915c357e6310,0.34,0.4533333333333333
9a20c823-548521dc0db7c15e,853acff9-6357da1fbbcc9fa1,0.33986928104575165,0.3466666666666667
cbbbed5f-f147d5fd38e8783a,4303de0d-fc0409b0b5eca587,0.33980582524271846,0.3465346534653465
fd16f5b0-a397cd613100646d,2c865582-25c489e25b42f740,0.33962264150943394,0.3870967741935484
fa1bf524-c4cfc95a5d2ad353,73f57af1-542c8d7e43524e64,0.3394495412844037,0.3627450980392157
4303de0d-fc0409b0b5eca587,929b98f0-eef96ee8fcc05c36,0.3394495412844037,0.3523809523809524
5a81e159-df7109b1581700ac,24afd00e-dcafb2b34d7db798,0.3394495412844037,0.34579439252336447
5a81e159-490a903ff60a1435,24afd00e-dcafb2b34d7db798,0.3394495412844037,0.34579439252336447
e7370eec-848c92214e3175af,bf85ab7b-776e89c835bd1a8d,0.3392857142857143,0.3584905660377358
853acff9-6357da1fbbcc9fa1,34aa6a45-e746ead946dc2b04,0.3391304347826087,0.5
03b3c5af-05d068a6e6577b94,2c865582-25c489e25b42f740,0.3391304347826087,0.35135135135135137
24afd00e-dcafb2b34d7db798,6255ee79-5051915c357e6310,0.3389830508474576,0.36036036036036034
03b3c5af-05d068a6e6577b94,6255ee79-5051915c357e6310,0.3389830508474576,0.36036036036036034
74b5ad88-6fbfa2c19908891e,fa1bf524-c4cfc95a5d2ad353,0.33879781420765026,0.38271604938271603
5289e80a-d80cd7a6c1c8423b,73f57af1-542c8d7e43524e64,0.3383084577114428,0.4
cbbbed5f-f147d5fd38e8783a,e7370eec-848c92214e3175af,0.33816425120772947,0.3465346534653465
5a81e159-df7109b1581700ac,bf85ab7b-776e89c835bd1a8d,0.3377777777777778,0.35514018691588783
5a81e159-490a903ff60a1435,bf85ab7b-776e89c835bd1a8d,0.3377777777777778,0.35514018691588783
7f42483d-f881f5273436f320,d74028ea-a37f7f5e87cf7106,0.33755274261603374,0.35398230088495575
2af19170-d04a6de0846f9744,6f037b1d-8f16613d9650d51e,0.3371647509578544,0.3728813559322034
74b5ad88-6fbfa2c19908891e,2bbc6c80-5ffd69e567be7881,0.33707865168539325,0.37037037037037035
3ff60986-273cd67b97fa65cc,48801d9e-0ef7156f0a6d8ca6,0.33707865168539325,0.4
74b5ad88-6fbfa2c19908891e,4e58558c-2a15aa5b998784b7,0.33707865168539325,0.37037037037037035
e48933fa-ffcded69f4414f6e,48801d9e-0ef7156f0a6d8ca6,0.33707865168539325,0.4
d0b4b96c-273cd67b97fa65cc,48801d9e-0ef7156f0a6d8ca6,0.33707865168539325,0.4
c73cd266-da8e3b2fb99cbc79,5a81e159-df7109b1581700ac,0.33695652173913043,0.4025974025974026
c73cd266-da8e3b2fb99cbc79,5a81e159-490a903ff60a1435,0.33695652173913043,0.4025974025974026
f652c678-58f2857bc1709754,dd5fd2a2-6b67e26a717a50a4,0.3368421052631579,0.36363636363636365
5289e80a-d80cd7a6c1c8423b,4303de0d-fc0409b0b5eca587,0.3368421052631579,0.3764705882352941
2bbc6c80-5ffd69e567be7881,d82fa7e3-0d7b96efb8ce09a1,0.336734693877551,0.3402061855670103
2bbc6c80-5ffd69e567be7881,d82fa7e3-d7f803eced03719a,0.336734693877551,0.3402061855670103
4e58558c-2a15aa5b998784b7,d82fa7e3-0d7b96efb8ce09a1,0.336734693877551,0.3402061855670103
4e58558c-2a15aa5b998784b7,d82fa7e3-d7f803eced03719a,0.336734693877551,0.3402061855670103
cc9230d3-5843ddff2820285f,8535bdf7-5ad3f9861d512fa2,0.33663366336633666,0.4146341463414634
2bbc6c80-5ffd69e567be7881,24afd00e-dcafb2b34d7db798,0.33653846153846156,0.36082474226804123
4e58558c-2a15aa5b998784b7,24afd00e-dcafb2b34d7db798,0.33653846153846156,0.36082474226804123
424c930b-a926a2da8f1474f6,7f42483d-f881f5273436f320,0.3364485981308411,0.3564356435643564
03b3c5af-05d068a6e6577b94,a5f41b95-7fcfc0d1118af833,0.336283185840708,0.34234234234234234
73f57af1-542c8d7e43524e64,529d9642-f22fa9fcd4ec6440,0.3360655737704918,0.35344827586206895
5a81e159-df7109b1581700ac,6f037b1d-8f16613d9650d51e,0.336,0.3925233644859813
5a81e159-490a903ff60a1435,6f037b1d-8f16613d9650d51e,0.336,0.3925233644859813
77ec956f-adf46fc113a7897c,74b5ad88-6fbfa2c19908891e,0.33540372670807456,0.3375
ac8ef97c-adf46fc113a7897c,74b5ad88-6fbfa2c19908891e,0.33540372670807456,0.3375
316c9955-0c349008c1b95e0d,d2eb953e-1dc0ecab263b1cd0,0.33513513513513515,0.34065934065934067
316c9955-0c349008c1b95e0d,dcf09f37-ec2fc1564d9d4f56,0.33513513513513515,0.34065934065934067
cc9230d3-5843ddff2820285f,48801d9e-0ef7156f0a6d8ca6,0.33513513513513515,0.3780487804878049
45561f1f-d11d10e7250c6b28,fa1bf524-c4cfc95a5d2ad353,0.33497536945812806,0.33663366336633666
e86eb5b0-83f3a459a27119cb,7f42483d-f881f5273436f320,0.3349282296650718,0.3645833333333333
c9a316ca-855308932be2a506,bf85ab7b-776e89c835bd1a8d,0.33488372093023255,0.3711340206185567
74b5ad88-6fbfa2c19908891e,34aa6a45-e746ead946dc2b04,0.33476394849785407,0.48148148148148145
dcf09f37-ec2fc1564d9d4f56,74f4382e-1393d2963ee49eb2,0.33476394849785407,0.4148936170212766
3a318b43-f9827e66195fbe68,6f037b1d-8f16613d9650d51e,0.33472803347280333,0.4166666666666667
d82fa7e3-0d7b96efb8ce09a1,34aa6a45-e746ead946dc2b04,0.3346613545816733,0.42424242424242425
d82fa7e3-d7f803eced03719a,34aa6a45-e746ead946dc2b04,0.3346613545816733,0.42424242424242425
baa8e497-5909172f6507dd97,34aa6a45-e746ead946dc2b04,0.3346303501945525,0.4095238095238095
f652c678-58f2857bc1709754,529d9642-f22fa9fcd4ec6440,0.3333333333333333,0.4090909090909091
3a318b43-f9827e66195fbe68,8ad1ad84-3745d4160ea24786,0.3333333333333333,0.3333333333333333
866a2d52-ad8604feffbc28ba,cc9230d3-5843ddff2820285f,0.3333333333333333,0.3375
54e71b9b-1468635088c1312e,fffc11ee-b376cba7661266dc,0.3323262839879154,0.3503184713375796
54e71b9b-1468635088c1312e,ef1117e3-ca2c6b3480217536,0.3323076923076923,0.34394904458598724
8535bdf7-5ad3f9861d512fa2,54e71b9b-1468635088c1312e,0.33212996389891697,0.38333333333333336
2c865582-25c489e25b42f740,34aa6a45-e746ead946dc2b04,0.33210332103321033,0.37815126050420167
fa1bf524-c4cfc95a5d2ad353,54e71b9b-1468635088c1312e,0.33204633204633205,0.4215686274509804
73f57af1-542c8d7e43524e64,2c865582-25c489e25b42f740,0.33191489361702126,0.33620689655172414
23cb8587-2dcbb1e9dbcfe699,529d9642-f22fa9fcd4ec6440,0.3318777292576419,0.37623762376237624
03b3c5af-05d068a6e6577b94,bf85ab7b-776e89c835bd1a8d,0.3318777292576419,0.34234234234234234
4303de0d-fc0409b0b5eca587,2af19170-d04a6de0846f9744,0.33183856502242154,0.3523809523809524
fd16f5b0-a397cd613100646d,d74028ea-a37f7f5e87cf7106,0.3317972350230415,0.3870967741935484
16e6d8bb-907dd6e2f702b4fd,6255ee79-5051915c357e6310,0.33175355450236965,0.4069767441860465
ec558d69-d301b312aca2c9fd,03b3c5af-05d068a6e6577b94,0.3316582914572864,0.375
866a2d52-ad8604feffbc28ba,4499e3b9-a33dff95453263b5,0.3315508021390374,0.3875
810fd282-016bd38b5df9af4b,cbbbed5f-f147d5fd38e8783a,0.3315508021390374,0.36046511627906974
3ff60986-273cd67b97fa65cc,d2eb953e-1dc0ecab263b1cd0,0.33136094674556216,0.37333333333333335
d0b4b96c-273cd67b97fa65cc,d2eb953e-1dc0ecab263b1cd0,0.33136094674556216,0.37333333333333335
9069684f-fab714a1fbf680fb,54e71b9b-1468635088c1312e,0.33070866141732286,0.4329896907216495
03b3c5af-05d068a6e6577b94,929b98f0-eef96ee8fcc05c36,0.33035714285714285,0.3333333333333333
d82fa7e3-0d7b96efb8ce09a1,2c865582-25c489e25b42f740,0.3302752293577982,0.36363636363636365
d82fa7e3-d7f803eced03719a,2c865582-25c489e25b42f740,0.3302752293577982,0.36363636363636365
d82fa7e3-0d7b96efb8ce09a1,929b98f0-eef96ee8fcc05c36,0.330188679245283,0.35353535353535354
d82fa7e3-d7f803eced03719a,929b98f0-eef96ee8fcc05c36,0.330188679245283,0.35353535353535354
d2eb953e-1dc0ecab263b1cd0,2af19170-d04a6de0846f9744,0.330188679245283,0.3723404255319149
d2eb953e-1dc0ecab263b1cd0,bf85ab7b-776e89c835bd1a8d,0.330188679245283,0.3723404255319149
279e274a-27357e18512fc9ac,bd584714-99efcf48edfe6050,0.330188679245283,0.3684210526315789
866a2d52-ad8604feffbc28ba,fa1bf524-c4cfc95a5d2ad353,0.32967032967032966,0.375
3ff60986-273cd67b97fa65cc,5a81e159-df7109b1581700ac,0.32967032967032966,0.4
d0b4b96c-273cd67b97fa65cc,5a81e159-df7109b1581700ac,0.32967032967032966,0.4
3ff60986-273cd67b97fa65cc,5a81e159-490a903ff60a1435,0.32967032967032966,0.4
d0b4b96c-273cd67b97fa65cc,5a81e159-490a903ff60a1435,0.32967032967032966,0.4
866a2d52-ad8604feffbc28ba,dd5fd2a2-6b67e26a717a50a4,0.32967032967032966,0.375
dcf09f37-ec2fc1564d9d4f56,6f037b1d-8f16613d9650d51e,0.3291139240506329,0.4148936170212766
5a81e159-df7109b1581700ac,2af19170-d04a6de0846f9744,0.3288888888888889,0.34579439252336447
5a81e159-490a903ff60a1435,2af19170-d04a6de0846f9744,0.3288888888888889,0.34579439252336447
fa1bf524-c4cfc95a5d2ad353,bd584714-99efcf48edfe6050,0.3287671232876712,0.35294117647058826
23cb8587-2dcbb1e9dbcfe699,bf85ab7b-776e89c835bd1a8d,0.3287671232876712,0.3564356435643564
dd5fd2a2-6b67e26a717a50a4,03b3c5af-05d068a6e6577b94,0.3286384976525822,0.3431372549019608
3a318b43-f9827e66195fbe68,bd584714-99efcf48edfe6050,0.3286384976525822,0.3645833333333333
74b5ad88-6fbfa2c19908891e,2ef4c176-8634406bc38fb9f8,0.3283582089552239,0.4074074074074074
cc9230d3-5843ddff2820285f,2c865582-25c489e25b42f740,0.3283582089552239,0.4024390243902439
f652c678-58f2857bc1709754,fffc11ee-b376cba7661266dc,0.3282442748091603,0.48863636363636365
ec558d69-d301b312aca2c9fd,4499e3b9-a33dff95453263b5,0.3282051282051282,0.36363636363636365
d2eb953e-1dc0ecab263b1cd0,45561f1f-d11d10e7250c6b28,0.3282051282051282,0.3404255319148936
cc9230d3-5843ddff2820285f,fffc11ee-b376cba7661266dc,0.328125,0.5121951219512195
0f3a2acf-8994ebc03e7ccbc7,fa1bf524-c4cfc95a5d2ad353,0.328042328042328,0.3563218390804598
8535bdf7-5ad3f9861d512fa2,d74028ea-a37f7f5e87cf7106,0.32786885245901637,0.3333333333333333
866a2d52-ad8604feffbc28ba,2bbc6c80-5ffd69e567be7881,0.327683615819209,0.3625
866a2d52-ad8604feffbc28ba,4e58558c-2a15aa5b998784b7,0.327683615819209,0.3625
16e6d8bb-907dd6e2f702b4fd,316c9955-0c349008c1b95e0d,0.327683615819209,0.3372093023255814
3ff60986-273cd67b97fa65cc,3a318b43-f9827e66195fbe68,0.32748538011695905,0.37333333333333335
d0b4b96c-273cd67b97fa65cc,3a318b43-f9827e66195fbe68,0.32748538011695905,0.37333333333333335
4499e3b9-a33dff95453263b5,2c865582-25c489e25b42f740,0.3274336283185841,0.34579439252336447
424c930b-a926a2da8f1474f6,6255ee79-5051915c357e6310,0.3274336283185841,0.36633663366336633
e86eb5b0-83f3a459a27119cb,90b71536-07dac993d8c28e54,0.3274336283185841,0.3854166666666667
e86eb5b0-83f3a459a27119cb,6db218a2-ed2d2f57e3ca9626,0.3274336283185841,0.3854166666666667
dd5fd2a2-6b67e26a717a50a4,2af19170-d04a6de0846f9744,0.32727272727272727,0.35294117647058826
48801d9e-0ef7156f0a6d8ca6,bd584714-99efcf48edfe6050,0.32727272727272727,0.34951456310679613
8535bdf7-5ad3f9861d512fa2,6f037b1d-8f16613d9650d51e,0.3269961977186312,0.35833333333333334
23cb8587-2dcbb1e9dbcfe699,5a81e159-df7109b1581700ac,0.3269230769230769,0.33663366336633666
2bbc6c80-5ffd69e567be7881,03b3c5af-05d068a6e6577b94,0.3269230769230769,0.35051546391752575
23cb8587-2dcbb1e9dbcfe699,5a81e159-490a903ff60a1435,0.3269230769230769,0.33663366336633666
4e58558c-2a15aa5b998784b7,03b3c5af-05d068a6e6577b94,0.3269230769230769,0.35051546391752575
23cb8587-2dcbb1e9dbcfe699,cbbbed5f-f147d5fd38e8783a,0.32673267326732675,0.32673267326732675
f652c678-58f2857bc1709754,54e71b9b-1468635088c1312e,0.32653061224489793,0.45454545454545453
8535bdf7-5ad3f9861d512fa2,6255ee79-5051915c357e6310,0.32653061224489793,0.3333333333333333
2ef4c176-8634406bc38fb9f8,ef1117e3-ca2c6b3480217536,0.3263888888888889,0.39166666666666666
24afd00e-dcafb2b34d7db798,529d9642-f22fa9fcd4ec6440,0.3263598326359833,0.35135135135135137
7f42483d-f881f5273436f320,2ef4c176-8634406bc38fb9f8,0.3261802575107296,0.336283185840708
316c9955-0c349008c1b95e0d,fd16f5b0-a397cd613100646d,0.32608695652173914,0.32967032967032966
5a81e159-df7109b1581700ac,8535bdf7-5ad3f9861d512fa2,0.32599118942731276,0.34579439252336447
5a81e159-490a903ff60a1435,8535bdf7-5ad3f9861d512fa2,0.32599118942731276,0.34579439252336447
fa1bf524-c4cfc95a5d2ad353,ef1117e3-ca2c6b3480217536,0.32592592592592595,0.43137254901960786
dd5fd2a2-6b67e26a717a50a4,ef1117e3-ca2c6b3480217536,0.32592592592592595,0.43137254901960786
9a20c823-548521dc0db7c15e,9069684f-fab714a1fbf680fb,0.32558139534883723,0.37333333333333335
3ff60986-273cd67b97fa65cc,2bbc6c80-5ffd69e567be7881,0.32558139534883723,0.37333333333333335
2bbc6c80-5ffd69e567be7881,2af19170-d04a6de0846f9744,0.32558139534883723,0.36082474226804123
d0b4b96c-273cd67b97fa65cc,2bbc6c80-5ffd69e567be7881,0.32558139534883723,0.37333333333333335
3ff60986-273cd67b97fa65cc,4e58558c-2a15aa5b998784b7,0.32558139534883723,0.37333333333333335
4e58558c-2a15aa5b998784b7,2af19170-d04a6de0846f9744,0.32558139534883723,0.36082474226804123
d0b4b96c-273cd67b97fa65cc,4e58558c-2a15aa5b998784b7,0.32558139534883723,0.37333333333333335
dc575a6c-382501ea02c794c3,90b71536-07dac993d8c28e54,0.3253588516746411,0.43037974683544306
dc575a6c-382501ea02c794c3,6db218a2-ed2d2f57e3ca9626,0.3253588516746411,0.43037974683544306
853acff9-6357da1fbbcc9fa1,ec558d69-d301b312aca2c9fd,0.3253012048192771,0.34615384615384615
d2eb953e-1dc0ecab263b1cd0,34aa6a45-e746ead946dc2b04,0.3252032520325203,0.425531914893617
8ad1ad84-3745d4160ea24786,5a81e159-df7109b1581700ac,0.3251231527093596,0.34375
8ad1ad84-3745d4160ea24786,5a81e159-490a903ff60a1435,0.3251231527093596,0.34375
51019113-a310eab1573fba02,24afd00e-dcafb2b34d7db798,0.3248730964467005,0.37209302325581395
3a318b43-f9827e66195fbe68,424c930b-a926a2da8f1474f6,0.3248730964467005,0.3333333333333333
cc9230d3-5843ddff2820285f,a5f41b95-7fcfc0d1118af833,0.3248730964467005,0.3902439024390244
e86eb5b0-83f3a459a27119cb,45561f1f-d11d10e7250c6b28,0.3248730964467005,0.3333333333333333
73f57af1-542c8d7e43524e64,bf85ab7b-776e89c835bd1a8d,0.3247863247863248,0.3275862068965517
810fd282-016bd38b5df9af4b,baa8e497-5909172f6507dd97,0.32460732984293195,0.36046511627906974
d2eb953e-1dc0ecab263b1cd0,c9a316ca-855308932be2a506,0.32460732984293195,0.32978723404255317
9069684f-fab714a1fbf680fb,ef1117e3-ca2c6b3480217536,0.32452830188679244,0.44329896907216493
51019113-a310eab1573fba02,90b71536-07dac993d8c28e54,0.32407407407407407,0.4069767441860465
51019113-a310eab1573fba02,6db218a2-ed2d2f57e3ca9626,0.32407407407407407,0.4069767441860465
424c930b-a926a2da8f1474f6,a5f41b95-7fcfc0d1118af833,0.32407407407407407,0.3465346534653465
baa8e497-5909172f6507dd97,03b3c5af-05d068a6e6577b94,0.32407407407407407,0.3333333333333333
9069684f-fab714a1fbf680fb,7f42483d-f881f5273436f320,0.3238095238095238,0.35051546391752575
5289e80a-d80cd7a6c1c8423b,2c865582-25c489e25b42f740,0.3235294117647059,0.38823529411764707
0f3a2acf-8994ebc03e7ccbc7,bd584714-99efcf48edfe6050,0.3235294117647059,0.3793103448275862
fd16f5b0-a397cd613100646d,baa8e497-5909172f6507dd97,0.32323232323232326,0.34408602150537637
7f42483d-f881f5273436f320,73f57af1-542c8d7e43524e64,0.3231441048034934,0.3274336283185841
16e6d8bb-907dd6e2f702b4fd,6f037b1d-8f16613d9650d51e,0.3231441048034934,0.43023255813953487
03b3c5af-05d068a6e6577b94,2af19170-d04a6de0846f9744,0.3231441048034934,0.3333333333333333
9a20c823-548521dc0db7c15e,16e6d8bb-907dd6e2f702b4fd,0.32298136645962733,0.3466666666666667
316c9955-0c349008c1b95e0d,45561f1f-d11d10e7250c6b28,0.3229166666666667,0.34065934065934067
5a81e159-df7109b1581700ac,73f57af1-542c8d7e43524e64,0.32286995515695066,0.3364485981308411
5a81e159-490a903ff60a1435,73f57af1-542c8d7e43524e64,0.32286995515695066,0.3364485981308411
5af25bd7-bab814ae1e80f49c,6f037b1d-8f16613d9650d51e,0.32286995515695066,0.45
a5f41b95-7fcfc0d1118af833,74f4382e-1393d2963ee49eb2,0.3228346456692913,0.3565217391304348
5af25bd7-bab814ae1e80f49c,e7370eec-848c92214e3175af,0.3225806451612903,0.375
0f3a2acf-8994ebc03e7ccbc7,d74028ea-a37f7f5e87cf7106,0.3222748815165877,0.39080459770114945
dcf09f37-ec2fc1564d9d4f56,03b3c5af-05d068a6e6577b94,0.32195121951219513,0.35106382978723405
2af19170-d04a6de0846f9744,fffc11ee-b376cba7661266dc,0.3219178082191781,0.3983050847457627
c73cd266-da8e3b2fb99cbc79,c9a316ca-855308932be2a506,0.3218390804597701,0.36363636363636365
810fd282-016bd38b5df9af4b,7f42483d-f881f5273436f320,0.32160804020100503,0.37209302325581395
3ff60986-273cd67b97fa65cc,fd16f5b0-a397cd613100646d,0.32142857142857145,0.36
d0b4b96c-273cd67b97fa65cc,fd16f5b0-a397cd613100646d,0.32142857142857145,0.36
9069684f-fab714a1fbf680fb,34aa6a45-e746ead946dc2b04,0.321285140562249,0.41237113402061853
ec558d69-d301b312aca2c9fd,4303de0d-fc0409b0b5eca587,0.32124352331606215,0.3522727272727273
dd5fd2a2-6b67e26a717a50a4,73f57af1-542c8d7e43524e64,0.3211009174311927,0.3431372549019608
cbbbed5f-f147d5fd38e8783a,bd584714-99efcf48edfe6050,0.3211009174311927,0.3465346534653465
45561f1f-d11d10e7250c6b28,bd584714-99efcf48edfe6050,0.3211009174311927,0.3465346534653465
6255ee79-5051915c357e6310,6f037b1d-8f16613d9650d51e,0.3208955223880597,0.344
810fd282-016bd38b5df9af4b,424c930b-a926a2da8f1474f6,0.32085561497326204,0.3488372093023256
dcf09f37-ec2fc1564d9d4f56,bf85ab7b-776e89c835bd1a8d,0.32075471698113206,0.3617021276595745
23cb8587-2dcbb1e9dbcfe699,03b3c5af-05d068a6e6577b94,0.32075471698113206,0.33663366336633666
279e274a-27357e18512fc9ac,24afd00e-dcafb2b34d7db798,0.32038834951456313,0.3473684210526316
7f42483d-f881f5273436f320,2af19170-d04a6de0846f9744,0.3203463203463203,0.3274336283185841
dc575a6c-382501ea02c794c3,34aa6a45-e746ead946dc2b04,0.3203463203463203,0.46835443037974683
4499e3b9-a33dff95453263b5,2af19170-d04a6de0846f9744,0.32,0.3364485981308411
bf85ab7b-776e89c835bd1a8d,54e71b9b-1468635088c1312e,0.32,0.3728813559322034
cbbbed5f-f147d5fd38e8783a,ef1117e3-ca2c6b3480217536,0.31970260223048325,0.42574257425742573
279e274a-27357e18512fc9ac,d74028ea-a37f7f5e87cf7106,0.319634703196347,0.3684210526315789
0f3a2acf-8994ebc03e7ccbc7,5a81e159-df7109b1581700ac,0.31958762886597936,0.3563218390804598
0f3a2acf-8994ebc03e7ccbc7,5a81e159-490a903ff60a1435,0.31958762886597936,0.3563218390804598
d82fa7e3-0d7b96efb8ce09a1,74f4382e-1393d2963ee49eb2,0.31932773109243695,0.3838383838383838
d82fa7e3-d7f803eced03719a,74f4382e-1393d2963ee49eb2,0.31932773109243695,0.3838383838383838
f652c678-58f2857bc1709754,6255ee79-5051915c357e6310,0.3192488262910798,0.38636363636363635
9a20c823-548521dc0db7c15e,929b98f0-eef96ee8fcc05c36,0.3191489361702128,0.4
16e6d8bb-907dd6e2f702b4fd,fa1bf524-c4cfc95a5d2ad353,0.3191489361702128,0.3488372093023256
dcf09f37-ec2fc1564d9d4f56,54e71b9b-1468635088c1312e,0.3187250996015936,0.425531914893617
77ec956f-adf46fc113a7897c,fa1bf524-c4cfc95a5d2ad353,0.31868131868131866,0.3625
ac8ef97c-adf46fc113a7897c,fa1bf524-c4cfc95a5d2ad353,0.31868131868131866,0.3625
74b5ad88-6fbfa2c19908891e,8535bdf7-5ad3f9861d512fa2,0.31840796019900497,0.3950617283950617
3a318b43-f9827e66195fbe68,4303de0d-fc0409b0b5eca587,0.31840796019900497,0.3333333333333333
77ec956f-adf46fc113a7897c,e86eb5b0-83f3a459a27119cb,0.3181818181818182,0.35
3a318b43-f9827e66195fbe68,ef1117e3-ca2c6b3480217536,0.3181818181818182,0.4375
8ad1ad84-3745d4160ea24786,d74028ea-a37f7f5e87cf7106,0.3181818181818182,0.3645833333333333
ac8ef97c-adf46fc113a7897c,e86eb5b0-83f3a459a27119cb,0.3181818181818182,0.35
e86eb5b0-83f3a459a27119cb,6f037b1d-8f16613d9650d51e,0.3179916317991632,0.3958333333333333
03b3c5af-05d068a6e6577b94,529d9642-f22fa9fcd4ec6440,0.3179916317991632,0.34234234234234234
424c930b-a926a2da8f1474f6,54e71b9b-1468635088c1312e,0.3178294573643411,0.40594059405940597
2c865582-25c489e25b42f740,74f4382e-1393d2963ee49eb2,0.3178294573643411,0.3445378151260504
424c930b-a926a2da8f1474f6,929b98f0-eef96ee8fcc05c36,0.3177570093457944,0.33663366336633666
1a31f5cb-4ef4f09fb9624c11,74f4382e-1393d2963ee49eb2,0.3177570093457944,0.4533333333333333
dc575a6c-382501ea02c794c3,316c9955-0c349008c1b95e0d,0.3176470588235294,0.34177215189873417
fd16f5b0-a397cd613100646d,e86eb5b0-83f3a459a27119cb,0.31746031746031744,0.3225806451612903
6255ee79-5051915c357e6310,dba80ad4-58af20fff7e32454,0.31746031746031744,0.32
2bbc6c80-5ffd69e567be7881,fffc11ee-b376cba7661266dc,0.3173431734317343,0.44329896907216493
4e58558c-2a15aa5b998784b7,fffc11ee-b376cba7661266dc,0.3173431734317343,0.44329896907216493
9069684f-fab714a1fbf680fb,4303de0d-fc0409b0b5eca587,0.31683168316831684,0.32989690721649484
cbbbed5f-f147d5fd38e8783a,2ef4c176-8634406bc38fb9f8,0.3167420814479638,0.3465346534653465
853acff9-6357da1fbbcc9fa1,77ec956f-adf46fc113a7897c,0.31645569620253167,0.32051282051282054
853acff9-6357da1fbbcc9fa1,ac8ef97c-adf46fc113a7897c,0.31645569620253167,0.32051282051282054
316c9955-0c349008c1b95e0d,d74028ea-a37f7f5e87cf7106,0.31627906976744186,0.37362637362637363
cbbbed5f-f147d5fd38e8783a,34aa6a45-e746ead946dc2b04,0.31620553359683795,0.39603960396039606
8ad1ad84-3745d4160ea24786,7f42483d-f881f5273436f320,0.3157894736842105,0.34375
810fd282-016bd38b5df9af4b,fffc11ee-b376cba7661266dc,0.3153846153846154,0.47674418604651164
c73cd266-da8e3b2fb99cbc79,4499e3b9-a33dff95453263b5,0.31521739130434784,0.37662337662337664
279e274a-27357e18512fc9ac,fa1bf524-c4cfc95a5d2ad353,0.3147208121827411,0.3263157894736842
2af19170-d04a6de0846f9744,90b71536-07dac993d8c28e54,0.31451612903225806,0.3305084745762712
316c9955-0c349008c1b95e0d,54e71b9b-1468635088c1312e,0.31451612903225806,0.42857142857142855
2af19170-d04a6de0846f9744,6db218a2-ed2d2f57e3ca9626,0.31451612903225806,0.3305084745762712
dc575a6c-382501ea02c794c3,5af25bd7-bab814ae1e80f49c,0.31446540880503143,0.31645569620253167
9069684f-fab714a1fbf680fb,929b98f0-eef96ee8fcc05c36,0.3142857142857143,0.3402061855670103
0f3a2acf-8994ebc03e7ccbc7,fffc11ee-b376cba7661266dc,0.31417624521072796,0.47126436781609193
48801d9e-0ef7156f0a6d8ca6,8535bdf7-5ad3f9861d512fa2,0.31390134529147984,0.33980582524271846
3a318b43-f9827e66195fbe68,dba80ad4-58af20fff7e32454,0.31390134529147984,0.3645833333333333
9069684f-fab714a1fbf680fb,5a81e159-df7109b1581700ac,0.3137254901960784,0.32989690721649484
9069684f-fab714a1fbf680fb,5a81e159-490a903ff60a1435,0.3137254901960784,0.32989690721649484
d82fa7e3-0d7b96efb8ce09a1,baa8e497-5909172f6507dd97,0.3137254901960784,0.32323232323232326
d82fa7e3-d7f803eced03719a,baa8e497-5909172f6507dd97,0.3137254901960784,0.32323232323232326
d82fa7e3-0d7b96efb8ce09a1,4303de0d-fc0409b0b5eca587,0.3137254901960784,0.32323232323232326
d82fa7e3-d7f803eced03719a,4303de0d-fc0409b0b5eca587,0.3137254901960784,0.32323232323232326
16e6d8bb-907dd6e2f702b4fd,bf85ab7b-776e89c835bd1a8d,0.3137254901960784,0.37209302325581395
0f3a2acf-8994ebc03e7ccbc7,90b71536-07dac993d8c28e54,0.31336405529953915,0.39080459770114945
0f3a2acf-8994ebc03e7ccbc7,6db218a2-ed2d2f57e3ca9626,0.31336405529953915,0.39080459770114945
7f42483d-f881f5273436f320,bd584714-99efcf48edfe6050,0.3130434782608696,0.3185840707964602
810fd282-016bd38b5df9af4b,fd16f5b0-a397cd613100646d,0.3128491620111732,0.32558139534883723
cc9230d3-5843ddff2820285f,2bbc6c80-5ffd69e567be7881,0.3128491620111732,0.34146341463414637
cc9230d3-5843ddff2820285f,4e58558c-2a15aa5b998784b7,0.3128491620111732,0.34146341463414637
810fd282-016bd38b5df9af4b,6255ee79-5051915c357e6310,0.3127962085308057,0.38372093023255816
5289e80a-d80cd7a6c1c8423b,4499e3b9-a33dff95453263b5,0.3125,0.35294117647058826
34aa6a45-e746ead946dc2b04,ef1117e3-ca2c6b3480217536,0.3125,0.32894736842105265
424c930b-a926a2da8f1474f6,ef1117e3-ca2c6b3480217536,0.31226765799256506,0.4158415841584158
866a2d52-ad8604feffbc28ba,54e71b9b-1468635088c1312e,0.31223628691983124,0.4625
1a31f5cb-4ef4f09fb9624c11,90b71536-07dac993d8c28e54,0.3121951219512195,0.4266666666666667
1a31f5cb-4ef4f09fb9624c11,6db218a2-ed2d2f57e3ca9626,0.3121951219512195,0.4266666666666667
f652c678-58f2857bc1709754,90b71536-07dac993d8c28e54,0.3119266055045872,0.38636363636363635
f652c678-58f2857bc1709754,6db218a2-ed2d2f57e3ca9626,0.3119266055045872,0.38636363636363635
03b3c5af-05d068a6e6577b94,34aa6a45-e746ead946dc2b04,0.311787072243346,0.36936936936936937
2af19170-d04a6de0846f9744,34aa6a45-e746ead946dc2b04,0.3111111111111111,0.3559322033898305
baa8e497-5909172f6507dd97,2ef4c176-8634406bc38fb9f8,0.3111111111111111,0.3333333333333333
51019113-a310eab1573fba02,34aa6a45-e746ead946dc2b04,0.31092436974789917,0.43023255813953487
929b98f0-eef96ee8fcc05c36,6255ee79-5051915c357e6310,0.31092436974789917,0.3274336283185841
866a2d52-ad8604feffbc28ba,7f42483d-f881f5273436f320,0.31088082901554404,0.375
3a318b43-f9827e66195fbe68,c9a316ca-855308932be2a506,0.31088082901554404,0.3125
d82fa7e3-0d7b96efb8ce09a1,4499e3b9-a33dff95453263b5,0.3106796116504854,0.32323232323232326
d82fa7e3-d7f803eced03719a,4499e3b9-a33dff95453263b5,0.3106796116504854,0.32323232323232326
810fd282-016bd38b5df9af4b,2ef4c176-8634406bc38fb9f8,0.3106796116504854,0.37209302325581395
9a20c823-548521dc0db7c15e,54e71b9b-1468635088c1312e,0.3103448275862069,0.48
fd16f5b0-a397cd613100646d,74f4382e-1393d2963ee49eb2,0.3103448275862069,0.3870967741935484
2ef4c176-8634406bc38fb9f8,6255ee79-5051915c357e6310,0.31020408163265306,0.31666666666666665
316c9955-0c349008c1b95e0d,8ad1ad84-3745d4160ea24786,0.31016042780748665,0.31868131868131866
45561f1f-d11d10e7250c6b28,54e71b9b-1468635088c1312e,0.31007751937984496,0.39603960396039606
24afd00e-dcafb2b34d7db798,a5f41b95-7fcfc0d1118af833,0.30973451327433627,0.3153153153153153
0f3a2acf-8994ebc03e7ccbc7,34aa6a45-e746ead946dc2b04,0.30962343096234307,0.42528735632183906
5289e80a-d80cd7a6c1c8423b,8ad1ad84-3745d4160ea24786,0.30939226519337015,0.32941176470588235
853acff9-6357da1fbbcc9fa1,73f57af1-542c8d7e43524e64,0.30927835051546393,0.38461538461538464
dcf09f37-ec2fc1564d9d4f56,929b98f0-eef96ee8fcc05c36,0.30917874396135264,0.3404255319148936
3a318b43-f9827e66195fbe68,03b3c5af-05d068a6e6577b94,0.30917874396135264,0.3333333333333333
7f42483d-f881f5273436f320,8535bdf7-5ad3f9861d512fa2,0.3090128755364807,0.3185840707964602
48801d9e-0ef7156f0a6d8ca6,6f037b1d-8f16613d9650d51e,0.3089430894308943,0.36893203883495146
316c9955-0c349008c1b95e0d,ef1117e3-ca2c6b3480217536,0.3088803088803089,0.43956043956043955
8535bdf7-5ad3f9861d512fa2,34aa6a45-e746ead946dc2b04,0.3088235294117647,0.35
529d9642-f22fa9fcd4ec6440,54e71b9b-1468635088c1312e,0.3087719298245614,0.34375
77ec956f-adf46fc113a7897c,279e274a-27357e18512fc9ac,0.30857142857142855,0.3375
ac8ef97c-adf46fc113a7897c,279e274a-27357e18512fc9ac,0.30857142857142855,0.3375
1a31f5cb-4ef4f09fb9624c11,7f42483d-f881f5273436f320,0.30851063829787234,0.38666666666666666
316c9955-0c349008c1b95e0d,2bbc6c80-5ffd69e567be7881,0.30851063829787234,0.31868131868131866
316c9955-0c349008c1b95e0d,4e58558c-2a15aa5b998784b7,0.30851063829787234,0.31868131868131866
d82fa7e3-0d7b96efb8ce09a1,dd5fd2a2-6b67e26a717a50a4,0.30845771144278605,0.31313131313131315
d82fa7e3-d7f803eced03719a,dd5fd2a2-6b67e26a717a50a4,0.30845771144278605,0.31313131313131315
d2eb953e-1dc0ecab263b1cd0,2ef4c176-8634406bc38fb9f8,0.308411214953271,0.35106382978723405
3ff60986-273cd67b97fa65cc,74f4382e-1393d2963ee49eb2,0.308411214953271,0.44
d0b4b96c-273cd67b97fa65cc,74f4382e-1393d2963ee49eb2,0.308411214953271,0.44
4499e3b9-a33dff95453263b5,8535bdf7-5ad3f9861d512fa2,0.30837004405286345,0.32710280373831774
9a20c823-548521dc0db7c15e,34aa6a45-e746ead946dc2b04,0.30837004405286345,0.4666666666666667
d82fa7e3-0d7b96efb8ce09a1,529d9642-f22fa9fcd4ec6440,0.30837004405286345,0.35353535353535354
d82fa7e3-d7f803eced03719a,529d9642-f22fa9fcd4ec6440,0.30837004405286345,0.35353535353535354
3a318b43-f9827e66195fbe68,54e71b9b-1468635088c1312e,0.308300395256917,0.40625
16e6d8bb-907dd6e2f702b4fd,fffc11ee-b376cba7661266dc,0.3076923076923077,0.46511627906976744
424c930b-a926a2da8f1474f6,4499e3b9-a33dff95453263b5,0.3076923076923077,0.31683168316831684
c73cd266-da8e3b2fb99cbc79,54e71b9b-1468635088c1312e,0.3076923076923077,0.4675324675324675
45561f1f-d11d10e7250c6b28,8535bdf7-5ad3f9861d512fa2,0.3076923076923077,0.33663366336633666
bd584714-99efcf48edfe6050,6f037b1d-8f16613d9650d51e,0.3076923076923077,0.3418803418803419
bf85ab7b-776e89c835bd1a8d,ef1117e3-ca2c6b3480217536,0.3076923076923077,0.3728813559322034
9069684f-fab714a1fbf680fb,d74028ea-a37f7f5e87cf7106,0.3076923076923077,0.35051546391752575
dc575a6c-382501ea02c794c3,48801d9e-0ef7156f0a6d8ca6,0.3076923076923077,0.35443037974683544
2bbc6c80-5ffd69e567be7881,54e71b9b-1468635088c1312e,0.30708661417322836,0.4020618556701031
24afd00e-dcafb2b34d7db798,6f037b1d-8f16613d9650d51e,0.30708661417322836,0.35135135135135137
03b3c5af-05d068a6e6577b94,6f037b1d-8f16613d9650d51e,0.30708661417322836,0.35135135135135137
4e58558c-2a15aa5b998784b7,54e71b9b-1468635088c1312e,0.30708661417322836,0.4020618556701031
2bbc6c80-5ffd69e567be7881,4303de0d-fc0409b0b5eca587,0.3069306930693069,0.31958762886597936
4e58558c-2a15aa5b998784b7,4303de0d-fc0409b0b5eca587,0.3069306930693069,0.31958762886597936
3ff60986-273cd67b97fa65cc,23cb8587-2dcbb1e9dbcfe699,0.3068181818181818,0.36
d0b4b96c-273cd67b97fa65cc,23cb8587-2dcbb1e9dbcfe699,0.3068181818181818,0.36
fd16f5b0-a397cd613100646d,ef1117e3-ca2c6b3480217536,0.3065134099616858,0.43010752688172044
bf85ab7b-776e89c835bd1a8d,90b71536-07dac993d8c28e54,0.3064516129032258,0.3220338983050847
bf85ab7b-776e89c835bd1a8d,6db218a2-ed2d2f57e3ca9626,0.3064516129032258,0.3220338983050847
baa8e497-5909172f6507dd97,90b71536-07dac993d8c28e54,0.30638297872340425,0.34285714285714286
24afd00e-dcafb2b34d7db798,d74028ea-a37f7f5e87cf7106,0.30638297872340425,0.32432432432432434
baa8e497-5909172f6507dd97,6db218a2-ed2d2f57e3ca9626,0.30638297872340425,0.34285714285714286
8ad1ad84-3745d4160ea24786,929b98f0-eef96ee8fcc05c36,0.3062200956937799,0.3333333333333333
74f4382e-1393d2963ee49eb2,ef1117e3-ca2c6b3480217536,0.30618892508143325,0.3381294964028777
0f3a2acf-8994ebc03e7ccbc7,8ad1ad84-3745d4160ea24786,0.30601092896174864,0.3218390804597701
866a2d52-ad8604feffbc28ba,48801d9e-0ef7156f0a6d8ca6,0.30601092896174864,0.35
e48933fa-ffcded69f4414f6e,cc9230d3-5843ddff2820285f,0.3057324840764331,0.32
c73cd266-da8e3b2fb99cbc79,74f4382e-1393d2963ee49eb2,0.3055555555555556,0.42857142857142855
e86eb5b0-83f3a459a27119cb,4499e3b9-a33dff95453263b5,0.3054187192118227,0.3229166666666667
0f3a2acf-8994ebc03e7ccbc7,48801d9e-0ef7156f0a6d8ca6,0.30526315789473685,0.3333333333333333
c9a316ca-855308932be2a506,34aa6a45-e746ead946dc2b04,0.30522088353413657,0.3917525773195876
6f037b1d-8f16613d9650d51e,34aa6a45-e746ead946dc2b04,0.3050847457627119,0.3146853146853147
90b71536-07dac993d8c28e54,34aa6a45-e746ead946dc2b04,0.3049645390070922,0.33076923076923076
6db218a2-ed2d2f57e3ca9626,34aa6a45-e746ead946dc2b04,0.3049645390070922,0.33076923076923076
6255ee79-5051915c357e6310,54e71b9b-1468635088c1312e,0.3049645390070922,0.344
4303de0d-fc0409b0b5eca587,baa8e497-5909172f6507dd97,0.3047619047619048,0.3047619047619048
2ef4c176-8634406bc38fb9f8,6f037b1d-8f16613d9650d51e,0.3041825095057034,0.3333333333333333
fd16f5b0-a397cd613100646d,03b3c5af-05d068a6e6577b94,0.30392156862745096,0.3333333333333333
bd584714-99efcf48edfe6050,8535bdf7-5ad3f9861d512fa2,0.3037974683544304,0.3076923076923077
dcf09f37-ec2fc1564d9d4f56,2bbc6c80-5ffd69e567be7881,0.3036649214659686,0.30851063829787234
77ec956f-adf46fc113a7897c,03b3c5af-05d068a6e6577b94,0.3036649214659686,0.3625
dcf09f37-ec2fc1564d9d4f56,4e58558c-2a15aa5b998784b7,0.3036649214659686,0.30851063829787234
ac8ef97c-adf46fc113a7897c,03b3c5af-05d068a6e6577b94,0.3036649214659686,0.3625
baa8e497-5909172f6507dd97,2c865582-25c489e25b42f740,0.30357142857142855,0.3238095238095238
e86eb5b0-83f3a459a27119cb,529d9642-f22fa9fcd4ec6440,0.30357142857142855,0.3541666666666667
cbbbed5f-f147d5fd38e8783a,6f037b1d-8f16613d9650d51e,0.30327868852459017,0.36633663366336633
a5f41b95-7fcfc0d1118af833,73f57af1-542c8d7e43524e64,0.30303030303030304,0.30434782608695654
e86eb5b0-83f3a459a27119cb,ef1117e3-ca2c6b3480217536,0.30303030303030304,0.4166666666666667
fd16f5b0-a397cd613100646d,6255ee79-5051915c357e6310,0.30275229357798167,0.3548387096774194
77ec956f-adf46fc113a7897c,4303de0d-fc0409b0b5eca587,0.3027027027027027,0.35
866a2d52-ad8604feffbc28ba,4303de0d-fc0409b0b5eca587,0.3027027027027027,0.35
ac8ef97c-adf46fc113a7897c,4303de0d-fc0409b0b5eca587,0.3027027027027027,0.35
16e6d8bb-907dd6e2f702b4fd,34aa6a45-e746ead946dc2b04,0.3025210084033613,0.4186046511627907
bf85ab7b-776e89c835bd1a8d,2ef4c176-8634406bc38fb9f8,0.3025210084033613,0.3050847457627119
dcf09f37-ec2fc1564d9d4f56,24afd00e-dcafb2b34d7db798,0.3024390243902439,0.32978723404255317
45561f1f-d11d10e7250c6b28,d74028ea-a37f7f5e87cf7106,0.3022222222222222,0.33663366336633666
16e6d8bb-907dd6e2f702b4fd,e7370eec-848c92214e3175af,0.3020833333333333,0.3372093023255814
c73cd266-da8e3b2fb99cbc79,ef1117e3-ca2c6b3480217536,0.3020408163265306,0.4805194805194805
baa8e497-5909172f6507dd97,4499e3b9-a33dff95453263b5,0.3018867924528302,0.3047619047619048
dc575a6c-382501ea02c794c3,77ec956f-adf46fc113a7897c,0.3018867924528302,0.3037974683544304
dc575a6c-382501ea02c794c3,ac8ef97c-adf46fc113a7897c,0.3018867924528302,0.3037974683544304
5289e80a-d80cd7a6c1c8423b,d2eb953e-1dc0ecab263b1cd0,0.3016759776536313,0.3176470588235294
5289e80a-d80cd7a6c1c8423b,dcf09f37-ec2fc1564d9d4f56,0.3016759776536313,0.3176470588235294
dd5fd2a2-6b67e26a717a50a4,bd584714-99efcf48edfe6050,0.3013698630136986,0.3235294117647059
3ff60986-273cd67b97fa65cc,24afd00e-dcafb2b34d7db798,0.3010752688172043,0.37333333333333335
d0b4b96c-273cd67b97fa65cc,24afd00e-dcafb2b34d7db798,0.3010752688172043,0.37333333333333335
16e6d8bb-907dd6e2f702b4fd,2ef4c176-8634406bc38fb9f8,0.30097087378640774,0.36046511627906974
74b5ad88-6fbfa2c19908891e,6255ee79-5051915c357e6310,0.30097087378640774,0.38271604938271603
810fd282-016bd38b5df9af4b,dba80ad4-58af20fff7e32454,0.3004694835680751,0.37209302325581395
d82fa7e3-0d7b96efb8ce09a1,fffc11ee-b376cba7661266dc,0.30036630036630035,0.41414141414141414
d82fa7e3-d7f803eced03719a,fffc11ee-b376cba7661266dc,0.30036630036630035,0.41414141414141414
424c930b-a926a2da8f1474f6,2c865582-25c489e25b42f740,0.3,0.32673267326732675
9069684f-fab714a1fbf680fb,6f037b1d-8f16613d9650d51e,0.3,0.3711340206185567
90b71536-07dac993d8c28e54,54e71b9b-1468635088c1312e,0.29965156794425085,0.33076923076923076
6db218a2-ed2d2f57e3ca9626,54e71b9b-1468635088c1312e,0.29965156794425085,0.33076923076923076
c9a316ca-855308932be2a506,90b71536-07dac993d8c28e54,0.29955947136563876,0.35051546391752575
c9a316ca-855308932be2a506,6db218a2-ed2d2f57e3ca9626,0.29955947136563876,0.35051546391752575
45561f1f-d11d10e7250c6b28,7f42483d-f881f5273436f320,0.29906542056074764,0.31683168316831684
51019113-a310eab1573fba02,ec558d69-d301b312aca2c9fd,0.2988505747126437,0.3023255813953488
7f42483d-f881f5273436f320,529d9642-f22fa9fcd4ec6440,0.2987551867219917,0.3185840707964602
2bbc6c80-5ffd69e567be7881,d74028ea-a37f7f5e87cf7106,0.2986425339366516,0.3402061855670103
fd16f5b0-a397cd613100646d,529d9642-f22fa9fcd4ec6440,0.2986425339366516,0.3548387096774194
4e58558c-2a15aa5b998784b7,d74028ea-a37f7f5e87cf7106,0.2986425339366516,0.3402061855670103
e86eb5b0-83f3a459a27119cb,4303de0d-fc0409b0b5eca587,0.29850746268656714,0.3125
0f3a2acf-8994ebc03e7ccbc7,dcf09f37-ec2fc1564d9d4f56,0.2983425414364641,0.3103448275862069
e48933fa-ffcded69f4414f6e,e7370eec-848c92214e3175af,0.2983425414364641,0.36
9a20c823-548521dc0db7c15e,810fd282-016bd38b5df9af4b,0.2981366459627329,0.32
45561f1f-d11d10e7250c6b28,4499e3b9-a33dff95453263b5,0.2980769230769231,0.3069306930693069
279e274a-27357e18512fc9ac,7f42483d-f881f5273436f320,0.2980769230769231,0.3263157894736842
e48933fa-ffcded69f4414f6e,929b98f0-eef96ee8fcc05c36,0.2978723404255319,0.37333333333333335
d2eb953e-1dc0ecab263b1cd0,ef1117e3-ca2c6b3480217536,0.29770992366412213,0.4148936170212766
f652c678-58f2857bc1709754,dba80ad4-58af20fff7e32454,0.29767441860465116,0.36363636363636365
0f3a2acf-8994ebc03e7ccbc7,529d9642-f22fa9fcd4ec6440,0.29767441860465116,0.367816091954023
45561f1f-d11d10e7250c6b28,ef1117e3-ca2c6b3480217536,0.29739776951672864,0.39603960396039606
a5f41b95-7fcfc0d1118af833,ef1117e3-ca2c6b3480217536,0.2968197879858657,0.3652173913043478
ec558d69-d301b312aca2c9fd,d2eb953e-1dc0ecab263b1cd0,0.2967032967032967,0.3068181818181818
73f57af1-542c8d7e43524e64,fffc11ee-b376cba7661266dc,0.296551724137931,0.3706896551724138
316c9955-0c349008c1b95e0d,34aa6a45-e746ead946dc2b04,0.2962962962962963,0.3956043956043956
77ec956f-adf46fc113a7897c,cc9230d3-5843ddff2820285f,0.2962962962962963,0.3
ac8ef97c-adf46fc113a7897c,cc9230d3-5843ddff2820285f,0.2962962962962963,0.3
74b5ad88-6fbfa2c19908891e,a5f41b95-7fcfc0d1118af833,0.29591836734693877,0.35802469135802467
73f57af1-542c8d7e43524e64,ef1117e3-ca2c6b3480217536,0.29577464788732394,0.3620689655172414
810fd282-016bd38b5df9af4b,9069684f-fab714a1fbf680fb,0.29508196721311475,0.313953488372093
74b5ad88-6fbfa2c19908891e,dd5fd2a2-6b67e26a717a50a4,0.29508196721311475,0.3333333333333333
cc9230d3-5843ddff2820285f,23cb8587-2dcbb1e9dbcfe699,0.29508196721311475,0.32926829268292684
c73cd266-da8e3b2fb99cbc79,7f42483d-f881f5273436f320,0.29473684210526313,0.36363636363636365
9a20c823-548521dc0db7c15e,a5f41b95-7fcfc0d1118af833,0.29473684210526313,0.37333333333333335
1a31f5cb-4ef4f09fb9624c11,a5f41b95-7fcfc0d1118af833,0.29473684210526313,0.37333333333333335
dcf09f37-ec2fc1564d9d4f56,90b71536-07dac993d8c28e54,0.29464285714285715,0.35106382978723405
dcf09f37-ec2fc1564d9d4f56,6db218a2-ed2d2f57e3ca9626,0.29464285714285715,0.35106382978723405
866a2d52-ad8604feffbc28ba,bd584714-99efcf48edfe6050,0.29441624365482233,0.3625
9069684f-fab714a1fbf680fb,4499e3b9-a33dff95453263b5,0.29411764705882354,0.30927835051546393
810fd282-016bd38b5df9af4b,34aa6a45-e746ead946dc2b04,0.29411764705882354,0.4069767441860465
810fd282-016bd38b5df9af4b,bf85ab7b-776e89c835bd1a8d,0.29411764705882354,0.3488372093023256
424c930b-a926a2da8f1474f6,48801d9e-0ef7156f0a6d8ca6,0.29411764705882354,0.297029702970297
fd16f5b0-a397cd613100646d,24afd00e-dcafb2b34d7db798,0.29411764705882354,0.3225806451612903
2af19170-d04a6de0846f9744,2ef4c176-8634406bc38fb9f8,0.29411764705882354,0.2966101694915254
a5f41b95-7fcfc0d1118af833,54e71b9b-1468635088c1312e,0.29411764705882354,0.34782608695652173
8ad1ad84-3745d4160ea24786,a5f41b95-7fcfc0d1118af833,0.2938388625592417,0.3229166666666667
74b5ad88-6fbfa2c19908891e,3a318b43-f9827e66195fbe68,0.2937853107344633,0.32098765432098764
5a81e159-df7109b1581700ac,03b3c5af-05d068a6e6577b94,0.29357798165137616,0.29906542056074764
5a81e159-490a903ff60a1435,03b3c5af-05d068a6e6577b94,0.29357798165137616,0.29906542056074764
73f57af1-542c8d7e43524e64,6f037b1d-8f16613d9650d51e,0.29343629343629346,0.3275862068965517
dcf09f37-ec2fc1564d9d4f56,c9a316ca-855308932be2a506,0.2931937172774869,0.2978723404255319
2c865582-25c489e25b42f740,2ef4c176-8634406bc38fb9f8,0.2928870292887029,0.29411764705882354
529d9642-f22fa9fcd4ec6440,34aa6a45-e746ead946dc2b04,0.29285714285714287,0.3203125
810fd282-016bd38b5df9af4b,2c865582-25c489e25b42f740,0.2926829268292683,0.3488372093023256
0f3a2acf-8994ebc03e7ccbc7,bf85ab7b-776e89c835bd1a8d,0.2926829268292683,0.3448275862068966
cbbbed5f-f147d5fd38e8783a,6255ee79-5051915c357e6310,0.2920353982300885,0.32673267326732675
dc575a6c-382501ea02c794c3,e7370eec-848c92214e3175af,0.2918918918918919,0.34177215189873417
3ff60986-273cd67b97fa65cc,bd584714-99efcf48edfe6050,0.2916666666666667,0.37333333333333335
316c9955-0c349008c1b95e0d,cbbbed5f-f147d5fd38e8783a,0.2916666666666667,0.3076923076923077
d0b4b96c-273cd67b97fa65cc,bd584714-99efcf48edfe6050,0.2916666666666667,0.37333333333333335
8535bdf7-5ad3f9861d512fa2,dba80ad4-58af20fff7e32454,0.291497975708502,0.3
51019113-a310eab1573fba02,7f42483d-f881f5273436f320,0.2914572864321608,0.3372093023255814
dc575a6c-382501ea02c794c3,8535bdf7-5ad3f9861d512fa2,0.2914572864321608,0.3670886075949367
3ff60986-273cd67b97fa65cc,d74028ea-a37f7f5e87cf7106,0.2914572864321608,0.38666666666666666
d0b4b96c-273cd67b97fa65cc,d74028ea-a37f7f5e87cf7106,0.2914572864321608,0.38666666666666666
d74028ea-a37f7f5e87cf7106,90b71536-07dac993d8c28e54,0.29133858267716534,0.29838709677419356
d74028ea-a37f7f5e87cf7106,6db218a2-ed2d2f57e3ca9626,0.29133858267716534,0.29838709677419356
fd16f5b0-a397cd613100646d,929b98f0-eef96ee8fcc05c36,0.2912621359223301,0.3225806451612903
03b3c5af-05d068a6e6577b94,54e71b9b-1468635088c1312e,0.291044776119403,0.35135135135135137
74b5ad88-6fbfa2c19908891e,74f4382e-1393d2963ee49eb2,0.2909090909090909,0.3950617283950617
1a31f5cb-4ef4f09fb9624c11,34aa6a45-e746ead946dc2b04,0.2907488986784141,0.44
cc9230d3-5843ddff2820285f,34aa6a45-e746ead946dc2b04,0.2905982905982906,0.4146341463414634
73f57af1-542c8d7e43524e64,2af19170-d04a6de0846f9744,0.2905982905982906,0.29310344827586204
9a20c823-548521dc0db7c15e,03b3c5af-05d068a6e6577b94,0.2903225806451613,0.36
9a20c823-548521dc0db7c15e,6255ee79-5051915c357e6310,0.29,0.38666666666666666
866a2d52-ad8604feffbc28ba,2ef4c176-8634406bc38fb9f8,0.29,0.3625
5af25bd7-bab814ae1e80f49c,dba80ad4-58af20fff7e32454,0.2898550724637681,0.375
424c930b-a926a2da8f1474f6,dba80ad4-58af20fff7e32454,0.2894736842105263,0.32673267326732675
4303de0d-fc0409b0b5eca587,90b71536-07dac993d8c28e54,0.28936170212765955,0.3238095238095238
4303de0d-fc0409b0b5eca587,6db218a2-ed2d2f57e3ca9626,0.28936170212765955,0.3238095238095238
a5f41b95-7fcfc0d1118af833,dba80ad4-58af20fff7e32454,0.2892561983471074,0.30434782608695654
cc9230d3-5843ddff2820285f,baa8e497-5909172f6507dd97,0.2887700534759358,0.32926829268292684
5a81e159-df7109b1581700ac,a5f41b95-7fcfc0d1118af833,0.2882882882882883,0.29906542056074764
dc575a6c-382501ea02c794c3,6f037b1d-8f16613d9650d51e,0.2882882882882883,0.4050632911392405
5a81e159-490a903ff60a1435,a5f41b95-7fcfc0d1118af833,0.2882882882882883,0.29906542056074764
9069684f-fab714a1fbf680fb,6255ee79-5051915c357e6310,0.2882882882882883,0.32989690721649484
48801d9e-0ef7156f0a6d8ca6,2c865582-25c489e25b42f740,0.2882882882882883,0.3106796116504854
279e274a-27357e18512fc9ac,dba80ad4-58af20fff7e32454,0.2882882882882883,0.3368421052631579
810fd282-016bd38b5df9af4b,6f037b1d-8f16613d9650d51e,0.28820960698689957,0.38372093023255816
810fd282-016bd38b5df9af4b,54e71b9b-1468635088c1312e,0.2880658436213992,0.4069767441860465
bd584714-99efcf48edfe6050,ef1117e3-ca2c6b3480217536,0.28771929824561404,0.3504273504273504
dc575a6c-382501ea02c794c3,ec558d69-d301b312aca2c9fd,0.2874251497005988,0.3037974683544304
9a20c823-548521dc0db7c15e,e7370eec-848c92214e3175af,0.287292817679558,0.3466666666666667
cc9230d3-5843ddff2820285f,7f42483d-f881f5273436f320,0.28717948717948716,0.34146341463414637
9a20c823-548521dc0db7c15e,8535bdf7-5ad3f9861d512fa2,0.28717948717948716,0.37333333333333335
d2eb953e-1dc0ecab263b1cd0,cbbbed5f-f147d5fd38e8783a,0.28717948717948716,0.2978723404255319
16e6d8bb-907dd6e2f702b4fd,73f57af1-542c8d7e43524e64,0.2871287128712871,0.3372093023255814
fa1bf524-c4cfc95a5d2ad353,5a81e159-df7109b1581700ac,0.28708133971291866,0.29411764705882354
fa1bf524-c4cfc95a5d2ad353,5a81e159-490a903ff60a1435,0.28708133971291866,0.29411764705882354
810fd282-016bd38b5df9af4b,90b71536-07dac993d8c28e54,0.28703703703703703,0.36046511627906974
810fd282-016bd38b5df9af4b,6db218a2-ed2d2f57e3ca9626,0.28703703703703703,0.36046511627906974
929b98f0-eef96ee8fcc05c36,34aa6a45-e746ead946dc2b04,0.28679245283018867,0.336283185840708
f652c678-58f2857bc1709754,a5f41b95-7fcfc0d1118af833,0.2857142857142857,0.32954545454545453
03b3c5af-05d068a6e6577b94,7f42483d-f881f5273436f320,0.2857142857142857,0.2882882882882883
810fd282-016bd38b5df9af4b,48801d9e-0ef7156f0a6d8ca6,0.2857142857142857,0.313953488372093
0f3a2acf-8994ebc03e7ccbc7,73f57af1-542c8d7e43524e64,0.2857142857142857,0.3333333333333333
e48933fa-ffcded69f4414f6e,5a81e159-df7109b1581700ac,0.2857142857142857,0.3466666666666667
bf85ab7b-776e89c835bd1a8d,8535bdf7-5ad3f9861d512fa2,0.2857142857142857,0.288135593220339
ec558d69-d301b312aca2c9fd,54e71b9b-1468635088c1312e,0.2857142857142857,0.3977272727272727
e48933fa-ffcded69f4414f6e,5a81e159-490a903ff60a1435,0.2857142857142857,0.3466666666666667
e48933fa-ffcded69f4414f6e,529d9642-f22fa9fcd4ec6440,0.2857142857142857,0.38666666666666666
bd584714-99efcf48edfe6050,529d9642-f22fa9fcd4ec6440,0.2857142857142857,0.29914529914529914
316c9955-0c349008c1b95e0d,4303de0d-fc0409b0b5eca587,0.2857142857142857,0.3076923076923077
48801d9e-0ef7156f0a6d8ca6,529d9642-f22fa9fcd4ec6440,0.2857142857142857,0.32038834951456313
5a81e159-df7109b1581700ac,fffc11ee-b376cba7661266dc,0.2846975088967972,0.37383177570093457
5a81e159-490a903ff60a1435,fffc11ee-b376cba7661266dc,0.2846975088967972,0.37383177570093457
cbbbed5f-f147d5fd38e8783a,d74028ea-a37f7f5e87cf7106,0.28444444444444444,0.31683168316831684
ec558d69-d301b312aca2c9fd,90b71536-07dac993d8c28e54,0.28440366972477066,0.3522727272727273
ec558d69-d301b312aca2c9fd,6db218a2-ed2d2f57e3ca9626,0.28440366972477066,0.3522727272727273
279e274a-27357e18512fc9ac,dd5fd2a2-6b67e26a717a50a4,0.28426395939086296,0.29473684210526313
e86eb5b0-83f3a459a27119cb,23cb8587-2dcbb1e9dbcfe699,0.28426395939086296,0.2916666666666667
3ff60986-273cd67b97fa65cc,cbbbed5f-f147d5fd38e8783a,0.2840909090909091,0.3333333333333333
d0b4b96c-273cd67b97fa65cc,cbbbed5f-f147d5fd38e8783a,0.2840909090909091,0.3333333333333333
45561f1f-d11d10e7250c6b28,fffc11ee-b376cba7661266dc,0.28363636363636363,0.38613861386138615
dd5fd2a2-6b67e26a717a50a4,d74028ea-a37f7f5e87cf7106,0.2831858407079646,0.3137254901960784
e7370eec-848c92214e3175af,929b98f0-eef96ee8fcc05c36,0.2831050228310502,0.29245283018867924
3a318b43-f9827e66195fbe68,73f57af1-542c8d7e43524e64,0.2830188679245283,0.3125
e48933fa-ffcded69f4414f6e,90b71536-07dac993d8c28e54,0.28292682926829266,0.38666666666666666
e48933fa-ffcded69f4414f6e,6db218a2-ed2d2f57e3ca9626,0.28292682926829266,0.38666666666666666
853acff9-6357da1fbbcc9fa1,7f42483d-f881f5273436f320,0.28272251308900526,0.34615384615384615
fa1bf524-c4cfc95a5d2ad353,fffc11ee-b376cba7661266dc,0.2826086956521739,0.38235294117647056
74b5ad88-6fbfa2c19908891e,fffc11ee-b376cba7661266dc,0.2823529411764706,0.4444444444444444
866a2d52-ad8604feffbc28ba,ef1117e3-ca2c6b3480217536,0.28225806451612906,0.4375
fa1bf524-c4cfc95a5d2ad353,24afd00e-dcafb2b34d7db798,0.28169014084507044,0.29411764705882354
e7370eec-848c92214e3175af,5a81e159-df7109b1581700ac,0.28169014084507044,0.2830188679245283
e7370eec-848c92214e3175af,5a81e159-490a903ff60a1435,0.28169014084507044,0.2830188679245283
7f42483d-f881f5273436f320,6f037b1d-8f16613d9650d51e,0.28125,0.3185840707964602
c73cd266-da8e3b2fb99cbc79,a5f41b95-7fcfc0d1118af833,0.28125,0.35064935064935066
dc575a6c-382501ea02c794c3,d82fa7e3-0d7b96efb8ce09a1,0.2808988764044944,0.31645569620253167
dc575a6c-382501ea02c794c3,d82fa7e3-d7f803eced03719a,0.2808988764044944,0.31645569620253167
ef1117e3-ca2c6b3480217536,fffc11ee-b376cba7661266dc,0.2807017543859649,0.2857142857142857
5af25bd7-bab814ae1e80f49c,316c9955-0c349008c1b95e0d,0.2807017543859649,0.3
424c930b-a926a2da8f1474f6,8535bdf7-5ad3f9861d512fa2,0.28054298642533937,0.3069306930693069
cc9230d3-5843ddff2820285f,ef1117e3-ca2c6b3480217536,0.28,0.4268292682926829
279e274a-27357e18512fc9ac,baa8e497-5909172f6507dd97,0.28,0.29473684210526313
9069684f-fab714a1fbf680fb,48801d9e-0ef7156f0a6d8ca6,0.28,0.28865979381443296
5289e80a-d80cd7a6c1c8423b,a5f41b95-7fcfc0d1118af833,0.28,0.32941176470588235
bf85ab7b-776e89c835bd1a8d,6255ee79-5051915c357e6310,0.27983539094650206,0.288135593220339
16e6d8bb-907dd6e2f702b4fd,54e71b9b-1468635088c1312e,0.27983539094650206,0.3953488372093023
853acff9-6357da1fbbcc9fa1,a5f41b95-7fcfc0d1118af833,0.27979274611398963,0.34615384615384615
316c9955-0c349008c1b95e0d,fffc11ee-b376cba7661266dc,0.2792452830188679,0.4065934065934066
7f42483d-f881f5273436f320,34aa6a45-e746ead946dc2b04,0.2792452830188679,0.3274336283185841
fa1bf524-c4cfc95a5d2ad353,929b98f0-eef96ee8fcc05c36,0.27906976744186046,0.29411764705882354
d82fa7e3-0d7b96efb8ce09a1,73f57af1-542c8d7e43524e64,0.27906976744186046,0.30303030303030304
d82fa7e3-d7f803eced03719a,73f57af1-542c8d7e43524e64,0.27906976744186046,0.30303030303030304
e86eb5b0-83f3a459a27119cb,2c865582-25c489e25b42f740,0.27906976744186046,0.3125
866a2d52-ad8604feffbc28ba,529d9642-f22fa9fcd4ec6440,0.27884615384615385,0.3625
9069684f-fab714a1fbf680fb,03b3c5af-05d068a6e6577b94,0.27884615384615385,0.29896907216494845
f652c678-58f2857bc1709754,7f42483d-f881f5273436f320,0.27860696517412936,0.3181818181818182
8ad1ad84-3745d4160ea24786,baa8e497-5909172f6507dd97,0.27860696517412936,0.2916666666666667
77ec956f-adf46fc113a7897c,4499e3b9-a33dff95453263b5,0.27807486631016043,0.325
ac8ef97c-adf46fc113a7897c,4499e3b9-a33dff95453263b5,0.27807486631016043,0.325
77ec956f-adf46fc113a7897c,6f037b1d-8f16613d9650d51e,0.27802690582959644,0.3875
ac8ef97c-adf46fc113a7897c,6f037b1d-8f16613d9650d51e,0.27802690582959644,0.3875
5a81e159-df7109b1581700ac,34aa6a45-e746ead946dc2b04,0.277992277992278,0.3364485981308411
5a81e159-490a903ff60a1435,34aa6a45-e746ead946dc2b04,0.277992277992278,0.3364485981308411
9a20c823-548521dc0db7c15e,4303de0d-fc0409b0b5eca587,0.2777777777777778,0.3333333333333333
7f42483d-f881f5273436f320,ef1117e3-ca2c6b3480217536,0.2775800711743772,0.34513274336283184
1a31f5cb-4ef4f09fb9624c11,dba80ad4-58af20fff7e32454,0.27722772277227725,0.37333333333333335
e48933fa-ffcded69f4414f6e,dba80ad4-58af20fff7e32454,0.27722772277227725,0.37333333333333335
fd16f5b0-a397cd613100646d,fffc11ee-b376cba7661266dc,0.27715355805243447,0.3978494623655914
d82fa7e3-0d7b96efb8ce09a1,6255ee79-5051915c357e6310,0.2767857142857143,0.31313131313131315
d82fa7e3-d7f803eced03719a,6255ee79-5051915c357e6310,0.2767857142857143,0.31313131313131315
5289e80a-d80cd7a6c1c8423b,ef1117e3-ca2c6b3480217536,0.2766798418972332,0.4117647058823529
dd5fd2a2-6b67e26a717a50a4,a5f41b95-7fcfc0d1118af833,0.2764976958525346,0.29411764705882354
2af19170-d04a6de0846f9744,529d9642-f22fa9fcd4ec6440,0.2764227642276423,0.288135593220339
5af25bd7-bab814ae1e80f49c,90b71536-07dac993d8c28e54,0.2761904761904762,0.3625
5af25bd7-bab814ae1e80f49c,6db218a2-ed2d2f57e3ca9626,0.2761904761904762,0.3625
5a81e159-df7109b1581700ac,6255ee79-5051915c357e6310,0.27586206896551724,0.29906542056074764
77ec956f-adf46fc113a7897c,d2eb953e-1dc0ecab263b1cd0,0.27586206896551724,0.3
ac8ef97c-adf46fc113a7897c,d2eb953e-1dc0ecab263b1cd0,0.27586206896551724,0.3
5a81e159-490a903ff60a1435,6255ee79-5051915c357e6310,0.27586206896551724,0.29906542056074764
c9a316ca-855308932be2a506,e7370eec-848c92214e3175af,0.27586206896551724,0.28865979381443296
5289e80a-d80cd7a6c1c8423b,24afd00e-dcafb2b34d7db798,0.2755102040816326,0.3176470588235294
dd5fd2a2-6b67e26a717a50a4,fffc11ee-b376cba7661266dc,0.2753623188405797,0.37254901960784315
dc575a6c-382501ea02c794c3,ef1117e3-ca2c6b3480217536,0.27530364372469635,0.43037974683544306
48801d9e-0ef7156f0a6d8ca6,a5f41b95-7fcfc0d1118af833,0.27522935779816515,0.2912621359223301
bd584714-99efcf48edfe6050,fffc11ee-b376cba7661266dc,0.27491408934707906,0.3418803418803419
3a318b43-f9827e66195fbe68,23cb8587-2dcbb1e9dbcfe699,0.27411167512690354,0.28125
23cb8587-2dcbb1e9dbcfe699,2af19170-d04a6de0846f9744,0.273972602739726,0.297029702970297
e48933fa-ffcded69f4414f6e,a5f41b95-7fcfc0d1118af833,0.2736842105263158,0.3466666666666667
5a81e159-df7109b1581700ac,dba80ad4-58af20fff7e32454,0.27350427350427353,0.29906542056074764
5a81e159-490a903ff60a1435,dba80ad4-58af20fff7e32454,0.27350427350427353,0.29906542056074764
cc9230d3-5843ddff2820285f,cbbbed5f-f147d5fd38e8783a,0.273224043715847,0.3048780487804878
3ff60986-273cd67b97fa65cc,90b71536-07dac993d8c28e54,0.2731707317073171,0.37333333333333335
d0b4b96c-273cd67b97fa65cc,90b71536-07dac993d8c28e54,0.2731707317073171,0.37333333333333335
3ff60986-273cd67b97fa65cc,6db218a2-ed2d2f57e3ca9626,0.2731707317073171,0.37333333333333335
d0b4b96c-273cd67b97fa65cc,6db218a2-ed2d2f57e3ca9626,0.2731707317073171,0.37333333333333335
48801d9e-0ef7156f0a6d8ca6,d74028ea-a37f7f5e87cf7106,0.27312775330396477,0.30097087378640774
74b5ad88-6fbfa2c19908891e,ef1117e3-ca2c6b3480217536,0.27309236947791166,0.41975308641975306
e48933fa-ffcded69f4414f6e,23cb8587-2dcbb1e9dbcfe699,0.2727272727272727,0.32
baa8e497-5909172f6507dd97,fffc11ee-b376cba7661266dc,0.2724014336917563,0.3619047619047619
a5f41b95-7fcfc0d1118af833,2ef4c176-8634406bc38fb9f8,0.2723404255319149,0.2782608695652174
e86eb5b0-83f3a459a27119cb,74f4382e-1393d2963ee49eb2,0.2723404255319149,0.3333333333333333
03b3c5af-05d068a6e6577b94,d74028ea-a37f7f5e87cf7106,0.2723404255319149,0.2882882882882883
fa1bf524-c4cfc95a5d2ad353,03b3c5af-05d068a6e6577b94,0.27230046948356806,0.28431372549019607
fd16f5b0-a397cd613100646d,8535bdf7-5ad3f9861d512fa2,0.27230046948356806,0.3118279569892473
5289e80a-d80cd7a6c1c8423b,529d9642-f22fa9fcd4ec6440,0.27230046948356806,0.3411764705882353
e48933fa-ffcded69f4414f6e,dcf09f37-ec2fc1564d9d4f56,0.27218934911242604,0.30666666666666664
8535bdf7-5ad3f9861d512fa2,fffc11ee-b376cba7661266dc,0.272108843537415,0.3333333333333333
cbbbed5f-f147d5fd38e8783a,baa8e497-5909172f6507dd97,0.27184466019417475,0.27722772277227725
cc9230d3-5843ddff2820285f,d74028ea-a37f7f5e87cf7106,0.27184466019417475,0.34146341463414637
316c9955-0c349008c1b95e0d,a5f41b95-7fcfc0d1118af833,0.27184466019417475,0.3076923076923077
2bbc6c80-5ffd69e567be7881,ef1117e3-ca2c6b3480217536,0.27169811320754716,0.3711340206185567
4e58558c-2a15aa5b998784b7,ef1117e3-ca2c6b3480217536,0.27169811320754716,0.3711340206185567
9a20c823-548521dc0db7c15e,ef1117e3-ca2c6b3480217536,0.2716049382716049,0.44
baa8e497-5909172f6507dd97,73f57af1-542c8d7e43524e64,0.27149321266968324,0.2857142857142857
2bbc6c80-5ffd69e567be7881,dd5fd2a2-6b67e26a717a50a4,0.271356783919598,0.27835051546391754
4e58558c-2a15aa5b998784b7,dd5fd2a2-6b67e26a717a50a4,0.271356783919598,0.27835051546391754
cbbbed5f-f147d5fd38e8783a,7f42483d-f881f5273436f320,0.27102803738317754,0.2871287128712871
810fd282-016bd38b5df9af4b,529d9642-f22fa9fcd4ec6440,0.27102803738317754,0.3372093023255814
d2eb953e-1dc0ecab263b1cd0,8535bdf7-5ad3f9861d512fa2,0.27102803738317754,0.30851063829787234
810fd282-016bd38b5df9af4b,e7370eec-848c92214e3175af,0.2708333333333333,0.3023255813953488
24afd00e-dcafb2b34d7db798,bf85ab7b-776e89c835bd1a8d,0.27074235807860264,0.27927927927927926
2c865582-25c489e25b42f740,6255ee79-5051915c357e6310,0.27049180327868855,0.2773109243697479
0f3a2acf-8994ebc03e7ccbc7,54e71b9b-1468635088c1312e,0.27049180327868855,0.3793103448275862
c73cd266-da8e3b2fb99cbc79,810fd282-016bd38b5df9af4b,0.26993865030674846,0.2857142857142857
1a31f5cb-4ef4f09fb9624c11,ec558d69-d301b312aca2c9fd,0.26993865030674846,0.29333333333333333
5af25bd7-bab814ae1e80f49c,7f42483d-f881f5273436f320,0.2694300518134715,0.325
ec558d69-d301b312aca2c9fd,baa8e497-5909172f6507dd97,0.2694300518134715,0.29545454545454547
0f3a2acf-8994ebc03e7ccbc7,e7370eec-848c92214e3175af,0.2694300518134715,0.2988505747126437
fa1bf524-c4cfc95a5d2ad353,6f037b1d-8f16613d9650d51e,0.2693877551020408,0.3235294117647059
51019113-a310eab1573fba02,fffc11ee-b376cba7661266dc,0.2692307692307692,0.4069767441860465
cbbbed5f-f147d5fd38e8783a,4499e3b9-a33dff95453263b5,0.2692307692307692,0.27722772277227725
fd16f5b0-a397cd613100646d,90b71536-07dac993d8c28e54,0.26905829596412556,0.3225806451612903
fd16f5b0-a397cd613100646d,6db218a2-ed2d2f57e3ca9626,0.26905829596412556,0.3225806451612903
279e274a-27357e18512fc9ac,529d9642-f22fa9fcd4ec6440,0.26905829596412556,0.3157894736842105
9a20c823-548521dc0db7c15e,24afd00e-dcafb2b34d7db798,0.26881720430107525,0.3333333333333333
e48933fa-ffcded69f4414f6e,24afd00e-dcafb2b34d7db798,0.26881720430107525,0.3333333333333333
ec558d69-d301b312aca2c9fd,7f42483d-f881f5273436f320,0.26865671641791045,0.3068181818181818
dcf09f37-ec2fc1564d9d4f56,34aa6a45-e746ead946dc2b04,0.2682926829268293,0.35106382978723405
c73cd266-da8e3b2fb99cbc79,0f3a2acf-8994ebc03e7ccbc7,0.2682926829268293,0.2857142857142857
8ad1ad84-3745d4160ea24786,6f037b1d-8f16613d9650d51e,0.26778242677824265,0.3333333333333333
5289e80a-d80cd7a6c1c8423b,dd5fd2a2-6b67e26a717a50a4,0.26737967914438504,0.29411764705882354
16e6d8bb-907dd6e2f702b4fd,23cb8587-2dcbb1e9dbcfe699,0.26737967914438504,0.29069767441860467
c73cd266-da8e3b2fb99cbc79,6255ee79-5051915c357e6310,0.26732673267326734,0.35064935064935066
5af25bd7-bab814ae1e80f49c,34aa6a45-e746ead946dc2b04,0.2672413793103448,0.3875
3ff60986-273cd67b97fa65cc,54e71b9b-1468635088c1312e,0.2672413793103448,0.41333333333333333
d0b4b96c-273cd67b97fa65cc,54e71b9b-1468635088c1312e,0.2672413793103448,0.41333333333333333
6255ee79-5051915c357e6310,34aa6a45-e746ead946dc2b04,0.26714801444043323,0.296
48801d9e-0ef7156f0a6d8ca6,34aa6a45-e746ead946dc2b04,0.26666666666666666,0.3300970873786408
279e274a-27357e18512fc9ac,90b71536-07dac993d8c28e54,0.26666666666666666,0.3157894736842105
279e274a-27357e18512fc9ac,6db218a2-ed2d2f57e3ca9626,0.26666666666666666,0.3157894736842105
16e6d8bb-907dd6e2f702b4fd,d74028ea-a37f7f5e87cf7106,0.26666666666666666,0.32558139534883723
cc9230d3-5843ddff2820285f,529d9642-f22fa9fcd4ec6440,0.26666666666666666,0.34146341463414637
24afd00e-dcafb2b34d7db798,34aa6a45-e746ead946dc2b04,0.2661596958174905,0.3153153153153153
e86eb5b0-83f3a459a27119cb,34aa6a45-e746ead946dc2b04,0.2661290322580645,0.34375
48801d9e-0ef7156f0a6d8ca6,90b71536-07dac993d8c28e54,0.26609442060085836,0.30097087378640774
48801d9e-0ef7156f0a6d8ca6,6db218a2-ed2d2f57e3ca9626,0.26609442060085836,0.30097087378640774
baa8e497-5909172f6507dd97,929b98f0-eef96ee8fcc05c36,0.26605504587155965,0.2761904761904762
853acff9-6357da1fbbcc9fa1,6255ee79-5051915c357e6310,0.2660098522167488,0.34615384615384615
1a31f5cb-4ef4f09fb9624c11,529d9642-f22fa9fcd4ec6440,0.2660098522167488,0.36
3ff60986-273cd67b97fa65cc,529d9642-f22fa9fcd4ec6440,0.2660098522167488,0.36
d0b4b96c-273cd67b97fa65cc,529d9642-f22fa9fcd4ec6440,0.2660098522167488,0.36
9069684f-fab714a1fbf680fb,fffc11ee-b376cba7661266dc,0.2656826568265683,0.3711340206185567
316c9955-0c349008c1b95e0d,baa8e497-5909172f6507dd97,0.2653061224489796,0.2857142857142857
5af25bd7-bab814ae1e80f49c,23cb8587-2dcbb1e9dbcfe699,0.26519337016574585,0.3
9a20c823-548521dc0db7c15e,316c9955-0c349008c1b95e0d,0.26506024096385544,0.29333333333333333
2c865582-25c489e25b42f740,90b71536-07dac993d8c28e54,0.26506024096385544,0.2773109243697479
2c865582-25c489e25b42f740,6db218a2-ed2d2f57e3ca9626,0.26506024096385544,0.2773109243697479
7f42483d-f881f5273436f320,fffc11ee-b376cba7661266dc,0.26480836236933797,0.336283185840708
316c9955-0c349008c1b95e0d,7f42483d-f881f5273436f320,0.2647058823529412,0.2967032967032967
ec558d69-d301b312aca2c9fd,45561f1f-d11d10e7250c6b28,0.26455026455026454,0.2840909090909091
baa8e497-5909172f6507dd97,5a81e159-df7109b1581700ac,0.2641509433962264,0.26666666666666666
baa8e497-5909172f6507dd97,5a81e159-490a903ff60a1435,0.2641509433962264,0.26666666666666666
23cb8587-2dcbb1e9dbcfe699,24afd00e-dcafb2b34d7db798,0.2641509433962264,0.27722772277227725
c73cd266-da8e3b2fb99cbc79,2ef4c176-8634406bc38fb9f8,0.2639593908629442,0.33766233766233766
dc575a6c-382501ea02c794c3,bf85ab7b-776e89c835bd1a8d,0.2639593908629442,0.3291139240506329
16e6d8bb-907dd6e2f702b4fd,03b3c5af-05d068a6e6577b94,0.2639593908629442,0.3023255813953488
e86eb5b0-83f3a459a27119cb,d74028ea-a37f7f5e87cf7106,0.2636363636363636,0.3020833333333333
d2eb953e-1dc0ecab263b1cd0,03b3c5af-05d068a6e6577b94,0.2634146341463415,0.2872340425531915
929b98f0-eef96ee8fcc05c36,ef1117e3-ca2c6b3480217536,0.26334519572953735,0.3274336283185841
dc575a6c-382501ea02c794c3,54e71b9b-1468635088c1312e,0.2627118644067797,0.3924050632911392
316c9955-0c349008c1b95e0d,4499e3b9-a33dff95453263b5,0.26262626262626265,0.2857142857142857
e86eb5b0-83f3a459a27119cb,dd5fd2a2-6b67e26a717a50a4,0.26262626262626265,0.2708333333333333
e86eb5b0-83f3a459a27119cb,6255ee79-5051915c357e6310,0.26244343891402716,0.3020833333333333
45561f1f-d11d10e7250c6b28,529d9642-f22fa9fcd4ec6440,0.26200873362445415,0.297029702970297
e48933fa-ffcded69f4414f6e,73f57af1-542c8d7e43524e64,0.2617801047120419,0.3333333333333333
fa1bf524-c4cfc95a5d2ad353,8535bdf7-5ad3f9861d512fa2,0.26126126126126126,0.28431372549019607
baa8e497-5909172f6507dd97,bd584714-99efcf48edfe6050,0.26126126126126126,0.2761904761904762
4303de0d-fc0409b0b5eca587,bd584714-99efcf48edfe6050,0.26126126126126126,0.2761904761904762
866a2d52-ad8604feffbc28ba,dba80ad4-58af20fff7e32454,0.2608695652173913,0.3375
279e274a-27357e18512fc9ac,2ef4c176-8634406bc38fb9f8,0.26046511627906976,0.29473684210526313
866a2d52-ad8604feffbc28ba,8535bdf7-5ad3f9861d512fa2,0.26,0.325
6f037b1d-8f16613d9650d51e,54e71b9b-1468635088c1312e,0.26,0.2727272727272727
5af25bd7-bab814ae1e80f49c,2bbc6c80-5ffd69e567be7881,0.2598870056497175,0.2875
5af25bd7-bab814ae1e80f49c,4e58558c-2a15aa5b998784b7,0.2598870056497175,0.2875
5af25bd7-bab814ae1e80f49c,fffc11ee-b376cba7661266dc,0.25984251968503935,0.4125
03b3c5af-05d068a6e6577b94,fffc11ee-b376cba7661266dc,0.2596491228070175,0.3333333333333333
f652c678-58f2857bc1709754,8535bdf7-5ad3f9861d512fa2,0.25961538461538464,0.3068181818181818
ec558d69-d301b312aca2c9fd,2ef4c176-8634406bc38fb9f8,0.25961538461538464,0.3068181818181818
3a318b43-f9827e66195fbe68,2ef4c176-8634406bc38fb9f8,0.25925925925925924,0.2916666666666667
4303de0d-fc0409b0b5eca587,24afd00e-dcafb2b34d7db798,0.25925925925925924,0.26666666666666666
279e274a-27357e18512fc9ac,34aa6a45-e746ead946dc2b04,0.2591093117408907,0.3368421052631579
24afd00e-dcafb2b34d7db798,929b98f0-eef96ee8fcc05c36,0.25892857142857145,0.26126126126126126
3a318b43-f9827e66195fbe68,baa8e497-5909172f6507dd97,0.25870646766169153,0.2708333333333333
fa1bf524-c4cfc95a5d2ad353,4499e3b9-a33dff95453263b5,0.2583732057416268,0.2647058823529412
dd5fd2a2-6b67e26a717a50a4,5a81e159-df7109b1581700ac,0.2583732057416268,0.2647058823529412
dd5fd2a2-6b67e26a717a50a4,5a81e159-490a903ff60a1435,0.2583732057416268,0.2647058823529412
5289e80a-d80cd7a6c1c8423b,d74028ea-a37f7f5e87cf7106,0.2583732057416268,0.3176470588235294
4303de0d-fc0409b0b5eca587,fffc11ee-b376cba7661266dc,0.25806451612903225,0.34285714285714286
8535bdf7-5ad3f9861d512fa2,529d9642-f22fa9fcd4ec6440,0.25806451612903225,0.26666666666666666
e7370eec-848c92214e3175af,2c865582-25c489e25b42f740,0.2577777777777778,0.27358490566037735
9a20c823-548521dc0db7c15e,dba80ad4-58af20fff7e32454,0.25742574257425743,0.3466666666666667
e7370eec-848c92214e3175af,fffc11ee-b376cba7661266dc,0.2571428571428571,0.33962264150943394
48801d9e-0ef7156f0a6d8ca6,4499e3b9-a33dff95453263b5,0.2571428571428571,0.2621359223300971
c9a316ca-855308932be2a506,7f42483d-f881f5273436f320,0.2571428571428571,0.27835051546391754
c73cd266-da8e3b2fb99cbc79,dd5fd2a2-6b67e26a717a50a4,0.2569832402234637,0.2987012987012987
dc575a6c-382501ea02c794c3,74f4382e-1393d2963ee49eb2,0.25688073394495414,0.35443037974683544
bf85ab7b-776e89c835bd1a8d,74f4382e-1393d2963ee49eb2,0.25680933852140075,0.2796610169491525
5af25bd7-bab814ae1e80f49c,5a81e159-df7109b1581700ac,0.25668449197860965,0.3
5af25bd7-bab814ae1e80f49c,5a81e159-490a903ff60a1435,0.25668449197860965,0.3
3a318b43-f9827e66195fbe68,90b71536-07dac993d8c28e54,0.25663716814159293,0.3020833333333333
3a318b43-f9827e66195fbe68,6db218a2-ed2d2f57e3ca9626,0.25663716814159293,0.3020833333333333
d82fa7e3-0d7b96efb8ce09a1,dba80ad4-58af20fff7e32454,0.25663716814159293,0.29292929292929293
d82fa7e3-d7f803eced03719a,dba80ad4-58af20fff7e32454,0.25663716814159293,0.29292929292929293
16e6d8bb-907dd6e2f702b4fd,bd584714-99efcf48edfe6050,0.2561576354679803,0.3023255813953488
8535bdf7-5ad3f9861d512fa2,90b71536-07dac993d8c28e54,0.256,0.26666666666666666
8535bdf7-5ad3f9861d512fa2,6db218a2-ed2d2f57e3ca9626,0.256,0.26666666666666666
529d9642-f22fa9fcd4ec6440,90b71536-07dac993d8c28e54,0.2558139534883721,0.2578125
529d9642-f22fa9fcd4ec6440,6db218a2-ed2d2f57e3ca9626,0.2558139534883721,0.2578125
9069684f-fab714a1fbf680fb,90b71536-07dac993d8c28e54,0.2555066079295154,0.29896907216494845
9069684f-fab714a1fbf680fb,6db218a2-ed2d2f57e3ca9626,0.2555066079295154,0.29896907216494845
e48933fa-ffcded69f4414f6e,7f42483d-f881f5273436f320,0.2553191489361702,0.32
51019113-a310eab1573fba02,dd5fd2a2-6b67e26a717a50a4,0.2553191489361702,0.27906976744186046
5a81e159-df7109b1581700ac,529d9642-f22fa9fcd4ec6440,0.2553191489361702,0.2803738317757009
5a81e159-490a903ff60a1435,529d9642-f22fa9fcd4ec6440,0.2553191489361702,0.2803738317757009
2af19170-d04a6de0846f9744,6255ee79-5051915c357e6310,0.2551440329218107,0.2627118644067797
316c9955-0c349008c1b95e0d,929b98f0-eef96ee8fcc05c36,0.2549019607843137,0.2857142857142857
2ef4c176-8634406bc38fb9f8,74f4382e-1393d2963ee49eb2,0.2548262548262548,0.275
4303de0d-fc0409b0b5eca587,5a81e159-df7109b1581700ac,0.25471698113207547,0.2571428571428571
4303de0d-fc0409b0b5eca587,5a81e159-490a903ff60a1435,0.25471698113207547,0.2571428571428571
45561f1f-d11d10e7250c6b28,24afd00e-dcafb2b34d7db798,0.25471698113207547,0.26732673267326734
529d9642-f22fa9fcd4ec6440,74f4382e-1393d2963ee49eb2,0.2546816479400749,0.265625
23cb8587-2dcbb1e9dbcfe699,fffc11ee-b376cba7661266dc,0.2545454545454545,0.3465346534653465
ec558d69-d301b312aca2c9fd,424c930b-a926a2da8f1474f6,0.25396825396825395,0.2727272727272727
d74028ea-a37f7f5e87cf7106,529d9642-f22fa9fcd4ec6440,0.25396825396825395,0.25806451612903225
5af25bd7-bab814ae1e80f49c,bd584714-99efcf48edfe6050,0.25380710659898476,0.3125
9a20c823-548521dc0db7c15e,90b71536-07dac993d8c28e54,0.25365853658536586,0.3466666666666667
9a20c823-548521dc0db7c15e,6db218a2-ed2d2f57e3ca9626,0.25365853658536586,0.3466666666666667
5289e80a-d80cd7a6c1c8423b,8535bdf7-5ad3f9861d512fa2,0.25365853658536586,0.3058823529411765
3a318b43-f9827e66195fbe68,6255ee79-5051915c357e6310,0.25339366515837103,0.2916666666666667
48801d9e-0ef7156f0a6d8ca6,2af19170-d04a6de0846f9744,0.25339366515837103,0.27184466019417475
24afd00e-dcafb2b34d7db798,2af19170-d04a6de0846f9744,0.25327510917030566,0.26126126126126126
5af25bd7-bab814ae1e80f49c,dcf09f37-ec2fc1564d9d4f56,0.25287356321839083,0.275
5289e80a-d80cd7a6c1c8423b,baa8e497-5909172f6507dd97,0.25263157894736843,0.2823529411764706
23cb8587-2dcbb1e9dbcfe699,baa8e497-5909172f6507dd97,0.2524271844660194,0.25742574257425743
23cb8587-2dcbb1e9dbcfe699,7f42483d-f881f5273436f320,0.2523364485981308,0.26732673267326734
16e6d8bb-907dd6e2f702b4fd,529d9642-f22fa9fcd4ec6440,0.2523364485981308,0.313953488372093
929b98f0-eef96ee8fcc05c36,bd584714-99efcf48edfe6050,0.25217391304347825,0.25663716814159293
24afd00e-dcafb2b34d7db798,2c865582-25c489e25b42f740,0.25217391304347825,0.26126126126126126
ec558d69-d301b312aca2c9fd,fffc11ee-b376cba7661266dc,0.25190839694656486,0.375
4303de0d-fc0409b0b5eca587,54e71b9b-1468635088c1312e,0.25190839694656486,0.3142857142857143
3a318b43-f9827e66195fbe68,fffc11ee-b376cba7661266dc,0.2518518518518518,0.3541666666666667
2ef4c176-8634406bc38fb9f8,fffc11ee-b376cba7661266dc,0.25170068027210885,0.30833333333333335
dc575a6c-382501ea02c794c3,3a318b43-f9827e66195fbe68,0.25142857142857145,0.27848101265822783
ec558d69-d301b312aca2c9fd,279e274a-27357e18512fc9ac,0.25136612021857924,0.26136363636363635
16e6d8bb-907dd6e2f702b4fd,baa8e497-5909172f6507dd97,0.2513089005235602,0.27906976744186046
dc575a6c-382501ea02c794c3,2ef4c176-8634406bc38fb9f8,0.25125628140703515,0.31645569620253167
c9a316ca-855308932be2a506,dd5fd2a2-6b67e26a717a50a4,0.25125628140703515,0.25773195876288657
9069684f-fab714a1fbf680fb,dd5fd2a2-6b67e26a717a50a4,0.25125628140703515,0.25773195876288657
dd5fd2a2-6b67e26a717a50a4,7f42483d-f881f5273436f320,0.25116279069767444,0.2647058823529412
ec558d69-d301b312aca2c9fd,dba80ad4-58af20fff7e32454,0.25116279069767444,0.3068181818181818
424c930b-a926a2da8f1474f6,90b71536-07dac993d8c28e54,0.2510822510822511,0.2871287128712871
424c930b-a926a2da8f1474f6,6db218a2-ed2d2f57e3ca9626,0.2510822510822511,0.2871287128712871
24afd00e-dcafb2b34d7db798,2ef4c176-8634406bc38fb9f8,0.2510822510822511,0.26126126126126126
2ef4c176-8634406bc38fb9f8,34aa6a45-e746ead946dc2b04,0.25,0.2833333333333333
0f3a2acf-8994ebc03e7ccbc7,2bbc6c80-5ffd69e567be7881,0.25,0.26436781609195403
8ad1ad84-3745d4160ea24786,8535bdf7-5ad3f9861d512fa2,0.25,0.28125
5af25bd7-bab814ae1e80f49c,8535bdf7-5ad3f9861d512fa2,0.25,0.3125
0f3a2acf-8994ebc03e7ccbc7,4e58558c-2a15aa5b998784b7,0.25,0.26436781609195403
c9a316ca-855308932be2a506,529d9642-f22fa9fcd4ec6440,0.24888888888888888,0.28865979381443296
cbbbed5f-f147d5fd38e8783a,73f57af1-542c8d7e43524e64,0.2488479262672811,0.26732673267326734
8ad1ad84-3745d4160ea24786,4303de0d-fc0409b0b5eca587,0.24875621890547264,0.2604166666666667
77ec956f-adf46fc113a7897c,baa8e497-5909172f6507dd97,0.24864864864864866,0.2875
ac8ef97c-adf46fc113a7897c,baa8e497-5909172f6507dd97,0.24864864864864866,0.2875
2ef4c176-8634406bc38fb9f8,90b71536-07dac993d8c28e54,0.248,0.25833333333333336
2ef4c176-8634406bc38fb9f8,6db218a2-ed2d2f57e3ca9626,0.248,0.25833333333333336
316c9955-0c349008c1b95e0d,6f037b1d-8f16613d9650d51e,0.24786324786324787,0.31868131868131866
baa8e497-5909172f6507dd97,7f42483d-f881f5273436f320,0.24770642201834864,0.2571428571428571
279e274a-27357e18512fc9ac,a5f41b95-7fcfc0d1118af833,0.24761904761904763,0.2736842105263158
810fd282-016bd38b5df9af4b,73f57af1-542c8d7e43524e64,0.24752475247524752,0.29069767441860467
9069684f-fab714a1fbf680fb,c9a316ca-855308932be2a506,0.24742268041237114,0.24742268041237114
316c9955-0c349008c1b95e0d,48801d9e-0ef7156f0a6d8ca6,0.24742268041237114,0.26373626373626374
dc575a6c-382501ea02c794c3,5a81e159-df7109b1581700ac,0.24731182795698925,0.2911392405063291
dc575a6c-382501ea02c794c3,5a81e159-490a903ff60a1435,0.24731182795698925,0.2911392405063291
929b98f0-eef96ee8fcc05c36,90b71536-07dac993d8c28e54,0.24691358024691357,0.26548672566371684
929b98f0-eef96ee8fcc05c36,6db218a2-ed2d2f57e3ca9626,0.24691358024691357,0.26548672566371684
4499e3b9-a33dff95453263b5,2ef4c176-8634406bc38fb9f8,0.24669603524229075,0.2616822429906542
3ff60986-273cd67b97fa65cc,34aa6a45-e746ead946dc2b04,0.24669603524229075,0.37333333333333335
d0b4b96c-273cd67b97fa65cc,34aa6a45-e746ead946dc2b04,0.24669603524229075,0.37333333333333335
bf85ab7b-776e89c835bd1a8d,fffc11ee-b376cba7661266dc,0.2465753424657534,0.3050847457627119
baa8e497-5909172f6507dd97,e7370eec-848c92214e3175af,0.24644549763033174,0.24761904761904763
3a318b43-f9827e66195fbe68,a5f41b95-7fcfc0d1118af833,0.24644549763033174,0.2708333333333333
ec558d69-d301b312aca2c9fd,d82fa7e3-0d7b96efb8ce09a1,0.24598930481283424,0.26136363636363635
ec558d69-d301b312aca2c9fd,d82fa7e3-d7f803eced03719a,0.24598930481283424,0.26136363636363635
24afd00e-dcafb2b34d7db798,fffc11ee-b376cba7661266dc,0.24561403508771928,0.3153153153153153
9a20c823-548521dc0db7c15e,e86eb5b0-83f3a459a27119cb,0.24561403508771928,0.28
cbbbed5f-f147d5fd38e8783a,dba80ad4-58af20fff7e32454,0.24561403508771928,0.27722772277227725
d82fa7e3-0d7b96efb8ce09a1,7f42483d-f881f5273436f320,0.24528301886792453,0.26262626262626265
d82fa7e3-d7f803eced03719a,7f42483d-f881f5273436f320,0.24528301886792453,0.26262626262626265
d2eb953e-1dc0ecab263b1cd0,6f037b1d-8f16613d9650d51e,0.24472573839662448,0.30851063829787234
bd584714-99efcf48edfe6050,2ef4c176-8634406bc38fb9f8,0.24472573839662448,0.24786324786324787
16e6d8bb-907dd6e2f702b4fd,dd5fd2a2-6b67e26a717a50a4,0.24468085106382978,0.26744186046511625
c73cd266-da8e3b2fb99cbc79,34aa6a45-e746ead946dc2b04,0.2445414847161572,0.36363636363636365
929b98f0-eef96ee8fcc05c36,73f57af1-542c8d7e43524e64,0.2445414847161572,0.24778761061946902
23cb8587-2dcbb1e9dbcfe699,8535bdf7-5ad3f9861d512fa2,0.24434389140271492,0.26732673267326734
baa8e497-5909172f6507dd97,54e71b9b-1468635088c1312e,0.24427480916030533,0.3047619047619048
ec558d69-d301b312aca2c9fd,6255ee79-5051915c357e6310,0.24413145539906103,0.29545454545454547
24afd00e-dcafb2b34d7db798,ef1117e3-ca2c6b3480217536,0.24372759856630824,0.3063063063063063
03b3c5af-05d068a6e6577b94,dba80ad4-58af20fff7e32454,0.24369747899159663,0.26126126126126126
ec558d69-d301b312aca2c9fd,cbbbed5f-f147d5fd38e8783a,0.24338624338624337,0.26136363636363635
9a20c823-548521dc0db7c15e,74f4382e-1393d2963ee49eb2,0.24299065420560748,0.3466666666666667
5af25bd7-bab814ae1e80f49c,fd16f5b0-a397cd613100646d,0.24277456647398843,0.2625
ec558d69-d301b312aca2c9fd,bf85ab7b-776e89c835bd1a8d,0.24271844660194175,0.2840909090909091
a5f41b95-7fcfc0d1118af833,d74028ea-a37f7f5e87cf7106,0.24267782426778242,0.25217391304347825
5289e80a-d80cd7a6c1c8423b,7f42483d-f881f5273436f320,0.24242424242424243,0.2823529411764706
c73cd266-da8e3b2fb99cbc79,ec558d69-d301b312aca2c9fd,0.24242424242424243,0.2597402597402597
9069684f-fab714a1fbf680fb,23cb8587-2dcbb1e9dbcfe699,0.24242424242424243,0.24742268041237114
3ff60986-273cd67b97fa65cc,a5f41b95-7fcfc0d1118af833,0.24210526315789474,0.30666666666666664
d0b4b96c-273cd67b97fa65cc,a5f41b95-7fcfc0d1118af833,0.24210526315789474,0.30666666666666664
9a20c823-548521dc0db7c15e,4499e3b9-a33dff95453263b5,0.24175824175824176,0.29333333333333333
a5f41b95-7fcfc0d1118af833,6255ee79-5051915c357e6310,0.24166666666666667,0.25217391304347825
ec558d69-d301b312aca2c9fd,2c865582-25c489e25b42f740,0.24154589371980675,0.2840909090909091
cc9230d3-5843ddff2820285f,6255ee79-5051915c357e6310,0.24154589371980675,0.3048780487804878
c9a316ca-855308932be2a506,ef1117e3-ca2c6b3480217536,0.24150943396226415,0.32989690721649484
866a2d52-ad8604feffbc28ba,34aa6a45-e746ead946dc2b04,0.2413793103448276,0.35
e48933fa-ffcded69f4414f6e,54e71b9b-1468635088c1312e,0.2413793103448276,0.37333333333333335
4303de0d-fc0409b0b5eca587,34aa6a45-e746ead946dc2b04,0.24124513618677043,0.29523809523809524
dba80ad4-58af20fff7e32454,90b71536-07dac993d8c28e54,0.24124513618677043,0.2440944881889764
dba80ad4-58af20fff7e32454,6db218a2-ed2d2f57e3ca9626,0.24124513618677043,0.2440944881889764
2af19170-d04a6de0846f9744,74f4382e-1393d2963ee49eb2,0.24124513618677043,0.2627118644067797
e86eb5b0-83f3a459a27119cb,48801d9e-0ef7156f0a6d8ca6,0.24120603015075376,0.25
4499e3b9-a33dff95453263b5,bd584714-99efcf48edfe6050,0.24107142857142858,0.2523364485981308
8ad1ad84-3745d4160ea24786,2ef4c176-8634406bc38fb9f8,0.24074074074074073,0.2708333333333333
316c9955-0c349008c1b95e0d,6255ee79-5051915c357e6310,0.24074074074074073,0.2857142857142857
5af25bd7-bab814ae1e80f49c,48801d9e-0ef7156f0a6d8ca6,0.24043715846994534,0.275
853acff9-6357da1fbbcc9fa1,90b71536-07dac993d8c28e54,0.2403846153846154,0.32051282051282054
853acff9-6357da1fbbcc9fa1,6db218a2-ed2d2f57e3ca9626,0.2403846153846154,0.32051282051282054
4303de0d-fc0409b0b5eca587,529d9642-f22fa9fcd4ec6440,0.24034334763948498,0.26666666666666666
e7370eec-848c92214e3175af,34aa6a45-e746ead946dc2b04,0.24031007751937986,0.29245283018867924
fd16f5b0-a397cd613100646d,4499e3b9-a33dff95453263b5,0.24,0.25806451612903225
6f037b1d-8f16613d9650d51e,fffc11ee-b376cba7661266dc,0.23974763406940064,0.26573426573426573
48801d9e-0ef7156f0a6d8ca6,74f4382e-1393d2963ee49eb2,0.2396694214876033,0.2815533980582524
3a318b43-f9827e66195fbe68,7f42483d-f881f5273436f320,0.23923444976076555,0.2604166666666667
d2eb953e-1dc0ecab263b1cd0,a5f41b95-7fcfc0d1118af833,0.23923444976076555,0.26595744680851063
e7370eec-848c92214e3175af,2ef4c176-8634406bc38fb9f8,0.23893805309734514,0.25471698113207547
dcf09f37-ec2fc1564d9d4f56,fffc11ee-b376cba7661266dc,0.23880597014925373,0.3404255319148936
d2eb953e-1dc0ecab263b1cd0,5a81e159-df7109b1581700ac,0.23880597014925373,0.2553191489361702
d2eb953e-1dc0ecab263b1cd0,5a81e159-490a903ff60a1435,0.23880597014925373,0.2553191489361702
e86eb5b0-83f3a459a27119cb,baa8e497-5909172f6507dd97,0.23880597014925373,0.25
ec558d69-d301b312aca2c9fd,f652c678-58f2857bc1709754,0.23863636363636365,0.23863636363636365
8ad1ad84-3745d4160ea24786,74f4382e-1393d2963ee49eb2,0.23829787234042554,0.2916666666666667
3a318b43-f9827e66195fbe68,74f4382e-1393d2963ee49eb2,0.23829787234042554,0.2916666666666667
03b3c5af-05d068a6e6577b94,73f57af1-542c8d7e43524e64,0.23788546255506607,0.24324324324324326
23cb8587-2dcbb1e9dbcfe699,6f037b1d-8f16613d9650d51e,0.23770491803278687,0.2871287128712871
e7370eec-848c92214e3175af,7f42483d-f881f5273436f320,0.2374429223744292,0.24528301886792453
d2eb953e-1dc0ecab263b1cd0,6255ee79-5051915c357e6310,0.2374429223744292,0.2765957446808511
d82fa7e3-0d7b96efb8ce09a1,2ef4c176-8634406bc38fb9f8,0.2374429223744292,0.26262626262626265
d82fa7e3-d7f803eced03719a,2ef4c176-8634406bc38fb9f8,0.2374429223744292,0.26262626262626265
e48933fa-ffcded69f4414f6e,fa1bf524-c4cfc95a5d2ad353,0.23728813559322035,0.28
2bbc6c80-5ffd69e567be7881,74f4382e-1393d2963ee49eb2,0.23728813559322035,0.28865979381443296
4e58558c-2a15aa5b998784b7,74f4382e-1393d2963ee49eb2,0.23728813559322035,0.28865979381443296
9069684f-fab714a1fbf680fb,74f4382e-1393d2963ee49eb2,0.23728813559322035,0.28865979381443296
316c9955-0c349008c1b95e0d,2ef4c176-8634406bc38fb9f8,0.23696682464454977,0.27472527472527475
48801d9e-0ef7156f0a6d8ca6,6255ee79-5051915c357e6310,0.23684210526315788,0.2621359223300971
77ec956f-adf46fc113a7897c,e7370eec-848c92214e3175af,0.23655913978494625,0.275
5289e80a-d80cd7a6c1c8423b,23cb8587-2dcbb1e9dbcfe699,0.23655913978494625,0.25882352941176473
ac8ef97c-adf46fc113a7897c,e7370eec-848c92214e3175af,0.23655913978494625,0.275
9a20c823-548521dc0db7c15e,529d9642-f22fa9fcd4ec6440,0.23645320197044334,0.32
cbbbed5f-f147d5fd38e8783a,dd5fd2a2-6b67e26a717a50a4,0.23645320197044334,0.2376237623762376
e48933fa-ffcded69f4414f6e,8535bdf7-5ad3f9861d512fa2,0.2358974358974359,0.30666666666666664
5af25bd7-bab814ae1e80f49c,a5f41b95-7fcfc0d1118af833,0.2358974358974359,0.2875
cc9230d3-5843ddff2820285f,90b71536-07dac993d8c28e54,0.2358490566037736,0.3048780487804878
cc9230d3-5843ddff2820285f,6db218a2-ed2d2f57e3ca9626,0.2358490566037736,0.3048780487804878
cbbbed5f-f147d5fd38e8783a,03b3c5af-05d068a6e6577b94,0.2358490566037736,0.24752475247524752
dd5fd2a2-6b67e26a717a50a4,fa1bf524-c4cfc95a5d2ad353,0.23529411764705882,0.23529411764705882
e7370eec-848c92214e3175af,4499e3b9-a33dff95453263b5,0.2347417840375587,0.2358490566037736
5af25bd7-bab814ae1e80f49c,73f57af1-542c8d7e43524e64,0.23469387755102042,0.2875
dcf09f37-ec2fc1564d9d4f56,dd5fd2a2-6b67e26a717a50a4,0.23469387755102042,0.24468085106382978
fa1bf524-c4cfc95a5d2ad353,48801d9e-0ef7156f0a6d8ca6,0.23414634146341465,0.23529411764705882
5af25bd7-bab814ae1e80f49c,ef1117e3-ca2c6b3480217536,0.23387096774193547,0.3625
7f42483d-f881f5273436f320,bf85ab7b-776e89c835bd1a8d,0.23376623376623376,0.23893805309734514
c73cd266-da8e3b2fb99cbc79,8535bdf7-5ad3f9861d512fa2,0.233502538071066,0.2987012987012987
cbbbed5f-f147d5fd38e8783a,74f4382e-1393d2963ee49eb2,0.23333333333333334,0.27722772277227725
45561f1f-d11d10e7250c6b28,74f4382e-1393d2963ee49eb2,0.23333333333333334,0.27722772277227725
baa8e497-5909172f6507dd97,bf85ab7b-776e89c835bd1a8d,0.23318385650224216,0.24761904761904763
d74028ea-a37f7f5e87cf7106,6255ee79-5051915c357e6310,0.23293172690763053,0.23387096774193547
0f3a2acf-8994ebc03e7ccbc7,dd5fd2a2-6b67e26a717a50a4,0.2328042328042328,0.25287356321839083
dba80ad4-58af20fff7e32454,fffc11ee-b376cba7661266dc,0.23255813953488372,0.2755905511811024
9a20c823-548521dc0db7c15e,2bbc6c80-5ffd69e567be7881,0.23255813953488372,0.26666666666666666
9a20c823-548521dc0db7c15e,4e58558c-2a15aa5b998784b7,0.23255813953488372,0.26666666666666666
cbbbed5f-f147d5fd38e8783a,54e71b9b-1468635088c1312e,0.23255813953488372,0.297029702970297
fd16f5b0-a397cd613100646d,4303de0d-fc0409b0b5eca587,0.23232323232323232,0.24731182795698925
c9a316ca-855308932be2a506,dba80ad4-58af20fff7e32454,0.23214285714285715,0.26804123711340205
9069684f-fab714a1fbf680fb,dba80ad4-58af20fff7e32454,0.23214285714285715,0.26804123711340205
5289e80a-d80cd7a6c1c8423b,fffc11ee-b376cba7661266dc,0.23166023166023167,0.35294117647058826
5289e80a-d80cd7a6c1c8423b,ec558d69-d301b312aca2c9fd,0.23121387283236994,0.23529411764705882
77ec956f-adf46fc113a7897c,fd16f5b0-a397cd613100646d,0.23121387283236994,0.25
ac8ef97c-adf46fc113a7897c,fd16f5b0-a397cd613100646d,0.23121387283236994,0.25
dcf09f37-ec2fc1564d9d4f56,baa8e497-5909172f6507dd97,0.23115577889447236,0.24468085106382978
2bbc6c80-5ffd69e567be7881,529d9642-f22fa9fcd4ec6440,0.2311111111111111,0.26804123711340205
4e58558c-2a15aa5b998784b7,529d9642-f22fa9fcd4ec6440,0.2311111111111111,0.26804123711340205
2ef4c176-8634406bc38fb9f8,54e71b9b-1468635088c1312e,0.23104693140794225,0.26666666666666666
48801d9e-0ef7156f0a6d8ca6,baa8e497-5909172f6507dd97,0.23076923076923078,0.23300970873786409
5af25bd7-bab814ae1e80f49c,dd5fd2a2-6b67e26a717a50a4,0.23076923076923078,0.2625
3ff60986-273cd67b97fa65cc,ef1117e3-ca2c6b3480217536,0.23045267489711935,0.37333333333333335
e48933fa-ffcded69f4414f6e,ef1117e3-ca2c6b3480217536,0.23045267489711935,0.37333333333333335
d0b4b96c-273cd67b97fa65cc,ef1117e3-ca2c6b3480217536,0.23045267489711935,0.37333333333333335
fa1bf524-c4cfc95a5d2ad353,a5f41b95-7fcfc0d1118af833,0.2304147465437788,0.24509803921568626
ec558d69-d301b312aca2c9fd,48801d9e-0ef7156f0a6d8ca6,0.23036649214659685,0.25
2bbc6c80-5ffd69e567be7881,48801d9e-0ef7156f0a6d8ca6,0.23,0.23711340206185566
77ec956f-adf46fc113a7897c,8535bdf7-5ad3f9861d512fa2,0.23,0.2875
ac8ef97c-adf46fc113a7897c,8535bdf7-5ad3f9861d512fa2,0.23,0.2875
4e58558c-2a15aa5b998784b7,48801d9e-0ef7156f0a6d8ca6,0.23,0.23711340206185566
4303de0d-fc0409b0b5eca587,7f42483d-f881f5273436f320,0.22935779816513763,0.23809523809523808
dc575a6c-382501ea02c794c3,929b98f0-eef96ee8fcc05c36,0.22916666666666666,0.27848101265822783
316c9955-0c349008c1b95e0d,2c865582-25c489e25b42f740,0.22857142857142856,0.26373626373626374
866a2d52-ad8604feffbc28ba,fffc11ee-b376cba7661266dc,0.2283464566929134,0.3625
d82fa7e3-0d7b96efb8ce09a1,8535bdf7-5ad3f9861d512fa2,0.228310502283105,0.25252525252525254
d82fa7e3-d7f803eced03719a,8535bdf7-5ad3f9861d512fa2,0.228310502283105,0.25252525252525254
279e274a-27357e18512fc9ac,ef1117e3-ca2c6b3480217536,0.22813688212927757,0.3157894736842105
3a318b43-f9827e66195fbe68,2bbc6c80-5ffd69e567be7881,0.22797927461139897,0.22916666666666666
8ad1ad84-3745d4160ea24786,c9a316ca-855308932be2a506,0.22797927461139897,0.22916666666666666
3a318b43-f9827e66195fbe68,4e58558c-2a15aa5b998784b7,0.22797927461139897,0.22916666666666666
5289e80a-d80cd7a6c1c8423b,34aa6a45-e746ead946dc2b04,0.22784810126582278,0.3176470588235294
2af19170-d04a6de0846f9744,2c865582-25c489e25b42f740,0.22784810126582278,0.2288135593220339
bf85ab7b-776e89c835bd1a8d,529d9642-f22fa9fcd4ec6440,0.22764227642276422,0.23728813559322035
0f3a2acf-8994ebc03e7ccbc7,ef1117e3-ca2c6b3480217536,0.22745098039215686,0.3333333333333333
fa1bf524-c4cfc95a5d2ad353,bf85ab7b-776e89c835bd1a8d,0.22727272727272727,0.24509803921568626
34aa6a45-e746ead946dc2b04,fffc11ee-b376cba7661266dc,0.22699386503067484,0.24342105263157895
2bbc6c80-5ffd69e567be7881,c9a316ca-855308932be2a506,0.2268041237113402,0.2268041237113402
4e58558c-2a15aa5b998784b7,c9a316ca-855308932be2a506,0.2268041237113402,0.2268041237113402
2ef4c176-8634406bc38fb9f8,dba80ad4-58af20fff7e32454,0.22672064777327935,0.23333333333333334
8ad1ad84-3745d4160ea24786,4499e3b9-a33dff95453263b5,0.22660098522167488,0.23958333333333334
e86eb5b0-83f3a459a27119cb,5a81e159-df7109b1581700ac,0.22660098522167488,0.23958333333333334
e86eb5b0-83f3a459a27119cb,5a81e159-490a903ff60a1435,0.22660098522167488,0.23958333333333334
77ec956f-adf46fc113a7897c,a5f41b95-7fcfc0d1118af833,0.22564102564102564,0.275
ac8ef97c-adf46fc113a7897c,a5f41b95-7fcfc0d1118af833,0.22564102564102564,0.275
2bbc6c80-5ffd69e567be7881,5a81e159-df7109b1581700ac,0.22549019607843138,0.23711340206185566
4e58558c-2a15aa5b998784b7,5a81e159-df7109b1581700ac,0.22549019607843138,0.23711340206185566
2bbc6c80-5ffd69e567be7881,5a81e159-490a903ff60a1435,0.22549019607843138,0.23711340206185566
4e58558c-2a15aa5b998784b7,5a81e159-490a903ff60a1435,0.22549019607843138,0.23711340206185566
4499e3b9-a33dff95453263b5,ef1117e3-ca2c6b3480217536,0.22545454545454546,0.2897196261682243
d2eb953e-1dc0ecab263b1cd0,2c865582-25c489e25b42f740,0.22535211267605634,0.2553191489361702
6255ee79-5051915c357e6310,ef1117e3-ca2c6b3480217536,0.22525597269624573,0.264
23cb8587-2dcbb1e9dbcfe699,90b71536-07dac993d8c28e54,0.22510822510822512,0.25742574257425743
ec558d69-d301b312aca2c9fd,6f037b1d-8f16613d9650d51e,0.22510822510822512,0.29545454545454547
23cb8587-2dcbb1e9dbcfe699,6db218a2-ed2d2f57e3ca9626,0.22510822510822512,0.25742574257425743
3ff60986-273cd67b97fa65cc,fffc11ee-b376cba7661266dc,0.2248995983935743,0.37333333333333335
d0b4b96c-273cd67b97fa65cc,fffc11ee-b376cba7661266dc,0.2248995983935743,0.37333333333333335
2bbc6c80-5ffd69e567be7881,34aa6a45-e746ead946dc2b04,0.2248995983935743,0.28865979381443296
4e58558c-2a15aa5b998784b7,34aa6a45-e746ead946dc2b04,0.2248995983935743,0.28865979381443296
48801d9e-0ef7156f0a6d8ca6,24afd00e-dcafb2b34d7db798,0.22429906542056074,0.23300970873786409
4303de0d-fc0409b0b5eca587,bf85ab7b-776e89c835bd1a8d,0.2242152466367713,0.23809523809523808
4499e3b9-a33dff95453263b5,6255ee79-5051915c357e6310,0.22413793103448276,0.24299065420560748
4499e3b9-a33dff95453263b5,6f037b1d-8f16613d9650d51e,0.224,0.2616822429906542
16e6d8bb-907dd6e2f702b4fd,24afd00e-dcafb2b34d7db798,0.2233502538071066,0.2558139534883721
5289e80a-d80cd7a6c1c8423b,90b71536-07dac993d8c28e54,0.22325581395348837,0.2823529411764706
5289e80a-d80cd7a6c1c8423b,6db218a2-ed2d2f57e3ca9626,0.22325581395348837,0.2823529411764706
529d9642-f22fa9fcd4ec6440,ef1117e3-ca2c6b3480217536,0.22297297297297297,0.2578125
3a318b43-f9827e66195fbe68,fa1bf524-c4cfc95a5d2ad353,0.2222222222222222,0.22916666666666666
853acff9-6357da1fbbcc9fa1,8535bdf7-5ad3f9861d512fa2,0.2222222222222222,0.28205128205128205
853acff9-6357da1fbbcc9fa1,2ef4c176-8634406bc38fb9f8,0.2222222222222222,0.28205128205128205
2bbc6c80-5ffd69e567be7881,2c865582-25c489e25b42f740,0.2222222222222222,0.24742268041237114
2bbc6c80-5ffd69e567be7881,45561f1f-d11d10e7250c6b28,0.2222222222222222,0.2268041237113402
03b3c5af-05d068a6e6577b94,ef1117e3-ca2c6b3480217536,0.2222222222222222,0.27927927927927926
4e58558c-2a15aa5b998784b7,2c865582-25c489e25b42f740,0.2222222222222222,0.24742268041237114
9069684f-fab714a1fbf680fb,2c865582-25c489e25b42f740,0.2222222222222222,0.24742268041237114
dc575a6c-382501ea02c794c3,2c865582-25c489e25b42f740,0.2222222222222222,0.27848101265822783
4e58558c-2a15aa5b998784b7,45561f1f-d11d10e7250c6b28,0.2222222222222222,0.2268041237113402
279e274a-27357e18512fc9ac,74f4382e-1393d2963ee49eb2,0.2222222222222222,0.2736842105263158
cbbbed5f-f147d5fd38e8783a,5a81e159-df7109b1581700ac,0.22115384615384615,0.22772277227722773
cbbbed5f-f147d5fd38e8783a,5a81e159-490a903ff60a1435,0.22115384615384615,0.22772277227722773
dcf09f37-ec2fc1564d9d4f56,4303de0d-fc0409b0b5eca587,0.22110552763819097,0.23404255319148937
dcf09f37-ec2fc1564d9d4f56,3a318b43-f9827e66195fbe68,0.22105263157894736,0.22340425531914893
e48933fa-ffcded69f4414f6e,ec558d69-d301b312aca2c9fd,0.22085889570552147,0.24
16e6d8bb-907dd6e2f702b4fd,ef1117e3-ca2c6b3480217536,0.2204724409448819,0.32558139534883723
48801d9e-0ef7156f0a6d8ca6,e7370eec-848c92214e3175af,0.22009569377990432,0.22330097087378642
5af25bd7-bab814ae1e80f49c,2ef4c176-8634406bc38fb9f8,0.22,0.275
5a81e159-df7109b1581700ac,74f4382e-1393d2963ee49eb2,0.21951219512195122,0.2523364485981308
5a81e159-490a903ff60a1435,74f4382e-1393d2963ee49eb2,0.21951219512195122,0.2523364485981308
5af25bd7-bab814ae1e80f49c,74f4382e-1393d2963ee49eb2,0.2191780821917808,0.3
810fd282-016bd38b5df9af4b,d74028ea-a37f7f5e87cf7106,0.21904761904761905,0.26744186046511625
16e6d8bb-907dd6e2f702b4fd,2bbc6c80-5ffd69e567be7881,0.2185792349726776,0.23255813953488372
16e6d8bb-907dd6e2f702b4fd,4e58558c-2a15aa5b998784b7,0.2185792349726776,0.23255813953488372
cc9230d3-5843ddff2820285f,dd5fd2a2-6b67e26a717a50a4,0.21739130434782608,0.24390243902439024
48801d9e-0ef7156f0a6d8ca6,dba80ad4-58af20fff7e32454,0.21739130434782608,0.24271844660194175
c9a316ca-855308932be2a506,a5f41b95-7fcfc0d1118af833,0.2169811320754717,0.23711340206185566
e48933fa-ffcded69f4414f6e,fffc11ee-b376cba7661266dc,0.21686746987951808,0.36
ec558d69-d301b312aca2c9fd,34aa6a45-e746ead946dc2b04,0.21666666666666667,0.29545454545454547
ec558d69-d301b312aca2c9fd,e7370eec-848c92214e3175af,0.21649484536082475,0.23863636363636365
e7370eec-848c92214e3175af,6255ee79-5051915c357e6310,0.21645021645021645,0.2358490566037736
853acff9-6357da1fbbcc9fa1,4499e3b9-a33dff95453263b5,0.21621621621621623,0.2564102564102564
ec558d69-d301b312aca2c9fd,9069684f-fab714a1fbf680fb,0.21621621621621623,0.22727272727272727
dd5fd2a2-6b67e26a717a50a4,54e71b9b-1468635088c1312e,0.21621621621621623,0.27450980392156865
51019113-a310eab1573fba02,dba80ad4-58af20fff7e32454,0.215962441314554,0.26744186046511625
c73cd266-da8e3b2fb99cbc79,fffc11ee-b376cba7661266dc,0.2151394422310757,0.35064935064935066
e48933fa-ffcded69f4414f6e,74f4382e-1393d2963ee49eb2,0.21495327102803738,0.30666666666666664
bf85ab7b-776e89c835bd1a8d,34aa6a45-e746ead946dc2b04,0.21481481481481482,0.2457627118644068
dba80ad4-58af20fff7e32454,6f037b1d-8f16613d9650d51e,0.21481481481481482,0.2283464566929134
77ec956f-adf46fc113a7897c,2bbc6c80-5ffd69e567be7881,0.21468926553672316,0.2375
ac8ef97c-adf46fc113a7897c,2bbc6c80-5ffd69e567be7881,0.21468926553672316,0.2375
77ec956f-adf46fc113a7897c,4e58558c-2a15aa5b998784b7,0.21468926553672316,0.2375
77ec956f-adf46fc113a7897c,9069684f-fab714a1fbf680fb,0.21468926553672316,0.2375
ac8ef97c-adf46fc113a7897c,4e58558c-2a15aa5b998784b7,0.21468926553672316,0.2375
ac8ef97c-adf46fc113a7897c,9069684f-fab714a1fbf680fb,0.21468926553672316,0.2375
5289e80a-d80cd7a6c1c8423b,2ef4c176-8634406bc38fb9f8,0.2146341463414634,0.25882352941176473
baa8e497-5909172f6507dd97,529d9642-f22fa9fcd4ec6440,0.2145922746781116,0.23809523809523808
7f42483d-f881f5273436f320,74f4382e-1393d2963ee49eb2,0.21428571428571427,0.23893805309734514
4303de0d-fc0409b0b5eca587,2c865582-25c489e25b42f740,0.21428571428571427,0.22857142857142856
48801d9e-0ef7156f0a6d8ca6,ef1117e3-ca2c6b3480217536,0.2140221402214022,0.2815533980582524
fa1bf524-c4cfc95a5d2ad353,7f42483d-f881f5273436f320,0.21395348837209302,0.22549019607843138
2bbc6c80-5ffd69e567be7881,bf85ab7b-776e89c835bd1a8d,0.21395348837209302,0.23711340206185566
8ad1ad84-3745d4160ea24786,2c865582-25c489e25b42f740,0.21395348837209302,0.23958333333333334
4e58558c-2a15aa5b998784b7,bf85ab7b-776e89c835bd1a8d,0.21395348837209302,0.23711340206185566
853acff9-6357da1fbbcc9fa1,2c865582-25c489e25b42f740,0.2131979695431472,0.2692307692307692
ec558d69-d301b312aca2c9fd,529d9642-f22fa9fcd4ec6440,0.21296296296296297,0.26136363636363635
45561f1f-d11d10e7250c6b28,a5f41b95-7fcfc0d1118af833,0.21296296296296297,0.22772277227722773
3ff60986-273cd67b97fa65cc,7f42483d-f881f5273436f320,0.2127659574468085,0.26666666666666666
d0b4b96c-273cd67b97fa65cc,7f42483d-f881f5273436f320,0.2127659574468085,0.26666666666666666
fa1bf524-c4cfc95a5d2ad353,4303de0d-fc0409b0b5eca587,0.21256038647342995,0.21568627450980393
d2eb953e-1dc0ecab263b1cd0,929b98f0-eef96ee8fcc05c36,0.21256038647342995,0.23404255319148937
dd5fd2a2-6b67e26a717a50a4,6f037b1d-8f16613d9650d51e,0.21224489795918366,0.2549019607843137
4499e3b9-a33dff95453263b5,54e71b9b-1468635088c1312e,0.21212121212121213,0.2616822429906542
2bbc6c80-5ffd69e567be7881,8535bdf7-5ad3f9861d512fa2,0.2119815668202765,0.23711340206185566
4e58558c-2a15aa5b998784b7,8535bdf7-5ad3f9861d512fa2,0.2119815668202765,0.23711340206185566
9069684f-fab714a1fbf680fb,8535bdf7-5ad3f9861d512fa2,0.2119815668202765,0.23711340206185566
73f57af1-542c8d7e43524e64,90b71536-07dac993d8c28e54,0.21138211382113822,0.22413793103448276
73f57af1-542c8d7e43524e64,6db218a2-ed2d2f57e3ca9626,0.21138211382113822,0.22413793103448276
77ec956f-adf46fc113a7897c,2c865582-25c489e25b42f740,0.21105527638190955,0.2625
ac8ef97c-adf46fc113a7897c,2c865582-25c489e25b42f740,0.21105527638190955,0.2625
74f4382e-1393d2963ee49eb2,fffc11ee-b376cba7661266dc,0.2108626198083067,0.23741007194244604
90b71536-07dac993d8c28e54,fffc11ee-b376cba7661266dc,0.21052631578947367,0.24615384615384617
6db218a2-ed2d2f57e3ca9626,fffc11ee-b376cba7661266dc,0.21052631578947367,0.24615384615384617
77ec956f-adf46fc113a7897c,2ef4c176-8634406bc38fb9f8,0.21,0.2625
ac8ef97c-adf46fc113a7897c,2ef4c176-8634406bc38fb9f8,0.21,0.2625
dc575a6c-382501ea02c794c3,dd5fd2a2-6b67e26a717a50a4,0.20994475138121546,0.24050632911392406
316c9955-0c349008c1b95e0d,8535bdf7-5ad3f9861d512fa2,0.20853080568720378,0.24175824175824176
4303de0d-fc0409b0b5eca587,e7370eec-848c92214e3175af,0.20853080568720378,0.20952380952380953
2bbc6c80-5ffd69e567be7881,baa8e497-5909172f6507dd97,0.2079207920792079,0.21649484536082475
4e58558c-2a15aa5b998784b7,baa8e497-5909172f6507dd97,0.2079207920792079,0.21649484536082475
3ff60986-273cd67b97fa65cc,dba80ad4-58af20fff7e32454,0.2079207920792079,0.28
d0b4b96c-273cd67b97fa65cc,dba80ad4-58af20fff7e32454,0.2079207920792079,0.28
24afd00e-dcafb2b34d7db798,8535bdf7-5ad3f9861d512fa2,0.2077922077922078,0.21621621621621623
fa1bf524-c4cfc95a5d2ad353,74f4382e-1393d2963ee49eb2,0.2074688796680498,0.24509803921568626
810fd282-016bd38b5df9af4b,5a81e159-df7109b1581700ac,0.20725388601036268,0.23255813953488372
810fd282-016bd38b5df9af4b,5a81e159-490a903ff60a1435,0.20725388601036268,0.23255813953488372
810fd282-016bd38b5df9af4b,bd584714-99efcf48edfe6050,0.20689655172413793,0.2441860465116279
c9a316ca-855308932be2a506,fffc11ee-b376cba7661266dc,0.2066420664206642,0.28865979381443296
bd584714-99efcf48edfe6050,6255ee79-5051915c357e6310,0.2066115702479339,0.21367521367521367
bf85ab7b-776e89c835bd1a8d,d74028ea-a37f7f5e87cf7106,0.2066115702479339,0.211864406779661
a5f41b95-7fcfc0d1118af833,2af19170-d04a6de0846f9744,0.20600858369098712,0.20869565217391303
4499e3b9-a33dff95453263b5,5a81e159-df7109b1581700ac,0.205607476635514,0.205607476635514
4499e3b9-a33dff95453263b5,5a81e159-490a903ff60a1435,0.205607476635514,0.205607476635514
23cb8587-2dcbb1e9dbcfe699,929b98f0-eef96ee8fcc05c36,0.205607476635514,0.21782178217821782
dcf09f37-ec2fc1564d9d4f56,8535bdf7-5ad3f9861d512fa2,0.205607476635514,0.23404255319148937
853acff9-6357da1fbbcc9fa1,dba80ad4-58af20fff7e32454,0.2048780487804878,0.2692307692307692
5af25bd7-bab814ae1e80f49c,6255ee79-5051915c357e6310,0.2048780487804878,0.2625
16e6d8bb-907dd6e2f702b4fd,90b71536-07dac993d8c28e54,0.2037037037037037,0.2558139534883721
baa8e497-5909172f6507dd97,24afd00e-dcafb2b34d7db798,0.2037037037037037,0.20952380952380953
16e6d8bb-907dd6e2f702b4fd,6db218a2-ed2d2f57e3ca9626,0.2037037037037037,0.2558139534883721
fa1bf524-c4cfc95a5d2ad353,d74028ea-a37f7f5e87cf7106,0.20353982300884957,0.22549019607843138
77ec956f-adf46fc113a7897c,c9a316ca-855308932be2a506,0.2033898305084746,0.225
ac8ef97c-adf46fc113a7897c,c9a316ca-855308932be2a506,0.2033898305084746,0.225
dd5fd2a2-6b67e26a717a50a4,6255ee79-5051915c357e6310,0.2026431718061674,0.22549019607843138
929b98f0-eef96ee8fcc05c36,fffc11ee-b376cba7661266dc,0.20209059233449478,0.25663716814159293
48801d9e-0ef7156f0a6d8ca6,4303de0d-fc0409b0b5eca587,0.20192307692307693,0.20388349514563106
929b98f0-eef96ee8fcc05c36,a5f41b95-7fcfc0d1118af833,0.20175438596491227,0.20353982300884957
3a318b43-f9827e66195fbe68,34aa6a45-e746ead946dc2b04,0.20161290322580644,0.2604166666666667
16e6d8bb-907dd6e2f702b4fd,7f42483d-f881f5273436f320,0.20100502512562815,0.23255813953488372
77ec956f-adf46fc113a7897c,74f4382e-1393d2963ee49eb2,0.2009132420091324,0.275
ac8ef97c-adf46fc113a7897c,74f4382e-1393d2963ee49eb2,0.2009132420091324,0.275
cbbbed5f-f147d5fd38e8783a,529d9642-f22fa9fcd4ec6440,0.20087336244541484,0.22772277227722773
6255ee79-5051915c357e6310,fffc11ee-b376cba7661266dc,0.20066889632107024,0.24
2bbc6c80-5ffd69e567be7881,7f42483d-f881f5273436f320,0.2,0.21649484536082475
4e58558c-2a15aa5b998784b7,7f42483d-f881f5273436f320,0.2,0.21649484536082475
d2eb953e-1dc0ecab263b1cd0,3a318b43-f9827e66195fbe68,0.2,0.20212765957446807
03b3c5af-05d068a6e6577b94,74f4382e-1393d2963ee49eb2,0.2,0.22522522522522523
3a318b43-f9827e66195fbe68,d74028ea-a37f7f5e87cf7106,0.2,0.22916666666666666
fa1bf524-c4cfc95a5d2ad353,2c865582-25c489e25b42f740,0.19909502262443438,0.21568627450980393
cc9230d3-5843ddff2820285f,74f4382e-1393d2963ee49eb2,0.19909502262443438,0.2682926829268293
e7370eec-848c92214e3175af,a5f41b95-7fcfc0d1118af833,0.19909502262443438,0.20754716981132076
5af25bd7-bab814ae1e80f49c,24afd00e-dcafb2b34d7db798,0.19895287958115182,0.2375
74f4382e-1393d2963ee49eb2,6f037b1d-8f16613d9650d51e,0.19858156028368795,0.2014388489208633
77ec956f-adf46fc113a7897c,34aa6a45-e746ead946dc2b04,0.19827586206896552,0.2875
ac8ef97c-adf46fc113a7897c,34aa6a45-e746ead946dc2b04,0.19827586206896552,0.2875
fa1bf524-c4cfc95a5d2ad353,90b71536-07dac993d8c28e54,0.19827586206896552,0.22549019607843138
fa1bf524-c4cfc95a5d2ad353,6db218a2-ed2d2f57e3ca9626,0.19827586206896552,0.22549019607843138
4303de0d-fc0409b0b5eca587,ef1117e3-ca2c6b3480217536,0.1978021978021978,0.2571428571428571
e86eb5b0-83f3a459a27119cb,dba80ad4-58af20fff7e32454,0.19730941704035873,0.22916666666666666
316c9955-0c349008c1b95e0d,fa1bf524-c4cfc95a5d2ad353,0.19689119170984457,0.2087912087912088
baa8e497-5909172f6507dd97,74f4382e-1393d2963ee49eb2,0.19672131147540983,0.22857142857142856
bd584714-99efcf48edfe6050,dba80ad4-58af20fff7e32454,0.19672131147540983,0.20512820512820512
5289e80a-d80cd7a6c1c8423b,74f4382e-1393d2963ee49eb2,0.19642857142857142,0.25882352941176473
ec558d69-d301b312aca2c9fd,8ad1ad84-3745d4160ea24786,0.1956521739130435,0.20454545454545456
51019113-a310eab1573fba02,74f4382e-1393d2963ee49eb2,0.19555555555555557,0.2558139534883721
9069684f-fab714a1fbf680fb,529d9642-f22fa9fcd4ec6440,0.19555555555555557,0.2268041237113402
16e6d8bb-907dd6e2f702b4fd,74f4382e-1393d2963ee49eb2,0.19555555555555557,0.2558139534883721
77ec956f-adf46fc113a7897c,dcf09f37-ec2fc1564d9d4f56,0.19540229885057472,0.2125
ac8ef97c-adf46fc113a7897c,dcf09f37-ec2fc1564d9d4f56,0.19540229885057472,0.2125
dd5fd2a2-6b67e26a717a50a4,48801d9e-0ef7156f0a6d8ca6,0.1951219512195122,0.19607843137254902
c9a316ca-855308932be2a506,74f4382e-1393d2963ee49eb2,0.19491525423728814,0.23711340206185566
0f3a2acf-8994ebc03e7ccbc7,74f4382e-1393d2963ee49eb2,0.19469026548672566,0.25287356321839083
5af25bd7-bab814ae1e80f49c,baa8e497-5909172f6507dd97,0.1945945945945946,0.225
4499e3b9-a33dff95453263b5,90b71536-07dac993d8c28e54,0.1940928270042194,0.21495327102803738
4499e3b9-a33dff95453263b5,6db218a2-ed2d2f57e3ca9626,0.1940928270042194,0.21495327102803738
5af25bd7-bab814ae1e80f49c,54e71b9b-1468635088c1312e,0.1940928270042194,0.2875
a5f41b95-7fcfc0d1118af833,6f037b1d-8f16613d9650d51e,0.1937984496124031,0.21739130434782608
279e274a-27357e18512fc9ac,fffc11ee-b376cba7661266dc,0.19330855018587362,0.2736842105263158
1a31f5cb-4ef4f09fb9624c11,fffc11ee-b376cba7661266dc,0.1927710843373494,0.32
5af25bd7-bab814ae1e80f49c,529d9642-f22fa9fcd4ec6440,0.19230769230769232,0.25
9a20c823-548521dc0db7c15e,dd5fd2a2-6b67e26a717a50a4,0.192090395480226,0.22666666666666666
1a31f5cb-4ef4f09fb9624c11,dd5fd2a2-6b67e26a717a50a4,0.192090395480226,0.22666666666666666
2bbc6c80-5ffd69e567be7881,6f037b1d-8f16613d9650d51e,0.19166666666666668,0.23711340206185566
4e58558c-2a15aa5b998784b7,6f037b1d-8f16613d9650d51e,0.19166666666666668,0.23711340206185566
0f3a2acf-8994ebc03e7ccbc7,23cb8587-2dcbb1e9dbcfe699,0.19148936170212766,0.20689655172413793
fd16f5b0-a397cd613100646d,dba80ad4-58af20fff7e32454,0.19090909090909092,0.22580645161290322
4303de0d-fc0409b0b5eca587,a5f41b95-7fcfc0d1118af833,0.19090909090909092,0.2
dba80ad4-58af20fff7e32454,54e71b9b-1468635088c1312e,0.19014084507042253,0.2125984251968504
a5f41b95-7fcfc0d1118af833,529d9642-f22fa9fcd4ec6440,0.18930041152263374,0.2
2bbc6c80-5ffd69e567be7881,6255ee79-5051915c357e6310,0.1891891891891892,0.21649484536082475
4e58558c-2a15aa5b998784b7,6255ee79-5051915c357e6310,0.1891891891891892,0.21649484536082475
810fd282-016bd38b5df9af4b,dcf09f37-ec2fc1564d9d4f56,0.18888888888888888,0.19767441860465115
ec558d69-d301b312aca2c9fd,fd16f5b0-a397cd613100646d,0.1878453038674033,0.19318181818181818
77ec956f-adf46fc113a7897c,23cb8587-2dcbb1e9dbcfe699,0.1878453038674033,0.2125
ac8ef97c-adf46fc113a7897c,23cb8587-2dcbb1e9dbcfe699,0.1878453038674033,0.2125
48801d9e-0ef7156f0a6d8ca6,fffc11ee-b376cba7661266dc,0.18772563176895307,0.2524271844660194
77ec956f-adf46fc113a7897c,316c9955-0c349008c1b95e0d,0.1871345029239766,0.2
ac8ef97c-adf46fc113a7897c,316c9955-0c349008c1b95e0d,0.1871345029239766,0.2
810fd282-016bd38b5df9af4b,74f4382e-1393d2963ee49eb2,0.18666666666666668,0.2441860465116279
c73cd266-da8e3b2fb99cbc79,dba80ad4-58af20fff7e32454,0.18627450980392157,0.24675324675324675
5af25bd7-bab814ae1e80f49c,d74028ea-a37f7f5e87cf7106,0.18627450980392157,0.2375
23cb8587-2dcbb1e9dbcfe699,6255ee79-5051915c357e6310,0.18584070796460178,0.2079207920792079
810fd282-016bd38b5df9af4b,2bbc6c80-5ffd69e567be7881,0.18579234972677597,0.19767441860465115
810fd282-016bd38b5df9af4b,4e58558c-2a15aa5b998784b7,0.18579234972677597,0.19767441860465115
77ec956f-adf46fc113a7897c,48801d9e-0ef7156f0a6d8ca6,0.18579234972677597,0.2125
ac8ef97c-adf46fc113a7897c,48801d9e-0ef7156f0a6d8ca6,0.18579234972677597,0.2125
929b98f0-eef96ee8fcc05c36,d74028ea-a37f7f5e87cf7106,0.18565400843881857,0.19469026548672566
5a81e159-df7109b1581700ac,90b71536-07dac993d8c28e54,0.18565400843881857,0.205607476635514
5a81e159-df7109b1581700ac,6db218a2-ed2d2f57e3ca9626,0.18565400843881857,0.205607476635514
5a81e159-490a903ff60a1435,90b71536-07dac993d8c28e54,0.18565400843881857,0.205607476635514
5a81e159-490a903ff60a1435,6db218a2-ed2d2f57e3ca9626,0.18565400843881857,0.205607476635514
16e6d8bb-907dd6e2f702b4fd,2c865582-25c489e25b42f740,0.18536585365853658,0.22093023255813954
866a2d52-ad8604feffbc28ba,a5f41b95-7fcfc0d1118af833,0.18461538461538463,0.225
dd5fd2a2-6b67e26a717a50a4,baa8e497-5909172f6507dd97,0.18357487922705315,0.18627450980392157
77ec956f-adf46fc113a7897c,bd584714-99efcf48edfe6050,0.18274111675126903,0.225
ac8ef97c-adf46fc113a7897c,bd584714-99efcf48edfe6050,0.18274111675126903,0.225
3a318b43-f9827e66195fbe68,dd5fd2a2-6b67e26a717a50a4,0.18181818181818182,0.1875
cc9230d3-5843ddff2820285f,dba80ad4-58af20fff7e32454,0.18181818181818182,0.23170731707317074
7f42483d-f881f5273436f320,2c865582-25c489e25b42f740,0.1810344827586207,0.18584070796460178
6255ee79-5051915c357e6310,90b71536-07dac993d8c28e54,0.1803921568627451,0.184
6255ee79-5051915c357e6310,6db218a2-ed2d2f57e3ca9626,0.1803921568627451,0.184
e86eb5b0-83f3a459a27119cb,a5f41b95-7fcfc0d1118af833,0.18009478672985782,0.19791666666666666
a5f41b95-7fcfc0d1118af833,90b71536-07dac993d8c28e54,0.17959183673469387,0.19130434782608696
a5f41b95-7fcfc0d1118af833,6db218a2-ed2d2f57e3ca9626,0.17959183673469387,0.19130434782608696
4499e3b9-a33dff95453263b5,73f57af1-542c8d7e43524e64,0.17937219730941703,0.18691588785046728
4303de0d-fc0409b0b5eca587,4499e3b9-a33dff95453263b5,0.1792452830188679,0.18095238095238095
cbbbed5f-f147d5fd38e8783a,24afd00e-dcafb2b34d7db798,0.1792452830188679,0.18811881188118812
4499e3b9-a33dff95453263b5,34aa6a45-e746ead946dc2b04,0.1776061776061776,0.21495327102803738
2c865582-25c489e25b42f740,fffc11ee-b376cba7661266dc,0.17747440273037543,0.2184873949579832
baa8e497-5909172f6507dd97,6f037b1d-8f16613d9650d51e,0.1774193548387097,0.20952380952380953
77ec956f-adf46fc113a7897c,ef1117e3-ca2c6b3480217536,0.1774193548387097,0.275
ac8ef97c-adf46fc113a7897c,ef1117e3-ca2c6b3480217536,0.1774193548387097,0.275
9a20c823-548521dc0db7c15e,fffc11ee-b376cba7661266dc,0.17670682730923695,0.29333333333333333
16e6d8bb-907dd6e2f702b4fd,5a81e159-df7109b1581700ac,0.17616580310880828,0.19767441860465115
16e6d8bb-907dd6e2f702b4fd,5a81e159-490a903ff60a1435,0.17616580310880828,0.19767441860465115
7f42483d-f881f5273436f320,a5f41b95-7fcfc0d1118af833,0.17543859649122806,0.17699115044247787
316c9955-0c349008c1b95e0d,dba80ad4-58af20fff7e32454,0.1743119266055046,0.2087912087912088
2c865582-25c489e25b42f740,ef1117e3-ca2c6b3480217536,0.17421602787456447,0.21008403361344538
c73cd266-da8e3b2fb99cbc79,90b71536-07dac993d8c28e54,0.17391304347826086,0.23376623376623376
c73cd266-da8e3b2fb99cbc79,6db218a2-ed2d2f57e3ca9626,0.17391304347826086,0.23376623376623376
6255ee79-5051915c357e6310,529d9642-f22fa9fcd4ec6440,0.17391304347826086,0.176
77ec956f-adf46fc113a7897c,73f57af1-542c8d7e43524e64,0.17346938775510204,0.2125
ac8ef97c-adf46fc113a7897c,73f57af1-542c8d7e43524e64,0.17346938775510204,0.2125
c9a316ca-855308932be2a506,cbbbed5f-f147d5fd38e8783a,0.1717171717171717,0.17525773195876287
fa1bf524-c4cfc95a5d2ad353,2ef4c176-8634406bc38fb9f8,0.17117117117117117,0.18627450980392157
810fd282-016bd38b5df9af4b,dd5fd2a2-6b67e26a717a50a4,0.1702127659574468,0.18604651162790697
3ff60986-273cd67b97fa65cc,dd5fd2a2-6b67e26a717a50a4,0.1694915254237288,0.2
d0b4b96c-273cd67b97fa65cc,dd5fd2a2-6b67e26a717a50a4,0.1694915254237288,0.2
51019113-a310eab1573fba02,a5f41b95-7fcfc0d1118af833,0.1691542288557214,0.19767441860465115
ec558d69-d301b312aca2c9fd,dd5fd2a2-6b67e26a717a50a4,0.16842105263157894,0.18181818181818182
9069684f-fab714a1fbf680fb,baa8e497-5909172f6507dd97,0.16831683168316833,0.17525773195876287
90b71536-07dac993d8c28e54,ef1117e3-ca2c6b3480217536,0.16778523489932887,0.19230769230769232
6db218a2-ed2d2f57e3ca9626,ef1117e3-ca2c6b3480217536,0.16778523489932887,0.19230769230769232
77ec956f-adf46fc113a7897c,24afd00e-dcafb2b34d7db798,0.16753926701570682,0.2
ac8ef97c-adf46fc113a7897c,24afd00e-dcafb2b34d7db798,0.16753926701570682,0.2
7f42483d-f881f5273436f320,dba80ad4-58af20fff7e32454,0.16666666666666666,0.17699115044247787
929b98f0-eef96ee8fcc05c36,74f4382e-1393d2963ee49eb2,0.16666666666666666,0.18584070796460178
77ec956f-adf46fc113a7897c,d74028ea-a37f7f5e87cf7106,0.16666666666666666,0.2125
ac8ef97c-adf46fc113a7897c,d74028ea-a37f7f5e87cf7106,0.16666666666666666,0.2125
77ec956f-adf46fc113a7897c,7f42483d-f881f5273436f320,0.16580310880829016,0.2
ac8ef97c-adf46fc113a7897c,7f42483d-f881f5273436f320,0.16580310880829016,0.2
dd5fd2a2-6b67e26a717a50a4,90b71536-07dac993d8c28e54,0.16379310344827586,0.18627450980392157
dd5fd2a2-6b67e26a717a50a4,6db218a2-ed2d2f57e3ca9626,0.16379310344827586,0.18627450980392157
4499e3b9-a33dff95453263b5,7f42483d-f881f5273436f320,0.16363636363636364,0.16822429906542055
dd5fd2a2-6b67e26a717a50a4,bf85ab7b-776e89c835bd1a8d,0.16363636363636364,0.17647058823529413
8ad1ad84-3745d4160ea24786,6255ee79-5051915c357e6310,0.16289592760180996,0.1875
8535bdf7-5ad3f9861d512fa2,74f4382e-1393d2963ee49eb2,0.16216216216216217,0.175
866a2d52-ad8604feffbc28ba,90b71536-07dac993d8c28e54,0.1619047619047619,0.2125
866a2d52-ad8604feffbc28ba,6db218a2-ed2d2f57e3ca9626,0.1619047619047619,0.2125
90b71536-07dac993d8c28e54,6f037b1d-8f16613d9650d51e,0.16117216117216118,0.16923076923076924
6db218a2-ed2d2f57e3ca9626,6f037b1d-8f16613d9650d51e,0.16117216117216118,0.16923076923076924
5af25bd7-bab814ae1e80f49c,2c865582-25c489e25b42f740,0.16080402010050251,0.2
74b5ad88-6fbfa2c19908891e,4499e3b9-a33dff95453263b5,0.1595744680851064,0.18518518518518517
16e6d8bb-907dd6e2f702b4fd,a5f41b95-7fcfc0d1118af833,0.15920398009950248,0.18604651162790697
fa1bf524-c4cfc95a5d2ad353,6255ee79-5051915c357e6310,0.15859030837004406,0.17647058823529413
e86eb5b0-83f3a459a27119cb,2ef4c176-8634406bc38fb9f8,0.1574074074074074,0.17708333333333334
853acff9-6357da1fbbcc9fa1,929b98f0-eef96ee8fcc05c36,0.15706806282722513,0.19230769230769232
77ec956f-adf46fc113a7897c,6255ee79-5051915c357e6310,0.15609756097560976,0.2
ac8ef97c-adf46fc113a7897c,6255ee79-5051915c357e6310,0.15609756097560976,0.2
dc575a6c-382501ea02c794c3,dba80ad4-58af20fff7e32454,0.1553398058252427,0.20253164556962025
529d9642-f22fa9fcd4ec6440,6f037b1d-8f16613d9650d51e,0.15498154981549817,0.1640625
fa1bf524-c4cfc95a5d2ad353,baa8e497-5909172f6507dd97,0.15458937198067632,0.1568627450980392
3a318b43-f9827e66195fbe68,24afd00e-dcafb2b34d7db798,0.15458937198067632,0.16666666666666666
baa8e497-5909172f6507dd97,ef1117e3-ca2c6b3480217536,0.15384615384615385,0.2
74b5ad88-6fbfa2c19908891e,dba80ad4-58af20fff7e32454,0.15384615384615385,0.19753086419753085
dba80ad4-58af20fff7e32454,34aa6a45-e746ead946dc2b04,0.15053763440860216,0.16535433070866143
810fd282-016bd38b5df9af4b,23cb8587-2dcbb1e9dbcfe699,0.1497326203208556,0.16279069767441862
d2eb953e-1dc0ecab263b1cd0,4499e3b9-a33dff95453263b5,0.14925373134328357,0.1595744680851064
dcf09f37-ec2fc1564d9d4f56,4499e3b9-a33dff95453263b5,0.14925373134328357,0.1595744680851064
0f3a2acf-8994ebc03e7ccbc7,a5f41b95-7fcfc0d1118af833,0.1485148514851485,0.1724137931034483
4303de0d-fc0409b0b5eca587,74f4382e-1393d2963ee49eb2,0.14754098360655737,0.17142857142857143
9069684f-fab714a1fbf680fb,2ef4c176-8634406bc38fb9f8,0.14746543778801843,0.16494845360824742
9a20c823-548521dc0db7c15e,ec558d69-d301b312aca2c9fd,0.147239263803681,0.16
4499e3b9-a33dff95453263b5,d74028ea-a37f7f5e87cf7106,0.1471861471861472,0.1588785046728972
2bbc6c80-5ffd69e567be7881,4499e3b9-a33dff95453263b5,0.14705882352941177,0.15463917525773196
4e58558c-2a15aa5b998784b7,4499e3b9-a33dff95453263b5,0.14705882352941177,0.15463917525773196
5af25bd7-bab814ae1e80f49c,c9a316ca-855308932be2a506,0.14689265536723164,0.1625
ec558d69-d301b312aca2c9fd,bd584714-99efcf48edfe6050,0.14634146341463414,0.17045454545454544
baa8e497-5909172f6507dd97,a5f41b95-7fcfc0d1118af833,0.14545454545454545,0.1523809523809524
dd5fd2a2-6b67e26a717a50a4,4303de0d-fc0409b0b5eca587,0.14492753623188406,0.14705882352941177
dc575a6c-382501ea02c794c3,a5f41b95-7fcfc0d1118af833,0.14432989690721648,0.17721518987341772
e7370eec-848c92214e3175af,90b71536-07dac993d8c28e54,0.1440677966101695,0.16037735849056603
e7370eec-848c92214e3175af,6db218a2-ed2d2f57e3ca9626,0.1440677966101695,0.16037735849056603
ec558d69-d301b312aca2c9fd,5a81e159-df7109b1581700ac,0.14358974358974358,0.1590909090909091
ec558d69-d301b312aca2c9fd,5a81e159-490a903ff60a1435,0.14358974358974358,0.1590909090909091
77ec956f-adf46fc113a7897c,54e71b9b-1468635088c1312e,0.14345991561181434,0.2125
ac8ef97c-adf46fc113a7897c,54e71b9b-1468635088c1312e,0.14345991561181434,0.2125
77ec956f-adf46fc113a7897c,dd5fd2a2-6b67e26a717a50a4,0.14285714285714285,0.1625
ac8ef97c-adf46fc113a7897c,dd5fd2a2-6b67e26a717a50a4,0.14285714285714285,0.1625
e7370eec-848c92214e3175af,8535bdf7-5ad3f9861d512fa2,0.1415929203539823,0.1509433962264151
2bbc6c80-5ffd69e567be7881,a5f41b95-7fcfc0d1118af833,0.14150943396226415,0.15463917525773196
4e58558c-2a15aa5b998784b7,a5f41b95-7fcfc0d1118af833,0.14150943396226415,0.15463917525773196
9069684f-fab714a1fbf680fb,a5f41b95-7fcfc0d1118af833,0.14150943396226415,0.15463917525773196
929b98f0-eef96ee8fcc05c36,529d9642-f22fa9fcd4ec6440,0.14107883817427386,0.1504424778761062
24afd00e-dcafb2b34d7db798,90b71536-07dac993d8c28e54,0.14107883817427386,0.15315315315315314
24afd00e-dcafb2b34d7db798,6db218a2-ed2d2f57e3ca9626,0.14107883817427386,0.15315315315315314
ec558d69-d301b312aca2c9fd,74f4382e-1393d2963ee49eb2,0.14096916299559473,0.18181818181818182
7f42483d-f881f5273436f320,90b71536-07dac993d8c28e54,0.13991769547325103,0.1504424778761062
7f42483d-f881f5273436f320,6db218a2-ed2d2f57e3ca9626,0.13991769547325103,0.1504424778761062
dc575a6c-382501ea02c794c3,4499e3b9-a33dff95453263b5,0.13978494623655913,0.16455696202531644
fa1bf524-c4cfc95a5d2ad353,dba80ad4-58af20fff7e32454,0.13973799126637554,0.1568627450980392
77ec956f-adf46fc113a7897c,5a81e159-df7109b1581700ac,0.13903743315508021,0.1625
ac8ef97c-adf46fc113a7897c,5a81e159-df7109b1581700ac,0.13903743315508021,0.1625
77ec956f-adf46fc113a7897c,5a81e159-490a903ff60a1435,0.13903743315508021,0.1625
ac8ef97c-adf46fc113a7897c,5a81e159-490a903ff60a1435,0.13903743315508021,0.1625
2bbc6c80-5ffd69e567be7881,2ef4c176-8634406bc38fb9f8,0.1382488479262673,0.15463917525773196
4e58558c-2a15aa5b998784b7,2ef4c176-8634406bc38fb9f8,0.1382488479262673,0.15463917525773196
4303de0d-fc0409b0b5eca587,dba80ad4-58af20fff7e32454,0.13793103448275862,0.1523809523809524
e7370eec-848c92214e3175af,dba80ad4-58af20fff7e32454,0.13733905579399142,0.1509433962264151
a5f41b95-7fcfc0d1118af833,fffc11ee-b376cba7661266dc,0.1314878892733564,0.16521739130434782
ec558d69-d301b312aca2c9fd,2bbc6c80-5ffd69e567be7881,0.12972972972972974,0.13636363636363635
ec558d69-d301b312aca2c9fd,4e58558c-2a15aa5b998784b7,0.12972972972972974,0.13636363636363635
4499e3b9-a33dff95453263b5,529d9642-f22fa9fcd4ec6440,0.1276595744680851,0.14018691588785046
ec558d69-d301b312aca2c9fd,73f57af1-542c8d7e43524e64,0.12745098039215685,0.14772727272727273
77ec956f-adf46fc113a7897c,fffc11ee-b376cba7661266dc,0.12598425196850394,0.2
ac8ef97c-adf46fc113a7897c,fffc11ee-b376cba7661266dc,0.12598425196850394,0.2
77ec956f-adf46fc113a7897c,529d9642-f22fa9fcd4ec6440,0.125,0.1625
3a318b43-f9827e66195fbe68,529d9642-f22fa9fcd4ec6440,0.125,0.14583333333333334
ac8ef97c-adf46fc113a7897c,529d9642-f22fa9fcd4ec6440,0.125,0.1625
73f57af1-542c8d7e43524e64,dba80ad4-58af20fff7e32454,0.12345679012345678,0.12931034482758622
4499e3b9-a33dff95453263b5,74f4382e-1393d2963ee49eb2,0.12195121951219512,0.14018691588785046
ec558d69-d301b312aca2c9fd,dcf09f37-ec2fc1564d9d4f56,0.12087912087912088,0.125
c9a316ca-855308932be2a506,fa1bf524-c4cfc95a5d2ad353,0.12060301507537688,0.12371134020618557
d74028ea-a37f7f5e87cf7106,dba80ad4-58af20fff7e32454,0.11952191235059761,0.12096774193548387
a5f41b95-7fcfc0d1118af833,8535bdf7-5ad3f9861d512fa2,0.11914893617021277,0.12173913043478261
4499e3b9-a33dff95453263b5,a5f41b95-7fcfc0d1118af833,0.11711711711711711,0.12149532710280374
ec558d69-d301b312aca2c9fd,d74028ea-a37f7f5e87cf7106,0.11320754716981132,0.13636363636363635
4499e3b9-a33dff95453263b5,24afd00e-dcafb2b34d7db798,0.11009174311926606,0.11214953271028037
316c9955-0c349008c1b95e0d,90b71536-07dac993d8c28e54,0.1085972850678733,0.13186813186813187
316c9955-0c349008c1b95e0d,6db218a2-ed2d2f57e3ca9626,0.1085972850678733,0.13186813186813187
dd5fd2a2-6b67e26a717a50a4,8535bdf7-5ad3f9861d512fa2,0.10810810810810811,0.11764705882352941
23cb8587-2dcbb1e9dbcfe699,4499e3b9-a33dff95453263b5,0.10576923076923077,0.10891089108910891
2bbc6c80-5ffd69e567be7881,90b71536-07dac993d8c28e54,0.10572687224669604,0.12371134020618557
4e58558c-2a15aa5b998784b7,90b71536-07dac993d8c28e54,0.10572687224669604,0.12371134020618557
2bbc6c80-5ffd69e567be7881,6db218a2-ed2d2f57e3ca9626,0.10572687224669604,0.12371134020618557
4e58558c-2a15aa5b998784b7,6db218a2-ed2d2f57e3ca9626,0.10572687224669604,0.12371134020618557
dd5fd2a2-6b67e26a717a50a4,4499e3b9-a33dff95453263b5,0.10526315789473684,0.10784313725490197
cbbbed5f-f147d5fd38e8783a,2c865582-25c489e25b42f740,0.1,0.10891089108910891
dcf09f37-ec2fc1564d9d4f56,dba80ad4-58af20fff7e32454,0.09954751131221719,0.11702127659574468
8ad1ad84-3745d4160ea24786,dba80ad4-58af20fff7e32454,0.09865470852017937,0.11458333333333333
dba80ad4-58af20fff7e32454,ef1117e3-ca2c6b3480217536,0.09491525423728814,0.11023622047244094
2c865582-25c489e25b42f740,529d9642-f22fa9fcd4ec6440,0.08906882591093117,0.09243697478991597
810fd282-016bd38b5df9af4b,ef1117e3-ca2c6b3480217536,0.08661417322834646,0.12790697674418605
ec558d69-d301b312aca2c9fd,ef1117e3-ca2c6b3480217536,0.0859375,0.125
ec558d69-d301b312aca2c9fd,23cb8587-2dcbb1e9dbcfe699,0.08465608465608465,0.09090909090909091
90b71536-07dac993d8c28e54,74f4382e-1393d2963ee49eb2,0.08178438661710037,0.08461538461538462
6db218a2-ed2d2f57e3ca9626,74f4382e-1393d2963ee49eb2,0.08178438661710037,0.08461538461538462
8535bdf7-5ad3f9861d512fa2,ef1117e3-ca2c6b3480217536,0.0763888888888889,0.09166666666666666
6255ee79-5051915c357e6310,74f4382e-1393d2963ee49eb2,0.07575757575757576,0.08
dba80ad4-58af20fff7e32454,74f4382e-1393d2963ee49eb2,0.07518796992481203,0.07874015748031496
dd5fd2a2-6b67e26a717a50a4,dba80ad4-58af20fff7e32454,0.0611353711790393,0.06862745098039216
810fd282-016bd38b5df9af4b,a5f41b95-7fcfc0d1118af833,0.05970149253731343,0.06976744186046512
ec558d69-d301b312aca2c9fd,a5f41b95-7fcfc0d1118af833,0.059113300492610835,0.06818181818181818
2bbc6c80-5ffd69e567be7881,929b98f0-eef96ee8fcc05c36,0.05714285714285714,0.061855670103092786
4e58558c-2a15aa5b998784b7,929b98f0-eef96ee8fcc05c36,0.05714285714285714,0.061855670103092786
dd5fd2a2-6b67e26a717a50a4,929b98f0-eef96ee8fcc05c36,0.05581395348837209,0.058823529411764705
cbbbed5f-f147d5fd38e8783a,a5f41b95-7fcfc0d1118af833,0.05555555555555555,0.0594059405940594
4499e3b9-a33dff95453263b5,fffc11ee-b376cba7661266dc,0.0498220640569395,0.06542056074766354
dba80ad4-58af20fff7e32454,529d9642-f22fa9fcd4ec6440,0.047058823529411764,0.047244094488188976
d2eb953e-1dc0ecab263b1cd0,dba80ad4-58af20fff7e32454,0.04524886877828054,0.05319148936170213
2bbc6c80-5ffd69e567be7881,dba80ad4-58af20fff7e32454,0.044642857142857144,0.05154639175257732
4e58558c-2a15aa5b998784b7,dba80ad4-58af20fff7e32454,0.044642857142857144,0.05154639175257732
24afd00e-dcafb2b34d7db798,dba80ad4-58af20fff7e32454,0.0,0.0
dd5fd2a2-6b67e26a717a50a4,2c865582-25c489e25b42f740,0.0,0.0
23cb8587-2dcbb1e9dbcfe699,dba80ad4-58af20fff7e32454,0.0,0.0
